# This file uses centimeters as units for non-parametric coordinates.

mtllib item_icebomb.mtl
g default
v 0.468516 0.093148 0.212065
v 0.498516 0.093148 0.212065
v 0.468516 0.123148 0.212065
v 0.498516 0.123148 0.212065
v 0.468516 0.123148 0.182065
v 0.498516 0.123148 0.182065
v 0.468516 0.093148 0.182065
v 0.498516 0.093148 0.182065
vt 0.375000 0.000000
vt 0.625000 0.000000
vt 0.375000 0.250000
vt 0.625000 0.250000
vt 0.375000 0.500000
vt 0.625000 0.500000
vt 0.375000 0.750000
vt 0.625000 0.750000
vt 0.375000 1.000000
vt 0.625000 1.000000
vt 0.875000 0.000000
vt 0.875000 0.250000
vt 0.125000 0.000000
vt 0.125000 0.250000
vn 0.000000 0.000000 1.000000
vn 0.000000 0.000000 1.000000
vn 0.000000 0.000000 1.000000
vn 0.000000 0.000000 1.000000
vn 0.000000 1.000000 0.000000
vn 0.000000 1.000000 0.000000
vn 0.000000 1.000000 0.000000
vn 0.000000 1.000000 0.000000
vn 0.000000 0.000000 -1.000000
vn 0.000000 0.000000 -1.000000
vn 0.000000 0.000000 -1.000000
vn 0.000000 0.000000 -1.000000
vn 0.000000 -1.000000 0.000000
vn 0.000000 -1.000000 0.000000
vn 0.000000 -1.000000 0.000000
vn 0.000000 -1.000000 0.000000
vn 1.000000 0.000000 0.000000
vn 1.000000 0.000000 0.000000
vn 1.000000 0.000000 0.000000
vn 1.000000 0.000000 0.000000
vn -1.000000 0.000000 0.000000
vn -1.000000 0.000000 0.000000
vn -1.000000 0.000000 0.000000
vn -1.000000 0.000000 0.000000
s 1
g pCube13 group1
usemtl lambert2SG
f 1/1/1 2/2/2 3/3/3
f 3/3/3 2/2/2 4/4/4
s 2
f 3/3/5 4/4/6 5/5/7
f 5/5/7 4/4/6 6/6/8
s 3
f 5/5/9 6/6/10 7/7/11
f 7/7/11 6/6/10 8/8/12
s 4
f 7/7/13 8/8/14 1/9/15
f 1/9/15 8/8/14 2/10/16
s 5
f 2/2/17 8/11/18 4/4/19
f 4/4/19 8/11/18 6/12/20
s 6
f 7/13/21 1/1/22 5/14/23
f 5/14/23 1/1/22 3/3/24
g default
v 0.196851 -0.007386 0.528396
v 0.219846 -0.008414 0.509156
v 0.190016 0.020188 0.518754
v 0.213011 0.019160 0.499514
v 0.172001 0.008414 0.497854
v 0.194996 0.007386 0.478613
v 0.178836 -0.019160 0.507496
v 0.201831 -0.020188 0.488255
vt 0.375000 0.000000
vt 0.625000 0.000000
vt 0.375000 0.250000
vt 0.625000 0.250000
vt 0.375000 0.500000
vt 0.625000 0.500000
vt 0.375000 0.750000
vt 0.625000 0.750000
vt 0.375000 1.000000
vt 0.625000 1.000000
vt 0.875000 0.000000
vt 0.875000 0.250000
vt 0.125000 0.000000
vt 0.125000 0.250000
vn 0.600500 0.392461 0.696688
vn 0.600500 0.392461 0.696688
vn 0.600500 0.392461 0.696688
vn 0.600500 0.392461 0.696688
vn -0.227825 0.919130 -0.321398
vn -0.227825 0.919130 -0.321398
vn -0.227825 0.919130 -0.321398
vn -0.227825 0.919130 -0.321398
vn -0.600500 -0.392461 -0.696688
vn -0.600500 -0.392461 -0.696688
vn -0.600500 -0.392461 -0.696688
vn -0.600500 -0.392461 -0.696688
vn 0.227825 -0.919130 0.321398
vn 0.227825 -0.919130 0.321398
vn 0.227825 -0.919130 0.321398
vn 0.227825 -0.919130 0.321398
vn 0.766482 -0.034276 -0.641350
vn 0.766482 -0.034276 -0.641350
vn 0.766482 -0.034276 -0.641350
vn 0.766482 -0.034276 -0.641350
vn -0.766482 0.034276 0.641350
vn -0.766482 0.034276 0.641350
vn -0.766482 0.034276 0.641350
vn -0.766482 0.034276 0.641350
s 1
g group1 pCube11
usemtl lambert2SG
f 9/15/25 10/16/26 11/17/27
f 11/17/27 10/16/26 12/18/28
s 2
f 11/17/29 12/18/30 13/19/31
f 13/19/31 12/18/30 14/20/32
s 3
f 13/19/33 14/20/34 15/21/35
f 15/21/35 14/20/34 16/22/36
s 4
f 15/21/37 16/22/38 9/23/39
f 9/23/39 16/22/38 10/24/40
s 5
f 10/16/41 16/25/42 12/18/43
f 12/18/43 16/25/42 14/26/44
s 6
f 15/27/45 9/15/46 13/28/47
f 13/28/47 9/15/46 11/17/48
g default
v -0.476063 0.454988 0.076212
v -0.446063 0.454988 0.076212
v -0.476063 0.484988 0.076212
v -0.446063 0.484988 0.076212
v -0.476063 0.484988 0.046212
v -0.446063 0.484988 0.046212
v -0.476063 0.454988 0.046212
v -0.446063 0.454988 0.046212
vt 0.375000 0.000000
vt 0.625000 0.000000
vt 0.375000 0.250000
vt 0.625000 0.250000
vt 0.375000 0.500000
vt 0.625000 0.500000
vt 0.375000 0.750000
vt 0.625000 0.750000
vt 0.375000 1.000000
vt 0.625000 1.000000
vt 0.875000 0.000000
vt 0.875000 0.250000
vt 0.125000 0.000000
vt 0.125000 0.250000
vn 0.000000 0.000000 1.000000
vn 0.000000 0.000000 1.000000
vn 0.000000 0.000000 1.000000
vn 0.000000 0.000000 1.000000
vn 0.000000 1.000000 0.000000
vn 0.000000 1.000000 0.000000
vn 0.000000 1.000000 0.000000
vn 0.000000 1.000000 0.000000
vn 0.000000 0.000000 -1.000000
vn 0.000000 0.000000 -1.000000
vn 0.000000 0.000000 -1.000000
vn 0.000000 0.000000 -1.000000
vn 0.000000 -1.000000 0.000000
vn 0.000000 -1.000000 0.000000
vn 0.000000 -1.000000 0.000000
vn 0.000000 -1.000000 0.000000
vn 1.000000 0.000000 0.000000
vn 1.000000 0.000000 0.000000
vn 1.000000 0.000000 0.000000
vn 1.000000 0.000000 0.000000
vn -1.000000 0.000000 0.000000
vn -1.000000 0.000000 0.000000
vn -1.000000 0.000000 0.000000
vn -1.000000 0.000000 0.000000
s 1
g group1 pCube12
usemtl lambert2SG
f 17/29/49 18/30/50 19/31/51
f 19/31/51 18/30/50 20/32/52
s 2
f 19/31/53 20/32/54 21/33/55
f 21/33/55 20/32/54 22/34/56
s 3
f 21/33/57 22/34/58 23/35/59
f 23/35/59 22/34/58 24/36/60
s 4
f 23/35/61 24/36/62 17/37/63
f 17/37/63 24/36/62 18/38/64
s 5
f 18/30/65 24/39/66 20/32/67
f 20/32/67 24/39/66 22/40/68
s 6
f 23/41/69 17/29/70 21/42/71
f 21/42/71 17/29/70 19/31/72
g default
v -0.363637 0.373572 0.316222
v -0.336925 0.361678 0.322934
v -0.349980 0.396835 0.303096
v -0.323269 0.384941 0.309807
v -0.349980 0.382092 0.276968
v -0.323269 0.370199 0.283679
v -0.363637 0.358829 0.290095
v -0.336925 0.346935 0.296806
vt 0.375000 0.000000
vt 0.625000 0.000000
vt 0.375000 0.250000
vt 0.625000 0.250000
vt 0.375000 0.500000
vt 0.625000 0.500000
vt 0.375000 0.750000
vt 0.625000 0.750000
vt 0.375000 1.000000
vt 0.625000 1.000000
vt 0.875000 0.000000
vt 0.875000 0.250000
vt 0.125000 0.000000
vt 0.125000 0.250000
vn -0.000000 0.491425 0.870920
vn -0.000000 0.491425 0.870920
vn -0.000000 0.491425 0.870920
vn -0.000000 0.491425 0.870920
vn 0.455220 0.775449 -0.437554
vn 0.455220 0.775449 -0.437554
vn 0.455220 0.775449 -0.437554
vn 0.455220 0.775449 -0.437554
vn 0.000000 -0.491425 -0.870920
vn 0.000000 -0.491425 -0.870920
vn 0.000000 -0.491425 -0.870920
vn 0.000000 -0.491425 -0.870920
vn -0.455220 -0.775449 0.437554
vn -0.455220 -0.775449 0.437554
vn -0.455220 -0.775449 0.437554
vn -0.455220 -0.775449 0.437554
vn 0.890379 -0.396460 0.223706
vn 0.890379 -0.396460 0.223706
vn 0.890379 -0.396460 0.223706
vn 0.890379 -0.396460 0.223706
vn -0.890379 0.396460 -0.223706
vn -0.890379 0.396460 -0.223706
vn -0.890379 0.396460 -0.223706
vn -0.890379 0.396460 -0.223706
s 1
g group1 pCube14
usemtl lambert2SG
f 25/43/73 26/44/74 27/45/75
f 27/45/75 26/44/74 28/46/76
s 2
f 27/45/77 28/46/78 29/47/79
f 29/47/79 28/46/78 30/48/80
s 3
f 29/47/81 30/48/82 31/49/83
f 31/49/83 30/48/82 32/50/84
s 4
f 31/49/85 32/50/86 25/51/87
f 25/51/87 32/50/86 26/52/88
s 5
f 26/44/89 32/53/90 28/46/91
f 28/46/91 32/53/90 30/54/92
s 6
f 31/55/93 25/43/94 29/56/95
f 29/56/95 25/43/94 27/45/96
g default
v -0.128429 0.044003 0.630894
v -0.098429 0.044003 0.630894
v -0.128429 0.093099 0.611945
v -0.098429 0.093099 0.611945
v -0.128429 0.082296 0.583957
v -0.098429 0.082296 0.583957
v -0.128429 0.033200 0.602907
v -0.098429 0.033200 0.602907
vt 0.375000 0.000000
vt 0.625000 0.000000
vt 0.375000 0.250000
vt 0.625000 0.250000
vt 0.375000 0.500000
vt 0.625000 0.500000
vt 0.375000 0.750000
vt 0.625000 0.750000
vt 0.375000 1.000000
vt 0.625000 1.000000
vt 0.875000 0.000000
vt 0.875000 0.250000
vt 0.125000 0.000000
vt 0.125000 0.250000
vn 0.000000 0.360083 0.932920
vn 0.000000 0.360083 0.932920
vn 0.000000 0.360083 0.932920
vn 0.000000 0.360083 0.932920
vn 0.000000 0.932920 -0.360083
vn 0.000000 0.932920 -0.360083
vn 0.000000 0.932920 -0.360083
vn 0.000000 0.932920 -0.360083
vn 0.000000 -0.360083 -0.932920
vn 0.000000 -0.360083 -0.932920
vn 0.000000 -0.360083 -0.932920
vn 0.000000 -0.360083 -0.932920
vn 0.000000 -0.932920 0.360083
vn 0.000000 -0.932920 0.360083
vn 0.000000 -0.932920 0.360083
vn 0.000000 -0.932920 0.360083
vn 1.000000 0.000000 0.000000
vn 1.000000 0.000000 0.000000
vn 1.000000 0.000000 0.000000
vn 1.000000 0.000000 0.000000
vn -1.000000 0.000000 0.000000
vn -1.000000 0.000000 0.000000
vn -1.000000 0.000000 0.000000
vn -1.000000 0.000000 0.000000
s 1
g group1 pCube16
usemtl lambert2SG
f 33/57/97 34/58/98 35/59/99
f 35/59/99 34/58/98 36/60/100
s 2
f 35/59/101 36/60/102 37/61/103
f 37/61/103 36/60/102 38/62/104
s 3
f 37/61/105 38/62/106 39/63/107
f 39/63/107 38/62/106 40/64/108
s 4
f 39/63/109 40/64/110 33/65/111
f 33/65/111 40/64/110 34/66/112
s 5
f 34/58/113 40/67/114 36/60/115
f 36/60/115 40/67/114 38/68/116
s 6
f 39/69/117 33/57/118 37/70/119
f 37/70/119 33/57/118 35/59/120
g default
v -0.514334 0.384172 -0.199729
v -0.484334 0.384172 -0.199729
v -0.514334 0.414172 -0.199729
v -0.484334 0.414172 -0.199729
v -0.514334 0.414172 -0.229729
v -0.484334 0.414172 -0.229729
v -0.514334 0.384172 -0.229729
v -0.484334 0.384172 -0.229729
vt 0.375000 0.000000
vt 0.625000 0.000000
vt 0.375000 0.250000
vt 0.625000 0.250000
vt 0.375000 0.500000
vt 0.625000 0.500000
vt 0.375000 0.750000
vt 0.625000 0.750000
vt 0.375000 1.000000
vt 0.625000 1.000000
vt 0.875000 0.000000
vt 0.875000 0.250000
vt 0.125000 0.000000
vt 0.125000 0.250000
vn 0.000000 0.000000 1.000000
vn 0.000000 0.000000 1.000000
vn 0.000000 0.000000 1.000000
vn 0.000000 0.000000 1.000000
vn 0.000000 1.000000 0.000000
vn 0.000000 1.000000 0.000000
vn 0.000000 1.000000 0.000000
vn 0.000000 1.000000 0.000000
vn 0.000000 0.000000 -1.000000
vn 0.000000 0.000000 -1.000000
vn 0.000000 0.000000 -1.000000
vn 0.000000 0.000000 -1.000000
vn 0.000000 -1.000000 0.000000
vn 0.000000 -1.000000 0.000000
vn 0.000000 -1.000000 0.000000
vn 0.000000 -1.000000 0.000000
vn 1.000000 0.000000 0.000000
vn 1.000000 0.000000 0.000000
vn 1.000000 0.000000 0.000000
vn 1.000000 0.000000 0.000000
vn -1.000000 0.000000 0.000000
vn -1.000000 0.000000 0.000000
vn -1.000000 0.000000 0.000000
vn -1.000000 0.000000 0.000000
s 1
g group1 pCube17
usemtl lambert2SG
f 41/71/121 42/72/122 43/73/123
f 43/73/123 42/72/122 44/74/124
s 2
f 43/73/125 44/74/126 45/75/127
f 45/75/127 44/74/126 46/76/128
s 3
f 45/75/129 46/76/130 47/77/131
f 47/77/131 46/76/130 48/78/132
s 4
f 47/77/133 48/78/134 41/79/135
f 41/79/135 48/78/134 42/80/136
s 5
f 42/72/137 48/81/138 44/74/139
f 44/74/139 48/81/138 46/82/140
s 6
f 47/83/141 41/71/142 45/84/143
f 45/84/143 41/71/142 43/73/144
g default
v 0.039801 -0.098423 0.536693
v 0.069801 -0.098423 0.536693
v 0.039801 -0.068423 0.536693
v 0.069801 -0.068423 0.536693
v 0.039801 -0.068423 0.506693
v 0.069801 -0.068423 0.506693
v 0.039801 -0.098423 0.506693
v 0.069801 -0.098423 0.506693
vt 0.375000 0.000000
vt 0.625000 0.000000
vt 0.375000 0.250000
vt 0.625000 0.250000
vt 0.375000 0.500000
vt 0.625000 0.500000
vt 0.375000 0.750000
vt 0.625000 0.750000
vt 0.375000 1.000000
vt 0.625000 1.000000
vt 0.875000 0.000000
vt 0.875000 0.250000
vt 0.125000 0.000000
vt 0.125000 0.250000
vn 0.000000 0.000000 1.000000
vn 0.000000 0.000000 1.000000
vn 0.000000 0.000000 1.000000
vn 0.000000 0.000000 1.000000
vn 0.000000 1.000000 0.000000
vn 0.000000 1.000000 0.000000
vn 0.000000 1.000000 0.000000
vn 0.000000 1.000000 0.000000
vn 0.000000 0.000000 -1.000000
vn 0.000000 0.000000 -1.000000
vn 0.000000 0.000000 -1.000000
vn 0.000000 0.000000 -1.000000
vn 0.000000 -1.000000 0.000000
vn 0.000000 -1.000000 0.000000
vn 0.000000 -1.000000 0.000000
vn 0.000000 -1.000000 0.000000
vn 1.000000 0.000000 0.000000
vn 1.000000 0.000000 0.000000
vn 1.000000 0.000000 0.000000
vn 1.000000 0.000000 0.000000
vn -1.000000 0.000000 0.000000
vn -1.000000 0.000000 0.000000
vn -1.000000 0.000000 0.000000
vn -1.000000 0.000000 0.000000
s 1
g group1 pCube15
usemtl lambert2SG
f 49/85/145 50/86/146 51/87/147
f 51/87/147 50/86/146 52/88/148
s 2
f 51/87/149 52/88/150 53/89/151
f 53/89/151 52/88/150 54/90/152
s 3
f 53/89/153 54/90/154 55/91/155
f 55/91/155 54/90/154 56/92/156
s 4
f 55/91/157 56/92/158 49/93/159
f 49/93/159 56/92/158 50/94/160
s 5
f 50/86/161 56/95/162 52/88/163
f 52/88/163 56/95/162 54/96/164
s 6
f 55/97/165 49/85/166 53/98/167
f 53/98/167 49/85/166 51/87/168
g default
v -0.101406 0.209220 0.437312
v -0.106193 0.203306 0.430003
v -0.115603 0.198972 0.428005
v -0.125233 0.198246 0.432255
v -0.130577 0.201469 0.440762
v -0.129134 0.207131 0.449547
v -0.121580 0.212584 0.454498
v -0.111450 0.215276 0.453300
v -0.103482 0.213947 0.446513
v -0.092037 0.221969 0.427556
v -0.101033 0.210854 0.413820
v -0.118718 0.202709 0.410066
v -0.136816 0.201345 0.418052
v -0.146859 0.207401 0.434040
v -0.144148 0.218042 0.450550
v -0.129952 0.228290 0.459856
v -0.110912 0.233350 0.457604
v -0.095939 0.230853 0.444848
v -0.087870 0.239739 0.415418
v -0.099990 0.224763 0.396911
v -0.123816 0.213790 0.391854
v -0.148200 0.211952 0.402613
v -0.161731 0.220111 0.424154
v -0.158079 0.234449 0.446398
v -0.138952 0.248256 0.458936
v -0.113300 0.255072 0.455902
v -0.093126 0.251709 0.438715
v -0.089407 0.260387 0.402361
v -0.103190 0.243357 0.381316
v -0.130284 0.230879 0.375565
v -0.158012 0.228789 0.387800
v -0.173399 0.238067 0.412296
v -0.169246 0.254371 0.437591
v -0.147496 0.270072 0.451849
v -0.118325 0.277824 0.448398
v -0.095385 0.273999 0.428854
v -0.096464 0.281423 0.389961
v -0.110247 0.264393 0.368916
v -0.137341 0.251914 0.363165
v -0.165068 0.249825 0.375400
v -0.180456 0.259103 0.399896
v -0.176302 0.275407 0.425191
v -0.154552 0.291108 0.439448
v -0.125382 0.298859 0.435998
v -0.102441 0.295034 0.416454
v -0.108188 0.300309 0.379713
v -0.120309 0.285333 0.361206
v -0.144135 0.274360 0.356149
v -0.168518 0.272522 0.366908
v -0.182050 0.280681 0.388450
v -0.178397 0.295019 0.410693
v -0.159271 0.308826 0.423231
v -0.133619 0.315642 0.420197
v -0.113445 0.312279 0.403011
v -0.123167 0.314767 0.372853
v -0.132163 0.303652 0.359117
v -0.149848 0.295507 0.355363
v -0.167946 0.294144 0.363349
v -0.177989 0.300199 0.379338
v -0.175278 0.310841 0.395847
v -0.161082 0.321089 0.405154
v -0.142042 0.326148 0.402902
v -0.127069 0.323652 0.390145
v -0.139593 0.323054 0.370209
v -0.144380 0.317140 0.362900
v -0.153790 0.312806 0.360903
v -0.163419 0.312081 0.365152
v -0.168763 0.315303 0.373659
v -0.167321 0.320965 0.382444
v -0.159767 0.326418 0.387395
v -0.149636 0.329110 0.386197
v -0.141669 0.327782 0.379410
v -0.114848 0.203031 0.443508
v -0.155485 0.324171 0.372099
vt 0.000000 0.111111
vt 0.111111 0.111111
vt 0.222222 0.111111
vt 0.333333 0.111111
vt 0.444444 0.111111
vt 0.555556 0.111111
vt 0.666667 0.111111
vt 0.777778 0.111111
vt 0.888889 0.111111
vt 1.000000 0.111111
vt 0.000000 0.222222
vt 0.111111 0.222222
vt 0.222222 0.222222
vt 0.333333 0.222222
vt 0.444444 0.222222
vt 0.555556 0.222222
vt 0.666667 0.222222
vt 0.777778 0.222222
vt 0.888889 0.222222
vt 1.000000 0.222222
vt 0.000000 0.333333
vt 0.111111 0.333333
vt 0.222222 0.333333
vt 0.333333 0.333333
vt 0.444444 0.333333
vt 0.555556 0.333333
vt 0.666667 0.333333
vt 0.777778 0.333333
vt 0.888889 0.333333
vt 1.000000 0.333333
vt 0.000000 0.444444
vt 0.111111 0.444444
vt 0.222222 0.444444
vt 0.333333 0.444444
vt 0.444444 0.444444
vt 0.555556 0.444444
vt 0.666667 0.444444
vt 0.777778 0.444444
vt 0.888889 0.444444
vt 1.000000 0.444444
vt 0.000000 0.555556
vt 0.111111 0.555556
vt 0.222222 0.555556
vt 0.333333 0.555556
vt 0.444444 0.555556
vt 0.555556 0.555556
vt 0.666667 0.555556
vt 0.777778 0.555556
vt 0.888889 0.555556
vt 1.000000 0.555556
vt 0.000000 0.666667
vt 0.111111 0.666667
vt 0.222222 0.666667
vt 0.333333 0.666667
vt 0.444444 0.666667
vt 0.555556 0.666667
vt 0.666667 0.666667
vt 0.777778 0.666667
vt 0.888889 0.666667
vt 1.000000 0.666667
vt 0.000000 0.777778
vt 0.111111 0.777778
vt 0.222222 0.777778
vt 0.333333 0.777778
vt 0.444444 0.777778
vt 0.555556 0.777778
vt 0.666667 0.777778
vt 0.777778 0.777778
vt 0.888889 0.777778
vt 1.000000 0.777778
vt 0.000000 0.888889
vt 0.111111 0.888889
vt 0.222222 0.888889
vt 0.333333 0.888889
vt 0.444444 0.888889
vt 0.555556 0.888889
vt 0.666667 0.888889
vt 0.777778 0.888889
vt 0.888889 0.888889
vt 1.000000 0.888889
vt 0.055556 0.000000
vt 0.166667 0.000000
vt 0.277778 0.000000
vt 0.388889 0.000000
vt 0.500000 0.000000
vt 0.611111 0.000000
vt 0.722222 0.000000
vt 0.833333 0.000000
vt 0.944444 0.000000
vt 0.055556 1.000000
vt 0.166667 1.000000
vt 0.277778 1.000000
vt 0.388889 1.000000
vt 0.500000 1.000000
vt 0.611111 1.000000
vt 0.722222 1.000000
vt 0.833333 1.000000
vt 0.944444 1.000000
vn 0.794513 -0.606528 -0.029550
vn 0.794513 -0.606528 -0.029551
vn 0.794513 -0.606528 -0.029550
vn 0.794513 -0.606528 -0.029551
vn 0.448708 -0.856157 -0.256235
vn 0.448708 -0.856157 -0.256235
vn 0.448708 -0.856157 -0.256235
vn 0.448708 -0.856157 -0.256235
vn -0.015065 -0.979397 -0.201380
vn -0.015064 -0.979397 -0.201380
vn -0.015064 -0.979397 -0.201380
vn -0.015064 -0.979397 -0.201380
vn -0.379800 -0.918583 0.109348
vn -0.379800 -0.918583 0.109348
vn -0.379800 -0.918583 0.109348
vn -0.379800 -0.918583 0.109348
vn -0.474834 -0.702171 0.530555
vn -0.474834 -0.702170 0.530556
vn -0.474834 -0.702170 0.530556
vn -0.474834 -0.702170 0.530556
vn -0.255701 -0.431421 0.865155
vn -0.255700 -0.431421 0.865155
vn -0.255700 -0.431421 0.865155
vn -0.255700 -0.431421 0.865155
vn 0.175067 -0.233021 0.956584
vn 0.175067 -0.233021 0.956584
vn 0.175067 -0.233021 0.956584
vn 0.175067 -0.233021 0.956584
vn 0.615907 -0.199804 0.762061
vn 0.615907 -0.199804 0.762061
vn 0.615907 -0.199804 0.762061
vn 0.615906 -0.199804 0.762061
vn 0.860545 -0.347314 0.372607
vn 0.860545 -0.347314 0.372607
vn 0.860545 -0.347314 0.372607
vn 0.860545 -0.347314 0.372607
vn 0.882991 -0.387758 -0.264519
vn 0.882991 -0.387758 -0.264519
vn 0.882991 -0.387758 -0.264519
vn 0.882991 -0.387758 -0.264519
vn 0.442483 -0.705751 -0.553284
vn 0.442483 -0.705751 -0.553285
vn 0.442483 -0.705751 -0.553285
vn 0.442483 -0.705751 -0.553285
vn -0.148299 -0.862743 -0.483407
vn -0.148300 -0.862743 -0.483407
vn -0.148300 -0.862743 -0.483407
vn -0.148300 -0.862743 -0.483407
vn -0.612923 -0.785274 -0.087582
vn -0.612922 -0.785274 -0.087582
vn -0.612922 -0.785274 -0.087582
vn -0.612922 -0.785274 -0.087582
vn -0.733984 -0.509594 0.448979
vn -0.733984 -0.509594 0.448979
vn -0.733984 -0.509594 0.448979
vn -0.733984 -0.509594 0.448979
vn -0.454837 -0.164695 0.875213
vn -0.454837 -0.164695 0.875214
vn -0.454837 -0.164695 0.875214
vn -0.454837 -0.164695 0.875213
vn 0.093901 0.088039 0.991681
vn 0.093901 0.088039 0.991681
vn 0.093901 0.088039 0.991681
vn 0.093901 0.088039 0.991681
vn 0.655471 0.130351 0.743886
vn 0.655471 0.130352 0.743886
vn 0.655471 0.130352 0.743886
vn 0.655471 0.130352 0.743886
vn 0.967107 -0.057555 0.247774
vn 0.967107 -0.057555 0.247774
vn 0.967107 -0.057555 0.247774
vn 0.967107 -0.057555 0.247774
vn 0.885856 -0.199050 -0.419093
vn 0.885856 -0.199050 -0.419093
vn 0.885856 -0.199050 -0.419093
vn 0.885856 -0.199050 -0.419093
vn 0.406634 -0.544990 -0.733236
vn 0.406634 -0.544990 -0.733236
vn 0.406634 -0.544990 -0.733236
vn 0.406634 -0.544990 -0.733236
vn -0.236068 -0.715778 -0.657217
vn -0.236068 -0.715778 -0.657217
vn -0.236068 -0.715778 -0.657217
vn -0.236068 -0.715778 -0.657217
vn -0.741523 -0.631501 -0.226606
vn -0.741523 -0.631501 -0.226606
vn -0.741523 -0.631501 -0.226606
vn -0.741523 -0.631501 -0.226606
vn -0.873223 -0.331593 0.357110
vn -0.873223 -0.331593 0.357110
vn -0.873223 -0.331593 0.357110
vn -0.873223 -0.331593 0.357110
vn -0.569544 0.043616 0.820803
vn -0.569545 0.043616 0.820802
vn -0.569545 0.043616 0.820803
vn -0.569545 0.043616 0.820802
vn 0.027419 0.318561 0.947506
vn 0.027419 0.318561 0.947506
vn 0.027419 0.318561 0.947506
vn 0.027419 0.318561 0.947506
vn 0.638340 0.364593 0.677933
vn 0.638340 0.364593 0.677933
vn 0.638340 0.364593 0.677933
vn 0.638340 0.364593 0.677933
vn 0.977364 0.160172 0.138222
vn 0.977364 0.160172 0.138222
vn 0.977364 0.160172 0.138222
vn 0.977364 0.160172 0.138222
vn 0.846806 -0.029010 -0.531110
vn 0.846806 -0.029010 -0.531110
vn 0.846806 -0.029010 -0.531110
vn 0.846806 -0.029010 -0.531110
vn 0.357058 -0.382549 -0.852154
vn 0.357058 -0.382549 -0.852154
vn 0.357058 -0.382549 -0.852154
vn 0.357058 -0.382549 -0.852154
vn -0.299761 -0.557088 -0.774465
vn -0.299761 -0.557088 -0.774465
vn -0.299761 -0.557088 -0.774465
vn -0.299761 -0.557088 -0.774465
vn -0.816319 -0.470960 -0.334396
vn -0.816319 -0.470960 -0.334396
vn -0.816319 -0.470960 -0.334396
vn -0.816319 -0.470960 -0.334396
vn -0.950912 -0.164464 0.262141
vn -0.950912 -0.164464 0.262141
vn -0.950912 -0.164464 0.262141
vn -0.950912 -0.164464 0.262141
vn -0.640563 0.218986 0.736019
vn -0.640563 0.218986 0.736019
vn -0.640563 0.218986 0.736019
vn -0.640563 0.218986 0.736019
vn -0.030487 0.499970 0.865506
vn -0.030487 0.499970 0.865506
vn -0.030487 0.499970 0.865506
vn -0.030487 0.499970 0.865506
vn 0.593854 0.547013 0.590012
vn 0.593854 0.547013 0.590012
vn 0.593854 0.547013 0.590012
vn 0.593854 0.547013 0.590012
vn 0.940324 0.338102 0.038446
vn 0.940324 0.338102 0.038446
vn 0.940324 0.338102 0.038446
vn 0.940324 0.338102 0.038446
vn 0.771355 0.142277 -0.620297
vn 0.771355 0.142277 -0.620297
vn 0.771355 0.142277 -0.620297
vn 0.771355 0.142277 -0.620297
vn 0.292134 -0.203663 -0.934441
vn 0.292133 -0.203663 -0.934441
vn 0.292134 -0.203663 -0.934441
vn 0.292133 -0.203663 -0.934441
vn -0.350569 -0.374451 -0.858422
vn -0.350569 -0.374451 -0.858422
vn -0.350569 -0.374451 -0.858422
vn -0.350569 -0.374451 -0.858422
vn -0.856024 -0.290174 -0.427811
vn -0.856024 -0.290174 -0.427811
vn -0.856024 -0.290174 -0.427811
vn -0.856024 -0.290175 -0.427811
vn -0.987724 0.009734 0.155905
vn -0.987724 0.009734 0.155905
vn -0.987724 0.009734 0.155905
vn -0.987724 0.009734 0.155905
vn -0.684045 0.384942 0.619598
vn -0.684045 0.384942 0.619598
vn -0.684045 0.384942 0.619598
vn -0.684045 0.384942 0.619598
vn -0.087082 0.659888 0.746301
vn -0.087082 0.659887 0.746301
vn -0.087082 0.659888 0.746301
vn -0.087082 0.659887 0.746301
vn 0.523840 0.705919 0.476729
vn 0.523840 0.705919 0.476729
vn 0.523840 0.705919 0.476729
vn 0.523840 0.705919 0.476729
vn 0.862863 0.501499 -0.062983
vn 0.862863 0.501499 -0.062983
vn 0.862863 0.501499 -0.062983
vn 0.862863 0.501499 -0.062983
vn 0.640345 0.335571 -0.690906
vn 0.640345 0.335571 -0.690906
vn 0.640345 0.335571 -0.690906
vn 0.640345 0.335571 -0.690906
vn 0.199836 0.017577 -0.979672
vn 0.199836 0.017577 -0.979672
vn 0.199836 0.017577 -0.979672
vn 0.199836 0.017577 -0.979672
vn -0.390946 -0.139414 -0.909794
vn -0.390946 -0.139414 -0.909794
vn -0.390946 -0.139414 -0.909794
vn -0.390946 -0.139414 -0.909794
vn -0.855569 -0.061945 -0.513969
vn -0.855569 -0.061945 -0.513969
vn -0.855569 -0.061945 -0.513969
vn -0.855569 -0.061945 -0.513969
vn -0.976630 0.213735 0.022592
vn -0.976630 0.213735 0.022592
vn -0.976630 0.213735 0.022592
vn -0.976630 0.213735 0.022592
vn -0.697484 0.558633 0.448827
vn -0.697484 0.558633 0.448826
vn -0.697484 0.558633 0.448826
vn -0.697484 0.558633 0.448826
vn -0.148745 0.811368 0.565294
vn -0.148745 0.811368 0.565294
vn -0.148745 0.811368 0.565294
vn -0.148745 0.811368 0.565294
vn 0.412824 0.853681 0.317499
vn 0.412824 0.853681 0.317499
vn 0.412824 0.853681 0.317499
vn 0.412824 0.853681 0.317499
vn 0.724460 0.665774 -0.178613
vn 0.724460 0.665774 -0.178613
vn 0.724460 0.665774 -0.178613
vn 0.724460 0.665774 -0.178613
vn 0.401327 0.565560 -0.720471
vn 0.401326 0.565560 -0.720471
vn 0.401326 0.565560 -0.720471
vn 0.401326 0.565560 -0.720471
vn 0.055521 0.315931 -0.947156
vn 0.055521 0.315931 -0.947156
vn 0.055521 0.315931 -0.947156
vn 0.055521 0.315931 -0.947156
vn -0.408251 0.192691 -0.892301
vn -0.408251 0.192690 -0.892301
vn -0.408251 0.192690 -0.892301
vn -0.408251 0.192690 -0.892301
vn -0.772986 0.253505 -0.581573
vn -0.772986 0.253505 -0.581573
vn -0.772986 0.253505 -0.581573
vn -0.772986 0.253505 -0.581573
vn -0.868021 0.469917 -0.160365
vn -0.868021 0.469918 -0.160365
vn -0.868021 0.469918 -0.160365
vn -0.868021 0.469918 -0.160365
vn -0.648887 0.740667 0.174234
vn -0.648887 0.740667 0.174234
vn -0.648887 0.740667 0.174234
vn -0.648887 0.740667 0.174234
vn -0.218120 0.939067 0.265663
vn -0.218120 0.939067 0.265663
vn -0.218120 0.939067 0.265663
vn -0.218120 0.939067 0.265663
vn 0.222720 0.972283 0.071140
vn 0.222720 0.972283 0.071140
vn 0.222720 0.972283 0.071140
vn 0.222720 0.972283 0.071140
vn 0.467358 0.824774 -0.318314
vn 0.467358 0.824774 -0.318314
vn 0.467358 0.824774 -0.318314
vn 0.467358 0.824774 -0.318314
vn 0.512276 -0.800155 0.311970
vn 0.512275 -0.800155 0.311970
vn 0.512276 -0.800155 0.311970
vn 0.369602 -0.903148 0.218444
vn 0.369602 -0.903148 0.218444
vn 0.369602 -0.903148 0.218444
vn 0.178257 -0.953995 0.241075
vn 0.178257 -0.953995 0.241075
vn 0.178257 -0.953995 0.241075
vn 0.027773 -0.928904 0.369277
vn 0.027773 -0.928904 0.369277
vn 0.027773 -0.928904 0.369277
vn -0.011437 -0.839616 0.543060
vn -0.011437 -0.839616 0.543060
vn -0.011437 -0.839616 0.543060
vn 0.078975 -0.727909 0.681110
vn 0.078975 -0.727909 0.681110
vn 0.078975 -0.727909 0.681110
vn 0.256702 -0.646053 0.718832
vn 0.256702 -0.646053 0.718832
vn 0.256702 -0.646053 0.718832
vn 0.438586 -0.632348 0.638576
vn 0.438586 -0.632348 0.638576
vn 0.438585 -0.632348 0.638576
vn 0.539519 -0.693208 0.477893
vn 0.539519 -0.693208 0.477893
vn 0.539519 -0.693208 0.477893
vn -0.018892 0.783253 -0.621416
vn -0.018892 0.783253 -0.621416
vn -0.018892 0.783253 -0.621416
vn -0.161566 0.680260 -0.714942
vn -0.161566 0.680260 -0.714942
vn -0.161566 0.680260 -0.714942
vn -0.352910 0.629413 -0.692311
vn -0.352910 0.629413 -0.692311
vn -0.352910 0.629413 -0.692311
vn -0.503394 0.654504 -0.564109
vn -0.503394 0.654504 -0.564109
vn -0.503394 0.654504 -0.564109
vn -0.542604 0.743792 -0.390325
vn -0.542604 0.743792 -0.390325
vn -0.542604 0.743792 -0.390325
vn -0.452193 0.855499 -0.252275
vn -0.452193 0.855499 -0.252275
vn -0.452193 0.855499 -0.252275
vn -0.274465 0.937356 -0.214554
vn -0.274465 0.937356 -0.214554
vn -0.274465 0.937356 -0.214554
vn -0.092582 0.951060 -0.294810
vn -0.092582 0.951060 -0.294810
vn -0.092582 0.951060 -0.294810
vn 0.008352 0.890200 -0.455493
vn 0.008352 0.890200 -0.455493
vn 0.008352 0.890200 -0.455493
s 1
g group1 bomb:pSphere6
usemtl bomb:lambert4SG
f 57/99/169 58/100/170 66/109/171
f 66/109/171 58/100/170 67/110/172
s 2
f 58/100/173 59/101/174 67/110/175
f 67/110/175 59/101/174 68/111/176
s 3
f 59/101/177 60/102/178 68/111/179
f 68/111/179 60/102/178 69/112/180
s 4
f 60/102/181 61/103/182 69/112/183
f 69/112/183 61/103/182 70/113/184
s 5
f 61/103/185 62/104/186 70/113/187
f 70/113/187 62/104/186 71/114/188
s 6
f 62/104/189 63/105/190 71/114/191
f 71/114/191 63/105/190 72/115/192
s 7
f 63/105/193 64/106/194 72/115/195
f 72/115/195 64/106/194 73/116/196
s 8
f 64/106/197 65/107/198 73/116/199
f 73/116/199 65/107/198 74/117/200
s 9
f 65/107/201 57/108/202 74/117/203
f 74/117/203 57/108/202 66/118/204
s 10
f 66/109/205 67/110/206 75/119/207
f 75/119/207 67/110/206 76/120/208
s 11
f 67/110/209 68/111/210 76/120/211
f 76/120/211 68/111/210 77/121/212
s 12
f 68/111/213 69/112/214 77/121/215
f 77/121/215 69/112/214 78/122/216
s 13
f 69/112/217 70/113/218 78/122/219
f 78/122/219 70/113/218 79/123/220
s 14
f 70/113/221 71/114/222 79/123/223
f 79/123/223 71/114/222 80/124/224
s 15
f 71/114/225 72/115/226 80/124/227
f 80/124/227 72/115/226 81/125/228
s 16
f 72/115/229 73/116/230 81/125/231
f 81/125/231 73/116/230 82/126/232
s 17
f 73/116/233 74/117/234 82/126/235
f 82/126/235 74/117/234 83/127/236
s 18
f 74/117/237 66/118/238 83/127/239
f 83/127/239 66/118/238 75/128/240
s 19
f 75/119/241 76/120/242 84/129/243
f 84/129/243 76/120/242 85/130/244
s 20
f 76/120/245 77/121/246 85/130/247
f 85/130/247 77/121/246 86/131/248
s 21
f 77/121/249 78/122/250 86/131/251
f 86/131/251 78/122/250 87/132/252
s 22
f 78/122/253 79/123/254 87/132/255
f 87/132/255 79/123/254 88/133/256
s 23
f 79/123/257 80/124/258 88/133/259
f 88/133/259 80/124/258 89/134/260
s 24
f 80/124/261 81/125/262 89/134/263
f 89/134/263 81/125/262 90/135/264
s 25
f 81/125/265 82/126/266 90/135/267
f 90/135/267 82/126/266 91/136/268
s 26
f 82/126/269 83/127/270 91/136/271
f 91/136/271 83/127/270 92/137/272
s 27
f 83/127/273 75/128/274 92/137/275
f 92/137/275 75/128/274 84/138/276
s 28
f 84/129/277 85/130/278 93/139/279
f 93/139/279 85/130/278 94/140/280
s 29
f 85/130/281 86/131/282 94/140/283
f 94/140/283 86/131/282 95/141/284
s 30
f 86/131/285 87/132/286 95/141/287
f 95/141/287 87/132/286 96/142/288
s 31
f 87/132/289 88/133/290 96/142/291
f 96/142/291 88/133/290 97/143/292
s 32
f 88/133/293 89/134/294 97/143/295
f 97/143/295 89/134/294 98/144/296
s 33
f 89/134/297 90/135/298 98/144/299
f 98/144/299 90/135/298 99/145/300
s 34
f 90/135/301 91/136/302 99/145/303
f 99/145/303 91/136/302 100/146/304
s 35
f 91/136/305 92/137/306 100/146/307
f 100/146/307 92/137/306 101/147/308
s 36
f 92/137/309 84/138/310 101/147/311
f 101/147/311 84/138/310 93/148/312
s 37
f 93/139/313 94/140/314 102/149/315
f 102/149/315 94/140/314 103/150/316
s 38
f 94/140/317 95/141/318 103/150/319
f 103/150/319 95/141/318 104/151/320
s 39
f 95/141/321 96/142/322 104/151/323
f 104/151/323 96/142/322 105/152/324
s 40
f 96/142/325 97/143/326 105/152/327
f 105/152/327 97/143/326 106/153/328
s 41
f 97/143/329 98/144/330 106/153/331
f 106/153/331 98/144/330 107/154/332
s 42
f 98/144/333 99/145/334 107/154/335
f 107/154/335 99/145/334 108/155/336
s 43
f 99/145/337 100/146/338 108/155/339
f 108/155/339 100/146/338 109/156/340
s 44
f 100/146/341 101/147/342 109/156/343
f 109/156/343 101/147/342 110/157/344
s 45
f 101/147/345 93/148/346 110/157/347
f 110/157/347 93/148/346 102/158/348
s 46
f 102/149/349 103/150/350 111/159/351
f 111/159/351 103/150/350 112/160/352
s 47
f 103/150/353 104/151/354 112/160/355
f 112/160/355 104/151/354 113/161/356
s 48
f 104/151/357 105/152/358 113/161/359
f 113/161/359 105/152/358 114/162/360
s 49
f 105/152/361 106/153/362 114/162/363
f 114/162/363 106/153/362 115/163/364
s 50
f 106/153/365 107/154/366 115/163/367
f 115/163/367 107/154/366 116/164/368
s 51
f 107/154/369 108/155/370 116/164/371
f 116/164/371 108/155/370 117/165/372
s 52
f 108/155/373 109/156/374 117/165/375
f 117/165/375 109/156/374 118/166/376
s 53
f 109/156/377 110/157/378 118/166/379
f 118/166/379 110/157/378 119/167/380
s 54
f 110/157/381 102/158/382 119/167/383
f 119/167/383 102/158/382 111/168/384
s 55
f 111/159/385 112/160/386 120/169/387
f 120/169/387 112/160/386 121/170/388
s 56
f 112/160/389 113/161/390 121/170/391
f 121/170/391 113/161/390 122/171/392
s 57
f 113/161/393 114/162/394 122/171/395
f 122/171/395 114/162/394 123/172/396
s 58
f 114/162/397 115/163/398 123/172/399
f 123/172/399 115/163/398 124/173/400
s 59
f 115/163/401 116/164/402 124/173/403
f 124/173/403 116/164/402 125/174/404
s 60
f 116/164/405 117/165/406 125/174/407
f 125/174/407 117/165/406 126/175/408
s 61
f 117/165/409 118/166/410 126/175/411
f 126/175/411 118/166/410 127/176/412
s 62
f 118/166/413 119/167/414 127/176/415
f 127/176/415 119/167/414 128/177/416
s 63
f 119/167/417 111/168/418 128/177/419
f 128/177/419 111/168/418 120/178/420
s off
f 58/100/421 57/99/422 129/179/423
f 59/101/424 58/100/425 129/180/426
f 60/102/427 59/101/428 129/181/429
f 61/103/430 60/102/431 129/182/432
f 62/104/433 61/103/434 129/183/435
f 63/105/436 62/104/437 129/184/438
f 64/106/439 63/105/440 129/185/441
f 65/107/442 64/106/443 129/186/444
f 57/108/445 65/107/446 129/187/447
f 120/169/448 121/170/449 130/188/450
f 121/170/451 122/171/452 130/189/453
f 122/171/454 123/172/455 130/190/456
f 123/172/457 124/173/458 130/191/459
f 124/173/460 125/174/461 130/192/462
f 125/174/463 126/175/464 130/193/465
f 126/175/466 127/176/467 130/194/468
f 127/176/469 128/177/470 130/195/471
f 128/177/472 120/178/473 130/196/474
g default
v -0.426398 -0.440826 -0.184679
v -0.151362 -0.234815 -0.086576
v -0.644859 -0.247441 0.021688
v -0.369822 -0.041430 0.119791
v -0.710736 0.079820 -0.120219
v -0.435699 0.177366 -0.154979
v -0.492276 -0.222030 -0.535572
v -0.217239 -0.016019 -0.361346
vt 0.375000 0.000000
vt 0.625000 0.000000
vt 0.375000 0.250000
vt 0.625000 0.250000
vt 0.375000 0.500000
vt 0.625000 0.500000
vt 0.375000 0.750000
vt 0.625000 0.750000
vt 0.375000 1.000000
vt 0.625000 1.000000
vt 0.875000 0.000000
vt 0.875000 0.250000
vt 0.125000 0.000000
vt 0.125000 0.250000
vn 0.184341 -0.612247 0.768877
vn 0.184341 -0.612247 0.768877
vn 0.184341 -0.612247 0.768877
vn 0.184341 -0.612247 0.768877
vn -0.491867 0.261145 0.830584
vn -0.386978 0.475629 0.789952
vn -0.365407 0.511744 0.777558
vn -0.184156 0.746914 0.638910
vn -0.323517 0.676378 -0.661702
vn -0.238749 0.687423 -0.685893
vn -0.187905 0.691392 -0.697616
vn -0.064487 0.693197 -0.717857
vn 0.700259 -0.539306 -0.467746
vn 0.666041 -0.541346 -0.513161
vn 0.663565 -0.541423 -0.516277
vn 0.611308 -0.541141 -0.577467
vn 0.769624 0.576472 0.274517
vn 0.769624 0.576472 0.274517
vn 0.769624 0.576472 0.274517
vn 0.769624 0.576472 0.274517
vn -0.759403 -0.606470 -0.235587
vn -0.875156 -0.409137 -0.258282
vn -0.860668 -0.440284 -0.255736
vn -0.916723 -0.299295 -0.264655
s 1
g group1 pCube2
usemtl lambert3SG
f 131/197/475 132/198/476 133/199/477
f 133/199/477 132/198/476 134/200/478
s 2
f 133/199/479 134/200/480 135/201/481
f 135/201/481 134/200/480 136/202/482
s 3
f 135/201/483 136/202/484 137/203/485
f 137/203/485 136/202/484 138/204/486
s 4
f 137/203/487 138/204/488 131/205/489
f 131/205/489 138/204/488 132/206/490
s 5
f 132/198/491 138/207/492 134/200/493
f 134/200/493 138/207/492 136/208/494
s 6
f 131/197/495 133/199/496 137/209/497
f 137/209/497 133/199/496 135/210/498
g default
v 0.029144 -0.112475 0.448991
v 0.093179 -0.257757 0.538763
v 0.113511 -0.002204 0.567267
v 0.177546 -0.147486 0.657039
v 0.261997 -0.002204 0.461350
v 0.326033 -0.147486 0.551123
v 0.177631 -0.112475 0.343075
v 0.241666 -0.257757 0.432847
vt 0.375000 0.000000
vt 0.625000 0.000000
vt 0.375000 0.250000
vt 0.625000 0.250000
vt 0.375000 0.500000
vt 0.625000 0.500000
vt 0.375000 0.750000
vt 0.625000 0.750000
vt 0.375000 1.000000
vt 0.625000 1.000000
vt 0.875000 0.000000
vt 0.875000 0.250000
vt 0.125000 0.000000
vt 0.125000 0.250000
vn -0.814111 0.000000 0.580709
vn -0.814111 0.000000 0.580709
vn -0.814111 0.000000 0.580709
vn -0.814111 0.000000 0.580709
vn 0.462559 0.604584 0.648473
vn 0.462559 0.604584 0.648473
vn 0.462559 0.604584 0.648473
vn 0.462559 0.604584 0.648473
vn 0.814111 -0.000000 -0.580709
vn 0.814111 -0.000000 -0.580709
vn 0.814111 -0.000000 -0.580709
vn 0.814111 -0.000000 -0.580709
vn -0.462559 -0.604584 -0.648473
vn -0.462559 -0.604584 -0.648473
vn -0.462559 -0.604584 -0.648473
vn -0.462559 -0.604584 -0.648473
vn 0.351087 -0.796542 0.492199
vn 0.351087 -0.796542 0.492199
vn 0.351087 -0.796542 0.492199
vn 0.351087 -0.796542 0.492199
vn -0.351087 0.796542 -0.492199
vn -0.351087 0.796542 -0.492199
vn -0.351087 0.796542 -0.492199
vn -0.351087 0.796542 -0.492199
s 1
g group1 pCube6
usemtl lambert3SG
f 139/211/499 140/212/500 141/213/501
f 141/213/501 140/212/500 142/214/502
s 2
f 141/213/503 142/214/504 143/215/505
f 143/215/505 142/214/504 144/216/506
s 3
f 143/215/507 144/216/508 145/217/509
f 145/217/509 144/216/508 146/218/510
s 4
f 145/217/511 146/218/512 139/219/513
f 139/219/513 146/218/512 140/220/514
s 5
f 140/212/515 146/221/516 142/214/517
f 142/214/517 146/221/516 144/222/518
s 6
f 145/223/519 139/211/520 143/224/521
f 143/224/521 139/211/520 141/213/522
g default
v 0.077405 -0.513866 -0.025150
v 0.065845 -0.513866 -0.047839
v 0.047839 -0.513866 -0.065845
v 0.025150 -0.513866 -0.077405
v 0.000000 -0.513866 -0.081388
v -0.025150 -0.513866 -0.077405
v -0.047839 -0.513866 -0.065845
v -0.065845 -0.513866 -0.047839
v -0.077405 -0.513866 -0.025150
v -0.081388 -0.513866 0.000000
v -0.077405 -0.513866 0.025150
v -0.065845 -0.513866 0.047839
v -0.047839 -0.513866 0.065845
v -0.025150 -0.513866 0.077405
v -0.000000 -0.513866 0.081388
v 0.025150 -0.513866 0.077405
v 0.047839 -0.513866 0.065845
v 0.065845 -0.513866 0.047839
v 0.077405 -0.513866 0.025150
v 0.081388 -0.513866 0.000000
v 0.152904 -0.494807 -0.049682
v 0.130068 -0.494807 -0.094500
v 0.094500 -0.494807 -0.130068
v 0.049682 -0.494807 -0.152904
v 0.000000 -0.494807 -0.160773
v -0.049682 -0.494807 -0.152904
v -0.094500 -0.494807 -0.130068
v -0.130068 -0.494807 -0.094500
v -0.152904 -0.494807 -0.049681
v -0.160773 -0.494807 0.000000
v -0.152904 -0.494807 0.049681
v -0.130068 -0.494807 0.094500
v -0.094500 -0.494807 0.130068
v -0.049681 -0.494807 0.152904
v -0.000000 -0.494807 0.160773
v 0.049681 -0.494807 0.152904
v 0.094500 -0.494807 0.130068
v 0.130068 -0.494807 0.094500
v 0.152904 -0.494807 0.049681
v 0.160773 -0.494807 0.000000
v 0.224638 -0.463565 -0.072989
v 0.191089 -0.463565 -0.138834
v 0.138834 -0.463565 -0.191088
v 0.072989 -0.463565 -0.224638
v 0.000000 -0.463565 -0.236198
v -0.072989 -0.463565 -0.224638
v -0.138834 -0.463565 -0.191088
v -0.191088 -0.463565 -0.138834
v -0.224638 -0.463565 -0.072989
v -0.236198 -0.463565 0.000000
v -0.224638 -0.463565 0.072989
v -0.191088 -0.463565 0.138834
v -0.138834 -0.463565 0.191088
v -0.072989 -0.463565 0.224638
v -0.000000 -0.463565 0.236198
v 0.072989 -0.463565 0.224638
v 0.138834 -0.463565 0.191088
v 0.191088 -0.463565 0.138834
v 0.224638 -0.463565 0.072989
v 0.236198 -0.463565 0.000000
v 0.290841 -0.420908 -0.094500
v 0.247404 -0.420908 -0.179749
v 0.179749 -0.420908 -0.247404
v 0.094500 -0.420908 -0.290841
v 0.000000 -0.420908 -0.305808
v -0.094500 -0.420908 -0.290841
v -0.179749 -0.420908 -0.247404
v -0.247404 -0.420908 -0.179749
v -0.290841 -0.420908 -0.094500
v -0.305808 -0.420908 0.000000
v -0.290841 -0.420908 0.094500
v -0.247404 -0.420908 0.179749
v -0.179749 -0.420908 0.247404
v -0.094500 -0.420908 0.290841
v -0.000000 -0.420908 0.305808
v 0.094500 -0.420908 0.290841
v 0.179749 -0.420908 0.247404
v 0.247404 -0.420908 0.179749
v 0.290840 -0.420908 0.094500
v 0.305808 -0.420908 0.000000
v 0.349882 -0.367887 -0.113684
v 0.297627 -0.367887 -0.216239
v 0.216239 -0.367887 -0.297627
v 0.113683 -0.367887 -0.349882
v 0.000000 -0.367887 -0.367888
v -0.113683 -0.367887 -0.349882
v -0.216239 -0.367887 -0.297627
v -0.297627 -0.367887 -0.216239
v -0.349882 -0.367887 -0.113683
v -0.367887 -0.367887 0.000000
v -0.349882 -0.367887 0.113683
v -0.297627 -0.367887 0.216239
v -0.216239 -0.367887 0.297627
v -0.113683 -0.367887 0.349882
v -0.000000 -0.367887 0.367887
v 0.113683 -0.367887 0.349882
v 0.216239 -0.367887 0.297627
v 0.297627 -0.367887 0.216239
v 0.349882 -0.367887 0.113683
v 0.367887 -0.367887 0.000000
v 0.400308 -0.305808 -0.130068
v 0.340522 -0.305808 -0.247404
v 0.247404 -0.305808 -0.340522
v 0.130068 -0.305808 -0.400308
v 0.000000 -0.305808 -0.420908
v -0.130068 -0.305808 -0.400308
v -0.247404 -0.305808 -0.340522
v -0.340522 -0.305808 -0.247404
v -0.400308 -0.305808 -0.130068
v -0.420908 -0.305808 0.000000
v -0.400308 -0.305808 0.130068
v -0.340522 -0.305808 0.247404
v -0.247404 -0.305808 0.340522
v -0.130068 -0.305808 0.400308
v -0.000000 -0.305808 0.420908
v 0.130068 -0.305808 0.400308
v 0.247404 -0.305808 0.340522
v 0.340522 -0.305808 0.247404
v 0.400308 -0.305808 0.130068
v 0.420908 -0.305808 0.000000
v 0.440877 -0.236198 -0.143250
v 0.375032 -0.236198 -0.272477
v 0.272477 -0.236198 -0.375032
v 0.143250 -0.236198 -0.440877
v 0.000000 -0.236198 -0.463565
v -0.143250 -0.236198 -0.440877
v -0.272477 -0.236198 -0.375032
v -0.375032 -0.236198 -0.272477
v -0.440877 -0.236198 -0.143250
v -0.463565 -0.236198 0.000000
v -0.440877 -0.236198 0.143250
v -0.375032 -0.236198 0.272477
v -0.272477 -0.236198 0.375032
v -0.143250 -0.236198 0.440877
v -0.000000 -0.236198 0.463565
v 0.143249 -0.236198 0.440877
v 0.272477 -0.236198 0.375032
v 0.375032 -0.236198 0.272477
v 0.440877 -0.236198 0.143249
v 0.463565 -0.236198 0.000000
v 0.470590 -0.160773 -0.152904
v 0.400308 -0.160773 -0.290841
v 0.290841 -0.160773 -0.400308
v 0.152904 -0.160773 -0.470590
v 0.000000 -0.160773 -0.494808
v -0.152904 -0.160773 -0.470590
v -0.290841 -0.160773 -0.400308
v -0.400308 -0.160773 -0.290841
v -0.470590 -0.160773 -0.152904
v -0.494808 -0.160773 0.000000
v -0.470590 -0.160773 0.152904
v -0.400308 -0.160773 0.290841
v -0.290841 -0.160773 0.400308
v -0.152904 -0.160773 0.470590
v -0.000000 -0.160773 0.494807
v 0.152904 -0.160773 0.470590
v 0.290840 -0.160773 0.400308
v 0.400308 -0.160773 0.290841
v 0.470590 -0.160773 0.152904
v 0.494807 -0.160773 0.000000
v 0.488716 -0.081388 -0.158793
v 0.415726 -0.081388 -0.302043
v 0.302043 -0.081388 -0.415726
v 0.158793 -0.081388 -0.488716
v 0.000000 -0.081388 -0.513866
v -0.158793 -0.081388 -0.488716
v -0.302043 -0.081388 -0.415726
v -0.415726 -0.081388 -0.302043
v -0.488716 -0.081388 -0.158793
v -0.513866 -0.081388 0.000000
v -0.488716 -0.081388 0.158793
v -0.415726 -0.081388 0.302043
v -0.302043 -0.081388 0.415726
v -0.158793 -0.081388 0.488716
v -0.000000 -0.081388 0.513866
v 0.158793 -0.081388 0.488716
v 0.302043 -0.081388 0.415726
v 0.415726 -0.081388 0.302043
v 0.488716 -0.081388 0.158793
v 0.513866 -0.081388 0.000000
v 0.494808 0.000000 -0.160773
v 0.420909 0.000000 -0.305808
v 0.306267 0.000251 -0.420909
v 0.160773 0.000000 -0.494808
v 0.000000 0.000000 -0.520272
v -0.160773 0.000000 -0.494808
v -0.305808 0.000000 -0.420908
v -0.420908 0.000000 -0.305808
v -0.494808 0.000000 -0.160773
v -0.520271 0.000000 0.000000
v -0.494808 0.000000 0.160773
v -0.420908 0.000000 0.305808
v -0.305808 0.000000 0.420908
v -0.160773 0.000000 0.494807
v -0.000000 0.000000 0.520271
v 0.160773 0.000000 0.494807
v 0.305808 0.000000 0.420908
v 0.420908 0.000000 0.305808
v 0.494807 0.000000 0.160773
v 0.520271 0.000000 0.000000
v 0.488716 0.081388 -0.158793
v 0.422783 0.085247 -0.302043
v 0.371570 0.119411 -0.415726
v 0.165850 0.085247 -0.488716
v 0.000000 0.081388 -0.513866
v -0.158793 0.081388 -0.488716
v -0.302043 0.081388 -0.415726
v -0.415726 0.081388 -0.302043
v -0.488716 0.081388 -0.158793
v -0.513866 0.081388 0.000000
v -0.488716 0.081388 0.158793
v -0.415726 0.081388 0.302043
v -0.302043 0.081388 0.415726
v -0.158793 0.081388 0.488716
v -0.000000 0.081388 0.513866
v 0.348859 0.242874 0.488716
v 0.302043 0.081388 0.415726
v 0.415726 0.081388 0.302043
v 0.488716 0.081388 0.158793
v 0.513866 0.081388 0.000000
v 0.470590 0.160773 -0.152904
v 0.458831 0.192778 -0.290841
v 0.486099 0.267556 -0.400308
v 0.211427 0.192778 -0.470590
v 0.000000 0.160773 -0.494808
v -0.152904 0.160773 -0.470590
v -0.290841 0.160773 -0.400308
v -0.400308 0.160773 -0.290841
v -0.470590 0.160773 -0.152904
v -0.494808 0.160773 0.000000
v -0.470590 0.160773 0.152904
v -0.400308 0.160773 0.290841
v -0.290841 0.160773 0.400308
v -0.152904 0.160773 0.470590
v -0.000000 0.160773 0.494807
v 0.152904 0.160773 0.470590
v 0.290840 0.160773 0.400308
v 0.400308 0.160773 0.290841
v 0.470590 0.160773 0.152904
v 0.494807 0.160773 0.000000
v 0.441177 0.236589 -0.143250
v 0.471338 0.288866 -0.272477
v 0.641164 0.523796 -0.375032
v 0.239555 0.288866 -0.440877
v 0.000000 0.236198 -0.463565
v -0.143250 0.236198 -0.440877
v -0.272477 0.236198 -0.375032
v -0.375032 0.236198 -0.272477
v -0.440877 0.236198 -0.143250
v -0.463565 0.236198 0.000000
v -0.440877 0.236198 0.143250
v -0.375032 0.236198 0.272477
v -0.272477 0.236198 0.375032
v -0.143250 0.236198 0.440877
v -0.000000 0.236198 0.463565
v 0.143249 0.236198 0.440877
v 0.386793 0.317214 0.375032
v 0.375032 0.236198 0.272477
v 0.440877 0.236198 0.143249
v 0.463565 0.236198 0.000000
v 0.445703 0.364986 -0.130068
v 0.405314 0.354330 -0.247404
v 0.442662 0.412591 -0.340522
v 0.202873 0.345624 -0.400308
v 0.000000 0.305808 -0.420908
v -0.130068 0.305808 -0.400308
v -0.247404 0.305808 -0.340522
v -0.340522 0.305808 -0.247404
v -0.400308 0.305808 -0.130068
v -0.420908 0.305808 0.000000
v -0.400308 0.305808 0.130068
v -0.340522 0.305808 0.247404
v -0.247404 0.305808 0.340522
v -0.130068 0.305808 0.400308
v -0.000000 0.305808 0.420908
v 0.130068 0.305808 0.400308
v 0.247404 0.305808 0.340522
v 0.340522 0.305808 0.247404
v 0.400308 0.305808 0.130068
v 0.438204 0.328355 0.000000
v 0.477370 0.534084 -0.113684
v 0.373066 0.466232 -0.216239
v 0.285515 0.409364 -0.297627
v 0.131088 0.377405 -0.349882
v 0.145398 0.480625 -0.367888
v -0.113683 0.367887 -0.349882
v -0.216239 0.367887 -0.297627
v -0.297627 0.367887 -0.216239
v -0.349882 0.367887 -0.113683
v -0.367887 0.367887 0.000000
v -0.349882 0.367887 0.113683
v -0.297627 0.367887 0.216239
v -0.216239 0.367887 0.297627
v -0.113683 0.367887 0.349882
v -0.000000 0.367887 0.367887
v 0.113683 0.367887 0.349882
v 0.216239 0.367887 0.297627
v 0.297627 0.367887 0.216239
v 0.354626 0.374073 0.113683
v 0.443326 0.466232 0.000000
v 0.613883 0.817547 -0.094500
v 0.361572 0.569742 -0.179749
v 0.203046 0.451278 -0.247404
v 0.094500 0.420908 -0.290841
v 0.000000 0.420908 -0.305808
v -0.094500 0.420908 -0.290841
v -0.179749 0.420908 -0.247404
v -0.247404 0.420908 -0.179749
v -0.290841 0.420908 -0.094500
v -0.305808 0.420908 0.000000
v -0.290841 0.420908 0.094500
v -0.247404 0.420908 0.179749
v -0.179749 0.420908 0.247404
v -0.094500 0.420908 0.290841
v -0.000000 0.420908 0.305808
v 0.094500 0.420908 0.290841
v 0.179749 0.420908 0.247404
v 0.380056 0.573136 0.179749
v 0.314137 0.451278 0.094500
v 0.419976 0.569742 0.000000
v 0.352126 0.629762 -0.072989
v 0.283168 0.583602 -0.138834
v 0.165067 0.497763 -0.191088
v 0.072989 0.463565 -0.224638
v 0.000000 0.463565 -0.236198
v -0.072989 0.463565 -0.224638
v -0.102059 0.607394 -0.221922
v -0.191088 0.463565 -0.138834
v -0.224638 0.463565 -0.072989
v -0.236198 0.463565 0.000000
v -0.224638 0.463565 0.072989
v -0.191088 0.463565 0.138834
v -0.138834 0.463565 0.191088
v -0.072989 0.463565 0.224638
v -0.000000 0.463565 0.236198
v 0.072989 0.463565 0.224638
v 0.138834 0.463565 0.191088
v 0.191088 0.463565 0.138834
v 0.250871 0.497763 0.072989
v 0.328277 0.583602 0.000000
v 0.198299 0.553986 -0.049682
v 0.162841 0.537531 -0.094500
v 0.103373 0.506374 -0.130068
v 0.049682 0.494807 -0.152904
v 0.000000 0.494807 -0.160773
v -0.049682 0.494807 -0.152904
v -0.094500 0.494807 -0.130068
v -0.130068 0.494807 -0.094500
v -0.152904 0.494807 -0.049681
v -0.160773 0.494807 0.000000
v -0.152904 0.494807 0.049681
v -0.130068 0.494807 0.094500
v -0.094500 0.494807 0.130068
v -0.049681 0.494807 0.152904
v -0.000000 0.494807 0.160773
v 0.049681 0.494807 0.152904
v 0.094500 0.494807 0.130068
v 0.130068 0.494807 0.094500
v 0.161777 0.506374 0.049681
v 0.193545 0.537531 0.000000
v 0.077705 0.514257 -0.025150
v 0.065845 0.513866 -0.047839
v 0.047839 0.513866 -0.065845
v 0.025150 0.513866 -0.077405
v 0.000000 0.513866 -0.081388
v -0.025150 0.513866 -0.077405
v -0.047839 0.513866 -0.065845
v -0.065845 0.513866 -0.047839
v -0.077405 0.513866 -0.025150
v -0.081388 0.513866 0.000000
v -0.077405 0.513866 0.025150
v -0.065845 0.513866 0.047839
v -0.047839 0.513866 0.065845
v -0.025150 0.513866 0.077405
v -0.000000 0.513866 0.081388
v 0.025150 0.513866 0.077405
v 0.047839 0.513866 0.065845
v 0.065845 0.513866 0.047839
v 0.077405 0.513866 0.025150
v 0.081388 0.513866 0.000000
v 0.000000 -0.520271 0.000000
v 0.000000 0.520271 0.000000
vt 0.000000 0.050000
vt 0.050000 0.050000
vt 0.100000 0.050000
vt 0.150000 0.050000
vt 0.200000 0.050000
vt 0.250000 0.050000
vt 0.300000 0.050000
vt 0.350000 0.050000
vt 0.400000 0.050000
vt 0.450000 0.050000
vt 0.500000 0.050000
vt 0.550000 0.050000
vt 0.600000 0.050000
vt 0.650000 0.050000
vt 0.700000 0.050000
vt 0.750000 0.050000
vt 0.800000 0.050000
vt 0.850000 0.050000
vt 0.900000 0.050000
vt 0.950000 0.050000
vt 1.000000 0.050000
vt 0.000000 0.100000
vt 0.050000 0.100000
vt 0.100000 0.100000
vt 0.150000 0.100000
vt 0.200000 0.100000
vt 0.250000 0.100000
vt 0.300000 0.100000
vt 0.350000 0.100000
vt 0.400000 0.100000
vt 0.450000 0.100000
vt 0.500000 0.100000
vt 0.550000 0.100000
vt 0.600000 0.100000
vt 0.650000 0.100000
vt 0.700000 0.100000
vt 0.750000 0.100000
vt 0.800000 0.100000
vt 0.850000 0.100000
vt 0.900000 0.100000
vt 0.950000 0.100000
vt 1.000000 0.100000
vt 0.000000 0.150000
vt 0.050000 0.150000
vt 0.100000 0.150000
vt 0.150000 0.150000
vt 0.200000 0.150000
vt 0.250000 0.150000
vt 0.300000 0.150000
vt 0.350000 0.150000
vt 0.400000 0.150000
vt 0.450000 0.150000
vt 0.500000 0.150000
vt 0.550000 0.150000
vt 0.600000 0.150000
vt 0.650000 0.150000
vt 0.700000 0.150000
vt 0.750000 0.150000
vt 0.800000 0.150000
vt 0.850000 0.150000
vt 0.900000 0.150000
vt 0.950000 0.150000
vt 1.000000 0.150000
vt 0.000000 0.200000
vt 0.050000 0.200000
vt 0.100000 0.200000
vt 0.150000 0.200000
vt 0.200000 0.200000
vt 0.250000 0.200000
vt 0.300000 0.200000
vt 0.350000 0.200000
vt 0.400000 0.200000
vt 0.450000 0.200000
vt 0.500000 0.200000
vt 0.550000 0.200000
vt 0.600000 0.200000
vt 0.650000 0.200000
vt 0.700000 0.200000
vt 0.750000 0.200000
vt 0.800000 0.200000
vt 0.850000 0.200000
vt 0.900000 0.200000
vt 0.950000 0.200000
vt 1.000000 0.200000
vt 0.000000 0.250000
vt 0.050000 0.250000
vt 0.100000 0.250000
vt 0.150000 0.250000
vt 0.200000 0.250000
vt 0.250000 0.250000
vt 0.300000 0.250000
vt 0.350000 0.250000
vt 0.400000 0.250000
vt 0.450000 0.250000
vt 0.500000 0.250000
vt 0.550000 0.250000
vt 0.600000 0.250000
vt 0.650000 0.250000
vt 0.700000 0.250000
vt 0.750000 0.250000
vt 0.800000 0.250000
vt 0.850000 0.250000
vt 0.900000 0.250000
vt 0.950000 0.250000
vt 1.000000 0.250000
vt 0.000000 0.300000
vt 0.050000 0.300000
vt 0.100000 0.300000
vt 0.150000 0.300000
vt 0.200000 0.300000
vt 0.250000 0.300000
vt 0.300000 0.300000
vt 0.350000 0.300000
vt 0.400000 0.300000
vt 0.450000 0.300000
vt 0.500000 0.300000
vt 0.550000 0.300000
vt 0.600000 0.300000
vt 0.650000 0.300000
vt 0.700000 0.300000
vt 0.750000 0.300000
vt 0.800000 0.300000
vt 0.850000 0.300000
vt 0.900000 0.300000
vt 0.950000 0.300000
vt 1.000000 0.300000
vt 0.000000 0.350000
vt 0.050000 0.350000
vt 0.100000 0.350000
vt 0.150000 0.350000
vt 0.200000 0.350000
vt 0.250000 0.350000
vt 0.300000 0.350000
vt 0.350000 0.350000
vt 0.400000 0.350000
vt 0.450000 0.350000
vt 0.500000 0.350000
vt 0.550000 0.350000
vt 0.600000 0.350000
vt 0.650000 0.350000
vt 0.700000 0.350000
vt 0.750000 0.350000
vt 0.800000 0.350000
vt 0.850000 0.350000
vt 0.900000 0.350000
vt 0.950000 0.350000
vt 1.000000 0.350000
vt 0.000000 0.400000
vt 0.050000 0.400000
vt 0.100000 0.400000
vt 0.150000 0.400000
vt 0.200000 0.400000
vt 0.250000 0.400000
vt 0.300000 0.400000
vt 0.350000 0.400000
vt 0.400000 0.400000
vt 0.450000 0.400000
vt 0.500000 0.400000
vt 0.550000 0.400000
vt 0.600000 0.400000
vt 0.650000 0.400000
vt 0.700000 0.400000
vt 0.750000 0.400000
vt 0.800000 0.400000
vt 0.850000 0.400000
vt 0.900000 0.400000
vt 0.950000 0.400000
vt 1.000000 0.400000
vt 0.000000 0.450000
vt 0.050000 0.450000
vt 0.100000 0.450000
vt 0.150000 0.450000
vt 0.200000 0.450000
vt 0.250000 0.450000
vt 0.300000 0.450000
vt 0.350000 0.450000
vt 0.400000 0.450000
vt 0.450000 0.450000
vt 0.500000 0.450000
vt 0.550000 0.450000
vt 0.600000 0.450000
vt 0.650000 0.450000
vt 0.700000 0.450000
vt 0.750000 0.450000
vt 0.800000 0.450000
vt 0.850000 0.450000
vt 0.900000 0.450000
vt 0.950000 0.450000
vt 1.000000 0.450000
vt 0.000000 0.500000
vt 0.050000 0.500000
vt 0.100000 0.500000
vt 0.150000 0.500000
vt 0.200000 0.500000
vt 0.250000 0.500000
vt 0.300000 0.500000
vt 0.350000 0.500000
vt 0.400000 0.500000
vt 0.450000 0.500000
vt 0.500000 0.500000
vt 0.550000 0.500000
vt 0.600000 0.500000
vt 0.650000 0.500000
vt 0.700000 0.500000
vt 0.750000 0.500000
vt 0.800000 0.500000
vt 0.850000 0.500000
vt 0.900000 0.500000
vt 0.950000 0.500000
vt 1.000000 0.500000
vt 0.000000 0.550000
vt 0.050000 0.550000
vt 0.100000 0.550000
vt 0.150000 0.550000
vt 0.200000 0.550000
vt 0.250000 0.550000
vt 0.300000 0.550000
vt 0.350000 0.550000
vt 0.400000 0.550000
vt 0.450000 0.550000
vt 0.500000 0.550000
vt 0.550000 0.550000
vt 0.600000 0.550000
vt 0.650000 0.550000
vt 0.700000 0.550000
vt 0.750000 0.550000
vt 0.800000 0.550000
vt 0.850000 0.550000
vt 0.900000 0.550000
vt 0.950000 0.550000
vt 1.000000 0.550000
vt 0.000000 0.600000
vt 0.050000 0.600000
vt 0.100000 0.600000
vt 0.150000 0.600000
vt 0.200000 0.600000
vt 0.250000 0.600000
vt 0.300000 0.600000
vt 0.350000 0.600000
vt 0.400000 0.600000
vt 0.450000 0.600000
vt 0.500000 0.600000
vt 0.550000 0.600000
vt 0.600000 0.600000
vt 0.650000 0.600000
vt 0.700000 0.600000
vt 0.750000 0.600000
vt 0.800000 0.600000
vt 0.850000 0.600000
vt 0.900000 0.600000
vt 0.950000 0.600000
vt 1.000000 0.600000
vt 0.000000 0.650000
vt 0.050000 0.650000
vt 0.100000 0.650000
vt 0.150000 0.650000
vt 0.200000 0.650000
vt 0.250000 0.650000
vt 0.300000 0.650000
vt 0.350000 0.650000
vt 0.400000 0.650000
vt 0.450000 0.650000
vt 0.500000 0.650000
vt 0.550000 0.650000
vt 0.600000 0.650000
vt 0.650000 0.650000
vt 0.700000 0.650000
vt 0.750000 0.650000
vt 0.800000 0.650000
vt 0.850000 0.650000
vt 0.900000 0.650000
vt 0.950000 0.650000
vt 1.000000 0.650000
vt 0.000000 0.700000
vt 0.050000 0.700000
vt 0.100000 0.700000
vt 0.150000 0.700000
vt 0.200000 0.700000
vt 0.250000 0.700000
vt 0.300000 0.700000
vt 0.350000 0.700000
vt 0.400000 0.700000
vt 0.450000 0.700000
vt 0.500000 0.700000
vt 0.550000 0.700000
vt 0.600000 0.700000
vt 0.650000 0.700000
vt 0.700000 0.700000
vt 0.750000 0.700000
vt 0.800000 0.700000
vt 0.850000 0.700000
vt 0.900000 0.700000
vt 0.950000 0.700000
vt 1.000000 0.700000
vt 0.000000 0.750000
vt 0.050000 0.750000
vt 0.100000 0.750000
vt 0.150000 0.750000
vt 0.200000 0.750000
vt 0.250000 0.750000
vt 0.300000 0.750000
vt 0.350000 0.750000
vt 0.400000 0.750000
vt 0.450000 0.750000
vt 0.500000 0.750000
vt 0.550000 0.750000
vt 0.600000 0.750000
vt 0.650000 0.750000
vt 0.700000 0.750000
vt 0.750000 0.750000
vt 0.800000 0.750000
vt 0.850000 0.750000
vt 0.900000 0.750000
vt 0.950000 0.750000
vt 1.000000 0.750000
vt 0.000000 0.800000
vt 0.050000 0.800000
vt 0.100000 0.800000
vt 0.150000 0.800000
vt 0.200000 0.800000
vt 0.250000 0.800000
vt 0.300000 0.800000
vt 0.350000 0.800000
vt 0.400000 0.800000
vt 0.450000 0.800000
vt 0.500000 0.800000
vt 0.550000 0.800000
vt 0.600000 0.800000
vt 0.650000 0.800000
vt 0.700000 0.800000
vt 0.750000 0.800000
vt 0.800000 0.800000
vt 0.850000 0.800000
vt 0.900000 0.800000
vt 0.950000 0.800000
vt 1.000000 0.800000
vt 0.000000 0.850000
vt 0.050000 0.850000
vt 0.100000 0.850000
vt 0.150000 0.850000
vt 0.200000 0.850000
vt 0.250000 0.850000
vt 0.300000 0.850000
vt 0.350000 0.850000
vt 0.400000 0.850000
vt 0.450000 0.850000
vt 0.500000 0.850000
vt 0.550000 0.850000
vt 0.600000 0.850000
vt 0.650000 0.850000
vt 0.700000 0.850000
vt 0.750000 0.850000
vt 0.800000 0.850000
vt 0.850000 0.850000
vt 0.900000 0.850000
vt 0.950000 0.850000
vt 1.000000 0.850000
vt 0.000000 0.900000
vt 0.050000 0.900000
vt 0.100000 0.900000
vt 0.150000 0.900000
vt 0.200000 0.900000
vt 0.250000 0.900000
vt 0.300000 0.900000
vt 0.350000 0.900000
vt 0.400000 0.900000
vt 0.450000 0.900000
vt 0.500000 0.900000
vt 0.550000 0.900000
vt 0.600000 0.900000
vt 0.650000 0.900000
vt 0.700000 0.900000
vt 0.750000 0.900000
vt 0.800000 0.900000
vt 0.850000 0.900000
vt 0.900000 0.900000
vt 0.950000 0.900000
vt 1.000000 0.900000
vt 0.000000 0.950000
vt 0.050000 0.950000
vt 0.100000 0.950000
vt 0.150000 0.950000
vt 0.200000 0.950000
vt 0.250000 0.950000
vt 0.300000 0.950000
vt 0.350000 0.950000
vt 0.400000 0.950000
vt 0.450000 0.950000
vt 0.500000 0.950000
vt 0.550000 0.950000
vt 0.600000 0.950000
vt 0.650000 0.950000
vt 0.700000 0.950000
vt 0.750000 0.950000
vt 0.800000 0.950000
vt 0.850000 0.950000
vt 0.900000 0.950000
vt 0.950000 0.950000
vt 1.000000 0.950000
vt 0.025000 0.000000
vt 0.075000 0.000000
vt 0.125000 0.000000
vt 0.175000 0.000000
vt 0.225000 0.000000
vt 0.275000 0.000000
vt 0.325000 0.000000
vt 0.375000 0.000000
vt 0.425000 0.000000
vt 0.475000 0.000000
vt 0.525000 0.000000
vt 0.575000 0.000000
vt 0.625000 0.000000
vt 0.675000 0.000000
vt 0.725000 0.000000
vt 0.775000 0.000000
vt 0.825000 0.000000
vt 0.875000 0.000000
vt 0.925000 0.000000
vt 0.975000 0.000000
vt 0.025000 1.000000
vt 0.075000 1.000000
vt 0.125000 1.000000
vt 0.175000 1.000000
vt 0.225000 1.000000
vt 0.275000 1.000000
vt 0.325000 1.000000
vt 0.375000 1.000000
vt 0.425000 1.000000
vt 0.475000 1.000000
vt 0.525000 1.000000
vt 0.575000 1.000000
vt 0.625000 1.000000
vt 0.675000 1.000000
vt 0.725000 1.000000
vt 0.775000 1.000000
vt 0.825000 1.000000
vt 0.875000 1.000000
vt 0.925000 1.000000
vt 0.975000 1.000000
vn 0.162626 -0.985443 -0.049557
vn 0.139353 -0.985443 -0.097386
vn 0.307374 -0.946801 -0.095332
vn 0.262871 -0.946801 -0.185651
vn 0.102439 -0.985443 -0.135681
vn 0.192636 -0.946801 -0.257796
vn 0.055497 -0.985443 -0.160696
vn 0.103544 -0.946801 -0.304706
vn 0.003123 -0.985443 -0.169981
vn 0.004317 -0.946801 -0.321789
vn -0.049557 -0.985442 -0.162626
vn -0.095333 -0.946801 -0.307374
vn -0.097386 -0.985442 -0.139353
vn -0.185651 -0.946801 -0.262871
vn -0.135682 -0.985443 -0.102439
vn -0.257796 -0.946801 -0.192635
vn -0.160696 -0.985443 -0.055497
vn -0.304706 -0.946801 -0.103544
vn -0.169981 -0.985443 -0.003123
vn -0.321790 -0.946801 -0.004318
vn -0.162626 -0.985443 0.049556
vn -0.307374 -0.946801 0.095333
vn -0.139353 -0.985443 0.097384
vn -0.262871 -0.946801 0.185651
vn -0.102439 -0.985443 0.135680
vn -0.192636 -0.946801 0.257796
vn -0.055497 -0.985442 0.160696
vn -0.103544 -0.946801 0.304707
vn -0.003123 -0.985443 0.169981
vn -0.004317 -0.946801 0.321789
vn 0.049557 -0.985442 0.162627
vn 0.095333 -0.946801 0.307374
vn 0.097386 -0.985442 0.139354
vn 0.185651 -0.946801 0.262871
vn 0.135682 -0.985442 0.102439
vn 0.257796 -0.946801 0.192636
vn 0.160696 -0.985443 0.055497
vn 0.304706 -0.946801 0.103544
vn 0.169981 -0.985443 0.003123
vn 0.321790 -0.946801 0.004317
vn 0.443773 -0.885332 -0.138754
vn 0.379175 -0.885332 -0.269096
vn 0.277462 -0.885332 -0.373097
vn 0.148589 -0.885332 -0.440577
vn 0.005170 -0.885332 -0.464930
vn -0.138754 -0.885332 -0.443773
vn -0.269096 -0.885332 -0.379175
vn -0.373097 -0.885332 -0.277462
vn -0.440577 -0.885332 -0.148589
vn -0.464930 -0.885332 -0.005171
vn -0.443773 -0.885332 0.138754
vn -0.379176 -0.885332 0.269096
vn -0.277462 -0.885332 0.373097
vn -0.148589 -0.885332 0.440577
vn -0.005170 -0.885332 0.464930
vn 0.138754 -0.885332 0.443773
vn 0.269096 -0.885332 0.379176
vn 0.373097 -0.885332 0.277462
vn 0.440577 -0.885332 0.148589
vn 0.464930 -0.885332 0.005171
vn 0.569006 -0.802583 -0.179146
vn 0.485797 -0.802583 -0.346211
vn 0.355036 -0.802583 -0.479386
vn 0.189521 -0.802583 -0.565635
vn 0.005454 -0.802583 -0.596516
vn -0.179147 -0.802583 -0.569006
vn -0.346211 -0.802583 -0.485797
vn -0.479386 -0.802583 -0.355036
vn -0.565635 -0.802583 -0.189521
vn -0.596516 -0.802583 -0.005454
vn -0.569006 -0.802583 0.179146
vn -0.485798 -0.802583 0.346211
vn -0.355036 -0.802583 0.479386
vn -0.189521 -0.802583 0.565635
vn -0.005454 -0.802583 0.596516
vn 0.179146 -0.802583 0.569006
vn 0.346211 -0.802583 0.485798
vn 0.479386 -0.802583 0.355036
vn 0.565635 -0.802583 0.189521
vn 0.596516 -0.802583 0.005455
vn 0.680269 -0.700559 -0.215525
vn 0.580373 -0.700559 -0.415192
vn 0.423666 -0.700559 -0.574216
vn 0.225488 -0.700559 -0.677032
vn 0.005237 -0.700559 -0.713576
vn -0.215526 -0.700559 -0.680269
vn -0.415192 -0.700559 -0.580373
vn -0.574217 -0.700559 -0.423666
vn -0.677032 -0.700559 -0.225488
vn -0.713576 -0.700559 -0.005237
vn -0.680269 -0.700559 0.215526
vn -0.580373 -0.700559 0.415192
vn -0.423666 -0.700559 0.574217
vn -0.225488 -0.700559 0.677033
vn -0.005237 -0.700559 0.713576
vn 0.215526 -0.700559 0.680269
vn 0.415192 -0.700559 0.580373
vn 0.574217 -0.700559 0.423666
vn 0.677032 -0.700559 0.225488
vn 0.713576 -0.700558 0.005238
vn 0.774995 -0.581722 -0.246947
vn 0.660752 -0.581722 -0.474348
vn 0.481831 -0.581722 -0.655315
vn 0.255745 -0.581722 -0.772136
vn 0.004625 -0.581722 -0.813375
vn -0.246948 -0.581722 -0.774994
vn -0.474348 -0.581722 -0.660753
vn -0.655315 -0.581722 -0.481831
vn -0.772136 -0.581722 -0.255745
vn -0.813375 -0.581722 -0.004625
vn -0.774994 -0.581722 0.246948
vn -0.660753 -0.581722 0.474348
vn -0.481831 -0.581722 0.655315
vn -0.255745 -0.581722 0.772136
vn -0.004625 -0.581722 0.813375
vn 0.246948 -0.581722 0.774995
vn 0.474348 -0.581722 0.660753
vn 0.655315 -0.581722 0.481832
vn 0.772136 -0.581722 0.255745
vn 0.813375 -0.581722 0.004626
vn 0.850971 -0.448937 -0.272589
vn 0.725086 -0.448937 -0.522213
vn 0.528225 -0.448937 -0.720718
vn 0.279658 -0.448937 -0.848674
vn 0.003715 -0.448937 -0.893556
vn -0.272590 -0.448937 -0.850970
vn -0.522213 -0.448937 -0.725085
vn -0.720718 -0.448937 -0.528225
vn -0.848674 -0.448937 -0.279657
vn -0.893556 -0.448937 -0.003716
vn -0.850970 -0.448937 0.272590
vn -0.725086 -0.448937 0.522213
vn -0.528225 -0.448937 0.720718
vn -0.279658 -0.448937 0.848674
vn -0.003716 -0.448937 0.893556
vn 0.272590 -0.448937 0.850970
vn 0.522213 -0.448937 0.725086
vn 0.720718 -0.448937 0.528225
vn 0.848674 -0.448937 0.279658
vn 0.893556 -0.448937 0.003716
vn 0.906418 -0.305397 -0.291786
vn 0.771887 -0.305397 -0.557605
vn 0.561799 -0.305397 -0.768840
vn 0.296718 -0.305397 -0.904815
vn 0.002592 -0.305397 -0.952222
vn -0.291788 -0.305397 -0.906417
vn -0.557605 -0.305397 -0.771887
vn -0.768840 -0.305397 -0.561799
vn -0.904816 -0.305397 -0.296718
vn -0.952222 -0.305397 -0.002592
vn -0.906418 -0.305397 0.291787
vn -0.771887 -0.305397 0.557605
vn -0.561799 -0.305397 0.768840
vn -0.296718 -0.305397 0.904816
vn -0.002592 -0.305397 0.952222
vn 0.291787 -0.305397 0.906418
vn 0.557605 -0.305397 0.771887
vn 0.768840 -0.305397 0.561799
vn 0.904816 -0.305397 0.296718
vn 0.952222 -0.305397 0.002593
vn 0.940040 -0.154547 -0.304038
vn 0.800078 -0.154547 -0.579647
vn 0.581702 -0.155722 -0.798357
vn 0.306466 -0.154665 -0.939232
vn 0.001330 -0.154547 -0.987985
vn -0.304039 -0.154547 -0.940040
vn -0.579647 -0.154547 -0.800078
vn -0.798515 -0.154547 -0.581799
vn -0.939218 -0.154547 -0.306569
vn -0.987985 -0.154547 -0.001330
vn -0.940040 -0.154547 0.304039
vn -0.800078 -0.154547 0.579647
vn -0.581799 -0.154547 0.798514
vn -0.306569 -0.154547 0.939218
vn -0.001330 -0.154547 0.987985
vn 0.304039 -0.154547 0.940040
vn 0.579647 -0.154547 0.800078
vn 0.798514 -0.154547 0.581799
vn 0.939218 -0.154547 0.306569
vn 0.987985 -0.154547 0.001331
vn 0.951057 -0.000000 -0.309016
vn 0.810987 -0.029125 -0.584339
vn 0.576059 -0.171426 -0.799230
vn 0.291215 -0.032323 -0.956112
vn 0.000234 -0.000424 -1.000000
vn -0.309017 0.000000 -0.951056
vn -0.587785 -0.000000 -0.809017
vn -0.809017 -0.000000 -0.587785
vn -0.951057 0.000000 -0.309017
vn -1.000000 0.000000 0.000000
vn -0.951057 0.000000 0.309017
vn -0.809017 0.000000 0.587785
vn -0.587785 0.000000 0.809017
vn -0.309017 0.000000 0.951057
vn 0.000000 0.000000 1.000000
vn 0.222129 -0.111165 0.968659
vn 0.555740 -0.178245 0.812023
vn 0.809017 0.000000 0.587785
vn 0.951057 -0.000000 0.309017
vn 1.000000 0.000000 0.000001
vn 0.944580 0.147194 -0.293433
vn 0.879039 -0.155212 -0.450776
vn 0.575702 -0.290225 -0.764419
vn 0.231041 0.051447 -0.971583
vn -0.005543 0.148012 -0.988970
vn -0.306569 0.154547 -0.939218
vn -0.581799 0.154547 -0.798514
vn -0.800078 0.154547 -0.579646
vn -0.940040 0.154547 -0.304039
vn -0.987985 0.154547 0.001330
vn -0.939218 0.154547 0.306569
vn -0.798514 0.154547 0.581799
vn -0.579646 0.154547 0.800078
vn -0.304039 0.154547 0.940040
vn -0.003932 0.092603 0.995695
vn 0.395508 0.258291 0.881396
vn 0.870537 0.478730 -0.113940
vn 0.800078 0.154547 0.579647
vn 0.940040 0.154547 0.304039
vn 0.987985 0.154547 -0.001329
vn 0.960313 0.222729 -0.167900
vn 0.944808 -0.307272 -0.113675
vn 0.588925 -0.275523 -0.759773
vn 0.153296 0.140010 -0.978211
vn -0.032042 0.297765 -0.954101
vn -0.296718 0.305397 -0.904815
vn -0.561799 0.305397 -0.768840
vn -0.771887 0.305397 -0.557604
vn -0.906417 0.305397 -0.291787
vn -0.952222 0.305397 0.002592
vn -0.904816 0.305397 0.296718
vn -0.768840 0.305397 0.561799
vn -0.557605 0.305397 0.771887
vn -0.291787 0.305397 0.906418
vn -0.051721 0.311057 0.948983
vn 0.093728 0.902078 -0.421272
vn 0.480432 0.026047 0.876645
vn 0.831633 0.104877 0.545332
vn 0.906418 0.305397 0.291787
vn 0.952222 0.305397 -0.002591
vn 0.991320 0.126713 0.035064
vn 0.890413 -0.162698 0.425082
vn 0.762904 0.208227 -0.612061
vn -0.029871 0.436957 -0.898987
vn -0.059705 0.444855 -0.893610
vn -0.279658 0.448937 -0.848674
vn -0.528225 0.448937 -0.720717
vn -0.725086 0.448937 -0.522213
vn -0.850970 0.448937 -0.272590
vn -0.893556 0.448937 0.003716
vn -0.848674 0.448937 0.279658
vn -0.720718 0.448937 0.528225
vn -0.522213 0.448937 0.725086
vn -0.272590 0.448937 0.850970
vn 0.003716 0.448937 0.893556
vn 0.192255 0.357416 0.913943
vn 0.641904 0.450324 0.620619
vn 0.805958 0.588444 0.064542
vn 0.850970 0.448937 0.272590
vn 0.938555 0.344427 0.022018
vn 0.997569 -0.052362 -0.045980
vn 0.827698 0.427456 0.363591
vn -0.348233 0.937393 -0.005273
vn -0.032076 0.704489 -0.708990
vn -0.070254 0.450465 -0.890026
vn -0.275626 0.553634 -0.785824
vn -0.481832 0.581722 -0.655315
vn -0.660753 0.581722 -0.474348
vn -0.774995 0.581722 -0.246948
vn -0.813375 0.581722 0.004625
vn -0.772136 0.581722 0.255745
vn -0.655315 0.581722 0.481832
vn -0.474347 0.581722 0.660753
vn -0.246948 0.581722 0.774995
vn 0.004625 0.581722 0.813375
vn 0.138947 0.610501 0.779732
vn 0.248518 0.959983 0.129117
vn 0.660752 0.581722 0.474348
vn 0.788375 0.524968 0.320738
vn 0.966193 0.105657 0.235176
vn 0.941844 -0.316807 -0.112090
vn 0.494162 0.402586 -0.770537
vn -0.080039 0.811767 -0.578470
vn 0.323937 0.567066 -0.757298
vn 0.321736 0.657816 -0.681002
vn -0.321837 0.702681 -0.634555
vn -0.423666 0.700559 -0.574216
vn -0.580373 0.700559 -0.415192
vn -0.680269 0.700559 -0.215526
vn -0.713576 0.700559 0.005237
vn -0.677032 0.700559 0.225488
vn -0.574217 0.700558 0.423666
vn -0.415192 0.700559 0.580373
vn -0.215526 0.700559 0.680269
vn 0.005237 0.700559 0.713576
vn 0.225488 0.700559 0.677032
vn 0.423666 0.700559 0.574216
vn 0.613992 0.207583 0.761527
vn 0.872034 0.180164 0.455080
vn 0.874870 0.034662 0.483117
vn 0.841791 0.532106 -0.090840
vn -0.184394 0.573769 -0.797990
vn -0.075820 0.727132 -0.682298
vn 0.138731 0.981222 -0.134001
vn -0.247248 0.947476 -0.202875
vn -0.189521 0.802583 -0.565635
vn -0.436854 0.537459 -0.721316
vn -0.626172 0.693913 -0.355518
vn -0.569006 0.802583 -0.179146
vn -0.596516 0.802583 0.005454
vn -0.565635 0.802583 0.189521
vn -0.479386 0.802583 0.355036
vn -0.346211 0.802583 0.485798
vn -0.179146 0.802583 0.569006
vn 0.005454 0.802583 0.596516
vn 0.189521 0.802583 0.565635
vn 0.130751 0.572125 0.809677
vn 0.607328 0.635454 0.476813
vn 0.488036 0.872819 -0.002989
vn 0.524208 0.078271 0.847986
vn -0.541540 0.833672 -0.108281
vn -0.316805 0.833273 -0.453089
vn -0.220822 0.813982 -0.537281
vn -0.035378 0.877589 -0.478107
vn -0.005171 0.885332 -0.464930
vn 0.274308 0.475472 -0.835872
vn -0.088742 0.853455 -0.513555
vn -0.565034 0.788715 0.242210
vn -0.443773 0.885332 -0.138754
vn -0.464930 0.885332 0.005170
vn -0.440577 0.885332 0.148588
vn -0.373097 0.885332 0.277462
vn -0.269096 0.885332 0.379176
vn -0.138754 0.885332 0.443773
vn 0.005171 0.885332 0.464930
vn 0.148589 0.885332 0.440577
vn -0.109302 0.897442 0.427377
vn -0.184962 0.956714 -0.224695
vn 0.066857 0.692872 0.717954
vn -0.166680 0.696785 0.697644
vn -0.373133 0.924854 0.073598
vn -0.372684 0.898912 -0.230355
vn -0.214176 0.926968 -0.307992
vn -0.002620 0.945799 -0.324743
vn -0.004317 0.946801 -0.321789
vn 0.523510 0.844892 -0.109976
vn -0.136097 0.830908 0.539509
vn -0.262871 0.946801 -0.185651
vn -0.307374 0.946801 -0.095333
vn -0.321790 0.946801 0.004317
vn -0.304706 0.946801 0.103544
vn -0.257796 0.946801 0.192636
vn -0.185651 0.946801 0.262871
vn -0.095333 0.946801 0.307374
vn 0.004317 0.946801 0.321789
vn 0.103544 0.946801 0.304706
vn 0.192636 0.946801 0.257796
vn 0.129453 0.939567 0.316949
vn -0.069448 0.889778 0.451079
vn -0.271707 0.898058 0.345930
vn -0.168399 0.985625 0.013584
vn -0.118157 0.990164 -0.074928
vn 0.022797 0.992451 -0.120507
vn 0.049557 0.985442 -0.162627
vn -0.003123 0.985443 -0.169981
vn -0.055497 0.985443 -0.160696
vn -0.102439 0.985443 -0.135680
vn -0.139353 0.985443 -0.097384
vn -0.162626 0.985443 -0.049557
vn -0.169981 0.985442 0.003123
vn -0.160696 0.985442 0.055497
vn -0.135682 0.985442 0.102439
vn -0.097386 0.985442 0.139353
vn -0.049557 0.985442 0.162627
vn 0.003123 0.985442 0.169981
vn 0.055497 0.985442 0.160696
vn 0.102439 0.985443 0.135680
vn 0.092349 0.988096 0.123036
vn -0.013106 0.993496 0.113110
vn -0.136379 0.989469 0.048496
vn -0.000000 -1.000000 -0.000000
vn -0.000457 1.000000 0.000138
s 1
g group1 bomb:pSphere1
usemtl lambert4SG
f 147/225/523 148/226/524 167/246/525
f 167/246/525 148/226/524 168/247/526
f 148/226/524 149/227/527 168/247/526
f 168/247/526 149/227/527 169/248/528
f 149/227/527 150/228/529 169/248/528
f 169/248/528 150/228/529 170/249/530
f 150/228/529 151/229/531 170/249/530
f 170/249/530 151/229/531 171/250/532
f 151/229/531 152/230/533 171/250/532
f 171/250/532 152/230/533 172/251/534
f 152/230/533 153/231/535 172/251/534
f 172/251/534 153/231/535 173/252/536
f 153/231/535 154/232/537 173/252/536
f 173/252/536 154/232/537 174/253/538
f 154/232/537 155/233/539 174/253/538
f 174/253/538 155/233/539 175/254/540
f 155/233/539 156/234/541 175/254/540
f 175/254/540 156/234/541 176/255/542
f 156/234/541 157/235/543 176/255/542
f 176/255/542 157/235/543 177/256/544
f 157/235/543 158/236/545 177/256/544
f 177/256/544 158/236/545 178/257/546
f 158/236/545 159/237/547 178/257/546
f 178/257/546 159/237/547 179/258/548
f 159/237/547 160/238/549 179/258/548
f 179/258/548 160/238/549 180/259/550
f 160/238/549 161/239/551 180/259/550
f 180/259/550 161/239/551 181/260/552
f 161/239/551 162/240/553 181/260/552
f 181/260/552 162/240/553 182/261/554
f 162/240/553 163/241/555 182/261/554
f 182/261/554 163/241/555 183/262/556
f 163/241/555 164/242/557 183/262/556
f 183/262/556 164/242/557 184/263/558
f 164/242/557 165/243/559 184/263/558
f 184/263/558 165/243/559 185/264/560
f 165/243/559 166/244/561 185/264/560
f 185/264/560 166/244/561 186/265/562
f 166/244/561 147/245/523 186/265/562
f 186/265/562 147/245/523 167/266/525
f 167/246/525 168/247/526 187/267/563
f 187/267/563 168/247/526 188/268/564
f 168/247/526 169/248/528 188/268/564
f 188/268/564 169/248/528 189/269/565
f 169/248/528 170/249/530 189/269/565
f 189/269/565 170/249/530 190/270/566
f 170/249/530 171/250/532 190/270/566
f 190/270/566 171/250/532 191/271/567
f 171/250/532 172/251/534 191/271/567
f 191/271/567 172/251/534 192/272/568
f 172/251/534 173/252/536 192/272/568
f 192/272/568 173/252/536 193/273/569
f 173/252/536 174/253/538 193/273/569
f 193/273/569 174/253/538 194/274/570
f 174/253/538 175/254/540 194/274/570
f 194/274/570 175/254/540 195/275/571
f 175/254/540 176/255/542 195/275/571
f 195/275/571 176/255/542 196/276/572
f 176/255/542 177/256/544 196/276/572
f 196/276/572 177/256/544 197/277/573
f 177/256/544 178/257/546 197/277/573
f 197/277/573 178/257/546 198/278/574
f 178/257/546 179/258/548 198/278/574
f 198/278/574 179/258/548 199/279/575
f 179/258/548 180/259/550 199/279/575
f 199/279/575 180/259/550 200/280/576
f 180/259/550 181/260/552 200/280/576
f 200/280/576 181/260/552 201/281/577
f 181/260/552 182/261/554 201/281/577
f 201/281/577 182/261/554 202/282/578
f 182/261/554 183/262/556 202/282/578
f 202/282/578 183/262/556 203/283/579
f 183/262/556 184/263/558 203/283/579
f 203/283/579 184/263/558 204/284/580
f 184/263/558 185/264/560 204/284/580
f 204/284/580 185/264/560 205/285/581
f 185/264/560 186/265/562 205/285/581
f 205/285/581 186/265/562 206/286/582
f 186/265/562 167/266/525 206/286/582
f 206/286/582 167/266/525 187/287/563
f 187/267/563 188/268/564 207/288/583
f 207/288/583 188/268/564 208/289/584
f 188/268/564 189/269/565 208/289/584
f 208/289/584 189/269/565 209/290/585
f 189/269/565 190/270/566 209/290/585
f 209/290/585 190/270/566 210/291/586
f 190/270/566 191/271/567 210/291/586
f 210/291/586 191/271/567 211/292/587
f 191/271/567 192/272/568 211/292/587
f 211/292/587 192/272/568 212/293/588
f 192/272/568 193/273/569 212/293/588
f 212/293/588 193/273/569 213/294/589
f 193/273/569 194/274/570 213/294/589
f 213/294/589 194/274/570 214/295/590
f 194/274/570 195/275/571 214/295/590
f 214/295/590 195/275/571 215/296/591
f 195/275/571 196/276/572 215/296/591
f 215/296/591 196/276/572 216/297/592
f 196/276/572 197/277/573 216/297/592
f 216/297/592 197/277/573 217/298/593
f 197/277/573 198/278/574 217/298/593
f 217/298/593 198/278/574 218/299/594
f 198/278/574 199/279/575 218/299/594
f 218/299/594 199/279/575 219/300/595
f 199/279/575 200/280/576 219/300/595
f 219/300/595 200/280/576 220/301/596
f 200/280/576 201/281/577 220/301/596
f 220/301/596 201/281/577 221/302/597
f 201/281/577 202/282/578 221/302/597
f 221/302/597 202/282/578 222/303/598
f 202/282/578 203/283/579 222/303/598
f 222/303/598 203/283/579 223/304/599
f 203/283/579 204/284/580 223/304/599
f 223/304/599 204/284/580 224/305/600
f 204/284/580 205/285/581 224/305/600
f 224/305/600 205/285/581 225/306/601
f 205/285/581 206/286/582 225/306/601
f 225/306/601 206/286/582 226/307/602
f 206/286/582 187/287/563 226/307/602
f 226/307/602 187/287/563 207/308/583
f 207/288/583 208/289/584 227/309/603
f 227/309/603 208/289/584 228/310/604
f 208/289/584 209/290/585 228/310/604
f 228/310/604 209/290/585 229/311/605
f 209/290/585 210/291/586 229/311/605
f 229/311/605 210/291/586 230/312/606
f 210/291/586 211/292/587 230/312/606
f 230/312/606 211/292/587 231/313/607
f 211/292/587 212/293/588 231/313/607
f 231/313/607 212/293/588 232/314/608
f 212/293/588 213/294/589 232/314/608
f 232/314/608 213/294/589 233/315/609
f 213/294/589 214/295/590 233/315/609
f 233/315/609 214/295/590 234/316/610
f 214/295/590 215/296/591 234/316/610
f 234/316/610 215/296/591 235/317/611
f 215/296/591 216/297/592 235/317/611
f 235/317/611 216/297/592 236/318/612
f 216/297/592 217/298/593 236/318/612
f 236/318/612 217/298/593 237/319/613
f 217/298/593 218/299/594 237/319/613
f 237/319/613 218/299/594 238/320/614
f 218/299/594 219/300/595 238/320/614
f 238/320/614 219/300/595 239/321/615
f 219/300/595 220/301/596 239/321/615
f 239/321/615 220/301/596 240/322/616
f 220/301/596 221/302/597 240/322/616
f 240/322/616 221/302/597 241/323/617
f 221/302/597 222/303/598 241/323/617
f 241/323/617 222/303/598 242/324/618
f 222/303/598 223/304/599 242/324/618
f 242/324/618 223/304/599 243/325/619
f 223/304/599 224/305/600 243/325/619
f 243/325/619 224/305/600 244/326/620
f 224/305/600 225/306/601 244/326/620
f 244/326/620 225/306/601 245/327/621
f 225/306/601 226/307/602 245/327/621
f 245/327/621 226/307/602 246/328/622
f 226/307/602 207/308/583 246/328/622
f 246/328/622 207/308/583 227/329/603
f 227/309/603 228/310/604 247/330/623
f 247/330/623 228/310/604 248/331/624
f 228/310/604 229/311/605 248/331/624
f 248/331/624 229/311/605 249/332/625
f 229/311/605 230/312/606 249/332/625
f 249/332/625 230/312/606 250/333/626
f 230/312/606 231/313/607 250/333/626
f 250/333/626 231/313/607 251/334/627
f 231/313/607 232/314/608 251/334/627
f 251/334/627 232/314/608 252/335/628
f 232/314/608 233/315/609 252/335/628
f 252/335/628 233/315/609 253/336/629
f 233/315/609 234/316/610 253/336/629
f 253/336/629 234/316/610 254/337/630
f 234/316/610 235/317/611 254/337/630
f 254/337/630 235/317/611 255/338/631
f 235/317/611 236/318/612 255/338/631
f 255/338/631 236/318/612 256/339/632
f 236/318/612 237/319/613 256/339/632
f 256/339/632 237/319/613 257/340/633
f 237/319/613 238/320/614 257/340/633
f 257/340/633 238/320/614 258/341/634
f 238/320/614 239/321/615 258/341/634
f 258/341/634 239/321/615 259/342/635
f 239/321/615 240/322/616 259/342/635
f 259/342/635 240/322/616 260/343/636
f 240/322/616 241/323/617 260/343/636
f 260/343/636 241/323/617 261/344/637
f 241/323/617 242/324/618 261/344/637
f 261/344/637 242/324/618 262/345/638
f 242/324/618 243/325/619 262/345/638
f 262/345/638 243/325/619 263/346/639
f 243/325/619 244/326/620 263/346/639
f 263/346/639 244/326/620 264/347/640
f 244/326/620 245/327/621 264/347/640
f 264/347/640 245/327/621 265/348/641
f 245/327/621 246/328/622 265/348/641
f 265/348/641 246/328/622 266/349/642
f 246/328/622 227/329/603 266/349/642
f 266/349/642 227/329/603 247/350/623
f 247/330/623 248/331/624 267/351/643
f 267/351/643 248/331/624 268/352/644
f 248/331/624 249/332/625 268/352/644
f 268/352/644 249/332/625 269/353/645
f 249/332/625 250/333/626 269/353/645
f 269/353/645 250/333/626 270/354/646
f 250/333/626 251/334/627 270/354/646
f 270/354/646 251/334/627 271/355/647
f 251/334/627 252/335/628 271/355/647
f 271/355/647 252/335/628 272/356/648
f 252/335/628 253/336/629 272/356/648
f 272/356/648 253/336/629 273/357/649
f 253/336/629 254/337/630 273/357/649
f 273/357/649 254/337/630 274/358/650
f 254/337/630 255/338/631 274/358/650
f 274/358/650 255/338/631 275/359/651
f 255/338/631 256/339/632 275/359/651
f 275/359/651 256/339/632 276/360/652
f 256/339/632 257/340/633 276/360/652
f 276/360/652 257/340/633 277/361/653
f 257/340/633 258/341/634 277/361/653
f 277/361/653 258/341/634 278/362/654
f 258/341/634 259/342/635 278/362/654
f 278/362/654 259/342/635 279/363/655
f 259/342/635 260/343/636 279/363/655
f 279/363/655 260/343/636 280/364/656
f 260/343/636 261/344/637 280/364/656
f 280/364/656 261/344/637 281/365/657
f 261/344/637 262/345/638 281/365/657
f 281/365/657 262/345/638 282/366/658
f 262/345/638 263/346/639 282/366/658
f 282/366/658 263/346/639 283/367/659
f 263/346/639 264/347/640 283/367/659
f 283/367/659 264/347/640 284/368/660
f 264/347/640 265/348/641 284/368/660
f 284/368/660 265/348/641 285/369/661
f 265/348/641 266/349/642 285/369/661
f 285/369/661 266/349/642 286/370/662
f 266/349/642 247/350/623 286/370/662
f 286/370/662 247/350/623 267/371/643
f 267/351/643 268/352/644 287/372/663
f 287/372/663 268/352/644 288/373/664
f 268/352/644 269/353/645 288/373/664
f 288/373/664 269/353/645 289/374/665
f 269/353/645 270/354/646 289/374/665
f 289/374/665 270/354/646 290/375/666
f 270/354/646 271/355/647 290/375/666
f 290/375/666 271/355/647 291/376/667
f 271/355/647 272/356/648 291/376/667
f 291/376/667 272/356/648 292/377/668
f 272/356/648 273/357/649 292/377/668
f 292/377/668 273/357/649 293/378/669
f 273/357/649 274/358/650 293/378/669
f 293/378/669 274/358/650 294/379/670
f 274/358/650 275/359/651 294/379/670
f 294/379/670 275/359/651 295/380/671
f 275/359/651 276/360/652 295/380/671
f 295/380/671 276/360/652 296/381/672
f 276/360/652 277/361/653 296/381/672
f 296/381/672 277/361/653 297/382/673
f 277/361/653 278/362/654 297/382/673
f 297/382/673 278/362/654 298/383/674
f 278/362/654 279/363/655 298/383/674
f 298/383/674 279/363/655 299/384/675
f 279/363/655 280/364/656 299/384/675
f 299/384/675 280/364/656 300/385/676
f 280/364/656 281/365/657 300/385/676
f 300/385/676 281/365/657 301/386/677
f 281/365/657 282/366/658 301/386/677
f 301/386/677 282/366/658 302/387/678
f 282/366/658 283/367/659 302/387/678
f 302/387/678 283/367/659 303/388/679
f 283/367/659 284/368/660 303/388/679
f 303/388/679 284/368/660 304/389/680
f 284/368/660 285/369/661 304/389/680
f 304/389/680 285/369/661 305/390/681
f 285/369/661 286/370/662 305/390/681
f 305/390/681 286/370/662 306/391/682
f 286/370/662 267/371/643 306/391/682
f 306/391/682 267/371/643 287/392/663
f 287/372/663 288/373/664 307/393/683
f 307/393/683 288/373/664 308/394/684
f 288/373/664 289/374/665 308/394/684
f 308/394/684 289/374/665 309/395/685
f 289/374/665 290/375/666 309/395/685
f 309/395/685 290/375/666 310/396/686
f 290/375/666 291/376/667 310/396/686
f 310/396/686 291/376/667 311/397/687
f 291/376/667 292/377/668 311/397/687
f 311/397/687 292/377/668 312/398/688
f 292/377/668 293/378/669 312/398/688
f 312/398/688 293/378/669 313/399/689
f 293/378/669 294/379/670 313/399/689
f 313/399/689 294/379/670 314/400/690
f 294/379/670 295/380/671 314/400/690
f 314/400/690 295/380/671 315/401/691
f 295/380/671 296/381/672 315/401/691
f 315/401/691 296/381/672 316/402/692
f 296/381/672 297/382/673 316/402/692
f 316/402/692 297/382/673 317/403/693
f 297/382/673 298/383/674 317/403/693
f 317/403/693 298/383/674 318/404/694
f 298/383/674 299/384/675 318/404/694
f 318/404/694 299/384/675 319/405/695
f 299/384/675 300/385/676 319/405/695
f 319/405/695 300/385/676 320/406/696
f 300/385/676 301/386/677 320/406/696
f 320/406/696 301/386/677 321/407/697
f 301/386/677 302/387/678 321/407/697
f 321/407/697 302/387/678 322/408/698
f 302/387/678 303/388/679 322/408/698
f 322/408/698 303/388/679 323/409/699
f 303/388/679 304/389/680 323/409/699
f 323/409/699 304/389/680 324/410/700
f 304/389/680 305/390/681 324/410/700
f 324/410/700 305/390/681 325/411/701
f 305/390/681 306/391/682 325/411/701
f 325/411/701 306/391/682 326/412/702
f 306/391/682 287/392/663 326/412/702
f 326/412/702 287/392/663 307/413/683
f 307/393/683 308/394/684 327/414/703
f 327/414/703 308/394/684 328/415/704
f 308/394/684 309/395/685 328/415/704
f 328/415/704 309/395/685 329/416/705
f 309/395/685 310/396/686 329/416/705
f 329/416/705 310/396/686 330/417/706
f 310/396/686 311/397/687 330/417/706
f 330/417/706 311/397/687 331/418/707
f 311/397/687 312/398/688 331/418/707
f 331/418/707 312/398/688 332/419/708
f 312/398/688 313/399/689 332/419/708
f 332/419/708 313/399/689 333/420/709
f 313/399/689 314/400/690 333/420/709
f 333/420/709 314/400/690 334/421/710
f 314/400/690 315/401/691 334/421/710
f 334/421/710 315/401/691 335/422/711
f 315/401/691 316/402/692 335/422/711
f 335/422/711 316/402/692 336/423/712
f 316/402/692 317/403/693 336/423/712
f 336/423/712 317/403/693 337/424/713
f 317/403/693 318/404/694 337/424/713
f 337/424/713 318/404/694 338/425/714
f 318/404/694 319/405/695 338/425/714
f 338/425/714 319/405/695 339/426/715
f 319/405/695 320/406/696 339/426/715
f 339/426/715 320/406/696 340/427/716
f 320/406/696 321/407/697 340/427/716
f 340/427/716 321/407/697 341/428/717
f 321/407/697 322/408/698 341/428/717
f 341/428/717 322/408/698 342/429/718
f 322/408/698 323/409/699 342/429/718
f 342/429/718 323/409/699 343/430/719
f 323/409/699 324/410/700 343/430/719
f 343/430/719 324/410/700 344/431/720
f 324/410/700 325/411/701 344/431/720
f 344/431/720 325/411/701 345/432/721
f 325/411/701 326/412/702 345/432/721
f 345/432/721 326/412/702 346/433/722
f 326/412/702 307/413/683 346/433/722
f 346/433/722 307/413/683 327/434/703
f 327/414/703 328/415/704 347/435/723
f 347/435/723 328/415/704 348/436/724
f 328/415/704 329/416/705 348/436/724
f 348/436/724 329/416/705 349/437/725
f 329/416/705 330/417/706 349/437/725
f 349/437/725 330/417/706 350/438/726
f 330/417/706 331/418/707 350/438/726
f 350/438/726 331/418/707 351/439/727
f 331/418/707 332/419/708 351/439/727
f 351/439/727 332/419/708 352/440/728
f 332/419/708 333/420/709 352/440/728
f 352/440/728 333/420/709 353/441/729
f 333/420/709 334/421/710 353/441/729
f 353/441/729 334/421/710 354/442/730
f 334/421/710 335/422/711 354/442/730
f 354/442/730 335/422/711 355/443/731
f 335/422/711 336/423/712 355/443/731
f 355/443/731 336/423/712 356/444/732
f 336/423/712 337/424/713 356/444/732
f 356/444/732 337/424/713 357/445/733
f 337/424/713 338/425/714 357/445/733
f 357/445/733 338/425/714 358/446/734
f 338/425/714 339/426/715 358/446/734
f 358/446/734 339/426/715 359/447/735
f 339/426/715 340/427/716 359/447/735
f 359/447/735 340/427/716 360/448/736
f 340/427/716 341/428/717 360/448/736
f 360/448/736 341/428/717 361/449/737
f 341/428/717 342/429/718 361/449/737
f 361/449/737 342/429/718 362/450/738
f 342/429/718 343/430/719 362/450/738
f 362/450/738 343/430/719 363/451/739
f 343/430/719 344/431/720 363/451/739
f 363/451/739 344/431/720 364/452/740
f 344/431/720 345/432/721 364/452/740
f 364/452/740 345/432/721 365/453/741
f 345/432/721 346/433/722 365/453/741
f 365/453/741 346/433/722 366/454/742
f 346/433/722 327/434/703 366/454/742
f 366/454/742 327/434/703 347/455/723
f 347/435/723 348/436/724 367/456/743
f 367/456/743 348/436/724 368/457/744
f 348/436/724 349/437/725 368/457/744
f 368/457/744 349/437/725 369/458/745
f 349/437/725 350/438/726 369/458/745
f 369/458/745 350/438/726 370/459/746
f 350/438/726 351/439/727 370/459/746
f 370/459/746 351/439/727 371/460/747
f 351/439/727 352/440/728 371/460/747
f 371/460/747 352/440/728 372/461/748
f 352/440/728 353/441/729 372/461/748
f 372/461/748 353/441/729 373/462/749
f 353/441/729 354/442/730 373/462/749
f 373/462/749 354/442/730 374/463/750
f 354/442/730 355/443/731 374/463/750
f 374/463/750 355/443/731 375/464/751
f 355/443/731 356/444/732 375/464/751
f 375/464/751 356/444/732 376/465/752
f 356/444/732 357/445/733 376/465/752
f 376/465/752 357/445/733 377/466/753
f 357/445/733 358/446/734 377/466/753
f 377/466/753 358/446/734 378/467/754
f 358/446/734 359/447/735 378/467/754
f 378/467/754 359/447/735 379/468/755
f 359/447/735 360/448/736 379/468/755
f 379/468/755 360/448/736 380/469/756
f 360/448/736 361/449/737 380/469/756
f 380/469/756 361/449/737 381/470/757
f 361/449/737 362/450/738 381/470/757
f 381/470/757 362/450/738 382/471/758
f 362/450/738 363/451/739 382/471/758
f 382/471/758 363/451/739 383/472/759
f 363/451/739 364/452/740 383/472/759
f 383/472/759 364/452/740 384/473/760
f 364/452/740 365/453/741 384/473/760
f 384/473/760 365/453/741 385/474/761
f 365/453/741 366/454/742 385/474/761
f 385/474/761 366/454/742 386/475/762
f 366/454/742 347/455/723 386/475/762
f 386/475/762 347/455/723 367/476/743
f 367/456/743 368/457/744 387/477/763
f 387/477/763 368/457/744 388/478/764
f 368/457/744 369/458/745 388/478/764
f 388/478/764 369/458/745 389/479/765
f 369/458/745 370/459/746 389/479/765
f 389/479/765 370/459/746 390/480/766
f 370/459/746 371/460/747 390/480/766
f 390/480/766 371/460/747 391/481/767
f 371/460/747 372/461/748 391/481/767
f 391/481/767 372/461/748 392/482/768
f 372/461/748 373/462/749 392/482/768
f 392/482/768 373/462/749 393/483/769
f 373/462/749 374/463/750 393/483/769
f 393/483/769 374/463/750 394/484/770
f 374/463/750 375/464/751 394/484/770
f 394/484/770 375/464/751 395/485/771
f 375/464/751 376/465/752 395/485/771
f 395/485/771 376/465/752 396/486/772
f 376/465/752 377/466/753 396/486/772
f 396/486/772 377/466/753 397/487/773
f 377/466/753 378/467/754 397/487/773
f 397/487/773 378/467/754 398/488/774
f 378/467/754 379/468/755 398/488/774
f 398/488/774 379/468/755 399/489/775
f 379/468/755 380/469/756 399/489/775
f 399/489/775 380/469/756 400/490/776
f 380/469/756 381/470/757 400/490/776
f 400/490/776 381/470/757 401/491/777
f 381/470/757 382/471/758 401/491/777
f 401/491/777 382/471/758 402/492/778
f 382/471/758 383/472/759 402/492/778
f 402/492/778 383/472/759 403/493/779
f 383/472/759 384/473/760 403/493/779
f 403/493/779 384/473/760 404/494/780
f 384/473/760 385/474/761 404/494/780
f 404/494/780 385/474/761 405/495/781
f 385/474/761 386/475/762 405/495/781
f 405/495/781 386/475/762 406/496/782
f 386/475/762 367/476/743 406/496/782
f 406/496/782 367/476/743 387/497/763
f 387/477/763 388/478/764 407/498/783
f 407/498/783 388/478/764 408/499/784
f 388/478/764 389/479/765 408/499/784
f 408/499/784 389/479/765 409/500/785
f 389/479/765 390/480/766 409/500/785
f 409/500/785 390/480/766 410/501/786
f 390/480/766 391/481/767 410/501/786
f 410/501/786 391/481/767 411/502/787
f 391/481/767 392/482/768 411/502/787
f 411/502/787 392/482/768 412/503/788
f 392/482/768 393/483/769 412/503/788
f 412/503/788 393/483/769 413/504/789
f 393/483/769 394/484/770 413/504/789
f 413/504/789 394/484/770 414/505/790
f 394/484/770 395/485/771 414/505/790
f 414/505/790 395/485/771 415/506/791
f 395/485/771 396/486/772 415/506/791
f 415/506/791 396/486/772 416/507/792
f 396/486/772 397/487/773 416/507/792
f 416/507/792 397/487/773 417/508/793
f 397/487/773 398/488/774 417/508/793
f 417/508/793 398/488/774 418/509/794
f 398/488/774 399/489/775 418/509/794
f 418/509/794 399/489/775 419/510/795
f 399/489/775 400/490/776 419/510/795
f 419/510/795 400/490/776 420/511/796
f 400/490/776 401/491/777 420/511/796
f 420/511/796 401/491/777 421/512/797
f 401/491/777 402/492/778 421/512/797
f 421/512/797 402/492/778 422/513/798
f 402/492/778 403/493/779 422/513/798
f 422/513/798 403/493/779 423/514/799
f 403/493/779 404/494/780 423/514/799
f 423/514/799 404/494/780 424/515/800
f 404/494/780 405/495/781 424/515/800
f 424/515/800 405/495/781 425/516/801
f 405/495/781 406/496/782 425/516/801
f 425/516/801 406/496/782 426/517/802
f 406/496/782 387/497/763 426/517/802
f 426/517/802 387/497/763 407/518/783
f 407/498/783 408/499/784 427/519/803
f 427/519/803 408/499/784 428/520/804
f 408/499/784 409/500/785 428/520/804
f 428/520/804 409/500/785 429/521/805
f 409/500/785 410/501/786 429/521/805
f 429/521/805 410/501/786 430/522/806
f 410/501/786 411/502/787 430/522/806
f 430/522/806 411/502/787 431/523/807
f 411/502/787 412/503/788 431/523/807
f 431/523/807 412/503/788 432/524/808
f 412/503/788 413/504/789 432/524/808
f 432/524/808 413/504/789 433/525/809
f 413/504/789 414/505/790 433/525/809
f 433/525/809 414/505/790 434/526/810
f 414/505/790 415/506/791 434/526/810
f 434/526/810 415/506/791 435/527/811
f 415/506/791 416/507/792 435/527/811
f 435/527/811 416/507/792 436/528/812
f 416/507/792 417/508/793 436/528/812
f 436/528/812 417/508/793 437/529/813
f 417/508/793 418/509/794 437/529/813
f 437/529/813 418/509/794 438/530/814
f 418/509/794 419/510/795 438/530/814
f 438/530/814 419/510/795 439/531/815
f 419/510/795 420/511/796 439/531/815
f 439/531/815 420/511/796 440/532/816
f 420/511/796 421/512/797 440/532/816
f 440/532/816 421/512/797 441/533/817
f 421/512/797 422/513/798 441/533/817
f 441/533/817 422/513/798 442/534/818
f 422/513/798 423/514/799 442/534/818
f 442/534/818 423/514/799 443/535/819
f 423/514/799 424/515/800 443/535/819
f 443/535/819 424/515/800 444/536/820
f 424/515/800 425/516/801 444/536/820
f 444/536/820 425/516/801 445/537/821
f 425/516/801 426/517/802 445/537/821
f 445/537/821 426/517/802 446/538/822
f 426/517/802 407/518/783 446/538/822
f 446/538/822 407/518/783 427/539/803
f 427/519/803 428/520/804 447/540/823
f 447/540/823 428/520/804 448/541/824
f 428/520/804 429/521/805 448/541/824
f 448/541/824 429/521/805 449/542/825
f 429/521/805 430/522/806 449/542/825
f 449/542/825 430/522/806 450/543/826
f 430/522/806 431/523/807 450/543/826
f 450/543/826 431/523/807 451/544/827
f 431/523/807 432/524/808 451/544/827
f 451/544/827 432/524/808 452/545/828
f 432/524/808 433/525/809 452/545/828
f 452/545/828 433/525/809 453/546/829
f 433/525/809 434/526/810 453/546/829
f 453/546/829 434/526/810 454/547/830
f 434/526/810 435/527/811 454/547/830
f 454/547/830 435/527/811 455/548/831
f 435/527/811 436/528/812 455/548/831
f 455/548/831 436/528/812 456/549/832
f 436/528/812 437/529/813 456/549/832
f 456/549/832 437/529/813 457/550/833
f 437/529/813 438/530/814 457/550/833
f 457/550/833 438/530/814 458/551/834
f 438/530/814 439/531/815 458/551/834
f 458/551/834 439/531/815 459/552/835
f 439/531/815 440/532/816 459/552/835
f 459/552/835 440/532/816 460/553/836
f 440/532/816 441/533/817 460/553/836
f 460/553/836 441/533/817 461/554/837
f 441/533/817 442/534/818 461/554/837
f 461/554/837 442/534/818 462/555/838
f 442/534/818 443/535/819 462/555/838
f 462/555/838 443/535/819 463/556/839
f 443/535/819 444/536/820 463/556/839
f 463/556/839 444/536/820 464/557/840
f 444/536/820 445/537/821 464/557/840
f 464/557/840 445/537/821 465/558/841
f 445/537/821 446/538/822 465/558/841
f 465/558/841 446/538/822 466/559/842
f 446/538/822 427/539/803 466/559/842
f 466/559/842 427/539/803 447/560/823
f 447/540/823 448/541/824 467/561/843
f 467/561/843 448/541/824 468/562/844
f 448/541/824 449/542/825 468/562/844
f 468/562/844 449/542/825 469/563/845
f 449/542/825 450/543/826 469/563/845
f 469/563/845 450/543/826 470/564/846
f 450/543/826 451/544/827 470/564/846
f 470/564/846 451/544/827 471/565/847
f 451/544/827 452/545/828 471/565/847
f 471/565/847 452/545/828 472/566/848
f 452/545/828 453/546/829 472/566/848
f 472/566/848 453/546/829 473/567/849
f 453/546/829 454/547/830 473/567/849
f 473/567/849 454/547/830 474/568/850
f 454/547/830 455/548/831 474/568/850
f 474/568/850 455/548/831 475/569/851
f 455/548/831 456/549/832 475/569/851
f 475/569/851 456/549/832 476/570/852
f 456/549/832 457/550/833 476/570/852
f 476/570/852 457/550/833 477/571/853
f 457/550/833 458/551/834 477/571/853
f 477/571/853 458/551/834 478/572/854
f 458/551/834 459/552/835 478/572/854
f 478/572/854 459/552/835 479/573/855
f 459/552/835 460/553/836 479/573/855
f 479/573/855 460/553/836 480/574/856
f 460/553/836 461/554/837 480/574/856
f 480/574/856 461/554/837 481/575/857
f 461/554/837 462/555/838 481/575/857
f 481/575/857 462/555/838 482/576/858
f 462/555/838 463/556/839 482/576/858
f 482/576/858 463/556/839 483/577/859
f 463/556/839 464/557/840 483/577/859
f 483/577/859 464/557/840 484/578/860
f 464/557/840 465/558/841 484/578/860
f 484/578/860 465/558/841 485/579/861
f 465/558/841 466/559/842 485/579/861
f 485/579/861 466/559/842 486/580/862
f 466/559/842 447/560/823 486/580/862
f 486/580/862 447/560/823 467/581/843
f 467/561/843 468/562/844 487/582/863
f 487/582/863 468/562/844 488/583/864
f 468/562/844 469/563/845 488/583/864
f 488/583/864 469/563/845 489/584/865
f 469/563/845 470/564/846 489/584/865
f 489/584/865 470/564/846 490/585/866
f 470/564/846 471/565/847 490/585/866
f 490/585/866 471/565/847 491/586/867
f 471/565/847 472/566/848 491/586/867
f 491/586/867 472/566/848 492/587/868
f 472/566/848 473/567/849 492/587/868
f 492/587/868 473/567/849 493/588/869
f 473/567/849 474/568/850 493/588/869
f 493/588/869 474/568/850 494/589/870
f 474/568/850 475/569/851 494/589/870
f 494/589/870 475/569/851 495/590/871
f 475/569/851 476/570/852 495/590/871
f 495/590/871 476/570/852 496/591/872
f 476/570/852 477/571/853 496/591/872
f 496/591/872 477/571/853 497/592/873
f 477/571/853 478/572/854 497/592/873
f 497/592/873 478/572/854 498/593/874
f 478/572/854 479/573/855 498/593/874
f 498/593/874 479/573/855 499/594/875
f 479/573/855 480/574/856 499/594/875
f 499/594/875 480/574/856 500/595/876
f 480/574/856 481/575/857 500/595/876
f 500/595/876 481/575/857 501/596/877
f 481/575/857 482/576/858 501/596/877
f 501/596/877 482/576/858 502/597/878
f 482/576/858 483/577/859 502/597/878
f 502/597/878 483/577/859 503/598/879
f 483/577/859 484/578/860 503/598/879
f 503/598/879 484/578/860 504/599/880
f 484/578/860 485/579/861 504/599/880
f 504/599/880 485/579/861 505/600/881
f 485/579/861 486/580/862 505/600/881
f 505/600/881 486/580/862 506/601/882
f 486/580/862 467/581/843 506/601/882
f 506/601/882 467/581/843 487/602/863
f 487/582/863 488/583/864 507/603/883
f 507/603/883 488/583/864 508/604/884
f 488/583/864 489/584/865 508/604/884
f 508/604/884 489/584/865 509/605/885
f 489/584/865 490/585/866 509/605/885
f 509/605/885 490/585/866 510/606/886
f 490/585/866 491/586/867 510/606/886
f 510/606/886 491/586/867 511/607/887
f 491/586/867 492/587/868 511/607/887
f 511/607/887 492/587/868 512/608/888
f 492/587/868 493/588/869 512/608/888
f 512/608/888 493/588/869 513/609/889
f 493/588/869 494/589/870 513/609/889
f 513/609/889 494/589/870 514/610/890
f 494/589/870 495/590/871 514/610/890
f 514/610/890 495/590/871 515/611/891
f 495/590/871 496/591/872 515/611/891
f 515/611/891 496/591/872 516/612/892
f 496/591/872 497/592/873 516/612/892
f 516/612/892 497/592/873 517/613/893
f 497/592/873 498/593/874 517/613/893
f 517/613/893 498/593/874 518/614/894
f 498/593/874 499/594/875 518/614/894
f 518/614/894 499/594/875 519/615/895
f 499/594/875 500/595/876 519/615/895
f 519/615/895 500/595/876 520/616/896
f 500/595/876 501/596/877 520/616/896
f 520/616/896 501/596/877 521/617/897
f 501/596/877 502/597/878 521/617/897
f 521/617/897 502/597/878 522/618/898
f 502/597/878 503/598/879 522/618/898
f 522/618/898 503/598/879 523/619/899
f 503/598/879 504/599/880 523/619/899
f 523/619/899 504/599/880 524/620/900
f 504/599/880 505/600/881 524/620/900
f 524/620/900 505/600/881 525/621/901
f 505/600/881 506/601/882 525/621/901
f 525/621/901 506/601/882 526/622/902
f 506/601/882 487/602/863 526/622/902
f 526/622/902 487/602/863 507/623/883
f 148/226/524 147/225/523 527/624/903
f 149/227/527 148/226/524 527/625/903
f 150/228/529 149/227/527 527/626/903
f 151/229/531 150/228/529 527/627/903
f 152/230/533 151/229/531 527/628/903
f 153/231/535 152/230/533 527/629/903
f 154/232/537 153/231/535 527/630/903
f 155/233/539 154/232/537 527/631/903
f 156/234/541 155/233/539 527/632/903
f 157/235/543 156/234/541 527/633/903
f 158/236/545 157/235/543 527/634/903
f 159/237/547 158/236/545 527/635/903
f 160/238/549 159/237/547 527/636/903
f 161/239/551 160/238/549 527/637/903
f 162/240/553 161/239/551 527/638/903
f 163/241/555 162/240/553 527/639/903
f 164/242/557 163/241/555 527/640/903
f 165/243/559 164/242/557 527/641/903
f 166/244/561 165/243/559 527/642/903
f 147/245/523 166/244/561 527/643/903
f 507/603/883 508/604/884 528/644/904
f 508/604/884 509/605/885 528/645/904
f 509/605/885 510/606/886 528/646/904
f 510/606/886 511/607/887 528/647/904
f 511/607/887 512/608/888 528/648/904
f 512/608/888 513/609/889 528/649/904
f 513/609/889 514/610/890 528/650/904
f 514/610/890 515/611/891 528/651/904
f 515/611/891 516/612/892 528/652/904
f 516/612/892 517/613/893 528/653/904
f 517/613/893 518/614/894 528/654/904
f 518/614/894 519/615/895 528/655/904
f 519/615/895 520/616/896 528/656/904
f 520/616/896 521/617/897 528/657/904
f 521/617/897 522/618/898 528/658/904
f 522/618/898 523/619/899 528/659/904
f 523/619/899 524/620/900 528/660/904
f 524/620/900 525/621/901 528/661/904
f 525/621/901 526/622/902 528/662/904
f 526/622/902 507/623/883 528/663/904
g default
v -0.231257 0.005640 0.429777
v -0.232293 -0.156282 0.513721
v -0.247311 0.089341 0.591031
v -0.248347 -0.072581 0.674976
v -0.065631 0.095814 0.605759
v -0.066667 -0.066108 0.689703
v -0.049577 0.012113 0.444505
v -0.050613 -0.149809 0.528449
vt 0.375000 0.000000
vt 0.625000 0.000000
vt 0.375000 0.250000
vt 0.625000 0.250000
vt 0.375000 0.500000
vt 0.625000 0.500000
vt 0.375000 0.750000
vt 0.625000 0.750000
vt 0.375000 1.000000
vt 0.625000 1.000000
vt 0.875000 0.000000
vt 0.875000 0.250000
vt 0.125000 0.000000
vt 0.125000 0.250000
vn -0.996102 -0.035490 -0.080749
vn -0.996102 -0.035490 -0.080749
vn -0.996102 -0.035490 -0.080749
vn -0.996102 -0.035490 -0.080749
vn -0.088020 0.458909 0.884113
vn -0.088020 0.458909 0.884113
vn -0.088020 0.458909 0.884113
vn -0.088020 0.458909 0.884113
vn 0.996102 0.035490 0.080749
vn 0.996102 0.035490 0.080749
vn 0.996102 0.035490 0.080749
vn 0.996102 0.035490 0.080749
vn 0.088020 -0.458909 -0.884113
vn 0.088020 -0.458909 -0.884113
vn 0.088020 -0.458909 -0.884113
vn 0.088020 -0.458909 -0.884113
vn -0.005679 -0.887774 0.460244
vn -0.005679 -0.887774 0.460244
vn -0.005679 -0.887774 0.460244
vn -0.005679 -0.887774 0.460244
vn 0.005679 0.887774 -0.460244
vn 0.005679 0.887774 -0.460244
vn 0.005679 0.887774 -0.460244
vn 0.005679 0.887774 -0.460244
s 1
g group1 pCube7
usemtl lambert6SG
f 529/664/905 530/665/906 531/666/907
f 531/666/907 530/665/906 532/667/908
s 2
f 531/666/909 532/667/910 533/668/911
f 533/668/911 532/667/910 534/669/912
s 3
f 533/668/913 534/669/914 535/670/915
f 535/670/915 534/669/914 536/671/916
s 4
f 535/670/917 536/671/918 529/672/919
f 529/672/919 536/671/918 530/673/920
s 5
f 530/665/921 536/674/922 532/667/923
f 532/667/923 536/674/922 534/675/924
s 6
f 535/676/925 529/664/926 533/677/927
f 533/677/927 529/664/926 531/666/928
g default
v -0.150173 -0.086532 -0.049870
v -0.161002 -0.081613 -0.073213
v -0.177868 -0.073951 -0.091738
v -0.199121 -0.064296 -0.103631
v -0.222679 -0.053594 -0.107730
v -0.246238 -0.042891 -0.103631
v -0.267491 -0.033237 -0.091738
v -0.284357 -0.025574 -0.073213
v -0.295185 -0.020655 -0.049870
v -0.298917 -0.018960 -0.023994
v -0.295185 -0.020655 0.001881
v -0.284357 -0.025574 0.025224
v -0.267491 -0.033237 0.043749
v -0.246238 -0.042891 0.055643
v -0.222679 -0.053594 0.059741
v -0.199121 -0.064296 0.055643
v -0.177868 -0.073951 0.043749
v -0.161002 -0.081613 0.025224
v -0.150173 -0.086532 0.001881
v -0.146442 -0.088227 -0.023994
v -0.096743 -0.163118 -0.075109
v -0.118134 -0.153401 -0.121219
v -0.151451 -0.138265 -0.157813
v -0.193433 -0.119194 -0.181308
v -0.239970 -0.098052 -0.189403
v -0.286507 -0.076911 -0.181308
v -0.328489 -0.057839 -0.157813
v -0.361806 -0.042704 -0.121219
v -0.383197 -0.032987 -0.075108
v -0.390567 -0.029638 -0.023994
v -0.383197 -0.032987 0.027120
v -0.361806 -0.042704 0.073231
v -0.328489 -0.057840 0.109824
v -0.286507 -0.076911 0.133319
v -0.239970 -0.098052 0.141415
v -0.193433 -0.119194 0.133319
v -0.151451 -0.138265 0.109824
v -0.118134 -0.153401 0.073231
v -0.096743 -0.163118 0.027120
v -0.089373 -0.166467 -0.023994
v -0.047773 -0.241295 -0.099088
v -0.079200 -0.227019 -0.166832
v -0.128147 -0.204783 -0.220593
v -0.189824 -0.176764 -0.255110
v -0.258194 -0.145704 -0.267004
v -0.326564 -0.114645 -0.255110
v -0.388241 -0.086625 -0.220593
v -0.437189 -0.064389 -0.166832
v -0.468615 -0.050113 -0.099088
v -0.479443 -0.045194 -0.023994
v -0.468615 -0.050113 0.051100
v -0.437189 -0.064389 0.118843
v -0.388241 -0.086625 0.172604
v -0.326564 -0.114645 0.207121
v -0.258194 -0.145704 0.219015
v -0.189824 -0.176764 0.207121
v -0.128147 -0.204783 0.172604
v -0.079200 -0.227019 0.118843
v -0.047774 -0.241295 0.051100
v -0.036945 -0.246215 -0.023994
v 0.004771 -0.296081 -0.121219
v -0.035916 -0.277597 -0.208927
v -0.099289 -0.248807 -0.278533
v -0.179143 -0.212531 -0.323222
v -0.267662 -0.172318 -0.338621
v -0.356181 -0.132105 -0.323222
v -0.436035 -0.095828 -0.278532
v -0.499408 -0.067039 -0.208927
v -0.540095 -0.048555 -0.121219
v -0.554115 -0.042186 -0.023994
v -0.540095 -0.048555 0.073231
v -0.499408 -0.067039 0.160938
v -0.436035 -0.095828 0.230544
v -0.356181 -0.132105 0.275233
v -0.267662 -0.172318 0.290632
v -0.179143 -0.212531 0.275233
v -0.099289 -0.248807 0.230544
v -0.035917 -0.277597 0.160938
v 0.004771 -0.296081 0.073231
v 0.018791 -0.302450 -0.023994
v 0.064360 -0.314199 -0.140956
v 0.015412 -0.291962 -0.246469
v -0.060825 -0.257329 -0.330204
v -0.156890 -0.213688 -0.383966
v -0.263378 -0.165312 -0.402491
v -0.369867 -0.116935 -0.383966
v -0.465931 -0.073295 -0.330204
v -0.542169 -0.038661 -0.246469
v -0.591116 -0.016425 -0.140956
v -0.607982 -0.008763 -0.023994
v -0.591116 -0.016425 0.092967
v -0.542169 -0.038661 0.198480
v -0.465931 -0.073295 0.282215
v -0.369867 -0.116936 0.335977
v -0.263378 -0.165312 0.354502
v -0.156890 -0.213688 0.335977
v -0.060825 -0.257329 0.282215
v 0.015412 -0.291962 0.198480
v 0.064359 -0.314199 0.092967
v 0.081225 -0.321861 -0.023994
v 0.125431 -0.305269 -0.157813
v 0.069429 -0.279828 -0.278533
v -0.017795 -0.240203 -0.374336
v -0.127705 -0.190272 -0.435846
v -0.249541 -0.134924 -0.457040
v -0.371377 -0.079575 -0.435846
v -0.481287 -0.029645 -0.374336
v -0.568511 0.009980 -0.278532
v -0.624513 0.035421 -0.157813
v -0.643810 0.044187 -0.023994
v -0.624513 0.035421 0.109824
v -0.568511 0.009980 0.230544
v -0.481287 -0.029645 0.326347
v -0.371377 -0.079575 0.387857
v -0.249541 -0.134924 0.409052
v -0.127705 -0.190272 0.387857
v -0.017796 -0.240203 0.326347
v 0.069429 -0.279828 0.230544
v 0.125431 -0.305268 0.109824
v 0.144728 -0.314035 -0.023994
v 0.178194 -0.290038 -0.171375
v 0.116517 -0.262019 -0.304329
v 0.020452 -0.218378 -0.409841
v -0.100596 -0.163387 -0.477585
v -0.234780 -0.102430 -0.500927
v -0.368963 -0.041472 -0.477585
v -0.490011 0.013519 -0.409841
v -0.586076 0.057159 -0.304328
v -0.647753 0.085179 -0.171375
v -0.787926 0.181717 -0.023994
v -0.647753 0.085179 0.123386
v -0.586076 0.057159 0.256340
v -0.490011 0.013519 0.361853
v -0.368963 -0.041472 0.429596
v -0.234780 -0.102430 0.452939
v -0.100596 -0.163387 0.429596
v 0.020452 -0.218378 0.361852
v 0.116517 -0.262019 0.256340
v 0.178194 -0.290038 0.123386
v 0.300159 -0.268744 -0.023994
v 0.221385 -0.268876 -0.181308
v 0.155550 -0.238969 -0.323222
v 0.053011 -0.192387 -0.435846
v -0.076195 -0.133690 -0.508155
v -0.219422 -0.068624 -0.533071
v -0.362649 -0.003558 -0.508155
v -0.491855 0.055139 -0.435846
v -0.594394 0.101721 -0.323222
v -0.660228 0.131629 -0.181308
v -0.778563 0.221833 -0.023994
v -0.660228 0.131629 0.133319
v -0.594394 0.101721 0.275233
v -0.491855 0.055139 0.387857
v -0.362649 -0.003558 0.460166
v -0.219422 -0.068624 0.485082
v -0.076195 -0.133690 0.460166
v 0.053011 -0.192386 0.387857
v 0.155550 -0.238969 0.275233
v 0.221384 -0.268876 0.133319
v 0.244069 -0.279181 -0.023994
v 0.253965 -0.242246 -0.187367
v 0.247074 -0.192294 -0.334747
v 0.079106 -0.162810 -0.451709
v -0.055077 -0.101853 -0.526803
v -0.203820 -0.034280 -0.552679
v -0.352564 0.033292 -0.526803
v -0.486747 0.094249 -0.451709
v -0.593235 0.142625 -0.334747
v -0.661605 0.173685 -0.187367
v -0.685164 0.184387 -0.023994
v -0.661605 0.173685 0.139378
v -0.593235 0.142625 0.286758
v -0.486747 0.094249 0.403720
v -0.352563 0.033292 0.478814
v -0.203820 -0.034280 0.504690
v -0.055077 -0.101853 0.478814
v 0.079106 -0.162810 0.403720
v 0.185595 -0.211186 0.286758
v 0.253964 -0.242246 0.139378
v 0.277523 -0.252948 -0.023994
v 0.275294 -0.210448 -0.189403
v 0.206072 -0.179002 -0.338621
v 0.034957 -0.151883 -0.457041
v -0.037600 -0.068305 -0.533071
v -0.188197 0.000109 -0.559269
v -0.338795 0.068524 -0.533071
v -0.474651 0.130241 -0.457040
v -0.582466 0.179220 -0.338621
v -0.651688 0.210667 -0.189403
v -0.675541 0.221503 -0.023994
v -0.651688 0.210667 0.141415
v -0.582466 0.179220 0.290632
v -0.474651 0.130241 0.409052
v -0.338795 0.068524 0.485082
v -0.188197 0.000109 0.511280
v -0.037600 -0.068305 0.485082
v 0.098256 -0.130022 0.409052
v 0.398342 -0.119918 0.290632
v 0.275294 -0.210448 0.141415
v 0.299146 -0.221284 -0.023994
v 0.283657 -0.176886 -0.187367
v 0.215287 -0.145826 -0.334747
v 0.038044 -0.097450 -0.485379
v 0.031523 -0.089928 -0.503828
v -0.174128 0.031080 -0.552679
v -0.124265 0.619401 -0.787257
v -0.457055 0.159609 -0.451709
v -0.563543 0.207986 -0.334747
v -0.631913 0.239045 -0.187367
v -0.655471 0.249747 -0.023994
v -0.631913 0.239045 0.139378
v -0.563543 0.207986 0.286758
v -0.457055 0.159609 0.403720
v -0.322871 0.098652 0.478814
v -0.174128 0.031080 0.504690
v -0.025385 -0.036492 0.478814
v 0.108798 -0.097450 0.403720
v 0.215287 -0.145826 0.286758
v 0.283657 -0.176886 0.139378
v 0.307215 -0.187588 -0.023994
v 0.277576 -0.145184 -0.181308
v 0.121740 -0.115276 -0.323222
v 0.109203 -0.068694 -0.435846
v -0.020004 -0.009997 -0.508155
v -0.163230 0.055068 -0.533071
v -0.306457 0.120134 -0.508155
v -0.435663 0.178831 -0.435846
v -0.538202 0.225413 -0.323222
v -0.604036 0.255321 -0.181308
v -0.626721 0.265626 -0.023994
v -0.604036 0.255321 0.133319
v -0.538202 0.225413 0.275233
v -0.435663 0.178831 0.387857
v -0.250930 0.242387 0.431208
v -0.163230 0.055068 0.485082
v -0.020004 -0.009997 0.460166
v 0.109203 -0.068694 0.387857
v 0.211742 -0.115276 0.275233
v 0.277576 -0.145184 0.133319
v 0.300261 -0.155489 -0.023994
v 0.255346 -0.120207 -0.171375
v 0.193669 -0.092188 -0.304329
v 0.097604 -0.048547 -0.409841
v -0.023444 0.006444 -0.477585
v -0.157627 0.067401 -0.500927
v -0.291811 0.128359 -0.477585
v -0.412859 0.183350 -0.409841
v -0.508924 0.226991 -0.304328
v -0.570601 0.255010 -0.171375
v -0.591854 0.264664 -0.023994
v -0.570601 0.255010 0.123386
v -0.508924 0.226991 0.256340
v -0.391355 0.218608 0.360812
v -0.291811 0.128359 0.429596
v -0.157628 0.067401 0.452939
v -0.023444 0.006444 0.429596
v 0.097604 -0.048547 0.361852
v 0.193669 -0.092188 0.256340
v 0.255346 -0.120207 0.123386
v 0.276599 -0.129862 -0.023994
v 0.215641 -0.106693 -0.157813
v 0.159640 -0.081252 -0.278533
v 0.072415 -0.041627 -0.374336
v -0.037495 0.008303 -0.435846
v -0.159331 0.063652 -0.457040
v -0.281167 0.119000 -0.435846
v -0.391077 0.168930 -0.374336
v -0.478301 0.208555 -0.278532
v -0.534303 0.233996 -0.157813
v -0.553600 0.242763 -0.023994
v -0.534303 0.233996 0.109824
v -0.478301 0.208555 0.230544
v -0.391077 0.168930 0.326347
v -0.281167 0.119000 0.387857
v -0.159331 0.063652 0.409052
v -0.037495 0.008303 0.387857
v 0.072414 -0.041627 0.326347
v 0.159639 -0.081252 0.230544
v 0.215641 -0.106693 0.109824
v 0.234938 -0.115460 -0.023994
v 0.158265 -0.107560 -0.140956
v 0.109318 -0.085324 -0.246469
v 0.033080 -0.050690 -0.330204
v -0.062984 -0.007049 -0.383966
v -0.169473 0.041327 -0.402491
v -0.275961 0.089703 -0.383966
v -0.372026 0.133344 -0.330204
v -0.448263 0.167978 -0.246469
v -0.497210 0.190214 -0.140956
v -0.514077 0.197876 -0.023994
v -0.497210 0.190214 0.092967
v -0.448263 0.167978 0.198480
v -0.372026 0.133344 0.282215
v -0.275961 0.089703 0.335977
v -0.169473 0.041327 0.354502
v -0.062984 -0.007049 0.335977
v 0.033080 -0.050690 0.282215
v 0.109318 -0.085324 0.198480
v 0.158265 -0.107560 0.092967
v 0.175131 -0.115222 -0.023994
v 0.084991 -0.121991 -0.121219
v 0.044304 -0.103507 -0.208927
v -0.019069 -0.074718 -0.278533
v -0.098923 -0.038441 -0.323222
v -0.187442 0.001772 -0.338621
v -0.275961 0.041985 -0.323222
v -0.355815 0.078261 -0.278532
v -0.419188 0.107051 -0.208927
v -0.459875 0.125535 -0.121219
v -0.473895 0.131904 -0.023994
v -0.459875 0.125535 0.073231
v -0.419188 0.107051 0.160938
v -0.355815 0.078261 0.230544
v -0.275961 0.041985 0.275233
v -0.187442 0.001772 0.290632
v -0.098923 -0.038441 0.275233
v -0.019069 -0.074718 0.230544
v 0.044303 -0.103507 0.160938
v 0.084991 -0.121991 0.073231
v 0.099011 -0.128360 -0.023994
v 0.006499 -0.128367 -0.099088
v -0.024928 -0.114090 -0.166832
v -0.073875 -0.091854 -0.220593
v -0.135552 -0.063835 -0.255110
v -0.203922 -0.032775 -0.267004
v -0.272292 -0.001716 -0.255110
v -0.333969 0.026303 -0.220593
v -0.382917 0.048539 -0.166832
v -0.414343 0.062816 -0.099088
v -0.425171 0.067735 -0.023994
v -0.414343 0.062816 0.051100
v -0.382917 0.048539 0.118843
v -0.333969 0.026303 0.172604
v -0.272292 -0.001716 0.207121
v -0.203922 -0.032775 0.219015
v -0.135552 -0.063835 0.207121
v -0.073875 -0.091854 0.172604
v -0.024928 -0.114090 0.118843
v 0.006498 -0.128367 0.051100
v 0.017327 -0.133286 -0.023994
v -0.058172 -0.085447 -0.075109
v -0.079563 -0.075729 -0.121219
v -0.112879 -0.060594 -0.157813
v -0.154861 -0.041522 -0.181308
v -0.201398 -0.020381 -0.189403
v -0.247936 0.000761 -0.181308
v -0.289917 0.019832 -0.157813
v -0.323234 0.034968 -0.121219
v -0.344625 0.044685 -0.075108
v -0.351996 0.048034 -0.023994
v -0.344625 0.044685 0.027120
v -0.323234 0.034968 0.073231
v -0.289917 0.019832 0.109824
v -0.247936 0.000761 0.133319
v -0.201398 -0.020381 0.141415
v -0.154861 -0.041522 0.133319
v -0.112880 -0.060593 0.109824
v -0.079563 -0.075729 0.073231
v -0.058172 -0.085446 0.027120
v -0.050801 -0.088795 -0.023994
v -0.117234 -0.019946 -0.049870
v -0.128062 -0.015027 -0.073213
v -0.144928 -0.007365 -0.091738
v -0.166181 0.002290 -0.103631
v -0.189740 0.012992 -0.107730
v -0.213298 0.023695 -0.103631
v -0.234551 0.033349 -0.091738
v -0.251417 0.041011 -0.073213
v -0.262246 0.045931 -0.049870
v -0.265977 0.047626 -0.023994
v -0.262246 0.045931 0.001881
v -0.251417 0.041011 0.025224
v -0.234551 0.033349 0.043749
v -0.213298 0.023695 0.055643
v -0.189740 0.012992 0.059741
v -0.166181 0.002290 0.055643
v -0.144929 -0.007365 0.043749
v -0.128062 -0.015027 0.025224
v -0.117234 -0.019946 0.001881
v -0.113502 -0.021641 -0.023994
v -0.215651 -0.035618 -0.023994
v -0.183911 0.029080 -0.023994
vt 0.000000 0.050000
vt 0.050000 0.050000
vt 0.100000 0.050000
vt 0.150000 0.050000
vt 0.200000 0.050000
vt 0.250000 0.050000
vt 0.300000 0.050000
vt 0.350000 0.050000
vt 0.400000 0.050000
vt 0.450000 0.050000
vt 0.500000 0.050000
vt 0.550000 0.050000
vt 0.600000 0.050000
vt 0.650000 0.050000
vt 0.700000 0.050000
vt 0.750000 0.050000
vt 0.800000 0.050000
vt 0.850000 0.050000
vt 0.900000 0.050000
vt 0.950000 0.050000
vt 1.000000 0.050000
vt 0.000000 0.100000
vt 0.050000 0.100000
vt 0.100000 0.100000
vt 0.150000 0.100000
vt 0.200000 0.100000
vt 0.250000 0.100000
vt 0.300000 0.100000
vt 0.350000 0.100000
vt 0.400000 0.100000
vt 0.450000 0.100000
vt 0.500000 0.100000
vt 0.550000 0.100000
vt 0.600000 0.100000
vt 0.650000 0.100000
vt 0.700000 0.100000
vt 0.750000 0.100000
vt 0.800000 0.100000
vt 0.850000 0.100000
vt 0.900000 0.100000
vt 0.950000 0.100000
vt 1.000000 0.100000
vt 0.000000 0.150000
vt 0.050000 0.150000
vt 0.100000 0.150000
vt 0.150000 0.150000
vt 0.200000 0.150000
vt 0.250000 0.150000
vt 0.300000 0.150000
vt 0.350000 0.150000
vt 0.400000 0.150000
vt 0.450000 0.150000
vt 0.500000 0.150000
vt 0.550000 0.150000
vt 0.600000 0.150000
vt 0.650000 0.150000
vt 0.700000 0.150000
vt 0.750000 0.150000
vt 0.800000 0.150000
vt 0.850000 0.150000
vt 0.900000 0.150000
vt 0.950000 0.150000
vt 1.000000 0.150000
vt 0.000000 0.200000
vt 0.050000 0.200000
vt 0.100000 0.200000
vt 0.150000 0.200000
vt 0.200000 0.200000
vt 0.250000 0.200000
vt 0.300000 0.200000
vt 0.350000 0.200000
vt 0.400000 0.200000
vt 0.450000 0.200000
vt 0.500000 0.200000
vt 0.550000 0.200000
vt 0.600000 0.200000
vt 0.650000 0.200000
vt 0.700000 0.200000
vt 0.750000 0.200000
vt 0.800000 0.200000
vt 0.850000 0.200000
vt 0.900000 0.200000
vt 0.950000 0.200000
vt 1.000000 0.200000
vt 0.000000 0.250000
vt 0.050000 0.250000
vt 0.100000 0.250000
vt 0.150000 0.250000
vt 0.200000 0.250000
vt 0.250000 0.250000
vt 0.300000 0.250000
vt 0.350000 0.250000
vt 0.400000 0.250000
vt 0.450000 0.250000
vt 0.500000 0.250000
vt 0.550000 0.250000
vt 0.600000 0.250000
vt 0.650000 0.250000
vt 0.700000 0.250000
vt 0.750000 0.250000
vt 0.800000 0.250000
vt 0.850000 0.250000
vt 0.900000 0.250000
vt 0.950000 0.250000
vt 1.000000 0.250000
vt 0.000000 0.300000
vt 0.050000 0.300000
vt 0.100000 0.300000
vt 0.150000 0.300000
vt 0.200000 0.300000
vt 0.250000 0.300000
vt 0.300000 0.300000
vt 0.350000 0.300000
vt 0.400000 0.300000
vt 0.450000 0.300000
vt 0.500000 0.300000
vt 0.550000 0.300000
vt 0.600000 0.300000
vt 0.650000 0.300000
vt 0.700000 0.300000
vt 0.750000 0.300000
vt 0.800000 0.300000
vt 0.850000 0.300000
vt 0.900000 0.300000
vt 0.950000 0.300000
vt 1.000000 0.300000
vt 0.000000 0.350000
vt 0.050000 0.350000
vt 0.100000 0.350000
vt 0.150000 0.350000
vt 0.200000 0.350000
vt 0.250000 0.350000
vt 0.300000 0.350000
vt 0.350000 0.350000
vt 0.400000 0.350000
vt 0.450000 0.350000
vt 0.500000 0.350000
vt 0.550000 0.350000
vt 0.600000 0.350000
vt 0.650000 0.350000
vt 0.700000 0.350000
vt 0.750000 0.350000
vt 0.800000 0.350000
vt 0.850000 0.350000
vt 0.900000 0.350000
vt 0.950000 0.350000
vt 1.000000 0.350000
vt 0.000000 0.400000
vt 0.050000 0.400000
vt 0.100000 0.400000
vt 0.150000 0.400000
vt 0.200000 0.400000
vt 0.250000 0.400000
vt 0.300000 0.400000
vt 0.350000 0.400000
vt 0.400000 0.400000
vt 0.450000 0.400000
vt 0.500000 0.400000
vt 0.550000 0.400000
vt 0.600000 0.400000
vt 0.650000 0.400000
vt 0.700000 0.400000
vt 0.750000 0.400000
vt 0.800000 0.400000
vt 0.850000 0.400000
vt 0.900000 0.400000
vt 0.950000 0.400000
vt 1.000000 0.400000
vt 0.000000 0.450000
vt 0.050000 0.450000
vt 0.100000 0.450000
vt 0.150000 0.450000
vt 0.200000 0.450000
vt 0.250000 0.450000
vt 0.300000 0.450000
vt 0.350000 0.450000
vt 0.400000 0.450000
vt 0.450000 0.450000
vt 0.500000 0.450000
vt 0.550000 0.450000
vt 0.600000 0.450000
vt 0.650000 0.450000
vt 0.700000 0.450000
vt 0.750000 0.450000
vt 0.800000 0.450000
vt 0.850000 0.450000
vt 0.900000 0.450000
vt 0.950000 0.450000
vt 1.000000 0.450000
vt 0.000000 0.500000
vt 0.050000 0.500000
vt 0.100000 0.500000
vt 0.150000 0.500000
vt 0.200000 0.500000
vt 0.250000 0.500000
vt 0.300000 0.500000
vt 0.350000 0.500000
vt 0.400000 0.500000
vt 0.450000 0.500000
vt 0.500000 0.500000
vt 0.550000 0.500000
vt 0.600000 0.500000
vt 0.650000 0.500000
vt 0.700000 0.500000
vt 0.750000 0.500000
vt 0.800000 0.500000
vt 0.850000 0.500000
vt 0.900000 0.500000
vt 0.950000 0.500000
vt 1.000000 0.500000
vt 0.000000 0.550000
vt 0.050000 0.550000
vt 0.100000 0.550000
vt 0.150000 0.550000
vt 0.200000 0.550000
vt 0.250000 0.550000
vt 0.300000 0.550000
vt 0.350000 0.550000
vt 0.400000 0.550000
vt 0.450000 0.550000
vt 0.500000 0.550000
vt 0.550000 0.550000
vt 0.600000 0.550000
vt 0.650000 0.550000
vt 0.700000 0.550000
vt 0.750000 0.550000
vt 0.800000 0.550000
vt 0.850000 0.550000
vt 0.900000 0.550000
vt 0.950000 0.550000
vt 1.000000 0.550000
vt 0.000000 0.600000
vt 0.050000 0.600000
vt 0.100000 0.600000
vt 0.150000 0.600000
vt 0.200000 0.600000
vt 0.250000 0.600000
vt 0.300000 0.600000
vt 0.350000 0.600000
vt 0.400000 0.600000
vt 0.450000 0.600000
vt 0.500000 0.600000
vt 0.550000 0.600000
vt 0.600000 0.600000
vt 0.650000 0.600000
vt 0.700000 0.600000
vt 0.750000 0.600000
vt 0.800000 0.600000
vt 0.850000 0.600000
vt 0.900000 0.600000
vt 0.950000 0.600000
vt 1.000000 0.600000
vt 0.000000 0.650000
vt 0.050000 0.650000
vt 0.100000 0.650000
vt 0.150000 0.650000
vt 0.200000 0.650000
vt 0.250000 0.650000
vt 0.300000 0.650000
vt 0.350000 0.650000
vt 0.400000 0.650000
vt 0.450000 0.650000
vt 0.500000 0.650000
vt 0.550000 0.650000
vt 0.600000 0.650000
vt 0.650000 0.650000
vt 0.700000 0.650000
vt 0.750000 0.650000
vt 0.800000 0.650000
vt 0.850000 0.650000
vt 0.900000 0.650000
vt 0.950000 0.650000
vt 1.000000 0.650000
vt 0.000000 0.700000
vt 0.050000 0.700000
vt 0.100000 0.700000
vt 0.150000 0.700000
vt 0.200000 0.700000
vt 0.250000 0.700000
vt 0.300000 0.700000
vt 0.350000 0.700000
vt 0.400000 0.700000
vt 0.450000 0.700000
vt 0.500000 0.700000
vt 0.550000 0.700000
vt 0.600000 0.700000
vt 0.650000 0.700000
vt 0.700000 0.700000
vt 0.750000 0.700000
vt 0.800000 0.700000
vt 0.850000 0.700000
vt 0.900000 0.700000
vt 0.950000 0.700000
vt 1.000000 0.700000
vt 0.000000 0.750000
vt 0.050000 0.750000
vt 0.100000 0.750000
vt 0.150000 0.750000
vt 0.200000 0.750000
vt 0.250000 0.750000
vt 0.300000 0.750000
vt 0.350000 0.750000
vt 0.400000 0.750000
vt 0.450000 0.750000
vt 0.500000 0.750000
vt 0.550000 0.750000
vt 0.600000 0.750000
vt 0.650000 0.750000
vt 0.700000 0.750000
vt 0.750000 0.750000
vt 0.800000 0.750000
vt 0.850000 0.750000
vt 0.900000 0.750000
vt 0.950000 0.750000
vt 1.000000 0.750000
vt 0.000000 0.800000
vt 0.050000 0.800000
vt 0.100000 0.800000
vt 0.150000 0.800000
vt 0.200000 0.800000
vt 0.250000 0.800000
vt 0.300000 0.800000
vt 0.350000 0.800000
vt 0.400000 0.800000
vt 0.450000 0.800000
vt 0.500000 0.800000
vt 0.550000 0.800000
vt 0.600000 0.800000
vt 0.650000 0.800000
vt 0.700000 0.800000
vt 0.750000 0.800000
vt 0.800000 0.800000
vt 0.850000 0.800000
vt 0.900000 0.800000
vt 0.950000 0.800000
vt 1.000000 0.800000
vt 0.000000 0.850000
vt 0.050000 0.850000
vt 0.100000 0.850000
vt 0.150000 0.850000
vt 0.200000 0.850000
vt 0.250000 0.850000
vt 0.300000 0.850000
vt 0.350000 0.850000
vt 0.400000 0.850000
vt 0.450000 0.850000
vt 0.500000 0.850000
vt 0.550000 0.850000
vt 0.600000 0.850000
vt 0.650000 0.850000
vt 0.700000 0.850000
vt 0.750000 0.850000
vt 0.800000 0.850000
vt 0.850000 0.850000
vt 0.900000 0.850000
vt 0.950000 0.850000
vt 1.000000 0.850000
vt 0.000000 0.900000
vt 0.050000 0.900000
vt 0.100000 0.900000
vt 0.150000 0.900000
vt 0.200000 0.900000
vt 0.250000 0.900000
vt 0.300000 0.900000
vt 0.350000 0.900000
vt 0.400000 0.900000
vt 0.450000 0.900000
vt 0.500000 0.900000
vt 0.550000 0.900000
vt 0.600000 0.900000
vt 0.650000 0.900000
vt 0.700000 0.900000
vt 0.750000 0.900000
vt 0.800000 0.900000
vt 0.850000 0.900000
vt 0.900000 0.900000
vt 0.950000 0.900000
vt 1.000000 0.900000
vt 0.000000 0.950000
vt 0.050000 0.950000
vt 0.100000 0.950000
vt 0.150000 0.950000
vt 0.200000 0.950000
vt 0.250000 0.950000
vt 0.300000 0.950000
vt 0.350000 0.950000
vt 0.400000 0.950000
vt 0.450000 0.950000
vt 0.500000 0.950000
vt 0.550000 0.950000
vt 0.600000 0.950000
vt 0.650000 0.950000
vt 0.700000 0.950000
vt 0.750000 0.950000
vt 0.800000 0.950000
vt 0.850000 0.950000
vt 0.900000 0.950000
vt 0.950000 0.950000
vt 1.000000 0.950000
vt 0.025000 0.000000
vt 0.075000 0.000000
vt 0.125000 0.000000
vt 0.175000 0.000000
vt 0.225000 0.000000
vt 0.275000 0.000000
vt 0.325000 0.000000
vt 0.375000 0.000000
vt 0.425000 0.000000
vt 0.475000 0.000000
vt 0.525000 0.000000
vt 0.575000 0.000000
vt 0.625000 0.000000
vt 0.675000 0.000000
vt 0.725000 0.000000
vt 0.775000 0.000000
vt 0.825000 0.000000
vt 0.875000 0.000000
vt 0.925000 0.000000
vt 0.975000 0.000000
vt 0.025000 1.000000
vt 0.075000 1.000000
vt 0.125000 1.000000
vt 0.175000 1.000000
vt 0.225000 1.000000
vt 0.275000 1.000000
vt 0.325000 1.000000
vt 0.375000 1.000000
vt 0.425000 1.000000
vt 0.475000 1.000000
vt 0.525000 1.000000
vt 0.575000 1.000000
vt 0.625000 1.000000
vt 0.675000 1.000000
vt 0.725000 1.000000
vt 0.775000 1.000000
vt 0.825000 1.000000
vt 0.875000 1.000000
vt 0.925000 1.000000
vt 0.975000 1.000000
vn -0.663738 -0.711242 0.231487
vn -0.732755 -0.606810 0.307981
vn -0.714313 -0.688781 0.123847
vn -0.799681 -0.577695 0.163644
vn -0.585318 -0.746071 0.317459
vn -0.628367 -0.652214 0.423995
vn -0.486146 -0.790115 0.373338
vn -0.495651 -0.709924 0.500338
vn -0.375457 -0.839268 0.393269
vn -0.346702 -0.774671 0.528850
vn -0.263907 -0.888799 0.374685
vn -0.195742 -0.840270 0.505599
vn -0.162607 -0.933775 0.318784
vn -0.057877 -0.900159 0.431699
vn -0.081966 -0.969577 0.230656
vn 0.052488 -0.948088 0.313646
vn -0.030487 -0.992433 0.118941
vn 0.123403 -0.978880 0.162991
vn -0.022146 -0.999755 -0.000000
vn 0.146441 -0.989219 0.000000
vn -0.030487 -0.992433 -0.118941
vn 0.123403 -0.978880 -0.162991
vn -0.081966 -0.969577 -0.230656
vn 0.052488 -0.948088 -0.313646
vn -0.162607 -0.933775 -0.318784
vn -0.057877 -0.900159 -0.431699
vn -0.263907 -0.888799 -0.374685
vn -0.195742 -0.840270 -0.505600
vn -0.375457 -0.839268 -0.393270
vn -0.346702 -0.774671 -0.528850
vn -0.486146 -0.790114 -0.373338
vn -0.495651 -0.709924 -0.500338
vn -0.585318 -0.746071 -0.317459
vn -0.628367 -0.652214 -0.423995
vn -0.663738 -0.711242 -0.231487
vn -0.732755 -0.606810 -0.307981
vn -0.714313 -0.688781 -0.123847
vn -0.799681 -0.577695 -0.163644
vn -0.737155 -0.675723 -0.000000
vn -0.823712 -0.567008 -0.000000
vn -0.697034 -0.666146 0.265316
vn -0.754471 -0.641044 0.140841
vn -0.607331 -0.705335 0.365584
vn -0.493088 -0.755226 0.431853
vn -0.364612 -0.811311 0.456982
vn -0.234111 -0.868256 0.437406
vn -0.114665 -0.920355 0.373897
vn -0.018848 -0.962131 0.271934
vn 0.042836 -0.989014 0.141477
vn 0.065188 -0.997873 -0.000000
vn 0.042836 -0.989014 -0.141478
vn -0.018848 -0.962131 -0.271935
vn -0.114666 -0.920355 -0.373897
vn -0.234111 -0.868256 -0.437406
vn -0.364612 -0.811311 -0.456982
vn -0.493088 -0.755226 -0.431853
vn -0.607331 -0.705335 -0.365584
vn -0.697035 -0.666146 -0.265316
vn -0.754471 -0.641044 -0.140842
vn -0.773951 -0.633245 -0.000000
vn -0.489903 -0.869477 0.063283
vn -0.503562 -0.863308 0.033536
vn -0.468592 -0.879097 0.087231
vn -0.441470 -0.891338 0.103059
vn -0.410980 -0.905095 0.109078
vn -0.380006 -0.919069 0.104445
vn -0.351635 -0.931864 0.089340
vn -0.328841 -0.942142 0.065052
vn -0.314118 -0.948777 0.033937
vn -0.307515 -0.951543 0.000000
vn -0.314118 -0.948777 -0.033937
vn -0.328841 -0.942142 -0.065052
vn -0.351635 -0.931864 -0.089339
vn -0.380006 -0.919069 -0.104445
vn -0.410980 -0.905095 -0.109078
vn -0.441470 -0.891338 -0.103060
vn -0.468592 -0.879097 -0.087231
vn -0.489904 -0.869477 -0.063283
vn -0.503562 -0.863308 -0.033537
vn -0.507110 -0.861881 -0.000000
vn -0.124333 -0.970336 -0.207338
vn -0.079217 -0.990983 -0.108061
vn -0.195110 -0.937953 -0.286663
vn -0.284819 -0.896913 -0.338268
vn -0.384839 -0.851159 -0.356969
vn -0.485439 -0.805143 -0.340726
vn -0.576706 -0.763399 -0.290918
vn -0.649540 -0.730089 -0.212292
vn -0.696609 -0.708568 -0.112549
vn -0.717295 -0.696767 -0.002139
vn -0.697783 -0.708032 0.108579
vn -0.651772 -0.729072 0.208918
vn -0.579773 -0.762002 0.288471
vn -0.489038 -0.803505 0.339444
vn -0.388614 -0.849441 0.356972
vn -0.288401 -0.895283 0.339549
vn -0.198150 -0.936569 0.289093
vn -0.126538 -0.969332 0.210675
vn -0.080375 -0.990455 0.111980
vn -0.069657 -0.997569 0.002011
vn 0.163864 -0.970430 -0.177242
vn 0.091299 -0.936743 -0.337900
vn -0.024716 -0.884021 -0.466793
vn -0.171319 -0.817399 -0.550008
vn -0.334166 -0.743394 -0.579395
vn -0.497320 -0.669250 -0.552066
vn -0.644808 -0.602225 -0.470688
vn -0.762185 -0.548884 -0.343221
vn -0.837952 -0.514452 -0.182141
vn -0.745031 -0.667030 -0.000755
vn -0.838786 -0.514780 0.177310
vn -0.765634 -0.547316 0.338008
vn -0.649554 -0.600068 0.466902
vn -0.502899 -0.666714 0.550077
vn -0.340031 -0.740728 0.579397
vn -0.176896 -0.814864 0.552001
vn -0.029460 -0.881865 0.470580
vn 0.087853 -0.935177 0.343112
vn 0.163568 -0.969585 0.182073
vn 0.232668 -0.972556 0.000909
vn 0.287562 -0.940605 -0.180471
vn 0.217334 -0.887267 -0.406847
vn 0.077698 -0.823832 -0.561483
vn -0.098609 -0.743738 -0.661158
vn -0.294330 -0.654825 -0.696114
vn -0.490307 -0.565795 -0.662929
vn -0.667355 -0.485365 -0.564852
vn -0.808145 -0.421405 -0.411484
vn -0.791216 -0.547571 -0.272292
vn -0.885656 -0.464342 0.000000
vn -0.789880 -0.549876 0.271527
vn -0.811212 -0.420012 0.406847
vn -0.671577 -0.483446 0.561483
vn -0.495270 -0.563540 0.661158
vn -0.299549 -0.652454 0.696114
vn -0.103572 -0.741483 0.662929
vn 0.073476 -0.821914 0.564853
vn 0.214266 -0.885873 0.411484
vn 0.287166 -0.940257 0.182901
vn 0.396828 -0.917893 0.000001
vn 0.491793 -0.824355 -0.280318
vn 0.336957 -0.809710 -0.480447
vn 0.209086 -0.715213 -0.666899
vn 0.000986 -0.619954 -0.784638
vn -0.231235 -0.514459 -0.825750
vn -0.463657 -0.408872 -0.786031
vn -0.673529 -0.313531 -0.669371
vn -0.840307 -0.237765 -0.487188
vn -0.851482 -0.201725 -0.484031
vn -0.289052 0.957314 -0.000000
vn -0.850621 -0.201274 0.485729
vn -0.842720 -0.236669 0.483540
vn -0.676850 -0.312022 0.666721
vn -0.467562 -0.407099 0.784638
vn -0.235341 -0.512594 0.825750
vn -0.002919 -0.618180 0.786031
vn 0.206953 -0.713522 0.669371
vn 0.373731 -0.789286 0.487188
vn 0.489783 -0.824720 0.282754
vn 0.551616 0.834093 0.002837
vn 0.608930 -0.751681 -0.253338
vn 0.645485 -0.524282 -0.555407
vn 0.468446 -0.316690 -0.824782
vn 0.132696 -0.416772 -0.899274
vn -0.132934 -0.295743 -0.945973
vn -0.399137 -0.174811 -0.900073
vn -0.639398 -0.065663 -0.766067
vn -0.830197 0.021014 -0.557074
vn -0.870034 0.233698 -0.434081
vn 0.031897 0.999491 -0.000239
vn -0.869723 0.235849 0.433540
vn -0.831579 0.021642 0.554984
vn -0.641300 -0.064799 0.764549
vn -0.401374 -0.173794 0.899274
vn -0.135285 -0.294675 0.945973
vn 0.130918 -0.415607 0.900073
vn 0.371179 -0.524755 0.766067
vn 0.374587 -0.768407 0.518878
vn 0.684504 -0.667451 0.293194
vn 0.727157 -0.686470 0.001293
vn 0.716694 0.343023 -0.607194
vn 0.899893 -0.359550 -0.246814
vn 0.696892 -0.080170 -0.712681
vn 0.320990 -0.001901 -0.947081
vn 0.000465 0.000140 -1.000000
vn -0.419965 -0.213379 -0.882099
vn -0.534751 0.243281 -0.809232
vn -0.736601 0.334521 -0.587805
vn -0.865927 0.393273 -0.309041
vn -0.910495 0.413519 -0.000025
vn -0.865941 0.393279 0.308993
vn -0.736627 0.334534 0.587765
vn -0.535211 0.243033 0.809002
vn -0.281408 0.127733 0.951049
vn -0.000063 -0.000078 1.000000
vn 0.281284 -0.127890 0.951064
vn 0.414581 -0.431178 0.801379
vn 0.706866 -0.224894 0.670643
vn 0.575887 -0.789072 0.213821
vn 0.910416 -0.413695 0.000026
vn 0.958354 -0.005141 -0.285537
vn 0.569476 0.748127 -0.340592
vn 0.663983 -0.313463 -0.678872
vn 0.453020 -0.014130 -0.891388
vn -0.100835 -0.293027 -0.950772
vn -0.542643 0.420261 -0.727269
vn -0.709360 0.234237 -0.664787
vn -0.516387 0.664814 -0.539783
vn -0.635050 0.718722 -0.283110
vn -0.675691 0.737184 0.001276
vn -0.634332 0.718395 0.285538
vn -0.515021 0.664194 0.541849
vn -0.329438 0.579886 0.745120
vn -0.152387 0.373923 0.914855
vn 0.162983 0.357836 0.919451
vn 0.421980 0.238527 0.874664
vn 0.655146 0.133131 0.743680
vn 0.032964 0.987760 -0.152457
vn 0.696777 0.670538 -0.254715
vn 0.999713 -0.023929 -0.001275
vn 0.845017 0.458821 -0.274644
vn 0.644929 0.642053 -0.414530
vn 0.845577 0.023241 -0.533348
vn 0.460729 0.444513 -0.768204
vn 0.658317 0.401320 0.636837
vn 0.378906 0.391205 0.838683
vn -0.014370 0.862476 -0.505893
vn -0.140222 0.919649 -0.366856
vn -0.220797 0.956253 -0.191908
vn -0.248207 0.968705 0.001826
vn -0.219770 0.955786 0.195381
vn -0.138268 0.918761 0.369810
vn -0.324029 0.615312 0.718607
vn 0.215965 0.827723 0.517913
vn 0.215992 0.458786 0.861895
vn 0.500211 0.628709 0.595411
vn 0.659021 0.556563 0.505894
vn 0.784873 0.499391 0.366856
vn 0.865448 0.462787 0.191907
vn 0.892858 0.450334 -0.001825
vn 0.744884 -0.086907 -0.661510
vn 0.538309 0.841499 -0.045852
vn 0.655326 0.724520 -0.213586
vn 0.451217 0.880483 -0.145443
vn 0.408219 0.900016 -0.152736
vn 0.365273 0.919526 -0.145079
vn 0.326584 0.937102 -0.123220
vn 0.295938 0.951024 -0.089300
vn 0.276335 0.959929 -0.046638
vn 0.269695 0.962946 0.000589
vn 0.276667 0.959778 0.047758
vn 0.242272 0.967282 0.075293
vn 0.315326 0.833916 -0.452939
vn 0.427256 0.227593 -0.875016
vn 0.633471 0.722488 -0.276996
vn 0.452236 0.880020 0.145079
vn 0.490925 0.862444 0.123220
vn 0.521571 0.848522 0.089300
vn 0.541174 0.839616 0.046638
vn 0.547814 0.836600 -0.000588
vn 0.175156 0.981135 0.081825
vn 0.209154 0.965690 0.153941
vn 0.261777 0.941784 0.210989
vn 0.327875 0.911756 0.247383
vn 0.400978 0.878547 0.259562
vn 0.473929 0.845406 0.246333
vn 0.539588 0.815578 0.208992
vn 0.591527 0.791983 0.151192
vn 0.624663 0.776930 0.078593
vn 0.635751 0.771892 -0.001699
vn 0.623706 0.777364 -0.081825
vn 0.591897 0.790841 -0.155653
vn 0.644390 0.606204 -0.466131
vn 0.470987 0.846743 -0.247383
vn 0.397884 0.879952 -0.259562
vn 0.324933 0.913093 -0.246333
vn 0.259274 0.942921 -0.208991
vn 0.207335 0.966516 -0.151192
vn 0.174200 0.981569 -0.078593
vn 0.163111 0.986606 0.001699
vn -0.062375 0.986026 0.154472
vn 0.001789 0.956877 0.290486
vn 0.101080 0.911771 0.398066
vn 0.225777 0.855122 0.466680
vn 0.363677 0.792477 0.489612
vn 0.501279 0.729966 0.464618
vn 0.625114 0.673710 0.394143
vn 0.723060 0.629214 0.285087
vn 0.785530 0.600834 0.148125
vn 0.806408 0.591350 -0.003337
vn 0.783652 0.601688 -0.154472
vn 0.719488 0.630836 -0.290487
vn 0.620197 0.675943 -0.398066
vn 0.495499 0.732591 -0.466680
vn 0.357600 0.795237 -0.489612
vn 0.219998 0.857748 -0.464618
vn 0.096163 0.914004 -0.394143
vn -0.001783 0.958500 -0.285087
vn -0.064253 0.986879 -0.148125
vn -0.085132 0.996364 0.003337
vn -0.095618 0.981752 0.164376
vn -0.027673 0.950714 0.308831
vn 0.077526 0.902658 0.423319
vn 0.209835 0.842217 0.496629
vn 0.356428 0.775250 0.521485
vn 0.503000 0.708293 0.495290
vn 0.635156 0.647921 0.420447
vn 0.739830 0.600103 0.304183
vn 0.806622 0.569591 0.157881
vn 0.829555 0.558420 -0.002475
vn 0.805266 0.570215 -0.162489
vn 0.737245 0.601285 -0.308102
vn 0.631597 0.649545 -0.423294
vn 0.498818 0.710199 -0.496787
vn 0.352034 0.777253 -0.521488
vn 0.205659 0.844120 -0.495142
vn 0.073976 0.904277 -0.420489
vn -0.030250 0.951892 -0.304938
vn -0.096972 0.982375 -0.159800
vn -0.118536 0.992947 0.002355
vn 0.219147 0.973288 0.068450
vn 0.246928 0.960494 0.128365
vn 0.290137 0.940605 0.176301
vn 0.344876 0.915415 0.207549
vn 0.406050 0.887265 0.218824
vn 0.467765 0.858869 0.208662
vn 0.523862 0.833061 0.177702
vn 0.568561 0.812502 0.128762
vn 0.597134 0.799367 0.066651
vn 0.606354 0.795195 0.000000
vn 0.597134 0.799367 -0.066651
vn 0.568561 0.812502 -0.128762
vn 0.523862 0.833061 -0.177702
vn 0.467765 0.858869 -0.208662
vn 0.406050 0.887265 -0.218824
vn 0.344876 0.915415 -0.207549
vn 0.290137 0.940605 -0.176301
vn 0.246928 0.960494 -0.128365
vn 0.219147 0.973288 -0.068450
vn 0.208641 0.977992 -0.000000
vn 0.622922 0.777960 -0.082134
vn 0.589685 0.792696 -0.154611
vn 0.537725 0.815723 -0.213188
vn 0.471391 0.845108 -0.252155
vn 0.396556 0.878249 -0.267249
vn 0.320272 0.912019 -0.256216
vn 0.250209 0.943024 -0.219320
vn 0.193843 0.967957 -0.159635
vn 0.157496 0.984028 -0.082973
vn 0.141131 0.989991 0.000000
vn 0.157496 0.984028 0.082973
vn 0.193843 0.967957 0.159635
vn 0.250209 0.943024 0.219320
vn 0.320272 0.912019 0.256217
vn 0.396556 0.878249 0.267249
vn 0.471392 0.845108 0.252155
vn 0.537725 0.815722 0.213188
vn 0.589685 0.792696 0.154611
vn 0.622922 0.777960 0.082134
vn 0.632193 0.774811 0.000000
vn 0.658843 0.745721 -0.099132
vn 0.618596 0.763585 -0.185140
vn 0.556108 0.791323 -0.254073
vn 0.476879 0.826488 -0.299173
vn 0.388164 0.865859 -0.315622
vn 0.298454 0.905665 -0.301156
vn 0.216732 0.941924 -0.256529
vn 0.151522 0.970853 -0.185701
vn 0.109862 0.989337 -0.095617
vn 0.103093 0.994672 -0.000000
vn 0.109862 0.989337 0.095617
vn 0.151522 0.970853 0.185701
vn 0.216732 0.941923 0.256530
vn 0.298454 0.905665 0.301156
vn 0.388164 0.865859 0.315622
vn 0.476879 0.826488 0.299173
vn 0.556108 0.791322 0.254073
vn 0.618596 0.763585 0.185140
vn 0.658843 0.745721 0.099132
vn 0.677175 0.735822 0.000000
vn -0.412555 -0.910933 -0.000000
vn 0.412342 0.911029 -0.000000
s 1
g group1 pSphere1
usemtl lambert2SG
f 538/679/929 558/700/930 537/678/931
f 537/678/931 558/700/930 557/699/932
f 539/680/933 559/701/934 538/679/929
f 538/679/929 559/701/934 558/700/930
f 540/681/935 560/702/936 539/680/933
f 539/680/933 560/702/936 559/701/934
f 541/682/937 561/703/938 540/681/935
f 540/681/935 561/703/938 560/702/936
f 542/683/939 562/704/940 541/682/937
f 541/682/937 562/704/940 561/703/938
f 543/684/941 563/705/942 542/683/939
f 542/683/939 563/705/942 562/704/940
f 544/685/943 564/706/944 543/684/941
f 543/684/941 564/706/944 563/705/942
f 545/686/945 565/707/946 544/685/943
f 544/685/943 565/707/946 564/706/944
f 546/687/947 566/708/948 545/686/945
f 545/686/945 566/708/948 565/707/946
f 546/687/947 547/688/949 566/708/948
f 566/708/948 547/688/949 567/709/950
f 547/688/949 548/689/951 567/709/950
f 567/709/950 548/689/951 568/710/952
f 548/689/951 549/690/953 568/710/952
f 568/710/952 549/690/953 569/711/954
f 549/690/953 550/691/955 569/711/954
f 569/711/954 550/691/955 570/712/956
f 550/691/955 551/692/957 570/712/956
f 570/712/956 551/692/957 571/713/958
f 551/692/957 552/693/959 571/713/958
f 571/713/958 552/693/959 572/714/960
f 552/693/959 553/694/961 572/714/960
f 572/714/960 553/694/961 573/715/962
f 553/694/961 554/695/963 573/715/962
f 573/715/962 554/695/963 574/716/964
f 554/695/963 555/696/965 574/716/964
f 574/716/964 555/696/965 575/717/966
f 555/696/965 556/697/967 575/717/966
f 575/717/966 556/697/967 576/718/968
f 537/698/931 557/719/932 556/697/967
f 556/697/967 557/719/932 576/718/968
f 558/700/930 578/721/969 557/699/932
f 557/699/932 578/721/969 577/720/970
f 559/701/934 579/722/971 558/700/930
f 558/700/930 579/722/971 578/721/969
f 560/702/936 580/723/972 559/701/934
f 559/701/934 580/723/972 579/722/971
f 561/703/938 581/724/973 560/702/936
f 560/702/936 581/724/973 580/723/972
f 562/704/940 582/725/974 561/703/938
f 561/703/938 582/725/974 581/724/973
f 563/705/942 583/726/975 562/704/940
f 562/704/940 583/726/975 582/725/974
f 564/706/944 584/727/976 563/705/942
f 563/705/942 584/727/976 583/726/975
f 565/707/946 585/728/977 564/706/944
f 564/706/944 585/728/977 584/727/976
f 566/708/948 586/729/978 565/707/946
f 565/707/946 586/729/978 585/728/977
f 566/708/948 567/709/950 586/729/978
f 586/729/978 567/709/950 587/730/979
f 567/709/950 568/710/952 587/730/979
f 587/730/979 568/710/952 588/731/980
f 568/710/952 569/711/954 588/731/980
f 588/731/980 569/711/954 589/732/981
f 569/711/954 570/712/956 589/732/981
f 589/732/981 570/712/956 590/733/982
f 570/712/956 571/713/958 590/733/982
f 590/733/982 571/713/958 591/734/983
f 571/713/958 572/714/960 591/734/983
f 591/734/983 572/714/960 592/735/984
f 572/714/960 573/715/962 592/735/984
f 592/735/984 573/715/962 593/736/985
f 573/715/962 574/716/964 593/736/985
f 593/736/985 574/716/964 594/737/986
f 574/716/964 575/717/966 594/737/986
f 594/737/986 575/717/966 595/738/987
f 575/717/966 576/718/968 595/738/987
f 595/738/987 576/718/968 596/739/988
f 557/719/932 577/740/970 576/718/968
f 576/718/968 577/740/970 596/739/988
f 578/721/969 598/742/989 577/720/970
f 577/720/970 598/742/989 597/741/990
f 579/722/971 599/743/991 578/721/969
f 578/721/969 599/743/991 598/742/989
f 580/723/972 600/744/992 579/722/971
f 579/722/971 600/744/992 599/743/991
f 581/724/973 601/745/993 580/723/972
f 580/723/972 601/745/993 600/744/992
f 582/725/974 602/746/994 581/724/973
f 581/724/973 602/746/994 601/745/993
f 583/726/975 603/747/995 582/725/974
f 582/725/974 603/747/995 602/746/994
f 584/727/976 604/748/996 583/726/975
f 583/726/975 604/748/996 603/747/995
f 585/728/977 605/749/997 584/727/976
f 584/727/976 605/749/997 604/748/996
f 586/729/978 606/750/998 585/728/977
f 585/728/977 606/750/998 605/749/997
f 586/729/978 587/730/979 606/750/998
f 606/750/998 587/730/979 607/751/999
f 587/730/979 588/731/980 607/751/999
f 607/751/999 588/731/980 608/752/1000
f 588/731/980 589/732/981 608/752/1000
f 608/752/1000 589/732/981 609/753/1001
f 589/732/981 590/733/982 609/753/1001
f 609/753/1001 590/733/982 610/754/1002
f 590/733/982 591/734/983 610/754/1002
f 610/754/1002 591/734/983 611/755/1003
f 591/734/983 592/735/984 611/755/1003
f 611/755/1003 592/735/984 612/756/1004
f 592/735/984 593/736/985 612/756/1004
f 612/756/1004 593/736/985 613/757/1005
f 593/736/985 594/737/986 613/757/1005
f 613/757/1005 594/737/986 614/758/1006
f 594/737/986 595/738/987 614/758/1006
f 614/758/1006 595/738/987 615/759/1007
f 595/738/987 596/739/988 615/759/1007
f 615/759/1007 596/739/988 616/760/1008
f 577/740/970 597/761/990 596/739/988
f 596/739/988 597/761/990 616/760/1008
f 598/742/989 618/763/1009 597/741/990
f 597/741/990 618/763/1009 617/762/1010
f 599/743/991 619/764/1011 598/742/989
f 598/742/989 619/764/1011 618/763/1009
f 600/744/992 620/765/1012 599/743/991
f 599/743/991 620/765/1012 619/764/1011
f 601/745/993 621/766/1013 600/744/992
f 600/744/992 621/766/1013 620/765/1012
f 602/746/994 622/767/1014 601/745/993
f 601/745/993 622/767/1014 621/766/1013
f 603/747/995 623/768/1015 602/746/994
f 602/746/994 623/768/1015 622/767/1014
f 604/748/996 624/769/1016 603/747/995
f 603/747/995 624/769/1016 623/768/1015
f 605/749/997 625/770/1017 604/748/996
f 604/748/996 625/770/1017 624/769/1016
f 606/750/998 626/771/1018 605/749/997
f 605/749/997 626/771/1018 625/770/1017
f 606/750/998 607/751/999 626/771/1018
f 626/771/1018 607/751/999 627/772/1019
f 607/751/999 608/752/1000 627/772/1019
f 627/772/1019 608/752/1000 628/773/1020
f 608/752/1000 609/753/1001 628/773/1020
f 628/773/1020 609/753/1001 629/774/1021
f 609/753/1001 610/754/1002 629/774/1021
f 629/774/1021 610/754/1002 630/775/1022
f 610/754/1002 611/755/1003 630/775/1022
f 630/775/1022 611/755/1003 631/776/1023
f 611/755/1003 612/756/1004 631/776/1023
f 631/776/1023 612/756/1004 632/777/1024
f 612/756/1004 613/757/1005 632/777/1024
f 632/777/1024 613/757/1005 633/778/1025
f 613/757/1005 614/758/1006 633/778/1025
f 633/778/1025 614/758/1006 634/779/1026
f 614/758/1006 615/759/1007 634/779/1026
f 634/779/1026 615/759/1007 635/780/1027
f 615/759/1007 616/760/1008 635/780/1027
f 635/780/1027 616/760/1008 636/781/1028
f 597/761/990 617/782/1010 616/760/1008
f 616/760/1008 617/782/1010 636/781/1028
f 617/762/1010 618/763/1009 637/783/1029
f 637/783/1029 618/763/1009 638/784/1030
f 618/763/1009 619/764/1011 638/784/1030
f 638/784/1030 619/764/1011 639/785/1031
f 619/764/1011 620/765/1012 639/785/1031
f 639/785/1031 620/765/1012 640/786/1032
f 620/765/1012 621/766/1013 640/786/1032
f 640/786/1032 621/766/1013 641/787/1033
f 621/766/1013 622/767/1014 641/787/1033
f 641/787/1033 622/767/1014 642/788/1034
f 622/767/1014 623/768/1015 642/788/1034
f 642/788/1034 623/768/1015 643/789/1035
f 623/768/1015 624/769/1016 643/789/1035
f 643/789/1035 624/769/1016 644/790/1036
f 624/769/1016 625/770/1017 644/790/1036
f 644/790/1036 625/770/1017 645/791/1037
f 625/770/1017 626/771/1018 645/791/1037
f 645/791/1037 626/771/1018 646/792/1038
f 626/771/1018 627/772/1019 646/792/1038
f 646/792/1038 627/772/1019 647/793/1039
f 627/772/1019 628/773/1020 647/793/1039
f 647/793/1039 628/773/1020 648/794/1040
f 628/773/1020 629/774/1021 648/794/1040
f 648/794/1040 629/774/1021 649/795/1041
f 629/774/1021 630/775/1022 649/795/1041
f 649/795/1041 630/775/1022 650/796/1042
f 630/775/1022 631/776/1023 650/796/1042
f 650/796/1042 631/776/1023 651/797/1043
f 631/776/1023 632/777/1024 651/797/1043
f 651/797/1043 632/777/1024 652/798/1044
f 632/777/1024 633/778/1025 652/798/1044
f 652/798/1044 633/778/1025 653/799/1045
f 633/778/1025 634/779/1026 653/799/1045
f 653/799/1045 634/779/1026 654/800/1046
f 634/779/1026 635/780/1027 654/800/1046
f 654/800/1046 635/780/1027 655/801/1047
f 635/780/1027 636/781/1028 655/801/1047
f 655/801/1047 636/781/1028 656/802/1048
f 636/781/1028 617/782/1010 656/802/1048
f 656/802/1048 617/782/1010 637/803/1029
f 637/783/1029 638/784/1030 657/804/1049
f 657/804/1049 638/784/1030 658/805/1050
f 638/784/1030 639/785/1031 658/805/1050
f 658/805/1050 639/785/1031 659/806/1051
f 639/785/1031 640/786/1032 659/806/1051
f 659/806/1051 640/786/1032 660/807/1052
f 640/786/1032 641/787/1033 660/807/1052
f 660/807/1052 641/787/1033 661/808/1053
f 641/787/1033 642/788/1034 661/808/1053
f 661/808/1053 642/788/1034 662/809/1054
f 642/788/1034 643/789/1035 662/809/1054
f 662/809/1054 643/789/1035 663/810/1055
f 643/789/1035 644/790/1036 663/810/1055
f 663/810/1055 644/790/1036 664/811/1056
f 644/790/1036 645/791/1037 664/811/1056
f 664/811/1056 645/791/1037 665/812/1057
f 645/791/1037 646/792/1038 665/812/1057
f 665/812/1057 646/792/1038 666/813/1058
f 647/793/1039 667/814/1059 646/792/1038
f 646/792/1038 667/814/1059 666/813/1058
f 647/793/1039 648/794/1040 667/814/1059
f 667/814/1059 648/794/1040 668/815/1060
f 648/794/1040 649/795/1041 668/815/1060
f 668/815/1060 649/795/1041 669/816/1061
f 649/795/1041 650/796/1042 669/816/1061
f 669/816/1061 650/796/1042 670/817/1062
f 650/796/1042 651/797/1043 670/817/1062
f 670/817/1062 651/797/1043 671/818/1063
f 651/797/1043 652/798/1044 671/818/1063
f 671/818/1063 652/798/1044 672/819/1064
f 652/798/1044 653/799/1045 672/819/1064
f 672/819/1064 653/799/1045 673/820/1065
f 653/799/1045 654/800/1046 673/820/1065
f 673/820/1065 654/800/1046 674/821/1066
f 654/800/1046 655/801/1047 674/821/1066
f 674/821/1066 655/801/1047 675/822/1067
f 655/801/1047 656/802/1048 675/822/1067
f 675/822/1067 656/802/1048 676/823/1068
f 637/803/1029 657/824/1049 656/802/1048
f 656/802/1048 657/824/1049 676/823/1068
f 657/804/1049 658/805/1050 677/825/1069
f 677/825/1069 658/805/1050 678/826/1070
f 658/805/1050 659/806/1051 678/826/1070
f 678/826/1070 659/806/1051 679/827/1071
f 659/806/1051 660/807/1052 679/827/1071
f 679/827/1071 660/807/1052 680/828/1072
f 660/807/1052 661/808/1053 680/828/1072
f 680/828/1072 661/808/1053 681/829/1073
f 661/808/1053 662/809/1054 681/829/1073
f 681/829/1073 662/809/1054 682/830/1074
f 662/809/1054 663/810/1055 682/830/1074
f 682/830/1074 663/810/1055 683/831/1075
f 663/810/1055 664/811/1056 683/831/1075
f 683/831/1075 664/811/1056 684/832/1076
f 664/811/1056 665/812/1057 684/832/1076
f 684/832/1076 665/812/1057 685/833/1077
f 665/812/1057 666/813/1058 685/833/1077
f 685/833/1077 666/813/1058 686/834/1078
f 667/814/1059 687/835/1079 666/813/1058
f 666/813/1058 687/835/1079 686/834/1078
f 667/814/1059 668/815/1060 687/835/1079
f 687/835/1079 668/815/1060 688/836/1080
f 668/815/1060 669/816/1061 688/836/1080
f 688/836/1080 669/816/1061 689/837/1081
f 669/816/1061 670/817/1062 689/837/1081
f 689/837/1081 670/817/1062 690/838/1082
f 670/817/1062 671/818/1063 690/838/1082
f 690/838/1082 671/818/1063 691/839/1083
f 671/818/1063 672/819/1064 691/839/1083
f 691/839/1083 672/819/1064 692/840/1084
f 672/819/1064 673/820/1065 692/840/1084
f 692/840/1084 673/820/1065 693/841/1085
f 673/820/1065 674/821/1066 693/841/1085
f 693/841/1085 674/821/1066 694/842/1086
f 674/821/1066 675/822/1067 694/842/1086
f 694/842/1086 675/822/1067 695/843/1087
f 675/822/1067 676/823/1068 695/843/1087
f 676/823/1068 696/844/1088 695/843/1087
f 657/824/1049 677/845/1069 676/823/1068
f 676/823/1068 677/845/1069 696/844/1088
f 677/825/1069 678/826/1070 697/846/1089
f 697/846/1089 678/826/1070 698/847/1090
f 679/827/1071 699/848/1091 678/826/1070
f 678/826/1070 699/848/1091 698/847/1090
f 679/827/1071 680/828/1072 699/848/1091
f 699/848/1091 680/828/1072 700/849/1092
f 680/828/1072 681/829/1073 700/849/1092
f 700/849/1092 681/829/1073 701/850/1093
f 681/829/1073 682/830/1074 701/850/1093
f 701/850/1093 682/830/1074 702/851/1094
f 682/830/1074 683/831/1075 702/851/1094
f 702/851/1094 683/831/1075 703/852/1095
f 683/831/1075 684/832/1076 703/852/1095
f 703/852/1095 684/832/1076 704/853/1096
f 684/832/1076 685/833/1077 704/853/1096
f 704/853/1096 685/833/1077 705/854/1097
f 685/833/1077 686/834/1078 705/854/1097
f 686/834/1078 706/855/1098 705/854/1097
f 687/835/1079 707/856/1099 686/834/1078
f 686/834/1078 707/856/1099 706/855/1098
f 687/835/1079 688/836/1080 707/856/1099
f 707/856/1099 688/836/1080 708/857/1100
f 688/836/1080 689/837/1081 708/857/1100
f 708/857/1100 689/837/1081 709/858/1101
f 689/837/1081 690/838/1082 709/858/1101
f 709/858/1101 690/838/1082 710/859/1102
f 690/838/1082 691/839/1083 710/859/1102
f 710/859/1102 691/839/1083 711/860/1103
f 691/839/1083 692/840/1084 711/860/1103
f 711/860/1103 692/840/1084 712/861/1104
f 692/840/1084 693/841/1085 712/861/1104
f 712/861/1104 693/841/1085 713/862/1105
f 693/841/1085 694/842/1086 713/862/1105
f 713/862/1105 694/842/1086 714/863/1106
f 694/842/1086 695/843/1087 714/863/1106
f 714/863/1106 695/843/1087 715/864/1107
f 695/843/1087 696/844/1088 715/864/1107
f 715/864/1107 696/844/1088 716/865/1108
f 696/844/1088 677/845/1069 716/865/1108
f 716/865/1108 677/845/1069 697/866/1089
f 718/868/1109 717/867/1110 698/847/1090
f 697/846/1089 698/847/1090 717/867/1110
f 698/847/1090 699/848/1091 718/868/1109
f 718/868/1109 699/848/1091 719/869/1111
f 700/849/1092 720/870/1112 699/848/1091
f 699/848/1091 720/870/1112 719/869/1111
f 700/849/1092 701/850/1093 720/870/1112
f 720/870/1112 701/850/1093 721/871/1113
f 701/850/1093 702/851/1094 721/871/1113
f 721/871/1113 702/851/1094 722/872/1114
f 702/851/1094 703/852/1095 722/872/1114
f 722/872/1114 703/852/1095 723/873/1115
f 703/852/1095 704/853/1096 723/873/1115
f 723/873/1115 704/853/1096 724/874/1116
f 704/853/1096 705/854/1097 724/874/1116
f 724/874/1116 705/854/1097 725/875/1117
f 705/854/1097 706/855/1098 725/875/1117
f 725/875/1117 706/855/1098 726/876/1118
f 706/855/1098 707/856/1099 726/876/1118
f 726/876/1118 707/856/1099 727/877/1119
f 707/856/1099 708/857/1100 727/877/1119
f 727/877/1119 708/857/1100 728/878/1120
f 708/857/1100 709/858/1101 728/878/1120
f 728/878/1120 709/858/1101 729/879/1121
f 709/858/1101 710/859/1102 729/879/1121
f 729/879/1121 710/859/1102 730/880/1122
f 710/859/1102 711/860/1103 730/880/1122
f 730/880/1122 711/860/1103 731/881/1123
f 711/860/1103 712/861/1104 731/881/1123
f 731/881/1123 712/861/1104 732/882/1124
f 712/861/1104 713/862/1105 732/882/1124
f 732/882/1124 713/862/1105 733/883/1125
f 713/862/1105 714/863/1106 733/883/1125
f 733/883/1125 714/863/1106 734/884/1126
f 715/864/1107 735/885/1127 714/863/1106
f 714/863/1106 735/885/1127 734/884/1126
f 715/864/1107 716/865/1108 735/885/1127
f 735/885/1127 716/865/1108 736/886/1128
f 716/865/1108 697/866/1089 736/886/1128
f 736/886/1128 697/866/1089 717/887/1110
f 717/867/1110 718/868/1109 737/888/1129
f 737/888/1129 718/868/1109 738/889/1130
f 719/869/1111 739/890/1131 718/868/1109
f 718/868/1109 739/890/1131 738/889/1130
f 720/870/1112 740/891/1132 719/869/1111
f 719/869/1111 740/891/1132 739/890/1131
f 721/871/1113 741/892/1133 720/870/1112
f 720/870/1112 741/892/1133 740/891/1132
f 721/871/1113 722/872/1114 741/892/1133
f 722/872/1114 742/893/1134 741/892/1133
f 723/873/1115 743/894/1135 722/872/1114
f 722/872/1114 743/894/1135 742/893/1134
f 723/873/1115 724/874/1116 743/894/1135
f 743/894/1135 724/874/1116 744/895/1136
f 724/874/1116 725/875/1117 744/895/1136
f 744/895/1136 725/875/1117 745/896/1137
f 725/875/1117 726/876/1118 745/896/1137
f 745/896/1137 726/876/1118 746/897/1138
f 726/876/1118 727/877/1119 746/897/1138
f 746/897/1138 727/877/1119 747/898/1139
f 727/877/1119 728/878/1120 747/898/1139
f 747/898/1139 728/878/1120 748/899/1140
f 728/878/1120 729/879/1121 748/899/1140
f 748/899/1140 729/879/1121 749/900/1141
f 729/879/1121 730/880/1122 749/900/1141
f 749/900/1141 730/880/1122 750/901/1142
f 730/880/1122 731/881/1123 750/901/1142
f 750/901/1142 731/881/1123 751/902/1143
f 731/881/1123 732/882/1124 751/902/1143
f 751/902/1143 732/882/1124 752/903/1144
f 732/882/1124 733/883/1125 752/903/1144
f 752/903/1144 733/883/1125 753/904/1145
f 734/884/1126 754/905/1146 733/883/1125
f 733/883/1125 754/905/1146 753/904/1145
f 754/905/1146 734/884/1126 755/906/1147
f 734/884/1126 735/885/1127 755/906/1147
f 735/885/1127 736/886/1128 755/906/1147
f 755/906/1147 736/886/1128 756/907/1148
f 736/886/1128 717/887/1110 756/907/1148
f 756/907/1148 717/887/1110 737/908/1129
f 737/888/1129 738/889/1130 757/909/1149
f 757/909/1149 738/889/1130 758/910/1150
f 738/889/1130 739/890/1131 758/910/1150
f 739/890/1131 759/911/1151 758/910/1150
f 739/890/1131 740/891/1132 759/911/1151
f 759/911/1151 740/891/1132 760/912/1152
f 740/891/1132 741/892/1133 760/912/1152
f 760/912/1152 741/892/1133 761/913/1153
f 741/892/1133 742/893/1134 761/913/1153
f 742/893/1134 762/914/1154 761/913/1153
f 742/893/1134 743/894/1135 762/914/1154
f 743/894/1135 763/915/1155 762/914/1154
f 743/894/1135 744/895/1136 763/915/1155
f 763/915/1155 744/895/1136 764/916/1156
f 744/895/1136 745/896/1137 764/916/1156
f 764/916/1156 745/896/1137 765/917/1157
f 745/896/1137 746/897/1138 765/917/1157
f 765/917/1157 746/897/1138 766/918/1158
f 746/897/1138 747/898/1139 766/918/1158
f 766/918/1158 747/898/1139 767/919/1159
f 747/898/1139 748/899/1140 767/919/1159
f 767/919/1159 748/899/1140 768/920/1160
f 748/899/1140 749/900/1141 768/920/1160
f 768/920/1160 749/900/1141 769/921/1161
f 749/900/1141 750/901/1142 769/921/1161
f 769/921/1161 750/901/1142 770/922/1162
f 751/902/1143 771/923/1163 750/901/1142
f 750/901/1142 771/923/1163 770/922/1162
f 751/902/1143 752/903/1144 771/923/1163
f 771/923/1163 752/903/1144 772/924/1164
f 752/903/1144 753/904/1145 772/924/1164
f 772/924/1164 753/904/1145 773/925/1165
f 753/904/1145 754/905/1146 773/925/1165
f 773/925/1165 754/905/1146 774/926/1166
f 754/905/1146 755/906/1147 774/926/1166
f 774/926/1166 755/906/1147 775/927/1167
f 755/906/1147 756/907/1148 775/927/1167
f 775/927/1167 756/907/1148 776/928/1168
f 756/907/1148 737/908/1129 776/928/1168
f 776/928/1168 737/908/1129 757/929/1149
f 758/910/1150 778/931/1169 757/909/1149
f 757/909/1149 778/931/1169 777/930/1170
f 759/911/1151 779/932/1171 758/910/1150
f 758/910/1150 779/932/1171 778/931/1169
f 759/911/1151 760/912/1152 779/932/1171
f 779/932/1171 760/912/1152 780/933/1172
f 760/912/1152 761/913/1153 780/933/1172
f 780/933/1172 761/913/1153 781/934/1173
f 761/913/1153 762/914/1154 781/934/1173
f 781/934/1173 762/914/1154 782/935/1174
f 762/914/1154 763/915/1155 782/935/1174
f 782/935/1174 763/915/1155 783/936/1175
f 763/915/1155 764/916/1156 783/936/1175
f 783/936/1175 764/916/1156 784/937/1176
f 764/916/1156 765/917/1157 784/937/1176
f 784/937/1176 765/917/1157 785/938/1177
f 765/917/1157 766/918/1158 785/938/1177
f 785/938/1177 766/918/1158 786/939/1178
f 766/918/1158 767/919/1159 786/939/1178
f 786/939/1178 767/919/1159 787/940/1179
f 767/919/1159 768/920/1160 787/940/1179
f 787/940/1179 768/920/1160 788/941/1180
f 768/920/1160 769/921/1161 788/941/1180
f 788/941/1180 769/921/1161 789/942/1181
f 790/943/1182 789/942/1181 770/922/1162
f 769/921/1161 770/922/1162 789/942/1181
f 790/943/1182 770/922/1162 791/944/1183
f 770/922/1162 771/923/1163 791/944/1183
f 771/923/1163 772/924/1164 791/944/1183
f 791/944/1183 772/924/1164 792/945/1184
f 772/924/1164 773/925/1165 792/945/1184
f 792/945/1184 773/925/1165 793/946/1185
f 773/925/1165 774/926/1166 793/946/1185
f 793/946/1185 774/926/1166 794/947/1186
f 774/926/1166 775/927/1167 794/947/1186
f 794/947/1186 775/927/1167 795/948/1187
f 775/927/1167 776/928/1168 795/948/1187
f 795/948/1187 776/928/1168 796/949/1188
f 776/928/1168 757/929/1149 796/949/1188
f 796/949/1188 757/929/1149 777/950/1170
f 777/930/1170 778/931/1169 797/951/1189
f 797/951/1189 778/931/1169 798/952/1190
f 778/931/1169 779/932/1171 798/952/1190
f 798/952/1190 779/932/1171 799/953/1191
f 779/932/1171 780/933/1172 799/953/1191
f 799/953/1191 780/933/1172 800/954/1192
f 780/933/1172 781/934/1173 800/954/1192
f 800/954/1192 781/934/1173 801/955/1193
f 781/934/1173 782/935/1174 801/955/1193
f 801/955/1193 782/935/1174 802/956/1194
f 782/935/1174 783/936/1175 802/956/1194
f 802/956/1194 783/936/1175 803/957/1195
f 783/936/1175 784/937/1176 803/957/1195
f 803/957/1195 784/937/1176 804/958/1196
f 784/937/1176 785/938/1177 804/958/1196
f 804/958/1196 785/938/1177 805/959/1197
f 785/938/1177 786/939/1178 805/959/1197
f 805/959/1197 786/939/1178 806/960/1198
f 786/939/1178 787/940/1179 806/960/1198
f 806/960/1198 787/940/1179 807/961/1199
f 787/940/1179 788/941/1180 807/961/1199
f 807/961/1199 788/941/1180 808/962/1200
f 789/942/1181 809/963/1201 788/941/1180
f 788/941/1180 809/963/1201 808/962/1200
f 789/942/1181 790/943/1182 809/963/1201
f 809/963/1201 790/943/1182 810/964/1202
f 790/943/1182 791/944/1183 810/964/1202
f 810/964/1202 791/944/1183 811/965/1203
f 791/944/1183 792/945/1184 811/965/1203
f 811/965/1203 792/945/1184 812/966/1204
f 792/945/1184 793/946/1185 812/966/1204
f 812/966/1204 793/946/1185 813/967/1205
f 793/946/1185 794/947/1186 813/967/1205
f 813/967/1205 794/947/1186 814/968/1206
f 794/947/1186 795/948/1187 814/968/1206
f 814/968/1206 795/948/1187 815/969/1207
f 795/948/1187 796/949/1188 815/969/1207
f 815/969/1207 796/949/1188 816/970/1208
f 796/949/1188 777/950/1170 816/970/1208
f 816/970/1208 777/950/1170 797/971/1189
f 797/951/1189 798/952/1190 817/972/1209
f 817/972/1209 798/952/1190 818/973/1210
f 798/952/1190 799/953/1191 818/973/1210
f 818/973/1210 799/953/1191 819/974/1211
f 799/953/1191 800/954/1192 819/974/1211
f 819/974/1211 800/954/1192 820/975/1212
f 800/954/1192 801/955/1193 820/975/1212
f 820/975/1212 801/955/1193 821/976/1213
f 801/955/1193 802/956/1194 821/976/1213
f 821/976/1213 802/956/1194 822/977/1214
f 802/956/1194 803/957/1195 822/977/1214
f 822/977/1214 803/957/1195 823/978/1215
f 803/957/1195 804/958/1196 823/978/1215
f 823/978/1215 804/958/1196 824/979/1216
f 804/958/1196 805/959/1197 824/979/1216
f 824/979/1216 805/959/1197 825/980/1217
f 805/959/1197 806/960/1198 825/980/1217
f 825/980/1217 806/960/1198 826/981/1218
f 806/960/1198 807/961/1199 826/981/1218
f 826/981/1218 807/961/1199 827/982/1219
f 807/961/1199 808/962/1200 827/982/1219
f 827/982/1219 808/962/1200 828/983/1220
f 808/962/1200 809/963/1201 828/983/1220
f 828/983/1220 809/963/1201 829/984/1221
f 809/963/1201 810/964/1202 829/984/1221
f 829/984/1221 810/964/1202 830/985/1222
f 810/964/1202 811/965/1203 830/985/1222
f 830/985/1222 811/965/1203 831/986/1223
f 811/965/1203 812/966/1204 831/986/1223
f 831/986/1223 812/966/1204 832/987/1224
f 812/966/1204 813/967/1205 832/987/1224
f 832/987/1224 813/967/1205 833/988/1225
f 813/967/1205 814/968/1206 833/988/1225
f 833/988/1225 814/968/1206 834/989/1226
f 814/968/1206 815/969/1207 834/989/1226
f 834/989/1226 815/969/1207 835/990/1227
f 815/969/1207 816/970/1208 835/990/1227
f 835/990/1227 816/970/1208 836/991/1228
f 816/970/1208 797/971/1189 836/991/1228
f 836/991/1228 797/971/1189 817/992/1209
f 817/972/1209 818/973/1210 837/993/1229
f 837/993/1229 818/973/1210 838/994/1230
f 818/973/1210 819/974/1211 838/994/1230
f 838/994/1230 819/974/1211 839/995/1231
f 819/974/1211 820/975/1212 839/995/1231
f 839/995/1231 820/975/1212 840/996/1232
f 820/975/1212 821/976/1213 840/996/1232
f 840/996/1232 821/976/1213 841/997/1233
f 821/976/1213 822/977/1214 841/997/1233
f 841/997/1233 822/977/1214 842/998/1234
f 822/977/1214 823/978/1215 842/998/1234
f 842/998/1234 823/978/1215 843/999/1235
f 823/978/1215 824/979/1216 843/999/1235
f 843/999/1235 824/979/1216 844/1000/1236
f 824/979/1216 825/980/1217 844/1000/1236
f 844/1000/1236 825/980/1217 845/1001/1237
f 825/980/1217 826/981/1218 845/1001/1237
f 845/1001/1237 826/981/1218 846/1002/1238
f 826/981/1218 827/982/1219 846/1002/1238
f 846/1002/1238 827/982/1219 847/1003/1239
f 827/982/1219 828/983/1220 847/1003/1239
f 847/1003/1239 828/983/1220 848/1004/1240
f 828/983/1220 829/984/1221 848/1004/1240
f 848/1004/1240 829/984/1221 849/1005/1241
f 829/984/1221 830/985/1222 849/1005/1241
f 849/1005/1241 830/985/1222 850/1006/1242
f 830/985/1222 831/986/1223 850/1006/1242
f 850/1006/1242 831/986/1223 851/1007/1243
f 831/986/1223 832/987/1224 851/1007/1243
f 851/1007/1243 832/987/1224 852/1008/1244
f 832/987/1224 833/988/1225 852/1008/1244
f 852/1008/1244 833/988/1225 853/1009/1245
f 833/988/1225 834/989/1226 853/1009/1245
f 853/1009/1245 834/989/1226 854/1010/1246
f 834/989/1226 835/990/1227 854/1010/1246
f 854/1010/1246 835/990/1227 855/1011/1247
f 835/990/1227 836/991/1228 855/1011/1247
f 855/1011/1247 836/991/1228 856/1012/1248
f 836/991/1228 817/992/1209 856/1012/1248
f 856/1012/1248 817/992/1209 837/1013/1229
f 837/993/1229 838/994/1230 857/1014/1249
f 857/1014/1249 838/994/1230 858/1015/1250
f 838/994/1230 839/995/1231 858/1015/1250
f 858/1015/1250 839/995/1231 859/1016/1251
f 839/995/1231 840/996/1232 859/1016/1251
f 859/1016/1251 840/996/1232 860/1017/1252
f 840/996/1232 841/997/1233 860/1017/1252
f 860/1017/1252 841/997/1233 861/1018/1253
f 841/997/1233 842/998/1234 861/1018/1253
f 861/1018/1253 842/998/1234 862/1019/1254
f 842/998/1234 843/999/1235 862/1019/1254
f 862/1019/1254 843/999/1235 863/1020/1255
f 843/999/1235 844/1000/1236 863/1020/1255
f 863/1020/1255 844/1000/1236 864/1021/1256
f 844/1000/1236 845/1001/1237 864/1021/1256
f 864/1021/1256 845/1001/1237 865/1022/1257
f 845/1001/1237 846/1002/1238 865/1022/1257
f 865/1022/1257 846/1002/1238 866/1023/1258
f 847/1003/1239 867/1024/1259 846/1002/1238
f 846/1002/1238 867/1024/1259 866/1023/1258
f 848/1004/1240 868/1025/1260 847/1003/1239
f 847/1003/1239 868/1025/1260 867/1024/1259
f 849/1005/1241 869/1026/1261 848/1004/1240
f 848/1004/1240 869/1026/1261 868/1025/1260
f 850/1006/1242 870/1027/1262 849/1005/1241
f 849/1005/1241 870/1027/1262 869/1026/1261
f 851/1007/1243 871/1028/1263 850/1006/1242
f 850/1006/1242 871/1028/1263 870/1027/1262
f 852/1008/1244 872/1029/1264 851/1007/1243
f 851/1007/1243 872/1029/1264 871/1028/1263
f 853/1009/1245 873/1030/1265 852/1008/1244
f 852/1008/1244 873/1030/1265 872/1029/1264
f 854/1010/1246 874/1031/1266 853/1009/1245
f 853/1009/1245 874/1031/1266 873/1030/1265
f 855/1011/1247 875/1032/1267 854/1010/1246
f 854/1010/1246 875/1032/1267 874/1031/1266
f 856/1012/1248 876/1033/1268 855/1011/1247
f 855/1011/1247 876/1033/1268 875/1032/1267
f 856/1012/1248 837/1013/1229 876/1033/1268
f 876/1033/1268 837/1013/1229 857/1034/1249
f 857/1014/1249 858/1015/1250 877/1035/1269
f 877/1035/1269 858/1015/1250 878/1036/1270
f 858/1015/1250 859/1016/1251 878/1036/1270
f 878/1036/1270 859/1016/1251 879/1037/1271
f 859/1016/1251 860/1017/1252 879/1037/1271
f 879/1037/1271 860/1017/1252 880/1038/1272
f 860/1017/1252 861/1018/1253 880/1038/1272
f 880/1038/1272 861/1018/1253 881/1039/1273
f 861/1018/1253 862/1019/1254 881/1039/1273
f 881/1039/1273 862/1019/1254 882/1040/1274
f 862/1019/1254 863/1020/1255 882/1040/1274
f 882/1040/1274 863/1020/1255 883/1041/1275
f 863/1020/1255 864/1021/1256 883/1041/1275
f 883/1041/1275 864/1021/1256 884/1042/1276
f 864/1021/1256 865/1022/1257 884/1042/1276
f 884/1042/1276 865/1022/1257 885/1043/1277
f 865/1022/1257 866/1023/1258 885/1043/1277
f 885/1043/1277 866/1023/1258 886/1044/1278
f 867/1024/1259 887/1045/1279 866/1023/1258
f 866/1023/1258 887/1045/1279 886/1044/1278
f 868/1025/1260 888/1046/1280 867/1024/1259
f 867/1024/1259 888/1046/1280 887/1045/1279
f 869/1026/1261 889/1047/1281 868/1025/1260
f 868/1025/1260 889/1047/1281 888/1046/1280
f 870/1027/1262 890/1048/1282 869/1026/1261
f 869/1026/1261 890/1048/1282 889/1047/1281
f 871/1028/1263 891/1049/1283 870/1027/1262
f 870/1027/1262 891/1049/1283 890/1048/1282
f 872/1029/1264 892/1050/1284 871/1028/1263
f 871/1028/1263 892/1050/1284 891/1049/1283
f 873/1030/1265 893/1051/1285 872/1029/1264
f 872/1029/1264 893/1051/1285 892/1050/1284
f 874/1031/1266 894/1052/1286 873/1030/1265
f 873/1030/1265 894/1052/1286 893/1051/1285
f 875/1032/1267 895/1053/1287 874/1031/1266
f 874/1031/1266 895/1053/1287 894/1052/1286
f 876/1033/1268 896/1054/1288 875/1032/1267
f 875/1032/1267 896/1054/1288 895/1053/1287
f 876/1033/1268 857/1034/1249 896/1054/1288
f 896/1054/1288 857/1034/1249 877/1055/1269
f 877/1035/1269 878/1036/1270 897/1056/1289
f 897/1056/1289 878/1036/1270 898/1057/1290
f 878/1036/1270 879/1037/1271 898/1057/1290
f 898/1057/1290 879/1037/1271 899/1058/1291
f 879/1037/1271 880/1038/1272 899/1058/1291
f 899/1058/1291 880/1038/1272 900/1059/1292
f 880/1038/1272 881/1039/1273 900/1059/1292
f 900/1059/1292 881/1039/1273 901/1060/1293
f 881/1039/1273 882/1040/1274 901/1060/1293
f 901/1060/1293 882/1040/1274 902/1061/1294
f 882/1040/1274 883/1041/1275 902/1061/1294
f 902/1061/1294 883/1041/1275 903/1062/1295
f 883/1041/1275 884/1042/1276 903/1062/1295
f 903/1062/1295 884/1042/1276 904/1063/1296
f 884/1042/1276 885/1043/1277 904/1063/1296
f 904/1063/1296 885/1043/1277 905/1064/1297
f 885/1043/1277 886/1044/1278 905/1064/1297
f 905/1064/1297 886/1044/1278 906/1065/1298
f 887/1045/1279 907/1066/1299 886/1044/1278
f 886/1044/1278 907/1066/1299 906/1065/1298
f 888/1046/1280 908/1067/1300 887/1045/1279
f 887/1045/1279 908/1067/1300 907/1066/1299
f 889/1047/1281 909/1068/1301 888/1046/1280
f 888/1046/1280 909/1068/1301 908/1067/1300
f 890/1048/1282 910/1069/1302 889/1047/1281
f 889/1047/1281 910/1069/1302 909/1068/1301
f 891/1049/1283 911/1070/1303 890/1048/1282
f 890/1048/1282 911/1070/1303 910/1069/1302
f 892/1050/1284 912/1071/1304 891/1049/1283
f 891/1049/1283 912/1071/1304 911/1070/1303
f 893/1051/1285 913/1072/1305 892/1050/1284
f 892/1050/1284 913/1072/1305 912/1071/1304
f 894/1052/1286 914/1073/1306 893/1051/1285
f 893/1051/1285 914/1073/1306 913/1072/1305
f 895/1053/1287 915/1074/1307 894/1052/1286
f 894/1052/1286 915/1074/1307 914/1073/1306
f 896/1054/1288 916/1075/1308 895/1053/1287
f 895/1053/1287 916/1075/1308 915/1074/1307
f 896/1054/1288 877/1055/1269 916/1075/1308
f 916/1075/1308 877/1055/1269 897/1076/1289
f 538/679/929 537/678/931 917/1077/1309
f 539/680/933 538/679/929 917/1078/1309
f 540/681/935 539/680/933 917/1079/1309
f 541/682/937 540/681/935 917/1080/1309
f 542/683/939 541/682/937 917/1081/1309
f 543/684/941 542/683/939 917/1082/1309
f 544/685/943 543/684/941 917/1083/1309
f 545/686/945 544/685/943 917/1084/1309
f 546/687/947 545/686/945 917/1085/1309
f 547/688/949 546/687/947 917/1086/1309
f 548/689/951 547/688/949 917/1087/1309
f 549/690/953 548/689/951 917/1088/1309
f 550/691/955 549/690/953 917/1089/1309
f 551/692/957 550/691/955 917/1090/1309
f 552/693/959 551/692/957 917/1091/1309
f 553/694/961 552/693/959 917/1092/1309
f 554/695/963 553/694/961 917/1093/1309
f 555/696/965 554/695/963 917/1094/1309
f 556/697/967 555/696/965 917/1095/1309
f 537/698/931 556/697/967 917/1096/1309
f 897/1056/1289 898/1057/1290 918/1097/1310
f 898/1057/1290 899/1058/1291 918/1098/1310
f 899/1058/1291 900/1059/1292 918/1099/1310
f 900/1059/1292 901/1060/1293 918/1100/1310
f 901/1060/1293 902/1061/1294 918/1101/1310
f 902/1061/1294 903/1062/1295 918/1102/1310
f 903/1062/1295 904/1063/1296 918/1103/1310
f 904/1063/1296 905/1064/1297 918/1104/1310
f 905/1064/1297 906/1065/1298 918/1105/1310
f 906/1065/1298 907/1066/1299 918/1106/1310
f 907/1066/1299 908/1067/1300 918/1107/1310
f 908/1067/1300 909/1068/1301 918/1108/1310
f 909/1068/1301 910/1069/1302 918/1109/1310
f 910/1069/1302 911/1070/1303 918/1110/1310
f 911/1070/1303 912/1071/1304 918/1111/1310
f 912/1071/1304 913/1072/1305 918/1112/1310
f 913/1072/1305 914/1073/1306 918/1113/1310
f 914/1073/1306 915/1074/1307 918/1114/1310
f 915/1074/1307 916/1075/1308 918/1115/1310
f 916/1075/1308 897/1076/1289 918/1116/1310
g default
v -0.595788 -0.201825 0.086762
v -0.394681 -0.224215 0.124871
v -0.637576 -0.240285 0.284682
v -0.436469 -0.262676 0.322791
v -0.623173 -0.039245 0.326790
v -0.422065 -0.061635 0.364900
v -0.689736 0.146033 0.128870
v -0.380278 -0.023174 0.166980
vt 0.375000 0.000000
vt 0.625000 0.000000
vt 0.375000 0.250000
vt 0.625000 0.250000
vt 0.375000 0.500000
vt 0.625000 0.500000
vt 0.375000 0.750000
vt 0.625000 0.750000
vt 0.375000 1.000000
vt 0.625000 1.000000
vt 0.875000 0.000000
vt 0.875000 0.250000
vt 0.125000 0.000000
vt 0.125000 0.250000
vn -0.069950 -0.976364 -0.204501
vn -0.069950 -0.976364 -0.204501
vn -0.069950 -0.976364 -0.204501
vn -0.069950 -0.976364 -0.204501
vn -0.202945 -0.186787 0.961210
vn -0.202945 -0.186787 0.961210
vn -0.202945 -0.186787 0.961210
vn -0.202945 -0.186787 0.961210
vn 0.069950 0.976364 0.204501
vn 0.255645 0.842977 0.473324
vn 0.277673 0.817690 0.504262
vn 0.333814 0.741566 0.581935
vn 0.213547 0.174040 -0.961305
vn 0.211130 0.176956 -0.961307
vn 0.211048 0.177056 -0.961306
vn 0.202945 0.186787 -0.961210
vn 0.976689 -0.108739 0.185082
vn 0.976689 -0.108739 0.185082
vn 0.976689 -0.108739 0.185082
vn 0.976689 -0.108739 0.185082
vn -0.960673 -0.268174 0.072041
vn -0.988895 -0.148088 -0.012517
vn -0.982843 -0.184020 0.012511
vn -0.976689 0.108739 -0.185082
s 1
g group1 pCube3
usemtl lambert3SG
f 919/1117/1311 920/1118/1312 921/1119/1313
f 921/1119/1313 920/1118/1312 922/1120/1314
s 2
f 921/1119/1315 922/1120/1316 923/1121/1317
f 923/1121/1317 922/1120/1316 924/1122/1318
s 3
f 924/1122/1319 926/1124/1320 923/1121/1321
f 923/1121/1321 926/1124/1320 925/1123/1322
s 4
f 925/1123/1323 926/1124/1324 919/1125/1325
f 919/1125/1325 926/1124/1324 920/1126/1326
s 5
f 920/1118/1327 926/1127/1328 922/1120/1329
f 922/1120/1329 926/1127/1328 924/1128/1330
s 6
f 925/1129/1331 919/1117/1332 923/1130/1333
f 923/1130/1333 919/1117/1332 921/1119/1334
g default
v 0.728280 -0.084016 -0.171305
v 0.707229 -0.216454 -0.341977
v 0.728280 0.084016 -0.171305
v 0.636954 0.084016 -0.317353
v 0.523749 0.307351 -0.246882
v 0.514136 0.084016 -0.274317
v 0.569702 -0.084016 -0.115739
v 0.514136 -0.084016 -0.274317
vt 0.375000 0.000000
vt 0.625000 0.000000
vt 0.375000 0.250000
vt 0.625000 0.250000
vt 0.375000 0.500000
vt 0.625000 0.500000
vt 0.375000 0.750000
vt 0.625000 0.750000
vt 0.375000 1.000000
vt 0.625000 1.000000
vt 0.875000 0.000000
vt 0.875000 0.250000
vt 0.125000 0.000000
vt 0.125000 0.250000
vn 0.922977 0.240494 -0.300460
vn 0.908345 0.156650 -0.387775
vn 0.915157 0.187028 -0.357084
vn 0.847877 0.000000 -0.530193
vn 0.000000 1.000000 -0.000000
vn 0.413963 0.296785 -0.860554
vn 0.404994 0.356606 -0.841910
vn 0.431669 0.091653 -0.897363
vn -0.943740 0.000000 0.330687
vn -0.943740 0.000000 0.330687
vn -0.943740 0.000000 0.330687
vn -0.943740 0.000000 0.330687
vn 0.000000 -1.000000 0.000000
vn -0.206497 -0.879253 0.429271
vn -0.218173 -0.864118 0.453542
vn -0.292704 -0.737617 0.608479
vn -0.330687 -0.000000 -0.943740
vn -0.330687 -0.000000 -0.943740
vn -0.330687 -0.000000 -0.943740
vn -0.330687 0.000000 -0.943740
vn 0.330687 0.000000 0.943740
vn 0.047188 0.273192 0.960802
vn 0.086096 0.238618 0.967290
vn -0.003935 0.317309 0.948314
s 1
g group1 pCube4
usemtl lambert2SG
f 928/1132/1335 930/1134/1336 927/1131/1337
f 927/1131/1337 930/1134/1336 929/1133/1338
s 2
f 930/1134/1339 932/1136/1340 929/1133/1341
f 929/1133/1341 932/1136/1340 931/1135/1342
s 3
f 931/1135/1343 932/1136/1344 933/1137/1345
f 933/1137/1345 932/1136/1344 934/1138/1346
s 4
f 933/1137/1347 934/1138/1348 927/1139/1349
f 927/1139/1349 934/1138/1348 928/1140/1350
s 5
f 928/1132/1351 934/1141/1352 930/1134/1353
f 930/1134/1353 934/1141/1352 932/1142/1354
s 6
f 927/1131/1355 929/1133/1356 933/1143/1357
f 933/1143/1357 929/1133/1356 931/1144/1358
g default
v -0.446940 0.442736 -0.051152
v -0.333933 0.312134 0.007490
v -0.589525 0.346775 0.009902
v -0.476518 0.216173 0.068544
v -0.576660 0.430447 0.171457
v -0.463653 0.299844 0.230099
v -0.434075 0.526408 0.110403
v -0.321068 0.395805 0.169045
vt 0.375000 0.000000
vt 0.625000 0.000000
vt 0.375000 0.250000
vt 0.625000 0.250000
vt 0.375000 0.500000
vt 0.625000 0.500000
vt 0.375000 0.750000
vt 0.625000 0.750000
vt 0.375000 1.000000
vt 0.625000 1.000000
vt 0.875000 0.000000
vt 0.875000 0.250000
vt 0.125000 0.000000
vt 0.125000 0.250000
vn -0.070536 -0.458749 -0.885762
vn -0.070536 -0.458749 -0.885762
vn -0.070536 -0.458749 -0.885762
vn -0.070536 -0.458749 -0.885762
vn -0.781754 -0.526127 0.334742
vn -0.781754 -0.526127 0.334742
vn -0.781754 -0.526127 0.334742
vn -0.781754 -0.526127 0.334742
vn 0.070536 0.458749 0.885762
vn 0.070536 0.458749 0.885762
vn 0.070536 0.458749 0.885762
vn 0.070536 0.458749 0.885762
vn 0.781754 0.526127 -0.334742
vn 0.781754 0.526127 -0.334742
vn 0.781754 0.526127 -0.334742
vn 0.781754 0.526127 -0.334742
vn 0.619585 -0.716059 0.321518
vn 0.619585 -0.716059 0.321518
vn 0.619585 -0.716059 0.321518
vn 0.619585 -0.716059 0.321518
vn -0.619585 0.716059 -0.321518
vn -0.619585 0.716059 -0.321518
vn -0.619585 0.716059 -0.321518
vn -0.619585 0.716059 -0.321518
s 1
g group1 pCube9
usemtl lambert4SG
f 935/1145/1359 936/1146/1360 937/1147/1361
f 937/1147/1361 936/1146/1360 938/1148/1362
s 2
f 937/1147/1363 938/1148/1364 939/1149/1365
f 939/1149/1365 938/1148/1364 940/1150/1366
s 3
f 939/1149/1367 940/1150/1368 941/1151/1369
f 941/1151/1369 940/1150/1368 942/1152/1370
s 4
f 941/1151/1371 942/1152/1372 935/1153/1373
f 935/1153/1373 942/1152/1372 936/1154/1374
s 5
f 936/1146/1375 942/1155/1376 938/1148/1377
f 938/1148/1377 942/1155/1376 940/1156/1378
s 6
f 941/1157/1379 935/1145/1380 939/1158/1381
f 939/1158/1381 935/1145/1380 937/1147/1382
g default
v 0.398136 -0.110567 0.232066
v 0.632817 -0.110567 0.232066
v 0.398136 0.046645 0.232066
v 0.632817 0.068275 0.232066
v 0.398136 0.124115 -0.002615
v 0.632817 0.124115 -0.002615
v 0.398136 -0.110567 -0.002615
v 0.609432 -0.093623 0.020054
vt 0.375000 0.000000
vt 0.625000 0.000000
vt 0.375000 0.250000
vt 0.625000 0.250000
vt 0.375000 0.500000
vt 0.625000 0.500000
vt 0.375000 0.750000
vt 0.625000 0.750000
vt 0.375000 1.000000
vt 0.625000 1.000000
vt 0.875000 0.000000
vt 0.875000 0.250000
vt 0.125000 0.000000
vt 0.125000 0.250000
vn 0.000000 0.000000 1.000000
vn 0.000000 0.000000 1.000000
vn 0.000000 0.000000 1.000000
vn 0.000000 0.000000 1.000000
vn -0.087188 0.945983 0.312273
vn -0.045724 0.960563 0.274278
vn -0.043626 0.961213 0.272335
vn 0.000000 0.972841 0.231475
vn 0.000000 -0.103549 -0.994624
vn 0.052781 -0.052600 -0.997220
vn 0.051676 -0.053672 -0.997221
vn 0.106670 0.000000 -0.994294
vn 0.079933 -0.996800 0.000000
vn 0.039972 -0.998402 -0.039954
vn 0.039877 -0.998402 -0.040048
vn 0.000000 -0.996822 -0.079664
vn 0.993972 0.000000 -0.109633
vn 0.995924 -0.070993 -0.055636
vn 0.996125 -0.061324 -0.063042
vn 0.993654 -0.109427 -0.026037
vn -1.000000 0.000000 0.000000
vn -1.000000 0.000000 0.000000
vn -1.000000 0.000000 0.000000
vn -1.000000 0.000000 0.000000
s 1
g group1 pCube5
usemtl lambert2SG
f 943/1159/1383 944/1160/1384 945/1161/1385
f 945/1161/1385 944/1160/1384 946/1162/1386
s 2
f 945/1161/1387 946/1162/1388 947/1163/1389
f 947/1163/1389 946/1162/1388 948/1164/1390
s 3
f 948/1164/1391 950/1166/1392 947/1163/1393
f 947/1163/1393 950/1166/1392 949/1165/1394
s 4
f 949/1165/1395 950/1166/1396 943/1167/1397
f 943/1167/1397 950/1166/1396 944/1168/1398
s 5
f 944/1160/1399 950/1169/1400 946/1162/1401
f 946/1162/1401 950/1169/1400 948/1170/1402
s 6
f 943/1159/1403 945/1161/1404 949/1171/1405
f 949/1171/1405 945/1161/1404 947/1172/1406
g default
v -0.467422 0.315567 0.118198
v -0.468458 0.153645 0.202143
v -0.483476 0.399268 0.279453
v -0.484512 0.237346 0.363397
v -0.301796 0.405741 0.294180
v -0.302832 0.243819 0.378125
v -0.285742 0.322040 0.132926
v -0.286778 0.160118 0.216871
vt 0.375000 0.000000
vt 0.625000 0.000000
vt 0.375000 0.250000
vt 0.625000 0.250000
vt 0.375000 0.500000
vt 0.625000 0.500000
vt 0.375000 0.750000
vt 0.625000 0.750000
vt 0.375000 1.000000
vt 0.625000 1.000000
vt 0.875000 0.000000
vt 0.875000 0.250000
vt 0.125000 0.000000
vt 0.125000 0.250000
vn -0.996102 -0.035490 -0.080749
vn -0.996102 -0.035490 -0.080749
vn -0.996102 -0.035490 -0.080749
vn -0.996102 -0.035490 -0.080749
vn -0.088020 0.458909 0.884113
vn -0.088020 0.458909 0.884113
vn -0.088020 0.458909 0.884113
vn -0.088020 0.458909 0.884113
vn 0.996102 0.035490 0.080749
vn 0.996102 0.035490 0.080749
vn 0.996102 0.035490 0.080749
vn 0.996102 0.035490 0.080749
vn 0.088020 -0.458909 -0.884113
vn 0.088020 -0.458909 -0.884113
vn 0.088020 -0.458909 -0.884113
vn 0.088020 -0.458909 -0.884113
vn -0.005679 -0.887774 0.460244
vn -0.005679 -0.887774 0.460244
vn -0.005679 -0.887774 0.460244
vn -0.005679 -0.887774 0.460244
vn 0.005679 0.887774 -0.460244
vn 0.005679 0.887774 -0.460244
vn 0.005679 0.887774 -0.460244
vn 0.005679 0.887774 -0.460244
s 1
g group1 pCube8
usemtl lambert3SG
f 951/1173/1407 952/1174/1408 953/1175/1409
f 953/1175/1409 952/1174/1408 954/1176/1410
s 2
f 953/1175/1411 954/1176/1412 955/1177/1413
f 955/1177/1413 954/1176/1412 956/1178/1414
s 3
f 955/1177/1415 956/1178/1416 957/1179/1417
f 957/1179/1417 956/1178/1416 958/1180/1418
s 4
f 957/1179/1419 958/1180/1420 951/1181/1421
f 951/1181/1421 958/1180/1420 952/1182/1422
s 5
f 952/1174/1423 958/1183/1424 954/1176/1425
f 954/1176/1425 958/1183/1424 956/1184/1426
s 6
f 957/1185/1427 951/1173/1428 955/1186/1429
f 955/1186/1429 951/1173/1428 953/1175/1430
g default
v -0.309653 0.357443 -0.343908
v -0.358964 0.450792 -0.195176
v -0.346006 0.200879 -0.257696
v -0.395318 0.294227 -0.108965
v -0.517800 0.207215 -0.318631
v -0.567112 0.300563 -0.169900
v -0.481447 0.363779 -0.404843
v -0.530759 0.457128 -0.256112
vt 0.375000 0.000000
vt 0.625000 0.000000
vt 0.375000 0.250000
vt 0.625000 0.250000
vt 0.375000 0.500000
vt 0.625000 0.500000
vt 0.375000 0.750000
vt 0.625000 0.750000
vt 0.375000 1.000000
vt 0.625000 1.000000
vt 0.875000 0.000000
vt 0.875000 0.250000
vt 0.125000 0.000000
vt 0.125000 0.250000
vn 0.941901 -0.034739 0.334091
vn 0.941901 -0.034739 0.334091
vn 0.941901 -0.034739 0.334091
vn 0.941901 -0.034739 0.334091
vn -0.199316 -0.858401 0.472675
vn -0.199316 -0.858401 0.472675
vn -0.199316 -0.858401 0.472675
vn -0.199316 -0.858401 0.472675
vn -0.941901 0.034739 -0.334091
vn -0.941901 0.034739 -0.334091
vn -0.941901 0.034739 -0.334091
vn -0.941901 0.034739 -0.334091
vn 0.199316 0.858401 -0.472675
vn 0.199316 0.858401 -0.472675
vn 0.199316 0.858401 -0.472675
vn 0.199316 0.858401 -0.472675
vn -0.270363 0.511802 0.815452
vn -0.270363 0.511802 0.815452
vn -0.270363 0.511802 0.815452
vn -0.270363 0.511802 0.815452
vn 0.270363 -0.511802 -0.815452
vn 0.270363 -0.511802 -0.815452
vn 0.270363 -0.511802 -0.815452
vn 0.270363 -0.511802 -0.815452
s 1
g group1 pCube10
usemtl lambert4SG
f 959/1187/1431 960/1188/1432 961/1189/1433
f 961/1189/1433 960/1188/1432 962/1190/1434
s 2
f 961/1189/1435 962/1190/1436 963/1191/1437
f 963/1191/1437 962/1190/1436 964/1192/1438
s 3
f 963/1191/1439 964/1192/1440 965/1193/1441
f 965/1193/1441 964/1192/1440 966/1194/1442
s 4
f 965/1193/1443 966/1194/1444 959/1195/1445
f 959/1195/1445 966/1194/1444 960/1196/1446
s 5
f 960/1188/1447 966/1197/1448 962/1190/1449
f 962/1190/1449 966/1197/1448 964/1198/1450
s 6
f 965/1199/1451 959/1187/1452 963/1200/1453
f 963/1200/1453 959/1187/1452 961/1189/1454
g default
v 0.001165 0.492069 -0.001461
v -0.000416 0.492069 -0.001822
v -0.001683 0.492069 -0.000811
v -0.001683 0.492069 0.000811
v -0.000416 0.492069 0.001822
v 0.001165 0.492069 0.001461
v 0.001868 0.492069 0.000000
v 0.002330 0.492069 -0.002922
v -0.000832 0.492069 -0.003643
v -0.003367 0.492069 -0.001621
v -0.003367 0.492069 0.001621
v -0.000832 0.492069 0.003643
v 0.002330 0.492069 0.002922
v 0.003737 0.492069 0.000000
v 0.003495 0.492069 -0.004383
v -0.001247 0.492069 -0.005465
v -0.005050 0.492069 -0.002432
v -0.005050 0.492069 0.002432
v -0.001247 0.492069 0.005465
v 0.003495 0.492069 0.004383
v 0.005605 0.492069 0.000000
v 0.004660 0.492069 -0.005843
v -0.001663 0.492069 -0.007287
v -0.006734 0.492069 -0.003243
v -0.006734 0.492069 0.003243
v -0.001663 0.492069 0.007287
v 0.004660 0.492069 0.005843
v 0.007474 0.492069 0.000000
v 0.005825 0.492069 -0.007304
v -0.002079 0.492069 -0.009108
v -0.008417 0.492069 -0.004054
v -0.008417 0.492069 0.004054
v -0.002079 0.492069 0.009108
v 0.005825 0.492069 0.007304
v 0.009342 0.492069 0.000000
v 0.006990 0.492069 -0.008765
v -0.002495 0.492069 -0.010930
v -0.010101 0.492069 -0.004864
v -0.010101 0.492069 0.004864
v -0.002495 0.492069 0.010930
v 0.006990 0.492069 0.008765
v 0.011211 0.492069 0.000000
v 0.008155 0.492069 -0.010226
v -0.002910 0.492069 -0.012751
v -0.011784 0.492069 -0.005675
v -0.011784 0.492069 0.005675
v -0.002910 0.492069 0.012751
v 0.008155 0.492069 0.010226
v 0.013079 0.492069 0.000000
v 0.009320 0.492069 -0.011687
v -0.003326 0.492069 -0.014573
v -0.013468 0.492069 -0.006486
v -0.013468 0.492069 0.006486
v -0.003326 0.492069 0.014573
v 0.009320 0.492069 0.011687
v 0.014948 0.492069 0.000000
v 0.010485 0.492069 -0.013148
v -0.003742 0.492069 -0.016395
v -0.015151 0.492069 -0.007296
v -0.015151 0.492069 0.007296
v -0.003742 0.492069 0.016395
v 0.010485 0.492069 0.013148
v 0.016816 0.492069 0.000000
v 0.011650 0.492069 -0.014608
v -0.004158 0.492069 -0.018216
v -0.016834 0.492069 -0.008107
v -0.016834 0.492069 0.008107
v -0.004158 0.492069 0.018216
v 0.011650 0.492069 0.014608
v 0.018685 0.492069 0.000000
v 0.012815 0.492069 -0.016069
v -0.004574 0.492069 -0.020038
v -0.018518 0.492069 -0.008918
v -0.018518 0.492069 0.008918
v -0.004574 0.492069 0.020038
v 0.012815 0.492069 0.016069
v 0.020553 0.492069 0.000000
v 0.013980 0.492069 -0.017530
v -0.004989 0.492069 -0.021860
v -0.020201 0.492069 -0.009728
v -0.020201 0.492069 0.009728
v -0.004989 0.492069 0.021860
v 0.013980 0.492069 0.017530
v 0.022422 0.492069 0.000000
v 0.015145 0.492069 -0.018991
v -0.005405 0.492069 -0.023681
v -0.021885 0.492069 -0.010539
v -0.021885 0.492069 0.010539
v -0.005405 0.492069 0.023681
v 0.015145 0.492069 0.018991
v 0.024290 0.492069 0.000000
v 0.016310 0.492069 -0.020452
v -0.005821 0.492069 -0.025503
v -0.023568 0.492069 -0.011350
v -0.023568 0.492069 0.011350
v -0.005821 0.492069 0.025503
v 0.016310 0.492069 0.020452
v 0.026159 0.492069 0.000000
v 0.016310 0.537559 -0.020452
v -0.005821 0.537559 -0.025503
v -0.023568 0.537559 -0.011350
v -0.023568 0.537559 0.011350
v -0.005821 0.537559 0.025503
v 0.016310 0.537559 0.020452
v 0.026159 0.537559 0.000000
v 0.016310 0.583049 -0.020452
v -0.005821 0.583049 -0.025503
v -0.023568 0.583049 -0.011350
v -0.023568 0.583049 0.011350
v -0.005821 0.583049 0.025503
v 0.016310 0.583049 0.020452
v 0.026159 0.583049 0.000000
v 0.016310 0.628539 -0.020452
v -0.005821 0.628539 -0.025503
v -0.023568 0.628539 -0.011350
v -0.023568 0.628539 0.011350
v -0.005821 0.628539 0.025503
v 0.016310 0.628539 0.020452
v 0.026159 0.628539 0.000000
v 0.016310 0.674029 -0.020452
v -0.005821 0.674029 -0.025503
v -0.023568 0.674029 -0.011350
v -0.023568 0.674029 0.011350
v -0.005821 0.674029 0.025503
v 0.016310 0.674029 0.020452
v 0.026159 0.674029 0.000000
v 0.016310 0.719519 -0.020452
v -0.005821 0.719519 -0.025503
v -0.023568 0.719519 -0.011350
v -0.023568 0.719519 0.011350
v -0.005821 0.719519 0.025503
v 0.016310 0.719519 0.020452
v 0.026159 0.719519 0.000000
v 0.016310 0.765009 -0.020452
v -0.005821 0.765009 -0.025503
v -0.023568 0.765009 -0.011350
v -0.023568 0.765009 0.011350
v -0.005821 0.765009 0.025503
v 0.016310 0.765009 0.020452
v 0.026159 0.765009 0.000000
v 0.016310 0.810499 -0.020452
v -0.005821 0.810499 -0.025503
v -0.023568 0.810499 -0.011350
v -0.023568 0.810499 0.011350
v -0.005821 0.810499 0.025503
v 0.016310 0.810499 0.020452
v 0.026159 0.810499 0.000000
v 0.017492 0.854097 -0.020452
v -0.004497 0.856599 -0.025503
v -0.022130 0.858604 -0.011350
v -0.022130 0.858604 0.011350
v -0.004497 0.856599 0.025503
v 0.017492 0.854097 0.020452
v 0.027278 0.852984 0.000000
v 0.026859 0.894738 -0.020452
v 0.005994 0.902114 -0.025503
v -0.010738 0.908029 -0.011350
v -0.010738 0.908029 0.011350
v 0.005994 0.902114 0.025503
v 0.026859 0.894738 0.020452
v 0.036145 0.891455 0.000000
v 0.045115 0.932236 -0.020452
v 0.026440 0.944110 -0.025503
v 0.011463 0.953632 -0.011350
v 0.011463 0.953632 0.011350
v 0.026440 0.944110 0.025503
v 0.045115 0.932236 0.020452
v 0.053427 0.926951 0.000000
v 0.071327 0.964675 -0.020452
v 0.055796 0.980441 -0.025503
v 0.043341 0.993083 -0.011350
v 0.043341 0.993083 0.011350
v 0.055796 0.980441 0.025503
v 0.071327 0.964675 0.020452
v 0.078239 0.957659 0.000000
v 0.104155 0.990399 -0.020452
v 0.092562 1.009250 -0.025503
v 0.083264 1.024367 -0.011350
v 0.083264 1.024367 0.011350
v 0.092562 1.009250 0.025503
v 0.104155 0.990399 0.020452
v 0.109315 0.982009 0.000000
v 0.142384 1.008367 -0.020452
v 0.134646 1.029101 -0.025503
v 0.128440 1.045728 -0.011350
v 0.128440 1.045728 0.011350
v 0.134646 1.029101 0.025503
v 0.142384 1.008367 0.020452
v 0.145828 0.999140 0.000000
v 0.185002 1.024273 -0.020452
v 0.177264 1.045007 -0.025503
v 0.171059 1.061634 -0.011350
v 0.171059 1.061634 0.011350
v 0.177264 1.045007 0.025503
v 0.185002 1.024273 0.020452
v 0.188446 1.015046 0.000000
v 0.227621 1.040179 -0.020452
v 0.219883 1.060913 -0.025503
v 0.213677 1.077540 -0.011350
v 0.213677 1.077540 0.011350
v 0.219883 1.060913 0.025503
v 0.227621 1.040179 0.020452
v 0.231065 1.030952 0.000000
v 0.227213 1.041271 -0.018991
v 0.220028 1.060524 -0.023681
v 0.214266 1.075963 -0.010539
v 0.214266 1.075963 0.010539
v 0.220028 1.060524 0.023681
v 0.227213 1.041271 0.018991
v 0.230411 1.032703 0.000000
v 0.226806 1.042362 -0.017530
v 0.220173 1.060134 -0.021860
v 0.214854 1.074386 -0.009728
v 0.214854 1.074386 0.009728
v 0.220173 1.060134 0.021860
v 0.226806 1.042362 0.017530
v 0.229758 1.034453 0.000000
v 0.226399 1.043454 -0.016069
v 0.220319 1.059744 -0.020038
v 0.215443 1.072809 -0.008918
v 0.215443 1.072809 0.008918
v 0.220319 1.059744 0.020038
v 0.226399 1.043454 0.016069
v 0.229105 1.036204 0.000000
v 0.225991 1.044545 -0.014608
v 0.220464 1.059355 -0.018216
v 0.216032 1.071231 -0.008107
v 0.216032 1.071231 0.008107
v 0.220464 1.059355 0.018216
v 0.225991 1.044545 0.014608
v 0.228451 1.037954 0.000000
v 0.225584 1.045637 -0.013148
v 0.220609 1.058965 -0.016395
v 0.216620 1.069654 -0.007296
v 0.216620 1.069654 0.007296
v 0.220609 1.058965 0.016395
v 0.225584 1.045637 0.013148
v 0.227798 1.039705 0.000000
v 0.225177 1.046728 -0.011687
v 0.220755 1.058576 -0.014573
v 0.217209 1.068077 -0.006486
v 0.217209 1.068077 0.006486
v 0.220755 1.058576 0.014573
v 0.225177 1.046728 0.011687
v 0.227145 1.041455 0.000000
v 0.224769 1.047819 -0.010226
v 0.220900 1.058186 -0.012751
v 0.217797 1.066500 -0.005675
v 0.217797 1.066500 0.005675
v 0.220900 1.058186 0.012751
v 0.224769 1.047820 0.010226
v 0.226491 1.043206 0.000000
v 0.224362 1.048911 -0.008765
v 0.221046 1.057797 -0.010930
v 0.218386 1.064923 -0.004864
v 0.218386 1.064923 0.004864
v 0.221046 1.057797 0.010930
v 0.224362 1.048911 0.008765
v 0.225838 1.044956 0.000000
v 0.223955 1.050002 -0.007304
v 0.221191 1.057407 -0.009108
v 0.218975 1.063345 -0.004054
v 0.218975 1.063345 0.004054
v 0.221191 1.057407 0.009108
v 0.223955 1.050002 0.007304
v 0.225185 1.046707 0.000000
v 0.223547 1.051094 -0.005843
v 0.221336 1.057018 -0.007287
v 0.219563 1.061768 -0.003243
v 0.219563 1.061768 0.003243
v 0.221336 1.057018 0.007287
v 0.223547 1.051094 0.005843
v 0.224531 1.048457 0.000000
v 0.223140 1.052185 -0.004383
v 0.221482 1.056628 -0.005465
v 0.220152 1.060191 -0.002432
v 0.220152 1.060191 0.002432
v 0.221482 1.056628 0.005465
v 0.223140 1.052185 0.004383
v 0.223878 1.050208 0.000000
v 0.222733 1.053277 -0.002922
v 0.221627 1.056239 -0.003643
v 0.220741 1.058614 -0.001621
v 0.220741 1.058614 0.001621
v 0.221627 1.056239 0.003643
v 0.222733 1.053277 0.002922
v 0.223225 1.051959 0.000000
v 0.222325 1.054368 -0.001461
v 0.221773 1.055849 -0.001822
v 0.221329 1.057037 -0.000811
v 0.221329 1.057037 0.000811
v 0.221773 1.055849 0.001822
v 0.222325 1.054368 0.001461
v 0.222571 1.053709 0.000000
v 0.000000 0.492069 0.000000
v 0.221918 1.055460 0.000000
vt 0.506959 0.147524
vt 0.497517 0.145369
vt 0.489945 0.151408
vt 0.489945 0.161092
vt 0.497517 0.167131
vt 0.506959 0.164976
vt 0.511161 0.156250
vt 0.513917 0.138798
vt 0.495033 0.134488
vt 0.479889 0.146565
vt 0.479889 0.165935
vt 0.495033 0.178012
vt 0.513917 0.173702
vt 0.522321 0.156250
vt 0.520876 0.130073
vt 0.492550 0.123607
vt 0.469834 0.141723
vt 0.469834 0.170777
vt 0.492550 0.188893
vt 0.520876 0.182427
vt 0.533482 0.156250
vt 0.527834 0.121347
vt 0.490066 0.112726
vt 0.459778 0.136880
vt 0.459778 0.175620
vt 0.490066 0.199774
vt 0.527834 0.191153
vt 0.544643 0.156250
vt 0.534793 0.112621
vt 0.487583 0.101846
vt 0.449723 0.132038
vt 0.449723 0.180462
vt 0.487583 0.210654
vt 0.534793 0.199879
vt 0.555804 0.156250
vt 0.541752 0.103895
vt 0.485099 0.090965
vt 0.439667 0.127195
vt 0.439667 0.185305
vt 0.485099 0.221535
vt 0.541752 0.208605
vt 0.566964 0.156250
vt 0.548710 0.095169
vt 0.482616 0.080084
vt 0.429612 0.122353
vt 0.429612 0.190147
vt 0.482616 0.232416
vt 0.548710 0.217331
vt 0.578125 0.156250
vt 0.555669 0.086444
vt 0.480132 0.069203
vt 0.419556 0.117510
vt 0.419556 0.194990
vt 0.480132 0.243297
vt 0.555669 0.226056
vt 0.589286 0.156250
vt 0.562627 0.077718
vt 0.477649 0.058322
vt 0.409501 0.112668
vt 0.409501 0.199832
vt 0.477649 0.254178
vt 0.562627 0.234782
vt 0.600446 0.156250
vt 0.569586 0.068992
vt 0.475165 0.047441
vt 0.399445 0.107825
vt 0.399445 0.204675
vt 0.475165 0.265059
vt 0.569586 0.243508
vt 0.611607 0.156250
vt 0.576544 0.060266
vt 0.472682 0.036560
vt 0.389390 0.102983
vt 0.389390 0.209517
vt 0.472682 0.275940
vt 0.576545 0.252234
vt 0.622768 0.156250
vt 0.583503 0.051540
vt 0.470198 0.025679
vt 0.379335 0.098141
vt 0.379335 0.214359
vt 0.470198 0.286821
vt 0.583503 0.260960
vt 0.633929 0.156250
vt 0.590462 0.042815
vt 0.467715 0.014798
vt 0.369279 0.093298
vt 0.369279 0.219202
vt 0.467715 0.297702
vt 0.590462 0.269685
vt 0.645089 0.156250
vt 0.597420 0.034089
vt 0.465231 0.003917
vt 0.359224 0.088456
vt 0.359224 0.224044
vt 0.465231 0.308582
vt 0.597420 0.278411
vt 0.656250 0.156250
vt 0.375000 0.312500
vt 0.410714 0.312500
vt 0.446429 0.312500
vt 0.482143 0.312500
vt 0.517857 0.312500
vt 0.553571 0.312500
vt 0.589286 0.312500
vt 0.625000 0.312500
vt 0.375000 0.337500
vt 0.410714 0.337500
vt 0.446429 0.337500
vt 0.482143 0.337500
vt 0.517857 0.337500
vt 0.553571 0.337500
vt 0.589286 0.337500
vt 0.625000 0.337500
vt 0.375000 0.362500
vt 0.410714 0.362500
vt 0.446429 0.362500
vt 0.482143 0.362500
vt 0.517857 0.362500
vt 0.553571 0.362500
vt 0.589286 0.362500
vt 0.625000 0.362500
vt 0.375000 0.387500
vt 0.410714 0.387500
vt 0.446429 0.387500
vt 0.482143 0.387500
vt 0.517857 0.387500
vt 0.553571 0.387500
vt 0.589286 0.387500
vt 0.625000 0.387500
vt 0.375000 0.412500
vt 0.410714 0.412500
vt 0.446429 0.412500
vt 0.482143 0.412500
vt 0.517857 0.412500
vt 0.553571 0.412500
vt 0.589286 0.412500
vt 0.625000 0.412500
vt 0.375000 0.437500
vt 0.410714 0.437500
vt 0.446429 0.437500
vt 0.482143 0.437500
vt 0.517857 0.437500
vt 0.553571 0.437500
vt 0.589286 0.437500
vt 0.625000 0.437500
vt 0.375000 0.462500
vt 0.410714 0.462500
vt 0.446429 0.462500
vt 0.482143 0.462500
vt 0.517857 0.462500
vt 0.553571 0.462500
vt 0.589286 0.462500
vt 0.625000 0.462500
vt 0.375000 0.487500
vt 0.410714 0.487500
vt 0.446429 0.487500
vt 0.482143 0.487500
vt 0.517857 0.487500
vt 0.553571 0.487500
vt 0.589286 0.487500
vt 0.625000 0.487500
vt 0.375000 0.512500
vt 0.410714 0.512500
vt 0.446429 0.512500
vt 0.482143 0.512500
vt 0.517857 0.512500
vt 0.553571 0.512500
vt 0.589286 0.512500
vt 0.625000 0.512500
vt 0.375000 0.537500
vt 0.410714 0.537500
vt 0.446429 0.537500
vt 0.482143 0.537500
vt 0.517857 0.537500
vt 0.553571 0.537500
vt 0.589286 0.537500
vt 0.625000 0.537500
vt 0.375000 0.562500
vt 0.410714 0.562500
vt 0.446429 0.562500
vt 0.482143 0.562500
vt 0.517857 0.562500
vt 0.553571 0.562500
vt 0.589286 0.562500
vt 0.625000 0.562500
vt 0.375000 0.587500
vt 0.410714 0.587500
vt 0.446429 0.587500
vt 0.482143 0.587500
vt 0.517857 0.587500
vt 0.553571 0.587500
vt 0.589286 0.587500
vt 0.625000 0.587500
vt 0.375000 0.612500
vt 0.410714 0.612500
vt 0.446429 0.612500
vt 0.482143 0.612500
vt 0.517857 0.612500
vt 0.553571 0.612500
vt 0.589286 0.612500
vt 0.625000 0.612500
vt 0.375000 0.637500
vt 0.410714 0.637500
vt 0.446429 0.637500
vt 0.482143 0.637500
vt 0.517857 0.637500
vt 0.553571 0.637500
vt 0.589286 0.637500
vt 0.625000 0.637500
vt 0.375000 0.662500
vt 0.410714 0.662500
vt 0.446429 0.662500
vt 0.482143 0.662500
vt 0.517857 0.662500
vt 0.553571 0.662500
vt 0.589286 0.662500
vt 0.625000 0.662500
vt 0.375000 0.687500
vt 0.410714 0.687500
vt 0.446429 0.687500
vt 0.482143 0.687500
vt 0.517857 0.687500
vt 0.553571 0.687500
vt 0.589286 0.687500
vt 0.625000 0.687500
vt 0.597420 0.721589
vt 0.465231 0.691417
vt 0.359224 0.775956
vt 0.359224 0.911544
vt 0.465231 0.996082
vt 0.597420 0.965911
vt 0.656250 0.843750
vt 0.590462 0.730315
vt 0.467715 0.702298
vt 0.369279 0.780798
vt 0.369279 0.906702
vt 0.467715 0.985202
vt 0.590462 0.957185
vt 0.645089 0.843750
vt 0.583503 0.739040
vt 0.470198 0.713179
vt 0.379335 0.785641
vt 0.379335 0.901859
vt 0.470198 0.974321
vt 0.583503 0.948460
vt 0.633929 0.843750
vt 0.576544 0.747766
vt 0.472682 0.724060
vt 0.389390 0.790483
vt 0.389390 0.897017
vt 0.472682 0.963440
vt 0.576545 0.939734
vt 0.622768 0.843750
vt 0.569586 0.756492
vt 0.475165 0.734941
vt 0.399445 0.795325
vt 0.399445 0.892175
vt 0.475165 0.952559
vt 0.569586 0.931008
vt 0.611607 0.843750
vt 0.562627 0.765218
vt 0.477649 0.745822
vt 0.409501 0.800168
vt 0.409501 0.887332
vt 0.477649 0.941678
vt 0.562627 0.922282
vt 0.600446 0.843750
vt 0.555669 0.773944
vt 0.480132 0.756703
vt 0.419556 0.805010
vt 0.419556 0.882490
vt 0.480132 0.930797
vt 0.555669 0.913556
vt 0.589286 0.843750
vt 0.548710 0.782669
vt 0.482616 0.767584
vt 0.429612 0.809853
vt 0.429612 0.877647
vt 0.482616 0.919916
vt 0.548710 0.904831
vt 0.578125 0.843750
vt 0.541752 0.791395
vt 0.485099 0.778465
vt 0.439667 0.814695
vt 0.439667 0.872805
vt 0.485099 0.909035
vt 0.541752 0.896105
vt 0.566964 0.843750
vt 0.534793 0.800121
vt 0.487583 0.789346
vt 0.449723 0.819538
vt 0.449723 0.867962
vt 0.487583 0.898154
vt 0.534793 0.887379
vt 0.555804 0.843750
vt 0.527834 0.808847
vt 0.490066 0.800226
vt 0.459778 0.824380
vt 0.459778 0.863120
vt 0.490066 0.887274
vt 0.527834 0.878653
vt 0.544643 0.843750
vt 0.520876 0.817573
vt 0.492550 0.811107
vt 0.469834 0.829223
vt 0.469834 0.858277
vt 0.492550 0.876393
vt 0.520876 0.869927
vt 0.533482 0.843750
vt 0.513917 0.826298
vt 0.495033 0.821988
vt 0.479889 0.834065
vt 0.479889 0.853435
vt 0.495033 0.865512
vt 0.513917 0.861202
vt 0.522321 0.843750
vt 0.506959 0.835024
vt 0.497517 0.832869
vt 0.489945 0.838908
vt 0.489945 0.848592
vt 0.497517 0.854631
vt 0.506959 0.852476
vt 0.511161 0.843750
vt 0.500000 0.156250
vt 0.500000 0.843750
vn 0.000000 -1.000000 -0.000004
vn 0.000000 -1.000000 0.000006
vn 0.000000 -1.000000 0.000000
vn 0.000000 -1.000000 -0.000001
vn 0.000000 -1.000000 -0.000001
vn 0.000000 -1.000000 -0.000001
vn 0.000000 -1.000000 0.000000
vn 0.000000 -1.000000 0.000000
vn 0.000000 -1.000000 0.000000
vn 0.000000 -1.000000 0.000004
vn 0.000000 -1.000000 0.000000
vn 0.000000 -1.000000 0.000001
vn 0.000000 -1.000000 -0.000013
vn 0.000000 -1.000000 -0.000008
vn 0.000000 -1.000000 0.000001
vn 0.000000 -1.000000 0.000004
vn 0.000000 -1.000000 0.000001
vn 0.000000 -1.000000 0.000000
vn 0.000000 -1.000000 -0.000002
vn 0.000000 -1.000000 -0.000000
vn 0.000000 -1.000000 -0.000001
vn 0.000000 -1.000000 0.000000
vn 0.000000 -1.000000 -0.000016
vn 0.000000 -1.000000 -0.000000
vn 0.000000 -1.000000 0.000000
vn 0.000000 -1.000000 -0.000001
vn 0.000000 -1.000000 0.000000
vn 0.000000 -1.000000 0.000000
vn 0.000000 -1.000000 0.000005
vn 0.000000 -1.000000 -0.000011
vn 0.000000 -1.000000 -0.000000
vn 0.000000 -1.000000 0.000000
vn 0.000000 -1.000000 0.000000
vn 0.000000 -1.000000 0.000000
vn 0.000000 -1.000000 0.000000
vn 0.000000 -1.000000 0.000002
vn 0.000000 -1.000000 -0.000003
vn 0.000000 -1.000000 0.000001
vn 0.000000 -1.000000 0.000000
vn 0.000000 -1.000000 0.000000
vn 0.000000 -1.000000 0.000000
vn 0.000000 -1.000000 0.000000
vn 0.000000 -1.000000 0.000008
vn 0.000000 -1.000000 -0.000001
vn 0.000000 -1.000000 0.000000
vn 0.000000 -1.000000 0.000000
vn 0.000000 -1.000000 0.000000
vn 0.000000 -1.000000 0.000000
vn 0.000000 -1.000000 0.000000
vn 0.000000 -1.000000 -0.000004
vn 0.000000 -1.000000 -0.000000
vn 0.000000 -1.000000 0.000000
vn 0.000000 -1.000000 0.000000
vn 0.000000 -1.000000 0.000004
vn 0.000000 -1.000000 0.000000
vn 0.000000 -1.000000 0.000000
vn 0.000000 -1.000000 -0.000003
vn 0.000000 -1.000000 0.000000
vn 0.000000 -1.000000 0.000000
vn 0.000000 -1.000000 0.000000
vn 0.000000 -1.000000 0.000002
vn 0.000000 -1.000000 0.000000
vn 0.000000 -1.000000 0.000000
vn 0.000000 -1.000000 0.000006
vn 0.000000 -1.000000 0.000000
vn 0.000000 -1.000000 0.000000
vn 0.000000 -1.000000 0.000000
vn 0.000000 -1.000000 0.000003
vn 0.000000 -1.000000 0.000000
vn 0.000000 -1.000000 0.000000
vn 0.000000 -1.000000 -0.000003
vn 0.000000 -1.000000 -0.000000
vn 0.000000 -1.000000 0.000000
vn 0.000000 -1.000000 0.000011
vn 0.000000 -1.000000 -0.000020
vn 0.000000 -1.000000 0.000010
vn 0.000000 -1.000000 0.000000
vn 0.000000 -1.000000 -0.000003
vn 0.000000 -1.000000 0.000000
vn 0.000000 -1.000000 0.000000
vn 0.000000 -1.000000 0.000015
vn 0.000000 -1.000000 -0.000030
vn 0.000000 -1.000000 0.000005
vn 0.000000 -1.000000 0.000000
vn 0.000000 -1.000000 0.000000
vn 0.000000 -1.000000 0.000002
vn 0.000000 -1.000000 0.000000
vn 0.000000 -1.000000 0.000005
vn 0.000000 -1.000000 0.000004
vn 0.000000 -1.000000 0.000000
vn 0.000000 -1.000000 0.000000
vn 0.000000 -1.000000 0.000000
vn 0.000000 -1.000000 0.000003
vn 0.000000 -1.000000 0.000000
vn 0.000000 -1.000000 0.000001
vn 0.000000 -1.000000 0.000021
vn 0.000000 -1.000000 0.000000
vn 0.000000 -1.000000 0.000000
vn 0.222521 0.000000 -0.974928
vn 0.222521 0.000000 -0.974928
vn 0.222521 0.000000 -0.974928
vn 0.222521 0.000000 -0.974928
vn -0.623490 0.000000 -0.781831
vn -0.623490 0.000000 -0.781831
vn -0.623490 0.000000 -0.781831
vn -0.623490 0.000000 -0.781832
vn -1.000000 0.000000 -0.000000
vn -1.000000 0.000000 -0.000000
vn -1.000000 0.000000 -0.000000
vn -1.000000 0.000000 -0.000000
vn -0.623490 0.000000 0.781831
vn -0.623490 0.000000 0.781831
vn -0.623490 0.000000 0.781831
vn -0.623490 0.000000 0.781831
vn 0.222521 0.000000 0.974928
vn 0.222521 0.000000 0.974928
vn 0.222521 0.000000 0.974928
vn 0.222521 0.000000 0.974928
vn 0.900969 0.000000 0.433884
vn 0.900969 0.000000 0.433884
vn 0.900969 0.000000 0.433884
vn 0.900969 0.000000 0.433884
vn 0.900969 0.000000 -0.433884
vn 0.900969 0.000000 -0.433884
vn 0.900969 0.000000 -0.433884
vn 0.900969 0.000000 -0.433884
vn 0.222521 0.000000 -0.974928
vn 0.222521 0.000000 -0.974928
vn -0.623490 0.000000 -0.781832
vn -0.623490 0.000000 -0.781832
vn -1.000000 0.000000 -0.000000
vn -1.000000 0.000000 -0.000000
vn -0.623490 0.000000 0.781831
vn -0.623490 0.000000 0.781832
vn 0.222521 0.000000 0.974928
vn 0.222521 0.000000 0.974928
vn 0.900969 0.000000 0.433884
vn 0.900969 0.000000 0.433884
vn 0.900969 0.000000 -0.433884
vn 0.900969 0.000000 -0.433884
vn 0.222521 0.000000 -0.974928
vn 0.222521 0.000000 -0.974928
vn -0.623490 0.000000 -0.781832
vn -0.623490 0.000000 -0.781832
vn -1.000000 0.000000 -0.000000
vn -1.000000 0.000000 -0.000000
vn -0.623490 0.000000 0.781831
vn -0.623490 0.000000 0.781831
vn 0.222521 0.000000 0.974928
vn 0.222521 0.000000 0.974928
vn 0.900969 0.000000 0.433884
vn 0.900969 0.000000 0.433884
vn 0.900969 0.000000 -0.433884
vn 0.900969 0.000000 -0.433884
vn 0.222521 0.000000 -0.974928
vn 0.222521 0.000000 -0.974928
vn -0.623490 0.000000 -0.781832
vn -0.623490 0.000000 -0.781832
vn -1.000000 0.000000 -0.000000
vn -1.000000 0.000000 -0.000000
vn -0.623490 0.000000 0.781832
vn -0.623490 0.000000 0.781831
vn 0.222521 0.000000 0.974928
vn 0.222521 0.000000 0.974928
vn 0.900969 0.000000 0.433884
vn 0.900969 0.000000 0.433884
vn 0.900969 0.000000 -0.433884
vn 0.900969 0.000000 -0.433884
vn 0.222521 0.000000 -0.974928
vn 0.222521 0.000000 -0.974928
vn -0.623490 0.000000 -0.781832
vn -0.623490 0.000000 -0.781832
vn -1.000000 0.000000 -0.000000
vn -1.000000 0.000000 -0.000000
vn -0.623490 0.000000 0.781832
vn -0.623490 0.000000 0.781831
vn 0.222521 0.000000 0.974928
vn 0.222521 0.000000 0.974928
vn 0.900969 0.000000 0.433884
vn 0.900969 0.000000 0.433884
vn 0.900969 0.000000 -0.433884
vn 0.900969 0.000000 -0.433884
vn 0.222521 0.000000 -0.974928
vn 0.222521 0.000000 -0.974928
vn -0.623490 0.000000 -0.781832
vn -0.623490 0.000000 -0.781832
vn -1.000000 0.000000 -0.000000
vn -1.000000 0.000000 -0.000000
vn -0.623490 0.000000 0.781831
vn -0.623490 0.000000 0.781831
vn 0.222521 0.000000 0.974928
vn 0.222521 0.000000 0.974928
vn 0.900969 0.000000 0.433884
vn 0.900969 0.000000 0.433884
vn 0.900969 0.000000 -0.433884
vn 0.900969 0.000000 -0.433884
vn 0.222866 -0.003271 -0.974844
vn 0.222520 -0.002817 -0.974924
vn -0.624052 0.009806 -0.781321
vn -0.623466 0.008636 -0.781802
vn -0.999882 0.015360 -0.000000
vn -0.999882 0.015360 -0.000000
vn -0.623466 0.008636 0.781802
vn -0.624053 0.009806 0.781321
vn 0.222520 -0.002817 0.974924
vn 0.222866 -0.003271 0.974844
vn 0.900911 -0.011365 0.433856
vn 0.901170 -0.012023 0.433299
vn 0.901170 -0.012023 -0.433299
vn 0.900911 -0.011365 -0.433856
vn 0.221836 -0.014000 -0.974983
vn 0.219830 -0.036149 -0.974868
vn -0.620446 0.054862 -0.782328
vn -0.616056 0.098497 -0.781520
vn -0.991458 0.130424 -0.000000
vn -0.991458 0.130424 -0.000000
vn -0.620446 0.054862 0.782328
vn -0.616056 0.098497 0.781520
vn 0.221836 -0.014000 0.974983
vn 0.219830 -0.036149 0.974868
vn 0.895686 -0.094506 0.434528
vn 0.892239 -0.125548 0.433760
vn 0.895686 -0.094506 -0.434528
vn 0.892239 -0.125548 -0.433760
vn 0.216502 -0.055064 -0.974728
vn 0.203391 -0.092167 -0.974750
vn -0.599886 0.172425 -0.781285
vn -0.574833 0.243266 -0.781274
vn -0.942820 0.333303 -0.000000
vn -0.942820 0.333303 -0.000000
vn -0.599886 0.172425 0.781285
vn -0.574833 0.243266 0.781274
vn 0.216502 -0.055064 0.974728
vn 0.203391 -0.092167 0.974750
vn 0.857919 -0.275410 0.433734
vn 0.839914 -0.326241 0.433718
vn 0.857919 -0.275410 -0.433734
vn 0.839914 -0.326241 -0.433718
vn 0.198584 -0.102315 -0.974729
vn 0.176773 -0.136616 -0.974724
vn -0.544631 0.304741 -0.781351
vn -0.505706 0.365864 -0.781285
vn -0.843870 0.536548 -0.000000
vn -0.843870 0.536548 -0.000000
vn -0.544631 0.304741 0.781351
vn -0.505706 0.365864 0.781284
vn 0.198584 -0.102315 0.974729
vn 0.176773 -0.136616 0.974724
vn 0.772828 -0.463237 0.433762
vn 0.745945 -0.505412 0.433734
vn 0.772828 -0.463237 -0.433762
vn 0.745945 -0.505412 -0.433734
vn 0.169889 -0.144941 -0.974746
vn 0.141816 -0.172591 -0.974731
vn -0.459153 0.422481 -0.781466
vn -0.413141 0.467716 -0.781381
vn -0.701798 0.712376 -0.000001
vn -0.701798 0.712376 -0.000001
vn -0.459153 0.422481 0.781465
vn -0.413141 0.467716 0.781381
vn 0.169888 -0.144940 0.974746
vn 0.141816 -0.172591 0.974731
vn 0.646134 -0.627955 0.433800
vn 0.615896 -0.657658 0.433771
vn 0.646134 -0.627955 -0.433800
vn 0.615896 -0.657658 -0.433771
vn 0.131648 -0.180230 -0.974775
vn 0.100981 -0.199051 -0.974773
vn -0.347983 0.517721 -0.781584
vn -0.304204 0.544492 -0.781657
vn -0.526096 0.850425 -0.000000
vn -0.526096 0.850425 0.000000
vn -0.347983 0.517722 0.781583
vn -0.304204 0.544493 0.781657
vn 0.131648 -0.180230 0.974775
vn 0.100981 -0.199051 0.974773
vn 0.483977 -0.759966 0.433840
vn 0.456447 -0.776724 0.433999
vn 0.483977 -0.759966 -0.433840
vn 0.456447 -0.776724 -0.433999
vn 0.091472 -0.203385 -0.974817
vn 0.080944 -0.207303 -0.974922
vn -0.249187 0.572254 -0.781301
vn -0.236281 0.577186 -0.781682
vn -0.390738 0.920502 0.000000
vn -0.390738 0.920502 0.000000
vn -0.249187 0.572254 0.781301
vn -0.236281 0.577186 0.781682
vn 0.091472 -0.203385 0.974817
vn 0.080944 -0.207303 0.974923
vn 0.351136 -0.829991 0.433380
vn 0.343609 -0.832980 0.433679
vn 0.351136 -0.829991 -0.433381
vn 0.343609 -0.832979 -0.433680
vn 0.077807 -0.208475 -0.974928
vn 0.077807 -0.208475 -0.974928
vn -0.218010 0.584133 -0.781831
vn -0.218010 0.584133 -0.781831
vn -0.349660 0.936877 0.000000
vn -0.349660 0.936877 0.000000
vn -0.218010 0.584133 0.781831
vn -0.218010 0.584133 0.781831
vn 0.077807 -0.208474 0.974928
vn 0.077807 -0.208475 0.974928
vn 0.315033 -0.844097 0.433884
vn 0.315033 -0.844097 0.433884
vn 0.315033 -0.844096 -0.433884
vn 0.315033 -0.844097 -0.433884
vn 0.077807 -0.208475 -0.974928
vn 0.077807 -0.208475 -0.974928
vn -0.218010 0.584133 -0.781831
vn -0.218009 0.584133 -0.781832
vn -0.349660 0.936877 0.000000
vn -0.349660 0.936877 0.000000
vn -0.218010 0.584133 0.781831
vn -0.218010 0.584133 0.781831
vn 0.077807 -0.208475 0.974928
vn 0.077807 -0.208475 0.974928
vn 0.315033 -0.844096 0.433884
vn 0.315033 -0.844096 0.433884
vn 0.315033 -0.844096 -0.433884
vn 0.315033 -0.844096 -0.433884
vn 0.936877 0.349660 -0.000001
vn 0.936877 0.349658 0.000001
vn 0.936879 0.349653 -0.000009
vn 0.936880 0.349651 -0.000001
vn 0.936877 0.349659 0.000005
vn 0.936877 0.349658 0.000004
vn 0.936879 0.349654 -0.000005
vn 0.936874 0.349666 -0.000005
vn 0.936877 0.349658 -0.000002
vn 0.936878 0.349657 -0.000003
vn 0.936878 0.349658 0.000011
vn 0.936879 0.349654 0.000004
vn 0.936870 0.349679 -0.000000
vn 0.936873 0.349670 0.000000
vn 0.936881 0.349649 0.000007
vn 0.936879 0.349654 0.000000
vn 0.936873 0.349671 -0.000004
vn 0.936878 0.349657 0.000002
vn 0.936879 0.349655 -0.000004
vn 0.936879 0.349653 0.000002
vn 0.936876 0.349662 0.000001
vn 0.936877 0.349659 -0.000006
vn 0.936877 0.349658 -0.000003
vn 0.936876 0.349661 -0.000003
vn 0.936870 0.349678 0.000002
vn 0.936878 0.349657 0.000003
vn 0.936878 0.349655 0.000004
vn 0.936878 0.349657 0.000001
vn 0.936877 0.349660 0.000002
vn 0.936872 0.349672 0.000001
vn 0.936881 0.349649 -0.000003
vn 0.936872 0.349672 0.000003
vn 0.936878 0.349657 -0.000002
vn 0.936870 0.349677 -0.000002
vn 0.936881 0.349648 0.000000
vn 0.936877 0.349658 0.000007
vn 0.936877 0.349658 -0.000000
vn 0.936881 0.349649 -0.000002
vn 0.936875 0.349665 0.000002
vn 0.936879 0.349655 -0.000008
vn 0.936876 0.349662 -0.000000
vn 0.936873 0.349671 0.000000
vn 0.936876 0.349662 -0.000001
vn 0.936876 0.349663 -0.000002
vn 0.936882 0.349647 -0.000002
vn 0.936877 0.349660 0.000002
vn 0.936877 0.349660 -0.000001
vn 0.936878 0.349657 0.000002
vn 0.936874 0.349666 0.000000
vn 0.936876 0.349661 0.000007
vn 0.936878 0.349657 -0.000001
vn 0.936877 0.349660 0.000001
vn 0.936875 0.349666 0.000000
vn 0.936876 0.349661 -0.000004
vn 0.936880 0.349652 -0.000000
vn 0.936877 0.349660 -0.000000
vn 0.936875 0.349665 -0.000003
vn 0.936877 0.349658 -0.000003
vn 0.936879 0.349655 0.000005
vn 0.936878 0.349655 -0.000004
vn 0.936879 0.349653 0.000007
vn 0.936877 0.349659 0.000001
vn 0.936877 0.349659 -0.000000
vn 0.936876 0.349661 -0.000001
vn 0.936874 0.349667 0.000002
vn 0.936876 0.349661 0.000001
vn 0.936879 0.349654 -0.000001
vn 0.936876 0.349661 0.000003
vn 0.936873 0.349670 -0.000002
vn 0.936884 0.349641 -0.000000
vn 0.936878 0.349657 -0.000001
vn 0.936878 0.349657 -0.000003
vn 0.936874 0.349668 0.000000
vn 0.936876 0.349662 -0.000000
vn 0.936877 0.349659 0.000002
vn 0.936876 0.349661 0.000003
vn 0.936878 0.349657 0.000000
vn 0.936876 0.349663 -0.000001
vn 0.936876 0.349663 0.000006
vn 0.936876 0.349662 -0.000001
vn 0.936872 0.349673 0.000001
vn 0.936874 0.349667 0.000001
vn 0.936874 0.349669 -0.000005
vn 0.936875 0.349665 0.000000
vn 0.936875 0.349665 0.000003
vn 0.936877 0.349660 -0.000001
vn 0.936875 0.349665 -0.000004
vn 0.936883 0.349642 0.000005
vn 0.936876 0.349663 -0.000002
vn 0.936878 0.349656 0.000003
vn 0.936877 0.349659 -0.000000
vn 0.936877 0.349660 -0.000004
vn 0.936881 0.349649 0.000003
vn 0.936869 0.349680 -0.000001
vn 0.936878 0.349655 0.000001
vn 0.936876 0.349662 0.000005
vn 0.936880 0.349652 -0.000003
vn 0.936875 0.349665 -0.000001
vn 0.000000 -1.000000 0.000002
vn 0.936876 0.349661 -0.000000
s 1
g group1 bomb:pCylinder3
usemtl initialShadingGroup
f 967/1201/1455 968/1202/1456 974/1208/1457
f 974/1208/1457 968/1202/1456 975/1209/1458
f 968/1202/1456 969/1203/1459 975/1209/1458
f 975/1209/1458 969/1203/1459 976/1210/1460
f 969/1203/1459 970/1204/1461 976/1210/1460
f 976/1210/1460 970/1204/1461 977/1211/1462
f 970/1204/1461 971/1205/1463 977/1211/1462
f 977/1211/1462 971/1205/1463 978/1212/1464
f 971/1205/1463 972/1206/1465 978/1212/1464
f 978/1212/1464 972/1206/1465 979/1213/1466
f 972/1206/1465 973/1207/1467 979/1213/1466
f 979/1213/1466 973/1207/1467 980/1214/1468
f 973/1207/1467 967/1201/1455 980/1214/1468
f 980/1214/1468 967/1201/1455 974/1208/1457
f 974/1208/1457 975/1209/1458 981/1215/1469
f 981/1215/1469 975/1209/1458 982/1216/1470
f 975/1209/1458 976/1210/1460 982/1216/1470
f 982/1216/1470 976/1210/1460 983/1217/1471
f 976/1210/1460 977/1211/1462 983/1217/1471
f 983/1217/1471 977/1211/1462 984/1218/1472
f 977/1211/1462 978/1212/1464 984/1218/1472
f 984/1218/1472 978/1212/1464 985/1219/1473
f 978/1212/1464 979/1213/1466 985/1219/1473
f 985/1219/1473 979/1213/1466 986/1220/1474
f 979/1213/1466 980/1214/1468 986/1220/1474
f 986/1220/1474 980/1214/1468 987/1221/1475
f 980/1214/1468 974/1208/1457 987/1221/1475
f 987/1221/1475 974/1208/1457 981/1215/1469
f 981/1215/1469 982/1216/1470 988/1222/1476
f 988/1222/1476 982/1216/1470 989/1223/1477
f 982/1216/1470 983/1217/1471 989/1223/1477
f 989/1223/1477 983/1217/1471 990/1224/1478
f 983/1217/1471 984/1218/1472 990/1224/1478
f 990/1224/1478 984/1218/1472 991/1225/1479
f 984/1218/1472 985/1219/1473 991/1225/1479
f 991/1225/1479 985/1219/1473 992/1226/1480
f 985/1219/1473 986/1220/1474 992/1226/1480
f 992/1226/1480 986/1220/1474 993/1227/1481
f 986/1220/1474 987/1221/1475 993/1227/1481
f 993/1227/1481 987/1221/1475 994/1228/1482
f 987/1221/1475 981/1215/1469 994/1228/1482
f 994/1228/1482 981/1215/1469 988/1222/1476
f 988/1222/1476 989/1223/1477 995/1229/1483
f 995/1229/1483 989/1223/1477 996/1230/1484
f 989/1223/1477 990/1224/1478 996/1230/1484
f 996/1230/1484 990/1224/1478 997/1231/1485
f 990/1224/1478 991/1225/1479 997/1231/1485
f 997/1231/1485 991/1225/1479 998/1232/1486
f 991/1225/1479 992/1226/1480 998/1232/1486
f 998/1232/1486 992/1226/1480 999/1233/1487
f 992/1226/1480 993/1227/1481 999/1233/1487
f 999/1233/1487 993/1227/1481 1000/1234/1488
f 993/1227/1481 994/1228/1482 1000/1234/1488
f 1000/1234/1488 994/1228/1482 1001/1235/1489
f 994/1228/1482 988/1222/1476 1001/1235/1489
f 1001/1235/1489 988/1222/1476 995/1229/1483
f 995/1229/1483 996/1230/1484 1002/1236/1490
f 1002/1236/1490 996/1230/1484 1003/1237/1491
f 996/1230/1484 997/1231/1485 1003/1237/1491
f 1003/1237/1491 997/1231/1485 1004/1238/1492
f 997/1231/1485 998/1232/1486 1004/1238/1492
f 1004/1238/1492 998/1232/1486 1005/1239/1493
f 998/1232/1486 999/1233/1487 1005/1239/1493
f 1005/1239/1493 999/1233/1487 1006/1240/1494
f 999/1233/1487 1000/1234/1488 1006/1240/1494
f 1006/1240/1494 1000/1234/1488 1007/1241/1495
f 1000/1234/1488 1001/1235/1489 1007/1241/1495
f 1007/1241/1495 1001/1235/1489 1008/1242/1496
f 1001/1235/1489 995/1229/1483 1008/1242/1496
f 1008/1242/1496 995/1229/1483 1002/1236/1490
f 1002/1236/1490 1003/1237/1491 1009/1243/1497
f 1009/1243/1497 1003/1237/1491 1010/1244/1498
f 1003/1237/1491 1004/1238/1492 1010/1244/1498
f 1010/1244/1498 1004/1238/1492 1011/1245/1499
f 1004/1238/1492 1005/1239/1493 1011/1245/1499
f 1011/1245/1499 1005/1239/1493 1012/1246/1500
f 1005/1239/1493 1006/1240/1494 1012/1246/1500
f 1012/1246/1500 1006/1240/1494 1013/1247/1501
f 1006/1240/1494 1007/1241/1495 1013/1247/1501
f 1013/1247/1501 1007/1241/1495 1014/1248/1502
f 1007/1241/1495 1008/1242/1496 1014/1248/1502
f 1014/1248/1502 1008/1242/1496 1015/1249/1503
f 1008/1242/1496 1002/1236/1490 1015/1249/1503
f 1015/1249/1503 1002/1236/1490 1009/1243/1497
f 1009/1243/1497 1010/1244/1498 1016/1250/1504
f 1016/1250/1504 1010/1244/1498 1017/1251/1505
f 1010/1244/1498 1011/1245/1499 1017/1251/1505
f 1017/1251/1505 1011/1245/1499 1018/1252/1506
f 1011/1245/1499 1012/1246/1500 1018/1252/1506
f 1018/1252/1506 1012/1246/1500 1019/1253/1507
f 1012/1246/1500 1013/1247/1501 1019/1253/1507
f 1019/1253/1507 1013/1247/1501 1020/1254/1508
f 1013/1247/1501 1014/1248/1502 1020/1254/1508
f 1020/1254/1508 1014/1248/1502 1021/1255/1509
f 1014/1248/1502 1015/1249/1503 1021/1255/1509
f 1021/1255/1509 1015/1249/1503 1022/1256/1510
f 1015/1249/1503 1009/1243/1497 1022/1256/1510
f 1022/1256/1510 1009/1243/1497 1016/1250/1504
f 1016/1250/1504 1017/1251/1505 1023/1257/1511
f 1023/1257/1511 1017/1251/1505 1024/1258/1512
f 1017/1251/1505 1018/1252/1506 1024/1258/1512
f 1024/1258/1512 1018/1252/1506 1025/1259/1513
f 1018/1252/1506 1019/1253/1507 1025/1259/1513
f 1025/1259/1513 1019/1253/1507 1026/1260/1514
f 1019/1253/1507 1020/1254/1508 1026/1260/1514
f 1026/1260/1514 1020/1254/1508 1027/1261/1515
f 1020/1254/1508 1021/1255/1509 1027/1261/1515
f 1027/1261/1515 1021/1255/1509 1028/1262/1516
f 1021/1255/1509 1022/1256/1510 1028/1262/1516
f 1028/1262/1516 1022/1256/1510 1029/1263/1517
f 1022/1256/1510 1016/1250/1504 1029/1263/1517
f 1029/1263/1517 1016/1250/1504 1023/1257/1511
f 1023/1257/1511 1024/1258/1512 1030/1264/1518
f 1030/1264/1518 1024/1258/1512 1031/1265/1519
f 1024/1258/1512 1025/1259/1513 1031/1265/1519
f 1031/1265/1519 1025/1259/1513 1032/1266/1520
f 1025/1259/1513 1026/1260/1514 1032/1266/1520
f 1032/1266/1520 1026/1260/1514 1033/1267/1521
f 1026/1260/1514 1027/1261/1515 1033/1267/1521
f 1033/1267/1521 1027/1261/1515 1034/1268/1522
f 1027/1261/1515 1028/1262/1516 1034/1268/1522
f 1034/1268/1522 1028/1262/1516 1035/1269/1523
f 1028/1262/1516 1029/1263/1517 1035/1269/1523
f 1035/1269/1523 1029/1263/1517 1036/1270/1524
f 1029/1263/1517 1023/1257/1511 1036/1270/1524
f 1036/1270/1524 1023/1257/1511 1030/1264/1518
f 1030/1264/1518 1031/1265/1519 1037/1271/1525
f 1037/1271/1525 1031/1265/1519 1038/1272/1526
f 1031/1265/1519 1032/1266/1520 1038/1272/1526
f 1038/1272/1526 1032/1266/1520 1039/1273/1527
f 1032/1266/1520 1033/1267/1521 1039/1273/1527
f 1039/1273/1527 1033/1267/1521 1040/1274/1528
f 1033/1267/1521 1034/1268/1522 1040/1274/1528
f 1040/1274/1528 1034/1268/1522 1041/1275/1529
f 1034/1268/1522 1035/1269/1523 1041/1275/1529
f 1041/1275/1529 1035/1269/1523 1042/1276/1530
f 1035/1269/1523 1036/1270/1524 1042/1276/1530
f 1042/1276/1530 1036/1270/1524 1043/1277/1531
f 1036/1270/1524 1030/1264/1518 1043/1277/1531
f 1043/1277/1531 1030/1264/1518 1037/1271/1525
f 1037/1271/1525 1038/1272/1526 1044/1278/1532
f 1044/1278/1532 1038/1272/1526 1045/1279/1533
f 1038/1272/1526 1039/1273/1527 1045/1279/1533
f 1045/1279/1533 1039/1273/1527 1046/1280/1534
f 1039/1273/1527 1040/1274/1528 1046/1280/1534
f 1046/1280/1534 1040/1274/1528 1047/1281/1535
f 1040/1274/1528 1041/1275/1529 1047/1281/1535
f 1047/1281/1535 1041/1275/1529 1048/1282/1536
f 1041/1275/1529 1042/1276/1530 1048/1282/1536
f 1048/1282/1536 1042/1276/1530 1049/1283/1537
f 1042/1276/1530 1043/1277/1531 1049/1283/1537
f 1049/1283/1537 1043/1277/1531 1050/1284/1538
f 1043/1277/1531 1037/1271/1525 1050/1284/1538
f 1050/1284/1538 1037/1271/1525 1044/1278/1532
f 1044/1278/1532 1045/1279/1533 1051/1285/1539
f 1051/1285/1539 1045/1279/1533 1052/1286/1540
f 1045/1279/1533 1046/1280/1534 1052/1286/1540
f 1052/1286/1540 1046/1280/1534 1053/1287/1541
f 1046/1280/1534 1047/1281/1535 1053/1287/1541
f 1053/1287/1541 1047/1281/1535 1054/1288/1542
f 1047/1281/1535 1048/1282/1536 1054/1288/1542
f 1054/1288/1542 1048/1282/1536 1055/1289/1543
f 1048/1282/1536 1049/1283/1537 1055/1289/1543
f 1055/1289/1543 1049/1283/1537 1056/1290/1544
f 1049/1283/1537 1050/1284/1538 1056/1290/1544
f 1056/1290/1544 1050/1284/1538 1057/1291/1545
f 1050/1284/1538 1044/1278/1532 1057/1291/1545
f 1057/1291/1545 1044/1278/1532 1051/1285/1539
f 1051/1285/1539 1052/1286/1540 1058/1292/1546
f 1058/1292/1546 1052/1286/1540 1059/1293/1547
f 1052/1286/1540 1053/1287/1541 1059/1293/1547
f 1059/1293/1547 1053/1287/1541 1060/1294/1548
f 1053/1287/1541 1054/1288/1542 1060/1294/1548
f 1060/1294/1548 1054/1288/1542 1061/1295/1549
f 1054/1288/1542 1055/1289/1543 1061/1295/1549
f 1061/1295/1549 1055/1289/1543 1062/1296/1550
f 1055/1289/1543 1056/1290/1544 1062/1296/1550
f 1062/1296/1550 1056/1290/1544 1063/1297/1551
f 1056/1290/1544 1057/1291/1545 1063/1297/1551
f 1063/1297/1551 1057/1291/1545 1064/1298/1552
f 1057/1291/1545 1051/1285/1539 1064/1298/1552
f 1064/1298/1552 1051/1285/1539 1058/1292/1546
s 2
f 1058/1299/1553 1059/1300/1554 1065/1307/1555
f 1065/1307/1555 1059/1300/1554 1066/1308/1556
s 3
f 1059/1300/1557 1060/1301/1558 1066/1308/1559
f 1066/1308/1559 1060/1301/1558 1067/1309/1560
s 4
f 1060/1301/1561 1061/1302/1562 1067/1309/1563
f 1067/1309/1563 1061/1302/1562 1068/1310/1564
s 5
f 1061/1302/1565 1062/1303/1566 1068/1310/1567
f 1068/1310/1567 1062/1303/1566 1069/1311/1568
s 6
f 1062/1303/1569 1063/1304/1570 1069/1311/1571
f 1069/1311/1571 1063/1304/1570 1070/1312/1572
s 7
f 1063/1304/1573 1064/1305/1574 1070/1312/1575
f 1070/1312/1575 1064/1305/1574 1071/1313/1576
s 8
f 1064/1305/1577 1058/1306/1578 1071/1313/1579
f 1071/1313/1579 1058/1306/1578 1065/1314/1580
s 2
f 1065/1307/1555 1066/1308/1556 1072/1315/1581
f 1072/1315/1581 1066/1308/1556 1073/1316/1582
s 3
f 1066/1308/1559 1067/1309/1560 1073/1316/1583
f 1073/1316/1583 1067/1309/1560 1074/1317/1584
s 4
f 1067/1309/1563 1068/1310/1564 1074/1317/1585
f 1074/1317/1585 1068/1310/1564 1075/1318/1586
s 5
f 1068/1310/1567 1069/1311/1568 1075/1318/1587
f 1075/1318/1587 1069/1311/1568 1076/1319/1588
s 6
f 1069/1311/1571 1070/1312/1572 1076/1319/1589
f 1076/1319/1589 1070/1312/1572 1077/1320/1590
s 7
f 1070/1312/1575 1071/1313/1576 1077/1320/1591
f 1077/1320/1591 1071/1313/1576 1078/1321/1592
s 8
f 1071/1313/1579 1065/1314/1580 1078/1321/1593
f 1078/1321/1593 1065/1314/1580 1072/1322/1594
s 2
f 1072/1315/1581 1073/1316/1582 1079/1323/1595
f 1079/1323/1595 1073/1316/1582 1080/1324/1596
s 3
f 1073/1316/1583 1074/1317/1584 1080/1324/1597
f 1080/1324/1597 1074/1317/1584 1081/1325/1598
s 4
f 1074/1317/1585 1075/1318/1586 1081/1325/1599
f 1081/1325/1599 1075/1318/1586 1082/1326/1600
s 5
f 1075/1318/1587 1076/1319/1588 1082/1326/1601
f 1082/1326/1601 1076/1319/1588 1083/1327/1602
s 6
f 1076/1319/1589 1077/1320/1590 1083/1327/1603
f 1083/1327/1603 1077/1320/1590 1084/1328/1604
s 7
f 1077/1320/1591 1078/1321/1592 1084/1328/1605
f 1084/1328/1605 1078/1321/1592 1085/1329/1606
s 8
f 1078/1321/1593 1072/1322/1594 1085/1329/1607
f 1085/1329/1607 1072/1322/1594 1079/1330/1608
s 2
f 1079/1323/1595 1080/1324/1596 1086/1331/1609
f 1086/1331/1609 1080/1324/1596 1087/1332/1610
s 3
f 1080/1324/1597 1081/1325/1598 1087/1332/1611
f 1087/1332/1611 1081/1325/1598 1088/1333/1612
s 4
f 1081/1325/1599 1082/1326/1600 1088/1333/1613
f 1088/1333/1613 1082/1326/1600 1089/1334/1614
s 5
f 1082/1326/1601 1083/1327/1602 1089/1334/1615
f 1089/1334/1615 1083/1327/1602 1090/1335/1616
s 6
f 1083/1327/1603 1084/1328/1604 1090/1335/1617
f 1090/1335/1617 1084/1328/1604 1091/1336/1618
s 7
f 1084/1328/1605 1085/1329/1606 1091/1336/1619
f 1091/1336/1619 1085/1329/1606 1092/1337/1620
s 8
f 1085/1329/1607 1079/1330/1608 1092/1337/1621
f 1092/1337/1621 1079/1330/1608 1086/1338/1622
s 2
f 1086/1331/1609 1087/1332/1610 1093/1339/1623
f 1093/1339/1623 1087/1332/1610 1094/1340/1624
s 3
f 1087/1332/1611 1088/1333/1612 1094/1340/1625
f 1094/1340/1625 1088/1333/1612 1095/1341/1626
s 4
f 1088/1333/1613 1089/1334/1614 1095/1341/1627
f 1095/1341/1627 1089/1334/1614 1096/1342/1628
s 5
f 1089/1334/1615 1090/1335/1616 1096/1342/1629
f 1096/1342/1629 1090/1335/1616 1097/1343/1630
s 6
f 1090/1335/1617 1091/1336/1618 1097/1343/1631
f 1097/1343/1631 1091/1336/1618 1098/1344/1632
s 7
f 1091/1336/1619 1092/1337/1620 1098/1344/1633
f 1098/1344/1633 1092/1337/1620 1099/1345/1634
s 8
f 1092/1337/1621 1086/1338/1622 1099/1345/1635
f 1099/1345/1635 1086/1338/1622 1093/1346/1636
s 2
f 1093/1339/1623 1094/1340/1624 1100/1347/1637
f 1100/1347/1637 1094/1340/1624 1101/1348/1638
s 3
f 1094/1340/1625 1095/1341/1626 1101/1348/1639
f 1101/1348/1639 1095/1341/1626 1102/1349/1640
s 4
f 1095/1341/1627 1096/1342/1628 1102/1349/1641
f 1102/1349/1641 1096/1342/1628 1103/1350/1642
s 5
f 1096/1342/1629 1097/1343/1630 1103/1350/1643
f 1103/1350/1643 1097/1343/1630 1104/1351/1644
s 6
f 1097/1343/1631 1098/1344/1632 1104/1351/1645
f 1104/1351/1645 1098/1344/1632 1105/1352/1646
s 7
f 1098/1344/1633 1099/1345/1634 1105/1352/1647
f 1105/1352/1647 1099/1345/1634 1106/1353/1648
s 8
f 1099/1345/1635 1093/1346/1636 1106/1353/1649
f 1106/1353/1649 1093/1346/1636 1100/1354/1650
s 2
f 1100/1347/1637 1101/1348/1638 1107/1355/1651
f 1107/1355/1651 1101/1348/1638 1108/1356/1652
s 3
f 1101/1348/1639 1102/1349/1640 1108/1356/1653
f 1108/1356/1653 1102/1349/1640 1109/1357/1654
s 4
f 1102/1349/1641 1103/1350/1642 1109/1357/1655
f 1109/1357/1655 1103/1350/1642 1110/1358/1656
s 5
f 1103/1350/1643 1104/1351/1644 1110/1358/1657
f 1110/1358/1657 1104/1351/1644 1111/1359/1658
s 6
f 1104/1351/1645 1105/1352/1646 1111/1359/1659
f 1111/1359/1659 1105/1352/1646 1112/1360/1660
s 7
f 1105/1352/1647 1106/1353/1648 1112/1360/1661
f 1112/1360/1661 1106/1353/1648 1113/1361/1662
s 8
f 1106/1353/1649 1100/1354/1650 1113/1361/1663
f 1113/1361/1663 1100/1354/1650 1107/1362/1664
s 2
f 1108/1356/1652 1115/1364/1665 1107/1355/1651
f 1107/1355/1651 1115/1364/1665 1114/1363/1666
s 3
f 1109/1357/1654 1116/1365/1667 1108/1356/1653
f 1108/1356/1653 1116/1365/1667 1115/1364/1668
s 4
f 1109/1357/1655 1110/1358/1656 1116/1365/1669
f 1116/1365/1669 1110/1358/1656 1117/1366/1670
s 5
f 1110/1358/1657 1111/1359/1658 1117/1366/1671
f 1117/1366/1671 1111/1359/1658 1118/1367/1672
s 6
f 1111/1359/1659 1112/1360/1660 1118/1367/1673
f 1118/1367/1673 1112/1360/1660 1119/1368/1674
s 7
f 1112/1360/1661 1113/1361/1662 1119/1368/1675
f 1119/1368/1675 1113/1361/1662 1120/1369/1676
s 8
f 1107/1362/1664 1114/1370/1677 1113/1361/1663
f 1113/1361/1663 1114/1370/1677 1120/1369/1678
s 2
f 1115/1364/1665 1122/1372/1679 1114/1363/1666
f 1114/1363/1666 1122/1372/1679 1121/1371/1680
s 3
f 1116/1365/1667 1123/1373/1681 1115/1364/1668
f 1115/1364/1668 1123/1373/1681 1122/1372/1682
s 4
f 1116/1365/1669 1117/1366/1670 1123/1373/1683
f 1123/1373/1683 1117/1366/1670 1124/1374/1684
s 5
f 1117/1366/1671 1118/1367/1672 1124/1374/1685
f 1124/1374/1685 1118/1367/1672 1125/1375/1686
s 6
f 1118/1367/1673 1119/1368/1674 1125/1375/1687
f 1125/1375/1687 1119/1368/1674 1126/1376/1688
s 7
f 1119/1368/1675 1120/1369/1676 1126/1376/1689
f 1126/1376/1689 1120/1369/1676 1127/1377/1690
s 8
f 1114/1370/1677 1121/1378/1691 1120/1369/1678
f 1120/1369/1678 1121/1378/1691 1127/1377/1692
s 2
f 1122/1372/1679 1129/1380/1693 1121/1371/1680
f 1121/1371/1680 1129/1380/1693 1128/1379/1694
s 3
f 1123/1373/1681 1130/1381/1695 1122/1372/1682
f 1122/1372/1682 1130/1381/1695 1129/1380/1696
s 4
f 1123/1373/1683 1124/1374/1684 1130/1381/1697
f 1130/1381/1697 1124/1374/1684 1131/1382/1698
s 5
f 1124/1374/1685 1125/1375/1686 1131/1382/1699
f 1131/1382/1699 1125/1375/1686 1132/1383/1700
s 6
f 1125/1375/1687 1126/1376/1688 1132/1383/1701
f 1132/1383/1701 1126/1376/1688 1133/1384/1702
s 7
f 1126/1376/1689 1127/1377/1690 1133/1384/1703
f 1133/1384/1703 1127/1377/1690 1134/1385/1704
s 8
f 1121/1378/1691 1128/1386/1705 1127/1377/1692
f 1127/1377/1692 1128/1386/1705 1134/1385/1706
s 2
f 1129/1380/1693 1136/1388/1707 1128/1379/1694
f 1128/1379/1694 1136/1388/1707 1135/1387/1708
s 3
f 1130/1381/1695 1137/1389/1709 1129/1380/1696
f 1129/1380/1696 1137/1389/1709 1136/1388/1710
s 4
f 1130/1381/1697 1131/1382/1698 1137/1389/1711
f 1137/1389/1711 1131/1382/1698 1138/1390/1712
s 5
f 1131/1382/1699 1132/1383/1700 1138/1390/1713
f 1138/1390/1713 1132/1383/1700 1139/1391/1714
s 6
f 1132/1383/1701 1133/1384/1702 1139/1391/1715
f 1139/1391/1715 1133/1384/1702 1140/1392/1716
s 7
f 1133/1384/1703 1134/1385/1704 1140/1392/1717
f 1140/1392/1717 1134/1385/1704 1141/1393/1718
s 8
f 1128/1386/1705 1135/1394/1719 1134/1385/1706
f 1134/1385/1706 1135/1394/1719 1141/1393/1720
s 2
f 1136/1388/1707 1143/1396/1721 1135/1387/1708
f 1135/1387/1708 1143/1396/1721 1142/1395/1722
s 3
f 1137/1389/1709 1144/1397/1723 1136/1388/1710
f 1136/1388/1710 1144/1397/1723 1143/1396/1724
s 4
f 1137/1389/1711 1138/1390/1712 1144/1397/1725
f 1144/1397/1725 1138/1390/1712 1145/1398/1726
s 5
f 1138/1390/1713 1139/1391/1714 1145/1398/1727
f 1145/1398/1727 1139/1391/1714 1146/1399/1728
s 6
f 1139/1391/1715 1140/1392/1716 1146/1399/1729
f 1146/1399/1729 1140/1392/1716 1147/1400/1730
s 7
f 1140/1392/1717 1141/1393/1718 1147/1400/1731
f 1147/1400/1731 1141/1393/1718 1148/1401/1732
s 8
f 1135/1394/1719 1142/1402/1733 1141/1393/1720
f 1141/1393/1720 1142/1402/1733 1148/1401/1734
s 2
f 1143/1396/1721 1150/1404/1735 1142/1395/1722
f 1142/1395/1722 1150/1404/1735 1149/1403/1736
s 3
f 1144/1397/1723 1151/1405/1737 1143/1396/1724
f 1143/1396/1724 1151/1405/1737 1150/1404/1738
s 4
f 1144/1397/1725 1145/1398/1726 1151/1405/1739
f 1151/1405/1739 1145/1398/1726 1152/1406/1740
s 5
f 1145/1398/1727 1146/1399/1728 1152/1406/1741
f 1152/1406/1741 1146/1399/1728 1153/1407/1742
s 6
f 1146/1399/1729 1147/1400/1730 1153/1407/1743
f 1153/1407/1743 1147/1400/1730 1154/1408/1744
s 7
f 1147/1400/1731 1148/1401/1732 1154/1408/1745
f 1154/1408/1745 1148/1401/1732 1155/1409/1746
s 8
f 1142/1402/1733 1149/1410/1747 1148/1401/1734
f 1148/1401/1734 1149/1410/1747 1155/1409/1748
s 2
f 1150/1404/1735 1157/1412/1749 1149/1403/1736
f 1149/1403/1736 1157/1412/1749 1156/1411/1750
s 3
f 1151/1405/1737 1158/1413/1751 1150/1404/1738
f 1150/1404/1738 1158/1413/1751 1157/1412/1752
s 4
f 1151/1405/1739 1152/1406/1740 1158/1413/1753
f 1158/1413/1753 1152/1406/1740 1159/1414/1754
s 5
f 1152/1406/1741 1153/1407/1742 1159/1414/1755
f 1159/1414/1755 1153/1407/1742 1160/1415/1756
s 6
f 1153/1407/1743 1154/1408/1744 1160/1415/1757
f 1160/1415/1757 1154/1408/1744 1161/1416/1758
s 7
f 1154/1408/1745 1155/1409/1746 1161/1416/1759
f 1161/1416/1759 1155/1409/1746 1162/1417/1760
s 8
f 1149/1410/1747 1156/1418/1761 1155/1409/1748
f 1155/1409/1748 1156/1418/1761 1162/1417/1762
s 2
f 1157/1412/1749 1164/1420/1763 1156/1411/1750
f 1156/1411/1750 1164/1420/1763 1163/1419/1764
s 3
f 1158/1413/1751 1165/1421/1765 1157/1412/1752
f 1157/1412/1752 1165/1421/1765 1164/1420/1766
s 4
f 1158/1413/1753 1159/1414/1754 1165/1421/1767
f 1165/1421/1767 1159/1414/1754 1166/1422/1768
s 5
f 1159/1414/1755 1160/1415/1756 1166/1422/1769
f 1166/1422/1769 1160/1415/1756 1167/1423/1770
s 6
f 1160/1415/1757 1161/1416/1758 1167/1423/1771
f 1167/1423/1771 1161/1416/1758 1168/1424/1772
s 7
f 1161/1416/1759 1162/1417/1760 1168/1424/1773
f 1168/1424/1773 1162/1417/1760 1169/1425/1774
s 8
f 1156/1418/1761 1163/1426/1775 1162/1417/1762
f 1162/1417/1762 1163/1426/1775 1169/1425/1776
s 9
f 1164/1431/1777 1171/1438/1778 1163/1432/1779
f 1163/1432/1779 1171/1438/1778 1170/1439/1780
f 1164/1431/1777 1165/1430/1781 1171/1438/1778
f 1171/1438/1778 1165/1430/1781 1172/1437/1782
f 1165/1430/1781 1166/1429/1783 1172/1437/1782
f 1172/1437/1782 1166/1429/1783 1173/1436/1784
f 1167/1428/1785 1174/1435/1786 1166/1429/1783
f 1166/1429/1783 1174/1435/1786 1173/1436/1784
f 1167/1428/1785 1168/1427/1787 1174/1435/1786
f 1174/1435/1786 1168/1427/1787 1175/1434/1788
f 1168/1427/1787 1169/1433/1789 1175/1434/1788
f 1175/1434/1788 1169/1433/1789 1176/1440/1790
f 1163/1432/1779 1170/1439/1780 1169/1433/1789
f 1169/1433/1789 1170/1439/1780 1176/1440/1790
f 1171/1438/1778 1178/1445/1791 1170/1439/1780
f 1170/1439/1780 1178/1445/1791 1177/1446/1792
f 1171/1438/1778 1172/1437/1782 1178/1445/1791
f 1178/1445/1791 1172/1437/1782 1179/1444/1793
f 1172/1437/1782 1173/1436/1784 1179/1444/1793
f 1179/1444/1793 1173/1436/1784 1180/1443/1794
f 1174/1435/1786 1181/1442/1795 1173/1436/1784
f 1173/1436/1784 1181/1442/1795 1180/1443/1794
f 1174/1435/1786 1175/1434/1788 1181/1442/1795
f 1181/1442/1795 1175/1434/1788 1182/1441/1796
f 1175/1434/1788 1176/1440/1790 1182/1441/1796
f 1182/1441/1796 1176/1440/1790 1183/1447/1797
f 1170/1439/1780 1177/1446/1792 1176/1440/1790
f 1176/1440/1790 1177/1446/1792 1183/1447/1797
f 1178/1445/1791 1185/1452/1798 1177/1446/1792
f 1177/1446/1792 1185/1452/1798 1184/1453/1799
f 1178/1445/1791 1179/1444/1793 1185/1452/1798
f 1185/1452/1798 1179/1444/1793 1186/1451/1800
f 1179/1444/1793 1180/1443/1794 1186/1451/1800
f 1186/1451/1800 1180/1443/1794 1187/1450/1801
f 1181/1442/1795 1188/1449/1802 1180/1443/1794
f 1180/1443/1794 1188/1449/1802 1187/1450/1801
f 1181/1442/1795 1182/1441/1796 1188/1449/1802
f 1188/1449/1802 1182/1441/1796 1189/1448/1803
f 1182/1441/1796 1183/1447/1797 1189/1448/1803
f 1189/1448/1803 1183/1447/1797 1190/1454/1804
f 1177/1446/1792 1184/1453/1799 1183/1447/1797
f 1183/1447/1797 1184/1453/1799 1190/1454/1804
f 1185/1452/1798 1192/1459/1805 1184/1453/1799
f 1184/1453/1799 1192/1459/1805 1191/1460/1806
f 1185/1452/1798 1186/1451/1800 1192/1459/1805
f 1192/1459/1805 1186/1451/1800 1193/1458/1807
f 1186/1451/1800 1187/1450/1801 1193/1458/1807
f 1193/1458/1807 1187/1450/1801 1194/1457/1808
f 1188/1449/1802 1195/1456/1809 1187/1450/1801
f 1187/1450/1801 1195/1456/1809 1194/1457/1808
f 1188/1449/1802 1189/1448/1803 1195/1456/1809
f 1195/1456/1809 1189/1448/1803 1196/1455/1810
f 1189/1448/1803 1190/1454/1804 1196/1455/1810
f 1196/1455/1810 1190/1454/1804 1197/1461/1811
f 1184/1453/1799 1191/1460/1806 1190/1454/1804
f 1190/1454/1804 1191/1460/1806 1197/1461/1811
f 1192/1459/1805 1199/1466/1812 1191/1460/1806
f 1191/1460/1806 1199/1466/1812 1198/1467/1813
f 1192/1459/1805 1193/1458/1807 1199/1466/1812
f 1199/1466/1812 1193/1458/1807 1200/1465/1814
f 1193/1458/1807 1194/1457/1808 1200/1465/1814
f 1200/1465/1814 1194/1457/1808 1201/1464/1815
f 1195/1456/1809 1202/1463/1816 1194/1457/1808
f 1194/1457/1808 1202/1463/1816 1201/1464/1815
f 1195/1456/1809 1196/1455/1810 1202/1463/1816
f 1202/1463/1816 1196/1455/1810 1203/1462/1817
f 1196/1455/1810 1197/1461/1811 1203/1462/1817
f 1203/1462/1817 1197/1461/1811 1204/1468/1818
f 1191/1460/1806 1198/1467/1813 1197/1461/1811
f 1197/1461/1811 1198/1467/1813 1204/1468/1818
f 1199/1466/1812 1206/1473/1819 1198/1467/1813
f 1198/1467/1813 1206/1473/1819 1205/1474/1820
f 1199/1466/1812 1200/1465/1814 1206/1473/1819
f 1206/1473/1819 1200/1465/1814 1207/1472/1821
f 1200/1465/1814 1201/1464/1815 1207/1472/1821
f 1207/1472/1821 1201/1464/1815 1208/1471/1822
f 1202/1463/1816 1209/1470/1823 1201/1464/1815
f 1201/1464/1815 1209/1470/1823 1208/1471/1822
f 1202/1463/1816 1203/1462/1817 1209/1470/1823
f 1209/1470/1823 1203/1462/1817 1210/1469/1824
f 1203/1462/1817 1204/1468/1818 1210/1469/1824
f 1210/1469/1824 1204/1468/1818 1211/1475/1825
f 1198/1467/1813 1205/1474/1820 1204/1468/1818
f 1204/1468/1818 1205/1474/1820 1211/1475/1825
f 1206/1473/1819 1213/1480/1826 1205/1474/1820
f 1205/1474/1820 1213/1480/1826 1212/1481/1827
f 1206/1473/1819 1207/1472/1821 1213/1480/1826
f 1213/1480/1826 1207/1472/1821 1214/1479/1828
f 1207/1472/1821 1208/1471/1822 1214/1479/1828
f 1214/1479/1828 1208/1471/1822 1215/1478/1829
f 1209/1470/1823 1216/1477/1830 1208/1471/1822
f 1208/1471/1822 1216/1477/1830 1215/1478/1829
f 1209/1470/1823 1210/1469/1824 1216/1477/1830
f 1216/1477/1830 1210/1469/1824 1217/1476/1831
f 1210/1469/1824 1211/1475/1825 1217/1476/1831
f 1217/1476/1831 1211/1475/1825 1218/1482/1832
f 1205/1474/1820 1212/1481/1827 1211/1475/1825
f 1211/1475/1825 1212/1481/1827 1218/1482/1832
f 1213/1480/1826 1220/1487/1833 1212/1481/1827
f 1212/1481/1827 1220/1487/1833 1219/1488/1834
f 1213/1480/1826 1214/1479/1828 1220/1487/1833
f 1220/1487/1833 1214/1479/1828 1221/1486/1835
f 1214/1479/1828 1215/1478/1829 1221/1486/1835
f 1221/1486/1835 1215/1478/1829 1222/1485/1836
f 1216/1477/1830 1223/1484/1837 1215/1478/1829
f 1215/1478/1829 1223/1484/1837 1222/1485/1836
f 1216/1477/1830 1217/1476/1831 1223/1484/1837
f 1223/1484/1837 1217/1476/1831 1224/1483/1838
f 1217/1476/1831 1218/1482/1832 1224/1483/1838
f 1224/1483/1838 1218/1482/1832 1225/1489/1839
f 1212/1481/1827 1219/1488/1834 1218/1482/1832
f 1218/1482/1832 1219/1488/1834 1225/1489/1839
f 1220/1487/1833 1227/1494/1840 1219/1488/1834
f 1219/1488/1834 1227/1494/1840 1226/1495/1841
f 1220/1487/1833 1221/1486/1835 1227/1494/1840
f 1227/1494/1840 1221/1486/1835 1228/1493/1842
f 1221/1486/1835 1222/1485/1836 1228/1493/1842
f 1228/1493/1842 1222/1485/1836 1229/1492/1843
f 1223/1484/1837 1230/1491/1844 1222/1485/1836
f 1222/1485/1836 1230/1491/1844 1229/1492/1843
f 1223/1484/1837 1224/1483/1838 1230/1491/1844
f 1230/1491/1844 1224/1483/1838 1231/1490/1845
f 1224/1483/1838 1225/1489/1839 1231/1490/1845
f 1231/1490/1845 1225/1489/1839 1232/1496/1846
f 1219/1488/1834 1226/1495/1841 1225/1489/1839
f 1225/1489/1839 1226/1495/1841 1232/1496/1846
f 1227/1494/1840 1234/1501/1847 1226/1495/1841
f 1226/1495/1841 1234/1501/1847 1233/1502/1848
f 1227/1494/1840 1228/1493/1842 1234/1501/1847
f 1234/1501/1847 1228/1493/1842 1235/1500/1849
f 1228/1493/1842 1229/1492/1843 1235/1500/1849
f 1235/1500/1849 1229/1492/1843 1236/1499/1850
f 1230/1491/1844 1237/1498/1851 1229/1492/1843
f 1229/1492/1843 1237/1498/1851 1236/1499/1850
f 1230/1491/1844 1231/1490/1845 1237/1498/1851
f 1237/1498/1851 1231/1490/1845 1238/1497/1852
f 1231/1490/1845 1232/1496/1846 1238/1497/1852
f 1238/1497/1852 1232/1496/1846 1239/1503/1853
f 1226/1495/1841 1233/1502/1848 1232/1496/1846
f 1232/1496/1846 1233/1502/1848 1239/1503/1853
f 1234/1501/1847 1241/1508/1854 1233/1502/1848
f 1233/1502/1848 1241/1508/1854 1240/1509/1855
f 1234/1501/1847 1235/1500/1849 1241/1508/1854
f 1241/1508/1854 1235/1500/1849 1242/1507/1856
f 1235/1500/1849 1236/1499/1850 1242/1507/1856
f 1242/1507/1856 1236/1499/1850 1243/1506/1857
f 1237/1498/1851 1244/1505/1858 1236/1499/1850
f 1236/1499/1850 1244/1505/1858 1243/1506/1857
f 1237/1498/1851 1238/1497/1852 1244/1505/1858
f 1244/1505/1858 1238/1497/1852 1245/1504/1859
f 1238/1497/1852 1239/1503/1853 1245/1504/1859
f 1245/1504/1859 1239/1503/1853 1246/1510/1860
f 1233/1502/1848 1240/1509/1855 1239/1503/1853
f 1239/1503/1853 1240/1509/1855 1246/1510/1860
f 1241/1508/1854 1248/1515/1861 1240/1509/1855
f 1240/1509/1855 1248/1515/1861 1247/1516/1862
f 1241/1508/1854 1242/1507/1856 1248/1515/1861
f 1248/1515/1861 1242/1507/1856 1249/1514/1863
f 1242/1507/1856 1243/1506/1857 1249/1514/1863
f 1249/1514/1863 1243/1506/1857 1250/1513/1864
f 1244/1505/1858 1251/1512/1865 1243/1506/1857
f 1243/1506/1857 1251/1512/1865 1250/1513/1864
f 1244/1505/1858 1245/1504/1859 1251/1512/1865
f 1251/1512/1865 1245/1504/1859 1252/1511/1866
f 1245/1504/1859 1246/1510/1860 1252/1511/1866
f 1252/1511/1866 1246/1510/1860 1253/1517/1867
f 1240/1509/1855 1247/1516/1862 1246/1510/1860
f 1246/1510/1860 1247/1516/1862 1253/1517/1867
f 1248/1515/1861 1255/1522/1868 1247/1516/1862
f 1247/1516/1862 1255/1522/1868 1254/1523/1869
f 1248/1515/1861 1249/1514/1863 1255/1522/1868
f 1255/1522/1868 1249/1514/1863 1256/1521/1870
f 1249/1514/1863 1250/1513/1864 1256/1521/1870
f 1256/1521/1870 1250/1513/1864 1257/1520/1871
f 1251/1512/1865 1258/1519/1872 1250/1513/1864
f 1250/1513/1864 1258/1519/1872 1257/1520/1871
f 1251/1512/1865 1252/1511/1866 1258/1519/1872
f 1258/1519/1872 1252/1511/1866 1259/1518/1873
f 1252/1511/1866 1253/1517/1867 1259/1518/1873
f 1259/1518/1873 1253/1517/1867 1260/1524/1874
f 1247/1516/1862 1254/1523/1869 1253/1517/1867
f 1253/1517/1867 1254/1523/1869 1260/1524/1874
s 1
f 968/1202/1456 967/1201/1455 1261/1525/1875
f 969/1203/1459 968/1202/1456 1261/1525/1875
f 970/1204/1461 969/1203/1459 1261/1525/1875
f 971/1205/1463 970/1204/1461 1261/1525/1875
f 972/1206/1465 971/1205/1463 1261/1525/1875
f 973/1207/1467 972/1206/1465 1261/1525/1875
f 967/1201/1455 973/1207/1467 1261/1525/1875
s 9
f 1254/1523/1869 1255/1522/1868 1262/1526/1876
f 1255/1522/1868 1256/1521/1870 1262/1526/1876
f 1256/1521/1870 1257/1520/1871 1262/1526/1876
f 1257/1520/1871 1258/1519/1872 1262/1526/1876
f 1258/1519/1872 1259/1518/1873 1262/1526/1876
f 1259/1518/1873 1260/1524/1874 1262/1526/1876
f 1260/1524/1874 1254/1523/1869 1262/1526/1876
g default
v 0.104991 0.207154 0.437312
v 0.097475 0.208338 0.430003
v 0.089013 0.214315 0.428005
v 0.083565 0.222288 0.432255
v 0.083680 0.228527 0.440762
v 0.089303 0.230113 0.449547
v 0.097805 0.226303 0.454498
v 0.105206 0.218880 0.453300
v 0.108044 0.211318 0.446513
v 0.120717 0.205424 0.427556
v 0.106592 0.207649 0.413820
v 0.090689 0.218882 0.410066
v 0.080449 0.233867 0.418052
v 0.080665 0.245592 0.434040
v 0.091234 0.248572 0.450550
v 0.107212 0.241412 0.459856
v 0.121122 0.227462 0.457604
v 0.126456 0.213249 0.444848
v 0.138187 0.210711 0.415418
v 0.119156 0.213708 0.396911
v 0.097730 0.228842 0.391854
v 0.083934 0.249032 0.402613
v 0.084225 0.264830 0.424154
v 0.098465 0.268844 0.446398
v 0.119992 0.259197 0.458936
v 0.138733 0.240402 0.455902
v 0.145918 0.221254 0.438715
v 0.155293 0.222378 0.402361
v 0.133651 0.225786 0.381316
v 0.109286 0.242995 0.375565
v 0.093599 0.265954 0.387800
v 0.093929 0.283918 0.412296
v 0.110122 0.288484 0.437591
v 0.134602 0.277513 0.451849
v 0.155913 0.256140 0.448398
v 0.164085 0.234366 0.428854
v 0.169972 0.239016 0.389961
v 0.148330 0.242424 0.368916
v 0.123965 0.259633 0.363165
v 0.108278 0.282592 0.375400
v 0.108608 0.300557 0.399896
v 0.124801 0.305122 0.425191
v 0.149281 0.294152 0.439448
v 0.170592 0.272779 0.435998
v 0.178763 0.251004 0.416454
v 0.180453 0.258619 0.379713
v 0.161422 0.261616 0.361206
v 0.139995 0.276750 0.356149
v 0.126200 0.296940 0.366908
v 0.126490 0.312738 0.388450
v 0.140731 0.316752 0.410693
v 0.162257 0.307105 0.423231
v 0.180998 0.288310 0.420197
v 0.188184 0.269161 0.403011
v 0.185472 0.278824 0.372853
v 0.171347 0.281048 0.359117
v 0.155444 0.292281 0.355363
v 0.145204 0.307266 0.363349
v 0.145420 0.318992 0.379338
v 0.155989 0.321972 0.395847
v 0.171967 0.314811 0.405154
v 0.185877 0.300861 0.402902
v 0.191211 0.286648 0.390145
v 0.184425 0.297192 0.370209
v 0.176909 0.298376 0.362900
v 0.168447 0.304352 0.360903
v 0.162999 0.312326 0.365152
v 0.163113 0.318565 0.373659
v 0.193552 0.331582 0.382444
v 0.189112 0.316340 0.394007
v 0.184640 0.308918 0.386197
v 0.187478 0.301355 0.379410
v 0.092905 0.215693 0.443508
v 0.177436 0.311509 0.372099
vt 0.000000 0.111111
vt 0.111111 0.111111
vt 0.222222 0.111111
vt 0.333333 0.111111
vt 0.444444 0.111111
vt 0.555556 0.111111
vt 0.666667 0.111111
vt 0.777778 0.111111
vt 0.888889 0.111111
vt 1.000000 0.111111
vt 0.000000 0.222222
vt 0.111111 0.222222
vt 0.222222 0.222222
vt 0.333333 0.222222
vt 0.444444 0.222222
vt 0.555556 0.222222
vt 0.666667 0.222222
vt 0.777778 0.222222
vt 0.888889 0.222222
vt 1.000000 0.222222
vt 0.000000 0.333333
vt 0.111111 0.333333
vt 0.222222 0.333333
vt 0.333333 0.333333
vt 0.444444 0.333333
vt 0.555556 0.333333
vt 0.666667 0.333333
vt 0.777778 0.333333
vt 0.888889 0.333333
vt 1.000000 0.333333
vt 0.000000 0.444444
vt 0.111111 0.444444
vt 0.222222 0.444444
vt 0.333333 0.444444
vt 0.444444 0.444444
vt 0.555556 0.444444
vt 0.666667 0.444444
vt 0.777778 0.444444
vt 0.888889 0.444444
vt 1.000000 0.444444
vt 0.000000 0.555556
vt 0.111111 0.555556
vt 0.222222 0.555556
vt 0.333333 0.555556
vt 0.444444 0.555556
vt 0.555556 0.555556
vt 0.666667 0.555556
vt 0.777778 0.555556
vt 0.888889 0.555556
vt 1.000000 0.555556
vt 0.000000 0.666667
vt 0.111111 0.666667
vt 0.222222 0.666667
vt 0.333333 0.666667
vt 0.444444 0.666667
vt 0.555556 0.666667
vt 0.666667 0.666667
vt 0.777778 0.666667
vt 0.888889 0.666667
vt 1.000000 0.666667
vt 0.000000 0.777778
vt 0.111111 0.777778
vt 0.222222 0.777778
vt 0.333333 0.777778
vt 0.444444 0.777778
vt 0.555556 0.777778
vt 0.666667 0.777778
vt 0.777778 0.777778
vt 0.888889 0.777778
vt 1.000000 0.777778
vt 0.000000 0.888889
vt 0.111111 0.888889
vt 0.222222 0.888889
vt 0.333333 0.888889
vt 0.444444 0.888889
vt 0.555556 0.888889
vt 0.666667 0.888889
vt 0.777778 0.888889
vt 0.888889 0.888889
vt 1.000000 0.888889
vt 0.055556 0.000000
vt 0.166667 0.000000
vt 0.277778 0.000000
vt 0.388889 0.000000
vt 0.500000 0.000000
vt 0.611111 0.000000
vt 0.722222 0.000000
vt 0.833333 0.000000
vt 0.944444 0.000000
vt 0.055556 1.000000
vt 0.166667 1.000000
vt 0.277778 1.000000
vt 0.388889 1.000000
vt 0.500000 1.000000
vt 0.611111 1.000000
vt 0.722222 1.000000
vt 0.833333 1.000000
vt 0.944444 1.000000
vn -0.127391 -0.991412 -0.029550
vn -0.127391 -0.991412 -0.029551
vn -0.127391 -0.991412 -0.029550
vn -0.127391 -0.991412 -0.029551
vn -0.516588 -0.816995 -0.256235
vn -0.516588 -0.816995 -0.256235
vn -0.516588 -0.816995 -0.256235
vn -0.516588 -0.816995 -0.256235
vn -0.855417 -0.477188 -0.201380
vn -0.855416 -0.477188 -0.201380
vn -0.855417 -0.477188 -0.201380
vn -0.855417 -0.477188 -0.201380
vn -0.985334 -0.130993 0.109348
vn -0.985334 -0.130993 0.109348
vn -0.985334 -0.130992 0.109348
vn -0.985334 -0.130992 0.109348
vn -0.845552 0.059604 0.530555
vn -0.845552 0.059604 0.530556
vn -0.845552 0.059604 0.530556
vn -0.845552 0.059604 0.530556
vn -0.501475 0.005419 0.865155
vn -0.501475 0.005418 0.865155
vn -0.501475 0.005418 0.865155
vn -0.501475 0.005418 0.865155
vn -0.114100 -0.268194 0.956584
vn -0.114101 -0.268194 0.956584
vn -0.114101 -0.268194 0.956584
vn -0.114101 -0.268194 0.956584
vn 0.135314 -0.633208 0.762061
vn 0.135314 -0.633208 0.762061
vn 0.135314 -0.633208 0.762061
vn 0.135314 -0.633208 0.762061
vn 0.130065 -0.918829 0.372607
vn 0.130065 -0.918829 0.372607
vn 0.130065 -0.918829 0.372607
vn 0.130065 -0.918829 0.372607
vn 0.106288 -0.958506 -0.264519
vn 0.106288 -0.958505 -0.264519
vn 0.106288 -0.958506 -0.264519
vn 0.106288 -0.958505 -0.264519
vn -0.389496 -0.736321 -0.553284
vn -0.389496 -0.736321 -0.553285
vn -0.389496 -0.736321 -0.553285
vn -0.389496 -0.736321 -0.553285
vn -0.821117 -0.303455 -0.483407
vn -0.821117 -0.303454 -0.483407
vn -0.821117 -0.303455 -0.483407
vn -0.821117 -0.303454 -0.483407
vn -0.986615 0.137552 -0.087582
vn -0.986615 0.137551 -0.087582
vn -0.986615 0.137551 -0.087582
vn -0.986615 0.137551 -0.087582
vn -0.808551 0.380345 0.448979
vn -0.808551 0.380345 0.448979
vn -0.808551 0.380345 0.448979
vn -0.808551 0.380345 0.448979
vn -0.370244 0.311321 0.875214
vn -0.370244 0.311321 0.875214
vn -0.370244 0.311321 0.875214
vn -0.370244 0.311321 0.875213
vn 0.123218 -0.037224 0.991681
vn 0.123218 -0.037224 0.991681
vn 0.123218 -0.037224 0.991681
vn 0.123218 -0.037224 0.991681
vn 0.440938 -0.502203 0.743886
vn 0.440938 -0.502203 0.743886
vn 0.440938 -0.502203 0.743886
vn 0.440938 -0.502202 0.743886
vn 0.434252 -0.866045 0.247774
vn 0.434252 -0.866045 0.247774
vn 0.434252 -0.866045 0.247774
vn 0.434252 -0.866045 0.247774
vn 0.271088 -0.866529 -0.419093
vn 0.271088 -0.866529 -0.419093
vn 0.271088 -0.866529 -0.419093
vn 0.271088 -0.866529 -0.419093
vn -0.268266 -0.624819 -0.733236
vn -0.268266 -0.624819 -0.733236
vn -0.268266 -0.624819 -0.733236
vn -0.268266 -0.624819 -0.733236
vn -0.737819 -0.153910 -0.657217
vn -0.737819 -0.153910 -0.657217
vn -0.737820 -0.153910 -0.657217
vn -0.737819 -0.153910 -0.657217
vn -0.917861 0.325853 -0.226606
vn -0.917862 0.325852 -0.226606
vn -0.917861 0.325853 -0.226606
vn -0.917862 0.325852 -0.226606
vn -0.724149 0.589984 0.357110
vn -0.724149 0.589984 0.357110
vn -0.724149 0.589984 0.357110
vn -0.724149 0.589984 0.357110
vn -0.247322 0.514893 0.820803
vn -0.247323 0.514893 0.820802
vn -0.247322 0.514893 0.820803
vn -0.247323 0.514893 0.820802
vn 0.289506 0.135717 0.947506
vn 0.289506 0.135717 0.947506
vn 0.289506 0.135717 0.947506
vn 0.289506 0.135717 0.947506
vn 0.635149 -0.370125 0.677933
vn 0.635149 -0.370125 0.677933
vn 0.635149 -0.370125 0.677933
vn 0.635149 -0.370125 0.677933
vn 0.627875 -0.765942 0.138222
vn 0.627875 -0.765943 0.138222
vn 0.627875 -0.765943 0.138222
vn 0.627875 -0.765943 0.138222
vn 0.398748 -0.747611 -0.531110
vn 0.398748 -0.747611 -0.531110
vn 0.398748 -0.747611 -0.531110
vn 0.398748 -0.747611 -0.531110
vn -0.152454 -0.500591 -0.852154
vn -0.152454 -0.500591 -0.852154
vn -0.152454 -0.500591 -0.852154
vn -0.152454 -0.500591 -0.852154
vn -0.632321 -0.019339 -0.774465
vn -0.632321 -0.019339 -0.774465
vn -0.632321 -0.019339 -0.774465
vn -0.632321 -0.019339 -0.774465
vn -0.816318 0.470962 -0.334396
vn -0.816318 0.470962 -0.334396
vn -0.816318 0.470962 -0.334396
vn -0.816318 0.470962 -0.334396
vn -0.618350 0.740894 0.262141
vn -0.618350 0.740894 0.262141
vn -0.618350 0.740894 0.262141
vn -0.618350 0.740894 0.262141
vn -0.131050 0.664155 0.736019
vn -0.131050 0.664155 0.736019
vn -0.131050 0.664155 0.736019
vn -0.131050 0.664155 0.736019
vn 0.417570 0.276649 0.865506
vn 0.417570 0.276649 0.865506
vn 0.417570 0.276649 0.865506
vn 0.417570 0.276649 0.865506
vn 0.770805 -0.240303 0.590012
vn 0.770805 -0.240303 0.590012
vn 0.770805 -0.240303 0.590012
vn 0.770805 -0.240303 0.590012
vn 0.763371 -0.644815 0.038446
vn 0.763371 -0.644815 0.038446
vn 0.763371 -0.644815 0.038446
vn 0.763371 -0.644815 0.038446
vn 0.509266 -0.596556 -0.620297
vn 0.509266 -0.596556 -0.620297
vn 0.509266 -0.596556 -0.620297
vn 0.509266 -0.596556 -0.620297
vn -0.030088 -0.354845 -0.934441
vn -0.030088 -0.354845 -0.934441
vn -0.030088 -0.354845 -0.934441
vn -0.030088 -0.354845 -0.934441
vn -0.499641 0.116063 -0.858422
vn -0.499641 0.116063 -0.858422
vn -0.499641 0.116063 -0.858422
vn -0.499641 0.116063 -0.858422
vn -0.679683 0.595826 -0.427811
vn -0.679684 0.595826 -0.427811
vn -0.679684 0.595826 -0.427811
vn -0.679684 0.595825 -0.427811
vn -0.485971 0.859957 0.155905
vn -0.485971 0.859957 0.155905
vn -0.485971 0.859957 0.155905
vn -0.485971 0.859957 0.155905
vn -0.009144 0.784866 0.619597
vn -0.009144 0.784866 0.619598
vn -0.009144 0.784866 0.619598
vn -0.009144 0.784866 0.619598
vn 0.527684 0.405690 0.746301
vn 0.527684 0.405690 0.746301
vn 0.527684 0.405690 0.746301
vn 0.527684 0.405690 0.746301
vn 0.873327 -0.100152 0.476729
vn 0.873327 -0.100152 0.476729
vn 0.873327 -0.100152 0.476729
vn 0.873327 -0.100152 0.476729
vn 0.866053 -0.495969 -0.062983
vn 0.866053 -0.495969 -0.062983
vn 0.866053 -0.495969 -0.062983
vn 0.866053 -0.495970 -0.062983
vn 0.611027 -0.386387 -0.690906
vn 0.611027 -0.386387 -0.690906
vn 0.611027 -0.386387 -0.690906
vn 0.611027 -0.386387 -0.690906
vn 0.115243 -0.164202 -0.979672
vn 0.115243 -0.164202 -0.979672
vn 0.115243 -0.164202 -0.979672
vn 0.115243 -0.164202 -0.979672
vn -0.316378 0.268665 -0.909794
vn -0.316378 0.268664 -0.909794
vn -0.316378 0.268664 -0.909794
vn -0.316377 0.268664 -0.909794
vn -0.481875 0.709671 -0.513969
vn -0.481875 0.709671 -0.513969
vn -0.481875 0.709671 -0.513969
vn -0.481875 0.709671 -0.513969
vn -0.303811 0.952464 0.022592
vn -0.303811 0.952464 0.022592
vn -0.303811 0.952464 0.022592
vn -0.303811 0.952464 0.022592
vn 0.134495 0.883440 0.448827
vn 0.134496 0.883440 0.448826
vn 0.134496 0.883440 0.448826
vn 0.134496 0.883440 0.448826
vn 0.627957 0.534894 0.565294
vn 0.627957 0.534894 0.565294
vn 0.627957 0.534894 0.565294
vn 0.627958 0.534894 0.565294
vn 0.945678 0.069916 0.317499
vn 0.945678 0.069916 0.317499
vn 0.945678 0.069916 0.317499
vn 0.945678 0.069916 0.317499
vn 0.938991 -0.293926 -0.178613
vn 0.938991 -0.293926 -0.178613
vn 0.938991 -0.293926 -0.178613
vn 0.938991 -0.293926 -0.178613
vn 0.690493 -0.064346 -0.720471
vn 0.690493 -0.064346 -0.720471
vn 0.690493 -0.064346 -0.720471
vn 0.690493 -0.064346 -0.720471
vn 0.301296 0.110071 -0.947156
vn 0.301296 0.110071 -0.947156
vn 0.301296 0.110071 -0.947156
vn 0.301296 0.110071 -0.947156
vn -0.037533 0.449878 -0.892301
vn -0.037533 0.449878 -0.892301
vn -0.037533 0.449878 -0.892301
vn -0.037532 0.449877 -0.892301
vn -0.167450 0.796073 -0.581573
vn -0.167450 0.796073 -0.581573
vn -0.167450 0.796073 -0.581573
vn -0.167450 0.796073 -0.581573
vn -0.027668 0.986670 -0.160365
vn -0.256265 0.939684 -0.226546
vn -0.241938 0.944396 -0.222669
vn -0.321077 0.915189 -0.243594
vn 0.009282 0.800153 0.599724
vn 0.079763 0.764131 0.640111
vn 0.166772 0.710750 0.683389
vn 0.458772 0.448352 0.767144
vn 0.486694 0.356553 0.797496
vn 0.809824 0.155795 0.565609
vn 0.828922 0.138246 0.542012
vn 0.920753 -0.320344 -0.222695
vn 0.953198 0.293858 0.071140
vn 0.953198 0.293858 0.071140
vn 0.953198 0.293858 0.071140
vn 0.953198 0.293857 0.071140
vn 0.947949 0.008237 -0.318314
vn 0.947949 0.008237 -0.318314
vn 0.947949 0.008237 -0.318314
vn 0.947949 0.008237 -0.318314
vn -0.436289 -0.843995 0.311970
vn -0.436289 -0.843995 0.311970
vn -0.436289 -0.843995 0.311970
vn -0.596865 -0.772033 0.218444
vn -0.596865 -0.772033 0.218444
vn -0.596865 -0.772033 0.218444
vn -0.736660 -0.631835 0.241075
vn -0.736660 -0.631835 0.241075
vn -0.736660 -0.631835 0.241075
vn -0.790262 -0.489000 0.369277
vn -0.790262 -0.489000 0.369277
vn -0.790262 -0.489000 0.369277
vn -0.732590 -0.410362 0.543060
vn -0.732590 -0.410362 0.543060
vn -0.732590 -0.410362 0.543060
vn -0.590630 -0.432719 0.681110
vn -0.590630 -0.432719 0.681110
vn -0.590630 -0.432719 0.681110
vn -0.430805 -0.545607 0.718832
vn -0.430805 -0.545607 0.718832
vn -0.430805 -0.545607 0.718832
vn -0.327901 -0.696206 0.638576
vn -0.327901 -0.696206 0.638576
vn -0.327901 -0.696206 0.638576
vn -0.330066 -0.814048 0.477893
vn -0.330066 -0.814048 0.477893
vn -0.330066 -0.814048 0.477893
vn 0.668615 0.408406 -0.621416
vn 0.668615 0.408406 -0.621416
vn 0.668615 0.408406 -0.621416
vn 0.508039 0.480368 -0.714942
vn 0.508039 0.480368 -0.714942
vn 0.508039 0.480368 -0.714942
vn 0.368244 0.620566 -0.692311
vn 0.368244 0.620566 -0.692311
vn 0.368244 0.620566 -0.692311
vn 0.314642 0.763401 -0.564109
vn 0.314642 0.763401 -0.564109
vn 0.314642 0.763401 -0.564109
vn 0.094927 0.394759 -0.913868
vn 0.094927 0.394759 -0.913868
vn 0.094927 0.394759 -0.913868
vn 0.812090 -0.483951 -0.326040
vn 0.812090 -0.483951 -0.326040
vn 0.812090 -0.483951 -0.326040
vn 0.885848 -0.048083 -0.461477
vn 0.885848 -0.048083 -0.461477
vn 0.885848 -0.048083 -0.461477
vn 0.777003 0.556195 -0.294810
vn 0.777003 0.556195 -0.294810
vn 0.777003 0.556195 -0.294810
vn 0.774838 0.438352 -0.455493
vn 0.774838 0.438352 -0.455493
vn 0.774838 0.438352 -0.455493
s 1
g group1 bomb:pSphere5
usemtl bomb:lambert4SG
f 1263/1527/1877 1264/1528/1878 1272/1537/1879
f 1272/1537/1879 1264/1528/1878 1273/1538/1880
s 2
f 1264/1528/1881 1265/1529/1882 1273/1538/1883
f 1273/1538/1883 1265/1529/1882 1274/1539/1884
s 3
f 1265/1529/1885 1266/1530/1886 1274/1539/1887
f 1274/1539/1887 1266/1530/1886 1275/1540/1888
s 4
f 1266/1530/1889 1267/1531/1890 1275/1540/1891
f 1275/1540/1891 1267/1531/1890 1276/1541/1892
s 5
f 1267/1531/1893 1268/1532/1894 1276/1541/1895
f 1276/1541/1895 1268/1532/1894 1277/1542/1896
s 6
f 1268/1532/1897 1269/1533/1898 1277/1542/1899
f 1277/1542/1899 1269/1533/1898 1278/1543/1900
s 7
f 1269/1533/1901 1270/1534/1902 1278/1543/1903
f 1278/1543/1903 1270/1534/1902 1279/1544/1904
s 8
f 1270/1534/1905 1271/1535/1906 1279/1544/1907
f 1279/1544/1907 1271/1535/1906 1280/1545/1908
s 9
f 1271/1535/1909 1263/1536/1910 1280/1545/1911
f 1280/1545/1911 1263/1536/1910 1272/1546/1912
s 10
f 1272/1537/1913 1273/1538/1914 1281/1547/1915
f 1281/1547/1915 1273/1538/1914 1282/1548/1916
s 11
f 1273/1538/1917 1274/1539/1918 1282/1548/1919
f 1282/1548/1919 1274/1539/1918 1283/1549/1920
s 12
f 1274/1539/1921 1275/1540/1922 1283/1549/1923
f 1283/1549/1923 1275/1540/1922 1284/1550/1924
s 13
f 1275/1540/1925 1276/1541/1926 1284/1550/1927
f 1284/1550/1927 1276/1541/1926 1285/1551/1928
s 14
f 1276/1541/1929 1277/1542/1930 1285/1551/1931
f 1285/1551/1931 1277/1542/1930 1286/1552/1932
s 15
f 1277/1542/1933 1278/1543/1934 1286/1552/1935
f 1286/1552/1935 1278/1543/1934 1287/1553/1936
s 16
f 1278/1543/1937 1279/1544/1938 1287/1553/1939
f 1287/1553/1939 1279/1544/1938 1288/1554/1940
s 17
f 1279/1544/1941 1280/1545/1942 1288/1554/1943
f 1288/1554/1943 1280/1545/1942 1289/1555/1944
s 18
f 1280/1545/1945 1272/1546/1946 1289/1555/1947
f 1289/1555/1947 1272/1546/1946 1281/1556/1948
s 19
f 1281/1547/1949 1282/1548/1950 1290/1557/1951
f 1290/1557/1951 1282/1548/1950 1291/1558/1952
s 20
f 1282/1548/1953 1283/1549/1954 1291/1558/1955
f 1291/1558/1955 1283/1549/1954 1292/1559/1956
s 21
f 1283/1549/1957 1284/1550/1958 1292/1559/1959
f 1292/1559/1959 1284/1550/1958 1293/1560/1960
s 22
f 1284/1550/1961 1285/1551/1962 1293/1560/1963
f 1293/1560/1963 1285/1551/1962 1294/1561/1964
s 23
f 1285/1551/1965 1286/1552/1966 1294/1561/1967
f 1294/1561/1967 1286/1552/1966 1295/1562/1968
s 24
f 1286/1552/1969 1287/1553/1970 1295/1562/1971
f 1295/1562/1971 1287/1553/1970 1296/1563/1972
s 25
f 1287/1553/1973 1288/1554/1974 1296/1563/1975
f 1296/1563/1975 1288/1554/1974 1297/1564/1976
s 26
f 1288/1554/1977 1289/1555/1978 1297/1564/1979
f 1297/1564/1979 1289/1555/1978 1298/1565/1980
s 27
f 1289/1555/1981 1281/1556/1982 1298/1565/1983
f 1298/1565/1983 1281/1556/1982 1290/1566/1984
s 28
f 1290/1557/1985 1291/1558/1986 1299/1567/1987
f 1299/1567/1987 1291/1558/1986 1300/1568/1988
s 29
f 1291/1558/1989 1292/1559/1990 1300/1568/1991
f 1300/1568/1991 1292/1559/1990 1301/1569/1992
s 30
f 1292/1559/1993 1293/1560/1994 1301/1569/1995
f 1301/1569/1995 1293/1560/1994 1302/1570/1996
s 31
f 1293/1560/1997 1294/1561/1998 1302/1570/1999
f 1302/1570/1999 1294/1561/1998 1303/1571/2000
s 32
f 1294/1561/2001 1295/1562/2002 1303/1571/2003
f 1303/1571/2003 1295/1562/2002 1304/1572/2004
s 33
f 1295/1562/2005 1296/1563/2006 1304/1572/2007
f 1304/1572/2007 1296/1563/2006 1305/1573/2008
s 34
f 1296/1563/2009 1297/1564/2010 1305/1573/2011
f 1305/1573/2011 1297/1564/2010 1306/1574/2012
s 35
f 1297/1564/2013 1298/1565/2014 1306/1574/2015
f 1306/1574/2015 1298/1565/2014 1307/1575/2016
s 36
f 1298/1565/2017 1290/1566/2018 1307/1575/2019
f 1307/1575/2019 1290/1566/2018 1299/1576/2020
s 37
f 1299/1567/2021 1300/1568/2022 1308/1577/2023
f 1308/1577/2023 1300/1568/2022 1309/1578/2024
s 38
f 1300/1568/2025 1301/1569/2026 1309/1578/2027
f 1309/1578/2027 1301/1569/2026 1310/1579/2028
s 39
f 1301/1569/2029 1302/1570/2030 1310/1579/2031
f 1310/1579/2031 1302/1570/2030 1311/1580/2032
s 40
f 1302/1570/2033 1303/1571/2034 1311/1580/2035
f 1311/1580/2035 1303/1571/2034 1312/1581/2036
s 41
f 1303/1571/2037 1304/1572/2038 1312/1581/2039
f 1312/1581/2039 1304/1572/2038 1313/1582/2040
s 42
f 1304/1572/2041 1305/1573/2042 1313/1582/2043
f 1313/1582/2043 1305/1573/2042 1314/1583/2044
s 43
f 1305/1573/2045 1306/1574/2046 1314/1583/2047
f 1314/1583/2047 1306/1574/2046 1315/1584/2048
s 44
f 1306/1574/2049 1307/1575/2050 1315/1584/2051
f 1315/1584/2051 1307/1575/2050 1316/1585/2052
s 45
f 1307/1575/2053 1299/1576/2054 1316/1585/2055
f 1316/1585/2055 1299/1576/2054 1308/1586/2056
s 46
f 1308/1577/2057 1309/1578/2058 1317/1587/2059
f 1317/1587/2059 1309/1578/2058 1318/1588/2060
s 47
f 1309/1578/2061 1310/1579/2062 1318/1588/2063
f 1318/1588/2063 1310/1579/2062 1319/1589/2064
s 48
f 1310/1579/2065 1311/1580/2066 1319/1589/2067
f 1319/1589/2067 1311/1580/2066 1320/1590/2068
s 49
f 1311/1580/2069 1312/1581/2070 1320/1590/2071
f 1320/1590/2071 1312/1581/2070 1321/1591/2072
s 50
f 1312/1581/2073 1313/1582/2074 1321/1591/2075
f 1321/1591/2075 1313/1582/2074 1322/1592/2076
s 51
f 1313/1582/2077 1314/1583/2078 1322/1592/2079
f 1322/1592/2079 1314/1583/2078 1323/1593/2080
s 52
f 1314/1583/2081 1315/1584/2082 1323/1593/2083
f 1323/1593/2083 1315/1584/2082 1324/1594/2084
s 53
f 1315/1584/2085 1316/1585/2086 1324/1594/2087
f 1324/1594/2087 1316/1585/2086 1325/1595/2088
s 54
f 1316/1585/2089 1308/1586/2090 1325/1595/2091
f 1325/1595/2091 1308/1586/2090 1317/1596/2092
s 55
f 1317/1587/2093 1318/1588/2094 1326/1597/2095
f 1326/1597/2095 1318/1588/2094 1327/1598/2096
s 56
f 1318/1588/2097 1319/1589/2098 1327/1598/2099
f 1327/1598/2099 1319/1589/2098 1328/1599/2100
s 57
f 1319/1589/2101 1320/1590/2102 1328/1599/2103
f 1328/1599/2103 1320/1590/2102 1329/1600/2104
s 58
f 1320/1590/2105 1321/1591/2106 1329/1600/2107
f 1329/1600/2107 1321/1591/2106 1330/1601/2108
s 59
f 1321/1591/2109 1322/1592/2110 1330/1601/2111
f 1330/1601/2111 1322/1592/2110 1331/1602/2112
s 60
f 1322/1592/2113 1323/1593/2114 1331/1602/2115
f 1331/1602/2115 1323/1593/2114 1332/1603/2116
s 61
f 1323/1593/2117 1324/1594/2118 1332/1603/2119
f 1332/1603/2119 1324/1594/2118 1333/1604/2120
s 62
f 1324/1594/2121 1325/1595/2122 1333/1604/2123
f 1333/1604/2123 1325/1595/2122 1334/1605/2124
s 63
f 1325/1595/2125 1317/1596/2126 1334/1605/2127
f 1334/1605/2127 1317/1596/2126 1326/1606/2128
s off
f 1264/1528/2129 1263/1527/2130 1335/1607/2131
f 1265/1529/2132 1264/1528/2133 1335/1608/2134
f 1266/1530/2135 1265/1529/2136 1335/1609/2137
f 1267/1531/2138 1266/1530/2139 1335/1610/2140
f 1268/1532/2141 1267/1531/2142 1335/1611/2143
f 1269/1533/2144 1268/1532/2145 1335/1612/2146
f 1270/1534/2147 1269/1533/2148 1335/1613/2149
f 1271/1535/2150 1270/1534/2151 1335/1614/2152
f 1263/1536/2153 1271/1535/2154 1335/1615/2155
f 1326/1597/2156 1327/1598/2157 1336/1616/2158
f 1327/1598/2159 1328/1599/2160 1336/1617/2161
f 1328/1599/2162 1329/1600/2163 1336/1618/2164
f 1329/1600/2165 1330/1601/2166 1336/1619/2167
f 1330/1601/2168 1331/1602/2169 1336/1620/2170
f 1331/1602/2171 1332/1603/2172 1336/1621/2173
f 1332/1603/2174 1333/1604/2175 1336/1622/2176
f 1333/1604/2177 1334/1605/2178 1336/1623/2179
f 1334/1605/2180 1326/1606/2181 1336/1624/2182
g default
v 0.132626 0.511758 -0.043093
v 0.112818 0.511758 -0.081967
v 0.081967 0.511758 -0.112818
v 0.043093 0.511758 -0.132626
v 0.000000 0.511758 -0.139451
v -0.043093 0.511758 -0.132626
v -0.081967 0.511758 -0.112818
v -0.112818 0.511758 -0.081967
v -0.132626 0.511758 -0.043093
v -0.139451 0.511758 0.000000
v -0.132626 0.511758 0.043093
v -0.112818 0.511758 0.081967
v -0.081967 0.511758 0.112818
v -0.043093 0.511758 0.132626
v 0.000000 0.511758 0.139451
v 0.043093 0.511758 0.132626
v 0.081967 0.511758 0.112818
v 0.112818 0.511758 0.081967
v 0.132626 0.511758 0.043093
v 0.139451 0.511758 0.000000
v 0.068491 0.715727 -0.022254
v 0.058262 0.715727 -0.042330
v 0.042330 0.715727 -0.058262
v 0.022254 0.715727 -0.068491
v -0.000000 0.715727 -0.072016
v -0.022254 0.715727 -0.068491
v -0.042330 0.715727 -0.058262
v -0.058262 0.715727 -0.042330
v -0.068491 0.715727 -0.022254
v -0.072016 0.715727 -0.000000
v -0.068491 0.715727 0.022254
v -0.058262 0.715727 0.042330
v -0.042330 0.715727 0.058262
v -0.022254 0.715727 0.068491
v -0.000000 0.715727 0.072016
v 0.022254 0.715727 0.068491
v 0.042330 0.715727 0.058262
v 0.058262 0.715727 0.042330
v 0.068491 0.715727 0.022254
v 0.072016 0.715727 -0.000000
v 0.000000 0.511758 0.000000
v 0.000000 0.719866 0.000000
vt 0.648603 0.107966
vt 0.626409 0.064408
vt 0.591842 0.029841
vt 0.548284 0.007647
vt 0.500000 -0.000000
vt 0.451716 0.007647
vt 0.408159 0.029841
vt 0.373591 0.064409
vt 0.351397 0.107966
vt 0.343750 0.156250
vt 0.351397 0.204534
vt 0.373591 0.248091
vt 0.408159 0.282659
vt 0.451716 0.304853
vt 0.500000 0.312500
vt 0.548284 0.304853
vt 0.591841 0.282659
vt 0.626409 0.248091
vt 0.648603 0.204534
vt 0.656250 0.156250
vt 0.375000 0.312500
vt 0.387500 0.312500
vt 0.400000 0.312500
vt 0.412500 0.312500
vt 0.425000 0.312500
vt 0.437500 0.312500
vt 0.450000 0.312500
vt 0.462500 0.312500
vt 0.475000 0.312500
vt 0.487500 0.312500
vt 0.500000 0.312500
vt 0.512500 0.312500
vt 0.525000 0.312500
vt 0.537500 0.312500
vt 0.550000 0.312500
vt 0.562500 0.312500
vt 0.575000 0.312500
vt 0.587500 0.312500
vt 0.600000 0.312500
vt 0.612500 0.312500
vt 0.625000 0.312500
vt 0.375000 0.687500
vt 0.387500 0.687500
vt 0.400000 0.687500
vt 0.412500 0.687500
vt 0.425000 0.687500
vt 0.437500 0.687500
vt 0.450000 0.687500
vt 0.462500 0.687500
vt 0.475000 0.687500
vt 0.487500 0.687500
vt 0.500000 0.687500
vt 0.512500 0.687500
vt 0.525000 0.687500
vt 0.537500 0.687500
vt 0.550000 0.687500
vt 0.562500 0.687500
vt 0.575000 0.687500
vt 0.587500 0.687500
vt 0.600000 0.687500
vt 0.612500 0.687500
vt 0.625000 0.687500
vt 0.648603 0.795466
vt 0.626409 0.751908
vt 0.591842 0.717341
vt 0.548284 0.695147
vt 0.500000 0.687500
vt 0.451716 0.695147
vt 0.408159 0.717341
vt 0.373591 0.751909
vt 0.351397 0.795466
vt 0.343750 0.843750
vt 0.351397 0.892034
vt 0.373591 0.935591
vt 0.408159 0.970159
vt 0.451716 0.992353
vt 0.500000 1.000000
vt 0.548284 0.992353
vt 0.591841 0.970159
vt 0.626409 0.935591
vt 0.648603 0.892034
vt 0.656250 0.843750
vt 0.500000 0.156250
vt 0.500000 0.843750
vn 0.902203 0.313904 -0.295795
vn 0.766639 0.313904 -0.560115
vn 0.900390 0.313894 -0.301279
vn 0.763220 0.313894 -0.564770
vn 0.556032 0.313904 -0.769605
vn 0.551342 0.313894 -0.772976
vn 0.290997 0.313904 -0.903762
vn 0.285495 0.313894 -0.905518
vn -0.002523 0.313904 -0.949452
vn -0.008299 0.313894 -0.949422
vn -0.295796 0.313904 -0.902202
vn -0.301280 0.313894 -0.900389
vn -0.560115 0.313904 -0.766639
vn -0.564770 0.313894 -0.763220
vn -0.769605 0.313904 -0.556032
vn -0.772976 0.313894 -0.551342
vn -0.903762 0.313904 -0.290997
vn -0.905518 0.313894 -0.285495
vn -0.949452 0.313904 0.002523
vn -0.949422 0.313894 0.008299
vn -0.902202 0.313904 0.295796
vn -0.900389 0.313894 0.301280
vn -0.766639 0.313904 0.560115
vn -0.763220 0.313894 0.564770
vn -0.556032 0.313904 0.769605
vn -0.551342 0.313894 0.772976
vn -0.290997 0.313904 0.903762
vn -0.285495 0.313894 0.905518
vn 0.002523 0.313904 0.949451
vn 0.008299 0.313894 0.949422
vn 0.295796 0.313904 0.902202
vn 0.301280 0.313894 0.900389
vn 0.560115 0.313904 0.766640
vn 0.564770 0.313894 0.763220
vn 0.769605 0.313904 0.556032
vn 0.772976 0.313894 0.551342
vn 0.903762 0.313904 0.290997
vn 0.905518 0.313894 0.285495
vn 0.949452 0.313903 -0.002522
vn 0.949422 0.313894 -0.008298
vn 0.000000 -1.000000 0.000000
vn 0.000000 -1.000000 0.000000
vn 0.000000 -1.000000 0.000000
vn 0.000000 -1.000000 0.000000
vn 0.000000 -1.000000 0.000000
vn 0.000000 -1.000000 0.000000
vn 0.000000 -1.000000 0.000000
vn 0.000000 -1.000000 0.000000
vn 0.000000 -1.000000 0.000000
vn 0.000000 -1.000000 0.000000
vn 0.000000 -1.000000 0.000000
vn 0.000000 -1.000000 0.000000
vn 0.000000 -1.000000 0.000000
vn 0.000000 -1.000000 0.000000
vn 0.000000 -1.000000 0.000000
vn 0.000000 -1.000000 0.000000
vn 0.000000 -1.000000 0.000000
vn 0.000000 -1.000000 0.000000
vn 0.000000 -1.000000 0.000000
vn 0.000000 -1.000000 0.000000
vn 0.000000 -1.000000 0.000000
vn 0.054572 0.998352 -0.017731
vn 0.046422 0.998352 -0.033727
vn 0.000000 1.000000 0.000000
vn 0.033727 0.998352 -0.046422
vn 0.017731 0.998352 -0.054572
vn 0.000000 0.998352 -0.057380
vn -0.017732 0.998352 -0.054572
vn -0.033727 0.998352 -0.046422
vn -0.046422 0.998352 -0.033727
vn -0.054572 0.998352 -0.017731
vn -0.057380 0.998352 -0.000000
vn -0.054572 0.998352 0.017731
vn -0.046422 0.998352 0.033727
vn -0.033727 0.998352 0.046422
vn -0.017732 0.998352 0.054572
vn -0.000000 0.998352 0.057380
vn 0.017732 0.998352 0.054572
vn 0.033727 0.998352 0.046422
vn 0.046422 0.998352 0.033727
vn 0.054572 0.998352 0.017731
vn 0.057380 0.998352 -0.000000
s 1
g group1 bomb:pCylinder1
usemtl bomb:lambert6SG
f 1337/1645/2183 1338/1646/2184 1357/1666/2185
f 1357/1666/2185 1338/1646/2184 1358/1667/2186
f 1338/1646/2184 1339/1647/2187 1358/1667/2186
f 1358/1667/2186 1339/1647/2187 1359/1668/2188
f 1339/1647/2187 1340/1648/2189 1359/1668/2188
f 1359/1668/2188 1340/1648/2189 1360/1669/2190
f 1340/1648/2189 1341/1649/2191 1360/1669/2190
f 1360/1669/2190 1341/1649/2191 1361/1670/2192
f 1341/1649/2191 1342/1650/2193 1361/1670/2192
f 1361/1670/2192 1342/1650/2193 1362/1671/2194
f 1342/1650/2193 1343/1651/2195 1362/1671/2194
f 1362/1671/2194 1343/1651/2195 1363/1672/2196
f 1343/1651/2195 1344/1652/2197 1363/1672/2196
f 1363/1672/2196 1344/1652/2197 1364/1673/2198
f 1344/1652/2197 1345/1653/2199 1364/1673/2198
f 1364/1673/2198 1345/1653/2199 1365/1674/2200
f 1345/1653/2199 1346/1654/2201 1365/1674/2200
f 1365/1674/2200 1346/1654/2201 1366/1675/2202
f 1346/1654/2201 1347/1655/2203 1366/1675/2202
f 1366/1675/2202 1347/1655/2203 1367/1676/2204
f 1347/1655/2203 1348/1656/2205 1367/1676/2204
f 1367/1676/2204 1348/1656/2205 1368/1677/2206
f 1348/1656/2205 1349/1657/2207 1368/1677/2206
f 1368/1677/2206 1349/1657/2207 1369/1678/2208
f 1349/1657/2207 1350/1658/2209 1369/1678/2208
f 1369/1678/2208 1350/1658/2209 1370/1679/2210
f 1350/1658/2209 1351/1659/2211 1370/1679/2210
f 1370/1679/2210 1351/1659/2211 1371/1680/2212
f 1351/1659/2211 1352/1660/2213 1371/1680/2212
f 1371/1680/2212 1352/1660/2213 1372/1681/2214
f 1352/1660/2213 1353/1661/2215 1372/1681/2214
f 1372/1681/2214 1353/1661/2215 1373/1682/2216
f 1353/1661/2215 1354/1662/2217 1373/1682/2216
f 1373/1682/2216 1354/1662/2217 1374/1683/2218
f 1354/1662/2217 1355/1663/2219 1374/1683/2218
f 1374/1683/2218 1355/1663/2219 1375/1684/2220
f 1355/1663/2219 1356/1664/2221 1375/1684/2220
f 1375/1684/2220 1356/1664/2221 1376/1685/2222
f 1356/1664/2221 1337/1665/2183 1376/1685/2222
f 1376/1685/2222 1337/1665/2183 1357/1686/2185
s 2
f 1338/1626/2223 1337/1625/2224 1377/1707/2225
f 1339/1627/2226 1338/1626/2223 1377/1707/2225
f 1340/1628/2227 1339/1627/2226 1377/1707/2225
f 1341/1629/2228 1340/1628/2227 1377/1707/2225
f 1342/1630/2229 1341/1629/2228 1377/1707/2225
f 1343/1631/2230 1342/1630/2229 1377/1707/2225
f 1344/1632/2231 1343/1631/2230 1377/1707/2225
f 1345/1633/2232 1344/1632/2231 1377/1707/2225
f 1346/1634/2233 1345/1633/2232 1377/1707/2225
f 1347/1635/2234 1346/1634/2233 1377/1707/2225
f 1348/1636/2235 1347/1635/2234 1377/1707/2225
f 1349/1637/2236 1348/1636/2235 1377/1707/2225
f 1350/1638/2237 1349/1637/2236 1377/1707/2225
f 1351/1639/2238 1350/1638/2237 1377/1707/2225
f 1352/1640/2239 1351/1639/2238 1377/1707/2225
f 1353/1641/2240 1352/1640/2239 1377/1707/2225
f 1354/1642/2241 1353/1641/2240 1377/1707/2225
f 1355/1643/2242 1354/1642/2241 1377/1707/2225
f 1356/1644/2243 1355/1643/2242 1377/1707/2225
f 1337/1625/2224 1356/1644/2243 1377/1707/2225
s 3
f 1357/1705/2244 1358/1704/2245 1378/1708/2246
f 1358/1704/2245 1359/1703/2247 1378/1708/2246
f 1359/1703/2247 1360/1702/2248 1378/1708/2246
f 1360/1702/2248 1361/1701/2249 1378/1708/2246
f 1361/1701/2249 1362/1700/2250 1378/1708/2246
f 1362/1700/2250 1363/1699/2251 1378/1708/2246
f 1363/1699/2251 1364/1698/2252 1378/1708/2246
f 1364/1698/2252 1365/1697/2253 1378/1708/2246
f 1365/1697/2253 1366/1696/2254 1378/1708/2246
f 1366/1696/2254 1367/1695/2255 1378/1708/2246
f 1367/1695/2255 1368/1694/2256 1378/1708/2246
f 1368/1694/2256 1369/1693/2257 1378/1708/2246
f 1369/1693/2257 1370/1692/2258 1378/1708/2246
f 1370/1692/2258 1371/1691/2259 1378/1708/2246
f 1371/1691/2259 1372/1690/2260 1378/1708/2246
f 1372/1690/2260 1373/1689/2261 1378/1708/2246
f 1373/1689/2261 1374/1688/2262 1378/1708/2246
f 1374/1688/2262 1375/1687/2263 1378/1708/2246
f 1375/1687/2263 1376/1706/2264 1378/1708/2246
f 1376/1706/2264 1357/1705/2244 1378/1708/2246
g default
v 0.152922 1.179607 0.021090
v 0.193034 1.134570 0.026157
v 0.203371 1.118423 0.027840
v 0.211082 1.102390 0.029426
v 0.169520 1.076657 0.030189
v 0.190114 1.071910 0.031265
v 0.203555 1.060704 0.032640
v 0.188655 1.040580 0.033818
v 0.156308 1.006949 0.035542
v 0.209472 1.149550 0.025456
v 0.208742 1.133885 0.026733
v 0.208013 1.118220 0.028010
v 0.221914 1.101917 0.029824
v 0.206553 1.086890 0.030564
v 0.205823 1.071225 0.031841
v 0.215544 1.055104 0.033501
v 0.204363 1.039895 0.034395
v 0.203633 1.024230 0.035672
v 0.224757 1.139780 0.026773
v 0.224133 1.126386 0.027865
v 0.223509 1.112992 0.028957
v 0.232639 1.099174 0.030406
v 0.222261 1.086205 0.031140
v 0.221637 1.072812 0.032232
v 0.227980 1.059114 0.033580
v 0.220389 1.046024 0.034416
v 0.219765 1.032631 0.035507
v 0.241729 1.166207 0.025140
v 0.240159 1.132515 0.027886
v 0.239429 1.116850 0.029163
v 0.243577 1.100973 0.030619
v 0.237970 1.085520 0.031717
v 0.237240 1.069855 0.032994
v 0.239994 1.054038 0.034398
v 0.235780 1.038525 0.035547
v 0.235313 1.028500 0.036365
v 0.256598 1.147496 0.027185
v 0.255868 1.131831 0.028462
v 0.255138 1.116166 0.029739
v 0.254408 1.100500 0.031016
v 0.253678 1.084835 0.032293
v 0.252948 1.069170 0.033570
v 0.252218 1.053505 0.034847
v 0.251489 1.037840 0.036124
v 0.250056 1.007087 0.038631
v 0.271392 1.127196 0.029361
v 0.270891 1.116435 0.030238
v 0.270389 1.105673 0.031115
v 0.265011 1.095125 0.031813
v 0.269387 1.084150 0.032869
v 0.268885 1.073389 0.033747
v 0.264900 1.062779 0.034496
v 0.267882 1.051866 0.035501
v 0.267381 1.041104 0.036378
v 0.287492 1.134918 0.029252
v 0.286893 1.122055 0.030300
v 0.286294 1.109192 0.031349
v 0.275940 1.096754 0.032039
v 0.285095 1.083466 0.033446
v 0.284496 1.070603 0.034494
v 0.276929 1.058043 0.035287
v 0.283297 1.044876 0.036591
v 0.282698 1.032013 0.037640
v 0.303723 1.145441 0.028914
v 0.302993 1.129776 0.030191
v 0.302263 1.114111 0.031468
v 0.286903 1.099084 0.032208
v 0.300804 1.082781 0.034022
v 0.300074 1.067116 0.035299
v 0.288893 1.051906 0.036193
v 0.298614 1.035785 0.037853
v 0.297884 1.020120 0.039130
v 0.355582 1.176372 0.028060
v 0.318702 1.129091 0.030768
v 0.308133 1.113855 0.031684
v 0.297734 1.098611 0.032606
v 0.316512 1.082096 0.034599
v 0.348912 1.064986 0.037091
v 0.301118 1.051373 0.036641
v 0.314322 1.035101 0.038429
v 0.356504 0.985838 0.043916
v 0.357718 1.171008 -0.036526
v 0.320838 1.123727 -0.033818
v 0.310269 1.108491 -0.032902
v 0.299870 1.093247 -0.031980
v 0.318648 1.076731 -0.029988
v 0.351048 1.059622 -0.027495
v 0.303254 1.046009 -0.027945
v 0.316458 1.029736 -0.026157
v 0.358640 0.980474 -0.020670
v 0.305859 1.140077 -0.035672
v 0.305129 1.124412 -0.034395
v 0.304399 1.108747 -0.033118
v 0.289038 1.093719 -0.032378
v 0.302940 1.077416 -0.030564
v 0.302210 1.061751 -0.029287
v 0.291029 1.046542 -0.028394
v 0.300750 1.030421 -0.026733
v 0.300020 1.014756 -0.025456
v 0.289628 1.129553 -0.035334
v 0.289029 1.116690 -0.034286
v 0.288430 1.103827 -0.033237
v 0.278076 1.091390 -0.032547
v 0.287231 1.078101 -0.031140
v 0.286632 1.065238 -0.030092
v 0.279065 1.052679 -0.029299
v 0.285433 1.039512 -0.027995
v 0.284834 1.026649 -0.026946
v 0.273528 1.121832 -0.035226
v 0.273027 1.111071 -0.034348
v 0.272525 1.100309 -0.033471
v 0.267147 1.089760 -0.032773
v 0.271523 1.078786 -0.031717
v 0.271021 1.068025 -0.030839
v 0.267036 1.057415 -0.030090
v 0.270018 1.046502 -0.029085
v 0.269517 1.035740 -0.028208
v 0.258734 1.142131 -0.037401
v 0.258004 1.126466 -0.036124
v 0.257274 1.110801 -0.034847
v 0.256544 1.095136 -0.033570
v 0.255814 1.079471 -0.032293
v 0.255084 1.063806 -0.031016
v 0.254354 1.048141 -0.029739
v 0.253624 1.032476 -0.028462
v 0.252192 1.001723 -0.025955
v 0.243865 1.160843 -0.039447
v 0.242295 1.127151 -0.036700
v 0.241565 1.111486 -0.035423
v 0.245712 1.095608 -0.033967
v 0.240106 1.080156 -0.032869
v 0.239376 1.064491 -0.031592
v 0.242129 1.048674 -0.030188
v 0.237916 1.033161 -0.029039
v 0.237449 1.023135 -0.028221
v 0.226893 1.134415 -0.037813
v 0.226269 1.121022 -0.036721
v 0.225645 1.107628 -0.035629
v 0.234775 1.093809 -0.034180
v 0.224397 1.080841 -0.033446
v 0.223773 1.067447 -0.032354
v 0.230116 1.053750 -0.031007
v 0.222525 1.040660 -0.030170
v 0.221901 1.027267 -0.029079
v 0.211608 1.144186 -0.039130
v 0.210878 1.128521 -0.037853
v 0.210148 1.112856 -0.036576
v 0.224049 1.096553 -0.034762
v 0.208689 1.081526 -0.034022
v 0.207959 1.065861 -0.032745
v 0.217680 1.049740 -0.031085
v 0.206499 1.034531 -0.030191
v 0.205769 1.018866 -0.028914
v 0.155058 1.174243 -0.043496
v 0.195170 1.129206 -0.038429
v 0.205507 1.113058 -0.036746
v 0.213218 1.097025 -0.035160
v 0.171656 1.071293 -0.034397
v 0.192250 1.066546 -0.033322
v 0.205691 1.055339 -0.031946
v 0.190791 1.035216 -0.030768
v 0.158444 1.001585 -0.029044
vt 0.375000 0.000000
vt 0.406250 0.000000
vt 0.437500 0.000000
vt 0.468750 0.000000
vt 0.500000 0.000000
vt 0.531250 0.000000
vt 0.562500 0.000000
vt 0.593750 0.000000
vt 0.625000 0.000000
vt 0.375000 0.031250
vt 0.406250 0.031250
vt 0.437500 0.031250
vt 0.468750 0.031250
vt 0.500000 0.031250
vt 0.531250 0.031250
vt 0.562500 0.031250
vt 0.593750 0.031250
vt 0.625000 0.031250
vt 0.375000 0.062500
vt 0.406250 0.062500
vt 0.437500 0.062500
vt 0.468750 0.062500
vt 0.500000 0.062500
vt 0.531250 0.062500
vt 0.562500 0.062500
vt 0.593750 0.062500
vt 0.625000 0.062500
vt 0.375000 0.093750
vt 0.406250 0.093750
vt 0.437500 0.093750
vt 0.468750 0.093750
vt 0.500000 0.093750
vt 0.531250 0.093750
vt 0.562500 0.093750
vt 0.593750 0.093750
vt 0.625000 0.093750
vt 0.375000 0.125000
vt 0.406250 0.125000
vt 0.437500 0.125000
vt 0.468750 0.125000
vt 0.500000 0.125000
vt 0.531250 0.125000
vt 0.562500 0.125000
vt 0.593750 0.125000
vt 0.625000 0.125000
vt 0.375000 0.156250
vt 0.406250 0.156250
vt 0.437500 0.156250
vt 0.468750 0.156250
vt 0.500000 0.156250
vt 0.531250 0.156250
vt 0.562500 0.156250
vt 0.593750 0.156250
vt 0.625000 0.156250
vt 0.375000 0.187500
vt 0.406250 0.187500
vt 0.437500 0.187500
vt 0.468750 0.187500
vt 0.500000 0.187500
vt 0.531250 0.187500
vt 0.562500 0.187500
vt 0.593750 0.187500
vt 0.625000 0.187500
vt 0.375000 0.218750
vt 0.406250 0.218750
vt 0.437500 0.218750
vt 0.468750 0.218750
vt 0.500000 0.218750
vt 0.531250 0.218750
vt 0.562500 0.218750
vt 0.593750 0.218750
vt 0.625000 0.218750
vt 0.375000 0.250000
vt 0.406250 0.250000
vt 0.437500 0.250000
vt 0.468750 0.250000
vt 0.500000 0.250000
vt 0.531250 0.250000
vt 0.562500 0.250000
vt 0.593750 0.250000
vt 0.625000 0.250000
vt 0.375000 0.500000
vt 0.406250 0.500000
vt 0.437500 0.500000
vt 0.468750 0.500000
vt 0.500000 0.500000
vt 0.531250 0.500000
vt 0.562500 0.500000
vt 0.593750 0.500000
vt 0.625000 0.500000
vt 0.375000 0.531250
vt 0.406250 0.531250
vt 0.437500 0.531250
vt 0.468750 0.531250
vt 0.500000 0.531250
vt 0.531250 0.531250
vt 0.562500 0.531250
vt 0.593750 0.531250
vt 0.625000 0.531250
vt 0.375000 0.562500
vt 0.406250 0.562500
vt 0.437500 0.562500
vt 0.468750 0.562500
vt 0.500000 0.562500
vt 0.531250 0.562500
vt 0.562500 0.562500
vt 0.593750 0.562500
vt 0.625000 0.562500
vt 0.375000 0.593750
vt 0.406250 0.593750
vt 0.437500 0.593750
vt 0.468750 0.593750
vt 0.500000 0.593750
vt 0.531250 0.593750
vt 0.562500 0.593750
vt 0.593750 0.593750
vt 0.625000 0.593750
vt 0.375000 0.625000
vt 0.406250 0.625000
vt 0.437500 0.625000
vt 0.468750 0.625000
vt 0.500000 0.625000
vt 0.531250 0.625000
vt 0.562500 0.625000
vt 0.593750 0.625000
vt 0.625000 0.625000
vt 0.375000 0.656250
vt 0.406250 0.656250
vt 0.437500 0.656250
vt 0.468750 0.656250
vt 0.500000 0.656250
vt 0.531250 0.656250
vt 0.562500 0.656250
vt 0.593750 0.656250
vt 0.625000 0.656250
vt 0.375000 0.687500
vt 0.406250 0.687500
vt 0.437500 0.687500
vt 0.468750 0.687500
vt 0.500000 0.687500
vt 0.531250 0.687500
vt 0.562500 0.687500
vt 0.593750 0.687500
vt 0.625000 0.687500
vt 0.375000 0.718750
vt 0.406250 0.718750
vt 0.437500 0.718750
vt 0.468750 0.718750
vt 0.500000 0.718750
vt 0.531250 0.718750
vt 0.562500 0.718750
vt 0.593750 0.718750
vt 0.625000 0.718750
vt 0.375000 0.750000
vt 0.406250 0.750000
vt 0.437500 0.750000
vt 0.468750 0.750000
vt 0.500000 0.750000
vt 0.531250 0.750000
vt 0.562500 0.750000
vt 0.593750 0.750000
vt 0.625000 0.750000
vt 0.375000 1.000000
vt 0.406250 1.000000
vt 0.437500 1.000000
vt 0.468750 1.000000
vt 0.500000 1.000000
vt 0.531250 1.000000
vt 0.562500 1.000000
vt 0.593750 1.000000
vt 0.625000 1.000000
vt 0.875000 0.000000
vt 0.875000 0.031250
vt 0.875000 0.062500
vt 0.875000 0.093750
vt 0.875000 0.125000
vt 0.875000 0.156250
vt 0.875000 0.187500
vt 0.875000 0.218750
vt 0.875000 0.250000
vt 0.125000 0.000000
vt 0.125000 0.031250
vt 0.125000 0.062500
vt 0.125000 0.093750
vt 0.125000 0.125000
vt 0.125000 0.156250
vt 0.125000 0.187500
vt 0.125000 0.218750
vt 0.125000 0.250000
vn -0.032939 0.082726 0.996028
vn -0.032939 0.082726 0.996028
vn -0.032939 0.082726 0.996028
vn -0.032939 0.082726 0.996028
vn -0.032939 0.082726 0.996028
vn -0.032939 0.082726 0.996028
vn -0.032939 0.082726 0.996028
vn -0.032939 0.082726 0.996028
vn -0.032939 0.082726 0.996028
vn -0.032939 0.082726 0.996028
vn -0.032939 0.082726 0.996028
vn -0.032939 0.082726 0.996028
vn -0.032939 0.082726 0.996028
vn -0.032939 0.082726 0.996028
vn -0.032939 0.082726 0.996028
vn -0.032939 0.082726 0.996028
vn -0.032939 0.082726 0.996028
vn -0.032939 0.082726 0.996028
vn -0.032939 0.082726 0.996028
vn -0.032939 0.082726 0.996028
vn -0.032939 0.082726 0.996028
vn -0.032939 0.082726 0.996028
vn -0.032939 0.082726 0.996028
vn -0.032939 0.082726 0.996028
vn -0.032939 0.082726 0.996028
vn -0.032939 0.082726 0.996028
vn -0.032939 0.082726 0.996028
vn -0.032939 0.082726 0.996028
vn -0.032939 0.082726 0.996028
vn -0.032939 0.082726 0.996028
vn -0.032939 0.082726 0.996028
vn -0.032939 0.082726 0.996028
vn -0.032939 0.082726 0.996028
vn -0.032939 0.082726 0.996028
vn -0.032939 0.082726 0.996028
vn -0.032939 0.082726 0.996028
vn -0.032939 0.082726 0.996028
vn -0.032939 0.082726 0.996028
vn -0.032939 0.082726 0.996028
vn -0.032939 0.082726 0.996028
vn -0.032939 0.082726 0.996028
vn -0.032939 0.082726 0.996028
vn -0.032939 0.082726 0.996028
vn -0.032939 0.082726 0.996028
vn -0.032939 0.082726 0.996028
vn -0.032939 0.082726 0.996028
vn -0.032939 0.082726 0.996028
vn -0.032939 0.082726 0.996028
vn -0.032939 0.082726 0.996028
vn -0.032939 0.082726 0.996028
vn -0.032939 0.082726 0.996028
vn -0.032939 0.082726 0.996028
vn -0.032939 0.082726 0.996028
vn -0.032939 0.082726 0.996028
vn -0.032939 0.082726 0.996028
vn -0.032939 0.082726 0.996028
vn -0.032939 0.082726 0.996028
vn -0.032939 0.082726 0.996028
vn -0.032939 0.082726 0.996028
vn -0.032939 0.082726 0.996028
vn -0.032939 0.082726 0.996028
vn -0.032939 0.082726 0.996028
vn -0.032939 0.082726 0.996028
vn -0.032939 0.082726 0.996028
vn -0.032939 0.082726 0.996028
vn -0.032939 0.082726 0.996028
vn -0.032939 0.082726 0.996028
vn -0.032939 0.082726 0.996028
vn -0.032939 0.082726 0.996028
vn -0.032939 0.082726 0.996028
vn -0.032939 0.082726 0.996028
vn -0.032939 0.082726 0.996028
vn -0.032939 0.082726 0.996028
vn -0.032939 0.082726 0.996028
vn -0.032939 0.082726 0.996028
vn -0.032939 0.082726 0.996028
vn -0.032939 0.082726 0.996028
vn -0.032939 0.082726 0.996028
vn -0.032939 0.082726 0.996028
vn -0.032939 0.082726 0.996028
vn -0.032939 0.082726 0.996028
vn 0.788290 -0.610495 0.076774
vn 0.796362 -0.600005 0.076170
vn 0.788290 -0.610495 0.076774
vn 0.796362 -0.600005 0.076170
vn 0.823699 -0.562186 0.073933
vn 0.823699 -0.562186 0.073933
vn 0.966619 0.255996 0.010704
vn 0.966618 0.255996 0.010704
vn 0.551508 0.832614 -0.050915
vn 0.551508 0.832614 -0.050915
vn 0.893834 -0.443455 0.066391
vn 0.893835 -0.443455 0.066391
vn 0.653323 -0.752394 0.084096
vn 0.653323 -0.752394 0.084096
vn 0.765004 0.643410 -0.028140
vn 0.765004 0.643410 -0.028140
vn 0.760849 0.648295 -0.028683
vn 0.760849 0.648295 -0.028683
vn 0.032939 -0.082726 -0.996028
vn 0.032939 -0.082726 -0.996028
vn 0.032939 -0.082726 -0.996028
vn 0.032939 -0.082726 -0.996028
vn 0.032939 -0.082726 -0.996028
vn 0.032939 -0.082726 -0.996028
vn 0.032939 -0.082726 -0.996028
vn 0.032939 -0.082726 -0.996028
vn 0.032939 -0.082726 -0.996028
vn 0.032939 -0.082726 -0.996028
vn 0.032939 -0.082726 -0.996028
vn 0.032939 -0.082726 -0.996028
vn 0.032939 -0.082726 -0.996028
vn 0.032939 -0.082726 -0.996028
vn 0.032939 -0.082726 -0.996028
vn 0.032939 -0.082726 -0.996028
vn 0.032939 -0.082726 -0.996028
vn 0.032939 -0.082726 -0.996028
vn 0.032939 -0.082726 -0.996028
vn 0.032939 -0.082726 -0.996028
vn 0.032939 -0.082726 -0.996028
vn 0.032939 -0.082726 -0.996028
vn 0.032939 -0.082726 -0.996028
vn 0.032939 -0.082726 -0.996028
vn 0.032939 -0.082726 -0.996028
vn 0.032939 -0.082726 -0.996028
vn 0.032939 -0.082726 -0.996028
vn 0.032939 -0.082726 -0.996028
vn 0.032939 -0.082726 -0.996028
vn 0.032939 -0.082726 -0.996028
vn 0.032939 -0.082726 -0.996028
vn 0.032939 -0.082726 -0.996028
vn 0.032939 -0.082726 -0.996028
vn 0.032939 -0.082726 -0.996028
vn 0.032939 -0.082726 -0.996028
vn 0.032939 -0.082726 -0.996028
vn 0.032939 -0.082726 -0.996028
vn 0.032939 -0.082726 -0.996028
vn 0.032939 -0.082726 -0.996028
vn 0.032939 -0.082726 -0.996028
vn 0.032939 -0.082726 -0.996028
vn 0.032939 -0.082726 -0.996028
vn 0.032939 -0.082726 -0.996028
vn 0.032939 -0.082726 -0.996028
vn 0.032939 -0.082726 -0.996028
vn 0.032939 -0.082726 -0.996028
vn 0.032939 -0.082726 -0.996028
vn 0.032939 -0.082726 -0.996028
vn 0.032939 -0.082726 -0.996028
vn 0.032939 -0.082726 -0.996028
vn 0.032939 -0.082726 -0.996028
vn 0.032939 -0.082726 -0.996028
vn 0.032939 -0.082726 -0.996028
vn 0.032939 -0.082726 -0.996028
vn 0.032939 -0.082726 -0.996028
vn 0.032939 -0.082726 -0.996028
vn 0.032939 -0.082726 -0.996028
vn 0.032939 -0.082726 -0.996028
vn 0.032939 -0.082726 -0.996028
vn 0.032939 -0.082726 -0.996028
vn 0.032939 -0.082726 -0.996028
vn 0.032939 -0.082726 -0.996028
vn 0.032939 -0.082726 -0.996028
vn 0.032939 -0.082726 -0.996028
vn 0.032939 -0.082726 -0.996028
vn 0.032939 -0.082726 -0.996028
vn 0.032939 -0.082726 -0.996028
vn 0.032939 -0.082726 -0.996028
vn 0.032939 -0.082726 -0.996028
vn 0.032939 -0.082726 -0.996028
vn 0.032939 -0.082726 -0.996028
vn 0.032939 -0.082726 -0.996028
vn 0.032939 -0.082726 -0.996028
vn 0.032939 -0.082726 -0.996028
vn 0.032939 -0.082726 -0.996028
vn 0.032939 -0.082726 -0.996028
vn 0.032939 -0.082726 -0.996028
vn 0.032939 -0.082726 -0.996028
vn 0.032939 -0.082726 -0.996028
vn 0.032939 -0.082726 -0.996028
vn 0.032939 -0.082726 -0.996028
vn -0.748109 -0.662883 0.030316
vn -0.772732 -0.634153 0.027116
vn -0.748109 -0.662883 0.030316
vn -0.772732 -0.634153 0.027116
vn -0.872640 -0.488223 0.011691
vn -0.872640 -0.488223 0.011691
vn -0.776662 0.625118 -0.077604
vn -0.776662 0.625119 -0.077604
vn -0.823700 0.562186 -0.073933
vn -0.823699 0.562186 -0.073933
vn -0.427223 -0.902100 0.060796
vn -0.427223 -0.902100 0.060796
vn -0.998380 0.043531 -0.036632
vn -0.998380 0.043531 -0.036632
vn -0.750859 0.655686 -0.079290
vn -0.750859 0.655686 -0.079290
vn -0.720426 0.688782 -0.081032
vn -0.720426 0.688782 -0.081032
vn 0.341412 -0.935690 0.089005
vn 0.341412 -0.935690 0.089005
vn 0.373697 -0.923267 0.089041
vn 0.373697 -0.923267 0.089041
vn 0.131213 -0.987585 0.086364
vn 0.131213 -0.987585 0.086364
vn -0.646622 -0.761660 0.041876
vn -0.646622 -0.761660 0.041876
vn 0.364337 -0.927001 0.089042
vn 0.364337 -0.927000 0.089042
vn 0.606319 -0.790589 0.085714
vn 0.606319 -0.790589 0.085714
vn -0.569098 -0.820787 0.049351
vn -0.569098 -0.820787 0.049351
vn -0.532855 -0.844575 0.052525
vn -0.532855 -0.844575 0.052525
vn -0.507394 -0.859980 0.054647
vn -0.507394 -0.859980 0.054647
vn 0.472015 0.879716 -0.057456
vn 0.472015 0.879716 -0.057456
vn 0.487525 0.871296 -0.056244
vn 0.487525 0.871296 -0.056244
vn -0.457697 0.884681 -0.088614
vn -0.457697 0.884681 -0.088614
vn -0.233525 0.968347 -0.088150
vn -0.233526 0.968347 -0.088150
vn 0.797025 0.603478 -0.023765
vn 0.797025 0.603478 -0.023765
vn 0.379970 0.922777 -0.064076
vn 0.379970 0.922777 -0.064076
vn -0.490461 0.866985 -0.088228
vn -0.490461 0.866985 -0.088228
vn -0.519135 0.850173 -0.087780
vn -0.519135 0.850173 -0.087780
vn -0.511332 0.854875 -0.087912
vn -0.511332 0.854875 -0.087912
s 1
g group1 bomb:pCube2
usemtl bomb:lambert9SG
f 1379/1709/2265 1380/1710/2266 1388/1718/2267
f 1388/1718/2267 1380/1710/2266 1389/1719/2268
f 1380/1710/2266 1381/1711/2269 1389/1719/2268
f 1389/1719/2268 1381/1711/2269 1390/1720/2270
f 1381/1711/2269 1382/1712/2271 1390/1720/2270
f 1390/1720/2270 1382/1712/2271 1391/1721/2272
f 1383/1713/2273 1392/1722/2274 1382/1712/2271
f 1382/1712/2271 1392/1722/2274 1391/1721/2272
f 1383/1713/2273 1384/1714/2275 1392/1722/2274
f 1392/1722/2274 1384/1714/2275 1393/1723/2276
f 1384/1714/2275 1385/1715/2277 1393/1723/2276
f 1393/1723/2276 1385/1715/2277 1394/1724/2278
f 1386/1716/2279 1395/1725/2280 1385/1715/2277
f 1385/1715/2277 1395/1725/2280 1394/1724/2278
f 1387/1717/2281 1396/1726/2282 1386/1716/2279
f 1386/1716/2279 1396/1726/2282 1395/1725/2280
f 1388/1718/2267 1389/1719/2268 1397/1727/2283
f 1397/1727/2283 1389/1719/2268 1398/1728/2284
f 1389/1719/2268 1390/1720/2270 1398/1728/2284
f 1398/1728/2284 1390/1720/2270 1399/1729/2285
f 1390/1720/2270 1391/1721/2272 1399/1729/2285
f 1399/1729/2285 1391/1721/2272 1400/1730/2286
f 1392/1722/2274 1401/1731/2287 1391/1721/2272
f 1391/1721/2272 1401/1731/2287 1400/1730/2286
f 1393/1723/2276 1402/1732/2288 1392/1722/2274
f 1392/1722/2274 1402/1732/2288 1401/1731/2287
f 1393/1723/2276 1394/1724/2278 1402/1732/2288
f 1402/1732/2288 1394/1724/2278 1403/1733/2289
f 1395/1725/2280 1404/1734/2290 1394/1724/2278
f 1394/1724/2278 1404/1734/2290 1403/1733/2289
f 1396/1726/2282 1405/1735/2291 1395/1725/2280
f 1395/1725/2280 1405/1735/2291 1404/1734/2290
f 1398/1728/2284 1407/1737/2292 1397/1727/2283
f 1397/1727/2283 1407/1737/2292 1406/1736/2293
f 1399/1729/2285 1408/1738/2294 1398/1728/2284
f 1398/1728/2284 1408/1738/2294 1407/1737/2292
f 1399/1729/2285 1400/1730/2286 1408/1738/2294
f 1408/1738/2294 1400/1730/2286 1409/1739/2295
f 1401/1731/2287 1410/1740/2296 1400/1730/2286
f 1400/1730/2286 1410/1740/2296 1409/1739/2295
f 1401/1731/2287 1402/1732/2288 1410/1740/2296
f 1410/1740/2296 1402/1732/2288 1411/1741/2297
f 1402/1732/2288 1403/1733/2289 1411/1741/2297
f 1411/1741/2297 1403/1733/2289 1412/1742/2298
f 1403/1733/2289 1404/1734/2290 1412/1742/2298
f 1412/1742/2298 1404/1734/2290 1413/1743/2299
f 1404/1734/2290 1405/1735/2291 1413/1743/2299
f 1413/1743/2299 1405/1735/2291 1414/1744/2300
f 1406/1736/2293 1407/1737/2292 1415/1745/2301
f 1415/1745/2301 1407/1737/2292 1416/1746/2302
f 1407/1737/2292 1408/1738/2294 1416/1746/2302
f 1416/1746/2302 1408/1738/2294 1417/1747/2303
f 1408/1738/2294 1409/1739/2295 1417/1747/2303
f 1417/1747/2303 1409/1739/2295 1418/1748/2304
f 1410/1740/2296 1419/1749/2305 1409/1739/2295
f 1409/1739/2295 1419/1749/2305 1418/1748/2304
f 1410/1740/2296 1411/1741/2297 1419/1749/2305
f 1419/1749/2305 1411/1741/2297 1420/1750/2306
f 1411/1741/2297 1412/1742/2298 1420/1750/2306
f 1420/1750/2306 1412/1742/2298 1421/1751/2307
f 1413/1743/2299 1422/1752/2308 1412/1742/2298
f 1412/1742/2298 1422/1752/2308 1421/1751/2307
f 1413/1743/2299 1414/1744/2300 1422/1752/2308
f 1422/1752/2308 1414/1744/2300 1423/1753/2309
f 1415/1745/2301 1416/1746/2302 1424/1754/2310
f 1424/1754/2310 1416/1746/2302 1425/1755/2311
f 1416/1746/2302 1417/1747/2303 1425/1755/2311
f 1425/1755/2311 1417/1747/2303 1426/1756/2312
f 1417/1747/2303 1418/1748/2304 1426/1756/2312
f 1426/1756/2312 1418/1748/2304 1427/1757/2313
f 1418/1748/2304 1419/1749/2305 1427/1757/2313
f 1427/1757/2313 1419/1749/2305 1428/1758/2314
f 1420/1750/2306 1429/1759/2315 1419/1749/2305
f 1419/1749/2305 1429/1759/2315 1428/1758/2314
f 1421/1751/2307 1430/1760/2316 1420/1750/2306
f 1420/1750/2306 1430/1760/2316 1429/1759/2315
f 1422/1752/2308 1431/1761/2317 1421/1751/2307
f 1421/1751/2307 1431/1761/2317 1430/1760/2316
f 1423/1753/2309 1432/1762/2318 1422/1752/2308
f 1422/1752/2308 1432/1762/2318 1431/1761/2317
f 1425/1755/2311 1434/1764/2319 1424/1754/2310
f 1424/1754/2310 1434/1764/2319 1433/1763/2320
f 1426/1756/2312 1435/1765/2321 1425/1755/2311
f 1425/1755/2311 1435/1765/2321 1434/1764/2319
f 1427/1757/2313 1436/1766/2322 1426/1756/2312
f 1426/1756/2312 1436/1766/2322 1435/1765/2321
f 1427/1757/2313 1428/1758/2314 1436/1766/2322
f 1436/1766/2322 1428/1758/2314 1437/1767/2323
f 1428/1758/2314 1429/1759/2315 1437/1767/2323
f 1437/1767/2323 1429/1759/2315 1438/1768/2324
f 1430/1760/2316 1439/1769/2325 1429/1759/2315
f 1429/1759/2315 1439/1769/2325 1438/1768/2324
f 1430/1760/2316 1431/1761/2317 1439/1769/2325
f 1439/1769/2325 1431/1761/2317 1440/1770/2326
f 1431/1761/2317 1432/1762/2318 1440/1770/2326
f 1440/1770/2326 1432/1762/2318 1441/1771/2327
f 1434/1764/2319 1443/1773/2328 1433/1763/2320
f 1433/1763/2320 1443/1773/2328 1442/1772/2329
f 1435/1765/2321 1444/1774/2330 1434/1764/2319
f 1434/1764/2319 1444/1774/2330 1443/1773/2328
f 1436/1766/2322 1445/1775/2331 1435/1765/2321
f 1435/1765/2321 1445/1775/2331 1444/1774/2330
f 1436/1766/2322 1437/1767/2323 1445/1775/2331
f 1445/1775/2331 1437/1767/2323 1446/1776/2332
f 1437/1767/2323 1438/1768/2324 1446/1776/2332
f 1446/1776/2332 1438/1768/2324 1447/1777/2333
f 1439/1769/2325 1448/1778/2334 1438/1768/2324
f 1438/1768/2324 1448/1778/2334 1447/1777/2333
f 1439/1769/2325 1440/1770/2326 1448/1778/2334
f 1448/1778/2334 1440/1770/2326 1449/1779/2335
f 1440/1770/2326 1441/1771/2327 1449/1779/2335
f 1449/1779/2335 1441/1771/2327 1450/1780/2336
f 1443/1773/2328 1452/1782/2337 1442/1772/2329
f 1442/1772/2329 1452/1782/2337 1451/1781/2338
f 1444/1774/2330 1453/1783/2339 1443/1773/2328
f 1443/1773/2328 1453/1783/2339 1452/1782/2337
f 1445/1775/2331 1454/1784/2340 1444/1774/2330
f 1444/1774/2330 1454/1784/2340 1453/1783/2339
f 1445/1775/2331 1446/1776/2332 1454/1784/2340
f 1454/1784/2340 1446/1776/2332 1455/1785/2341
f 1446/1776/2332 1447/1777/2333 1455/1785/2341
f 1455/1785/2341 1447/1777/2333 1456/1786/2342
f 1448/1778/2334 1457/1787/2343 1447/1777/2333
f 1447/1777/2333 1457/1787/2343 1456/1786/2342
f 1448/1778/2334 1449/1779/2335 1457/1787/2343
f 1457/1787/2343 1449/1779/2335 1458/1788/2344
f 1449/1779/2335 1450/1780/2336 1458/1788/2344
f 1458/1788/2344 1450/1780/2336 1459/1789/2345
s 4
f 1451/1781/2346 1452/1782/2347 1460/1790/2348
f 1460/1790/2348 1452/1782/2347 1461/1791/2349
f 1452/1782/2347 1453/1783/2350 1461/1791/2349
f 1461/1791/2349 1453/1783/2350 1462/1792/2351
f 1453/1783/2350 1454/1784/2352 1462/1792/2351
f 1462/1792/2351 1454/1784/2352 1463/1793/2353
f 1454/1784/2352 1455/1785/2354 1463/1793/2353
f 1463/1793/2353 1455/1785/2354 1464/1794/2355
f 1455/1785/2354 1456/1786/2356 1464/1794/2355
f 1464/1794/2355 1456/1786/2356 1465/1795/2357
f 1456/1786/2356 1457/1787/2358 1465/1795/2357
f 1465/1795/2357 1457/1787/2358 1466/1796/2359
f 1457/1787/2358 1458/1788/2360 1466/1796/2359
f 1466/1796/2359 1458/1788/2360 1467/1797/2361
f 1458/1788/2360 1459/1789/2362 1467/1797/2361
f 1467/1797/2361 1459/1789/2362 1468/1798/2363
s 5
f 1460/1790/2364 1461/1791/2365 1469/1799/2366
f 1469/1799/2366 1461/1791/2365 1470/1800/2367
f 1461/1791/2365 1462/1792/2368 1470/1800/2367
f 1470/1800/2367 1462/1792/2368 1471/1801/2369
f 1462/1792/2368 1463/1793/2370 1471/1801/2369
f 1471/1801/2369 1463/1793/2370 1472/1802/2371
f 1464/1794/2372 1473/1803/2373 1463/1793/2370
f 1463/1793/2370 1473/1803/2373 1472/1802/2371
f 1465/1795/2374 1474/1804/2375 1464/1794/2372
f 1464/1794/2372 1474/1804/2375 1473/1803/2373
f 1465/1795/2374 1466/1796/2376 1474/1804/2375
f 1474/1804/2375 1466/1796/2376 1475/1805/2377
f 1467/1797/2378 1476/1806/2379 1466/1796/2376
f 1466/1796/2376 1476/1806/2379 1475/1805/2377
f 1468/1798/2380 1477/1807/2381 1467/1797/2378
f 1467/1797/2378 1477/1807/2381 1476/1806/2379
f 1469/1799/2366 1470/1800/2367 1478/1808/2382
f 1478/1808/2382 1470/1800/2367 1479/1809/2383
f 1470/1800/2367 1471/1801/2369 1479/1809/2383
f 1479/1809/2383 1471/1801/2369 1480/1810/2384
f 1471/1801/2369 1472/1802/2371 1480/1810/2384
f 1480/1810/2384 1472/1802/2371 1481/1811/2385
f 1473/1803/2373 1482/1812/2386 1472/1802/2371
f 1472/1802/2371 1482/1812/2386 1481/1811/2385
f 1474/1804/2375 1483/1813/2387 1473/1803/2373
f 1473/1803/2373 1483/1813/2387 1482/1812/2386
f 1474/1804/2375 1475/1805/2377 1483/1813/2387
f 1483/1813/2387 1475/1805/2377 1484/1814/2388
f 1476/1806/2379 1485/1815/2389 1475/1805/2377
f 1475/1805/2377 1485/1815/2389 1484/1814/2388
f 1477/1807/2381 1486/1816/2390 1476/1806/2379
f 1476/1806/2379 1486/1816/2390 1485/1815/2389
f 1478/1808/2382 1479/1809/2383 1487/1817/2391
f 1487/1817/2391 1479/1809/2383 1488/1818/2392
f 1479/1809/2383 1480/1810/2384 1488/1818/2392
f 1488/1818/2392 1480/1810/2384 1489/1819/2393
f 1480/1810/2384 1481/1811/2385 1489/1819/2393
f 1489/1819/2393 1481/1811/2385 1490/1820/2394
f 1482/1812/2386 1491/1821/2395 1481/1811/2385
f 1481/1811/2385 1491/1821/2395 1490/1820/2394
f 1483/1813/2387 1492/1822/2396 1482/1812/2386
f 1482/1812/2386 1492/1822/2396 1491/1821/2395
f 1483/1813/2387 1484/1814/2388 1492/1822/2396
f 1492/1822/2396 1484/1814/2388 1493/1823/2397
f 1485/1815/2389 1494/1824/2398 1484/1814/2388
f 1484/1814/2388 1494/1824/2398 1493/1823/2397
f 1486/1816/2390 1495/1825/2399 1485/1815/2389
f 1485/1815/2389 1495/1825/2399 1494/1824/2398
f 1488/1818/2392 1497/1827/2400 1487/1817/2391
f 1487/1817/2391 1497/1827/2400 1496/1826/2401
f 1489/1819/2393 1498/1828/2402 1488/1818/2392
f 1488/1818/2392 1498/1828/2402 1497/1827/2400
f 1490/1820/2394 1499/1829/2403 1489/1819/2393
f 1489/1819/2393 1499/1829/2403 1498/1828/2402
f 1491/1821/2395 1500/1830/2404 1490/1820/2394
f 1490/1820/2394 1500/1830/2404 1499/1829/2403
f 1491/1821/2395 1492/1822/2396 1500/1830/2404
f 1500/1830/2404 1492/1822/2396 1501/1831/2405
f 1492/1822/2396 1493/1823/2397 1501/1831/2405
f 1501/1831/2405 1493/1823/2397 1502/1832/2406
f 1493/1823/2397 1494/1824/2398 1502/1832/2406
f 1502/1832/2406 1494/1824/2398 1503/1833/2407
f 1494/1824/2398 1495/1825/2399 1503/1833/2407
f 1503/1833/2407 1495/1825/2399 1504/1834/2408
f 1497/1827/2400 1506/1836/2409 1496/1826/2401
f 1496/1826/2401 1506/1836/2409 1505/1835/2410
f 1497/1827/2400 1498/1828/2402 1506/1836/2409
f 1506/1836/2409 1498/1828/2402 1507/1837/2411
f 1499/1829/2403 1508/1838/2412 1498/1828/2402
f 1498/1828/2402 1508/1838/2412 1507/1837/2411
f 1499/1829/2403 1500/1830/2404 1508/1838/2412
f 1508/1838/2412 1500/1830/2404 1509/1839/2413
f 1500/1830/2404 1501/1831/2405 1509/1839/2413
f 1509/1839/2413 1501/1831/2405 1510/1840/2414
f 1502/1832/2406 1511/1841/2415 1501/1831/2405
f 1501/1831/2405 1511/1841/2415 1510/1840/2414
f 1502/1832/2406 1503/1833/2407 1511/1841/2415
f 1511/1841/2415 1503/1833/2407 1512/1842/2416
f 1504/1834/2408 1513/1843/2417 1503/1833/2407
f 1503/1833/2407 1513/1843/2417 1512/1842/2416
f 1505/1835/2410 1506/1836/2409 1514/1844/2418
f 1514/1844/2418 1506/1836/2409 1515/1845/2419
f 1506/1836/2409 1507/1837/2411 1515/1845/2419
f 1515/1845/2419 1507/1837/2411 1516/1846/2420
f 1508/1838/2412 1517/1847/2421 1507/1837/2411
f 1507/1837/2411 1517/1847/2421 1516/1846/2420
f 1508/1838/2412 1509/1839/2413 1517/1847/2421
f 1517/1847/2421 1509/1839/2413 1518/1848/2422
f 1510/1840/2414 1519/1849/2423 1509/1839/2413
f 1509/1839/2413 1519/1849/2423 1518/1848/2422
f 1511/1841/2415 1520/1850/2424 1510/1840/2414
f 1510/1840/2414 1520/1850/2424 1519/1849/2423
f 1512/1842/2416 1521/1851/2425 1511/1841/2415
f 1511/1841/2415 1521/1851/2425 1520/1850/2424
f 1513/1843/2417 1522/1852/2426 1512/1842/2416
f 1512/1842/2416 1522/1852/2426 1521/1851/2425
f 1515/1845/2419 1524/1854/2427 1514/1844/2418
f 1514/1844/2418 1524/1854/2427 1523/1853/2428
f 1516/1846/2420 1525/1855/2429 1515/1845/2419
f 1515/1845/2419 1525/1855/2429 1524/1854/2427
f 1517/1847/2421 1526/1856/2430 1516/1846/2420
f 1516/1846/2420 1526/1856/2430 1525/1855/2429
f 1517/1847/2421 1518/1848/2422 1526/1856/2430
f 1526/1856/2430 1518/1848/2422 1527/1857/2431
f 1518/1848/2422 1519/1849/2423 1527/1857/2431
f 1527/1857/2431 1519/1849/2423 1528/1858/2432
f 1520/1850/2424 1529/1859/2433 1519/1849/2423
f 1519/1849/2423 1529/1859/2433 1528/1858/2432
f 1520/1850/2424 1521/1851/2425 1529/1859/2433
f 1529/1859/2433 1521/1851/2425 1530/1860/2434
f 1521/1851/2425 1522/1852/2426 1530/1860/2434
f 1530/1860/2434 1522/1852/2426 1531/1861/2435
f 1524/1854/2427 1533/1863/2436 1523/1853/2428
f 1523/1853/2428 1533/1863/2436 1532/1862/2437
f 1525/1855/2429 1534/1864/2438 1524/1854/2427
f 1524/1854/2427 1534/1864/2438 1533/1863/2436
f 1526/1856/2430 1535/1865/2439 1525/1855/2429
f 1525/1855/2429 1535/1865/2439 1534/1864/2438
f 1526/1856/2430 1527/1857/2431 1535/1865/2439
f 1535/1865/2439 1527/1857/2431 1536/1866/2440
f 1528/1858/2432 1537/1867/2441 1527/1857/2431
f 1527/1857/2431 1537/1867/2441 1536/1866/2440
f 1529/1859/2433 1538/1868/2442 1528/1858/2432
f 1528/1858/2432 1538/1868/2442 1537/1867/2441
f 1529/1859/2433 1530/1860/2434 1538/1868/2442
f 1538/1868/2442 1530/1860/2434 1539/1869/2443
f 1530/1860/2434 1531/1861/2435 1539/1869/2443
f 1539/1869/2443 1531/1861/2435 1540/1870/2444
s 9
f 1532/1862/2445 1533/1863/2446 1379/1871/2447
f 1379/1871/2447 1533/1863/2446 1380/1872/2448
f 1533/1863/2446 1534/1864/2449 1380/1872/2448
f 1380/1872/2448 1534/1864/2449 1381/1873/2450
f 1534/1864/2449 1535/1865/2451 1381/1873/2450
f 1381/1873/2450 1535/1865/2451 1382/1874/2452
f 1535/1865/2451 1536/1866/2453 1382/1874/2452
f 1382/1874/2452 1536/1866/2453 1383/1875/2454
f 1536/1866/2453 1537/1867/2455 1383/1875/2454
f 1383/1875/2454 1537/1867/2455 1384/1876/2456
f 1537/1867/2455 1538/1868/2457 1384/1876/2456
f 1384/1876/2456 1538/1868/2457 1385/1877/2458
f 1538/1868/2457 1539/1869/2459 1385/1877/2458
f 1385/1877/2458 1539/1869/2459 1386/1878/2460
f 1539/1869/2459 1540/1870/2461 1386/1878/2460
f 1386/1878/2460 1540/1870/2461 1387/1879/2462
s 10
f 1387/1717/2463 1540/1880/2464 1396/1726/2465
f 1396/1726/2465 1540/1880/2464 1531/1881/2466
f 1396/1726/2465 1531/1881/2466 1405/1735/2467
f 1405/1735/2467 1531/1881/2466 1522/1882/2468
f 1405/1735/2467 1522/1882/2468 1414/1744/2469
f 1414/1744/2469 1522/1882/2468 1513/1883/2470
f 1414/1744/2469 1513/1883/2470 1423/1753/2471
f 1423/1753/2471 1513/1883/2470 1504/1884/2472
f 1423/1753/2471 1504/1884/2472 1432/1762/2473
f 1432/1762/2473 1504/1884/2472 1495/1885/2474
f 1432/1762/2473 1495/1885/2474 1441/1771/2475
f 1441/1771/2475 1495/1885/2474 1486/1886/2476
f 1441/1771/2475 1486/1886/2476 1450/1780/2477
f 1450/1780/2477 1486/1886/2476 1477/1887/2478
f 1450/1780/2477 1477/1887/2478 1459/1789/2479
f 1459/1789/2479 1477/1887/2478 1468/1888/2480
s 11
f 1532/1889/2481 1379/1709/2482 1523/1890/2483
f 1523/1890/2483 1379/1709/2482 1388/1718/2484
f 1523/1890/2483 1388/1718/2484 1514/1891/2485
f 1514/1891/2485 1388/1718/2484 1397/1727/2486
f 1514/1891/2485 1397/1727/2486 1505/1892/2487
f 1505/1892/2487 1397/1727/2486 1406/1736/2488
f 1505/1892/2487 1406/1736/2488 1496/1893/2489
f 1496/1893/2489 1406/1736/2488 1415/1745/2490
f 1496/1893/2489 1415/1745/2490 1487/1894/2491
f 1487/1894/2491 1415/1745/2490 1424/1754/2492
f 1487/1894/2491 1424/1754/2492 1478/1895/2493
f 1478/1895/2493 1424/1754/2492 1433/1763/2494
f 1478/1895/2493 1433/1763/2494 1469/1896/2495
f 1469/1896/2495 1433/1763/2494 1442/1772/2496
f 1469/1896/2495 1442/1772/2496 1460/1897/2497
f 1460/1897/2497 1442/1772/2496 1451/1781/2498
g default
v 0.246877 -0.300481 0.168621
v 0.638475 -0.018772 0.168621
v 0.442432 0.008743 0.168621
v 0.711219 0.294269 0.168621
v 0.379693 0.137427 -0.162906
v 0.644091 0.326702 -0.162906
v 0.297362 -0.233148 -0.162906
v 0.711219 -0.194099 -0.162906
vt 0.375000 0.000000
vt 0.625000 0.000000
vt 0.375000 0.250000
vt 0.625000 0.250000
vt 0.375000 0.500000
vt 0.625000 0.500000
vt 0.375000 0.750000
vt 0.625000 0.750000
vt 0.375000 1.000000
vt 0.625000 1.000000
vt 0.875000 0.000000
vt 0.875000 0.250000
vt 0.125000 0.000000
vt 0.125000 0.250000
vn 0.000000 0.000000 1.000000
vn 0.000000 0.000000 1.000000
vn 0.000000 0.000000 1.000000
vn 0.000000 0.000000 1.000000
vn -0.675150 0.635568 0.374468
vn -0.638019 0.707837 0.303147
vn -0.639391 0.705538 0.305607
vn -0.571070 0.797728 0.193672
vn 0.000000 0.000000 -1.000000
vn 0.000000 0.000000 -1.000000
vn 0.000000 0.000000 -1.000000
vn 0.000000 0.000000 -1.000000
vn 0.082407 -0.873401 0.479978
vn 0.324288 -0.910851 0.255319
vn 0.403248 -0.899743 0.166894
vn 0.582297 -0.809442 -0.075725
vn 0.980820 0.126423 0.148355
vn 0.999890 -0.002187 0.014657
vn 0.998213 0.032126 0.050385
vn 0.951423 -0.221090 -0.214276
vn -0.845001 0.534385 -0.020144
vn -0.920875 0.365173 0.136518
vn -0.916894 0.379205 0.124538
vn -0.942705 0.209440 0.259697
s 1
g group1 pCube1
usemtl lambert3SG
f 1541/1898/2499 1542/1899/2500 1543/1900/2501
f 1543/1900/2501 1542/1899/2500 1544/1901/2502
s 2
f 1543/1900/2503 1544/1901/2504 1545/1902/2505
f 1545/1902/2505 1544/1901/2504 1546/1903/2506
s 3
f 1546/1903/2507 1548/1905/2508 1545/1902/2509
f 1545/1902/2509 1548/1905/2508 1547/1904/2510
s 4
f 1548/1905/2511 1542/1907/2512 1547/1904/2513
f 1547/1904/2513 1542/1907/2512 1541/1906/2514
s 5
f 1548/1908/2515 1546/1909/2516 1542/1899/2517
f 1542/1899/2517 1546/1909/2516 1544/1901/2518
s 6
f 1541/1898/2519 1543/1900/2520 1547/1910/2521
f 1547/1910/2521 1543/1900/2520 1545/1911/2522
g default
v -0.020044 1.060505 0.022709
v 0.074604 1.059040 0.027606
v 0.118211 1.051659 0.029801
v 0.157543 1.040003 0.032257
v 0.136853 0.929874 0.042048
v 0.176952 0.957460 0.040789
v 0.216954 0.962960 0.041633
v 0.228127 0.906670 0.047380
v 0.235229 0.799981 0.057794
v 0.074595 1.110003 0.022748
v 0.100182 1.084609 0.026043
v 0.125769 1.059214 0.029339
v 0.175180 1.057634 0.031179
v 0.176943 1.008424 0.035931
v 0.202531 0.983029 0.039226
v 0.245135 0.974645 0.041482
v 0.253705 0.932240 0.045818
v 0.279292 0.906845 0.049113
v 0.115014 1.120843 0.023096
v 0.136891 1.099131 0.025914
v 0.158768 1.077418 0.028732
v 0.196527 1.071583 0.030579
v 0.202522 1.033993 0.034368
v 0.224399 1.012281 0.037185
v 0.257620 1.001909 0.039310
v 0.268153 0.968856 0.042821
v 0.290030 0.947143 0.045639
v 0.096307 1.190365 0.015829
v 0.151338 1.135747 0.022918
v 0.176925 1.110352 0.026213
v 0.210454 1.092896 0.029024
v 0.228100 1.059562 0.032805
v 0.253687 1.034168 0.036100
v 0.284947 1.014443 0.039049
v 0.304861 0.983378 0.042692
v 0.321237 0.967125 0.044801
v 0.151329 1.209639 0.018059
v 0.176916 1.161316 0.021355
v 0.202504 1.135921 0.024650
v 0.228091 1.110526 0.027946
v 0.253678 1.085131 0.031242
v 0.279265 1.059737 0.034537
v 0.304852 1.034342 0.037833
v 0.330440 1.008947 0.041129
v 0.380672 0.959092 0.047599
v 0.208945 1.180483 0.020623
v 0.226523 1.163037 0.022887
v 0.244101 1.145592 0.025151
v 0.253737 1.120208 0.027900
v 0.279256 1.110701 0.029679
v 0.296834 1.093255 0.031943
v 0.308739 1.070139 0.034553
v 0.331989 1.058364 0.036471
v 0.349567 1.040918 0.038735
v 0.220793 1.219679 0.017291
v 0.241803 1.198827 0.019997
v 0.262814 1.177975 0.022703
v 0.267941 1.141245 0.026380
v 0.304834 1.136270 0.028116
v 0.325845 1.115417 0.030822
v 0.335511 1.083224 0.034221
v 0.367866 1.073712 0.036234
v 0.388876 1.052860 0.038941
v 0.228064 1.263418 0.013370
v 0.253651 1.238023 0.016666
v 0.279238 1.212629 0.019962
v 0.281002 1.163418 0.024713
v 0.330413 1.161839 0.026553
v 0.356000 1.136444 0.029849
v 0.364570 1.094038 0.034184
v 0.407174 1.085654 0.036440
v 0.432761 1.060259 0.039736
v 0.255887 1.358989 0.001395
v 0.279229 1.263592 0.015103
v 0.288796 1.222183 0.019377
v 0.298639 1.181049 0.023635
v 0.355991 1.187408 0.024990
v 0.435524 1.215940 0.024989
v 0.384476 1.113937 0.032968
v 0.432752 1.111223 0.034877
v 0.514113 1.106751 0.040418
v 0.258024 1.353032 -0.061088
v 0.281365 1.257636 -0.047380
v 0.290933 1.216227 -0.043106
v 0.300775 1.175093 -0.038848
v 0.358127 1.181452 -0.037493
v 0.437660 1.209983 -0.037494
v 0.386612 1.107981 -0.029516
v 0.434889 1.105267 -0.027606
v 0.516249 1.100794 -0.022066
v 0.230200 1.257462 -0.049113
v 0.255787 1.232067 -0.045818
v 0.281374 1.206672 -0.042522
v 0.283138 1.157462 -0.037770
v 0.332549 1.155882 -0.035931
v 0.358136 1.130488 -0.032635
v 0.366706 1.088082 -0.028299
v 0.409311 1.079698 -0.026043
v 0.434898 1.054303 -0.022748
v 0.222929 1.213723 -0.045192
v 0.243939 1.192871 -0.042486
v 0.264950 1.172018 -0.039780
v 0.270078 1.135289 -0.036103
v 0.306971 1.130313 -0.034368
v 0.327981 1.109461 -0.031661
v 0.337647 1.077268 -0.028262
v 0.370002 1.067756 -0.026249
v 0.391012 1.046904 -0.023543
v 0.211081 1.174527 -0.041861
v 0.228659 1.157081 -0.039597
v 0.246237 1.139635 -0.037333
v 0.255873 1.114251 -0.034583
v 0.281392 1.104744 -0.032805
v 0.298970 1.087299 -0.030541
v 0.310876 1.064183 -0.027930
v 0.334126 1.052407 -0.026013
v 0.351704 1.034962 -0.023748
v 0.153465 1.203683 -0.044424
v 0.179053 1.155360 -0.041129
v 0.204640 1.129965 -0.037833
v 0.230227 1.104570 -0.034537
v 0.255814 1.079175 -0.031242
v 0.281402 1.053780 -0.027946
v 0.306989 1.028385 -0.024650
v 0.332576 1.002991 -0.021355
v 0.382808 0.953136 -0.014885
v 0.098443 1.184408 -0.046654
v 0.153474 1.129790 -0.039566
v 0.179062 1.104396 -0.036270
v 0.212590 1.086939 -0.033460
v 0.230236 1.053606 -0.029679
v 0.255823 1.028211 -0.026383
v 0.287083 1.008487 -0.023434
v 0.306998 0.977421 -0.019792
v 0.323374 0.961169 -0.017683
v 0.117150 1.114887 -0.039387
v 0.139027 1.093174 -0.036569
v 0.160904 1.071462 -0.033751
v 0.198663 1.065626 -0.031904
v 0.204658 1.028037 -0.028116
v 0.226535 1.006324 -0.025298
v 0.259757 0.995952 -0.023173
v 0.270289 0.962899 -0.019662
v 0.292166 0.941187 -0.016845
v 0.076731 1.104047 -0.039736
v 0.102318 1.078652 -0.036440
v 0.127905 1.053257 -0.033144
v 0.177316 1.051678 -0.031304
v 0.179080 1.002468 -0.026553
v 0.204667 0.977073 -0.023257
v 0.247271 0.968689 -0.021001
v 0.255841 0.926283 -0.016666
v 0.281429 0.900888 -0.013370
v -0.017907 1.054549 -0.039774
v 0.076740 1.053083 -0.034877
v 0.120348 1.045703 -0.032682
v 0.159679 1.034047 -0.030227
v 0.138989 0.923918 -0.020436
v 0.179089 0.951504 -0.021694
v 0.219090 0.957003 -0.020851
v 0.230263 0.900714 -0.015103
v 0.237365 0.794024 -0.004690
v 0.094368 1.240776 0.017094
v 0.096505 1.234819 -0.045389
v 0.167987 1.144298 -0.040453
v 0.193574 1.118903 -0.037157
v 0.222597 1.096942 -0.034071
v 0.244749 1.068113 -0.030566
v 0.270336 1.042718 -0.027270
v 0.298377 1.019777 -0.024124
v 0.321510 0.991929 -0.020679
v 0.357095 0.956611 -0.016095
v 0.354959 0.962568 0.046388
v 0.319374 0.997885 0.041805
v 0.296241 1.025733 0.038359
v 0.268199 1.048675 0.035214
v 0.242612 1.074070 0.031918
v 0.220461 1.102899 0.028412
v 0.191438 1.124859 0.025327
v 0.165850 1.150254 0.022031
vt 0.375000 0.000000
vt 0.406250 0.000000
vt 0.437500 0.000000
vt 0.468750 0.000000
vt 0.500000 0.000000
vt 0.531250 0.000000
vt 0.562500 0.000000
vt 0.593750 0.000000
vt 0.625000 0.000000
vt 0.375000 0.031250
vt 0.406250 0.031250
vt 0.437500 0.031250
vt 0.468750 0.031250
vt 0.500000 0.031250
vt 0.531250 0.031250
vt 0.562500 0.031250
vt 0.593750 0.031250
vt 0.625000 0.031250
vt 0.375000 0.062500
vt 0.406250 0.062500
vt 0.437500 0.062500
vt 0.468750 0.062500
vt 0.500000 0.062500
vt 0.531250 0.062500
vt 0.562500 0.062500
vt 0.593750 0.062500
vt 0.625000 0.062500
vt 0.375000 0.093750
vt 0.406250 0.093750
vt 0.437500 0.093750
vt 0.468750 0.093750
vt 0.500000 0.093750
vt 0.531250 0.093750
vt 0.562500 0.093750
vt 0.593750 0.093750
vt 0.625000 0.093750
vt 0.375000 0.125000
vt 0.406250 0.125000
vt 0.437500 0.125000
vt 0.468750 0.125000
vt 0.500000 0.125000
vt 0.531250 0.125000
vt 0.562500 0.125000
vt 0.593750 0.125000
vt 0.625000 0.125000
vt 0.375000 0.156250
vt 0.406250 0.156250
vt 0.437500 0.156250
vt 0.468750 0.156250
vt 0.500000 0.156250
vt 0.531250 0.156250
vt 0.562500 0.156250
vt 0.593750 0.156250
vt 0.625000 0.156250
vt 0.375000 0.187500
vt 0.406250 0.187500
vt 0.437500 0.187500
vt 0.468750 0.187500
vt 0.500000 0.187500
vt 0.531250 0.187500
vt 0.562500 0.187500
vt 0.593750 0.187500
vt 0.625000 0.187500
vt 0.375000 0.218750
vt 0.406250 0.218750
vt 0.437500 0.218750
vt 0.468750 0.218750
vt 0.500000 0.218750
vt 0.531250 0.218750
vt 0.562500 0.218750
vt 0.593750 0.218750
vt 0.625000 0.218750
vt 0.375000 0.250000
vt 0.406250 0.250000
vt 0.437500 0.250000
vt 0.468750 0.250000
vt 0.500000 0.250000
vt 0.531250 0.250000
vt 0.562500 0.250000
vt 0.593750 0.250000
vt 0.625000 0.250000
vt 0.375000 0.500000
vt 0.406250 0.500000
vt 0.437500 0.500000
vt 0.468750 0.500000
vt 0.500000 0.500000
vt 0.531250 0.500000
vt 0.562500 0.500000
vt 0.593750 0.500000
vt 0.625000 0.500000
vt 0.375000 0.531250
vt 0.406250 0.531250
vt 0.437500 0.531250
vt 0.468750 0.531250
vt 0.500000 0.531250
vt 0.531250 0.531250
vt 0.562500 0.531250
vt 0.593750 0.531250
vt 0.625000 0.531250
vt 0.375000 0.562500
vt 0.406250 0.562500
vt 0.437500 0.562500
vt 0.468750 0.562500
vt 0.500000 0.562500
vt 0.531250 0.562500
vt 0.562500 0.562500
vt 0.593750 0.562500
vt 0.625000 0.562500
vt 0.375000 0.593750
vt 0.406250 0.593750
vt 0.437500 0.593750
vt 0.468750 0.593750
vt 0.500000 0.593750
vt 0.531250 0.593750
vt 0.562500 0.593750
vt 0.593750 0.593750
vt 0.625000 0.593750
vt 0.375000 0.625000
vt 0.406250 0.625000
vt 0.437500 0.625000
vt 0.468750 0.625000
vt 0.500000 0.625000
vt 0.531250 0.625000
vt 0.562500 0.625000
vt 0.593750 0.625000
vt 0.625000 0.625000
vt 0.375000 0.656250
vt 0.406250 0.656250
vt 0.437500 0.656250
vt 0.468750 0.656250
vt 0.500000 0.656250
vt 0.531250 0.656250
vt 0.562500 0.656250
vt 0.593750 0.656250
vt 0.625000 0.656250
vt 0.375000 0.687500
vt 0.406250 0.687500
vt 0.437500 0.687500
vt 0.468750 0.687500
vt 0.500000 0.687500
vt 0.531250 0.687500
vt 0.562500 0.687500
vt 0.593750 0.687500
vt 0.625000 0.687500
vt 0.375000 0.718750
vt 0.406250 0.718750
vt 0.437500 0.718750
vt 0.468750 0.718750
vt 0.500000 0.718750
vt 0.531250 0.718750
vt 0.562500 0.718750
vt 0.593750 0.718750
vt 0.625000 0.718750
vt 0.375000 0.750000
vt 0.406250 0.750000
vt 0.437500 0.750000
vt 0.468750 0.750000
vt 0.500000 0.750000
vt 0.531250 0.750000
vt 0.562500 0.750000
vt 0.593750 0.750000
vt 0.625000 0.750000
vt 0.375000 1.000000
vt 0.406250 1.000000
vt 0.437500 1.000000
vt 0.468750 1.000000
vt 0.500000 1.000000
vt 0.531250 1.000000
vt 0.562500 1.000000
vt 0.593750 1.000000
vt 0.625000 1.000000
vt 0.875000 0.000000
vt 0.875000 0.031250
vt 0.875000 0.062500
vt 0.875000 0.093750
vt 0.875000 0.125000
vt 0.875000 0.156250
vt 0.875000 0.187500
vt 0.875000 0.218750
vt 0.875000 0.250000
vt 0.125000 0.000000
vt 0.125000 0.031250
vt 0.125000 0.062500
vt 0.125000 0.093750
vt 0.125000 0.125000
vt 0.125000 0.156250
vt 0.125000 0.187500
vt 0.125000 0.218750
vt 0.125000 0.250000
vt 0.375000 0.111480
vt 0.125000 0.111480
vt 0.375000 0.638520
vt 0.406250 0.638520
vt 0.437500 0.638520
vt 0.468750 0.638520
vt 0.500000 0.638520
vt 0.531250 0.638520
vt 0.562500 0.638520
vt 0.593750 0.638520
vt 0.625000 0.638520
vt 0.875000 0.111480
vt 0.625000 0.111480
vt 0.593750 0.111480
vt 0.562500 0.111480
vt 0.531250 0.111480
vt 0.500000 0.111480
vt 0.468750 0.111480
vt 0.437500 0.111480
vt 0.406250 0.111480
vn -0.049979 0.094777 0.994243
vn -0.046262 0.094794 0.994421
vn -0.045006 0.094800 0.994478
vn -0.034016 0.094843 0.994911
vn -0.034016 0.094843 0.994911
vn -0.034016 0.094843 0.994911
vn -0.034016 0.094843 0.994911
vn -0.034016 0.094843 0.994911
vn -0.034016 0.094843 0.994911
vn -0.034016 0.094843 0.994911
vn -0.034016 0.094843 0.994911
vn -0.034016 0.094843 0.994911
vn -0.034016 0.094843 0.994911
vn -0.034016 0.094843 0.994911
vn -0.034016 0.094843 0.994911
vn -0.034016 0.094843 0.994911
vn -0.034016 0.094843 0.994911
vn -0.034016 0.094843 0.994911
vn -0.034016 0.094843 0.994911
vn -0.034016 0.094843 0.994911
vn -0.034016 0.094843 0.994911
vn -0.034016 0.094843 0.994911
vn -0.034016 0.094843 0.994911
vn -0.034016 0.094843 0.994911
vn -0.034016 0.094843 0.994911
vn -0.034016 0.094843 0.994911
vn -0.034016 0.094843 0.994911
vn -0.034016 0.094843 0.994911
vn -0.090493 -0.002924 0.995893
vn -0.034016 0.094843 0.994911
vn -0.034016 0.094843 0.994911
vn -0.034016 0.094843 0.994911
vn -0.034016 0.094843 0.994911
vn -0.034016 0.094843 0.994911
vn -0.034016 0.094843 0.994911
vn -0.034016 0.094843 0.994911
vn -0.035779 0.063836 0.997319
vn -0.061904 0.005543 0.998067
vn -0.034016 0.094843 0.994911
vn -0.034016 0.094843 0.994911
vn -0.034016 0.094843 0.994911
vn -0.034016 0.094843 0.994911
vn -0.034016 0.094843 0.994911
vn -0.034016 0.094843 0.994911
vn -0.034016 0.094843 0.994911
vn 0.016506 0.070360 0.997385
vn -0.018661 0.073563 0.997116
vn -0.026596 0.082495 0.996237
vn -0.034016 0.094843 0.994911
vn -0.034016 0.094843 0.994911
vn -0.034016 0.094843 0.994911
vn -0.034016 0.094843 0.994911
vn -0.034016 0.094843 0.994911
vn -0.034016 0.094843 0.994911
vn -0.034016 0.094843 0.994911
vn -0.034016 0.094843 0.994911
vn -0.034016 0.094843 0.994911
vn -0.034016 0.094843 0.994911
vn -0.034016 0.094843 0.994911
vn -0.034016 0.094843 0.994911
vn -0.034016 0.094843 0.994911
vn -0.034016 0.094843 0.994911
vn -0.034016 0.094843 0.994911
vn -0.034016 0.094843 0.994911
vn -0.034016 0.094843 0.994911
vn -0.034016 0.094843 0.994911
vn -0.034016 0.094843 0.994911
vn -0.034016 0.094843 0.994911
vn -0.034016 0.094843 0.994911
vn -0.034016 0.094843 0.994911
vn -0.034016 0.094843 0.994911
vn -0.034016 0.094843 0.994911
vn -0.034016 0.094843 0.994911
vn -0.034007 0.123734 0.991733
vn -0.034016 0.094843 0.994911
vn -0.034016 0.094843 0.994911
vn -0.034016 0.094843 0.994911
vn -0.034016 0.094843 0.994911
vn -0.034016 0.094843 0.994911
vn -0.034016 0.094843 0.994911
vn -0.052795 0.094762 0.994099
vn -0.034007 0.123705 0.991736
vn -0.033997 0.133997 0.990398
vn -0.034016 0.094843 0.994911
vn -0.034016 0.094843 0.994911
vn -0.034016 0.094843 0.994911
vn -0.034016 0.094843 0.994911
vn -0.034016 0.094843 0.994911
vn -0.055256 0.094749 0.993967
vn -0.062452 0.094708 0.993544
vn 0.971963 0.234885 0.010840
vn 0.971817 0.235489 0.010778
vn 0.970947 0.239069 0.010407
vn 0.970947 0.239069 0.010407
vn 0.973125 0.229998 0.011346
vn 0.973125 0.229998 0.011346
vn 0.463052 0.883687 -0.068409
vn 0.463052 0.883687 -0.068409
vn -0.244815 0.964368 -0.100302
vn -0.244815 0.964368 -0.100302
vn 0.932467 0.361247 -0.002556
vn 0.932467 0.361247 -0.002556
vn 0.999074 -0.023008 0.036352
vn 0.999074 -0.023008 0.036352
vn 0.060447 0.993860 -0.092676
vn 0.060393 0.993863 -0.092678
vn 0.060947 0.993831 -0.092656
vn 0.060947 0.993831 -0.092656
vn 0.033997 -0.133997 -0.990398
vn 0.034007 -0.123705 -0.991736
vn 0.034007 -0.123734 -0.991732
vn 0.034016 -0.094843 -0.994911
vn 0.034016 -0.094843 -0.994911
vn 0.034016 -0.094843 -0.994911
vn 0.034016 -0.094843 -0.994911
vn 0.034016 -0.094843 -0.994911
vn 0.034016 -0.094843 -0.994911
vn 0.034016 -0.094843 -0.994911
vn 0.034016 -0.094843 -0.994911
vn 0.034016 -0.094843 -0.994911
vn 0.034016 -0.094843 -0.994911
vn 0.034016 -0.094843 -0.994911
vn 0.055256 -0.094749 -0.993967
vn 0.034016 -0.094843 -0.994911
vn 0.062452 -0.094708 -0.993544
vn 0.052795 -0.094762 -0.994099
vn 0.034016 -0.094843 -0.994911
vn 0.034016 -0.094843 -0.994911
vn 0.034016 -0.094843 -0.994911
vn 0.034016 -0.094843 -0.994911
vn 0.034016 -0.094843 -0.994911
vn 0.034016 -0.094843 -0.994911
vn 0.034016 -0.094843 -0.994911
vn 0.034016 -0.094843 -0.994911
vn 0.034016 -0.094843 -0.994911
vn 0.026596 -0.082495 -0.996237
vn 0.034016 -0.094843 -0.994911
vn 0.034016 -0.094843 -0.994911
vn 0.034016 -0.094843 -0.994911
vn 0.034016 -0.094843 -0.994911
vn 0.034016 -0.094843 -0.994911
vn 0.034016 -0.094843 -0.994911
vn 0.034016 -0.094843 -0.994911
vn 0.034016 -0.094843 -0.994911
vn 0.018661 -0.073562 -0.997116
vn -0.016506 -0.070360 -0.997385
vn 0.034016 -0.094843 -0.994911
vn 0.034016 -0.094843 -0.994911
vn 0.034016 -0.094843 -0.994911
vn 0.034016 -0.094843 -0.994911
vn 0.034016 -0.094843 -0.994911
vn 0.034016 -0.094843 -0.994911
vn 0.034016 -0.094843 -0.994911
vn 0.061904 -0.005543 -0.998067
vn 0.035779 -0.063836 -0.997319
vn 0.090493 0.002924 -0.995893
vn 0.034016 -0.094843 -0.994911
vn 0.034016 -0.094843 -0.994911
vn 0.034016 -0.094843 -0.994911
vn 0.034016 -0.094843 -0.994911
vn 0.034016 -0.094843 -0.994911
vn 0.034016 -0.094843 -0.994911
vn 0.034016 -0.094843 -0.994911
vn 0.034016 -0.094843 -0.994911
vn 0.034016 -0.094843 -0.994911
vn 0.034016 -0.094843 -0.994911
vn 0.034016 -0.094843 -0.994911
vn 0.034016 -0.094843 -0.994911
vn 0.034016 -0.094843 -0.994911
vn 0.034016 -0.094843 -0.994911
vn 0.034016 -0.094843 -0.994911
vn 0.034016 -0.094843 -0.994911
vn 0.034016 -0.094843 -0.994911
vn 0.034016 -0.094843 -0.994911
vn 0.034016 -0.094843 -0.994911
vn 0.034016 -0.094843 -0.994911
vn 0.034016 -0.094843 -0.994911
vn 0.034016 -0.094843 -0.994911
vn 0.034016 -0.094843 -0.994911
vn 0.034016 -0.094843 -0.994911
vn 0.034016 -0.094843 -0.994911
vn 0.045006 -0.094800 -0.994478
vn 0.034016 -0.094843 -0.994911
vn 0.034016 -0.094843 -0.994911
vn 0.034016 -0.094843 -0.994911
vn 0.034016 -0.094843 -0.994911
vn 0.034016 -0.094843 -0.994911
vn 0.034016 -0.094843 -0.994911
vn 0.034016 -0.094843 -0.994911
vn 0.046262 -0.094794 -0.994421
vn 0.049979 -0.094777 -0.994243
vn 0.034016 -0.094843 -0.994911
vn 0.034016 -0.094843 -0.994911
vn 0.034016 -0.094843 -0.994911
vn 0.034016 -0.094843 -0.994911
vn 0.034016 -0.094843 -0.994911
vn 0.034016 -0.094843 -0.994911
vn 0.034016 -0.094843 -0.994911
vn -0.020286 -0.995347 0.094191
vn -0.066812 -0.993476 0.092422
vn -0.020286 -0.995347 0.094191
vn -0.069882 -0.993276 0.092298
vn -0.227407 -0.970109 0.084704
vn -0.227407 -0.970109 0.084704
vn -0.988015 -0.153164 -0.019180
vn -0.988015 -0.153164 -0.019180
vn -0.973125 -0.229998 -0.011346
vn -0.973125 -0.229998 -0.011346
vn 0.380273 -0.919382 0.100645
vn 0.380273 -0.919382 0.100645
vn -0.706573 -0.706322 0.043175
vn -0.706573 -0.706322 0.043175
vn -0.993250 -0.113667 -0.023124
vn -0.993250 -0.113667 -0.023124
vn -0.997233 -0.069064 -0.027512
vn -0.997233 -0.069064 -0.027512
vn 0.924307 -0.375648 0.067412
vn 0.924307 -0.375648 0.067412
vn 0.936902 -0.343538 0.064782
vn 0.936902 -0.343537 0.064782
vn 0.820816 -0.565284 0.081951
vn 0.820816 -0.565284 0.081951
vn 0.228870 -0.968294 0.100131
vn 0.228870 -0.968294 0.100131
vn -0.137529 -0.986461 0.089335
vn -0.137530 -0.986461 0.089335
vn 0.997083 0.071280 0.027295
vn 0.997083 0.071280 0.027295
vn 0.995645 -0.083236 0.041976
vn 0.995645 -0.083236 0.041976
vn 0.224166 -0.969399 0.100075
vn 0.224166 -0.969399 0.100075
vn 0.397154 -0.912228 0.100540
vn 0.386847 -0.916639 0.100608
vn 0.493098 -0.864294 0.099251
vn 0.493098 -0.864294 0.099251
vn -0.461117 0.881707 -0.099817
vn -0.461116 0.881707 -0.099817
vn -0.407238 0.907780 -0.100461
vn -0.403857 0.909286 -0.100489
vn -0.965027 0.255792 -0.057379
vn -0.965028 0.255792 -0.057379
vn -0.981519 -0.190747 -0.015375
vn -0.987748 -0.154898 -0.019005
vn -0.420644 0.901660 -0.100336
vn -0.173036 0.979894 -0.099328
vn 0.467978 0.881121 -0.067995
vn -0.095377 0.990635 -0.097696
vn 0.464366 0.883006 -0.068299
vn -0.198669 0.974979 -0.099736
vn -0.974036 0.219794 -0.054255
vn -0.974036 0.219794 -0.054255
vn -0.969066 0.240355 -0.056045
vn -0.970391 0.235056 -0.055585
vn -0.960430 0.272245 -0.058790
vn -0.960430 0.272245 -0.058790
s 1
g group1 bomb:pCube1
usemtl bomb:lambert10SG
f 1549/1912/2523 1550/1913/2524 1558/1921/2525
f 1558/1921/2525 1550/1913/2524 1559/1922/2526
f 1550/1913/2524 1551/1914/2527 1559/1922/2526
f 1559/1922/2526 1551/1914/2527 1560/1923/2528
f 1551/1914/2527 1552/1915/2529 1560/1923/2528
f 1560/1923/2528 1552/1915/2529 1561/1924/2530
f 1553/1916/2531 1562/1925/2532 1552/1915/2529
f 1552/1915/2529 1562/1925/2532 1561/1924/2530
f 1553/1916/2531 1554/1917/2533 1562/1925/2532
f 1562/1925/2532 1554/1917/2533 1563/1926/2534
f 1554/1917/2533 1555/1918/2535 1563/1926/2534
f 1563/1926/2534 1555/1918/2535 1564/1927/2536
f 1556/1919/2537 1565/1928/2538 1555/1918/2535
f 1555/1918/2535 1565/1928/2538 1564/1927/2536
f 1557/1920/2539 1566/1929/2540 1556/1919/2537
f 1556/1919/2537 1566/1929/2540 1565/1928/2538
f 1558/1921/2525 1559/1922/2526 1567/1930/2541
f 1567/1930/2541 1559/1922/2526 1568/1931/2542
f 1559/1922/2526 1560/1923/2528 1568/1931/2542
f 1568/1931/2542 1560/1923/2528 1569/1932/2543
f 1560/1923/2528 1561/1924/2530 1569/1932/2543
f 1569/1932/2543 1561/1924/2530 1570/1933/2544
f 1562/1925/2532 1571/1934/2545 1561/1924/2530
f 1561/1924/2530 1571/1934/2545 1570/1933/2544
f 1563/1926/2534 1572/1935/2546 1562/1925/2532
f 1562/1925/2532 1572/1935/2546 1571/1934/2545
f 1563/1926/2534 1564/1927/2536 1572/1935/2546
f 1572/1935/2546 1564/1927/2536 1573/1936/2547
f 1565/1928/2538 1574/1937/2548 1564/1927/2536
f 1564/1927/2536 1574/1937/2548 1573/1936/2547
f 1566/1929/2540 1575/1938/2549 1565/1928/2538
f 1565/1928/2538 1575/1938/2549 1574/1937/2548
f 1568/1931/2542 1577/1940/2550 1567/1930/2541
f 1567/1930/2541 1577/1940/2550 1576/1939/2551
f 1569/1932/2543 1578/1941/2552 1568/1931/2542
f 1568/1931/2542 1578/1941/2552 1577/1940/2550
f 1569/1932/2543 1570/1933/2544 1578/1941/2552
f 1578/1941/2552 1570/1933/2544 1579/1942/2553
f 1571/1934/2545 1580/1943/2554 1570/1933/2544
f 1570/1933/2544 1580/1943/2554 1579/1942/2553
f 1571/1934/2545 1572/1935/2546 1580/1943/2554
f 1580/1943/2554 1572/1935/2546 1581/1944/2555
f 1572/1935/2546 1573/1936/2547 1581/1944/2555
f 1581/1944/2555 1573/1936/2547 1582/1945/2556
f 1573/1936/2547 1574/1937/2548 1582/1945/2556
f 1582/1945/2556 1574/1937/2548 1583/1946/2557
f 1574/1937/2548 1575/1938/2549 1583/1946/2557
f 1583/1946/2557 1575/1938/2549 1584/1947/2558
f 1577/1940/2550 1728/2120/2559 1576/1939/2551
f 1576/1939/2551 1728/2120/2559 1711/2101/2560
f 1577/1940/2550 1578/1941/2552 1728/2120/2559
f 1728/2120/2559 1578/1941/2552 1727/2119/2561
f 1578/1941/2552 1579/1942/2553 1727/2119/2561
f 1727/2119/2561 1579/1942/2553 1726/2118/2562
f 1580/1943/2554 1725/2117/2563 1579/1942/2553
f 1579/1942/2553 1725/2117/2563 1726/2118/2562
f 1580/1943/2554 1581/1944/2555 1725/2117/2563
f 1725/2117/2563 1581/1944/2555 1724/2116/2564
f 1581/1944/2555 1582/1945/2556 1724/2116/2564
f 1724/2116/2564 1582/1945/2556 1723/2115/2565
f 1583/1946/2557 1722/2114/2566 1582/1945/2556
f 1582/1945/2556 1722/2114/2566 1723/2115/2565
f 1583/1946/2557 1584/1947/2558 1722/2114/2566
f 1722/2114/2566 1584/1947/2558 1721/2113/2567
f 1585/1948/2568 1586/1949/2569 1594/1957/2570
f 1594/1957/2570 1586/1949/2569 1595/1958/2571
f 1586/1949/2569 1587/1950/2572 1595/1958/2571
f 1595/1958/2571 1587/1950/2572 1596/1959/2573
f 1587/1950/2572 1588/1951/2574 1596/1959/2573
f 1596/1959/2573 1588/1951/2574 1597/1960/2575
f 1588/1951/2574 1589/1952/2576 1597/1960/2575
f 1597/1960/2575 1589/1952/2576 1598/1961/2577
f 1590/1953/2578 1599/1962/2579 1589/1952/2576
f 1589/1952/2576 1599/1962/2579 1598/1961/2577
f 1591/1954/2580 1600/1963/2581 1590/1953/2578
f 1590/1953/2578 1600/1963/2581 1599/1962/2579
f 1592/1955/2582 1601/1964/2583 1591/1954/2580
f 1591/1954/2580 1601/1964/2583 1600/1963/2581
f 1593/1956/2584 1602/1965/2585 1592/1955/2582
f 1592/1955/2582 1602/1965/2585 1601/1964/2583
f 1595/1958/2571 1604/1967/2586 1594/1957/2570
f 1594/1957/2570 1604/1967/2586 1603/1966/2587
f 1596/1959/2573 1605/1968/2588 1595/1958/2571
f 1595/1958/2571 1605/1968/2588 1604/1967/2586
f 1597/1960/2575 1606/1969/2589 1596/1959/2573
f 1596/1959/2573 1606/1969/2589 1605/1968/2588
f 1597/1960/2575 1598/1961/2577 1606/1969/2589
f 1606/1969/2589 1598/1961/2577 1607/1970/2590
f 1598/1961/2577 1599/1962/2579 1607/1970/2590
f 1607/1970/2590 1599/1962/2579 1608/1971/2591
f 1600/1963/2581 1609/1972/2592 1599/1962/2579
f 1599/1962/2579 1609/1972/2592 1608/1971/2591
f 1600/1963/2581 1601/1964/2583 1609/1972/2592
f 1609/1972/2592 1601/1964/2583 1610/1973/2593
f 1601/1964/2583 1602/1965/2585 1610/1973/2593
f 1610/1973/2593 1602/1965/2585 1611/1974/2594
f 1604/1967/2586 1613/1976/2595 1603/1966/2587
f 1603/1966/2587 1613/1976/2595 1612/1975/2596
f 1605/1968/2588 1614/1977/2597 1604/1967/2586
f 1604/1967/2586 1614/1977/2597 1613/1976/2595
f 1606/1969/2589 1615/1978/2598 1605/1968/2588
f 1605/1968/2588 1615/1978/2598 1614/1977/2597
f 1606/1969/2589 1607/1970/2590 1615/1978/2598
f 1615/1978/2598 1607/1970/2590 1616/1979/2599
f 1607/1970/2590 1608/1971/2591 1616/1979/2599
f 1616/1979/2599 1608/1971/2591 1617/1980/2600
f 1609/1972/2592 1618/1981/2601 1608/1971/2591
f 1608/1971/2591 1618/1981/2601 1617/1980/2600
f 1609/1972/2592 1610/1973/2593 1618/1981/2601
f 1618/1981/2601 1610/1973/2593 1619/1982/2602
f 1610/1973/2593 1611/1974/2594 1619/1982/2602
f 1619/1982/2602 1611/1974/2594 1620/1983/2603
f 1613/1976/2595 1622/1985/2604 1612/1975/2596
f 1612/1975/2596 1622/1985/2604 1621/1984/2605
f 1614/1977/2597 1623/1986/2606 1613/1976/2595
f 1613/1976/2595 1623/1986/2606 1622/1985/2604
f 1615/1978/2598 1624/1987/2607 1614/1977/2597
f 1614/1977/2597 1624/1987/2607 1623/1986/2606
f 1615/1978/2598 1616/1979/2599 1624/1987/2607
f 1624/1987/2607 1616/1979/2599 1625/1988/2608
f 1616/1979/2599 1617/1980/2600 1625/1988/2608
f 1625/1988/2608 1617/1980/2600 1626/1989/2609
f 1618/1981/2601 1627/1990/2610 1617/1980/2600
f 1617/1980/2600 1627/1990/2610 1626/1989/2609
f 1618/1981/2601 1619/1982/2602 1627/1990/2610
f 1627/1990/2610 1619/1982/2602 1628/1991/2611
f 1619/1982/2602 1620/1983/2603 1628/1991/2611
f 1628/1991/2611 1620/1983/2603 1629/1992/2612
s 8
f 1622/1985/2613 1631/1994/2614 1621/1984/2615
f 1621/1984/2615 1631/1994/2614 1630/1993/2616
f 1622/1985/2613 1623/1986/2617 1631/1994/2614
f 1631/1994/2614 1623/1986/2617 1632/1995/2618
f 1623/1986/2617 1624/1987/2619 1632/1995/2618
f 1632/1995/2618 1624/1987/2619 1633/1996/2620
f 1624/1987/2619 1625/1988/2621 1633/1996/2620
f 1633/1996/2620 1625/1988/2621 1634/1997/2622
f 1625/1988/2621 1626/1989/2623 1634/1997/2622
f 1634/1997/2622 1626/1989/2623 1635/1998/2624
f 1626/1989/2623 1627/1990/2625 1635/1998/2624
f 1635/1998/2624 1627/1990/2625 1636/1999/2626
f 1627/1990/2625 1628/1991/2627 1636/1999/2626
f 1636/1999/2626 1628/1991/2627 1637/2000/2628
f 1629/1992/2629 1638/2001/2630 1628/1991/2627
f 1628/1991/2627 1638/2001/2630 1637/2000/2628
s 9
f 1630/1993/2631 1631/1994/2632 1639/2002/2633
f 1639/2002/2633 1631/1994/2632 1640/2003/2634
f 1631/1994/2632 1632/1995/2635 1640/2003/2634
f 1640/2003/2634 1632/1995/2635 1641/2004/2636
f 1632/1995/2635 1633/1996/2637 1641/2004/2636
f 1641/2004/2636 1633/1996/2637 1642/2005/2638
f 1634/1997/2639 1643/2006/2640 1633/1996/2637
f 1633/1996/2637 1643/2006/2640 1642/2005/2638
f 1635/1998/2641 1644/2007/2642 1634/1997/2639
f 1634/1997/2639 1644/2007/2642 1643/2006/2640
f 1635/1998/2641 1636/1999/2643 1644/2007/2642
f 1644/2007/2642 1636/1999/2643 1645/2008/2644
f 1637/2000/2645 1646/2009/2646 1636/1999/2643
f 1636/1999/2643 1646/2009/2646 1645/2008/2644
f 1638/2001/2647 1647/2010/2648 1637/2000/2645
f 1637/2000/2645 1647/2010/2648 1646/2009/2646
f 1639/2002/2633 1640/2003/2634 1648/2011/2649
f 1648/2011/2649 1640/2003/2634 1649/2012/2650
f 1640/2003/2634 1641/2004/2636 1649/2012/2650
f 1649/2012/2650 1641/2004/2636 1650/2013/2651
f 1641/2004/2636 1642/2005/2638 1650/2013/2651
f 1650/2013/2651 1642/2005/2638 1651/2014/2652
f 1643/2006/2640 1652/2015/2653 1642/2005/2638
f 1642/2005/2638 1652/2015/2653 1651/2014/2652
f 1644/2007/2642 1653/2016/2654 1643/2006/2640
f 1643/2006/2640 1653/2016/2654 1652/2015/2653
f 1644/2007/2642 1645/2008/2644 1653/2016/2654
f 1653/2016/2654 1645/2008/2644 1654/2017/2655
f 1646/2009/2646 1655/2018/2656 1645/2008/2644
f 1645/2008/2644 1655/2018/2656 1654/2017/2655
f 1647/2010/2648 1656/2019/2657 1646/2009/2646
f 1646/2009/2646 1656/2019/2657 1655/2018/2656
f 1648/2011/2649 1649/2012/2650 1657/2020/2658
f 1657/2020/2658 1649/2012/2650 1658/2021/2659
f 1649/2012/2650 1650/2013/2651 1658/2021/2659
f 1658/2021/2659 1650/2013/2651 1659/2022/2660
f 1650/2013/2651 1651/2014/2652 1659/2022/2660
f 1659/2022/2660 1651/2014/2652 1660/2023/2661
f 1652/2015/2653 1661/2024/2662 1651/2014/2652
f 1651/2014/2652 1661/2024/2662 1660/2023/2661
f 1653/2016/2654 1662/2025/2663 1652/2015/2653
f 1652/2015/2653 1662/2025/2663 1661/2024/2662
f 1653/2016/2654 1654/2017/2655 1662/2025/2663
f 1662/2025/2663 1654/2017/2655 1663/2026/2664
f 1655/2018/2656 1664/2027/2665 1654/2017/2655
f 1654/2017/2655 1664/2027/2665 1663/2026/2664
f 1656/2019/2657 1665/2028/2666 1655/2018/2656
f 1655/2018/2656 1665/2028/2666 1664/2027/2665
f 1658/2021/2659 1667/2030/2667 1657/2020/2658
f 1657/2020/2658 1667/2030/2667 1666/2029/2668
f 1659/2022/2660 1668/2031/2669 1658/2021/2659
f 1658/2021/2659 1668/2031/2669 1667/2030/2667
f 1660/2023/2661 1669/2032/2670 1659/2022/2660
f 1659/2022/2660 1669/2032/2670 1668/2031/2669
f 1661/2024/2662 1670/2033/2671 1660/2023/2661
f 1660/2023/2661 1670/2033/2671 1669/2032/2670
f 1661/2024/2662 1662/2025/2663 1670/2033/2671
f 1670/2033/2671 1662/2025/2663 1671/2034/2672
f 1662/2025/2663 1663/2026/2664 1671/2034/2672
f 1671/2034/2672 1663/2026/2664 1672/2035/2673
f 1663/2026/2664 1664/2027/2665 1672/2035/2673
f 1672/2035/2673 1664/2027/2665 1673/2036/2674
f 1664/2027/2665 1665/2028/2666 1673/2036/2674
f 1673/2036/2674 1665/2028/2666 1674/2037/2675
f 1712/2103/2676 1713/2104/2677 1675/2038/2678
f 1675/2038/2678 1713/2104/2677 1676/2039/2679
f 1713/2104/2677 1714/2105/2680 1676/2039/2679
f 1676/2039/2679 1714/2105/2680 1677/2040/2681
f 1715/2106/2682 1678/2041/2683 1714/2105/2680
f 1714/2105/2680 1678/2041/2683 1677/2040/2681
f 1715/2106/2682 1716/2107/2684 1678/2041/2683
f 1678/2041/2683 1716/2107/2684 1679/2042/2685
f 1716/2107/2684 1717/2108/2686 1679/2042/2685
f 1679/2042/2685 1717/2108/2686 1680/2043/2687
f 1718/2109/2688 1681/2044/2689 1717/2108/2686
f 1717/2108/2686 1681/2044/2689 1680/2043/2687
f 1718/2109/2688 1719/2110/2690 1681/2044/2689
f 1681/2044/2689 1719/2110/2690 1682/2045/2691
f 1720/2111/2692 1683/2046/2693 1719/2110/2690
f 1719/2110/2690 1683/2046/2693 1682/2045/2691
f 1675/2038/2678 1676/2039/2679 1684/2047/2694
f 1684/2047/2694 1676/2039/2679 1685/2048/2695
f 1676/2039/2679 1677/2040/2681 1685/2048/2695
f 1685/2048/2695 1677/2040/2681 1686/2049/2696
f 1678/2041/2683 1687/2050/2697 1677/2040/2681
f 1677/2040/2681 1687/2050/2697 1686/2049/2696
f 1678/2041/2683 1679/2042/2685 1687/2050/2697
f 1687/2050/2697 1679/2042/2685 1688/2051/2698
f 1680/2043/2687 1689/2052/2699 1679/2042/2685
f 1679/2042/2685 1689/2052/2699 1688/2051/2698
f 1681/2044/2689 1690/2053/2700 1680/2043/2687
f 1680/2043/2687 1690/2053/2700 1689/2052/2699
f 1682/2045/2691 1691/2054/2701 1681/2044/2689
f 1681/2044/2689 1691/2054/2701 1690/2053/2700
f 1683/2046/2693 1692/2055/2702 1682/2045/2691
f 1682/2045/2691 1692/2055/2702 1691/2054/2701
f 1685/2048/2695 1694/2057/2703 1684/2047/2694
f 1684/2047/2694 1694/2057/2703 1693/2056/2704
f 1686/2049/2696 1695/2058/2705 1685/2048/2695
f 1685/2048/2695 1695/2058/2705 1694/2057/2703
f 1687/2050/2697 1696/2059/2706 1686/2049/2696
f 1686/2049/2696 1696/2059/2706 1695/2058/2705
f 1687/2050/2697 1688/2051/2698 1696/2059/2706
f 1696/2059/2706 1688/2051/2698 1697/2060/2707
f 1688/2051/2698 1689/2052/2699 1697/2060/2707
f 1697/2060/2707 1689/2052/2699 1698/2061/2708
f 1690/2053/2700 1699/2062/2709 1689/2052/2699
f 1689/2052/2699 1699/2062/2709 1698/2061/2708
f 1690/2053/2700 1691/2054/2701 1699/2062/2709
f 1699/2062/2709 1691/2054/2701 1700/2063/2710
f 1691/2054/2701 1692/2055/2702 1700/2063/2710
f 1700/2063/2710 1692/2055/2702 1701/2064/2711
f 1694/2057/2703 1703/2066/2712 1693/2056/2704
f 1693/2056/2704 1703/2066/2712 1702/2065/2713
f 1695/2058/2705 1704/2067/2714 1694/2057/2703
f 1694/2057/2703 1704/2067/2714 1703/2066/2712
f 1696/2059/2706 1705/2068/2715 1695/2058/2705
f 1695/2058/2705 1705/2068/2715 1704/2067/2714
f 1696/2059/2706 1697/2060/2707 1705/2068/2715
f 1705/2068/2715 1697/2060/2707 1706/2069/2716
f 1698/2061/2708 1707/2070/2717 1697/2060/2707
f 1697/2060/2707 1707/2070/2717 1706/2069/2716
f 1699/2062/2709 1708/2071/2718 1698/2061/2708
f 1698/2061/2708 1708/2071/2718 1707/2070/2717
f 1699/2062/2709 1700/2063/2710 1708/2071/2718
f 1708/2071/2718 1700/2063/2710 1709/2072/2719
f 1700/2063/2710 1701/2064/2711 1709/2072/2719
f 1709/2072/2719 1701/2064/2711 1710/2073/2720
s 16
f 1702/2065/2721 1703/2066/2722 1549/2074/2723
f 1549/2074/2723 1703/2066/2722 1550/2075/2724
f 1703/2066/2722 1704/2067/2725 1550/2075/2724
f 1550/2075/2724 1704/2067/2725 1551/2076/2726
f 1704/2067/2725 1705/2068/2727 1551/2076/2726
f 1551/2076/2726 1705/2068/2727 1552/2077/2728
f 1705/2068/2727 1706/2069/2729 1552/2077/2728
f 1552/2077/2728 1706/2069/2729 1553/2078/2730
f 1706/2069/2729 1707/2070/2731 1553/2078/2730
f 1553/2078/2730 1707/2070/2731 1554/2079/2732
f 1707/2070/2731 1708/2071/2733 1554/2079/2732
f 1554/2079/2732 1708/2071/2733 1555/2080/2734
f 1708/2071/2733 1709/2072/2735 1555/2080/2734
f 1555/2080/2734 1709/2072/2735 1556/2081/2736
f 1709/2072/2735 1710/2073/2737 1556/2081/2736
f 1556/2081/2736 1710/2073/2737 1557/2082/2738
s 17
f 1557/1920/2739 1710/2083/2740 1566/1929/2741
f 1566/1929/2741 1710/2083/2740 1701/2084/2742
f 1566/1929/2741 1701/2084/2742 1575/1938/2743
f 1575/1938/2743 1701/2084/2742 1692/2085/2744
f 1575/1938/2743 1692/2085/2744 1584/1947/2745
f 1584/1947/2745 1692/2085/2744 1683/2086/2746
f 1584/1947/2745 1683/2086/2746 1721/2113/2747
f 1721/2113/2747 1683/2086/2746 1720/2112/2748
f 1593/1956/2749 1674/2087/2750 1602/1965/2751
f 1602/1965/2751 1674/2087/2750 1665/2088/2752
f 1602/1965/2751 1665/2088/2752 1611/1974/2753
f 1611/1974/2753 1665/2088/2752 1656/2089/2754
f 1611/1974/2753 1656/2089/2754 1620/1983/2755
f 1620/1983/2755 1656/2089/2754 1647/2090/2756
f 1647/2090/2756 1638/2091/2757 1620/1983/2755
f 1620/1983/2755 1638/2091/2757 1629/1992/2758
s 19
f 1702/2092/2759 1549/1912/2760 1693/2093/2761
f 1693/2093/2761 1549/1912/2760 1558/1921/2762
f 1693/2093/2761 1558/1921/2762 1684/2094/2763
f 1684/2094/2763 1558/1921/2762 1567/1930/2764
f 1684/2094/2763 1567/1930/2764 1675/2095/2765
f 1675/2095/2765 1567/1930/2764 1576/1939/2766
f 1675/2095/2765 1576/1939/2766 1712/2102/2767
f 1712/2102/2767 1576/1939/2766 1711/2101/2768
f 1585/1948/2769 1594/1957/2770 1666/2096/2771
f 1666/2096/2771 1594/1957/2770 1657/2097/2772
f 1657/2097/2772 1594/1957/2770 1648/2098/2773
f 1648/2098/2773 1594/1957/2770 1603/1966/2774
f 1648/2098/2773 1603/1966/2774 1639/2099/2775
f 1639/2099/2775 1603/1966/2774 1612/1975/2776
f 1612/1975/2776 1621/1984/2777 1639/2099/2775
f 1639/2099/2775 1621/1984/2777 1630/2100/2778
f 1711/2101/2768 1585/1948/2769 1712/2102/2767
f 1712/2102/2767 1585/1948/2769 1666/2096/2771
s 9
f 1667/2030/2667 1713/2104/2677 1666/2029/2668
f 1666/2029/2668 1713/2104/2677 1712/2103/2676
f 1667/2030/2667 1668/2031/2669 1713/2104/2677
f 1713/2104/2677 1668/2031/2669 1714/2105/2680
f 1669/2032/2670 1715/2106/2682 1668/2031/2669
f 1668/2031/2669 1715/2106/2682 1714/2105/2680
f 1669/2032/2670 1670/2033/2671 1715/2106/2682
f 1715/2106/2682 1670/2033/2671 1716/2107/2684
f 1670/2033/2671 1671/2034/2672 1716/2107/2684
f 1716/2107/2684 1671/2034/2672 1717/2108/2686
f 1672/2035/2673 1718/2109/2688 1671/2034/2672
f 1671/2034/2672 1718/2109/2688 1717/2108/2686
f 1672/2035/2673 1673/2036/2674 1718/2109/2688
f 1718/2109/2688 1673/2036/2674 1719/2110/2690
f 1674/2037/2675 1720/2111/2692 1673/2036/2674
f 1673/2036/2674 1720/2111/2692 1719/2110/2690
s 17
f 1721/2113/2747 1720/2112/2748 1593/1956/2749
f 1593/1956/2749 1720/2112/2748 1674/2087/2750
s 1
f 1722/2114/2566 1721/2113/2567 1592/1955/2582
f 1592/1955/2582 1721/2113/2567 1593/1956/2584
f 1722/2114/2566 1592/1955/2582 1723/2115/2565
f 1723/2115/2565 1592/1955/2582 1591/1954/2580
f 1724/2116/2564 1723/2115/2565 1590/1953/2578
f 1590/1953/2578 1723/2115/2565 1591/1954/2580
f 1725/2117/2563 1724/2116/2564 1589/1952/2576
f 1589/1952/2576 1724/2116/2564 1590/1953/2578
f 1725/2117/2563 1589/1952/2576 1726/2118/2562
f 1726/2118/2562 1589/1952/2576 1588/1951/2574
f 1727/2119/2561 1726/2118/2562 1587/1950/2572
f 1587/1950/2572 1726/2118/2562 1588/1951/2574
f 1728/2120/2559 1727/2119/2561 1586/1949/2569
f 1586/1949/2569 1727/2119/2561 1587/1950/2572
f 1711/2101/2560 1728/2120/2559 1585/1948/2568
f 1585/1948/2568 1728/2120/2559 1586/1949/2569
g default
v -0.031447 0.288791 0.413559
v -0.040604 0.284698 0.408574
v -0.051755 0.284906 0.409608
v -0.059682 0.289316 0.416178
v -0.060676 0.295866 0.425210
v -0.054272 0.301490 0.432477
v -0.043466 0.303557 0.434579
v -0.033315 0.301100 0.430533
v -0.028568 0.295268 0.422231
v -0.020182 0.295194 0.398676
v -0.037392 0.287502 0.389307
v -0.058349 0.287892 0.391251
v -0.073247 0.296181 0.403599
v -0.075115 0.308491 0.420573
v -0.063079 0.319061 0.434231
v -0.042771 0.322946 0.438181
v -0.023693 0.318328 0.430577
v -0.014772 0.307368 0.414975
v -0.012244 0.308544 0.381348
v -0.035431 0.298182 0.368725
v -0.063666 0.298707 0.371344
v -0.083738 0.309875 0.387980
v -0.086255 0.326460 0.410849
v -0.070039 0.340701 0.429250
v -0.042678 0.345935 0.434573
v -0.016974 0.339713 0.424327
v -0.004955 0.324946 0.403307
v -0.008590 0.327232 0.363664
v -0.034957 0.315448 0.349310
v -0.067065 0.316046 0.352288
v -0.089890 0.328746 0.371206
v -0.092752 0.347605 0.397212
v -0.074312 0.363800 0.418136
v -0.043198 0.369752 0.424189
v -0.013968 0.362676 0.412539
v -0.000301 0.345884 0.388635
v -0.009660 0.349004 0.347758
v -0.036027 0.337220 0.333403
v -0.068135 0.337817 0.336382
v -0.090960 0.350517 0.355300
v -0.093822 0.369376 0.381305
v -0.075382 0.385571 0.402230
v -0.044268 0.391523 0.408283
v -0.015039 0.384448 0.396632
v -0.001371 0.367655 0.372729
v -0.015326 0.371232 0.335547
v -0.038513 0.360870 0.322924
v -0.066748 0.361395 0.325543
v -0.086820 0.372563 0.342179
v -0.089337 0.389148 0.365048
v -0.073121 0.403389 0.383449
v -0.045760 0.408623 0.388772
v -0.020056 0.402401 0.378526
v -0.008037 0.387634 0.357506
v -0.024904 0.391237 0.328505
v -0.042114 0.383546 0.319136
v -0.063071 0.383936 0.321080
v -0.077969 0.392225 0.333428
v -0.079837 0.404534 0.350402
v -0.067801 0.415105 0.364059
v -0.038125 0.438034 0.361837
v -0.028415 0.414372 0.360406
v -0.019494 0.403411 0.344804
v -0.037239 0.406605 0.327481
v -0.046396 0.402513 0.322496
v -0.057547 0.402720 0.323531
v -0.065474 0.407131 0.330101
v -0.066468 0.413681 0.339132
v -0.060064 0.419305 0.346399
v -0.049258 0.421372 0.348502
v -0.039107 0.418915 0.344455
v -0.034360 0.413083 0.336154
v -0.044679 0.290107 0.424201
v -0.040906 0.459129 0.316955
vt 0.000000 0.111111
vt 0.111111 0.111111
vt 0.222222 0.111111
vt 0.333333 0.111111
vt 0.444444 0.111111
vt 0.555556 0.111111
vt 0.666667 0.111111
vt 0.777778 0.111111
vt 0.888889 0.111111
vt 1.000000 0.111111
vt 0.000000 0.222222
vt 0.111111 0.222222
vt 0.222222 0.222222
vt 0.333333 0.222222
vt 0.444444 0.222222
vt 0.555556 0.222222
vt 0.666667 0.222222
vt 0.777778 0.222222
vt 0.888889 0.222222
vt 1.000000 0.222222
vt 0.000000 0.333333
vt 0.111111 0.333333
vt 0.222222 0.333333
vt 0.333333 0.333333
vt 0.444444 0.333333
vt 0.555556 0.333333
vt 0.666667 0.333333
vt 0.777778 0.333333
vt 0.888889 0.333333
vt 1.000000 0.333333
vt 0.000000 0.444444
vt 0.111111 0.444444
vt 0.222222 0.444444
vt 0.333333 0.444444
vt 0.444444 0.444444
vt 0.555556 0.444444
vt 0.666667 0.444444
vt 0.777778 0.444444
vt 0.888889 0.444444
vt 1.000000 0.444444
vt 0.000000 0.555556
vt 0.111111 0.555556
vt 0.222222 0.555556
vt 0.333333 0.555556
vt 0.444444 0.555556
vt 0.555556 0.555556
vt 0.666667 0.555556
vt 0.777778 0.555556
vt 0.888889 0.555556
vt 1.000000 0.555556
vt 0.000000 0.666667
vt 0.111111 0.666667
vt 0.222222 0.666667
vt 0.333333 0.666667
vt 0.444444 0.666667
vt 0.555556 0.666667
vt 0.666667 0.666667
vt 0.777778 0.666667
vt 0.888889 0.666667
vt 1.000000 0.666667
vt 0.000000 0.777778
vt 0.111111 0.777778
vt 0.222222 0.777778
vt 0.333333 0.777778
vt 0.444444 0.777778
vt 0.555556 0.777778
vt 0.666667 0.777778
vt 0.777778 0.777778
vt 0.888889 0.777778
vt 1.000000 0.777778
vt 0.000000 0.888889
vt 0.111111 0.888889
vt 0.222222 0.888889
vt 0.333333 0.888889
vt 0.444444 0.888889
vt 0.555556 0.888889
vt 0.666667 0.888889
vt 0.777778 0.888889
vt 0.888889 0.888889
vt 1.000000 0.888889
vt 0.055556 0.000000
vt 0.166667 0.000000
vt 0.277778 0.000000
vt 0.388889 0.000000
vt 0.500000 0.000000
vt 0.611111 0.000000
vt 0.722222 0.000000
vt 0.833333 0.000000
vt 0.944444 0.000000
vt 0.055556 1.000000
vt 0.166667 1.000000
vt 0.277778 1.000000
vt 0.388889 1.000000
vt 0.500000 1.000000
vt 0.611111 1.000000
vt 0.722222 1.000000
vt 0.833333 1.000000
vt 0.944444 1.000000
vn 0.433723 -0.899141 -0.058560
vn 0.433722 -0.899142 -0.058560
vn 0.433722 -0.899142 -0.058560
vn 0.433722 -0.899142 -0.058560
vn -0.032238 -0.988280 -0.149210
vn -0.032238 -0.988280 -0.149209
vn -0.032238 -0.988280 -0.149209
vn -0.032238 -0.988280 -0.149209
vn -0.469971 -0.882320 0.025273
vn -0.469971 -0.882320 0.025273
vn -0.469971 -0.882320 0.025273
vn -0.469971 -0.882320 0.025273
vn -0.674657 -0.630842 0.383246
vn -0.674657 -0.630841 0.383246
vn -0.674657 -0.630841 0.383246
vn -0.674657 -0.630841 0.383246
vn -0.550520 -0.351514 0.757209
vn -0.550520 -0.351514 0.757209
vn -0.550520 -0.351514 0.757209
vn -0.550520 -0.351514 0.757209
vn -0.155647 -0.175038 0.972181
vn -0.155647 -0.175038 0.972181
vn -0.155647 -0.175039 0.972181
vn -0.155647 -0.175039 0.972181
vn 0.325199 -0.183989 0.927574
vn 0.325199 -0.183989 0.927574
vn 0.325199 -0.183989 0.927574
vn 0.325199 -0.183988 0.927574
vn 0.667023 -0.374178 0.644261
vn 0.667023 -0.374178 0.644261
vn 0.667023 -0.374178 0.644261
vn 0.667023 -0.374178 0.644261
vn 0.709882 -0.656613 0.254806
vn 0.709882 -0.656614 0.254806
vn 0.709882 -0.656613 0.254806
vn 0.709882 -0.656614 0.254806
vn 0.534057 -0.770175 -0.348731
vn 0.534057 -0.770175 -0.348732
vn 0.534057 -0.770175 -0.348731
vn 0.534057 -0.770175 -0.348732
vn -0.059513 -0.883725 -0.464207
vn -0.059513 -0.883725 -0.464207
vn -0.059513 -0.883725 -0.464207
vn -0.059513 -0.883725 -0.464207
vn -0.617125 -0.748747 -0.241940
vn -0.617125 -0.748747 -0.241940
vn -0.617125 -0.748747 -0.241940
vn -0.617125 -0.748747 -0.241940
vn -0.877867 -0.428398 0.214068
vn -0.877867 -0.428398 0.214068
vn -0.877867 -0.428398 0.214068
vn -0.877867 -0.428398 0.214069
vn -0.719734 -0.072573 0.690446
vn -0.719734 -0.072573 0.690446
vn -0.719734 -0.072573 0.690446
vn -0.719734 -0.072573 0.690446
vn -0.216719 0.152234 0.964291
vn -0.216719 0.152234 0.964291
vn -0.216719 0.152234 0.964291
vn -0.216719 0.152234 0.964291
vn 0.395812 0.140832 0.907469
vn 0.395812 0.140832 0.907469
vn 0.395812 0.140832 0.907469
vn 0.395812 0.140832 0.907469
vn 0.831249 -0.101443 0.546566
vn 0.831249 -0.101443 0.546566
vn 0.831249 -0.101443 0.546566
vn 0.831249 -0.101443 0.546566
vn 0.885846 -0.461228 0.050454
vn 0.885846 -0.461228 0.050454
vn 0.885846 -0.461228 0.050454
vn 0.885846 -0.461228 0.050454
vn 0.570313 -0.620671 -0.538062
vn 0.570313 -0.620671 -0.538062
vn 0.570313 -0.620671 -0.538062
vn 0.570313 -0.620671 -0.538062
vn -0.075421 -0.744200 -0.663685
vn -0.075421 -0.744200 -0.663685
vn -0.075421 -0.744200 -0.663685
vn -0.075421 -0.744200 -0.663685
vn -0.682038 -0.597359 -0.421885
vn -0.682038 -0.597359 -0.421885
vn -0.682038 -0.597359 -0.421885
vn -0.682038 -0.597359 -0.421885
vn -0.965694 -0.248857 0.074198
vn -0.965694 -0.248857 0.074199
vn -0.965694 -0.248857 0.074199
vn -0.965694 -0.248857 0.074199
vn -0.793664 0.138239 0.592442
vn -0.793664 0.138239 0.592442
vn -0.793664 0.138239 0.592442
vn -0.793664 0.138239 0.592442
vn -0.246442 0.382802 0.890353
vn -0.246443 0.382802 0.890353
vn -0.246443 0.382802 0.890353
vn -0.246443 0.382802 0.890353
vn 0.419920 0.370398 0.828537
vn 0.419919 0.370398 0.828537
vn 0.419920 0.370398 0.828537
vn 0.419919 0.370398 0.828537
vn 0.893624 0.106831 0.435917
vn 0.893624 0.106831 0.435917
vn 0.893624 0.106831 0.435917
vn 0.893624 0.106831 0.435917
vn 0.953019 -0.284572 -0.103795
vn 0.953019 -0.284572 -0.103795
vn 0.953019 -0.284572 -0.103795
vn 0.953019 -0.284572 -0.103795
vn 0.574481 -0.464273 -0.674108
vn 0.574481 -0.464273 -0.674108
vn 0.574481 -0.464273 -0.674108
vn 0.574481 -0.464273 -0.674108
vn -0.085437 -0.590515 -0.802491
vn -0.085437 -0.590515 -0.802491
vn -0.085437 -0.590515 -0.802491
vn -0.085437 -0.590515 -0.802491
vn -0.705378 -0.440449 -0.555379
vn -0.705378 -0.440449 -0.555379
vn -0.705378 -0.440449 -0.555379
vn -0.705378 -0.440449 -0.555379
vn -0.995265 -0.084292 -0.048400
vn -0.995265 -0.084292 -0.048400
vn -0.995265 -0.084292 -0.048400
vn -0.995265 -0.084292 -0.048400
vn -0.819456 0.311306 0.481227
vn -0.819456 0.311306 0.481227
vn -0.819456 0.311306 0.481227
vn -0.819456 0.311306 0.481227
vn -0.260215 0.561241 0.785682
vn -0.260215 0.561241 0.785682
vn -0.260215 0.561241 0.785682
vn -0.260215 0.561241 0.785682
vn 0.420784 0.548565 0.722508
vn 0.420784 0.548565 0.722508
vn 0.420784 0.548565 0.722508
vn 0.420784 0.548565 0.722508
vn 0.904893 0.279209 0.321264
vn 0.904893 0.279209 0.321264
vn 0.904893 0.279209 0.321264
vn 0.904893 0.279209 0.321264
vn 0.965593 -0.120792 -0.230303
vn 0.965593 -0.120792 -0.230303
vn 0.965593 -0.120792 -0.230303
vn 0.965593 -0.120792 -0.230303
vn 0.553954 -0.287917 -0.781177
vn 0.553954 -0.287917 -0.781177
vn 0.553954 -0.287918 -0.781177
vn 0.553954 -0.287918 -0.781177
vn -0.091780 -0.411447 -0.906801
vn -0.091780 -0.411447 -0.906801
vn -0.091780 -0.411447 -0.906801
vn -0.091780 -0.411447 -0.906801
vn -0.698397 -0.264606 -0.665000
vn -0.698397 -0.264606 -0.665000
vn -0.698397 -0.264606 -0.665000
vn -0.698397 -0.264606 -0.665000
vn -0.982053 0.083896 -0.168917
vn -0.982053 0.083896 -0.168917
vn -0.982053 0.083896 -0.168917
vn -0.982053 0.083896 -0.168917
vn -0.810023 0.470992 0.349326
vn -0.810023 0.470992 0.349326
vn -0.810023 0.470992 0.349326
vn -0.810023 0.470992 0.349326
vn -0.262802 0.715555 0.647237
vn -0.262802 0.715555 0.647237
vn -0.262802 0.715555 0.647237
vn -0.262802 0.715555 0.647237
vn 0.403560 0.703151 0.585421
vn 0.403560 0.703151 0.585421
vn 0.403560 0.703151 0.585421
vn 0.403560 0.703151 0.585421
vn 0.877265 0.439585 0.192801
vn 0.877265 0.439584 0.192801
vn 0.877265 0.439585 0.192801
vn 0.877265 0.439584 0.192801
vn 0.936660 0.048181 -0.346911
vn 0.936660 0.048181 -0.346910
vn 0.936660 0.048181 -0.346911
vn 0.936660 0.048181 -0.346910
vn 0.499389 -0.065014 -0.863935
vn 0.499389 -0.065014 -0.863935
vn 0.499389 -0.065014 -0.863935
vn 0.499389 -0.065015 -0.863935
vn -0.094181 -0.178565 -0.979410
vn -0.094181 -0.178565 -0.979410
vn -0.094181 -0.178565 -0.979410
vn -0.094181 -0.178565 -0.979410
vn -0.651793 -0.043586 -0.757143
vn -0.651793 -0.043586 -0.757143
vn -0.651793 -0.043586 -0.757143
vn -0.651793 -0.043586 -0.757143
vn -0.912535 0.276763 -0.301135
vn -0.912535 0.276763 -0.301135
vn -0.912535 0.276763 -0.301135
vn -0.912535 0.276763 -0.301135
vn -0.754402 0.632588 0.175242
vn -0.754402 0.632588 0.175243
vn -0.754402 0.632588 0.175243
vn -0.754402 0.632588 0.175243
vn -0.251387 0.857394 0.449088
vn -0.428032 0.704210 0.566461
vn -0.375368 0.757893 0.533570
vn -0.466080 0.660296 0.588879
vn 0.420666 0.550916 0.720785
vn 0.610695 0.568070 0.551677
vn 0.560673 0.566969 0.603483
vn 0.908698 0.382946 -0.166195
vn 0.796581 0.603718 0.031362
vn 0.796581 0.603718 0.031362
vn 0.796581 0.603718 0.031362
vn 0.796581 0.603717 0.031362
vn 0.851178 0.243933 -0.464750
vn 0.851178 0.243933 -0.464750
vn 0.851178 0.243933 -0.464750
vn 0.851178 0.243933 -0.464750
vn 0.377546 0.243506 -0.893400
vn 0.377546 0.243506 -0.893400
vn 0.377546 0.243506 -0.893400
vn 0.377546 0.243506 -0.893400
vn -0.088414 0.154368 -0.984049
vn -0.088414 0.154368 -0.984049
vn -0.088414 0.154368 -0.984050
vn -0.088414 0.154368 -0.984050
vn -0.526147 0.260328 -0.809567
vn -0.526147 0.260328 -0.809567
vn -0.526147 0.260328 -0.809567
vn -0.526147 0.260327 -0.809567
vn -0.730833 0.511806 -0.451594
vn -0.730833 0.511806 -0.451594
vn -0.730833 0.511806 -0.451594
vn -0.730833 0.511806 -0.451594
vn -0.606697 0.791134 -0.077631
vn -0.606697 0.791134 -0.077631
vn -0.606697 0.791134 -0.077631
vn -0.606696 0.791134 -0.077631
vn -0.613199 0.785684 -0.081776
vn -0.557388 0.808505 -0.188781
vn -0.570690 0.804431 -0.164934
vn 0.037648 0.608950 -0.792315
vn 0.544442 0.271412 -0.793674
vn 0.552244 0.407421 -0.727348
vn 0.549300 0.510416 -0.661623
vn 0.269022 0.958659 0.092735
vn 0.610846 0.768470 -0.190579
vn 0.610846 0.768470 -0.190579
vn 0.610846 0.768470 -0.190579
vn 0.610847 0.768470 -0.190580
vn 0.653706 0.486035 -0.580034
vn 0.653706 0.486035 -0.580034
vn 0.653706 0.486035 -0.580034
vn 0.653706 0.486034 -0.580034
vn 0.205303 -0.907070 0.367524
vn 0.205303 -0.907070 0.367524
vn 0.205303 -0.907070 0.367524
vn 0.013056 -0.943847 0.330124
vn 0.013056 -0.943847 0.330124
vn 0.013056 -0.943847 0.330124
vn -0.167546 -0.900130 0.402111
vn -0.167546 -0.900130 0.402111
vn -0.167546 -0.900130 0.402111
vn -0.251996 -0.796374 0.549805
vn -0.251996 -0.796374 0.549805
vn -0.251996 -0.796374 0.549805
vn -0.200779 -0.681128 0.704097
vn -0.200779 -0.681128 0.704097
vn -0.200779 -0.681128 0.704096
vn -0.037861 -0.608317 0.792790
vn -0.037861 -0.608317 0.792790
vn -0.037861 -0.608317 0.792790
vn 0.160528 -0.612010 0.774386
vn 0.160528 -0.612010 0.774386
vn 0.160528 -0.612010 0.774386
vn 0.301559 -0.690479 0.657496
vn 0.301559 -0.690479 0.657496
vn 0.301559 -0.690479 0.657496
vn 0.319242 -0.807008 0.496813
vn 0.319242 -0.807008 0.496813
vn 0.319242 -0.807008 0.496813
vn 0.519080 -0.132971 -0.844319
vn 0.519080 -0.132971 -0.844319
vn 0.519080 -0.132971 -0.844319
vn -0.093636 -0.087975 -0.991712
vn -0.093636 -0.087975 -0.991712
vn -0.093636 -0.087975 -0.991712
vn -0.606633 0.086856 -0.790223
vn -0.606633 0.086856 -0.790223
vn -0.606633 0.086856 -0.790223
vn -0.881283 0.331166 -0.337150
vn -0.881283 0.331166 -0.337150
vn -0.881283 0.331166 -0.337150
vn -0.784758 0.565351 0.254032
vn -0.784758 0.565351 0.254032
vn -0.784758 0.565351 0.254032
vn -0.263074 0.652199 0.710935
vn -0.263074 0.652199 0.710935
vn -0.263074 0.652199 0.710935
vn 0.421769 0.524594 0.739535
vn 0.421769 0.524594 0.739535
vn 0.421769 0.524594 0.739535
vn 0.905405 0.266500 0.330485
vn 0.905405 0.266500 0.330485
vn 0.905405 0.266500 0.330485
vn 0.948466 0.002712 -0.316867
vn 0.948466 0.002712 -0.316867
vn 0.948466 0.002712 -0.316867
s 1
g group1 bomb:pSphere7
usemtl bomb:lambert4SG
f 1729/2121/2779 1730/2122/2780 1738/2131/2781
f 1738/2131/2781 1730/2122/2780 1739/2132/2782
s 2
f 1730/2122/2783 1731/2123/2784 1739/2132/2785
f 1739/2132/2785 1731/2123/2784 1740/2133/2786
s 3
f 1731/2123/2787 1732/2124/2788 1740/2133/2789
f 1740/2133/2789 1732/2124/2788 1741/2134/2790
s 4
f 1732/2124/2791 1733/2125/2792 1741/2134/2793
f 1741/2134/2793 1733/2125/2792 1742/2135/2794
s 5
f 1733/2125/2795 1734/2126/2796 1742/2135/2797
f 1742/2135/2797 1734/2126/2796 1743/2136/2798
s 6
f 1734/2126/2799 1735/2127/2800 1743/2136/2801
f 1743/2136/2801 1735/2127/2800 1744/2137/2802
s 7
f 1735/2127/2803 1736/2128/2804 1744/2137/2805
f 1744/2137/2805 1736/2128/2804 1745/2138/2806
s 8
f 1736/2128/2807 1737/2129/2808 1745/2138/2809
f 1745/2138/2809 1737/2129/2808 1746/2139/2810
s 9
f 1737/2129/2811 1729/2130/2812 1746/2139/2813
f 1746/2139/2813 1729/2130/2812 1738/2140/2814
s 10
f 1738/2131/2815 1739/2132/2816 1747/2141/2817
f 1747/2141/2817 1739/2132/2816 1748/2142/2818
s 11
f 1739/2132/2819 1740/2133/2820 1748/2142/2821
f 1748/2142/2821 1740/2133/2820 1749/2143/2822
s 12
f 1740/2133/2823 1741/2134/2824 1749/2143/2825
f 1749/2143/2825 1741/2134/2824 1750/2144/2826
s 13
f 1741/2134/2827 1742/2135/2828 1750/2144/2829
f 1750/2144/2829 1742/2135/2828 1751/2145/2830
s 14
f 1742/2135/2831 1743/2136/2832 1751/2145/2833
f 1751/2145/2833 1743/2136/2832 1752/2146/2834
s 15
f 1743/2136/2835 1744/2137/2836 1752/2146/2837
f 1752/2146/2837 1744/2137/2836 1753/2147/2838
s 16
f 1744/2137/2839 1745/2138/2840 1753/2147/2841
f 1753/2147/2841 1745/2138/2840 1754/2148/2842
s 17
f 1745/2138/2843 1746/2139/2844 1754/2148/2845
f 1754/2148/2845 1746/2139/2844 1755/2149/2846
s 18
f 1746/2139/2847 1738/2140/2848 1755/2149/2849
f 1755/2149/2849 1738/2140/2848 1747/2150/2850
s 19
f 1747/2141/2851 1748/2142/2852 1756/2151/2853
f 1756/2151/2853 1748/2142/2852 1757/2152/2854
s 20
f 1748/2142/2855 1749/2143/2856 1757/2152/2857
f 1757/2152/2857 1749/2143/2856 1758/2153/2858
s 21
f 1749/2143/2859 1750/2144/2860 1758/2153/2861
f 1758/2153/2861 1750/2144/2860 1759/2154/2862
s 22
f 1750/2144/2863 1751/2145/2864 1759/2154/2865
f 1759/2154/2865 1751/2145/2864 1760/2155/2866
s 23
f 1751/2145/2867 1752/2146/2868 1760/2155/2869
f 1760/2155/2869 1752/2146/2868 1761/2156/2870
s 24
f 1752/2146/2871 1753/2147/2872 1761/2156/2873
f 1761/2156/2873 1753/2147/2872 1762/2157/2874
s 25
f 1753/2147/2875 1754/2148/2876 1762/2157/2877
f 1762/2157/2877 1754/2148/2876 1763/2158/2878
s 26
f 1754/2148/2879 1755/2149/2880 1763/2158/2881
f 1763/2158/2881 1755/2149/2880 1764/2159/2882
s 27
f 1755/2149/2883 1747/2150/2884 1764/2159/2885
f 1764/2159/2885 1747/2150/2884 1756/2160/2886
s 28
f 1756/2151/2887 1757/2152/2888 1765/2161/2889
f 1765/2161/2889 1757/2152/2888 1766/2162/2890
s 29
f 1757/2152/2891 1758/2153/2892 1766/2162/2893
f 1766/2162/2893 1758/2153/2892 1767/2163/2894
s 30
f 1758/2153/2895 1759/2154/2896 1767/2163/2897
f 1767/2163/2897 1759/2154/2896 1768/2164/2898
s 31
f 1759/2154/2899 1760/2155/2900 1768/2164/2901
f 1768/2164/2901 1760/2155/2900 1769/2165/2902
s 32
f 1760/2155/2903 1761/2156/2904 1769/2165/2905
f 1769/2165/2905 1761/2156/2904 1770/2166/2906
s 33
f 1761/2156/2907 1762/2157/2908 1770/2166/2909
f 1770/2166/2909 1762/2157/2908 1771/2167/2910
s 34
f 1762/2157/2911 1763/2158/2912 1771/2167/2913
f 1771/2167/2913 1763/2158/2912 1772/2168/2914
s 35
f 1763/2158/2915 1764/2159/2916 1772/2168/2917
f 1772/2168/2917 1764/2159/2916 1773/2169/2918
s 36
f 1764/2159/2919 1756/2160/2920 1773/2169/2921
f 1773/2169/2921 1756/2160/2920 1765/2170/2922
s 37
f 1765/2161/2923 1766/2162/2924 1774/2171/2925
f 1774/2171/2925 1766/2162/2924 1775/2172/2926
s 38
f 1766/2162/2927 1767/2163/2928 1775/2172/2929
f 1775/2172/2929 1767/2163/2928 1776/2173/2930
s 39
f 1767/2163/2931 1768/2164/2932 1776/2173/2933
f 1776/2173/2933 1768/2164/2932 1777/2174/2934
s 40
f 1768/2164/2935 1769/2165/2936 1777/2174/2937
f 1777/2174/2937 1769/2165/2936 1778/2175/2938
s 41
f 1769/2165/2939 1770/2166/2940 1778/2175/2941
f 1778/2175/2941 1770/2166/2940 1779/2176/2942
s 42
f 1770/2166/2943 1771/2167/2944 1779/2176/2945
f 1779/2176/2945 1771/2167/2944 1780/2177/2946
s 43
f 1771/2167/2947 1772/2168/2948 1780/2177/2949
f 1780/2177/2949 1772/2168/2948 1781/2178/2950
s 44
f 1772/2168/2951 1773/2169/2952 1781/2178/2953
f 1781/2178/2953 1773/2169/2952 1782/2179/2954
s 45
f 1773/2169/2955 1765/2170/2956 1782/2179/2957
f 1782/2179/2957 1765/2170/2956 1774/2180/2958
s 46
f 1774/2171/2959 1775/2172/2960 1783/2181/2961
f 1783/2181/2961 1775/2172/2960 1784/2182/2962
s 47
f 1775/2172/2963 1776/2173/2964 1784/2182/2965
f 1784/2182/2965 1776/2173/2964 1785/2183/2966
s 48
f 1776/2173/2967 1777/2174/2968 1785/2183/2969
f 1785/2183/2969 1777/2174/2968 1786/2184/2970
s 49
f 1777/2174/2971 1778/2175/2972 1786/2184/2973
f 1786/2184/2973 1778/2175/2972 1787/2185/2974
s 50
f 1778/2175/2975 1779/2176/2976 1787/2185/2977
f 1787/2185/2977 1779/2176/2976 1788/2186/2978
s 51
f 1779/2176/2979 1780/2177/2980 1788/2186/2981
f 1788/2186/2981 1780/2177/2980 1789/2187/2982
s 52
f 1780/2177/2983 1781/2178/2984 1789/2187/2985
f 1789/2187/2985 1781/2178/2984 1790/2188/2986
s 53
f 1781/2178/2987 1782/2179/2988 1790/2188/2989
f 1790/2188/2989 1782/2179/2988 1791/2189/2990
s 54
f 1782/2179/2991 1774/2180/2992 1791/2189/2993
f 1791/2189/2993 1774/2180/2992 1783/2190/2994
s 55
f 1783/2181/2995 1784/2182/2996 1792/2191/2997
f 1792/2191/2997 1784/2182/2996 1793/2192/2998
s 56
f 1784/2182/2999 1785/2183/3000 1793/2192/3001
f 1793/2192/3001 1785/2183/3000 1794/2193/3002
s 57
f 1785/2183/3003 1786/2184/3004 1794/2193/3005
f 1794/2193/3005 1786/2184/3004 1795/2194/3006
s 58
f 1786/2184/3007 1787/2185/3008 1795/2194/3009
f 1795/2194/3009 1787/2185/3008 1796/2195/3010
s 59
f 1787/2185/3011 1788/2186/3012 1796/2195/3013
f 1796/2195/3013 1788/2186/3012 1797/2196/3014
s 60
f 1788/2186/3015 1789/2187/3016 1797/2196/3017
f 1797/2196/3017 1789/2187/3016 1798/2197/3018
s 61
f 1789/2187/3019 1790/2188/3020 1798/2197/3021
f 1798/2197/3021 1790/2188/3020 1799/2198/3022
s 62
f 1790/2188/3023 1791/2189/3024 1799/2198/3025
f 1799/2198/3025 1791/2189/3024 1800/2199/3026
s 63
f 1791/2189/3027 1783/2190/3028 1800/2199/3029
f 1800/2199/3029 1783/2190/3028 1792/2200/3030
s off
f 1730/2122/3031 1729/2121/3032 1801/2201/3033
f 1731/2123/3034 1730/2122/3035 1801/2202/3036
f 1732/2124/3037 1731/2123/3038 1801/2203/3039
f 1733/2125/3040 1732/2124/3041 1801/2204/3042
f 1734/2126/3043 1733/2125/3044 1801/2205/3045
f 1735/2127/3046 1734/2126/3047 1801/2206/3048
f 1736/2128/3049 1735/2127/3050 1801/2207/3051
f 1737/2129/3052 1736/2128/3053 1801/2208/3054
f 1729/2130/3055 1737/2129/3056 1801/2209/3057
f 1792/2191/3058 1793/2192/3059 1802/2210/3060
f 1793/2192/3061 1794/2193/3062 1802/2211/3063
f 1794/2193/3064 1795/2194/3065 1802/2212/3066
f 1795/2194/3067 1796/2195/3068 1802/2213/3069
f 1796/2195/3070 1797/2196/3071 1802/2214/3072
f 1797/2196/3073 1798/2197/3074 1802/2215/3075
f 1798/2197/3076 1799/2198/3077 1802/2216/3078
f 1799/2198/3079 1800/2199/3080 1802/2217/3081
f 1800/2199/3082 1792/2200/3083 1802/2218/3084
g default
v 0.023102 0.202160 0.407136
v 0.017681 0.211976 0.403606
v 0.009569 0.218535 0.401247
v 0.000000 0.220838 0.400419
v -0.009569 0.218535 0.401247
v -0.017681 0.211976 0.403606
v -0.023102 0.202160 0.407136
v -0.038448 0.200437 0.408616
v -0.035521 0.186592 0.413595
v -0.027187 0.174854 0.417816
v -0.014713 0.167012 0.420637
v -0.000000 0.164258 0.421627
v 0.014713 0.167011 0.420637
v 0.027187 0.174854 0.417816
v 0.035521 0.186592 0.413595
v 0.038448 0.200437 0.408616
v 0.043942 0.215588 0.411672
v 0.033632 0.234259 0.404957
v 0.018201 0.246735 0.400471
v 0.000000 0.251116 0.398895
v -0.018201 0.246735 0.400471
v -0.033632 0.234259 0.404957
v -0.043942 0.215588 0.411672
v -0.056872 0.203378 0.416795
v -0.067565 0.177043 0.426266
v -0.051712 0.154717 0.434295
v -0.027986 0.139799 0.439660
v -0.000000 0.134561 0.441543
v 0.027986 0.139799 0.439660
v 0.051712 0.154717 0.434295
v 0.067565 0.177043 0.426266
v 0.056872 0.203378 0.416795
v 0.060481 0.228522 0.421606
v 0.038305 0.254221 0.412364
v 0.020730 0.271393 0.406189
v 0.000000 0.277423 0.404020
v -0.020730 0.271393 0.406189
v -0.038305 0.254221 0.412364
v -0.060481 0.228522 0.421606
v -0.078277 0.207959 0.429533
v -0.092996 0.171712 0.442569
v -0.071176 0.140983 0.453620
v -0.038520 0.120450 0.461004
v -0.000000 0.113240 0.463597
v 0.038520 0.120450 0.461004
v 0.071176 0.140983 0.453620
v 0.092996 0.171712 0.442569
v 0.078277 0.207959 0.429533
v 0.071100 0.239697 0.435967
v 0.045030 0.269908 0.425102
v 0.024370 0.290095 0.417842
v 0.000000 0.297183 0.415293
v -0.024370 0.290095 0.417842
v -0.045030 0.269908 0.425102
v -0.071100 0.239697 0.435967
v -0.092020 0.213732 0.445584
v -0.109323 0.171121 0.460909
v -0.083672 0.134996 0.473900
v -0.045283 0.110859 0.482580
v -0.000000 0.102383 0.485629
v 0.045283 0.110859 0.482580
v 0.083672 0.134996 0.473900
v 0.109323 0.171120 0.460909
v 0.092020 0.213732 0.445584
v 0.074759 0.248019 0.453348
v 0.047347 0.279785 0.441924
v 0.025624 0.301010 0.434290
v 0.000000 0.308463 0.431610
v -0.025624 0.301010 0.434290
v -0.047347 0.279785 0.441924
v -0.074759 0.248019 0.453348
v -0.096756 0.220131 0.463377
v -0.114949 0.175327 0.479490
v -0.087978 0.137343 0.493150
v -0.047613 0.111964 0.502277
v -0.000000 0.103052 0.505482
v 0.047613 0.111964 0.502277
v 0.087978 0.137343 0.493150
v 0.114949 0.175326 0.479490
v 0.096756 0.220131 0.463377
v 0.071100 0.252673 0.472048
v 0.045030 0.282884 0.461183
v 0.024370 0.303071 0.453923
v 0.000000 0.310159 0.451374
v -0.024370 0.303071 0.453923
v -0.045030 0.282884 0.461183
v -0.071100 0.252673 0.472048
v -0.092020 0.226530 0.481170
v -0.109323 0.183918 0.496494
v -0.083672 0.147794 0.509486
v -0.045283 0.123657 0.518166
v -0.000000 0.115181 0.521215
v 0.045283 0.123657 0.518166
v 0.083672 0.147794 0.509486
v 0.109323 0.183918 0.496494
v 0.092020 0.226530 0.481170
v 0.060481 0.253203 0.490236
v 0.046290 0.278903 0.480994
v 0.020730 0.296074 0.474819
v 0.000000 0.302104 0.472650
v -0.020730 0.296074 0.474819
v -0.046290 0.278903 0.480994
v -0.060481 0.253204 0.490236
v -0.078277 0.232302 0.497221
v -0.092996 0.196055 0.510257
v -0.071176 0.165326 0.521308
v -0.038520 0.144793 0.528692
v -0.000000 0.137583 0.531285
v 0.038520 0.144793 0.528692
v 0.071176 0.165326 0.521308
v 0.092996 0.196055 0.510257
v 0.078277 0.232302 0.497221
v 0.043942 0.249559 0.506133
v 0.033632 0.268230 0.499418
v 0.018201 0.280706 0.494931
v 0.000000 0.285087 0.493356
v -0.018201 0.280706 0.494931
v -0.033632 0.268230 0.499418
v -0.043942 0.249559 0.506133
v -0.056872 0.236883 0.509960
v -0.067565 0.210548 0.519431
v -0.051712 0.188222 0.527460
v -0.027986 0.173304 0.532825
v -0.000000 0.168066 0.534709
v 0.027986 0.173304 0.532825
v 0.051712 0.188222 0.527460
v 0.067565 0.210548 0.519431
v 0.056872 0.236883 0.509960
v 0.023102 0.242095 0.518182
v 0.017681 0.251911 0.514651
v 0.009569 0.258470 0.512293
v 0.000000 0.260774 0.511464
v -0.009569 0.258470 0.512293
v -0.017681 0.251911 0.514651
v -0.023102 0.242095 0.518182
v -0.029899 0.239824 0.518138
v -0.035521 0.225979 0.523117
v -0.027187 0.214242 0.527339
v -0.014713 0.206399 0.530159
v -0.000000 0.203645 0.531149
v 0.014713 0.206399 0.530159
v 0.027187 0.214242 0.527339
v 0.035521 0.225979 0.523117
v 0.029899 0.239824 0.518138
v 0.000000 0.199423 0.405798
v 0.000000 0.240838 0.520956
vt 0.000000 0.100000
vt 0.062500 0.100000
vt 0.125000 0.100000
vt 0.187500 0.100000
vt 0.250000 0.100000
vt 0.312500 0.100000
vt 0.375000 0.100000
vt 0.437500 0.100000
vt 0.500000 0.100000
vt 0.562500 0.100000
vt 0.625000 0.100000
vt 0.687500 0.100000
vt 0.750000 0.100000
vt 0.812500 0.100000
vt 0.875000 0.100000
vt 0.937500 0.100000
vt 1.000000 0.100000
vt 0.000000 0.200000
vt 0.062500 0.200000
vt 0.125000 0.200000
vt 0.187500 0.200000
vt 0.250000 0.200000
vt 0.312500 0.200000
vt 0.375000 0.200000
vt 0.437500 0.200000
vt 0.500000 0.200000
vt 0.562500 0.200000
vt 0.625000 0.200000
vt 0.687500 0.200000
vt 0.750000 0.200000
vt 0.812500 0.200000
vt 0.875000 0.200000
vt 0.937500 0.200000
vt 1.000000 0.200000
vt 0.000000 0.300000
vt 0.062500 0.300000
vt 0.125000 0.300000
vt 0.187500 0.300000
vt 0.250000 0.300000
vt 0.312500 0.300000
vt 0.375000 0.300000
vt 0.437500 0.300000
vt 0.500000 0.300000
vt 0.562500 0.300000
vt 0.625000 0.300000
vt 0.687500 0.300000
vt 0.750000 0.300000
vt 0.812500 0.300000
vt 0.875000 0.300000
vt 0.937500 0.300000
vt 1.000000 0.300000
vt 0.000000 0.400000
vt 0.062500 0.400000
vt 0.125000 0.400000
vt 0.187500 0.400000
vt 0.250000 0.400000
vt 0.312500 0.400000
vt 0.375000 0.400000
vt 0.437500 0.400000
vt 0.500000 0.400000
vt 0.562500 0.400000
vt 0.625000 0.400000
vt 0.687500 0.400000
vt 0.750000 0.400000
vt 0.812500 0.400000
vt 0.875000 0.400000
vt 0.937500 0.400000
vt 1.000000 0.400000
vt 0.000000 0.500000
vt 0.062500 0.500000
vt 0.125000 0.500000
vt 0.187500 0.500000
vt 0.250000 0.500000
vt 0.312500 0.500000
vt 0.375000 0.500000
vt 0.437500 0.500000
vt 0.500000 0.500000
vt 0.562500 0.500000
vt 0.625000 0.500000
vt 0.687500 0.500000
vt 0.750000 0.500000
vt 0.812500 0.500000
vt 0.875000 0.500000
vt 0.937500 0.500000
vt 1.000000 0.500000
vt 0.000000 0.600000
vt 0.062500 0.600000
vt 0.125000 0.600000
vt 0.187500 0.600000
vt 0.250000 0.600000
vt 0.312500 0.600000
vt 0.375000 0.600000
vt 0.437500 0.600000
vt 0.500000 0.600000
vt 0.562500 0.600000
vt 0.625000 0.600000
vt 0.687500 0.600000
vt 0.750000 0.600000
vt 0.812500 0.600000
vt 0.875000 0.600000
vt 0.937500 0.600000
vt 1.000000 0.600000
vt 0.000000 0.700000
vt 0.062500 0.700000
vt 0.125000 0.700000
vt 0.187500 0.700000
vt 0.250000 0.700000
vt 0.312500 0.700000
vt 0.375000 0.700000
vt 0.437500 0.700000
vt 0.500000 0.700000
vt 0.562500 0.700000
vt 0.625000 0.700000
vt 0.687500 0.700000
vt 0.750000 0.700000
vt 0.812500 0.700000
vt 0.875000 0.700000
vt 0.937500 0.700000
vt 1.000000 0.700000
vt 0.000000 0.800000
vt 0.062500 0.800000
vt 0.125000 0.800000
vt 0.187500 0.800000
vt 0.250000 0.800000
vt 0.312500 0.800000
vt 0.375000 0.800000
vt 0.437500 0.800000
vt 0.500000 0.800000
vt 0.562500 0.800000
vt 0.625000 0.800000
vt 0.687500 0.800000
vt 0.750000 0.800000
vt 0.812500 0.800000
vt 0.875000 0.800000
vt 0.937500 0.800000
vt 1.000000 0.800000
vt 0.000000 0.900000
vt 0.062500 0.900000
vt 0.125000 0.900000
vt 0.187500 0.900000
vt 0.250000 0.900000
vt 0.312500 0.900000
vt 0.375000 0.900000
vt 0.437500 0.900000
vt 0.500000 0.900000
vt 0.562500 0.900000
vt 0.625000 0.900000
vt 0.687500 0.900000
vt 0.750000 0.900000
vt 0.812500 0.900000
vt 0.875000 0.900000
vt 0.937500 0.900000
vt 1.000000 0.900000
vt 0.031250 0.000000
vt 0.093750 0.000000
vt 0.156250 0.000000
vt 0.218750 0.000000
vt 0.281250 0.000000
vt 0.343750 0.000000
vt 0.406250 0.000000
vt 0.468750 0.000000
vt 0.531250 0.000000
vt 0.593750 0.000000
vt 0.656250 0.000000
vt 0.718750 0.000000
vt 0.781250 0.000000
vt 0.843750 0.000000
vt 0.906250 0.000000
vt 0.968750 0.000000
vt 0.031250 1.000000
vt 0.093750 1.000000
vt 0.156250 1.000000
vt 0.218750 1.000000
vt 0.281250 1.000000
vt 0.343750 1.000000
vt 0.406250 1.000000
vt 0.468750 1.000000
vt 0.531250 1.000000
vt 0.593750 1.000000
vt 0.656250 1.000000
vt 0.718750 1.000000
vt 0.781250 1.000000
vt 0.843750 1.000000
vt 0.906250 1.000000
vt 0.968750 1.000000
vn 0.261181 -0.080435 -0.961933
vn 0.274968 -0.139145 -0.951331
vn 0.314467 -0.069915 -0.946690
vn 0.255417 -0.124700 -0.958756
vn 0.157896 -0.075456 -0.984569
vn 0.137936 -0.069441 -0.988004
vn 0.000000 -0.050272 -0.998736
vn 0.000000 -0.050272 -0.998736
vn -0.157896 -0.075456 -0.984569
vn -0.137935 -0.069441 -0.988004
vn -0.274967 -0.139144 -0.951331
vn -0.255417 -0.124699 -0.958756
vn -0.261181 -0.080435 -0.961933
vn -0.314467 -0.069915 -0.946690
vn -0.323357 -0.098704 -0.941115
vn -0.337216 -0.190384 -0.921976
vn -0.275542 -0.354426 -0.893565
vn -0.243188 -0.372358 -0.895661
vn -0.177350 -0.484826 -0.856441
vn -0.174159 -0.487845 -0.855381
vn -0.100176 -0.536772 -0.837759
vn -0.096003 -0.538413 -0.837195
vn -0.007750 -0.556973 -0.830494
vn -0.003231 -0.556987 -0.830515
vn 0.085855 -0.542353 -0.835752
vn 0.090033 -0.540739 -0.836358
vn 0.166390 -0.495139 -0.852732
vn 0.169590 -0.492144 -0.853835
vn 0.264960 -0.370854 -0.890092
vn 0.240101 -0.379718 -0.893401
vn 0.323357 -0.098704 -0.941115
vn 0.337216 -0.190384 -0.921976
vn 0.495797 0.032570 -0.867828
vn 0.512827 0.146858 -0.845838
vn 0.507841 0.092263 -0.856496
vn 0.492834 0.179761 -0.851352
vn 0.324308 0.197455 -0.925114
vn 0.269082 0.183510 -0.945473
vn 0.000000 0.202459 -0.979291
vn 0.000001 0.191231 -0.981545
vn -0.324307 0.197455 -0.925114
vn -0.269082 0.183511 -0.945473
vn -0.512826 0.146859 -0.845838
vn -0.492833 0.179761 -0.851353
vn -0.495796 0.032569 -0.867828
vn -0.507841 0.092263 -0.856496
vn -0.500417 0.014105 -0.865670
vn -0.517379 -0.040623 -0.854792
vn -0.472300 -0.291211 -0.831943
vn -0.443091 -0.375628 -0.813986
vn -0.318187 -0.591519 -0.740852
vn -0.316395 -0.593222 -0.740258
vn -0.176901 -0.684188 -0.707526
vn -0.174556 -0.685116 -0.707210
vn -0.008684 -0.718925 -0.695033
vn -0.006142 -0.718939 -0.695046
vn 0.160855 -0.690442 -0.705277
vn 0.163206 -0.689540 -0.705619
vn 0.305905 -0.603076 -0.736696
vn 0.307708 -0.601396 -0.737318
vn 0.464915 -0.313898 -0.827842
vn 0.437574 -0.390154 -0.810129
vn 0.500417 0.014105 -0.865670
vn 0.517379 -0.040624 -0.854792
vn 0.643992 0.295091 -0.705830
vn 0.623891 0.313734 -0.715773
vn 0.649755 0.294588 -0.700740
vn 0.618630 0.318121 -0.718398
vn 0.454902 0.405515 -0.792857
vn 0.410808 0.423240 -0.807530
vn 0.000001 0.495511 -0.868602
vn 0.000001 0.495511 -0.868602
vn -0.454901 0.405516 -0.792857
vn -0.410807 0.423240 -0.807530
vn -0.623890 0.313735 -0.715773
vn -0.618630 0.318121 -0.718398
vn -0.643992 0.295092 -0.705830
vn -0.649755 0.294589 -0.700740
vn -0.708779 0.184959 -0.680752
vn -0.726558 0.140460 -0.672596
vn -0.719824 -0.246825 -0.648791
vn -0.696723 -0.340730 -0.631253
vn -0.496692 -0.700261 -0.512767
vn -0.495947 -0.700973 -0.512518
vn -0.273122 -0.844353 -0.460947
vn -0.272145 -0.844741 -0.460814
vn -0.007972 -0.896967 -0.442026
vn -0.006912 -0.896974 -0.442029
vn 0.258392 -0.850094 -0.458883
vn 0.259374 -0.849719 -0.459024
vn 0.485418 -0.710871 -0.508952
vn 0.486172 -0.710171 -0.509210
vn 0.715363 -0.267583 -0.645488
vn 0.691698 -0.357786 -0.627330
vn 0.708779 0.184959 -0.680752
vn 0.726558 0.140460 -0.672595
vn 0.769186 0.498041 -0.400384
vn 0.738222 0.532366 -0.414265
vn 0.770675 0.497434 -0.398272
vn 0.736137 0.534497 -0.415229
vn 0.538363 0.682673 -0.494088
vn 0.519490 0.693185 -0.499625
vn 0.000001 0.822574 -0.568659
vn 0.000001 0.822573 -0.568659
vn -0.538362 0.682674 -0.494088
vn -0.519489 0.693185 -0.499625
vn -0.738221 0.532366 -0.414265
vn -0.736136 0.534498 -0.415230
vn -0.769186 0.498041 -0.400385
vn -0.770674 0.497434 -0.398272
vn -0.859748 0.361496 -0.360768
vn -0.869195 0.344110 -0.355088
vn -0.954383 -0.158404 -0.253105
vn -0.948601 -0.205474 -0.240700
vn -0.675617 -0.734679 -0.061552
vn -0.675521 -0.734770 -0.061519
vn -0.367599 -0.929944 0.008671
vn -0.367473 -0.929994 0.008689
vn -0.003617 -0.999427 0.033659
vn -0.003480 -0.999427 0.033659
vn 0.360916 -0.932549 0.009608
vn 0.361042 -0.932500 0.009590
vn 0.670502 -0.739492 -0.059821
vn 0.670599 -0.739402 -0.059854
vn 0.953450 -0.167474 -0.250770
vn 0.947276 -0.214161 -0.238333
vn 0.859748 0.361496 -0.360769
vn 0.869195 0.344110 -0.355088
vn 0.736137 0.676529 -0.020293
vn 0.738222 0.674271 -0.019679
vn 0.770675 0.637154 -0.009761
vn 0.769187 0.638968 -0.008519
vn 0.519490 0.852620 -0.056295
vn 0.538363 0.840989 -0.053868
vn 0.000001 0.996340 -0.085479
vn 0.000001 0.996340 -0.085479
vn -0.519489 0.852621 -0.056295
vn -0.538362 0.840990 -0.053868
vn -0.736136 0.676529 -0.020293
vn -0.738221 0.674271 -0.019679
vn -0.770674 0.637154 -0.009761
vn -0.769186 0.638968 -0.008519
vn -0.869195 0.491445 0.054597
vn -0.859748 0.508467 0.047903
vn -0.947277 -0.013316 0.320140
vn -0.953450 0.030599 0.299994
vn -0.670599 -0.531925 0.517062
vn -0.670502 -0.532015 0.517094
vn -0.361042 -0.725023 0.586506
vn -0.360916 -0.725072 0.586524
vn 0.003480 -0.791950 0.610576
vn 0.003617 -0.791950 0.610575
vn 0.367472 -0.722517 0.585605
vn 0.367598 -0.722468 0.585587
vn 0.675520 -0.527294 0.515396
vn 0.675617 -0.527203 0.515363
vn 0.948601 -0.005112 0.316433
vn 0.954383 0.039078 0.296018
vn 0.869195 0.491445 0.054597
vn 0.859748 0.508467 0.047903
vn 0.636291 0.753341 0.166167
vn 0.681327 0.714049 0.161021
vn 0.700880 0.636191 0.322532
vn 0.693719 0.607257 0.387289
vn 0.410808 0.840607 0.353012
vn 0.441913 0.842640 0.307685
vn 0.000001 0.935220 0.354066
vn 0.000001 0.935220 0.354066
vn -0.410807 0.840607 0.353012
vn -0.441912 0.842641 0.307685
vn -0.636291 0.753341 0.166167
vn -0.681327 0.714049 0.161021
vn -0.700880 0.636192 0.322532
vn -0.693719 0.607258 0.387289
vn -0.726558 0.536657 0.429083
vn -0.708779 0.576159 0.407031
vn -0.691698 0.123703 0.711513
vn -0.715363 0.204811 0.668064
vn -0.486172 -0.223199 0.844878
vn -0.485418 -0.223902 0.845125
vn -0.259374 -0.362747 0.895064
vn -0.258393 -0.363126 0.895194
vn 0.006912 -0.410002 0.912058
vn 0.007972 -0.409999 0.912051
vn 0.272145 -0.357770 0.893274
vn 0.273122 -0.357385 0.893129
vn 0.495947 -0.214001 0.841570
vn 0.496692 -0.213294 0.841310
vn 0.696723 0.139351 0.703675
vn 0.719825 0.222917 0.657389
vn 0.726558 0.536657 0.429083
vn 0.708779 0.576159 0.407031
vn 0.436205 0.628372 0.644107
vn 0.463951 0.590181 0.660633
vn 0.503483 0.579482 0.640863
vn 0.495797 0.577820 0.648313
vn 0.243272 0.751589 0.613134
vn 0.276351 0.737516 0.616198
vn 0.000001 0.772566 0.634934
vn 0.000000 0.779787 0.626044
vn -0.243271 0.751589 0.613134
vn -0.276351 0.737516 0.616198
vn -0.436205 0.628372 0.644107
vn -0.463950 0.590181 0.660633
vn -0.503482 0.579482 0.640863
vn -0.495796 0.577821 0.648313
vn -0.517379 0.513089 0.684878
vn -0.500417 0.562211 0.658409
vn -0.437574 0.215172 0.873058
vn -0.464915 0.285243 0.838147
vn -0.307709 0.005942 0.951462
vn -0.305905 0.004250 0.952052
vn -0.163207 -0.082202 0.983161
vn -0.160855 -0.083116 0.983472
vn 0.006142 -0.111601 0.993734
vn 0.008684 -0.111599 0.993715
vn 0.174556 -0.077779 0.981570
vn 0.176901 -0.076862 0.981223
vn 0.316395 0.014116 0.948522
vn 0.318186 0.015807 0.947896
vn 0.443091 0.228827 0.866780
vn 0.472300 0.305345 0.826860
vn 0.517379 0.513089 0.684878
vn 0.500417 0.562211 0.658409
vn 0.255417 0.514484 0.818577
vn 0.274968 0.498619 0.822053
vn 0.302853 0.504209 0.808736
vn 0.293112 0.498550 0.815802
vn 0.137936 0.575714 0.805932
vn 0.157896 0.568889 0.807115
vn 0.000000 0.597327 0.801998
vn 0.000000 0.597327 0.801998
vn -0.137935 0.575714 0.805933
vn -0.157896 0.568889 0.807115
vn -0.255417 0.514484 0.818577
vn -0.274967 0.498620 0.822053
vn -0.302852 0.504210 0.808736
vn -0.293111 0.498551 0.815802
vn -0.303622 0.451857 0.838832
vn -0.280619 0.510275 0.812940
vn -0.240101 0.276253 0.930610
vn -0.258514 0.318976 0.911825
vn -0.169590 0.164378 0.971709
vn -0.166390 0.161367 0.972767
vn -0.090033 0.115783 0.989186
vn -0.085855 0.114152 0.989746
vn 0.003231 0.099535 0.995029
vn 0.007750 0.099533 0.995004
vn 0.096002 0.118110 0.988349
vn 0.100176 0.119734 0.987739
vn 0.174159 0.168677 0.970163
vn 0.177350 0.171680 0.969058
vn 0.243188 0.283366 0.927666
vn 0.266403 0.337505 0.902840
vn 0.303622 0.451857 0.838832
vn 0.280619 0.510275 0.812940
vn 0.079658 -0.279286 -0.956898
vn 0.084031 -0.235891 -0.968140
vn 0.000000 -0.353063 -0.935600
vn 0.046663 -0.253430 -0.966228
vn 0.000000 -0.243610 -0.969873
vn -0.046663 -0.253430 -0.966228
vn -0.079658 -0.279287 -0.956898
vn -0.084031 -0.235890 -0.968140
vn -0.077652 -0.349228 -0.933815
vn -0.071747 -0.365355 -0.928099
vn -0.054913 -0.389063 -0.919573
vn -0.029719 -0.404903 -0.913876
vn -0.000000 -0.410466 -0.911876
vn 0.029718 -0.404904 -0.913876
vn 0.054913 -0.389063 -0.919573
vn 0.071747 -0.365355 -0.928099
vn 0.077652 -0.349228 -0.933815
vn 0.093514 0.343796 0.934376
vn 0.079657 0.394122 0.915600
vn -0.000000 0.329682 0.944092
vn 0.046663 0.419998 0.906325
vn 0.000000 0.429890 0.902882
vn -0.046663 0.419997 0.906325
vn -0.079657 0.394121 0.915600
vn -0.093514 0.343798 0.934376
vn -0.099601 0.370291 0.923561
vn -0.076573 0.320378 0.944190
vn -0.054913 0.285718 0.956739
vn -0.029719 0.269877 0.962436
vn -0.000000 0.264314 0.964437
vn 0.029718 0.269876 0.962436
vn 0.054913 0.285717 0.956739
vn 0.076573 0.320378 0.944190
vn 0.099601 0.370291 0.923561
s 1
g group1 bomb:pSphere2
usemtl bomb:lambert4SG
f 1803/2219/3085 1804/2220/3086 1819/2236/3087
f 1819/2236/3087 1804/2220/3086 1820/2237/3088
f 1804/2220/3086 1805/2221/3089 1820/2237/3088
f 1820/2237/3088 1805/2221/3089 1821/2238/3090
f 1805/2221/3089 1806/2222/3091 1821/2238/3090
f 1821/2238/3090 1806/2222/3091 1822/2239/3092
f 1807/2223/3093 1823/2240/3094 1806/2222/3091
f 1806/2222/3091 1823/2240/3094 1822/2239/3092
f 1808/2224/3095 1824/2241/3096 1807/2223/3093
f 1807/2223/3093 1824/2241/3096 1823/2240/3094
f 1809/2225/3097 1825/2242/3098 1808/2224/3095
f 1808/2224/3095 1825/2242/3098 1824/2241/3096
f 1809/2225/3097 1810/2226/3099 1825/2242/3098
f 1825/2242/3098 1810/2226/3099 1826/2243/3100
f 1810/2226/3099 1811/2227/3101 1826/2243/3100
f 1826/2243/3100 1811/2227/3101 1827/2244/3102
f 1811/2227/3101 1812/2228/3103 1827/2244/3102
f 1827/2244/3102 1812/2228/3103 1828/2245/3104
f 1812/2228/3103 1813/2229/3105 1828/2245/3104
f 1828/2245/3104 1813/2229/3105 1829/2246/3106
f 1813/2229/3105 1814/2230/3107 1829/2246/3106
f 1829/2246/3106 1814/2230/3107 1830/2247/3108
f 1814/2230/3107 1815/2231/3109 1830/2247/3108
f 1830/2247/3108 1815/2231/3109 1831/2248/3110
f 1815/2231/3109 1816/2232/3111 1831/2248/3110
f 1831/2248/3110 1816/2232/3111 1832/2249/3112
f 1816/2232/3111 1817/2233/3113 1832/2249/3112
f 1832/2249/3112 1817/2233/3113 1833/2250/3114
f 1818/2234/3115 1834/2251/3116 1817/2233/3113
f 1817/2233/3113 1834/2251/3116 1833/2250/3114
f 1803/2235/3085 1819/2252/3087 1818/2234/3115
f 1818/2234/3115 1819/2252/3087 1834/2251/3116
s 6
f 1819/2236/3117 1820/2237/3118 1835/2253/3119
f 1835/2253/3119 1820/2237/3118 1836/2254/3120
f 1820/2237/3118 1821/2238/3121 1836/2254/3120
f 1836/2254/3120 1821/2238/3121 1837/2255/3122
f 1821/2238/3121 1822/2239/3123 1837/2255/3122
f 1837/2255/3122 1822/2239/3123 1838/2256/3124
f 1823/2240/3125 1839/2257/3126 1822/2239/3123
f 1822/2239/3123 1839/2257/3126 1838/2256/3124
f 1824/2241/3127 1840/2258/3128 1823/2240/3125
f 1823/2240/3125 1840/2258/3128 1839/2257/3126
f 1825/2242/3129 1841/2259/3130 1824/2241/3127
f 1824/2241/3127 1841/2259/3130 1840/2258/3128
f 1825/2242/3129 1826/2243/3131 1841/2259/3130
f 1841/2259/3130 1826/2243/3131 1842/2260/3132
f 1826/2243/3131 1827/2244/3133 1842/2260/3132
f 1842/2260/3132 1827/2244/3133 1843/2261/3134
f 1827/2244/3133 1828/2245/3135 1843/2261/3134
f 1843/2261/3134 1828/2245/3135 1844/2262/3136
f 1828/2245/3135 1829/2246/3137 1844/2262/3136
f 1844/2262/3136 1829/2246/3137 1845/2263/3138
f 1829/2246/3137 1830/2247/3139 1845/2263/3138
f 1845/2263/3138 1830/2247/3139 1846/2264/3140
f 1830/2247/3139 1831/2248/3141 1846/2264/3140
f 1846/2264/3140 1831/2248/3141 1847/2265/3142
f 1831/2248/3141 1832/2249/3143 1847/2265/3142
f 1847/2265/3142 1832/2249/3143 1848/2266/3144
f 1832/2249/3143 1833/2250/3145 1848/2266/3144
f 1848/2266/3144 1833/2250/3145 1849/2267/3146
f 1834/2251/3147 1850/2268/3148 1833/2250/3145
f 1833/2250/3145 1850/2268/3148 1849/2267/3146
f 1819/2252/3117 1835/2269/3119 1834/2251/3147
f 1834/2251/3147 1835/2269/3119 1850/2268/3148
s 11
f 1835/2253/3149 1836/2254/3150 1851/2270/3151
f 1851/2270/3151 1836/2254/3150 1852/2271/3152
f 1836/2254/3150 1837/2255/3153 1852/2271/3152
f 1852/2271/3152 1837/2255/3153 1853/2272/3154
f 1837/2255/3153 1838/2256/3155 1853/2272/3154
f 1853/2272/3154 1838/2256/3155 1854/2273/3156
f 1839/2257/3157 1855/2274/3158 1838/2256/3155
f 1838/2256/3155 1855/2274/3158 1854/2273/3156
f 1840/2258/3159 1856/2275/3160 1839/2257/3157
f 1839/2257/3157 1856/2275/3160 1855/2274/3158
f 1841/2259/3161 1857/2276/3162 1840/2258/3159
f 1840/2258/3159 1857/2276/3162 1856/2275/3160
f 1841/2259/3161 1842/2260/3163 1857/2276/3162
f 1857/2276/3162 1842/2260/3163 1858/2277/3164
f 1842/2260/3163 1843/2261/3165 1858/2277/3164
f 1858/2277/3164 1843/2261/3165 1859/2278/3166
f 1843/2261/3165 1844/2262/3167 1859/2278/3166
f 1859/2278/3166 1844/2262/3167 1860/2279/3168
f 1844/2262/3167 1845/2263/3169 1860/2279/3168
f 1860/2279/3168 1845/2263/3169 1861/2280/3170
f 1845/2263/3169 1846/2264/3171 1861/2280/3170
f 1861/2280/3170 1846/2264/3171 1862/2281/3172
f 1846/2264/3171 1847/2265/3173 1862/2281/3172
f 1862/2281/3172 1847/2265/3173 1863/2282/3174
f 1847/2265/3173 1848/2266/3175 1863/2282/3174
f 1863/2282/3174 1848/2266/3175 1864/2283/3176
f 1848/2266/3175 1849/2267/3177 1864/2283/3176
f 1864/2283/3176 1849/2267/3177 1865/2284/3178
f 1850/2268/3179 1866/2285/3180 1849/2267/3177
f 1849/2267/3177 1866/2285/3180 1865/2284/3178
f 1835/2269/3149 1851/2286/3151 1850/2268/3179
f 1850/2268/3179 1851/2286/3151 1866/2285/3180
s 16
f 1851/2270/3181 1852/2271/3182 1867/2287/3183
f 1867/2287/3183 1852/2271/3182 1868/2288/3184
f 1852/2271/3182 1853/2272/3185 1868/2288/3184
f 1868/2288/3184 1853/2272/3185 1869/2289/3186
f 1853/2272/3185 1854/2273/3187 1869/2289/3186
f 1869/2289/3186 1854/2273/3187 1870/2290/3188
f 1855/2274/3189 1871/2291/3190 1854/2273/3187
f 1854/2273/3187 1871/2291/3190 1870/2290/3188
f 1856/2275/3191 1872/2292/3192 1855/2274/3189
f 1855/2274/3189 1872/2292/3192 1871/2291/3190
f 1857/2276/3193 1873/2293/3194 1856/2275/3191
f 1856/2275/3191 1873/2293/3194 1872/2292/3192
f 1857/2276/3193 1858/2277/3195 1873/2293/3194
f 1873/2293/3194 1858/2277/3195 1874/2294/3196
f 1858/2277/3195 1859/2278/3197 1874/2294/3196
f 1874/2294/3196 1859/2278/3197 1875/2295/3198
f 1859/2278/3197 1860/2279/3199 1875/2295/3198
f 1875/2295/3198 1860/2279/3199 1876/2296/3200
f 1860/2279/3199 1861/2280/3201 1876/2296/3200
f 1876/2296/3200 1861/2280/3201 1877/2297/3202
f 1861/2280/3201 1862/2281/3203 1877/2297/3202
f 1877/2297/3202 1862/2281/3203 1878/2298/3204
f 1862/2281/3203 1863/2282/3205 1878/2298/3204
f 1878/2298/3204 1863/2282/3205 1879/2299/3206
f 1863/2282/3205 1864/2283/3207 1879/2299/3206
f 1879/2299/3206 1864/2283/3207 1880/2300/3208
f 1864/2283/3207 1865/2284/3209 1880/2300/3208
f 1880/2300/3208 1865/2284/3209 1881/2301/3210
f 1866/2285/3211 1882/2302/3212 1865/2284/3209
f 1865/2284/3209 1882/2302/3212 1881/2301/3210
f 1851/2286/3181 1867/2303/3183 1866/2285/3211
f 1866/2285/3211 1867/2303/3183 1882/2302/3212
s 21
f 1868/2288/3213 1884/2305/3214 1867/2287/3215
f 1867/2287/3215 1884/2305/3214 1883/2304/3216
f 1869/2289/3217 1885/2306/3218 1868/2288/3213
f 1868/2288/3213 1885/2306/3218 1884/2305/3214
f 1870/2290/3219 1886/2307/3220 1869/2289/3217
f 1869/2289/3217 1886/2307/3220 1885/2306/3218
f 1870/2290/3219 1871/2291/3221 1886/2307/3220
f 1886/2307/3220 1871/2291/3221 1887/2308/3222
f 1871/2291/3221 1872/2292/3223 1887/2308/3222
f 1887/2308/3222 1872/2292/3223 1888/2309/3224
f 1872/2292/3223 1873/2293/3225 1888/2309/3224
f 1888/2309/3224 1873/2293/3225 1889/2310/3226
f 1874/2294/3227 1890/2311/3228 1873/2293/3225
f 1873/2293/3225 1890/2311/3228 1889/2310/3226
f 1875/2295/3229 1891/2312/3230 1874/2294/3227
f 1874/2294/3227 1891/2312/3230 1890/2311/3228
f 1875/2295/3229 1876/2296/3231 1891/2312/3230
f 1891/2312/3230 1876/2296/3231 1892/2313/3232
f 1876/2296/3231 1877/2297/3233 1892/2313/3232
f 1892/2313/3232 1877/2297/3233 1893/2314/3234
f 1877/2297/3233 1878/2298/3235 1893/2314/3234
f 1893/2314/3234 1878/2298/3235 1894/2315/3236
f 1878/2298/3235 1879/2299/3237 1894/2315/3236
f 1894/2315/3236 1879/2299/3237 1895/2316/3238
f 1879/2299/3237 1880/2300/3239 1895/2316/3238
f 1895/2316/3238 1880/2300/3239 1896/2317/3240
f 1880/2300/3239 1881/2301/3241 1896/2317/3240
f 1896/2317/3240 1881/2301/3241 1897/2318/3242
f 1881/2301/3241 1882/2302/3243 1897/2318/3242
f 1897/2318/3242 1882/2302/3243 1898/2319/3244
f 1882/2302/3243 1867/2303/3215 1898/2319/3244
f 1898/2319/3244 1867/2303/3215 1883/2320/3216
s 26
f 1884/2305/3245 1900/2322/3246 1883/2304/3247
f 1883/2304/3247 1900/2322/3246 1899/2321/3248
f 1885/2306/3249 1901/2323/3250 1884/2305/3245
f 1884/2305/3245 1901/2323/3250 1900/2322/3246
f 1886/2307/3251 1902/2324/3252 1885/2306/3249
f 1885/2306/3249 1902/2324/3252 1901/2323/3250
f 1886/2307/3251 1887/2308/3253 1902/2324/3252
f 1902/2324/3252 1887/2308/3253 1903/2325/3254
f 1887/2308/3253 1888/2309/3255 1903/2325/3254
f 1903/2325/3254 1888/2309/3255 1904/2326/3256
f 1888/2309/3255 1889/2310/3257 1904/2326/3256
f 1904/2326/3256 1889/2310/3257 1905/2327/3258
f 1890/2311/3259 1906/2328/3260 1889/2310/3257
f 1889/2310/3257 1906/2328/3260 1905/2327/3258
f 1891/2312/3261 1907/2329/3262 1890/2311/3259
f 1890/2311/3259 1907/2329/3262 1906/2328/3260
f 1891/2312/3261 1892/2313/3263 1907/2329/3262
f 1907/2329/3262 1892/2313/3263 1908/2330/3264
f 1892/2313/3263 1893/2314/3265 1908/2330/3264
f 1908/2330/3264 1893/2314/3265 1909/2331/3266
f 1893/2314/3265 1894/2315/3267 1909/2331/3266
f 1909/2331/3266 1894/2315/3267 1910/2332/3268
f 1894/2315/3267 1895/2316/3269 1910/2332/3268
f 1910/2332/3268 1895/2316/3269 1911/2333/3270
f 1895/2316/3269 1896/2317/3271 1911/2333/3270
f 1911/2333/3270 1896/2317/3271 1912/2334/3272
f 1896/2317/3271 1897/2318/3273 1912/2334/3272
f 1912/2334/3272 1897/2318/3273 1913/2335/3274
f 1897/2318/3273 1898/2319/3275 1913/2335/3274
f 1913/2335/3274 1898/2319/3275 1914/2336/3276
f 1898/2319/3275 1883/2320/3247 1914/2336/3276
f 1914/2336/3276 1883/2320/3247 1899/2337/3248
s 31
f 1900/2322/3277 1916/2339/3278 1899/2321/3279
f 1899/2321/3279 1916/2339/3278 1915/2338/3280
f 1901/2323/3281 1917/2340/3282 1900/2322/3277
f 1900/2322/3277 1917/2340/3282 1916/2339/3278
f 1902/2324/3283 1918/2341/3284 1901/2323/3281
f 1901/2323/3281 1918/2341/3284 1917/2340/3282
f 1902/2324/3283 1903/2325/3285 1918/2341/3284
f 1918/2341/3284 1903/2325/3285 1919/2342/3286
f 1903/2325/3285 1904/2326/3287 1919/2342/3286
f 1919/2342/3286 1904/2326/3287 1920/2343/3288
f 1904/2326/3287 1905/2327/3289 1920/2343/3288
f 1920/2343/3288 1905/2327/3289 1921/2344/3290
f 1906/2328/3291 1922/2345/3292 1905/2327/3289
f 1905/2327/3289 1922/2345/3292 1921/2344/3290
f 1907/2329/3293 1923/2346/3294 1906/2328/3291
f 1906/2328/3291 1923/2346/3294 1922/2345/3292
f 1907/2329/3293 1908/2330/3295 1923/2346/3294
f 1923/2346/3294 1908/2330/3295 1924/2347/3296
f 1908/2330/3295 1909/2331/3297 1924/2347/3296
f 1924/2347/3296 1909/2331/3297 1925/2348/3298
f 1909/2331/3297 1910/2332/3299 1925/2348/3298
f 1925/2348/3298 1910/2332/3299 1926/2349/3300
f 1910/2332/3299 1911/2333/3301 1926/2349/3300
f 1926/2349/3300 1911/2333/3301 1927/2350/3302
f 1911/2333/3301 1912/2334/3303 1927/2350/3302
f 1927/2350/3302 1912/2334/3303 1928/2351/3304
f 1912/2334/3303 1913/2335/3305 1928/2351/3304
f 1928/2351/3304 1913/2335/3305 1929/2352/3306
f 1913/2335/3305 1914/2336/3307 1929/2352/3306
f 1929/2352/3306 1914/2336/3307 1930/2353/3308
f 1914/2336/3307 1899/2337/3279 1930/2353/3308
f 1930/2353/3308 1899/2337/3279 1915/2354/3280
s 36
f 1916/2339/3309 1932/2356/3310 1915/2338/3311
f 1915/2338/3311 1932/2356/3310 1931/2355/3312
f 1917/2340/3313 1933/2357/3314 1916/2339/3309
f 1916/2339/3309 1933/2357/3314 1932/2356/3310
f 1918/2341/3315 1934/2358/3316 1917/2340/3313
f 1917/2340/3313 1934/2358/3316 1933/2357/3314
f 1918/2341/3315 1919/2342/3317 1934/2358/3316
f 1934/2358/3316 1919/2342/3317 1935/2359/3318
f 1919/2342/3317 1920/2343/3319 1935/2359/3318
f 1935/2359/3318 1920/2343/3319 1936/2360/3320
f 1920/2343/3319 1921/2344/3321 1936/2360/3320
f 1936/2360/3320 1921/2344/3321 1937/2361/3322
f 1922/2345/3323 1938/2362/3324 1921/2344/3321
f 1921/2344/3321 1938/2362/3324 1937/2361/3322
f 1923/2346/3325 1939/2363/3326 1922/2345/3323
f 1922/2345/3323 1939/2363/3326 1938/2362/3324
f 1923/2346/3325 1924/2347/3327 1939/2363/3326
f 1939/2363/3326 1924/2347/3327 1940/2364/3328
f 1924/2347/3327 1925/2348/3329 1940/2364/3328
f 1940/2364/3328 1925/2348/3329 1941/2365/3330
f 1925/2348/3329 1926/2349/3331 1941/2365/3330
f 1941/2365/3330 1926/2349/3331 1942/2366/3332
f 1926/2349/3331 1927/2350/3333 1942/2366/3332
f 1942/2366/3332 1927/2350/3333 1943/2367/3334
f 1927/2350/3333 1928/2351/3335 1943/2367/3334
f 1943/2367/3334 1928/2351/3335 1944/2368/3336
f 1928/2351/3335 1929/2352/3337 1944/2368/3336
f 1944/2368/3336 1929/2352/3337 1945/2369/3338
f 1929/2352/3337 1930/2353/3339 1945/2369/3338
f 1945/2369/3338 1930/2353/3339 1946/2370/3340
f 1930/2353/3339 1915/2354/3311 1946/2370/3340
f 1946/2370/3340 1915/2354/3311 1931/2371/3312
s 41
f 1804/2220/3341 1803/2219/3342 1947/2372/3343
f 1805/2221/3344 1804/2220/3341 1947/2373/3343
f 1806/2222/3345 1805/2221/3344 1947/2374/3343
f 1807/2223/3346 1806/2222/3345 1947/2375/3343
f 1808/2224/3347 1807/2223/3346 1947/2376/3343
f 1809/2225/3348 1808/2224/3347 1947/2377/3343
f 1810/2226/3349 1809/2225/3348 1947/2378/3343
f 1811/2227/3350 1810/2226/3349 1947/2379/3343
f 1812/2228/3351 1811/2227/3350 1947/2380/3343
f 1813/2229/3352 1812/2228/3351 1947/2381/3343
f 1814/2230/3353 1813/2229/3352 1947/2382/3343
f 1815/2231/3354 1814/2230/3353 1947/2383/3343
f 1816/2232/3355 1815/2231/3354 1947/2384/3343
f 1817/2233/3356 1816/2232/3355 1947/2385/3343
f 1818/2234/3357 1817/2233/3356 1947/2386/3343
f 1803/2235/3342 1818/2234/3357 1947/2387/3343
s 42
f 1931/2355/3358 1932/2356/3359 1948/2388/3360
f 1932/2356/3359 1933/2357/3361 1948/2389/3360
f 1933/2357/3361 1934/2358/3362 1948/2390/3360
f 1934/2358/3362 1935/2359/3363 1948/2391/3360
f 1935/2359/3363 1936/2360/3364 1948/2392/3360
f 1936/2360/3364 1937/2361/3365 1948/2393/3360
f 1937/2361/3365 1938/2362/3366 1948/2394/3360
f 1938/2362/3366 1939/2363/3367 1948/2395/3360
f 1939/2363/3367 1940/2364/3368 1948/2396/3360
f 1940/2364/3368 1941/2365/3369 1948/2397/3360
f 1941/2365/3369 1942/2366/3370 1948/2398/3360
f 1942/2366/3370 1943/2367/3371 1948/2399/3360
f 1943/2367/3371 1944/2368/3372 1948/2400/3360
f 1944/2368/3372 1945/2369/3373 1948/2401/3360
f 1945/2369/3373 1946/2370/3374 1948/2402/3360
f 1946/2370/3374 1931/2371/3358 1948/2403/3360
g default
v 0.053067 0.286959 0.413559
v 0.043351 0.284464 0.408574
v 0.032394 0.286544 0.409608
v 0.025322 0.292225 0.416178
v 0.025444 0.298849 0.425210
v 0.032702 0.303316 0.432477
v 0.043702 0.303536 0.434579
v 0.053295 0.299407 0.430533
v 0.056994 0.292860 0.422231
v 0.065247 0.291376 0.398676
v 0.046989 0.286688 0.389307
v 0.026396 0.290597 0.391251
v 0.013104 0.301274 0.403599
v 0.013333 0.313722 0.420573
v 0.026975 0.322118 0.434231
v 0.047648 0.322532 0.438181
v 0.065677 0.314771 0.430577
v 0.072628 0.302467 0.414975
v 0.075318 0.303202 0.381348
v 0.050718 0.296886 0.368725
v 0.022974 0.302152 0.371344
v 0.005066 0.316537 0.387980
v 0.005374 0.333308 0.410849
v 0.023754 0.344620 0.429250
v 0.051606 0.345178 0.434573
v 0.075897 0.334722 0.424327
v 0.085262 0.318144 0.403307
v 0.082063 0.321009 0.363664
v 0.054089 0.313827 0.349310
v 0.022539 0.319816 0.352288
v 0.002175 0.336173 0.371206
v 0.002525 0.355245 0.397212
v 0.023427 0.368108 0.418136
v 0.055098 0.368743 0.424189
v 0.082721 0.356853 0.412539
v 0.093371 0.338001 0.388635
v 0.084669 0.342650 0.347758
v 0.056696 0.335468 0.333403
v 0.025145 0.341457 0.336382
v 0.004781 0.357814 0.355300
v 0.005132 0.376886 0.381305
v 0.026033 0.389749 0.402230
v 0.057705 0.390384 0.408283
v 0.085328 0.378494 0.396632
v 0.095977 0.359642 0.372729
v 0.082822 0.365515 0.335547
v 0.058223 0.359199 0.322924
v 0.030478 0.364466 0.325543
v 0.012570 0.378850 0.342179
v 0.012878 0.395622 0.365048
v 0.031258 0.406933 0.383449
v 0.059110 0.407491 0.388772
v 0.083401 0.397035 0.378526
v 0.092766 0.380458 0.357506
v 0.076745 0.386846 0.328505
v 0.058486 0.382158 0.319136
v 0.037893 0.386067 0.321080
v 0.024602 0.396743 0.333428
v 0.024830 0.409192 0.350402
v 0.038473 0.417587 0.364059
v 0.059145 0.418002 0.368010
v 0.077175 0.410241 0.360406
v 0.091292 0.425511 0.344804
v 0.067170 0.404070 0.327481
v 0.057455 0.401575 0.322496
v 0.046498 0.403655 0.323531
v 0.039425 0.409336 0.330101
v 0.045324 0.435596 0.339132
v 0.046806 0.420427 0.346399
v 0.072572 0.451055 0.348502
v 0.067399 0.416518 0.344455
v 0.071097 0.409971 0.336154
v 0.040244 0.290482 0.424201
v 0.055253 0.415109 0.332599
vt 0.000000 0.111111
vt 0.111111 0.111111
vt 0.222222 0.111111
vt 0.333333 0.111111
vt 0.444444 0.111111
vt 0.555556 0.111111
vt 0.666667 0.111111
vt 0.777778 0.111111
vt 0.888889 0.111111
vt 1.000000 0.111111
vt 0.000000 0.222222
vt 0.111111 0.222222
vt 0.222222 0.222222
vt 0.333333 0.222222
vt 0.444444 0.222222
vt 0.555556 0.222222
vt 0.666667 0.222222
vt 0.777778 0.222222
vt 0.888889 0.222222
vt 1.000000 0.222222
vt 0.000000 0.333333
vt 0.111111 0.333333
vt 0.222222 0.333333
vt 0.333333 0.333333
vt 0.444444 0.333333
vt 0.555556 0.333333
vt 0.666667 0.333333
vt 0.777778 0.333333
vt 0.888889 0.333333
vt 1.000000 0.333333
vt 0.000000 0.444444
vt 0.111111 0.444444
vt 0.222222 0.444444
vt 0.333333 0.444444
vt 0.444444 0.444444
vt 0.555556 0.444444
vt 0.666667 0.444444
vt 0.777778 0.444444
vt 0.888889 0.444444
vt 1.000000 0.444444
vt 0.000000 0.555556
vt 0.111111 0.555556
vt 0.222222 0.555556
vt 0.333333 0.555556
vt 0.444444 0.555556
vt 0.555556 0.555556
vt 0.666667 0.555556
vt 0.777778 0.555556
vt 0.888889 0.555556
vt 1.000000 0.555556
vt 0.000000 0.666667
vt 0.111111 0.666667
vt 0.222222 0.666667
vt 0.333333 0.666667
vt 0.444444 0.666667
vt 0.555556 0.666667
vt 0.666667 0.666667
vt 0.777778 0.666667
vt 0.888889 0.666667
vt 1.000000 0.666667
vt 0.000000 0.777778
vt 0.111111 0.777778
vt 0.222222 0.777778
vt 0.333333 0.777778
vt 0.444444 0.777778
vt 0.555556 0.777778
vt 0.666667 0.777778
vt 0.777778 0.777778
vt 0.888889 0.777778
vt 1.000000 0.777778
vt 0.000000 0.888889
vt 0.111111 0.888889
vt 0.222222 0.888889
vt 0.333333 0.888889
vt 0.444444 0.888889
vt 0.555556 0.888889
vt 0.666667 0.888889
vt 0.777778 0.888889
vt 0.888889 0.888889
vt 1.000000 0.888889
vt 0.055556 0.000000
vt 0.166667 0.000000
vt 0.277778 0.000000
vt 0.388889 0.000000
vt 0.500000 0.000000
vt 0.611111 0.000000
vt 0.722222 0.000000
vt 0.833333 0.000000
vt 0.944444 0.000000
vt 0.055556 1.000000
vt 0.166667 1.000000
vt 0.277778 1.000000
vt 0.388889 1.000000
vt 0.500000 1.000000
vt 0.611111 1.000000
vt 0.722222 1.000000
vt 0.833333 1.000000
vt 0.944444 1.000000
vn 0.276335 -0.959276 -0.058560
vn 0.276335 -0.959276 -0.058560
vn 0.276335 -0.959276 -0.058560
vn 0.276335 -0.959276 -0.058560
vn -0.197979 -0.968783 -0.149210
vn -0.197980 -0.968783 -0.149209
vn -0.197980 -0.968783 -0.149209
vn -0.197980 -0.968783 -0.149209
vn -0.611659 -0.790718 0.025273
vn -0.611659 -0.790718 0.025273
vn -0.611659 -0.790718 0.025273
vn -0.611659 -0.790718 0.025273
vn -0.771138 -0.508398 0.383246
vn -0.771138 -0.508398 0.383246
vn -0.771138 -0.508398 0.383246
vn -0.771138 -0.508398 0.383246
vn -0.601795 -0.253926 0.757209
vn -0.601794 -0.253925 0.757209
vn -0.601794 -0.253925 0.757209
vn -0.601794 -0.253925 0.757209
vn -0.182867 -0.146370 0.972181
vn -0.182867 -0.146370 0.972181
vn -0.182867 -0.146370 0.972181
vn -0.182867 -0.146370 0.972181
vn 0.289625 -0.236058 0.927574
vn 0.289625 -0.236057 0.927574
vn 0.289625 -0.236057 0.927574
vn 0.289625 -0.236057 0.927574
vn 0.594596 -0.481023 0.644261
vn 0.594596 -0.481023 0.644261
vn 0.594596 -0.481023 0.644261
vn 0.594596 -0.481023 0.644261
vn 0.589348 -0.766644 0.254807
vn 0.589348 -0.766644 0.254806
vn 0.589348 -0.766644 0.254806
vn 0.589348 -0.766644 0.254806
vn 0.396929 -0.849019 -0.348731
vn 0.396929 -0.849019 -0.348732
vn 0.396929 -0.849019 -0.348731
vn 0.396929 -0.849019 -0.348732
vn -0.207283 -0.861131 -0.464207
vn -0.207283 -0.861131 -0.464207
vn -0.207283 -0.861131 -0.464207
vn -0.207283 -0.861130 -0.464207
vn -0.734254 -0.634300 -0.241940
vn -0.734254 -0.634300 -0.241940
vn -0.734254 -0.634300 -0.241940
vn -0.734254 -0.634300 -0.241940
vn -0.937408 -0.274664 0.214068
vn -0.937408 -0.274664 0.214069
vn -0.937408 -0.274664 0.214069
vn -0.937408 -0.274664 0.214069
vn -0.721688 0.049500 0.690446
vn -0.721688 0.049500 0.690446
vn -0.721688 0.049500 0.690446
vn -0.721688 0.049500 0.690446
vn -0.188031 0.186512 0.964291
vn -0.188031 0.186512 0.964291
vn -0.188031 0.186512 0.964291
vn -0.188031 0.186512 0.964291
vn 0.413859 0.072262 0.907469
vn 0.413859 0.072262 0.907469
vn 0.413859 0.072262 0.907469
vn 0.413859 0.072262 0.907469
vn 0.802350 -0.239791 0.546566
vn 0.802350 -0.239791 0.546566
vn 0.802350 -0.239791 0.546566
vn 0.802350 -0.239791 0.546566
vn 0.795664 -0.603633 0.050454
vn 0.795664 -0.603633 0.050454
vn 0.795664 -0.603633 0.050454
vn 0.795664 -0.603633 0.050454
vn 0.457811 -0.707742 -0.538062
vn 0.457811 -0.707742 -0.538062
vn 0.457811 -0.707742 -0.538062
vn 0.457811 -0.707742 -0.538062
vn -0.199500 -0.720917 -0.663685
vn -0.199500 -0.720917 -0.663685
vn -0.199500 -0.720917 -0.663685
vn -0.199500 -0.720917 -0.663685
vn -0.772783 -0.474152 -0.421885
vn -0.772783 -0.474152 -0.421885
vn -0.772783 -0.474152 -0.421885
vn -0.772783 -0.474152 -0.421885
vn -0.993791 -0.082910 0.074198
vn -0.993791 -0.082910 0.074199
vn -0.993791 -0.082910 0.074199
vn -0.993791 -0.082910 0.074199
vn -0.759112 0.269742 0.592442
vn -0.759112 0.269742 0.592442
vn -0.759112 0.269742 0.592442
vn -0.759113 0.269742 0.592442
vn -0.178556 0.418794 0.890353
vn -0.178556 0.418794 0.890353
vn -0.178556 0.418794 0.890353
vn -0.178557 0.418794 0.890353
vn 0.476229 0.294504 0.828537
vn 0.476229 0.294504 0.828537
vn 0.476229 0.294504 0.828537
vn 0.476229 0.294504 0.828537
vn 0.898863 -0.044973 0.435917
vn 0.898863 -0.044973 0.435917
vn 0.898863 -0.044973 0.435917
vn 0.898863 -0.044973 0.435917
vn 0.891589 -0.440790 -0.103795
vn 0.891589 -0.440790 -0.103795
vn 0.891589 -0.440790 -0.103795
vn 0.891589 -0.440790 -0.103795
vn 0.488222 -0.554272 -0.674108
vn 0.488222 -0.554272 -0.674108
vn 0.488222 -0.554272 -0.674108
vn 0.488222 -0.554272 -0.674108
vn -0.183528 -0.567737 -0.802491
vn -0.183528 -0.567737 -0.802491
vn -0.183528 -0.567737 -0.802491
vn -0.183528 -0.567737 -0.802491
vn -0.769403 -0.315551 -0.555379
vn -0.769403 -0.315551 -0.555379
vn -0.769403 -0.315551 -0.555379
vn -0.769403 -0.315551 -0.555379
vn -0.995266 0.084284 -0.048400
vn -0.995266 0.084284 -0.048400
vn -0.995266 0.084284 -0.048400
vn -0.995266 0.084284 -0.048400
vn -0.755432 0.444682 0.481227
vn -0.755432 0.444682 0.481227
vn -0.755432 0.444682 0.481227
vn -0.755432 0.444682 0.481227
vn -0.162124 0.597009 0.785682
vn -0.162124 0.597009 0.785682
vn -0.162124 0.597009 0.785682
vn -0.162124 0.597009 0.785682
vn 0.507044 0.469988 0.722508
vn 0.507044 0.469988 0.722508
vn 0.507044 0.469988 0.722508
vn 0.507044 0.469988 0.722508
vn 0.938961 0.123055 0.321264
vn 0.938961 0.123055 0.321264
vn 0.938961 0.123055 0.321264
vn 0.938961 0.123055 0.321264
vn 0.931527 -0.281457 -0.230303
vn 0.931527 -0.281457 -0.230303
vn 0.931527 -0.281457 -0.230303
vn 0.931527 -0.281457 -0.230303
vn 0.497645 -0.376976 -0.781177
vn 0.497645 -0.376976 -0.781178
vn 0.497645 -0.376977 -0.781178
vn 0.497645 -0.376976 -0.781177
vn -0.159667 -0.390152 -0.906801
vn -0.159667 -0.390152 -0.906801
vn -0.159667 -0.390152 -0.906801
vn -0.159667 -0.390152 -0.906801
vn -0.732949 -0.143387 -0.665000
vn -0.732949 -0.143386 -0.665000
vn -0.732949 -0.143387 -0.665000
vn -0.732949 -0.143386 -0.665000
vn -0.953957 0.247855 -0.168917
vn -0.953957 0.247855 -0.168917
vn -0.953957 0.247855 -0.168917
vn -0.953957 0.247855 -0.168917
vn -0.719279 0.600507 0.349326
vn -0.719279 0.600507 0.349326
vn -0.719279 0.600507 0.349326
vn -0.719279 0.600507 0.349326
vn -0.138723 0.749560 0.647237
vn -0.138723 0.749560 0.647237
vn -0.138723 0.749560 0.647237
vn -0.138723 0.749560 0.647237
vn 0.516063 0.625269 0.585421
vn 0.516063 0.625269 0.585421
vn 0.516063 0.625269 0.585421
vn 0.516063 0.625269 0.585421
vn 0.938696 0.285792 0.192801
vn 0.938696 0.285792 0.192801
vn 0.938696 0.285792 0.192801
vn 0.938696 0.285792 0.192801
vn 0.931422 -0.110025 -0.346911
vn 0.931422 -0.110025 -0.346910
vn 0.931422 -0.110025 -0.346911
vn 0.931422 -0.110025 -0.346910
vn 0.481343 -0.148072 -0.863935
vn 0.481343 -0.148072 -0.863935
vn 0.481343 -0.148072 -0.863935
vn 0.481343 -0.148072 -0.863935
vn -0.122869 -0.160183 -0.979410
vn -0.122869 -0.160183 -0.979410
vn -0.122869 -0.160183 -0.979410
vn -0.122869 -0.160183 -0.979410
vn -0.649840 0.066648 -0.757143
vn -0.649840 0.066648 -0.757143
vn -0.649840 0.066648 -0.757143
vn -0.649840 0.066648 -0.757143
vn -0.852994 0.426284 -0.301135
vn -0.852994 0.426284 -0.301135
vn -0.852994 0.426284 -0.301135
vn -0.852994 0.426284 -0.301135
vn -0.637274 0.750448 0.175242
vn -0.637274 0.750448 0.175243
vn -0.637274 0.750448 0.175243
vn -0.637274 0.750448 0.175243
vn -0.103617 0.887459 0.449088
vn -0.103617 0.887459 0.449088
vn -0.103617 0.887459 0.449088
vn -0.103617 0.887459 0.449088
vn 0.498273 0.773209 0.392265
vn 0.498273 0.773209 0.392265
vn 0.498273 0.773209 0.392265
vn 0.498273 0.773209 0.392265
vn 0.886764 0.461157 0.031362
vn 0.784183 0.361405 0.504424
vn 0.777407 0.356517 0.518203
vn 0.594197 0.236208 0.768853
vn 0.926385 -0.073808 -0.369274
vn 0.859982 -0.042950 -0.508515
vn 0.890944 -0.056255 -0.450616
vn 0.750864 -0.004104 -0.660444
vn 0.413120 0.176545 -0.893400
vn 0.413120 0.176545 -0.893400
vn 0.413120 0.176545 -0.893400
vn 0.413120 0.176545 -0.893400
vn -0.061194 0.167038 -0.984049
vn -0.061194 0.167038 -0.984050
vn -0.061194 0.167038 -0.984050
vn -0.061194 0.167038 -0.984050
vn -0.474874 0.345104 -0.809567
vn -0.474874 0.345103 -0.809567
vn -0.474874 0.345103 -0.809567
vn -0.474874 0.345103 -0.809567
vn -0.634353 0.627423 -0.451594
vn -0.730288 0.440809 -0.521889
vn -0.723639 0.457237 -0.516992
vn -0.759485 0.357522 -0.543471
vn -0.693675 0.660768 0.286707
vn -0.559757 0.737085 0.378652
vn -0.319296 0.807654 0.495728
vn 0.844524 0.296219 0.446131
vn -0.046081 0.989451 0.137341
vn -0.615170 0.663583 0.425705
vn -0.514235 0.768923 0.379895
vn -0.695132 0.553286 0.458984
vn 0.476404 0.295278 0.828161
vn 0.956003 0.176220 0.234530
vn 0.871180 0.225457 0.436137
vn 0.839770 -0.062598 -0.539321
vn -0.310173 0.804419 0.506659
vn -0.345862 0.910018 0.228573
vn -0.348909 0.931099 -0.106386
vn -0.254180 0.701129 -0.666192
vn 0.136109 0.340896 -0.930196
vn 0.277724 0.362120 -0.889797
vn 0.214529 0.353531 -0.910491
vn 0.726133 0.369177 -0.580034
vn 0.049835 -0.928678 0.367524
vn 0.049835 -0.928678 0.367524
vn 0.049835 -0.928678 0.367524
vn -0.145859 -0.932600 0.330124
vn -0.145859 -0.932600 0.330124
vn -0.145859 -0.932600 0.330124
vn -0.316536 -0.859134 0.402111
vn -0.316536 -0.859134 0.402111
vn -0.316536 -0.859134 0.402111
vn -0.382335 -0.742653 0.549805
vn -0.382335 -0.742653 0.549805
vn -0.382335 -0.742653 0.549805
vn -0.312467 -0.637662 0.704097
vn -0.312467 -0.637662 0.704097
vn -0.312467 -0.637662 0.704097
vn -0.139624 -0.593286 0.792790
vn -0.139624 -0.593286 0.792790
vn -0.139624 -0.593286 0.792790
vn 0.055319 -0.630290 0.774386
vn 0.055319 -0.630290 0.774386
vn 0.055319 -0.630290 0.774386
vn 0.181145 -0.731359 0.657496
vn 0.181145 -0.731359 0.657496
vn 0.181145 -0.731359 0.657496
vn 0.178979 -0.849202 0.496813
vn 0.178979 -0.849202 0.496813
vn 0.178979 -0.849202 0.496813
vn 0.234623 0.605737 -0.760287
vn 0.234623 0.605737 -0.760286
vn 0.234623 0.605737 -0.760287
vn 0.038928 0.601814 -0.797687
vn 0.038928 0.601814 -0.797687
vn 0.038928 0.601814 -0.797687
vn -0.131749 0.675280 -0.725699
vn -0.131749 0.675280 -0.725699
vn -0.131749 0.675280 -0.725699
vn 0.033441 0.318324 -0.947392
vn 0.033441 0.318324 -0.947392
vn 0.033441 0.318324 -0.947392
vn 0.862568 0.284638 0.418279
vn 0.862568 0.284638 0.418279
vn 0.862568 0.284638 0.418279
vn -0.603241 0.547304 -0.580137
vn -0.603241 0.547304 -0.580137
vn -0.603241 0.547304 -0.580137
vn 0.699615 -0.021115 -0.714208
vn 0.699615 -0.021115 -0.714208
vn 0.699615 -0.021115 -0.714208
vn 0.365932 0.803056 -0.470314
vn 0.365932 0.803056 -0.470314
vn 0.365932 0.803056 -0.470314
vn 0.363767 0.685213 -0.630997
vn 0.363767 0.685213 -0.630997
vn 0.363767 0.685213 -0.630997
s 1
g group1 bomb:pSphere3
usemtl bomb:lambert4SG
f 1949/2404/3375 1950/2405/3376 1958/2414/3377
f 1958/2414/3377 1950/2405/3376 1959/2415/3378
s 2
f 1950/2405/3379 1951/2406/3380 1959/2415/3381
f 1959/2415/3381 1951/2406/3380 1960/2416/3382
s 3
f 1951/2406/3383 1952/2407/3384 1960/2416/3385
f 1960/2416/3385 1952/2407/3384 1961/2417/3386
s 4
f 1952/2407/3387 1953/2408/3388 1961/2417/3389
f 1961/2417/3389 1953/2408/3388 1962/2418/3390
s 5
f 1953/2408/3391 1954/2409/3392 1962/2418/3393
f 1962/2418/3393 1954/2409/3392 1963/2419/3394
s 6
f 1954/2409/3395 1955/2410/3396 1963/2419/3397
f 1963/2419/3397 1955/2410/3396 1964/2420/3398
s 7
f 1955/2410/3399 1956/2411/3400 1964/2420/3401
f 1964/2420/3401 1956/2411/3400 1965/2421/3402
s 8
f 1956/2411/3403 1957/2412/3404 1965/2421/3405
f 1965/2421/3405 1957/2412/3404 1966/2422/3406
s 9
f 1957/2412/3407 1949/2413/3408 1966/2422/3409
f 1966/2422/3409 1949/2413/3408 1958/2423/3410
s 10
f 1958/2414/3411 1959/2415/3412 1967/2424/3413
f 1967/2424/3413 1959/2415/3412 1968/2425/3414
s 11
f 1959/2415/3415 1960/2416/3416 1968/2425/3417
f 1968/2425/3417 1960/2416/3416 1969/2426/3418
s 12
f 1960/2416/3419 1961/2417/3420 1969/2426/3421
f 1969/2426/3421 1961/2417/3420 1970/2427/3422
s 13
f 1961/2417/3423 1962/2418/3424 1970/2427/3425
f 1970/2427/3425 1962/2418/3424 1971/2428/3426
s 14
f 1962/2418/3427 1963/2419/3428 1971/2428/3429
f 1971/2428/3429 1963/2419/3428 1972/2429/3430
s 15
f 1963/2419/3431 1964/2420/3432 1972/2429/3433
f 1972/2429/3433 1964/2420/3432 1973/2430/3434
s 16
f 1964/2420/3435 1965/2421/3436 1973/2430/3437
f 1973/2430/3437 1965/2421/3436 1974/2431/3438
s 17
f 1965/2421/3439 1966/2422/3440 1974/2431/3441
f 1974/2431/3441 1966/2422/3440 1975/2432/3442
s 18
f 1966/2422/3443 1958/2423/3444 1975/2432/3445
f 1975/2432/3445 1958/2423/3444 1967/2433/3446
s 19
f 1967/2424/3447 1968/2425/3448 1976/2434/3449
f 1976/2434/3449 1968/2425/3448 1977/2435/3450
s 20
f 1968/2425/3451 1969/2426/3452 1977/2435/3453
f 1977/2435/3453 1969/2426/3452 1978/2436/3454
s 21
f 1969/2426/3455 1970/2427/3456 1978/2436/3457
f 1978/2436/3457 1970/2427/3456 1979/2437/3458
s 22
f 1970/2427/3459 1971/2428/3460 1979/2437/3461
f 1979/2437/3461 1971/2428/3460 1980/2438/3462
s 23
f 1971/2428/3463 1972/2429/3464 1980/2438/3465
f 1980/2438/3465 1972/2429/3464 1981/2439/3466
s 24
f 1972/2429/3467 1973/2430/3468 1981/2439/3469
f 1981/2439/3469 1973/2430/3468 1982/2440/3470
s 25
f 1973/2430/3471 1974/2431/3472 1982/2440/3473
f 1982/2440/3473 1974/2431/3472 1983/2441/3474
s 26
f 1974/2431/3475 1975/2432/3476 1983/2441/3477
f 1983/2441/3477 1975/2432/3476 1984/2442/3478
s 27
f 1975/2432/3479 1967/2433/3480 1984/2442/3481
f 1984/2442/3481 1967/2433/3480 1976/2443/3482
s 28
f 1976/2434/3483 1977/2435/3484 1985/2444/3485
f 1985/2444/3485 1977/2435/3484 1986/2445/3486
s 29
f 1977/2435/3487 1978/2436/3488 1986/2445/3489
f 1986/2445/3489 1978/2436/3488 1987/2446/3490
s 30
f 1978/2436/3491 1979/2437/3492 1987/2446/3493
f 1987/2446/3493 1979/2437/3492 1988/2447/3494
s 31
f 1979/2437/3495 1980/2438/3496 1988/2447/3497
f 1988/2447/3497 1980/2438/3496 1989/2448/3498
s 32
f 1980/2438/3499 1981/2439/3500 1989/2448/3501
f 1989/2448/3501 1981/2439/3500 1990/2449/3502
s 33
f 1981/2439/3503 1982/2440/3504 1990/2449/3505
f 1990/2449/3505 1982/2440/3504 1991/2450/3506
s 34
f 1982/2440/3507 1983/2441/3508 1991/2450/3509
f 1991/2450/3509 1983/2441/3508 1992/2451/3510
s 35
f 1983/2441/3511 1984/2442/3512 1992/2451/3513
f 1992/2451/3513 1984/2442/3512 1993/2452/3514
s 36
f 1984/2442/3515 1976/2443/3516 1993/2452/3517
f 1993/2452/3517 1976/2443/3516 1985/2453/3518
s 37
f 1985/2444/3519 1986/2445/3520 1994/2454/3521
f 1994/2454/3521 1986/2445/3520 1995/2455/3522
s 38
f 1986/2445/3523 1987/2446/3524 1995/2455/3525
f 1995/2455/3525 1987/2446/3524 1996/2456/3526
s 39
f 1987/2446/3527 1988/2447/3528 1996/2456/3529
f 1996/2456/3529 1988/2447/3528 1997/2457/3530
s 40
f 1988/2447/3531 1989/2448/3532 1997/2457/3533
f 1997/2457/3533 1989/2448/3532 1998/2458/3534
s 41
f 1989/2448/3535 1990/2449/3536 1998/2458/3537
f 1998/2458/3537 1990/2449/3536 1999/2459/3538
s 42
f 1990/2449/3539 1991/2450/3540 1999/2459/3541
f 1999/2459/3541 1991/2450/3540 2000/2460/3542
s 43
f 1991/2450/3543 1992/2451/3544 2000/2460/3545
f 2000/2460/3545 1992/2451/3544 2001/2461/3546
s 44
f 1992/2451/3547 1993/2452/3548 2001/2461/3549
f 2001/2461/3549 1993/2452/3548 2002/2462/3550
s 45
f 1993/2452/3551 1985/2453/3552 2002/2462/3553
f 2002/2462/3553 1985/2453/3552 1994/2463/3554
s 46
f 1994/2454/3555 1995/2455/3556 2003/2464/3557
f 2003/2464/3557 1995/2455/3556 2004/2465/3558
s 47
f 1995/2455/3559 1996/2456/3560 2004/2465/3561
f 2004/2465/3561 1996/2456/3560 2005/2466/3562
s 48
f 1996/2456/3563 1997/2457/3564 2005/2466/3565
f 2005/2466/3565 1997/2457/3564 2006/2467/3566
s 49
f 1997/2457/3567 1998/2458/3568 2006/2467/3569
f 2006/2467/3569 1998/2458/3568 2007/2468/3570
s 50
f 1998/2458/3571 1999/2459/3572 2007/2468/3573
f 2007/2468/3573 1999/2459/3572 2008/2469/3574
s 51
f 1999/2459/3575 2000/2460/3576 2008/2469/3577
f 2008/2469/3577 2000/2460/3576 2009/2470/3578
s 52
f 2000/2460/3579 2001/2461/3580 2009/2470/3581
f 2009/2470/3581 2001/2461/3580 2010/2471/3582
s 53
f 2001/2461/3583 2002/2462/3584 2010/2471/3585
f 2010/2471/3585 2002/2462/3584 2011/2472/3586
s 54
f 2002/2462/3587 1994/2463/3588 2011/2472/3589
f 2011/2472/3589 1994/2463/3588 2003/2473/3590
s 55
f 2003/2464/3591 2004/2465/3592 2012/2474/3593
f 2012/2474/3593 2004/2465/3592 2013/2475/3594
s 56
f 2004/2465/3595 2005/2466/3596 2013/2475/3597
f 2013/2475/3597 2005/2466/3596 2014/2476/3598
s 57
f 2005/2466/3599 2006/2467/3600 2014/2476/3601
f 2014/2476/3601 2006/2467/3600 2015/2477/3602
s 58
f 2006/2467/3603 2007/2468/3604 2015/2477/3605
f 2015/2477/3605 2007/2468/3604 2016/2478/3606
s 59
f 2007/2468/3607 2008/2469/3608 2016/2478/3609
f 2016/2478/3609 2008/2469/3608 2017/2479/3610
s 60
f 2008/2469/3611 2009/2470/3612 2017/2479/3613
f 2017/2479/3613 2009/2470/3612 2018/2480/3614
s 61
f 2009/2470/3615 2010/2471/3616 2018/2480/3617
f 2018/2480/3617 2010/2471/3616 2019/2481/3618
s 62
f 2010/2471/3619 2011/2472/3620 2019/2481/3621
f 2019/2481/3621 2011/2472/3620 2020/2482/3622
s 63
f 2011/2472/3623 2003/2473/3624 2020/2482/3625
f 2020/2482/3625 2003/2473/3624 2012/2483/3626
s off
f 1950/2405/3627 1949/2404/3628 2021/2484/3629
f 1951/2406/3630 1950/2405/3631 2021/2485/3632
f 1952/2407/3633 1951/2406/3634 2021/2486/3635
f 1953/2408/3636 1952/2407/3637 2021/2487/3638
f 1954/2409/3639 1953/2408/3640 2021/2488/3641
f 1955/2410/3642 1954/2409/3643 2021/2489/3644
f 1956/2411/3645 1955/2410/3646 2021/2490/3647
f 1957/2412/3648 1956/2411/3649 2021/2491/3650
f 1949/2413/3651 1957/2412/3652 2021/2492/3653
f 2012/2474/3654 2013/2475/3655 2022/2493/3656
f 2013/2475/3657 2014/2476/3658 2022/2494/3659
f 2014/2476/3660 2015/2477/3661 2022/2495/3662
f 2015/2477/3663 2016/2478/3664 2022/2496/3665
f 2016/2478/3666 2017/2479/3667 2022/2497/3668
f 2017/2479/3669 2018/2480/3670 2022/2498/3671
f 2018/2480/3672 2019/2481/3673 2022/2499/3674
f 2019/2481/3675 2020/2482/3676 2022/2500/3677
f 2020/2482/3678 2012/2483/3679 2022/2501/3680
g default
v 0.151400 0.483400 -0.049193
v 0.128788 0.483400 -0.093570
v 0.093570 0.483400 -0.128788
v 0.049193 0.483400 -0.151400
v 0.000000 0.483400 -0.159191
v -0.049193 0.483400 -0.151400
v -0.093570 0.483400 -0.128788
v -0.128788 0.483400 -0.093570
v -0.151400 0.483400 -0.049193
v -0.159191 0.483400 0.000000
v -0.151400 0.483400 0.049193
v -0.128788 0.483400 0.093570
v -0.093570 0.483400 0.128788
v -0.049193 0.483400 0.151400
v -0.000000 0.483400 0.159191
v 0.049193 0.483400 0.151400
v 0.093570 0.483400 0.128788
v 0.128788 0.483400 0.093570
v 0.151400 0.483400 0.049193
v 0.159191 0.483400 0.000000
v 0.151400 0.563720 -0.049193
v 0.128788 0.563720 -0.093570
v 0.093570 0.563720 -0.128788
v 0.049193 0.563720 -0.151400
v 0.000000 0.563720 -0.159191
v -0.049193 0.563720 -0.151400
v -0.093570 0.563720 -0.128788
v -0.128788 0.563720 -0.093570
v -0.151400 0.563720 -0.049193
v -0.159191 0.563720 0.000000
v -0.151400 0.563720 0.049193
v -0.128788 0.563720 0.093570
v -0.093570 0.563720 0.128788
v -0.049193 0.563720 0.151400
v -0.000000 0.563720 0.159191
v 0.049193 0.563720 0.151400
v 0.093570 0.563720 0.128788
v 0.128788 0.563720 0.093570
v 0.151400 0.563720 0.049193
v 0.159191 0.563720 0.000000
v 0.000000 0.483400 0.000000
v 0.000000 0.563720 0.000000
vt 0.648603 0.107966
vt 0.626409 0.064408
vt 0.591842 0.029841
vt 0.548284 0.007647
vt 0.500000 -0.000000
vt 0.451716 0.007647
vt 0.408159 0.029841
vt 0.373591 0.064409
vt 0.351397 0.107966
vt 0.343750 0.156250
vt 0.351397 0.204534
vt 0.373591 0.248091
vt 0.408159 0.282659
vt 0.451716 0.304853
vt 0.500000 0.312500
vt 0.548284 0.304853
vt 0.591841 0.282659
vt 0.626409 0.248091
vt 0.648603 0.204534
vt 0.656250 0.156250
vt 0.375000 0.312500
vt 0.387500 0.312500
vt 0.400000 0.312500
vt 0.412500 0.312500
vt 0.425000 0.312500
vt 0.437500 0.312500
vt 0.450000 0.312500
vt 0.462500 0.312500
vt 0.475000 0.312500
vt 0.487500 0.312500
vt 0.500000 0.312500
vt 0.512500 0.312500
vt 0.525000 0.312500
vt 0.537500 0.312500
vt 0.550000 0.312500
vt 0.562500 0.312500
vt 0.575000 0.312500
vt 0.587500 0.312500
vt 0.600000 0.312500
vt 0.612500 0.312500
vt 0.625000 0.312500
vt 0.375000 0.687500
vt 0.387500 0.687500
vt 0.400000 0.687500
vt 0.412500 0.687500
vt 0.425000 0.687500
vt 0.437500 0.687500
vt 0.450000 0.687500
vt 0.462500 0.687500
vt 0.475000 0.687500
vt 0.487500 0.687500
vt 0.500000 0.687500
vt 0.512500 0.687500
vt 0.525000 0.687500
vt 0.537500 0.687500
vt 0.550000 0.687500
vt 0.562500 0.687500
vt 0.575000 0.687500
vt 0.587500 0.687500
vt 0.600000 0.687500
vt 0.612500 0.687500
vt 0.625000 0.687500
vt 0.648603 0.795466
vt 0.626409 0.751908
vt 0.591842 0.717341
vt 0.548284 0.695147
vt 0.500000 0.687500
vt 0.451716 0.695147
vt 0.408159 0.717341
vt 0.373591 0.751909
vt 0.351397 0.795466
vt 0.343750 0.843750
vt 0.351397 0.892034
vt 0.373591 0.935591
vt 0.408159 0.970159
vt 0.451716 0.992353
vt 0.500000 1.000000
vt 0.548284 0.992353
vt 0.591841 0.970159
vt 0.626409 0.935591
vt 0.648603 0.892034
vt 0.656250 0.843750
vt 0.500000 0.156250
vt 0.500000 0.843750
vn 0.951057 0.000000 -0.309016
vn 0.809017 0.000000 -0.587785
vn 0.951057 0.000000 -0.309016
vn 0.809017 0.000000 -0.587785
vn 0.587785 0.000000 -0.809017
vn 0.587785 0.000000 -0.809017
vn 0.309017 0.000000 -0.951057
vn 0.309017 0.000000 -0.951057
vn -0.000000 0.000000 -1.000000
vn 0.000000 0.000000 -1.000000
vn -0.309017 0.000000 -0.951057
vn -0.309017 0.000000 -0.951057
vn -0.587785 0.000000 -0.809017
vn -0.587785 0.000000 -0.809017
vn -0.809017 0.000000 -0.587785
vn -0.809017 0.000000 -0.587785
vn -0.951057 0.000000 -0.309017
vn -0.951057 0.000000 -0.309017
vn -1.000000 0.000000 -0.000000
vn -1.000000 0.000000 0.000000
vn -0.951056 0.000000 0.309017
vn -0.951056 0.000000 0.309017
vn -0.809017 0.000000 0.587785
vn -0.809017 0.000000 0.587785
vn -0.587785 0.000000 0.809017
vn -0.587785 0.000000 0.809017
vn -0.309017 0.000000 0.951057
vn -0.309017 0.000000 0.951057
vn 0.000000 0.000000 1.000000
vn 0.000000 0.000000 1.000000
vn 0.309017 0.000000 0.951056
vn 0.309017 0.000000 0.951056
vn 0.587785 0.000000 0.809017
vn 0.587785 0.000000 0.809017
vn 0.809017 0.000000 0.587785
vn 0.809017 0.000000 0.587785
vn 0.951057 0.000000 0.309017
vn 0.951057 0.000000 0.309017
vn 1.000000 0.000000 0.000001
vn 1.000000 0.000000 0.000001
vn 0.000000 -1.000000 0.000000
vn 0.000000 -1.000000 0.000000
vn 0.000000 -1.000000 0.000000
vn 0.000000 -1.000000 0.000000
vn 0.000000 -1.000000 0.000000
vn 0.000000 -1.000000 0.000000
vn 0.000000 -1.000000 0.000000
vn 0.000000 -1.000000 0.000000
vn 0.000000 -1.000000 0.000000
vn 0.000000 -1.000000 0.000000
vn 0.000000 -1.000000 0.000000
vn 0.000000 -1.000000 0.000000
vn 0.000000 -1.000000 0.000000
vn 0.000000 -1.000000 0.000000
vn 0.000000 -1.000000 0.000000
vn 0.000000 -1.000000 0.000000
vn 0.000000 -1.000000 0.000000
vn 0.000000 -1.000000 0.000000
vn 0.000000 -1.000000 0.000000
vn 0.000000 -1.000000 0.000000
vn 0.000000 -1.000000 0.000000
vn 0.000000 1.000000 0.000000
vn 0.000000 1.000000 0.000000
vn 0.000000 1.000000 0.000000
vn 0.000000 1.000000 0.000000
vn 0.000000 1.000000 0.000000
vn 0.000000 1.000000 0.000000
vn 0.000000 1.000000 0.000000
vn 0.000000 1.000000 0.000000
vn 0.000000 1.000000 0.000000
vn 0.000000 1.000000 0.000000
vn 0.000000 1.000000 0.000000
vn 0.000000 1.000000 0.000000
vn 0.000000 1.000000 0.000000
vn 0.000000 1.000000 0.000000
vn 0.000000 1.000000 0.000000
vn 0.000000 1.000000 0.000000
vn 0.000000 1.000000 0.000000
vn 0.000000 1.000000 0.000000
vn 0.000000 1.000000 0.000000
vn 0.000000 1.000000 0.000000
vn 0.000000 1.000000 0.000000
s 1
g group1 bomb:pCylinder2
usemtl bomb:lambert8SG
f 2023/2522/3681 2024/2523/3682 2043/2543/3683
f 2043/2543/3683 2024/2523/3682 2044/2544/3684
f 2024/2523/3682 2025/2524/3685 2044/2544/3684
f 2044/2544/3684 2025/2524/3685 2045/2545/3686
f 2025/2524/3685 2026/2525/3687 2045/2545/3686
f 2045/2545/3686 2026/2525/3687 2046/2546/3688
f 2026/2525/3687 2027/2526/3689 2046/2546/3688
f 2046/2546/3688 2027/2526/3689 2047/2547/3690
f 2027/2526/3689 2028/2527/3691 2047/2547/3690
f 2047/2547/3690 2028/2527/3691 2048/2548/3692
f 2028/2527/3691 2029/2528/3693 2048/2548/3692
f 2048/2548/3692 2029/2528/3693 2049/2549/3694
f 2029/2528/3693 2030/2529/3695 2049/2549/3694
f 2049/2549/3694 2030/2529/3695 2050/2550/3696
f 2030/2529/3695 2031/2530/3697 2050/2550/3696
f 2050/2550/3696 2031/2530/3697 2051/2551/3698
f 2031/2530/3697 2032/2531/3699 2051/2551/3698
f 2051/2551/3698 2032/2531/3699 2052/2552/3700
f 2032/2531/3699 2033/2532/3701 2052/2552/3700
f 2052/2552/3700 2033/2532/3701 2053/2553/3702
f 2033/2532/3701 2034/2533/3703 2053/2553/3702
f 2053/2553/3702 2034/2533/3703 2054/2554/3704
f 2034/2533/3703 2035/2534/3705 2054/2554/3704
f 2054/2554/3704 2035/2534/3705 2055/2555/3706
f 2035/2534/3705 2036/2535/3707 2055/2555/3706
f 2055/2555/3706 2036/2535/3707 2056/2556/3708
f 2036/2535/3707 2037/2536/3709 2056/2556/3708
f 2056/2556/3708 2037/2536/3709 2057/2557/3710
f 2037/2536/3709 2038/2537/3711 2057/2557/3710
f 2057/2557/3710 2038/2537/3711 2058/2558/3712
f 2038/2537/3711 2039/2538/3713 2058/2558/3712
f 2058/2558/3712 2039/2538/3713 2059/2559/3714
f 2039/2538/3713 2040/2539/3715 2059/2559/3714
f 2059/2559/3714 2040/2539/3715 2060/2560/3716
f 2040/2539/3715 2041/2540/3717 2060/2560/3716
f 2060/2560/3716 2041/2540/3717 2061/2561/3718
f 2041/2540/3717 2042/2541/3719 2061/2561/3718
f 2061/2561/3718 2042/2541/3719 2062/2562/3720
f 2042/2541/3719 2023/2542/3681 2062/2562/3720
f 2062/2562/3720 2023/2542/3681 2043/2563/3683
s 2
f 2024/2503/3721 2023/2502/3722 2063/2584/3723
f 2025/2504/3724 2024/2503/3721 2063/2584/3723
f 2026/2505/3725 2025/2504/3724 2063/2584/3723
f 2027/2506/3726 2026/2505/3725 2063/2584/3723
f 2028/2507/3727 2027/2506/3726 2063/2584/3723
f 2029/2508/3728 2028/2507/3727 2063/2584/3723
f 2030/2509/3729 2029/2508/3728 2063/2584/3723
f 2031/2510/3730 2030/2509/3729 2063/2584/3723
f 2032/2511/3731 2031/2510/3730 2063/2584/3723
f 2033/2512/3732 2032/2511/3731 2063/2584/3723
f 2034/2513/3733 2033/2512/3732 2063/2584/3723
f 2035/2514/3734 2034/2513/3733 2063/2584/3723
f 2036/2515/3735 2035/2514/3734 2063/2584/3723
f 2037/2516/3736 2036/2515/3735 2063/2584/3723
f 2038/2517/3737 2037/2516/3736 2063/2584/3723
f 2039/2518/3738 2038/2517/3737 2063/2584/3723
f 2040/2519/3739 2039/2518/3738 2063/2584/3723
f 2041/2520/3740 2040/2519/3739 2063/2584/3723
f 2042/2521/3741 2041/2520/3740 2063/2584/3723
f 2023/2502/3722 2042/2521/3741 2063/2584/3723
s 3
f 2043/2582/3742 2044/2581/3743 2064/2585/3744
f 2044/2581/3743 2045/2580/3745 2064/2585/3744
f 2045/2580/3745 2046/2579/3746 2064/2585/3744
f 2046/2579/3746 2047/2578/3747 2064/2585/3744
f 2047/2578/3747 2048/2577/3748 2064/2585/3744
f 2048/2577/3748 2049/2576/3749 2064/2585/3744
f 2049/2576/3749 2050/2575/3750 2064/2585/3744
f 2050/2575/3750 2051/2574/3751 2064/2585/3744
f 2051/2574/3751 2052/2573/3752 2064/2585/3744
f 2052/2573/3752 2053/2572/3753 2064/2585/3744
f 2053/2572/3753 2054/2571/3754 2064/2585/3744
f 2054/2571/3754 2055/2570/3755 2064/2585/3744
f 2055/2570/3755 2056/2569/3756 2064/2585/3744
f 2056/2569/3756 2057/2568/3757 2064/2585/3744
f 2057/2568/3757 2058/2567/3758 2064/2585/3744
f 2058/2567/3758 2059/2566/3759 2064/2585/3744
f 2059/2566/3759 2060/2565/3760 2064/2585/3744
f 2060/2565/3760 2061/2564/3761 2064/2585/3744
f 2061/2564/3761 2062/2583/3762 2064/2585/3744
f 2062/2583/3762 2043/2582/3742 2064/2585/3744
