# This file uses centimeters as units for non-parametric coordinates.

mtllib item_ball.mtl
g default
v 0.212264 0.539537 -0.099116
v 0.230566 0.491098 -0.181266
v 0.261623 0.433314 -0.248632
v 0.296824 0.370372 -0.298771
v 0.327557 0.289994 -0.331642
v 0.348602 0.192185 -0.349567
v 0.361364 0.087945 -0.357225
v 0.371955 -0.011643 -0.367900
v 0.385271 -0.100529 -0.377349
v 0.398553 -0.179304 -0.380752
v 0.396568 -0.252757 -0.378431
v 0.364585 -0.324784 -0.370747
v 0.288875 -0.391977 -0.349260
v 0.153636 -0.458734 -0.303327
v -0.000000 -0.495474 -0.271136
v -0.153636 -0.458734 -0.303327
v -0.288875 -0.391977 -0.349261
v -0.364585 -0.324783 -0.370748
v -0.396567 -0.252756 -0.378431
v -0.398553 -0.179305 -0.380752
v -0.385271 -0.100529 -0.377349
v -0.371955 -0.011643 -0.367900
v -0.361364 0.087945 -0.357228
v -0.348601 0.192185 -0.349567
v -0.327557 0.289994 -0.331642
v -0.296824 0.370371 -0.298770
v -0.261622 0.433314 -0.248631
v -0.230566 0.491098 -0.181266
v -0.212265 0.539537 -0.099115
v -0.212603 0.560567 -0.006750
v -0.213491 0.544509 0.081360
v -0.232815 0.503595 0.158743
v -0.265502 0.454016 0.221941
v -0.303027 0.397873 0.269792
v -0.336192 0.328205 0.303761
v -0.358406 0.238727 0.327175
v -0.370019 0.138002 0.342741
v -0.377720 0.035538 0.360146
v -0.385443 -0.062248 0.379968
v -0.378135 -0.153427 0.392984
v -0.358069 -0.239191 0.392945
v -0.318481 -0.320349 0.378082
v -0.252526 -0.391811 0.349312
v -0.151408 -0.458735 0.308595
v 0.000000 -0.495474 0.268575
v 0.151408 -0.458735 0.308595
v 0.252527 -0.391811 0.349311
v 0.318482 -0.320349 0.378083
v 0.358069 -0.239191 0.392945
v 0.378135 -0.153426 0.392984
v 0.385442 -0.062247 0.379968
v 0.377720 0.035538 0.360147
v 0.370019 0.138002 0.342739
v 0.358406 0.238727 0.327175
v 0.336192 0.328204 0.303760
v 0.303027 0.397873 0.269793
v 0.265502 0.454016 0.221942
v 0.232815 0.503594 0.158743
v 0.213491 0.544510 0.081360
v 0.212603 0.560567 -0.006750
v 0.199464 0.540306 -0.102736
v 0.219617 0.491789 -0.188283
v 0.253251 0.436076 -0.258427
v 0.291732 0.375051 -0.310472
v 0.325546 0.293546 -0.344552
v 0.349279 0.193556 -0.363256
v 0.364486 0.086811 -0.371041
v 0.377754 -0.014835 -0.381434
v 0.393430 -0.105451 -0.390366
v 0.408509 -0.185564 -0.392980
v 0.406855 -0.260526 -0.389640
v 0.373555 -0.334429 -0.381246
v 0.294750 -0.403612 -0.358243
v 0.156237 -0.471079 -0.310782
v -0.000000 -0.508642 -0.279140
v -0.156238 -0.471079 -0.310782
v -0.294750 -0.403612 -0.358243
v -0.373555 -0.334429 -0.381246
v -0.406855 -0.260525 -0.389640
v -0.408509 -0.185563 -0.392981
v -0.393430 -0.105451 -0.390366
v -0.377754 -0.014835 -0.381432
v -0.364486 0.086811 -0.371026
v -0.349279 0.193556 -0.363256
v -0.325546 0.293546 -0.344553
v -0.291732 0.375051 -0.310473
v -0.253251 0.436076 -0.258426
v -0.219617 0.491790 -0.188283
v -0.199465 0.540305 -0.102735
v -0.199011 0.561783 -0.006454
v -0.200734 0.545294 0.085556
v -0.221930 0.504008 0.166249
v -0.257227 0.456445 0.231991
v -0.298103 0.403185 0.281540
v -0.334464 0.332964 0.316529
v -0.359417 0.241842 0.340629
v -0.373389 0.138846 0.356627
v -0.383629 0.034081 0.373576
v -0.393802 -0.065931 0.392680
v -0.388928 -0.159088 0.404715
v -0.369733 -0.246862 0.403905
v -0.328495 -0.330120 0.388213
v -0.259428 -0.403490 0.357882
v -0.154510 -0.471080 0.315732
v 0.000000 -0.508642 0.275945
v 0.154510 -0.471080 0.315732
v 0.259428 -0.403489 0.357882
v 0.328495 -0.330119 0.388213
v 0.369734 -0.246863 0.403906
v 0.388928 -0.159088 0.404715
v 0.393802 -0.065932 0.392681
v 0.383629 0.034081 0.373579
v 0.373388 0.138846 0.356628
v 0.359416 0.241842 0.340629
v 0.334463 0.332964 0.316528
v 0.298103 0.403185 0.281540
v 0.257227 0.456446 0.231990
v 0.221930 0.504008 0.166250
v 0.200733 0.545293 0.085556
v 0.199011 0.561783 -0.006454
v 0.188233 0.542199 -0.106538
v 0.210662 0.493750 -0.195567
v 0.247561 0.440546 -0.268439
v 0.290020 0.381259 -0.322187
v 0.327765 0.298513 -0.357119
v 0.354753 0.195981 -0.376134
v 0.372737 0.086297 -0.383421
v 0.388903 -0.017719 -0.392855
v 0.407153 -0.110220 -0.400656
v 0.423387 -0.192068 -0.401489
v 0.421684 -0.268871 -0.396841
v 0.386151 -0.345211 -0.387449
v 0.302838 -0.417020 -0.362247
v 0.160011 -0.485316 -0.313192
v -0.000000 -0.524073 -0.282172
v -0.160012 -0.485316 -0.313192
v -0.302838 -0.417020 -0.362248
v -0.386152 -0.345213 -0.387450
v -0.421684 -0.268872 -0.396841
v -0.423387 -0.192067 -0.401488
v -0.407153 -0.110220 -0.400656
v -0.388903 -0.017720 -0.392856
v -0.372737 0.086297 -0.383421
v -0.354753 0.195981 -0.376134
v -0.327764 0.298513 -0.357117
v -0.290020 0.381259 -0.322188
v -0.247561 0.440547 -0.268439
v -0.210661 0.493751 -0.195567
v -0.188233 0.542200 -0.106538
v -0.186787 0.564214 -0.006187
v -0.189559 0.547209 0.089865
v -0.213049 0.505746 0.173927
v -0.251642 0.460533 0.242115
v -0.296552 0.409987 0.293138
v -0.336944 0.339035 0.328766
v -0.365183 0.245859 0.353041
v -0.381844 0.140094 0.369030
v -0.394785 0.032620 0.384742
v -0.407633 -0.069857 0.402431
v -0.404979 -0.165306 0.412902
v -0.386336 -0.255337 0.410762
v -0.342263 -0.341143 0.393908
v -0.268959 -0.416935 0.361500
v -0.158821 -0.485317 0.317652
v 0.000000 -0.524073 0.278162
v 0.158821 -0.485317 0.317652
v 0.268960 -0.416935 0.361500
v 0.342263 -0.341144 0.393907
v 0.386336 -0.255334 0.410761
v 0.404979 -0.165307 0.412903
v 0.407633 -0.069856 0.402431
v 0.394785 0.032621 0.384742
v 0.381844 0.140095 0.369028
v 0.365183 0.245860 0.353041
v 0.336944 0.339035 0.328766
v 0.296552 0.409987 0.293137
v 0.251642 0.460533 0.242115
v 0.213050 0.505747 0.173927
v 0.189558 0.547209 0.089865
v 0.186787 0.564213 -0.006187
v 0.179577 0.544903 -0.110168
v 0.204465 0.496678 -0.202447
v 0.245031 0.446265 -0.277716
v 0.291948 0.388426 -0.332802
v 0.334179 0.304508 -0.368104
v 0.364842 0.199395 -0.386928
v 0.385559 0.086524 -0.393197
v 0.404713 -0.019823 -0.400855
v 0.425425 -0.114205 -0.406611
v 0.442283 -0.197944 -0.405171
v 0.439887 -0.276880 -0.398920
v 0.401260 -0.356040 -0.388342
v 0.312307 -0.430901 -0.360548
v 0.164632 -0.500060 -0.309936
v -0.000000 -0.540280 -0.279572
v -0.164632 -0.500060 -0.309934
v -0.312307 -0.430901 -0.360548
v -0.401260 -0.356039 -0.388342
v -0.439887 -0.276881 -0.398920
v -0.442283 -0.197944 -0.405171
v -0.425424 -0.114205 -0.406612
v -0.404712 -0.019822 -0.400855
v -0.385559 0.086524 -0.393149
v -0.364842 0.199395 -0.386929
v -0.334179 0.304508 -0.368103
v -0.291948 0.388426 -0.332801
v -0.245031 0.446265 -0.277714
v -0.204464 0.496677 -0.202446
v -0.179577 0.544903 -0.110168
v -0.177148 0.567467 -0.005959
v -0.180959 0.549930 0.093895
v -0.206938 0.508480 0.181054
v -0.249209 0.465856 0.251406
v -0.298619 0.417639 0.303498
v -0.343568 0.345895 0.339280
v -0.375501 0.250503 0.363307
v -0.394787 0.141684 0.378680
v -0.410544 0.031433 0.392409
v -0.426051 -0.073513 0.407753
v -0.425269 -0.171290 0.416030
v -0.406523 -0.263703 0.412358
v -0.358509 -0.352307 0.394202
v -0.280091 -0.430860 0.359355
v -0.163899 -0.500060 0.313606
v 0.000000 -0.540280 0.274668
v 0.163899 -0.500060 0.313608
v 0.280092 -0.430860 0.359355
v 0.358510 -0.352308 0.394202
v 0.406521 -0.263703 0.412358
v 0.425269 -0.171290 0.416029
v 0.426051 -0.073512 0.407753
v 0.410544 0.031432 0.392410
v 0.394787 0.141685 0.378681
v 0.375501 0.250503 0.363307
v 0.343568 0.345895 0.339280
v 0.298619 0.417639 0.303498
v 0.249209 0.465856 0.251406
v 0.206938 0.508481 0.181054
v 0.180960 0.549929 0.093895
v 0.177148 0.567466 -0.005959
v 0.174303 0.548282 -0.113267
v 0.201560 0.500392 -0.208237
v 0.245859 0.452724 -0.285374
v 0.297363 0.396072 -0.341204
v 0.344156 0.311160 -0.376375
v 0.378285 0.203519 -0.394499
v 0.401732 0.087742 -0.399106
v 0.423631 -0.020659 -0.404345
v 0.446452 -0.116705 -0.407293
v 0.463367 -0.202337 -0.403169
v 0.459766 -0.283489 -0.395403
v 0.417348 -0.365614 -0.383580
v 0.322393 -0.443635 -0.352993
v 0.169631 -0.513600 -0.301026
v -0.000000 -0.555423 -0.271417
v -0.169632 -0.513600 -0.301026
v -0.322393 -0.443635 -0.352994
v -0.417349 -0.365613 -0.383580
v -0.459766 -0.283489 -0.395403
v -0.463367 -0.202338 -0.403169
v -0.446452 -0.116705 -0.407293
v -0.423630 -0.020659 -0.404344
v -0.401731 0.087742 -0.399106
v -0.378284 0.203519 -0.394497
v -0.344156 0.311159 -0.376375
v -0.297363 0.396071 -0.341204
v -0.245858 0.452724 -0.285373
v -0.201559 0.500392 -0.208237
v -0.174303 0.548282 -0.113267
v -0.170736 0.571315 -0.005829
v -0.175741 0.553307 0.097243
v -0.204112 0.512072 0.186929
v -0.250127 0.472012 0.258904
v -0.304135 0.425598 0.311574
v -0.353682 0.353092 0.346965
v -0.389080 0.255454 0.370180
v -0.410974 0.143711 0.384440
v -0.429348 0.030901 0.395565
v -0.447300 -0.076237 0.407891
v -0.448154 -0.176163 0.413398
v -0.428304 -0.270847 0.408309
v -0.375543 -0.362246 0.388852
v -0.292096 -0.443636 0.351489
v -0.169245 -0.513601 0.303831
v 0.000000 -0.555422 0.265648
v 0.169245 -0.513600 0.303831
v 0.292096 -0.443637 0.351489
v 0.375542 -0.362246 0.388852
v 0.428305 -0.270846 0.408308
v 0.448153 -0.176162 0.413398
v 0.447300 -0.076237 0.407892
v 0.429348 0.030900 0.395565
v 0.410974 0.143711 0.384439
v 0.389080 0.255454 0.370180
v 0.353682 0.353092 0.346965
v 0.304135 0.425597 0.311573
v 0.250127 0.472012 0.258905
v 0.204112 0.512072 0.186929
v 0.175741 0.553306 0.097243
v 0.170736 0.571314 -0.005830
v 0.172940 0.552258 -0.115499
v 0.202301 0.504858 -0.212297
v 0.249953 0.459465 -0.290563
v 0.305709 0.403738 -0.346601
v 0.356770 0.318235 -0.381026
v 0.393967 0.208508 -0.397991
v 0.419506 0.090188 -0.400582
v 0.443563 -0.019801 -0.402758
v 0.467798 -0.117152 -0.402433
v 0.484299 -0.204521 -0.395556
v 0.478981 -0.287804 -0.386730
v 0.432671 -0.372650 -0.373671
v 0.331497 -0.453634 -0.340215
v 0.174449 -0.524228 -0.287458
v -0.000000 -0.567591 -0.258596
v -0.174449 -0.524228 -0.287457
v -0.331497 -0.453634 -0.340215
v -0.432672 -0.372651 -0.373672
v -0.478981 -0.287803 -0.386730
v -0.484298 -0.204521 -0.395555
v -0.467798 -0.117152 -0.402434
v -0.443563 -0.019801 -0.402758
v -0.419506 0.090189 -0.400581
v -0.393967 0.208508 -0.397991
v -0.356770 0.318235 -0.381025
v -0.305709 0.403737 -0.346600
v -0.249953 0.459464 -0.290563
v -0.202300 0.504857 -0.212297
v -0.172940 0.552259 -0.115498
v -0.168530 0.575658 -0.005758
v -0.174432 0.557392 0.099546
v -0.204919 0.516542 0.190918
v -0.254282 0.478550 0.263829
v -0.312525 0.433386 0.316480
v -0.366337 0.360282 0.350968
v -0.404771 0.260667 0.372856
v -0.428685 0.146320 0.385650
v -0.449125 0.031423 0.393733
v -0.468945 -0.077421 0.402515
v -0.470885 -0.179124 0.405231
v -0.448995 -0.275770 0.399055
v -0.391386 -0.369628 0.378421
v -0.303355 -0.453633 0.338780
v -0.174283 -0.524229 0.289423
v 0.000000 -0.567591 0.252089
v 0.174284 -0.524229 0.289425
v 0.303355 -0.453633 0.338780
v 0.391387 -0.369624 0.378420
v 0.448995 -0.275770 0.399056
v 0.470885 -0.179123 0.405231
v 0.468944 -0.077420 0.402515
v 0.449125 0.031425 0.393734
v 0.428685 0.146320 0.385650
v 0.404770 0.260666 0.372857
v 0.366337 0.360282 0.350968
v 0.312525 0.433386 0.316482
v 0.254283 0.478550 0.263830
v 0.204919 0.516542 0.190917
v 0.174433 0.557392 0.099546
v 0.168530 0.575659 -0.005758
v 0.175608 0.556928 -0.116603
v 0.206656 0.509953 -0.214147
v 0.256920 0.466009 -0.292717
v 0.316120 0.411019 -0.348237
v 0.370754 0.325430 -0.381503
v 0.410034 0.214106 -0.397014
v 0.436828 0.093904 -0.397397
v 0.462139 -0.017083 -0.396240
v 0.486916 -0.115307 -0.392680
v 0.502196 -0.204254 -0.383360
v 0.495217 -0.289171 -0.373995
v 0.445458 -0.376167 -0.359906
v 0.339367 -0.459470 -0.324086
v 0.178515 -0.530500 -0.270949
v -0.000000 -0.575184 -0.242663
v -0.178516 -0.530501 -0.270947
v -0.339368 -0.459469 -0.324086
v -0.445458 -0.376167 -0.359906
v -0.495217 -0.289170 -0.373995
v -0.502196 -0.204254 -0.383361
v -0.486916 -0.115307 -0.392681
v -0.462138 -0.017083 -0.396241
v -0.436828 0.093905 -0.397397
v -0.410034 0.214106 -0.397014
v -0.370754 0.325430 -0.381503
v -0.316120 0.411019 -0.348236
v -0.256920 0.466009 -0.292717
v -0.206656 0.509953 -0.214147
v -0.175608 0.556927 -0.116602
v -0.170674 0.580456 -0.005762
v -0.177149 0.562100 0.100526
v -0.209322 0.521876 0.192545
v -0.261277 0.485010 0.265595
v -0.322924 0.440541 0.317600
v -0.380250 0.367093 0.350808
v -0.420736 0.265888 0.371061
v -0.445875 0.149537 0.382114
v -0.467550 0.033222 0.387062
v -0.488357 -0.076714 0.392252
v -0.490438 -0.179760 0.392689
v -0.466100 -0.277742 0.385824
v -0.404267 -0.373413 0.364309
v -0.312913 -0.459468 0.322851
v -0.178453 -0.530499 0.272210
v 0.000000 -0.575184 0.235658
v 0.178453 -0.530499 0.272211
v 0.312914 -0.459468 0.322850
v 0.404268 -0.373414 0.364310
v 0.466099 -0.277741 0.385824
v 0.490438 -0.179760 0.392689
v 0.488357 -0.076714 0.392252
v 0.467550 0.033222 0.387061
v 0.445875 0.149538 0.382114
v 0.420736 0.265888 0.371060
v 0.380250 0.367093 0.350807
v 0.322924 0.440541 0.317600
v 0.261277 0.485010 0.265594
v 0.209322 0.521875 0.192545
v 0.177149 0.562100 0.100526
v 0.170674 0.580456 -0.005762
v 0.182284 0.562109 -0.116391
v 0.214242 0.515413 -0.213527
v 0.266108 0.471880 -0.291540
v 0.327538 0.417402 -0.345872
v 0.384561 0.332183 -0.377718
v 0.424451 0.219722 -0.391682
v 0.451621 0.098608 -0.389868
v 0.477149 -0.012717 -0.385651
v 0.501220 -0.111504 -0.379420
v 0.514840 -0.201558 -0.368191
v 0.506173 -0.287504 -0.358890
v 0.454175 -0.375695 -0.344108
v 0.345062 -0.460374 -0.306575
v 0.181350 -0.531641 -0.253786
v -0.000000 -0.577240 -0.225745
v -0.181350 -0.531640 -0.253787
v -0.345063 -0.460374 -0.306576
v -0.454175 -0.375694 -0.344108
v -0.506173 -0.287504 -0.358891
v -0.514840 -0.201559 -0.368191
v -0.501219 -0.111503 -0.379420
v -0.477149 -0.012716 -0.385650
v -0.451621 0.098608 -0.389869
v -0.424451 0.219722 -0.391681
v -0.384560 0.332183 -0.377718
v -0.327538 0.417401 -0.345871
v -0.266107 0.471880 -0.291539
v -0.214242 0.515413 -0.213527
v -0.182284 0.562110 -0.116390
v -0.176995 0.585586 -0.005840
v -0.183863 0.567281 0.100069
v -0.216928 0.527634 0.191580
v -0.270455 0.490922 0.263933
v -0.334252 0.446530 0.314828
v -0.393880 0.372999 0.346452
v -0.434959 0.270628 0.364937
v -0.460496 0.153131 0.374141
v -0.482406 0.036183 0.376283
v -0.502884 -0.074247 0.378538
v -0.504316 -0.177991 0.377462
v -0.477194 -0.276577 0.370446
v -0.412638 -0.373126 0.348354
v -0.319895 -0.460370 0.305796
v -0.181350 -0.531640 0.254409
v 0.000000 -0.577240 0.218416
v 0.181350 -0.531640 0.254407
v 0.319895 -0.460370 0.305797
v 0.412638 -0.373127 0.348354
v 0.477194 -0.276576 0.370446
v 0.504317 -0.177990 0.377463
v 0.502884 -0.074248 0.378538
v 0.482406 0.036183 0.376283
v 0.460495 0.153131 0.374141
v 0.434959 0.270628 0.364936
v 0.393880 0.372999 0.346452
v 0.334252 0.446531 0.314829
v 0.270455 0.490922 0.263933
v 0.216928 0.527634 0.191579
v 0.183863 0.567281 0.100069
v 0.176995 0.585585 -0.005840
v 0.192209 0.567457 -0.114891
v 0.224349 0.521131 -0.210483
v 0.276713 0.476731 -0.286852
v 0.338840 0.422275 -0.339625
v 0.396666 0.337715 -0.370062
v 0.435635 0.224687 -0.382576
v 0.462177 0.103694 -0.378805
v 0.486932 -0.007275 -0.372372
v 0.508688 -0.106526 -0.364583
v 0.520703 -0.196871 -0.353633
v 0.511006 -0.282923 -0.343332
v 0.457857 -0.371362 -0.328280
v 0.347914 -0.456328 -0.289868
v 0.182641 -0.527654 -0.237981
v -0.000000 -0.573609 -0.209805
v -0.182642 -0.527653 -0.237981
v -0.347914 -0.456327 -0.289869
v -0.457857 -0.371361 -0.328280
v -0.511006 -0.282922 -0.343332
v -0.520703 -0.196871 -0.353633
v -0.508687 -0.106525 -0.364584
v -0.486931 -0.007274 -0.372371
v -0.462177 0.103694 -0.378807
v -0.435635 0.224687 -0.382576
v -0.396666 0.337715 -0.370062
v -0.338840 0.422275 -0.339624
v -0.276713 0.476731 -0.286851
v -0.224348 0.521131 -0.210483
v -0.192209 0.567457 -0.114890
v -0.186875 0.590688 -0.005991
v -0.193804 0.572619 0.098180
v -0.227034 0.533382 0.188065
v -0.280950 0.495766 0.259022
v -0.345420 0.450771 0.308247
v -0.405727 0.377338 0.338341
v -0.445881 0.274313 0.355162
v -0.470858 0.156608 0.362551
v -0.492100 0.039914 0.362807
v -0.510462 -0.070592 0.363608
v -0.510719 -0.174160 0.362126
v -0.481393 -0.272400 0.354841
v -0.415762 -0.368860 0.332627
v -0.323589 -0.456331 0.289750
v -0.182641 -0.527653 0.238375
v 0.000000 -0.573609 0.202475
v 0.182641 -0.527653 0.238375
v 0.323590 -0.456331 0.289750
v 0.415762 -0.368859 0.332627
v 0.481393 -0.272399 0.354841
v 0.510719 -0.174159 0.362125
v 0.510462 -0.070592 0.363608
v 0.492100 0.039914 0.362809
v 0.470857 0.156608 0.362549
v 0.445881 0.274313 0.355161
v 0.405727 0.377338 0.338342
v 0.345420 0.450770 0.308248
v 0.280949 0.495765 0.259023
v 0.227034 0.533381 0.188064
v 0.193805 0.572619 0.098180
v 0.186874 0.590688 -0.005991
v 0.204537 0.572394 -0.112252
v 0.236108 0.526293 -0.205285
v 0.287724 0.480004 -0.279280
v 0.348781 0.424834 -0.330301
v 0.404386 0.340027 -0.359458
v 0.442518 0.228262 -0.370738
v 0.467471 0.108385 -0.365509
v 0.490506 -0.001592 -0.357894
v 0.508736 -0.101088 -0.350177
v 0.519327 -0.190851 -0.339706
v 0.508710 -0.276317 -0.329033
v 0.455626 -0.363960 -0.314071
v 0.347609 -0.447984 -0.276539
v 0.182289 -0.519203 -0.225385
v -0.000000 -0.564924 -0.196570
v -0.182289 -0.519203 -0.225386
v -0.347609 -0.447986 -0.276539
v -0.455626 -0.363960 -0.314071
v -0.508710 -0.276318 -0.329033
v -0.519326 -0.190851 -0.339706
v -0.508736 -0.101087 -0.350177
v -0.490506 -0.001592 -0.357894
v -0.467470 0.108385 -0.365447
v -0.442518 0.228262 -0.370739
v -0.404386 0.340026 -0.359457
v -0.348781 0.424834 -0.330301
v -0.287724 0.480004 -0.279281
v -0.236108 0.526294 -0.205285
v -0.204537 0.572395 -0.112252
v -0.199424 0.595233 -0.006203
v -0.206148 0.577602 0.095040
v -0.238748 0.538515 0.182388
v -0.291861 0.499111 0.251133
v -0.355211 0.452599 0.298529
v -0.413233 0.378782 0.327207
v -0.452436 0.276330 0.342806
v -0.475973 0.159386 0.348740
v -0.495588 0.043732 0.347999
v -0.510491 -0.066365 0.349182
v -0.507858 -0.168872 0.348151
v -0.477862 -0.266034 0.340741
v -0.412945 -0.361396 0.318794
v -0.321728 -0.447982 0.276320
v -0.182227 -0.519202 0.225956
v 0.000000 -0.564924 0.189474
v 0.182227 -0.519202 0.225955
v 0.321728 -0.447980 0.276319
v 0.412945 -0.361396 0.318794
v 0.477861 -0.266032 0.340741
v 0.507859 -0.168873 0.348151
v 0.510491 -0.066365 0.349182
v 0.495588 0.043732 0.347999
v 0.475973 0.159385 0.348739
v 0.452436 0.276330 0.342805
v 0.413233 0.378782 0.327208
v 0.355210 0.452599 0.298529
v 0.291861 0.499111 0.251133
v 0.238747 0.538515 0.182388
v 0.206148 0.577601 0.095040
v 0.199423 0.595233 -0.006203
v 0.218105 0.576162 -0.108770
v 0.248418 0.530194 -0.198516
v 0.298002 0.481153 -0.269759
v 0.356414 0.424487 -0.318891
v 0.408736 0.339871 -0.346904
v 0.444523 0.229780 -0.357216
v 0.467280 0.111946 -0.351369
v 0.487174 0.003056 -0.343911
v 0.501847 -0.095880 -0.337271
v 0.510886 -0.184463 -0.327634
v 0.500096 -0.268491 -0.317222
v 0.448961 -0.354263 -0.302832
v 0.344292 -0.436526 -0.267774
v 0.180400 -0.507393 -0.216968
v -0.000000 -0.552408 -0.187301
v -0.180400 -0.507392 -0.216967
v -0.344292 -0.436526 -0.267774
v -0.448962 -0.354263 -0.302832
v -0.500096 -0.268490 -0.317222
v -0.510886 -0.184462 -0.327635
v -0.501847 -0.095879 -0.337271
v -0.487174 0.003056 -0.343911
v -0.467279 0.111946 -0.351308
v -0.444523 0.229780 -0.357216
v -0.408735 0.339871 -0.346904
v -0.356414 0.424487 -0.318891
v -0.298001 0.481153 -0.269761
v -0.248418 0.530194 -0.198516
v -0.218106 0.576162 -0.108770
v -0.213449 0.598496 -0.006462
v -0.219711 0.581348 0.091005
v -0.251007 0.542348 0.175105
v -0.302064 0.500458 0.241168
v -0.362660 0.451521 0.286867
v -0.417324 0.377565 0.314376
v -0.454154 0.276188 0.329179
v -0.475566 0.160919 0.334244
v -0.492221 0.046714 0.333667
v -0.503466 -0.062178 0.336215
v -0.497668 -0.163005 0.336405
v -0.467759 -0.258301 0.329494
v -0.405560 -0.351608 0.308023
v -0.315949 -0.436525 0.267079
v -0.180169 -0.507392 0.217997
v 0.000000 -0.552408 0.180631
v 0.180169 -0.507392 0.217998
v 0.315949 -0.436524 0.267079
v 0.405560 -0.351608 0.308024
v 0.467759 -0.258300 0.329493
v 0.497669 -0.163005 0.336405
v 0.503465 -0.062178 0.336215
v 0.492221 0.046714 0.333667
v 0.475566 0.160919 0.334244
v 0.454153 0.276188 0.329179
v 0.417324 0.377565 0.314376
v 0.362660 0.451521 0.286867
v 0.302064 0.500457 0.241167
v 0.251007 0.542348 0.175105
v 0.219711 0.581347 0.091005
v 0.213449 0.598496 -0.006462
v 0.231538 0.577943 -0.104843
v 0.260071 0.531957 -0.190923
v 0.306670 0.479895 -0.259301
v 0.361080 0.420975 -0.306652
v 0.409326 0.336923 -0.333710
v 0.442115 0.229181 -0.343386
v 0.461909 0.113807 -0.337700
v 0.477986 0.006274 -0.331578
v 0.489587 -0.091276 -0.326736
v 0.497229 -0.178208 -0.318511
v 0.486563 -0.260335 -0.308819
v 0.437966 -0.343684 -0.295084
v 0.337956 -0.423439 -0.262814
v 0.177246 -0.493668 -0.213062
v -0.000000 -0.537616 -0.182379
v -0.177246 -0.493667 -0.213062
v -0.337956 -0.423441 -0.262812
v -0.437966 -0.343684 -0.295084
v -0.486564 -0.260336 -0.308819
v -0.497230 -0.178208 -0.318511
v -0.489587 -0.091276 -0.326736
v -0.477986 0.006275 -0.331580
v -0.461909 0.113808 -0.337700
v -0.442115 0.229181 -0.343387
v -0.409325 0.336923 -0.333709
v -0.361079 0.420975 -0.306652
v -0.306670 0.479895 -0.259301
v -0.260071 0.531957 -0.190924
v -0.231538 0.577943 -0.104843
v -0.227586 0.599769 -0.006748
v -0.233120 0.583093 0.086496
v -0.262585 0.544084 0.167058
v -0.310631 0.499409 0.230373
v -0.367150 0.447360 0.274424
v -0.417648 0.373524 0.301176
v -0.451460 0.273848 0.315536
v -0.470019 0.160862 0.320549
v -0.483006 0.048514 0.321058
v -0.490941 -0.058402 0.325725
v -0.482155 -0.157076 0.327818
v -0.452602 -0.250119 0.321684
v -0.393825 -0.340859 0.301087
v -0.307177 -0.423413 0.262305
v -0.176752 -0.493667 0.214783
v 0.000000 -0.537616 0.176387
v 0.176752 -0.493667 0.214783
v 0.307176 -0.423410 0.262306
v 0.393825 -0.340859 0.301087
v 0.452602 -0.250117 0.321684
v 0.482156 -0.157077 0.327818
v 0.490941 -0.058402 0.325724
v 0.483005 0.048513 0.321058
v 0.470018 0.160862 0.320548
v 0.451460 0.273848 0.315535
v 0.417648 0.373525 0.301178
v 0.367149 0.447360 0.274424
v 0.310631 0.499408 0.230373
v 0.262585 0.544084 0.167057
v 0.233120 0.583092 0.086496
v 0.227585 0.599769 -0.006748
v 0.243480 0.577229 -0.100887
v 0.269838 0.531037 -0.183337
v 0.312847 0.476116 -0.248983
v 0.362609 0.414648 -0.294751
v 0.406288 0.331398 -0.321193
v 0.435357 0.226091 -0.330742
v 0.452256 0.113740 -0.325953
v 0.464476 0.007906 -0.321882
v 0.473666 -0.087660 -0.319239
v 0.480196 -0.172668 -0.312870
v 0.469916 -0.252659 -0.304303
v 0.424432 -0.333229 -0.291425
v 0.329663 -0.410114 -0.262072
v 0.173208 -0.479548 -0.213517
v -0.000000 -0.522170 -0.181980
v -0.173209 -0.479548 -0.213520
v -0.329663 -0.410113 -0.262073
v -0.424432 -0.333228 -0.291425
v -0.469916 -0.252659 -0.304303
v -0.480196 -0.172668 -0.312870
v -0.473666 -0.087660 -0.319240
v -0.464476 0.007907 -0.321882
v -0.452256 0.113740 -0.325952
v -0.435357 0.226091 -0.330742
v -0.406287 0.331398 -0.321192
v -0.362609 0.414648 -0.294750
v -0.312847 0.476117 -0.248983
v -0.269837 0.531035 -0.183337
v -0.243479 0.577229 -0.100887
v -0.240405 0.598563 -0.007035
v -0.245008 0.582289 0.082004
v -0.272270 0.543204 0.159085
v -0.316707 0.495860 0.219839
v -0.368512 0.440445 0.262554
v -0.414363 0.366979 0.288944
v -0.444458 0.269266 0.303388
v -0.460170 0.159134 0.308883
v -0.469510 0.049053 0.311320
v -0.474677 -0.055381 0.318515
v -0.463247 -0.151686 0.322727
v -0.434311 -0.242303 0.317641
v -0.379417 -0.330216 0.298089
v -0.296734 -0.410059 0.261765
v -0.172328 -0.479547 0.215976
v 0.000000 -0.522169 0.176692
v 0.172329 -0.479547 0.215973
v 0.296735 -0.410059 0.261766
v 0.379417 -0.330217 0.298089
v 0.434311 -0.242303 0.317641
v 0.463247 -0.151686 0.322727
v 0.474677 -0.055382 0.318515
v 0.469509 0.049052 0.311320
v 0.460170 0.159135 0.308882
v 0.444458 0.269266 0.303387
v 0.414363 0.366979 0.288945
v 0.368512 0.440445 0.262554
v 0.316707 0.495860 0.219840
v 0.272271 0.543206 0.159084
v 0.245008 0.582289 0.082003
v 0.240405 0.598563 -0.007035
v 0.252667 0.573877 -0.097316
v 0.276593 0.527290 -0.176556
v 0.315789 0.470018 -0.239837
v 0.360802 0.406097 -0.284411
v 0.399802 0.323750 -0.310585
v 0.425263 0.221073 -0.320441
v 0.439387 0.111827 -0.317030
v 0.448603 0.008173 -0.315491
v 0.455873 -0.085277 -0.315207
v 0.461667 -0.168276 -0.310853
v 0.451996 -0.246125 -0.303587
v 0.409522 -0.323943 -0.291760
v 0.320176 -0.397825 -0.265291
v 0.168713 -0.466392 -0.217904
v -0.000000 -0.507564 -0.185634
v -0.168713 -0.466392 -0.217904
v -0.320176 -0.397824 -0.265290
v -0.409522 -0.323941 -0.291760
v -0.451996 -0.246126 -0.303588
v -0.461667 -0.168276 -0.310853
v -0.455873 -0.085277 -0.315207
v -0.448603 0.008173 -0.315490
v -0.439387 0.111827 -0.317030
v -0.425263 0.221073 -0.320440
v -0.399802 0.323750 -0.310585
v -0.360802 0.406097 -0.284410
v -0.315788 0.470017 -0.239837
v -0.276593 0.527289 -0.176556
v -0.252666 0.573877 -0.097317
v -0.250559 0.594803 -0.007292
v -0.254130 0.578840 0.077991
v -0.278941 0.539556 0.152018
v -0.319545 0.489999 0.210664
v -0.366572 0.431820 0.252435
v -0.407685 0.358546 0.278856
v -0.434173 0.263076 0.293850
v -0.447191 0.155992 0.300313
v -0.453638 0.048537 0.305112
v -0.456511 -0.053319 0.314996
v -0.443113 -0.147256 0.321334
v -0.414864 -0.235522 0.317414
v -0.363648 -0.320692 0.299042
v -0.285603 -0.397739 0.265140
v -0.167344 -0.466391 0.221060
v 0.000000 -0.507564 0.181149
v 0.167344 -0.466391 0.221059
v 0.285603 -0.397739 0.265141
v 0.363648 -0.320693 0.299043
v 0.414865 -0.235522 0.317414
v 0.443113 -0.147255 0.321334
v 0.456510 -0.053319 0.314997
v 0.453638 0.048537 0.305113
v 0.447191 0.155992 0.300313
v 0.434173 0.263076 0.293850
v 0.407685 0.358546 0.278856
v 0.366572 0.431820 0.252435
v 0.319545 0.489999 0.210662
v 0.278941 0.539556 0.152018
v 0.254130 0.578840 0.077991
v 0.250559 0.594803 -0.007292
v 0.258071 0.568259 -0.094475
v 0.279630 0.521245 -0.171203
v 0.315205 0.462239 -0.232793
v 0.355726 0.396302 -0.276606
v 0.390539 0.314987 -0.302876
v 0.412912 0.214891 -0.313455
v 0.424585 0.108468 -0.311875
v 0.431493 0.006991 -0.312934
v 0.437744 -0.084249 -0.314851
v 0.443349 -0.165321 -0.312513
v 0.434637 -0.241153 -0.306708
v 0.394967 -0.316456 -0.296156
v 0.310467 -0.387579 -0.272058
v 0.164181 -0.455284 -0.225686
v -0.000000 -0.495033 -0.192936
v -0.164182 -0.455284 -0.225686
v -0.310467 -0.387579 -0.272058
v -0.394967 -0.316456 -0.296155
v -0.434637 -0.241153 -0.306708
v -0.443349 -0.165321 -0.312513
v -0.437744 -0.084249 -0.314852
v -0.431493 0.006991 -0.312933
v -0.424585 0.108468 -0.311856
v -0.412911 0.214891 -0.313455
v -0.390539 0.314987 -0.302876
v -0.355726 0.396302 -0.276607
v -0.315205 0.462240 -0.232791
v -0.279630 0.521245 -0.171203
v -0.258071 0.568259 -0.094474
v -0.256936 0.588906 -0.007488
v -0.259462 0.573166 0.074855
v -0.281899 0.533734 0.146547
v -0.318888 0.482477 0.203718
v -0.361418 0.422249 0.244976
v -0.398298 0.349285 0.271854
v -0.421672 0.256117 0.287743
v -0.432286 0.151909 0.295448
v -0.436546 0.047036 0.302950
v -0.437958 -0.052304 0.315322
v -0.423398 -0.144072 0.323637
v -0.396174 -0.230239 0.320841
v -0.348333 -0.312976 0.303668
v -0.274451 -0.387462 0.271839
v -0.162342 -0.455283 0.229455
v 0.000000 -0.495032 0.189190
v 0.162342 -0.455283 0.229455
v 0.274452 -0.387462 0.271839
v 0.348333 -0.312977 0.303669
v 0.396174 -0.230239 0.320841
v 0.423398 -0.144072 0.323638
v 0.437958 -0.052303 0.315321
v 0.436546 0.047036 0.302951
v 0.432285 0.151909 0.295447
v 0.421672 0.256118 0.287744
v 0.398298 0.349286 0.271854
v 0.361417 0.422249 0.244976
v 0.318888 0.482476 0.203720
v 0.281899 0.533734 0.146547
v 0.259462 0.573166 0.074855
v 0.256936 0.588906 -0.007488
v 0.259103 0.561235 -0.092602
v 0.278585 0.513991 -0.167750
v 0.311038 0.453737 -0.228384
v 0.347782 0.386503 -0.272014
v 0.379127 0.306122 -0.298761
v 0.399128 0.208269 -0.310329
v 0.409087 0.104245 -0.310780
v 0.414627 0.004768 -0.314331
v 0.420423 -0.084646 -0.318358
v 0.426638 -0.163942 -0.317916
v 0.418917 -0.238129 -0.313405
v 0.381830 -0.311294 -0.304141
v 0.301388 -0.380061 -0.281940
v 0.159996 -0.447027 -0.236294
v -0.000000 -0.485486 -0.203285
v -0.159996 -0.447027 -0.236294
v -0.301388 -0.380061 -0.281941
v -0.381830 -0.311295 -0.304141
v -0.418917 -0.238128 -0.313405
v -0.426638 -0.163942 -0.317916
v -0.420423 -0.084647 -0.318358
v -0.414627 0.004769 -0.314331
v -0.409087 0.104246 -0.310780
v -0.399128 0.208269 -0.310329
v -0.379127 0.306122 -0.298760
v -0.347782 0.386503 -0.272014
v -0.311038 0.453737 -0.228383
v -0.278585 0.513991 -0.167749
v -0.259103 0.561235 -0.092602
v -0.258856 0.581744 -0.007596
v -0.260415 0.566144 0.072881
v -0.280786 0.526511 0.143162
v -0.314683 0.474312 0.199572
v -0.353446 0.412809 0.240903
v -0.386850 0.340302 0.268530
v -0.407841 0.249237 0.285559
v -0.416749 0.147547 0.294739
v -0.419741 0.044968 0.304873
v -0.420311 -0.052321 0.319587
v -0.405836 -0.142262 0.329460
v -0.379447 -0.226813 0.327789
v -0.334611 -0.307576 0.311669
v -0.264590 -0.379920 0.281761
v -0.157703 -0.447027 0.240621
v 0.000000 -0.485486 0.200277
v 0.157703 -0.447027 0.240621
v 0.264590 -0.379920 0.281760
v 0.334611 -0.307574 0.311671
v 0.379447 -0.226813 0.327789
v 0.405836 -0.142262 0.329461
v 0.420310 -0.052320 0.319587
v 0.419740 0.044968 0.304874
v 0.416749 0.147547 0.294739
v 0.407841 0.249237 0.285559
v 0.386849 0.340302 0.268529
v 0.353446 0.412809 0.240902
v 0.314683 0.474311 0.199573
v 0.280786 0.526511 0.143162
v 0.260415 0.566143 0.072882
v 0.258856 0.581744 -0.007596
v 0.255715 0.554018 -0.091825
v 0.273603 0.506505 -0.166451
v 0.303729 0.445632 -0.226956
v 0.337719 0.377963 -0.271024
v 0.366641 0.298349 -0.298567
v 0.384910 0.202009 -0.311354
v 0.394040 0.099800 -0.313816
v 0.399184 0.001840 -0.319634
v 0.405357 -0.086174 -0.325546
v 0.412498 -0.164202 -0.326589
v 0.405942 -0.237150 -0.323288
v 0.371062 -0.308724 -0.315115
v 0.293940 -0.375718 -0.294233
v 0.156484 -0.442103 -0.249163
v -0.000000 -0.479522 -0.216021
v -0.156484 -0.442103 -0.249163
v -0.293940 -0.375717 -0.294234
v -0.371062 -0.308724 -0.315116
v -0.405942 -0.237150 -0.323288
v -0.412498 -0.164202 -0.326589
v -0.405358 -0.086174 -0.325546
v -0.399184 0.001840 -0.319634
v -0.394040 0.099800 -0.313832
v -0.384910 0.202009 -0.311354
v -0.366640 0.298349 -0.298567
v -0.337718 0.377962 -0.271023
v -0.303729 0.445632 -0.226956
v -0.273603 0.506505 -0.166451
v -0.255714 0.554018 -0.091825
v -0.256173 0.574446 -0.007600
v -0.256968 0.558936 0.072200
v -0.275768 0.519207 0.142087
v -0.307363 0.466485 0.198557
v -0.343408 0.404599 0.240455
v -0.374411 0.332768 0.269128
v -0.393689 0.243291 0.287475
v -0.401777 0.143555 0.298169
v -0.404386 0.042695 0.310780
v -0.405085 -0.053119 0.327387
v -0.391080 -0.141882 0.338615
v -0.365808 -0.225366 0.337863
v -0.323494 -0.304775 0.322602
v -0.256470 -0.375540 0.294035
v -0.153889 -0.442103 0.254011
v 0.000000 -0.479522 0.213508
v 0.153889 -0.442103 0.254010
v 0.256471 -0.375541 0.294035
v 0.323495 -0.304773 0.322601
v 0.365808 -0.225365 0.337863
v 0.391080 -0.141881 0.338615
v 0.405085 -0.053119 0.327388
v 0.404386 0.042695 0.310780
v 0.401777 0.143555 0.298170
v 0.393689 0.243292 0.287476
v 0.374411 0.332768 0.269127
v 0.343408 0.404599 0.240455
v 0.307363 0.466485 0.198556
v 0.275768 0.519207 0.142087
v 0.256968 0.558936 0.072201
v 0.256173 0.574446 -0.007600
v 0.248333 0.547670 -0.092192
v 0.265278 0.499953 -0.167344
v 0.293974 0.438970 -0.228594
v 0.326457 0.371695 -0.273553
v 0.354095 0.292506 -0.302270
v 0.371738 0.197045 -0.316422
v 0.380647 0.095697 -0.320695
v 0.386134 -0.001520 -0.328467
v 0.393690 -0.088578 -0.335857
v 0.401642 -0.166093 -0.338318
v 0.396560 -0.238241 -0.335820
v 0.363430 -0.308845 -0.328197
v 0.288740 -0.374690 -0.308176
v 0.153912 -0.440856 -0.263395
v -0.000000 -0.477477 -0.230393
v -0.153912 -0.440856 -0.263395
v -0.288740 -0.374690 -0.308176
v -0.363430 -0.308845 -0.328197
v -0.396560 -0.238241 -0.335820
v -0.401642 -0.166093 -0.338318
v -0.393689 -0.088578 -0.335857
v -0.386134 -0.001520 -0.328466
v -0.380647 0.095697 -0.320695
v -0.371738 0.197045 -0.316423
v -0.354095 0.292506 -0.302269
v -0.326457 0.371695 -0.273552
v -0.293974 0.438970 -0.228594
v -0.265278 0.499952 -0.167343
v -0.248333 0.547670 -0.092192
v -0.249275 0.568106 -0.007497
v -0.249553 0.552561 0.072839
v -0.267429 0.512659 0.143350
v -0.297639 0.459991 0.200622
v -0.332229 0.398571 0.243607
v -0.361997 0.327520 0.273517
v -0.380655 0.239108 0.293246
v -0.388548 0.140459 0.305420
v -0.391452 0.040494 0.320187
v -0.393455 -0.054500 0.338288
v -0.380103 -0.142918 0.350613
v -0.356146 -0.225938 0.350479
v -0.315784 -0.304675 0.335808
v -0.251020 -0.374518 0.308004
v -0.151089 -0.440855 0.268646
v 0.000000 -0.477477 0.228225
v 0.151089 -0.440856 0.268646
v 0.251021 -0.374518 0.308004
v 0.315784 -0.304674 0.335808
v 0.356146 -0.225938 0.350479
v 0.380102 -0.142918 0.350613
v 0.393455 -0.054500 0.338289
v 0.391452 0.040494 0.320188
v 0.388548 0.140460 0.305421
v 0.380655 0.239108 0.293247
v 0.361997 0.327520 0.273517
v 0.332229 0.398571 0.243608
v 0.297639 0.459991 0.200622
v 0.267429 0.512659 0.143350
v 0.249553 0.552561 0.072839
v 0.249275 0.568106 -0.007497
v 0.237952 0.543028 -0.093602
v 0.254532 0.495037 -0.170306
v 0.282924 0.434581 -0.233044
v 0.315120 0.368281 -0.279494
v 0.342595 0.289093 -0.309503
v 0.360664 0.193761 -0.325029
v 0.370147 0.092297 -0.330923
v 0.376757 -0.004899 -0.340069
v 0.385610 -0.092016 -0.348659
v 0.395301 -0.169333 -0.351932
v 0.391571 -0.241294 -0.349942
v 0.359390 -0.311685 -0.342684
v 0.285842 -0.377148 -0.322630
v 0.152493 -0.443275 -0.278062
v -0.000000 -0.479500 -0.245256
v -0.152493 -0.443275 -0.278062
v -0.285842 -0.377148 -0.322631
v -0.359391 -0.311685 -0.342684
v -0.391571 -0.241295 -0.349942
v -0.395301 -0.169332 -0.351932
v -0.385610 -0.092016 -0.348660
v -0.376757 -0.004898 -0.340070
v -0.370146 0.092297 -0.330923
v -0.360664 0.193761 -0.325028
v -0.342595 0.289093 -0.309504
v -0.315120 0.368280 -0.279493
v -0.282924 0.434581 -0.233044
v -0.254532 0.495038 -0.170305
v -0.237951 0.543028 -0.093602
v -0.238969 0.563514 -0.007304
v -0.239146 0.547956 0.074720
v -0.256687 0.507743 0.146787
v -0.286634 0.455632 0.205581
v -0.321008 0.395331 0.249955
v -0.350703 0.325017 0.281254
v -0.369828 0.237021 0.302401
v -0.378227 0.138543 0.315945
v -0.382247 0.038632 0.332243
v -0.385424 -0.056583 0.351412
v -0.373823 -0.145213 0.364406
v -0.351362 -0.228483 0.364694
v -0.311945 -0.307329 0.350356
v -0.248202 -0.376960 0.322874
v -0.149746 -0.443276 0.283458
v 0.000000 -0.479500 0.243186
v 0.149746 -0.443275 0.283458
v 0.248203 -0.376960 0.322874
v 0.311945 -0.307327 0.350357
v 0.351362 -0.228482 0.364694
v 0.373822 -0.145213 0.364406
v 0.385424 -0.056583 0.351412
v 0.382247 0.038632 0.332242
v 0.378227 0.138543 0.315944
v 0.369828 0.237022 0.302402
v 0.350702 0.325017 0.281252
v 0.321008 0.395331 0.249955
v 0.286635 0.455632 0.205580
v 0.256687 0.507742 0.146788
v 0.239146 0.547955 0.074720
v 0.238969 0.563514 -0.007304
v 0.225503 0.540272 -0.095990
v 0.242566 0.492126 -0.175098
v 0.271770 0.432687 -0.239937
v 0.304951 0.367968 -0.288112
v 0.333474 0.288362 -0.319596
v 0.352572 0.192153 -0.336395
v 0.363395 0.089735 -0.343398
v 0.371733 -0.008324 -0.353677
v 0.382632 -0.096036 -0.363006
v 0.394167 -0.173783 -0.366643
v 0.391414 -0.246224 -0.364622
v 0.359928 -0.317040 -0.357404
v 0.285793 -0.383001 -0.336945
v 0.152376 -0.449318 -0.291930
v -0.000000 -0.485575 -0.259352
v -0.152377 -0.449318 -0.291930
v -0.285793 -0.383001 -0.336944
v -0.359928 -0.317039 -0.357404
v -0.391414 -0.246223 -0.364622
v -0.394167 -0.173783 -0.366643
v -0.382632 -0.096036 -0.363007
v -0.371733 -0.008323 -0.353677
v -0.363395 0.089736 -0.343398
v -0.352572 0.192153 -0.336395
v -0.333473 0.288362 -0.319596
v -0.304951 0.367968 -0.288112
v -0.271770 0.432686 -0.239937
v -0.242566 0.492125 -0.175097
v -0.225503 0.540272 -0.095990
v -0.226340 0.561025 -0.007044
v -0.226710 0.545231 0.077642
v -0.244752 0.504723 0.152089
v -0.275563 0.453680 0.212869
v -0.310987 0.395216 0.258968
v -0.341830 0.325371 0.291644
v -0.362056 0.236967 0.314043
v -0.371776 0.137798 0.328741
v -0.377355 0.037002 0.345920
v -0.382584 -0.059147 0.365787
v -0.373173 -0.148728 0.378985
v -0.351868 -0.232960 0.379385
v -0.312922 -0.312597 0.364913
v -0.248601 -0.382803 0.337122
v -0.149793 -0.449319 0.297391
v 0.000000 -0.485574 0.257198
v 0.149793 -0.449318 0.297391
v 0.248602 -0.382802 0.337123
v 0.312923 -0.312596 0.364914
v 0.351868 -0.232960 0.379385
v 0.373172 -0.148728 0.378986
v 0.382584 -0.059146 0.365787
v 0.377355 0.037002 0.345921
v 0.371776 0.137798 0.328741
v 0.362055 0.236966 0.314042
v 0.341830 0.325371 0.291643
v 0.310987 0.395216 0.258968
v 0.275563 0.453680 0.212870
v 0.244752 0.504724 0.152089
v 0.226710 0.545231 0.077642
v 0.226340 0.561025 -0.007044
vt 0.000000 1.000000
vt 0.016667 1.000000
vt 0.033333 1.000000
vt 0.050000 1.000000
vt 0.066667 1.000000
vt 0.083333 1.000000
vt 0.100000 1.000000
vt 0.116667 1.000000
vt 0.133333 1.000000
vt 0.150000 1.000000
vt 0.166667 1.000000
vt 0.183333 1.000000
vt 0.200000 1.000000
vt 0.216667 1.000000
vt 0.233333 1.000000
vt 0.250000 1.000000
vt 0.266667 1.000000
vt 0.283333 1.000000
vt 0.300000 1.000000
vt 0.316667 1.000000
vt 0.333333 1.000000
vt 0.350000 1.000000
vt 0.366667 1.000000
vt 0.383333 1.000000
vt 0.400000 1.000000
vt 0.416667 1.000000
vt 0.433333 1.000000
vt 0.450000 1.000000
vt 0.466667 1.000000
vt 0.483334 1.000000
vt 0.500000 1.000000
vt 0.516667 1.000000
vt 0.533333 1.000000
vt 0.550000 1.000000
vt 0.566667 1.000000
vt 0.583333 1.000000
vt 0.600000 1.000000
vt 0.616667 1.000000
vt 0.633333 1.000000
vt 0.650000 1.000000
vt 0.666667 1.000000
vt 0.683333 1.000000
vt 0.700000 1.000000
vt 0.716667 1.000000
vt 0.733333 1.000000
vt 0.750000 1.000000
vt 0.766667 1.000000
vt 0.783333 1.000000
vt 0.800000 1.000000
vt 0.816667 1.000000
vt 0.833333 1.000000
vt 0.850000 1.000000
vt 0.866666 1.000000
vt 0.883333 1.000000
vt 0.900000 1.000000
vt 0.916666 1.000000
vt 0.933333 1.000000
vt 0.950000 1.000000
vt 0.966666 1.000000
vt 0.983333 1.000000
vt 1.000000 1.000000
vt 0.000000 0.950000
vt 0.016667 0.950000
vt 0.033333 0.950000
vt 0.050000 0.950000
vt 0.066667 0.950000
vt 0.083333 0.950000
vt 0.100000 0.950000
vt 0.116667 0.950000
vt 0.133333 0.950000
vt 0.150000 0.950000
vt 0.166667 0.950000
vt 0.183333 0.950000
vt 0.200000 0.950000
vt 0.216667 0.950000
vt 0.233333 0.950000
vt 0.250000 0.950000
vt 0.266667 0.950000
vt 0.283333 0.950000
vt 0.300000 0.950000
vt 0.316667 0.950000
vt 0.333333 0.950000
vt 0.350000 0.950000
vt 0.366667 0.950000
vt 0.383333 0.950000
vt 0.400000 0.950000
vt 0.416667 0.950000
vt 0.433333 0.950000
vt 0.450000 0.950000
vt 0.466667 0.950000
vt 0.483334 0.950000
vt 0.500000 0.950000
vt 0.516667 0.950000
vt 0.533333 0.950000
vt 0.550000 0.950000
vt 0.566667 0.950000
vt 0.583333 0.950000
vt 0.600000 0.950000
vt 0.616667 0.950000
vt 0.633333 0.950000
vt 0.650000 0.950000
vt 0.666667 0.950000
vt 0.683333 0.950000
vt 0.700000 0.950000
vt 0.716667 0.950000
vt 0.733333 0.950000
vt 0.750000 0.950000
vt 0.766667 0.950000
vt 0.783333 0.950000
vt 0.800000 0.950000
vt 0.816667 0.950000
vt 0.833333 0.950000
vt 0.850000 0.950000
vt 0.866666 0.950000
vt 0.883333 0.950000
vt 0.900000 0.950000
vt 0.916666 0.950000
vt 0.933333 0.950000
vt 0.950000 0.950000
vt 0.966666 0.950000
vt 0.983333 0.950000
vt 1.000000 0.950000
vt 0.000000 0.900000
vt 0.016667 0.900000
vt 0.033333 0.900000
vt 0.050000 0.900000
vt 0.066667 0.900000
vt 0.083333 0.900000
vt 0.100000 0.900000
vt 0.116667 0.900000
vt 0.133333 0.900000
vt 0.150000 0.900000
vt 0.166667 0.900000
vt 0.183333 0.900000
vt 0.200000 0.900000
vt 0.216667 0.900000
vt 0.233333 0.900000
vt 0.250000 0.900000
vt 0.266667 0.900000
vt 0.283333 0.900000
vt 0.300000 0.900000
vt 0.316667 0.900000
vt 0.333333 0.900000
vt 0.350000 0.900000
vt 0.366667 0.900000
vt 0.383333 0.900000
vt 0.400000 0.900000
vt 0.416667 0.900000
vt 0.433333 0.900000
vt 0.450000 0.900000
vt 0.466667 0.900000
vt 0.483334 0.900000
vt 0.500000 0.900000
vt 0.516667 0.900000
vt 0.533333 0.900000
vt 0.550000 0.900000
vt 0.566667 0.900000
vt 0.583333 0.900000
vt 0.600000 0.900000
vt 0.616667 0.900000
vt 0.633333 0.900000
vt 0.650000 0.900000
vt 0.666667 0.900000
vt 0.683333 0.900000
vt 0.700000 0.900000
vt 0.716667 0.900000
vt 0.733333 0.900000
vt 0.750000 0.900000
vt 0.766667 0.900000
vt 0.783333 0.900000
vt 0.800000 0.900000
vt 0.816667 0.900000
vt 0.833333 0.900000
vt 0.850000 0.900000
vt 0.866666 0.900000
vt 0.883333 0.900000
vt 0.900000 0.900000
vt 0.916666 0.900000
vt 0.933333 0.900000
vt 0.950000 0.900000
vt 0.966666 0.900000
vt 0.983333 0.900000
vt 1.000000 0.900000
vt 0.000000 0.850000
vt 0.016667 0.850000
vt 0.033333 0.850000
vt 0.050000 0.850000
vt 0.066667 0.850000
vt 0.083333 0.850000
vt 0.100000 0.850000
vt 0.116667 0.850000
vt 0.133333 0.850000
vt 0.150000 0.850000
vt 0.166667 0.850000
vt 0.183333 0.850000
vt 0.200000 0.850000
vt 0.216667 0.850000
vt 0.233333 0.850000
vt 0.250000 0.850000
vt 0.266667 0.850000
vt 0.283333 0.850000
vt 0.300000 0.850000
vt 0.316667 0.850000
vt 0.333333 0.850000
vt 0.350000 0.850000
vt 0.366667 0.850000
vt 0.383333 0.850000
vt 0.400000 0.850000
vt 0.416667 0.850000
vt 0.433333 0.850000
vt 0.450000 0.850000
vt 0.466667 0.850000
vt 0.483334 0.850000
vt 0.500000 0.850000
vt 0.516667 0.850000
vt 0.533333 0.850000
vt 0.550000 0.850000
vt 0.566667 0.850000
vt 0.583333 0.850000
vt 0.600000 0.850000
vt 0.616667 0.850000
vt 0.633333 0.850000
vt 0.650000 0.850000
vt 0.666667 0.850000
vt 0.683333 0.850000
vt 0.700000 0.850000
vt 0.716667 0.850000
vt 0.733333 0.850000
vt 0.750000 0.850000
vt 0.766667 0.850000
vt 0.783333 0.850000
vt 0.800000 0.850000
vt 0.816667 0.850000
vt 0.833333 0.850000
vt 0.850000 0.850000
vt 0.866666 0.850000
vt 0.883333 0.850000
vt 0.900000 0.850000
vt 0.916666 0.850000
vt 0.933333 0.850000
vt 0.950000 0.850000
vt 0.966666 0.850000
vt 0.983333 0.850000
vt 1.000000 0.850000
vt 0.000000 0.800000
vt 0.016667 0.800000
vt 0.033333 0.800000
vt 0.050000 0.800000
vt 0.066667 0.800000
vt 0.083333 0.800000
vt 0.100000 0.800000
vt 0.116667 0.800000
vt 0.133333 0.800000
vt 0.150000 0.800000
vt 0.166667 0.800000
vt 0.183333 0.800000
vt 0.200000 0.800000
vt 0.216667 0.800000
vt 0.233333 0.800000
vt 0.250000 0.800000
vt 0.266667 0.800000
vt 0.283333 0.800000
vt 0.300000 0.800000
vt 0.316667 0.800000
vt 0.333333 0.800000
vt 0.350000 0.800000
vt 0.366667 0.800000
vt 0.383333 0.800000
vt 0.400000 0.800000
vt 0.416667 0.800000
vt 0.433333 0.800000
vt 0.450000 0.800000
vt 0.466667 0.800000
vt 0.483334 0.800000
vt 0.500000 0.800000
vt 0.516667 0.800000
vt 0.533333 0.800000
vt 0.550000 0.800000
vt 0.566667 0.800000
vt 0.583333 0.800000
vt 0.600000 0.800000
vt 0.616667 0.800000
vt 0.633333 0.800000
vt 0.650000 0.800000
vt 0.666667 0.800000
vt 0.683333 0.800000
vt 0.700000 0.800000
vt 0.716667 0.800000
vt 0.733333 0.800000
vt 0.750000 0.800000
vt 0.766667 0.800000
vt 0.783333 0.800000
vt 0.800000 0.800000
vt 0.816667 0.800000
vt 0.833333 0.800000
vt 0.850000 0.800000
vt 0.866666 0.800000
vt 0.883333 0.800000
vt 0.900000 0.800000
vt 0.916666 0.800000
vt 0.933333 0.800000
vt 0.950000 0.800000
vt 0.966666 0.800000
vt 0.983333 0.800000
vt 1.000000 0.800000
vt 0.000000 0.750000
vt 0.016667 0.750000
vt 0.033333 0.750000
vt 0.050000 0.750000
vt 0.066667 0.750000
vt 0.083333 0.750000
vt 0.100000 0.750000
vt 0.116667 0.750000
vt 0.133333 0.750000
vt 0.150000 0.750000
vt 0.166667 0.750000
vt 0.183333 0.750000
vt 0.200000 0.750000
vt 0.216667 0.750000
vt 0.233333 0.750000
vt 0.250000 0.750000
vt 0.266667 0.750000
vt 0.283333 0.750000
vt 0.300000 0.750000
vt 0.316667 0.750000
vt 0.333333 0.750000
vt 0.350000 0.750000
vt 0.366667 0.750000
vt 0.383333 0.750000
vt 0.400000 0.750000
vt 0.416667 0.750000
vt 0.433333 0.750000
vt 0.450000 0.750000
vt 0.466667 0.750000
vt 0.483334 0.750000
vt 0.500000 0.750000
vt 0.516667 0.750000
vt 0.533333 0.750000
vt 0.550000 0.750000
vt 0.566667 0.750000
vt 0.583333 0.750000
vt 0.600000 0.750000
vt 0.616667 0.750000
vt 0.633333 0.750000
vt 0.650000 0.750000
vt 0.666667 0.750000
vt 0.683333 0.750000
vt 0.700000 0.750000
vt 0.716667 0.750000
vt 0.733333 0.750000
vt 0.750000 0.750000
vt 0.766667 0.750000
vt 0.783333 0.750000
vt 0.800000 0.750000
vt 0.816667 0.750000
vt 0.833333 0.750000
vt 0.850000 0.750000
vt 0.866666 0.750000
vt 0.883333 0.750000
vt 0.900000 0.750000
vt 0.916666 0.750000
vt 0.933333 0.750000
vt 0.950000 0.750000
vt 0.966666 0.750000
vt 0.983333 0.750000
vt 1.000000 0.750000
vt 0.000000 0.700000
vt 0.016667 0.700000
vt 0.033333 0.700000
vt 0.050000 0.700000
vt 0.066667 0.700000
vt 0.083333 0.700000
vt 0.100000 0.700000
vt 0.116667 0.700000
vt 0.133333 0.700000
vt 0.150000 0.700000
vt 0.166667 0.700000
vt 0.183333 0.700000
vt 0.200000 0.700000
vt 0.216667 0.700000
vt 0.233333 0.700000
vt 0.250000 0.700000
vt 0.266667 0.700000
vt 0.283333 0.700000
vt 0.300000 0.700000
vt 0.316667 0.700000
vt 0.333333 0.700000
vt 0.350000 0.700000
vt 0.366667 0.700000
vt 0.383333 0.700000
vt 0.400000 0.700000
vt 0.416667 0.700000
vt 0.433333 0.700000
vt 0.450000 0.700000
vt 0.466667 0.700000
vt 0.483334 0.700000
vt 0.500000 0.700000
vt 0.516667 0.700000
vt 0.533333 0.700000
vt 0.550000 0.700000
vt 0.566667 0.700000
vt 0.583333 0.700000
vt 0.600000 0.700000
vt 0.616667 0.700000
vt 0.633333 0.700000
vt 0.650000 0.700000
vt 0.666667 0.700000
vt 0.683333 0.700000
vt 0.700000 0.700000
vt 0.716667 0.700000
vt 0.733333 0.700000
vt 0.750000 0.700000
vt 0.766667 0.700000
vt 0.783333 0.700000
vt 0.800000 0.700000
vt 0.816667 0.700000
vt 0.833333 0.700000
vt 0.850000 0.700000
vt 0.866666 0.700000
vt 0.883333 0.700000
vt 0.900000 0.700000
vt 0.916666 0.700000
vt 0.933333 0.700000
vt 0.950000 0.700000
vt 0.966666 0.700000
vt 0.983333 0.700000
vt 1.000000 0.700000
vt 0.000000 0.650000
vt 0.016667 0.650000
vt 0.033333 0.650000
vt 0.050000 0.650000
vt 0.066667 0.650000
vt 0.083333 0.650000
vt 0.100000 0.650000
vt 0.116667 0.650000
vt 0.133333 0.650000
vt 0.150000 0.650000
vt 0.166667 0.650000
vt 0.183333 0.650000
vt 0.200000 0.650000
vt 0.216667 0.650000
vt 0.233333 0.650000
vt 0.250000 0.650000
vt 0.266667 0.650000
vt 0.283333 0.650000
vt 0.300000 0.650000
vt 0.316667 0.650000
vt 0.333333 0.650000
vt 0.350000 0.650000
vt 0.366667 0.650000
vt 0.383333 0.650000
vt 0.400000 0.650000
vt 0.416667 0.650000
vt 0.433333 0.650000
vt 0.450000 0.650000
vt 0.466667 0.650000
vt 0.483334 0.650000
vt 0.500000 0.650000
vt 0.516667 0.650000
vt 0.533333 0.650000
vt 0.550000 0.650000
vt 0.566667 0.650000
vt 0.583333 0.650000
vt 0.600000 0.650000
vt 0.616667 0.650000
vt 0.633333 0.650000
vt 0.650000 0.650000
vt 0.666667 0.650000
vt 0.683333 0.650000
vt 0.700000 0.650000
vt 0.716667 0.650000
vt 0.733333 0.650000
vt 0.750000 0.650000
vt 0.766667 0.650000
vt 0.783333 0.650000
vt 0.800000 0.650000
vt 0.816667 0.650000
vt 0.833333 0.650000
vt 0.850000 0.650000
vt 0.866666 0.650000
vt 0.883333 0.650000
vt 0.900000 0.650000
vt 0.916666 0.650000
vt 0.933333 0.650000
vt 0.950000 0.650000
vt 0.966666 0.650000
vt 0.983333 0.650000
vt 1.000000 0.650000
vt 0.000000 0.600000
vt 0.016667 0.600000
vt 0.033333 0.600000
vt 0.050000 0.600000
vt 0.066667 0.600000
vt 0.083333 0.600000
vt 0.100000 0.600000
vt 0.116667 0.600000
vt 0.133333 0.600000
vt 0.150000 0.600000
vt 0.166667 0.600000
vt 0.183333 0.600000
vt 0.200000 0.600000
vt 0.216667 0.600000
vt 0.233333 0.600000
vt 0.250000 0.600000
vt 0.266667 0.600000
vt 0.283333 0.600000
vt 0.300000 0.600000
vt 0.316667 0.600000
vt 0.333333 0.600000
vt 0.350000 0.600000
vt 0.366667 0.600000
vt 0.383333 0.600000
vt 0.400000 0.600000
vt 0.416667 0.600000
vt 0.433333 0.600000
vt 0.450000 0.600000
vt 0.466667 0.600000
vt 0.483334 0.600000
vt 0.500000 0.600000
vt 0.516667 0.600000
vt 0.533333 0.600000
vt 0.550000 0.600000
vt 0.566667 0.600000
vt 0.583333 0.600000
vt 0.600000 0.600000
vt 0.616667 0.600000
vt 0.633333 0.600000
vt 0.650000 0.600000
vt 0.666667 0.600000
vt 0.683333 0.600000
vt 0.700000 0.600000
vt 0.716667 0.600000
vt 0.733333 0.600000
vt 0.750000 0.600000
vt 0.766667 0.600000
vt 0.783333 0.600000
vt 0.800000 0.600000
vt 0.816667 0.600000
vt 0.833333 0.600000
vt 0.850000 0.600000
vt 0.866666 0.600000
vt 0.883333 0.600000
vt 0.900000 0.600000
vt 0.916666 0.600000
vt 0.933333 0.600000
vt 0.950000 0.600000
vt 0.966666 0.600000
vt 0.983333 0.600000
vt 1.000000 0.600000
vt 0.000000 0.550000
vt 0.016667 0.550000
vt 0.033333 0.550000
vt 0.050000 0.550000
vt 0.066667 0.550000
vt 0.083333 0.550000
vt 0.100000 0.550000
vt 0.116667 0.550000
vt 0.133333 0.550000
vt 0.150000 0.550000
vt 0.166667 0.550000
vt 0.183333 0.550000
vt 0.200000 0.550000
vt 0.216667 0.550000
vt 0.233333 0.550000
vt 0.250000 0.550000
vt 0.266667 0.550000
vt 0.283333 0.550000
vt 0.300000 0.550000
vt 0.316667 0.550000
vt 0.333333 0.550000
vt 0.350000 0.550000
vt 0.366667 0.550000
vt 0.383333 0.550000
vt 0.400000 0.550000
vt 0.416667 0.550000
vt 0.433333 0.550000
vt 0.450000 0.550000
vt 0.466667 0.550000
vt 0.483334 0.550000
vt 0.500000 0.550000
vt 0.516667 0.550000
vt 0.533333 0.550000
vt 0.550000 0.550000
vt 0.566667 0.550000
vt 0.583333 0.550000
vt 0.600000 0.550000
vt 0.616667 0.550000
vt 0.633333 0.550000
vt 0.650000 0.550000
vt 0.666667 0.550000
vt 0.683333 0.550000
vt 0.700000 0.550000
vt 0.716667 0.550000
vt 0.733333 0.550000
vt 0.750000 0.550000
vt 0.766667 0.550000
vt 0.783333 0.550000
vt 0.800000 0.550000
vt 0.816667 0.550000
vt 0.833333 0.550000
vt 0.850000 0.550000
vt 0.866666 0.550000
vt 0.883333 0.550000
vt 0.900000 0.550000
vt 0.916666 0.550000
vt 0.933333 0.550000
vt 0.950000 0.550000
vt 0.966666 0.550000
vt 0.983333 0.550000
vt 1.000000 0.550000
vt 0.000000 0.500000
vt 0.016667 0.500000
vt 0.033333 0.500000
vt 0.050000 0.500000
vt 0.066667 0.500000
vt 0.083333 0.500000
vt 0.100000 0.500000
vt 0.116667 0.500000
vt 0.133333 0.500000
vt 0.150000 0.500000
vt 0.166667 0.500000
vt 0.183333 0.500000
vt 0.200000 0.500000
vt 0.216667 0.500000
vt 0.233333 0.500000
vt 0.250000 0.500000
vt 0.266667 0.500000
vt 0.283333 0.500000
vt 0.300000 0.500000
vt 0.316667 0.500000
vt 0.333333 0.500000
vt 0.350000 0.500000
vt 0.366667 0.500000
vt 0.383333 0.500000
vt 0.400000 0.500000
vt 0.416667 0.500000
vt 0.433333 0.500000
vt 0.450000 0.500000
vt 0.466667 0.500000
vt 0.483334 0.500000
vt 0.500000 0.500000
vt 0.516667 0.500000
vt 0.533333 0.500000
vt 0.550000 0.500000
vt 0.566667 0.500000
vt 0.583333 0.500000
vt 0.600000 0.500000
vt 0.616667 0.500000
vt 0.633333 0.500000
vt 0.650000 0.500000
vt 0.666667 0.500000
vt 0.683333 0.500000
vt 0.700000 0.500000
vt 0.716667 0.500000
vt 0.733333 0.500000
vt 0.750000 0.500000
vt 0.766667 0.500000
vt 0.783333 0.500000
vt 0.800000 0.500000
vt 0.816667 0.500000
vt 0.833333 0.500000
vt 0.850000 0.500000
vt 0.866666 0.500000
vt 0.883333 0.500000
vt 0.900000 0.500000
vt 0.916666 0.500000
vt 0.933333 0.500000
vt 0.950000 0.500000
vt 0.966666 0.500000
vt 0.983333 0.500000
vt 1.000000 0.500000
vt 0.000000 0.450000
vt 0.016667 0.450000
vt 0.033333 0.450000
vt 0.050000 0.450000
vt 0.066667 0.450000
vt 0.083333 0.450000
vt 0.100000 0.450000
vt 0.116667 0.450000
vt 0.133333 0.450000
vt 0.150000 0.450000
vt 0.166667 0.450000
vt 0.183333 0.450000
vt 0.200000 0.450000
vt 0.216667 0.450000
vt 0.233333 0.450000
vt 0.250000 0.450000
vt 0.266667 0.450000
vt 0.283333 0.450000
vt 0.300000 0.450000
vt 0.316667 0.450000
vt 0.333333 0.450000
vt 0.350000 0.450000
vt 0.366667 0.450000
vt 0.383333 0.450000
vt 0.400000 0.450000
vt 0.416667 0.450000
vt 0.433333 0.450000
vt 0.450000 0.450000
vt 0.466667 0.450000
vt 0.483334 0.450000
vt 0.500000 0.450000
vt 0.516667 0.450000
vt 0.533333 0.450000
vt 0.550000 0.450000
vt 0.566667 0.450000
vt 0.583333 0.450000
vt 0.600000 0.450000
vt 0.616667 0.450000
vt 0.633333 0.450000
vt 0.650000 0.450000
vt 0.666667 0.450000
vt 0.683333 0.450000
vt 0.700000 0.450000
vt 0.716667 0.450000
vt 0.733333 0.450000
vt 0.750000 0.450000
vt 0.766667 0.450000
vt 0.783333 0.450000
vt 0.800000 0.450000
vt 0.816667 0.450000
vt 0.833333 0.450000
vt 0.850000 0.450000
vt 0.866666 0.450000
vt 0.883333 0.450000
vt 0.900000 0.450000
vt 0.916666 0.450000
vt 0.933333 0.450000
vt 0.950000 0.450000
vt 0.966666 0.450000
vt 0.983333 0.450000
vt 1.000000 0.450000
vt 0.000000 0.400000
vt 0.016667 0.400000
vt 0.033333 0.400000
vt 0.050000 0.400000
vt 0.066667 0.400000
vt 0.083333 0.400000
vt 0.100000 0.400000
vt 0.116667 0.400000
vt 0.133333 0.400000
vt 0.150000 0.400000
vt 0.166667 0.400000
vt 0.183333 0.400000
vt 0.200000 0.400000
vt 0.216667 0.400000
vt 0.233333 0.400000
vt 0.250000 0.400000
vt 0.266667 0.400000
vt 0.283333 0.400000
vt 0.300000 0.400000
vt 0.316667 0.400000
vt 0.333333 0.400000
vt 0.350000 0.400000
vt 0.366667 0.400000
vt 0.383333 0.400000
vt 0.400000 0.400000
vt 0.416667 0.400000
vt 0.433333 0.400000
vt 0.450000 0.400000
vt 0.466667 0.400000
vt 0.483334 0.400000
vt 0.500000 0.400000
vt 0.516667 0.400000
vt 0.533333 0.400000
vt 0.550000 0.400000
vt 0.566667 0.400000
vt 0.583333 0.400000
vt 0.600000 0.400000
vt 0.616667 0.400000
vt 0.633333 0.400000
vt 0.650000 0.400000
vt 0.666667 0.400000
vt 0.683333 0.400000
vt 0.700000 0.400000
vt 0.716667 0.400000
vt 0.733333 0.400000
vt 0.750000 0.400000
vt 0.766667 0.400000
vt 0.783333 0.400000
vt 0.800000 0.400000
vt 0.816667 0.400000
vt 0.833333 0.400000
vt 0.850000 0.400000
vt 0.866666 0.400000
vt 0.883333 0.400000
vt 0.900000 0.400000
vt 0.916666 0.400000
vt 0.933333 0.400000
vt 0.950000 0.400000
vt 0.966666 0.400000
vt 0.983333 0.400000
vt 1.000000 0.400000
vt 0.000000 0.350000
vt 0.016667 0.350000
vt 0.033333 0.350000
vt 0.050000 0.350000
vt 0.066667 0.350000
vt 0.083333 0.350000
vt 0.100000 0.350000
vt 0.116667 0.350000
vt 0.133333 0.350000
vt 0.150000 0.350000
vt 0.166667 0.350000
vt 0.183333 0.350000
vt 0.200000 0.350000
vt 0.216667 0.350000
vt 0.233333 0.350000
vt 0.250000 0.350000
vt 0.266667 0.350000
vt 0.283333 0.350000
vt 0.300000 0.350000
vt 0.316667 0.350000
vt 0.333333 0.350000
vt 0.350000 0.350000
vt 0.366667 0.350000
vt 0.383333 0.350000
vt 0.400000 0.350000
vt 0.416667 0.350000
vt 0.433333 0.350000
vt 0.450000 0.350000
vt 0.466667 0.350000
vt 0.483334 0.350000
vt 0.500000 0.350000
vt 0.516667 0.350000
vt 0.533333 0.350000
vt 0.550000 0.350000
vt 0.566667 0.350000
vt 0.583333 0.350000
vt 0.600000 0.350000
vt 0.616667 0.350000
vt 0.633333 0.350000
vt 0.650000 0.350000
vt 0.666667 0.350000
vt 0.683333 0.350000
vt 0.700000 0.350000
vt 0.716667 0.350000
vt 0.733333 0.350000
vt 0.750000 0.350000
vt 0.766667 0.350000
vt 0.783333 0.350000
vt 0.800000 0.350000
vt 0.816667 0.350000
vt 0.833333 0.350000
vt 0.850000 0.350000
vt 0.866666 0.350000
vt 0.883333 0.350000
vt 0.900000 0.350000
vt 0.916666 0.350000
vt 0.933333 0.350000
vt 0.950000 0.350000
vt 0.966666 0.350000
vt 0.983333 0.350000
vt 1.000000 0.350000
vt 0.000000 0.300000
vt 0.016667 0.300000
vt 0.033333 0.300000
vt 0.050000 0.300000
vt 0.066667 0.300000
vt 0.083333 0.300000
vt 0.100000 0.300000
vt 0.116667 0.300000
vt 0.133333 0.300000
vt 0.150000 0.300000
vt 0.166667 0.300000
vt 0.183333 0.300000
vt 0.200000 0.300000
vt 0.216667 0.300000
vt 0.233333 0.300000
vt 0.250000 0.300000
vt 0.266667 0.300000
vt 0.283333 0.300000
vt 0.300000 0.300000
vt 0.316667 0.300000
vt 0.333333 0.300000
vt 0.350000 0.300000
vt 0.366667 0.300000
vt 0.383333 0.300000
vt 0.400000 0.300000
vt 0.416667 0.300000
vt 0.433333 0.300000
vt 0.450000 0.300000
vt 0.466667 0.300000
vt 0.483334 0.300000
vt 0.500000 0.300000
vt 0.516667 0.300000
vt 0.533333 0.300000
vt 0.550000 0.300000
vt 0.566667 0.300000
vt 0.583333 0.300000
vt 0.600000 0.300000
vt 0.616667 0.300000
vt 0.633333 0.300000
vt 0.650000 0.300000
vt 0.666667 0.300000
vt 0.683333 0.300000
vt 0.700000 0.300000
vt 0.716667 0.300000
vt 0.733333 0.300000
vt 0.750000 0.300000
vt 0.766667 0.300000
vt 0.783333 0.300000
vt 0.800000 0.300000
vt 0.816667 0.300000
vt 0.833333 0.300000
vt 0.850000 0.300000
vt 0.866666 0.300000
vt 0.883333 0.300000
vt 0.900000 0.300000
vt 0.916666 0.300000
vt 0.933333 0.300000
vt 0.950000 0.300000
vt 0.966666 0.300000
vt 0.983333 0.300000
vt 1.000000 0.300000
vt 0.000000 0.250000
vt 0.016667 0.250000
vt 0.033333 0.250000
vt 0.050000 0.250000
vt 0.066667 0.250000
vt 0.083333 0.250000
vt 0.100000 0.250000
vt 0.116667 0.250000
vt 0.133333 0.250000
vt 0.150000 0.250000
vt 0.166667 0.250000
vt 0.183333 0.250000
vt 0.200000 0.250000
vt 0.216667 0.250000
vt 0.233333 0.250000
vt 0.250000 0.250000
vt 0.266667 0.250000
vt 0.283333 0.250000
vt 0.300000 0.250000
vt 0.316667 0.250000
vt 0.333333 0.250000
vt 0.350000 0.250000
vt 0.366667 0.250000
vt 0.383333 0.250000
vt 0.400000 0.250000
vt 0.416667 0.250000
vt 0.433333 0.250000
vt 0.450000 0.250000
vt 0.466667 0.250000
vt 0.483334 0.250000
vt 0.500000 0.250000
vt 0.516667 0.250000
vt 0.533333 0.250000
vt 0.550000 0.250000
vt 0.566667 0.250000
vt 0.583333 0.250000
vt 0.600000 0.250000
vt 0.616667 0.250000
vt 0.633333 0.250000
vt 0.650000 0.250000
vt 0.666667 0.250000
vt 0.683333 0.250000
vt 0.700000 0.250000
vt 0.716667 0.250000
vt 0.733333 0.250000
vt 0.750000 0.250000
vt 0.766667 0.250000
vt 0.783333 0.250000
vt 0.800000 0.250000
vt 0.816667 0.250000
vt 0.833333 0.250000
vt 0.850000 0.250000
vt 0.866666 0.250000
vt 0.883333 0.250000
vt 0.900000 0.250000
vt 0.916666 0.250000
vt 0.933333 0.250000
vt 0.950000 0.250000
vt 0.966666 0.250000
vt 0.983333 0.250000
vt 1.000000 0.250000
vt 0.000000 0.200000
vt 0.016667 0.200000
vt 0.033333 0.200000
vt 0.050000 0.200000
vt 0.066667 0.200000
vt 0.083333 0.200000
vt 0.100000 0.200000
vt 0.116667 0.200000
vt 0.133333 0.200000
vt 0.150000 0.200000
vt 0.166667 0.200000
vt 0.183333 0.200000
vt 0.200000 0.200000
vt 0.216667 0.200000
vt 0.233333 0.200000
vt 0.250000 0.200000
vt 0.266667 0.200000
vt 0.283333 0.200000
vt 0.300000 0.200000
vt 0.316667 0.200000
vt 0.333333 0.200000
vt 0.350000 0.200000
vt 0.366667 0.200000
vt 0.383333 0.200000
vt 0.400000 0.200000
vt 0.416667 0.200000
vt 0.433333 0.200000
vt 0.450000 0.200000
vt 0.466667 0.200000
vt 0.483334 0.200000
vt 0.500000 0.200000
vt 0.516667 0.200000
vt 0.533333 0.200000
vt 0.550000 0.200000
vt 0.566667 0.200000
vt 0.583333 0.200000
vt 0.600000 0.200000
vt 0.616667 0.200000
vt 0.633333 0.200000
vt 0.650000 0.200000
vt 0.666667 0.200000
vt 0.683333 0.200000
vt 0.700000 0.200000
vt 0.716667 0.200000
vt 0.733333 0.200000
vt 0.750000 0.200000
vt 0.766667 0.200000
vt 0.783333 0.200000
vt 0.800000 0.200000
vt 0.816667 0.200000
vt 0.833333 0.200000
vt 0.850000 0.200000
vt 0.866666 0.200000
vt 0.883333 0.200000
vt 0.900000 0.200000
vt 0.916666 0.200000
vt 0.933333 0.200000
vt 0.950000 0.200000
vt 0.966666 0.200000
vt 0.983333 0.200000
vt 1.000000 0.200000
vt 0.000000 0.150000
vt 0.016667 0.150000
vt 0.033333 0.150000
vt 0.050000 0.150000
vt 0.066667 0.150000
vt 0.083333 0.150000
vt 0.100000 0.150000
vt 0.116667 0.150000
vt 0.133333 0.150000
vt 0.150000 0.150000
vt 0.166667 0.150000
vt 0.183333 0.150000
vt 0.200000 0.150000
vt 0.216667 0.150000
vt 0.233333 0.150000
vt 0.250000 0.150000
vt 0.266667 0.150000
vt 0.283333 0.150000
vt 0.300000 0.150000
vt 0.316667 0.150000
vt 0.333333 0.150000
vt 0.350000 0.150000
vt 0.366667 0.150000
vt 0.383333 0.150000
vt 0.400000 0.150000
vt 0.416667 0.150000
vt 0.433333 0.150000
vt 0.450000 0.150000
vt 0.466667 0.150000
vt 0.483334 0.150000
vt 0.500000 0.150000
vt 0.516667 0.150000
vt 0.533333 0.150000
vt 0.550000 0.150000
vt 0.566667 0.150000
vt 0.583333 0.150000
vt 0.600000 0.150000
vt 0.616667 0.150000
vt 0.633333 0.150000
vt 0.650000 0.150000
vt 0.666667 0.150000
vt 0.683333 0.150000
vt 0.700000 0.150000
vt 0.716667 0.150000
vt 0.733333 0.150000
vt 0.750000 0.150000
vt 0.766667 0.150000
vt 0.783333 0.150000
vt 0.800000 0.150000
vt 0.816667 0.150000
vt 0.833333 0.150000
vt 0.850000 0.150000
vt 0.866666 0.150000
vt 0.883333 0.150000
vt 0.900000 0.150000
vt 0.916666 0.150000
vt 0.933333 0.150000
vt 0.950000 0.150000
vt 0.966666 0.150000
vt 0.983333 0.150000
vt 1.000000 0.150000
vt 0.000000 0.100000
vt 0.016667 0.100000
vt 0.033333 0.100000
vt 0.050000 0.100000
vt 0.066667 0.100000
vt 0.083333 0.100000
vt 0.100000 0.100000
vt 0.116667 0.100000
vt 0.133333 0.100000
vt 0.150000 0.100000
vt 0.166667 0.100000
vt 0.183333 0.100000
vt 0.200000 0.100000
vt 0.216667 0.100000
vt 0.233333 0.100000
vt 0.250000 0.100000
vt 0.266667 0.100000
vt 0.283333 0.100000
vt 0.300000 0.100000
vt 0.316667 0.100000
vt 0.333333 0.100000
vt 0.350000 0.100000
vt 0.366667 0.100000
vt 0.383333 0.100000
vt 0.400000 0.100000
vt 0.416667 0.100000
vt 0.433333 0.100000
vt 0.450000 0.100000
vt 0.466667 0.100000
vt 0.483334 0.100000
vt 0.500000 0.100000
vt 0.516667 0.100000
vt 0.533333 0.100000
vt 0.550000 0.100000
vt 0.566667 0.100000
vt 0.583333 0.100000
vt 0.600000 0.100000
vt 0.616667 0.100000
vt 0.633333 0.100000
vt 0.650000 0.100000
vt 0.666667 0.100000
vt 0.683333 0.100000
vt 0.700000 0.100000
vt 0.716667 0.100000
vt 0.733333 0.100000
vt 0.750000 0.100000
vt 0.766667 0.100000
vt 0.783333 0.100000
vt 0.800000 0.100000
vt 0.816667 0.100000
vt 0.833333 0.100000
vt 0.850000 0.100000
vt 0.866666 0.100000
vt 0.883333 0.100000
vt 0.900000 0.100000
vt 0.916666 0.100000
vt 0.933333 0.100000
vt 0.950000 0.100000
vt 0.966666 0.100000
vt 0.983333 0.100000
vt 1.000000 0.100000
vt 0.000000 0.050000
vt 0.016667 0.050000
vt 0.033333 0.050000
vt 0.050000 0.050000
vt 0.066667 0.050000
vt 0.083333 0.050000
vt 0.100000 0.050000
vt 0.116667 0.050000
vt 0.133333 0.050000
vt 0.150000 0.050000
vt 0.166667 0.050000
vt 0.183333 0.050000
vt 0.200000 0.050000
vt 0.216667 0.050000
vt 0.233333 0.050000
vt 0.250000 0.050000
vt 0.266667 0.050000
vt 0.283333 0.050000
vt 0.300000 0.050000
vt 0.316667 0.050000
vt 0.333333 0.050000
vt 0.350000 0.050000
vt 0.366667 0.050000
vt 0.383333 0.050000
vt 0.400000 0.050000
vt 0.416667 0.050000
vt 0.433333 0.050000
vt 0.450000 0.050000
vt 0.466667 0.050000
vt 0.483334 0.050000
vt 0.500000 0.050000
vt 0.516667 0.050000
vt 0.533333 0.050000
vt 0.550000 0.050000
vt 0.566667 0.050000
vt 0.583333 0.050000
vt 0.600000 0.050000
vt 0.616667 0.050000
vt 0.633333 0.050000
vt 0.650000 0.050000
vt 0.666667 0.050000
vt 0.683333 0.050000
vt 0.700000 0.050000
vt 0.716667 0.050000
vt 0.733333 0.050000
vt 0.750000 0.050000
vt 0.766667 0.050000
vt 0.783333 0.050000
vt 0.800000 0.050000
vt 0.816667 0.050000
vt 0.833333 0.050000
vt 0.850000 0.050000
vt 0.866666 0.050000
vt 0.883333 0.050000
vt 0.900000 0.050000
vt 0.916666 0.050000
vt 0.933333 0.050000
vt 0.950000 0.050000
vt 0.966666 0.050000
vt 0.983333 0.050000
vt 1.000000 0.050000
vt 0.000000 -0.000000
vt 0.016667 -0.000000
vt 0.033333 -0.000000
vt 0.050000 -0.000000
vt 0.066667 -0.000000
vt 0.083333 -0.000000
vt 0.100000 -0.000000
vt 0.116667 -0.000000
vt 0.133333 -0.000000
vt 0.150000 -0.000000
vt 0.166667 -0.000000
vt 0.183333 -0.000000
vt 0.200000 -0.000000
vt 0.216667 -0.000000
vt 0.233333 -0.000000
vt 0.250000 -0.000000
vt 0.266667 -0.000000
vt 0.283333 -0.000000
vt 0.300000 -0.000000
vt 0.316667 -0.000000
vt 0.333333 -0.000000
vt 0.350000 -0.000000
vt 0.366667 -0.000000
vt 0.383333 -0.000000
vt 0.400000 -0.000000
vt 0.416667 -0.000000
vt 0.433333 -0.000000
vt 0.450000 -0.000000
vt 0.466667 -0.000000
vt 0.483334 -0.000000
vt 0.500000 -0.000000
vt 0.516667 -0.000000
vt 0.533333 -0.000000
vt 0.550000 -0.000000
vt 0.566667 -0.000000
vt 0.583333 -0.000000
vt 0.600000 -0.000000
vt 0.616667 -0.000000
vt 0.633333 -0.000000
vt 0.650000 -0.000000
vt 0.666667 -0.000000
vt 0.683333 -0.000000
vt 0.700000 -0.000000
vt 0.716667 -0.000000
vt 0.733333 -0.000000
vt 0.750000 -0.000000
vt 0.766667 -0.000000
vt 0.783333 -0.000000
vt 0.800000 -0.000000
vt 0.816667 -0.000000
vt 0.833333 -0.000000
vt 0.850000 -0.000000
vt 0.866666 -0.000000
vt 0.883333 -0.000000
vt 0.900000 -0.000000
vt 0.916666 -0.000000
vt 0.933333 -0.000000
vt 0.950000 -0.000000
vt 0.966666 -0.000000
vt 0.983333 -0.000000
vt 1.000000 -0.000000
vn -0.100964 -0.928134 0.358294
vn -0.212096 -0.919638 0.330577
vn -0.281105 -0.822764 0.494003
vn -0.412654 -0.814946 0.406916
vn -0.556971 -0.717737 0.417895
vn -0.695300 -0.679408 0.234443
vn -0.787035 -0.548214 0.282910
vn -0.875912 -0.482142 0.017795
vn -0.922220 -0.324190 0.210738
vn -0.955757 -0.271678 -0.112778
vn -0.979746 -0.172228 0.102150
vn -0.957795 -0.139231 -0.251483
vn -0.993348 -0.111615 -0.028316
vn -0.914779 -0.090952 -0.393583
vn -0.976046 -0.104159 -0.191013
vn -0.831694 -0.072056 -0.550538
vn -0.934701 -0.123606 -0.333251
vn -0.740577 -0.090076 -0.665907
vn -0.884293 -0.065279 -0.462346
vn -0.648872 -0.061328 -0.758422
vn -0.794570 0.143451 -0.589983
vn -0.547500 0.061904 -0.834513
vn -0.650445 0.365420 -0.665875
vn -0.467204 0.173536 -0.866952
vn -0.527084 0.476324 -0.703774
vn -0.416231 0.204755 -0.885905
vn -0.398152 0.554427 -0.730811
vn -0.334514 0.246673 -0.909534
vn 0.000000 0.644814 -0.764339
vn -0.000001 0.341461 -0.939896
vn 0.398152 0.554431 -0.730809
vn 0.334511 0.246658 -0.909539
vn 0.527639 0.476145 -0.703479
vn 0.416238 0.204762 -0.885900
vn 0.649947 0.364441 -0.666897
vn 0.467199 0.173537 -0.866954
vn 0.794576 0.143456 -0.589975
vn 0.547485 0.061896 -0.834523
vn 0.884295 -0.065275 -0.462343
vn 0.648869 -0.061330 -0.758424
vn 0.934693 -0.123603 -0.333274
vn 0.740588 -0.090078 -0.665894
vn 0.976044 -0.104142 -0.191033
vn 0.831716 -0.072048 -0.550507
vn 0.993347 -0.111618 -0.028335
vn 0.914777 -0.090956 -0.393586
vn 0.979746 -0.172228 0.102150
vn 0.957791 -0.139249 -0.251489
vn 0.922222 -0.324189 0.210733
vn 0.955758 -0.271675 -0.112777
vn 0.787032 -0.548220 0.282905
vn 0.875916 -0.482136 0.017793
vn 0.556966 -0.717739 0.417899
vn 0.695321 -0.679393 0.234425
vn 0.281146 -0.822760 0.493987
vn 0.412705 -0.814934 0.406886
vn 0.100943 -0.928133 0.358301
vn 0.212131 -0.919631 0.330573
vn 0.030086 -0.999145 0.028369
vn 0.143095 -0.989322 0.027693
vn 0.104342 -0.944576 -0.311269
vn 0.214569 -0.934465 -0.284139
vn 0.264403 -0.851463 -0.452882
vn 0.387842 -0.845067 -0.368023
vn 0.525785 -0.758274 -0.385449
vn 0.655137 -0.727872 -0.202481
vn 0.767918 -0.601810 -0.219381
vn 0.847124 -0.529062 0.049743
vn 0.916249 -0.372046 -0.148557
vn 0.939686 -0.296570 0.170401
vn 0.982364 -0.177684 -0.058221
vn 0.948853 -0.120766 0.291708
vn 0.994476 -0.084806 0.061851
vn 0.908768 -0.039811 0.415399
vn 0.975214 -0.035552 0.218388
vn 0.819932 0.017028 0.572207
vn 0.910730 0.068353 0.407307
vn 0.682682 0.098432 0.724056
vn 0.803189 0.164631 0.572525
vn 0.546952 0.121583 0.828288
vn 0.725397 0.197920 0.659262
vn 0.483765 0.083133 0.871241
vn 0.676983 0.273903 0.683133
vn 0.480954 0.081231 0.872975
vn 0.602347 0.374393 0.704988
vn 0.457725 0.110452 0.882206
vn 0.445633 0.507471 0.737486
vn 0.366009 0.186701 0.911691
vn 0.000001 0.627729 0.778432
vn 0.000000 0.295041 0.955485
vn -0.445630 0.507471 0.737487
vn -0.366013 0.186714 0.911686
vn -0.602341 0.374381 0.704999
vn -0.457744 0.110477 0.882194
vn -0.676977 0.273898 0.683142
vn -0.480941 0.081223 0.872983
vn -0.725386 0.197912 0.659276
vn -0.483763 0.083128 0.871242
vn -0.803181 0.164623 0.572538
vn -0.546955 0.121580 0.828287
vn -0.910733 0.068347 0.407302
vn -0.682669 0.098434 0.724067
vn -0.975213 -0.035550 0.218392
vn -0.819906 0.017040 0.572244
vn -0.994476 -0.084804 0.061851
vn -0.908767 -0.039807 0.415402
vn -0.982364 -0.177683 -0.058215
vn -0.948850 -0.120762 0.291718
vn -0.916251 -0.372042 -0.148558
vn -0.939685 -0.296570 0.170404
vn -0.767919 -0.601807 -0.219383
vn -0.847127 -0.529058 0.049745
vn -0.525782 -0.758275 -0.385451
vn -0.655145 -0.727868 -0.202470
vn -0.264401 -0.851464 -0.452882
vn -0.387887 -0.845059 -0.367992
vn -0.104333 -0.944577 -0.311272
vn -0.214544 -0.934469 -0.284145
vn -0.030087 -0.999145 0.028369
vn -0.143076 -0.989324 0.027690
vn -0.328723 -0.897190 0.294943
vn -0.548098 -0.781826 0.297214
vn -0.806896 -0.590449 0.017008
vn -0.892110 -0.374921 -0.252138
vn -0.883949 -0.186090 -0.428957
vn -0.815155 -0.092506 -0.571808
vn -0.721641 -0.060898 -0.689584
vn -0.586849 -0.034190 -0.808974
vn -0.458610 -0.049479 -0.887259
vn -0.345669 -0.055863 -0.936692
vn -0.261911 -0.026091 -0.964739
vn -0.243752 -0.038158 -0.969087
vn -0.252934 -0.099715 -0.962331
vn -0.221456 -0.106594 -0.969327
vn -0.000005 -0.016604 -0.999862
vn 0.221434 -0.106661 -0.969325
vn 0.252935 -0.099725 -0.962330
vn 0.243742 -0.038168 -0.969089
vn 0.261911 -0.026089 -0.964739
vn 0.345680 -0.055868 -0.936688
vn 0.458632 -0.049480 -0.887247
vn 0.586796 -0.034050 -0.809018
vn 0.721124 -0.060832 -0.690130
vn 0.815178 -0.092525 -0.571773
vn 0.882328 -0.195366 -0.428170
vn 0.896686 -0.371212 -0.241155
vn 0.806890 -0.590457 0.017016
vn 0.548029 -0.781855 0.297266
vn 0.328749 -0.897184 0.294933
vn 0.256600 -0.966147 0.026788
vn 0.329961 -0.910380 -0.249669
vn 0.518886 -0.814351 -0.259980
vn 0.763148 -0.646069 0.014177
vn 0.861344 -0.411127 0.298432
vn 0.858874 -0.200766 0.471199
vn 0.799105 -0.049565 0.599145
vn 0.714753 0.005903 0.699352
vn 0.567106 0.059478 0.821495
vn 0.390331 0.108821 0.914221
vn 0.265272 0.070553 0.961589
vn 0.221888 -0.031502 0.974563
vn 0.253262 -0.112842 0.960794
vn 0.263757 -0.166691 0.950077
vn 0.233533 -0.165562 0.958150
vn -0.000004 -0.072451 0.997372
vn -0.233558 -0.165499 0.958155
vn -0.263765 -0.166681 0.950077
vn -0.253259 -0.112839 0.960795
vn -0.221890 -0.031499 0.974563
vn -0.265264 0.070548 0.961591
vn -0.390322 0.108819 0.914225
vn -0.567085 0.059483 0.821509
vn -0.714752 0.005905 0.699353
vn -0.799104 -0.049569 0.599146
vn -0.858876 -0.200769 0.471194
vn -0.861344 -0.411131 0.298426
vn -0.763134 -0.646086 0.014140
vn -0.518918 -0.814339 -0.259954
vn -0.329980 -0.910375 -0.249661
vn -0.256578 -0.966152 0.026786
vn -0.499126 -0.833734 0.236137
vn -0.718325 -0.682915 0.132797
vn -0.876144 -0.420654 -0.235420
vn -0.835147 -0.214479 -0.506486
vn -0.719011 -0.090102 -0.689133
vn -0.598872 -0.039961 -0.799847
vn -0.471619 -0.028698 -0.881336
vn -0.312399 0.000332 -0.949951
vn -0.165055 -0.013824 -0.986188
vn -0.045120 -0.054205 -0.997510
vn 0.016564 -0.116014 -0.993109
vn -0.009901 -0.243980 -0.969730
vn -0.066521 -0.386641 -0.919828
vn -0.084801 -0.430101 -0.898789
vn -0.000002 -0.357233 -0.934015
vn 0.084808 -0.430086 -0.898796
vn 0.066520 -0.386648 -0.919825
vn 0.009875 -0.244000 -0.969725
vn -0.016568 -0.116018 -0.993109
vn 0.045127 -0.054203 -0.997510
vn 0.165029 -0.013819 -0.986192
vn 0.312432 0.000422 -0.949940
vn 0.471659 -0.028710 -0.881313
vn 0.598759 -0.040039 -0.799928
vn 0.714989 -0.093990 -0.692789
vn 0.836234 -0.204598 -0.508775
vn 0.876138 -0.420676 -0.235403
vn 0.718290 -0.682945 0.132838
vn 0.499094 -0.833748 0.236153
vn 0.414124 -0.909874 0.025122
vn 0.497582 -0.845731 -0.192747
vn 0.688251 -0.718872 -0.097634
vn 0.838413 -0.473439 0.270034
vn 0.802165 -0.230186 0.550950
vn 0.689569 -0.078719 0.719929
vn 0.579569 0.021288 0.814645
vn 0.466692 0.044812 0.883284
vn 0.291612 0.086266 0.952639
vn 0.110876 0.104996 0.988272
vn -0.000944 0.019582 0.999808
vn -0.021151 -0.135313 0.990577
vn 0.021747 -0.292316 0.956075
vn 0.060674 -0.411701 0.909297
vn 0.081156 -0.475436 0.875999
vn -0.000001 -0.404448 0.914561
vn -0.081143 -0.475466 0.875984
vn -0.060653 -0.411717 0.909291
vn -0.021750 -0.292311 0.956076
vn 0.021142 -0.135312 0.990577
vn 0.000951 0.019578 0.999808
vn -0.110881 0.104994 0.988272
vn -0.291620 0.086269 0.952636
vn -0.466709 0.044810 0.883275
vn -0.579593 0.021279 0.814628
vn -0.689579 -0.078724 0.719919
vn -0.802159 -0.230173 0.550964
vn -0.838412 -0.473455 0.270013
vn -0.688232 -0.718888 -0.097653
vn -0.497564 -0.845743 -0.192742
vn -0.414094 -0.909888 0.025124
vn -0.798385 -0.594543 0.095394
vn -0.909509 -0.387197 -0.151235
vn -0.855529 -0.139161 -0.498702
vn -0.685283 -0.006173 -0.728251
vn -0.491337 0.019973 -0.870741
vn -0.343846 0.008959 -0.938984
vn -0.207855 0.007772 -0.978129
vn -0.047232 0.029540 -0.998447
vn 0.102636 0.013894 -0.994622
vn 0.223181 -0.055832 -0.973177
vn 0.259589 -0.197274 -0.945355
vn 0.210699 -0.425754 -0.879966
vn 0.113768 -0.616591 -0.779020
vn 0.048194 -0.678396 -0.733114
vn -0.000002 -0.635828 -0.771831
vn -0.048194 -0.678395 -0.733115
vn -0.113769 -0.616591 -0.779020
vn -0.210661 -0.425735 -0.879984
vn -0.259598 -0.197273 -0.945353
vn -0.223199 -0.055832 -0.973173
vn -0.102644 0.013899 -0.994621
vn 0.047243 0.029541 -0.998447
vn 0.209082 0.007627 -0.977868
vn 0.343848 0.008876 -0.938983
vn 0.491332 0.019973 -0.870743
vn 0.685292 -0.006184 -0.728242
vn 0.855536 -0.139194 -0.498681
vn 0.909513 -0.387187 -0.151239
vn 0.798390 -0.594537 0.095396
vn 0.713803 -0.700028 0.021103
vn 0.799099 -0.598665 -0.055141
vn 0.889979 -0.415474 0.187934
vn 0.827111 -0.167815 0.536401
vn 0.656381 -0.008718 0.754380
vn 0.467068 0.054670 0.882530
vn 0.320998 0.084017 0.943346
vn 0.204088 0.080669 0.975623
vn 0.031379 0.101903 0.994299
vn -0.136229 0.094819 0.986129
vn -0.234659 -0.029092 0.971642
vn -0.245101 -0.227721 0.942374
vn -0.197011 -0.446806 0.872669
vn -0.124287 -0.603671 0.787486
vn -0.057728 -0.701787 0.710044
vn -0.000002 -0.664360 0.747413
vn 0.057725 -0.701783 0.710048
vn 0.122973 -0.604505 0.787053
vn 0.196996 -0.442050 0.875091
vn 0.245079 -0.227713 0.942382
vn 0.234648 -0.029090 0.971645
vn 0.136230 0.094814 0.986130
vn -0.031396 0.101906 0.994299
vn -0.204081 0.080667 0.975625
vn -0.321014 0.084011 0.943341
vn -0.467090 0.054659 0.882519
vn -0.656400 -0.008751 0.754362
vn -0.827113 -0.167830 0.536393
vn -0.889971 -0.415501 0.187909
vn -0.799129 -0.598628 -0.055119
vn -0.713841 -0.699990 0.021102
vn -0.974846 0.106838 -0.195604
vn -0.864401 0.173725 -0.471838
vn -0.693241 0.214027 -0.688193
vn -0.462480 0.205290 -0.862536
vn -0.241858 0.131982 -0.961294
vn -0.089535 0.057363 -0.994330
vn 0.044944 0.041533 -0.998126
vn 0.202072 0.056608 -0.977733
vn 0.341627 0.037396 -0.939091
vn 0.458714 -0.056868 -0.886762
vn 0.481559 -0.269294 -0.834015
vn 0.406496 -0.570477 -0.713665
vn 0.266420 -0.774578 -0.573629
vn 0.163224 -0.844135 -0.510680
vn -0.000003 -0.841010 -0.541020
vn -0.163232 -0.844143 -0.510664
vn -0.266423 -0.774586 -0.573616
vn -0.406499 -0.570479 -0.713661
vn -0.481569 -0.269296 -0.834009
vn -0.458712 -0.056870 -0.886763
vn -0.341605 0.037393 -0.939099
vn -0.202055 0.056606 -0.977737
vn -0.044929 0.041533 -0.998127
vn 0.089584 0.057348 -0.994327
vn 0.241847 0.131991 -0.961295
vn 0.462448 0.205312 -0.862548
vn 0.693251 0.214011 -0.688188
vn 0.864391 0.173753 -0.471845
vn 0.974840 0.106875 -0.195615
vn 0.998369 0.056927 0.004240
vn 0.970855 0.111202 0.212307
vn 0.851293 0.170943 0.496063
vn 0.667631 0.220349 0.711136
vn 0.438071 0.231269 0.868682
vn 0.219013 0.183227 0.958364
vn 0.064207 0.139673 0.988114
vn -0.052992 0.110332 0.992481
vn -0.212188 0.113421 0.970624
vn -0.361020 0.084898 0.928686
vn -0.440026 -0.070797 0.895190
vn -0.452460 -0.312959 0.835067
vn -0.398884 -0.567851 0.720026
vn -0.285601 -0.742841 0.605491
vn -0.175604 -0.850536 0.495733
vn -0.000002 -0.852572 0.522609
vn 0.175594 -0.850523 0.495759
vn 0.284977 -0.743514 0.604959
vn 0.402933 -0.566298 0.718993
vn 0.452466 -0.312965 0.835061
vn 0.440018 -0.070794 0.895194
vn 0.361037 0.084897 0.928679
vn 0.212204 0.113423 0.970621
vn 0.052962 0.110328 0.992483
vn -0.064155 0.139690 0.988115
vn -0.218973 0.183246 0.958369
vn -0.438095 0.231248 0.868676
vn -0.667613 0.220375 0.711145
vn -0.851297 0.170941 0.496057
vn -0.970846 0.111251 0.212325
vn -0.998370 0.056911 0.004242
vn -0.694778 0.633569 -0.340403
vn -0.581237 0.580224 -0.570530
vn -0.437445 0.514653 -0.737411
vn -0.205404 0.397742 -0.894210
vn 0.009163 0.235493 -0.971833
vn 0.168468 0.111927 -0.979332
vn 0.306090 0.070614 -0.949380
vn 0.440166 0.091777 -0.893214
vn 0.561752 0.062611 -0.824933
vn 0.676523 -0.056060 -0.734285
vn 0.690232 -0.325896 -0.646043
vn 0.573256 -0.666848 -0.476121
vn 0.391255 -0.860376 -0.326609
vn 0.257494 -0.933596 -0.249189
vn -0.000000 -0.966047 -0.258366
vn -0.257488 -0.933592 -0.249209
vn -0.391250 -0.860375 -0.326617
vn -0.573285 -0.666859 -0.476070
vn -0.690215 -0.325895 -0.646062
vn -0.676519 -0.056058 -0.734288
vn -0.561756 0.062612 -0.824931
vn -0.440173 0.091781 -0.893210
vn -0.306054 0.070604 -0.949392
vn -0.168468 0.111933 -0.979331
vn -0.009125 0.235480 -0.971836
vn 0.205410 0.397737 -0.894210
vn 0.437423 0.514666 -0.737414
vn 0.581253 0.580210 -0.570527
vn 0.694790 0.633554 -0.340406
vn 0.749363 0.662078 -0.010384
vn 0.689994 0.644041 0.330333
vn 0.579862 0.582366 0.569745
vn 0.417653 0.538984 0.731479
vn 0.188854 0.444378 0.875707
vn -0.031847 0.299049 0.953706
vn -0.196276 0.195203 0.960922
vn -0.319669 0.132335 0.938243
vn -0.455042 0.126476 0.881443
vn -0.578925 0.081603 0.811287
vn -0.644972 -0.103955 0.757103
vn -0.655963 -0.389773 0.646367
vn -0.582634 -0.651032 0.486513
vn -0.425499 -0.824567 0.372881
vn -0.273497 -0.930162 0.244944
vn 0.000000 -0.968638 0.248478
vn 0.273506 -0.930166 0.244919
vn 0.425490 -0.824567 0.372891
vn 0.582587 -0.651025 0.486578
vn 0.655966 -0.389768 0.646366
vn 0.644957 -0.103957 0.757115
vn 0.578922 0.081610 0.811288
vn 0.455074 0.126476 0.881426
vn 0.319667 0.132338 0.938243
vn 0.196319 0.195219 0.960910
vn 0.031843 0.299039 0.953709
vn -0.188842 0.444390 0.875703
vn -0.417606 0.539038 0.731467
vn -0.579873 0.582355 0.569746
vn -0.690000 0.644035 0.330332
vn -0.749340 0.662104 -0.010386
vn -0.362682 0.746462 -0.557904
vn -0.474713 0.802933 -0.360482
vn -0.183909 0.703136 -0.686861
vn 0.048448 0.550054 -0.833723
vn 0.256495 0.327875 -0.909235
vn 0.434142 0.168352 -0.884974
vn 0.561418 0.105716 -0.820752
vn 0.665380 0.125807 -0.735828
vn 0.776162 0.098542 -0.622786
vn 0.858151 -0.044024 -0.511506
vn 0.862458 -0.355183 -0.360572
vn 0.697191 -0.696820 -0.168425
vn 0.486967 -0.872459 -0.040976
vn 0.329216 -0.943076 0.047153
vn -0.000001 -0.997963 0.063791
vn -0.329221 -0.943074 0.047162
vn -0.486968 -0.872458 -0.040980
vn -0.697201 -0.696815 -0.168403
vn -0.862456 -0.355196 -0.360562
vn -0.858150 -0.044025 -0.511509
vn -0.776171 0.098547 -0.622774
vn -0.665386 0.125808 -0.735822
vn -0.561398 0.105709 -0.820767
vn -0.434147 0.168360 -0.884970
vn -0.256466 0.327868 -0.909246
vn -0.048445 0.550052 -0.833724
vn 0.183866 0.703159 -0.686849
vn 0.362680 0.746463 -0.557904
vn 0.474699 0.802942 -0.360480
vn 0.531177 0.847106 -0.016201
vn 0.470283 0.814996 0.338548
vn 0.362030 0.757333 0.543490
vn 0.184211 0.727684 0.660714
vn -0.056950 0.607957 0.791925
vn -0.279357 0.398659 0.873516
vn -0.463386 0.245796 0.851386
vn -0.581717 0.155726 0.798345
vn -0.677351 0.139713 0.722271
vn -0.782069 0.083033 0.617635
vn -0.840732 -0.133261 0.524796
vn -0.833624 -0.438038 0.336444
vn -0.721663 -0.670357 0.172699
vn -0.539736 -0.836975 0.090325
vn -0.350669 -0.935625 -0.040456
vn 0.000000 -0.997700 -0.067790
vn 0.350665 -0.935626 -0.040459
vn 0.540484 -0.836513 0.090130
vn 0.721283 -0.671018 0.171712
vn 0.833616 -0.438039 0.336461
vn 0.840737 -0.133257 0.524789
vn 0.782075 0.083038 0.617628
vn 0.677316 0.139703 0.722306
vn 0.581755 0.155742 0.798314
vn 0.463376 0.245790 0.851393
vn 0.279334 0.398640 0.873532
vn 0.056945 0.607956 0.791926
vn -0.184234 0.727674 0.660718
vn -0.362020 0.757342 0.543484
vn -0.470299 0.814987 0.338548
vn -0.531174 0.847108 -0.016200
vn -0.205323 0.819600 -0.534881
vn -0.337516 0.869848 -0.359789
vn 0.027846 0.805505 -0.591935
vn 0.285545 0.652429 -0.701997
vn 0.525764 0.417732 -0.740994
vn 0.691749 0.219953 -0.687826
vn 0.798527 0.151359 -0.582620
vn 0.864303 0.155791 -0.478236
vn 0.943765 0.141940 -0.298598
vn 0.988482 -0.007825 -0.151139
vn 0.943239 -0.329485 0.041718
vn 0.748921 -0.632802 0.196669
vn 0.542218 -0.793107 0.277454
vn 0.370732 -0.853872 0.365321
vn -0.000044 -0.919358 0.393423
vn -0.370460 -0.853901 0.365531
vn -0.542221 -0.793210 0.277155
vn -0.748233 -0.633143 0.198185
vn -0.943242 -0.329476 0.041712
vn -0.988483 -0.007820 -0.151132
vn -0.943766 0.141941 -0.298595
vn -0.864300 0.155786 -0.478242
vn -0.799147 0.151584 -0.581710
vn -0.691809 0.219892 -0.687785
vn -0.525449 0.413175 -0.743767
vn -0.281386 0.654420 -0.701823
vn -0.027798 0.805487 -0.591962
vn 0.205341 0.819593 -0.534886
vn 0.337508 0.869851 -0.359789
vn 0.394834 0.918548 -0.019387
vn 0.335837 0.881427 0.332114
vn 0.201870 0.836074 0.510126
vn -0.011101 0.830104 0.557498
vn -0.284198 0.715054 0.638693
vn -0.544776 0.481836 0.686334
vn -0.717458 0.282179 0.636890
vn -0.818689 0.179581 0.545434
vn -0.880481 0.152051 0.449037
vn -0.959597 0.080236 0.269696
vn -0.986516 -0.143239 0.079180
vn -0.904706 -0.411514 -0.110286
vn -0.779954 -0.589035 -0.211446
vn -0.617322 -0.739401 -0.268701
vn -0.400511 -0.843340 -0.358286
vn -0.000000 -0.916463 -0.400119
vn 0.400517 -0.843332 -0.358298
vn 0.618029 -0.739114 -0.267864
vn 0.779180 -0.590218 -0.211002
vn 0.904706 -0.411506 -0.110318
vn 0.986515 -0.143235 0.079191
vn 0.959596 0.080236 0.269699
vn 0.880473 0.152048 0.449053
vn 0.818706 0.179593 0.545406
vn 0.717445 0.282168 0.636909
vn 0.544771 0.481833 0.686339
vn 0.284212 0.715060 0.638681
vn 0.011110 0.830109 0.557490
vn -0.201853 0.836078 0.510127
vn -0.335813 0.881437 0.332111
vn -0.394839 0.918546 -0.019385
vn -0.068336 0.855510 -0.513258
vn -0.223712 0.907448 -0.355657
vn 0.210783 0.846647 -0.488630
vn 0.503718 0.701149 -0.504637
vn 0.765864 0.461582 -0.447653
vn 0.893708 0.254016 -0.369813
vn 0.954332 0.184457 -0.235003
vn 0.980093 0.183485 -0.075841
vn 0.971238 0.170728 0.165976
vn 0.945009 0.043935 0.324080
vn 0.852917 -0.234461 0.466435
vn 0.691046 -0.478667 0.541602
vn 0.532361 -0.593668 0.603449
vn 0.371284 -0.649853 0.663204
vn -0.000381 -0.732044 0.681257
vn -0.370901 -0.650291 0.662989
vn -0.532255 -0.593395 0.603810
vn -0.690610 -0.479896 0.541071
vn -0.852916 -0.234470 0.466431
vn -0.945006 0.043943 0.324088
vn -0.971243 0.170722 0.165956
vn -0.980093 0.183466 -0.075885
vn -0.954443 0.184569 -0.234464
vn -0.893721 0.253928 -0.369843
vn -0.770406 0.451618 -0.450018
vn -0.498092 0.707725 -0.501029
vn -0.210758 0.846639 -0.488655
vn 0.068351 0.855509 -0.513256
vn 0.223732 0.907442 -0.355658
vn 0.282642 0.958974 -0.021945
vn 0.223302 0.919500 0.323504
vn 0.068203 0.873458 0.482100
vn -0.176455 0.875275 0.450287
vn -0.488777 0.757720 0.432385
vn -0.770188 0.510168 0.382804
vn -0.905045 0.290065 0.311057
vn -0.964559 0.182125 0.190933
vn -0.988585 0.146172 0.036524
vn -0.972956 0.057734 -0.223658
vn -0.875856 -0.110591 -0.469729
vn -0.780160 -0.290631 -0.553972
vn -0.714144 -0.411971 -0.565932
vn -0.594616 -0.507162 -0.623874
vn -0.406480 -0.627234 -0.664343
vn -0.000003 -0.720131 -0.693838
vn 0.406484 -0.627230 -0.664344
vn 0.594610 -0.507144 -0.623894
vn 0.714151 -0.411984 -0.565913
vn 0.780165 -0.290632 -0.553964
vn 0.875861 -0.110595 -0.469720
vn 0.972956 0.057740 -0.223656
vn 0.988585 0.146174 0.036520
vn 0.964555 0.182126 0.190954
vn 0.905038 0.290064 0.311078
vn 0.770187 0.510167 0.382807
vn 0.488769 0.757722 0.432391
vn 0.176455 0.875279 0.450279
vn -0.068242 0.873444 0.482119
vn -0.223290 0.919506 0.323498
vn -0.282645 0.958974 -0.021943
vn 0.078462 0.873289 -0.480844
vn -0.100286 0.932013 -0.348273
vn 0.391898 0.838295 -0.379048
vn 0.678691 0.687099 -0.259372
vn 0.890372 0.433580 -0.138734
vn 0.968989 0.247021 -0.006424
vn 0.969641 0.187775 0.156645
vn 0.909497 0.176180 0.376533
vn 0.801580 0.158171 0.576587
vn 0.723066 0.079756 0.686159
vn 0.640577 -0.114468 0.759314
vn 0.554957 -0.281382 0.782845
vn 0.445170 -0.312033 0.839320
vn 0.327576 -0.364336 0.871753
vn -0.000001 -0.473232 0.880938
vn -0.327581 -0.364369 0.871738
vn -0.445186 -0.312066 0.839300
vn -0.554951 -0.281369 0.782854
vn -0.640587 -0.114464 0.759306
vn -0.723087 0.079753 0.686137
vn -0.801594 0.158170 0.576566
vn -0.909507 0.176089 0.376551
vn -0.969568 0.187835 0.157022
vn -0.968992 0.247008 -0.006470
vn -0.894321 0.426531 -0.135137
vn -0.676647 0.691145 -0.253904
vn -0.391910 0.838291 -0.379044
vn -0.078500 0.873296 -0.480825
vn 0.100279 0.932013 -0.348276
vn 0.160944 0.986662 -0.024416
vn 0.098569 0.945152 0.311402
vn -0.073573 0.892700 0.444605
vn -0.355627 0.872502 0.335066
vn -0.659109 0.731541 0.174424
vn -0.880306 0.469324 0.069260
vn -0.966339 0.252982 -0.046794
vn -0.968697 0.154325 -0.194449
vn -0.908059 0.107500 -0.404811
vn -0.776219 0.016333 -0.630252
vn -0.612028 -0.073401 -0.787422
vn -0.552510 -0.143093 -0.821131
vn -0.560357 -0.195350 -0.804884
vn -0.484422 -0.218290 -0.847163
vn -0.358938 -0.319779 -0.876872
vn -0.000001 -0.444170 -0.895943
vn 0.358931 -0.319736 -0.876891
vn 0.484399 -0.218250 -0.847187
vn 0.560350 -0.195343 -0.804891
vn 0.552511 -0.143100 -0.821130
vn 0.612017 -0.073393 -0.787432
vn 0.776216 0.016333 -0.630256
vn 0.908056 0.107499 -0.404819
vn 0.968697 0.154324 -0.194447
vn 0.966339 0.252980 -0.046797
vn 0.880305 0.469325 0.069259
vn 0.659108 0.731542 0.174420
vn 0.355625 0.872501 0.335072
vn 0.073578 0.892699 0.444606
vn -0.098561 0.945154 0.311398
vn -0.160977 0.986656 -0.024414
vn 0.260050 0.866831 -0.425416
vn 0.056442 0.941005 -0.333652
vn 0.577769 0.781214 -0.236408
vn 0.802399 0.596525 0.017700
vn 0.917932 0.350741 0.185424
vn 0.920419 0.206498 0.331945
vn 0.857374 0.156423 0.490349
vn 0.707433 0.134921 0.693783
vn 0.565208 0.121383 0.815970
vn 0.470884 0.091457 0.877442
vn 0.405624 -0.010848 0.913976
vn 0.380724 -0.086181 0.920664
vn 0.321088 -0.044636 0.945997
vn 0.253577 -0.064623 0.965154
vn 0.000001 -0.191515 0.981490
vn -0.253548 -0.064531 0.965168
vn -0.321082 -0.044622 0.946000
vn -0.380730 -0.086180 0.920661
vn -0.405621 -0.010848 0.913977
vn -0.470883 0.091457 0.877442
vn -0.565190 0.121385 0.815982
vn -0.707373 0.134829 0.693862
vn -0.856888 0.156405 0.491202
vn -0.920417 0.206496 0.331951
vn -0.917933 0.350744 0.185413
vn -0.802397 0.596529 0.017677
vn -0.577756 0.781219 -0.236422
vn -0.260083 0.866830 -0.425397
vn -0.056449 0.941005 -0.333651
vn 0.006574 0.999617 -0.026894
vn -0.059365 0.954881 0.290996
vn -0.247001 0.888886 0.385839
vn -0.539525 0.816662 0.204879
vn -0.766049 0.636917 -0.086639
vn -0.894626 0.375156 -0.242696
vn -0.908202 0.184271 -0.375784
vn -0.850722 0.099825 -0.516049
vn -0.703832 0.050680 -0.708556
vn -0.525986 -0.024934 -0.850128
vn -0.368052 -0.045965 -0.928669
vn -0.337534 -0.025524 -0.940967
vn -0.373266 0.006068 -0.927704
vn -0.341819 0.039116 -0.938951
vn -0.274577 -0.006486 -0.961543
vn 0.000001 -0.147827 -0.989013
vn 0.274611 -0.006588 -0.961533
vn 0.341822 0.039116 -0.938951
vn 0.373270 0.006059 -0.927703
vn 0.337533 -0.025525 -0.940968
vn 0.368040 -0.045960 -0.928674
vn 0.526000 -0.024936 -0.850119
vn 0.703823 0.050680 -0.708565
vn 0.850735 0.099825 -0.516028
vn 0.908210 0.184278 -0.375762
vn 0.894626 0.375155 -0.242699
vn 0.766052 0.636910 -0.086657
vn 0.539515 0.816666 0.204892
vn 0.246971 0.888888 0.385855
vn 0.059344 0.954881 0.290999
vn -0.006592 0.999617 -0.026892
vn 0.491746 0.809502 -0.320770
vn 0.268834 0.914698 -0.301755
vn 0.748775 0.661544 -0.041181
vn 0.857642 0.436732 0.271507
vn 0.852038 0.238792 0.465843
vn 0.777732 0.150928 0.610208
vn 0.667832 0.106952 0.736588
vn 0.485182 0.083745 0.870394
vn 0.339471 0.079347 0.937264
vn 0.243116 0.087734 0.966021
vn 0.193114 0.067480 0.978853
vn 0.196500 0.088267 0.976523
vn 0.179909 0.199599 0.963220
vn 0.164913 0.210594 0.963563
vn -0.000002 0.086836 0.996223
vn -0.164906 0.210619 0.963559
vn -0.179898 0.199608 0.963220
vn -0.196495 0.088277 0.976523
vn -0.193112 0.067485 0.978853
vn -0.243104 0.087734 0.966025
vn -0.339461 0.079349 0.937267
vn -0.485229 0.083743 0.870368
vn -0.667846 0.106956 0.736575
vn -0.777756 0.150936 0.610176
vn -0.852033 0.238782 0.465858
vn -0.857641 0.436739 0.271498
vn -0.748784 0.661535 -0.041153
vn -0.491785 0.809489 -0.320742
vn -0.268859 0.914692 -0.301752
vn -0.202914 0.978770 -0.028891
vn -0.273980 0.927953 0.252663
vn -0.471097 0.836842 0.278860
vn -0.709897 0.704213 0.011426
vn -0.820891 0.470072 -0.324300
vn -0.825186 0.243388 -0.509736
vn -0.759497 0.105132 -0.641959
vn -0.662993 0.043797 -0.747343
vn -0.483088 -0.011972 -0.875490
vn -0.296394 -0.058154 -0.953294
vn -0.168476 -0.024279 -0.985407
vn -0.150961 0.064224 -0.986451
vn -0.190298 0.166851 -0.967444
vn -0.192950 0.249981 -0.948831
vn -0.176726 0.262922 -0.948494
vn -0.000002 0.134390 -0.990929
vn 0.176732 0.262906 -0.948497
vn 0.192965 0.249974 -0.948830
vn 0.190288 0.166851 -0.967446
vn 0.150965 0.064223 -0.986451
vn 0.168498 -0.024285 -0.985403
vn 0.296380 -0.058152 -0.953298
vn 0.483057 -0.011978 -0.875507
vn 0.662989 0.043795 -0.747347
vn 0.759473 0.105124 -0.641989
vn 0.825193 0.243399 -0.509720
vn 0.820894 0.470083 -0.324275
vn 0.709895 0.704215 0.011446
vn 0.471099 0.836843 0.278856
vn 0.273956 0.927958 0.252669
vn 0.202940 0.978765 -0.028890
vn 0.752315 0.645522 -0.131623
vn 0.554386 0.800207 -0.228746
vn 0.870967 0.437046 0.224515
vn 0.824940 0.225634 0.518231
vn 0.714074 0.113536 0.690803
vn 0.588588 0.086255 0.803819
vn 0.447950 0.064623 0.891720
vn 0.269087 0.028111 0.962706
vn 0.128039 0.037609 0.991056
vn 0.033805 0.075156 0.996599
vn -0.009031 0.129891 0.991487
vn 0.003844 0.243674 0.969850
vn 0.032901 0.411506 0.910813
vn 0.066538 0.456814 0.887070
vn -0.000005 0.351215 0.936295
vn -0.066566 0.456750 0.887101
vn -0.032917 0.411479 0.910825
vn -0.003839 0.243676 0.969849
vn 0.009021 0.129893 0.991487
vn -0.033828 0.075155 0.996598
vn -0.128037 0.037607 0.991056
vn -0.269120 0.028065 0.962698
vn -0.448385 0.064705 0.891495
vn -0.588598 0.086261 0.803810
vn -0.714047 0.113517 0.690833
vn -0.824933 0.225618 0.518249
vn -0.870963 0.437050 0.224524
vn -0.752286 0.645548 -0.131654
vn -0.554388 0.800204 -0.228752
vn -0.488765 0.871954 -0.028372
vn -0.560844 0.809583 0.173291
vn -0.727625 0.680033 0.090089
vn -0.839018 0.478192 -0.259578
vn -0.792919 0.247457 -0.556816
vn -0.686812 0.098066 -0.720189
vn -0.566258 0.022960 -0.823908
vn -0.437206 -0.004046 -0.899352
vn -0.251505 -0.068811 -0.965407
vn -0.090848 -0.078391 -0.992775
vn 0.012433 -0.005855 -0.999906
vn 0.029329 0.139094 -0.989845
vn -0.008194 0.301811 -0.953333
vn -0.039017 0.425270 -0.904225
vn -0.070167 0.492311 -0.867587
vn -0.000005 0.394568 -0.918867
vn 0.070138 0.492371 -0.867555
vn 0.039011 0.425281 -0.904220
vn 0.008178 0.301818 -0.953330
vn -0.029335 0.139092 -0.989845
vn -0.012455 -0.005854 -0.999905
vn 0.090842 -0.078383 -0.992776
vn 0.251492 -0.068815 -0.965410
vn 0.437197 -0.004046 -0.899357
vn 0.566215 0.022944 -0.823938
vn 0.686834 0.098082 -0.720166
vn 0.792924 0.247467 -0.556805
vn 0.839024 0.478180 -0.259582
vn 0.727675 0.679988 0.090035
vn 0.560843 0.809583 0.173291
vn 0.488773 0.871950 -0.028370
vn 0.882232 0.466070 -0.066681
vn 0.942283 0.281849 0.180732
vn 0.858894 0.111187 0.499939
vn 0.691568 0.014254 0.722171
vn 0.517868 -0.010283 0.855399
vn 0.359527 0.020703 0.932905
vn 0.198001 0.022570 0.979942
vn 0.040587 -0.018471 0.999005
vn -0.082189 -0.007723 0.996587
vn -0.181585 0.057168 0.981712
vn -0.223580 0.182289 0.957488
vn -0.204022 0.387488 0.899015
vn -0.120227 0.596495 0.793561
vn -0.039931 0.668934 0.742249
vn 0.000000 0.602237 0.798318
vn 0.039932 0.668929 0.742253
vn 0.120253 0.596526 0.793534
vn 0.204047 0.387506 0.899002
vn 0.223565 0.182284 0.957492
vn 0.181593 0.057173 0.981710
vn 0.082195 -0.007726 0.996586
vn -0.040555 -0.018534 0.999005
vn -0.198020 0.022584 0.979938
vn -0.359511 0.020737 0.932911
vn -0.517876 -0.010272 0.855394
vn -0.691553 0.014230 0.722185
vn -0.858904 0.111208 0.499917
vn -0.942277 0.281888 0.180704
vn -0.882226 0.466080 -0.066689
vn -0.824660 0.565197 -0.022108
vn -0.879534 0.475441 0.019380
vn -0.926425 0.304680 -0.221147
vn -0.833232 0.132880 -0.536720
vn -0.659554 0.015100 -0.751506
vn -0.490662 -0.045006 -0.870187
vn -0.335451 -0.054107 -0.940503
vn -0.196130 -0.053359 -0.979125
vn -0.023471 -0.102099 -0.994497
vn 0.116023 -0.092133 -0.988964
vn 0.205086 0.016469 -0.978605
vn 0.219075 0.209619 -0.952925
vn 0.184300 0.420773 -0.888247
vn 0.127881 0.580146 -0.804411
vn 0.046528 0.686763 -0.725391
vn -0.000000 0.631698 -0.775214
vn -0.046529 0.686767 -0.725387
vn -0.127856 0.580125 -0.804430
vn -0.184289 0.420774 -0.888250
vn -0.219084 0.209626 -0.952922
vn -0.205118 0.016474 -0.978599
vn -0.116017 -0.092131 -0.988965
vn 0.023472 -0.102100 -0.994497
vn 0.196124 -0.053361 -0.979126
vn 0.335466 -0.054103 -0.940497
vn 0.490678 -0.045002 -0.870178
vn 0.659538 0.015094 -0.751520
vn 0.833209 0.132825 -0.536768
vn 0.926429 0.304667 -0.221149
vn 0.879539 0.475433 0.019381
vn 0.824660 0.565197 -0.022107
vn 0.981075 -0.104482 0.163017
vn 0.858563 -0.185502 0.477973
vn 0.672316 -0.209075 0.710126
vn 0.471608 -0.187773 0.861584
vn 0.271960 -0.124543 0.954215
vn 0.099758 -0.041545 0.994144
vn -0.055469 -0.022098 0.998216
vn -0.194422 -0.050954 0.979594
vn -0.309774 -0.052561 0.949356
vn -0.403940 0.038379 0.913980
vn -0.448292 0.221434 0.866026
vn -0.412455 0.510780 0.754311
vn -0.271165 0.744004 0.610679
vn -0.150993 0.833721 0.531141
vn 0.000001 0.813695 0.581292
vn 0.150996 0.833722 0.531138
vn 0.271171 0.744015 0.610662
vn 0.412469 0.510793 0.754294
vn 0.448302 0.221434 0.866021
vn 0.403958 0.038386 0.913972
vn 0.309751 -0.052562 0.949364
vn 0.194474 -0.050925 0.979585
vn 0.056496 -0.022262 0.998155
vn -0.099706 -0.041500 0.994151
vn -0.271997 -0.124531 0.954206
vn -0.471643 -0.187747 0.861571
vn -0.672286 -0.209116 0.710142
vn -0.858564 -0.185501 0.477972
vn -0.981074 -0.104492 0.163019
vn -0.999896 -0.011470 -0.008764
vn -0.977195 -0.110618 -0.181255
vn -0.843424 -0.190018 -0.502522
vn -0.640453 -0.216518 -0.736844
vn -0.435892 -0.209160 -0.875358
vn -0.244698 -0.176098 -0.953474
vn -0.073792 -0.121692 -0.989821
vn 0.060992 -0.094055 -0.993697
vn 0.216931 -0.123817 -0.968303
vn 0.334633 -0.099213 -0.937111
vn 0.412884 0.052562 -0.909266
vn 0.430082 0.278281 -0.858831
vn 0.392273 0.524031 -0.755985
vn 0.306593 0.706418 -0.637946
vn 0.169059 0.835889 -0.522214
vn 0.000000 0.826340 -0.563172
vn -0.169058 0.835886 -0.522220
vn -0.306581 0.706404 -0.637966
vn -0.392223 0.524003 -0.756030
vn -0.430077 0.278277 -0.858834
vn -0.412871 0.052561 -0.909272
vn -0.334650 -0.099214 -0.937105
vn -0.216926 -0.123815 -0.968304
vn -0.061041 -0.094063 -0.993693
vn 0.073798 -0.121691 -0.989821
vn 0.244706 -0.176102 -0.953471
vn 0.435906 -0.209142 -0.875355
vn 0.640491 -0.216464 -0.736827
vn 0.843430 -0.190014 -0.502515
vn 0.977194 -0.110624 -0.181259
vn 0.999896 -0.011456 -0.008764
vn 0.749689 -0.575330 0.327051
vn 0.574869 -0.525127 0.627509
vn 0.385835 -0.455989 0.802001
vn 0.189641 -0.358238 0.914167
vn -0.007561 -0.221805 0.975062
vn -0.175098 -0.095971 0.979862
vn -0.311192 -0.059882 0.948459
vn -0.428723 -0.082461 0.899665
vn -0.535200 -0.084477 0.840491
vn -0.624831 0.012739 0.780656
vn -0.677688 0.247924 0.692296
vn -0.598775 0.598448 0.532285
vn -0.406956 0.835008 0.370336
vn -0.252224 0.927220 0.276849
vn 0.000000 0.951651 0.307181
vn 0.252224 0.927219 0.276852
vn 0.406950 0.835002 0.370355
vn 0.598757 0.598439 0.532316
vn 0.677695 0.247925 0.692288
vn 0.624828 0.012742 0.780659
vn 0.535188 -0.084479 0.840498
vn 0.428708 -0.082422 0.899676
vn 0.311216 -0.059886 0.948451
vn 0.175126 -0.096010 0.979854
vn 0.007554 -0.221809 0.975061
vn -0.189673 -0.358216 0.914169
vn -0.385795 -0.456015 0.802005
vn -0.574879 -0.525118 0.627507
vn -0.749702 -0.575315 0.327047
vn -0.832417 -0.554058 0.010067
vn -0.746316 -0.587432 -0.312949
vn -0.558606 -0.546398 -0.624026
vn -0.353633 -0.477668 -0.804224
vn -0.155784 -0.394855 -0.905440
vn 0.035199 -0.285895 -0.957614
vn 0.201303 -0.174688 -0.963826
vn 0.322779 -0.123171 -0.938426
vn 0.452719 -0.138480 -0.880834
vn 0.559651 -0.086437 -0.824209
vn 0.632156 0.096597 -0.768797
vn 0.648568 0.337331 -0.682325
vn 0.595012 0.593608 -0.541840
vn 0.471445 0.781232 -0.409164
vn 0.282683 0.917991 -0.278177
vn 0.000001 0.953179 -0.302406
vn -0.282683 0.917991 -0.278178
vn -0.471453 0.781231 -0.409158
vn -0.595018 0.593608 -0.541834
vn -0.648567 0.337331 -0.682326
vn -0.632152 0.096594 -0.768800
vn -0.559653 -0.086436 -0.824207
vn -0.452714 -0.138477 -0.880837
vn -0.322811 -0.123174 -0.938414
vn -0.201320 -0.174693 -0.963822
vn -0.035221 -0.285905 -0.957610
vn 0.155746 -0.394875 -0.905437
vn 0.353689 -0.477630 -0.804222
vn 0.558600 -0.546404 -0.624025
vn 0.746306 -0.587442 -0.312952
vn 0.832421 -0.554052 0.010067
vn 0.454852 -0.801911 0.387362
vn 0.284679 -0.700277 0.654653
vn 0.090307 -0.608630 0.788298
vn -0.115854 -0.481996 0.868480
vn -0.295881 -0.295197 0.908467
vn -0.448528 -0.140441 0.882666
vn -0.560029 -0.089648 0.823609
vn -0.653731 -0.106659 0.749173
vn -0.743168 -0.110324 0.659948
vn -0.823532 -0.019251 0.566943
vn -0.862863 0.259187 0.433924
vn -0.733646 0.633205 0.246607
vn -0.509675 0.854523 0.100110
vn -0.331236 0.943461 0.012795
vn -0.000000 0.999815 0.019248
vn 0.331238 0.943461 0.012796
vn 0.509681 0.854523 0.100084
vn 0.733644 0.633206 0.246609
vn 0.862868 0.259181 0.433918
vn 0.823532 -0.019255 0.566943
vn 0.743167 -0.110326 0.659948
vn 0.653740 -0.106661 0.749165
vn 0.559685 -0.089601 0.823847
vn 0.448477 -0.140476 0.882686
vn 0.295902 -0.295211 0.908456
vn 0.115851 -0.481992 0.868483
vn -0.090317 -0.608624 0.788302
vn -0.284677 -0.700278 0.654653
vn -0.454848 -0.801911 0.387367
vn -0.545197 -0.838036 0.021356
vn -0.450874 -0.819229 -0.354368
vn -0.275097 -0.725533 -0.630811
vn -0.069793 -0.635364 -0.769052
vn 0.135754 -0.525719 -0.839756
vn 0.321236 -0.365391 -0.873668
vn 0.474836 -0.210983 -0.854410
vn 0.576485 -0.138407 -0.805300
vn 0.675649 -0.138330 -0.724129
vn 0.766125 -0.061250 -0.639766
vn 0.831727 0.141041 -0.536971
vn 0.836192 0.370368 -0.404488
vn 0.753065 0.606208 -0.255745
vn 0.600812 0.788413 -0.132025
vn 0.372921 0.927661 -0.019364
vn 0.000001 0.999729 -0.023282
vn -0.372914 0.927663 -0.019380
vn -0.600804 0.788414 -0.132053
vn -0.753071 0.606205 -0.255733
vn -0.836187 0.370375 -0.404491
vn -0.831726 0.141043 -0.536972
vn -0.766113 -0.061253 -0.639780
vn -0.675620 -0.138332 -0.724156
vn -0.576454 -0.138405 -0.805323
vn -0.474830 -0.210990 -0.854412
vn -0.321217 -0.365389 -0.873677
vn -0.135760 -0.525718 -0.839756
vn 0.069799 -0.635363 -0.769053
vn 0.275096 -0.725537 -0.630808
vn 0.450876 -0.819229 -0.354365
vn 0.545193 -0.838039 0.021354
vn 0.217656 -0.892479 0.395104
vn 0.049806 -0.780281 0.623443
vn -0.169227 -0.689323 0.704411
vn -0.400320 -0.550545 0.732560
vn -0.564791 -0.340161 0.751865
vn -0.690693 -0.170909 0.702662
vn -0.776942 -0.109509 0.619975
vn -0.848725 -0.121003 0.514804
vn -0.906887 -0.131442 0.400349
vn -0.962945 -0.044890 0.265936
vn -0.963337 0.247064 0.104599
vn -0.792504 0.604693 -0.079272
vn -0.567394 0.803325 -0.180924
vn -0.384023 0.891152 -0.241607
vn 0.000000 0.966247 -0.257619
vn 0.384023 0.891151 -0.241611
vn 0.567397 0.803322 -0.180928
vn 0.792500 0.604700 -0.079261
vn 0.963336 0.247068 0.104602
vn 0.962942 -0.044891 0.265948
vn 0.906885 -0.131443 0.400352
vn 0.848734 -0.121005 0.514790
vn 0.776946 -0.109511 0.619970
vn 0.690679 -0.170906 0.702677
vn 0.564800 -0.340163 0.751858
vn 0.400357 -0.550551 0.732535
vn 0.169217 -0.689321 0.704416
vn -0.049821 -0.780281 0.623442
vn -0.217652 -0.892479 0.395106
vn -0.297830 -0.954253 0.026428
vn -0.211632 -0.911356 -0.353047
vn -0.048496 -0.807375 -0.588042
vn 0.172392 -0.718827 -0.673475
vn 0.403799 -0.600075 -0.690548
vn 0.584557 -0.409480 -0.700442
vn 0.714054 -0.226620 -0.662398
vn 0.795832 -0.137670 -0.589659
vn 0.863172 -0.121438 -0.490089
vn 0.928574 -0.023986 -0.370373
vn 0.965335 0.175055 -0.193607
vn 0.932133 0.359596 -0.042661
vn 0.828882 0.554182 0.076398
vn 0.670578 0.725672 0.154031
vn 0.435480 0.868440 0.237001
vn 0.000000 0.967319 0.253564
vn -0.435480 0.868445 0.236982
vn -0.670577 0.725674 0.154025
vn -0.828886 0.554175 0.076405
vn -0.932135 0.359590 -0.042656
vn -0.965334 0.175054 -0.193614
vn -0.928577 -0.023986 -0.370364
vn -0.863173 -0.121438 -0.490087
vn -0.795816 -0.137670 -0.589681
vn -0.714027 -0.226625 -0.662425
vn -0.584531 -0.409479 -0.700464
vn -0.403788 -0.600072 -0.690556
vn -0.172418 -0.718837 -0.673457
vn 0.048481 -0.807375 -0.588043
vn 0.211636 -0.911354 -0.353049
vn 0.297829 -0.954253 0.026427
vn 0.036431 -0.923561 0.381717
vn -0.132888 -0.813417 0.566298
vn -0.384538 -0.721432 0.575904
vn -0.629885 -0.571386 0.526082
vn -0.785969 -0.347528 0.511347
vn -0.879090 -0.184586 0.439464
vn -0.935921 -0.117865 0.331904
vn -0.973588 -0.121055 0.193575
vn -0.989271 -0.138408 0.046756
vn -0.993515 -0.061041 -0.095922
vn -0.943638 0.208415 -0.257120
vn -0.763965 0.510623 -0.394489
vn -0.575583 0.678890 -0.455865
vn -0.409395 0.768999 -0.490954
vn 0.000001 0.853479 -0.521128
vn 0.409392 0.768998 -0.490958
vn 0.576315 0.678179 -0.455999
vn 0.764188 0.511051 -0.393501
vn 0.943645 0.208417 -0.257091
vn 0.993514 -0.061044 -0.095931
vn 0.989271 -0.138408 0.046756
vn 0.973588 -0.121055 0.193580
vn 0.935929 -0.117868 0.331880
vn 0.879097 -0.184586 0.439451
vn 0.785975 -0.347525 0.511340
vn 0.629884 -0.571387 0.526083
vn 0.384520 -0.721434 0.575915
vn 0.132853 -0.813414 0.566311
vn -0.036429 -0.923560 0.381720
vn -0.110784 -0.993442 0.028271
vn -0.032017 -0.941459 -0.335605
vn 0.126027 -0.841273 -0.525715
vn 0.368384 -0.755393 -0.541918
vn 0.620198 -0.625703 -0.473129
vn 0.796791 -0.410489 -0.443421
vn 0.894529 -0.214802 -0.392019
vn 0.948409 -0.119656 -0.293604
vn 0.981968 -0.085837 -0.168438
vn 0.999655 0.023705 0.011297
vn 0.960547 0.184791 0.207851
vn 0.892621 0.298079 0.338197
vn 0.801055 0.437365 0.408684
vn 0.674884 0.585792 0.448753
vn 0.464415 0.736556 0.491735
vn -0.000001 0.850963 0.525225
vn -0.464417 0.736542 0.491754
vn -0.674888 0.585777 0.448767
vn -0.801047 0.437353 0.408713
vn -0.892613 0.298072 0.338224
vn -0.960545 0.184789 0.207862
vn -0.999655 0.023705 0.011281
vn -0.981968 -0.085837 -0.168435
vn -0.948403 -0.119659 -0.293621
vn -0.894522 -0.214804 -0.392033
vn -0.796797 -0.410488 -0.443413
vn -0.620208 -0.625697 -0.473123
vn -0.368398 -0.755390 -0.541912
vn -0.126012 -0.841273 -0.525719
vn 0.031995 -0.941460 -0.335602
vn 0.110783 -0.993443 0.028269
s 1
g pTorus2
usemtl lambert3SG
f 1/1/1 61/62/2 2/2/3
f 2/2/3 61/62/2 62/63/4
f 2/2/3 62/63/4 3/3/5
f 3/3/5 62/63/4 63/64/6
f 3/3/5 63/64/6 4/4/7
f 4/4/7 63/64/6 64/65/8
f 5/5/9 4/4/7 65/66/10
f 65/66/10 4/4/7 64/65/8
f 6/6/11 5/5/9 66/67/12
f 66/67/12 5/5/9 65/66/10
f 6/6/11 66/67/12 7/7/13
f 7/7/13 66/67/12 67/68/14
f 7/7/13 67/68/14 8/8/15
f 8/8/15 67/68/14 68/69/16
f 8/8/15 68/69/16 9/9/17
f 9/9/17 68/69/16 69/70/18
f 9/9/17 69/70/18 10/10/19
f 10/10/19 69/70/18 70/71/20
f 10/10/19 70/71/20 11/11/21
f 11/11/21 70/71/20 71/72/22
f 11/11/21 71/72/22 12/12/23
f 12/12/23 71/72/22 72/73/24
f 13/13/25 12/12/23 73/74/26
f 73/74/26 12/12/23 72/73/24
f 14/14/27 13/13/25 74/75/28
f 74/75/28 13/13/25 73/74/26
f 14/14/27 74/75/28 15/15/29
f 15/15/29 74/75/28 75/76/30
f 16/16/31 15/15/29 76/77/32
f 76/77/32 15/15/29 75/76/30
f 16/16/31 76/77/32 17/17/33
f 17/17/33 76/77/32 77/78/34
f 17/17/33 77/78/34 18/18/35
f 18/18/35 77/78/34 78/79/36
f 19/19/37 18/18/35 79/80/38
f 79/80/38 18/18/35 78/79/36
f 20/20/39 19/19/37 80/81/40
f 80/81/40 19/19/37 79/80/38
f 21/21/41 20/20/39 81/82/42
f 81/82/42 20/20/39 80/81/40
f 22/22/43 21/21/41 82/83/44
f 82/83/44 21/21/41 81/82/42
f 23/23/45 22/22/43 83/84/46
f 83/84/46 22/22/43 82/83/44
f 24/24/47 23/23/45 84/85/48
f 84/85/48 23/23/45 83/84/46
f 24/24/47 84/85/48 25/25/49
f 25/25/49 84/85/48 85/86/50
f 25/25/49 85/86/50 26/26/51
f 26/26/51 85/86/50 86/87/52
f 27/27/53 26/26/51 87/88/54
f 87/88/54 26/26/51 86/87/52
f 28/28/55 27/27/53 88/89/56
f 88/89/56 27/27/53 87/88/54
f 29/29/57 28/28/55 89/90/58
f 89/90/58 28/28/55 88/89/56
f 30/30/59 29/29/57 90/91/60
f 90/91/60 29/29/57 89/90/58
f 30/30/59 90/91/60 31/31/61
f 31/31/61 90/91/60 91/92/62
f 31/31/61 91/92/62 32/32/63
f 32/32/63 91/92/62 92/93/64
f 32/32/63 92/93/64 33/33/65
f 33/33/65 92/93/64 93/94/66
f 33/33/65 93/94/66 34/34/67
f 34/34/67 93/94/66 94/95/68
f 35/35/69 34/34/67 95/96/70
f 95/96/70 34/34/67 94/95/68
f 36/36/71 35/35/69 96/97/72
f 96/97/72 35/35/69 95/96/70
f 36/36/71 96/97/72 37/37/73
f 37/37/73 96/97/72 97/98/74
f 37/37/73 97/98/74 38/38/75
f 38/38/75 97/98/74 98/99/76
f 38/38/75 98/99/76 39/39/77
f 39/39/77 98/99/76 99/100/78
f 39/39/77 99/100/78 40/40/79
f 40/40/79 99/100/78 100/101/80
f 40/40/79 100/101/80 41/41/81
f 41/41/81 100/101/80 101/102/82
f 41/41/81 101/102/82 42/42/83
f 42/42/83 101/102/82 102/103/84
f 43/43/85 42/42/83 103/104/86
f 103/104/86 42/42/83 102/103/84
f 44/44/87 43/43/85 104/105/88
f 104/105/88 43/43/85 103/104/86
f 45/45/89 44/44/87 105/106/90
f 105/106/90 44/44/87 104/105/88
f 45/45/89 105/106/90 46/46/91
f 46/46/91 105/106/90 106/107/92
f 46/46/91 106/107/92 47/47/93
f 47/47/93 106/107/92 107/108/94
f 47/47/93 107/108/94 48/48/95
f 48/48/95 107/108/94 108/109/96
f 49/49/97 48/48/95 109/110/98
f 109/110/98 48/48/95 108/109/96
f 50/50/99 49/49/97 110/111/100
f 110/111/100 49/49/97 109/110/98
f 51/51/101 50/50/99 111/112/102
f 111/112/102 50/50/99 110/111/100
f 52/52/103 51/51/101 112/113/104
f 112/113/104 51/51/101 111/112/102
f 53/53/105 52/52/103 113/114/106
f 113/114/106 52/52/103 112/113/104
f 54/54/107 53/53/105 114/115/108
f 114/115/108 53/53/105 113/114/106
f 54/54/107 114/115/108 55/55/109
f 55/55/109 114/115/108 115/116/110
f 55/55/109 115/116/110 56/56/111
f 56/56/111 115/116/110 116/117/112
f 57/57/113 56/56/111 117/118/114
f 117/118/114 56/56/111 116/117/112
f 58/58/115 57/57/113 118/119/116
f 118/119/116 57/57/113 117/118/114
f 59/59/117 58/58/115 119/120/118
f 119/120/118 58/58/115 118/119/116
f 60/60/119 59/59/117 120/121/120
f 120/121/120 59/59/117 119/120/118
f 60/60/119 120/121/120 1/61/1
f 1/61/1 120/121/120 61/122/2
f 61/62/2 121/123/121 62/63/4
f 62/63/4 121/123/121 122/124/122
f 62/63/4 122/124/122 63/64/6
f 63/64/6 122/124/122 123/125/123
f 63/64/6 123/125/123 64/65/8
f 64/65/8 123/125/123 124/126/124
f 65/66/10 64/65/8 125/127/125
f 125/127/125 64/65/8 124/126/124
f 66/67/12 65/66/10 126/128/126
f 126/128/126 65/66/10 125/127/125
f 66/67/12 126/128/126 67/68/14
f 67/68/14 126/128/126 127/129/127
f 67/68/14 127/129/127 68/69/16
f 68/69/16 127/129/127 128/130/128
f 68/69/16 128/130/128 69/70/18
f 69/70/18 128/130/128 129/131/129
f 69/70/18 129/131/129 70/71/20
f 70/71/20 129/131/129 130/132/130
f 70/71/20 130/132/130 71/72/22
f 71/72/22 130/132/130 131/133/131
f 71/72/22 131/133/131 72/73/24
f 72/73/24 131/133/131 132/134/132
f 73/74/26 72/73/24 133/135/133
f 133/135/133 72/73/24 132/134/132
f 74/75/28 73/74/26 134/136/134
f 134/136/134 73/74/26 133/135/133
f 74/75/28 134/136/134 75/76/30
f 75/76/30 134/136/134 135/137/135
f 76/77/32 75/76/30 136/138/136
f 136/138/136 75/76/30 135/137/135
f 76/77/32 136/138/136 77/78/34
f 77/78/34 136/138/136 137/139/137
f 77/78/34 137/139/137 78/79/36
f 78/79/36 137/139/137 138/140/138
f 79/80/38 78/79/36 139/141/139
f 139/141/139 78/79/36 138/140/138
f 80/81/40 79/80/38 140/142/140
f 140/142/140 79/80/38 139/141/139
f 81/82/42 80/81/40 141/143/141
f 141/143/141 80/81/40 140/142/140
f 82/83/44 81/82/42 142/144/142
f 142/144/142 81/82/42 141/143/141
f 83/84/46 82/83/44 143/145/143
f 143/145/143 82/83/44 142/144/142
f 84/85/48 83/84/46 144/146/144
f 144/146/144 83/84/46 143/145/143
f 84/85/48 144/146/144 85/86/50
f 85/86/50 144/146/144 145/147/145
f 85/86/50 145/147/145 86/87/52
f 86/87/52 145/147/145 146/148/146
f 87/88/54 86/87/52 147/149/147
f 147/149/147 86/87/52 146/148/146
f 88/89/56 87/88/54 148/150/148
f 148/150/148 87/88/54 147/149/147
f 89/90/58 88/89/56 149/151/149
f 149/151/149 88/89/56 148/150/148
f 90/91/60 89/90/58 150/152/150
f 150/152/150 89/90/58 149/151/149
f 90/91/60 150/152/150 91/92/62
f 91/92/62 150/152/150 151/153/151
f 91/92/62 151/153/151 92/93/64
f 92/93/64 151/153/151 152/154/152
f 92/93/64 152/154/152 93/94/66
f 93/94/66 152/154/152 153/155/153
f 93/94/66 153/155/153 94/95/68
f 94/95/68 153/155/153 154/156/154
f 95/96/70 94/95/68 155/157/155
f 155/157/155 94/95/68 154/156/154
f 96/97/72 95/96/70 156/158/156
f 156/158/156 95/96/70 155/157/155
f 96/97/72 156/158/156 97/98/74
f 97/98/74 156/158/156 157/159/157
f 97/98/74 157/159/157 98/99/76
f 98/99/76 157/159/157 158/160/158
f 98/99/76 158/160/158 99/100/78
f 99/100/78 158/160/158 159/161/159
f 99/100/78 159/161/159 100/101/80
f 100/101/80 159/161/159 160/162/160
f 100/101/80 160/162/160 101/102/82
f 101/102/82 160/162/160 161/163/161
f 101/102/82 161/163/161 102/103/84
f 102/103/84 161/163/161 162/164/162
f 103/104/86 102/103/84 163/165/163
f 163/165/163 102/103/84 162/164/162
f 103/104/86 163/165/163 104/105/88
f 104/105/88 163/165/163 164/166/164
f 104/105/88 164/166/164 105/106/90
f 105/106/90 164/166/164 165/167/165
f 106/107/92 105/106/90 166/168/166
f 166/168/166 105/106/90 165/167/165
f 107/108/94 106/107/92 167/169/167
f 167/169/167 106/107/92 166/168/166
f 107/108/94 167/169/167 108/109/96
f 108/109/96 167/169/167 168/170/168
f 109/110/98 108/109/96 169/171/169
f 169/171/169 108/109/96 168/170/168
f 110/111/100 109/110/98 170/172/170
f 170/172/170 109/110/98 169/171/169
f 111/112/102 110/111/100 171/173/171
f 171/173/171 110/111/100 170/172/170
f 112/113/104 111/112/102 172/174/172
f 172/174/172 111/112/102 171/173/171
f 113/114/106 112/113/104 173/175/173
f 173/175/173 112/113/104 172/174/172
f 114/115/108 113/114/106 174/176/174
f 174/176/174 113/114/106 173/175/173
f 114/115/108 174/176/174 115/116/110
f 115/116/110 174/176/174 175/177/175
f 115/116/110 175/177/175 116/117/112
f 116/117/112 175/177/175 176/178/176
f 117/118/114 116/117/112 177/179/177
f 177/179/177 116/117/112 176/178/176
f 118/119/116 117/118/114 178/180/178
f 178/180/178 117/118/114 177/179/177
f 119/120/118 118/119/116 179/181/179
f 179/181/179 118/119/116 178/180/178
f 120/121/120 119/120/118 180/182/180
f 180/182/180 119/120/118 179/181/179
f 120/121/120 180/182/180 61/122/2
f 61/122/2 180/182/180 121/183/121
f 121/123/121 181/184/181 122/124/122
f 122/124/122 181/184/181 182/185/182
f 122/124/122 182/185/182 123/125/123
f 123/125/123 182/185/182 183/186/183
f 123/125/123 183/186/183 124/126/124
f 124/126/124 183/186/183 184/187/184
f 125/127/125 124/126/124 185/188/185
f 185/188/185 124/126/124 184/187/184
f 126/128/126 125/127/125 186/189/186
f 186/189/186 125/127/125 185/188/185
f 126/128/126 186/189/186 127/129/127
f 127/129/127 186/189/186 187/190/187
f 127/129/127 187/190/187 128/130/128
f 128/130/128 187/190/187 188/191/188
f 128/130/128 188/191/188 129/131/129
f 129/131/129 188/191/188 189/192/189
f 129/131/129 189/192/189 130/132/130
f 130/132/130 189/192/189 190/193/190
f 130/132/130 190/193/190 131/133/131
f 131/133/131 190/193/190 191/194/191
f 131/133/131 191/194/191 132/134/132
f 132/134/132 191/194/191 192/195/192
f 133/135/133 132/134/132 193/196/193
f 193/196/193 132/134/132 192/195/192
f 133/135/133 193/196/193 134/136/134
f 134/136/134 193/196/193 194/197/194
f 134/136/134 194/197/194 135/137/135
f 135/137/135 194/197/194 195/198/195
f 136/138/136 135/137/135 196/199/196
f 196/199/196 135/137/135 195/198/195
f 137/139/137 136/138/136 197/200/197
f 197/200/197 136/138/136 196/199/196
f 137/139/137 197/200/197 138/140/138
f 138/140/138 197/200/197 198/201/198
f 139/141/139 138/140/138 199/202/199
f 199/202/199 138/140/138 198/201/198
f 140/142/140 139/141/139 200/203/200
f 200/203/200 139/141/139 199/202/199
f 141/143/141 140/142/140 201/204/201
f 201/204/201 140/142/140 200/203/200
f 142/144/142 141/143/141 202/205/202
f 202/205/202 141/143/141 201/204/201
f 143/145/143 142/144/142 203/206/203
f 203/206/203 142/144/142 202/205/202
f 144/146/144 143/145/143 204/207/204
f 204/207/204 143/145/143 203/206/203
f 144/146/144 204/207/204 145/147/145
f 145/147/145 204/207/204 205/208/205
f 146/148/146 145/147/145 206/209/206
f 206/209/206 145/147/145 205/208/205
f 147/149/147 146/148/146 207/210/207
f 207/210/207 146/148/146 206/209/206
f 148/150/148 147/149/147 208/211/208
f 208/211/208 147/149/147 207/210/207
f 149/151/149 148/150/148 209/212/209
f 209/212/209 148/150/148 208/211/208
f 150/152/150 149/151/149 210/213/210
f 210/213/210 149/151/149 209/212/209
f 150/152/150 210/213/210 151/153/151
f 151/153/151 210/213/210 211/214/211
f 151/153/151 211/214/211 152/154/152
f 152/154/152 211/214/211 212/215/212
f 152/154/152 212/215/212 153/155/153
f 153/155/153 212/215/212 213/216/213
f 153/155/153 213/216/213 154/156/154
f 154/156/154 213/216/213 214/217/214
f 154/156/154 214/217/214 155/157/155
f 155/157/155 214/217/214 215/218/215
f 156/158/156 155/157/155 216/219/216
f 216/219/216 155/157/155 215/218/215
f 156/158/156 216/219/216 157/159/157
f 157/159/157 216/219/216 217/220/217
f 157/159/157 217/220/217 158/160/158
f 158/160/158 217/220/217 218/221/218
f 158/160/158 218/221/218 159/161/159
f 159/161/159 218/221/218 219/222/219
f 159/161/159 219/222/219 160/162/160
f 160/162/160 219/222/219 220/223/220
f 160/162/160 220/223/220 161/163/161
f 161/163/161 220/223/220 221/224/221
f 162/164/162 161/163/161 222/225/222
f 222/225/222 161/163/161 221/224/221
f 163/165/163 162/164/162 223/226/223
f 223/226/223 162/164/162 222/225/222
f 163/165/163 223/226/223 164/166/164
f 164/166/164 223/226/223 224/227/224
f 164/166/164 224/227/224 165/167/165
f 165/167/165 224/227/224 225/228/225
f 166/168/166 165/167/165 226/229/226
f 226/229/226 165/167/165 225/228/225
f 167/169/167 166/168/166 227/230/227
f 227/230/227 166/168/166 226/229/226
f 167/169/167 227/230/227 168/170/168
f 168/170/168 227/230/227 228/231/228
f 168/170/168 228/231/228 169/171/169
f 169/171/169 228/231/228 229/232/229
f 170/172/170 169/171/169 230/233/230
f 230/233/230 169/171/169 229/232/229
f 171/173/171 170/172/170 231/234/231
f 231/234/231 170/172/170 230/233/230
f 172/174/172 171/173/171 232/235/232
f 232/235/232 171/173/171 231/234/231
f 173/175/173 172/174/172 233/236/233
f 233/236/233 172/174/172 232/235/232
f 174/176/174 173/175/173 234/237/234
f 234/237/234 173/175/173 233/236/233
f 174/176/174 234/237/234 175/177/175
f 175/177/175 234/237/234 235/238/235
f 176/178/176 175/177/175 236/239/236
f 236/239/236 175/177/175 235/238/235
f 177/179/177 176/178/176 237/240/237
f 237/240/237 176/178/176 236/239/236
f 178/180/178 177/179/177 238/241/238
f 238/241/238 177/179/177 237/240/237
f 179/181/179 178/180/178 239/242/239
f 239/242/239 178/180/178 238/241/238
f 180/182/180 179/181/179 240/243/240
f 240/243/240 179/181/179 239/242/239
f 180/182/180 240/243/240 121/183/121
f 121/183/121 240/243/240 181/244/181
f 181/184/181 241/245/241 182/185/182
f 182/185/182 241/245/241 242/246/242
f 182/185/182 242/246/242 183/186/183
f 183/186/183 242/246/242 243/247/243
f 183/186/183 243/247/243 184/187/184
f 184/187/184 243/247/243 244/248/244
f 184/187/184 244/248/244 185/188/185
f 185/188/185 244/248/244 245/249/245
f 186/189/186 185/188/185 246/250/246
f 246/250/246 185/188/185 245/249/245
f 186/189/186 246/250/246 187/190/187
f 187/190/187 246/250/246 247/251/247
f 187/190/187 247/251/247 188/191/188
f 188/191/188 247/251/247 248/252/248
f 188/191/188 248/252/248 189/192/189
f 189/192/189 248/252/248 249/253/249
f 189/192/189 249/253/249 190/193/190
f 190/193/190 249/253/249 250/254/250
f 190/193/190 250/254/250 191/194/191
f 191/194/191 250/254/250 251/255/251
f 192/195/192 191/194/191 252/256/252
f 252/256/252 191/194/191 251/255/251
f 193/196/193 192/195/192 253/257/253
f 253/257/253 192/195/192 252/256/252
f 193/196/193 253/257/253 194/197/194
f 194/197/194 253/257/253 254/258/254
f 194/197/194 254/258/254 195/198/195
f 195/198/195 254/258/254 255/259/255
f 196/199/196 195/198/195 256/260/256
f 256/260/256 195/198/195 255/259/255
f 197/200/197 196/199/196 257/261/257
f 257/261/257 196/199/196 256/260/256
f 197/200/197 257/261/257 198/201/198
f 198/201/198 257/261/257 258/262/258
f 198/201/198 258/262/258 199/202/199
f 199/202/199 258/262/258 259/263/259
f 200/203/200 199/202/199 260/264/260
f 260/264/260 199/202/199 259/263/259
f 201/204/201 200/203/200 261/265/261
f 261/265/261 200/203/200 260/264/260
f 202/205/202 201/204/201 262/266/262
f 262/266/262 201/204/201 261/265/261
f 203/206/203 202/205/202 263/267/263
f 263/267/263 202/205/202 262/266/262
f 204/207/204 203/206/203 264/268/264
f 264/268/264 203/206/203 263/267/263
f 204/207/204 264/268/264 205/208/205
f 205/208/205 264/268/264 265/269/265
f 206/209/206 205/208/205 266/270/266
f 266/270/266 205/208/205 265/269/265
f 207/210/207 206/209/206 267/271/267
f 267/271/267 206/209/206 266/270/266
f 208/211/208 207/210/207 268/272/268
f 268/272/268 207/210/207 267/271/267
f 209/212/209 208/211/208 269/273/269
f 269/273/269 208/211/208 268/272/268
f 210/213/210 209/212/209 270/274/270
f 270/274/270 209/212/209 269/273/269
f 210/213/210 270/274/270 211/214/211
f 211/214/211 270/274/270 271/275/271
f 211/214/211 271/275/271 212/215/212
f 212/215/212 271/275/271 272/276/272
f 212/215/212 272/276/272 213/216/213
f 213/216/213 272/276/272 273/277/273
f 213/216/213 273/277/273 214/217/214
f 214/217/214 273/277/273 274/278/274
f 214/217/214 274/278/274 215/218/215
f 215/218/215 274/278/274 275/279/275
f 216/219/216 215/218/215 276/280/276
f 276/280/276 215/218/215 275/279/275
f 216/219/216 276/280/276 217/220/217
f 217/220/217 276/280/276 277/281/277
f 217/220/217 277/281/277 218/221/218
f 218/221/218 277/281/277 278/282/278
f 218/221/218 278/282/278 219/222/219
f 219/222/219 278/282/278 279/283/279
f 219/222/219 279/283/279 220/223/220
f 220/223/220 279/283/279 280/284/280
f 220/223/220 280/284/280 221/224/221
f 221/224/221 280/284/280 281/285/281
f 222/225/222 221/224/221 282/286/282
f 282/286/282 221/224/221 281/285/281
f 223/226/223 222/225/222 283/287/283
f 283/287/283 222/225/222 282/286/282
f 223/226/223 283/287/283 224/227/224
f 224/227/224 283/287/283 284/288/284
f 224/227/224 284/288/284 225/228/225
f 225/228/225 284/288/284 285/289/285
f 226/229/226 225/228/225 286/290/286
f 286/290/286 225/228/225 285/289/285
f 227/230/227 226/229/226 287/291/287
f 287/291/287 226/229/226 286/290/286
f 227/230/227 287/291/287 228/231/228
f 228/231/228 287/291/287 288/292/288
f 228/231/228 288/292/288 229/232/229
f 229/232/229 288/292/288 289/293/289
f 230/233/230 229/232/229 290/294/290
f 290/294/290 229/232/229 289/293/289
f 231/234/231 230/233/230 291/295/291
f 291/295/291 230/233/230 290/294/290
f 232/235/232 231/234/231 292/296/292
f 292/296/292 231/234/231 291/295/291
f 233/236/233 232/235/232 293/297/293
f 293/297/293 232/235/232 292/296/292
f 234/237/234 233/236/233 294/298/294
f 294/298/294 233/236/233 293/297/293
f 234/237/234 294/298/294 235/238/235
f 235/238/235 294/298/294 295/299/295
f 236/239/236 235/238/235 296/300/296
f 296/300/296 235/238/235 295/299/295
f 237/240/237 236/239/236 297/301/297
f 297/301/297 236/239/236 296/300/296
f 238/241/238 237/240/237 298/302/298
f 298/302/298 237/240/237 297/301/297
f 239/242/239 238/241/238 299/303/299
f 299/303/299 238/241/238 298/302/298
f 240/243/240 239/242/239 300/304/300
f 300/304/300 239/242/239 299/303/299
f 240/243/240 300/304/300 181/244/181
f 181/244/181 300/304/300 241/305/241
f 241/245/241 301/306/301 242/246/242
f 242/246/242 301/306/301 302/307/302
f 242/246/242 302/307/302 243/247/243
f 243/247/243 302/307/302 303/308/303
f 243/247/243 303/308/303 244/248/244
f 244/248/244 303/308/303 304/309/304
f 244/248/244 304/309/304 245/249/245
f 245/249/245 304/309/304 305/310/305
f 246/250/246 245/249/245 306/311/306
f 306/311/306 245/249/245 305/310/305
f 247/251/247 246/250/246 307/312/307
f 307/312/307 246/250/246 306/311/306
f 247/251/247 307/312/307 248/252/248
f 248/252/248 307/312/307 308/313/308
f 248/252/248 308/313/308 249/253/249
f 249/253/249 308/313/308 309/314/309
f 249/253/249 309/314/309 250/254/250
f 250/254/250 309/314/309 310/315/310
f 250/254/250 310/315/310 251/255/251
f 251/255/251 310/315/310 311/316/311
f 252/256/252 251/255/251 312/317/312
f 312/317/312 251/255/251 311/316/311
f 253/257/253 252/256/252 313/318/313
f 313/318/313 252/256/252 312/317/312
f 253/257/253 313/318/313 254/258/254
f 254/258/254 313/318/313 314/319/314
f 254/258/254 314/319/314 255/259/255
f 255/259/255 314/319/314 315/320/315
f 256/260/256 255/259/255 316/321/316
f 316/321/316 255/259/255 315/320/315
f 257/261/257 256/260/256 317/322/317
f 317/322/317 256/260/256 316/321/316
f 257/261/257 317/322/317 258/262/258
f 258/262/258 317/322/317 318/323/318
f 258/262/258 318/323/318 259/263/259
f 259/263/259 318/323/318 319/324/319
f 260/264/260 259/263/259 320/325/320
f 320/325/320 259/263/259 319/324/319
f 261/265/261 260/264/260 321/326/321
f 321/326/321 260/264/260 320/325/320
f 262/266/262 261/265/261 322/327/322
f 322/327/322 261/265/261 321/326/321
f 263/267/263 262/266/262 323/328/323
f 323/328/323 262/266/262 322/327/322
f 263/267/263 323/328/323 264/268/264
f 264/268/264 323/328/323 324/329/324
f 264/268/264 324/329/324 265/269/265
f 265/269/265 324/329/324 325/330/325
f 266/270/266 265/269/265 326/331/326
f 326/331/326 265/269/265 325/330/325
f 267/271/267 266/270/266 327/332/327
f 327/332/327 266/270/266 326/331/326
f 268/272/268 267/271/267 328/333/328
f 328/333/328 267/271/267 327/332/327
f 269/273/269 268/272/268 329/334/329
f 329/334/329 268/272/268 328/333/328
f 270/274/270 269/273/269 330/335/330
f 330/335/330 269/273/269 329/334/329
f 270/274/270 330/335/330 271/275/271
f 271/275/271 330/335/330 331/336/331
f 271/275/271 331/336/331 272/276/272
f 272/276/272 331/336/331 332/337/332
f 272/276/272 332/337/332 273/277/273
f 273/277/273 332/337/332 333/338/333
f 273/277/273 333/338/333 274/278/274
f 274/278/274 333/338/333 334/339/334
f 274/278/274 334/339/334 275/279/275
f 275/279/275 334/339/334 335/340/335
f 276/280/276 275/279/275 336/341/336
f 336/341/336 275/279/275 335/340/335
f 277/281/277 276/280/276 337/342/337
f 337/342/337 276/280/276 336/341/336
f 277/281/277 337/342/337 278/282/278
f 278/282/278 337/342/337 338/343/338
f 278/282/278 338/343/338 279/283/279
f 279/283/279 338/343/338 339/344/339
f 279/283/279 339/344/339 280/284/280
f 280/284/280 339/344/339 340/345/340
f 281/285/281 280/284/280 341/346/341
f 341/346/341 280/284/280 340/345/340
f 282/286/282 281/285/281 342/347/342
f 342/347/342 281/285/281 341/346/341
f 283/287/283 282/286/282 343/348/343
f 343/348/343 282/286/282 342/347/342
f 283/287/283 343/348/343 284/288/284
f 284/288/284 343/348/343 344/349/344
f 284/288/284 344/349/344 285/289/285
f 285/289/285 344/349/344 345/350/345
f 286/290/286 285/289/285 346/351/346
f 346/351/346 285/289/285 345/350/345
f 287/291/287 286/290/286 347/352/347
f 347/352/347 286/290/286 346/351/346
f 288/292/288 287/291/287 348/353/348
f 348/353/348 287/291/287 347/352/347
f 288/292/288 348/353/348 289/293/289
f 289/293/289 348/353/348 349/354/349
f 289/293/289 349/354/349 290/294/290
f 290/294/290 349/354/349 350/355/350
f 291/295/291 290/294/290 351/356/351
f 351/356/351 290/294/290 350/355/350
f 292/296/292 291/295/291 352/357/352
f 352/357/352 291/295/291 351/356/351
f 293/297/293 292/296/292 353/358/353
f 353/358/353 292/296/292 352/357/352
f 293/297/293 353/358/353 294/298/294
f 294/298/294 353/358/353 354/359/354
f 294/298/294 354/359/354 295/299/295
f 295/299/295 354/359/354 355/360/355
f 296/300/296 295/299/295 356/361/356
f 356/361/356 295/299/295 355/360/355
f 297/301/297 296/300/296 357/362/357
f 357/362/357 296/300/296 356/361/356
f 298/302/298 297/301/297 358/363/358
f 358/363/358 297/301/297 357/362/357
f 299/303/299 298/302/298 359/364/359
f 359/364/359 298/302/298 358/363/358
f 300/304/300 299/303/299 360/365/360
f 360/365/360 299/303/299 359/364/359
f 300/304/300 360/365/360 241/305/241
f 241/305/241 360/365/360 301/366/301
f 301/306/301 361/367/361 302/307/302
f 302/307/302 361/367/361 362/368/362
f 302/307/302 362/368/362 303/308/303
f 303/308/303 362/368/362 363/369/363
f 303/308/303 363/369/363 304/309/304
f 304/309/304 363/369/363 364/370/364
f 304/309/304 364/370/364 305/310/305
f 305/310/305 364/370/364 365/371/365
f 306/311/306 305/310/305 366/372/366
f 366/372/366 305/310/305 365/371/365
f 307/312/307 306/311/306 367/373/367
f 367/373/367 306/311/306 366/372/366
f 307/312/307 367/373/367 308/313/308
f 308/313/308 367/373/367 368/374/368
f 308/313/308 368/374/368 309/314/309
f 309/314/309 368/374/368 369/375/369
f 309/314/309 369/375/369 310/315/310
f 310/315/310 369/375/369 370/376/370
f 310/315/310 370/376/370 311/316/311
f 311/316/311 370/376/370 371/377/371
f 312/317/312 311/316/311 372/378/372
f 372/378/372 311/316/311 371/377/371
f 313/318/313 312/317/312 373/379/373
f 373/379/373 312/317/312 372/378/372
f 313/318/313 373/379/373 314/319/314
f 314/319/314 373/379/373 374/380/374
f 314/319/314 374/380/374 315/320/315
f 315/320/315 374/380/374 375/381/375
f 316/321/316 315/320/315 376/382/376
f 376/382/376 315/320/315 375/381/375
f 317/322/317 316/321/316 377/383/377
f 377/383/377 316/321/316 376/382/376
f 317/322/317 377/383/377 318/323/318
f 318/323/318 377/383/377 378/384/378
f 318/323/318 378/384/378 319/324/319
f 319/324/319 378/384/378 379/385/379
f 320/325/320 319/324/319 380/386/380
f 380/386/380 319/324/319 379/385/379
f 321/326/321 320/325/320 381/387/381
f 381/387/381 320/325/320 380/386/380
f 322/327/322 321/326/321 382/388/382
f 382/388/382 321/326/321 381/387/381
f 323/328/323 322/327/322 383/389/383
f 383/389/383 322/327/322 382/388/382
f 323/328/323 383/389/383 324/329/324
f 324/329/324 383/389/383 384/390/384
f 324/329/324 384/390/384 325/330/325
f 325/330/325 384/390/384 385/391/385
f 326/331/326 325/330/325 386/392/386
f 386/392/386 325/330/325 385/391/385
f 327/332/327 326/331/326 387/393/387
f 387/393/387 326/331/326 386/392/386
f 328/333/328 327/332/327 388/394/388
f 388/394/388 327/332/327 387/393/387
f 329/334/329 328/333/328 389/395/389
f 389/395/389 328/333/328 388/394/388
f 329/334/329 389/395/389 330/335/330
f 330/335/330 389/395/389 390/396/390
f 331/336/331 330/335/330 391/397/391
f 391/397/391 330/335/330 390/396/390
f 331/336/331 391/397/391 332/337/332
f 332/337/332 391/397/391 392/398/392
f 332/337/332 392/398/392 333/338/333
f 333/338/333 392/398/392 393/399/393
f 333/338/333 393/399/393 334/339/334
f 334/339/334 393/399/393 394/400/394
f 334/339/334 394/400/394 335/340/335
f 335/340/335 394/400/394 395/401/395
f 336/341/336 335/340/335 396/402/396
f 396/402/396 335/340/335 395/401/395
f 337/342/337 336/341/336 397/403/397
f 397/403/397 336/341/336 396/402/396
f 337/342/337 397/403/397 338/343/338
f 338/343/338 397/403/397 398/404/398
f 338/343/338 398/404/398 339/344/339
f 339/344/339 398/404/398 399/405/399
f 339/344/339 399/405/399 340/345/340
f 340/345/340 399/405/399 400/406/400
f 341/346/341 340/345/340 401/407/401
f 401/407/401 340/345/340 400/406/400
f 342/347/342 341/346/341 402/408/402
f 402/408/402 341/346/341 401/407/401
f 342/347/342 402/408/402 343/348/343
f 343/348/343 402/408/402 403/409/403
f 343/348/343 403/409/403 344/349/344
f 344/349/344 403/409/403 404/410/404
f 344/349/344 404/410/404 345/350/345
f 345/350/345 404/410/404 405/411/405
f 346/351/346 345/350/345 406/412/406
f 406/412/406 345/350/345 405/411/405
f 347/352/347 346/351/346 407/413/407
f 407/413/407 346/351/346 406/412/406
f 348/353/348 347/352/347 408/414/408
f 408/414/408 347/352/347 407/413/407
f 348/353/348 408/414/408 349/354/349
f 349/354/349 408/414/408 409/415/409
f 349/354/349 409/415/409 350/355/350
f 350/355/350 409/415/409 410/416/410
f 351/356/351 350/355/350 411/417/411
f 411/417/411 350/355/350 410/416/410
f 352/357/352 351/356/351 412/418/412
f 412/418/412 351/356/351 411/417/411
f 353/358/353 352/357/352 413/419/413
f 413/419/413 352/357/352 412/418/412
f 353/358/353 413/419/413 354/359/354
f 354/359/354 413/419/413 414/420/414
f 354/359/354 414/420/414 355/360/355
f 355/360/355 414/420/414 415/421/415
f 356/361/356 355/360/355 416/422/416
f 416/422/416 355/360/355 415/421/415
f 357/362/357 356/361/356 417/423/417
f 417/423/417 356/361/356 416/422/416
f 358/363/358 357/362/357 418/424/418
f 418/424/418 357/362/357 417/423/417
f 359/364/359 358/363/358 419/425/419
f 419/425/419 358/363/358 418/424/418
f 359/364/359 419/425/419 360/365/360
f 360/365/360 419/425/419 420/426/420
f 301/366/301 360/365/360 361/427/361
f 361/427/361 360/365/360 420/426/420
f 362/368/362 361/367/361 422/429/421
f 422/429/421 361/367/361 421/428/422
f 362/368/362 422/429/421 363/369/363
f 363/369/363 422/429/421 423/430/423
f 363/369/363 423/430/423 364/370/364
f 364/370/364 423/430/423 424/431/424
f 364/370/364 424/431/424 365/371/365
f 365/371/365 424/431/424 425/432/425
f 366/372/366 365/371/365 426/433/426
f 426/433/426 365/371/365 425/432/425
f 367/373/367 366/372/366 427/434/427
f 427/434/427 366/372/366 426/433/426
f 368/374/368 367/373/367 428/435/428
f 428/435/428 367/373/367 427/434/427
f 368/374/368 428/435/428 369/375/369
f 369/375/369 428/435/428 429/436/429
f 369/375/369 429/436/429 370/376/370
f 370/376/370 429/436/429 430/437/430
f 371/377/371 370/376/370 431/438/431
f 431/438/431 370/376/370 430/437/430
f 372/378/372 371/377/371 432/439/432
f 432/439/432 371/377/371 431/438/431
f 373/379/373 372/378/372 433/440/433
f 433/440/433 372/378/372 432/439/432
f 373/379/373 433/440/433 374/380/374
f 374/380/374 433/440/433 434/441/434
f 374/380/374 434/441/434 375/381/375
f 375/381/375 434/441/434 435/442/435
f 376/382/376 375/381/375 436/443/436
f 436/443/436 375/381/375 435/442/435
f 377/383/377 376/382/376 437/444/437
f 437/444/437 376/382/376 436/443/436
f 377/383/377 437/444/437 378/384/378
f 378/384/378 437/444/437 438/445/438
f 378/384/378 438/445/438 379/385/379
f 379/385/379 438/445/438 439/446/439
f 379/385/379 439/446/439 380/386/380
f 380/386/380 439/446/439 440/447/440
f 381/387/381 380/386/380 441/448/441
f 441/448/441 380/386/380 440/447/440
f 382/388/382 381/387/381 442/449/442
f 442/449/442 381/387/381 441/448/441
f 382/388/382 442/449/442 383/389/383
f 383/389/383 442/449/442 443/450/443
f 383/389/383 443/450/443 384/390/384
f 384/390/384 443/450/443 444/451/444
f 384/390/384 444/451/444 385/391/385
f 385/391/385 444/451/444 445/452/445
f 386/392/386 385/391/385 446/453/446
f 446/453/446 385/391/385 445/452/445
f 387/393/387 386/392/386 447/454/447
f 447/454/447 386/392/386 446/453/446
f 388/394/388 387/393/387 448/455/448
f 448/455/448 387/393/387 447/454/447
f 388/394/388 448/455/448 389/395/389
f 389/395/389 448/455/448 449/456/449
f 389/395/389 449/456/449 390/396/390
f 390/396/390 449/456/449 450/457/450
f 391/397/391 390/396/390 451/458/451
f 451/458/451 390/396/390 450/457/450
f 392/398/392 391/397/391 452/459/452
f 452/459/452 391/397/391 451/458/451
f 392/398/392 452/459/452 393/399/393
f 393/399/393 452/459/452 453/460/453
f 393/399/393 453/460/453 394/400/394
f 394/400/394 453/460/453 454/461/454
f 394/400/394 454/461/454 395/401/395
f 395/401/395 454/461/454 455/462/455
f 396/402/396 395/401/395 456/463/456
f 456/463/456 395/401/395 455/462/455
f 397/403/397 396/402/396 457/464/457
f 457/464/457 396/402/396 456/463/456
f 398/404/398 397/403/397 458/465/458
f 458/465/458 397/403/397 457/464/457
f 399/405/399 398/404/398 459/466/459
f 459/466/459 398/404/398 458/465/458
f 400/406/400 399/405/399 460/467/460
f 460/467/460 399/405/399 459/466/459
f 401/407/401 400/406/400 461/468/461
f 461/468/461 400/406/400 460/467/460
f 402/408/402 401/407/401 462/469/462
f 462/469/462 401/407/401 461/468/461
f 402/408/402 462/469/462 403/409/403
f 403/409/403 462/469/462 463/470/463
f 403/409/403 463/470/463 404/410/404
f 404/410/404 463/470/463 464/471/464
f 404/410/404 464/471/464 405/411/405
f 405/411/405 464/471/464 465/472/465
f 406/412/406 405/411/405 466/473/466
f 466/473/466 405/411/405 465/472/465
f 407/413/407 406/412/406 467/474/467
f 467/474/467 406/412/406 466/473/466
f 408/414/408 407/413/407 468/475/468
f 468/475/468 407/413/407 467/474/467
f 408/414/408 468/475/468 409/415/409
f 409/415/409 468/475/468 469/476/469
f 409/415/409 469/476/469 410/416/410
f 410/416/410 469/476/469 470/477/470
f 410/416/410 470/477/470 411/417/411
f 411/417/411 470/477/470 471/478/471
f 411/417/411 471/478/471 412/418/412
f 412/418/412 471/478/471 472/479/472
f 412/418/412 472/479/472 413/419/413
f 413/419/413 472/479/472 473/480/473
f 413/419/413 473/480/473 414/420/414
f 414/420/414 473/480/473 474/481/474
f 414/420/414 474/481/474 415/421/415
f 415/421/415 474/481/474 475/482/475
f 416/422/416 415/421/415 476/483/476
f 476/483/476 415/421/415 475/482/475
f 417/423/417 416/422/416 477/484/477
f 477/484/477 416/422/416 476/483/476
f 418/424/418 417/423/417 478/485/478
f 478/485/478 417/423/417 477/484/477
f 418/424/418 478/485/478 419/425/419
f 419/425/419 478/485/478 479/486/479
f 419/425/419 479/486/479 420/426/420
f 420/426/420 479/486/479 480/487/480
f 361/427/361 420/426/420 421/488/422
f 421/488/422 420/426/420 480/487/480
f 422/429/421 421/428/422 482/490/481
f 482/490/481 421/428/422 481/489/482
f 422/429/421 482/490/481 423/430/423
f 423/430/423 482/490/481 483/491/483
f 423/430/423 483/491/483 424/431/424
f 424/431/424 483/491/483 484/492/484
f 424/431/424 484/492/484 425/432/425
f 425/432/425 484/492/484 485/493/485
f 426/433/426 425/432/425 486/494/486
f 486/494/486 425/432/425 485/493/485
f 427/434/427 426/433/426 487/495/487
f 487/495/487 426/433/426 486/494/486
f 428/435/428 427/434/427 488/496/488
f 488/496/488 427/434/427 487/495/487
f 429/436/429 428/435/428 489/497/489
f 489/497/489 428/435/428 488/496/488
f 430/437/430 429/436/429 490/498/490
f 490/498/490 429/436/429 489/497/489
f 431/438/431 430/437/430 491/499/491
f 491/499/491 430/437/430 490/498/490
f 432/439/432 431/438/431 492/500/492
f 492/500/492 431/438/431 491/499/491
f 433/440/433 432/439/432 493/501/493
f 493/501/493 432/439/432 492/500/492
f 433/440/433 493/501/493 434/441/434
f 434/441/434 493/501/493 494/502/494
f 434/441/434 494/502/494 435/442/435
f 435/442/435 494/502/494 495/503/495
f 436/443/436 435/442/435 496/504/496
f 496/504/496 435/442/435 495/503/495
f 437/444/437 436/443/436 497/505/497
f 497/505/497 436/443/436 496/504/496
f 437/444/437 497/505/497 438/445/438
f 438/445/438 497/505/497 498/506/498
f 438/445/438 498/506/498 439/446/439
f 439/446/439 498/506/498 499/507/499
f 439/446/439 499/507/499 440/447/440
f 440/447/440 499/507/499 500/508/500
f 440/447/440 500/508/500 441/448/441
f 441/448/441 500/508/500 501/509/501
f 441/448/441 501/509/501 442/449/442
f 442/449/442 501/509/501 502/510/502
f 442/449/442 502/510/502 443/450/443
f 443/450/443 502/510/502 503/511/503
f 443/450/443 503/511/503 444/451/444
f 444/451/444 503/511/503 504/512/504
f 444/451/444 504/512/504 445/452/445
f 445/452/445 504/512/504 505/513/505
f 446/453/446 445/452/445 506/514/506
f 506/514/506 445/452/445 505/513/505
f 447/454/447 446/453/446 507/515/507
f 507/515/507 446/453/446 506/514/506
f 448/455/448 447/454/447 508/516/508
f 508/516/508 447/454/447 507/515/507
f 448/455/448 508/516/508 449/456/449
f 449/456/449 508/516/508 509/517/509
f 449/456/449 509/517/509 450/457/450
f 450/457/450 509/517/509 510/518/510
f 451/458/451 450/457/450 511/519/511
f 511/519/511 450/457/450 510/518/510
f 452/459/452 451/458/451 512/520/512
f 512/520/512 451/458/451 511/519/511
f 452/459/452 512/520/512 453/460/453
f 453/460/453 512/520/512 513/521/513
f 453/460/453 513/521/513 454/461/454
f 454/461/454 513/521/513 514/522/514
f 454/461/454 514/522/514 455/462/455
f 455/462/455 514/522/514 515/523/515
f 456/463/456 455/462/455 516/524/516
f 516/524/516 455/462/455 515/523/515
f 457/464/457 456/463/456 517/525/517
f 517/525/517 456/463/456 516/524/516
f 458/465/458 457/464/457 518/526/518
f 518/526/518 457/464/457 517/525/517
f 459/466/459 458/465/458 519/527/519
f 519/527/519 458/465/458 518/526/518
f 460/467/460 459/466/459 520/528/520
f 520/528/520 459/466/459 519/527/519
f 461/468/461 460/467/460 521/529/521
f 521/529/521 460/467/460 520/528/520
f 462/469/462 461/468/461 522/530/522
f 522/530/522 461/468/461 521/529/521
f 463/470/463 462/469/462 523/531/523
f 523/531/523 462/469/462 522/530/522
f 463/470/463 523/531/523 464/471/464
f 464/471/464 523/531/523 524/532/524
f 464/471/464 524/532/524 465/472/465
f 465/472/465 524/532/524 525/533/525
f 466/473/466 465/472/465 526/534/526
f 526/534/526 465/472/465 525/533/525
f 467/474/467 466/473/466 527/535/527
f 527/535/527 466/473/466 526/534/526
f 468/475/468 467/474/467 528/536/528
f 528/536/528 467/474/467 527/535/527
f 468/475/468 528/536/528 469/476/469
f 469/476/469 528/536/528 529/537/529
f 469/476/469 529/537/529 470/477/470
f 470/477/470 529/537/529 530/538/530
f 470/477/470 530/538/530 471/478/471
f 471/478/471 530/538/530 531/539/531
f 471/478/471 531/539/531 472/479/472
f 472/479/472 531/539/531 532/540/532
f 472/479/472 532/540/532 473/480/473
f 473/480/473 532/540/532 533/541/533
f 473/480/473 533/541/533 474/481/474
f 474/481/474 533/541/533 534/542/534
f 474/481/474 534/542/534 475/482/475
f 475/482/475 534/542/534 535/543/535
f 476/483/476 475/482/475 536/544/536
f 536/544/536 475/482/475 535/543/535
f 477/484/477 476/483/476 537/545/537
f 537/545/537 476/483/476 536/544/536
f 478/485/478 477/484/477 538/546/538
f 538/546/538 477/484/477 537/545/537
f 478/485/478 538/546/538 479/486/479
f 479/486/479 538/546/538 539/547/539
f 479/486/479 539/547/539 480/487/480
f 480/487/480 539/547/539 540/548/540
f 421/488/422 480/487/480 481/549/482
f 481/549/482 480/487/480 540/548/540
f 482/490/481 481/489/482 542/551/541
f 542/551/541 481/489/482 541/550/542
f 483/491/483 482/490/481 543/552/543
f 543/552/543 482/490/481 542/551/541
f 483/491/483 543/552/543 484/492/484
f 484/492/484 543/552/543 544/553/544
f 485/493/485 484/492/484 545/554/545
f 545/554/545 484/492/484 544/553/544
f 486/494/486 485/493/485 546/555/546
f 546/555/546 485/493/485 545/554/545
f 487/495/487 486/494/486 547/556/547
f 547/556/547 486/494/486 546/555/546
f 488/496/488 487/495/487 548/557/548
f 548/557/548 487/495/487 547/556/547
f 489/497/489 488/496/488 549/558/549
f 549/558/549 488/496/488 548/557/548
f 490/498/490 489/497/489 550/559/550
f 550/559/550 489/497/489 549/558/549
f 491/499/491 490/498/490 551/560/551
f 551/560/551 490/498/490 550/559/550
f 492/500/492 491/499/491 552/561/552
f 552/561/552 491/499/491 551/560/551
f 493/501/493 492/500/492 553/562/553
f 553/562/553 492/500/492 552/561/552
f 493/501/493 553/562/553 494/502/494
f 494/502/494 553/562/553 554/563/554
f 495/503/495 494/502/494 555/564/555
f 555/564/555 494/502/494 554/563/554
f 496/504/496 495/503/495 556/565/556
f 556/565/556 495/503/495 555/564/555
f 497/505/497 496/504/496 557/566/557
f 557/566/557 496/504/496 556/565/556
f 498/506/498 497/505/497 558/567/558
f 558/567/558 497/505/497 557/566/557
f 498/506/498 558/567/558 499/507/499
f 499/507/499 558/567/558 559/568/559
f 499/507/499 559/568/559 500/508/500
f 500/508/500 559/568/559 560/569/560
f 500/508/500 560/569/560 501/509/501
f 501/509/501 560/569/560 561/570/561
f 501/509/501 561/570/561 502/510/502
f 502/510/502 561/570/561 562/571/562
f 502/510/502 562/571/562 503/511/503
f 503/511/503 562/571/562 563/572/563
f 503/511/503 563/572/563 504/512/504
f 504/512/504 563/572/563 564/573/564
f 504/512/504 564/573/564 505/513/505
f 505/513/505 564/573/564 565/574/565
f 506/514/506 505/513/505 566/575/566
f 566/575/566 505/513/505 565/574/565
f 507/515/507 506/514/506 567/576/567
f 567/576/567 506/514/506 566/575/566
f 507/515/507 567/576/567 508/516/508
f 508/516/508 567/576/567 568/577/568
f 508/516/508 568/577/568 509/517/509
f 509/517/509 568/577/568 569/578/569
f 509/517/509 569/578/569 510/518/510
f 510/518/510 569/578/569 570/579/570
f 511/519/511 510/518/510 571/580/571
f 571/580/571 510/518/510 570/579/570
f 512/520/512 511/519/511 572/581/572
f 572/581/572 511/519/511 571/580/571
f 513/521/513 512/520/512 573/582/573
f 573/582/573 512/520/512 572/581/572
f 513/521/513 573/582/573 514/522/514
f 514/522/514 573/582/573 574/583/574
f 514/522/514 574/583/574 515/523/515
f 515/523/515 574/583/574 575/584/575
f 516/524/516 515/523/515 576/585/576
f 576/585/576 515/523/515 575/584/575
f 517/525/517 516/524/516 577/586/577
f 577/586/577 516/524/516 576/585/576
f 518/526/518 517/525/517 578/587/578
f 578/587/578 517/525/517 577/586/577
f 519/527/519 518/526/518 579/588/579
f 579/588/579 518/526/518 578/587/578
f 520/528/520 519/527/519 580/589/580
f 580/589/580 519/527/519 579/588/579
f 521/529/521 520/528/520 581/590/581
f 581/590/581 520/528/520 580/589/580
f 522/530/522 521/529/521 582/591/582
f 582/591/582 521/529/521 581/590/581
f 522/530/522 582/591/582 523/531/523
f 523/531/523 582/591/582 583/592/583
f 523/531/523 583/592/583 524/532/524
f 524/532/524 583/592/583 584/593/584
f 524/532/524 584/593/584 525/533/525
f 525/533/525 584/593/584 585/594/585
f 526/534/526 525/533/525 586/595/586
f 586/595/586 525/533/525 585/594/585
f 527/535/527 526/534/526 587/596/587
f 587/596/587 526/534/526 586/595/586
f 528/536/528 527/535/527 588/597/588
f 588/597/588 527/535/527 587/596/587
f 528/536/528 588/597/588 529/537/529
f 529/537/529 588/597/588 589/598/589
f 529/537/529 589/598/589 530/538/530
f 530/538/530 589/598/589 590/599/590
f 530/538/530 590/599/590 531/539/531
f 531/539/531 590/599/590 591/600/591
f 531/539/531 591/600/591 532/540/532
f 532/540/532 591/600/591 592/601/592
f 532/540/532 592/601/592 533/541/533
f 533/541/533 592/601/592 593/602/593
f 533/541/533 593/602/593 534/542/534
f 534/542/534 593/602/593 594/603/594
f 534/542/534 594/603/594 535/543/535
f 535/543/535 594/603/594 595/604/595
f 536/544/536 535/543/535 596/605/596
f 596/605/596 535/543/535 595/604/595
f 537/545/537 536/544/536 597/606/597
f 597/606/597 536/544/536 596/605/596
f 537/545/537 597/606/597 538/546/538
f 538/546/538 597/606/597 598/607/598
f 538/546/538 598/607/598 539/547/539
f 539/547/539 598/607/598 599/608/599
f 539/547/539 599/608/599 540/548/540
f 540/548/540 599/608/599 600/609/600
f 481/549/482 540/548/540 541/610/542
f 541/610/542 540/548/540 600/609/600
f 542/551/541 541/550/542 602/612/601
f 602/612/601 541/550/542 601/611/602
f 543/552/543 542/551/541 603/613/603
f 603/613/603 542/551/541 602/612/601
f 544/553/544 543/552/543 604/614/604
f 604/614/604 543/552/543 603/613/603
f 545/554/545 544/553/544 605/615/605
f 605/615/605 544/553/544 604/614/604
f 546/555/546 545/554/545 606/616/606
f 606/616/606 545/554/545 605/615/605
f 547/556/547 546/555/546 607/617/607
f 607/617/607 546/555/546 606/616/606
f 548/557/548 547/556/547 608/618/608
f 608/618/608 547/556/547 607/617/607
f 549/558/549 548/557/548 609/619/609
f 609/619/609 548/557/548 608/618/608
f 550/559/550 549/558/549 610/620/610
f 610/620/610 549/558/549 609/619/609
f 551/560/551 550/559/550 611/621/611
f 611/621/611 550/559/550 610/620/610
f 552/561/552 551/560/551 612/622/612
f 612/622/612 551/560/551 611/621/611
f 552/561/552 612/622/612 553/562/553
f 553/562/553 612/622/612 613/623/613
f 553/562/553 613/623/613 554/563/554
f 554/563/554 613/623/613 614/624/614
f 555/564/555 554/563/554 615/625/615
f 615/625/615 554/563/554 614/624/614
f 555/564/555 615/625/615 556/565/556
f 556/565/556 615/625/615 616/626/616
f 557/566/557 556/565/556 617/627/617
f 617/627/617 556/565/556 616/626/616
f 558/567/558 557/566/557 618/628/618
f 618/628/618 557/566/557 617/627/617
f 558/567/558 618/628/618 559/568/559
f 559/568/559 618/628/618 619/629/619
f 559/568/559 619/629/619 560/569/560
f 560/569/560 619/629/619 620/630/620
f 560/569/560 620/630/620 561/570/561
f 561/570/561 620/630/620 621/631/621
f 561/570/561 621/631/621 562/571/562
f 562/571/562 621/631/621 622/632/622
f 562/571/562 622/632/622 563/572/563
f 563/572/563 622/632/622 623/633/623
f 563/572/563 623/633/623 564/573/564
f 564/573/564 623/633/623 624/634/624
f 564/573/564 624/634/624 565/574/565
f 565/574/565 624/634/624 625/635/625
f 566/575/566 565/574/565 626/636/626
f 626/636/626 565/574/565 625/635/625
f 566/575/566 626/636/626 567/576/567
f 567/576/567 626/636/626 627/637/627
f 567/576/567 627/637/627 568/577/568
f 568/577/568 627/637/627 628/638/628
f 568/577/568 628/638/628 569/578/569
f 569/578/569 628/638/628 629/639/629
f 569/578/569 629/639/629 570/579/570
f 570/579/570 629/639/629 630/640/630
f 571/580/571 570/579/570 631/641/631
f 631/641/631 570/579/570 630/640/630
f 572/581/572 571/580/571 632/642/632
f 632/642/632 571/580/571 631/641/631
f 573/582/573 572/581/572 633/643/633
f 633/643/633 572/581/572 632/642/632
f 573/582/573 633/643/633 574/583/574
f 574/583/574 633/643/633 634/644/634
f 574/583/574 634/644/634 575/584/575
f 575/584/575 634/644/634 635/645/635
f 576/585/576 575/584/575 636/646/636
f 636/646/636 575/584/575 635/645/635
f 577/586/577 576/585/576 637/647/637
f 637/647/637 576/585/576 636/646/636
f 578/587/578 577/586/577 638/648/638
f 638/648/638 577/586/577 637/647/637
f 579/588/579 578/587/578 639/649/639
f 639/649/639 578/587/578 638/648/638
f 580/589/580 579/588/579 640/650/640
f 640/650/640 579/588/579 639/649/639
f 581/590/581 580/589/580 641/651/641
f 641/651/641 580/589/580 640/650/640
f 582/591/582 581/590/581 642/652/642
f 642/652/642 581/590/581 641/651/641
f 582/591/582 642/652/642 583/592/583
f 583/592/583 642/652/642 643/653/643
f 583/592/583 643/653/643 584/593/584
f 584/593/584 643/653/643 644/654/644
f 585/594/585 584/593/584 645/655/645
f 645/655/645 584/593/584 644/654/644
f 585/594/585 645/655/645 586/595/586
f 586/595/586 645/655/645 646/656/646
f 587/596/587 586/595/586 647/657/647
f 647/657/647 586/595/586 646/656/646
f 588/597/588 587/596/587 648/658/648
f 648/658/648 587/596/587 647/657/647
f 588/597/588 648/658/648 589/598/589
f 589/598/589 648/658/648 649/659/649
f 589/598/589 649/659/649 590/599/590
f 590/599/590 649/659/649 650/660/650
f 590/599/590 650/660/650 591/600/591
f 591/600/591 650/660/650 651/661/651
f 591/600/591 651/661/651 592/601/592
f 592/601/592 651/661/651 652/662/652
f 592/601/592 652/662/652 593/602/593
f 593/602/593 652/662/652 653/663/653
f 593/602/593 653/663/653 594/603/594
f 594/603/594 653/663/653 654/664/654
f 594/603/594 654/664/654 595/604/595
f 595/604/595 654/664/654 655/665/655
f 596/605/596 595/604/595 656/666/656
f 656/666/656 595/604/595 655/665/655
f 597/606/597 596/605/596 657/667/657
f 657/667/657 596/605/596 656/666/656
f 597/606/597 657/667/657 598/607/598
f 598/607/598 657/667/657 658/668/658
f 598/607/598 658/668/658 599/608/599
f 599/608/599 658/668/658 659/669/659
f 599/608/599 659/669/659 600/609/600
f 600/609/600 659/669/659 660/670/660
f 541/610/542 600/609/600 601/671/602
f 601/671/602 600/609/600 660/670/660
f 602/612/601 601/611/602 662/673/661
f 662/673/661 601/611/602 661/672/662
f 603/613/603 602/612/601 663/674/663
f 663/674/663 602/612/601 662/673/661
f 604/614/604 603/613/603 664/675/664
f 664/675/664 603/613/603 663/674/663
f 604/614/604 664/675/664 605/615/605
f 605/615/605 664/675/664 665/676/665
f 605/615/605 665/676/665 606/616/606
f 606/616/606 665/676/665 666/677/666
f 607/617/607 606/616/606 667/678/667
f 667/678/667 606/616/606 666/677/666
f 608/618/608 607/617/607 668/679/668
f 668/679/668 607/617/607 667/678/667
f 609/619/609 608/618/608 669/680/669
f 669/680/669 608/618/608 668/679/668
f 610/620/610 609/619/609 670/681/670
f 670/681/670 609/619/609 669/680/669
f 611/621/611 610/620/610 671/682/671
f 671/682/671 610/620/610 670/681/670
f 612/622/612 611/621/611 672/683/672
f 672/683/672 611/621/611 671/682/671
f 612/622/612 672/683/672 613/623/613
f 613/623/613 672/683/672 673/684/673
f 613/623/613 673/684/673 614/624/614
f 614/624/614 673/684/673 674/685/674
f 615/625/615 614/624/614 675/686/675
f 675/686/675 614/624/614 674/685/674
f 615/625/615 675/686/675 616/626/616
f 616/626/616 675/686/675 676/687/676
f 617/627/617 616/626/616 677/688/677
f 677/688/677 616/626/616 676/687/676
f 618/628/618 617/627/617 678/689/678
f 678/689/678 617/627/617 677/688/677
f 618/628/618 678/689/678 619/629/619
f 619/629/619 678/689/678 679/690/679
f 619/629/619 679/690/679 620/630/620
f 620/630/620 679/690/679 680/691/680
f 620/630/620 680/691/680 621/631/621
f 621/631/621 680/691/680 681/692/681
f 621/631/621 681/692/681 622/632/622
f 622/632/622 681/692/681 682/693/682
f 622/632/622 682/693/682 623/633/623
f 623/633/623 682/693/682 683/694/683
f 623/633/623 683/694/683 624/634/624
f 624/634/624 683/694/683 684/695/684
f 625/635/625 624/634/624 685/696/685
f 685/696/685 624/634/624 684/695/684
f 626/636/626 625/635/625 686/697/686
f 686/697/686 625/635/625 685/696/685
f 626/636/626 686/697/686 627/637/627
f 627/637/627 686/697/686 687/698/687
f 627/637/627 687/698/687 628/638/628
f 628/638/628 687/698/687 688/699/688
f 628/638/628 688/699/688 629/639/629
f 629/639/629 688/699/688 689/700/689
f 629/639/629 689/700/689 630/640/630
f 630/640/630 689/700/689 690/701/690
f 631/641/631 630/640/630 691/702/691
f 691/702/691 630/640/630 690/701/690
f 632/642/632 631/641/631 692/703/692
f 692/703/692 631/641/631 691/702/691
f 633/643/633 632/642/632 693/704/693
f 693/704/693 632/642/632 692/703/692
f 634/644/634 633/643/633 694/705/694
f 694/705/694 633/643/633 693/704/693
f 634/644/634 694/705/694 635/645/635
f 635/645/635 694/705/694 695/706/695
f 635/645/635 695/706/695 636/646/636
f 636/646/636 695/706/695 696/707/696
f 637/647/637 636/646/636 697/708/697
f 697/708/697 636/646/636 696/707/696
f 638/648/638 637/647/637 698/709/698
f 698/709/698 637/647/637 697/708/697
f 639/649/639 638/648/638 699/710/699
f 699/710/699 638/648/638 698/709/698
f 640/650/640 639/649/639 700/711/700
f 700/711/700 639/649/639 699/710/699
f 641/651/641 640/650/640 701/712/701
f 701/712/701 640/650/640 700/711/700
f 641/651/641 701/712/701 642/652/642
f 642/652/642 701/712/701 702/713/702
f 642/652/642 702/713/702 643/653/643
f 643/653/643 702/713/702 703/714/703
f 643/653/643 703/714/703 644/654/644
f 644/654/644 703/714/703 704/715/704
f 645/655/645 644/654/644 705/716/705
f 705/716/705 644/654/644 704/715/704
f 645/655/645 705/716/705 646/656/646
f 646/656/646 705/716/705 706/717/706
f 647/657/647 646/656/646 707/718/707
f 707/718/707 646/656/646 706/717/706
f 648/658/648 647/657/647 708/719/708
f 708/719/708 647/657/647 707/718/707
f 649/659/649 648/658/648 709/720/709
f 709/720/709 648/658/648 708/719/708
f 649/659/649 709/720/709 650/660/650
f 650/660/650 709/720/709 710/721/710
f 650/660/650 710/721/710 651/661/651
f 651/661/651 710/721/710 711/722/711
f 651/661/651 711/722/711 652/662/652
f 652/662/652 711/722/711 712/723/712
f 652/662/652 712/723/712 653/663/653
f 653/663/653 712/723/712 713/724/713
f 653/663/653 713/724/713 654/664/654
f 654/664/654 713/724/713 714/725/714
f 655/665/655 654/664/654 715/726/715
f 715/726/715 654/664/654 714/725/714
f 656/666/656 655/665/655 716/727/716
f 716/727/716 655/665/655 715/726/715
f 656/666/656 716/727/716 657/667/657
f 657/667/657 716/727/716 717/728/717
f 657/667/657 717/728/717 658/668/658
f 658/668/658 717/728/717 718/729/718
f 658/668/658 718/729/718 659/669/659
f 659/669/659 718/729/718 719/730/719
f 659/669/659 719/730/719 660/670/660
f 660/670/660 719/730/719 720/731/720
f 601/671/602 660/670/660 661/732/662
f 661/732/662 660/670/660 720/731/720
f 662/673/661 661/672/662 722/734/721
f 722/734/721 661/672/662 721/733/722
f 663/674/663 662/673/661 723/735/723
f 723/735/723 662/673/661 722/734/721
f 664/675/664 663/674/663 724/736/724
f 724/736/724 663/674/663 723/735/723
f 664/675/664 724/736/724 665/676/665
f 665/676/665 724/736/724 725/737/725
f 665/676/665 725/737/725 666/677/666
f 666/677/666 725/737/725 726/738/726
f 666/677/666 726/738/726 667/678/667
f 667/678/667 726/738/726 727/739/727
f 668/679/668 667/678/667 728/740/728
f 728/740/728 667/678/667 727/739/727
f 669/680/669 668/679/668 729/741/729
f 729/741/729 668/679/668 728/740/728
f 670/681/670 669/680/669 730/742/730
f 730/742/730 669/680/669 729/741/729
f 671/682/671 670/681/670 731/743/731
f 731/743/731 670/681/670 730/742/730
f 671/682/671 731/743/731 672/683/672
f 672/683/672 731/743/731 732/744/732
f 672/683/672 732/744/732 673/684/673
f 673/684/673 732/744/732 733/745/733
f 673/684/673 733/745/733 674/685/674
f 674/685/674 733/745/733 734/746/734
f 675/686/675 674/685/674 735/747/735
f 735/747/735 674/685/674 734/746/734
f 675/686/675 735/747/735 676/687/676
f 676/687/676 735/747/735 736/748/736
f 677/688/677 676/687/676 737/749/737
f 737/749/737 676/687/676 736/748/736
f 678/689/678 677/688/677 738/750/738
f 738/750/738 677/688/677 737/749/737
f 679/690/679 678/689/678 739/751/739
f 739/751/739 678/689/678 738/750/738
f 679/690/679 739/751/739 680/691/680
f 680/691/680 739/751/739 740/752/740
f 680/691/680 740/752/740 681/692/681
f 681/692/681 740/752/740 741/753/741
f 681/692/681 741/753/741 682/693/682
f 682/693/682 741/753/741 742/754/742
f 682/693/682 742/754/742 683/694/683
f 683/694/683 742/754/742 743/755/743
f 684/695/684 683/694/683 744/756/744
f 744/756/744 683/694/683 743/755/743
f 685/696/685 684/695/684 745/757/745
f 745/757/745 684/695/684 744/756/744
f 686/697/686 685/696/685 746/758/746
f 746/758/746 685/696/685 745/757/745
f 686/697/686 746/758/746 687/698/687
f 687/698/687 746/758/746 747/759/747
f 687/698/687 747/759/747 688/699/688
f 688/699/688 747/759/747 748/760/748
f 688/699/688 748/760/748 689/700/689
f 689/700/689 748/760/748 749/761/749
f 689/700/689 749/761/749 690/701/690
f 690/701/690 749/761/749 750/762/750
f 691/702/691 690/701/690 751/763/751
f 751/763/751 690/701/690 750/762/750
f 692/703/692 691/702/691 752/764/752
f 752/764/752 691/702/691 751/763/751
f 693/704/693 692/703/692 753/765/753
f 753/765/753 692/703/692 752/764/752
f 694/705/694 693/704/693 754/766/754
f 754/766/754 693/704/693 753/765/753
f 694/705/694 754/766/754 695/706/695
f 695/706/695 754/766/754 755/767/755
f 695/706/695 755/767/755 696/707/696
f 696/707/696 755/767/755 756/768/756
f 696/707/696 756/768/756 697/708/697
f 697/708/697 756/768/756 757/769/757
f 698/709/698 697/708/697 758/770/758
f 758/770/758 697/708/697 757/769/757
f 699/710/699 698/709/698 759/771/759
f 759/771/759 698/709/698 758/770/758
f 700/711/700 699/710/699 760/772/760
f 760/772/760 699/710/699 759/771/759
f 701/712/701 700/711/700 761/773/761
f 761/773/761 700/711/700 760/772/760
f 701/712/701 761/773/761 702/713/702
f 702/713/702 761/773/761 762/774/762
f 702/713/702 762/774/762 703/714/703
f 703/714/703 762/774/762 763/775/763
f 704/715/704 703/714/703 764/776/764
f 764/776/764 703/714/703 763/775/763
f 705/716/705 704/715/704 765/777/765
f 765/777/765 704/715/704 764/776/764
f 705/716/705 765/777/765 706/717/706
f 706/717/706 765/777/765 766/778/766
f 706/717/706 766/778/766 707/718/707
f 707/718/707 766/778/766 767/779/767
f 708/719/708 707/718/707 768/780/768
f 768/780/768 707/718/707 767/779/767
f 709/720/709 708/719/708 769/781/769
f 769/781/769 708/719/708 768/780/768
f 709/720/709 769/781/769 710/721/710
f 710/721/710 769/781/769 770/782/770
f 710/721/710 770/782/770 711/722/711
f 711/722/711 770/782/770 771/783/771
f 711/722/711 771/783/771 712/723/712
f 712/723/712 771/783/771 772/784/772
f 712/723/712 772/784/772 713/724/713
f 713/724/713 772/784/772 773/785/773
f 714/725/714 713/724/713 774/786/774
f 774/786/774 713/724/713 773/785/773
f 715/726/715 714/725/714 775/787/775
f 775/787/775 714/725/714 774/786/774
f 716/727/716 715/726/715 776/788/776
f 776/788/776 715/726/715 775/787/775
f 716/727/716 776/788/776 717/728/717
f 717/728/717 776/788/776 777/789/777
f 717/728/717 777/789/777 718/729/718
f 718/729/718 777/789/777 778/790/778
f 718/729/718 778/790/778 719/730/719
f 719/730/719 778/790/778 779/791/779
f 719/730/719 779/791/779 720/731/720
f 720/731/720 779/791/779 780/792/780
f 661/732/662 720/731/720 721/793/722
f 721/793/722 720/731/720 780/792/780
f 722/734/721 721/733/722 782/795/781
f 782/795/781 721/733/722 781/794/782
f 723/735/723 722/734/721 783/796/783
f 783/796/783 722/734/721 782/795/781
f 723/735/723 783/796/783 724/736/724
f 724/736/724 783/796/783 784/797/784
f 724/736/724 784/797/784 725/737/725
f 725/737/725 784/797/784 785/798/785
f 725/737/725 785/798/785 726/738/726
f 726/738/726 785/798/785 786/799/786
f 726/738/726 786/799/786 727/739/727
f 727/739/727 786/799/786 787/800/787
f 728/740/728 727/739/727 788/801/788
f 788/801/788 727/739/727 787/800/787
f 729/741/729 728/740/728 789/802/789
f 789/802/789 728/740/728 788/801/788
f 730/742/730 729/741/729 790/803/790
f 790/803/790 729/741/729 789/802/789
f 731/743/731 730/742/730 791/804/791
f 791/804/791 730/742/730 790/803/790
f 731/743/731 791/804/791 732/744/732
f 732/744/732 791/804/791 792/805/792
f 732/744/732 792/805/792 733/745/733
f 733/745/733 792/805/792 793/806/793
f 733/745/733 793/806/793 734/746/734
f 734/746/734 793/806/793 794/807/794
f 735/747/735 734/746/734 795/808/795
f 795/808/795 734/746/734 794/807/794
f 735/747/735 795/808/795 736/748/736
f 736/748/736 795/808/795 796/809/796
f 737/749/737 736/748/736 797/810/797
f 797/810/797 736/748/736 796/809/796
f 738/750/738 737/749/737 798/811/798
f 798/811/798 737/749/737 797/810/797
f 739/751/739 738/750/738 799/812/799
f 799/812/799 738/750/738 798/811/798
f 739/751/739 799/812/799 740/752/740
f 740/752/740 799/812/799 800/813/800
f 740/752/740 800/813/800 741/753/741
f 741/753/741 800/813/800 801/814/801
f 741/753/741 801/814/801 742/754/742
f 742/754/742 801/814/801 802/815/802
f 742/754/742 802/815/802 743/755/743
f 743/755/743 802/815/802 803/816/803
f 744/756/744 743/755/743 804/817/804
f 804/817/804 743/755/743 803/816/803
f 745/757/745 744/756/744 805/818/805
f 805/818/805 744/756/744 804/817/804
f 746/758/746 745/757/745 806/819/806
f 806/819/806 745/757/745 805/818/805
f 747/759/747 746/758/746 807/820/807
f 807/820/807 746/758/746 806/819/806
f 747/759/747 807/820/807 748/760/748
f 748/760/748 807/820/807 808/821/808
f 748/760/748 808/821/808 749/761/749
f 749/761/749 808/821/808 809/822/809
f 749/761/749 809/822/809 750/762/750
f 750/762/750 809/822/809 810/823/810
f 751/763/751 750/762/750 811/824/811
f 811/824/811 750/762/750 810/823/810
f 752/764/752 751/763/751 812/825/812
f 812/825/812 751/763/751 811/824/811
f 753/765/753 752/764/752 813/826/813
f 813/826/813 752/764/752 812/825/812
f 753/765/753 813/826/813 754/766/754
f 754/766/754 813/826/813 814/827/814
f 754/766/754 814/827/814 755/767/755
f 755/767/755 814/827/814 815/828/815
f 755/767/755 815/828/815 756/768/756
f 756/768/756 815/828/815 816/829/816
f 756/768/756 816/829/816 757/769/757
f 757/769/757 816/829/816 817/830/817
f 757/769/757 817/830/817 758/770/758
f 758/770/758 817/830/817 818/831/818
f 759/771/759 758/770/758 819/832/819
f 819/832/819 758/770/758 818/831/818
f 760/772/760 759/771/759 820/833/820
f 820/833/820 759/771/759 819/832/819
f 760/772/760 820/833/820 761/773/761
f 761/773/761 820/833/820 821/834/821
f 761/773/761 821/834/821 762/774/762
f 762/774/762 821/834/821 822/835/822
f 762/774/762 822/835/822 763/775/763
f 763/775/763 822/835/822 823/836/823
f 764/776/764 763/775/763 824/837/824
f 824/837/824 763/775/763 823/836/823
f 765/777/765 764/776/764 825/838/825
f 825/838/825 764/776/764 824/837/824
f 765/777/765 825/838/825 766/778/766
f 766/778/766 825/838/825 826/839/826
f 766/778/766 826/839/826 767/779/767
f 767/779/767 826/839/826 827/840/827
f 768/780/768 767/779/767 828/841/828
f 828/841/828 767/779/767 827/840/827
f 769/781/769 768/780/768 829/842/829
f 829/842/829 768/780/768 828/841/828
f 770/782/770 769/781/769 830/843/830
f 830/843/830 769/781/769 829/842/829
f 770/782/770 830/843/830 771/783/771
f 771/783/771 830/843/830 831/844/831
f 771/783/771 831/844/831 772/784/772
f 772/784/772 831/844/831 832/845/832
f 773/785/773 772/784/772 833/846/833
f 833/846/833 772/784/772 832/845/832
f 774/786/774 773/785/773 834/847/834
f 834/847/834 773/785/773 833/846/833
f 775/787/775 774/786/774 835/848/835
f 835/848/835 774/786/774 834/847/834
f 776/788/776 775/787/775 836/849/836
f 836/849/836 775/787/775 835/848/835
f 777/789/777 776/788/776 837/850/837
f 837/850/837 776/788/776 836/849/836
f 777/789/777 837/850/837 778/790/778
f 778/790/778 837/850/837 838/851/838
f 778/790/778 838/851/838 779/791/779
f 779/791/779 838/851/838 839/852/839
f 779/791/779 839/852/839 780/792/780
f 780/792/780 839/852/839 840/853/840
f 721/793/722 780/792/780 781/854/782
f 781/854/782 780/792/780 840/853/840
f 781/794/782 841/855/841 782/795/781
f 782/795/781 841/855/841 842/856/842
f 782/795/781 842/856/842 783/796/783
f 783/796/783 842/856/842 843/857/843
f 783/796/783 843/857/843 784/797/784
f 784/797/784 843/857/843 844/858/844
f 784/797/784 844/858/844 785/798/785
f 785/798/785 844/858/844 845/859/845
f 785/798/785 845/859/845 786/799/786
f 786/799/786 845/859/845 846/860/846
f 786/799/786 846/860/846 787/800/787
f 787/800/787 846/860/846 847/861/847
f 787/800/787 847/861/847 788/801/788
f 788/801/788 847/861/847 848/862/848
f 789/802/789 788/801/788 849/863/849
f 849/863/849 788/801/788 848/862/848
f 790/803/790 789/802/789 850/864/850
f 850/864/850 789/802/789 849/863/849
f 791/804/791 790/803/790 851/865/851
f 851/865/851 790/803/790 850/864/850
f 791/804/791 851/865/851 792/805/792
f 792/805/792 851/865/851 852/866/852
f 792/805/792 852/866/852 793/806/793
f 793/806/793 852/866/852 853/867/853
f 794/807/794 793/806/793 854/868/854
f 854/868/854 793/806/793 853/867/853
f 795/808/795 794/807/794 855/869/855
f 855/869/855 794/807/794 854/868/854
f 795/808/795 855/869/855 796/809/796
f 796/809/796 855/869/855 856/870/856
f 796/809/796 856/870/856 797/810/797
f 797/810/797 856/870/856 857/871/857
f 798/811/798 797/810/797 858/872/858
f 858/872/858 797/810/797 857/871/857
f 799/812/799 798/811/798 859/873/859
f 859/873/859 798/811/798 858/872/858
f 799/812/799 859/873/859 800/813/800
f 800/813/800 859/873/859 860/874/860
f 800/813/800 860/874/860 801/814/801
f 801/814/801 860/874/860 861/875/861
f 801/814/801 861/875/861 802/815/802
f 802/815/802 861/875/861 862/876/862
f 803/816/803 802/815/802 863/877/863
f 863/877/863 802/815/802 862/876/862
f 804/817/804 803/816/803 864/878/864
f 864/878/864 803/816/803 863/877/863
f 805/818/805 804/817/804 865/879/865
f 865/879/865 804/817/804 864/878/864
f 806/819/806 805/818/805 866/880/866
f 866/880/866 805/818/805 865/879/865
f 807/820/807 806/819/806 867/881/867
f 867/881/867 806/819/806 866/880/866
f 808/821/808 807/820/807 868/882/868
f 868/882/868 807/820/807 867/881/867
f 809/822/809 808/821/808 869/883/869
f 869/883/869 808/821/808 868/882/868
f 810/823/810 809/822/809 870/884/870
f 870/884/870 809/822/809 869/883/869
f 811/824/811 810/823/810 871/885/871
f 871/885/871 810/823/810 870/884/870
f 811/824/811 871/885/871 812/825/812
f 812/825/812 871/885/871 872/886/872
f 812/825/812 872/886/872 813/826/813
f 813/826/813 872/886/872 873/887/873
f 813/826/813 873/887/873 814/827/814
f 814/827/814 873/887/873 874/888/874
f 814/827/814 874/888/874 815/828/815
f 815/828/815 874/888/874 875/889/875
f 815/828/815 875/889/875 816/829/816
f 816/829/816 875/889/875 876/890/876
f 816/829/816 876/890/876 817/830/817
f 817/830/817 876/890/876 877/891/877
f 817/830/817 877/891/877 818/831/818
f 818/831/818 877/891/877 878/892/878
f 819/832/819 818/831/818 879/893/879
f 879/893/879 818/831/818 878/892/878
f 819/832/819 879/893/879 820/833/820
f 820/833/820 879/893/879 880/894/880
f 820/833/820 880/894/880 821/834/821
f 821/834/821 880/894/880 881/895/881
f 821/834/821 881/895/881 822/835/822
f 822/835/822 881/895/881 882/896/882
f 822/835/822 882/896/882 823/836/823
f 823/836/823 882/896/882 883/897/883
f 824/837/824 823/836/823 884/898/884
f 884/898/884 823/836/823 883/897/883
f 825/838/825 824/837/824 885/899/885
f 885/899/885 824/837/824 884/898/884
f 825/838/825 885/899/885 826/839/826
f 826/839/826 885/899/885 886/900/886
f 826/839/826 886/900/886 827/840/827
f 827/840/827 886/900/886 887/901/887
f 828/841/828 827/840/827 888/902/888
f 888/902/888 827/840/827 887/901/887
f 829/842/829 828/841/828 889/903/889
f 889/903/889 828/841/828 888/902/888
f 830/843/830 829/842/829 890/904/890
f 890/904/890 829/842/829 889/903/889
f 831/844/831 830/843/830 891/905/891
f 891/905/891 830/843/830 890/904/890
f 831/844/831 891/905/891 832/845/832
f 832/845/832 891/905/891 892/906/892
f 833/846/833 832/845/832 893/907/893
f 893/907/893 832/845/832 892/906/892
f 834/847/834 833/846/833 894/908/894
f 894/908/894 833/846/833 893/907/893
f 835/848/835 834/847/834 895/909/895
f 895/909/895 834/847/834 894/908/894
f 836/849/836 835/848/835 896/910/896
f 896/910/896 835/848/835 895/909/895
f 837/850/837 836/849/836 897/911/897
f 897/911/897 836/849/836 896/910/896
f 838/851/838 837/850/837 898/912/898
f 898/912/898 837/850/837 897/911/897
f 839/852/839 838/851/838 899/913/899
f 899/913/899 838/851/838 898/912/898
f 839/852/839 899/913/899 840/853/840
f 840/853/840 899/913/899 900/914/900
f 840/853/840 900/914/900 781/854/782
f 781/854/782 900/914/900 841/915/841
f 841/855/841 901/916/901 842/856/842
f 842/856/842 901/916/901 902/917/902
f 842/856/842 902/917/902 843/857/843
f 843/857/843 902/917/902 903/918/903
f 843/857/843 903/918/903 844/858/844
f 844/858/844 903/918/903 904/919/904
f 844/858/844 904/919/904 845/859/845
f 845/859/845 904/919/904 905/920/905
f 845/859/845 905/920/905 846/860/846
f 846/860/846 905/920/905 906/921/906
f 846/860/846 906/921/906 847/861/847
f 847/861/847 906/921/906 907/922/907
f 847/861/847 907/922/907 848/862/848
f 848/862/848 907/922/907 908/923/908
f 848/862/848 908/923/908 849/863/849
f 849/863/849 908/923/908 909/924/909
f 850/864/850 849/863/849 910/925/910
f 910/925/910 849/863/849 909/924/909
f 851/865/851 850/864/850 911/926/911
f 911/926/911 850/864/850 910/925/910
f 851/865/851 911/926/911 852/866/852
f 852/866/852 911/926/911 912/927/912
f 852/866/852 912/927/912 853/867/853
f 853/867/853 912/927/912 913/928/913
f 854/868/854 853/867/853 914/929/914
f 914/929/914 853/867/853 913/928/913
f 855/869/855 854/868/854 915/930/915
f 915/930/915 854/868/854 914/929/914
f 855/869/855 915/930/915 856/870/856
f 856/870/856 915/930/915 916/931/916
f 856/870/856 916/931/916 857/871/857
f 857/871/857 916/931/916 917/932/917
f 858/872/858 857/871/857 918/933/918
f 918/933/918 857/871/857 917/932/917
f 859/873/859 858/872/858 919/934/919
f 919/934/919 858/872/858 918/933/918
f 859/873/859 919/934/919 860/874/860
f 860/874/860 919/934/919 920/935/920
f 860/874/860 920/935/920 861/875/861
f 861/875/861 920/935/920 921/936/921
f 862/876/862 861/875/861 922/937/922
f 922/937/922 861/875/861 921/936/921
f 863/877/863 862/876/862 923/938/923
f 923/938/923 862/876/862 922/937/922
f 864/878/864 863/877/863 924/939/924
f 924/939/924 863/877/863 923/938/923
f 865/879/865 864/878/864 925/940/925
f 925/940/925 864/878/864 924/939/924
f 866/880/866 865/879/865 926/941/926
f 926/941/926 865/879/865 925/940/925
f 867/881/867 866/880/866 927/942/927
f 927/942/927 866/880/866 926/941/926
f 868/882/868 867/881/867 928/943/928
f 928/943/928 867/881/867 927/942/927
f 869/883/869 868/882/868 929/944/929
f 929/944/929 868/882/868 928/943/928
f 870/884/870 869/883/869 930/945/930
f 930/945/930 869/883/869 929/944/929
f 870/884/870 930/945/930 871/885/871
f 871/885/871 930/945/930 931/946/931
f 871/885/871 931/946/931 872/886/872
f 872/886/872 931/946/931 932/947/932
f 872/886/872 932/947/932 873/887/873
f 873/887/873 932/947/932 933/948/933
f 873/887/873 933/948/933 874/888/874
f 874/888/874 933/948/933 934/949/934
f 874/888/874 934/949/934 875/889/875
f 875/889/875 934/949/934 935/950/935
f 875/889/875 935/950/935 876/890/876
f 876/890/876 935/950/935 936/951/936
f 876/890/876 936/951/936 877/891/877
f 877/891/877 936/951/936 937/952/937
f 877/891/877 937/952/937 878/892/878
f 878/892/878 937/952/937 938/953/938
f 878/892/878 938/953/938 879/893/879
f 879/893/879 938/953/938 939/954/939
f 879/893/879 939/954/939 880/894/880
f 880/894/880 939/954/939 940/955/940
f 880/894/880 940/955/940 881/895/881
f 881/895/881 940/955/940 941/956/941
f 881/895/881 941/956/941 882/896/882
f 882/896/882 941/956/941 942/957/942
f 882/896/882 942/957/942 883/897/883
f 883/897/883 942/957/942 943/958/943
f 884/898/884 883/897/883 944/959/944
f 944/959/944 883/897/883 943/958/943
f 885/899/885 884/898/884 945/960/945
f 945/960/945 884/898/884 944/959/944
f 885/899/885 945/960/945 886/900/886
f 886/900/886 945/960/945 946/961/946
f 886/900/886 946/961/946 887/901/887
f 887/901/887 946/961/946 947/962/947
f 888/902/888 887/901/887 948/963/948
f 948/963/948 887/901/887 947/962/947
f 889/903/889 888/902/888 949/964/949
f 949/964/949 888/902/888 948/963/948
f 890/904/890 889/903/889 950/965/950
f 950/965/950 889/903/889 949/964/949
f 891/905/891 890/904/890 951/966/951
f 951/966/951 890/904/890 950/965/950
f 892/906/892 891/905/891 952/967/952
f 952/967/952 891/905/891 951/966/951
f 893/907/893 892/906/892 953/968/953
f 953/968/953 892/906/892 952/967/952
f 894/908/894 893/907/893 954/969/954
f 954/969/954 893/907/893 953/968/953
f 895/909/895 894/908/894 955/970/955
f 955/970/955 894/908/894 954/969/954
f 896/910/896 895/909/895 956/971/956
f 956/971/956 895/909/895 955/970/955
f 897/911/897 896/910/896 957/972/957
f 957/972/957 896/910/896 956/971/956
f 898/912/898 897/911/897 958/973/958
f 958/973/958 897/911/897 957/972/957
f 899/913/899 898/912/898 959/974/959
f 959/974/959 898/912/898 958/973/958
f 900/914/900 899/913/899 960/975/960
f 960/975/960 899/913/899 959/974/959
f 900/914/900 960/975/960 841/915/841
f 841/915/841 960/975/960 901/976/901
f 901/916/901 961/977/961 902/917/902
f 902/917/902 961/977/961 962/978/962
f 902/917/902 962/978/962 903/918/903
f 903/918/903 962/978/962 963/979/963
f 903/918/903 963/979/963 904/919/904
f 904/919/904 963/979/963 964/980/964
f 904/919/904 964/980/964 905/920/905
f 905/920/905 964/980/964 965/981/965
f 905/920/905 965/981/965 906/921/906
f 906/921/906 965/981/965 966/982/966
f 906/921/906 966/982/966 907/922/907
f 907/922/907 966/982/966 967/983/967
f 907/922/907 967/983/967 908/923/908
f 908/923/908 967/983/967 968/984/968
f 908/923/908 968/984/968 909/924/909
f 909/924/909 968/984/968 969/985/969
f 910/925/910 909/924/909 970/986/970
f 970/986/970 909/924/909 969/985/969
f 910/925/910 970/986/970 911/926/911
f 911/926/911 970/986/970 971/987/971
f 911/926/911 971/987/971 912/927/912
f 912/927/912 971/987/971 972/988/972
f 912/927/912 972/988/972 913/928/913
f 913/928/913 972/988/972 973/989/973
f 914/929/914 913/928/913 974/990/974
f 974/990/974 913/928/913 973/989/973
f 915/930/915 914/929/914 975/991/975
f 975/991/975 914/929/914 974/990/974
f 915/930/915 975/991/975 916/931/916
f 916/931/916 975/991/975 976/992/976
f 916/931/916 976/992/976 917/932/917
f 917/932/917 976/992/976 977/993/977
f 918/933/918 917/932/917 978/994/978
f 978/994/978 917/932/917 977/993/977
f 919/934/919 918/933/918 979/995/979
f 979/995/979 918/933/918 978/994/978
f 920/935/920 919/934/919 980/996/980
f 980/996/980 919/934/919 979/995/979
f 920/935/920 980/996/980 921/936/921
f 921/936/921 980/996/980 981/997/981
f 922/937/922 921/936/921 982/998/982
f 982/998/982 921/936/921 981/997/981
f 923/938/923 922/937/922 983/999/983
f 983/999/983 922/937/922 982/998/982
f 924/939/924 923/938/923 984/1000/984
f 984/1000/984 923/938/923 983/999/983
f 925/940/925 924/939/924 985/1001/985
f 985/1001/985 924/939/924 984/1000/984
f 926/941/926 925/940/925 986/1002/986
f 986/1002/986 925/940/925 985/1001/985
f 927/942/927 926/941/926 987/1003/987
f 987/1003/987 926/941/926 986/1002/986
f 928/943/928 927/942/927 988/1004/988
f 988/1004/988 927/942/927 987/1003/987
f 929/944/929 928/943/928 989/1005/989
f 989/1005/989 928/943/928 988/1004/988
f 930/945/930 929/944/929 990/1006/990
f 990/1006/990 929/944/929 989/1005/989
f 930/945/930 990/1006/990 931/946/931
f 931/946/931 990/1006/990 991/1007/991
f 931/946/931 991/1007/991 932/947/932
f 932/947/932 991/1007/991 992/1008/992
f 932/947/932 992/1008/992 933/948/933
f 933/948/933 992/1008/992 993/1009/993
f 933/948/933 993/1009/993 934/949/934
f 934/949/934 993/1009/993 994/1010/994
f 934/949/934 994/1010/994 935/950/935
f 935/950/935 994/1010/994 995/1011/995
f 935/950/935 995/1011/995 936/951/936
f 936/951/936 995/1011/995 996/1012/996
f 936/951/936 996/1012/996 937/952/937
f 937/952/937 996/1012/996 997/1013/997
f 937/952/937 997/1013/997 938/953/938
f 938/953/938 997/1013/997 998/1014/998
f 938/953/938 998/1014/998 939/954/939
f 939/954/939 998/1014/998 999/1015/999
f 939/954/939 999/1015/999 940/955/940
f 940/955/940 999/1015/999 1000/1016/1000
f 940/955/940 1000/1016/1000 941/956/941
f 941/956/941 1000/1016/1000 1001/1017/1001
f 941/956/941 1001/1017/1001 942/957/942
f 942/957/942 1001/1017/1001 1002/1018/1002
f 942/957/942 1002/1018/1002 943/958/943
f 943/958/943 1002/1018/1002 1003/1019/1003
f 944/959/944 943/958/943 1004/1020/1004
f 1004/1020/1004 943/958/943 1003/1019/1003
f 945/960/945 944/959/944 1005/1021/1005
f 1005/1021/1005 944/959/944 1004/1020/1004
f 945/960/945 1005/1021/1005 946/961/946
f 946/961/946 1005/1021/1005 1006/1022/1006
f 946/961/946 1006/1022/1006 947/962/947
f 947/962/947 1006/1022/1006 1007/1023/1007
f 948/963/948 947/962/947 1008/1024/1008
f 1008/1024/1008 947/962/947 1007/1023/1007
f 949/964/949 948/963/948 1009/1025/1009
f 1009/1025/1009 948/963/948 1008/1024/1008
f 950/965/950 949/964/949 1010/1026/1010
f 1010/1026/1010 949/964/949 1009/1025/1009
f 951/966/951 950/965/950 1011/1027/1011
f 1011/1027/1011 950/965/950 1010/1026/1010
f 952/967/952 951/966/951 1012/1028/1012
f 1012/1028/1012 951/966/951 1011/1027/1011
f 953/968/953 952/967/952 1013/1029/1013
f 1013/1029/1013 952/967/952 1012/1028/1012
f 954/969/954 953/968/953 1014/1030/1014
f 1014/1030/1014 953/968/953 1013/1029/1013
f 955/970/955 954/969/954 1015/1031/1015
f 1015/1031/1015 954/969/954 1014/1030/1014
f 956/971/956 955/970/955 1016/1032/1016
f 1016/1032/1016 955/970/955 1015/1031/1015
f 957/972/957 956/971/956 1017/1033/1017
f 1017/1033/1017 956/971/956 1016/1032/1016
f 958/973/958 957/972/957 1018/1034/1018
f 1018/1034/1018 957/972/957 1017/1033/1017
f 959/974/959 958/973/958 1019/1035/1019
f 1019/1035/1019 958/973/958 1018/1034/1018
f 960/975/960 959/974/959 1020/1036/1020
f 1020/1036/1020 959/974/959 1019/1035/1019
f 960/975/960 1020/1036/1020 901/976/901
f 901/976/901 1020/1036/1020 961/1037/961
f 961/977/961 1021/1038/1021 962/978/962
f 962/978/962 1021/1038/1021 1022/1039/1022
f 962/978/962 1022/1039/1022 963/979/963
f 963/979/963 1022/1039/1022 1023/1040/1023
f 963/979/963 1023/1040/1023 964/980/964
f 964/980/964 1023/1040/1023 1024/1041/1024
f 964/980/964 1024/1041/1024 965/981/965
f 965/981/965 1024/1041/1024 1025/1042/1025
f 965/981/965 1025/1042/1025 966/982/966
f 966/982/966 1025/1042/1025 1026/1043/1026
f 966/982/966 1026/1043/1026 967/983/967
f 967/983/967 1026/1043/1026 1027/1044/1027
f 967/983/967 1027/1044/1027 968/984/968
f 968/984/968 1027/1044/1027 1028/1045/1028
f 968/984/968 1028/1045/1028 969/985/969
f 969/985/969 1028/1045/1028 1029/1046/1029
f 969/985/969 1029/1046/1029 970/986/970
f 970/986/970 1029/1046/1029 1030/1047/1030
f 970/986/970 1030/1047/1030 971/987/971
f 971/987/971 1030/1047/1030 1031/1048/1031
f 971/987/971 1031/1048/1031 972/988/972
f 972/988/972 1031/1048/1031 1032/1049/1032
f 972/988/972 1032/1049/1032 973/989/973
f 973/989/973 1032/1049/1032 1033/1050/1033
f 974/990/974 973/989/973 1034/1051/1034
f 1034/1051/1034 973/989/973 1033/1050/1033
f 975/991/975 974/990/974 1035/1052/1035
f 1035/1052/1035 974/990/974 1034/1051/1034
f 975/991/975 1035/1052/1035 976/992/976
f 976/992/976 1035/1052/1035 1036/1053/1036
f 976/992/976 1036/1053/1036 977/993/977
f 977/993/977 1036/1053/1036 1037/1054/1037
f 978/994/978 977/993/977 1038/1055/1038
f 1038/1055/1038 977/993/977 1037/1054/1037
f 979/995/979 978/994/978 1039/1056/1039
f 1039/1056/1039 978/994/978 1038/1055/1038
f 980/996/980 979/995/979 1040/1057/1040
f 1040/1057/1040 979/995/979 1039/1056/1039
f 981/997/981 980/996/980 1041/1058/1041
f 1041/1058/1041 980/996/980 1040/1057/1040
f 982/998/982 981/997/981 1042/1059/1042
f 1042/1059/1042 981/997/981 1041/1058/1041
f 983/999/983 982/998/982 1043/1060/1043
f 1043/1060/1043 982/998/982 1042/1059/1042
f 984/1000/984 983/999/983 1044/1061/1044
f 1044/1061/1044 983/999/983 1043/1060/1043
f 985/1001/985 984/1000/984 1045/1062/1045
f 1045/1062/1045 984/1000/984 1044/1061/1044
f 986/1002/986 985/1001/985 1046/1063/1046
f 1046/1063/1046 985/1001/985 1045/1062/1045
f 987/1003/987 986/1002/986 1047/1064/1047
f 1047/1064/1047 986/1002/986 1046/1063/1046
f 988/1004/988 987/1003/987 1048/1065/1048
f 1048/1065/1048 987/1003/987 1047/1064/1047
f 989/1005/989 988/1004/988 1049/1066/1049
f 1049/1066/1049 988/1004/988 1048/1065/1048
f 990/1006/990 989/1005/989 1050/1067/1050
f 1050/1067/1050 989/1005/989 1049/1066/1049
f 990/1006/990 1050/1067/1050 991/1007/991
f 991/1007/991 1050/1067/1050 1051/1068/1051
f 991/1007/991 1051/1068/1051 992/1008/992
f 992/1008/992 1051/1068/1051 1052/1069/1052
f 992/1008/992 1052/1069/1052 993/1009/993
f 993/1009/993 1052/1069/1052 1053/1070/1053
f 993/1009/993 1053/1070/1053 994/1010/994
f 994/1010/994 1053/1070/1053 1054/1071/1054
f 994/1010/994 1054/1071/1054 995/1011/995
f 995/1011/995 1054/1071/1054 1055/1072/1055
f 995/1011/995 1055/1072/1055 996/1012/996
f 996/1012/996 1055/1072/1055 1056/1073/1056
f 996/1012/996 1056/1073/1056 997/1013/997
f 997/1013/997 1056/1073/1056 1057/1074/1057
f 997/1013/997 1057/1074/1057 998/1014/998
f 998/1014/998 1057/1074/1057 1058/1075/1058
f 998/1014/998 1058/1075/1058 999/1015/999
f 999/1015/999 1058/1075/1058 1059/1076/1059
f 999/1015/999 1059/1076/1059 1000/1016/1000
f 1000/1016/1000 1059/1076/1059 1060/1077/1060
f 1000/1016/1000 1060/1077/1060 1001/1017/1001
f 1001/1017/1001 1060/1077/1060 1061/1078/1061
f 1001/1017/1001 1061/1078/1061 1002/1018/1002
f 1002/1018/1002 1061/1078/1061 1062/1079/1062
f 1002/1018/1002 1062/1079/1062 1003/1019/1003
f 1003/1019/1003 1062/1079/1062 1063/1080/1063
f 1004/1020/1004 1003/1019/1003 1064/1081/1064
f 1064/1081/1064 1003/1019/1003 1063/1080/1063
f 1005/1021/1005 1004/1020/1004 1065/1082/1065
f 1065/1082/1065 1004/1020/1004 1064/1081/1064
f 1005/1021/1005 1065/1082/1065 1006/1022/1006
f 1006/1022/1006 1065/1082/1065 1066/1083/1066
f 1006/1022/1006 1066/1083/1066 1007/1023/1007
f 1007/1023/1007 1066/1083/1066 1067/1084/1067
f 1008/1024/1008 1007/1023/1007 1068/1085/1068
f 1068/1085/1068 1007/1023/1007 1067/1084/1067
f 1009/1025/1009 1008/1024/1008 1069/1086/1069
f 1069/1086/1069 1008/1024/1008 1068/1085/1068
f 1010/1026/1010 1009/1025/1009 1070/1087/1070
f 1070/1087/1070 1009/1025/1009 1069/1086/1069
f 1011/1027/1011 1010/1026/1010 1071/1088/1071
f 1071/1088/1071 1010/1026/1010 1070/1087/1070
f 1012/1028/1012 1011/1027/1011 1072/1089/1072
f 1072/1089/1072 1011/1027/1011 1071/1088/1071
f 1013/1029/1013 1012/1028/1012 1073/1090/1073
f 1073/1090/1073 1012/1028/1012 1072/1089/1072
f 1014/1030/1014 1013/1029/1013 1074/1091/1074
f 1074/1091/1074 1013/1029/1013 1073/1090/1073
f 1015/1031/1015 1014/1030/1014 1075/1092/1075
f 1075/1092/1075 1014/1030/1014 1074/1091/1074
f 1016/1032/1016 1015/1031/1015 1076/1093/1076
f 1076/1093/1076 1015/1031/1015 1075/1092/1075
f 1017/1033/1017 1016/1032/1016 1077/1094/1077
f 1077/1094/1077 1016/1032/1016 1076/1093/1076
f 1018/1034/1018 1017/1033/1017 1078/1095/1078
f 1078/1095/1078 1017/1033/1017 1077/1094/1077
f 1019/1035/1019 1018/1034/1018 1079/1096/1079
f 1079/1096/1079 1018/1034/1018 1078/1095/1078
f 1020/1036/1020 1019/1035/1019 1080/1097/1080
f 1080/1097/1080 1019/1035/1019 1079/1096/1079
f 1020/1036/1020 1080/1097/1080 961/1037/961
f 961/1037/961 1080/1097/1080 1021/1098/1021
f 1021/1038/1021 1081/1099/1081 1022/1039/1022
f 1022/1039/1022 1081/1099/1081 1082/1100/1082
f 1022/1039/1022 1082/1100/1082 1023/1040/1023
f 1023/1040/1023 1082/1100/1082 1083/1101/1083
f 1023/1040/1023 1083/1101/1083 1024/1041/1024
f 1024/1041/1024 1083/1101/1083 1084/1102/1084
f 1024/1041/1024 1084/1102/1084 1025/1042/1025
f 1025/1042/1025 1084/1102/1084 1085/1103/1085
f 1025/1042/1025 1085/1103/1085 1026/1043/1026
f 1026/1043/1026 1085/1103/1085 1086/1104/1086
f 1026/1043/1026 1086/1104/1086 1027/1044/1027
f 1027/1044/1027 1086/1104/1086 1087/1105/1087
f 1027/1044/1027 1087/1105/1087 1028/1045/1028
f 1028/1045/1028 1087/1105/1087 1088/1106/1088
f 1028/1045/1028 1088/1106/1088 1029/1046/1029
f 1029/1046/1029 1088/1106/1088 1089/1107/1089
f 1029/1046/1029 1089/1107/1089 1030/1047/1030
f 1030/1047/1030 1089/1107/1089 1090/1108/1090
f 1030/1047/1030 1090/1108/1090 1031/1048/1031
f 1031/1048/1031 1090/1108/1090 1091/1109/1091
f 1031/1048/1031 1091/1109/1091 1032/1049/1032
f 1032/1049/1032 1091/1109/1091 1092/1110/1092
f 1032/1049/1032 1092/1110/1092 1033/1050/1033
f 1033/1050/1033 1092/1110/1092 1093/1111/1093
f 1034/1051/1034 1033/1050/1033 1094/1112/1094
f 1094/1112/1094 1033/1050/1033 1093/1111/1093
f 1035/1052/1035 1034/1051/1034 1095/1113/1095
f 1095/1113/1095 1034/1051/1034 1094/1112/1094
f 1035/1052/1035 1095/1113/1095 1036/1053/1036
f 1036/1053/1036 1095/1113/1095 1096/1114/1096
f 1036/1053/1036 1096/1114/1096 1037/1054/1037
f 1037/1054/1037 1096/1114/1096 1097/1115/1097
f 1038/1055/1038 1037/1054/1037 1098/1116/1098
f 1098/1116/1098 1037/1054/1037 1097/1115/1097
f 1039/1056/1039 1038/1055/1038 1099/1117/1099
f 1099/1117/1099 1038/1055/1038 1098/1116/1098
f 1040/1057/1040 1039/1056/1039 1100/1118/1100
f 1100/1118/1100 1039/1056/1039 1099/1117/1099
f 1041/1058/1041 1040/1057/1040 1101/1119/1101
f 1101/1119/1101 1040/1057/1040 1100/1118/1100
f 1042/1059/1042 1041/1058/1041 1102/1120/1102
f 1102/1120/1102 1041/1058/1041 1101/1119/1101
f 1043/1060/1043 1042/1059/1042 1103/1121/1103
f 1103/1121/1103 1042/1059/1042 1102/1120/1102
f 1044/1061/1044 1043/1060/1043 1104/1122/1104
f 1104/1122/1104 1043/1060/1043 1103/1121/1103
f 1045/1062/1045 1044/1061/1044 1105/1123/1105
f 1105/1123/1105 1044/1061/1044 1104/1122/1104
f 1046/1063/1046 1045/1062/1045 1106/1124/1106
f 1106/1124/1106 1045/1062/1045 1105/1123/1105
f 1047/1064/1047 1046/1063/1046 1107/1125/1107
f 1107/1125/1107 1046/1063/1046 1106/1124/1106
f 1048/1065/1048 1047/1064/1047 1108/1126/1108
f 1108/1126/1108 1047/1064/1047 1107/1125/1107
f 1049/1066/1049 1048/1065/1048 1109/1127/1109
f 1109/1127/1109 1048/1065/1048 1108/1126/1108
f 1050/1067/1050 1049/1066/1049 1110/1128/1110
f 1110/1128/1110 1049/1066/1049 1109/1127/1109
f 1050/1067/1050 1110/1128/1110 1051/1068/1051
f 1051/1068/1051 1110/1128/1110 1111/1129/1111
f 1051/1068/1051 1111/1129/1111 1052/1069/1052
f 1052/1069/1052 1111/1129/1111 1112/1130/1112
f 1052/1069/1052 1112/1130/1112 1053/1070/1053
f 1053/1070/1053 1112/1130/1112 1113/1131/1113
f 1053/1070/1053 1113/1131/1113 1054/1071/1054
f 1054/1071/1054 1113/1131/1113 1114/1132/1114
f 1054/1071/1054 1114/1132/1114 1055/1072/1055
f 1055/1072/1055 1114/1132/1114 1115/1133/1115
f 1055/1072/1055 1115/1133/1115 1056/1073/1056
f 1056/1073/1056 1115/1133/1115 1116/1134/1116
f 1056/1073/1056 1116/1134/1116 1057/1074/1057
f 1057/1074/1057 1116/1134/1116 1117/1135/1117
f 1057/1074/1057 1117/1135/1117 1058/1075/1058
f 1058/1075/1058 1117/1135/1117 1118/1136/1118
f 1058/1075/1058 1118/1136/1118 1059/1076/1059
f 1059/1076/1059 1118/1136/1118 1119/1137/1119
f 1059/1076/1059 1119/1137/1119 1060/1077/1060
f 1060/1077/1060 1119/1137/1119 1120/1138/1120
f 1060/1077/1060 1120/1138/1120 1061/1078/1061
f 1061/1078/1061 1120/1138/1120 1121/1139/1121
f 1061/1078/1061 1121/1139/1121 1062/1079/1062
f 1062/1079/1062 1121/1139/1121 1122/1140/1122
f 1063/1080/1063 1062/1079/1062 1123/1141/1123
f 1123/1141/1123 1062/1079/1062 1122/1140/1122
f 1064/1081/1064 1063/1080/1063 1124/1142/1124
f 1124/1142/1124 1063/1080/1063 1123/1141/1123
f 1065/1082/1065 1064/1081/1064 1125/1143/1125
f 1125/1143/1125 1064/1081/1064 1124/1142/1124
f 1065/1082/1065 1125/1143/1125 1066/1083/1066
f 1066/1083/1066 1125/1143/1125 1126/1144/1126
f 1066/1083/1066 1126/1144/1126 1067/1084/1067
f 1067/1084/1067 1126/1144/1126 1127/1145/1127
f 1067/1084/1067 1127/1145/1127 1068/1085/1068
f 1068/1085/1068 1127/1145/1127 1128/1146/1128
f 1069/1086/1069 1068/1085/1068 1129/1147/1129
f 1129/1147/1129 1068/1085/1068 1128/1146/1128
f 1070/1087/1070 1069/1086/1069 1130/1148/1130
f 1130/1148/1130 1069/1086/1069 1129/1147/1129
f 1071/1088/1071 1070/1087/1070 1131/1149/1131
f 1131/1149/1131 1070/1087/1070 1130/1148/1130
f 1072/1089/1072 1071/1088/1071 1132/1150/1132
f 1132/1150/1132 1071/1088/1071 1131/1149/1131
f 1073/1090/1073 1072/1089/1072 1133/1151/1133
f 1133/1151/1133 1072/1089/1072 1132/1150/1132
f 1074/1091/1074 1073/1090/1073 1134/1152/1134
f 1134/1152/1134 1073/1090/1073 1133/1151/1133
f 1075/1092/1075 1074/1091/1074 1135/1153/1135
f 1135/1153/1135 1074/1091/1074 1134/1152/1134
f 1076/1093/1076 1075/1092/1075 1136/1154/1136
f 1136/1154/1136 1075/1092/1075 1135/1153/1135
f 1077/1094/1077 1076/1093/1076 1137/1155/1137
f 1137/1155/1137 1076/1093/1076 1136/1154/1136
f 1078/1095/1078 1077/1094/1077 1138/1156/1138
f 1138/1156/1138 1077/1094/1077 1137/1155/1137
f 1079/1096/1079 1078/1095/1078 1139/1157/1139
f 1139/1157/1139 1078/1095/1078 1138/1156/1138
f 1080/1097/1080 1079/1096/1079 1140/1158/1140
f 1140/1158/1140 1079/1096/1079 1139/1157/1139
f 1080/1097/1080 1140/1158/1140 1021/1098/1021
f 1021/1098/1021 1140/1158/1140 1081/1159/1081
f 1081/1099/1081 1141/1160/1141 1082/1100/1082
f 1082/1100/1082 1141/1160/1141 1142/1161/1142
f 1082/1100/1082 1142/1161/1142 1083/1101/1083
f 1083/1101/1083 1142/1161/1142 1143/1162/1143
f 1083/1101/1083 1143/1162/1143 1084/1102/1084
f 1084/1102/1084 1143/1162/1143 1144/1163/1144
f 1084/1102/1084 1144/1163/1144 1085/1103/1085
f 1085/1103/1085 1144/1163/1144 1145/1164/1145
f 1085/1103/1085 1145/1164/1145 1086/1104/1086
f 1086/1104/1086 1145/1164/1145 1146/1165/1146
f 1086/1104/1086 1146/1165/1146 1087/1105/1087
f 1087/1105/1087 1146/1165/1146 1147/1166/1147
f 1087/1105/1087 1147/1166/1147 1088/1106/1088
f 1088/1106/1088 1147/1166/1147 1148/1167/1148
f 1088/1106/1088 1148/1167/1148 1089/1107/1089
f 1089/1107/1089 1148/1167/1148 1149/1168/1149
f 1089/1107/1089 1149/1168/1149 1090/1108/1090
f 1090/1108/1090 1149/1168/1149 1150/1169/1150
f 1090/1108/1090 1150/1169/1150 1091/1109/1091
f 1091/1109/1091 1150/1169/1150 1151/1170/1151
f 1091/1109/1091 1151/1170/1151 1092/1110/1092
f 1092/1110/1092 1151/1170/1151 1152/1171/1152
f 1092/1110/1092 1152/1171/1152 1093/1111/1093
f 1093/1111/1093 1152/1171/1152 1153/1172/1153
f 1094/1112/1094 1093/1111/1093 1154/1173/1154
f 1154/1173/1154 1093/1111/1093 1153/1172/1153
f 1095/1113/1095 1094/1112/1094 1155/1174/1155
f 1155/1174/1155 1094/1112/1094 1154/1173/1154
f 1095/1113/1095 1155/1174/1155 1096/1114/1096
f 1096/1114/1096 1155/1174/1155 1156/1175/1156
f 1096/1114/1096 1156/1175/1156 1097/1115/1097
f 1097/1115/1097 1156/1175/1156 1157/1176/1157
f 1098/1116/1098 1097/1115/1097 1158/1177/1158
f 1158/1177/1158 1097/1115/1097 1157/1176/1157
f 1099/1117/1099 1098/1116/1098 1159/1178/1159
f 1159/1178/1159 1098/1116/1098 1158/1177/1158
f 1100/1118/1100 1099/1117/1099 1160/1179/1160
f 1160/1179/1160 1099/1117/1099 1159/1178/1159
f 1101/1119/1101 1100/1118/1100 1161/1180/1161
f 1161/1180/1161 1100/1118/1100 1160/1179/1160
f 1102/1120/1102 1101/1119/1101 1162/1181/1162
f 1162/1181/1162 1101/1119/1101 1161/1180/1161
f 1103/1121/1103 1102/1120/1102 1163/1182/1163
f 1163/1182/1163 1102/1120/1102 1162/1181/1162
f 1104/1122/1104 1103/1121/1103 1164/1183/1164
f 1164/1183/1164 1103/1121/1103 1163/1182/1163
f 1105/1123/1105 1104/1122/1104 1165/1184/1165
f 1165/1184/1165 1104/1122/1104 1164/1183/1164
f 1106/1124/1106 1105/1123/1105 1166/1185/1166
f 1166/1185/1166 1105/1123/1105 1165/1184/1165
f 1107/1125/1107 1106/1124/1106 1167/1186/1167
f 1167/1186/1167 1106/1124/1106 1166/1185/1166
f 1108/1126/1108 1107/1125/1107 1168/1187/1168
f 1168/1187/1168 1107/1125/1107 1167/1186/1167
f 1109/1127/1109 1108/1126/1108 1169/1188/1169
f 1169/1188/1169 1108/1126/1108 1168/1187/1168
f 1110/1128/1110 1109/1127/1109 1170/1189/1170
f 1170/1189/1170 1109/1127/1109 1169/1188/1169
f 1110/1128/1110 1170/1189/1170 1111/1129/1111
f 1111/1129/1111 1170/1189/1170 1171/1190/1171
f 1111/1129/1111 1171/1190/1171 1112/1130/1112
f 1112/1130/1112 1171/1190/1171 1172/1191/1172
f 1112/1130/1112 1172/1191/1172 1113/1131/1113
f 1113/1131/1113 1172/1191/1172 1173/1192/1173
f 1113/1131/1113 1173/1192/1173 1114/1132/1114
f 1114/1132/1114 1173/1192/1173 1174/1193/1174
f 1114/1132/1114 1174/1193/1174 1115/1133/1115
f 1115/1133/1115 1174/1193/1174 1175/1194/1175
f 1115/1133/1115 1175/1194/1175 1116/1134/1116
f 1116/1134/1116 1175/1194/1175 1176/1195/1176
f 1116/1134/1116 1176/1195/1176 1117/1135/1117
f 1117/1135/1117 1176/1195/1176 1177/1196/1177
f 1117/1135/1117 1177/1196/1177 1118/1136/1118
f 1118/1136/1118 1177/1196/1177 1178/1197/1178
f 1118/1136/1118 1178/1197/1178 1119/1137/1119
f 1119/1137/1119 1178/1197/1178 1179/1198/1179
f 1119/1137/1119 1179/1198/1179 1120/1138/1120
f 1120/1138/1120 1179/1198/1179 1180/1199/1180
f 1120/1138/1120 1180/1199/1180 1121/1139/1121
f 1121/1139/1121 1180/1199/1180 1181/1200/1181
f 1121/1139/1121 1181/1200/1181 1122/1140/1122
f 1122/1140/1122 1181/1200/1181 1182/1201/1182
f 1123/1141/1123 1122/1140/1122 1183/1202/1183
f 1183/1202/1183 1122/1140/1122 1182/1201/1182
f 1124/1142/1124 1123/1141/1123 1184/1203/1184
f 1184/1203/1184 1123/1141/1123 1183/1202/1183
f 1125/1143/1125 1124/1142/1124 1185/1204/1185
f 1185/1204/1185 1124/1142/1124 1184/1203/1184
f 1125/1143/1125 1185/1204/1185 1126/1144/1126
f 1126/1144/1126 1185/1204/1185 1186/1205/1186
f 1126/1144/1126 1186/1205/1186 1127/1145/1127
f 1127/1145/1127 1186/1205/1186 1187/1206/1187
f 1127/1145/1127 1187/1206/1187 1128/1146/1128
f 1128/1146/1128 1187/1206/1187 1188/1207/1188
f 1129/1147/1129 1128/1146/1128 1189/1208/1189
f 1189/1208/1189 1128/1146/1128 1188/1207/1188
f 1130/1148/1130 1129/1147/1129 1190/1209/1190
f 1190/1209/1190 1129/1147/1129 1189/1208/1189
f 1131/1149/1131 1130/1148/1130 1191/1210/1191
f 1191/1210/1191 1130/1148/1130 1190/1209/1190
f 1132/1150/1132 1131/1149/1131 1192/1211/1192
f 1192/1211/1192 1131/1149/1131 1191/1210/1191
f 1133/1151/1133 1132/1150/1132 1193/1212/1193
f 1193/1212/1193 1132/1150/1132 1192/1211/1192
f 1134/1152/1134 1133/1151/1133 1194/1213/1194
f 1194/1213/1194 1133/1151/1133 1193/1212/1193
f 1135/1153/1135 1134/1152/1134 1195/1214/1195
f 1195/1214/1195 1134/1152/1134 1194/1213/1194
f 1136/1154/1136 1135/1153/1135 1196/1215/1196
f 1196/1215/1196 1135/1153/1135 1195/1214/1195
f 1137/1155/1137 1136/1154/1136 1197/1216/1197
f 1197/1216/1197 1136/1154/1136 1196/1215/1196
f 1138/1156/1138 1137/1155/1137 1198/1217/1198
f 1198/1217/1198 1137/1155/1137 1197/1216/1197
f 1139/1157/1139 1138/1156/1138 1199/1218/1199
f 1199/1218/1199 1138/1156/1138 1198/1217/1198
f 1140/1158/1140 1139/1157/1139 1200/1219/1200
f 1200/1219/1200 1139/1157/1139 1199/1218/1199
f 1140/1158/1140 1200/1219/1200 1081/1159/1081
f 1081/1159/1081 1200/1219/1200 1141/1220/1141
f 1141/1160/1141 1/1221/1 1142/1161/1142
f 1142/1161/1142 1/1221/1 2/1222/3
f 1142/1161/1142 2/1222/3 1143/1162/1143
f 1143/1162/1143 2/1222/3 3/1223/5
f 1143/1162/1143 3/1223/5 1144/1163/1144
f 1144/1163/1144 3/1223/5 4/1224/7
f 1145/1164/1145 1144/1163/1144 5/1225/9
f 5/1225/9 1144/1163/1144 4/1224/7
f 1145/1164/1145 5/1225/9 1146/1165/1146
f 1146/1165/1146 5/1225/9 6/1226/11
f 1146/1165/1146 6/1226/11 1147/1166/1147
f 1147/1166/1147 6/1226/11 7/1227/13
f 1147/1166/1147 7/1227/13 1148/1167/1148
f 1148/1167/1148 7/1227/13 8/1228/15
f 1148/1167/1148 8/1228/15 1149/1168/1149
f 1149/1168/1149 8/1228/15 9/1229/17
f 1149/1168/1149 9/1229/17 1150/1169/1150
f 1150/1169/1150 9/1229/17 10/1230/19
f 1150/1169/1150 10/1230/19 1151/1170/1151
f 1151/1170/1151 10/1230/19 11/1231/21
f 1151/1170/1151 11/1231/21 1152/1171/1152
f 1152/1171/1152 11/1231/21 12/1232/23
f 1153/1172/1153 1152/1171/1152 13/1233/25
f 13/1233/25 1152/1171/1152 12/1232/23
f 1154/1173/1154 1153/1172/1153 14/1234/27
f 14/1234/27 1153/1172/1153 13/1233/25
f 1155/1174/1155 1154/1173/1154 15/1235/29
f 15/1235/29 1154/1173/1154 14/1234/27
f 1155/1174/1155 15/1235/29 1156/1175/1156
f 1156/1175/1156 15/1235/29 16/1236/31
f 1156/1175/1156 16/1236/31 1157/1176/1157
f 1157/1176/1157 16/1236/31 17/1237/33
f 1158/1177/1158 1157/1176/1157 18/1238/35
f 18/1238/35 1157/1176/1157 17/1237/33
f 1159/1178/1159 1158/1177/1158 19/1239/37
f 19/1239/37 1158/1177/1158 18/1238/35
f 1160/1179/1160 1159/1178/1159 20/1240/39
f 20/1240/39 1159/1178/1159 19/1239/37
f 1161/1180/1161 1160/1179/1160 21/1241/41
f 21/1241/41 1160/1179/1160 20/1240/39
f 1162/1181/1162 1161/1180/1161 22/1242/43
f 22/1242/43 1161/1180/1161 21/1241/41
f 1163/1182/1163 1162/1181/1162 23/1243/45
f 23/1243/45 1162/1181/1162 22/1242/43
f 1164/1183/1164 1163/1182/1163 24/1244/47
f 24/1244/47 1163/1182/1163 23/1243/45
f 1165/1184/1165 1164/1183/1164 25/1245/49
f 25/1245/49 1164/1183/1164 24/1244/47
f 1165/1184/1165 25/1245/49 1166/1185/1166
f 1166/1185/1166 25/1245/49 26/1246/51
f 1167/1186/1167 1166/1185/1166 27/1247/53
f 27/1247/53 1166/1185/1166 26/1246/51
f 1168/1187/1168 1167/1186/1167 28/1248/55
f 28/1248/55 1167/1186/1167 27/1247/53
f 1169/1188/1169 1168/1187/1168 29/1249/57
f 29/1249/57 1168/1187/1168 28/1248/55
f 1170/1189/1170 1169/1188/1169 30/1250/59
f 30/1250/59 1169/1188/1169 29/1249/57
f 1170/1189/1170 30/1250/59 1171/1190/1171
f 1171/1190/1171 30/1250/59 31/1251/61
f 1171/1190/1171 31/1251/61 1172/1191/1172
f 1172/1191/1172 31/1251/61 32/1252/63
f 1172/1191/1172 32/1252/63 1173/1192/1173
f 1173/1192/1173 32/1252/63 33/1253/65
f 1173/1192/1173 33/1253/65 1174/1193/1174
f 1174/1193/1174 33/1253/65 34/1254/67
f 1175/1194/1175 1174/1193/1174 35/1255/69
f 35/1255/69 1174/1193/1174 34/1254/67
f 1176/1195/1176 1175/1194/1175 36/1256/71
f 36/1256/71 1175/1194/1175 35/1255/69
f 1176/1195/1176 36/1256/71 1177/1196/1177
f 1177/1196/1177 36/1256/71 37/1257/73
f 1177/1196/1177 37/1257/73 1178/1197/1178
f 1178/1197/1178 37/1257/73 38/1258/75
f 1178/1197/1178 38/1258/75 1179/1198/1179
f 1179/1198/1179 38/1258/75 39/1259/77
f 1179/1198/1179 39/1259/77 1180/1199/1180
f 1180/1199/1180 39/1259/77 40/1260/79
f 1180/1199/1180 40/1260/79 1181/1200/1181
f 1181/1200/1181 40/1260/79 41/1261/81
f 1181/1200/1181 41/1261/81 1182/1201/1182
f 1182/1201/1182 41/1261/81 42/1262/83
f 1183/1202/1183 1182/1201/1182 43/1263/85
f 43/1263/85 1182/1201/1182 42/1262/83
f 1184/1203/1184 1183/1202/1183 44/1264/87
f 44/1264/87 1183/1202/1183 43/1263/85
f 1185/1204/1185 1184/1203/1184 45/1265/89
f 45/1265/89 1184/1203/1184 44/1264/87
f 1185/1204/1185 45/1265/89 1186/1205/1186
f 1186/1205/1186 45/1265/89 46/1266/91
f 1186/1205/1186 46/1266/91 1187/1206/1187
f 1187/1206/1187 46/1266/91 47/1267/93
f 1187/1206/1187 47/1267/93 1188/1207/1188
f 1188/1207/1188 47/1267/93 48/1268/95
f 1189/1208/1189 1188/1207/1188 49/1269/97
f 49/1269/97 1188/1207/1188 48/1268/95
f 1190/1209/1190 1189/1208/1189 50/1270/99
f 50/1270/99 1189/1208/1189 49/1269/97
f 1191/1210/1191 1190/1209/1190 51/1271/101
f 51/1271/101 1190/1209/1190 50/1270/99
f 1192/1211/1192 1191/1210/1191 52/1272/103
f 52/1272/103 1191/1210/1191 51/1271/101
f 1193/1212/1193 1192/1211/1192 53/1273/105
f 53/1273/105 1192/1211/1192 52/1272/103
f 1194/1213/1194 1193/1212/1193 54/1274/107
f 54/1274/107 1193/1212/1193 53/1273/105
f 1194/1213/1194 54/1274/107 1195/1214/1195
f 1195/1214/1195 54/1274/107 55/1275/109
f 1195/1214/1195 55/1275/109 1196/1215/1196
f 1196/1215/1196 55/1275/109 56/1276/111
f 1197/1216/1197 1196/1215/1196 57/1277/113
f 57/1277/113 1196/1215/1196 56/1276/111
f 1198/1217/1198 1197/1216/1197 58/1278/115
f 58/1278/115 1197/1216/1197 57/1277/113
f 1199/1218/1199 1198/1217/1198 59/1279/117
f 59/1279/117 1198/1217/1198 58/1278/115
f 1200/1219/1200 1199/1218/1199 60/1280/119
f 60/1280/119 1199/1218/1199 59/1279/117
f 1200/1219/1200 60/1280/119 1141/1220/1141
f 1141/1220/1141 60/1280/119 1/1281/1
g default
v 0.090494 -0.600761 -0.029403
v 0.076979 -0.600761 -0.055928
v 0.055928 -0.600761 -0.076979
v 0.029403 -0.600761 -0.090494
v 0.000000 -0.600761 -0.095151
v -0.029403 -0.600761 -0.090494
v -0.055928 -0.600761 -0.076979
v -0.076979 -0.600761 -0.055928
v -0.090494 -0.600761 -0.029403
v -0.095151 -0.600761 0.000000
v -0.090494 -0.600761 0.029403
v -0.076979 -0.600761 0.055928
v -0.055928 -0.600761 0.076979
v -0.029403 -0.600761 0.090494
v -0.000000 -0.600761 0.095151
v 0.029403 -0.600761 0.090494
v 0.055928 -0.600761 0.076979
v 0.076979 -0.600761 0.055928
v 0.090494 -0.600761 0.029403
v 0.095151 -0.600761 0.000000
v 0.178760 -0.578479 -0.058083
v 0.152062 -0.578479 -0.110480
v 0.110480 -0.578479 -0.152062
v 0.058083 -0.578479 -0.178760
v 0.000000 -0.578479 -0.187959
v -0.058083 -0.578479 -0.178760
v -0.110480 -0.578479 -0.152062
v -0.152062 -0.578479 -0.110480
v -0.178760 -0.578479 -0.058083
v -0.187959 -0.578479 0.000000
v -0.178760 -0.578479 0.058083
v -0.152062 -0.578479 0.110480
v -0.110480 -0.578479 0.152062
v -0.058083 -0.578479 0.178760
v -0.000000 -0.578479 0.187959
v 0.058083 -0.578479 0.178760
v 0.110480 -0.578479 0.152062
v 0.152062 -0.578479 0.110480
v 0.178760 -0.578479 0.058083
v 0.187959 -0.578479 0.000000
v 0.262624 -0.541954 -0.085332
v 0.223402 -0.541954 -0.162311
v 0.162311 -0.541954 -0.223402
v 0.085332 -0.541954 -0.262624
v 0.000000 -0.541954 -0.276139
v -0.085332 -0.541954 -0.262624
v -0.162311 -0.541954 -0.223402
v -0.223401 -0.541954 -0.162311
v -0.262624 -0.541954 -0.085332
v -0.276139 -0.541954 0.000000
v -0.262624 -0.541954 0.085332
v -0.223401 -0.541954 0.162311
v -0.162311 -0.541954 0.223401
v -0.085332 -0.541954 0.262624
v -0.000000 -0.541954 0.276139
v 0.085332 -0.541954 0.262624
v 0.162311 -0.541954 0.223401
v 0.223401 -0.541954 0.162311
v 0.262624 -0.541954 0.085332
v 0.276139 -0.541954 0.000000
v 0.340022 -0.492084 -0.110480
v 0.289240 -0.492084 -0.210145
v 0.210145 -0.492084 -0.289240
v 0.110480 -0.492084 -0.340022
v 0.000000 -0.492084 -0.357520
v -0.110480 -0.492084 -0.340022
v -0.210145 -0.492084 -0.289240
v -0.289240 -0.492084 -0.210145
v -0.340022 -0.492084 -0.110480
v -0.357520 -0.492084 0.000000
v -0.340022 -0.492084 0.110480
v -0.289240 -0.492084 0.210145
v -0.210145 -0.492084 0.289240
v -0.110480 -0.492084 0.340022
v -0.000000 -0.492084 0.357520
v 0.110480 -0.492084 0.340022
v 0.210145 -0.492084 0.289240
v 0.289240 -0.492084 0.210145
v 0.340022 -0.492084 0.110480
v 0.357520 -0.492084 0.000000
v 0.409047 -0.430097 -0.132907
v 0.347956 -0.430097 -0.252805
v 0.252805 -0.430097 -0.347956
v 0.132907 -0.430097 -0.409047
v 0.000000 -0.430097 -0.430097
v -0.132907 -0.430097 -0.409047
v -0.252805 -0.430097 -0.347956
v -0.347956 -0.430097 -0.252805
v -0.409047 -0.430097 -0.132907
v -0.430097 -0.430097 0.000000
v -0.409047 -0.430097 0.132907
v -0.347956 -0.430097 0.252805
v -0.252805 -0.430097 0.347956
v -0.132907 -0.430097 0.409047
v -0.000000 -0.430097 0.430097
v 0.132907 -0.430097 0.409047
v 0.252805 -0.430097 0.347956
v 0.347956 -0.430097 0.252805
v 0.409047 -0.430097 0.132907
v 0.430097 -0.430097 0.000000
v 0.468000 -0.357520 -0.152062
v 0.398105 -0.357520 -0.289240
v 0.289240 -0.357520 -0.398104
v 0.152062 -0.357520 -0.468000
v 0.000000 -0.357520 -0.492084
v -0.152062 -0.357520 -0.468000
v -0.289240 -0.357520 -0.398104
v -0.398104 -0.357520 -0.289240
v -0.468000 -0.357520 -0.152062
v -0.492084 -0.357520 0.000000
v -0.468000 -0.357520 0.152062
v -0.398104 -0.357520 0.289240
v -0.289240 -0.357520 0.398104
v -0.152062 -0.357520 0.468000
v -0.000000 -0.357520 0.492084
v 0.152062 -0.357520 0.468000
v 0.289240 -0.357520 0.398104
v 0.398104 -0.357520 0.289240
v 0.468000 -0.357520 0.152062
v 0.492084 -0.357520 0.000000
v 0.515429 -0.276139 -0.167473
v 0.438450 -0.276139 -0.318553
v 0.318553 -0.276139 -0.438450
v 0.167473 -0.276139 -0.515429
v 0.000000 -0.276139 -0.541954
v -0.167473 -0.276139 -0.515429
v -0.318553 -0.276139 -0.438450
v -0.438450 -0.276139 -0.318553
v -0.515429 -0.276139 -0.167473
v -0.541954 -0.276139 0.000000
v -0.515429 -0.276139 0.167473
v -0.438450 -0.276139 0.318553
v -0.318553 -0.276139 0.438450
v -0.167473 -0.276139 0.515429
v -0.000000 -0.276139 0.541954
v 0.167473 -0.276139 0.515429
v 0.318553 -0.276139 0.438450
v 0.438450 -0.276139 0.318553
v 0.515429 -0.276139 0.167473
v 0.541954 -0.276139 0.000000
v 0.550167 -0.187959 -0.178760
v 0.468000 -0.187959 -0.340022
v 0.340022 -0.187959 -0.468000
v 0.178760 -0.187959 -0.550167
v 0.000000 -0.187959 -0.578480
v -0.178760 -0.187959 -0.550167
v -0.340022 -0.187959 -0.468000
v -0.468000 -0.187959 -0.340022
v -0.550167 -0.187959 -0.178760
v -0.578479 -0.187959 0.000000
v -0.550167 -0.187959 0.178760
v -0.468000 -0.187959 0.340022
v -0.340022 -0.187959 0.468000
v -0.178760 -0.187959 0.550167
v -0.000000 -0.187959 0.578479
v 0.178760 -0.187959 0.550167
v 0.340022 -0.187959 0.468000
v 0.468000 -0.187959 0.340022
v 0.550167 -0.187959 0.178760
v 0.578479 -0.187959 0.000000
v 0.571358 -0.095151 -0.185645
v 0.486026 -0.095151 -0.353118
v 0.353118 -0.095151 -0.486026
v 0.185645 -0.095151 -0.571358
v 0.000000 -0.095151 -0.600761
v -0.185645 -0.095151 -0.571358
v -0.353118 -0.095151 -0.486026
v -0.486026 -0.095151 -0.353118
v -0.571357 -0.095151 -0.185645
v -0.600761 -0.095151 0.000000
v -0.571357 -0.095151 0.185645
v -0.486026 -0.095151 0.353118
v -0.353118 -0.095151 0.486026
v -0.185645 -0.095151 0.571357
v -0.000000 -0.095151 0.600761
v 0.185645 -0.095151 0.571357
v 0.353118 -0.095151 0.486026
v 0.486026 -0.095151 0.353118
v 0.571357 -0.095151 0.185645
v 0.600761 -0.095151 0.000000
v 0.578480 0.000000 -0.187959
v 0.492084 0.000000 -0.357520
v 0.357520 0.000000 -0.492084
v 0.187959 0.000000 -0.578480
v 0.000000 0.000000 -0.608249
v -0.187959 0.000000 -0.578480
v -0.357520 0.000000 -0.492084
v -0.492084 0.000000 -0.357520
v -0.578479 0.000000 -0.187959
v -0.608249 0.000000 0.000000
v -0.578479 0.000000 0.187959
v -0.492084 0.000000 0.357520
v -0.357520 0.000000 0.492084
v -0.187959 0.000000 0.578479
v -0.000000 0.000000 0.608249
v 0.187959 0.000000 0.578479
v 0.357520 0.000000 0.492084
v 0.492084 0.000000 0.357520
v 0.578479 0.000000 0.187959
v 0.608249 0.000000 0.000000
v 0.571358 0.095151 -0.185645
v 0.486026 0.095151 -0.353118
v 0.353118 0.095151 -0.486026
v 0.185645 0.095151 -0.571358
v 0.000000 0.095151 -0.600761
v -0.185645 0.095151 -0.571358
v -0.353118 0.095151 -0.486026
v -0.486026 0.095151 -0.353118
v -0.571357 0.095151 -0.185645
v -0.600761 0.095151 0.000000
v -0.571357 0.095151 0.185645
v -0.486026 0.095151 0.353118
v -0.353118 0.095151 0.486026
v -0.185645 0.095151 0.571357
v -0.000000 0.095151 0.600761
v 0.185645 0.095151 0.571357
v 0.353118 0.095151 0.486026
v 0.486026 0.095151 0.353118
v 0.571357 0.095151 0.185645
v 0.600761 0.095151 0.000000
v 0.550167 0.187959 -0.178760
v 0.468000 0.187959 -0.340022
v 0.340022 0.187959 -0.468000
v 0.178760 0.187959 -0.550167
v 0.000000 0.187959 -0.578480
v -0.178760 0.187959 -0.550167
v -0.340022 0.187959 -0.468000
v -0.468000 0.187959 -0.340022
v -0.550167 0.187959 -0.178760
v -0.578479 0.187959 0.000000
v -0.550167 0.187959 0.178760
v -0.468000 0.187959 0.340022
v -0.340022 0.187959 0.468000
v -0.178760 0.187959 0.550167
v -0.000000 0.187959 0.578479
v 0.178760 0.187959 0.550167
v 0.340022 0.187959 0.468000
v 0.468000 0.187959 0.340022
v 0.550167 0.187959 0.178760
v 0.578479 0.187959 0.000000
v 0.515429 0.276139 -0.167473
v 0.438450 0.276139 -0.318553
v 0.318553 0.276139 -0.438450
v 0.167473 0.276139 -0.515429
v 0.000000 0.276139 -0.541954
v -0.167473 0.276139 -0.515429
v -0.318553 0.276139 -0.438450
v -0.438450 0.276139 -0.318553
v -0.515429 0.276139 -0.167473
v -0.541954 0.276139 0.000000
v -0.515429 0.276139 0.167473
v -0.438450 0.276139 0.318553
v -0.318553 0.276139 0.438450
v -0.167473 0.276139 0.515429
v -0.000000 0.276139 0.541954
v 0.167473 0.276139 0.515429
v 0.318553 0.276139 0.438450
v 0.438450 0.276139 0.318553
v 0.515429 0.276139 0.167473
v 0.541954 0.276139 0.000000
v 0.468000 0.357520 -0.152062
v 0.398105 0.357520 -0.289240
v 0.289240 0.357520 -0.398104
v 0.152062 0.357520 -0.468000
v 0.000000 0.357520 -0.492084
v -0.152062 0.357520 -0.468000
v -0.289240 0.357520 -0.398104
v -0.398104 0.357520 -0.289240
v -0.468000 0.357520 -0.152062
v -0.492084 0.357520 0.000000
v -0.468000 0.357520 0.152062
v -0.398104 0.357520 0.289240
v -0.289240 0.357520 0.398104
v -0.152062 0.357520 0.468000
v -0.000000 0.357520 0.492084
v 0.152062 0.357520 0.468000
v 0.289240 0.357520 0.398104
v 0.398104 0.357520 0.289240
v 0.468000 0.357520 0.152062
v 0.492084 0.357520 0.000000
v 0.409047 0.430097 -0.132907
v 0.347956 0.430097 -0.252805
v 0.252805 0.430097 -0.347956
v 0.132907 0.430097 -0.409047
v 0.000000 0.430097 -0.430097
v -0.132907 0.430097 -0.409047
v -0.252805 0.430097 -0.347956
v -0.347956 0.430097 -0.252805
v -0.409047 0.430097 -0.132907
v -0.430097 0.430097 0.000000
v -0.409047 0.430097 0.132907
v -0.347956 0.430097 0.252805
v -0.252805 0.430097 0.347956
v -0.132907 0.430097 0.409047
v -0.000000 0.430097 0.430097
v 0.132907 0.430097 0.409047
v 0.252805 0.430097 0.347956
v 0.347956 0.430097 0.252805
v 0.409047 0.430097 0.132907
v 0.430097 0.430097 0.000000
v 0.340022 0.492084 -0.110480
v 0.289240 0.492084 -0.210145
v 0.210145 0.492084 -0.289240
v 0.110480 0.492084 -0.340022
v 0.000000 0.492084 -0.357520
v -0.110480 0.492084 -0.340022
v -0.210145 0.492084 -0.289240
v -0.289240 0.492084 -0.210145
v -0.340022 0.492084 -0.110480
v -0.357520 0.492084 0.000000
v -0.340022 0.492084 0.110480
v -0.289240 0.492084 0.210145
v -0.210145 0.492084 0.289240
v -0.110480 0.492084 0.340022
v -0.000000 0.492084 0.357520
v 0.110480 0.492084 0.340022
v 0.210145 0.492084 0.289240
v 0.289240 0.492084 0.210145
v 0.340022 0.492084 0.110480
v 0.357520 0.492084 0.000000
v 0.262624 0.541954 -0.085332
v 0.223402 0.541954 -0.162311
v 0.162311 0.541954 -0.223402
v 0.085332 0.541954 -0.262624
v 0.000000 0.541954 -0.276139
v -0.085332 0.541954 -0.262624
v -0.162311 0.541954 -0.223402
v -0.223401 0.541954 -0.162311
v -0.262624 0.541954 -0.085332
v -0.276139 0.541954 0.000000
v -0.262624 0.541954 0.085332
v -0.223401 0.541954 0.162311
v -0.162311 0.541954 0.223401
v -0.085332 0.541954 0.262624
v -0.000000 0.541954 0.276139
v 0.085332 0.541954 0.262624
v 0.162311 0.541954 0.223401
v 0.223401 0.541954 0.162311
v 0.262624 0.541954 0.085332
v 0.276139 0.541954 0.000000
v 0.178760 0.578479 -0.058083
v 0.152062 0.578479 -0.110480
v 0.110480 0.578479 -0.152062
v 0.058083 0.578479 -0.178760
v 0.000000 0.578479 -0.187959
v -0.058083 0.578479 -0.178760
v -0.110480 0.578479 -0.152062
v -0.152062 0.578479 -0.110480
v -0.178760 0.578479 -0.058083
v -0.187959 0.578479 0.000000
v -0.178760 0.578479 0.058083
v -0.152062 0.578479 0.110480
v -0.110480 0.578479 0.152062
v -0.058083 0.578479 0.178760
v -0.000000 0.578479 0.187959
v 0.058083 0.578479 0.178760
v 0.110480 0.578479 0.152062
v 0.152062 0.578479 0.110480
v 0.178760 0.578479 0.058083
v 0.187959 0.578479 0.000000
v 0.090494 0.600761 -0.029403
v 0.076979 0.600761 -0.055928
v 0.055928 0.600761 -0.076979
v 0.029403 0.600761 -0.090494
v 0.000000 0.600761 -0.095151
v -0.029403 0.600761 -0.090494
v -0.055928 0.600761 -0.076979
v -0.076979 0.600761 -0.055928
v -0.090494 0.600761 -0.029403
v -0.095151 0.600761 0.000000
v -0.090494 0.600761 0.029403
v -0.076979 0.600761 0.055928
v -0.055928 0.600761 0.076979
v -0.029403 0.600761 0.090494
v -0.000000 0.600761 0.095151
v 0.029403 0.600761 0.090494
v 0.055928 0.600761 0.076979
v 0.076979 0.600761 0.055928
v 0.090494 0.600761 0.029403
v 0.095151 0.600761 0.000000
v 0.000000 -0.608249 0.000000
v 0.000000 0.608249 0.000000
vt 0.000000 0.050000
vt 0.050000 0.050000
vt 0.100000 0.050000
vt 0.150000 0.050000
vt 0.200000 0.050000
vt 0.250000 0.050000
vt 0.300000 0.050000
vt 0.350000 0.050000
vt 0.400000 0.050000
vt 0.450000 0.050000
vt 0.500000 0.050000
vt 0.550000 0.050000
vt 0.600000 0.050000
vt 0.650000 0.050000
vt 0.700000 0.050000
vt 0.750000 0.050000
vt 0.800000 0.050000
vt 0.850000 0.050000
vt 0.900000 0.050000
vt 0.950000 0.050000
vt 1.000000 0.050000
vt 0.000000 0.100000
vt 0.050000 0.100000
vt 0.100000 0.100000
vt 0.150000 0.100000
vt 0.200000 0.100000
vt 0.250000 0.100000
vt 0.300000 0.100000
vt 0.350000 0.100000
vt 0.400000 0.100000
vt 0.450000 0.100000
vt 0.500000 0.100000
vt 0.550000 0.100000
vt 0.600000 0.100000
vt 0.650000 0.100000
vt 0.700000 0.100000
vt 0.750000 0.100000
vt 0.800000 0.100000
vt 0.850000 0.100000
vt 0.900000 0.100000
vt 0.950000 0.100000
vt 1.000000 0.100000
vt 0.000000 0.150000
vt 0.050000 0.150000
vt 0.100000 0.150000
vt 0.150000 0.150000
vt 0.200000 0.150000
vt 0.250000 0.150000
vt 0.300000 0.150000
vt 0.350000 0.150000
vt 0.400000 0.150000
vt 0.450000 0.150000
vt 0.500000 0.150000
vt 0.550000 0.150000
vt 0.600000 0.150000
vt 0.650000 0.150000
vt 0.700000 0.150000
vt 0.750000 0.150000
vt 0.800000 0.150000
vt 0.850000 0.150000
vt 0.900000 0.150000
vt 0.950000 0.150000
vt 1.000000 0.150000
vt 0.000000 0.200000
vt 0.050000 0.200000
vt 0.100000 0.200000
vt 0.150000 0.200000
vt 0.200000 0.200000
vt 0.250000 0.200000
vt 0.300000 0.200000
vt 0.350000 0.200000
vt 0.400000 0.200000
vt 0.450000 0.200000
vt 0.500000 0.200000
vt 0.550000 0.200000
vt 0.600000 0.200000
vt 0.650000 0.200000
vt 0.700000 0.200000
vt 0.750000 0.200000
vt 0.800000 0.200000
vt 0.850000 0.200000
vt 0.900000 0.200000
vt 0.950000 0.200000
vt 1.000000 0.200000
vt 0.000000 0.250000
vt 0.050000 0.250000
vt 0.100000 0.250000
vt 0.150000 0.250000
vt 0.200000 0.250000
vt 0.250000 0.250000
vt 0.300000 0.250000
vt 0.350000 0.250000
vt 0.400000 0.250000
vt 0.450000 0.250000
vt 0.500000 0.250000
vt 0.550000 0.250000
vt 0.600000 0.250000
vt 0.650000 0.250000
vt 0.700000 0.250000
vt 0.750000 0.250000
vt 0.800000 0.250000
vt 0.850000 0.250000
vt 0.900000 0.250000
vt 0.950000 0.250000
vt 1.000000 0.250000
vt 0.000000 0.300000
vt 0.050000 0.300000
vt 0.100000 0.300000
vt 0.150000 0.300000
vt 0.200000 0.300000
vt 0.250000 0.300000
vt 0.300000 0.300000
vt 0.350000 0.300000
vt 0.400000 0.300000
vt 0.450000 0.300000
vt 0.500000 0.300000
vt 0.550000 0.300000
vt 0.600000 0.300000
vt 0.650000 0.300000
vt 0.700000 0.300000
vt 0.750000 0.300000
vt 0.800000 0.300000
vt 0.850000 0.300000
vt 0.900000 0.300000
vt 0.950000 0.300000
vt 1.000000 0.300000
vt 0.000000 0.350000
vt 0.050000 0.350000
vt 0.100000 0.350000
vt 0.150000 0.350000
vt 0.200000 0.350000
vt 0.250000 0.350000
vt 0.300000 0.350000
vt 0.350000 0.350000
vt 0.400000 0.350000
vt 0.450000 0.350000
vt 0.500000 0.350000
vt 0.550000 0.350000
vt 0.600000 0.350000
vt 0.650000 0.350000
vt 0.700000 0.350000
vt 0.750000 0.350000
vt 0.800000 0.350000
vt 0.850000 0.350000
vt 0.900000 0.350000
vt 0.950000 0.350000
vt 1.000000 0.350000
vt 0.000000 0.400000
vt 0.050000 0.400000
vt 0.100000 0.400000
vt 0.150000 0.400000
vt 0.200000 0.400000
vt 0.250000 0.400000
vt 0.300000 0.400000
vt 0.350000 0.400000
vt 0.400000 0.400000
vt 0.450000 0.400000
vt 0.500000 0.400000
vt 0.550000 0.400000
vt 0.600000 0.400000
vt 0.650000 0.400000
vt 0.700000 0.400000
vt 0.750000 0.400000
vt 0.800000 0.400000
vt 0.850000 0.400000
vt 0.900000 0.400000
vt 0.950000 0.400000
vt 1.000000 0.400000
vt 0.000000 0.450000
vt 0.050000 0.450000
vt 0.100000 0.450000
vt 0.150000 0.450000
vt 0.200000 0.450000
vt 0.250000 0.450000
vt 0.300000 0.450000
vt 0.350000 0.450000
vt 0.400000 0.450000
vt 0.450000 0.450000
vt 0.500000 0.450000
vt 0.550000 0.450000
vt 0.600000 0.450000
vt 0.650000 0.450000
vt 0.700000 0.450000
vt 0.750000 0.450000
vt 0.800000 0.450000
vt 0.850000 0.450000
vt 0.900000 0.450000
vt 0.950000 0.450000
vt 1.000000 0.450000
vt 0.000000 0.500000
vt 0.050000 0.500000
vt 0.100000 0.500000
vt 0.150000 0.500000
vt 0.200000 0.500000
vt 0.250000 0.500000
vt 0.300000 0.500000
vt 0.350000 0.500000
vt 0.400000 0.500000
vt 0.450000 0.500000
vt 0.500000 0.500000
vt 0.550000 0.500000
vt 0.600000 0.500000
vt 0.650000 0.500000
vt 0.700000 0.500000
vt 0.750000 0.500000
vt 0.800000 0.500000
vt 0.850000 0.500000
vt 0.900000 0.500000
vt 0.950000 0.500000
vt 1.000000 0.500000
vt 0.000000 0.550000
vt 0.050000 0.550000
vt 0.100000 0.550000
vt 0.150000 0.550000
vt 0.200000 0.550000
vt 0.250000 0.550000
vt 0.300000 0.550000
vt 0.350000 0.550000
vt 0.400000 0.550000
vt 0.450000 0.550000
vt 0.500000 0.550000
vt 0.550000 0.550000
vt 0.600000 0.550000
vt 0.650000 0.550000
vt 0.700000 0.550000
vt 0.750000 0.550000
vt 0.800000 0.550000
vt 0.850000 0.550000
vt 0.900000 0.550000
vt 0.950000 0.550000
vt 1.000000 0.550000
vt 0.000000 0.600000
vt 0.050000 0.600000
vt 0.100000 0.600000
vt 0.150000 0.600000
vt 0.200000 0.600000
vt 0.250000 0.600000
vt 0.300000 0.600000
vt 0.350000 0.600000
vt 0.400000 0.600000
vt 0.450000 0.600000
vt 0.500000 0.600000
vt 0.550000 0.600000
vt 0.600000 0.600000
vt 0.650000 0.600000
vt 0.700000 0.600000
vt 0.750000 0.600000
vt 0.800000 0.600000
vt 0.850000 0.600000
vt 0.900000 0.600000
vt 0.950000 0.600000
vt 1.000000 0.600000
vt 0.000000 0.650000
vt 0.050000 0.650000
vt 0.100000 0.650000
vt 0.150000 0.650000
vt 0.200000 0.650000
vt 0.250000 0.650000
vt 0.300000 0.650000
vt 0.350000 0.650000
vt 0.400000 0.650000
vt 0.450000 0.650000
vt 0.500000 0.650000
vt 0.550000 0.650000
vt 0.600000 0.650000
vt 0.650000 0.650000
vt 0.700000 0.650000
vt 0.750000 0.650000
vt 0.800000 0.650000
vt 0.850000 0.650000
vt 0.900000 0.650000
vt 0.950000 0.650000
vt 1.000000 0.650000
vt 0.000000 0.700000
vt 0.050000 0.700000
vt 0.100000 0.700000
vt 0.150000 0.700000
vt 0.200000 0.700000
vt 0.250000 0.700000
vt 0.300000 0.700000
vt 0.350000 0.700000
vt 0.400000 0.700000
vt 0.450000 0.700000
vt 0.500000 0.700000
vt 0.550000 0.700000
vt 0.600000 0.700000
vt 0.650000 0.700000
vt 0.700000 0.700000
vt 0.750000 0.700000
vt 0.800000 0.700000
vt 0.850000 0.700000
vt 0.900000 0.700000
vt 0.950000 0.700000
vt 1.000000 0.700000
vt 0.000000 0.750000
vt 0.050000 0.750000
vt 0.100000 0.750000
vt 0.150000 0.750000
vt 0.200000 0.750000
vt 0.250000 0.750000
vt 0.300000 0.750000
vt 0.350000 0.750000
vt 0.400000 0.750000
vt 0.450000 0.750000
vt 0.500000 0.750000
vt 0.550000 0.750000
vt 0.600000 0.750000
vt 0.650000 0.750000
vt 0.700000 0.750000
vt 0.750000 0.750000
vt 0.800000 0.750000
vt 0.850000 0.750000
vt 0.900000 0.750000
vt 0.950000 0.750000
vt 1.000000 0.750000
vt 0.000000 0.800000
vt 0.050000 0.800000
vt 0.100000 0.800000
vt 0.150000 0.800000
vt 0.200000 0.800000
vt 0.250000 0.800000
vt 0.300000 0.800000
vt 0.350000 0.800000
vt 0.400000 0.800000
vt 0.450000 0.800000
vt 0.500000 0.800000
vt 0.550000 0.800000
vt 0.600000 0.800000
vt 0.650000 0.800000
vt 0.700000 0.800000
vt 0.750000 0.800000
vt 0.800000 0.800000
vt 0.850000 0.800000
vt 0.900000 0.800000
vt 0.950000 0.800000
vt 1.000000 0.800000
vt 0.000000 0.850000
vt 0.050000 0.850000
vt 0.100000 0.850000
vt 0.150000 0.850000
vt 0.200000 0.850000
vt 0.250000 0.850000
vt 0.300000 0.850000
vt 0.350000 0.850000
vt 0.400000 0.850000
vt 0.450000 0.850000
vt 0.500000 0.850000
vt 0.550000 0.850000
vt 0.600000 0.850000
vt 0.650000 0.850000
vt 0.700000 0.850000
vt 0.750000 0.850000
vt 0.800000 0.850000
vt 0.850000 0.850000
vt 0.900000 0.850000
vt 0.950000 0.850000
vt 1.000000 0.850000
vt 0.000000 0.900000
vt 0.050000 0.900000
vt 0.100000 0.900000
vt 0.150000 0.900000
vt 0.200000 0.900000
vt 0.250000 0.900000
vt 0.300000 0.900000
vt 0.350000 0.900000
vt 0.400000 0.900000
vt 0.450000 0.900000
vt 0.500000 0.900000
vt 0.550000 0.900000
vt 0.600000 0.900000
vt 0.650000 0.900000
vt 0.700000 0.900000
vt 0.750000 0.900000
vt 0.800000 0.900000
vt 0.850000 0.900000
vt 0.900000 0.900000
vt 0.950000 0.900000
vt 1.000000 0.900000
vt 0.000000 0.950000
vt 0.050000 0.950000
vt 0.100000 0.950000
vt 0.150000 0.950000
vt 0.200000 0.950000
vt 0.250000 0.950000
vt 0.300000 0.950000
vt 0.350000 0.950000
vt 0.400000 0.950000
vt 0.450000 0.950000
vt 0.500000 0.950000
vt 0.550000 0.950000
vt 0.600000 0.950000
vt 0.650000 0.950000
vt 0.700000 0.950000
vt 0.750000 0.950000
vt 0.800000 0.950000
vt 0.850000 0.950000
vt 0.900000 0.950000
vt 0.950000 0.950000
vt 1.000000 0.950000
vt 0.025000 0.000000
vt 0.075000 0.000000
vt 0.125000 0.000000
vt 0.175000 0.000000
vt 0.225000 0.000000
vt 0.275000 0.000000
vt 0.325000 0.000000
vt 0.375000 0.000000
vt 0.425000 0.000000
vt 0.475000 0.000000
vt 0.525000 0.000000
vt 0.575000 0.000000
vt 0.625000 0.000000
vt 0.675000 0.000000
vt 0.725000 0.000000
vt 0.775000 0.000000
vt 0.825000 0.000000
vt 0.875000 0.000000
vt 0.925000 0.000000
vt 0.975000 0.000000
vt 0.025000 1.000000
vt 0.075000 1.000000
vt 0.125000 1.000000
vt 0.175000 1.000000
vt 0.225000 1.000000
vt 0.275000 1.000000
vt 0.325000 1.000000
vt 0.375000 1.000000
vt 0.425000 1.000000
vt 0.475000 1.000000
vt 0.525000 1.000000
vt 0.575000 1.000000
vt 0.625000 1.000000
vt 0.675000 1.000000
vt 0.725000 1.000000
vt 0.775000 1.000000
vt 0.825000 1.000000
vt 0.875000 1.000000
vt 0.925000 1.000000
vt 0.975000 1.000000
vn 0.162626 -0.985442 -0.049556
vn 0.139353 -0.985442 -0.097386
vn 0.307374 -0.946801 -0.095332
vn 0.262871 -0.946801 -0.185651
vn 0.102439 -0.985443 -0.135681
vn 0.192636 -0.946801 -0.257796
vn 0.055497 -0.985442 -0.160696
vn 0.103544 -0.946801 -0.304706
vn 0.003123 -0.985442 -0.169981
vn 0.004317 -0.946801 -0.321789
vn -0.049557 -0.985443 -0.162626
vn -0.095333 -0.946801 -0.307374
vn -0.097386 -0.985443 -0.139353
vn -0.185651 -0.946801 -0.262871
vn -0.135682 -0.985442 -0.102439
vn -0.257796 -0.946801 -0.192635
vn -0.160696 -0.985442 -0.055497
vn -0.304706 -0.946801 -0.103544
vn -0.169981 -0.985442 -0.003123
vn -0.321790 -0.946801 -0.004318
vn -0.162626 -0.985442 0.049556
vn -0.307374 -0.946801 0.095333
vn -0.139353 -0.985443 0.097384
vn -0.262871 -0.946801 0.185651
vn -0.102439 -0.985443 0.135680
vn -0.192636 -0.946801 0.257796
vn -0.055497 -0.985443 0.160696
vn -0.103544 -0.946801 0.304707
vn -0.003123 -0.985442 0.169981
vn -0.004317 -0.946801 0.321789
vn 0.049557 -0.985442 0.162627
vn 0.095333 -0.946801 0.307374
vn 0.097386 -0.985442 0.139354
vn 0.185651 -0.946801 0.262871
vn 0.135682 -0.985442 0.102439
vn 0.257796 -0.946801 0.192636
vn 0.160696 -0.985442 0.055497
vn 0.304706 -0.946801 0.103544
vn 0.169981 -0.985442 0.003123
vn 0.321790 -0.946801 0.004317
vn 0.443773 -0.885332 -0.138754
vn 0.379175 -0.885332 -0.269096
vn 0.277462 -0.885332 -0.373097
vn 0.148589 -0.885332 -0.440577
vn 0.005170 -0.885332 -0.464930
vn -0.138754 -0.885332 -0.443773
vn -0.269096 -0.885332 -0.379175
vn -0.373097 -0.885332 -0.277462
vn -0.440577 -0.885332 -0.148589
vn -0.464930 -0.885332 -0.005171
vn -0.443773 -0.885332 0.138754
vn -0.379176 -0.885332 0.269096
vn -0.277462 -0.885332 0.373097
vn -0.148589 -0.885332 0.440577
vn -0.005170 -0.885332 0.464930
vn 0.138754 -0.885332 0.443773
vn 0.269096 -0.885332 0.379176
vn 0.373097 -0.885332 0.277462
vn 0.440577 -0.885332 0.148589
vn 0.464930 -0.885332 0.005171
vn 0.569006 -0.802583 -0.179146
vn 0.485797 -0.802583 -0.346211
vn 0.355036 -0.802583 -0.479386
vn 0.189521 -0.802583 -0.565635
vn 0.005454 -0.802583 -0.596516
vn -0.179147 -0.802583 -0.569006
vn -0.346211 -0.802583 -0.485797
vn -0.479386 -0.802583 -0.355036
vn -0.565635 -0.802583 -0.189521
vn -0.596516 -0.802583 -0.005454
vn -0.569006 -0.802583 0.179146
vn -0.485797 -0.802583 0.346211
vn -0.355036 -0.802583 0.479386
vn -0.189521 -0.802583 0.565635
vn -0.005454 -0.802583 0.596516
vn 0.179146 -0.802583 0.569006
vn 0.346211 -0.802583 0.485798
vn 0.479386 -0.802583 0.355036
vn 0.565635 -0.802583 0.189521
vn 0.596516 -0.802583 0.005455
vn 0.680269 -0.700559 -0.215525
vn 0.580373 -0.700559 -0.415192
vn 0.423666 -0.700559 -0.574216
vn 0.225488 -0.700559 -0.677032
vn 0.005237 -0.700559 -0.713576
vn -0.215526 -0.700559 -0.680269
vn -0.415192 -0.700559 -0.580373
vn -0.574217 -0.700559 -0.423666
vn -0.677032 -0.700559 -0.225488
vn -0.713576 -0.700559 -0.005237
vn -0.680269 -0.700559 0.215526
vn -0.580373 -0.700559 0.415192
vn -0.423666 -0.700559 0.574217
vn -0.225488 -0.700559 0.677032
vn -0.005237 -0.700559 0.713576
vn 0.215526 -0.700559 0.680269
vn 0.415192 -0.700559 0.580373
vn 0.574217 -0.700559 0.423666
vn 0.677032 -0.700559 0.225488
vn 0.713576 -0.700558 0.005238
vn 0.774995 -0.581722 -0.246947
vn 0.660752 -0.581722 -0.474348
vn 0.481831 -0.581722 -0.655315
vn 0.255745 -0.581722 -0.772136
vn 0.004625 -0.581722 -0.813374
vn -0.246948 -0.581722 -0.774994
vn -0.474348 -0.581722 -0.660752
vn -0.655315 -0.581722 -0.481831
vn -0.772136 -0.581722 -0.255745
vn -0.813375 -0.581722 -0.004625
vn -0.774994 -0.581722 0.246948
vn -0.660752 -0.581722 0.474348
vn -0.481831 -0.581722 0.655315
vn -0.255745 -0.581722 0.772136
vn -0.004625 -0.581722 0.813375
vn 0.246948 -0.581722 0.774995
vn 0.474348 -0.581722 0.660753
vn 0.655315 -0.581722 0.481832
vn 0.772136 -0.581722 0.255745
vn 0.813375 -0.581722 0.004626
vn 0.850970 -0.448937 -0.272589
vn 0.725086 -0.448937 -0.522213
vn 0.528225 -0.448937 -0.720718
vn 0.279658 -0.448937 -0.848674
vn 0.003715 -0.448937 -0.893556
vn -0.272590 -0.448937 -0.850970
vn -0.522213 -0.448937 -0.725085
vn -0.720718 -0.448937 -0.528225
vn -0.848674 -0.448937 -0.279657
vn -0.893556 -0.448937 -0.003716
vn -0.850970 -0.448937 0.272590
vn -0.725086 -0.448937 0.522213
vn -0.528225 -0.448937 0.720718
vn -0.279658 -0.448937 0.848674
vn -0.003716 -0.448937 0.893556
vn 0.272590 -0.448937 0.850970
vn 0.522213 -0.448937 0.725086
vn 0.720718 -0.448937 0.528225
vn 0.848674 -0.448937 0.279658
vn 0.893556 -0.448937 0.003716
vn 0.906418 -0.305397 -0.291786
vn 0.771887 -0.305397 -0.557605
vn 0.561799 -0.305397 -0.768840
vn 0.296718 -0.305397 -0.904815
vn 0.002592 -0.305397 -0.952222
vn -0.291788 -0.305397 -0.906417
vn -0.557605 -0.305397 -0.771887
vn -0.768840 -0.305397 -0.561799
vn -0.904815 -0.305397 -0.296718
vn -0.952222 -0.305397 -0.002592
vn -0.906417 -0.305397 0.291787
vn -0.771887 -0.305397 0.557605
vn -0.561799 -0.305397 0.768840
vn -0.296718 -0.305397 0.904815
vn -0.002592 -0.305397 0.952222
vn 0.291787 -0.305397 0.906418
vn 0.557605 -0.305397 0.771887
vn 0.768840 -0.305397 0.561799
vn 0.904815 -0.305397 0.296718
vn 0.952222 -0.305397 0.002593
vn 0.940040 -0.154547 -0.304038
vn 0.800078 -0.154547 -0.579647
vn 0.581799 -0.154547 -0.798515
vn 0.306569 -0.154547 -0.939218
vn 0.001330 -0.154547 -0.987985
vn -0.304039 -0.154547 -0.940040
vn -0.579647 -0.154547 -0.800078
vn -0.798515 -0.154547 -0.581799
vn -0.939218 -0.154547 -0.306569
vn -0.987984 -0.154547 -0.001330
vn -0.940040 -0.154547 0.304039
vn -0.800078 -0.154547 0.579647
vn -0.581799 -0.154547 0.798514
vn -0.306569 -0.154547 0.939218
vn -0.001330 -0.154547 0.987985
vn 0.304039 -0.154547 0.940040
vn 0.579647 -0.154547 0.800078
vn 0.798514 -0.154547 0.581799
vn 0.939218 -0.154547 0.306569
vn 0.987985 -0.154547 0.001331
vn 0.951057 -0.000000 -0.309016
vn 0.809017 0.000000 -0.587785
vn 0.587785 0.000000 -0.809017
vn 0.309017 -0.000000 -0.951057
vn -0.000000 0.000000 -1.000000
vn -0.309017 0.000000 -0.951057
vn -0.587785 -0.000000 -0.809017
vn -0.809017 -0.000000 -0.587785
vn -0.951057 0.000000 -0.309017
vn -1.000000 0.000000 0.000000
vn -0.951056 0.000000 0.309017
vn -0.809017 0.000000 0.587785
vn -0.587785 0.000000 0.809017
vn -0.309017 0.000000 0.951057
vn 0.000000 0.000000 1.000000
vn 0.309017 0.000000 0.951057
vn 0.587785 -0.000000 0.809017
vn 0.809017 0.000000 0.587785
vn 0.951057 -0.000000 0.309017
vn 1.000000 0.000000 0.000001
vn 0.939218 0.154547 -0.306568
vn 0.798514 0.154548 -0.581799
vn 0.579647 0.154547 -0.800078
vn 0.304039 0.154547 -0.940040
vn -0.001330 0.154547 -0.987985
vn -0.306569 0.154547 -0.939218
vn -0.581799 0.154547 -0.798514
vn -0.800078 0.154547 -0.579647
vn -0.940040 0.154547 -0.304039
vn -0.987984 0.154547 0.001330
vn -0.939218 0.154547 0.306569
vn -0.798514 0.154547 0.581799
vn -0.579647 0.154547 0.800078
vn -0.304039 0.154547 0.940040
vn 0.001330 0.154547 0.987984
vn 0.306569 0.154547 0.939218
vn 0.581799 0.154547 0.798514
vn 0.800078 0.154547 0.579647
vn 0.940040 0.154547 0.304039
vn 0.987985 0.154547 -0.001329
vn 0.904816 0.305397 -0.296717
vn 0.768840 0.305397 -0.561799
vn 0.557605 0.305397 -0.771887
vn 0.291787 0.305397 -0.906417
vn -0.002592 0.305397 -0.952222
vn -0.296718 0.305397 -0.904815
vn -0.561799 0.305397 -0.768840
vn -0.771887 0.305397 -0.557604
vn -0.906417 0.305397 -0.291787
vn -0.952222 0.305397 0.002592
vn -0.904815 0.305397 0.296718
vn -0.768840 0.305397 0.561799
vn -0.557605 0.305397 0.771887
vn -0.291787 0.305397 0.906417
vn 0.002592 0.305397 0.952222
vn 0.296718 0.305397 0.904815
vn 0.561799 0.305397 0.768840
vn 0.771887 0.305397 0.557605
vn 0.906418 0.305397 0.291787
vn 0.952222 0.305397 -0.002591
vn 0.848674 0.448937 -0.279657
vn 0.720718 0.448937 -0.528225
vn 0.522213 0.448937 -0.725086
vn 0.272590 0.448937 -0.850970
vn -0.003716 0.448937 -0.893556
vn -0.279658 0.448937 -0.848674
vn -0.528225 0.448937 -0.720718
vn -0.725086 0.448937 -0.522213
vn -0.850970 0.448937 -0.272590
vn -0.893556 0.448937 0.003716
vn -0.848674 0.448937 0.279658
vn -0.720718 0.448937 0.528225
vn -0.522213 0.448937 0.725086
vn -0.272590 0.448937 0.850970
vn 0.003716 0.448937 0.893556
vn 0.279658 0.448937 0.848674
vn 0.528225 0.448937 0.720718
vn 0.725086 0.448937 0.522213
vn 0.850970 0.448937 0.272590
vn 0.893556 0.448937 -0.003715
vn 0.772136 0.581722 -0.255745
vn 0.655315 0.581722 -0.481831
vn 0.474347 0.581722 -0.660752
vn 0.246948 0.581722 -0.774994
vn -0.004625 0.581722 -0.813374
vn -0.255746 0.581722 -0.772136
vn -0.481832 0.581722 -0.655315
vn -0.660753 0.581722 -0.474348
vn -0.774994 0.581722 -0.246948
vn -0.813375 0.581722 0.004625
vn -0.772136 0.581722 0.255745
vn -0.655315 0.581722 0.481832
vn -0.474347 0.581722 0.660753
vn -0.246948 0.581722 0.774995
vn 0.004625 0.581722 0.813375
vn 0.255746 0.581722 0.772136
vn 0.481831 0.581722 0.655315
vn 0.660752 0.581722 0.474348
vn 0.774994 0.581722 0.246948
vn 0.813375 0.581722 -0.004624
vn 0.677033 0.700559 -0.225487
vn 0.574216 0.700559 -0.423666
vn 0.415192 0.700559 -0.580373
vn 0.215526 0.700558 -0.680269
vn -0.005237 0.700559 -0.713575
vn -0.225488 0.700559 -0.677032
vn -0.423666 0.700559 -0.574216
vn -0.580373 0.700559 -0.415192
vn -0.680269 0.700559 -0.215526
vn -0.713576 0.700559 0.005237
vn -0.677032 0.700559 0.225488
vn -0.574217 0.700558 0.423666
vn -0.415192 0.700559 0.580373
vn -0.215526 0.700559 0.680269
vn 0.005237 0.700559 0.713576
vn 0.225488 0.700559 0.677032
vn 0.423666 0.700559 0.574216
vn 0.580373 0.700559 0.415192
vn 0.680269 0.700559 0.215526
vn 0.713576 0.700559 -0.005236
vn 0.565635 0.802583 -0.189520
vn 0.479385 0.802583 -0.355036
vn 0.346211 0.802583 -0.485798
vn 0.179146 0.802583 -0.569006
vn -0.005454 0.802583 -0.596516
vn -0.189521 0.802583 -0.565635
vn -0.355036 0.802583 -0.479386
vn -0.485798 0.802583 -0.346211
vn -0.569006 0.802583 -0.179146
vn -0.596516 0.802583 0.005454
vn -0.565635 0.802583 0.189521
vn -0.479386 0.802583 0.355036
vn -0.346211 0.802583 0.485798
vn -0.179146 0.802583 0.569006
vn 0.005454 0.802583 0.596516
vn 0.189521 0.802583 0.565635
vn 0.355036 0.802582 0.479386
vn 0.485797 0.802583 0.346211
vn 0.569006 0.802583 0.179146
vn 0.596516 0.802583 -0.005454
vn 0.440577 0.885332 -0.148588
vn 0.373097 0.885332 -0.277462
vn 0.269096 0.885332 -0.379176
vn 0.138754 0.885332 -0.443772
vn -0.005171 0.885332 -0.464930
vn -0.148589 0.885332 -0.440577
vn -0.277462 0.885332 -0.373097
vn -0.379176 0.885332 -0.269096
vn -0.443773 0.885332 -0.138754
vn -0.464930 0.885332 0.005170
vn -0.440577 0.885332 0.148588
vn -0.373097 0.885332 0.277462
vn -0.269096 0.885332 0.379176
vn -0.138754 0.885332 0.443773
vn 0.005171 0.885332 0.464930
vn 0.148589 0.885332 0.440577
vn 0.277462 0.885332 0.373097
vn 0.379176 0.885332 0.269096
vn 0.443773 0.885332 0.138754
vn 0.464930 0.885332 -0.005170
vn 0.304706 0.946801 -0.103544
vn 0.257796 0.946801 -0.192636
vn 0.185651 0.946801 -0.262871
vn 0.095333 0.946801 -0.307374
vn -0.004317 0.946801 -0.321789
vn -0.103544 0.946801 -0.304706
vn -0.192636 0.946801 -0.257796
vn -0.262871 0.946801 -0.185651
vn -0.307374 0.946801 -0.095333
vn -0.321790 0.946801 0.004317
vn -0.304706 0.946801 0.103544
vn -0.257796 0.946801 0.192636
vn -0.185651 0.946801 0.262871
vn -0.095333 0.946801 0.307374
vn 0.004317 0.946801 0.321789
vn 0.103544 0.946801 0.304706
vn 0.192636 0.946801 0.257796
vn 0.262871 0.946801 0.185651
vn 0.307374 0.946801 0.095333
vn 0.321790 0.946801 -0.004317
vn 0.160696 0.985442 -0.055497
vn 0.135682 0.985443 -0.102438
vn 0.097386 0.985442 -0.139352
vn 0.049557 0.985442 -0.162627
vn -0.003123 0.985442 -0.169981
vn -0.055497 0.985442 -0.160696
vn -0.102439 0.985443 -0.135680
vn -0.139353 0.985443 -0.097384
vn -0.162626 0.985442 -0.049557
vn -0.169981 0.985442 0.003123
vn -0.160696 0.985442 0.055497
vn -0.135682 0.985442 0.102439
vn -0.097386 0.985442 0.139353
vn -0.049557 0.985442 0.162627
vn 0.003123 0.985443 0.169981
vn 0.055497 0.985443 0.160696
vn 0.102439 0.985443 0.135680
vn 0.139353 0.985443 0.097385
vn 0.162626 0.985442 0.049557
vn 0.169981 0.985442 -0.003123
vn -0.000000 -1.000000 -0.000000
vn -0.000000 1.000000 0.000000
s 1
g pSphere2
usemtl lambert2SG
f 1201/1282/1201 1202/1283/1202 1221/1303/1203
f 1221/1303/1203 1202/1283/1202 1222/1304/1204
f 1202/1283/1202 1203/1284/1205 1222/1304/1204
f 1222/1304/1204 1203/1284/1205 1223/1305/1206
f 1203/1284/1205 1204/1285/1207 1223/1305/1206
f 1223/1305/1206 1204/1285/1207 1224/1306/1208
f 1204/1285/1207 1205/1286/1209 1224/1306/1208
f 1224/1306/1208 1205/1286/1209 1225/1307/1210
f 1205/1286/1209 1206/1287/1211 1225/1307/1210
f 1225/1307/1210 1206/1287/1211 1226/1308/1212
f 1206/1287/1211 1207/1288/1213 1226/1308/1212
f 1226/1308/1212 1207/1288/1213 1227/1309/1214
f 1207/1288/1213 1208/1289/1215 1227/1309/1214
f 1227/1309/1214 1208/1289/1215 1228/1310/1216
f 1208/1289/1215 1209/1290/1217 1228/1310/1216
f 1228/1310/1216 1209/1290/1217 1229/1311/1218
f 1209/1290/1217 1210/1291/1219 1229/1311/1218
f 1229/1311/1218 1210/1291/1219 1230/1312/1220
f 1210/1291/1219 1211/1292/1221 1230/1312/1220
f 1230/1312/1220 1211/1292/1221 1231/1313/1222
f 1211/1292/1221 1212/1293/1223 1231/1313/1222
f 1231/1313/1222 1212/1293/1223 1232/1314/1224
f 1212/1293/1223 1213/1294/1225 1232/1314/1224
f 1232/1314/1224 1213/1294/1225 1233/1315/1226
f 1213/1294/1225 1214/1295/1227 1233/1315/1226
f 1233/1315/1226 1214/1295/1227 1234/1316/1228
f 1214/1295/1227 1215/1296/1229 1234/1316/1228
f 1234/1316/1228 1215/1296/1229 1235/1317/1230
f 1215/1296/1229 1216/1297/1231 1235/1317/1230
f 1235/1317/1230 1216/1297/1231 1236/1318/1232
f 1216/1297/1231 1217/1298/1233 1236/1318/1232
f 1236/1318/1232 1217/1298/1233 1237/1319/1234
f 1217/1298/1233 1218/1299/1235 1237/1319/1234
f 1237/1319/1234 1218/1299/1235 1238/1320/1236
f 1218/1299/1235 1219/1300/1237 1238/1320/1236
f 1238/1320/1236 1219/1300/1237 1239/1321/1238
f 1219/1300/1237 1220/1301/1239 1239/1321/1238
f 1239/1321/1238 1220/1301/1239 1240/1322/1240
f 1220/1301/1239 1201/1302/1201 1240/1322/1240
f 1240/1322/1240 1201/1302/1201 1221/1323/1203
f 1221/1303/1203 1222/1304/1204 1241/1324/1241
f 1241/1324/1241 1222/1304/1204 1242/1325/1242
f 1222/1304/1204 1223/1305/1206 1242/1325/1242
f 1242/1325/1242 1223/1305/1206 1243/1326/1243
f 1223/1305/1206 1224/1306/1208 1243/1326/1243
f 1243/1326/1243 1224/1306/1208 1244/1327/1244
f 1224/1306/1208 1225/1307/1210 1244/1327/1244
f 1244/1327/1244 1225/1307/1210 1245/1328/1245
f 1225/1307/1210 1226/1308/1212 1245/1328/1245
f 1245/1328/1245 1226/1308/1212 1246/1329/1246
f 1226/1308/1212 1227/1309/1214 1246/1329/1246
f 1246/1329/1246 1227/1309/1214 1247/1330/1247
f 1227/1309/1214 1228/1310/1216 1247/1330/1247
f 1247/1330/1247 1228/1310/1216 1248/1331/1248
f 1228/1310/1216 1229/1311/1218 1248/1331/1248
f 1248/1331/1248 1229/1311/1218 1249/1332/1249
f 1229/1311/1218 1230/1312/1220 1249/1332/1249
f 1249/1332/1249 1230/1312/1220 1250/1333/1250
f 1230/1312/1220 1231/1313/1222 1250/1333/1250
f 1250/1333/1250 1231/1313/1222 1251/1334/1251
f 1231/1313/1222 1232/1314/1224 1251/1334/1251
f 1251/1334/1251 1232/1314/1224 1252/1335/1252
f 1232/1314/1224 1233/1315/1226 1252/1335/1252
f 1252/1335/1252 1233/1315/1226 1253/1336/1253
f 1233/1315/1226 1234/1316/1228 1253/1336/1253
f 1253/1336/1253 1234/1316/1228 1254/1337/1254
f 1234/1316/1228 1235/1317/1230 1254/1337/1254
f 1254/1337/1254 1235/1317/1230 1255/1338/1255
f 1235/1317/1230 1236/1318/1232 1255/1338/1255
f 1255/1338/1255 1236/1318/1232 1256/1339/1256
f 1236/1318/1232 1237/1319/1234 1256/1339/1256
f 1256/1339/1256 1237/1319/1234 1257/1340/1257
f 1237/1319/1234 1238/1320/1236 1257/1340/1257
f 1257/1340/1257 1238/1320/1236 1258/1341/1258
f 1238/1320/1236 1239/1321/1238 1258/1341/1258
f 1258/1341/1258 1239/1321/1238 1259/1342/1259
f 1239/1321/1238 1240/1322/1240 1259/1342/1259
f 1259/1342/1259 1240/1322/1240 1260/1343/1260
f 1240/1322/1240 1221/1323/1203 1260/1343/1260
f 1260/1343/1260 1221/1323/1203 1241/1344/1241
f 1241/1324/1241 1242/1325/1242 1261/1345/1261
f 1261/1345/1261 1242/1325/1242 1262/1346/1262
f 1242/1325/1242 1243/1326/1243 1262/1346/1262
f 1262/1346/1262 1243/1326/1243 1263/1347/1263
f 1243/1326/1243 1244/1327/1244 1263/1347/1263
f 1263/1347/1263 1244/1327/1244 1264/1348/1264
f 1244/1327/1244 1245/1328/1245 1264/1348/1264
f 1264/1348/1264 1245/1328/1245 1265/1349/1265
f 1245/1328/1245 1246/1329/1246 1265/1349/1265
f 1265/1349/1265 1246/1329/1246 1266/1350/1266
f 1246/1329/1246 1247/1330/1247 1266/1350/1266
f 1266/1350/1266 1247/1330/1247 1267/1351/1267
f 1247/1330/1247 1248/1331/1248 1267/1351/1267
f 1267/1351/1267 1248/1331/1248 1268/1352/1268
f 1248/1331/1248 1249/1332/1249 1268/1352/1268
f 1268/1352/1268 1249/1332/1249 1269/1353/1269
f 1249/1332/1249 1250/1333/1250 1269/1353/1269
f 1269/1353/1269 1250/1333/1250 1270/1354/1270
f 1250/1333/1250 1251/1334/1251 1270/1354/1270
f 1270/1354/1270 1251/1334/1251 1271/1355/1271
f 1251/1334/1251 1252/1335/1252 1271/1355/1271
f 1271/1355/1271 1252/1335/1252 1272/1356/1272
f 1252/1335/1252 1253/1336/1253 1272/1356/1272
f 1272/1356/1272 1253/1336/1253 1273/1357/1273
f 1253/1336/1253 1254/1337/1254 1273/1357/1273
f 1273/1357/1273 1254/1337/1254 1274/1358/1274
f 1254/1337/1254 1255/1338/1255 1274/1358/1274
f 1274/1358/1274 1255/1338/1255 1275/1359/1275
f 1255/1338/1255 1256/1339/1256 1275/1359/1275
f 1275/1359/1275 1256/1339/1256 1276/1360/1276
f 1256/1339/1256 1257/1340/1257 1276/1360/1276
f 1276/1360/1276 1257/1340/1257 1277/1361/1277
f 1257/1340/1257 1258/1341/1258 1277/1361/1277
f 1277/1361/1277 1258/1341/1258 1278/1362/1278
f 1258/1341/1258 1259/1342/1259 1278/1362/1278
f 1278/1362/1278 1259/1342/1259 1279/1363/1279
f 1259/1342/1259 1260/1343/1260 1279/1363/1279
f 1279/1363/1279 1260/1343/1260 1280/1364/1280
f 1260/1343/1260 1241/1344/1241 1280/1364/1280
f 1280/1364/1280 1241/1344/1241 1261/1365/1261
f 1261/1345/1261 1262/1346/1262 1281/1366/1281
f 1281/1366/1281 1262/1346/1262 1282/1367/1282
f 1262/1346/1262 1263/1347/1263 1282/1367/1282
f 1282/1367/1282 1263/1347/1263 1283/1368/1283
f 1263/1347/1263 1264/1348/1264 1283/1368/1283
f 1283/1368/1283 1264/1348/1264 1284/1369/1284
f 1264/1348/1264 1265/1349/1265 1284/1369/1284
f 1284/1369/1284 1265/1349/1265 1285/1370/1285
f 1265/1349/1265 1266/1350/1266 1285/1370/1285
f 1285/1370/1285 1266/1350/1266 1286/1371/1286
f 1266/1350/1266 1267/1351/1267 1286/1371/1286
f 1286/1371/1286 1267/1351/1267 1287/1372/1287
f 1267/1351/1267 1268/1352/1268 1287/1372/1287
f 1287/1372/1287 1268/1352/1268 1288/1373/1288
f 1268/1352/1268 1269/1353/1269 1288/1373/1288
f 1288/1373/1288 1269/1353/1269 1289/1374/1289
f 1269/1353/1269 1270/1354/1270 1289/1374/1289
f 1289/1374/1289 1270/1354/1270 1290/1375/1290
f 1270/1354/1270 1271/1355/1271 1290/1375/1290
f 1290/1375/1290 1271/1355/1271 1291/1376/1291
f 1271/1355/1271 1272/1356/1272 1291/1376/1291
f 1291/1376/1291 1272/1356/1272 1292/1377/1292
f 1272/1356/1272 1273/1357/1273 1292/1377/1292
f 1292/1377/1292 1273/1357/1273 1293/1378/1293
f 1273/1357/1273 1274/1358/1274 1293/1378/1293
f 1293/1378/1293 1274/1358/1274 1294/1379/1294
f 1274/1358/1274 1275/1359/1275 1294/1379/1294
f 1294/1379/1294 1275/1359/1275 1295/1380/1295
f 1275/1359/1275 1276/1360/1276 1295/1380/1295
f 1295/1380/1295 1276/1360/1276 1296/1381/1296
f 1276/1360/1276 1277/1361/1277 1296/1381/1296
f 1296/1381/1296 1277/1361/1277 1297/1382/1297
f 1277/1361/1277 1278/1362/1278 1297/1382/1297
f 1297/1382/1297 1278/1362/1278 1298/1383/1298
f 1278/1362/1278 1279/1363/1279 1298/1383/1298
f 1298/1383/1298 1279/1363/1279 1299/1384/1299
f 1279/1363/1279 1280/1364/1280 1299/1384/1299
f 1299/1384/1299 1280/1364/1280 1300/1385/1300
f 1280/1364/1280 1261/1365/1261 1300/1385/1300
f 1300/1385/1300 1261/1365/1261 1281/1386/1281
f 1281/1366/1281 1282/1367/1282 1301/1387/1301
f 1301/1387/1301 1282/1367/1282 1302/1388/1302
f 1282/1367/1282 1283/1368/1283 1302/1388/1302
f 1302/1388/1302 1283/1368/1283 1303/1389/1303
f 1283/1368/1283 1284/1369/1284 1303/1389/1303
f 1303/1389/1303 1284/1369/1284 1304/1390/1304
f 1284/1369/1284 1285/1370/1285 1304/1390/1304
f 1304/1390/1304 1285/1370/1285 1305/1391/1305
f 1285/1370/1285 1286/1371/1286 1305/1391/1305
f 1305/1391/1305 1286/1371/1286 1306/1392/1306
f 1286/1371/1286 1287/1372/1287 1306/1392/1306
f 1306/1392/1306 1287/1372/1287 1307/1393/1307
f 1287/1372/1287 1288/1373/1288 1307/1393/1307
f 1307/1393/1307 1288/1373/1288 1308/1394/1308
f 1288/1373/1288 1289/1374/1289 1308/1394/1308
f 1308/1394/1308 1289/1374/1289 1309/1395/1309
f 1289/1374/1289 1290/1375/1290 1309/1395/1309
f 1309/1395/1309 1290/1375/1290 1310/1396/1310
f 1290/1375/1290 1291/1376/1291 1310/1396/1310
f 1310/1396/1310 1291/1376/1291 1311/1397/1311
f 1291/1376/1291 1292/1377/1292 1311/1397/1311
f 1311/1397/1311 1292/1377/1292 1312/1398/1312
f 1292/1377/1292 1293/1378/1293 1312/1398/1312
f 1312/1398/1312 1293/1378/1293 1313/1399/1313
f 1293/1378/1293 1294/1379/1294 1313/1399/1313
f 1313/1399/1313 1294/1379/1294 1314/1400/1314
f 1294/1379/1294 1295/1380/1295 1314/1400/1314
f 1314/1400/1314 1295/1380/1295 1315/1401/1315
f 1295/1380/1295 1296/1381/1296 1315/1401/1315
f 1315/1401/1315 1296/1381/1296 1316/1402/1316
f 1296/1381/1296 1297/1382/1297 1316/1402/1316
f 1316/1402/1316 1297/1382/1297 1317/1403/1317
f 1297/1382/1297 1298/1383/1298 1317/1403/1317
f 1317/1403/1317 1298/1383/1298 1318/1404/1318
f 1298/1383/1298 1299/1384/1299 1318/1404/1318
f 1318/1404/1318 1299/1384/1299 1319/1405/1319
f 1299/1384/1299 1300/1385/1300 1319/1405/1319
f 1319/1405/1319 1300/1385/1300 1320/1406/1320
f 1300/1385/1300 1281/1386/1281 1320/1406/1320
f 1320/1406/1320 1281/1386/1281 1301/1407/1301
f 1301/1387/1301 1302/1388/1302 1321/1408/1321
f 1321/1408/1321 1302/1388/1302 1322/1409/1322
f 1302/1388/1302 1303/1389/1303 1322/1409/1322
f 1322/1409/1322 1303/1389/1303 1323/1410/1323
f 1303/1389/1303 1304/1390/1304 1323/1410/1323
f 1323/1410/1323 1304/1390/1304 1324/1411/1324
f 1304/1390/1304 1305/1391/1305 1324/1411/1324
f 1324/1411/1324 1305/1391/1305 1325/1412/1325
f 1305/1391/1305 1306/1392/1306 1325/1412/1325
f 1325/1412/1325 1306/1392/1306 1326/1413/1326
f 1306/1392/1306 1307/1393/1307 1326/1413/1326
f 1326/1413/1326 1307/1393/1307 1327/1414/1327
f 1307/1393/1307 1308/1394/1308 1327/1414/1327
f 1327/1414/1327 1308/1394/1308 1328/1415/1328
f 1308/1394/1308 1309/1395/1309 1328/1415/1328
f 1328/1415/1328 1309/1395/1309 1329/1416/1329
f 1309/1395/1309 1310/1396/1310 1329/1416/1329
f 1329/1416/1329 1310/1396/1310 1330/1417/1330
f 1310/1396/1310 1311/1397/1311 1330/1417/1330
f 1330/1417/1330 1311/1397/1311 1331/1418/1331
f 1311/1397/1311 1312/1398/1312 1331/1418/1331
f 1331/1418/1331 1312/1398/1312 1332/1419/1332
f 1312/1398/1312 1313/1399/1313 1332/1419/1332
f 1332/1419/1332 1313/1399/1313 1333/1420/1333
f 1313/1399/1313 1314/1400/1314 1333/1420/1333
f 1333/1420/1333 1314/1400/1314 1334/1421/1334
f 1314/1400/1314 1315/1401/1315 1334/1421/1334
f 1334/1421/1334 1315/1401/1315 1335/1422/1335
f 1315/1401/1315 1316/1402/1316 1335/1422/1335
f 1335/1422/1335 1316/1402/1316 1336/1423/1336
f 1316/1402/1316 1317/1403/1317 1336/1423/1336
f 1336/1423/1336 1317/1403/1317 1337/1424/1337
f 1317/1403/1317 1318/1404/1318 1337/1424/1337
f 1337/1424/1337 1318/1404/1318 1338/1425/1338
f 1318/1404/1318 1319/1405/1319 1338/1425/1338
f 1338/1425/1338 1319/1405/1319 1339/1426/1339
f 1319/1405/1319 1320/1406/1320 1339/1426/1339
f 1339/1426/1339 1320/1406/1320 1340/1427/1340
f 1320/1406/1320 1301/1407/1301 1340/1427/1340
f 1340/1427/1340 1301/1407/1301 1321/1428/1321
f 1321/1408/1321 1322/1409/1322 1341/1429/1341
f 1341/1429/1341 1322/1409/1322 1342/1430/1342
f 1322/1409/1322 1323/1410/1323 1342/1430/1342
f 1342/1430/1342 1323/1410/1323 1343/1431/1343
f 1323/1410/1323 1324/1411/1324 1343/1431/1343
f 1343/1431/1343 1324/1411/1324 1344/1432/1344
f 1324/1411/1324 1325/1412/1325 1344/1432/1344
f 1344/1432/1344 1325/1412/1325 1345/1433/1345
f 1325/1412/1325 1326/1413/1326 1345/1433/1345
f 1345/1433/1345 1326/1413/1326 1346/1434/1346
f 1326/1413/1326 1327/1414/1327 1346/1434/1346
f 1346/1434/1346 1327/1414/1327 1347/1435/1347
f 1327/1414/1327 1328/1415/1328 1347/1435/1347
f 1347/1435/1347 1328/1415/1328 1348/1436/1348
f 1328/1415/1328 1329/1416/1329 1348/1436/1348
f 1348/1436/1348 1329/1416/1329 1349/1437/1349
f 1329/1416/1329 1330/1417/1330 1349/1437/1349
f 1349/1437/1349 1330/1417/1330 1350/1438/1350
f 1330/1417/1330 1331/1418/1331 1350/1438/1350
f 1350/1438/1350 1331/1418/1331 1351/1439/1351
f 1331/1418/1331 1332/1419/1332 1351/1439/1351
f 1351/1439/1351 1332/1419/1332 1352/1440/1352
f 1332/1419/1332 1333/1420/1333 1352/1440/1352
f 1352/1440/1352 1333/1420/1333 1353/1441/1353
f 1333/1420/1333 1334/1421/1334 1353/1441/1353
f 1353/1441/1353 1334/1421/1334 1354/1442/1354
f 1334/1421/1334 1335/1422/1335 1354/1442/1354
f 1354/1442/1354 1335/1422/1335 1355/1443/1355
f 1335/1422/1335 1336/1423/1336 1355/1443/1355
f 1355/1443/1355 1336/1423/1336 1356/1444/1356
f 1336/1423/1336 1337/1424/1337 1356/1444/1356
f 1356/1444/1356 1337/1424/1337 1357/1445/1357
f 1337/1424/1337 1338/1425/1338 1357/1445/1357
f 1357/1445/1357 1338/1425/1338 1358/1446/1358
f 1338/1425/1338 1339/1426/1339 1358/1446/1358
f 1358/1446/1358 1339/1426/1339 1359/1447/1359
f 1339/1426/1339 1340/1427/1340 1359/1447/1359
f 1359/1447/1359 1340/1427/1340 1360/1448/1360
f 1340/1427/1340 1321/1428/1321 1360/1448/1360
f 1360/1448/1360 1321/1428/1321 1341/1449/1341
f 1341/1429/1341 1342/1430/1342 1361/1450/1361
f 1361/1450/1361 1342/1430/1342 1362/1451/1362
f 1342/1430/1342 1343/1431/1343 1362/1451/1362
f 1362/1451/1362 1343/1431/1343 1363/1452/1363
f 1343/1431/1343 1344/1432/1344 1363/1452/1363
f 1363/1452/1363 1344/1432/1344 1364/1453/1364
f 1344/1432/1344 1345/1433/1345 1364/1453/1364
f 1364/1453/1364 1345/1433/1345 1365/1454/1365
f 1345/1433/1345 1346/1434/1346 1365/1454/1365
f 1365/1454/1365 1346/1434/1346 1366/1455/1366
f 1346/1434/1346 1347/1435/1347 1366/1455/1366
f 1366/1455/1366 1347/1435/1347 1367/1456/1367
f 1347/1435/1347 1348/1436/1348 1367/1456/1367
f 1367/1456/1367 1348/1436/1348 1368/1457/1368
f 1348/1436/1348 1349/1437/1349 1368/1457/1368
f 1368/1457/1368 1349/1437/1349 1369/1458/1369
f 1349/1437/1349 1350/1438/1350 1369/1458/1369
f 1369/1458/1369 1350/1438/1350 1370/1459/1370
f 1350/1438/1350 1351/1439/1351 1370/1459/1370
f 1370/1459/1370 1351/1439/1351 1371/1460/1371
f 1351/1439/1351 1352/1440/1352 1371/1460/1371
f 1371/1460/1371 1352/1440/1352 1372/1461/1372
f 1352/1440/1352 1353/1441/1353 1372/1461/1372
f 1372/1461/1372 1353/1441/1353 1373/1462/1373
f 1353/1441/1353 1354/1442/1354 1373/1462/1373
f 1373/1462/1373 1354/1442/1354 1374/1463/1374
f 1354/1442/1354 1355/1443/1355 1374/1463/1374
f 1374/1463/1374 1355/1443/1355 1375/1464/1375
f 1355/1443/1355 1356/1444/1356 1375/1464/1375
f 1375/1464/1375 1356/1444/1356 1376/1465/1376
f 1356/1444/1356 1357/1445/1357 1376/1465/1376
f 1376/1465/1376 1357/1445/1357 1377/1466/1377
f 1357/1445/1357 1358/1446/1358 1377/1466/1377
f 1377/1466/1377 1358/1446/1358 1378/1467/1378
f 1358/1446/1358 1359/1447/1359 1378/1467/1378
f 1378/1467/1378 1359/1447/1359 1379/1468/1379
f 1359/1447/1359 1360/1448/1360 1379/1468/1379
f 1379/1468/1379 1360/1448/1360 1380/1469/1380
f 1360/1448/1360 1341/1449/1341 1380/1469/1380
f 1380/1469/1380 1341/1449/1341 1361/1470/1361
f 1361/1450/1361 1362/1451/1362 1381/1471/1381
f 1381/1471/1381 1362/1451/1362 1382/1472/1382
f 1362/1451/1362 1363/1452/1363 1382/1472/1382
f 1382/1472/1382 1363/1452/1363 1383/1473/1383
f 1363/1452/1363 1364/1453/1364 1383/1473/1383
f 1383/1473/1383 1364/1453/1364 1384/1474/1384
f 1364/1453/1364 1365/1454/1365 1384/1474/1384
f 1384/1474/1384 1365/1454/1365 1385/1475/1385
f 1365/1454/1365 1366/1455/1366 1385/1475/1385
f 1385/1475/1385 1366/1455/1366 1386/1476/1386
f 1366/1455/1366 1367/1456/1367 1386/1476/1386
f 1386/1476/1386 1367/1456/1367 1387/1477/1387
f 1367/1456/1367 1368/1457/1368 1387/1477/1387
f 1387/1477/1387 1368/1457/1368 1388/1478/1388
f 1368/1457/1368 1369/1458/1369 1388/1478/1388
f 1388/1478/1388 1369/1458/1369 1389/1479/1389
f 1369/1458/1369 1370/1459/1370 1389/1479/1389
f 1389/1479/1389 1370/1459/1370 1390/1480/1390
f 1370/1459/1370 1371/1460/1371 1390/1480/1390
f 1390/1480/1390 1371/1460/1371 1391/1481/1391
f 1371/1460/1371 1372/1461/1372 1391/1481/1391
f 1391/1481/1391 1372/1461/1372 1392/1482/1392
f 1372/1461/1372 1373/1462/1373 1392/1482/1392
f 1392/1482/1392 1373/1462/1373 1393/1483/1393
f 1373/1462/1373 1374/1463/1374 1393/1483/1393
f 1393/1483/1393 1374/1463/1374 1394/1484/1394
f 1374/1463/1374 1375/1464/1375 1394/1484/1394
f 1394/1484/1394 1375/1464/1375 1395/1485/1395
f 1375/1464/1375 1376/1465/1376 1395/1485/1395
f 1395/1485/1395 1376/1465/1376 1396/1486/1396
f 1376/1465/1376 1377/1466/1377 1396/1486/1396
f 1396/1486/1396 1377/1466/1377 1397/1487/1397
f 1377/1466/1377 1378/1467/1378 1397/1487/1397
f 1397/1487/1397 1378/1467/1378 1398/1488/1398
f 1378/1467/1378 1379/1468/1379 1398/1488/1398
f 1398/1488/1398 1379/1468/1379 1399/1489/1399
f 1379/1468/1379 1380/1469/1380 1399/1489/1399
f 1399/1489/1399 1380/1469/1380 1400/1490/1400
f 1380/1469/1380 1361/1470/1361 1400/1490/1400
f 1400/1490/1400 1361/1470/1361 1381/1491/1381
f 1381/1471/1381 1382/1472/1382 1401/1492/1401
f 1401/1492/1401 1382/1472/1382 1402/1493/1402
f 1382/1472/1382 1383/1473/1383 1402/1493/1402
f 1402/1493/1402 1383/1473/1383 1403/1494/1403
f 1383/1473/1383 1384/1474/1384 1403/1494/1403
f 1403/1494/1403 1384/1474/1384 1404/1495/1404
f 1384/1474/1384 1385/1475/1385 1404/1495/1404
f 1404/1495/1404 1385/1475/1385 1405/1496/1405
f 1385/1475/1385 1386/1476/1386 1405/1496/1405
f 1405/1496/1405 1386/1476/1386 1406/1497/1406
f 1386/1476/1386 1387/1477/1387 1406/1497/1406
f 1406/1497/1406 1387/1477/1387 1407/1498/1407
f 1387/1477/1387 1388/1478/1388 1407/1498/1407
f 1407/1498/1407 1388/1478/1388 1408/1499/1408
f 1388/1478/1388 1389/1479/1389 1408/1499/1408
f 1408/1499/1408 1389/1479/1389 1409/1500/1409
f 1389/1479/1389 1390/1480/1390 1409/1500/1409
f 1409/1500/1409 1390/1480/1390 1410/1501/1410
f 1390/1480/1390 1391/1481/1391 1410/1501/1410
f 1410/1501/1410 1391/1481/1391 1411/1502/1411
f 1391/1481/1391 1392/1482/1392 1411/1502/1411
f 1411/1502/1411 1392/1482/1392 1412/1503/1412
f 1392/1482/1392 1393/1483/1393 1412/1503/1412
f 1412/1503/1412 1393/1483/1393 1413/1504/1413
f 1393/1483/1393 1394/1484/1394 1413/1504/1413
f 1413/1504/1413 1394/1484/1394 1414/1505/1414
f 1394/1484/1394 1395/1485/1395 1414/1505/1414
f 1414/1505/1414 1395/1485/1395 1415/1506/1415
f 1395/1485/1395 1396/1486/1396 1415/1506/1415
f 1415/1506/1415 1396/1486/1396 1416/1507/1416
f 1396/1486/1396 1397/1487/1397 1416/1507/1416
f 1416/1507/1416 1397/1487/1397 1417/1508/1417
f 1397/1487/1397 1398/1488/1398 1417/1508/1417
f 1417/1508/1417 1398/1488/1398 1418/1509/1418
f 1398/1488/1398 1399/1489/1399 1418/1509/1418
f 1418/1509/1418 1399/1489/1399 1419/1510/1419
f 1399/1489/1399 1400/1490/1400 1419/1510/1419
f 1419/1510/1419 1400/1490/1400 1420/1511/1420
f 1400/1490/1400 1381/1491/1381 1420/1511/1420
f 1420/1511/1420 1381/1491/1381 1401/1512/1401
f 1401/1492/1401 1402/1493/1402 1421/1513/1421
f 1421/1513/1421 1402/1493/1402 1422/1514/1422
f 1402/1493/1402 1403/1494/1403 1422/1514/1422
f 1422/1514/1422 1403/1494/1403 1423/1515/1423
f 1403/1494/1403 1404/1495/1404 1423/1515/1423
f 1423/1515/1423 1404/1495/1404 1424/1516/1424
f 1404/1495/1404 1405/1496/1405 1424/1516/1424
f 1424/1516/1424 1405/1496/1405 1425/1517/1425
f 1405/1496/1405 1406/1497/1406 1425/1517/1425
f 1425/1517/1425 1406/1497/1406 1426/1518/1426
f 1406/1497/1406 1407/1498/1407 1426/1518/1426
f 1426/1518/1426 1407/1498/1407 1427/1519/1427
f 1407/1498/1407 1408/1499/1408 1427/1519/1427
f 1427/1519/1427 1408/1499/1408 1428/1520/1428
f 1408/1499/1408 1409/1500/1409 1428/1520/1428
f 1428/1520/1428 1409/1500/1409 1429/1521/1429
f 1409/1500/1409 1410/1501/1410 1429/1521/1429
f 1429/1521/1429 1410/1501/1410 1430/1522/1430
f 1410/1501/1410 1411/1502/1411 1430/1522/1430
f 1430/1522/1430 1411/1502/1411 1431/1523/1431
f 1411/1502/1411 1412/1503/1412 1431/1523/1431
f 1431/1523/1431 1412/1503/1412 1432/1524/1432
f 1412/1503/1412 1413/1504/1413 1432/1524/1432
f 1432/1524/1432 1413/1504/1413 1433/1525/1433
f 1413/1504/1413 1414/1505/1414 1433/1525/1433
f 1433/1525/1433 1414/1505/1414 1434/1526/1434
f 1414/1505/1414 1415/1506/1415 1434/1526/1434
f 1434/1526/1434 1415/1506/1415 1435/1527/1435
f 1415/1506/1415 1416/1507/1416 1435/1527/1435
f 1435/1527/1435 1416/1507/1416 1436/1528/1436
f 1416/1507/1416 1417/1508/1417 1436/1528/1436
f 1436/1528/1436 1417/1508/1417 1437/1529/1437
f 1417/1508/1417 1418/1509/1418 1437/1529/1437
f 1437/1529/1437 1418/1509/1418 1438/1530/1438
f 1418/1509/1418 1419/1510/1419 1438/1530/1438
f 1438/1530/1438 1419/1510/1419 1439/1531/1439
f 1419/1510/1419 1420/1511/1420 1439/1531/1439
f 1439/1531/1439 1420/1511/1420 1440/1532/1440
f 1420/1511/1420 1401/1512/1401 1440/1532/1440
f 1440/1532/1440 1401/1512/1401 1421/1533/1421
f 1421/1513/1421 1422/1514/1422 1441/1534/1441
f 1441/1534/1441 1422/1514/1422 1442/1535/1442
f 1422/1514/1422 1423/1515/1423 1442/1535/1442
f 1442/1535/1442 1423/1515/1423 1443/1536/1443
f 1423/1515/1423 1424/1516/1424 1443/1536/1443
f 1443/1536/1443 1424/1516/1424 1444/1537/1444
f 1424/1516/1424 1425/1517/1425 1444/1537/1444
f 1444/1537/1444 1425/1517/1425 1445/1538/1445
f 1425/1517/1425 1426/1518/1426 1445/1538/1445
f 1445/1538/1445 1426/1518/1426 1446/1539/1446
f 1426/1518/1426 1427/1519/1427 1446/1539/1446
f 1446/1539/1446 1427/1519/1427 1447/1540/1447
f 1427/1519/1427 1428/1520/1428 1447/1540/1447
f 1447/1540/1447 1428/1520/1428 1448/1541/1448
f 1428/1520/1428 1429/1521/1429 1448/1541/1448
f 1448/1541/1448 1429/1521/1429 1449/1542/1449
f 1429/1521/1429 1430/1522/1430 1449/1542/1449
f 1449/1542/1449 1430/1522/1430 1450/1543/1450
f 1430/1522/1430 1431/1523/1431 1450/1543/1450
f 1450/1543/1450 1431/1523/1431 1451/1544/1451
f 1431/1523/1431 1432/1524/1432 1451/1544/1451
f 1451/1544/1451 1432/1524/1432 1452/1545/1452
f 1432/1524/1432 1433/1525/1433 1452/1545/1452
f 1452/1545/1452 1433/1525/1433 1453/1546/1453
f 1433/1525/1433 1434/1526/1434 1453/1546/1453
f 1453/1546/1453 1434/1526/1434 1454/1547/1454
f 1434/1526/1434 1435/1527/1435 1454/1547/1454
f 1454/1547/1454 1435/1527/1435 1455/1548/1455
f 1435/1527/1435 1436/1528/1436 1455/1548/1455
f 1455/1548/1455 1436/1528/1436 1456/1549/1456
f 1436/1528/1436 1437/1529/1437 1456/1549/1456
f 1456/1549/1456 1437/1529/1437 1457/1550/1457
f 1437/1529/1437 1438/1530/1438 1457/1550/1457
f 1457/1550/1457 1438/1530/1438 1458/1551/1458
f 1438/1530/1438 1439/1531/1439 1458/1551/1458
f 1458/1551/1458 1439/1531/1439 1459/1552/1459
f 1439/1531/1439 1440/1532/1440 1459/1552/1459
f 1459/1552/1459 1440/1532/1440 1460/1553/1460
f 1440/1532/1440 1421/1533/1421 1460/1553/1460
f 1460/1553/1460 1421/1533/1421 1441/1554/1441
f 1441/1534/1441 1442/1535/1442 1461/1555/1461
f 1461/1555/1461 1442/1535/1442 1462/1556/1462
f 1442/1535/1442 1443/1536/1443 1462/1556/1462
f 1462/1556/1462 1443/1536/1443 1463/1557/1463
f 1443/1536/1443 1444/1537/1444 1463/1557/1463
f 1463/1557/1463 1444/1537/1444 1464/1558/1464
f 1444/1537/1444 1445/1538/1445 1464/1558/1464
f 1464/1558/1464 1445/1538/1445 1465/1559/1465
f 1445/1538/1445 1446/1539/1446 1465/1559/1465
f 1465/1559/1465 1446/1539/1446 1466/1560/1466
f 1446/1539/1446 1447/1540/1447 1466/1560/1466
f 1466/1560/1466 1447/1540/1447 1467/1561/1467
f 1447/1540/1447 1448/1541/1448 1467/1561/1467
f 1467/1561/1467 1448/1541/1448 1468/1562/1468
f 1448/1541/1448 1449/1542/1449 1468/1562/1468
f 1468/1562/1468 1449/1542/1449 1469/1563/1469
f 1449/1542/1449 1450/1543/1450 1469/1563/1469
f 1469/1563/1469 1450/1543/1450 1470/1564/1470
f 1450/1543/1450 1451/1544/1451 1470/1564/1470
f 1470/1564/1470 1451/1544/1451 1471/1565/1471
f 1451/1544/1451 1452/1545/1452 1471/1565/1471
f 1471/1565/1471 1452/1545/1452 1472/1566/1472
f 1452/1545/1452 1453/1546/1453 1472/1566/1472
f 1472/1566/1472 1453/1546/1453 1473/1567/1473
f 1453/1546/1453 1454/1547/1454 1473/1567/1473
f 1473/1567/1473 1454/1547/1454 1474/1568/1474
f 1454/1547/1454 1455/1548/1455 1474/1568/1474
f 1474/1568/1474 1455/1548/1455 1475/1569/1475
f 1455/1548/1455 1456/1549/1456 1475/1569/1475
f 1475/1569/1475 1456/1549/1456 1476/1570/1476
f 1456/1549/1456 1457/1550/1457 1476/1570/1476
f 1476/1570/1476 1457/1550/1457 1477/1571/1477
f 1457/1550/1457 1458/1551/1458 1477/1571/1477
f 1477/1571/1477 1458/1551/1458 1478/1572/1478
f 1458/1551/1458 1459/1552/1459 1478/1572/1478
f 1478/1572/1478 1459/1552/1459 1479/1573/1479
f 1459/1552/1459 1460/1553/1460 1479/1573/1479
f 1479/1573/1479 1460/1553/1460 1480/1574/1480
f 1460/1553/1460 1441/1554/1441 1480/1574/1480
f 1480/1574/1480 1441/1554/1441 1461/1575/1461
f 1461/1555/1461 1462/1556/1462 1481/1576/1481
f 1481/1576/1481 1462/1556/1462 1482/1577/1482
f 1462/1556/1462 1463/1557/1463 1482/1577/1482
f 1482/1577/1482 1463/1557/1463 1483/1578/1483
f 1463/1557/1463 1464/1558/1464 1483/1578/1483
f 1483/1578/1483 1464/1558/1464 1484/1579/1484
f 1464/1558/1464 1465/1559/1465 1484/1579/1484
f 1484/1579/1484 1465/1559/1465 1485/1580/1485
f 1465/1559/1465 1466/1560/1466 1485/1580/1485
f 1485/1580/1485 1466/1560/1466 1486/1581/1486
f 1466/1560/1466 1467/1561/1467 1486/1581/1486
f 1486/1581/1486 1467/1561/1467 1487/1582/1487
f 1467/1561/1467 1468/1562/1468 1487/1582/1487
f 1487/1582/1487 1468/1562/1468 1488/1583/1488
f 1468/1562/1468 1469/1563/1469 1488/1583/1488
f 1488/1583/1488 1469/1563/1469 1489/1584/1489
f 1469/1563/1469 1470/1564/1470 1489/1584/1489
f 1489/1584/1489 1470/1564/1470 1490/1585/1490
f 1470/1564/1470 1471/1565/1471 1490/1585/1490
f 1490/1585/1490 1471/1565/1471 1491/1586/1491
f 1471/1565/1471 1472/1566/1472 1491/1586/1491
f 1491/1586/1491 1472/1566/1472 1492/1587/1492
f 1472/1566/1472 1473/1567/1473 1492/1587/1492
f 1492/1587/1492 1473/1567/1473 1493/1588/1493
f 1473/1567/1473 1474/1568/1474 1493/1588/1493
f 1493/1588/1493 1474/1568/1474 1494/1589/1494
f 1474/1568/1474 1475/1569/1475 1494/1589/1494
f 1494/1589/1494 1475/1569/1475 1495/1590/1495
f 1475/1569/1475 1476/1570/1476 1495/1590/1495
f 1495/1590/1495 1476/1570/1476 1496/1591/1496
f 1476/1570/1476 1477/1571/1477 1496/1591/1496
f 1496/1591/1496 1477/1571/1477 1497/1592/1497
f 1477/1571/1477 1478/1572/1478 1497/1592/1497
f 1497/1592/1497 1478/1572/1478 1498/1593/1498
f 1478/1572/1478 1479/1573/1479 1498/1593/1498
f 1498/1593/1498 1479/1573/1479 1499/1594/1499
f 1479/1573/1479 1480/1574/1480 1499/1594/1499
f 1499/1594/1499 1480/1574/1480 1500/1595/1500
f 1480/1574/1480 1461/1575/1461 1500/1595/1500
f 1500/1595/1500 1461/1575/1461 1481/1596/1481
f 1481/1576/1481 1482/1577/1482 1501/1597/1501
f 1501/1597/1501 1482/1577/1482 1502/1598/1502
f 1482/1577/1482 1483/1578/1483 1502/1598/1502
f 1502/1598/1502 1483/1578/1483 1503/1599/1503
f 1483/1578/1483 1484/1579/1484 1503/1599/1503
f 1503/1599/1503 1484/1579/1484 1504/1600/1504
f 1484/1579/1484 1485/1580/1485 1504/1600/1504
f 1504/1600/1504 1485/1580/1485 1505/1601/1505
f 1485/1580/1485 1486/1581/1486 1505/1601/1505
f 1505/1601/1505 1486/1581/1486 1506/1602/1506
f 1486/1581/1486 1487/1582/1487 1506/1602/1506
f 1506/1602/1506 1487/1582/1487 1507/1603/1507
f 1487/1582/1487 1488/1583/1488 1507/1603/1507
f 1507/1603/1507 1488/1583/1488 1508/1604/1508
f 1488/1583/1488 1489/1584/1489 1508/1604/1508
f 1508/1604/1508 1489/1584/1489 1509/1605/1509
f 1489/1584/1489 1490/1585/1490 1509/1605/1509
f 1509/1605/1509 1490/1585/1490 1510/1606/1510
f 1490/1585/1490 1491/1586/1491 1510/1606/1510
f 1510/1606/1510 1491/1586/1491 1511/1607/1511
f 1491/1586/1491 1492/1587/1492 1511/1607/1511
f 1511/1607/1511 1492/1587/1492 1512/1608/1512
f 1492/1587/1492 1493/1588/1493 1512/1608/1512
f 1512/1608/1512 1493/1588/1493 1513/1609/1513
f 1493/1588/1493 1494/1589/1494 1513/1609/1513
f 1513/1609/1513 1494/1589/1494 1514/1610/1514
f 1494/1589/1494 1495/1590/1495 1514/1610/1514
f 1514/1610/1514 1495/1590/1495 1515/1611/1515
f 1495/1590/1495 1496/1591/1496 1515/1611/1515
f 1515/1611/1515 1496/1591/1496 1516/1612/1516
f 1496/1591/1496 1497/1592/1497 1516/1612/1516
f 1516/1612/1516 1497/1592/1497 1517/1613/1517
f 1497/1592/1497 1498/1593/1498 1517/1613/1517
f 1517/1613/1517 1498/1593/1498 1518/1614/1518
f 1498/1593/1498 1499/1594/1499 1518/1614/1518
f 1518/1614/1518 1499/1594/1499 1519/1615/1519
f 1499/1594/1499 1500/1595/1500 1519/1615/1519
f 1519/1615/1519 1500/1595/1500 1520/1616/1520
f 1500/1595/1500 1481/1596/1481 1520/1616/1520
f 1520/1616/1520 1481/1596/1481 1501/1617/1501
f 1501/1597/1501 1502/1598/1502 1521/1618/1521
f 1521/1618/1521 1502/1598/1502 1522/1619/1522
f 1502/1598/1502 1503/1599/1503 1522/1619/1522
f 1522/1619/1522 1503/1599/1503 1523/1620/1523
f 1503/1599/1503 1504/1600/1504 1523/1620/1523
f 1523/1620/1523 1504/1600/1504 1524/1621/1524
f 1504/1600/1504 1505/1601/1505 1524/1621/1524
f 1524/1621/1524 1505/1601/1505 1525/1622/1525
f 1505/1601/1505 1506/1602/1506 1525/1622/1525
f 1525/1622/1525 1506/1602/1506 1526/1623/1526
f 1506/1602/1506 1507/1603/1507 1526/1623/1526
f 1526/1623/1526 1507/1603/1507 1527/1624/1527
f 1507/1603/1507 1508/1604/1508 1527/1624/1527
f 1527/1624/1527 1508/1604/1508 1528/1625/1528
f 1508/1604/1508 1509/1605/1509 1528/1625/1528
f 1528/1625/1528 1509/1605/1509 1529/1626/1529
f 1509/1605/1509 1510/1606/1510 1529/1626/1529
f 1529/1626/1529 1510/1606/1510 1530/1627/1530
f 1510/1606/1510 1511/1607/1511 1530/1627/1530
f 1530/1627/1530 1511/1607/1511 1531/1628/1531
f 1511/1607/1511 1512/1608/1512 1531/1628/1531
f 1531/1628/1531 1512/1608/1512 1532/1629/1532
f 1512/1608/1512 1513/1609/1513 1532/1629/1532
f 1532/1629/1532 1513/1609/1513 1533/1630/1533
f 1513/1609/1513 1514/1610/1514 1533/1630/1533
f 1533/1630/1533 1514/1610/1514 1534/1631/1534
f 1514/1610/1514 1515/1611/1515 1534/1631/1534
f 1534/1631/1534 1515/1611/1515 1535/1632/1535
f 1515/1611/1515 1516/1612/1516 1535/1632/1535
f 1535/1632/1535 1516/1612/1516 1536/1633/1536
f 1516/1612/1516 1517/1613/1517 1536/1633/1536
f 1536/1633/1536 1517/1613/1517 1537/1634/1537
f 1517/1613/1517 1518/1614/1518 1537/1634/1537
f 1537/1634/1537 1518/1614/1518 1538/1635/1538
f 1518/1614/1518 1519/1615/1519 1538/1635/1538
f 1538/1635/1538 1519/1615/1519 1539/1636/1539
f 1519/1615/1519 1520/1616/1520 1539/1636/1539
f 1539/1636/1539 1520/1616/1520 1540/1637/1540
f 1520/1616/1520 1501/1617/1501 1540/1637/1540
f 1540/1637/1540 1501/1617/1501 1521/1638/1521
f 1521/1618/1521 1522/1619/1522 1541/1639/1541
f 1541/1639/1541 1522/1619/1522 1542/1640/1542
f 1522/1619/1522 1523/1620/1523 1542/1640/1542
f 1542/1640/1542 1523/1620/1523 1543/1641/1543
f 1523/1620/1523 1524/1621/1524 1543/1641/1543
f 1543/1641/1543 1524/1621/1524 1544/1642/1544
f 1524/1621/1524 1525/1622/1525 1544/1642/1544
f 1544/1642/1544 1525/1622/1525 1545/1643/1545
f 1525/1622/1525 1526/1623/1526 1545/1643/1545
f 1545/1643/1545 1526/1623/1526 1546/1644/1546
f 1526/1623/1526 1527/1624/1527 1546/1644/1546
f 1546/1644/1546 1527/1624/1527 1547/1645/1547
f 1527/1624/1527 1528/1625/1528 1547/1645/1547
f 1547/1645/1547 1528/1625/1528 1548/1646/1548
f 1528/1625/1528 1529/1626/1529 1548/1646/1548
f 1548/1646/1548 1529/1626/1529 1549/1647/1549
f 1529/1626/1529 1530/1627/1530 1549/1647/1549
f 1549/1647/1549 1530/1627/1530 1550/1648/1550
f 1530/1627/1530 1531/1628/1531 1550/1648/1550
f 1550/1648/1550 1531/1628/1531 1551/1649/1551
f 1531/1628/1531 1532/1629/1532 1551/1649/1551
f 1551/1649/1551 1532/1629/1532 1552/1650/1552
f 1532/1629/1532 1533/1630/1533 1552/1650/1552
f 1552/1650/1552 1533/1630/1533 1553/1651/1553
f 1533/1630/1533 1534/1631/1534 1553/1651/1553
f 1553/1651/1553 1534/1631/1534 1554/1652/1554
f 1534/1631/1534 1535/1632/1535 1554/1652/1554
f 1554/1652/1554 1535/1632/1535 1555/1653/1555
f 1535/1632/1535 1536/1633/1536 1555/1653/1555
f 1555/1653/1555 1536/1633/1536 1556/1654/1556
f 1536/1633/1536 1537/1634/1537 1556/1654/1556
f 1556/1654/1556 1537/1634/1537 1557/1655/1557
f 1537/1634/1537 1538/1635/1538 1557/1655/1557
f 1557/1655/1557 1538/1635/1538 1558/1656/1558
f 1538/1635/1538 1539/1636/1539 1558/1656/1558
f 1558/1656/1558 1539/1636/1539 1559/1657/1559
f 1539/1636/1539 1540/1637/1540 1559/1657/1559
f 1559/1657/1559 1540/1637/1540 1560/1658/1560
f 1540/1637/1540 1521/1638/1521 1560/1658/1560
f 1560/1658/1560 1521/1638/1521 1541/1659/1541
f 1541/1639/1541 1542/1640/1542 1561/1660/1561
f 1561/1660/1561 1542/1640/1542 1562/1661/1562
f 1542/1640/1542 1543/1641/1543 1562/1661/1562
f 1562/1661/1562 1543/1641/1543 1563/1662/1563
f 1543/1641/1543 1544/1642/1544 1563/1662/1563
f 1563/1662/1563 1544/1642/1544 1564/1663/1564
f 1544/1642/1544 1545/1643/1545 1564/1663/1564
f 1564/1663/1564 1545/1643/1545 1565/1664/1565
f 1545/1643/1545 1546/1644/1546 1565/1664/1565
f 1565/1664/1565 1546/1644/1546 1566/1665/1566
f 1546/1644/1546 1547/1645/1547 1566/1665/1566
f 1566/1665/1566 1547/1645/1547 1567/1666/1567
f 1547/1645/1547 1548/1646/1548 1567/1666/1567
f 1567/1666/1567 1548/1646/1548 1568/1667/1568
f 1548/1646/1548 1549/1647/1549 1568/1667/1568
f 1568/1667/1568 1549/1647/1549 1569/1668/1569
f 1549/1647/1549 1550/1648/1550 1569/1668/1569
f 1569/1668/1569 1550/1648/1550 1570/1669/1570
f 1550/1648/1550 1551/1649/1551 1570/1669/1570
f 1570/1669/1570 1551/1649/1551 1571/1670/1571
f 1551/1649/1551 1552/1650/1552 1571/1670/1571
f 1571/1670/1571 1552/1650/1552 1572/1671/1572
f 1552/1650/1552 1553/1651/1553 1572/1671/1572
f 1572/1671/1572 1553/1651/1553 1573/1672/1573
f 1553/1651/1553 1554/1652/1554 1573/1672/1573
f 1573/1672/1573 1554/1652/1554 1574/1673/1574
f 1554/1652/1554 1555/1653/1555 1574/1673/1574
f 1574/1673/1574 1555/1653/1555 1575/1674/1575
f 1555/1653/1555 1556/1654/1556 1575/1674/1575
f 1575/1674/1575 1556/1654/1556 1576/1675/1576
f 1556/1654/1556 1557/1655/1557 1576/1675/1576
f 1576/1675/1576 1557/1655/1557 1577/1676/1577
f 1557/1655/1557 1558/1656/1558 1577/1676/1577
f 1577/1676/1577 1558/1656/1558 1578/1677/1578
f 1558/1656/1558 1559/1657/1559 1578/1677/1578
f 1578/1677/1578 1559/1657/1559 1579/1678/1579
f 1559/1657/1559 1560/1658/1560 1579/1678/1579
f 1579/1678/1579 1560/1658/1560 1580/1679/1580
f 1560/1658/1560 1541/1659/1541 1580/1679/1580
f 1580/1679/1580 1541/1659/1541 1561/1680/1561
f 1202/1283/1202 1201/1282/1201 1581/1681/1581
f 1203/1284/1205 1202/1283/1202 1581/1682/1581
f 1204/1285/1207 1203/1284/1205 1581/1683/1581
f 1205/1286/1209 1204/1285/1207 1581/1684/1581
f 1206/1287/1211 1205/1286/1209 1581/1685/1581
f 1207/1288/1213 1206/1287/1211 1581/1686/1581
f 1208/1289/1215 1207/1288/1213 1581/1687/1581
f 1209/1290/1217 1208/1289/1215 1581/1688/1581
f 1210/1291/1219 1209/1290/1217 1581/1689/1581
f 1211/1292/1221 1210/1291/1219 1581/1690/1581
f 1212/1293/1223 1211/1292/1221 1581/1691/1581
f 1213/1294/1225 1212/1293/1223 1581/1692/1581
f 1214/1295/1227 1213/1294/1225 1581/1693/1581
f 1215/1296/1229 1214/1295/1227 1581/1694/1581
f 1216/1297/1231 1215/1296/1229 1581/1695/1581
f 1217/1298/1233 1216/1297/1231 1581/1696/1581
f 1218/1299/1235 1217/1298/1233 1581/1697/1581
f 1219/1300/1237 1218/1299/1235 1581/1698/1581
f 1220/1301/1239 1219/1300/1237 1581/1699/1581
f 1201/1302/1201 1220/1301/1239 1581/1700/1581
f 1561/1660/1561 1562/1661/1562 1582/1701/1582
f 1562/1661/1562 1563/1662/1563 1582/1702/1582
f 1563/1662/1563 1564/1663/1564 1582/1703/1582
f 1564/1663/1564 1565/1664/1565 1582/1704/1582
f 1565/1664/1565 1566/1665/1566 1582/1705/1582
f 1566/1665/1566 1567/1666/1567 1582/1706/1582
f 1567/1666/1567 1568/1667/1568 1582/1707/1582
f 1568/1667/1568 1569/1668/1569 1582/1708/1582
f 1569/1668/1569 1570/1669/1570 1582/1709/1582
f 1570/1669/1570 1571/1670/1571 1582/1710/1582
f 1571/1670/1571 1572/1671/1572 1582/1711/1582
f 1572/1671/1572 1573/1672/1573 1582/1712/1582
f 1573/1672/1573 1574/1673/1574 1582/1713/1582
f 1574/1673/1574 1575/1674/1575 1582/1714/1582
f 1575/1674/1575 1576/1675/1576 1582/1715/1582
f 1576/1675/1576 1577/1676/1577 1582/1716/1582
f 1577/1676/1577 1578/1677/1578 1582/1717/1582
f 1578/1677/1578 1579/1678/1579 1582/1718/1582
f 1579/1678/1579 1580/1679/1580 1582/1719/1582
f 1580/1679/1580 1561/1680/1561 1582/1720/1582
