# This file uses centimeters as units for non-parametric coordinates.

mtllib item_energydrink.mtl
g default
v 0.239811 -0.832794 -0.077919
v 0.203995 -0.832794 -0.148211
v 0.148211 -0.832794 -0.203995
v 0.077919 -0.832794 -0.239811
v 0.000000 -0.832794 -0.252152
v -0.077919 -0.832794 -0.239811
v -0.148211 -0.832794 -0.203995
v -0.203995 -0.832794 -0.148211
v -0.239811 -0.832794 -0.077919
v -0.252152 -0.832794 0.000000
v -0.239811 -0.832794 0.077919
v -0.203995 -0.832794 0.148211
v -0.148211 -0.832794 0.203995
v -0.077919 -0.832794 0.239811
v 0.000000 -0.832794 0.252152
v 0.077919 -0.832794 0.239811
v 0.148211 -0.832794 0.203995
v 0.203995 -0.832794 0.148211
v 0.239811 -0.832794 0.077919
v 0.252152 -0.832794 0.000000
v 0.364038 -0.857288 -0.118283
v 0.309669 -0.857288 -0.224988
v 0.224988 -0.857288 -0.309669
v 0.118283 -0.857288 -0.364038
v 0.000000 -0.857288 -0.382772
v -0.118283 -0.857288 -0.364038
v -0.224988 -0.857288 -0.309669
v -0.309669 -0.857288 -0.224988
v -0.364038 -0.857288 -0.118283
v -0.382772 -0.857288 0.000000
v -0.364038 -0.857288 0.118283
v -0.309669 -0.857288 0.224988
v -0.224988 -0.857288 0.309669
v -0.118283 -0.857288 0.364038
v 0.000000 -0.857288 0.382772
v 0.118283 -0.857288 0.364038
v 0.224988 -0.857288 0.309669
v 0.309669 -0.857288 0.224988
v 0.364038 -0.857288 0.118283
v 0.382772 -0.857288 0.000000
v 0.405201 -0.792683 -0.131658
v 0.344684 -0.792683 -0.250428
v 0.250428 -0.792683 -0.344685
v 0.131658 -0.792683 -0.405201
v 0.000000 -0.792683 -0.426053
v -0.131658 -0.792683 -0.405201
v -0.250428 -0.792683 -0.344684
v -0.344684 -0.792683 -0.250428
v -0.405201 -0.792683 -0.131658
v -0.426053 -0.792683 0.000000
v -0.405201 -0.792683 0.131658
v -0.344684 -0.792683 0.250428
v -0.250428 -0.792683 0.344684
v -0.131658 -0.792683 0.405201
v 0.000000 -0.792683 0.426053
v 0.131658 -0.792683 0.405201
v 0.250428 -0.792683 0.344684
v 0.344684 -0.792683 0.250428
v 0.405201 -0.792683 0.131658
v 0.426053 -0.792683 0.000000
v 0.453473 -0.865079 -0.147342
v 0.385747 -0.865079 -0.280261
v 0.280261 -0.865079 -0.385747
v 0.147342 -0.865079 -0.453473
v 0.000000 -0.865079 -0.476809
v -0.147342 -0.865079 -0.453472
v -0.280261 -0.865079 -0.385747
v -0.385747 -0.865079 -0.280261
v -0.453472 -0.865079 -0.147342
v -0.476809 -0.865079 0.000000
v -0.453472 -0.865079 0.147342
v -0.385747 -0.865079 0.280261
v -0.280261 -0.865079 0.385747
v -0.147342 -0.865079 0.453472
v 0.000000 -0.865079 0.476809
v 0.147342 -0.865079 0.453472
v 0.280261 -0.865079 0.385747
v 0.385747 -0.865079 0.280261
v 0.453472 -0.865079 0.147342
v 0.476809 -0.865079 0.000000
v 0.443428 -0.618354 -0.144079
v 0.377203 -0.618354 -0.274054
v 0.274054 -0.618354 -0.377203
v 0.144079 -0.618354 -0.443428
v 0.000000 -0.618354 -0.466248
v -0.144079 -0.618354 -0.443428
v -0.274054 -0.618354 -0.377203
v -0.377203 -0.618354 -0.274054
v -0.443428 -0.618354 -0.144079
v -0.466248 -0.618354 0.000000
v -0.443428 -0.618354 0.144079
v -0.377202 -0.618354 0.274054
v -0.274054 -0.618354 0.377203
v -0.144079 -0.618354 0.443428
v 0.000000 -0.618354 0.466248
v 0.144078 -0.618354 0.443428
v 0.274054 -0.618354 0.377202
v 0.377202 -0.618354 0.274054
v 0.443428 -0.618354 0.144079
v 0.466248 -0.618354 0.000000
v 0.453473 -0.389330 -0.147342
v 0.385747 -0.389330 -0.280261
v 0.280261 -0.389330 -0.385747
v 0.147342 -0.389330 -0.453473
v 0.000000 -0.389330 -0.476809
v -0.147342 -0.389330 -0.453472
v -0.280261 -0.389330 -0.385747
v -0.385747 -0.389330 -0.280261
v -0.453472 -0.389330 -0.147342
v -0.476809 -0.389330 0.000000
v -0.453472 -0.389330 0.147342
v -0.385747 -0.389330 0.280261
v -0.280261 -0.389330 0.385747
v -0.147342 -0.389330 0.453472
v 0.000000 -0.389330 0.476809
v 0.147342 -0.389330 0.453472
v 0.280261 -0.389330 0.385747
v 0.385747 -0.389330 0.280261
v 0.453472 -0.389330 0.147342
v 0.476809 -0.389330 0.000000
v 0.443428 -0.186106 -0.144079
v 0.377203 -0.186106 -0.274054
v 0.274054 -0.186106 -0.377203
v 0.144079 -0.186106 -0.443428
v 0.000000 -0.186106 -0.466248
v -0.144079 -0.186106 -0.443428
v -0.274054 -0.186106 -0.377203
v -0.377203 -0.186106 -0.274054
v -0.443428 -0.186106 -0.144079
v -0.466248 -0.186106 0.000000
v -0.443428 -0.186106 0.144079
v -0.377202 -0.186106 0.274054
v -0.274054 -0.186106 0.377203
v -0.144079 -0.186106 0.443428
v 0.000000 -0.186106 0.466248
v 0.144078 -0.186106 0.443428
v 0.274054 -0.186106 0.377202
v 0.377202 -0.186106 0.274054
v 0.443428 -0.186106 0.144079
v 0.466248 -0.186106 0.000000
v 0.453473 -0.034832 -0.147342
v 0.385747 -0.034832 -0.280261
v 0.280261 -0.034832 -0.385747
v 0.147342 -0.034832 -0.453473
v 0.000000 -0.034832 -0.476809
v -0.147342 -0.034832 -0.453472
v -0.280261 -0.034832 -0.385747
v -0.385747 -0.034832 -0.280261
v -0.453472 -0.034832 -0.147342
v -0.476809 -0.034832 0.000000
v -0.453472 -0.034832 0.147342
v -0.385747 -0.034832 0.280261
v -0.280261 -0.034832 0.385747
v -0.147342 -0.034832 0.453472
v 0.000000 -0.034832 0.476809
v 0.147342 -0.034832 0.453472
v 0.280261 -0.034832 0.385747
v 0.385747 -0.034832 0.280261
v 0.453472 -0.034832 0.147342
v 0.476809 -0.034832 0.000000
v 0.453473 0.165678 -0.147342
v 0.385747 0.165678 -0.280261
v 0.280261 0.165678 -0.385747
v 0.147342 0.165678 -0.453473
v 0.000000 0.165678 -0.476809
v -0.147342 0.165678 -0.453472
v -0.280261 0.165678 -0.385747
v -0.385747 0.165678 -0.280261
v -0.453472 0.165678 -0.147342
v -0.476809 0.165678 0.000000
v -0.453472 0.165678 0.147342
v -0.385747 0.165678 0.280261
v -0.280261 0.165678 0.385747
v -0.147342 0.165678 0.453472
v 0.000000 0.165678 0.476809
v 0.147342 0.165678 0.453472
v 0.280261 0.165678 0.385747
v 0.385747 0.165678 0.280261
v 0.453472 0.165678 0.147342
v 0.476809 0.165678 0.000000
v 0.443515 0.371394 -0.144107
v 0.377276 0.371394 -0.274107
v 0.274107 0.371394 -0.377276
v 0.144107 0.371394 -0.443515
v 0.000000 0.371394 -0.466339
v -0.144107 0.371394 -0.443515
v -0.274107 0.371394 -0.377276
v -0.377276 0.371394 -0.274107
v -0.443515 0.371394 -0.144107
v -0.466339 0.371394 0.000000
v -0.443515 0.371394 0.144107
v -0.377276 0.371394 0.274107
v -0.274107 0.371394 0.377276
v -0.144107 0.371394 0.443515
v 0.000000 0.371394 0.466339
v 0.144107 0.371394 0.443515
v 0.274107 0.371394 0.377276
v 0.377276 0.371394 0.274107
v 0.443515 0.371394 0.144107
v 0.466339 0.371394 0.000000
v 0.445510 0.588163 -0.144755
v 0.378973 0.588163 -0.275340
v 0.275340 0.588163 -0.378973
v 0.144755 0.588163 -0.445510
v 0.000000 0.588163 -0.468437
v -0.144755 0.588163 -0.445510
v -0.275340 0.588163 -0.378973
v -0.378973 0.588163 -0.275340
v -0.445510 0.588163 -0.144755
v -0.468436 0.588163 0.000000
v -0.445510 0.588163 0.144755
v -0.378973 0.588163 0.275340
v -0.275340 0.588163 0.378973
v -0.144755 0.588163 0.445509
v 0.000000 0.588163 0.468436
v 0.144755 0.588163 0.445509
v 0.275340 0.588163 0.378973
v 0.378973 0.588163 0.275340
v 0.445509 0.588163 0.144755
v 0.468436 0.588163 0.000000
v 0.424197 0.745984 -0.137830
v 0.360844 0.745984 -0.262168
v 0.262168 0.745984 -0.360844
v 0.137830 0.745984 -0.424197
v 0.000000 0.745984 -0.446027
v -0.137830 0.745984 -0.424197
v -0.262168 0.745984 -0.360844
v -0.360844 0.745984 -0.262168
v -0.424197 0.745984 -0.137830
v -0.446027 0.745984 0.000000
v -0.424197 0.745984 0.137830
v -0.360844 0.745984 0.262168
v -0.262168 0.745984 0.360844
v -0.137830 0.745984 0.424197
v 0.000000 0.745984 0.446027
v 0.137830 0.745984 0.424197
v 0.262168 0.745984 0.360844
v 0.360844 0.745984 0.262168
v 0.424197 0.745984 0.137830
v 0.446027 0.745984 0.000000
v 0.413727 0.870696 -0.134428
v 0.351937 0.870696 -0.255697
v 0.255697 0.870696 -0.351937
v 0.134428 0.870696 -0.413727
v 0.000000 0.870696 -0.435018
v -0.134428 0.870696 -0.413727
v -0.255697 0.870696 -0.351937
v -0.351937 0.870696 -0.255697
v -0.413726 0.870696 -0.134428
v -0.435018 0.870696 0.000000
v -0.413726 0.870696 0.134428
v -0.351937 0.870696 0.255697
v -0.255697 0.870696 0.351937
v -0.134428 0.870696 0.413726
v 0.000000 0.870696 0.435018
v 0.134428 0.870696 0.413726
v 0.255697 0.870696 0.351937
v 0.351937 0.870696 0.255697
v 0.413726 0.870696 0.134428
v 0.435018 0.870696 0.000000
v 0.385722 0.870696 -0.125329
v 0.328115 0.870696 -0.238389
v 0.238389 0.870696 -0.328115
v 0.125329 0.870696 -0.385722
v 0.000000 0.870696 -0.405572
v -0.125329 0.870696 -0.385722
v -0.238389 0.870696 -0.328115
v -0.328115 0.870696 -0.238389
v -0.385722 0.870696 -0.125329
v -0.405572 0.870696 0.000000
v -0.385722 0.870696 0.125329
v -0.328115 0.870696 0.238389
v -0.238389 0.870696 0.328115
v -0.125329 0.870696 0.385722
v 0.000000 0.870696 0.405572
v 0.125329 0.870696 0.385722
v 0.238389 0.870696 0.328115
v 0.328115 0.870696 0.238389
v 0.385722 0.870696 0.125329
v 0.405572 0.870696 0.000000
v 0.350680 0.857486 -0.113943
v 0.298306 0.857486 -0.216732
v 0.216732 0.857486 -0.298306
v 0.113943 0.857486 -0.350679
v 0.000000 0.857486 -0.368726
v -0.113943 0.857486 -0.350679
v -0.216732 0.857486 -0.298306
v -0.298306 0.857486 -0.216732
v -0.350679 0.857486 -0.113943
v -0.368726 0.857486 0.000000
v -0.350679 0.857486 0.113943
v -0.298306 0.857486 0.216732
v -0.216732 0.857486 0.298306
v -0.113943 0.857486 0.350679
v 0.000000 0.857486 0.368726
v 0.113943 0.857486 0.350679
v 0.216732 0.857486 0.298306
v 0.298306 0.857486 0.216732
v 0.350679 0.857486 0.113943
v 0.368726 0.857486 0.000000
v 0.239508 0.857486 -0.077821
v 0.203738 0.857486 -0.148024
v 0.148024 0.857486 -0.203738
v 0.077821 0.857486 -0.239508
v 0.000000 0.857486 -0.251834
v -0.077821 0.857486 -0.239508
v -0.148024 0.857486 -0.203738
v -0.203738 0.857486 -0.148024
v -0.239508 0.857486 -0.077821
v -0.251834 0.857486 0.000000
v -0.239508 0.857486 0.077821
v -0.203738 0.857486 0.148024
v -0.148024 0.857486 0.203738
v -0.077821 0.857486 0.239508
v 0.000000 0.857486 0.251834
v 0.077821 0.857486 0.239508
v 0.148024 0.857486 0.203738
v 0.203738 0.857486 0.148024
v 0.239508 0.857486 0.077821
v 0.251834 0.857486 0.000000
v 0.000000 -0.772092 0.000000
v 0.000000 0.857486 0.000000
vt 0.303294 0.748514
vt 0.296054 0.734305
vt 0.351770 0.732763
vt 0.337290 0.704345
vt 0.284778 0.723028
vt 0.314737 0.681792
vt 0.270569 0.715788
vt 0.286320 0.667313
vt 0.254818 0.713294
vt 0.254818 0.662324
vt 0.239067 0.715789
vt 0.223317 0.667313
vt 0.224858 0.723028
vt 0.194899 0.681792
vt 0.213582 0.734305
vt 0.172346 0.704345
vt 0.206342 0.748514
vt 0.157867 0.732763
vt 0.203848 0.764264
vt 0.152878 0.764264
vt 0.206342 0.780015
vt 0.157867 0.795766
vt 0.213582 0.794224
vt 0.172346 0.824183
vt 0.224858 0.805500
vt 0.194899 0.846736
vt 0.239067 0.812740
vt 0.223317 0.861215
vt 0.254818 0.815235
vt 0.254818 0.866205
vt 0.270569 0.812740
vt 0.286320 0.861215
vt 0.284778 0.805500
vt 0.314737 0.846736
vt 0.296054 0.794224
vt 0.337290 0.824183
vt 0.303294 0.780015
vt 0.351770 0.795766
vt 0.305788 0.764264
vt 0.356759 0.764264
vt 0.400245 0.717012
vt 0.378526 0.674385
vt 0.344697 0.640557
vt 0.302070 0.618837
vt 0.254818 0.611353
vt 0.207566 0.618837
vt 0.164939 0.640557
vt 0.131111 0.674385
vt 0.109391 0.717012
vt 0.101907 0.764264
vt 0.109391 0.811516
vt 0.131111 0.854143
vt 0.164939 0.887972
vt 0.207566 0.909691
vt 0.254818 0.917175
vt 0.302070 0.909691
vt 0.344697 0.887972
vt 0.378526 0.854143
vt 0.400245 0.811516
vt 0.407729 0.764264
vt 0.448721 0.701261
vt 0.419762 0.644426
vt 0.374657 0.599321
vt 0.317821 0.570361
vt 0.254818 0.560383
vt 0.191815 0.570362
vt 0.134980 0.599321
vt 0.091531 0.644426
vt 0.060147 0.701261
vt 0.049865 0.764264
vt 0.062354 0.827267
vt 0.089875 0.884103
vt 0.134980 0.929208
vt 0.191815 0.958167
vt 0.254818 0.968146
vt 0.317821 0.958167
vt 0.374657 0.929208
vt 0.419762 0.884103
vt 0.448721 0.827267
vt 0.458699 0.764264
vt -0.034623 0.022219
vt 0.016242 0.022236
vt -0.032892 0.076178
vt 0.017972 0.076195
vt 0.067108 0.022254
vt 0.068838 0.076213
vt 0.117973 0.022272
vt 0.119704 0.076231
vt 0.168839 0.022290
vt 0.170570 0.076248
vt 0.219705 0.022307
vt 0.221436 0.076266
vt 0.270571 0.022325
vt 0.272301 0.076284
vt 0.321436 0.022343
vt 0.323167 0.076302
vt 0.372302 0.022361
vt 0.374032 0.076319
vt 0.423168 0.022378
vt 0.424898 0.076337
vt 0.474034 0.022396
vt 0.475764 0.076355
vt 0.524899 0.022414
vt 0.526630 0.076373
vt 0.575765 0.022432
vt 0.577495 0.076390
vt 0.626630 0.022449
vt 0.628361 0.076408
vt 0.677496 0.022467
vt 0.679227 0.076426
vt 0.728362 0.022485
vt 0.730092 0.076444
vt 0.779228 0.022502
vt 0.780958 0.076461
vt 0.830093 0.022520
vt 0.831824 0.076479
vt 0.880959 0.022538
vt 0.882689 0.076497
vt 0.931825 0.022556
vt 0.933555 0.076515
vt 0.982691 0.022573
vt 0.984421 0.076532
vt -0.031162 0.130136
vt 0.019703 0.130154
vt 0.070569 0.130172
vt 0.121434 0.130190
vt 0.172300 0.130207
vt 0.223166 0.130225
vt 0.274031 0.130243
vt 0.324897 0.130260
vt 0.375763 0.130278
vt 0.426628 0.130296
vt 0.477494 0.130314
vt 0.528360 0.130331
vt 0.579226 0.130349
vt 0.630091 0.130367
vt 0.680957 0.130385
vt 0.731822 0.130402
vt 0.782689 0.130420
vt 0.833554 0.130438
vt 0.884420 0.130456
vt 0.935286 0.130473
vt 0.986151 0.130491
vt -0.029432 0.184095
vt 0.021433 0.184113
vt 0.072299 0.184131
vt 0.123165 0.184148
vt 0.174030 0.184166
vt 0.224896 0.184184
vt 0.275762 0.184202
vt 0.326628 0.184219
vt 0.377493 0.184237
vt 0.428359 0.184255
vt 0.479225 0.184272
vt 0.530090 0.184290
vt 0.580956 0.184308
vt 0.631822 0.184326
vt 0.682687 0.184343
vt 0.733553 0.184361
vt 0.784419 0.184379
vt 0.835284 0.184397
vt 0.886150 0.184414
vt 0.937016 0.184432
vt 0.987882 0.184450
vt -0.027701 0.238054
vt 0.023163 0.238072
vt 0.074029 0.238089
vt 0.124895 0.238107
vt 0.175761 0.238125
vt 0.226627 0.238143
vt 0.277492 0.238160
vt 0.328358 0.238178
vt 0.379224 0.238196
vt 0.430089 0.238213
vt 0.480955 0.238231
vt 0.531821 0.238249
vt 0.582687 0.238267
vt 0.633552 0.238284
vt 0.684418 0.238302
vt 0.735283 0.238320
vt 0.786149 0.238338
vt 0.837015 0.238355
vt 0.887881 0.238373
vt 0.938746 0.238391
vt 0.989612 0.238409
vt -0.025971 0.292013
vt 0.024894 0.292030
vt 0.075760 0.292048
vt 0.126625 0.292066
vt 0.177491 0.292084
vt 0.228357 0.292101
vt 0.279223 0.292119
vt 0.330088 0.292137
vt 0.380954 0.292155
vt 0.431820 0.292172
vt 0.482686 0.292190
vt 0.533551 0.292208
vt 0.584417 0.292226
vt 0.635283 0.292243
vt 0.686148 0.292261
vt 0.737014 0.292279
vt 0.787880 0.292296
vt 0.838745 0.292314
vt 0.889611 0.292332
vt 0.940477 0.292350
vt 0.991342 0.292367
vt -0.024240 0.345971
vt 0.026624 0.345989
vt 0.077490 0.346007
vt 0.128356 0.346025
vt 0.179222 0.346042
vt 0.230088 0.346060
vt 0.280953 0.346078
vt 0.331819 0.346096
vt 0.382685 0.346113
vt 0.433550 0.346131
vt 0.484416 0.346149
vt 0.535282 0.346167
vt 0.586147 0.346184
vt 0.637013 0.346202
vt 0.687879 0.346220
vt 0.738744 0.346238
vt 0.789610 0.346255
vt 0.840476 0.346273
vt 0.891341 0.346291
vt 0.942207 0.346308
vt 0.993073 0.346326
vt -0.022510 0.399930
vt 0.028355 0.399948
vt 0.079221 0.399966
vt 0.130086 0.399983
vt 0.180952 0.400001
vt 0.231818 0.400019
vt 0.282683 0.400037
vt 0.333549 0.400054
vt 0.384415 0.400072
vt 0.435281 0.400090
vt 0.486146 0.400108
vt 0.537012 0.400125
vt 0.587878 0.400143
vt 0.638743 0.400161
vt 0.689609 0.400179
vt 0.740475 0.400196
vt 0.791341 0.400214
vt 0.842206 0.400232
vt 0.893072 0.400250
vt 0.943938 0.400267
vt 0.994803 0.400285
vt -0.020780 0.453889
vt 0.030085 0.453907
vt 0.080951 0.453925
vt 0.131817 0.453942
vt 0.182682 0.453960
vt 0.233548 0.453978
vt 0.284414 0.453996
vt 0.335280 0.454013
vt 0.386145 0.454031
vt 0.437011 0.454049
vt 0.487877 0.454066
vt 0.538742 0.454084
vt 0.589608 0.454102
vt 0.640474 0.454120
vt 0.691340 0.454137
vt 0.742205 0.454155
vt 0.793071 0.454173
vt 0.843937 0.454191
vt 0.894802 0.454208
vt 0.945668 0.454226
vt 0.996534 0.454244
vt -0.019049 0.507848
vt 0.031816 0.507866
vt 0.082681 0.507883
vt 0.133547 0.507901
vt 0.184413 0.507919
vt 0.235279 0.507937
vt 0.286144 0.507954
vt 0.337010 0.507972
vt 0.387876 0.507990
vt 0.438741 0.508008
vt 0.489607 0.508025
vt 0.540473 0.508043
vt 0.591339 0.508061
vt 0.642204 0.508078
vt 0.693070 0.508096
vt 0.743935 0.508114
vt 0.794801 0.508132
vt 0.845667 0.508149
vt 0.896533 0.508167
vt 0.947398 0.508185
vt 0.998264 0.508203
vt 0.819678 0.529674
vt 0.887658 0.569209
vt 0.800840 0.592551
vt 0.851824 0.618529
vt 0.941606 0.623157
vt 0.892285 0.658991
vt 0.976244 0.691137
vt 0.918264 0.709976
vt 0.988179 0.766492
vt 0.927215 0.766492
vt 0.976244 0.841848
vt 0.918264 0.823009
vt 0.941607 0.909827
vt 0.892285 0.873994
vt 0.887658 0.963776
vt 0.851824 0.914455
vt 0.819678 0.998414
vt 0.800840 0.940434
vt 0.744323 1.010349
vt 0.744323 0.949384
vt 0.668967 0.998414
vt 0.687806 0.940434
vt 0.600987 0.963776
vt 0.636821 0.914455
vt 0.547039 0.909828
vt 0.596360 0.873994
vt 0.512401 0.841848
vt 0.570381 0.823009
vt 0.500466 0.766492
vt 0.561430 0.766492
vt 0.512401 0.691137
vt 0.570381 0.709976
vt 0.547039 0.623157
vt 0.596360 0.658991
vt 0.600987 0.569208
vt 0.636821 0.618529
vt 0.668967 0.534572
vt 0.687806 0.592551
vt 0.744323 0.517739
vt 0.744323 0.583600
vt 0.782001 0.650531
vt 0.815991 0.667850
vt 0.842965 0.694825
vt 0.860283 0.728815
vt 0.866251 0.766492
vt 0.860283 0.804171
vt 0.842965 0.838160
vt 0.815991 0.865134
vt 0.782001 0.882453
vt 0.744323 0.888421
vt 0.706644 0.882453
vt 0.672654 0.865134
vt 0.645681 0.838160
vt 0.628362 0.804170
vt 0.622394 0.766492
vt 0.628362 0.728815
vt 0.645681 0.694825
vt 0.672654 0.667850
vt 0.706644 0.650531
vt 0.744323 0.644564
vt 0.763161 0.708512
vt 0.780156 0.717171
vt 0.793644 0.730659
vt 0.802303 0.747654
vt 0.805286 0.766492
vt 0.802303 0.785331
vt 0.793644 0.802326
vt 0.780156 0.815813
vt 0.763161 0.824473
vt 0.744323 0.827457
vt 0.725484 0.824473
vt 0.708489 0.815813
vt 0.695002 0.802326
vt 0.686342 0.785331
vt 0.683359 0.766492
vt 0.686342 0.747654
vt 0.695002 0.730659
vt 0.708489 0.717171
vt 0.725484 0.708512
vt 0.744323 0.705529
vt 0.254818 0.764264
vt 0.744323 0.766492
vn -0.203561 -0.976917 0.064771
vn -0.173583 -0.976917 0.124505
vn 0.294795 -0.950911 -0.094149
vn 0.294795 -0.950911 -0.094149
vn -0.173583 -0.976917 0.124505
vn 0.251273 -0.950911 -0.180638
vn -0.173583 -0.976917 0.124505
vn -0.126613 -0.976917 0.172051
vn 0.251273 -0.950911 -0.180638
vn 0.251273 -0.950911 -0.180638
vn -0.126613 -0.976917 0.172051
vn 0.183155 -0.950911 -0.249444
vn -0.126613 -0.976917 0.172051
vn -0.067250 -0.976917 0.202756
vn 0.183155 -0.950911 -0.249444
vn 0.183155 -0.950911 -0.249444
vn -0.067250 -0.976917 0.202756
vn 0.097108 -0.950911 -0.293834
vn -0.067250 -0.976917 0.202756
vn -0.001303 -0.976918 0.213613
vn 0.097108 -0.950911 -0.293834
vn 0.097108 -0.950911 -0.293834
vn -0.001303 -0.976918 0.213613
vn 0.001555 -0.950911 -0.309461
vn -0.001303 -0.976918 0.213613
vn 0.064771 -0.976917 0.203561
vn 0.001555 -0.950911 -0.309461
vn 0.001555 -0.950911 -0.309461
vn 0.064771 -0.976917 0.203561
vn -0.094149 -0.950911 -0.294794
vn 0.064771 -0.976917 0.203561
vn 0.124505 -0.976917 0.173583
vn -0.094149 -0.950911 -0.294794
vn -0.094149 -0.950911 -0.294794
vn 0.124505 -0.976917 0.173583
vn -0.180638 -0.950911 -0.251273
vn 0.124505 -0.976917 0.173583
vn 0.172051 -0.976917 0.126613
vn -0.180638 -0.950911 -0.251273
vn -0.180638 -0.950911 -0.251273
vn 0.172051 -0.976917 0.126613
vn -0.249444 -0.950911 -0.183155
vn 0.172051 -0.976917 0.126613
vn 0.202756 -0.976917 0.067250
vn -0.249444 -0.950911 -0.183155
vn -0.249444 -0.950911 -0.183155
vn 0.202756 -0.976917 0.067250
vn -0.293834 -0.950911 -0.097108
vn 0.202756 -0.976917 0.067250
vn 0.213614 -0.976917 0.001304
vn -0.293834 -0.950911 -0.097108
vn -0.293834 -0.950911 -0.097108
vn 0.213614 -0.976917 0.001304
vn -0.309460 -0.950911 -0.001556
vn 0.213614 -0.976917 0.001304
vn 0.203561 -0.976917 -0.064771
vn -0.309460 -0.950911 -0.001556
vn -0.309460 -0.950911 -0.001556
vn 0.203561 -0.976917 -0.064771
vn -0.294795 -0.950911 0.094149
vn 0.203561 -0.976917 -0.064771
vn 0.173583 -0.976917 -0.124504
vn -0.294795 -0.950911 0.094149
vn -0.294795 -0.950911 0.094149
vn 0.173583 -0.976917 -0.124504
vn -0.251273 -0.950911 0.180638
vn 0.173583 -0.976917 -0.124504
vn 0.126613 -0.976917 -0.172051
vn -0.251273 -0.950911 0.180638
vn -0.251273 -0.950911 0.180638
vn 0.126613 -0.976917 -0.172051
vn -0.183155 -0.950911 0.249444
vn 0.126613 -0.976917 -0.172051
vn 0.067250 -0.976917 -0.202756
vn -0.183155 -0.950911 0.249444
vn -0.183155 -0.950911 0.249444
vn 0.067250 -0.976917 -0.202756
vn -0.097108 -0.950911 0.293834
vn 0.067250 -0.976917 -0.202756
vn 0.001303 -0.976917 -0.213614
vn -0.097108 -0.950911 0.293834
vn -0.097108 -0.950911 0.293834
vn 0.001303 -0.976917 -0.213614
vn -0.001556 -0.950911 0.309460
vn 0.001303 -0.976917 -0.213614
vn -0.064771 -0.976917 -0.203561
vn -0.001556 -0.950911 0.309460
vn -0.001556 -0.950911 0.309460
vn -0.064771 -0.976917 -0.203561
vn 0.094149 -0.950911 0.294795
vn -0.064771 -0.976917 -0.203561
vn -0.124504 -0.976918 -0.173583
vn 0.094149 -0.950911 0.294795
vn 0.094149 -0.950911 0.294795
vn -0.124504 -0.976918 -0.173583
vn 0.180638 -0.950911 0.251273
vn -0.124504 -0.976918 -0.173583
vn -0.172051 -0.976917 -0.126614
vn 0.180638 -0.950911 0.251273
vn 0.180638 -0.950911 0.251273
vn -0.172051 -0.976917 -0.126614
vn 0.249444 -0.950911 0.183155
vn -0.172051 -0.976917 -0.126614
vn -0.202756 -0.976917 -0.067250
vn 0.249444 -0.950911 0.183155
vn 0.249444 -0.950911 0.183155
vn -0.202756 -0.976917 -0.067250
vn 0.293834 -0.950911 0.097108
vn -0.202756 -0.976917 -0.067250
vn -0.213614 -0.976917 -0.001303
vn 0.293834 -0.950911 0.097108
vn 0.293834 -0.950911 0.097108
vn -0.213614 -0.976917 -0.001303
vn 0.309460 -0.950911 0.001556
vn -0.213614 -0.976917 -0.001303
vn -0.203561 -0.976917 0.064771
vn 0.309460 -0.950911 0.001556
vn 0.309460 -0.950911 0.001556
vn -0.203561 -0.976917 0.064771
vn 0.294795 -0.950911 -0.094149
vn 0.294795 -0.950911 -0.094149
vn 0.251273 -0.950911 -0.180638
vn -0.232555 -0.969814 0.073340
vn -0.232555 -0.969814 0.073340
vn 0.251273 -0.950911 -0.180638
vn -0.198509 -0.969814 0.141614
vn 0.251273 -0.950911 -0.180638
vn 0.183155 -0.950911 -0.249444
vn -0.198509 -0.969814 0.141614
vn -0.198509 -0.969814 0.141614
vn 0.183155 -0.950911 -0.249444
vn -0.145032 -0.969814 0.196025
vn 0.183155 -0.950911 -0.249444
vn 0.097108 -0.950911 -0.293834
vn -0.145032 -0.969814 0.196025
vn -0.145032 -0.969814 0.196025
vn 0.097108 -0.950911 -0.293834
vn -0.077358 -0.969815 0.231247
vn 0.097108 -0.950911 -0.293834
vn 0.001555 -0.950911 -0.309461
vn -0.077358 -0.969815 0.231247
vn -0.077358 -0.969815 0.231247
vn 0.001555 -0.950911 -0.309461
vn -0.002112 -0.969814 0.243835
vn 0.001555 -0.950911 -0.309461
vn -0.094149 -0.950911 -0.294794
vn -0.002112 -0.969814 0.243835
vn -0.002112 -0.969814 0.243835
vn -0.094149 -0.950911 -0.294794
vn 0.073340 -0.969814 0.232555
vn -0.094149 -0.950911 -0.294794
vn -0.180638 -0.950911 -0.251273
vn 0.073340 -0.969814 0.232555
vn 0.073340 -0.969814 0.232555
vn -0.180638 -0.950911 -0.251273
vn 0.141614 -0.969814 0.198509
vn -0.180638 -0.950911 -0.251273
vn -0.249444 -0.950911 -0.183155
vn 0.141614 -0.969814 0.198509
vn 0.141614 -0.969814 0.198509
vn -0.249444 -0.950911 -0.183155
vn 0.196026 -0.969814 0.145031
vn -0.249444 -0.950911 -0.183155
vn -0.293834 -0.950911 -0.097108
vn 0.196026 -0.969814 0.145031
vn 0.196026 -0.969814 0.145031
vn -0.293834 -0.950911 -0.097108
vn 0.231248 -0.969814 0.077358
vn -0.293834 -0.950911 -0.097108
vn -0.309460 -0.950911 -0.001556
vn 0.231248 -0.969814 0.077358
vn 0.231248 -0.969814 0.077358
vn -0.309460 -0.950911 -0.001556
vn 0.243836 -0.969814 0.002113
vn -0.309460 -0.950911 -0.001556
vn -0.294795 -0.950911 0.094149
vn 0.243836 -0.969814 0.002113
vn 0.243836 -0.969814 0.002113
vn -0.294795 -0.950911 0.094149
vn 0.232554 -0.969814 -0.073340
vn -0.294795 -0.950911 0.094149
vn -0.251273 -0.950911 0.180638
vn 0.232554 -0.969814 -0.073340
vn 0.232554 -0.969814 -0.073340
vn -0.251273 -0.950911 0.180638
vn 0.198509 -0.969814 -0.141614
vn -0.251273 -0.950911 0.180638
vn -0.183155 -0.950911 0.249444
vn 0.198509 -0.969814 -0.141614
vn 0.198509 -0.969814 -0.141614
vn -0.183155 -0.950911 0.249444
vn 0.145032 -0.969814 -0.196025
vn -0.183155 -0.950911 0.249444
vn -0.097108 -0.950911 0.293834
vn 0.145032 -0.969814 -0.196025
vn 0.145032 -0.969814 -0.196025
vn -0.097108 -0.950911 0.293834
vn 0.077358 -0.969815 -0.231247
vn -0.097108 -0.950911 0.293834
vn -0.001556 -0.950911 0.309460
vn 0.077358 -0.969815 -0.231247
vn 0.077358 -0.969815 -0.231247
vn -0.001556 -0.950911 0.309460
vn 0.002112 -0.969814 -0.243837
vn -0.001556 -0.950911 0.309460
vn 0.094149 -0.950911 0.294795
vn 0.002112 -0.969814 -0.243837
vn 0.002112 -0.969814 -0.243837
vn 0.094149 -0.950911 0.294795
vn -0.073341 -0.969814 -0.232554
vn 0.094149 -0.950911 0.294795
vn 0.180638 -0.950911 0.251273
vn -0.073341 -0.969814 -0.232554
vn -0.073341 -0.969814 -0.232554
vn 0.180638 -0.950911 0.251273
vn -0.141614 -0.969814 -0.198508
vn 0.180638 -0.950911 0.251273
vn 0.249444 -0.950911 0.183155
vn -0.141614 -0.969814 -0.198508
vn -0.141614 -0.969814 -0.198508
vn 0.249444 -0.950911 0.183155
vn -0.196026 -0.969814 -0.145032
vn 0.249444 -0.950911 0.183155
vn 0.293834 -0.950911 0.097108
vn -0.196026 -0.969814 -0.145032
vn -0.196026 -0.969814 -0.145032
vn 0.293834 -0.950911 0.097108
vn -0.231248 -0.969814 -0.077358
vn 0.293834 -0.950911 0.097108
vn 0.309460 -0.950911 0.001556
vn -0.231248 -0.969814 -0.077358
vn -0.231248 -0.969814 -0.077358
vn 0.309460 -0.950911 0.001556
vn -0.243835 -0.969814 -0.002113
vn 0.309460 -0.950911 0.001556
vn 0.294795 -0.950911 -0.094149
vn -0.243835 -0.969814 -0.002113
vn -0.243835 -0.969814 -0.002113
vn 0.294795 -0.950911 -0.094149
vn -0.232555 -0.969814 0.073340
vn -0.232555 -0.969814 0.073340
vn -0.198509 -0.969814 0.141614
vn -0.780288 -0.574055 0.248215
vn -0.780288 -0.574055 0.248215
vn -0.198509 -0.969814 0.141614
vn -0.665396 -0.574055 0.477189
vn -0.198509 -0.969814 0.141614
vn -0.145032 -0.969814 0.196025
vn -0.665396 -0.574055 0.477189
vn -0.665396 -0.574055 0.477189
vn -0.145032 -0.969814 0.196025
vn -0.485370 -0.574055 0.659452
vn -0.145032 -0.969814 0.196025
vn -0.077358 -0.969815 0.231247
vn -0.485370 -0.574055 0.659452
vn -0.485370 -0.574055 0.659452
vn -0.077358 -0.969815 0.231247
vn -0.257832 -0.574055 0.777164
vn -0.077358 -0.969815 0.231247
vn -0.002112 -0.969814 0.243835
vn -0.257832 -0.574055 0.777164
vn -0.257832 -0.574055 0.777164
vn -0.002112 -0.969814 0.243835
vn -0.005055 -0.574055 0.818801
vn -0.002112 -0.969814 0.243835
vn 0.073340 -0.969814 0.232555
vn -0.005055 -0.574055 0.818801
vn -0.005055 -0.574055 0.818801
vn 0.073340 -0.969814 0.232555
vn 0.248215 -0.574055 0.780289
vn 0.073340 -0.969814 0.232555
vn 0.141614 -0.969814 0.198509
vn 0.248215 -0.574055 0.780289
vn 0.248215 -0.574055 0.780289
vn 0.141614 -0.969814 0.198509
vn 0.477189 -0.574054 0.665396
vn 0.141614 -0.969814 0.198509
vn 0.196026 -0.969814 0.145031
vn 0.477189 -0.574054 0.665396
vn 0.477189 -0.574054 0.665396
vn 0.196026 -0.969814 0.145031
vn 0.659453 -0.574054 0.485369
vn 0.196026 -0.969814 0.145031
vn 0.231248 -0.969814 0.077358
vn 0.659453 -0.574054 0.485369
vn 0.659453 -0.574054 0.485369
vn 0.231248 -0.969814 0.077358
vn 0.777164 -0.574055 0.257832
vn 0.231248 -0.969814 0.077358
vn 0.243836 -0.969814 0.002113
vn 0.777164 -0.574055 0.257832
vn 0.777164 -0.574055 0.257832
vn 0.243836 -0.969814 0.002113
vn 0.818802 -0.574054 0.005056
vn 0.243836 -0.969814 0.002113
vn 0.232554 -0.969814 -0.073340
vn 0.818802 -0.574054 0.005056
vn 0.818802 -0.574054 0.005056
vn 0.232554 -0.969814 -0.073340
vn 0.780289 -0.574054 -0.248215
vn 0.232554 -0.969814 -0.073340
vn 0.198509 -0.969814 -0.141614
vn 0.780289 -0.574054 -0.248215
vn 0.780289 -0.574054 -0.248215
vn 0.198509 -0.969814 -0.141614
vn 0.665396 -0.574054 -0.477190
vn 0.198509 -0.969814 -0.141614
vn 0.145032 -0.969814 -0.196025
vn 0.665396 -0.574054 -0.477190
vn 0.665396 -0.574054 -0.477190
vn 0.145032 -0.969814 -0.196025
vn 0.485370 -0.574055 -0.659452
vn 0.145032 -0.969814 -0.196025
vn 0.077358 -0.969815 -0.231247
vn 0.485370 -0.574055 -0.659452
vn 0.485370 -0.574055 -0.659452
vn 0.077358 -0.969815 -0.231247
vn 0.257832 -0.574055 -0.777164
vn 0.077358 -0.969815 -0.231247
vn 0.002112 -0.969814 -0.243837
vn 0.257832 -0.574055 -0.777164
vn 0.257832 -0.574055 -0.777164
vn 0.002112 -0.969814 -0.243837
vn 0.005056 -0.574054 -0.818802
vn 0.002112 -0.969814 -0.243837
vn -0.073341 -0.969814 -0.232554
vn 0.005056 -0.574054 -0.818802
vn 0.005056 -0.574054 -0.818802
vn -0.073341 -0.969814 -0.232554
vn -0.248215 -0.574054 -0.780289
vn -0.073341 -0.969814 -0.232554
vn -0.141614 -0.969814 -0.198508
vn -0.248215 -0.574054 -0.780289
vn -0.248215 -0.574054 -0.780289
vn -0.141614 -0.969814 -0.198508
vn -0.477189 -0.574054 -0.665396
vn -0.141614 -0.969814 -0.198508
vn -0.196026 -0.969814 -0.145032
vn -0.477189 -0.574054 -0.665396
vn -0.477189 -0.574054 -0.665396
vn -0.196026 -0.969814 -0.145032
vn -0.659453 -0.574054 -0.485370
vn -0.196026 -0.969814 -0.145032
vn -0.231248 -0.969814 -0.077358
vn -0.659453 -0.574054 -0.485370
vn -0.659453 -0.574054 -0.485370
vn -0.231248 -0.969814 -0.077358
vn -0.777164 -0.574054 -0.257832
vn -0.231248 -0.969814 -0.077358
vn -0.243835 -0.969814 -0.002113
vn -0.777164 -0.574054 -0.257832
vn -0.777164 -0.574054 -0.257832
vn -0.243835 -0.969814 -0.002113
vn -0.818802 -0.574054 -0.005056
vn -0.243835 -0.969814 -0.002113
vn -0.232555 -0.969814 0.073340
vn -0.818802 -0.574054 -0.005056
vn -0.818802 -0.574054 -0.005056
vn -0.232555 -0.969814 0.073340
vn -0.780288 -0.574055 0.248215
vn 0.949904 0.042766 -0.309602
vn 0.807739 0.042766 -0.587987
vn 0.951052 -0.000019 -0.309030
vn 0.951052 -0.000019 -0.309030
vn 0.807739 0.042766 -0.587987
vn 0.809009 -0.000019 -0.587797
vn 0.807739 0.042766 -0.587987
vn 0.586508 0.042766 -0.808814
vn 0.809009 -0.000019 -0.587797
vn 0.809009 -0.000019 -0.587797
vn 0.586508 0.042766 -0.808814
vn 0.587774 -0.000019 -0.809025
vn 0.586508 0.042766 -0.808814
vn 0.307865 0.042766 -0.950469
vn 0.587774 -0.000019 -0.809025
vn 0.587774 -0.000019 -0.809025
vn 0.307865 0.042766 -0.950469
vn 0.309003 -0.000019 -0.951061
vn 0.307865 0.042766 -0.950469
vn -0.000914 0.042766 -0.999085
vn 0.309003 -0.000019 -0.951061
vn 0.309003 -0.000019 -0.951061
vn -0.000914 0.042766 -0.999085
vn -0.000014 -0.000019 -1.000000
vn -0.000914 0.042766 -0.999085
vn -0.309604 0.042766 -0.949903
vn -0.000014 -0.000019 -1.000000
vn -0.000014 -0.000019 -1.000000
vn -0.309604 0.042766 -0.949903
vn -0.309031 -0.000019 -0.951052
vn -0.309604 0.042766 -0.949903
vn -0.587987 0.042766 -0.807739
vn -0.309031 -0.000019 -0.951052
vn -0.309031 -0.000019 -0.951052
vn -0.587987 0.042766 -0.807739
vn -0.587797 -0.000019 -0.809008
vn -0.587987 0.042766 -0.807739
vn -0.808814 0.042766 -0.586508
vn -0.587797 -0.000019 -0.809008
vn -0.587797 -0.000019 -0.809008
vn -0.808814 0.042766 -0.586508
vn -0.809025 -0.000019 -0.587774
vn -0.808814 0.042766 -0.586508
vn -0.950468 0.042766 -0.307865
vn -0.809025 -0.000019 -0.587774
vn -0.809025 -0.000019 -0.587774
vn -0.950468 0.042766 -0.307865
vn -0.951061 -0.000019 -0.309003
vn -0.950468 0.042766 -0.307865
vn -0.999085 0.042766 0.000914
vn -0.951061 -0.000019 -0.309003
vn -0.951061 -0.000019 -0.309003
vn -0.999085 0.042766 0.000914
vn -1.000000 -0.000019 0.000014
vn -0.999085 0.042766 0.000914
vn -0.949904 0.042766 0.309603
vn -1.000000 -0.000019 0.000014
vn -1.000000 -0.000019 0.000014
vn -0.949904 0.042766 0.309603
vn -0.951052 -0.000019 0.309031
vn -0.949904 0.042766 0.309603
vn -0.807739 0.042766 0.587987
vn -0.951052 -0.000019 0.309031
vn -0.951052 -0.000019 0.309031
vn -0.807739 0.042766 0.587987
vn -0.809008 -0.000019 0.587797
vn -0.807739 0.042766 0.587987
vn -0.586508 0.042766 0.808814
vn -0.809008 -0.000019 0.587797
vn -0.809008 -0.000019 0.587797
vn -0.586508 0.042766 0.808814
vn -0.587774 -0.000019 0.809025
vn -0.586508 0.042766 0.808814
vn -0.307865 0.042766 0.950469
vn -0.587774 -0.000019 0.809025
vn -0.587774 -0.000019 0.809025
vn -0.307865 0.042766 0.950469
vn -0.309003 -0.000019 0.951061
vn -0.307865 0.042766 0.950469
vn 0.000914 0.042766 0.999085
vn -0.309003 -0.000019 0.951061
vn -0.309003 -0.000019 0.951061
vn 0.000914 0.042766 0.999085
vn 0.000015 -0.000019 1.000000
vn 0.000914 0.042766 0.999085
vn 0.309603 0.042766 0.949904
vn 0.000015 -0.000019 1.000000
vn 0.000015 -0.000019 1.000000
vn 0.309603 0.042766 0.949904
vn 0.309031 -0.000019 0.951052
vn 0.309603 0.042766 0.949904
vn 0.587987 0.042766 0.807739
vn 0.309031 -0.000019 0.951052
vn 0.309031 -0.000019 0.951052
vn 0.587987 0.042766 0.807739
vn 0.587797 -0.000019 0.809008
vn 0.587987 0.042766 0.807739
vn 0.808814 0.042766 0.586508
vn 0.587797 -0.000019 0.809008
vn 0.587797 -0.000019 0.809008
vn 0.808814 0.042766 0.586508
vn 0.809025 -0.000019 0.587774
vn 0.808814 0.042766 0.586508
vn 0.950468 0.042766 0.307865
vn 0.809025 -0.000019 0.587774
vn 0.809025 -0.000019 0.587774
vn 0.950468 0.042766 0.307865
vn 0.951061 -0.000019 0.309003
vn 0.950468 0.042766 0.307865
vn 0.999085 0.042766 -0.000913
vn 0.951061 -0.000019 0.309003
vn 0.951061 -0.000019 0.309003
vn 0.999085 0.042766 -0.000913
vn 1.000000 -0.000019 -0.000014
vn 0.999085 0.042766 -0.000913
vn 0.949904 0.042766 -0.309602
vn 1.000000 -0.000019 -0.000014
vn 1.000000 -0.000019 -0.000014
vn 0.949904 0.042766 -0.309602
vn 0.951052 -0.000019 -0.309030
vn 0.951052 -0.000019 -0.309030
vn 0.809009 -0.000019 -0.587797
vn 0.951065 -0.000036 -0.308990
vn 0.951065 -0.000036 -0.308990
vn 0.809009 -0.000019 -0.587797
vn 0.809033 -0.000036 -0.587763
vn 0.809009 -0.000019 -0.587797
vn 0.587774 -0.000019 -0.809025
vn 0.809033 -0.000036 -0.587763
vn 0.809033 -0.000036 -0.587763
vn 0.587774 -0.000019 -0.809025
vn 0.587807 -0.000036 -0.809001
vn 0.587774 -0.000019 -0.809025
vn 0.309003 -0.000019 -0.951061
vn 0.587807 -0.000036 -0.809001
vn 0.587807 -0.000036 -0.809001
vn 0.309003 -0.000019 -0.951061
vn 0.309042 -0.000036 -0.951048
vn 0.309003 -0.000019 -0.951061
vn -0.000014 -0.000019 -1.000000
vn 0.309042 -0.000036 -0.951048
vn 0.309042 -0.000036 -0.951048
vn -0.000014 -0.000019 -1.000000
vn 0.000027 -0.000036 -1.000000
vn -0.000014 -0.000019 -1.000000
vn -0.309031 -0.000019 -0.951052
vn 0.000027 -0.000036 -1.000000
vn 0.000027 -0.000036 -1.000000
vn -0.309031 -0.000019 -0.951052
vn -0.308992 -0.000036 -0.951065
vn -0.309031 -0.000019 -0.951052
vn -0.587797 -0.000019 -0.809008
vn -0.308992 -0.000036 -0.951065
vn -0.308992 -0.000036 -0.951065
vn -0.587797 -0.000019 -0.809008
vn -0.587764 -0.000036 -0.809033
vn -0.587797 -0.000019 -0.809008
vn -0.809025 -0.000019 -0.587774
vn -0.587764 -0.000036 -0.809033
vn -0.587764 -0.000036 -0.809033
vn -0.809025 -0.000019 -0.587774
vn -0.809001 -0.000035 -0.587807
vn -0.809025 -0.000019 -0.587774
vn -0.951061 -0.000019 -0.309003
vn -0.809001 -0.000035 -0.587807
vn -0.809001 -0.000035 -0.587807
vn -0.951061 -0.000019 -0.309003
vn -0.951048 -0.000036 -0.309043
vn -0.951061 -0.000019 -0.309003
vn -1.000000 -0.000019 0.000014
vn -0.951048 -0.000036 -0.309043
vn -0.951048 -0.000036 -0.309043
vn -1.000000 -0.000019 0.000014
vn -1.000000 -0.000036 -0.000027
vn -1.000000 -0.000019 0.000014
vn -0.951052 -0.000019 0.309031
vn -1.000000 -0.000036 -0.000027
vn -1.000000 -0.000036 -0.000027
vn -0.951052 -0.000019 0.309031
vn -0.951065 -0.000036 0.308992
vn -0.951052 -0.000019 0.309031
vn -0.809008 -0.000019 0.587797
vn -0.951065 -0.000036 0.308992
vn -0.951065 -0.000036 0.308992
vn -0.809008 -0.000019 0.587797
vn -0.809033 -0.000036 0.587763
vn -0.809008 -0.000019 0.587797
vn -0.587774 -0.000019 0.809025
vn -0.809033 -0.000036 0.587763
vn -0.809033 -0.000036 0.587763
vn -0.587774 -0.000019 0.809025
vn -0.587807 -0.000036 0.809001
vn -0.587774 -0.000019 0.809025
vn -0.309003 -0.000019 0.951061
vn -0.587807 -0.000036 0.809001
vn -0.587807 -0.000036 0.809001
vn -0.309003 -0.000019 0.951061
vn -0.309043 -0.000036 0.951048
vn -0.309003 -0.000019 0.951061
vn 0.000015 -0.000019 1.000000
vn -0.309043 -0.000036 0.951048
vn -0.309043 -0.000036 0.951048
vn 0.000015 -0.000019 1.000000
vn -0.000027 -0.000036 1.000000
vn 0.000015 -0.000019 1.000000
vn 0.309031 -0.000019 0.951052
vn -0.000027 -0.000036 1.000000
vn -0.000027 -0.000036 1.000000
vn 0.309031 -0.000019 0.951052
vn 0.308991 -0.000036 0.951065
vn 0.309031 -0.000019 0.951052
vn 0.587797 -0.000019 0.809008
vn 0.308991 -0.000036 0.951065
vn 0.308991 -0.000036 0.951065
vn 0.587797 -0.000019 0.809008
vn 0.587764 -0.000036 0.809033
vn 0.587797 -0.000019 0.809008
vn 0.809025 -0.000019 0.587774
vn 0.587764 -0.000036 0.809033
vn 0.587764 -0.000036 0.809033
vn 0.809025 -0.000019 0.587774
vn 0.809001 -0.000035 0.587807
vn 0.809025 -0.000019 0.587774
vn 0.951061 -0.000019 0.309003
vn 0.809001 -0.000035 0.587807
vn 0.809001 -0.000035 0.587807
vn 0.951061 -0.000019 0.309003
vn 0.951048 -0.000036 0.309043
vn 0.951061 -0.000019 0.309003
vn 1.000000 -0.000019 -0.000014
vn 0.951048 -0.000036 0.309043
vn 0.951048 -0.000036 0.309043
vn 1.000000 -0.000019 -0.000014
vn 1.000000 -0.000036 0.000028
vn 1.000000 -0.000019 -0.000014
vn 0.951052 -0.000019 -0.309030
vn 1.000000 -0.000036 0.000028
vn 1.000000 -0.000036 0.000028
vn 0.951052 -0.000019 -0.309030
vn 0.951065 -0.000036 -0.308990
vn 0.951065 -0.000036 -0.308990
vn 0.809033 -0.000036 -0.587763
vn 0.951030 -0.000121 -0.309098
vn 0.951030 -0.000121 -0.309098
vn 0.809033 -0.000036 -0.587763
vn 0.808966 -0.000121 -0.587855
vn 0.809033 -0.000036 -0.587763
vn 0.587807 -0.000036 -0.809001
vn 0.808966 -0.000121 -0.587855
vn 0.808966 -0.000121 -0.587855
vn 0.587807 -0.000036 -0.809001
vn 0.587715 -0.000121 -0.809068
vn 0.587807 -0.000036 -0.809001
vn 0.309042 -0.000036 -0.951048
vn 0.587715 -0.000121 -0.809068
vn 0.587715 -0.000121 -0.809068
vn 0.309042 -0.000036 -0.951048
vn 0.308935 -0.000121 -0.951083
vn 0.309042 -0.000036 -0.951048
vn 0.000027 -0.000036 -1.000000
vn 0.308935 -0.000121 -0.951083
vn 0.308935 -0.000121 -0.951083
vn 0.000027 -0.000036 -1.000000
vn -0.000086 -0.000121 -1.000000
vn 0.000027 -0.000036 -1.000000
vn -0.308992 -0.000036 -0.951065
vn -0.000086 -0.000121 -1.000000
vn -0.000086 -0.000121 -1.000000
vn -0.308992 -0.000036 -0.951065
vn -0.309099 -0.000121 -0.951030
vn -0.308992 -0.000036 -0.951065
vn -0.587764 -0.000036 -0.809033
vn -0.309099 -0.000121 -0.951030
vn -0.309099 -0.000121 -0.951030
vn -0.587764 -0.000036 -0.809033
vn -0.587855 -0.000121 -0.808966
vn -0.587764 -0.000036 -0.809033
vn -0.809001 -0.000035 -0.587807
vn -0.587855 -0.000121 -0.808966
vn -0.587855 -0.000121 -0.808966
vn -0.809001 -0.000035 -0.587807
vn -0.809068 -0.000121 -0.587716
vn -0.809001 -0.000035 -0.587807
vn -0.951048 -0.000036 -0.309043
vn -0.809068 -0.000121 -0.587716
vn -0.809068 -0.000121 -0.587716
vn -0.951048 -0.000036 -0.309043
vn -0.951083 -0.000121 -0.308935
vn -0.951048 -0.000036 -0.309043
vn -1.000000 -0.000036 -0.000027
vn -0.951083 -0.000121 -0.308935
vn -0.951083 -0.000121 -0.308935
vn -1.000000 -0.000036 -0.000027
vn -1.000000 -0.000121 0.000086
vn -1.000000 -0.000036 -0.000027
vn -0.951065 -0.000036 0.308992
vn -1.000000 -0.000121 0.000086
vn -1.000000 -0.000121 0.000086
vn -0.951065 -0.000036 0.308992
vn -0.951030 -0.000121 0.309099
vn -0.951065 -0.000036 0.308992
vn -0.809033 -0.000036 0.587763
vn -0.951030 -0.000121 0.309099
vn -0.951030 -0.000121 0.309099
vn -0.809033 -0.000036 0.587763
vn -0.808966 -0.000121 0.587855
vn -0.809033 -0.000036 0.587763
vn -0.587807 -0.000036 0.809001
vn -0.808966 -0.000121 0.587855
vn -0.808966 -0.000121 0.587855
vn -0.587807 -0.000036 0.809001
vn -0.587716 -0.000121 0.809068
vn -0.587807 -0.000036 0.809001
vn -0.309043 -0.000036 0.951048
vn -0.587716 -0.000121 0.809068
vn -0.587716 -0.000121 0.809068
vn -0.309043 -0.000036 0.951048
vn -0.308935 -0.000121 0.951083
vn -0.309043 -0.000036 0.951048
vn -0.000027 -0.000036 1.000000
vn -0.308935 -0.000121 0.951083
vn -0.308935 -0.000121 0.951083
vn -0.000027 -0.000036 1.000000
vn 0.000086 -0.000121 1.000000
vn -0.000027 -0.000036 1.000000
vn 0.308991 -0.000036 0.951065
vn 0.000086 -0.000121 1.000000
vn 0.000086 -0.000121 1.000000
vn 0.308991 -0.000036 0.951065
vn 0.309099 -0.000121 0.951030
vn 0.308991 -0.000036 0.951065
vn 0.587764 -0.000036 0.809033
vn 0.309099 -0.000121 0.951030
vn 0.309099 -0.000121 0.951030
vn 0.587764 -0.000036 0.809033
vn 0.587855 -0.000121 0.808966
vn 0.587764 -0.000036 0.809033
vn 0.809001 -0.000035 0.587807
vn 0.587855 -0.000121 0.808966
vn 0.587855 -0.000121 0.808966
vn 0.809001 -0.000035 0.587807
vn 0.809067 -0.000121 0.587716
vn 0.809001 -0.000035 0.587807
vn 0.951048 -0.000036 0.309043
vn 0.809067 -0.000121 0.587716
vn 0.809067 -0.000121 0.587716
vn 0.951048 -0.000036 0.309043
vn 0.951083 -0.000121 0.308935
vn 0.951048 -0.000036 0.309043
vn 1.000000 -0.000036 0.000028
vn 0.951083 -0.000121 0.308935
vn 0.951083 -0.000121 0.308935
vn 1.000000 -0.000036 0.000028
vn 1.000000 -0.000121 -0.000086
vn 1.000000 -0.000036 0.000028
vn 0.951065 -0.000036 -0.308990
vn 1.000000 -0.000121 -0.000086
vn 1.000000 -0.000121 -0.000086
vn 0.951065 -0.000036 -0.308990
vn 0.951030 -0.000121 -0.309098
vn 0.951030 -0.000121 -0.309098
vn 0.808966 -0.000121 -0.587855
vn 0.950792 -0.029669 -0.308406
vn 0.950792 -0.029669 -0.308406
vn 0.808966 -0.000121 -0.587855
vn 0.808954 -0.029669 -0.587123
vn 0.808966 -0.000121 -0.587855
vn 0.587715 -0.000121 -0.809068
vn 0.808954 -0.029669 -0.587123
vn 0.808954 -0.029669 -0.587123
vn 0.587715 -0.000121 -0.809068
vn 0.587929 -0.029669 -0.808368
vn 0.587715 -0.000121 -0.809068
vn 0.308935 -0.000121 -0.951083
vn 0.587929 -0.029669 -0.808368
vn 0.587929 -0.029669 -0.808368
vn 0.308935 -0.000121 -0.951083
vn 0.309355 -0.029669 -0.950484
vn 0.308935 -0.000121 -0.951083
vn -0.000086 -0.000121 -1.000000
vn 0.309355 -0.029669 -0.950484
vn 0.309355 -0.029669 -0.950484
vn -0.000086 -0.000121 -1.000000
vn 0.000499 -0.029669 -0.999560
vn -0.000086 -0.000121 -1.000000
vn -0.309099 -0.000121 -0.951030
vn 0.000499 -0.029669 -0.999560
vn 0.000499 -0.029669 -0.999560
vn -0.309099 -0.000121 -0.951030
vn -0.308407 -0.029669 -0.950792
vn -0.309099 -0.000121 -0.951030
vn -0.587855 -0.000121 -0.808966
vn -0.308407 -0.029669 -0.950792
vn -0.308407 -0.029669 -0.950792
vn -0.587855 -0.000121 -0.808966
vn -0.587124 -0.029669 -0.808954
vn -0.587855 -0.000121 -0.808966
vn -0.809068 -0.000121 -0.587716
vn -0.587124 -0.029669 -0.808954
vn -0.587124 -0.029669 -0.808954
vn -0.809068 -0.000121 -0.587716
vn -0.808368 -0.029669 -0.587930
vn -0.809068 -0.000121 -0.587716
vn -0.951083 -0.000121 -0.308935
vn -0.808368 -0.029669 -0.587930
vn -0.808368 -0.029669 -0.587930
vn -0.951083 -0.000121 -0.308935
vn -0.950484 -0.029669 -0.309355
vn -0.951083 -0.000121 -0.308935
vn -1.000000 -0.000121 0.000086
vn -0.950484 -0.029669 -0.309355
vn -0.950484 -0.029669 -0.309355
vn -1.000000 -0.000121 0.000086
vn -0.999560 -0.029669 -0.000499
vn -1.000000 -0.000121 0.000086
vn -0.951030 -0.000121 0.309099
vn -0.999560 -0.029669 -0.000499
vn -0.999560 -0.029669 -0.000499
vn -0.951030 -0.000121 0.309099
vn -0.950792 -0.029669 0.308407
vn -0.951030 -0.000121 0.309099
vn -0.808966 -0.000121 0.587855
vn -0.950792 -0.029669 0.308407
vn -0.950792 -0.029669 0.308407
vn -0.808966 -0.000121 0.587855
vn -0.808954 -0.029669 0.587123
vn -0.808966 -0.000121 0.587855
vn -0.587716 -0.000121 0.809068
vn -0.808954 -0.029669 0.587123
vn -0.808954 -0.029669 0.587123
vn -0.587716 -0.000121 0.809068
vn -0.587930 -0.029669 0.808368
vn -0.587716 -0.000121 0.809068
vn -0.308935 -0.000121 0.951083
vn -0.587930 -0.029669 0.808368
vn -0.587930 -0.029669 0.808368
vn -0.308935 -0.000121 0.951083
vn -0.309355 -0.029669 0.950484
vn -0.308935 -0.000121 0.951083
vn 0.000086 -0.000121 1.000000
vn -0.309355 -0.029669 0.950484
vn -0.309355 -0.029669 0.950484
vn 0.000086 -0.000121 1.000000
vn -0.000499 -0.029669 0.999560
vn 0.000086 -0.000121 1.000000
vn 0.309099 -0.000121 0.951030
vn -0.000499 -0.029669 0.999560
vn -0.000499 -0.029669 0.999560
vn 0.309099 -0.000121 0.951030
vn 0.308407 -0.029669 0.950792
vn 0.309099 -0.000121 0.951030
vn 0.587855 -0.000121 0.808966
vn 0.308407 -0.029669 0.950792
vn 0.308407 -0.029669 0.950792
vn 0.587855 -0.000121 0.808966
vn 0.587123 -0.029669 0.808954
vn 0.587855 -0.000121 0.808966
vn 0.809067 -0.000121 0.587716
vn 0.587123 -0.029669 0.808954
vn 0.587123 -0.029669 0.808954
vn 0.809067 -0.000121 0.587716
vn 0.808368 -0.029669 0.587930
vn 0.809067 -0.000121 0.587716
vn 0.951083 -0.000121 0.308935
vn 0.808368 -0.029669 0.587930
vn 0.808368 -0.029669 0.587930
vn 0.951083 -0.000121 0.308935
vn 0.950484 -0.029669 0.309355
vn 0.951083 -0.000121 0.308935
vn 1.000000 -0.000121 -0.000086
vn 0.950484 -0.029669 0.309355
vn 0.950484 -0.029669 0.309355
vn 1.000000 -0.000121 -0.000086
vn 0.999560 -0.029669 0.000499
vn 1.000000 -0.000121 -0.000086
vn 0.951030 -0.000121 -0.309098
vn 0.999560 -0.029669 0.000499
vn 0.999560 -0.029669 0.000499
vn 0.951030 -0.000121 -0.309098
vn 0.950792 -0.029669 -0.308406
vn 0.950792 -0.029669 -0.308406
vn 0.808954 -0.029669 -0.587123
vn 0.950590 0.025569 -0.309396
vn 0.950590 0.025569 -0.309396
vn 0.808954 -0.029669 -0.587123
vn 0.808455 0.025569 -0.588002
vn 0.808954 -0.029669 -0.587123
vn 0.587929 -0.029669 -0.808368
vn 0.808455 0.025569 -0.588002
vn 0.808455 0.025569 -0.588002
vn 0.587929 -0.029669 -0.808368
vn 0.587184 0.025569 -0.809050
vn 0.587929 -0.029669 -0.808368
vn 0.309355 -0.029669 -0.950484
vn 0.587184 0.025569 -0.809050
vn 0.587184 0.025569 -0.809050
vn 0.309355 -0.029669 -0.950484
vn 0.308435 0.025569 -0.950902
vn 0.309355 -0.029669 -0.950484
vn 0.000499 -0.029669 -0.999560
vn 0.308435 0.025569 -0.950902
vn 0.308435 0.025569 -0.950902
vn 0.000499 -0.029669 -0.999560
vn -0.000506 0.025569 -0.999673
vn 0.000499 -0.029669 -0.999560
vn -0.308407 -0.029669 -0.950792
vn -0.000506 0.025569 -0.999673
vn -0.000506 0.025569 -0.999673
vn -0.308407 -0.029669 -0.950792
vn -0.309397 0.025569 -0.950589
vn -0.308407 -0.029669 -0.950792
vn -0.587124 -0.029669 -0.808954
vn -0.309397 0.025569 -0.950589
vn -0.309397 0.025569 -0.950589
vn -0.587124 -0.029669 -0.808954
vn -0.588002 0.025569 -0.808455
vn -0.587124 -0.029669 -0.808954
vn -0.808368 -0.029669 -0.587930
vn -0.588002 0.025569 -0.808455
vn -0.588002 0.025569 -0.808455
vn -0.808368 -0.029669 -0.587930
vn -0.809050 0.025569 -0.587184
vn -0.808368 -0.029669 -0.587930
vn -0.950484 -0.029669 -0.309355
vn -0.809050 0.025569 -0.587184
vn -0.809050 0.025569 -0.587184
vn -0.950484 -0.029669 -0.309355
vn -0.950902 0.025569 -0.308435
vn -0.950484 -0.029669 -0.309355
vn -0.999560 -0.029669 -0.000499
vn -0.950902 0.025569 -0.308435
vn -0.950902 0.025569 -0.308435
vn -0.999560 -0.029669 -0.000499
vn -0.999673 0.025569 0.000506
vn -0.999560 -0.029669 -0.000499
vn -0.950792 -0.029669 0.308407
vn -0.999673 0.025569 0.000506
vn -0.999673 0.025569 0.000506
vn -0.950792 -0.029669 0.308407
vn -0.950589 0.025569 0.309397
vn -0.950792 -0.029669 0.308407
vn -0.808954 -0.029669 0.587123
vn -0.950589 0.025569 0.309397
vn -0.950589 0.025569 0.309397
vn -0.808954 -0.029669 0.587123
vn -0.808455 0.025569 0.588002
vn -0.808954 -0.029669 0.587123
vn -0.587930 -0.029669 0.808368
vn -0.808455 0.025569 0.588002
vn -0.808455 0.025569 0.588002
vn -0.587930 -0.029669 0.808368
vn -0.587184 0.025569 0.809050
vn -0.587930 -0.029669 0.808368
vn -0.309355 -0.029669 0.950484
vn -0.587184 0.025569 0.809050
vn -0.587184 0.025569 0.809050
vn -0.309355 -0.029669 0.950484
vn -0.308435 0.025569 0.950902
vn -0.309355 -0.029669 0.950484
vn -0.000499 -0.029669 0.999560
vn -0.308435 0.025569 0.950902
vn -0.308435 0.025569 0.950902
vn -0.000499 -0.029669 0.999560
vn 0.000506 0.025569 0.999673
vn -0.000499 -0.029669 0.999560
vn 0.308407 -0.029669 0.950792
vn 0.000506 0.025569 0.999673
vn 0.000506 0.025569 0.999673
vn 0.308407 -0.029669 0.950792
vn 0.309397 0.025569 0.950589
vn 0.308407 -0.029669 0.950792
vn 0.587123 -0.029669 0.808954
vn 0.309397 0.025569 0.950589
vn 0.309397 0.025569 0.950589
vn 0.587123 -0.029669 0.808954
vn 0.588002 0.025569 0.808455
vn 0.587123 -0.029669 0.808954
vn 0.808368 -0.029669 0.587930
vn 0.588002 0.025569 0.808455
vn 0.588002 0.025569 0.808455
vn 0.808368 -0.029669 0.587930
vn 0.809050 0.025569 0.587184
vn 0.808368 -0.029669 0.587930
vn 0.950484 -0.029669 0.309355
vn 0.809050 0.025569 0.587184
vn 0.809050 0.025569 0.587184
vn 0.950484 -0.029669 0.309355
vn 0.950902 0.025569 0.308435
vn 0.950484 -0.029669 0.309355
vn 0.999560 -0.029669 0.000499
vn 0.950902 0.025569 0.308435
vn 0.950902 0.025569 0.308435
vn 0.999560 -0.029669 0.000499
vn 0.999673 0.025569 -0.000505
vn 0.999560 -0.029669 0.000499
vn 0.950792 -0.029669 -0.308406
vn 0.999673 0.025569 -0.000505
vn 0.999673 0.025569 -0.000505
vn 0.950792 -0.029669 -0.308406
vn 0.950590 0.025569 -0.309396
vn 0.950590 0.025569 -0.309396
vn 0.808455 0.025569 -0.588002
vn 0.950742 0.020004 -0.309337
vn 0.950742 0.020004 -0.309337
vn 0.808455 0.025569 -0.588002
vn 0.808618 0.020004 -0.587993
vn 0.808455 0.025569 -0.588002
vn 0.587184 0.025569 -0.809050
vn 0.808618 0.020004 -0.587993
vn 0.808618 0.020004 -0.587993
vn 0.587184 0.025569 -0.809050
vn 0.587342 0.020004 -0.809092
vn 0.587184 0.025569 -0.809050
vn 0.308435 0.025569 -0.950902
vn 0.587342 0.020004 -0.809092
vn 0.587342 0.020004 -0.809092
vn 0.308435 0.025569 -0.950902
vn 0.308572 0.020004 -0.950991
vn 0.308435 0.025569 -0.950902
vn -0.000506 0.025569 -0.999673
vn 0.308572 0.020004 -0.950991
vn 0.308572 0.020004 -0.950991
vn -0.000506 0.025569 -0.999673
vn -0.000403 0.020004 -0.999800
vn -0.000506 0.025569 -0.999673
vn -0.309397 0.025569 -0.950589
vn -0.000403 0.020004 -0.999800
vn -0.000403 0.020004 -0.999800
vn -0.309397 0.025569 -0.950589
vn -0.309338 0.020004 -0.950742
vn -0.309397 0.025569 -0.950589
vn -0.588002 0.025569 -0.808455
vn -0.309338 0.020004 -0.950742
vn -0.309338 0.020004 -0.950742
vn -0.588002 0.025569 -0.808455
vn -0.587993 0.020004 -0.808618
vn -0.588002 0.025569 -0.808455
vn -0.809050 0.025569 -0.587184
vn -0.587993 0.020004 -0.808618
vn -0.587993 0.020004 -0.808618
vn -0.809050 0.025569 -0.587184
vn -0.809092 0.020004 -0.587342
vn -0.809050 0.025569 -0.587184
vn -0.950902 0.025569 -0.308435
vn -0.809092 0.020004 -0.587342
vn -0.809092 0.020004 -0.587342
vn -0.950902 0.025569 -0.308435
vn -0.950991 0.020004 -0.308572
vn -0.950902 0.025569 -0.308435
vn -0.999673 0.025569 0.000506
vn -0.950991 0.020004 -0.308572
vn -0.950991 0.020004 -0.308572
vn -0.999673 0.025569 0.000506
vn -0.999800 0.020004 0.000402
vn -0.999673 0.025569 0.000506
vn -0.950589 0.025569 0.309397
vn -0.999800 0.020004 0.000402
vn -0.999800 0.020004 0.000402
vn -0.950589 0.025569 0.309397
vn -0.950742 0.020004 0.309338
vn -0.950589 0.025569 0.309397
vn -0.808455 0.025569 0.588002
vn -0.950742 0.020004 0.309338
vn -0.950742 0.020004 0.309338
vn -0.808455 0.025569 0.588002
vn -0.808618 0.020004 0.587993
vn -0.808455 0.025569 0.588002
vn -0.587184 0.025569 0.809050
vn -0.808618 0.020004 0.587993
vn -0.808618 0.020004 0.587993
vn -0.587184 0.025569 0.809050
vn -0.587342 0.020004 0.809092
vn -0.587184 0.025569 0.809050
vn -0.308435 0.025569 0.950902
vn -0.587342 0.020004 0.809092
vn -0.587342 0.020004 0.809092
vn -0.308435 0.025569 0.950902
vn -0.308572 0.020004 0.950991
vn -0.308435 0.025569 0.950902
vn 0.000506 0.025569 0.999673
vn -0.308572 0.020004 0.950991
vn -0.308572 0.020004 0.950991
vn 0.000506 0.025569 0.999673
vn 0.000402 0.020004 0.999800
vn 0.000506 0.025569 0.999673
vn 0.309397 0.025569 0.950589
vn 0.000402 0.020004 0.999800
vn 0.000402 0.020004 0.999800
vn 0.309397 0.025569 0.950589
vn 0.309338 0.020004 0.950742
vn 0.309397 0.025569 0.950589
vn 0.588002 0.025569 0.808455
vn 0.309338 0.020004 0.950742
vn 0.309338 0.020004 0.950742
vn 0.588002 0.025569 0.808455
vn 0.587993 0.020004 0.808618
vn 0.588002 0.025569 0.808455
vn 0.809050 0.025569 0.587184
vn 0.587993 0.020004 0.808618
vn 0.587993 0.020004 0.808618
vn 0.809050 0.025569 0.587184
vn 0.809092 0.020004 0.587342
vn 0.809050 0.025569 0.587184
vn 0.950902 0.025569 0.308435
vn 0.809092 0.020004 0.587342
vn 0.809092 0.020004 0.587342
vn 0.950902 0.025569 0.308435
vn 0.950991 0.020004 0.308572
vn 0.950902 0.025569 0.308435
vn 0.999673 0.025569 -0.000505
vn 0.950991 0.020004 0.308572
vn 0.950991 0.020004 0.308572
vn 0.999673 0.025569 -0.000505
vn 0.999800 0.020004 -0.000401
vn 0.999673 0.025569 -0.000505
vn 0.950590 0.025569 -0.309396
vn 0.999800 0.020004 -0.000401
vn 0.999800 0.020004 -0.000401
vn 0.950590 0.025569 -0.309396
vn 0.950742 0.020004 -0.309337
vn 0.950742 0.020004 -0.309337
vn 0.808618 0.020004 -0.587993
vn 0.949458 0.052779 -0.309426
vn 0.949458 0.052779 -0.309426
vn 0.808618 0.020004 -0.587993
vn 0.807369 0.052779 -0.587681
vn 0.808618 0.020004 -0.587993
vn 0.587342 0.020004 -0.809092
vn 0.807369 0.052779 -0.587681
vn 0.807369 0.052779 -0.587681
vn 0.587342 0.020004 -0.809092
vn 0.586251 0.052779 -0.808409
vn 0.587342 0.020004 -0.809092
vn 0.308572 0.020004 -0.950991
vn 0.586251 0.052779 -0.808409
vn 0.586251 0.052779 -0.808409
vn 0.308572 0.020004 -0.950991
vn 0.307745 0.052779 -0.950004
vn 0.308572 0.020004 -0.950991
vn -0.000403 0.020004 -0.999800
vn 0.307745 0.052779 -0.950004
vn 0.307745 0.052779 -0.950004
vn -0.000403 0.020004 -0.999800
vn -0.000884 0.052779 -0.998606
vn -0.000403 0.020004 -0.999800
vn -0.309338 0.020004 -0.950742
vn -0.000884 0.052779 -0.998606
vn -0.000884 0.052779 -0.998606
vn -0.309338 0.020004 -0.950742
vn -0.309427 0.052779 -0.949457
vn -0.309338 0.020004 -0.950742
vn -0.587993 0.020004 -0.808618
vn -0.309427 0.052779 -0.949457
vn -0.309427 0.052779 -0.949457
vn -0.587993 0.020004 -0.808618
vn -0.587681 0.052779 -0.807369
vn -0.587993 0.020004 -0.808618
vn -0.809092 0.020004 -0.587342
vn -0.587681 0.052779 -0.807369
vn -0.587681 0.052779 -0.807369
vn -0.809092 0.020004 -0.587342
vn -0.808409 0.052779 -0.586251
vn -0.809092 0.020004 -0.587342
vn -0.950991 0.020004 -0.308572
vn -0.808409 0.052779 -0.586251
vn -0.808409 0.052779 -0.586251
vn -0.950991 0.020004 -0.308572
vn -0.950004 0.052779 -0.307746
vn -0.950991 0.020004 -0.308572
vn -0.999800 0.020004 0.000402
vn -0.950004 0.052779 -0.307746
vn -0.950004 0.052779 -0.307746
vn -0.999800 0.020004 0.000402
vn -0.998606 0.052779 0.000884
vn -0.999800 0.020004 0.000402
vn -0.950742 0.020004 0.309338
vn -0.998606 0.052779 0.000884
vn -0.998606 0.052779 0.000884
vn -0.950742 0.020004 0.309338
vn -0.949457 0.052779 0.309427
vn -0.950742 0.020004 0.309338
vn -0.808618 0.020004 0.587993
vn -0.949457 0.052779 0.309427
vn -0.949457 0.052779 0.309427
vn -0.808618 0.020004 0.587993
vn -0.807369 0.052779 0.587681
vn -0.808618 0.020004 0.587993
vn -0.587342 0.020004 0.809092
vn -0.807369 0.052779 0.587681
vn -0.807369 0.052779 0.587681
vn -0.587342 0.020004 0.809092
vn -0.586251 0.052779 0.808409
vn -0.587342 0.020004 0.809092
vn -0.308572 0.020004 0.950991
vn -0.586251 0.052779 0.808409
vn -0.586251 0.052779 0.808409
vn -0.308572 0.020004 0.950991
vn -0.307746 0.052779 0.950004
vn -0.308572 0.020004 0.950991
vn 0.000402 0.020004 0.999800
vn -0.307746 0.052779 0.950004
vn -0.307746 0.052779 0.950004
vn 0.000402 0.020004 0.999800
vn 0.000884 0.052779 0.998606
vn 0.000402 0.020004 0.999800
vn 0.309338 0.020004 0.950742
vn 0.000884 0.052779 0.998606
vn 0.000884 0.052779 0.998606
vn 0.309338 0.020004 0.950742
vn 0.309427 0.052779 0.949457
vn 0.309338 0.020004 0.950742
vn 0.587993 0.020004 0.808618
vn 0.309427 0.052779 0.949457
vn 0.309427 0.052779 0.949457
vn 0.587993 0.020004 0.808618
vn 0.587681 0.052779 0.807370
vn 0.587993 0.020004 0.808618
vn 0.809092 0.020004 0.587342
vn 0.587681 0.052779 0.807370
vn 0.587681 0.052779 0.807370
vn 0.809092 0.020004 0.587342
vn 0.808409 0.052779 0.586251
vn 0.809092 0.020004 0.587342
vn 0.950991 0.020004 0.308572
vn 0.808409 0.052779 0.586251
vn 0.808409 0.052779 0.586251
vn 0.950991 0.020004 0.308572
vn 0.950004 0.052779 0.307746
vn 0.950991 0.020004 0.308572
vn 0.999800 0.020004 -0.000401
vn 0.950004 0.052779 0.307746
vn 0.950004 0.052779 0.307746
vn 0.999800 0.020004 -0.000401
vn 0.998606 0.052779 -0.000883
vn 0.999800 0.020004 -0.000401
vn 0.950742 0.020004 -0.309337
vn 0.998606 0.052779 -0.000883
vn 0.998606 0.052779 -0.000883
vn 0.950742 0.020004 -0.309337
vn 0.949458 0.052779 -0.309426
vn 0.949458 0.052779 -0.309426
vn 0.807369 0.052779 -0.587681
vn 0.943749 0.118302 -0.308776
vn 0.943749 0.118302 -0.308776
vn 0.807369 0.052779 -0.587681
vn 0.802141 0.118302 -0.585299
vn 0.807369 0.052779 -0.587681
vn 0.586251 0.052779 -0.808409
vn 0.802141 0.118302 -0.585299
vn 0.802141 0.118302 -0.585299
vn 0.586251 0.052779 -0.808409
vn 0.582014 0.118301 -0.804527
vn 0.586251 0.052779 -0.808409
vn 0.307745 0.052779 -0.950004
vn 0.582014 0.118301 -0.804527
vn 0.582014 0.118301 -0.804527
vn 0.307745 0.052779 -0.950004
vn 0.304916 0.118301 -0.945003
vn 0.307745 0.052779 -0.950004
vn -0.000884 0.052779 -0.998606
vn 0.304916 0.118301 -0.945003
vn 0.304916 0.118301 -0.945003
vn -0.000884 0.052779 -0.998606
vn -0.002030 0.118302 -0.992976
vn -0.000884 0.052779 -0.998606
vn -0.309427 0.052779 -0.949457
vn -0.002030 0.118302 -0.992976
vn -0.002030 0.118302 -0.992976
vn -0.309427 0.052779 -0.949457
vn -0.308777 0.118301 -0.943749
vn -0.309427 0.052779 -0.949457
vn -0.587681 0.052779 -0.807369
vn -0.308777 0.118301 -0.943749
vn -0.308777 0.118301 -0.943749
vn -0.587681 0.052779 -0.807369
vn -0.585299 0.118301 -0.802141
vn -0.587681 0.052779 -0.807369
vn -0.808409 0.052779 -0.586251
vn -0.585299 0.118301 -0.802141
vn -0.585299 0.118301 -0.802141
vn -0.808409 0.052779 -0.586251
vn -0.804527 0.118301 -0.582014
vn -0.808409 0.052779 -0.586251
vn -0.950004 0.052779 -0.307746
vn -0.804527 0.118301 -0.582014
vn -0.804527 0.118301 -0.582014
vn -0.950004 0.052779 -0.307746
vn -0.945003 0.118302 -0.304916
vn -0.950004 0.052779 -0.307746
vn -0.998606 0.052779 0.000884
vn -0.945003 0.118302 -0.304916
vn -0.945003 0.118302 -0.304916
vn -0.998606 0.052779 0.000884
vn -0.992976 0.118301 0.002030
vn -0.998606 0.052779 0.000884
vn -0.949457 0.052779 0.309427
vn -0.992976 0.118301 0.002030
vn -0.992976 0.118301 0.002030
vn -0.949457 0.052779 0.309427
vn -0.943749 0.118301 0.308777
vn -0.949457 0.052779 0.309427
vn -0.807369 0.052779 0.587681
vn -0.943749 0.118301 0.308777
vn -0.943749 0.118301 0.308777
vn -0.807369 0.052779 0.587681
vn -0.802141 0.118302 0.585299
vn -0.807369 0.052779 0.587681
vn -0.586251 0.052779 0.808409
vn -0.802141 0.118302 0.585299
vn -0.802141 0.118302 0.585299
vn -0.586251 0.052779 0.808409
vn -0.582014 0.118302 0.804527
vn -0.586251 0.052779 0.808409
vn -0.307746 0.052779 0.950004
vn -0.582014 0.118302 0.804527
vn -0.582014 0.118302 0.804527
vn -0.307746 0.052779 0.950004
vn -0.304916 0.118301 0.945003
vn -0.307746 0.052779 0.950004
vn 0.000884 0.052779 0.998606
vn -0.304916 0.118301 0.945003
vn -0.304916 0.118301 0.945003
vn 0.000884 0.052779 0.998606
vn 0.002030 0.118302 0.992976
vn 0.000884 0.052779 0.998606
vn 0.309427 0.052779 0.949457
vn 0.002030 0.118302 0.992976
vn 0.002030 0.118302 0.992976
vn 0.309427 0.052779 0.949457
vn 0.308777 0.118301 0.943749
vn 0.309427 0.052779 0.949457
vn 0.587681 0.052779 0.807370
vn 0.308777 0.118301 0.943749
vn 0.308777 0.118301 0.943749
vn 0.587681 0.052779 0.807370
vn 0.585299 0.118301 0.802141
vn 0.587681 0.052779 0.807370
vn 0.808409 0.052779 0.586251
vn 0.585299 0.118301 0.802141
vn 0.585299 0.118301 0.802141
vn 0.808409 0.052779 0.586251
vn 0.804527 0.118301 0.582014
vn 0.808409 0.052779 0.586251
vn 0.950004 0.052779 0.307746
vn 0.804527 0.118301 0.582014
vn 0.804527 0.118301 0.582014
vn 0.950004 0.052779 0.307746
vn 0.945003 0.118302 0.304916
vn 0.950004 0.052779 0.307746
vn 0.998606 0.052779 -0.000883
vn 0.945003 0.118302 0.304916
vn 0.945003 0.118302 0.304916
vn 0.998606 0.052779 -0.000883
vn 0.992976 0.118301 -0.002029
vn 0.998606 0.052779 -0.000883
vn 0.949458 0.052779 -0.309426
vn 0.992976 0.118301 -0.002029
vn 0.992976 0.118301 -0.002029
vn 0.949458 0.052779 -0.309426
vn 0.943749 0.118302 -0.308776
vn 0.943749 0.118302 -0.308776
vn 0.802141 0.118302 -0.585299
vn 0.946940 0.087939 -0.309145
vn 0.946940 0.087939 -0.309145
vn 0.802141 0.118302 -0.585299
vn 0.805062 0.087939 -0.586636
vn 0.802141 0.118302 -0.585299
vn 0.582014 0.118301 -0.804527
vn 0.805062 0.087939 -0.586636
vn 0.805062 0.087939 -0.586636
vn 0.582014 0.118301 -0.804527
vn 0.584379 0.087939 -0.806702
vn 0.582014 0.118301 -0.804527
vn 0.304916 0.118301 -0.945003
vn 0.584379 0.087939 -0.806702
vn 0.584379 0.087939 -0.806702
vn 0.304916 0.118301 -0.945003
vn 0.306493 0.087938 -0.947802
vn 0.304916 0.118301 -0.945003
vn -0.002030 0.118302 -0.992976
vn 0.306493 0.087938 -0.947802
vn 0.306493 0.087938 -0.947802
vn -0.002030 0.118302 -0.992976
vn -0.001395 0.087939 -0.996125
vn -0.002030 0.118302 -0.992976
vn -0.308777 0.118301 -0.943749
vn -0.001395 0.087939 -0.996125
vn -0.001395 0.087939 -0.996125
vn -0.308777 0.118301 -0.943749
vn -0.309146 0.087939 -0.946940
vn -0.308777 0.118301 -0.943749
vn -0.585299 0.118301 -0.802141
vn -0.309146 0.087939 -0.946940
vn -0.309146 0.087939 -0.946940
vn -0.585299 0.118301 -0.802141
vn -0.586636 0.087939 -0.805062
vn -0.585299 0.118301 -0.802141
vn -0.804527 0.118301 -0.582014
vn -0.586636 0.087939 -0.805062
vn -0.586636 0.087939 -0.805062
vn -0.804527 0.118301 -0.582014
vn -0.806702 0.087939 -0.584379
vn -0.804527 0.118301 -0.582014
vn -0.945003 0.118302 -0.304916
vn -0.806702 0.087939 -0.584379
vn -0.806702 0.087939 -0.584379
vn -0.945003 0.118302 -0.304916
vn -0.947802 0.087939 -0.306493
vn -0.945003 0.118302 -0.304916
vn -0.992976 0.118301 0.002030
vn -0.947802 0.087939 -0.306493
vn -0.947802 0.087939 -0.306493
vn -0.992976 0.118301 0.002030
vn -0.996125 0.087939 0.001395
vn -0.992976 0.118301 0.002030
vn -0.943749 0.118301 0.308777
vn -0.996125 0.087939 0.001395
vn -0.996125 0.087939 0.001395
vn -0.943749 0.118301 0.308777
vn -0.946940 0.087939 0.309146
vn -0.943749 0.118301 0.308777
vn -0.802141 0.118302 0.585299
vn -0.946940 0.087939 0.309146
vn -0.946940 0.087939 0.309146
vn -0.802141 0.118302 0.585299
vn -0.805062 0.087939 0.586636
vn -0.802141 0.118302 0.585299
vn -0.582014 0.118302 0.804527
vn -0.805062 0.087939 0.586636
vn -0.805062 0.087939 0.586636
vn -0.582014 0.118302 0.804527
vn -0.584379 0.087938 0.806702
vn -0.582014 0.118302 0.804527
vn -0.304916 0.118301 0.945003
vn -0.584379 0.087938 0.806702
vn -0.584379 0.087938 0.806702
vn -0.304916 0.118301 0.945003
vn -0.306493 0.087938 0.947802
vn -0.304916 0.118301 0.945003
vn 0.002030 0.118302 0.992976
vn -0.306493 0.087938 0.947802
vn -0.306493 0.087938 0.947802
vn 0.002030 0.118302 0.992976
vn 0.001395 0.087939 0.996125
vn 0.002030 0.118302 0.992976
vn 0.308777 0.118301 0.943749
vn 0.001395 0.087939 0.996125
vn 0.001395 0.087939 0.996125
vn 0.308777 0.118301 0.943749
vn 0.309146 0.087939 0.946940
vn 0.308777 0.118301 0.943749
vn 0.585299 0.118301 0.802141
vn 0.309146 0.087939 0.946940
vn 0.309146 0.087939 0.946940
vn 0.585299 0.118301 0.802141
vn 0.586635 0.087939 0.805063
vn 0.585299 0.118301 0.802141
vn 0.804527 0.118301 0.582014
vn 0.586635 0.087939 0.805063
vn 0.586635 0.087939 0.805063
vn 0.804527 0.118301 0.582014
vn 0.806702 0.087939 0.584379
vn 0.804527 0.118301 0.582014
vn 0.945003 0.118302 0.304916
vn 0.806702 0.087939 0.584379
vn 0.806702 0.087939 0.584379
vn 0.945003 0.118302 0.304916
vn 0.947802 0.087939 0.306493
vn 0.945003 0.118302 0.304916
vn 0.992976 0.118301 -0.002029
vn 0.947802 0.087939 0.306493
vn 0.947802 0.087939 0.306493
vn 0.992976 0.118301 -0.002029
vn 0.996125 0.087939 -0.001394
vn 0.992976 0.118301 -0.002029
vn 0.943749 0.118302 -0.308776
vn 0.996125 0.087939 -0.001394
vn 0.996125 0.087939 -0.001394
vn 0.943749 0.118302 -0.308776
vn 0.946940 0.087939 -0.309145
vn 0.000000 1.000000 -0.000001
vn 0.000000 1.000000 0.000000
vn -0.164069 0.984949 0.054381
vn -0.164069 0.984949 0.054381
vn 0.000000 1.000000 0.000000
vn -0.139234 0.984949 0.102420
vn 0.000000 1.000000 0.000000
vn 0.000000 1.000000 0.000000
vn -0.139234 0.984949 0.102420
vn -0.139234 0.984949 0.102420
vn 0.000000 1.000000 0.000000
vn -0.100770 0.984949 0.140432
vn 0.000000 1.000000 0.000000
vn 0.000000 1.000000 -0.000003
vn -0.100770 0.984949 0.140432
vn -0.100770 0.984949 0.140432
vn 0.000000 1.000000 -0.000003
vn -0.052442 0.984949 0.164699
vn 0.000000 1.000000 -0.000003
vn 0.000000 1.000000 -0.000001
vn -0.052442 0.984949 0.164699
vn -0.052442 0.984949 0.164699
vn 0.000000 1.000000 -0.000001
vn 0.001019 0.984949 0.172843
vn 0.000000 1.000000 -0.000001
vn 0.000000 1.000000 0.000000
vn 0.001019 0.984949 0.172843
vn 0.001019 0.984949 0.172843
vn 0.000000 1.000000 0.000000
vn 0.054381 0.984949 0.164069
vn 0.000000 1.000000 0.000000
vn 0.000000 1.000000 -0.000001
vn 0.054381 0.984949 0.164069
vn 0.054381 0.984949 0.164069
vn 0.000000 1.000000 -0.000001
vn 0.102419 0.984949 0.139234
vn 0.000000 1.000000 -0.000001
vn 0.000000 1.000000 0.000001
vn 0.102419 0.984949 0.139234
vn 0.102419 0.984949 0.139234
vn 0.000000 1.000000 0.000001
vn 0.140432 0.984949 0.100770
vn 0.000000 1.000000 0.000001
vn 0.000000 1.000000 0.000000
vn 0.140432 0.984949 0.100770
vn 0.140432 0.984949 0.100770
vn 0.000000 1.000000 0.000000
vn 0.164699 0.984949 0.052443
vn 0.000000 1.000000 0.000000
vn 0.000000 1.000000 0.000000
vn 0.164699 0.984949 0.052443
vn 0.164699 0.984949 0.052443
vn 0.000000 1.000000 0.000000
vn 0.172843 0.984949 -0.001019
vn 0.000000 1.000000 0.000000
vn 0.000000 1.000000 0.000000
vn 0.172843 0.984949 -0.001019
vn 0.172843 0.984949 -0.001019
vn 0.000000 1.000000 0.000000
vn 0.164069 0.984949 -0.054381
vn 0.000000 1.000000 0.000000
vn 0.000000 1.000000 0.000000
vn 0.164069 0.984949 -0.054381
vn 0.164069 0.984949 -0.054381
vn 0.000000 1.000000 0.000000
vn 0.139235 0.984949 -0.102420
vn 0.000000 1.000000 0.000000
vn 0.000000 1.000000 -0.000001
vn 0.139235 0.984949 -0.102420
vn 0.139235 0.984949 -0.102420
vn 0.000000 1.000000 -0.000001
vn 0.100770 0.984949 -0.140433
vn 0.000000 1.000000 -0.000001
vn 0.000000 1.000000 0.000002
vn 0.100770 0.984949 -0.140433
vn 0.100770 0.984949 -0.140433
vn 0.000000 1.000000 0.000002
vn 0.052442 0.984949 -0.164700
vn 0.000000 1.000000 0.000002
vn 0.000000 1.000000 0.000000
vn 0.052442 0.984949 -0.164700
vn 0.052442 0.984949 -0.164700
vn 0.000000 1.000000 0.000000
vn -0.001019 0.984949 -0.172843
vn 0.000000 1.000000 0.000000
vn 0.000000 1.000000 0.000001
vn -0.001019 0.984949 -0.172843
vn -0.001019 0.984949 -0.172843
vn 0.000000 1.000000 0.000001
vn -0.054381 0.984949 -0.164068
vn 0.000000 1.000000 0.000001
vn 0.000000 1.000000 -0.000001
vn -0.054381 0.984949 -0.164068
vn -0.054381 0.984949 -0.164068
vn 0.000000 1.000000 -0.000001
vn -0.102419 0.984949 -0.139235
vn 0.000000 1.000000 -0.000001
vn 0.000000 1.000000 -0.000001
vn -0.102419 0.984949 -0.139235
vn -0.102419 0.984949 -0.139235
vn 0.000000 1.000000 -0.000001
vn -0.140432 0.984949 -0.100771
vn 0.000000 1.000000 -0.000001
vn 0.000000 1.000000 0.000000
vn -0.140432 0.984949 -0.100771
vn -0.140432 0.984949 -0.100771
vn 0.000000 1.000000 0.000000
vn -0.164699 0.984949 -0.052443
vn 0.000000 1.000000 0.000000
vn 0.000000 1.000000 0.000000
vn -0.164699 0.984949 -0.052443
vn -0.164699 0.984949 -0.052443
vn 0.000000 1.000000 0.000000
vn -0.172844 0.984949 0.001019
vn 0.000000 1.000000 0.000000
vn 0.000000 1.000000 -0.000001
vn -0.172844 0.984949 0.001019
vn -0.172844 0.984949 0.001019
vn 0.000000 1.000000 -0.000001
vn -0.164069 0.984949 0.054381
vn -0.164069 0.984949 0.054381
vn -0.139234 0.984949 0.102420
vn -0.101139 0.994306 0.033567
vn -0.101139 0.994306 0.033567
vn -0.139234 0.984949 0.102420
vn -0.085816 0.994306 0.063177
vn -0.139234 0.984949 0.102420
vn -0.100770 0.984949 0.140432
vn -0.085816 0.994306 0.063177
vn -0.085816 0.994306 0.063177
vn -0.100770 0.984949 0.140432
vn -0.062093 0.994306 0.086604
vn -0.100770 0.984949 0.140432
vn -0.052442 0.984949 0.164699
vn -0.062093 0.994306 0.086604
vn -0.062093 0.994306 0.086604
vn -0.052442 0.984949 0.164699
vn -0.032292 0.994306 0.101554
vn -0.052442 0.984949 0.164699
vn 0.001019 0.984949 0.172843
vn -0.032292 0.994306 0.101554
vn -0.032292 0.994306 0.101554
vn 0.001019 0.984949 0.172843
vn 0.000670 0.994306 0.106561
vn 0.001019 0.984949 0.172843
vn 0.054381 0.984949 0.164069
vn 0.000670 0.994306 0.106561
vn 0.000670 0.994306 0.106561
vn 0.054381 0.984949 0.164069
vn 0.033567 0.994306 0.101139
vn 0.054381 0.984949 0.164069
vn 0.102419 0.984949 0.139234
vn 0.033567 0.994306 0.101139
vn 0.033567 0.994306 0.101139
vn 0.102419 0.984949 0.139234
vn 0.063177 0.994306 0.085816
vn 0.102419 0.984949 0.139234
vn 0.140432 0.984949 0.100770
vn 0.063177 0.994306 0.085816
vn 0.063177 0.994306 0.085816
vn 0.140432 0.984949 0.100770
vn 0.086604 0.994306 0.062093
vn 0.140432 0.984949 0.100770
vn 0.164699 0.984949 0.052443
vn 0.086604 0.994306 0.062093
vn 0.086604 0.994306 0.062093
vn 0.164699 0.984949 0.052443
vn 0.101553 0.994306 0.032292
vn 0.164699 0.984949 0.052443
vn 0.172843 0.984949 -0.001019
vn 0.101553 0.994306 0.032292
vn 0.101553 0.994306 0.032292
vn 0.172843 0.984949 -0.001019
vn 0.106561 0.994306 -0.000670
vn 0.172843 0.984949 -0.001019
vn 0.164069 0.984949 -0.054381
vn 0.106561 0.994306 -0.000670
vn 0.106561 0.994306 -0.000670
vn 0.164069 0.984949 -0.054381
vn 0.101139 0.994306 -0.033567
vn 0.164069 0.984949 -0.054381
vn 0.139235 0.984949 -0.102420
vn 0.101139 0.994306 -0.033567
vn 0.101139 0.994306 -0.033567
vn 0.139235 0.984949 -0.102420
vn 0.085816 0.994306 -0.063177
vn 0.139235 0.984949 -0.102420
vn 0.100770 0.984949 -0.140433
vn 0.085816 0.994306 -0.063177
vn 0.085816 0.994306 -0.063177
vn 0.100770 0.984949 -0.140433
vn 0.062093 0.994306 -0.086604
vn 0.100770 0.984949 -0.140433
vn 0.052442 0.984949 -0.164700
vn 0.062093 0.994306 -0.086604
vn 0.062093 0.994306 -0.086604
vn 0.052442 0.984949 -0.164700
vn 0.032292 0.994306 -0.101554
vn 0.052442 0.984949 -0.164700
vn -0.001019 0.984949 -0.172843
vn 0.032292 0.994306 -0.101554
vn 0.032292 0.994306 -0.101554
vn -0.001019 0.984949 -0.172843
vn -0.000670 0.994306 -0.106561
vn -0.001019 0.984949 -0.172843
vn -0.054381 0.984949 -0.164068
vn -0.000670 0.994306 -0.106561
vn -0.000670 0.994306 -0.106561
vn -0.054381 0.984949 -0.164068
vn -0.033567 0.994306 -0.101139
vn -0.054381 0.984949 -0.164068
vn -0.102419 0.984949 -0.139235
vn -0.033567 0.994306 -0.101139
vn -0.033567 0.994306 -0.101139
vn -0.102419 0.984949 -0.139235
vn -0.063177 0.994306 -0.085816
vn -0.102419 0.984949 -0.139235
vn -0.140432 0.984949 -0.100771
vn -0.063177 0.994306 -0.085816
vn -0.063177 0.994306 -0.085816
vn -0.140432 0.984949 -0.100771
vn -0.086604 0.994306 -0.062093
vn -0.140432 0.984949 -0.100771
vn -0.164699 0.984949 -0.052443
vn -0.086604 0.994306 -0.062093
vn -0.086604 0.994306 -0.062093
vn -0.164699 0.984949 -0.052443
vn -0.101553 0.994306 -0.032292
vn -0.164699 0.984949 -0.052443
vn -0.172844 0.984949 0.001019
vn -0.101553 0.994306 -0.032292
vn -0.101553 0.994306 -0.032292
vn -0.172844 0.984949 0.001019
vn -0.106561 0.994306 0.000670
vn -0.172844 0.984949 0.001019
vn -0.164069 0.984949 0.054381
vn -0.106561 0.994306 0.000670
vn -0.106561 0.994306 0.000670
vn -0.164069 0.984949 0.054381
vn -0.101139 0.994306 0.033567
vn -0.101139 0.994306 0.033567
vn -0.085816 0.994306 0.063177
vn 0.000000 1.000000 0.000000
vn 0.000000 1.000000 0.000000
vn -0.085816 0.994306 0.063177
vn 0.000000 1.000000 0.000000
vn -0.085816 0.994306 0.063177
vn -0.062093 0.994306 0.086604
vn 0.000000 1.000000 0.000000
vn 0.000000 1.000000 0.000000
vn -0.062093 0.994306 0.086604
vn 0.000000 1.000000 0.000000
vn -0.062093 0.994306 0.086604
vn -0.032292 0.994306 0.101554
vn 0.000000 1.000000 0.000000
vn 0.000000 1.000000 0.000000
vn -0.032292 0.994306 0.101554
vn 0.000000 1.000000 0.000000
vn -0.032292 0.994306 0.101554
vn 0.000670 0.994306 0.106561
vn 0.000000 1.000000 0.000000
vn 0.000000 1.000000 0.000000
vn 0.000670 0.994306 0.106561
vn 0.000000 1.000000 0.000000
vn 0.000670 0.994306 0.106561
vn 0.033567 0.994306 0.101139
vn 0.000000 1.000000 0.000000
vn 0.000000 1.000000 0.000000
vn 0.033567 0.994306 0.101139
vn 0.000000 1.000000 0.000000
vn 0.033567 0.994306 0.101139
vn 0.063177 0.994306 0.085816
vn 0.000000 1.000000 0.000000
vn 0.000000 1.000000 0.000000
vn 0.063177 0.994306 0.085816
vn 0.000000 1.000000 0.000000
vn 0.063177 0.994306 0.085816
vn 0.086604 0.994306 0.062093
vn 0.000000 1.000000 0.000000
vn 0.000000 1.000000 0.000000
vn 0.086604 0.994306 0.062093
vn 0.000000 1.000000 0.000000
vn 0.086604 0.994306 0.062093
vn 0.101553 0.994306 0.032292
vn 0.000000 1.000000 0.000000
vn 0.000000 1.000000 0.000000
vn 0.101553 0.994306 0.032292
vn 0.000000 1.000000 0.000000
vn 0.101553 0.994306 0.032292
vn 0.106561 0.994306 -0.000670
vn 0.000000 1.000000 0.000000
vn 0.000000 1.000000 0.000000
vn 0.106561 0.994306 -0.000670
vn 0.000000 1.000000 0.000000
vn 0.106561 0.994306 -0.000670
vn 0.101139 0.994306 -0.033567
vn 0.000000 1.000000 0.000000
vn 0.000000 1.000000 0.000000
vn 0.101139 0.994306 -0.033567
vn 0.000000 1.000000 0.000000
vn 0.101139 0.994306 -0.033567
vn 0.085816 0.994306 -0.063177
vn 0.000000 1.000000 0.000000
vn 0.000000 1.000000 0.000000
vn 0.085816 0.994306 -0.063177
vn 0.000000 1.000000 0.000000
vn 0.085816 0.994306 -0.063177
vn 0.062093 0.994306 -0.086604
vn 0.000000 1.000000 0.000000
vn 0.000000 1.000000 0.000000
vn 0.062093 0.994306 -0.086604
vn 0.000000 1.000000 0.000000
vn 0.062093 0.994306 -0.086604
vn 0.032292 0.994306 -0.101554
vn 0.000000 1.000000 0.000000
vn 0.000000 1.000000 0.000000
vn 0.032292 0.994306 -0.101554
vn 0.000000 1.000000 0.000000
vn 0.032292 0.994306 -0.101554
vn -0.000670 0.994306 -0.106561
vn 0.000000 1.000000 0.000000
vn 0.000000 1.000000 0.000000
vn -0.000670 0.994306 -0.106561
vn 0.000000 1.000000 0.000000
vn -0.000670 0.994306 -0.106561
vn -0.033567 0.994306 -0.101139
vn 0.000000 1.000000 0.000000
vn 0.000000 1.000000 0.000000
vn -0.033567 0.994306 -0.101139
vn 0.000000 1.000000 0.000000
vn -0.033567 0.994306 -0.101139
vn -0.063177 0.994306 -0.085816
vn 0.000000 1.000000 0.000000
vn 0.000000 1.000000 0.000000
vn -0.063177 0.994306 -0.085816
vn 0.000000 1.000000 0.000000
vn -0.063177 0.994306 -0.085816
vn -0.086604 0.994306 -0.062093
vn 0.000000 1.000000 0.000000
vn 0.000000 1.000000 0.000000
vn -0.086604 0.994306 -0.062093
vn 0.000000 1.000000 0.000000
vn -0.086604 0.994306 -0.062093
vn -0.101553 0.994306 -0.032292
vn 0.000000 1.000000 0.000000
vn 0.000000 1.000000 0.000000
vn -0.101553 0.994306 -0.032292
vn 0.000000 1.000000 0.000000
vn -0.101553 0.994306 -0.032292
vn -0.106561 0.994306 0.000670
vn 0.000000 1.000000 0.000000
vn 0.000000 1.000000 0.000000
vn -0.106561 0.994306 0.000670
vn 0.000000 1.000000 0.000000
vn -0.106561 0.994306 0.000670
vn -0.101139 0.994306 0.033567
vn 0.000000 1.000000 0.000000
vn 0.000000 1.000000 0.000000
vn -0.101139 0.994306 0.033567
vn 0.000000 1.000000 0.000000
vn -0.173583 -0.976917 0.124505
vn -0.203561 -0.976917 0.064771
vn 0.000000 -1.000000 0.000000
vn -0.126613 -0.976917 0.172051
vn -0.173583 -0.976917 0.124505
vn 0.000000 -1.000000 0.000000
vn -0.067250 -0.976917 0.202756
vn -0.126613 -0.976917 0.172051
vn 0.000000 -1.000000 0.000000
vn -0.001303 -0.976918 0.213613
vn -0.067250 -0.976917 0.202756
vn 0.000000 -1.000000 0.000000
vn 0.064771 -0.976917 0.203561
vn -0.001303 -0.976918 0.213613
vn 0.000000 -1.000000 0.000000
vn 0.124505 -0.976917 0.173583
vn 0.064771 -0.976917 0.203561
vn 0.000000 -1.000000 0.000000
vn 0.172051 -0.976917 0.126613
vn 0.124505 -0.976917 0.173583
vn 0.000000 -1.000000 0.000000
vn 0.202756 -0.976917 0.067250
vn 0.172051 -0.976917 0.126613
vn 0.000000 -1.000000 0.000000
vn 0.213614 -0.976917 0.001304
vn 0.202756 -0.976917 0.067250
vn 0.000000 -1.000000 0.000000
vn 0.203561 -0.976917 -0.064771
vn 0.213614 -0.976917 0.001304
vn 0.000000 -1.000000 0.000000
vn 0.173583 -0.976917 -0.124504
vn 0.203561 -0.976917 -0.064771
vn 0.000000 -1.000000 0.000000
vn 0.126613 -0.976917 -0.172051
vn 0.173583 -0.976917 -0.124504
vn 0.000000 -1.000000 0.000000
vn 0.067250 -0.976917 -0.202756
vn 0.126613 -0.976917 -0.172051
vn 0.000000 -1.000000 0.000000
vn 0.001303 -0.976917 -0.213614
vn 0.067250 -0.976917 -0.202756
vn 0.000000 -1.000000 0.000000
vn -0.064771 -0.976917 -0.203561
vn 0.001303 -0.976917 -0.213614
vn 0.000000 -1.000000 0.000000
vn -0.124504 -0.976918 -0.173583
vn -0.064771 -0.976917 -0.203561
vn 0.000000 -1.000000 0.000000
vn -0.172051 -0.976917 -0.126614
vn -0.124504 -0.976918 -0.173583
vn 0.000000 -1.000000 0.000000
vn -0.202756 -0.976917 -0.067250
vn -0.172051 -0.976917 -0.126614
vn 0.000000 -1.000000 0.000000
vn -0.213614 -0.976917 -0.001303
vn -0.202756 -0.976917 -0.067250
vn 0.000000 -1.000000 0.000000
vn -0.203561 -0.976917 0.064771
vn -0.213614 -0.976917 -0.001303
vn 0.000000 -1.000000 0.000000
vn 0.000000 1.000000 0.000000
vn 0.000000 1.000000 0.000000
vn 0.000000 1.000000 0.000000
vn 0.000000 1.000000 0.000000
vn 0.000000 1.000000 0.000000
vn 0.000000 1.000000 0.000000
vn 0.000000 1.000000 0.000000
vn 0.000000 1.000000 0.000000
vn 0.000000 1.000000 0.000000
vn 0.000000 1.000000 0.000000
vn 0.000000 1.000000 0.000000
vn 0.000000 1.000000 0.000000
vn 0.000000 1.000000 0.000000
vn 0.000000 1.000000 0.000000
vn 0.000000 1.000000 0.000000
vn 0.000000 1.000000 0.000000
vn 0.000000 1.000000 0.000000
vn 0.000000 1.000000 0.000000
vn 0.000000 1.000000 0.000000
vn 0.000000 1.000000 0.000000
vn 0.000000 1.000000 0.000000
vn 0.000000 1.000000 0.000000
vn 0.000000 1.000000 0.000000
vn 0.000000 1.000000 0.000000
vn 0.000000 1.000000 0.000000
vn 0.000000 1.000000 0.000000
vn 0.000000 1.000000 0.000000
vn 0.000000 1.000000 0.000000
vn 0.000000 1.000000 0.000000
vn 0.000000 1.000000 0.000000
vn 0.000000 1.000000 0.000000
vn 0.000000 1.000000 0.000000
vn 0.000000 1.000000 0.000000
vn 0.000000 1.000000 0.000000
vn 0.000000 1.000000 0.000000
vn 0.000000 1.000000 0.000000
vn 0.000000 1.000000 0.000000
vn 0.000000 1.000000 0.000000
vn 0.000000 1.000000 0.000000
vn 0.000000 1.000000 0.000000
vn 0.000000 1.000000 0.000000
vn 0.000000 1.000000 0.000000
vn 0.000000 1.000000 0.000000
vn 0.000000 1.000000 0.000000
vn 0.000000 1.000000 0.000000
vn 0.000000 1.000000 0.000000
vn 0.000000 1.000000 0.000000
vn 0.000000 1.000000 0.000000
vn 0.000000 1.000000 0.000000
vn 0.000000 1.000000 0.000000
vn 0.000000 1.000000 0.000000
vn 0.000000 1.000000 0.000000
vn 0.000000 1.000000 0.000000
vn 0.000000 1.000000 0.000000
vn 0.000000 1.000000 0.000000
vn 0.000000 1.000000 0.000000
vn 0.000000 1.000000 0.000000
vn 0.000000 1.000000 0.000000
vn 0.000000 1.000000 0.000000
vn 0.000000 1.000000 0.000000
s off
g item_energydrink:pCylinder1
usemtl initialShadingGroup
f 1/1/1 2/2/2 21/3/3
f 21/3/4 2/2/5 22/4/6
f 2/2/7 3/5/8 22/4/9
f 22/4/10 3/5/11 23/6/12
f 3/5/13 4/7/14 23/6/15
f 23/6/16 4/7/17 24/8/18
f 4/7/19 5/9/20 24/8/21
f 24/8/22 5/9/23 25/10/24
f 5/9/25 6/11/26 25/10/27
f 25/10/28 6/11/29 26/12/30
f 6/11/31 7/13/32 26/12/33
f 26/12/34 7/13/35 27/14/36
f 7/13/37 8/15/38 27/14/39
f 27/14/40 8/15/41 28/16/42
f 8/15/43 9/17/44 28/16/45
f 28/16/46 9/17/47 29/18/48
f 9/17/49 10/19/50 29/18/51
f 29/18/52 10/19/53 30/20/54
f 10/19/55 11/21/56 30/20/57
f 30/20/58 11/21/59 31/22/60
f 11/21/61 12/23/62 31/22/63
f 31/22/64 12/23/65 32/24/66
f 12/23/67 13/25/68 32/24/69
f 32/24/70 13/25/71 33/26/72
f 13/25/73 14/27/74 33/26/75
f 33/26/76 14/27/77 34/28/78
f 14/27/79 15/29/80 34/28/81
f 34/28/82 15/29/83 35/30/84
f 15/29/85 16/31/86 35/30/87
f 35/30/88 16/31/89 36/32/90
f 16/31/91 17/33/92 36/32/93
f 36/32/94 17/33/95 37/34/96
f 17/33/97 18/35/98 37/34/99
f 37/34/100 18/35/101 38/36/102
f 18/35/103 19/37/104 38/36/105
f 38/36/106 19/37/107 39/38/108
f 19/37/109 20/39/110 39/38/111
f 39/38/112 20/39/113 40/40/114
f 20/39/115 1/1/116 40/40/117
f 40/40/118 1/1/119 21/3/120
f 21/3/121 22/4/122 41/41/123
f 41/41/124 22/4/125 42/42/126
f 22/4/127 23/6/128 42/42/129
f 42/42/130 23/6/131 43/43/132
f 23/6/133 24/8/134 43/43/135
f 43/43/136 24/8/137 44/44/138
f 24/8/139 25/10/140 44/44/141
f 44/44/142 25/10/143 45/45/144
f 25/10/145 26/12/146 45/45/147
f 45/45/148 26/12/149 46/46/150
f 26/12/151 27/14/152 46/46/153
f 46/46/154 27/14/155 47/47/156
f 27/14/157 28/16/158 47/47/159
f 47/47/160 28/16/161 48/48/162
f 28/16/163 29/18/164 48/48/165
f 48/48/166 29/18/167 49/49/168
f 29/18/169 30/20/170 49/49/171
f 49/49/172 30/20/173 50/50/174
f 30/20/175 31/22/176 50/50/177
f 50/50/178 31/22/179 51/51/180
f 31/22/181 32/24/182 51/51/183
f 51/51/184 32/24/185 52/52/186
f 32/24/187 33/26/188 52/52/189
f 52/52/190 33/26/191 53/53/192
f 33/26/193 34/28/194 53/53/195
f 53/53/196 34/28/197 54/54/198
f 34/28/199 35/30/200 54/54/201
f 54/54/202 35/30/203 55/55/204
f 35/30/205 36/32/206 55/55/207
f 55/55/208 36/32/209 56/56/210
f 36/32/211 37/34/212 56/56/213
f 56/56/214 37/34/215 57/57/216
f 37/34/217 38/36/218 57/57/219
f 57/57/220 38/36/221 58/58/222
f 38/36/223 39/38/224 58/58/225
f 58/58/226 39/38/227 59/59/228
f 39/38/229 40/40/230 59/59/231
f 59/59/232 40/40/233 60/60/234
f 40/40/235 21/3/236 60/60/237
f 60/60/238 21/3/239 41/41/240
f 41/41/241 42/42/242 61/61/243
f 61/61/244 42/42/245 62/62/246
f 42/42/247 43/43/248 62/62/249
f 62/62/250 43/43/251 63/63/252
f 43/43/253 44/44/254 63/63/255
f 63/63/256 44/44/257 64/64/258
f 44/44/259 45/45/260 64/64/261
f 64/64/262 45/45/263 65/65/264
f 45/45/265 46/46/266 65/65/267
f 65/65/268 46/46/269 66/66/270
f 46/46/271 47/47/272 66/66/273
f 66/66/274 47/47/275 67/67/276
f 47/47/277 48/48/278 67/67/279
f 67/67/280 48/48/281 68/68/282
f 48/48/283 49/49/284 68/68/285
f 68/68/286 49/49/287 69/69/288
f 49/49/289 50/50/290 69/69/291
f 69/69/292 50/50/293 70/70/294
f 50/50/295 51/51/296 70/70/297
f 70/70/298 51/51/299 71/71/300
f 51/51/301 52/52/302 71/71/303
f 71/71/304 52/52/305 72/72/306
f 52/52/307 53/53/308 72/72/309
f 72/72/310 53/53/311 73/73/312
f 53/53/313 54/54/314 73/73/315
f 73/73/316 54/54/317 74/74/318
f 54/54/319 55/55/320 74/74/321
f 74/74/322 55/55/323 75/75/324
f 55/55/325 56/56/326 75/75/327
f 75/75/328 56/56/329 76/76/330
f 56/56/331 57/57/332 76/76/333
f 76/76/334 57/57/335 77/77/336
f 57/57/337 58/58/338 77/77/339
f 77/77/340 58/58/341 78/78/342
f 58/58/343 59/59/344 78/78/345
f 78/78/346 59/59/347 79/79/348
f 59/59/349 60/60/350 79/79/351
f 79/79/352 60/60/353 80/80/354
f 60/60/355 41/41/356 80/80/357
f 80/80/358 41/41/359 61/61/360
f 61/81/361 62/82/362 81/83/363
f 81/83/364 62/82/365 82/84/366
f 62/82/367 63/85/368 82/84/369
f 82/84/370 63/85/371 83/86/372
f 63/85/373 64/87/374 83/86/375
f 83/86/376 64/87/377 84/88/378
f 64/87/379 65/89/380 84/88/381
f 84/88/382 65/89/383 85/90/384
f 65/89/385 66/91/386 85/90/387
f 85/90/388 66/91/389 86/92/390
f 66/91/391 67/93/392 86/92/393
f 86/92/394 67/93/395 87/94/396
f 67/93/397 68/95/398 87/94/399
f 87/94/400 68/95/401 88/96/402
f 68/95/403 69/97/404 88/96/405
f 88/96/406 69/97/407 89/98/408
f 69/97/409 70/99/410 89/98/411
f 89/98/412 70/99/413 90/100/414
f 70/99/415 71/101/416 90/100/417
f 90/100/418 71/101/419 91/102/420
f 71/101/421 72/103/422 91/102/423
f 91/102/424 72/103/425 92/104/426
f 72/103/427 73/105/428 92/104/429
f 92/104/430 73/105/431 93/106/432
f 73/105/433 74/107/434 93/106/435
f 93/106/436 74/107/437 94/108/438
f 74/107/439 75/109/440 94/108/441
f 94/108/442 75/109/443 95/110/444
f 75/109/445 76/111/446 95/110/447
f 95/110/448 76/111/449 96/112/450
f 76/111/451 77/113/452 96/112/453
f 96/112/454 77/113/455 97/114/456
f 77/113/457 78/115/458 97/114/459
f 97/114/460 78/115/461 98/116/462
f 78/115/463 79/117/464 98/116/465
f 98/116/466 79/117/467 99/118/468
f 79/117/469 80/119/470 99/118/471
f 99/118/472 80/119/473 100/120/474
f 80/119/475 61/121/476 100/120/477
f 100/120/478 61/121/479 81/122/480
f 81/83/481 82/84/482 101/123/483
f 101/123/484 82/84/485 102/124/486
f 82/84/487 83/86/488 102/124/489
f 102/124/490 83/86/491 103/125/492
f 83/86/493 84/88/494 103/125/495
f 103/125/496 84/88/497 104/126/498
f 84/88/499 85/90/500 104/126/501
f 104/126/502 85/90/503 105/127/504
f 85/90/505 86/92/506 105/127/507
f 105/127/508 86/92/509 106/128/510
f 86/92/511 87/94/512 106/128/513
f 106/128/514 87/94/515 107/129/516
f 87/94/517 88/96/518 107/129/519
f 107/129/520 88/96/521 108/130/522
f 88/96/523 89/98/524 108/130/525
f 108/130/526 89/98/527 109/131/528
f 89/98/529 90/100/530 109/131/531
f 109/131/532 90/100/533 110/132/534
f 90/100/535 91/102/536 110/132/537
f 110/132/538 91/102/539 111/133/540
f 91/102/541 92/104/542 111/133/543
f 111/133/544 92/104/545 112/134/546
f 92/104/547 93/106/548 112/134/549
f 112/134/550 93/106/551 113/135/552
f 93/106/553 94/108/554 113/135/555
f 113/135/556 94/108/557 114/136/558
f 94/108/559 95/110/560 114/136/561
f 114/136/562 95/110/563 115/137/564
f 95/110/565 96/112/566 115/137/567
f 115/137/568 96/112/569 116/138/570
f 96/112/571 97/114/572 116/138/573
f 116/138/574 97/114/575 117/139/576
f 97/114/577 98/116/578 117/139/579
f 117/139/580 98/116/581 118/140/582
f 98/116/583 99/118/584 118/140/585
f 118/140/586 99/118/587 119/141/588
f 99/118/589 100/120/590 119/141/591
f 119/141/592 100/120/593 120/142/594
f 100/120/595 81/122/596 120/142/597
f 120/142/598 81/122/599 101/143/600
f 101/123/601 102/124/602 121/144/603
f 121/144/604 102/124/605 122/145/606
f 102/124/607 103/125/608 122/145/609
f 122/145/610 103/125/611 123/146/612
f 103/125/613 104/126/614 123/146/615
f 123/146/616 104/126/617 124/147/618
f 104/126/619 105/127/620 124/147/621
f 124/147/622 105/127/623 125/148/624
f 105/127/625 106/128/626 125/148/627
f 125/148/628 106/128/629 126/149/630
f 106/128/631 107/129/632 126/149/633
f 126/149/634 107/129/635 127/150/636
f 107/129/637 108/130/638 127/150/639
f 127/150/640 108/130/641 128/151/642
f 108/130/643 109/131/644 128/151/645
f 128/151/646 109/131/647 129/152/648
f 109/131/649 110/132/650 129/152/651
f 129/152/652 110/132/653 130/153/654
f 110/132/655 111/133/656 130/153/657
f 130/153/658 111/133/659 131/154/660
f 111/133/661 112/134/662 131/154/663
f 131/154/664 112/134/665 132/155/666
f 112/134/667 113/135/668 132/155/669
f 132/155/670 113/135/671 133/156/672
f 113/135/673 114/136/674 133/156/675
f 133/156/676 114/136/677 134/157/678
f 114/136/679 115/137/680 134/157/681
f 134/157/682 115/137/683 135/158/684
f 115/137/685 116/138/686 135/158/687
f 135/158/688 116/138/689 136/159/690
f 116/138/691 117/139/692 136/159/693
f 136/159/694 117/139/695 137/160/696
f 117/139/697 118/140/698 137/160/699
f 137/160/700 118/140/701 138/161/702
f 118/140/703 119/141/704 138/161/705
f 138/161/706 119/141/707 139/162/708
f 119/141/709 120/142/710 139/162/711
f 139/162/712 120/142/713 140/163/714
f 120/142/715 101/143/716 140/163/717
f 140/163/718 101/143/719 121/164/720
f 121/144/721 122/145/722 141/165/723
f 141/165/724 122/145/725 142/166/726
f 122/145/727 123/146/728 142/166/729
f 142/166/730 123/146/731 143/167/732
f 123/146/733 124/147/734 143/167/735
f 143/167/736 124/147/737 144/168/738
f 124/147/739 125/148/740 144/168/741
f 144/168/742 125/148/743 145/169/744
f 125/148/745 126/149/746 145/169/747
f 145/169/748 126/149/749 146/170/750
f 126/149/751 127/150/752 146/170/753
f 146/170/754 127/150/755 147/171/756
f 127/150/757 128/151/758 147/171/759
f 147/171/760 128/151/761 148/172/762
f 128/151/763 129/152/764 148/172/765
f 148/172/766 129/152/767 149/173/768
f 129/152/769 130/153/770 149/173/771
f 149/173/772 130/153/773 150/174/774
f 130/153/775 131/154/776 150/174/777
f 150/174/778 131/154/779 151/175/780
f 131/154/781 132/155/782 151/175/783
f 151/175/784 132/155/785 152/176/786
f 132/155/787 133/156/788 152/176/789
f 152/176/790 133/156/791 153/177/792
f 133/156/793 134/157/794 153/177/795
f 153/177/796 134/157/797 154/178/798
f 134/157/799 135/158/800 154/178/801
f 154/178/802 135/158/803 155/179/804
f 135/158/805 136/159/806 155/179/807
f 155/179/808 136/159/809 156/180/810
f 136/159/811 137/160/812 156/180/813
f 156/180/814 137/160/815 157/181/816
f 137/160/817 138/161/818 157/181/819
f 157/181/820 138/161/821 158/182/822
f 138/161/823 139/162/824 158/182/825
f 158/182/826 139/162/827 159/183/828
f 139/162/829 140/163/830 159/183/831
f 159/183/832 140/163/833 160/184/834
f 140/163/835 121/164/836 160/184/837
f 160/184/838 121/164/839 141/185/840
f 141/165/841 142/166/842 161/186/843
f 161/186/844 142/166/845 162/187/846
f 142/166/847 143/167/848 162/187/849
f 162/187/850 143/167/851 163/188/852
f 143/167/853 144/168/854 163/188/855
f 163/188/856 144/168/857 164/189/858
f 144/168/859 145/169/860 164/189/861
f 164/189/862 145/169/863 165/190/864
f 145/169/865 146/170/866 165/190/867
f 165/190/868 146/170/869 166/191/870
f 146/170/871 147/171/872 166/191/873
f 166/191/874 147/171/875 167/192/876
f 147/171/877 148/172/878 167/192/879
f 167/192/880 148/172/881 168/193/882
f 148/172/883 149/173/884 168/193/885
f 168/193/886 149/173/887 169/194/888
f 149/173/889 150/174/890 169/194/891
f 169/194/892 150/174/893 170/195/894
f 150/174/895 151/175/896 170/195/897
f 170/195/898 151/175/899 171/196/900
f 151/175/901 152/176/902 171/196/903
f 171/196/904 152/176/905 172/197/906
f 152/176/907 153/177/908 172/197/909
f 172/197/910 153/177/911 173/198/912
f 153/177/913 154/178/914 173/198/915
f 173/198/916 154/178/917 174/199/918
f 154/178/919 155/179/920 174/199/921
f 174/199/922 155/179/923 175/200/924
f 155/179/925 156/180/926 175/200/927
f 175/200/928 156/180/929 176/201/930
f 156/180/931 157/181/932 176/201/933
f 176/201/934 157/181/935 177/202/936
f 157/181/937 158/182/938 177/202/939
f 177/202/940 158/182/941 178/203/942
f 158/182/943 159/183/944 178/203/945
f 178/203/946 159/183/947 179/204/948
f 159/183/949 160/184/950 179/204/951
f 179/204/952 160/184/953 180/205/954
f 160/184/955 141/185/956 180/205/957
f 180/205/958 141/185/959 161/206/960
f 161/186/961 162/187/962 181/207/963
f 181/207/964 162/187/965 182/208/966
f 162/187/967 163/188/968 182/208/969
f 182/208/970 163/188/971 183/209/972
f 163/188/973 164/189/974 183/209/975
f 183/209/976 164/189/977 184/210/978
f 164/189/979 165/190/980 184/210/981
f 184/210/982 165/190/983 185/211/984
f 165/190/985 166/191/986 185/211/987
f 185/211/988 166/191/989 186/212/990
f 166/191/991 167/192/992 186/212/993
f 186/212/994 167/192/995 187/213/996
f 167/192/997 168/193/998 187/213/999
f 187/213/1000 168/193/1001 188/214/1002
f 168/193/1003 169/194/1004 188/214/1005
f 188/214/1006 169/194/1007 189/215/1008
f 169/194/1009 170/195/1010 189/215/1011
f 189/215/1012 170/195/1013 190/216/1014
f 170/195/1015 171/196/1016 190/216/1017
f 190/216/1018 171/196/1019 191/217/1020
f 171/196/1021 172/197/1022 191/217/1023
f 191/217/1024 172/197/1025 192/218/1026
f 172/197/1027 173/198/1028 192/218/1029
f 192/218/1030 173/198/1031 193/219/1032
f 173/198/1033 174/199/1034 193/219/1035
f 193/219/1036 174/199/1037 194/220/1038
f 174/199/1039 175/200/1040 194/220/1041
f 194/220/1042 175/200/1043 195/221/1044
f 175/200/1045 176/201/1046 195/221/1047
f 195/221/1048 176/201/1049 196/222/1050
f 176/201/1051 177/202/1052 196/222/1053
f 196/222/1054 177/202/1055 197/223/1056
f 177/202/1057 178/203/1058 197/223/1059
f 197/223/1060 178/203/1061 198/224/1062
f 178/203/1063 179/204/1064 198/224/1065
f 198/224/1066 179/204/1067 199/225/1068
f 179/204/1069 180/205/1070 199/225/1071
f 199/225/1072 180/205/1073 200/226/1074
f 180/205/1075 161/206/1076 200/226/1077
f 200/226/1078 161/206/1079 181/227/1080
f 181/207/1081 182/208/1082 201/228/1083
f 201/228/1084 182/208/1085 202/229/1086
f 182/208/1087 183/209/1088 202/229/1089
f 202/229/1090 183/209/1091 203/230/1092
f 183/209/1093 184/210/1094 203/230/1095
f 203/230/1096 184/210/1097 204/231/1098
f 184/210/1099 185/211/1100 204/231/1101
f 204/231/1102 185/211/1103 205/232/1104
f 185/211/1105 186/212/1106 205/232/1107
f 205/232/1108 186/212/1109 206/233/1110
f 186/212/1111 187/213/1112 206/233/1113
f 206/233/1114 187/213/1115 207/234/1116
f 187/213/1117 188/214/1118 207/234/1119
f 207/234/1120 188/214/1121 208/235/1122
f 188/214/1123 189/215/1124 208/235/1125
f 208/235/1126 189/215/1127 209/236/1128
f 189/215/1129 190/216/1130 209/236/1131
f 209/236/1132 190/216/1133 210/237/1134
f 190/216/1135 191/217/1136 210/237/1137
f 210/237/1138 191/217/1139 211/238/1140
f 191/217/1141 192/218/1142 211/238/1143
f 211/238/1144 192/218/1145 212/239/1146
f 192/218/1147 193/219/1148 212/239/1149
f 212/239/1150 193/219/1151 213/240/1152
f 193/219/1153 194/220/1154 213/240/1155
f 213/240/1156 194/220/1157 214/241/1158
f 194/220/1159 195/221/1160 214/241/1161
f 214/241/1162 195/221/1163 215/242/1164
f 195/221/1165 196/222/1166 215/242/1167
f 215/242/1168 196/222/1169 216/243/1170
f 196/222/1171 197/223/1172 216/243/1173
f 216/243/1174 197/223/1175 217/244/1176
f 197/223/1177 198/224/1178 217/244/1179
f 217/244/1180 198/224/1181 218/245/1182
f 198/224/1183 199/225/1184 218/245/1185
f 218/245/1186 199/225/1187 219/246/1188
f 199/225/1189 200/226/1190 219/246/1191
f 219/246/1192 200/226/1193 220/247/1194
f 200/226/1195 181/227/1196 220/247/1197
f 220/247/1198 181/227/1199 201/248/1200
f 201/228/1201 202/229/1202 221/249/1203
f 221/249/1204 202/229/1205 222/250/1206
f 202/229/1207 203/230/1208 222/250/1209
f 222/250/1210 203/230/1211 223/251/1212
f 203/230/1213 204/231/1214 223/251/1215
f 223/251/1216 204/231/1217 224/252/1218
f 204/231/1219 205/232/1220 224/252/1221
f 224/252/1222 205/232/1223 225/253/1224
f 205/232/1225 206/233/1226 225/253/1227
f 225/253/1228 206/233/1229 226/254/1230
f 206/233/1231 207/234/1232 226/254/1233
f 226/254/1234 207/234/1235 227/255/1236
f 207/234/1237 208/235/1238 227/255/1239
f 227/255/1240 208/235/1241 228/256/1242
f 208/235/1243 209/236/1244 228/256/1245
f 228/256/1246 209/236/1247 229/257/1248
f 209/236/1249 210/237/1250 229/257/1251
f 229/257/1252 210/237/1253 230/258/1254
f 210/237/1255 211/238/1256 230/258/1257
f 230/258/1258 211/238/1259 231/259/1260
f 211/238/1261 212/239/1262 231/259/1263
f 231/259/1264 212/239/1265 232/260/1266
f 212/239/1267 213/240/1268 232/260/1269
f 232/260/1270 213/240/1271 233/261/1272
f 213/240/1273 214/241/1274 233/261/1275
f 233/261/1276 214/241/1277 234/262/1278
f 214/241/1279 215/242/1280 234/262/1281
f 234/262/1282 215/242/1283 235/263/1284
f 215/242/1285 216/243/1286 235/263/1287
f 235/263/1288 216/243/1289 236/264/1290
f 216/243/1291 217/244/1292 236/264/1293
f 236/264/1294 217/244/1295 237/265/1296
f 217/244/1297 218/245/1298 237/265/1299
f 237/265/1300 218/245/1301 238/266/1302
f 218/245/1303 219/246/1304 238/266/1305
f 238/266/1306 219/246/1307 239/267/1308
f 219/246/1309 220/247/1310 239/267/1311
f 239/267/1312 220/247/1313 240/268/1314
f 220/247/1315 201/248/1316 240/268/1317
f 240/268/1318 201/248/1319 221/269/1320
f 221/249/1321 222/250/1322 241/270/1323
f 241/270/1324 222/250/1325 242/271/1326
f 222/250/1327 223/251/1328 242/271/1329
f 242/271/1330 223/251/1331 243/272/1332
f 223/251/1333 224/252/1334 243/272/1335
f 243/272/1336 224/252/1337 244/273/1338
f 224/252/1339 225/253/1340 244/273/1341
f 244/273/1342 225/253/1343 245/274/1344
f 225/253/1345 226/254/1346 245/274/1347
f 245/274/1348 226/254/1349 246/275/1350
f 226/254/1351 227/255/1352 246/275/1353
f 246/275/1354 227/255/1355 247/276/1356
f 227/255/1357 228/256/1358 247/276/1359
f 247/276/1360 228/256/1361 248/277/1362
f 228/256/1363 229/257/1364 248/277/1365
f 248/277/1366 229/257/1367 249/278/1368
f 229/257/1369 230/258/1370 249/278/1371
f 249/278/1372 230/258/1373 250/279/1374
f 230/258/1375 231/259/1376 250/279/1377
f 250/279/1378 231/259/1379 251/280/1380
f 231/259/1381 232/260/1382 251/280/1383
f 251/280/1384 232/260/1385 252/281/1386
f 232/260/1387 233/261/1388 252/281/1389
f 252/281/1390 233/261/1391 253/282/1392
f 233/261/1393 234/262/1394 253/282/1395
f 253/282/1396 234/262/1397 254/283/1398
f 234/262/1399 235/263/1400 254/283/1401
f 254/283/1402 235/263/1403 255/284/1404
f 235/263/1405 236/264/1406 255/284/1407
f 255/284/1408 236/264/1409 256/285/1410
f 236/264/1411 237/265/1412 256/285/1413
f 256/285/1414 237/265/1415 257/286/1416
f 237/265/1417 238/266/1418 257/286/1419
f 257/286/1420 238/266/1421 258/287/1422
f 238/266/1423 239/267/1424 258/287/1425
f 258/287/1426 239/267/1427 259/288/1428
f 239/267/1429 240/268/1430 259/288/1431
f 259/288/1432 240/268/1433 260/289/1434
f 240/268/1435 221/269/1436 260/289/1437
f 260/289/1438 221/269/1439 241/290/1440
f 241/291/1441 242/292/1442 261/293/1443
f 261/293/1444 242/292/1445 262/294/1446
f 242/292/1447 243/295/1448 262/294/1449
f 262/294/1450 243/295/1451 263/296/1452
f 243/295/1453 244/297/1454 263/296/1455
f 263/296/1456 244/297/1457 264/298/1458
f 244/297/1459 245/299/1460 264/298/1461
f 264/298/1462 245/299/1463 265/300/1464
f 245/299/1465 246/301/1466 265/300/1467
f 265/300/1468 246/301/1469 266/302/1470
f 246/301/1471 247/303/1472 266/302/1473
f 266/302/1474 247/303/1475 267/304/1476
f 247/303/1477 248/305/1478 267/304/1479
f 267/304/1480 248/305/1481 268/306/1482
f 248/305/1483 249/307/1484 268/306/1485
f 268/306/1486 249/307/1487 269/308/1488
f 249/307/1489 250/309/1490 269/308/1491
f 269/308/1492 250/309/1493 270/310/1494
f 250/309/1495 251/311/1496 270/310/1497
f 270/310/1498 251/311/1499 271/312/1500
f 251/311/1501 252/313/1502 271/312/1503
f 271/312/1504 252/313/1505 272/314/1506
f 252/313/1507 253/315/1508 272/314/1509
f 272/314/1510 253/315/1511 273/316/1512
f 253/315/1513 254/317/1514 273/316/1515
f 273/316/1516 254/317/1517 274/318/1518
f 254/317/1519 255/319/1520 274/318/1521
f 274/318/1522 255/319/1523 275/320/1524
f 255/319/1525 256/321/1526 275/320/1527
f 275/320/1528 256/321/1529 276/322/1530
f 256/321/1531 257/323/1532 276/322/1533
f 276/322/1534 257/323/1535 277/324/1536
f 257/323/1537 258/325/1538 277/324/1539
f 277/324/1540 258/325/1541 278/326/1542
f 258/325/1543 259/327/1544 278/326/1545
f 278/326/1546 259/327/1547 279/328/1548
f 259/327/1549 260/329/1550 279/328/1551
f 279/328/1552 260/329/1553 280/330/1554
f 260/329/1555 241/291/1556 280/330/1557
f 280/330/1558 241/291/1559 261/293/1560
f 261/293/1561 262/294/1562 281/331/1563
f 281/331/1564 262/294/1565 282/332/1566
f 262/294/1567 263/296/1568 282/332/1569
f 282/332/1570 263/296/1571 283/333/1572
f 263/296/1573 264/298/1574 283/333/1575
f 283/333/1576 264/298/1577 284/334/1578
f 264/298/1579 265/300/1580 284/334/1581
f 284/334/1582 265/300/1583 285/335/1584
f 265/300/1585 266/302/1586 285/335/1587
f 285/335/1588 266/302/1589 286/336/1590
f 266/302/1591 267/304/1592 286/336/1593
f 286/336/1594 267/304/1595 287/337/1596
f 267/304/1597 268/306/1598 287/337/1599
f 287/337/1600 268/306/1601 288/338/1602
f 268/306/1603 269/308/1604 288/338/1605
f 288/338/1606 269/308/1607 289/339/1608
f 269/308/1609 270/310/1610 289/339/1611
f 289/339/1612 270/310/1613 290/340/1614
f 270/310/1615 271/312/1616 290/340/1617
f 290/340/1618 271/312/1619 291/341/1620
f 271/312/1621 272/314/1622 291/341/1623
f 291/341/1624 272/314/1625 292/342/1626
f 272/314/1627 273/316/1628 292/342/1629
f 292/342/1630 273/316/1631 293/343/1632
f 273/316/1633 274/318/1634 293/343/1635
f 293/343/1636 274/318/1637 294/344/1638
f 274/318/1639 275/320/1640 294/344/1641
f 294/344/1642 275/320/1643 295/345/1644
f 275/320/1645 276/322/1646 295/345/1647
f 295/345/1648 276/322/1649 296/346/1650
f 276/322/1651 277/324/1652 296/346/1653
f 296/346/1654 277/324/1655 297/347/1656
f 277/324/1657 278/326/1658 297/347/1659
f 297/347/1660 278/326/1661 298/348/1662
f 278/326/1663 279/328/1664 298/348/1665
f 298/348/1666 279/328/1667 299/349/1668
f 279/328/1669 280/330/1670 299/349/1671
f 299/349/1672 280/330/1673 300/350/1674
f 280/330/1675 261/293/1676 300/350/1677
f 300/350/1678 261/293/1679 281/331/1680
f 281/331/1681 282/332/1682 301/351/1683
f 301/351/1684 282/332/1685 302/352/1686
f 282/332/1687 283/333/1688 302/352/1689
f 302/352/1690 283/333/1691 303/353/1692
f 283/333/1693 284/334/1694 303/353/1695
f 303/353/1696 284/334/1697 304/354/1698
f 284/334/1699 285/335/1700 304/354/1701
f 304/354/1702 285/335/1703 305/355/1704
f 285/335/1705 286/336/1706 305/355/1707
f 305/355/1708 286/336/1709 306/356/1710
f 286/336/1711 287/337/1712 306/356/1713
f 306/356/1714 287/337/1715 307/357/1716
f 287/337/1717 288/338/1718 307/357/1719
f 307/357/1720 288/338/1721 308/358/1722
f 288/338/1723 289/339/1724 308/358/1725
f 308/358/1726 289/339/1727 309/359/1728
f 289/339/1729 290/340/1730 309/359/1731
f 309/359/1732 290/340/1733 310/360/1734
f 290/340/1735 291/341/1736 310/360/1737
f 310/360/1738 291/341/1739 311/361/1740
f 291/341/1741 292/342/1742 311/361/1743
f 311/361/1744 292/342/1745 312/362/1746
f 292/342/1747 293/343/1748 312/362/1749
f 312/362/1750 293/343/1751 313/363/1752
f 293/343/1753 294/344/1754 313/363/1755
f 313/363/1756 294/344/1757 314/364/1758
f 294/344/1759 295/345/1760 314/364/1761
f 314/364/1762 295/345/1763 315/365/1764
f 295/345/1765 296/346/1766 315/365/1767
f 315/365/1768 296/346/1769 316/366/1770
f 296/346/1771 297/347/1772 316/366/1773
f 316/366/1774 297/347/1775 317/367/1776
f 297/347/1777 298/348/1778 317/367/1779
f 317/367/1780 298/348/1781 318/368/1782
f 298/348/1783 299/349/1784 318/368/1785
f 318/368/1786 299/349/1787 319/369/1788
f 299/349/1789 300/350/1790 319/369/1791
f 319/369/1792 300/350/1793 320/370/1794
f 300/350/1795 281/331/1796 320/370/1797
f 320/370/1798 281/331/1799 301/351/1800
f 2/2/1801 1/1/1802 321/371/1803
f 3/5/1804 2/2/1805 321/371/1806
f 4/7/1807 3/5/1808 321/371/1809
f 5/9/1810 4/7/1811 321/371/1812
f 6/11/1813 5/9/1814 321/371/1815
f 7/13/1816 6/11/1817 321/371/1818
f 8/15/1819 7/13/1820 321/371/1821
f 9/17/1822 8/15/1823 321/371/1824
f 10/19/1825 9/17/1826 321/371/1827
f 11/21/1828 10/19/1829 321/371/1830
f 12/23/1831 11/21/1832 321/371/1833
f 13/25/1834 12/23/1835 321/371/1836
f 14/27/1837 13/25/1838 321/371/1839
f 15/29/1840 14/27/1841 321/371/1842
f 16/31/1843 15/29/1844 321/371/1845
f 17/33/1846 16/31/1847 321/371/1848
f 18/35/1849 17/33/1850 321/371/1851
f 19/37/1852 18/35/1853 321/371/1854
f 20/39/1855 19/37/1856 321/371/1857
f 1/1/1858 20/39/1859 321/371/1860
f 301/351/1861 302/352/1862 322/372/1863
f 302/352/1864 303/353/1865 322/372/1866
f 303/353/1867 304/354/1868 322/372/1869
f 304/354/1870 305/355/1871 322/372/1872
f 305/355/1873 306/356/1874 322/372/1875
f 306/356/1876 307/357/1877 322/372/1878
f 307/357/1879 308/358/1880 322/372/1881
f 308/358/1882 309/359/1883 322/372/1884
f 309/359/1885 310/360/1886 322/372/1887
f 310/360/1888 311/361/1889 322/372/1890
f 311/361/1891 312/362/1892 322/372/1893
f 312/362/1894 313/363/1895 322/372/1896
f 313/363/1897 314/364/1898 322/372/1899
f 314/364/1900 315/365/1901 322/372/1902
f 315/365/1903 316/366/1904 322/372/1905
f 316/366/1906 317/367/1907 322/372/1908
f 317/367/1909 318/368/1910 322/372/1911
f 318/368/1912 319/369/1913 322/372/1914
f 319/369/1915 320/370/1916 322/372/1917
f 320/370/1918 301/351/1919 322/372/1920
