# This file uses centimeters as units for non-parametric coordinates.

mtllib item_bomb.mtl
g default
v -0.736733 0.192450 0.491836
v -0.781050 0.237728 0.407800
v -0.814491 0.161364 0.343563
v -0.790841 0.068891 0.387899
v -0.742784 0.088104 0.479537
v -0.786926 0.221690 0.579596
v -0.861866 0.298252 0.437493
v -0.918414 0.169122 0.328869
v -0.878422 0.012753 0.403839
v -0.797159 0.045241 0.558798
v -0.717386 0.269591 0.642411
v -0.841874 0.396775 0.406352
v -0.935809 0.182267 0.225909
v -0.869377 -0.077489 0.350448
v -0.734383 -0.023521 0.607861
v -0.624214 0.269956 0.593473
v -0.748702 0.397140 0.357414
v -0.842637 0.182633 0.176971
v -0.776205 -0.077124 0.301510
v -0.641211 -0.023155 0.558922
v -0.636171 0.222281 0.500413
v -0.711111 0.298844 0.358309
v -0.767658 0.169714 0.249685
v -0.727667 0.013344 0.324656
v -0.646403 0.045833 0.479614
vt 0.200000 1.000000
vt 0.000000 1.000000
vt 0.200000 0.800000
vt 0.000000 0.800000
vt 0.400000 1.000000
vt 0.400000 0.800000
vt 0.600000 1.000000
vt 0.600000 0.800000
vt 0.800000 1.000000
vt 0.800000 0.800000
vt 1.000000 1.000000
vt 1.000000 0.800000
vt 0.200000 0.600000
vt 0.000000 0.600000
vt 0.400000 0.600000
vt 0.600000 0.600000
vt 0.800000 0.600000
vt 1.000000 0.600000
vt 0.200000 0.400000
vt 0.000000 0.400000
vt 0.400000 0.400000
vt 0.600000 0.400000
vt 0.800000 0.400000
vt 1.000000 0.400000
vt 0.200000 0.200000
vt 0.000000 0.200000
vt 0.400000 0.200000
vt 0.600000 0.200000
vt 0.800000 0.200000
vt 1.000000 0.200000
vt 0.200000 0.000000
vt 0.000000 0.000000
vt 0.400000 0.000000
vt 0.600000 0.000000
vt 0.800000 0.000000
vt 1.000000 0.000000
vn -0.618685 -0.779998 -0.093979
vn -0.618685 -0.779998 -0.093979
vn -0.618685 -0.779998 -0.093979
vn -0.618685 -0.779998 -0.093979
vn -0.618685 -0.779998 -0.093979
vn -0.618685 -0.779998 -0.093979
vn -0.155908 -0.594985 0.788470
vn -0.155908 -0.594985 0.788470
vn -0.155908 -0.594985 0.788470
vn -0.155908 -0.594985 0.788470
vn -0.155908 -0.594985 0.788470
vn -0.155908 -0.594985 0.788470
vn -0.097637 0.409845 0.906915
vn -0.097637 0.409845 0.906915
vn -0.097637 0.409845 0.906915
vn -0.097637 0.409845 0.906915
vn -0.097637 0.409845 0.906915
vn -0.097637 0.409845 0.906915
vn -0.524401 0.845852 0.097668
vn -0.524401 0.845851 0.097668
vn -0.524401 0.845852 0.097668
vn -0.524401 0.845852 0.097668
vn -0.524401 0.845851 0.097668
vn -0.524401 0.845851 0.097668
vn -0.846426 0.110488 -0.520918
vn -0.846426 0.110488 -0.520918
vn -0.846426 0.110488 -0.520918
vn -0.846426 0.110488 -0.520918
vn -0.846426 0.110488 -0.520918
vn -0.846426 0.110488 -0.520918
vn -0.748000 0.333211 0.573992
vn -0.748000 0.333211 0.573992
vn -0.748000 0.333211 0.573992
vn -0.748000 0.333211 0.573992
vn -0.748000 0.333211 0.573992
vn -0.748000 0.333211 0.573992
vn -0.948059 0.253230 0.192508
vn -0.948059 0.253229 0.192508
vn -0.948059 0.253230 0.192508
vn -0.948059 0.253230 0.192508
vn -0.948059 0.253229 0.192508
vn -0.948059 0.253229 0.192508
vn -0.973249 -0.181160 0.141305
vn -0.973249 -0.181160 0.141305
vn -0.973249 -0.181160 0.141305
vn -0.973249 -0.181160 0.141305
vn -0.973249 -0.181160 0.141305
vn -0.973249 -0.181160 0.141305
vn -0.788759 -0.369646 0.491143
vn -0.788759 -0.369646 0.491143
vn -0.788759 -0.369646 0.491143
vn -0.788759 -0.369646 0.491143
vn -0.788759 -0.369646 0.491143
vn -0.788759 -0.369646 0.491143
vn -0.649547 -0.051747 0.758559
vn -0.649547 -0.051747 0.758559
vn -0.649547 -0.051747 0.758559
vn -0.649547 -0.051747 0.758559
vn -0.649547 -0.051747 0.758559
vn -0.649547 -0.051747 0.758559
vn 0.197277 0.902720 0.382332
vn 0.197277 0.902720 0.382332
vn 0.197277 0.902720 0.382332
vn 0.197277 0.902720 0.382332
vn 0.197277 0.902720 0.382332
vn 0.197277 0.902720 0.382332
vn -0.339523 0.688114 -0.641267
vn -0.339522 0.688114 -0.641268
vn -0.339522 0.688114 -0.641268
vn -0.339522 0.688114 -0.641268
vn -0.339522 0.688114 -0.641268
vn -0.339522 0.688114 -0.641268
vn -0.407113 -0.477443 -0.778657
vn -0.407114 -0.477443 -0.778657
vn -0.407113 -0.477443 -0.778657
vn -0.407113 -0.477443 -0.778657
vn -0.407114 -0.477443 -0.778657
vn -0.407114 -0.477443 -0.778657
vn 0.087912 -0.983189 0.160031
vn 0.087913 -0.983189 0.160031
vn 0.087912 -0.983189 0.160031
vn 0.087912 -0.983189 0.160031
vn 0.087913 -0.983189 0.160031
vn 0.087913 -0.983189 0.160031
vn 0.461447 -0.130202 0.877562
vn 0.461446 -0.130202 0.877562
vn 0.461447 -0.130202 0.877562
vn 0.461447 -0.130202 0.877562
vn 0.461446 -0.130202 0.877562
vn 0.461446 -0.130202 0.877562
vn 0.895046 0.339656 -0.289011
vn 0.895046 0.339656 -0.289011
vn 0.895046 0.339656 -0.289011
vn 0.895046 0.339656 -0.289011
vn 0.895046 0.339656 -0.289011
vn 0.895046 0.339656 -0.289011
vn 0.694987 0.259675 -0.670494
vn 0.694987 0.259675 -0.670494
vn 0.694987 0.259675 -0.670494
vn 0.694987 0.259675 -0.670494
vn 0.694987 0.259675 -0.670494
vn 0.694987 0.259675 -0.670494
vn 0.669796 -0.174715 -0.721698
vn 0.669796 -0.174715 -0.721698
vn 0.669796 -0.174715 -0.721698
vn 0.669796 -0.174715 -0.721698
vn 0.669796 -0.174715 -0.721698
vn 0.669796 -0.174715 -0.721698
vn 0.854287 -0.363201 -0.371860
vn 0.854287 -0.363201 -0.371860
vn 0.854287 -0.363201 -0.371860
vn 0.854287 -0.363201 -0.371860
vn 0.854287 -0.363201 -0.371860
vn 0.854287 -0.363201 -0.371860
vn 0.993499 -0.045302 -0.104444
vn 0.993499 -0.045302 -0.104444
vn 0.993499 -0.045302 -0.104444
vn 0.993499 -0.045302 -0.104444
vn 0.993499 -0.045302 -0.104444
vn 0.993499 -0.045302 -0.104444
vn 0.278538 -0.776479 -0.565241
vn 0.278538 -0.776479 -0.565241
vn 0.278538 -0.776479 -0.565241
vn 0.278538 -0.776479 -0.565241
vn 0.278538 -0.776479 -0.565241
vn 0.278538 -0.776479 -0.565241
vn 0.741315 -0.591466 0.317208
vn 0.741315 -0.591466 0.317208
vn 0.741315 -0.591466 0.317208
vn 0.741315 -0.591466 0.317208
vn 0.741315 -0.591466 0.317208
vn 0.741315 -0.591466 0.317208
vn 0.799585 0.413365 0.435652
vn 0.799585 0.413365 0.435652
vn 0.799585 0.413365 0.435652
vn 0.799585 0.413365 0.435652
vn 0.799585 0.413365 0.435652
vn 0.799585 0.413365 0.435652
vn 0.372822 0.849371 -0.373595
vn 0.372822 0.849371 -0.373595
vn 0.372822 0.849371 -0.373595
vn 0.372822 0.849371 -0.373595
vn 0.372822 0.849371 -0.373595
vn 0.372822 0.849371 -0.373594
vn 0.050796 0.114008 -0.992180
vn 0.050796 0.114007 -0.992181
vn 0.050796 0.114008 -0.992180
vn 0.050796 0.114008 -0.992180
vn 0.050796 0.114007 -0.992181
vn 0.050796 0.114007 -0.992181
s off
g item_bomb:pTorus6group1
usemtl item_bomb:lambert7SG
f 2/1/1 1/2/2 7/3/3
f 7/3/4 1/2/5 6/4/6
f 3/5/7 2/1/8 8/6/9
f 8/6/10 2/1/11 7/3/12
f 4/7/13 3/5/14 9/8/15
f 9/8/16 3/5/17 8/6/18
f 5/9/19 4/7/20 10/10/21
f 10/10/22 4/7/23 9/8/24
f 1/11/25 5/9/26 6/12/27
f 6/12/28 5/9/29 10/10/30
f 7/3/31 6/4/32 12/13/33
f 12/13/34 6/4/35 11/14/36
f 8/6/37 7/3/38 13/15/39
f 13/15/40 7/3/41 12/13/42
f 9/8/43 8/6/44 14/16/45
f 14/16/46 8/6/47 13/15/48
f 10/10/49 9/8/50 15/17/51
f 15/17/52 9/8/53 14/16/54
f 6/12/55 10/10/56 11/18/57
f 11/18/58 10/10/59 15/17/60
f 12/13/61 11/14/62 17/19/63
f 17/19/64 11/14/65 16/20/66
f 13/15/67 12/13/68 18/21/69
f 18/21/70 12/13/71 17/19/72
f 14/16/73 13/15/74 19/22/75
f 19/22/76 13/15/77 18/21/78
f 15/17/79 14/16/80 20/23/81
f 20/23/82 14/16/83 19/22/84
f 11/18/85 15/17/86 16/24/87
f 16/24/88 15/17/89 20/23/90
f 17/19/91 16/20/92 22/25/93
f 22/25/94 16/20/95 21/26/96
f 18/21/97 17/19/98 23/27/99
f 23/27/100 17/19/101 22/25/102
f 19/22/103 18/21/104 24/28/105
f 24/28/106 18/21/107 23/27/108
f 20/23/109 19/22/110 25/29/111
f 25/29/112 19/22/113 24/28/114
f 16/24/115 20/23/116 21/30/117
f 21/30/118 20/23/119 25/29/120
f 22/25/121 21/26/122 2/31/123
f 2/31/124 21/26/125 1/32/126
f 23/27/127 22/25/128 3/33/129
f 3/33/130 22/25/131 2/31/132
f 24/28/133 23/27/134 4/34/135
f 4/34/136 23/27/137 3/33/138
f 25/29/139 24/28/140 5/35/141
f 5/35/142 24/28/143 4/34/144
f 21/30/145 25/29/146 1/36/147
f 1/36/148 25/29/149 5/35/150
g default
v 0.180662 0.356459 0.752500
v 0.167729 0.358496 0.739923
v 0.153168 0.368780 0.736486
v 0.143794 0.382500 0.743798
v 0.143991 0.393236 0.758437
v 0.153668 0.395965 0.773553
v 0.168297 0.389409 0.782074
v 0.181033 0.376636 0.780012
v 0.185916 0.363623 0.768332
v 0.207723 0.353482 0.735713
v 0.183417 0.357310 0.712076
v 0.156052 0.376639 0.705617
v 0.138433 0.402424 0.719359
v 0.138803 0.422601 0.746871
v 0.156991 0.427728 0.775280
v 0.184484 0.415407 0.791294
v 0.208420 0.391402 0.787419
v 0.217598 0.366946 0.765468
v 0.237784 0.362580 0.714827
v 0.205036 0.367737 0.682981
v 0.168167 0.393778 0.674279
v 0.144429 0.428519 0.692793
v 0.144929 0.455703 0.729860
v 0.169432 0.462611 0.768135
v 0.206474 0.446011 0.789710
v 0.238723 0.413669 0.784489
v 0.251088 0.380720 0.754915
v 0.267219 0.382654 0.692360
v 0.229979 0.388519 0.656146
v 0.188053 0.418132 0.646251
v 0.161059 0.457637 0.667304
v 0.161627 0.488550 0.709455
v 0.189492 0.496406 0.752980
v 0.231615 0.477528 0.777514
v 0.268286 0.440751 0.771577
v 0.282347 0.403282 0.737947
v 0.292477 0.411284 0.671022
v 0.255237 0.417149 0.634809
v 0.213312 0.446762 0.624913
v 0.186318 0.486267 0.645966
v 0.186886 0.517180 0.688117
v 0.214750 0.525036 0.731643
v 0.256873 0.506159 0.756177
v 0.293545 0.469381 0.750240
v 0.307606 0.431913 0.716610
v 0.310512 0.445017 0.653388
v 0.277765 0.450174 0.621542
v 0.240896 0.476215 0.612840
v 0.217157 0.510956 0.631354
v 0.217657 0.538140 0.668421
v 0.242161 0.545048 0.706697
v 0.279203 0.528448 0.728272
v 0.311451 0.496107 0.723051
v 0.323816 0.463157 0.693477
v 0.319150 0.479783 0.641584
v 0.294843 0.483611 0.617947
v 0.267478 0.502940 0.611488
v 0.249859 0.528725 0.625230
v 0.250230 0.548902 0.652742
v 0.268417 0.554029 0.681151
v 0.295911 0.541708 0.697164
v 0.319847 0.517704 0.693289
v 0.329024 0.493248 0.671339
v 0.317347 0.511390 0.637033
v 0.304414 0.513427 0.624456
v 0.289853 0.523712 0.621020
v 0.280478 0.537432 0.628331
v 0.280676 0.548168 0.642970
v 0.290353 0.550896 0.658086
v 0.304982 0.544340 0.666607
v 0.317718 0.531567 0.664545
v 0.322601 0.518554 0.652865
v 0.159865 0.371151 0.763162
v 0.305322 0.536026 0.640285
vt 0.000000 0.111111
vt 0.111111 0.111111
vt 0.000000 0.222222
vt 0.111111 0.222222
vt 0.222222 0.111111
vt 0.222222 0.222222
vt 0.333333 0.111111
vt 0.333333 0.222222
vt 0.444444 0.111111
vt 0.444444 0.222222
vt 0.555556 0.111111
vt 0.555556 0.222222
vt 0.666667 0.111111
vt 0.666667 0.222222
vt 0.777778 0.111111
vt 0.777778 0.222222
vt 0.888889 0.111111
vt 0.888889 0.222222
vt 1.000000 0.111111
vt 1.000000 0.222222
vt 0.000000 0.333333
vt 0.111111 0.333333
vt 0.222222 0.333333
vt 0.333333 0.333333
vt 0.444444 0.333333
vt 0.555556 0.333333
vt 0.666667 0.333333
vt 0.777778 0.333333
vt 0.888889 0.333333
vt 1.000000 0.333333
vt 0.000000 0.444444
vt 0.111111 0.444444
vt 0.222222 0.444444
vt 0.333333 0.444444
vt 0.444444 0.444444
vt 0.555556 0.444444
vt 0.666667 0.444444
vt 0.777778 0.444444
vt 0.888889 0.444444
vt 1.000000 0.444444
vt 0.000000 0.555556
vt 0.111111 0.555556
vt 0.222222 0.555556
vt 0.333333 0.555556
vt 0.444444 0.555556
vt 0.555556 0.555556
vt 0.666667 0.555556
vt 0.777778 0.555556
vt 0.888889 0.555556
vt 1.000000 0.555556
vt 0.000000 0.666667
vt 0.111111 0.666667
vt 0.222222 0.666667
vt 0.333333 0.666667
vt 0.444444 0.666667
vt 0.555556 0.666667
vt 0.666667 0.666667
vt 0.777778 0.666667
vt 0.888889 0.666667
vt 1.000000 0.666667
vt 0.000000 0.777778
vt 0.111111 0.777778
vt 0.222222 0.777778
vt 0.333333 0.777778
vt 0.444444 0.777778
vt 0.555556 0.777778
vt 0.666667 0.777778
vt 0.777778 0.777778
vt 0.888889 0.777778
vt 1.000000 0.777778
vt 0.000000 0.888889
vt 0.111111 0.888889
vt 0.222222 0.888889
vt 0.333333 0.888889
vt 0.444444 0.888889
vt 0.555556 0.888889
vt 0.666667 0.888889
vt 0.777778 0.888889
vt 0.888889 0.888889
vt 1.000000 0.888889
vt 0.055556 0.000000
vt 0.166667 0.000000
vt 0.277778 0.000000
vt 0.388889 0.000000
vt 0.500000 0.000000
vt 0.611111 0.000000
vt 0.722222 0.000000
vt 0.833333 0.000000
vt 0.944444 0.000000
vt 0.055556 1.000000
vt 0.166667 1.000000
vt 0.277778 1.000000
vt 0.388889 1.000000
vt 0.500000 1.000000
vt 0.611111 1.000000
vt 0.722222 1.000000
vt 0.833333 1.000000
vt 0.944444 1.000000
vn -0.127405 -0.991410 -0.029562
vn -0.127405 -0.991410 -0.029562
vn -0.127405 -0.991410 -0.029562
vn -0.127391 -0.991412 -0.029551
vn -0.127391 -0.991412 -0.029551
vn -0.127391 -0.991412 -0.029551
vn -0.516588 -0.816995 -0.256235
vn -0.516588 -0.816995 -0.256235
vn -0.516588 -0.816995 -0.256235
vn -0.516588 -0.816995 -0.256235
vn -0.516588 -0.816995 -0.256235
vn -0.516588 -0.816995 -0.256235
vn -0.855417 -0.477188 -0.201380
vn -0.855417 -0.477188 -0.201380
vn -0.855417 -0.477188 -0.201380
vn -0.855417 -0.477188 -0.201380
vn -0.855417 -0.477188 -0.201380
vn -0.855417 -0.477188 -0.201380
vn -0.985334 -0.130993 0.109348
vn -0.985335 -0.130992 0.109348
vn -0.985335 -0.130992 0.109348
vn -0.985335 -0.130992 0.109348
vn -0.985335 -0.130992 0.109348
vn -0.985335 -0.130992 0.109348
vn -0.845552 0.059604 0.530555
vn -0.845552 0.059604 0.530556
vn -0.845552 0.059604 0.530556
vn -0.845552 0.059604 0.530556
vn -0.845552 0.059604 0.530556
vn -0.845552 0.059604 0.530556
vn -0.501475 0.005419 0.865155
vn -0.501475 0.005419 0.865155
vn -0.501475 0.005418 0.865155
vn -0.501475 0.005418 0.865155
vn -0.501475 0.005419 0.865155
vn -0.501475 0.005418 0.865155
vn -0.114100 -0.268194 0.956584
vn -0.114101 -0.268194 0.956584
vn -0.114101 -0.268194 0.956584
vn -0.114101 -0.268194 0.956584
vn -0.114101 -0.268194 0.956584
vn -0.114101 -0.268194 0.956584
vn 0.135314 -0.633208 0.762061
vn 0.135314 -0.633208 0.762061
vn 0.135314 -0.633208 0.762061
vn 0.135314 -0.633208 0.762061
vn 0.135314 -0.633208 0.762061
vn 0.135314 -0.633208 0.762061
vn 0.130065 -0.918829 0.372607
vn 0.130065 -0.918829 0.372607
vn 0.130065 -0.918829 0.372607
vn 0.130065 -0.918829 0.372607
vn 0.130065 -0.918829 0.372607
vn 0.130065 -0.918829 0.372607
vn 0.106288 -0.958506 -0.264519
vn 0.106288 -0.958505 -0.264519
vn 0.106288 -0.958506 -0.264519
vn 0.106288 -0.958506 -0.264519
vn 0.106288 -0.958505 -0.264519
vn 0.106288 -0.958505 -0.264519
vn -0.389496 -0.736321 -0.553285
vn -0.389496 -0.736321 -0.553285
vn -0.389496 -0.736321 -0.553285
vn -0.389496 -0.736321 -0.553285
vn -0.389496 -0.736321 -0.553285
vn -0.389496 -0.736321 -0.553285
vn -0.821117 -0.303455 -0.483407
vn -0.821117 -0.303454 -0.483407
vn -0.821117 -0.303455 -0.483407
vn -0.821117 -0.303455 -0.483407
vn -0.821117 -0.303454 -0.483407
vn -0.821117 -0.303454 -0.483407
vn -0.986615 0.137552 -0.087582
vn -0.986615 0.137552 -0.087582
vn -0.986615 0.137552 -0.087582
vn -0.986615 0.137552 -0.087582
vn -0.986615 0.137552 -0.087582
vn -0.986615 0.137551 -0.087582
vn -0.808551 0.380345 0.448979
vn -0.808551 0.380345 0.448979
vn -0.808551 0.380345 0.448979
vn -0.808551 0.380345 0.448979
vn -0.808551 0.380345 0.448979
vn -0.808551 0.380345 0.448979
vn -0.370244 0.311321 0.875214
vn -0.370244 0.311321 0.875214
vn -0.370244 0.311321 0.875214
vn -0.370244 0.311321 0.875214
vn -0.370244 0.311321 0.875214
vn -0.370244 0.311321 0.875214
vn 0.123218 -0.037224 0.991681
vn 0.123218 -0.037224 0.991681
vn 0.123218 -0.037224 0.991681
vn 0.123218 -0.037224 0.991681
vn 0.123218 -0.037224 0.991681
vn 0.123218 -0.037224 0.991681
vn 0.440938 -0.502203 0.743886
vn 0.440938 -0.502203 0.743886
vn 0.440938 -0.502203 0.743886
vn 0.440938 -0.502203 0.743886
vn 0.440938 -0.502203 0.743886
vn 0.440938 -0.502203 0.743886
vn 0.434252 -0.866045 0.247774
vn 0.434252 -0.866045 0.247774
vn 0.434252 -0.866045 0.247774
vn 0.434252 -0.866045 0.247774
vn 0.434252 -0.866045 0.247774
vn 0.434252 -0.866045 0.247774
vn 0.271088 -0.866529 -0.419093
vn 0.271088 -0.866529 -0.419093
vn 0.271088 -0.866529 -0.419093
vn 0.271088 -0.866529 -0.419093
vn 0.271088 -0.866529 -0.419093
vn 0.271088 -0.866529 -0.419093
vn -0.268266 -0.624819 -0.733236
vn -0.268266 -0.624819 -0.733236
vn -0.268266 -0.624819 -0.733236
vn -0.268266 -0.624819 -0.733236
vn -0.268266 -0.624819 -0.733236
vn -0.268266 -0.624819 -0.733236
vn -0.737820 -0.153910 -0.657217
vn -0.737819 -0.153910 -0.657217
vn -0.737820 -0.153910 -0.657217
vn -0.737820 -0.153910 -0.657217
vn -0.737819 -0.153910 -0.657217
vn -0.737819 -0.153910 -0.657217
vn -0.917861 0.325853 -0.226606
vn -0.917862 0.325853 -0.226606
vn -0.917862 0.325853 -0.226606
vn -0.917862 0.325853 -0.226606
vn -0.917862 0.325853 -0.226606
vn -0.917862 0.325852 -0.226606
vn -0.724149 0.589984 0.357110
vn -0.724149 0.589984 0.357110
vn -0.724149 0.589984 0.357110
vn -0.724149 0.589984 0.357110
vn -0.724149 0.589984 0.357110
vn -0.724149 0.589984 0.357110
vn -0.247322 0.514893 0.820803
vn -0.247323 0.514893 0.820802
vn -0.247322 0.514893 0.820803
vn -0.247322 0.514893 0.820803
vn -0.247323 0.514893 0.820802
vn -0.247323 0.514893 0.820802
vn 0.289506 0.135717 0.947506
vn 0.289506 0.135717 0.947506
vn 0.289506 0.135717 0.947506
vn 0.289506 0.135717 0.947506
vn 0.289506 0.135717 0.947506
vn 0.289506 0.135717 0.947506
vn 0.635149 -0.370125 0.677934
vn 0.635149 -0.370125 0.677933
vn 0.635149 -0.370125 0.677934
vn 0.635149 -0.370125 0.677934
vn 0.635149 -0.370125 0.677933
vn 0.635149 -0.370125 0.677933
vn 0.627875 -0.765943 0.138222
vn 0.627875 -0.765943 0.138222
vn 0.627875 -0.765942 0.138222
vn 0.627875 -0.765942 0.138222
vn 0.627875 -0.765943 0.138222
vn 0.627875 -0.765943 0.138222
vn 0.398748 -0.747611 -0.531110
vn 0.398748 -0.747611 -0.531110
vn 0.398748 -0.747611 -0.531110
vn 0.398748 -0.747611 -0.531110
vn 0.398748 -0.747611 -0.531110
vn 0.398748 -0.747611 -0.531110
vn -0.152454 -0.500591 -0.852154
vn -0.152454 -0.500591 -0.852154
vn -0.152454 -0.500591 -0.852154
vn -0.152454 -0.500591 -0.852154
vn -0.152454 -0.500591 -0.852154
vn -0.152454 -0.500591 -0.852154
vn -0.632321 -0.019339 -0.774465
vn -0.632321 -0.019339 -0.774465
vn -0.632321 -0.019339 -0.774465
vn -0.632321 -0.019339 -0.774465
vn -0.632321 -0.019339 -0.774465
vn -0.632321 -0.019339 -0.774465
vn -0.816318 0.470962 -0.334396
vn -0.816318 0.470962 -0.334396
vn -0.816318 0.470962 -0.334396
vn -0.816318 0.470962 -0.334396
vn -0.816318 0.470962 -0.334396
vn -0.816318 0.470962 -0.334396
vn -0.618350 0.740894 0.262142
vn -0.618350 0.740895 0.262141
vn -0.618350 0.740895 0.262141
vn -0.618350 0.740895 0.262141
vn -0.618350 0.740895 0.262141
vn -0.618350 0.740894 0.262142
vn -0.131050 0.664155 0.736019
vn -0.131050 0.664154 0.736020
vn -0.131050 0.664154 0.736020
vn -0.131050 0.664154 0.736020
vn -0.131050 0.664154 0.736020
vn -0.131050 0.664155 0.736019
vn 0.417570 0.276649 0.865506
vn 0.417570 0.276649 0.865506
vn 0.417570 0.276649 0.865506
vn 0.417570 0.276649 0.865506
vn 0.417570 0.276649 0.865506
vn 0.417570 0.276649 0.865506
vn 0.770805 -0.240303 0.590012
vn 0.770805 -0.240303 0.590012
vn 0.770805 -0.240303 0.590012
vn 0.770805 -0.240303 0.590012
vn 0.770805 -0.240303 0.590012
vn 0.770805 -0.240303 0.590012
vn 0.763371 -0.644815 0.038446
vn 0.763371 -0.644815 0.038446
vn 0.763371 -0.644815 0.038446
vn 0.763371 -0.644815 0.038446
vn 0.763371 -0.644815 0.038446
vn 0.763371 -0.644815 0.038446
vn 0.509266 -0.596556 -0.620297
vn 0.509266 -0.596556 -0.620297
vn 0.509266 -0.596556 -0.620297
vn 0.509266 -0.596556 -0.620297
vn 0.509266 -0.596556 -0.620297
vn 0.509266 -0.596556 -0.620298
vn -0.030088 -0.354845 -0.934441
vn -0.030088 -0.354845 -0.934441
vn -0.030088 -0.354845 -0.934441
vn -0.030088 -0.354845 -0.934441
vn -0.030088 -0.354845 -0.934441
vn -0.030088 -0.354845 -0.934441
vn -0.499641 0.116063 -0.858422
vn -0.499641 0.116063 -0.858422
vn -0.499641 0.116063 -0.858422
vn -0.499641 0.116063 -0.858422
vn -0.499641 0.116063 -0.858422
vn -0.499641 0.116063 -0.858422
vn -0.679684 0.595826 -0.427811
vn -0.679684 0.595826 -0.427811
vn -0.679684 0.595826 -0.427811
vn -0.679684 0.595826 -0.427811
vn -0.679684 0.595826 -0.427811
vn -0.679684 0.595826 -0.427811
vn -0.485971 0.859957 0.155905
vn -0.485971 0.859957 0.155905
vn -0.485971 0.859957 0.155905
vn -0.485971 0.859957 0.155905
vn -0.485971 0.859957 0.155905
vn -0.485971 0.859957 0.155905
vn -0.009144 0.784866 0.619598
vn -0.009144 0.784866 0.619598
vn -0.009144 0.784866 0.619598
vn -0.009144 0.784866 0.619598
vn -0.009144 0.784866 0.619598
vn -0.009144 0.784866 0.619598
vn 0.527684 0.405690 0.746301
vn 0.527684 0.405690 0.746301
vn 0.527684 0.405690 0.746301
vn 0.527684 0.405690 0.746301
vn 0.527684 0.405690 0.746301
vn 0.527684 0.405690 0.746301
vn 0.873327 -0.100152 0.476729
vn 0.873327 -0.100152 0.476729
vn 0.873327 -0.100152 0.476729
vn 0.873327 -0.100152 0.476729
vn 0.873327 -0.100152 0.476729
vn 0.873327 -0.100152 0.476729
vn 0.866053 -0.495969 -0.062983
vn 0.866053 -0.495969 -0.062983
vn 0.866053 -0.495969 -0.062983
vn 0.866053 -0.495969 -0.062983
vn 0.866053 -0.495969 -0.062983
vn 0.866053 -0.495970 -0.062983
vn 0.611027 -0.386387 -0.690906
vn 0.611027 -0.386387 -0.690906
vn 0.611027 -0.386387 -0.690906
vn 0.611027 -0.386387 -0.690906
vn 0.611027 -0.386387 -0.690906
vn 0.611027 -0.386387 -0.690906
vn 0.115243 -0.164202 -0.979672
vn 0.115243 -0.164202 -0.979672
vn 0.115243 -0.164202 -0.979672
vn 0.115243 -0.164202 -0.979672
vn 0.115243 -0.164202 -0.979672
vn 0.115243 -0.164202 -0.979672
vn -0.316378 0.268665 -0.909794
vn -0.316377 0.268664 -0.909794
vn -0.316378 0.268664 -0.909794
vn -0.316378 0.268664 -0.909794
vn -0.316377 0.268664 -0.909794
vn -0.316377 0.268664 -0.909794
vn -0.481875 0.709671 -0.513969
vn -0.481875 0.709671 -0.513969
vn -0.481875 0.709671 -0.513969
vn -0.481875 0.709671 -0.513969
vn -0.481875 0.709671 -0.513969
vn -0.481875 0.709671 -0.513969
vn -0.303811 0.952464 0.022592
vn -0.303811 0.952464 0.022592
vn -0.303811 0.952464 0.022592
vn -0.303811 0.952464 0.022592
vn -0.303811 0.952464 0.022592
vn -0.303811 0.952464 0.022592
vn 0.134495 0.883440 0.448827
vn 0.134496 0.883440 0.448826
vn 0.134495 0.883440 0.448827
vn 0.134495 0.883440 0.448827
vn 0.134496 0.883440 0.448826
vn 0.134496 0.883440 0.448826
vn 0.627957 0.534894 0.565294
vn 0.627957 0.534894 0.565294
vn 0.627957 0.534894 0.565294
vn 0.627957 0.534894 0.565294
vn 0.627957 0.534894 0.565294
vn 0.627957 0.534894 0.565294
vn 0.945678 0.069916 0.317499
vn 0.945678 0.069916 0.317499
vn 0.945678 0.069916 0.317499
vn 0.945678 0.069916 0.317499
vn 0.945678 0.069916 0.317499
vn 0.945678 0.069916 0.317499
vn 0.938991 -0.293926 -0.178613
vn 0.938991 -0.293926 -0.178613
vn 0.938991 -0.293926 -0.178613
vn 0.938991 -0.293926 -0.178613
vn 0.938991 -0.293926 -0.178613
vn 0.938991 -0.293926 -0.178613
vn 0.690493 -0.064347 -0.720471
vn 0.690493 -0.064347 -0.720471
vn 0.690493 -0.064346 -0.720471
vn 0.690493 -0.064346 -0.720471
vn 0.690493 -0.064347 -0.720471
vn 0.690493 -0.064346 -0.720471
vn 0.301296 0.110071 -0.947156
vn 0.301296 0.110071 -0.947156
vn 0.301296 0.110071 -0.947156
vn 0.301296 0.110071 -0.947156
vn 0.301296 0.110071 -0.947156
vn 0.301296 0.110071 -0.947156
vn -0.037533 0.449878 -0.892301
vn -0.037533 0.449878 -0.892301
vn -0.037532 0.449878 -0.892301
vn -0.037532 0.449878 -0.892301
vn -0.037533 0.449878 -0.892301
vn -0.037532 0.449877 -0.892301
vn -0.167450 0.796073 -0.581573
vn -0.167450 0.796074 -0.581573
vn -0.167450 0.796073 -0.581573
vn -0.167450 0.796073 -0.581573
vn -0.167450 0.796074 -0.581573
vn -0.167450 0.796074 -0.581573
vn -0.027668 0.986670 -0.160365
vn -0.027668 0.986670 -0.160365
vn -0.027668 0.986670 -0.160365
vn -0.027668 0.986670 -0.160365
vn -0.027668 0.986670 -0.160365
vn -0.027668 0.986670 -0.160365
vn 0.316409 0.932485 0.174234
vn 0.316409 0.932485 0.174234
vn 0.316409 0.932485 0.174234
vn 0.316409 0.932485 0.174234
vn 0.316409 0.932485 0.174234
vn 0.316409 0.932485 0.174234
vn 0.703784 0.658872 0.265663
vn 0.703784 0.658872 0.265663
vn 0.703784 0.658872 0.265663
vn 0.703784 0.658872 0.265663
vn 0.703784 0.658872 0.265663
vn 0.703783 0.658872 0.265663
vn 0.953198 0.293858 0.071140
vn 0.953198 0.293858 0.071140
vn 0.953198 0.293858 0.071140
vn 0.953198 0.293858 0.071140
vn 0.953198 0.293858 0.071140
vn 0.953198 0.293857 0.071140
vn 0.947950 0.008237 -0.318314
vn 0.947950 0.008237 -0.318314
vn 0.947950 0.008237 -0.318314
vn 0.947950 0.008237 -0.318314
vn 0.947950 0.008237 -0.318314
vn 0.947950 0.008237 -0.318314
vn -0.436289 -0.843995 0.311970
vn -0.436289 -0.843995 0.311970
vn -0.436289 -0.843995 0.311970
vn -0.596865 -0.772033 0.218444
vn -0.596865 -0.772033 0.218444
vn -0.596865 -0.772033 0.218444
vn -0.736660 -0.631835 0.241075
vn -0.736660 -0.631835 0.241075
vn -0.736660 -0.631835 0.241075
vn -0.790262 -0.489000 0.369277
vn -0.790262 -0.489000 0.369277
vn -0.790262 -0.489000 0.369277
vn -0.732590 -0.410362 0.543060
vn -0.732590 -0.410362 0.543060
vn -0.732590 -0.410362 0.543060
vn -0.590630 -0.432719 0.681110
vn -0.590630 -0.432719 0.681110
vn -0.590630 -0.432719 0.681110
vn -0.430805 -0.545607 0.718832
vn -0.430805 -0.545607 0.718832
vn -0.430805 -0.545607 0.718832
vn -0.327901 -0.696206 0.638576
vn -0.327901 -0.696206 0.638576
vn -0.327901 -0.696206 0.638576
vn -0.330066 -0.814048 0.477893
vn -0.330066 -0.814048 0.477893
vn -0.330066 -0.814048 0.477893
vn 0.668615 0.408406 -0.621416
vn 0.668615 0.408406 -0.621416
vn 0.668615 0.408406 -0.621416
vn 0.508039 0.480368 -0.714942
vn 0.508039 0.480368 -0.714942
vn 0.508039 0.480368 -0.714942
vn 0.368244 0.620566 -0.692311
vn 0.368244 0.620566 -0.692311
vn 0.368244 0.620566 -0.692311
vn 0.314642 0.763401 -0.564109
vn 0.314642 0.763401 -0.564109
vn 0.314642 0.763401 -0.564109
vn 0.372314 0.842038 -0.390325
vn 0.372314 0.842038 -0.390325
vn 0.372314 0.842038 -0.390325
vn 0.514274 0.819682 -0.252275
vn 0.514274 0.819682 -0.252275
vn 0.514274 0.819682 -0.252275
vn 0.674099 0.706794 -0.214554
vn 0.674099 0.706794 -0.214554
vn 0.674099 0.706794 -0.214554
vn 0.777003 0.556195 -0.294810
vn 0.777003 0.556195 -0.294810
vn 0.777003 0.556195 -0.294810
vn 0.774838 0.438352 -0.455493
vn 0.774838 0.438352 -0.455493
vn 0.774838 0.438352 -0.455493
s off
g item_bomb:group1pSphere5
usemtl item_bomb:lambert4SG
f 26/37/151 27/38/152 35/39/153
f 35/39/154 27/38/155 36/40/156
f 27/38/157 28/41/158 36/40/159
f 36/40/160 28/41/161 37/42/162
f 28/41/163 29/43/164 37/42/165
f 37/42/166 29/43/167 38/44/168
f 29/43/169 30/45/170 38/44/171
f 38/44/172 30/45/173 39/46/174
f 30/45/175 31/47/176 39/46/177
f 39/46/178 31/47/179 40/48/180
f 31/47/181 32/49/182 40/48/183
f 40/48/184 32/49/185 41/50/186
f 32/49/187 33/51/188 41/50/189
f 41/50/190 33/51/191 42/52/192
f 33/51/193 34/53/194 42/52/195
f 42/52/196 34/53/197 43/54/198
f 34/53/199 26/55/200 43/54/201
f 43/54/202 26/55/203 35/56/204
f 35/39/205 36/40/206 44/57/207
f 44/57/208 36/40/209 45/58/210
f 36/40/211 37/42/212 45/58/213
f 45/58/214 37/42/215 46/59/216
f 37/42/217 38/44/218 46/59/219
f 46/59/220 38/44/221 47/60/222
f 38/44/223 39/46/224 47/60/225
f 47/60/226 39/46/227 48/61/228
f 39/46/229 40/48/230 48/61/231
f 48/61/232 40/48/233 49/62/234
f 40/48/235 41/50/236 49/62/237
f 49/62/238 41/50/239 50/63/240
f 41/50/241 42/52/242 50/63/243
f 50/63/244 42/52/245 51/64/246
f 42/52/247 43/54/248 51/64/249
f 51/64/250 43/54/251 52/65/252
f 43/54/253 35/56/254 52/65/255
f 52/65/256 35/56/257 44/66/258
f 44/57/259 45/58/260 53/67/261
f 53/67/262 45/58/263 54/68/264
f 45/58/265 46/59/266 54/68/267
f 54/68/268 46/59/269 55/69/270
f 46/59/271 47/60/272 55/69/273
f 55/69/274 47/60/275 56/70/276
f 47/60/277 48/61/278 56/70/279
f 56/70/280 48/61/281 57/71/282
f 48/61/283 49/62/284 57/71/285
f 57/71/286 49/62/287 58/72/288
f 49/62/289 50/63/290 58/72/291
f 58/72/292 50/63/293 59/73/294
f 50/63/295 51/64/296 59/73/297
f 59/73/298 51/64/299 60/74/300
f 51/64/301 52/65/302 60/74/303
f 60/74/304 52/65/305 61/75/306
f 52/65/307 44/66/308 61/75/309
f 61/75/310 44/66/311 53/76/312
f 53/67/313 54/68/314 62/77/315
f 62/77/316 54/68/317 63/78/318
f 54/68/319 55/69/320 63/78/321
f 63/78/322 55/69/323 64/79/324
f 55/69/325 56/70/326 64/79/327
f 64/79/328 56/70/329 65/80/330
f 56/70/331 57/71/332 65/80/333
f 65/80/334 57/71/335 66/81/336
f 57/71/337 58/72/338 66/81/339
f 66/81/340 58/72/341 67/82/342
f 58/72/343 59/73/344 67/82/345
f 67/82/346 59/73/347 68/83/348
f 59/73/349 60/74/350 68/83/351
f 68/83/352 60/74/353 69/84/354
f 60/74/355 61/75/356 69/84/357
f 69/84/358 61/75/359 70/85/360
f 61/75/361 53/76/362 70/85/363
f 70/85/364 53/76/365 62/86/366
f 62/77/367 63/78/368 71/87/369
f 71/87/370 63/78/371 72/88/372
f 63/78/373 64/79/374 72/88/375
f 72/88/376 64/79/377 73/89/378
f 64/79/379 65/80/380 73/89/381
f 73/89/382 65/80/383 74/90/384
f 65/80/385 66/81/386 74/90/387
f 74/90/388 66/81/389 75/91/390
f 66/81/391 67/82/392 75/91/393
f 75/91/394 67/82/395 76/92/396
f 67/82/397 68/83/398 76/92/399
f 76/92/400 68/83/401 77/93/402
f 68/83/403 69/84/404 77/93/405
f 77/93/406 69/84/407 78/94/408
f 69/84/409 70/85/410 78/94/411
f 78/94/412 70/85/413 79/95/414
f 70/85/415 62/86/416 79/95/417
f 79/95/418 62/86/419 71/96/420
f 71/87/421 72/88/422 80/97/423
f 80/97/424 72/88/425 81/98/426
f 72/88/427 73/89/428 81/98/429
f 81/98/430 73/89/431 82/99/432
f 73/89/433 74/90/434 82/99/435
f 82/99/436 74/90/437 83/100/438
f 74/90/439 75/91/440 83/100/441
f 83/100/442 75/91/443 84/101/444
f 75/91/445 76/92/446 84/101/447
f 84/101/448 76/92/449 85/102/450
f 76/92/451 77/93/452 85/102/453
f 85/102/454 77/93/455 86/103/456
f 77/93/457 78/94/458 86/103/459
f 86/103/460 78/94/461 87/104/462
f 78/94/463 79/95/464 87/104/465
f 87/104/466 79/95/467 88/105/468
f 79/95/469 71/96/470 88/105/471
f 88/105/472 71/96/473 80/106/474
f 80/97/475 81/98/476 89/107/477
f 89/107/478 81/98/479 90/108/480
f 81/98/481 82/99/482 90/108/483
f 90/108/484 82/99/485 91/109/486
f 82/99/487 83/100/488 91/109/489
f 91/109/490 83/100/491 92/110/492
f 83/100/493 84/101/494 92/110/495
f 92/110/496 84/101/497 93/111/498
f 84/101/499 85/102/500 93/111/501
f 93/111/502 85/102/503 94/112/504
f 85/102/505 86/103/506 94/112/507
f 94/112/508 86/103/509 95/113/510
f 86/103/511 87/104/512 95/113/513
f 95/113/514 87/104/515 96/114/516
f 87/104/517 88/105/518 96/114/519
f 96/114/520 88/105/521 97/115/522
f 88/105/523 80/106/524 97/115/525
f 97/115/526 80/106/527 89/116/528
f 27/38/529 26/37/530 98/117/531
f 28/41/532 27/38/533 98/118/534
f 29/43/535 28/41/536 98/119/537
f 30/45/538 29/43/539 98/120/540
f 31/47/541 30/45/542 98/121/543
f 32/49/544 31/47/545 98/122/546
f 33/51/547 32/49/548 98/123/549
f 34/53/550 33/51/551 98/124/552
f 26/55/553 34/53/554 98/125/555
f 89/107/556 90/108/557 99/126/558
f 90/108/559 91/109/560 99/127/561
f 91/109/562 92/110/563 99/128/564
f 92/110/565 93/111/566 99/129/567
f 93/111/568 94/112/569 99/130/570
f 94/112/571 95/113/572 99/131/573
f 95/113/574 96/114/575 99/132/576
f 96/114/577 97/115/578 99/133/579
f 97/115/580 89/116/581 99/134/582
g default
v 0.002005 0.846723 -0.002514
v -0.000715 0.846723 -0.003135
v -0.002897 0.846723 -0.001395
v -0.002897 0.846723 0.001395
v -0.000715 0.846723 0.003135
v 0.002005 0.846723 0.002514
v 0.003215 0.846723 0.000000
v 0.004009 0.846723 -0.005027
v -0.001431 0.846723 -0.006269
v -0.005794 0.846723 -0.002790
v -0.005794 0.846723 0.002790
v -0.001431 0.846723 0.006269
v 0.004009 0.846723 0.005027
v 0.006430 0.846723 0.000000
v 0.006014 0.846723 -0.007541
v -0.002146 0.846723 -0.009404
v -0.008690 0.846723 -0.004185
v -0.008690 0.846723 0.004185
v -0.002146 0.846723 0.009404
v 0.006014 0.846723 0.007541
v 0.009646 0.846723 0.000000
v 0.008019 0.846723 -0.010055
v -0.002862 0.846723 -0.012538
v -0.011587 0.846723 -0.005580
v -0.011587 0.846723 0.005580
v -0.002862 0.846723 0.012538
v 0.008019 0.846723 0.010055
v 0.012861 0.846723 0.000000
v 0.010023 0.846723 -0.012569
v -0.003577 0.846723 -0.015673
v -0.014484 0.846723 -0.006975
v -0.014484 0.846723 0.006975
v -0.003577 0.846723 0.015673
v 0.010023 0.846723 0.012569
v 0.016076 0.846723 0.000000
v 0.012028 0.846723 -0.015082
v -0.004293 0.846723 -0.018807
v -0.017381 0.846723 -0.008370
v -0.017381 0.846723 0.008370
v -0.004293 0.846723 0.018807
v 0.012028 0.846723 0.015082
v 0.019291 0.846723 0.000000
v 0.014032 0.846723 -0.017596
v -0.005008 0.846723 -0.021942
v -0.020277 0.846723 -0.009765
v -0.020277 0.846723 0.009765
v -0.005008 0.846723 0.021942
v 0.014032 0.846723 0.017596
v 0.022506 0.846723 0.000000
v 0.016037 0.846723 -0.020110
v -0.005724 0.846723 -0.025076
v -0.023174 0.846723 -0.011160
v -0.023174 0.846723 0.011160
v -0.005724 0.846723 0.025076
v 0.016037 0.846723 0.020110
v 0.025721 0.846723 0.000000
v 0.018042 0.846723 -0.022623
v -0.006439 0.846723 -0.028211
v -0.026071 0.846723 -0.012555
v -0.026071 0.846723 0.012555
v -0.006439 0.846723 0.028211
v 0.018042 0.846723 0.022623
v 0.028937 0.846723 0.000000
v 0.020046 0.846723 -0.025137
v -0.007154 0.846723 -0.031346
v -0.028968 0.846723 -0.013950
v -0.028968 0.846723 0.013950
v -0.007154 0.846723 0.031346
v 0.020046 0.846723 0.025137
v 0.032152 0.846723 0.000000
v 0.022051 0.846723 -0.027651
v -0.007870 0.846723 -0.034480
v -0.031864 0.846723 -0.015345
v -0.031864 0.846723 0.015345
v -0.007870 0.846723 0.034480
v 0.022051 0.846723 0.027651
v 0.035367 0.846723 0.000000
v 0.024056 0.846723 -0.030165
v -0.008585 0.846723 -0.037615
v -0.034761 0.846723 -0.016740
v -0.034761 0.846723 0.016740
v -0.008585 0.846723 0.037615
v 0.024056 0.846723 0.030165
v 0.038582 0.846723 0.000000
v 0.026060 0.846723 -0.032678
v -0.009301 0.846723 -0.040749
v -0.037658 0.846723 -0.018135
v -0.037658 0.846723 0.018135
v -0.009301 0.846723 0.040749
v 0.026060 0.846723 0.032678
v 0.041797 0.846723 0.000000
v 0.028065 0.846723 -0.035192
v -0.010016 0.846723 -0.043884
v -0.040555 0.846723 -0.019530
v -0.040555 0.846723 0.019530
v -0.010016 0.846723 0.043884
v 0.028065 0.846723 0.035192
v 0.045012 0.846723 0.000000
v 0.028065 0.925000 -0.035192
v -0.010016 0.925000 -0.043884
v -0.040555 0.925000 -0.019530
v -0.040555 0.925000 0.019530
v -0.010016 0.925000 0.043884
v 0.028065 0.925000 0.035192
v 0.045012 0.925000 0.000000
v 0.028065 1.003276 -0.035192
v -0.010016 1.003276 -0.043884
v -0.040555 1.003276 -0.019530
v -0.040555 1.003276 0.019530
v -0.010016 1.003276 0.043884
v 0.028065 1.003276 0.035192
v 0.045012 1.003276 0.000000
v 0.028065 1.081553 -0.035192
v -0.010016 1.081553 -0.043884
v -0.040555 1.081553 -0.019530
v -0.040555 1.081553 0.019530
v -0.010016 1.081553 0.043884
v 0.028065 1.081553 0.035192
v 0.045012 1.081553 0.000000
v 0.028065 1.159829 -0.035192
v -0.010016 1.159829 -0.043884
v -0.040555 1.159829 -0.019530
v -0.040555 1.159829 0.019530
v -0.010016 1.159829 0.043884
v 0.028065 1.159829 0.035192
v 0.045012 1.159829 0.000000
v 0.028065 1.238106 -0.035192
v -0.010016 1.238106 -0.043884
v -0.040555 1.238106 -0.019530
v -0.040555 1.238106 0.019530
v -0.010016 1.238106 0.043884
v 0.028065 1.238106 0.035192
v 0.045012 1.238106 0.000000
v 0.028065 1.316382 -0.035192
v -0.010016 1.316382 -0.043884
v -0.040555 1.316382 -0.019530
v -0.040555 1.316382 0.019530
v -0.010016 1.316382 0.043884
v 0.028065 1.316382 0.035192
v 0.045012 1.316382 0.000000
v 0.028065 1.394659 -0.035192
v -0.010016 1.394659 -0.043884
v -0.040555 1.394659 -0.019530
v -0.040555 1.394659 0.019530
v -0.010016 1.394659 0.043884
v 0.028065 1.394659 0.035192
v 0.045012 1.394659 0.000000
v 0.030099 1.469680 -0.035192
v -0.007738 1.473984 -0.043884
v -0.038081 1.477435 -0.019530
v -0.038081 1.477435 0.019530
v -0.007738 1.473984 0.043884
v 0.030099 1.469680 0.035192
v 0.046938 1.467764 0.000000
v 0.046218 1.539611 -0.035192
v 0.010314 1.552304 -0.043884
v -0.018478 1.562482 -0.019530
v -0.018478 1.562482 0.019530
v 0.010314 1.552304 0.043884
v 0.046218 1.539611 0.035192
v 0.062196 1.533963 0.000000
v 0.077632 1.604136 -0.035192
v 0.045496 1.624568 -0.043884
v 0.019726 1.640953 -0.019530
v 0.019726 1.640953 0.019530
v 0.045496 1.624568 0.043884
v 0.077632 1.604136 0.035192
v 0.091933 1.595042 0.000000
v 0.122735 1.659956 -0.035192
v 0.096010 1.687084 -0.043884
v 0.074578 1.708839 -0.019530
v 0.074578 1.708839 0.019530
v 0.096010 1.687084 0.043884
v 0.122735 1.659956 0.035192
v 0.134629 1.647883 0.000000
v 0.179224 1.704219 -0.035192
v 0.159275 1.736657 -0.043884
v 0.143276 1.762670 -0.019530
v 0.143276 1.762670 0.019530
v 0.159275 1.736657 0.043884
v 0.179224 1.704219 0.035192
v 0.188102 1.689783 0.000000
v 0.245005 1.735139 -0.035192
v 0.231690 1.770816 -0.043884
v 0.221012 1.799427 -0.019530
v 0.221012 1.799427 0.019530
v 0.231690 1.770816 0.043884
v 0.245005 1.735139 0.035192
v 0.250931 1.719261 0.000000
v 0.318341 1.762509 -0.035192
v 0.305025 1.798186 -0.043884
v 0.294347 1.826797 -0.019530
v 0.294347 1.826797 0.019530
v 0.305025 1.798186 0.043884
v 0.318341 1.762509 0.035192
v 0.324267 1.746631 0.000000
v 0.391676 1.789879 -0.035192
v 0.378361 1.825556 -0.043884
v 0.367683 1.854167 -0.019530
v 0.367683 1.854167 0.019530
v 0.378361 1.825556 0.043884
v 0.391676 1.789879 0.035192
v 0.397602 1.774001 0.000000
v 0.390975 1.791757 -0.032678
v 0.378611 1.824886 -0.040749
v 0.368696 1.851453 -0.018135
v 0.368696 1.851453 0.018135
v 0.378611 1.824886 0.040749
v 0.390975 1.791757 0.032678
v 0.396478 1.777013 0.000000
v 0.390274 1.793635 -0.030165
v 0.378861 1.824215 -0.037615
v 0.369709 1.848739 -0.016740
v 0.369709 1.848739 0.016740
v 0.378861 1.824215 0.037615
v 0.390274 1.793635 0.030165
v 0.395354 1.780025 0.000000
v 0.389573 1.795513 -0.027651
v 0.379111 1.823545 -0.034480
v 0.370721 1.846025 -0.015345
v 0.370721 1.846025 0.015345
v 0.379111 1.823545 0.034480
v 0.389573 1.795513 0.027651
v 0.394230 1.783038 0.000000
v 0.388873 1.797391 -0.025137
v 0.379362 1.822875 -0.031346
v 0.371734 1.843311 -0.013950
v 0.371734 1.843311 0.013950
v 0.379362 1.822875 0.031346
v 0.388873 1.797391 0.025137
v 0.393105 1.786050 0.000000
v 0.388172 1.799269 -0.022623
v 0.379612 1.822205 -0.028211
v 0.372747 1.840597 -0.012555
v 0.372747 1.840597 0.012555
v 0.379612 1.822205 0.028211
v 0.388172 1.799269 0.022623
v 0.391981 1.789062 0.000000
v 0.387471 1.801147 -0.020110
v 0.379862 1.821534 -0.025076
v 0.373760 1.837883 -0.011160
v 0.373760 1.837883 0.011160
v 0.379862 1.821534 0.025076
v 0.387471 1.801147 0.020110
v 0.390857 1.792074 0.000000
v 0.386770 1.803025 -0.017596
v 0.380112 1.820864 -0.021942
v 0.374773 1.835169 -0.009765
v 0.374773 1.835169 0.009765
v 0.380112 1.820864 0.021942
v 0.386770 1.803026 0.017596
v 0.389733 1.795087 0.000000
v 0.386069 1.804904 -0.015082
v 0.380362 1.820194 -0.018807
v 0.375786 1.832456 -0.008370
v 0.375786 1.832456 0.008370
v 0.380362 1.820194 0.018807
v 0.386069 1.804904 0.015082
v 0.388608 1.798099 0.000000
v 0.385368 1.806782 -0.012569
v 0.380612 1.819524 -0.015673
v 0.376799 1.829742 -0.006975
v 0.376799 1.829742 0.006975
v 0.380612 1.819524 0.015673
v 0.385368 1.806782 0.012569
v 0.387484 1.801111 0.000000
v 0.384667 1.808660 -0.010055
v 0.380862 1.818853 -0.012538
v 0.377812 1.827028 -0.005580
v 0.377812 1.827028 0.005580
v 0.380862 1.818853 0.012538
v 0.384667 1.808660 0.010055
v 0.386360 1.804123 0.000000
v 0.383966 1.810538 -0.007541
v 0.381113 1.818183 -0.009404
v 0.378824 1.824314 -0.004185
v 0.378824 1.824314 0.004185
v 0.381113 1.818183 0.009404
v 0.383966 1.810538 0.007541
v 0.385236 1.807135 0.000000
v 0.383265 1.812416 -0.005027
v 0.381363 1.817513 -0.006269
v 0.379837 1.821600 -0.002790
v 0.379837 1.821600 0.002790
v 0.381363 1.817513 0.006269
v 0.383265 1.812416 0.005027
v 0.384112 1.810148 0.000000
v 0.382564 1.814294 -0.002514
v 0.381613 1.816842 -0.003135
v 0.380850 1.818886 -0.001395
v 0.380850 1.818886 0.001395
v 0.381613 1.816842 0.003135
v 0.382564 1.814294 0.002514
v 0.382987 1.813160 0.000000
v 0.000000 0.846723 0.000000
v 0.381863 1.816172 0.000000
vt 0.506959 0.147524
vt 0.497517 0.145369
vt 0.513917 0.138798
vt 0.495033 0.134488
vt 0.489945 0.151408
vt 0.479889 0.146565
vt 0.489945 0.161092
vt 0.479889 0.165935
vt 0.497517 0.167131
vt 0.495033 0.178012
vt 0.506959 0.164976
vt 0.513917 0.173702
vt 0.511161 0.156250
vt 0.522321 0.156250
vt 0.520876 0.130073
vt 0.492550 0.123607
vt 0.469834 0.141723
vt 0.469834 0.170777
vt 0.492550 0.188893
vt 0.520876 0.182427
vt 0.533482 0.156250
vt 0.527834 0.121347
vt 0.490066 0.112726
vt 0.459778 0.136880
vt 0.459778 0.175620
vt 0.490066 0.199774
vt 0.527834 0.191153
vt 0.544643 0.156250
vt 0.534793 0.112621
vt 0.487583 0.101846
vt 0.449723 0.132038
vt 0.449723 0.180462
vt 0.487583 0.210654
vt 0.534793 0.199879
vt 0.555804 0.156250
vt 0.541752 0.103895
vt 0.485099 0.090965
vt 0.439667 0.127195
vt 0.439667 0.185305
vt 0.485099 0.221535
vt 0.541752 0.208605
vt 0.566964 0.156250
vt 0.548710 0.095169
vt 0.482616 0.080084
vt 0.429612 0.122353
vt 0.429612 0.190147
vt 0.482616 0.232416
vt 0.548710 0.217331
vt 0.578125 0.156250
vt 0.555669 0.086444
vt 0.480132 0.069203
vt 0.419556 0.117510
vt 0.419556 0.194990
vt 0.480132 0.243297
vt 0.555669 0.226056
vt 0.589286 0.156250
vt 0.562627 0.077718
vt 0.477649 0.058322
vt 0.409501 0.112668
vt 0.409501 0.199832
vt 0.477649 0.254178
vt 0.562627 0.234782
vt 0.600446 0.156250
vt 0.569586 0.068992
vt 0.475165 0.047441
vt 0.399445 0.107825
vt 0.399445 0.204675
vt 0.475165 0.265059
vt 0.569586 0.243508
vt 0.611607 0.156250
vt 0.576544 0.060266
vt 0.472682 0.036560
vt 0.389390 0.102983
vt 0.389390 0.209517
vt 0.472682 0.275940
vt 0.576545 0.252234
vt 0.622768 0.156250
vt 0.583503 0.051540
vt 0.470198 0.025679
vt 0.379335 0.098141
vt 0.379335 0.214359
vt 0.470198 0.286821
vt 0.583503 0.260960
vt 0.633929 0.156250
vt 0.590462 0.042815
vt 0.467715 0.014798
vt 0.369279 0.093298
vt 0.369279 0.219202
vt 0.467715 0.297702
vt 0.590462 0.269685
vt 0.645089 0.156250
vt 0.597420 0.034089
vt 0.465231 0.003917
vt 0.359224 0.088456
vt 0.359224 0.224044
vt 0.465231 0.308582
vt 0.597420 0.278411
vt 0.656250 0.156250
vt 0.375000 0.312500
vt 0.410714 0.312500
vt 0.375000 0.337500
vt 0.410714 0.337500
vt 0.446429 0.312500
vt 0.446429 0.337500
vt 0.482143 0.312500
vt 0.482143 0.337500
vt 0.517857 0.312500
vt 0.517857 0.337500
vt 0.553571 0.312500
vt 0.553571 0.337500
vt 0.589286 0.312500
vt 0.589286 0.337500
vt 0.625000 0.312500
vt 0.625000 0.337500
vt 0.375000 0.362500
vt 0.410714 0.362500
vt 0.446429 0.362500
vt 0.482143 0.362500
vt 0.517857 0.362500
vt 0.553571 0.362500
vt 0.589286 0.362500
vt 0.625000 0.362500
vt 0.375000 0.387500
vt 0.410714 0.387500
vt 0.446429 0.387500
vt 0.482143 0.387500
vt 0.517857 0.387500
vt 0.553571 0.387500
vt 0.589286 0.387500
vt 0.625000 0.387500
vt 0.375000 0.412500
vt 0.410714 0.412500
vt 0.446429 0.412500
vt 0.482143 0.412500
vt 0.517857 0.412500
vt 0.553571 0.412500
vt 0.589286 0.412500
vt 0.625000 0.412500
vt 0.375000 0.437500
vt 0.410714 0.437500
vt 0.446429 0.437500
vt 0.482143 0.437500
vt 0.517857 0.437500
vt 0.553571 0.437500
vt 0.589286 0.437500
vt 0.625000 0.437500
vt 0.375000 0.462500
vt 0.410714 0.462500
vt 0.446429 0.462500
vt 0.482143 0.462500
vt 0.517857 0.462500
vt 0.553571 0.462500
vt 0.589286 0.462500
vt 0.625000 0.462500
vt 0.375000 0.487500
vt 0.410714 0.487500
vt 0.446429 0.487500
vt 0.482143 0.487500
vt 0.517857 0.487500
vt 0.553571 0.487500
vt 0.589286 0.487500
vt 0.625000 0.487500
vt 0.410714 0.512500
vt 0.375000 0.512500
vt 0.446429 0.512500
vt 0.482143 0.512500
vt 0.517857 0.512500
vt 0.553571 0.512500
vt 0.589286 0.512500
vt 0.625000 0.512500
vt 0.410714 0.537500
vt 0.375000 0.537500
vt 0.446429 0.537500
vt 0.482143 0.537500
vt 0.517857 0.537500
vt 0.553571 0.537500
vt 0.589286 0.537500
vt 0.625000 0.537500
vt 0.410714 0.562500
vt 0.375000 0.562500
vt 0.446429 0.562500
vt 0.482143 0.562500
vt 0.517857 0.562500
vt 0.553571 0.562500
vt 0.589286 0.562500
vt 0.625000 0.562500
vt 0.410714 0.587500
vt 0.375000 0.587500
vt 0.446429 0.587500
vt 0.482143 0.587500
vt 0.517857 0.587500
vt 0.553571 0.587500
vt 0.589286 0.587500
vt 0.625000 0.587500
vt 0.410714 0.612500
vt 0.375000 0.612500
vt 0.446429 0.612500
vt 0.482143 0.612500
vt 0.517857 0.612500
vt 0.553571 0.612500
vt 0.589286 0.612500
vt 0.625000 0.612500
vt 0.410714 0.637500
vt 0.375000 0.637500
vt 0.446429 0.637500
vt 0.482143 0.637500
vt 0.517857 0.637500
vt 0.553571 0.637500
vt 0.589286 0.637500
vt 0.625000 0.637500
vt 0.410714 0.662500
vt 0.375000 0.662500
vt 0.446429 0.662500
vt 0.482143 0.662500
vt 0.517857 0.662500
vt 0.553571 0.662500
vt 0.589286 0.662500
vt 0.625000 0.662500
vt 0.410714 0.687500
vt 0.375000 0.687500
vt 0.446429 0.687500
vt 0.482143 0.687500
vt 0.517857 0.687500
vt 0.553571 0.687500
vt 0.589286 0.687500
vt 0.625000 0.687500
vt 0.465231 0.996082
vt 0.467715 0.985202
vt 0.597420 0.965911
vt 0.590462 0.957185
vt 0.359224 0.911544
vt 0.369279 0.906702
vt 0.359224 0.775956
vt 0.369279 0.780798
vt 0.465231 0.691417
vt 0.467715 0.702298
vt 0.597420 0.721589
vt 0.590462 0.730315
vt 0.656250 0.843750
vt 0.645089 0.843750
vt 0.470198 0.974321
vt 0.583503 0.948460
vt 0.379335 0.901859
vt 0.379335 0.785641
vt 0.470198 0.713179
vt 0.583503 0.739040
vt 0.633929 0.843750
vt 0.472682 0.963440
vt 0.576545 0.939734
vt 0.389390 0.897017
vt 0.389390 0.790483
vt 0.472682 0.724060
vt 0.576544 0.747766
vt 0.622768 0.843750
vt 0.475165 0.952559
vt 0.569586 0.931008
vt 0.399445 0.892175
vt 0.399445 0.795325
vt 0.475165 0.734941
vt 0.569586 0.756492
vt 0.611607 0.843750
vt 0.477649 0.941678
vt 0.562627 0.922282
vt 0.409501 0.887332
vt 0.409501 0.800168
vt 0.477649 0.745822
vt 0.562627 0.765218
vt 0.600446 0.843750
vt 0.480132 0.930797
vt 0.555669 0.913556
vt 0.419556 0.882490
vt 0.419556 0.805010
vt 0.480132 0.756703
vt 0.555669 0.773944
vt 0.589286 0.843750
vt 0.482616 0.919916
vt 0.548710 0.904831
vt 0.429612 0.877647
vt 0.429612 0.809853
vt 0.482616 0.767584
vt 0.548710 0.782669
vt 0.578125 0.843750
vt 0.485099 0.909035
vt 0.541752 0.896105
vt 0.439667 0.872805
vt 0.439667 0.814695
vt 0.485099 0.778465
vt 0.541752 0.791395
vt 0.566964 0.843750
vt 0.487583 0.898154
vt 0.534793 0.887379
vt 0.449723 0.867962
vt 0.449723 0.819538
vt 0.487583 0.789346
vt 0.534793 0.800121
vt 0.555804 0.843750
vt 0.490066 0.887274
vt 0.527834 0.878653
vt 0.459778 0.863120
vt 0.459778 0.824380
vt 0.490066 0.800226
vt 0.527834 0.808847
vt 0.544643 0.843750
vt 0.492550 0.876393
vt 0.520876 0.869927
vt 0.469834 0.858277
vt 0.469834 0.829223
vt 0.492550 0.811107
vt 0.520876 0.817573
vt 0.533482 0.843750
vt 0.495033 0.865512
vt 0.513917 0.861202
vt 0.479889 0.853435
vt 0.479889 0.834065
vt 0.495033 0.821988
vt 0.513917 0.826298
vt 0.522321 0.843750
vt 0.497517 0.854631
vt 0.506959 0.852476
vt 0.489945 0.848592
vt 0.489945 0.838908
vt 0.497517 0.832869
vt 0.506959 0.835024
vt 0.511161 0.843750
vt 0.500000 0.156250
vt 0.500000 0.843750
vn 0.000000 -1.000000 -0.000029
vn 0.000000 -1.000000 -0.000029
vn 0.000000 -1.000000 -0.000029
vn 0.000000 -1.000000 0.000000
vn 0.000000 -1.000000 0.000006
vn 0.000000 -1.000000 -0.000001
vn 0.000000 -1.000000 0.000006
vn 0.000000 -1.000000 -0.000001
vn 0.000000 -1.000000 -0.000001
vn 0.000000 -1.000000 -0.000001
vn 0.000000 -1.000000 -0.000001
vn 0.000000 -1.000000 -0.000001
vn 0.000000 -1.000000 -0.000001
vn 0.000000 -1.000000 0.000000
vn 0.000000 -1.000000 -0.000001
vn 0.000000 -1.000000 -0.000001
vn 0.000000 -1.000000 0.000000
vn 0.000000 -1.000000 0.000000
vn 0.000000 -1.000000 0.000000
vn 0.000000 -1.000000 0.000000
vn 0.000000 -1.000000 0.000000
vn 0.000000 -1.000000 0.000000
vn 0.000000 -1.000000 0.000000
vn 0.000000 -1.000000 0.000004
vn 0.000000 -1.000000 0.000000
vn 0.000000 -1.000000 0.000000
vn 0.000000 -1.000000 0.000004
vn 0.000000 -1.000000 0.000004
vn 0.000000 -1.000000 0.000000
vn 0.000000 -1.000000 0.000001
vn 0.000000 -1.000000 0.000000
vn 0.000000 -1.000000 -0.000013
vn 0.000000 -1.000000 0.000001
vn 0.000000 -1.000000 0.000001
vn 0.000000 -1.000000 -0.000013
vn 0.000000 -1.000000 -0.000008
vn 0.000000 -1.000000 -0.000013
vn 0.000000 -1.000000 -0.000004
vn 0.000000 -1.000000 -0.000008
vn 0.000000 -1.000000 -0.000008
vn 0.000000 -1.000000 -0.000004
vn 0.000000 -1.000000 0.000000
vn 0.000000 -1.000000 0.000000
vn 0.000000 -1.000000 -0.000001
vn 0.000000 -1.000000 0.000001
vn 0.000000 -1.000000 0.000001
vn 0.000000 -1.000000 -0.000001
vn 0.000000 -1.000000 0.000004
vn 0.000000 -1.000000 -0.000001
vn 0.000000 -1.000000 -0.000001
vn 0.000000 -1.000000 0.000004
vn 0.000000 -1.000000 0.000004
vn 0.000000 -1.000000 -0.000001
vn 0.000000 -1.000000 0.000001
vn 0.000000 -1.000000 -0.000001
vn 0.000000 -1.000000 0.000000
vn 0.000000 -1.000000 0.000001
vn 0.000000 -1.000000 0.000001
vn 0.000000 -1.000000 0.000000
vn 0.000000 -1.000000 0.000000
vn 0.000000 -1.000000 0.000000
vn 0.000000 -1.000000 0.000004
vn 0.000000 -1.000000 0.000000
vn 0.000000 -1.000000 0.000000
vn 0.000000 -1.000000 0.000004
vn 0.000000 -1.000000 -0.000002
vn 0.000000 -1.000000 0.000004
vn 0.000000 -1.000000 0.000001
vn 0.000000 -1.000000 -0.000002
vn 0.000000 -1.000000 -0.000002
vn 0.000000 -1.000000 0.000001
vn 0.000000 -1.000000 0.000000
vn 0.000000 -1.000000 0.000001
vn 0.000000 -1.000000 -0.000008
vn 0.000000 -1.000000 0.000000
vn 0.000000 -1.000000 0.000000
vn 0.000000 -1.000000 -0.000008
vn 0.000000 -1.000000 -0.000001
vn 0.000000 -1.000000 -0.000008
vn 0.000000 -1.000000 0.000000
vn 0.000000 -1.000000 -0.000001
vn 0.000000 -1.000000 -0.000001
vn 0.000000 -1.000000 0.000000
vn 0.000000 -1.000000 0.000001
vn 0.000000 -1.000000 0.000001
vn 0.000000 -1.000000 0.000004
vn 0.000000 -1.000000 0.000000
vn 0.000000 -1.000000 0.000000
vn 0.000000 -1.000000 0.000004
vn 0.000000 -1.000000 -0.000016
vn 0.000000 -1.000000 0.000004
vn 0.000000 -1.000000 0.000001
vn 0.000000 -1.000000 -0.000016
vn 0.000000 -1.000000 -0.000016
vn 0.000000 -1.000000 0.000001
vn 0.000000 -1.000000 0.000000
vn 0.000000 -1.000000 0.000001
vn 0.000000 -1.000000 0.000000
vn 0.000000 -1.000000 0.000000
vn 0.000000 -1.000000 0.000000
vn 0.000000 -1.000000 0.000000
vn 0.000000 -1.000000 0.000000
vn 0.000000 -1.000000 0.000000
vn 0.000000 -1.000000 -0.000002
vn 0.000000 -1.000000 0.000000
vn 0.000000 -1.000000 0.000000
vn 0.000000 -1.000000 -0.000002
vn 0.000000 -1.000000 -0.000001
vn 0.000000 -1.000000 -0.000002
vn 0.000000 -1.000000 0.000000
vn 0.000000 -1.000000 -0.000001
vn 0.000000 -1.000000 -0.000001
vn 0.000000 -1.000000 0.000000
vn 0.000000 -1.000000 0.000000
vn 0.000000 -1.000000 0.000000
vn 0.000000 -1.000000 -0.000001
vn 0.000000 -1.000000 0.000000
vn 0.000000 -1.000000 0.000000
vn 0.000000 -1.000000 -0.000001
vn 0.000000 -1.000000 0.000000
vn 0.000000 -1.000000 -0.000001
vn 0.000000 -1.000000 0.000001
vn 0.000000 -1.000000 0.000000
vn 0.000000 -1.000000 0.000000
vn 0.000000 -1.000000 0.000001
vn 0.000000 -1.000000 0.000000
vn 0.000000 -1.000000 0.000000
vn 0.000000 -1.000000 -0.000016
vn 0.000000 -1.000000 0.000005
vn 0.000000 -1.000000 0.000005
vn 0.000000 -1.000000 -0.000016
vn 0.000000 -1.000000 -0.000011
vn 0.000000 -1.000000 -0.000016
vn 0.000000 -1.000000 0.000000
vn 0.000000 -1.000000 -0.000011
vn 0.000000 -1.000000 -0.000011
vn 0.000000 -1.000000 0.000000
vn 0.000000 -1.000000 0.000000
vn 0.000000 -1.000000 0.000000
vn 0.000000 -1.000000 0.000000
vn 0.000000 -1.000000 0.000000
vn 0.000000 -1.000000 0.000000
vn 0.000000 -1.000000 0.000000
vn 0.000000 -1.000000 0.000000
vn 0.000000 -1.000000 0.000000
vn 0.000000 -1.000000 -0.000001
vn 0.000000 -1.000000 0.000000
vn 0.000000 -1.000000 0.000000
vn 0.000000 -1.000000 -0.000001
vn 0.000000 -1.000000 0.000000
vn 0.000000 -1.000000 -0.000001
vn 0.000000 -1.000000 0.000000
vn 0.000000 -1.000000 0.000000
vn 0.000000 -1.000000 0.000000
vn 0.000000 -1.000000 0.000000
vn 0.000000 -1.000000 0.000000
vn 0.000000 -1.000000 0.000000
vn 0.000000 -1.000000 0.000000
vn 0.000000 -1.000000 0.000000
vn 0.000000 -1.000000 0.000000
vn 0.000000 -1.000000 0.000000
vn 0.000000 -1.000000 0.000000
vn 0.000000 -1.000000 0.000000
vn 0.000000 -1.000000 0.000000
vn 0.000000 -1.000000 0.000000
vn 0.000000 -1.000000 0.000000
vn 0.000000 -1.000000 0.000000
vn 0.000000 -1.000000 0.000005
vn 0.000000 -1.000000 0.000005
vn 0.000000 -1.000000 -0.000011
vn 0.000000 -1.000000 0.000002
vn 0.000000 -1.000000 0.000002
vn 0.000000 -1.000000 -0.000011
vn 0.000000 -1.000000 -0.000003
vn 0.000000 -1.000000 -0.000011
vn 0.000000 -1.000000 0.000000
vn 0.000000 -1.000000 -0.000003
vn 0.000000 -1.000000 -0.000003
vn 0.000000 -1.000000 0.000000
vn 0.000000 -1.000000 0.000001
vn 0.000000 -1.000000 0.000000
vn 0.000000 -1.000000 0.000000
vn 0.000000 -1.000000 0.000001
vn 0.000000 -1.000000 0.000001
vn 0.000000 -1.000000 0.000000
vn 0.000000 -1.000000 0.000000
vn 0.000000 -1.000000 0.000000
vn 0.000000 -1.000000 0.000000
vn 0.000000 -1.000000 0.000000
vn 0.000000 -1.000000 0.000000
vn 0.000000 -1.000000 0.000000
vn 0.000000 -1.000000 0.000000
vn 0.000000 -1.000000 0.000000
vn 0.000000 -1.000000 0.000000
vn 0.000000 -1.000000 0.000000
vn 0.000000 -1.000000 0.000000
vn 0.000000 -1.000000 0.000000
vn 0.000000 -1.000000 0.000000
vn 0.000000 -1.000000 0.000000
vn 0.000000 -1.000000 0.000000
vn 0.000000 -1.000000 0.000000
vn 0.000000 -1.000000 0.000000
vn 0.000000 -1.000000 0.000000
vn 0.000000 -1.000000 0.000000
vn 0.000000 -1.000000 0.000000
vn 0.000000 -1.000000 0.000005
vn 0.000000 -1.000000 0.000000
vn 0.000000 -1.000000 0.000000
vn 0.000000 -1.000000 0.000005
vn 0.000000 -1.000000 0.000002
vn 0.000000 -1.000000 0.000002
vn 0.000000 -1.000000 -0.000003
vn 0.000000 -1.000000 0.000008
vn 0.000000 -1.000000 0.000008
vn 0.000000 -1.000000 -0.000003
vn 0.000000 -1.000000 -0.000001
vn 0.000000 -1.000000 -0.000003
vn 0.000000 -1.000000 0.000001
vn 0.000000 -1.000000 -0.000001
vn 0.000000 -1.000000 -0.000001
vn 0.000000 -1.000000 0.000001
vn 0.000000 -1.000000 0.000000
vn 0.000000 -1.000000 0.000001
vn 0.000000 -1.000000 0.000000
vn 0.000000 -1.000000 0.000000
vn 0.000000 -1.000000 0.000000
vn 0.000000 -1.000000 0.000000
vn 0.000000 -1.000000 0.000000
vn 0.000000 -1.000000 0.000000
vn 0.000000 -1.000000 0.000000
vn 0.000000 -1.000000 0.000000
vn 0.000000 -1.000000 0.000000
vn 0.000000 -1.000000 0.000000
vn 0.000000 -1.000000 0.000000
vn 0.000000 -1.000000 0.000000
vn 0.000000 -1.000000 0.000000
vn 0.000000 -1.000000 0.000000
vn 0.000000 -1.000000 0.000000
vn 0.000000 -1.000000 0.000000
vn 0.000000 -1.000000 0.000000
vn 0.000000 -1.000000 0.000000
vn 0.000000 -1.000000 0.000000
vn 0.000000 -1.000000 0.000000
vn 0.000000 -1.000000 0.000000
vn 0.000000 -1.000000 0.000000
vn 0.000000 -1.000000 0.000000
vn 0.000000 -1.000000 0.000000
vn 0.000000 -1.000000 0.000002
vn 0.000000 -1.000000 0.000000
vn 0.000000 -1.000000 0.000000
vn 0.000000 -1.000000 0.000002
vn 0.000000 -1.000000 0.000008
vn 0.000000 -1.000000 0.000008
vn 0.000000 -1.000000 -0.000001
vn 0.000000 -1.000000 -0.000004
vn 0.000000 -1.000000 -0.000004
vn 0.000000 -1.000000 -0.000001
vn 0.000000 -1.000000 0.000000
vn 0.000000 -1.000000 -0.000001
vn 0.000000 -1.000000 0.000000
vn 0.000000 -1.000000 0.000000
vn 0.000000 -1.000000 0.000000
vn 0.000000 -1.000000 0.000000
vn 0.000000 -1.000000 0.000000
vn 0.000000 -1.000000 0.000000
vn 0.000000 -1.000000 0.000000
vn 0.000000 -1.000000 0.000000
vn 0.000000 -1.000000 0.000000
vn 0.000000 -1.000000 0.000000
vn 0.000000 -1.000000 0.000000
vn 0.000000 -1.000000 0.000000
vn 0.000000 -1.000000 0.000000
vn 0.000000 -1.000000 0.000000
vn 0.000000 -1.000000 0.000000
vn 0.000000 -1.000000 0.000000
vn 0.000000 -1.000000 0.000004
vn 0.000000 -1.000000 0.000000
vn 0.000000 -1.000000 0.000000
vn 0.000000 -1.000000 0.000004
vn 0.000000 -1.000000 0.000004
vn 0.000000 -1.000000 0.000000
vn 0.000000 -1.000000 0.000000
vn 0.000000 -1.000000 0.000000
vn 0.000000 -1.000000 0.000000
vn 0.000000 -1.000000 0.000000
vn 0.000000 -1.000000 0.000000
vn 0.000000 -1.000000 0.000000
vn 0.000000 -1.000000 0.000000
vn 0.000000 -1.000000 0.000000
vn 0.000000 -1.000000 0.000008
vn 0.000000 -1.000000 0.000000
vn 0.000000 -1.000000 0.000000
vn 0.000000 -1.000000 0.000008
vn 0.000000 -1.000000 -0.000004
vn 0.000000 -1.000000 -0.000004
vn 0.000000 -1.000000 0.000000
vn 0.000000 -1.000000 -0.000003
vn 0.000000 -1.000000 -0.000003
vn 0.000000 -1.000000 0.000000
vn 0.000000 -1.000000 0.000000
vn 0.000000 -1.000000 0.000000
vn 0.000000 -1.000000 0.000000
vn 0.000000 -1.000000 0.000000
vn 0.000000 -1.000000 0.000000
vn 0.000000 -1.000000 0.000000
vn 0.000000 -1.000000 0.000000
vn 0.000000 -1.000000 0.000000
vn 0.000000 -1.000000 0.000000
vn 0.000000 -1.000000 0.000000
vn 0.000000 -1.000000 0.000000
vn 0.000000 -1.000000 0.000000
vn 0.000000 -1.000000 0.000000
vn 0.000000 -1.000000 0.000000
vn 0.000000 -1.000000 0.000004
vn 0.000000 -1.000000 0.000000
vn 0.000000 -1.000000 0.000000
vn 0.000000 -1.000000 0.000004
vn 0.000000 -1.000000 0.000002
vn 0.000000 -1.000000 0.000004
vn 0.000000 -1.000000 0.000000
vn 0.000000 -1.000000 0.000002
vn 0.000000 -1.000000 0.000002
vn 0.000000 -1.000000 0.000000
vn 0.000000 -1.000000 0.000000
vn 0.000000 -1.000000 0.000000
vn 0.000000 -1.000000 0.000000
vn 0.000000 -1.000000 0.000000
vn 0.000000 -1.000000 0.000000
vn 0.000000 -1.000000 0.000000
vn 0.000000 -1.000000 0.000000
vn 0.000000 -1.000000 0.000000
vn 0.000000 -1.000000 -0.000004
vn 0.000000 -1.000000 0.000000
vn 0.000000 -1.000000 0.000000
vn 0.000000 -1.000000 -0.000004
vn 0.000000 -1.000000 -0.000003
vn 0.000000 -1.000000 -0.000003
vn 0.000000 -1.000000 0.000000
vn 0.000000 -1.000000 0.000006
vn 0.000000 -1.000000 0.000006
vn 0.000000 -1.000000 0.000000
vn 0.000000 -1.000000 0.000000
vn 0.000000 -1.000000 0.000000
vn 0.000000 -1.000000 0.000000
vn 0.000000 -1.000000 0.000000
vn 0.000000 -1.000000 0.000000
vn 0.000000 -1.000000 0.000000
vn 0.000000 -1.000000 0.000000
vn 0.000000 -1.000000 0.000000
vn 0.000000 -1.000000 0.000000
vn 0.000000 -1.000000 0.000000
vn 0.000000 -1.000000 0.000000
vn 0.000000 -1.000000 0.000000
vn 0.000000 -1.000000 0.000000
vn 0.000000 -1.000000 0.000000
vn 0.000000 -1.000000 0.000002
vn 0.000000 -1.000000 0.000000
vn 0.000000 -1.000000 0.000000
vn 0.000000 -1.000000 0.000002
vn 0.000000 -1.000000 0.000003
vn 0.000000 -1.000000 0.000002
vn 0.000000 -1.000000 0.000000
vn 0.000000 -1.000000 0.000003
vn 0.000000 -1.000000 0.000003
vn 0.000000 -1.000000 0.000000
vn 0.000000 -1.000000 0.000000
vn 0.000000 -1.000000 0.000000
vn 0.000000 -1.000000 0.000000
vn 0.000000 -1.000000 0.000000
vn 0.000000 -1.000000 0.000000
vn 0.000000 -1.000000 0.000000
vn 0.000000 -1.000000 0.000000
vn 0.000000 -1.000000 0.000000
vn 0.000000 -1.000000 -0.000003
vn 0.000000 -1.000000 0.000000
vn 0.000000 -1.000000 0.000000
vn 0.000000 -1.000000 -0.000003
vn 0.000000 -1.000000 0.000006
vn 0.000000 -1.000000 0.000006
vn 0.000000 -1.000000 0.000000
vn 0.000000 -1.000000 -0.000003
vn 0.000000 -1.000000 -0.000003
vn 0.000000 -1.000000 0.000000
vn 0.000000 -1.000000 0.000000
vn 0.000000 -1.000000 0.000000
vn 0.000000 -1.000000 0.000000
vn 0.000000 -1.000000 0.000000
vn 0.000000 -1.000000 0.000000
vn 0.000000 -1.000000 0.000000
vn 0.000000 -1.000000 0.000000
vn 0.000000 -1.000000 0.000000
vn 0.000000 -1.000000 0.000000
vn 0.000000 -1.000000 0.000000
vn 0.000000 -1.000000 0.000000
vn 0.000000 -1.000000 0.000000
vn 0.000000 -1.000000 0.000011
vn 0.000000 -1.000000 0.000000
vn 0.000000 -1.000000 0.000003
vn 0.000000 -1.000000 0.000011
vn 0.000000 -1.000000 0.000011
vn 0.000000 -1.000000 0.000003
vn 0.000000 -1.000000 -0.000020
vn 0.000000 -1.000000 0.000003
vn 0.000000 -1.000000 0.000000
vn 0.000000 -1.000000 -0.000020
vn 0.000000 -1.000000 -0.000020
vn 0.000000 -1.000000 0.000000
vn 0.000000 -1.000000 0.000010
vn 0.000000 -1.000000 0.000000
vn 0.000000 -1.000000 0.000000
vn 0.000000 -1.000000 0.000010
vn 0.000000 -1.000000 0.000010
vn 0.000000 -1.000000 0.000000
vn 0.000000 -1.000000 0.000000
vn 0.000000 -1.000000 0.000000
vn 0.000000 -1.000000 0.000006
vn 0.000000 -1.000000 0.000000
vn 0.000000 -1.000000 0.000000
vn 0.000000 -1.000000 0.000006
vn 0.000000 -1.000000 -0.000003
vn 0.000000 -1.000000 -0.000003
vn 0.000000 -1.000000 0.000000
vn 0.000000 -1.000000 -0.000003
vn 0.000000 -1.000000 -0.000003
vn 0.000000 -1.000000 0.000000
vn 0.000000 -1.000000 0.000000
vn 0.000000 -1.000000 0.000000
vn 0.000000 -1.000000 0.000000
vn 0.000000 -1.000000 0.000000
vn 0.000000 -1.000000 0.000000
vn 0.000000 -1.000000 0.000000
vn 0.000000 -1.000000 0.000000
vn 0.000000 -1.000000 0.000000
vn 0.000000 -1.000000 0.000011
vn 0.000000 -1.000000 0.000000
vn 0.000000 -1.000000 0.000000
vn 0.000000 -1.000000 0.000011
vn 0.000000 -1.000000 0.000015
vn 0.000000 -1.000000 0.000011
vn 0.000000 -1.000000 -0.000020
vn 0.000000 -1.000000 0.000015
vn 0.000000 -1.000000 0.000015
vn 0.000000 -1.000000 -0.000020
vn 0.000000 -1.000000 -0.000030
vn 0.000000 -1.000000 -0.000020
vn 0.000000 -1.000000 0.000010
vn 0.000000 -1.000000 -0.000030
vn 0.000000 -1.000000 -0.000030
vn 0.000000 -1.000000 0.000010
vn 0.000000 -1.000000 0.000005
vn 0.000000 -1.000000 0.000010
vn 0.000000 -1.000000 0.000000
vn 0.000000 -1.000000 0.000005
vn 0.000000 -1.000000 0.000005
vn 0.000000 -1.000000 0.000000
vn 0.000000 -1.000000 0.000000
vn 0.000000 -1.000000 0.000000
vn 0.000000 -1.000000 -0.000003
vn 0.000000 -1.000000 0.000000
vn 0.000000 -1.000000 0.000000
vn 0.000000 -1.000000 -0.000003
vn 0.000000 -1.000000 -0.000003
vn 0.000000 -1.000000 -0.000003
vn 0.000000 -1.000000 0.000000
vn 0.000000 -1.000000 0.000000
vn 0.000000 -1.000000 0.000000
vn 0.000000 -1.000000 0.000000
vn 0.000000 -1.000000 0.000002
vn 0.000000 -1.000000 0.000000
vn 0.000000 -1.000000 0.000000
vn 0.000000 -1.000000 0.000002
vn 0.000000 -1.000000 0.000002
vn 0.000000 -1.000000 0.000000
vn 0.000000 -1.000000 0.000000
vn 0.000000 -1.000000 0.000000
vn 0.000000 -1.000000 0.000015
vn 0.000000 -1.000000 0.000000
vn 0.000000 -1.000000 0.000000
vn 0.000000 -1.000000 0.000015
vn 0.000000 -1.000000 0.000005
vn 0.000000 -1.000000 0.000015
vn 0.000000 -1.000000 -0.000030
vn 0.000000 -1.000000 0.000005
vn 0.000000 -1.000000 0.000005
vn 0.000000 -1.000000 -0.000030
vn 0.000000 -1.000000 0.000004
vn 0.000000 -1.000000 -0.000030
vn 0.000000 -1.000000 0.000005
vn 0.000000 -1.000000 0.000004
vn 0.000000 -1.000000 0.000004
vn 0.000000 -1.000000 0.000005
vn 0.000000 -1.000000 0.000000
vn 0.000000 -1.000000 0.000005
vn 0.000000 -1.000000 0.000000
vn 0.000000 -1.000000 0.000000
vn 0.000000 -1.000000 0.000000
vn 0.000000 -1.000000 0.000000
vn 0.000000 -1.000000 0.000000
vn 0.000000 -1.000000 0.000000
vn 0.000000 -1.000000 -0.000003
vn 0.000000 -1.000000 0.000000
vn 0.000000 -1.000000 0.000000
vn 0.000000 -1.000000 -0.000003
vn 0.000000 -1.000000 0.000000
vn 0.000000 -1.000000 0.000000
vn 0.000000 -1.000000 0.000002
vn 0.000000 -1.000000 0.000000
vn 0.000000 -1.000000 0.000000
vn 0.000000 -1.000000 0.000002
vn 0.000000 -1.000000 0.000003
vn 0.000000 -1.000000 0.000002
vn 0.000000 -1.000000 0.000000
vn 0.000000 -1.000000 0.000003
vn 0.000000 -1.000000 0.000003
vn 0.000000 -1.000000 0.000000
vn 0.000000 -1.000000 0.000000
vn 0.000000 -1.000000 0.000000
vn 0.000000 -1.000000 0.000005
vn 0.000000 -1.000000 0.000000
vn 0.000000 -1.000000 0.000000
vn 0.000000 -1.000000 0.000005
vn 0.000000 -1.000000 0.000001
vn 0.000000 -1.000000 0.000005
vn 0.000000 -1.000000 0.000004
vn 0.000000 -1.000000 0.000001
vn 0.000000 -1.000000 0.000001
vn 0.000000 -1.000000 0.000004
vn 0.000000 -1.000000 0.000021
vn 0.000000 -1.000000 0.000004
vn 0.000000 -1.000000 0.000000
vn 0.000000 -1.000000 0.000021
vn 0.000000 -1.000000 0.000021
vn 0.000000 -1.000000 0.000000
vn 0.000000 -1.000000 0.000000
vn 0.000000 -1.000000 0.000000
vn 0.000000 -1.000000 0.000000
vn 0.000000 -1.000000 0.000000
vn 0.000000 -1.000000 0.000000
vn 0.000000 -1.000000 0.000000
vn 0.000000 -1.000000 0.000000
vn 0.000000 -1.000000 0.000000
vn 0.000000 -1.000000 0.000000
vn 0.000000 -1.000000 0.000000
vn 0.000000 -1.000000 0.000000
vn 0.000000 -1.000000 0.000000
vn 0.000000 -1.000000 0.000000
vn 0.222521 0.000000 -0.974928
vn 0.222521 0.000000 -0.974928
vn 0.222521 0.000000 -0.974928
vn 0.222521 0.000000 -0.974928
vn 0.222521 0.000000 -0.974928
vn 0.222521 0.000000 -0.974928
vn -0.623490 0.000000 -0.781832
vn -0.623490 0.000000 -0.781832
vn -0.623490 0.000000 -0.781832
vn -0.623490 0.000000 -0.781832
vn -0.623490 0.000000 -0.781832
vn -0.623490 0.000000 -0.781832
vn -1.000000 0.000000 -0.000000
vn -1.000000 0.000000 -0.000000
vn -1.000000 0.000000 -0.000000
vn -1.000000 0.000000 -0.000000
vn -1.000000 0.000000 -0.000000
vn -1.000000 0.000000 -0.000000
vn -0.623490 0.000000 0.781832
vn -0.623490 0.000000 0.781831
vn -0.623490 0.000000 0.781831
vn -0.623490 0.000000 0.781831
vn -0.623490 0.000000 0.781831
vn -0.623490 0.000000 0.781832
vn 0.222521 0.000000 0.974928
vn 0.222521 0.000000 0.974928
vn 0.222521 0.000000 0.974928
vn 0.222521 0.000000 0.974928
vn 0.222521 0.000000 0.974928
vn 0.222521 0.000000 0.974928
vn 0.900969 0.000000 0.433884
vn 0.900969 0.000000 0.433884
vn 0.900969 0.000000 0.433884
vn 0.900969 0.000000 0.433884
vn 0.900969 0.000000 0.433884
vn 0.900969 0.000000 0.433884
vn 0.900969 0.000000 -0.433884
vn 0.900969 0.000000 -0.433884
vn 0.900969 0.000000 -0.433884
vn 0.900969 0.000000 -0.433884
vn 0.900969 0.000000 -0.433884
vn 0.900969 0.000000 -0.433884
vn 0.222521 0.000000 -0.974928
vn 0.222521 0.000000 -0.974928
vn 0.222521 0.000000 -0.974928
vn 0.222521 0.000000 -0.974928
vn 0.222521 0.000000 -0.974928
vn 0.222521 0.000000 -0.974928
vn -0.623490 0.000000 -0.781832
vn -0.623490 0.000000 -0.781832
vn -0.623490 0.000000 -0.781832
vn -0.623490 0.000000 -0.781832
vn -0.623490 0.000000 -0.781832
vn -0.623490 0.000000 -0.781832
vn -1.000000 0.000000 -0.000000
vn -1.000000 0.000000 -0.000000
vn -1.000000 0.000000 -0.000000
vn -1.000000 0.000000 -0.000000
vn -1.000000 0.000000 -0.000000
vn -1.000000 0.000000 -0.000000
vn -0.623490 0.000000 0.781831
vn -0.623490 0.000000 0.781832
vn -0.623490 0.000000 0.781832
vn -0.623490 0.000000 0.781832
vn -0.623490 0.000000 0.781832
vn -0.623490 0.000000 0.781832
vn 0.222521 0.000000 0.974928
vn 0.222521 0.000000 0.974928
vn 0.222521 0.000000 0.974928
vn 0.222521 0.000000 0.974928
vn 0.222521 0.000000 0.974928
vn 0.222521 0.000000 0.974928
vn 0.900969 0.000000 0.433884
vn 0.900969 0.000000 0.433884
vn 0.900969 0.000000 0.433884
vn 0.900969 0.000000 0.433884
vn 0.900969 0.000000 0.433884
vn 0.900969 0.000000 0.433884
vn 0.900969 0.000000 -0.433884
vn 0.900969 0.000000 -0.433884
vn 0.900969 0.000000 -0.433884
vn 0.900969 0.000000 -0.433884
vn 0.900969 0.000000 -0.433884
vn 0.900969 0.000000 -0.433884
vn 0.222521 0.000000 -0.974928
vn 0.222521 0.000000 -0.974928
vn 0.222521 0.000000 -0.974928
vn 0.222521 0.000000 -0.974928
vn 0.222521 0.000000 -0.974928
vn 0.222521 0.000000 -0.974928
vn -0.623490 0.000000 -0.781832
vn -0.623490 0.000000 -0.781832
vn -0.623490 0.000000 -0.781832
vn -0.623490 0.000000 -0.781832
vn -0.623490 0.000000 -0.781832
vn -0.623490 0.000000 -0.781832
vn -1.000000 0.000000 -0.000000
vn -1.000000 0.000000 -0.000000
vn -1.000000 0.000000 -0.000000
vn -1.000000 0.000000 -0.000000
vn -1.000000 0.000000 -0.000000
vn -1.000000 0.000000 -0.000000
vn -0.623490 0.000000 0.781832
vn -0.623490 0.000000 0.781832
vn -0.623490 0.000000 0.781831
vn -0.623490 0.000000 0.781831
vn -0.623490 0.000000 0.781832
vn -0.623490 0.000000 0.781831
vn 0.222521 0.000000 0.974928
vn 0.222521 0.000000 0.974928
vn 0.222521 0.000000 0.974928
vn 0.222521 0.000000 0.974928
vn 0.222521 0.000000 0.974928
vn 0.222521 0.000000 0.974928
vn 0.900969 0.000000 0.433884
vn 0.900969 0.000000 0.433884
vn 0.900969 0.000000 0.433884
vn 0.900969 0.000000 0.433884
vn 0.900969 0.000000 0.433884
vn 0.900969 0.000000 0.433884
vn 0.900969 0.000000 -0.433884
vn 0.900969 0.000000 -0.433884
vn 0.900969 0.000000 -0.433884
vn 0.900969 0.000000 -0.433884
vn 0.900969 0.000000 -0.433884
vn 0.900969 0.000000 -0.433884
vn 0.222521 0.000000 -0.974928
vn 0.222521 0.000000 -0.974928
vn 0.222521 0.000000 -0.974928
vn 0.222521 0.000000 -0.974928
vn 0.222521 0.000000 -0.974928
vn 0.222521 0.000000 -0.974928
vn -0.623490 0.000000 -0.781832
vn -0.623490 0.000000 -0.781832
vn -0.623490 0.000000 -0.781832
vn -0.623490 0.000000 -0.781832
vn -0.623490 0.000000 -0.781832
vn -0.623490 0.000000 -0.781832
vn -1.000000 0.000000 -0.000000
vn -1.000000 0.000000 -0.000000
vn -1.000000 0.000000 -0.000000
vn -1.000000 0.000000 -0.000000
vn -1.000000 0.000000 -0.000000
vn -1.000000 0.000000 -0.000000
vn -0.623490 0.000000 0.781831
vn -0.623490 0.000000 0.781831
vn -0.623490 0.000000 0.781832
vn -0.623490 0.000000 0.781832
vn -0.623490 0.000000 0.781831
vn -0.623490 0.000000 0.781831
vn 0.222521 0.000000 0.974928
vn 0.222521 0.000000 0.974928
vn 0.222521 0.000000 0.974928
vn 0.222521 0.000000 0.974928
vn 0.222521 0.000000 0.974928
vn 0.222521 0.000000 0.974928
vn 0.900969 0.000000 0.433884
vn 0.900969 0.000000 0.433884
vn 0.900969 0.000000 0.433884
vn 0.900969 0.000000 0.433884
vn 0.900969 0.000000 0.433884
vn 0.900969 0.000000 0.433884
vn 0.900969 0.000000 -0.433884
vn 0.900969 0.000000 -0.433884
vn 0.900969 0.000000 -0.433884
vn 0.900969 0.000000 -0.433884
vn 0.900969 0.000000 -0.433884
vn 0.900969 0.000000 -0.433884
vn 0.222521 0.000000 -0.974928
vn 0.222521 0.000000 -0.974928
vn 0.222521 0.000000 -0.974928
vn 0.222521 0.000000 -0.974928
vn 0.222521 0.000000 -0.974928
vn 0.222521 0.000000 -0.974928
vn -0.623490 0.000000 -0.781832
vn -0.623490 0.000000 -0.781832
vn -0.623490 0.000000 -0.781832
vn -0.623490 0.000000 -0.781832
vn -0.623490 0.000000 -0.781832
vn -0.623490 0.000000 -0.781832
vn -1.000000 0.000000 -0.000000
vn -1.000000 0.000000 -0.000000
vn -1.000000 0.000000 -0.000000
vn -1.000000 0.000000 -0.000000
vn -1.000000 0.000000 -0.000000
vn -1.000000 0.000000 -0.000000
vn -0.623490 0.000000 0.781832
vn -0.623490 0.000000 0.781831
vn -0.623490 0.000000 0.781832
vn -0.623490 0.000000 0.781832
vn -0.623490 0.000000 0.781831
vn -0.623490 0.000000 0.781831
vn 0.222521 0.000000 0.974928
vn 0.222521 0.000000 0.974928
vn 0.222521 0.000000 0.974928
vn 0.222521 0.000000 0.974928
vn 0.222521 0.000000 0.974928
vn 0.222521 0.000000 0.974928
vn 0.900969 0.000000 0.433884
vn 0.900969 0.000000 0.433884
vn 0.900969 0.000000 0.433884
vn 0.900969 0.000000 0.433884
vn 0.900969 0.000000 0.433884
vn 0.900969 0.000000 0.433884
vn 0.900969 0.000000 -0.433884
vn 0.900969 0.000000 -0.433884
vn 0.900969 0.000000 -0.433884
vn 0.900969 0.000000 -0.433884
vn 0.900969 0.000000 -0.433884
vn 0.900969 0.000000 -0.433884
vn 0.222521 0.000000 -0.974928
vn 0.222521 0.000000 -0.974928
vn 0.222521 0.000000 -0.974928
vn 0.222521 0.000000 -0.974928
vn 0.222521 0.000000 -0.974928
vn 0.222521 0.000000 -0.974928
vn -0.623490 0.000000 -0.781832
vn -0.623490 0.000000 -0.781832
vn -0.623490 0.000000 -0.781832
vn -0.623490 0.000000 -0.781832
vn -0.623490 0.000000 -0.781832
vn -0.623490 0.000000 -0.781832
vn -1.000000 0.000000 -0.000000
vn -1.000000 0.000000 -0.000000
vn -1.000000 0.000000 -0.000000
vn -1.000000 0.000000 -0.000000
vn -1.000000 0.000000 -0.000000
vn -1.000000 0.000000 -0.000000
vn -0.623490 0.000000 0.781832
vn -0.623490 0.000000 0.781831
vn -0.623490 0.000000 0.781831
vn -0.623490 0.000000 0.781831
vn -0.623490 0.000000 0.781831
vn -0.623490 0.000000 0.781831
vn 0.222521 0.000000 0.974928
vn 0.222521 0.000000 0.974928
vn 0.222521 0.000000 0.974928
vn 0.222521 0.000000 0.974928
vn 0.222521 0.000000 0.974928
vn 0.222521 0.000000 0.974928
vn 0.900969 0.000000 0.433884
vn 0.900969 0.000000 0.433884
vn 0.900969 0.000000 0.433884
vn 0.900969 0.000000 0.433884
vn 0.900969 0.000000 0.433884
vn 0.900969 0.000000 0.433884
vn 0.900969 0.000000 -0.433884
vn 0.900969 0.000000 -0.433884
vn 0.900969 0.000000 -0.433884
vn 0.900969 0.000000 -0.433884
vn 0.900969 0.000000 -0.433884
vn 0.900969 0.000000 -0.433884
vn 0.222521 0.000000 -0.974928
vn 0.222521 0.000000 -0.974928
vn 0.222866 -0.003271 -0.974844
vn 0.222866 -0.003271 -0.974844
vn 0.222521 0.000000 -0.974928
vn 0.222520 -0.002817 -0.974924
vn -0.623490 0.000000 -0.781832
vn -0.623490 0.000000 -0.781832
vn -0.624052 0.009806 -0.781321
vn -0.624052 0.009806 -0.781321
vn -0.623490 0.000000 -0.781832
vn -0.623466 0.008636 -0.781802
vn -1.000000 0.000000 -0.000000
vn -1.000000 0.000000 -0.000000
vn -0.999882 0.015360 -0.000000
vn -0.999882 0.015360 -0.000000
vn -1.000000 0.000000 -0.000000
vn -0.999882 0.015360 -0.000000
vn -0.623490 0.000000 0.781831
vn -0.623490 0.000000 0.781831
vn -0.623467 0.008636 0.781802
vn -0.623467 0.008636 0.781802
vn -0.623490 0.000000 0.781831
vn -0.624053 0.009806 0.781321
vn 0.222521 0.000000 0.974928
vn 0.222521 0.000000 0.974928
vn 0.222520 -0.002817 0.974924
vn 0.222520 -0.002817 0.974924
vn 0.222521 0.000000 0.974928
vn 0.222866 -0.003271 0.974844
vn 0.900969 0.000000 0.433884
vn 0.900969 0.000000 0.433884
vn 0.900911 -0.011365 0.433856
vn 0.900911 -0.011365 0.433856
vn 0.900969 0.000000 0.433884
vn 0.901170 -0.012023 0.433299
vn 0.900969 0.000000 -0.433884
vn 0.900969 0.000000 -0.433884
vn 0.901170 -0.012023 -0.433299
vn 0.901170 -0.012023 -0.433299
vn 0.900969 0.000000 -0.433884
vn 0.900911 -0.011365 -0.433856
vn 0.222520 -0.002817 -0.974924
vn 0.221836 -0.014000 -0.974983
vn 0.222866 -0.003271 -0.974844
vn 0.222866 -0.003271 -0.974844
vn 0.221836 -0.014000 -0.974983
vn 0.219830 -0.036149 -0.974868
vn -0.623466 0.008636 -0.781802
vn -0.620446 0.054862 -0.782328
vn -0.624052 0.009806 -0.781321
vn -0.624052 0.009806 -0.781321
vn -0.620446 0.054862 -0.782328
vn -0.616056 0.098497 -0.781520
vn -0.999882 0.015360 -0.000000
vn -0.999882 0.015360 -0.000000
vn -0.991458 0.130424 -0.000000
vn -0.991458 0.130424 -0.000000
vn -0.999882 0.015360 -0.000000
vn -0.991458 0.130424 -0.000000
vn -0.623467 0.008636 0.781802
vn -0.624053 0.009806 0.781321
vn -0.620446 0.054862 0.782328
vn -0.620446 0.054862 0.782328
vn -0.624053 0.009806 0.781321
vn -0.616056 0.098497 0.781520
vn 0.222520 -0.002817 0.974924
vn 0.222866 -0.003271 0.974844
vn 0.221836 -0.014000 0.974983
vn 0.221836 -0.014000 0.974983
vn 0.222866 -0.003271 0.974844
vn 0.219830 -0.036149 0.974868
vn 0.900911 -0.011365 0.433856
vn 0.901170 -0.012023 0.433299
vn 0.895686 -0.094506 0.434528
vn 0.895686 -0.094506 0.434528
vn 0.901170 -0.012023 0.433299
vn 0.892239 -0.125548 0.433760
vn 0.900911 -0.011365 -0.433856
vn 0.895686 -0.094506 -0.434528
vn 0.901170 -0.012023 -0.433299
vn 0.901170 -0.012023 -0.433299
vn 0.895686 -0.094506 -0.434528
vn 0.892239 -0.125548 -0.433760
vn 0.221836 -0.014000 -0.974983
vn 0.216502 -0.055064 -0.974728
vn 0.219830 -0.036149 -0.974868
vn 0.219830 -0.036149 -0.974868
vn 0.216502 -0.055064 -0.974728
vn 0.203391 -0.092167 -0.974750
vn -0.620446 0.054862 -0.782328
vn -0.599886 0.172425 -0.781285
vn -0.616056 0.098497 -0.781520
vn -0.616056 0.098497 -0.781520
vn -0.599886 0.172425 -0.781285
vn -0.574833 0.243266 -0.781274
vn -0.991458 0.130424 -0.000000
vn -0.991458 0.130424 -0.000000
vn -0.942820 0.333303 -0.000000
vn -0.942820 0.333303 -0.000000
vn -0.991458 0.130424 -0.000000
vn -0.942820 0.333303 -0.000000
vn -0.620446 0.054862 0.782328
vn -0.616056 0.098497 0.781520
vn -0.599886 0.172425 0.781285
vn -0.599886 0.172425 0.781285
vn -0.616056 0.098497 0.781520
vn -0.574833 0.243266 0.781274
vn 0.221836 -0.014000 0.974983
vn 0.219830 -0.036149 0.974868
vn 0.216502 -0.055064 0.974728
vn 0.216502 -0.055064 0.974728
vn 0.219830 -0.036149 0.974868
vn 0.203391 -0.092167 0.974750
vn 0.895686 -0.094506 0.434528
vn 0.892239 -0.125548 0.433760
vn 0.857919 -0.275410 0.433734
vn 0.857919 -0.275410 0.433734
vn 0.892239 -0.125548 0.433760
vn 0.839914 -0.326241 0.433718
vn 0.895686 -0.094506 -0.434528
vn 0.857919 -0.275410 -0.433734
vn 0.892239 -0.125548 -0.433760
vn 0.892239 -0.125548 -0.433760
vn 0.857919 -0.275410 -0.433734
vn 0.839914 -0.326241 -0.433718
vn 0.216502 -0.055064 -0.974728
vn 0.198584 -0.102315 -0.974729
vn 0.203391 -0.092167 -0.974750
vn 0.203391 -0.092167 -0.974750
vn 0.198584 -0.102315 -0.974729
vn 0.176773 -0.136616 -0.974724
vn -0.599886 0.172425 -0.781285
vn -0.544631 0.304741 -0.781351
vn -0.574833 0.243266 -0.781274
vn -0.574833 0.243266 -0.781274
vn -0.544631 0.304741 -0.781351
vn -0.505706 0.365864 -0.781285
vn -0.942820 0.333303 -0.000000
vn -0.942820 0.333303 -0.000000
vn -0.843870 0.536548 -0.000000
vn -0.843870 0.536548 -0.000000
vn -0.942820 0.333303 -0.000000
vn -0.843870 0.536548 -0.000000
vn -0.599886 0.172425 0.781285
vn -0.574833 0.243266 0.781274
vn -0.544631 0.304741 0.781351
vn -0.544631 0.304741 0.781351
vn -0.574833 0.243266 0.781274
vn -0.505706 0.365864 0.781284
vn 0.216502 -0.055064 0.974728
vn 0.203391 -0.092167 0.974750
vn 0.198584 -0.102315 0.974729
vn 0.198584 -0.102315 0.974729
vn 0.203391 -0.092167 0.974750
vn 0.176773 -0.136616 0.974724
vn 0.857919 -0.275410 0.433734
vn 0.839914 -0.326241 0.433718
vn 0.772828 -0.463237 0.433762
vn 0.772828 -0.463237 0.433762
vn 0.839914 -0.326241 0.433718
vn 0.745945 -0.505412 0.433734
vn 0.857919 -0.275410 -0.433734
vn 0.772828 -0.463237 -0.433762
vn 0.839914 -0.326241 -0.433718
vn 0.839914 -0.326241 -0.433718
vn 0.772828 -0.463237 -0.433762
vn 0.745945 -0.505412 -0.433734
vn 0.198584 -0.102315 -0.974729
vn 0.169889 -0.144941 -0.974746
vn 0.176773 -0.136616 -0.974724
vn 0.176773 -0.136616 -0.974724
vn 0.169889 -0.144941 -0.974746
vn 0.141816 -0.172591 -0.974731
vn -0.544631 0.304741 -0.781351
vn -0.459153 0.422481 -0.781466
vn -0.505706 0.365864 -0.781285
vn -0.505706 0.365864 -0.781285
vn -0.459153 0.422481 -0.781466
vn -0.413141 0.467716 -0.781381
vn -0.843870 0.536548 -0.000000
vn -0.843870 0.536548 -0.000000
vn -0.701798 0.712376 -0.000001
vn -0.701798 0.712376 -0.000001
vn -0.843870 0.536548 -0.000000
vn -0.701798 0.712376 -0.000001
vn -0.544631 0.304741 0.781351
vn -0.505706 0.365864 0.781284
vn -0.459153 0.422481 0.781465
vn -0.459153 0.422481 0.781465
vn -0.505706 0.365864 0.781284
vn -0.413141 0.467716 0.781381
vn 0.198584 -0.102315 0.974729
vn 0.176773 -0.136616 0.974724
vn 0.169888 -0.144940 0.974746
vn 0.169888 -0.144940 0.974746
vn 0.176773 -0.136616 0.974724
vn 0.141816 -0.172591 0.974731
vn 0.772828 -0.463237 0.433762
vn 0.745945 -0.505412 0.433734
vn 0.646134 -0.627956 0.433800
vn 0.646134 -0.627956 0.433800
vn 0.745945 -0.505412 0.433734
vn 0.615896 -0.657658 0.433771
vn 0.772828 -0.463237 -0.433762
vn 0.646134 -0.627956 -0.433800
vn 0.745945 -0.505412 -0.433734
vn 0.745945 -0.505412 -0.433734
vn 0.646134 -0.627956 -0.433800
vn 0.615896 -0.657658 -0.433771
vn 0.169889 -0.144941 -0.974746
vn 0.131648 -0.180230 -0.974775
vn 0.141816 -0.172591 -0.974731
vn 0.141816 -0.172591 -0.974731
vn 0.131648 -0.180230 -0.974775
vn 0.100981 -0.199051 -0.974773
vn -0.459153 0.422481 -0.781466
vn -0.347983 0.517721 -0.781584
vn -0.413141 0.467716 -0.781381
vn -0.413141 0.467716 -0.781381
vn -0.347983 0.517721 -0.781584
vn -0.304204 0.544492 -0.781657
vn -0.701798 0.712376 -0.000001
vn -0.701798 0.712376 -0.000001
vn -0.526096 0.850425 -0.000000
vn -0.526096 0.850425 -0.000000
vn -0.701798 0.712376 -0.000001
vn -0.526096 0.850425 0.000000
vn -0.459153 0.422481 0.781465
vn -0.413141 0.467716 0.781381
vn -0.347983 0.517722 0.781583
vn -0.347983 0.517722 0.781583
vn -0.413141 0.467716 0.781381
vn -0.304204 0.544493 0.781657
vn 0.169888 -0.144940 0.974746
vn 0.141816 -0.172591 0.974731
vn 0.131648 -0.180230 0.974775
vn 0.131648 -0.180230 0.974775
vn 0.141816 -0.172591 0.974731
vn 0.100981 -0.199051 0.974773
vn 0.646134 -0.627956 0.433800
vn 0.615896 -0.657658 0.433771
vn 0.483977 -0.759966 0.433840
vn 0.483977 -0.759966 0.433840
vn 0.615896 -0.657658 0.433771
vn 0.456447 -0.776724 0.433999
vn 0.646134 -0.627956 -0.433800
vn 0.483977 -0.759966 -0.433840
vn 0.615896 -0.657658 -0.433771
vn 0.615896 -0.657658 -0.433771
vn 0.483977 -0.759966 -0.433840
vn 0.456447 -0.776724 -0.433999
vn 0.131648 -0.180230 -0.974775
vn 0.091472 -0.203385 -0.974817
vn 0.100981 -0.199051 -0.974773
vn 0.100981 -0.199051 -0.974773
vn 0.091472 -0.203385 -0.974817
vn 0.080944 -0.207303 -0.974922
vn -0.347983 0.517721 -0.781584
vn -0.249187 0.572254 -0.781301
vn -0.304204 0.544492 -0.781657
vn -0.304204 0.544492 -0.781657
vn -0.249187 0.572254 -0.781301
vn -0.236281 0.577186 -0.781682
vn -0.526096 0.850425 -0.000000
vn -0.526096 0.850425 0.000000
vn -0.390738 0.920502 0.000000
vn -0.390738 0.920502 0.000000
vn -0.526096 0.850425 0.000000
vn -0.390738 0.920502 0.000000
vn -0.347983 0.517722 0.781583
vn -0.304204 0.544493 0.781657
vn -0.249187 0.572254 0.781301
vn -0.249187 0.572254 0.781301
vn -0.304204 0.544493 0.781657
vn -0.236281 0.577186 0.781682
vn 0.131648 -0.180230 0.974775
vn 0.100981 -0.199051 0.974773
vn 0.091472 -0.203385 0.974817
vn 0.091472 -0.203385 0.974817
vn 0.100981 -0.199051 0.974773
vn 0.080944 -0.207303 0.974922
vn 0.483977 -0.759966 0.433840
vn 0.456447 -0.776724 0.433999
vn 0.351136 -0.829991 0.433380
vn 0.351136 -0.829991 0.433380
vn 0.456447 -0.776724 0.433999
vn 0.343609 -0.832980 0.433679
vn 0.483977 -0.759966 -0.433840
vn 0.351136 -0.829991 -0.433381
vn 0.456447 -0.776724 -0.433999
vn 0.456447 -0.776724 -0.433999
vn 0.351136 -0.829991 -0.433381
vn 0.343609 -0.832979 -0.433680
vn 0.091472 -0.203385 -0.974817
vn 0.077807 -0.208475 -0.974928
vn 0.080944 -0.207303 -0.974922
vn 0.080944 -0.207303 -0.974922
vn 0.077807 -0.208475 -0.974928
vn 0.077807 -0.208475 -0.974928
vn -0.249187 0.572254 -0.781301
vn -0.218010 0.584133 -0.781831
vn -0.236281 0.577186 -0.781682
vn -0.236281 0.577186 -0.781682
vn -0.218010 0.584133 -0.781831
vn -0.218010 0.584133 -0.781831
vn -0.390738 0.920502 0.000000
vn -0.390738 0.920502 0.000000
vn -0.349660 0.936877 0.000000
vn -0.349660 0.936877 0.000000
vn -0.390738 0.920502 0.000000
vn -0.349660 0.936877 0.000000
vn -0.249187 0.572254 0.781301
vn -0.236281 0.577186 0.781682
vn -0.218010 0.584133 0.781831
vn -0.218010 0.584133 0.781831
vn -0.236281 0.577186 0.781682
vn -0.218010 0.584133 0.781831
vn 0.091472 -0.203385 0.974817
vn 0.080944 -0.207303 0.974922
vn 0.077807 -0.208475 0.974928
vn 0.077807 -0.208475 0.974928
vn 0.080944 -0.207303 0.974922
vn 0.077807 -0.208475 0.974928
vn 0.351136 -0.829991 0.433380
vn 0.343609 -0.832980 0.433679
vn 0.315033 -0.844097 0.433884
vn 0.315033 -0.844097 0.433884
vn 0.343609 -0.832980 0.433679
vn 0.315033 -0.844097 0.433884
vn 0.351136 -0.829991 -0.433381
vn 0.315033 -0.844097 -0.433884
vn 0.343609 -0.832979 -0.433680
vn 0.343609 -0.832979 -0.433680
vn 0.315033 -0.844097 -0.433884
vn 0.315033 -0.844097 -0.433884
vn 0.077807 -0.208475 -0.974928
vn 0.077807 -0.208475 -0.974928
vn 0.077807 -0.208475 -0.974928
vn 0.077807 -0.208475 -0.974928
vn 0.077807 -0.208475 -0.974928
vn 0.077807 -0.208475 -0.974928
vn -0.218010 0.584133 -0.781831
vn -0.218010 0.584133 -0.781831
vn -0.218010 0.584133 -0.781831
vn -0.218010 0.584133 -0.781831
vn -0.218010 0.584133 -0.781831
vn -0.218009 0.584133 -0.781832
vn -0.349660 0.936877 0.000000
vn -0.349660 0.936877 0.000000
vn -0.349660 0.936877 0.000000
vn -0.349660 0.936877 0.000000
vn -0.349660 0.936877 0.000000
vn -0.349660 0.936877 0.000000
vn -0.218010 0.584133 0.781831
vn -0.218010 0.584133 0.781831
vn -0.218010 0.584133 0.781831
vn -0.218010 0.584133 0.781831
vn -0.218010 0.584133 0.781831
vn -0.218010 0.584133 0.781831
vn 0.077807 -0.208475 0.974928
vn 0.077807 -0.208475 0.974928
vn 0.077807 -0.208475 0.974928
vn 0.077807 -0.208475 0.974928
vn 0.077807 -0.208475 0.974928
vn 0.077807 -0.208475 0.974928
vn 0.315033 -0.844097 0.433884
vn 0.315033 -0.844097 0.433884
vn 0.315033 -0.844097 0.433884
vn 0.315033 -0.844097 0.433884
vn 0.315033 -0.844097 0.433884
vn 0.315033 -0.844096 0.433884
vn 0.315033 -0.844097 -0.433884
vn 0.315033 -0.844096 -0.433884
vn 0.315033 -0.844097 -0.433884
vn 0.315033 -0.844097 -0.433884
vn 0.315033 -0.844096 -0.433884
vn 0.315033 -0.844096 -0.433884
vn 0.936877 0.349660 -0.000001
vn 0.936877 0.349658 0.000001
vn 0.936879 0.349654 -0.000009
vn 0.936879 0.349654 -0.000009
vn 0.936877 0.349658 0.000001
vn 0.936880 0.349651 -0.000001
vn 0.936877 0.349660 -0.000001
vn 0.936877 0.349659 0.000005
vn 0.936877 0.349658 0.000001
vn 0.936877 0.349658 0.000001
vn 0.936877 0.349659 0.000005
vn 0.936877 0.349658 0.000004
vn 0.936877 0.349659 0.000005
vn 0.936879 0.349654 -0.000005
vn 0.936877 0.349658 0.000004
vn 0.936877 0.349658 0.000004
vn 0.936879 0.349654 -0.000005
vn 0.936874 0.349666 -0.000005
vn 0.936877 0.349658 -0.000002
vn 0.936878 0.349657 -0.000003
vn 0.936879 0.349654 -0.000005
vn 0.936879 0.349654 -0.000005
vn 0.936878 0.349657 -0.000003
vn 0.936874 0.349666 -0.000005
vn 0.936877 0.349658 -0.000002
vn 0.936877 0.349658 0.000011
vn 0.936878 0.349657 -0.000003
vn 0.936878 0.349657 -0.000003
vn 0.936877 0.349658 0.000011
vn 0.936879 0.349654 0.000004
vn 0.936877 0.349658 0.000011
vn 0.936870 0.349679 0.000000
vn 0.936879 0.349654 0.000004
vn 0.936879 0.349654 0.000004
vn 0.936870 0.349679 0.000000
vn 0.936873 0.349670 0.000000
vn 0.936879 0.349654 -0.000009
vn 0.936880 0.349651 -0.000001
vn 0.936870 0.349679 0.000000
vn 0.936870 0.349679 0.000000
vn 0.936880 0.349651 -0.000001
vn 0.936873 0.349670 0.000000
vn 0.936877 0.349658 0.000001
vn 0.936881 0.349649 0.000007
vn 0.936880 0.349651 -0.000001
vn 0.936880 0.349651 -0.000001
vn 0.936881 0.349649 0.000007
vn 0.936879 0.349654 0.000000
vn 0.936877 0.349658 0.000001
vn 0.936877 0.349658 0.000004
vn 0.936881 0.349649 0.000007
vn 0.936881 0.349649 0.000007
vn 0.936877 0.349658 0.000004
vn 0.936873 0.349671 -0.000004
vn 0.936877 0.349658 0.000004
vn 0.936874 0.349666 -0.000005
vn 0.936873 0.349671 -0.000004
vn 0.936873 0.349671 -0.000004
vn 0.936874 0.349666 -0.000005
vn 0.936878 0.349657 0.000002
vn 0.936878 0.349657 -0.000003
vn 0.936879 0.349655 -0.000004
vn 0.936874 0.349666 -0.000005
vn 0.936874 0.349666 -0.000005
vn 0.936879 0.349655 -0.000004
vn 0.936878 0.349657 0.000002
vn 0.936878 0.349657 -0.000003
vn 0.936879 0.349654 0.000004
vn 0.936879 0.349655 -0.000004
vn 0.936879 0.349655 -0.000004
vn 0.936879 0.349654 0.000004
vn 0.936879 0.349653 0.000002
vn 0.936879 0.349654 0.000004
vn 0.936873 0.349670 0.000000
vn 0.936879 0.349653 0.000002
vn 0.936879 0.349653 0.000002
vn 0.936873 0.349670 0.000000
vn 0.936876 0.349662 0.000001
vn 0.936880 0.349651 -0.000001
vn 0.936879 0.349654 0.000000
vn 0.936873 0.349670 0.000000
vn 0.936873 0.349670 0.000000
vn 0.936879 0.349654 0.000000
vn 0.936876 0.349662 0.000001
vn 0.936881 0.349649 0.000007
vn 0.936877 0.349659 -0.000006
vn 0.936879 0.349654 0.000000
vn 0.936879 0.349654 0.000000
vn 0.936877 0.349659 -0.000006
vn 0.936877 0.349658 -0.000003
vn 0.936881 0.349649 0.000007
vn 0.936873 0.349671 -0.000004
vn 0.936877 0.349659 -0.000006
vn 0.936877 0.349659 -0.000006
vn 0.936873 0.349671 -0.000004
vn 0.936876 0.349661 -0.000003
vn 0.936873 0.349671 -0.000004
vn 0.936878 0.349657 0.000002
vn 0.936876 0.349661 -0.000003
vn 0.936876 0.349661 -0.000003
vn 0.936878 0.349657 0.000002
vn 0.936870 0.349678 0.000002
vn 0.936879 0.349655 -0.000004
vn 0.936878 0.349657 0.000003
vn 0.936878 0.349657 0.000002
vn 0.936878 0.349657 0.000002
vn 0.936878 0.349657 0.000003
vn 0.936870 0.349678 0.000002
vn 0.936879 0.349655 -0.000004
vn 0.936879 0.349653 0.000002
vn 0.936878 0.349657 0.000003
vn 0.936878 0.349657 0.000003
vn 0.936879 0.349653 0.000002
vn 0.936879 0.349655 0.000004
vn 0.936879 0.349653 0.000002
vn 0.936876 0.349662 0.000001
vn 0.936879 0.349655 0.000004
vn 0.936879 0.349655 0.000004
vn 0.936876 0.349662 0.000001
vn 0.936878 0.349657 0.000001
vn 0.936879 0.349654 0.000000
vn 0.936877 0.349658 -0.000003
vn 0.936876 0.349662 0.000001
vn 0.936876 0.349662 0.000001
vn 0.936877 0.349658 -0.000003
vn 0.936878 0.349657 0.000001
vn 0.936877 0.349659 -0.000006
vn 0.936877 0.349660 0.000002
vn 0.936877 0.349658 -0.000003
vn 0.936877 0.349658 -0.000003
vn 0.936877 0.349660 0.000002
vn 0.936872 0.349672 0.000001
vn 0.936877 0.349659 -0.000006
vn 0.936876 0.349661 -0.000003
vn 0.936877 0.349660 0.000002
vn 0.936877 0.349660 0.000002
vn 0.936876 0.349661 -0.000003
vn 0.936881 0.349649 -0.000003
vn 0.936876 0.349661 -0.000003
vn 0.936870 0.349678 0.000002
vn 0.936881 0.349649 -0.000003
vn 0.936881 0.349649 -0.000003
vn 0.936870 0.349678 0.000002
vn 0.936872 0.349672 0.000003
vn 0.936878 0.349657 0.000003
vn 0.936878 0.349657 -0.000002
vn 0.936870 0.349678 0.000002
vn 0.936870 0.349678 0.000002
vn 0.936878 0.349657 -0.000002
vn 0.936872 0.349672 0.000003
vn 0.936878 0.349657 0.000003
vn 0.936879 0.349655 0.000004
vn 0.936878 0.349657 -0.000002
vn 0.936878 0.349657 -0.000002
vn 0.936879 0.349655 0.000004
vn 0.936870 0.349677 -0.000002
vn 0.936879 0.349655 0.000004
vn 0.936878 0.349657 0.000001
vn 0.936870 0.349677 -0.000002
vn 0.936870 0.349677 -0.000002
vn 0.936878 0.349657 0.000001
vn 0.936881 0.349648 0.000000
vn 0.936877 0.349658 -0.000003
vn 0.936872 0.349672 0.000001
vn 0.936878 0.349657 0.000001
vn 0.936878 0.349657 0.000001
vn 0.936872 0.349672 0.000001
vn 0.936881 0.349648 0.000000
vn 0.936877 0.349660 0.000002
vn 0.936877 0.349659 0.000007
vn 0.936872 0.349672 0.000001
vn 0.936872 0.349672 0.000001
vn 0.936877 0.349659 0.000007
vn 0.936877 0.349658 0.000000
vn 0.936877 0.349660 0.000002
vn 0.936881 0.349649 -0.000003
vn 0.936877 0.349659 0.000007
vn 0.936877 0.349659 0.000007
vn 0.936881 0.349649 -0.000003
vn 0.936881 0.349649 -0.000002
vn 0.936881 0.349649 -0.000003
vn 0.936872 0.349672 0.000003
vn 0.936881 0.349649 -0.000002
vn 0.936881 0.349649 -0.000002
vn 0.936872 0.349672 0.000003
vn 0.936875 0.349665 0.000002
vn 0.936878 0.349657 -0.000002
vn 0.936879 0.349655 -0.000008
vn 0.936872 0.349672 0.000003
vn 0.936872 0.349672 0.000003
vn 0.936879 0.349655 -0.000008
vn 0.936875 0.349665 0.000002
vn 0.936878 0.349657 -0.000002
vn 0.936870 0.349677 -0.000002
vn 0.936879 0.349655 -0.000008
vn 0.936879 0.349655 -0.000008
vn 0.936870 0.349677 -0.000002
vn 0.936876 0.349662 0.000000
vn 0.936870 0.349677 -0.000002
vn 0.936881 0.349648 0.000000
vn 0.936876 0.349662 0.000000
vn 0.936876 0.349662 0.000000
vn 0.936881 0.349648 0.000000
vn 0.936873 0.349671 0.000000
vn 0.936872 0.349672 0.000001
vn 0.936877 0.349658 0.000000
vn 0.936881 0.349648 0.000000
vn 0.936881 0.349648 0.000000
vn 0.936877 0.349658 0.000000
vn 0.936873 0.349671 0.000000
vn 0.936877 0.349659 0.000007
vn 0.936876 0.349662 -0.000001
vn 0.936877 0.349658 0.000000
vn 0.936877 0.349658 0.000000
vn 0.936876 0.349662 -0.000001
vn 0.936876 0.349663 -0.000002
vn 0.936877 0.349659 0.000007
vn 0.936881 0.349649 -0.000002
vn 0.936876 0.349662 -0.000001
vn 0.936876 0.349662 -0.000001
vn 0.936881 0.349649 -0.000002
vn 0.936882 0.349647 -0.000002
vn 0.936881 0.349649 -0.000002
vn 0.936875 0.349665 0.000002
vn 0.936882 0.349647 -0.000002
vn 0.936882 0.349647 -0.000002
vn 0.936875 0.349665 0.000002
vn 0.936877 0.349660 0.000002
vn 0.936879 0.349655 -0.000008
vn 0.936877 0.349660 -0.000001
vn 0.936875 0.349665 0.000002
vn 0.936875 0.349665 0.000002
vn 0.936877 0.349660 -0.000001
vn 0.936877 0.349660 0.000002
vn 0.936879 0.349655 -0.000008
vn 0.936876 0.349662 0.000000
vn 0.936877 0.349660 -0.000001
vn 0.936877 0.349660 -0.000001
vn 0.936876 0.349662 0.000000
vn 0.936878 0.349657 0.000002
vn 0.936876 0.349662 0.000000
vn 0.936873 0.349671 0.000000
vn 0.936878 0.349657 0.000002
vn 0.936878 0.349657 0.000002
vn 0.936873 0.349671 0.000000
vn 0.936875 0.349666 0.000000
vn 0.936877 0.349658 0.000000
vn 0.936876 0.349663 -0.000002
vn 0.936873 0.349671 0.000000
vn 0.936873 0.349671 0.000000
vn 0.936876 0.349663 -0.000002
vn 0.936875 0.349666 0.000000
vn 0.936876 0.349662 -0.000001
vn 0.936876 0.349661 0.000007
vn 0.936876 0.349663 -0.000002
vn 0.936876 0.349663 -0.000002
vn 0.936876 0.349661 0.000007
vn 0.936878 0.349657 -0.000001
vn 0.936876 0.349662 -0.000001
vn 0.936882 0.349647 -0.000002
vn 0.936876 0.349661 0.000007
vn 0.936876 0.349661 0.000007
vn 0.936882 0.349647 -0.000002
vn 0.936877 0.349660 0.000001
vn 0.936882 0.349647 -0.000002
vn 0.936877 0.349660 0.000002
vn 0.936877 0.349660 0.000001
vn 0.936877 0.349660 0.000001
vn 0.936877 0.349660 0.000002
vn 0.936875 0.349666 0.000000
vn 0.936877 0.349660 -0.000001
vn 0.936876 0.349661 -0.000004
vn 0.936877 0.349660 0.000002
vn 0.936877 0.349660 0.000002
vn 0.936876 0.349661 -0.000004
vn 0.936875 0.349666 0.000000
vn 0.936877 0.349660 -0.000001
vn 0.936878 0.349657 0.000002
vn 0.936876 0.349661 -0.000004
vn 0.936876 0.349661 -0.000004
vn 0.936878 0.349657 0.000002
vn 0.936880 0.349652 0.000000
vn 0.936878 0.349657 0.000002
vn 0.936875 0.349666 0.000000
vn 0.936880 0.349652 0.000000
vn 0.936880 0.349652 0.000000
vn 0.936875 0.349666 0.000000
vn 0.936877 0.349660 0.000000
vn 0.936876 0.349663 -0.000002
vn 0.936878 0.349657 -0.000001
vn 0.936875 0.349666 0.000000
vn 0.936875 0.349666 0.000000
vn 0.936878 0.349657 -0.000001
vn 0.936877 0.349660 0.000000
vn 0.936876 0.349661 0.000007
vn 0.936875 0.349665 -0.000003
vn 0.936878 0.349657 -0.000001
vn 0.936878 0.349657 -0.000001
vn 0.936875 0.349665 -0.000003
vn 0.936877 0.349658 -0.000003
vn 0.936876 0.349661 0.000007
vn 0.936877 0.349660 0.000001
vn 0.936875 0.349665 -0.000003
vn 0.936875 0.349665 -0.000003
vn 0.936877 0.349660 0.000001
vn 0.936879 0.349655 0.000005
vn 0.936877 0.349660 0.000001
vn 0.936875 0.349666 0.000000
vn 0.936879 0.349655 0.000005
vn 0.936879 0.349655 0.000005
vn 0.936875 0.349666 0.000000
vn 0.936879 0.349655 -0.000004
vn 0.936876 0.349661 -0.000004
vn 0.936879 0.349653 0.000007
vn 0.936875 0.349666 0.000000
vn 0.936875 0.349666 0.000000
vn 0.936879 0.349653 0.000007
vn 0.936879 0.349655 -0.000004
vn 0.936876 0.349661 -0.000004
vn 0.936880 0.349652 0.000000
vn 0.936879 0.349653 0.000007
vn 0.936879 0.349653 0.000007
vn 0.936880 0.349652 0.000000
vn 0.936877 0.349659 0.000001
vn 0.936880 0.349652 0.000000
vn 0.936877 0.349660 0.000000
vn 0.936877 0.349659 0.000001
vn 0.936877 0.349659 0.000001
vn 0.936877 0.349660 0.000000
vn 0.936877 0.349659 0.000000
vn 0.936878 0.349657 -0.000001
vn 0.936877 0.349658 -0.000003
vn 0.936877 0.349660 0.000000
vn 0.936877 0.349660 0.000000
vn 0.936877 0.349658 -0.000003
vn 0.936877 0.349659 0.000000
vn 0.936875 0.349665 -0.000003
vn 0.936876 0.349661 -0.000001
vn 0.936877 0.349658 -0.000003
vn 0.936877 0.349658 -0.000003
vn 0.936876 0.349661 -0.000001
vn 0.936874 0.349667 0.000002
vn 0.936875 0.349665 -0.000003
vn 0.936879 0.349655 0.000005
vn 0.936876 0.349661 -0.000001
vn 0.936876 0.349661 -0.000001
vn 0.936879 0.349655 0.000005
vn 0.936876 0.349661 0.000001
vn 0.936879 0.349655 0.000005
vn 0.936879 0.349655 -0.000004
vn 0.936876 0.349661 0.000001
vn 0.936876 0.349661 0.000001
vn 0.936879 0.349655 -0.000004
vn 0.936879 0.349654 -0.000001
vn 0.936879 0.349653 0.000007
vn 0.936876 0.349661 0.000003
vn 0.936879 0.349655 -0.000004
vn 0.936879 0.349655 -0.000004
vn 0.936876 0.349661 0.000003
vn 0.936879 0.349654 -0.000001
vn 0.936879 0.349653 0.000007
vn 0.936877 0.349659 0.000001
vn 0.936876 0.349661 0.000003
vn 0.936876 0.349661 0.000003
vn 0.936877 0.349659 0.000001
vn 0.936873 0.349670 -0.000002
vn 0.936877 0.349659 0.000001
vn 0.936877 0.349659 0.000000
vn 0.936873 0.349670 -0.000002
vn 0.936873 0.349670 -0.000002
vn 0.936877 0.349659 0.000000
vn 0.936884 0.349641 0.000000
vn 0.936877 0.349658 -0.000003
vn 0.936874 0.349667 0.000002
vn 0.936877 0.349659 0.000000
vn 0.936877 0.349659 0.000000
vn 0.936874 0.349667 0.000002
vn 0.936884 0.349641 0.000000
vn 0.936876 0.349661 -0.000001
vn 0.936878 0.349657 -0.000001
vn 0.936874 0.349667 0.000002
vn 0.936874 0.349667 0.000002
vn 0.936878 0.349657 -0.000001
vn 0.936878 0.349657 -0.000003
vn 0.936876 0.349661 -0.000001
vn 0.936876 0.349661 0.000001
vn 0.936878 0.349657 -0.000001
vn 0.936878 0.349657 -0.000001
vn 0.936876 0.349661 0.000001
vn 0.936874 0.349668 0.000000
vn 0.936876 0.349661 0.000001
vn 0.936879 0.349654 -0.000001
vn 0.936874 0.349668 0.000000
vn 0.936874 0.349668 0.000000
vn 0.936879 0.349654 -0.000001
vn 0.936876 0.349662 0.000000
vn 0.936876 0.349661 0.000003
vn 0.936877 0.349659 0.000002
vn 0.936879 0.349654 -0.000001
vn 0.936879 0.349654 -0.000001
vn 0.936877 0.349659 0.000002
vn 0.936876 0.349662 0.000000
vn 0.936876 0.349661 0.000003
vn 0.936873 0.349670 -0.000002
vn 0.936877 0.349659 0.000002
vn 0.936877 0.349659 0.000002
vn 0.936873 0.349670 -0.000002
vn 0.936876 0.349661 0.000003
vn 0.936873 0.349670 -0.000002
vn 0.936884 0.349641 0.000000
vn 0.936876 0.349661 0.000003
vn 0.936876 0.349661 0.000003
vn 0.936884 0.349641 0.000000
vn 0.936878 0.349657 0.000000
vn 0.936874 0.349667 0.000002
vn 0.936878 0.349657 -0.000003
vn 0.936884 0.349641 0.000000
vn 0.936884 0.349641 0.000000
vn 0.936878 0.349657 -0.000003
vn 0.936878 0.349657 0.000000
vn 0.936878 0.349657 -0.000001
vn 0.936876 0.349663 -0.000001
vn 0.936878 0.349657 -0.000003
vn 0.936878 0.349657 -0.000003
vn 0.936876 0.349663 -0.000001
vn 0.936876 0.349663 0.000006
vn 0.936878 0.349657 -0.000001
vn 0.936874 0.349668 0.000000
vn 0.936876 0.349663 -0.000001
vn 0.936876 0.349663 -0.000001
vn 0.936874 0.349668 0.000000
vn 0.936876 0.349662 -0.000001
vn 0.936874 0.349668 0.000000
vn 0.936876 0.349662 0.000000
vn 0.936876 0.349662 -0.000001
vn 0.936876 0.349662 -0.000001
vn 0.936876 0.349662 0.000000
vn 0.936872 0.349673 0.000001
vn 0.936877 0.349659 0.000002
vn 0.936874 0.349667 0.000001
vn 0.936876 0.349662 0.000000
vn 0.936876 0.349662 0.000000
vn 0.936874 0.349667 0.000001
vn 0.936872 0.349673 0.000001
vn 0.936877 0.349659 0.000002
vn 0.936876 0.349661 0.000003
vn 0.936874 0.349667 0.000001
vn 0.936874 0.349667 0.000001
vn 0.936876 0.349661 0.000003
vn 0.936873 0.349669 -0.000005
vn 0.936876 0.349661 0.000003
vn 0.936878 0.349657 0.000000
vn 0.936873 0.349669 -0.000005
vn 0.936873 0.349669 -0.000005
vn 0.936878 0.349657 0.000000
vn 0.936875 0.349665 0.000000
vn 0.936878 0.349657 -0.000003
vn 0.936876 0.349663 0.000006
vn 0.936878 0.349657 0.000000
vn 0.936878 0.349657 0.000000
vn 0.936876 0.349663 0.000006
vn 0.936875 0.349665 0.000000
vn 0.936876 0.349663 -0.000001
vn 0.936875 0.349665 0.000003
vn 0.936876 0.349663 0.000006
vn 0.936876 0.349663 0.000006
vn 0.936875 0.349665 0.000003
vn 0.936877 0.349660 -0.000001
vn 0.936876 0.349663 -0.000001
vn 0.936876 0.349662 -0.000001
vn 0.936875 0.349665 0.000003
vn 0.936875 0.349665 0.000003
vn 0.936876 0.349662 -0.000001
vn 0.936875 0.349665 -0.000004
vn 0.936876 0.349662 -0.000001
vn 0.936872 0.349673 0.000001
vn 0.936875 0.349665 -0.000004
vn 0.936875 0.349665 -0.000004
vn 0.936872 0.349673 0.000001
vn 0.936883 0.349642 0.000005
vn 0.936874 0.349667 0.000001
vn 0.936876 0.349663 -0.000002
vn 0.936872 0.349673 0.000001
vn 0.936872 0.349673 0.000001
vn 0.936876 0.349663 -0.000002
vn 0.936883 0.349642 0.000005
vn 0.936874 0.349667 0.000001
vn 0.936873 0.349669 -0.000005
vn 0.936876 0.349663 -0.000002
vn 0.936876 0.349663 -0.000002
vn 0.936873 0.349669 -0.000005
vn 0.936878 0.349656 0.000003
vn 0.936873 0.349669 -0.000005
vn 0.936875 0.349665 0.000000
vn 0.936878 0.349656 0.000003
vn 0.936878 0.349656 0.000003
vn 0.936875 0.349665 0.000000
vn 0.936877 0.349659 0.000000
vn 0.936876 0.349663 0.000006
vn 0.936877 0.349660 -0.000001
vn 0.936875 0.349665 0.000000
vn 0.936875 0.349665 0.000000
vn 0.936877 0.349660 -0.000001
vn 0.936877 0.349659 0.000000
vn 0.936875 0.349665 0.000003
vn 0.936877 0.349660 -0.000004
vn 0.936877 0.349660 -0.000001
vn 0.936877 0.349660 -0.000001
vn 0.936877 0.349660 -0.000004
vn 0.936881 0.349649 0.000003
vn 0.936875 0.349665 0.000003
vn 0.936875 0.349665 -0.000004
vn 0.936877 0.349660 -0.000004
vn 0.936877 0.349660 -0.000004
vn 0.936875 0.349665 -0.000004
vn 0.936869 0.349680 -0.000001
vn 0.936875 0.349665 -0.000004
vn 0.936883 0.349642 0.000005
vn 0.936869 0.349680 -0.000001
vn 0.936869 0.349680 -0.000001
vn 0.936883 0.349642 0.000005
vn 0.936879 0.349655 0.000001
vn 0.936876 0.349663 -0.000002
vn 0.936876 0.349662 0.000005
vn 0.936883 0.349642 0.000005
vn 0.936883 0.349642 0.000005
vn 0.936876 0.349662 0.000005
vn 0.936879 0.349655 0.000001
vn 0.936876 0.349663 -0.000002
vn 0.936878 0.349656 0.000003
vn 0.936876 0.349662 0.000005
vn 0.936876 0.349662 0.000005
vn 0.936878 0.349656 0.000003
vn 0.936880 0.349652 -0.000003
vn 0.936878 0.349656 0.000003
vn 0.936877 0.349659 0.000000
vn 0.936880 0.349652 -0.000003
vn 0.936880 0.349652 -0.000003
vn 0.936877 0.349659 0.000000
vn 0.936875 0.349665 -0.000001
vn 0.936877 0.349660 -0.000001
vn 0.936881 0.349649 0.000003
vn 0.936877 0.349659 0.000000
vn 0.936877 0.349659 0.000000
vn 0.936881 0.349649 0.000003
vn 0.936875 0.349665 -0.000001
vn 0.000000 -1.000000 0.000006
vn 0.000000 -1.000000 -0.000004
vn 0.000000 -1.000000 0.000002
vn 0.000000 -1.000000 -0.000001
vn 0.000000 -1.000000 0.000006
vn 0.000000 -1.000000 0.000002
vn 0.000000 -1.000000 0.000000
vn 0.000000 -1.000000 -0.000001
vn 0.000000 -1.000000 0.000002
vn 0.000000 -1.000000 0.000000
vn 0.000000 -1.000000 0.000000
vn 0.000000 -1.000000 0.000002
vn 0.000000 -1.000000 0.000000
vn 0.000000 -1.000000 0.000000
vn 0.000000 -1.000000 0.000002
vn 0.000000 -1.000000 -0.000013
vn 0.000000 -1.000000 0.000000
vn 0.000000 -1.000000 0.000002
vn 0.000000 -1.000000 -0.000004
vn 0.000000 -1.000000 -0.000013
vn 0.000000 -1.000000 0.000002
vn 0.936881 0.349649 0.000003
vn 0.936877 0.349660 -0.000004
vn 0.936876 0.349661 0.000000
vn 0.936877 0.349660 -0.000004
vn 0.936869 0.349680 -0.000001
vn 0.936876 0.349661 0.000000
vn 0.936869 0.349680 -0.000001
vn 0.936879 0.349655 0.000001
vn 0.936876 0.349661 0.000000
vn 0.936879 0.349655 0.000001
vn 0.936876 0.349662 0.000005
vn 0.936876 0.349661 0.000000
vn 0.936876 0.349662 0.000005
vn 0.936880 0.349652 -0.000003
vn 0.936876 0.349661 0.000000
vn 0.936880 0.349652 -0.000003
vn 0.936875 0.349665 -0.000001
vn 0.936876 0.349661 0.000000
vn 0.936875 0.349665 -0.000001
vn 0.936881 0.349649 0.000003
vn 0.936876 0.349661 0.000000
s off
g item_bomb:group1pCylinder3
usemtl item_bomb:initialShadingGroup
f 100/135/583 101/136/584 107/137/585
f 107/137/586 101/136/587 108/138/588
f 101/136/589 102/139/590 108/138/591
f 108/138/592 102/139/593 109/140/594
f 102/139/595 103/141/596 109/140/597
f 109/140/598 103/141/599 110/142/600
f 103/141/601 104/143/602 110/142/603
f 110/142/604 104/143/605 111/144/606
f 104/143/607 105/145/608 111/144/609
f 111/144/610 105/145/611 112/146/612
f 105/145/613 106/147/614 112/146/615
f 112/146/616 106/147/617 113/148/618
f 106/147/619 100/135/620 113/148/621
f 113/148/622 100/135/623 107/137/624
f 107/137/625 108/138/626 114/149/627
f 114/149/628 108/138/629 115/150/630
f 108/138/631 109/140/632 115/150/633
f 115/150/634 109/140/635 116/151/636
f 109/140/637 110/142/638 116/151/639
f 116/151/640 110/142/641 117/152/642
f 110/142/643 111/144/644 117/152/645
f 117/152/646 111/144/647 118/153/648
f 111/144/649 112/146/650 118/153/651
f 118/153/652 112/146/653 119/154/654
f 112/146/655 113/148/656 119/154/657
f 119/154/658 113/148/659 120/155/660
f 113/148/661 107/137/662 120/155/663
f 120/155/664 107/137/665 114/149/666
f 114/149/667 115/150/668 121/156/669
f 121/156/670 115/150/671 122/157/672
f 115/150/673 116/151/674 122/157/675
f 122/157/676 116/151/677 123/158/678
f 116/151/679 117/152/680 123/158/681
f 123/158/682 117/152/683 124/159/684
f 117/152/685 118/153/686 124/159/687
f 124/159/688 118/153/689 125/160/690
f 118/153/691 119/154/692 125/160/693
f 125/160/694 119/154/695 126/161/696
f 119/154/697 120/155/698 126/161/699
f 126/161/700 120/155/701 127/162/702
f 120/155/703 114/149/704 127/162/705
f 127/162/706 114/149/707 121/156/708
f 121/156/709 122/157/710 128/163/711
f 128/163/712 122/157/713 129/164/714
f 122/157/715 123/158/716 129/164/717
f 129/164/718 123/158/719 130/165/720
f 123/158/721 124/159/722 130/165/723
f 130/165/724 124/159/725 131/166/726
f 124/159/727 125/160/728 131/166/729
f 131/166/730 125/160/731 132/167/732
f 125/160/733 126/161/734 132/167/735
f 132/167/736 126/161/737 133/168/738
f 126/161/739 127/162/740 133/168/741
f 133/168/742 127/162/743 134/169/744
f 127/162/745 121/156/746 134/169/747
f 134/169/748 121/156/749 128/163/750
f 128/163/751 129/164/752 135/170/753
f 135/170/754 129/164/755 136/171/756
f 129/164/757 130/165/758 136/171/759
f 136/171/760 130/165/761 137/172/762
f 130/165/763 131/166/764 137/172/765
f 137/172/766 131/166/767 138/173/768
f 131/166/769 132/167/770 138/173/771
f 138/173/772 132/167/773 139/174/774
f 132/167/775 133/168/776 139/174/777
f 139/174/778 133/168/779 140/175/780
f 133/168/781 134/169/782 140/175/783
f 140/175/784 134/169/785 141/176/786
f 134/169/787 128/163/788 141/176/789
f 141/176/790 128/163/791 135/170/792
f 135/170/793 136/171/794 142/177/795
f 142/177/796 136/171/797 143/178/798
f 136/171/799 137/172/800 143/178/801
f 143/178/802 137/172/803 144/179/804
f 137/172/805 138/173/806 144/179/807
f 144/179/808 138/173/809 145/180/810
f 138/173/811 139/174/812 145/180/813
f 145/180/814 139/174/815 146/181/816
f 139/174/817 140/175/818 146/181/819
f 146/181/820 140/175/821 147/182/822
f 140/175/823 141/176/824 147/182/825
f 147/182/826 141/176/827 148/183/828
f 141/176/829 135/170/830 148/183/831
f 148/183/832 135/170/833 142/177/834
f 142/177/835 143/178/836 149/184/837
f 149/184/838 143/178/839 150/185/840
f 143/178/841 144/179/842 150/185/843
f 150/185/844 144/179/845 151/186/846
f 144/179/847 145/180/848 151/186/849
f 151/186/850 145/180/851 152/187/852
f 145/180/853 146/181/854 152/187/855
f 152/187/856 146/181/857 153/188/858
f 146/181/859 147/182/860 153/188/861
f 153/188/862 147/182/863 154/189/864
f 147/182/865 148/183/866 154/189/867
f 154/189/868 148/183/869 155/190/870
f 148/183/871 142/177/872 155/190/873
f 155/190/874 142/177/875 149/184/876
f 149/184/877 150/185/878 156/191/879
f 156/191/880 150/185/881 157/192/882
f 150/185/883 151/186/884 157/192/885
f 157/192/886 151/186/887 158/193/888
f 151/186/889 152/187/890 158/193/891
f 158/193/892 152/187/893 159/194/894
f 152/187/895 153/188/896 159/194/897
f 159/194/898 153/188/899 160/195/900
f 153/188/901 154/189/902 160/195/903
f 160/195/904 154/189/905 161/196/906
f 154/189/907 155/190/908 161/196/909
f 161/196/910 155/190/911 162/197/912
f 155/190/913 149/184/914 162/197/915
f 162/197/916 149/184/917 156/191/918
f 156/191/919 157/192/920 163/198/921
f 163/198/922 157/192/923 164/199/924
f 157/192/925 158/193/926 164/199/927
f 164/199/928 158/193/929 165/200/930
f 158/193/931 159/194/932 165/200/933
f 165/200/934 159/194/935 166/201/936
f 159/194/937 160/195/938 166/201/939
f 166/201/940 160/195/941 167/202/942
f 160/195/943 161/196/944 167/202/945
f 167/202/946 161/196/947 168/203/948
f 161/196/949 162/197/950 168/203/951
f 168/203/952 162/197/953 169/204/954
f 162/197/955 156/191/956 169/204/957
f 169/204/958 156/191/959 163/198/960
f 163/198/961 164/199/962 170/205/963
f 170/205/964 164/199/965 171/206/966
f 164/199/967 165/200/968 171/206/969
f 171/206/970 165/200/971 172/207/972
f 165/200/973 166/201/974 172/207/975
f 172/207/976 166/201/977 173/208/978
f 166/201/979 167/202/980 173/208/981
f 173/208/982 167/202/983 174/209/984
f 167/202/985 168/203/986 174/209/987
f 174/209/988 168/203/989 175/210/990
f 168/203/991 169/204/992 175/210/993
f 175/210/994 169/204/995 176/211/996
f 169/204/997 163/198/998 176/211/999
f 176/211/1000 163/198/1001 170/205/1002
f 170/205/1003 171/206/1004 177/212/1005
f 177/212/1006 171/206/1007 178/213/1008
f 171/206/1009 172/207/1010 178/213/1011
f 178/213/1012 172/207/1013 179/214/1014
f 172/207/1015 173/208/1016 179/214/1017
f 179/214/1018 173/208/1019 180/215/1020
f 173/208/1021 174/209/1022 180/215/1023
f 180/215/1024 174/209/1025 181/216/1026
f 174/209/1027 175/210/1028 181/216/1029
f 181/216/1030 175/210/1031 182/217/1032
f 175/210/1033 176/211/1034 182/217/1035
f 182/217/1036 176/211/1037 183/218/1038
f 176/211/1039 170/205/1040 183/218/1041
f 183/218/1042 170/205/1043 177/212/1044
f 177/212/1045 178/213/1046 184/219/1047
f 184/219/1048 178/213/1049 185/220/1050
f 178/213/1051 179/214/1052 185/220/1053
f 185/220/1054 179/214/1055 186/221/1056
f 179/214/1057 180/215/1058 186/221/1059
f 186/221/1060 180/215/1061 187/222/1062
f 180/215/1063 181/216/1064 187/222/1065
f 187/222/1066 181/216/1067 188/223/1068
f 181/216/1069 182/217/1070 188/223/1071
f 188/223/1072 182/217/1073 189/224/1074
f 182/217/1075 183/218/1076 189/224/1077
f 189/224/1078 183/218/1079 190/225/1080
f 183/218/1081 177/212/1082 190/225/1083
f 190/225/1084 177/212/1085 184/219/1086
f 184/219/1087 185/220/1088 191/226/1089
f 191/226/1090 185/220/1091 192/227/1092
f 185/220/1093 186/221/1094 192/227/1095
f 192/227/1096 186/221/1097 193/228/1098
f 186/221/1099 187/222/1100 193/228/1101
f 193/228/1102 187/222/1103 194/229/1104
f 187/222/1105 188/223/1106 194/229/1107
f 194/229/1108 188/223/1109 195/230/1110
f 188/223/1111 189/224/1112 195/230/1113
f 195/230/1114 189/224/1115 196/231/1116
f 189/224/1117 190/225/1118 196/231/1119
f 196/231/1120 190/225/1121 197/232/1122
f 190/225/1123 184/219/1124 197/232/1125
f 197/232/1126 184/219/1127 191/226/1128
f 191/233/1129 192/234/1130 198/235/1131
f 198/235/1132 192/234/1133 199/236/1134
f 192/234/1135 193/237/1136 199/236/1137
f 199/236/1138 193/237/1139 200/238/1140
f 193/237/1141 194/239/1142 200/238/1143
f 200/238/1144 194/239/1145 201/240/1146
f 194/239/1147 195/241/1148 201/240/1149
f 201/240/1150 195/241/1151 202/242/1152
f 195/241/1153 196/243/1154 202/242/1155
f 202/242/1156 196/243/1157 203/244/1158
f 196/243/1159 197/245/1160 203/244/1161
f 203/244/1162 197/245/1163 204/246/1164
f 197/245/1165 191/247/1166 204/246/1167
f 204/246/1168 191/247/1169 198/248/1170
f 198/235/1171 199/236/1172 205/249/1173
f 205/249/1174 199/236/1175 206/250/1176
f 199/236/1177 200/238/1178 206/250/1179
f 206/250/1180 200/238/1181 207/251/1182
f 200/238/1183 201/240/1184 207/251/1185
f 207/251/1186 201/240/1187 208/252/1188
f 201/240/1189 202/242/1190 208/252/1191
f 208/252/1192 202/242/1193 209/253/1194
f 202/242/1195 203/244/1196 209/253/1197
f 209/253/1198 203/244/1199 210/254/1200
f 203/244/1201 204/246/1202 210/254/1203
f 210/254/1204 204/246/1205 211/255/1206
f 204/246/1207 198/248/1208 211/255/1209
f 211/255/1210 198/248/1211 205/256/1212
f 205/249/1213 206/250/1214 212/257/1215
f 212/257/1216 206/250/1217 213/258/1218
f 206/250/1219 207/251/1220 213/258/1221
f 213/258/1222 207/251/1223 214/259/1224
f 207/251/1225 208/252/1226 214/259/1227
f 214/259/1228 208/252/1229 215/260/1230
f 208/252/1231 209/253/1232 215/260/1233
f 215/260/1234 209/253/1235 216/261/1236
f 209/253/1237 210/254/1238 216/261/1239
f 216/261/1240 210/254/1241 217/262/1242
f 210/254/1243 211/255/1244 217/262/1245
f 217/262/1246 211/255/1247 218/263/1248
f 211/255/1249 205/256/1250 218/263/1251
f 218/263/1252 205/256/1253 212/264/1254
f 212/257/1255 213/258/1256 219/265/1257
f 219/265/1258 213/258/1259 220/266/1260
f 213/258/1261 214/259/1262 220/266/1263
f 220/266/1264 214/259/1265 221/267/1266
f 214/259/1267 215/260/1268 221/267/1269
f 221/267/1270 215/260/1271 222/268/1272
f 215/260/1273 216/261/1274 222/268/1275
f 222/268/1276 216/261/1277 223/269/1278
f 216/261/1279 217/262/1280 223/269/1281
f 223/269/1282 217/262/1283 224/270/1284
f 217/262/1285 218/263/1286 224/270/1287
f 224/270/1288 218/263/1289 225/271/1290
f 218/263/1291 212/264/1292 225/271/1293
f 225/271/1294 212/264/1295 219/272/1296
f 219/265/1297 220/266/1298 226/273/1299
f 226/273/1300 220/266/1301 227/274/1302
f 220/266/1303 221/267/1304 227/274/1305
f 227/274/1306 221/267/1307 228/275/1308
f 221/267/1309 222/268/1310 228/275/1311
f 228/275/1312 222/268/1313 229/276/1314
f 222/268/1315 223/269/1316 229/276/1317
f 229/276/1318 223/269/1319 230/277/1320
f 223/269/1321 224/270/1322 230/277/1323
f 230/277/1324 224/270/1325 231/278/1326
f 224/270/1327 225/271/1328 231/278/1329
f 231/278/1330 225/271/1331 232/279/1332
f 225/271/1333 219/272/1334 232/279/1335
f 232/279/1336 219/272/1337 226/280/1338
f 226/273/1339 227/274/1340 233/281/1341
f 233/281/1342 227/274/1343 234/282/1344
f 227/274/1345 228/275/1346 234/282/1347
f 234/282/1348 228/275/1349 235/283/1350
f 228/275/1351 229/276/1352 235/283/1353
f 235/283/1354 229/276/1355 236/284/1356
f 229/276/1357 230/277/1358 236/284/1359
f 236/284/1360 230/277/1361 237/285/1362
f 230/277/1363 231/278/1364 237/285/1365
f 237/285/1366 231/278/1367 238/286/1368
f 231/278/1369 232/279/1370 238/286/1371
f 238/286/1372 232/279/1373 239/287/1374
f 232/279/1375 226/280/1376 239/287/1377
f 239/287/1378 226/280/1379 233/288/1380
f 233/281/1381 234/282/1382 240/289/1383
f 240/289/1384 234/282/1385 241/290/1386
f 234/282/1387 235/283/1388 241/290/1389
f 241/290/1390 235/283/1391 242/291/1392
f 235/283/1393 236/284/1394 242/291/1395
f 242/291/1396 236/284/1397 243/292/1398
f 236/284/1399 237/285/1400 243/292/1401
f 243/292/1402 237/285/1403 244/293/1404
f 237/285/1405 238/286/1406 244/293/1407
f 244/293/1408 238/286/1409 245/294/1410
f 238/286/1411 239/287/1412 245/294/1413
f 245/294/1414 239/287/1415 246/295/1416
f 239/287/1417 233/288/1418 246/295/1419
f 246/295/1420 233/288/1421 240/296/1422
f 241/290/1423 248/297/1424 240/289/1425
f 240/289/1426 248/297/1427 247/298/1428
f 242/291/1429 249/299/1430 241/290/1431
f 241/290/1432 249/299/1433 248/297/1434
f 242/291/1435 243/292/1436 249/299/1437
f 249/299/1438 243/292/1439 250/300/1440
f 243/292/1441 244/293/1442 250/300/1443
f 250/300/1444 244/293/1445 251/301/1446
f 244/293/1447 245/294/1448 251/301/1449
f 251/301/1450 245/294/1451 252/302/1452
f 245/294/1453 246/295/1454 252/302/1455
f 252/302/1456 246/295/1457 253/303/1458
f 240/296/1459 247/304/1460 246/295/1461
f 246/295/1462 247/304/1463 253/303/1464
f 248/297/1465 255/305/1466 247/298/1467
f 247/298/1468 255/305/1469 254/306/1470
f 249/299/1471 256/307/1472 248/297/1473
f 248/297/1474 256/307/1475 255/305/1476
f 249/299/1477 250/300/1478 256/307/1479
f 256/307/1480 250/300/1481 257/308/1482
f 250/300/1483 251/301/1484 257/308/1485
f 257/308/1486 251/301/1487 258/309/1488
f 251/301/1489 252/302/1490 258/309/1491
f 258/309/1492 252/302/1493 259/310/1494
f 252/302/1495 253/303/1496 259/310/1497
f 259/310/1498 253/303/1499 260/311/1500
f 247/304/1501 254/312/1502 253/303/1503
f 253/303/1504 254/312/1505 260/311/1506
f 255/305/1507 262/313/1508 254/306/1509
f 254/306/1510 262/313/1511 261/314/1512
f 256/307/1513 263/315/1514 255/305/1515
f 255/305/1516 263/315/1517 262/313/1518
f 256/307/1519 257/308/1520 263/315/1521
f 263/315/1522 257/308/1523 264/316/1524
f 257/308/1525 258/309/1526 264/316/1527
f 264/316/1528 258/309/1529 265/317/1530
f 258/309/1531 259/310/1532 265/317/1533
f 265/317/1534 259/310/1535 266/318/1536
f 259/310/1537 260/311/1538 266/318/1539
f 266/318/1540 260/311/1541 267/319/1542
f 254/312/1543 261/320/1544 260/311/1545
f 260/311/1546 261/320/1547 267/319/1548
f 262/313/1549 269/321/1550 261/314/1551
f 261/314/1552 269/321/1553 268/322/1554
f 263/315/1555 270/323/1556 262/313/1557
f 262/313/1558 270/323/1559 269/321/1560
f 263/315/1561 264/316/1562 270/323/1563
f 270/323/1564 264/316/1565 271/324/1566
f 264/316/1567 265/317/1568 271/324/1569
f 271/324/1570 265/317/1571 272/325/1572
f 265/317/1573 266/318/1574 272/325/1575
f 272/325/1576 266/318/1577 273/326/1578
f 266/318/1579 267/319/1580 273/326/1581
f 273/326/1582 267/319/1583 274/327/1584
f 261/320/1585 268/328/1586 267/319/1587
f 267/319/1588 268/328/1589 274/327/1590
f 269/321/1591 276/329/1592 268/322/1593
f 268/322/1594 276/329/1595 275/330/1596
f 270/323/1597 277/331/1598 269/321/1599
f 269/321/1600 277/331/1601 276/329/1602
f 270/323/1603 271/324/1604 277/331/1605
f 277/331/1606 271/324/1607 278/332/1608
f 271/324/1609 272/325/1610 278/332/1611
f 278/332/1612 272/325/1613 279/333/1614
f 272/325/1615 273/326/1616 279/333/1617
f 279/333/1618 273/326/1619 280/334/1620
f 273/326/1621 274/327/1622 280/334/1623
f 280/334/1624 274/327/1625 281/335/1626
f 268/328/1627 275/336/1628 274/327/1629
f 274/327/1630 275/336/1631 281/335/1632
f 276/329/1633 283/337/1634 275/330/1635
f 275/330/1636 283/337/1637 282/338/1638
f 277/331/1639 284/339/1640 276/329/1641
f 276/329/1642 284/339/1643 283/337/1644
f 277/331/1645 278/332/1646 284/339/1647
f 284/339/1648 278/332/1649 285/340/1650
f 278/332/1651 279/333/1652 285/340/1653
f 285/340/1654 279/333/1655 286/341/1656
f 279/333/1657 280/334/1658 286/341/1659
f 286/341/1660 280/334/1661 287/342/1662
f 280/334/1663 281/335/1664 287/342/1665
f 287/342/1666 281/335/1667 288/343/1668
f 275/336/1669 282/344/1670 281/335/1671
f 281/335/1672 282/344/1673 288/343/1674
f 283/337/1675 290/345/1676 282/338/1677
f 282/338/1678 290/345/1679 289/346/1680
f 284/339/1681 291/347/1682 283/337/1683
f 283/337/1684 291/347/1685 290/345/1686
f 284/339/1687 285/340/1688 291/347/1689
f 291/347/1690 285/340/1691 292/348/1692
f 285/340/1693 286/341/1694 292/348/1695
f 292/348/1696 286/341/1697 293/349/1698
f 286/341/1699 287/342/1700 293/349/1701
f 293/349/1702 287/342/1703 294/350/1704
f 287/342/1705 288/343/1706 294/350/1707
f 294/350/1708 288/343/1709 295/351/1710
f 282/344/1711 289/352/1712 288/343/1713
f 288/343/1714 289/352/1715 295/351/1716
f 290/345/1717 297/353/1718 289/346/1719
f 289/346/1720 297/353/1721 296/354/1722
f 291/347/1723 298/355/1724 290/345/1725
f 290/345/1726 298/355/1727 297/353/1728
f 291/347/1729 292/348/1730 298/355/1731
f 298/355/1732 292/348/1733 299/356/1734
f 292/348/1735 293/349/1736 299/356/1737
f 299/356/1738 293/349/1739 300/357/1740
f 293/349/1741 294/350/1742 300/357/1743
f 300/357/1744 294/350/1745 301/358/1746
f 294/350/1747 295/351/1748 301/358/1749
f 301/358/1750 295/351/1751 302/359/1752
f 289/352/1753 296/360/1754 295/351/1755
f 295/351/1756 296/360/1757 302/359/1758
f 297/361/1759 304/362/1760 296/363/1761
f 296/363/1762 304/362/1763 303/364/1764
f 297/361/1765 298/365/1766 304/362/1767
f 304/362/1768 298/365/1769 305/366/1770
f 298/365/1771 299/367/1772 305/366/1773
f 305/366/1774 299/367/1775 306/368/1776
f 300/369/1777 307/370/1778 299/367/1779
f 299/367/1780 307/370/1781 306/368/1782
f 300/369/1783 301/371/1784 307/370/1785
f 307/370/1786 301/371/1787 308/372/1788
f 301/371/1789 302/373/1790 308/372/1791
f 308/372/1792 302/373/1793 309/374/1794
f 296/363/1795 303/364/1796 302/373/1797
f 302/373/1798 303/364/1799 309/374/1800
f 304/362/1801 311/375/1802 303/364/1803
f 303/364/1804 311/375/1805 310/376/1806
f 304/362/1807 305/366/1808 311/375/1809
f 311/375/1810 305/366/1811 312/377/1812
f 305/366/1813 306/368/1814 312/377/1815
f 312/377/1816 306/368/1817 313/378/1818
f 307/370/1819 314/379/1820 306/368/1821
f 306/368/1822 314/379/1823 313/378/1824
f 307/370/1825 308/372/1826 314/379/1827
f 314/379/1828 308/372/1829 315/380/1830
f 308/372/1831 309/374/1832 315/380/1833
f 315/380/1834 309/374/1835 316/381/1836
f 303/364/1837 310/376/1838 309/374/1839
f 309/374/1840 310/376/1841 316/381/1842
f 311/375/1843 318/382/1844 310/376/1845
f 310/376/1846 318/382/1847 317/383/1848
f 311/375/1849 312/377/1850 318/382/1851
f 318/382/1852 312/377/1853 319/384/1854
f 312/377/1855 313/378/1856 319/384/1857
f 319/384/1858 313/378/1859 320/385/1860
f 314/379/1861 321/386/1862 313/378/1863
f 313/378/1864 321/386/1865 320/385/1866
f 314/379/1867 315/380/1868 321/386/1869
f 321/386/1870 315/380/1871 322/387/1872
f 315/380/1873 316/381/1874 322/387/1875
f 322/387/1876 316/381/1877 323/388/1878
f 310/376/1879 317/383/1880 316/381/1881
f 316/381/1882 317/383/1883 323/388/1884
f 318/382/1885 325/389/1886 317/383/1887
f 317/383/1888 325/389/1889 324/390/1890
f 318/382/1891 319/384/1892 325/389/1893
f 325/389/1894 319/384/1895 326/391/1896
f 319/384/1897 320/385/1898 326/391/1899
f 326/391/1900 320/385/1901 327/392/1902
f 321/386/1903 328/393/1904 320/385/1905
f 320/385/1906 328/393/1907 327/392/1908
f 321/386/1909 322/387/1910 328/393/1911
f 328/393/1912 322/387/1913 329/394/1914
f 322/387/1915 323/388/1916 329/394/1917
f 329/394/1918 323/388/1919 330/395/1920
f 317/383/1921 324/390/1922 323/388/1923
f 323/388/1924 324/390/1925 330/395/1926
f 325/389/1927 332/396/1928 324/390/1929
f 324/390/1930 332/396/1931 331/397/1932
f 325/389/1933 326/391/1934 332/396/1935
f 332/396/1936 326/391/1937 333/398/1938
f 326/391/1939 327/392/1940 333/398/1941
f 333/398/1942 327/392/1943 334/399/1944
f 328/393/1945 335/400/1946 327/392/1947
f 327/392/1948 335/400/1949 334/399/1950
f 328/393/1951 329/394/1952 335/400/1953
f 335/400/1954 329/394/1955 336/401/1956
f 329/394/1957 330/395/1958 336/401/1959
f 336/401/1960 330/395/1961 337/402/1962
f 324/390/1963 331/397/1964 330/395/1965
f 330/395/1966 331/397/1967 337/402/1968
f 332/396/1969 339/403/1970 331/397/1971
f 331/397/1972 339/403/1973 338/404/1974
f 332/396/1975 333/398/1976 339/403/1977
f 339/403/1978 333/398/1979 340/405/1980
f 333/398/1981 334/399/1982 340/405/1983
f 340/405/1984 334/399/1985 341/406/1986
f 335/400/1987 342/407/1988 334/399/1989
f 334/399/1990 342/407/1991 341/406/1992
f 335/400/1993 336/401/1994 342/407/1995
f 342/407/1996 336/401/1997 343/408/1998
f 336/401/1999 337/402/2000 343/408/2001
f 343/408/2002 337/402/2003 344/409/2004
f 331/397/2005 338/404/2006 337/402/2007
f 337/402/2008 338/404/2009 344/409/2010
f 339/403/2011 346/410/2012 338/404/2013
f 338/404/2014 346/410/2015 345/411/2016
f 339/403/2017 340/405/2018 346/410/2019
f 346/410/2020 340/405/2021 347/412/2022
f 340/405/2023 341/406/2024 347/412/2025
f 347/412/2026 341/406/2027 348/413/2028
f 342/407/2029 349/414/2030 341/406/2031
f 341/406/2032 349/414/2033 348/413/2034
f 342/407/2035 343/408/2036 349/414/2037
f 349/414/2038 343/408/2039 350/415/2040
f 343/408/2041 344/409/2042 350/415/2043
f 350/415/2044 344/409/2045 351/416/2046
f 338/404/2047 345/411/2048 344/409/2049
f 344/409/2050 345/411/2051 351/416/2052
f 346/410/2053 353/417/2054 345/411/2055
f 345/411/2056 353/417/2057 352/418/2058
f 346/410/2059 347/412/2060 353/417/2061
f 353/417/2062 347/412/2063 354/419/2064
f 347/412/2065 348/413/2066 354/419/2067
f 354/419/2068 348/413/2069 355/420/2070
f 349/414/2071 356/421/2072 348/413/2073
f 348/413/2074 356/421/2075 355/420/2076
f 349/414/2077 350/415/2078 356/421/2079
f 356/421/2080 350/415/2081 357/422/2082
f 350/415/2083 351/416/2084 357/422/2085
f 357/422/2086 351/416/2087 358/423/2088
f 345/411/2089 352/418/2090 351/416/2091
f 351/416/2092 352/418/2093 358/423/2094
f 353/417/2095 360/424/2096 352/418/2097
f 352/418/2098 360/424/2099 359/425/2100
f 353/417/2101 354/419/2102 360/424/2103
f 360/424/2104 354/419/2105 361/426/2106
f 354/419/2107 355/420/2108 361/426/2109
f 361/426/2110 355/420/2111 362/427/2112
f 356/421/2113 363/428/2114 355/420/2115
f 355/420/2116 363/428/2117 362/427/2118
f 356/421/2119 357/422/2120 363/428/2121
f 363/428/2122 357/422/2123 364/429/2124
f 357/422/2125 358/423/2126 364/429/2127
f 364/429/2128 358/423/2129 365/430/2130
f 352/418/2131 359/425/2132 358/423/2133
f 358/423/2134 359/425/2135 365/430/2136
f 360/424/2137 367/431/2138 359/425/2139
f 359/425/2140 367/431/2141 366/432/2142
f 360/424/2143 361/426/2144 367/431/2145
f 367/431/2146 361/426/2147 368/433/2148
f 361/426/2149 362/427/2150 368/433/2151
f 368/433/2152 362/427/2153 369/434/2154
f 363/428/2155 370/435/2156 362/427/2157
f 362/427/2158 370/435/2159 369/434/2160
f 363/428/2161 364/429/2162 370/435/2163
f 370/435/2164 364/429/2165 371/436/2166
f 364/429/2167 365/430/2168 371/436/2169
f 371/436/2170 365/430/2171 372/437/2172
f 359/425/2173 366/432/2174 365/430/2175
f 365/430/2176 366/432/2177 372/437/2178
f 367/431/2179 374/438/2180 366/432/2181
f 366/432/2182 374/438/2183 373/439/2184
f 367/431/2185 368/433/2186 374/438/2187
f 374/438/2188 368/433/2189 375/440/2190
f 368/433/2191 369/434/2192 375/440/2193
f 375/440/2194 369/434/2195 376/441/2196
f 370/435/2197 377/442/2198 369/434/2199
f 369/434/2200 377/442/2201 376/441/2202
f 370/435/2203 371/436/2204 377/442/2205
f 377/442/2206 371/436/2207 378/443/2208
f 371/436/2209 372/437/2210 378/443/2211
f 378/443/2212 372/437/2213 379/444/2214
f 366/432/2215 373/439/2216 372/437/2217
f 372/437/2218 373/439/2219 379/444/2220
f 374/438/2221 381/445/2222 373/439/2223
f 373/439/2224 381/445/2225 380/446/2226
f 374/438/2227 375/440/2228 381/445/2229
f 381/445/2230 375/440/2231 382/447/2232
f 375/440/2233 376/441/2234 382/447/2235
f 382/447/2236 376/441/2237 383/448/2238
f 377/442/2239 384/449/2240 376/441/2241
f 376/441/2242 384/449/2243 383/448/2244
f 377/442/2245 378/443/2246 384/449/2247
f 384/449/2248 378/443/2249 385/450/2250
f 378/443/2251 379/444/2252 385/450/2253
f 385/450/2254 379/444/2255 386/451/2256
f 373/439/2257 380/446/2258 379/444/2259
f 379/444/2260 380/446/2261 386/451/2262
f 381/445/2263 388/452/2264 380/446/2265
f 380/446/2266 388/452/2267 387/453/2268
f 381/445/2269 382/447/2270 388/452/2271
f 388/452/2272 382/447/2273 389/454/2274
f 382/447/2275 383/448/2276 389/454/2277
f 389/454/2278 383/448/2279 390/455/2280
f 384/449/2281 391/456/2282 383/448/2283
f 383/448/2284 391/456/2285 390/455/2286
f 384/449/2287 385/450/2288 391/456/2289
f 391/456/2290 385/450/2291 392/457/2292
f 385/450/2293 386/451/2294 392/457/2295
f 392/457/2296 386/451/2297 393/458/2298
f 380/446/2299 387/453/2300 386/451/2301
f 386/451/2302 387/453/2303 393/458/2304
f 101/136/2305 100/135/2306 394/459/2307
f 102/139/2308 101/136/2309 394/459/2310
f 103/141/2311 102/139/2312 394/459/2313
f 104/143/2314 103/141/2315 394/459/2316
f 105/145/2317 104/143/2318 394/459/2319
f 106/147/2320 105/145/2321 394/459/2322
f 100/135/2323 106/147/2324 394/459/2325
f 387/453/2326 388/452/2327 395/460/2328
f 388/452/2329 389/454/2330 395/460/2331
f 389/454/2332 390/455/2333 395/460/2334
f 390/455/2335 391/456/2336 395/460/2337
f 391/456/2338 392/457/2339 395/460/2340
f 392/457/2341 393/458/2342 395/460/2343
f 393/458/2344 387/453/2345 395/460/2346
g default
v 0.133194 -0.884230 -0.043277
v 0.113301 -0.884230 -0.082318
v 0.082318 -0.884230 -0.113301
v 0.043277 -0.884230 -0.133194
v 0.000000 -0.884230 -0.140048
v -0.043277 -0.884230 -0.133194
v -0.082318 -0.884230 -0.113301
v -0.113301 -0.884230 -0.082318
v -0.133194 -0.884230 -0.043277
v -0.140048 -0.884230 0.000000
v -0.133194 -0.884230 0.043277
v -0.113301 -0.884230 0.082318
v -0.082318 -0.884230 0.113301
v -0.043277 -0.884230 0.133194
v 0.000000 -0.884230 0.140048
v 0.043277 -0.884230 0.133194
v 0.082318 -0.884230 0.113301
v 0.113301 -0.884230 0.082318
v 0.133194 -0.884230 0.043277
v 0.140048 -0.884230 0.000000
v 0.263108 -0.851435 -0.085489
v 0.223813 -0.851435 -0.162610
v 0.162610 -0.851435 -0.223813
v 0.085489 -0.851435 -0.263108
v 0.000000 -0.851435 -0.276648
v -0.085489 -0.851435 -0.263108
v -0.162610 -0.851435 -0.223813
v -0.223813 -0.851435 -0.162610
v -0.263108 -0.851435 -0.085489
v -0.276648 -0.851435 0.000000
v -0.263108 -0.851435 0.085489
v -0.223813 -0.851435 0.162610
v -0.162610 -0.851435 0.223813
v -0.085489 -0.851435 0.263108
v 0.000000 -0.851435 0.276648
v 0.085489 -0.851435 0.263108
v 0.162610 -0.851435 0.223813
v 0.223813 -0.851435 0.162610
v 0.263108 -0.851435 0.085489
v 0.276648 -0.851435 0.000000
v 0.386544 -0.797675 -0.125596
v 0.328814 -0.797675 -0.238897
v 0.238897 -0.797675 -0.328814
v 0.125596 -0.797675 -0.386544
v 0.000000 -0.797675 -0.406436
v -0.125596 -0.797675 -0.386544
v -0.238897 -0.797675 -0.328814
v -0.328814 -0.797675 -0.238897
v -0.386544 -0.797675 -0.125596
v -0.406436 -0.797675 0.000000
v -0.386544 -0.797675 0.125596
v -0.328814 -0.797675 0.238897
v -0.238897 -0.797675 0.328814
v -0.125596 -0.797675 0.386544
v 0.000000 -0.797675 0.406436
v 0.125596 -0.797675 0.386543
v 0.238897 -0.797675 0.328814
v 0.328814 -0.797675 0.238897
v 0.386543 -0.797675 0.125596
v 0.406436 -0.797675 0.000000
v 0.500461 -0.724274 -0.162610
v 0.425718 -0.724274 -0.309302
v 0.309302 -0.724274 -0.425718
v 0.162610 -0.724274 -0.500461
v 0.000000 -0.724274 -0.526216
v -0.162610 -0.724274 -0.500461
v -0.309302 -0.724274 -0.425718
v -0.425718 -0.724274 -0.309302
v -0.500461 -0.724274 -0.162610
v -0.526216 -0.724274 0.000000
v -0.500461 -0.724274 0.162610
v -0.425718 -0.724274 0.309302
v -0.309302 -0.724274 0.425718
v -0.162610 -0.724274 0.500461
v 0.000000 -0.724274 0.526216
v 0.162610 -0.724274 0.500461
v 0.309302 -0.724274 0.425718
v 0.425718 -0.724274 0.309302
v 0.500461 -0.724274 0.162610
v 0.526216 -0.724274 0.000000
v 0.602056 -0.633039 -0.195620
v 0.512139 -0.633039 -0.372091
v 0.372091 -0.633039 -0.512139
v 0.195620 -0.633039 -0.602056
v 0.000000 -0.633039 -0.633039
v -0.195620 -0.633039 -0.602056
v -0.372091 -0.633039 -0.512139
v -0.512139 -0.633039 -0.372091
v -0.602056 -0.633039 -0.195620
v -0.633039 -0.633039 0.000000
v -0.602056 -0.633039 0.195620
v -0.512139 -0.633039 0.372091
v -0.372091 -0.633039 0.512139
v -0.195620 -0.633039 0.602056
v 0.000000 -0.633039 0.633039
v 0.195620 -0.633039 0.602056
v 0.372091 -0.633039 0.512139
v 0.512139 -0.633039 0.372091
v 0.602056 -0.633039 0.195620
v 0.633039 -0.633039 0.000000
v 0.688826 -0.526216 -0.223813
v 0.585950 -0.526216 -0.425718
v 0.425718 -0.526216 -0.585950
v 0.223813 -0.526216 -0.688826
v 0.000000 -0.526216 -0.724274
v -0.223813 -0.526216 -0.688826
v -0.425718 -0.526216 -0.585950
v -0.585950 -0.526216 -0.425718
v -0.688826 -0.526216 -0.223813
v -0.724274 -0.526216 0.000000
v -0.688826 -0.526216 0.223813
v -0.585950 -0.526216 0.425718
v -0.425718 -0.526216 0.585950
v -0.223813 -0.526216 0.688826
v 0.000000 -0.526216 0.724274
v 0.223813 -0.526216 0.688826
v 0.425718 -0.526216 0.585950
v 0.585950 -0.526216 0.425718
v 0.688825 -0.526216 0.223813
v 0.724274 -0.526216 0.000000
v 0.758635 -0.406436 -0.246495
v 0.645333 -0.406436 -0.468862
v 0.468862 -0.406436 -0.645333
v 0.246495 -0.406436 -0.758635
v 0.000000 -0.406436 -0.797676
v -0.246495 -0.406436 -0.758635
v -0.468862 -0.406436 -0.645333
v -0.645333 -0.406436 -0.468862
v -0.758634 -0.406436 -0.246495
v -0.797675 -0.406436 0.000000
v -0.758634 -0.406436 0.246495
v -0.645333 -0.406436 0.468862
v -0.468862 -0.406436 0.645333
v -0.246495 -0.406436 0.758634
v 0.000000 -0.406436 0.797675
v 0.246495 -0.406436 0.758634
v 0.468862 -0.406436 0.645333
v 0.645333 -0.406436 0.468862
v 0.758634 -0.406436 0.246495
v 0.797675 -0.406436 0.000000
v 0.809763 -0.276648 -0.263108
v 0.688826 -0.276648 -0.500461
v 0.500461 -0.276648 -0.688826
v 0.263108 -0.276648 -0.809763
v 0.000000 -0.276648 -0.851436
v -0.263108 -0.276648 -0.809763
v -0.500461 -0.276648 -0.688826
v -0.688826 -0.276648 -0.500461
v -0.809763 -0.276648 -0.263108
v -0.851435 -0.276648 0.000000
v -0.809763 -0.276648 0.263108
v -0.688826 -0.276648 0.500461
v -0.500461 -0.276648 0.688826
v -0.263108 -0.276648 0.809763
v 0.000000 -0.276648 0.851435
v 0.263108 -0.276648 0.809763
v 0.500461 -0.276648 0.688826
v 0.688825 -0.276648 0.500461
v 0.809763 -0.276648 0.263108
v 0.851435 -0.276648 0.000000
v 0.840953 -0.140048 -0.273242
v 0.715357 -0.140048 -0.519738
v 0.519738 -0.140048 -0.715357
v 0.273242 -0.140048 -0.840953
v 0.000000 -0.140048 -0.884230
v -0.273242 -0.140048 -0.840953
v -0.519737 -0.140048 -0.715357
v -0.715357 -0.140048 -0.519737
v -0.840953 -0.140048 -0.273242
v -0.884230 -0.140048 0.000000
v -0.840953 -0.140048 0.273242
v -0.715357 -0.140048 0.519737
v -0.519737 -0.140048 0.715357
v -0.273242 -0.140048 0.840953
v 0.000000 -0.140048 0.884230
v 0.273242 -0.140048 0.840953
v 0.519737 -0.140048 0.715357
v 0.715357 -0.140048 0.519737
v 0.840953 -0.140048 0.273242
v 0.884230 -0.140048 0.000000
v 0.851436 0.000000 -0.276648
v 0.724274 0.000000 -0.526216
v 0.526216 0.000000 -0.724274
v 0.276648 0.000000 -0.851436
v 0.000000 0.000000 -0.895252
v -0.276648 0.000000 -0.851435
v -0.526216 0.000000 -0.724274
v -0.724274 0.000000 -0.526216
v -0.851435 0.000000 -0.276648
v -0.895252 0.000000 0.000000
v -0.851435 0.000000 0.276648
v -0.724274 0.000000 0.526216
v -0.526216 0.000000 0.724274
v -0.276648 0.000000 0.851435
v 0.000000 0.000000 0.895252
v 0.276648 0.000000 0.851435
v 0.526216 0.000000 0.724274
v 0.724274 0.000000 0.526216
v 0.851435 0.000000 0.276648
v 0.895252 0.000000 0.000000
v 0.840953 0.140048 -0.273242
v 0.715357 0.140048 -0.519738
v 0.519738 0.140048 -0.715357
v 0.273242 0.140048 -0.840953
v 0.000000 0.140048 -0.884230
v -0.273242 0.140048 -0.840953
v -0.519737 0.140048 -0.715357
v -0.715357 0.140048 -0.519737
v -0.840953 0.140048 -0.273242
v -0.884230 0.140048 0.000000
v -0.840953 0.140048 0.273242
v -0.715357 0.140048 0.519737
v -0.519737 0.140048 0.715357
v -0.273242 0.140048 0.840953
v 0.000000 0.140048 0.884230
v 0.273242 0.140048 0.840953
v 0.519737 0.140048 0.715357
v 0.715357 0.140048 0.519737
v 0.840953 0.140048 0.273242
v 0.884230 0.140048 0.000000
v 0.809763 0.276648 -0.263108
v 0.688826 0.276648 -0.500461
v 0.500461 0.276648 -0.688826
v 0.263108 0.276648 -0.809763
v 0.000000 0.276648 -0.851436
v -0.263108 0.276648 -0.809763
v -0.500461 0.276648 -0.688826
v -0.688826 0.276648 -0.500461
v -0.809763 0.276648 -0.263108
v -0.851435 0.276648 0.000000
v -0.809763 0.276648 0.263108
v -0.688826 0.276648 0.500461
v -0.500461 0.276648 0.688826
v -0.263108 0.276648 0.809763
v 0.000000 0.276648 0.851435
v 0.263108 0.276648 0.809763
v 0.500461 0.276648 0.688826
v 0.688825 0.276648 0.500461
v 0.809763 0.276648 0.263108
v 0.851435 0.276648 0.000000
v 0.758635 0.406436 -0.246495
v 0.645333 0.406436 -0.468862
v 0.468862 0.406436 -0.645333
v 0.246495 0.406436 -0.758635
v 0.000000 0.406436 -0.797676
v -0.246495 0.406436 -0.758635
v -0.468862 0.406436 -0.645333
v -0.645333 0.406436 -0.468862
v -0.758634 0.406436 -0.246495
v -0.797675 0.406436 0.000000
v -0.758634 0.406436 0.246495
v -0.645333 0.406436 0.468862
v -0.468862 0.406436 0.645333
v -0.246495 0.406436 0.758634
v 0.000000 0.406436 0.797675
v 0.246495 0.406436 0.758634
v 0.468862 0.406436 0.645333
v 0.645333 0.406436 0.468862
v 0.758634 0.406436 0.246495
v 0.797675 0.406436 0.000000
v 0.688826 0.526216 -0.223813
v 0.585950 0.526216 -0.425718
v 0.425718 0.526216 -0.585950
v 0.223813 0.526216 -0.688826
v 0.000000 0.526216 -0.724274
v -0.223813 0.526216 -0.688826
v -0.425718 0.526216 -0.585950
v -0.585950 0.526216 -0.425718
v -0.688826 0.526216 -0.223813
v -0.724274 0.526216 0.000000
v -0.688826 0.526216 0.223813
v -0.585950 0.526216 0.425718
v -0.425718 0.526216 0.585950
v -0.223813 0.526216 0.688826
v 0.000000 0.526216 0.724274
v 0.223813 0.526216 0.688826
v 0.425718 0.526216 0.585950
v 0.585950 0.526216 0.425718
v 0.688825 0.526216 0.223813
v 0.724274 0.526216 0.000000
v 0.602056 0.633039 -0.195620
v 0.512139 0.633039 -0.372091
v 0.372091 0.633039 -0.512139
v 0.195620 0.633039 -0.602056
v 0.000000 0.633039 -0.633039
v -0.195620 0.633039 -0.602056
v -0.372091 0.633039 -0.512139
v -0.512139 0.633039 -0.372091
v -0.602056 0.633039 -0.195620
v -0.633039 0.633039 0.000000
v -0.602056 0.633039 0.195620
v -0.512139 0.633039 0.372091
v -0.372091 0.633039 0.512139
v -0.195620 0.633039 0.602056
v 0.000000 0.633039 0.633039
v 0.195620 0.633039 0.602056
v 0.372091 0.633039 0.512139
v 0.512139 0.633039 0.372091
v 0.602056 0.633039 0.195620
v 0.633039 0.633039 0.000000
v 0.500461 0.724274 -0.162610
v 0.425718 0.724274 -0.309302
v 0.309302 0.724274 -0.425718
v 0.162610 0.724274 -0.500461
v 0.000000 0.724274 -0.526216
v -0.162610 0.724274 -0.500461
v -0.309302 0.724274 -0.425718
v -0.425718 0.724274 -0.309302
v -0.500461 0.724274 -0.162610
v -0.526216 0.724274 0.000000
v -0.500461 0.724274 0.162610
v -0.425718 0.724274 0.309302
v -0.309302 0.724274 0.425718
v -0.162610 0.724274 0.500461
v 0.000000 0.724274 0.526216
v 0.162610 0.724274 0.500461
v 0.309302 0.724274 0.425718
v 0.425718 0.724274 0.309302
v 0.500461 0.724274 0.162610
v 0.526216 0.724274 0.000000
v 0.386544 0.797675 -0.125596
v 0.328814 0.797675 -0.238897
v 0.238897 0.797675 -0.328814
v 0.125596 0.797675 -0.386544
v 0.000000 0.797675 -0.406436
v -0.125596 0.797675 -0.386544
v -0.238897 0.797675 -0.328814
v -0.328814 0.797675 -0.238897
v -0.386544 0.797675 -0.125596
v -0.406436 0.797675 0.000000
v -0.386544 0.797675 0.125596
v -0.328814 0.797675 0.238897
v -0.238897 0.797675 0.328814
v -0.125596 0.797675 0.386544
v 0.000000 0.797675 0.406436
v 0.125596 0.797675 0.386543
v 0.238897 0.797675 0.328814
v 0.328814 0.797675 0.238897
v 0.386543 0.797675 0.125596
v 0.406436 0.797675 0.000000
v 0.263108 0.851435 -0.085489
v 0.223813 0.851435 -0.162610
v 0.162610 0.851435 -0.223813
v 0.085489 0.851435 -0.263108
v 0.000000 0.851435 -0.276648
v -0.085489 0.851435 -0.263108
v -0.162610 0.851435 -0.223813
v -0.223813 0.851435 -0.162610
v -0.263108 0.851435 -0.085489
v -0.276648 0.851435 0.000000
v -0.263108 0.851435 0.085489
v -0.223813 0.851435 0.162610
v -0.162610 0.851435 0.223813
v -0.085489 0.851435 0.263108
v 0.000000 0.851435 0.276648
v 0.085489 0.851435 0.263108
v 0.162610 0.851435 0.223813
v 0.223813 0.851435 0.162610
v 0.263108 0.851435 0.085489
v 0.276648 0.851435 0.000000
v 0.133194 0.884230 -0.043277
v 0.113301 0.884230 -0.082318
v 0.082318 0.884230 -0.113301
v 0.043277 0.884230 -0.133194
v 0.000000 0.884230 -0.140048
v -0.043277 0.884230 -0.133194
v -0.082318 0.884230 -0.113301
v -0.113301 0.884230 -0.082318
v -0.133194 0.884230 -0.043277
v -0.140048 0.884230 0.000000
v -0.133194 0.884230 0.043277
v -0.113301 0.884230 0.082318
v -0.082318 0.884230 0.113301
v -0.043277 0.884230 0.133194
v 0.000000 0.884230 0.140048
v 0.043277 0.884230 0.133194
v 0.082318 0.884230 0.113301
v 0.113301 0.884230 0.082318
v 0.133194 0.884230 0.043277
v 0.140048 0.884230 0.000000
v 0.000000 -0.895252 0.000000
v 0.000000 0.895252 0.000000
vt 0.000000 0.050000
vt 0.050000 0.050000
vt 0.000000 0.100000
vt 0.050000 0.100000
vt 0.100000 0.050000
vt 0.100000 0.100000
vt 0.150000 0.050000
vt 0.150000 0.100000
vt 0.200000 0.050000
vt 0.200000 0.100000
vt 0.250000 0.050000
vt 0.250000 0.100000
vt 0.300000 0.050000
vt 0.300000 0.100000
vt 0.350000 0.050000
vt 0.350000 0.100000
vt 0.400000 0.050000
vt 0.400000 0.100000
vt 0.450000 0.050000
vt 0.450000 0.100000
vt 0.500000 0.050000
vt 0.500000 0.100000
vt 0.550000 0.050000
vt 0.550000 0.100000
vt 0.600000 0.050000
vt 0.600000 0.100000
vt 0.650000 0.050000
vt 0.650000 0.100000
vt 0.700000 0.050000
vt 0.700000 0.100000
vt 0.750000 0.050000
vt 0.750000 0.100000
vt 0.800000 0.050000
vt 0.800000 0.100000
vt 0.850000 0.050000
vt 0.850000 0.100000
vt 0.900000 0.050000
vt 0.900000 0.100000
vt 0.950000 0.050000
vt 0.950000 0.100000
vt 1.000000 0.050000
vt 1.000000 0.100000
vt 0.000000 0.150000
vt 0.050000 0.150000
vt 0.100000 0.150000
vt 0.150000 0.150000
vt 0.200000 0.150000
vt 0.250000 0.150000
vt 0.300000 0.150000
vt 0.350000 0.150000
vt 0.400000 0.150000
vt 0.450000 0.150000
vt 0.500000 0.150000
vt 0.550000 0.150000
vt 0.600000 0.150000
vt 0.650000 0.150000
vt 0.700000 0.150000
vt 0.750000 0.150000
vt 0.800000 0.150000
vt 0.850000 0.150000
vt 0.900000 0.150000
vt 0.950000 0.150000
vt 1.000000 0.150000
vt 0.000000 0.200000
vt 0.050000 0.200000
vt 0.100000 0.200000
vt 0.150000 0.200000
vt 0.200000 0.200000
vt 0.250000 0.200000
vt 0.300000 0.200000
vt 0.350000 0.200000
vt 0.400000 0.200000
vt 0.450000 0.200000
vt 0.500000 0.200000
vt 0.550000 0.200000
vt 0.600000 0.200000
vt 0.650000 0.200000
vt 0.700000 0.200000
vt 0.750000 0.200000
vt 0.800000 0.200000
vt 0.850000 0.200000
vt 0.900000 0.200000
vt 0.950000 0.200000
vt 1.000000 0.200000
vt 0.000000 0.250000
vt 0.050000 0.250000
vt 0.100000 0.250000
vt 0.150000 0.250000
vt 0.200000 0.250000
vt 0.250000 0.250000
vt 0.300000 0.250000
vt 0.350000 0.250000
vt 0.400000 0.250000
vt 0.450000 0.250000
vt 0.500000 0.250000
vt 0.550000 0.250000
vt 0.600000 0.250000
vt 0.650000 0.250000
vt 0.700000 0.250000
vt 0.750000 0.250000
vt 0.800000 0.250000
vt 0.850000 0.250000
vt 0.900000 0.250000
vt 0.950000 0.250000
vt 1.000000 0.250000
vt 0.000000 0.300000
vt 0.050000 0.300000
vt 0.100000 0.300000
vt 0.150000 0.300000
vt 0.200000 0.300000
vt 0.250000 0.300000
vt 0.300000 0.300000
vt 0.350000 0.300000
vt 0.400000 0.300000
vt 0.450000 0.300000
vt 0.500000 0.300000
vt 0.550000 0.300000
vt 0.600000 0.300000
vt 0.650000 0.300000
vt 0.700000 0.300000
vt 0.750000 0.300000
vt 0.800000 0.300000
vt 0.850000 0.300000
vt 0.900000 0.300000
vt 0.950000 0.300000
vt 1.000000 0.300000
vt 0.000000 0.350000
vt 0.050000 0.350000
vt 0.100000 0.350000
vt 0.150000 0.350000
vt 0.200000 0.350000
vt 0.250000 0.350000
vt 0.300000 0.350000
vt 0.350000 0.350000
vt 0.400000 0.350000
vt 0.450000 0.350000
vt 0.500000 0.350000
vt 0.550000 0.350000
vt 0.600000 0.350000
vt 0.650000 0.350000
vt 0.700000 0.350000
vt 0.750000 0.350000
vt 0.800000 0.350000
vt 0.850000 0.350000
vt 0.900000 0.350000
vt 0.950000 0.350000
vt 1.000000 0.350000
vt 0.000000 0.400000
vt 0.050000 0.400000
vt 0.100000 0.400000
vt 0.150000 0.400000
vt 0.200000 0.400000
vt 0.250000 0.400000
vt 0.300000 0.400000
vt 0.350000 0.400000
vt 0.400000 0.400000
vt 0.450000 0.400000
vt 0.500000 0.400000
vt 0.550000 0.400000
vt 0.600000 0.400000
vt 0.650000 0.400000
vt 0.700000 0.400000
vt 0.750000 0.400000
vt 0.800000 0.400000
vt 0.850000 0.400000
vt 0.900000 0.400000
vt 0.950000 0.400000
vt 1.000000 0.400000
vt 0.000000 0.450000
vt 0.050000 0.450000
vt 0.100000 0.450000
vt 0.150000 0.450000
vt 0.200000 0.450000
vt 0.250000 0.450000
vt 0.300000 0.450000
vt 0.350000 0.450000
vt 0.400000 0.450000
vt 0.450000 0.450000
vt 0.500000 0.450000
vt 0.550000 0.450000
vt 0.600000 0.450000
vt 0.650000 0.450000
vt 0.700000 0.450000
vt 0.750000 0.450000
vt 0.800000 0.450000
vt 0.850000 0.450000
vt 0.900000 0.450000
vt 0.950000 0.450000
vt 1.000000 0.450000
vt 0.000000 0.500000
vt 0.050000 0.500000
vt 0.100000 0.500000
vt 0.150000 0.500000
vt 0.200000 0.500000
vt 0.250000 0.500000
vt 0.300000 0.500000
vt 0.350000 0.500000
vt 0.400000 0.500000
vt 0.450000 0.500000
vt 0.500000 0.500000
vt 0.550000 0.500000
vt 0.600000 0.500000
vt 0.650000 0.500000
vt 0.700000 0.500000
vt 0.750000 0.500000
vt 0.800000 0.500000
vt 0.850000 0.500000
vt 0.900000 0.500000
vt 0.950000 0.500000
vt 1.000000 0.500000
vt 0.000000 0.550000
vt 0.050000 0.550000
vt 0.100000 0.550000
vt 0.150000 0.550000
vt 0.200000 0.550000
vt 0.250000 0.550000
vt 0.300000 0.550000
vt 0.350000 0.550000
vt 0.400000 0.550000
vt 0.450000 0.550000
vt 0.500000 0.550000
vt 0.550000 0.550000
vt 0.600000 0.550000
vt 0.650000 0.550000
vt 0.700000 0.550000
vt 0.750000 0.550000
vt 0.800000 0.550000
vt 0.850000 0.550000
vt 0.900000 0.550000
vt 0.950000 0.550000
vt 1.000000 0.550000
vt 0.000000 0.600000
vt 0.050000 0.600000
vt 0.100000 0.600000
vt 0.150000 0.600000
vt 0.200000 0.600000
vt 0.250000 0.600000
vt 0.300000 0.600000
vt 0.350000 0.600000
vt 0.400000 0.600000
vt 0.450000 0.600000
vt 0.500000 0.600000
vt 0.550000 0.600000
vt 0.600000 0.600000
vt 0.650000 0.600000
vt 0.700000 0.600000
vt 0.750000 0.600000
vt 0.800000 0.600000
vt 0.850000 0.600000
vt 0.900000 0.600000
vt 0.950000 0.600000
vt 1.000000 0.600000
vt 0.000000 0.650000
vt 0.050000 0.650000
vt 0.100000 0.650000
vt 0.150000 0.650000
vt 0.200000 0.650000
vt 0.250000 0.650000
vt 0.300000 0.650000
vt 0.350000 0.650000
vt 0.400000 0.650000
vt 0.450000 0.650000
vt 0.500000 0.650000
vt 0.550000 0.650000
vt 0.600000 0.650000
vt 0.650000 0.650000
vt 0.700000 0.650000
vt 0.750000 0.650000
vt 0.800000 0.650000
vt 0.850000 0.650000
vt 0.900000 0.650000
vt 0.950000 0.650000
vt 1.000000 0.650000
vt 0.000000 0.700000
vt 0.050000 0.700000
vt 0.100000 0.700000
vt 0.150000 0.700000
vt 0.200000 0.700000
vt 0.250000 0.700000
vt 0.300000 0.700000
vt 0.350000 0.700000
vt 0.400000 0.700000
vt 0.450000 0.700000
vt 0.500000 0.700000
vt 0.550000 0.700000
vt 0.600000 0.700000
vt 0.650000 0.700000
vt 0.700000 0.700000
vt 0.750000 0.700000
vt 0.800000 0.700000
vt 0.850000 0.700000
vt 0.900000 0.700000
vt 0.950000 0.700000
vt 1.000000 0.700000
vt 0.000000 0.750000
vt 0.050000 0.750000
vt 0.100000 0.750000
vt 0.150000 0.750000
vt 0.200000 0.750000
vt 0.250000 0.750000
vt 0.300000 0.750000
vt 0.350000 0.750000
vt 0.400000 0.750000
vt 0.450000 0.750000
vt 0.500000 0.750000
vt 0.550000 0.750000
vt 0.600000 0.750000
vt 0.650000 0.750000
vt 0.700000 0.750000
vt 0.750000 0.750000
vt 0.800000 0.750000
vt 0.850000 0.750000
vt 0.900000 0.750000
vt 0.950000 0.750000
vt 1.000000 0.750000
vt 0.000000 0.800000
vt 0.050000 0.800000
vt 0.100000 0.800000
vt 0.150000 0.800000
vt 0.200000 0.800000
vt 0.250000 0.800000
vt 0.300000 0.800000
vt 0.350000 0.800000
vt 0.400000 0.800000
vt 0.450000 0.800000
vt 0.500000 0.800000
vt 0.550000 0.800000
vt 0.600000 0.800000
vt 0.650000 0.800000
vt 0.700000 0.800000
vt 0.750000 0.800000
vt 0.800000 0.800000
vt 0.850000 0.800000
vt 0.900000 0.800000
vt 0.950000 0.800000
vt 1.000000 0.800000
vt 0.000000 0.850000
vt 0.050000 0.850000
vt 0.100000 0.850000
vt 0.150000 0.850000
vt 0.200000 0.850000
vt 0.250000 0.850000
vt 0.300000 0.850000
vt 0.350000 0.850000
vt 0.400000 0.850000
vt 0.450000 0.850000
vt 0.500000 0.850000
vt 0.550000 0.850000
vt 0.600000 0.850000
vt 0.650000 0.850000
vt 0.700000 0.850000
vt 0.750000 0.850000
vt 0.800000 0.850000
vt 0.850000 0.850000
vt 0.900000 0.850000
vt 0.950000 0.850000
vt 1.000000 0.850000
vt 0.000000 0.900000
vt 0.050000 0.900000
vt 0.100000 0.900000
vt 0.150000 0.900000
vt 0.200000 0.900000
vt 0.250000 0.900000
vt 0.300000 0.900000
vt 0.350000 0.900000
vt 0.400000 0.900000
vt 0.450000 0.900000
vt 0.500000 0.900000
vt 0.550000 0.900000
vt 0.600000 0.900000
vt 0.650000 0.900000
vt 0.700000 0.900000
vt 0.750000 0.900000
vt 0.800000 0.900000
vt 0.850000 0.900000
vt 0.900000 0.900000
vt 0.950000 0.900000
vt 1.000000 0.900000
vt 0.000000 0.950000
vt 0.050000 0.950000
vt 0.100000 0.950000
vt 0.150000 0.950000
vt 0.200000 0.950000
vt 0.250000 0.950000
vt 0.300000 0.950000
vt 0.350000 0.950000
vt 0.400000 0.950000
vt 0.450000 0.950000
vt 0.500000 0.950000
vt 0.550000 0.950000
vt 0.600000 0.950000
vt 0.650000 0.950000
vt 0.700000 0.950000
vt 0.750000 0.950000
vt 0.800000 0.950000
vt 0.850000 0.950000
vt 0.900000 0.950000
vt 0.950000 0.950000
vt 1.000000 0.950000
vt 0.025000 0.000000
vt 0.075000 0.000000
vt 0.125000 0.000000
vt 0.175000 0.000000
vt 0.225000 0.000000
vt 0.275000 0.000000
vt 0.325000 0.000000
vt 0.375000 0.000000
vt 0.425000 0.000000
vt 0.475000 0.000000
vt 0.525000 0.000000
vt 0.575000 0.000000
vt 0.625000 0.000000
vt 0.675000 0.000000
vt 0.725000 0.000000
vt 0.775000 0.000000
vt 0.825000 0.000000
vt 0.875000 0.000000
vt 0.925000 0.000000
vt 0.975000 0.000000
vt 0.025000 1.000000
vt 0.075000 1.000000
vt 0.125000 1.000000
vt 0.175000 1.000000
vt 0.225000 1.000000
vt 0.275000 1.000000
vt 0.325000 1.000000
vt 0.375000 1.000000
vt 0.425000 1.000000
vt 0.475000 1.000000
vt 0.525000 1.000000
vt 0.575000 1.000000
vt 0.625000 1.000000
vt 0.675000 1.000000
vt 0.725000 1.000000
vt 0.775000 1.000000
vt 0.825000 1.000000
vt 0.875000 1.000000
vt 0.925000 1.000000
vt 0.975000 1.000000
vn 0.210451 -0.971705 -0.107235
vn 0.210451 -0.971705 -0.107235
vn 0.210451 -0.971705 -0.107235
vn 0.307374 -0.946801 -0.095332
vn 0.139353 -0.985442 -0.097386
vn 0.262871 -0.946801 -0.185651
vn 0.139353 -0.985442 -0.097386
vn 0.102439 -0.985443 -0.135681
vn 0.262871 -0.946801 -0.185651
vn 0.262871 -0.946801 -0.185651
vn 0.102439 -0.985443 -0.135681
vn 0.192635 -0.946801 -0.257796
vn 0.102439 -0.985443 -0.135681
vn 0.055497 -0.985442 -0.160696
vn 0.192635 -0.946801 -0.257796
vn 0.192635 -0.946801 -0.257796
vn 0.055497 -0.985442 -0.160696
vn 0.103544 -0.946801 -0.304706
vn 0.055497 -0.985442 -0.160696
vn 0.003123 -0.985442 -0.169981
vn 0.103544 -0.946801 -0.304706
vn 0.103544 -0.946801 -0.304706
vn 0.003123 -0.985442 -0.169981
vn 0.004317 -0.946802 -0.321789
vn 0.003123 -0.985442 -0.169981
vn -0.049557 -0.985443 -0.162626
vn 0.004317 -0.946802 -0.321789
vn 0.004317 -0.946802 -0.321789
vn -0.049557 -0.985443 -0.162626
vn -0.095333 -0.946801 -0.307374
vn -0.049557 -0.985443 -0.162626
vn -0.097386 -0.985442 -0.139353
vn -0.095333 -0.946801 -0.307374
vn -0.095333 -0.946801 -0.307374
vn -0.097386 -0.985442 -0.139353
vn -0.185651 -0.946801 -0.262871
vn -0.097386 -0.985442 -0.139353
vn -0.135682 -0.985442 -0.102439
vn -0.185651 -0.946801 -0.262871
vn -0.185651 -0.946801 -0.262871
vn -0.135682 -0.985442 -0.102439
vn -0.257796 -0.946801 -0.192635
vn -0.135682 -0.985442 -0.102439
vn -0.160696 -0.985442 -0.055497
vn -0.257796 -0.946801 -0.192635
vn -0.257796 -0.946801 -0.192635
vn -0.160696 -0.985442 -0.055497
vn -0.304706 -0.946801 -0.103544
vn -0.160696 -0.985442 -0.055497
vn -0.169981 -0.985442 -0.003123
vn -0.304706 -0.946801 -0.103544
vn -0.304706 -0.946801 -0.103544
vn -0.169981 -0.985442 -0.003123
vn -0.321790 -0.946801 -0.004318
vn -0.169981 -0.985442 -0.003123
vn -0.162626 -0.985443 0.049556
vn -0.321790 -0.946801 -0.004318
vn -0.321790 -0.946801 -0.004318
vn -0.162626 -0.985443 0.049556
vn -0.307374 -0.946801 0.095333
vn -0.162626 -0.985443 0.049556
vn -0.139353 -0.985443 0.097384
vn -0.307374 -0.946801 0.095333
vn -0.307374 -0.946801 0.095333
vn -0.139353 -0.985443 0.097384
vn -0.262871 -0.946801 0.185651
vn -0.139353 -0.985443 0.097384
vn -0.102439 -0.985443 0.135680
vn -0.262871 -0.946801 0.185651
vn -0.262871 -0.946801 0.185651
vn -0.102439 -0.985443 0.135680
vn -0.192636 -0.946801 0.257796
vn -0.102439 -0.985443 0.135680
vn -0.055497 -0.985442 0.160696
vn -0.192636 -0.946801 0.257796
vn -0.192636 -0.946801 0.257796
vn -0.055497 -0.985442 0.160696
vn -0.103544 -0.946801 0.304707
vn -0.055497 -0.985442 0.160696
vn -0.003123 -0.985442 0.169981
vn -0.103544 -0.946801 0.304707
vn -0.103544 -0.946801 0.304707
vn -0.003123 -0.985442 0.169981
vn -0.004317 -0.946802 0.321789
vn -0.003123 -0.985442 0.169981
vn 0.049557 -0.985442 0.162627
vn -0.004317 -0.946802 0.321789
vn -0.004317 -0.946802 0.321789
vn 0.049557 -0.985442 0.162627
vn 0.095333 -0.946801 0.307374
vn 0.049557 -0.985442 0.162627
vn 0.097386 -0.985442 0.139354
vn 0.095333 -0.946801 0.307374
vn 0.095333 -0.946801 0.307374
vn 0.097386 -0.985442 0.139354
vn 0.185651 -0.946801 0.262871
vn 0.097386 -0.985442 0.139354
vn 0.135682 -0.985442 0.102439
vn 0.185651 -0.946801 0.262871
vn 0.185651 -0.946801 0.262871
vn 0.135682 -0.985442 0.102439
vn 0.257796 -0.946801 0.192636
vn 0.135682 -0.985442 0.102439
vn 0.160696 -0.985442 0.055497
vn 0.257796 -0.946801 0.192636
vn 0.257796 -0.946801 0.192636
vn 0.160696 -0.985442 0.055497
vn 0.304706 -0.946801 0.103544
vn 0.160696 -0.985442 0.055497
vn 0.169981 -0.985442 0.003123
vn 0.304706 -0.946801 0.103544
vn 0.304706 -0.946801 0.103544
vn 0.169981 -0.985442 0.003123
vn 0.321790 -0.946801 0.004317
vn 0.169981 -0.985442 0.003123
vn 0.162626 -0.985443 -0.049556
vn 0.321790 -0.946801 0.004317
vn 0.321790 -0.946801 0.004317
vn 0.162626 -0.985443 -0.049556
vn 0.307374 -0.946801 -0.095332
vn 0.307374 -0.946801 -0.095332
vn 0.262871 -0.946801 -0.185651
vn 0.443773 -0.885332 -0.138754
vn 0.443773 -0.885332 -0.138754
vn 0.262871 -0.946801 -0.185651
vn 0.379175 -0.885332 -0.269096
vn 0.262871 -0.946801 -0.185651
vn 0.192635 -0.946801 -0.257796
vn 0.379175 -0.885332 -0.269096
vn 0.379175 -0.885332 -0.269096
vn 0.192635 -0.946801 -0.257796
vn 0.277462 -0.885332 -0.373097
vn 0.192635 -0.946801 -0.257796
vn 0.103544 -0.946801 -0.304706
vn 0.277462 -0.885332 -0.373097
vn 0.277462 -0.885332 -0.373097
vn 0.103544 -0.946801 -0.304706
vn 0.148589 -0.885332 -0.440577
vn 0.103544 -0.946801 -0.304706
vn 0.004317 -0.946802 -0.321789
vn 0.148589 -0.885332 -0.440577
vn 0.148589 -0.885332 -0.440577
vn 0.004317 -0.946802 -0.321789
vn 0.005170 -0.885332 -0.464930
vn 0.004317 -0.946802 -0.321789
vn -0.095333 -0.946801 -0.307374
vn 0.005170 -0.885332 -0.464930
vn 0.005170 -0.885332 -0.464930
vn -0.095333 -0.946801 -0.307374
vn -0.138754 -0.885332 -0.443773
vn -0.095333 -0.946801 -0.307374
vn -0.185651 -0.946801 -0.262871
vn -0.138754 -0.885332 -0.443773
vn -0.138754 -0.885332 -0.443773
vn -0.185651 -0.946801 -0.262871
vn -0.269096 -0.885332 -0.379175
vn -0.185651 -0.946801 -0.262871
vn -0.257796 -0.946801 -0.192635
vn -0.269096 -0.885332 -0.379175
vn -0.269096 -0.885332 -0.379175
vn -0.257796 -0.946801 -0.192635
vn -0.373097 -0.885332 -0.277462
vn -0.257796 -0.946801 -0.192635
vn -0.304706 -0.946801 -0.103544
vn -0.373097 -0.885332 -0.277462
vn -0.373097 -0.885332 -0.277462
vn -0.304706 -0.946801 -0.103544
vn -0.440577 -0.885332 -0.148589
vn -0.304706 -0.946801 -0.103544
vn -0.321790 -0.946801 -0.004318
vn -0.440577 -0.885332 -0.148589
vn -0.440577 -0.885332 -0.148589
vn -0.321790 -0.946801 -0.004318
vn -0.464930 -0.885332 -0.005171
vn -0.321790 -0.946801 -0.004318
vn -0.307374 -0.946801 0.095333
vn -0.464930 -0.885332 -0.005171
vn -0.464930 -0.885332 -0.005171
vn -0.307374 -0.946801 0.095333
vn -0.443773 -0.885332 0.138754
vn -0.307374 -0.946801 0.095333
vn -0.262871 -0.946801 0.185651
vn -0.443773 -0.885332 0.138754
vn -0.443773 -0.885332 0.138754
vn -0.262871 -0.946801 0.185651
vn -0.379175 -0.885332 0.269096
vn -0.262871 -0.946801 0.185651
vn -0.192636 -0.946801 0.257796
vn -0.379175 -0.885332 0.269096
vn -0.379175 -0.885332 0.269096
vn -0.192636 -0.946801 0.257796
vn -0.277462 -0.885332 0.373097
vn -0.192636 -0.946801 0.257796
vn -0.103544 -0.946801 0.304707
vn -0.277462 -0.885332 0.373097
vn -0.277462 -0.885332 0.373097
vn -0.103544 -0.946801 0.304707
vn -0.148589 -0.885332 0.440577
vn -0.103544 -0.946801 0.304707
vn -0.004317 -0.946802 0.321789
vn -0.148589 -0.885332 0.440577
vn -0.148589 -0.885332 0.440577
vn -0.004317 -0.946802 0.321789
vn -0.005170 -0.885332 0.464930
vn -0.004317 -0.946802 0.321789
vn 0.095333 -0.946801 0.307374
vn -0.005170 -0.885332 0.464930
vn -0.005170 -0.885332 0.464930
vn 0.095333 -0.946801 0.307374
vn 0.138754 -0.885332 0.443773
vn 0.095333 -0.946801 0.307374
vn 0.185651 -0.946801 0.262871
vn 0.138754 -0.885332 0.443773
vn 0.138754 -0.885332 0.443773
vn 0.185651 -0.946801 0.262871
vn 0.269096 -0.885332 0.379176
vn 0.185651 -0.946801 0.262871
vn 0.257796 -0.946801 0.192636
vn 0.269096 -0.885332 0.379176
vn 0.269096 -0.885332 0.379176
vn 0.257796 -0.946801 0.192636
vn 0.373097 -0.885332 0.277462
vn 0.257796 -0.946801 0.192636
vn 0.304706 -0.946801 0.103544
vn 0.373097 -0.885332 0.277462
vn 0.373097 -0.885332 0.277462
vn 0.304706 -0.946801 0.103544
vn 0.440577 -0.885332 0.148589
vn 0.304706 -0.946801 0.103544
vn 0.321790 -0.946801 0.004317
vn 0.440577 -0.885332 0.148589
vn 0.440577 -0.885332 0.148589
vn 0.321790 -0.946801 0.004317
vn 0.464930 -0.885332 0.005171
vn 0.321790 -0.946801 0.004317
vn 0.307374 -0.946801 -0.095332
vn 0.464930 -0.885332 0.005171
vn 0.464930 -0.885332 0.005171
vn 0.307374 -0.946801 -0.095332
vn 0.443773 -0.885332 -0.138754
vn 0.443773 -0.885332 -0.138754
vn 0.379175 -0.885332 -0.269096
vn 0.569006 -0.802583 -0.179146
vn 0.569006 -0.802583 -0.179146
vn 0.379175 -0.885332 -0.269096
vn 0.485797 -0.802583 -0.346211
vn 0.379175 -0.885332 -0.269096
vn 0.277462 -0.885332 -0.373097
vn 0.485797 -0.802583 -0.346211
vn 0.485797 -0.802583 -0.346211
vn 0.277462 -0.885332 -0.373097
vn 0.355036 -0.802583 -0.479386
vn 0.277462 -0.885332 -0.373097
vn 0.148589 -0.885332 -0.440577
vn 0.355036 -0.802583 -0.479386
vn 0.355036 -0.802583 -0.479386
vn 0.148589 -0.885332 -0.440577
vn 0.189521 -0.802583 -0.565635
vn 0.148589 -0.885332 -0.440577
vn 0.005170 -0.885332 -0.464930
vn 0.189521 -0.802583 -0.565635
vn 0.189521 -0.802583 -0.565635
vn 0.005170 -0.885332 -0.464930
vn 0.005454 -0.802583 -0.596516
vn 0.005170 -0.885332 -0.464930
vn -0.138754 -0.885332 -0.443773
vn 0.005454 -0.802583 -0.596516
vn 0.005454 -0.802583 -0.596516
vn -0.138754 -0.885332 -0.443773
vn -0.179147 -0.802583 -0.569006
vn -0.138754 -0.885332 -0.443773
vn -0.269096 -0.885332 -0.379175
vn -0.179147 -0.802583 -0.569006
vn -0.179147 -0.802583 -0.569006
vn -0.269096 -0.885332 -0.379175
vn -0.346211 -0.802583 -0.485797
vn -0.269096 -0.885332 -0.379175
vn -0.373097 -0.885332 -0.277462
vn -0.346211 -0.802583 -0.485797
vn -0.346211 -0.802583 -0.485797
vn -0.373097 -0.885332 -0.277462
vn -0.479386 -0.802583 -0.355036
vn -0.373097 -0.885332 -0.277462
vn -0.440577 -0.885332 -0.148589
vn -0.479386 -0.802583 -0.355036
vn -0.479386 -0.802583 -0.355036
vn -0.440577 -0.885332 -0.148589
vn -0.565635 -0.802583 -0.189521
vn -0.440577 -0.885332 -0.148589
vn -0.464930 -0.885332 -0.005171
vn -0.565635 -0.802583 -0.189521
vn -0.565635 -0.802583 -0.189521
vn -0.464930 -0.885332 -0.005171
vn -0.596516 -0.802583 -0.005454
vn -0.464930 -0.885332 -0.005171
vn -0.443773 -0.885332 0.138754
vn -0.596516 -0.802583 -0.005454
vn -0.596516 -0.802583 -0.005454
vn -0.443773 -0.885332 0.138754
vn -0.569006 -0.802583 0.179146
vn -0.443773 -0.885332 0.138754
vn -0.379175 -0.885332 0.269096
vn -0.569006 -0.802583 0.179146
vn -0.569006 -0.802583 0.179146
vn -0.379175 -0.885332 0.269096
vn -0.485797 -0.802583 0.346211
vn -0.379175 -0.885332 0.269096
vn -0.277462 -0.885332 0.373097
vn -0.485797 -0.802583 0.346211
vn -0.485797 -0.802583 0.346211
vn -0.277462 -0.885332 0.373097
vn -0.355036 -0.802583 0.479386
vn -0.277462 -0.885332 0.373097
vn -0.148589 -0.885332 0.440577
vn -0.355036 -0.802583 0.479386
vn -0.355036 -0.802583 0.479386
vn -0.148589 -0.885332 0.440577
vn -0.189521 -0.802583 0.565635
vn -0.148589 -0.885332 0.440577
vn -0.005170 -0.885332 0.464930
vn -0.189521 -0.802583 0.565635
vn -0.189521 -0.802583 0.565635
vn -0.005170 -0.885332 0.464930
vn -0.005454 -0.802583 0.596516
vn -0.005170 -0.885332 0.464930
vn 0.138754 -0.885332 0.443773
vn -0.005454 -0.802583 0.596516
vn -0.005454 -0.802583 0.596516
vn 0.138754 -0.885332 0.443773
vn 0.179146 -0.802583 0.569006
vn 0.138754 -0.885332 0.443773
vn 0.269096 -0.885332 0.379176
vn 0.179146 -0.802583 0.569006
vn 0.179146 -0.802583 0.569006
vn 0.269096 -0.885332 0.379176
vn 0.346211 -0.802582 0.485798
vn 0.269096 -0.885332 0.379176
vn 0.373097 -0.885332 0.277462
vn 0.346211 -0.802582 0.485798
vn 0.346211 -0.802582 0.485798
vn 0.373097 -0.885332 0.277462
vn 0.479386 -0.802583 0.355036
vn 0.373097 -0.885332 0.277462
vn 0.440577 -0.885332 0.148589
vn 0.479386 -0.802583 0.355036
vn 0.479386 -0.802583 0.355036
vn 0.440577 -0.885332 0.148589
vn 0.565635 -0.802583 0.189521
vn 0.440577 -0.885332 0.148589
vn 0.464930 -0.885332 0.005171
vn 0.565635 -0.802583 0.189521
vn 0.565635 -0.802583 0.189521
vn 0.464930 -0.885332 0.005171
vn 0.596516 -0.802582 0.005455
vn 0.464930 -0.885332 0.005171
vn 0.443773 -0.885332 -0.138754
vn 0.596516 -0.802582 0.005455
vn 0.596516 -0.802582 0.005455
vn 0.443773 -0.885332 -0.138754
vn 0.569006 -0.802583 -0.179146
vn 0.569006 -0.802583 -0.179146
vn 0.485797 -0.802583 -0.346211
vn 0.680269 -0.700559 -0.215525
vn 0.680269 -0.700559 -0.215525
vn 0.485797 -0.802583 -0.346211
vn 0.580373 -0.700559 -0.415192
vn 0.485797 -0.802583 -0.346211
vn 0.355036 -0.802583 -0.479386
vn 0.580373 -0.700559 -0.415192
vn 0.580373 -0.700559 -0.415192
vn 0.355036 -0.802583 -0.479386
vn 0.423666 -0.700559 -0.574216
vn 0.355036 -0.802583 -0.479386
vn 0.189521 -0.802583 -0.565635
vn 0.423666 -0.700559 -0.574216
vn 0.423666 -0.700559 -0.574216
vn 0.189521 -0.802583 -0.565635
vn 0.225488 -0.700559 -0.677032
vn 0.189521 -0.802583 -0.565635
vn 0.005454 -0.802583 -0.596516
vn 0.225488 -0.700559 -0.677032
vn 0.225488 -0.700559 -0.677032
vn 0.005454 -0.802583 -0.596516
vn 0.005237 -0.700559 -0.713576
vn 0.005454 -0.802583 -0.596516
vn -0.179147 -0.802583 -0.569006
vn 0.005237 -0.700559 -0.713576
vn 0.005237 -0.700559 -0.713576
vn -0.179147 -0.802583 -0.569006
vn -0.215526 -0.700559 -0.680269
vn -0.179147 -0.802583 -0.569006
vn -0.346211 -0.802583 -0.485797
vn -0.215526 -0.700559 -0.680269
vn -0.215526 -0.700559 -0.680269
vn -0.346211 -0.802583 -0.485797
vn -0.415192 -0.700559 -0.580373
vn -0.346211 -0.802583 -0.485797
vn -0.479386 -0.802583 -0.355036
vn -0.415192 -0.700559 -0.580373
vn -0.415192 -0.700559 -0.580373
vn -0.479386 -0.802583 -0.355036
vn -0.574217 -0.700559 -0.423666
vn -0.479386 -0.802583 -0.355036
vn -0.565635 -0.802583 -0.189521
vn -0.574217 -0.700559 -0.423666
vn -0.574217 -0.700559 -0.423666
vn -0.565635 -0.802583 -0.189521
vn -0.677032 -0.700559 -0.225488
vn -0.565635 -0.802583 -0.189521
vn -0.596516 -0.802583 -0.005454
vn -0.677032 -0.700559 -0.225488
vn -0.677032 -0.700559 -0.225488
vn -0.596516 -0.802583 -0.005454
vn -0.713576 -0.700559 -0.005237
vn -0.596516 -0.802583 -0.005454
vn -0.569006 -0.802583 0.179146
vn -0.713576 -0.700559 -0.005237
vn -0.713576 -0.700559 -0.005237
vn -0.569006 -0.802583 0.179146
vn -0.680269 -0.700559 0.215526
vn -0.569006 -0.802583 0.179146
vn -0.485797 -0.802583 0.346211
vn -0.680269 -0.700559 0.215526
vn -0.680269 -0.700559 0.215526
vn -0.485797 -0.802583 0.346211
vn -0.580373 -0.700559 0.415192
vn -0.485797 -0.802583 0.346211
vn -0.355036 -0.802583 0.479386
vn -0.580373 -0.700559 0.415192
vn -0.580373 -0.700559 0.415192
vn -0.355036 -0.802583 0.479386
vn -0.423666 -0.700559 0.574217
vn -0.355036 -0.802583 0.479386
vn -0.189521 -0.802583 0.565635
vn -0.423666 -0.700559 0.574217
vn -0.423666 -0.700559 0.574217
vn -0.189521 -0.802583 0.565635
vn -0.225488 -0.700559 0.677033
vn -0.189521 -0.802583 0.565635
vn -0.005454 -0.802583 0.596516
vn -0.225488 -0.700559 0.677033
vn -0.225488 -0.700559 0.677033
vn -0.005454 -0.802583 0.596516
vn -0.005237 -0.700559 0.713576
vn -0.005454 -0.802583 0.596516
vn 0.179146 -0.802583 0.569006
vn -0.005237 -0.700559 0.713576
vn -0.005237 -0.700559 0.713576
vn 0.179146 -0.802583 0.569006
vn 0.215526 -0.700558 0.680269
vn 0.179146 -0.802583 0.569006
vn 0.346211 -0.802582 0.485798
vn 0.215526 -0.700558 0.680269
vn 0.215526 -0.700558 0.680269
vn 0.346211 -0.802582 0.485798
vn 0.415192 -0.700559 0.580373
vn 0.346211 -0.802582 0.485798
vn 0.479386 -0.802583 0.355036
vn 0.415192 -0.700559 0.580373
vn 0.415192 -0.700559 0.580373
vn 0.479386 -0.802583 0.355036
vn 0.574217 -0.700559 0.423666
vn 0.479386 -0.802583 0.355036
vn 0.565635 -0.802583 0.189521
vn 0.574217 -0.700559 0.423666
vn 0.574217 -0.700559 0.423666
vn 0.565635 -0.802583 0.189521
vn 0.677032 -0.700559 0.225488
vn 0.565635 -0.802583 0.189521
vn 0.596516 -0.802582 0.005455
vn 0.677032 -0.700559 0.225488
vn 0.677032 -0.700559 0.225488
vn 0.596516 -0.802582 0.005455
vn 0.713576 -0.700558 0.005238
vn 0.596516 -0.802582 0.005455
vn 0.569006 -0.802583 -0.179146
vn 0.713576 -0.700558 0.005238
vn 0.713576 -0.700558 0.005238
vn 0.569006 -0.802583 -0.179146
vn 0.680269 -0.700559 -0.215525
vn 0.680269 -0.700559 -0.215525
vn 0.580373 -0.700559 -0.415192
vn 0.774995 -0.581722 -0.246947
vn 0.774995 -0.581722 -0.246947
vn 0.580373 -0.700559 -0.415192
vn 0.660752 -0.581722 -0.474348
vn 0.580373 -0.700559 -0.415192
vn 0.423666 -0.700559 -0.574216
vn 0.660752 -0.581722 -0.474348
vn 0.660752 -0.581722 -0.474348
vn 0.423666 -0.700559 -0.574216
vn 0.481831 -0.581722 -0.655315
vn 0.423666 -0.700559 -0.574216
vn 0.225488 -0.700559 -0.677032
vn 0.481831 -0.581722 -0.655315
vn 0.481831 -0.581722 -0.655315
vn 0.225488 -0.700559 -0.677032
vn 0.255745 -0.581722 -0.772136
vn 0.225488 -0.700559 -0.677032
vn 0.005237 -0.700559 -0.713576
vn 0.255745 -0.581722 -0.772136
vn 0.255745 -0.581722 -0.772136
vn 0.005237 -0.700559 -0.713576
vn 0.004625 -0.581722 -0.813375
vn 0.005237 -0.700559 -0.713576
vn -0.215526 -0.700559 -0.680269
vn 0.004625 -0.581722 -0.813375
vn 0.004625 -0.581722 -0.813375
vn -0.215526 -0.700559 -0.680269
vn -0.246948 -0.581722 -0.774994
vn -0.215526 -0.700559 -0.680269
vn -0.415192 -0.700559 -0.580373
vn -0.246948 -0.581722 -0.774994
vn -0.246948 -0.581722 -0.774994
vn -0.415192 -0.700559 -0.580373
vn -0.474348 -0.581722 -0.660752
vn -0.415192 -0.700559 -0.580373
vn -0.574217 -0.700559 -0.423666
vn -0.474348 -0.581722 -0.660752
vn -0.474348 -0.581722 -0.660752
vn -0.574217 -0.700559 -0.423666
vn -0.655315 -0.581722 -0.481831
vn -0.574217 -0.700559 -0.423666
vn -0.677032 -0.700559 -0.225488
vn -0.655315 -0.581722 -0.481831
vn -0.655315 -0.581722 -0.481831
vn -0.677032 -0.700559 -0.225488
vn -0.772136 -0.581722 -0.255745
vn -0.677032 -0.700559 -0.225488
vn -0.713576 -0.700559 -0.005237
vn -0.772136 -0.581722 -0.255745
vn -0.772136 -0.581722 -0.255745
vn -0.713576 -0.700559 -0.005237
vn -0.813375 -0.581722 -0.004625
vn -0.713576 -0.700559 -0.005237
vn -0.680269 -0.700559 0.215526
vn -0.813375 -0.581722 -0.004625
vn -0.813375 -0.581722 -0.004625
vn -0.680269 -0.700559 0.215526
vn -0.774994 -0.581722 0.246948
vn -0.680269 -0.700559 0.215526
vn -0.580373 -0.700559 0.415192
vn -0.774994 -0.581722 0.246948
vn -0.774994 -0.581722 0.246948
vn -0.580373 -0.700559 0.415192
vn -0.660752 -0.581722 0.474348
vn -0.580373 -0.700559 0.415192
vn -0.423666 -0.700559 0.574217
vn -0.660752 -0.581722 0.474348
vn -0.660752 -0.581722 0.474348
vn -0.423666 -0.700559 0.574217
vn -0.481831 -0.581722 0.655315
vn -0.423666 -0.700559 0.574217
vn -0.225488 -0.700559 0.677033
vn -0.481831 -0.581722 0.655315
vn -0.481831 -0.581722 0.655315
vn -0.225488 -0.700559 0.677033
vn -0.255745 -0.581722 0.772136
vn -0.225488 -0.700559 0.677033
vn -0.005237 -0.700559 0.713576
vn -0.255745 -0.581722 0.772136
vn -0.255745 -0.581722 0.772136
vn -0.005237 -0.700559 0.713576
vn -0.004625 -0.581722 0.813374
vn -0.005237 -0.700559 0.713576
vn 0.215526 -0.700558 0.680269
vn -0.004625 -0.581722 0.813374
vn -0.004625 -0.581722 0.813374
vn 0.215526 -0.700558 0.680269
vn 0.246948 -0.581722 0.774994
vn 0.215526 -0.700558 0.680269
vn 0.415192 -0.700559 0.580373
vn 0.246948 -0.581722 0.774994
vn 0.246948 -0.581722 0.774994
vn 0.415192 -0.700559 0.580373
vn 0.474348 -0.581722 0.660753
vn 0.415192 -0.700559 0.580373
vn 0.574217 -0.700559 0.423666
vn 0.474348 -0.581722 0.660753
vn 0.474348 -0.581722 0.660753
vn 0.574217 -0.700559 0.423666
vn 0.655315 -0.581722 0.481832
vn 0.574217 -0.700559 0.423666
vn 0.677032 -0.700559 0.225488
vn 0.655315 -0.581722 0.481832
vn 0.655315 -0.581722 0.481832
vn 0.677032 -0.700559 0.225488
vn 0.772136 -0.581722 0.255745
vn 0.677032 -0.700559 0.225488
vn 0.713576 -0.700558 0.005238
vn 0.772136 -0.581722 0.255745
vn 0.772136 -0.581722 0.255745
vn 0.713576 -0.700558 0.005238
vn 0.813375 -0.581722 0.004626
vn 0.713576 -0.700558 0.005238
vn 0.680269 -0.700559 -0.215525
vn 0.813375 -0.581722 0.004626
vn 0.813375 -0.581722 0.004626
vn 0.680269 -0.700559 -0.215525
vn 0.774995 -0.581722 -0.246947
vn 0.774995 -0.581722 -0.246947
vn 0.660752 -0.581722 -0.474348
vn 0.850971 -0.448937 -0.272589
vn 0.850971 -0.448937 -0.272589
vn 0.660752 -0.581722 -0.474348
vn 0.725086 -0.448937 -0.522213
vn 0.660752 -0.581722 -0.474348
vn 0.481831 -0.581722 -0.655315
vn 0.725086 -0.448937 -0.522213
vn 0.725086 -0.448937 -0.522213
vn 0.481831 -0.581722 -0.655315
vn 0.528225 -0.448937 -0.720718
vn 0.481831 -0.581722 -0.655315
vn 0.255745 -0.581722 -0.772136
vn 0.528225 -0.448937 -0.720718
vn 0.528225 -0.448937 -0.720718
vn 0.255745 -0.581722 -0.772136
vn 0.279658 -0.448937 -0.848674
vn 0.255745 -0.581722 -0.772136
vn 0.004625 -0.581722 -0.813375
vn 0.279658 -0.448937 -0.848674
vn 0.279658 -0.448937 -0.848674
vn 0.004625 -0.581722 -0.813375
vn 0.003715 -0.448937 -0.893556
vn 0.004625 -0.581722 -0.813375
vn -0.246948 -0.581722 -0.774994
vn 0.003715 -0.448937 -0.893556
vn 0.003715 -0.448937 -0.893556
vn -0.246948 -0.581722 -0.774994
vn -0.272590 -0.448937 -0.850970
vn -0.246948 -0.581722 -0.774994
vn -0.474348 -0.581722 -0.660752
vn -0.272590 -0.448937 -0.850970
vn -0.272590 -0.448937 -0.850970
vn -0.474348 -0.581722 -0.660752
vn -0.522213 -0.448937 -0.725085
vn -0.474348 -0.581722 -0.660752
vn -0.655315 -0.581722 -0.481831
vn -0.522213 -0.448937 -0.725085
vn -0.522213 -0.448937 -0.725085
vn -0.655315 -0.581722 -0.481831
vn -0.720718 -0.448937 -0.528225
vn -0.655315 -0.581722 -0.481831
vn -0.772136 -0.581722 -0.255745
vn -0.720718 -0.448937 -0.528225
vn -0.720718 -0.448937 -0.528225
vn -0.772136 -0.581722 -0.255745
vn -0.848674 -0.448937 -0.279657
vn -0.772136 -0.581722 -0.255745
vn -0.813375 -0.581722 -0.004625
vn -0.848674 -0.448937 -0.279657
vn -0.848674 -0.448937 -0.279657
vn -0.813375 -0.581722 -0.004625
vn -0.893556 -0.448937 -0.003716
vn -0.813375 -0.581722 -0.004625
vn -0.774994 -0.581722 0.246948
vn -0.893556 -0.448937 -0.003716
vn -0.893556 -0.448937 -0.003716
vn -0.774994 -0.581722 0.246948
vn -0.850970 -0.448937 0.272590
vn -0.774994 -0.581722 0.246948
vn -0.660752 -0.581722 0.474348
vn -0.850970 -0.448937 0.272590
vn -0.850970 -0.448937 0.272590
vn -0.660752 -0.581722 0.474348
vn -0.725086 -0.448937 0.522213
vn -0.660752 -0.581722 0.474348
vn -0.481831 -0.581722 0.655315
vn -0.725086 -0.448937 0.522213
vn -0.725086 -0.448937 0.522213
vn -0.481831 -0.581722 0.655315
vn -0.528225 -0.448937 0.720718
vn -0.481831 -0.581722 0.655315
vn -0.255745 -0.581722 0.772136
vn -0.528225 -0.448937 0.720718
vn -0.528225 -0.448937 0.720718
vn -0.255745 -0.581722 0.772136
vn -0.279658 -0.448937 0.848674
vn -0.255745 -0.581722 0.772136
vn -0.004625 -0.581722 0.813374
vn -0.279658 -0.448937 0.848674
vn -0.279658 -0.448937 0.848674
vn -0.004625 -0.581722 0.813374
vn -0.003716 -0.448937 0.893556
vn -0.004625 -0.581722 0.813374
vn 0.246948 -0.581722 0.774994
vn -0.003716 -0.448937 0.893556
vn -0.003716 -0.448937 0.893556
vn 0.246948 -0.581722 0.774994
vn 0.272590 -0.448937 0.850970
vn 0.246948 -0.581722 0.774994
vn 0.474348 -0.581722 0.660753
vn 0.272590 -0.448937 0.850970
vn 0.272590 -0.448937 0.850970
vn 0.474348 -0.581722 0.660753
vn 0.522213 -0.448937 0.725086
vn 0.474348 -0.581722 0.660753
vn 0.655315 -0.581722 0.481832
vn 0.522213 -0.448937 0.725086
vn 0.522213 -0.448937 0.725086
vn 0.655315 -0.581722 0.481832
vn 0.720718 -0.448937 0.528225
vn 0.655315 -0.581722 0.481832
vn 0.772136 -0.581722 0.255745
vn 0.720718 -0.448937 0.528225
vn 0.720718 -0.448937 0.528225
vn 0.772136 -0.581722 0.255745
vn 0.848674 -0.448937 0.279658
vn 0.772136 -0.581722 0.255745
vn 0.813375 -0.581722 0.004626
vn 0.848674 -0.448937 0.279658
vn 0.848674 -0.448937 0.279658
vn 0.813375 -0.581722 0.004626
vn 0.893556 -0.448937 0.003716
vn 0.813375 -0.581722 0.004626
vn 0.774995 -0.581722 -0.246947
vn 0.893556 -0.448937 0.003716
vn 0.893556 -0.448937 0.003716
vn 0.774995 -0.581722 -0.246947
vn 0.850971 -0.448937 -0.272589
vn 0.850971 -0.448937 -0.272589
vn 0.725086 -0.448937 -0.522213
vn 0.906418 -0.305397 -0.291786
vn 0.906418 -0.305397 -0.291786
vn 0.725086 -0.448937 -0.522213
vn 0.771887 -0.305397 -0.557605
vn 0.725086 -0.448937 -0.522213
vn 0.528225 -0.448937 -0.720718
vn 0.771887 -0.305397 -0.557605
vn 0.771887 -0.305397 -0.557605
vn 0.528225 -0.448937 -0.720718
vn 0.561799 -0.305397 -0.768840
vn 0.528225 -0.448937 -0.720718
vn 0.279658 -0.448937 -0.848674
vn 0.561799 -0.305397 -0.768840
vn 0.561799 -0.305397 -0.768840
vn 0.279658 -0.448937 -0.848674
vn 0.296718 -0.305397 -0.904815
vn 0.279658 -0.448937 -0.848674
vn 0.003715 -0.448937 -0.893556
vn 0.296718 -0.305397 -0.904815
vn 0.296718 -0.305397 -0.904815
vn 0.003715 -0.448937 -0.893556
vn 0.002592 -0.305397 -0.952222
vn 0.003715 -0.448937 -0.893556
vn -0.272590 -0.448937 -0.850970
vn 0.002592 -0.305397 -0.952222
vn 0.002592 -0.305397 -0.952222
vn -0.272590 -0.448937 -0.850970
vn -0.291788 -0.305397 -0.906417
vn -0.272590 -0.448937 -0.850970
vn -0.522213 -0.448937 -0.725085
vn -0.291788 -0.305397 -0.906417
vn -0.291788 -0.305397 -0.906417
vn -0.522213 -0.448937 -0.725085
vn -0.557605 -0.305397 -0.771887
vn -0.522213 -0.448937 -0.725085
vn -0.720718 -0.448937 -0.528225
vn -0.557605 -0.305397 -0.771887
vn -0.557605 -0.305397 -0.771887
vn -0.720718 -0.448937 -0.528225
vn -0.768840 -0.305397 -0.561799
vn -0.720718 -0.448937 -0.528225
vn -0.848674 -0.448937 -0.279657
vn -0.768840 -0.305397 -0.561799
vn -0.768840 -0.305397 -0.561799
vn -0.848674 -0.448937 -0.279657
vn -0.904816 -0.305397 -0.296718
vn -0.848674 -0.448937 -0.279657
vn -0.893556 -0.448937 -0.003716
vn -0.904816 -0.305397 -0.296718
vn -0.904816 -0.305397 -0.296718
vn -0.893556 -0.448937 -0.003716
vn -0.952222 -0.305397 -0.002592
vn -0.893556 -0.448937 -0.003716
vn -0.850970 -0.448937 0.272590
vn -0.952222 -0.305397 -0.002592
vn -0.952222 -0.305397 -0.002592
vn -0.850970 -0.448937 0.272590
vn -0.906418 -0.305397 0.291787
vn -0.850970 -0.448937 0.272590
vn -0.725086 -0.448937 0.522213
vn -0.906418 -0.305397 0.291787
vn -0.906418 -0.305397 0.291787
vn -0.725086 -0.448937 0.522213
vn -0.771887 -0.305397 0.557605
vn -0.725086 -0.448937 0.522213
vn -0.528225 -0.448937 0.720718
vn -0.771887 -0.305397 0.557605
vn -0.771887 -0.305397 0.557605
vn -0.528225 -0.448937 0.720718
vn -0.561799 -0.305397 0.768840
vn -0.528225 -0.448937 0.720718
vn -0.279658 -0.448937 0.848674
vn -0.561799 -0.305397 0.768840
vn -0.561799 -0.305397 0.768840
vn -0.279658 -0.448937 0.848674
vn -0.296718 -0.305397 0.904815
vn -0.279658 -0.448937 0.848674
vn -0.003716 -0.448937 0.893556
vn -0.296718 -0.305397 0.904815
vn -0.296718 -0.305397 0.904815
vn -0.003716 -0.448937 0.893556
vn -0.002592 -0.305397 0.952222
vn -0.003716 -0.448937 0.893556
vn 0.272590 -0.448937 0.850970
vn -0.002592 -0.305397 0.952222
vn -0.002592 -0.305397 0.952222
vn 0.272590 -0.448937 0.850970
vn 0.291787 -0.305397 0.906418
vn 0.272590 -0.448937 0.850970
vn 0.522213 -0.448937 0.725086
vn 0.291787 -0.305397 0.906418
vn 0.291787 -0.305397 0.906418
vn 0.522213 -0.448937 0.725086
vn 0.557605 -0.305397 0.771887
vn 0.522213 -0.448937 0.725086
vn 0.720718 -0.448937 0.528225
vn 0.557605 -0.305397 0.771887
vn 0.557605 -0.305397 0.771887
vn 0.720718 -0.448937 0.528225
vn 0.768840 -0.305397 0.561799
vn 0.720718 -0.448937 0.528225
vn 0.848674 -0.448937 0.279658
vn 0.768840 -0.305397 0.561799
vn 0.768840 -0.305397 0.561799
vn 0.848674 -0.448937 0.279658
vn 0.904816 -0.305397 0.296718
vn 0.848674 -0.448937 0.279658
vn 0.893556 -0.448937 0.003716
vn 0.904816 -0.305397 0.296718
vn 0.904816 -0.305397 0.296718
vn 0.893556 -0.448937 0.003716
vn 0.952222 -0.305397 0.002593
vn 0.893556 -0.448937 0.003716
vn 0.850971 -0.448937 -0.272589
vn 0.952222 -0.305397 0.002593
vn 0.952222 -0.305397 0.002593
vn 0.850971 -0.448937 -0.272589
vn 0.906418 -0.305397 -0.291786
vn 0.906418 -0.305397 -0.291786
vn 0.771887 -0.305397 -0.557605
vn 0.940040 -0.154547 -0.304038
vn 0.940040 -0.154547 -0.304038
vn 0.771887 -0.305397 -0.557605
vn 0.800078 -0.154547 -0.579647
vn 0.771887 -0.305397 -0.557605
vn 0.561799 -0.305397 -0.768840
vn 0.800078 -0.154547 -0.579647
vn 0.800078 -0.154547 -0.579647
vn 0.561799 -0.305397 -0.768840
vn 0.581799 -0.154547 -0.798515
vn 0.561799 -0.305397 -0.768840
vn 0.296718 -0.305397 -0.904815
vn 0.581799 -0.154547 -0.798515
vn 0.581799 -0.154547 -0.798515
vn 0.296718 -0.305397 -0.904815
vn 0.306569 -0.154547 -0.939218
vn 0.296718 -0.305397 -0.904815
vn 0.002592 -0.305397 -0.952222
vn 0.306569 -0.154547 -0.939218
vn 0.306569 -0.154547 -0.939218
vn 0.002592 -0.305397 -0.952222
vn 0.001330 -0.154547 -0.987985
vn 0.002592 -0.305397 -0.952222
vn -0.291788 -0.305397 -0.906417
vn 0.001330 -0.154547 -0.987985
vn 0.001330 -0.154547 -0.987985
vn -0.291788 -0.305397 -0.906417
vn -0.304039 -0.154547 -0.940040
vn -0.291788 -0.305397 -0.906417
vn -0.557605 -0.305397 -0.771887
vn -0.304039 -0.154547 -0.940040
vn -0.304039 -0.154547 -0.940040
vn -0.557605 -0.305397 -0.771887
vn -0.579647 -0.154547 -0.800078
vn -0.557605 -0.305397 -0.771887
vn -0.768840 -0.305397 -0.561799
vn -0.579647 -0.154547 -0.800078
vn -0.579647 -0.154547 -0.800078
vn -0.768840 -0.305397 -0.561799
vn -0.798515 -0.154547 -0.581799
vn -0.768840 -0.305397 -0.561799
vn -0.904816 -0.305397 -0.296718
vn -0.798515 -0.154547 -0.581799
vn -0.798515 -0.154547 -0.581799
vn -0.904816 -0.305397 -0.296718
vn -0.939218 -0.154547 -0.306569
vn -0.904816 -0.305397 -0.296718
vn -0.952222 -0.305397 -0.002592
vn -0.939218 -0.154547 -0.306569
vn -0.939218 -0.154547 -0.306569
vn -0.952222 -0.305397 -0.002592
vn -0.987985 -0.154547 -0.001330
vn -0.952222 -0.305397 -0.002592
vn -0.906418 -0.305397 0.291787
vn -0.987985 -0.154547 -0.001330
vn -0.987985 -0.154547 -0.001330
vn -0.906418 -0.305397 0.291787
vn -0.940040 -0.154547 0.304039
vn -0.906418 -0.305397 0.291787
vn -0.771887 -0.305397 0.557605
vn -0.940040 -0.154547 0.304039
vn -0.940040 -0.154547 0.304039
vn -0.771887 -0.305397 0.557605
vn -0.800078 -0.154547 0.579647
vn -0.771887 -0.305397 0.557605
vn -0.561799 -0.305397 0.768840
vn -0.800078 -0.154547 0.579647
vn -0.800078 -0.154547 0.579647
vn -0.561799 -0.305397 0.768840
vn -0.581799 -0.154547 0.798514
vn -0.561799 -0.305397 0.768840
vn -0.296718 -0.305397 0.904815
vn -0.581799 -0.154547 0.798514
vn -0.581799 -0.154547 0.798514
vn -0.296718 -0.305397 0.904815
vn -0.306569 -0.154547 0.939218
vn -0.296718 -0.305397 0.904815
vn -0.002592 -0.305397 0.952222
vn -0.306569 -0.154547 0.939218
vn -0.306569 -0.154547 0.939218
vn -0.002592 -0.305397 0.952222
vn -0.001330 -0.154547 0.987985
vn -0.002592 -0.305397 0.952222
vn 0.291787 -0.305397 0.906418
vn -0.001330 -0.154547 0.987985
vn -0.001330 -0.154547 0.987985
vn 0.291787 -0.305397 0.906418
vn 0.304039 -0.154547 0.940040
vn 0.291787 -0.305397 0.906418
vn 0.557605 -0.305397 0.771887
vn 0.304039 -0.154547 0.940040
vn 0.304039 -0.154547 0.940040
vn 0.557605 -0.305397 0.771887
vn 0.579647 -0.154547 0.800078
vn 0.557605 -0.305397 0.771887
vn 0.768840 -0.305397 0.561799
vn 0.579647 -0.154547 0.800078
vn 0.579647 -0.154547 0.800078
vn 0.768840 -0.305397 0.561799
vn 0.798514 -0.154547 0.581799
vn 0.768840 -0.305397 0.561799
vn 0.904816 -0.305397 0.296718
vn 0.798514 -0.154547 0.581799
vn 0.798514 -0.154547 0.581799
vn 0.904816 -0.305397 0.296718
vn 0.939218 -0.154547 0.306569
vn 0.904816 -0.305397 0.296718
vn 0.952222 -0.305397 0.002593
vn 0.939218 -0.154547 0.306569
vn 0.939218 -0.154547 0.306569
vn 0.952222 -0.305397 0.002593
vn 0.987985 -0.154547 0.001331
vn 0.952222 -0.305397 0.002593
vn 0.906418 -0.305397 -0.291786
vn 0.987985 -0.154547 0.001331
vn 0.987985 -0.154547 0.001331
vn 0.906418 -0.305397 -0.291786
vn 0.940040 -0.154547 -0.304038
vn 0.940040 -0.154547 -0.304038
vn 0.800078 -0.154547 -0.579647
vn 0.951057 0.000000 -0.309016
vn 0.951057 0.000000 -0.309016
vn 0.800078 -0.154547 -0.579647
vn 0.809017 0.000000 -0.587785
vn 0.800078 -0.154547 -0.579647
vn 0.581799 -0.154547 -0.798515
vn 0.809017 0.000000 -0.587785
vn 0.809017 0.000000 -0.587785
vn 0.581799 -0.154547 -0.798515
vn 0.587785 0.000000 -0.809017
vn 0.581799 -0.154547 -0.798515
vn 0.306569 -0.154547 -0.939218
vn 0.587785 0.000000 -0.809017
vn 0.587785 0.000000 -0.809017
vn 0.306569 -0.154547 -0.939218
vn 0.309017 0.000000 -0.951057
vn 0.306569 -0.154547 -0.939218
vn 0.001330 -0.154547 -0.987985
vn 0.309017 0.000000 -0.951057
vn 0.309017 0.000000 -0.951057
vn 0.001330 -0.154547 -0.987985
vn -0.000000 0.000000 -1.000000
vn 0.001330 -0.154547 -0.987985
vn -0.304039 -0.154547 -0.940040
vn -0.000000 0.000000 -1.000000
vn -0.000000 0.000000 -1.000000
vn -0.304039 -0.154547 -0.940040
vn -0.309017 0.000000 -0.951056
vn -0.304039 -0.154547 -0.940040
vn -0.579647 -0.154547 -0.800078
vn -0.309017 0.000000 -0.951056
vn -0.309017 0.000000 -0.951056
vn -0.579647 -0.154547 -0.800078
vn -0.587785 0.000000 -0.809017
vn -0.579647 -0.154547 -0.800078
vn -0.798515 -0.154547 -0.581799
vn -0.587785 0.000000 -0.809017
vn -0.587785 0.000000 -0.809017
vn -0.798515 -0.154547 -0.581799
vn -0.809017 0.000000 -0.587785
vn -0.798515 -0.154547 -0.581799
vn -0.939218 -0.154547 -0.306569
vn -0.809017 0.000000 -0.587785
vn -0.809017 0.000000 -0.587785
vn -0.939218 -0.154547 -0.306569
vn -0.951056 0.000000 -0.309017
vn -0.939218 -0.154547 -0.306569
vn -0.987985 -0.154547 -0.001330
vn -0.951056 0.000000 -0.309017
vn -0.951056 0.000000 -0.309017
vn -0.987985 -0.154547 -0.001330
vn -1.000000 0.000000 0.000000
vn -0.987985 -0.154547 -0.001330
vn -0.940040 -0.154547 0.304039
vn -1.000000 0.000000 0.000000
vn -1.000000 0.000000 0.000000
vn -0.940040 -0.154547 0.304039
vn -0.951056 0.000000 0.309017
vn -0.940040 -0.154547 0.304039
vn -0.800078 -0.154547 0.579647
vn -0.951056 0.000000 0.309017
vn -0.951056 0.000000 0.309017
vn -0.800078 -0.154547 0.579647
vn -0.809017 0.000000 0.587785
vn -0.800078 -0.154547 0.579647
vn -0.581799 -0.154547 0.798514
vn -0.809017 0.000000 0.587785
vn -0.809017 0.000000 0.587785
vn -0.581799 -0.154547 0.798514
vn -0.587785 0.000000 0.809017
vn -0.581799 -0.154547 0.798514
vn -0.306569 -0.154547 0.939218
vn -0.587785 0.000000 0.809017
vn -0.587785 0.000000 0.809017
vn -0.306569 -0.154547 0.939218
vn -0.309017 0.000000 0.951057
vn -0.306569 -0.154547 0.939218
vn -0.001330 -0.154547 0.987985
vn -0.309017 0.000000 0.951057
vn -0.309017 0.000000 0.951057
vn -0.001330 -0.154547 0.987985
vn 0.000000 0.000000 1.000000
vn -0.001330 -0.154547 0.987985
vn 0.304039 -0.154547 0.940040
vn 0.000000 0.000000 1.000000
vn 0.000000 0.000000 1.000000
vn 0.304039 -0.154547 0.940040
vn 0.309017 0.000000 0.951056
vn 0.304039 -0.154547 0.940040
vn 0.579647 -0.154547 0.800078
vn 0.309017 0.000000 0.951056
vn 0.309017 0.000000 0.951056
vn 0.579647 -0.154547 0.800078
vn 0.587785 -0.000000 0.809017
vn 0.579647 -0.154547 0.800078
vn 0.798514 -0.154547 0.581799
vn 0.587785 -0.000000 0.809017
vn 0.587785 -0.000000 0.809017
vn 0.798514 -0.154547 0.581799
vn 0.809017 0.000000 0.587785
vn 0.798514 -0.154547 0.581799
vn 0.939218 -0.154547 0.306569
vn 0.809017 0.000000 0.587785
vn 0.809017 0.000000 0.587785
vn 0.939218 -0.154547 0.306569
vn 0.951056 -0.000000 0.309017
vn 0.939218 -0.154547 0.306569
vn 0.987985 -0.154547 0.001331
vn 0.951056 -0.000000 0.309017
vn 0.951056 -0.000000 0.309017
vn 0.987985 -0.154547 0.001331
vn 1.000000 0.000000 0.000001
vn 0.987985 -0.154547 0.001331
vn 0.940040 -0.154547 -0.304038
vn 1.000000 0.000000 0.000001
vn 1.000000 0.000000 0.000001
vn 0.940040 -0.154547 -0.304038
vn 0.951057 0.000000 -0.309016
vn 0.951057 0.000000 -0.309016
vn 0.809017 0.000000 -0.587785
vn 0.939218 0.154547 -0.306568
vn 0.939218 0.154547 -0.306568
vn 0.809017 0.000000 -0.587785
vn 0.798514 0.154548 -0.581799
vn 0.809017 0.000000 -0.587785
vn 0.587785 0.000000 -0.809017
vn 0.798514 0.154548 -0.581799
vn 0.798514 0.154548 -0.581799
vn 0.587785 0.000000 -0.809017
vn 0.579647 0.154547 -0.800078
vn 0.587785 0.000000 -0.809017
vn 0.309017 0.000000 -0.951057
vn 0.579647 0.154547 -0.800078
vn 0.579647 0.154547 -0.800078
vn 0.309017 0.000000 -0.951057
vn 0.304039 0.154547 -0.940040
vn 0.309017 0.000000 -0.951057
vn -0.000000 0.000000 -1.000000
vn 0.304039 0.154547 -0.940040
vn 0.304039 0.154547 -0.940040
vn -0.000000 0.000000 -1.000000
vn -0.001330 0.154547 -0.987985
vn -0.000000 0.000000 -1.000000
vn -0.309017 0.000000 -0.951056
vn -0.001330 0.154547 -0.987985
vn -0.001330 0.154547 -0.987985
vn -0.309017 0.000000 -0.951056
vn -0.306569 0.154547 -0.939218
vn -0.309017 0.000000 -0.951056
vn -0.587785 0.000000 -0.809017
vn -0.306569 0.154547 -0.939218
vn -0.306569 0.154547 -0.939218
vn -0.587785 0.000000 -0.809017
vn -0.581799 0.154547 -0.798514
vn -0.587785 0.000000 -0.809017
vn -0.809017 0.000000 -0.587785
vn -0.581799 0.154547 -0.798514
vn -0.581799 0.154547 -0.798514
vn -0.809017 0.000000 -0.587785
vn -0.800078 0.154547 -0.579646
vn -0.809017 0.000000 -0.587785
vn -0.951056 0.000000 -0.309017
vn -0.800078 0.154547 -0.579646
vn -0.800078 0.154547 -0.579646
vn -0.951056 0.000000 -0.309017
vn -0.940040 0.154547 -0.304039
vn -0.951056 0.000000 -0.309017
vn -1.000000 0.000000 0.000000
vn -0.940040 0.154547 -0.304039
vn -0.940040 0.154547 -0.304039
vn -1.000000 0.000000 0.000000
vn -0.987985 0.154547 0.001330
vn -1.000000 0.000000 0.000000
vn -0.951056 0.000000 0.309017
vn -0.987985 0.154547 0.001330
vn -0.987985 0.154547 0.001330
vn -0.951056 0.000000 0.309017
vn -0.939218 0.154547 0.306569
vn -0.951056 0.000000 0.309017
vn -0.809017 0.000000 0.587785
vn -0.939218 0.154547 0.306569
vn -0.939218 0.154547 0.306569
vn -0.809017 0.000000 0.587785
vn -0.798514 0.154547 0.581799
vn -0.809017 0.000000 0.587785
vn -0.587785 0.000000 0.809017
vn -0.798514 0.154547 0.581799
vn -0.798514 0.154547 0.581799
vn -0.587785 0.000000 0.809017
vn -0.579646 0.154547 0.800078
vn -0.587785 0.000000 0.809017
vn -0.309017 0.000000 0.951057
vn -0.579646 0.154547 0.800078
vn -0.579646 0.154547 0.800078
vn -0.309017 0.000000 0.951057
vn -0.304039 0.154547 0.940040
vn -0.309017 0.000000 0.951057
vn 0.000000 0.000000 1.000000
vn -0.304039 0.154547 0.940040
vn -0.304039 0.154547 0.940040
vn 0.000000 0.000000 1.000000
vn 0.001330 0.154547 0.987985
vn 0.000000 0.000000 1.000000
vn 0.309017 0.000000 0.951056
vn 0.001330 0.154547 0.987985
vn 0.001330 0.154547 0.987985
vn 0.309017 0.000000 0.951056
vn 0.306569 0.154547 0.939218
vn 0.309017 0.000000 0.951056
vn 0.587785 -0.000000 0.809017
vn 0.306569 0.154547 0.939218
vn 0.306569 0.154547 0.939218
vn 0.587785 -0.000000 0.809017
vn 0.581799 0.154547 0.798514
vn 0.587785 -0.000000 0.809017
vn 0.809017 0.000000 0.587785
vn 0.581799 0.154547 0.798514
vn 0.581799 0.154547 0.798514
vn 0.809017 0.000000 0.587785
vn 0.800078 0.154547 0.579647
vn 0.809017 0.000000 0.587785
vn 0.951056 -0.000000 0.309017
vn 0.800078 0.154547 0.579647
vn 0.800078 0.154547 0.579647
vn 0.951056 -0.000000 0.309017
vn 0.940040 0.154547 0.304039
vn 0.951056 -0.000000 0.309017
vn 1.000000 0.000000 0.000001
vn 0.940040 0.154547 0.304039
vn 0.940040 0.154547 0.304039
vn 1.000000 0.000000 0.000001
vn 0.987985 0.154547 -0.001329
vn 1.000000 0.000000 0.000001
vn 0.951057 0.000000 -0.309016
vn 0.987985 0.154547 -0.001329
vn 0.987985 0.154547 -0.001329
vn 0.951057 0.000000 -0.309016
vn 0.939218 0.154547 -0.306568
vn 0.939218 0.154547 -0.306568
vn 0.798514 0.154548 -0.581799
vn 0.904816 0.305397 -0.296717
vn 0.904816 0.305397 -0.296717
vn 0.798514 0.154548 -0.581799
vn 0.768840 0.305397 -0.561799
vn 0.798514 0.154548 -0.581799
vn 0.579647 0.154547 -0.800078
vn 0.768840 0.305397 -0.561799
vn 0.768840 0.305397 -0.561799
vn 0.579647 0.154547 -0.800078
vn 0.557605 0.305397 -0.771887
vn 0.579647 0.154547 -0.800078
vn 0.304039 0.154547 -0.940040
vn 0.557605 0.305397 -0.771887
vn 0.557605 0.305397 -0.771887
vn 0.304039 0.154547 -0.940040
vn 0.291787 0.305397 -0.906418
vn 0.304039 0.154547 -0.940040
vn -0.001330 0.154547 -0.987985
vn 0.291787 0.305397 -0.906418
vn 0.291787 0.305397 -0.906418
vn -0.001330 0.154547 -0.987985
vn -0.002592 0.305397 -0.952222
vn -0.001330 0.154547 -0.987985
vn -0.306569 0.154547 -0.939218
vn -0.002592 0.305397 -0.952222
vn -0.002592 0.305397 -0.952222
vn -0.306569 0.154547 -0.939218
vn -0.296718 0.305397 -0.904815
vn -0.306569 0.154547 -0.939218
vn -0.581799 0.154547 -0.798514
vn -0.296718 0.305397 -0.904815
vn -0.296718 0.305397 -0.904815
vn -0.581799 0.154547 -0.798514
vn -0.561799 0.305397 -0.768840
vn -0.581799 0.154547 -0.798514
vn -0.800078 0.154547 -0.579646
vn -0.561799 0.305397 -0.768840
vn -0.561799 0.305397 -0.768840
vn -0.800078 0.154547 -0.579646
vn -0.771887 0.305397 -0.557604
vn -0.800078 0.154547 -0.579646
vn -0.940040 0.154547 -0.304039
vn -0.771887 0.305397 -0.557604
vn -0.771887 0.305397 -0.557604
vn -0.940040 0.154547 -0.304039
vn -0.906418 0.305397 -0.291787
vn -0.940040 0.154547 -0.304039
vn -0.987985 0.154547 0.001330
vn -0.906418 0.305397 -0.291787
vn -0.906418 0.305397 -0.291787
vn -0.987985 0.154547 0.001330
vn -0.952222 0.305397 0.002592
vn -0.987985 0.154547 0.001330
vn -0.939218 0.154547 0.306569
vn -0.952222 0.305397 0.002592
vn -0.952222 0.305397 0.002592
vn -0.939218 0.154547 0.306569
vn -0.904815 0.305397 0.296718
vn -0.939218 0.154547 0.306569
vn -0.798514 0.154547 0.581799
vn -0.904815 0.305397 0.296718
vn -0.904815 0.305397 0.296718
vn -0.798514 0.154547 0.581799
vn -0.768840 0.305397 0.561799
vn -0.798514 0.154547 0.581799
vn -0.579646 0.154547 0.800078
vn -0.768840 0.305397 0.561799
vn -0.768840 0.305397 0.561799
vn -0.579646 0.154547 0.800078
vn -0.557605 0.305397 0.771887
vn -0.579646 0.154547 0.800078
vn -0.304039 0.154547 0.940040
vn -0.557605 0.305397 0.771887
vn -0.557605 0.305397 0.771887
vn -0.304039 0.154547 0.940040
vn -0.291787 0.305397 0.906418
vn -0.304039 0.154547 0.940040
vn 0.001330 0.154547 0.987985
vn -0.291787 0.305397 0.906418
vn -0.291787 0.305397 0.906418
vn 0.001330 0.154547 0.987985
vn 0.002592 0.305397 0.952222
vn 0.001330 0.154547 0.987985
vn 0.306569 0.154547 0.939218
vn 0.002592 0.305397 0.952222
vn 0.002592 0.305397 0.952222
vn 0.306569 0.154547 0.939218
vn 0.296718 0.305397 0.904816
vn 0.306569 0.154547 0.939218
vn 0.581799 0.154547 0.798514
vn 0.296718 0.305397 0.904816
vn 0.296718 0.305397 0.904816
vn 0.581799 0.154547 0.798514
vn 0.561799 0.305397 0.768840
vn 0.581799 0.154547 0.798514
vn 0.800078 0.154547 0.579647
vn 0.561799 0.305397 0.768840
vn 0.561799 0.305397 0.768840
vn 0.800078 0.154547 0.579647
vn 0.771887 0.305397 0.557605
vn 0.800078 0.154547 0.579647
vn 0.940040 0.154547 0.304039
vn 0.771887 0.305397 0.557605
vn 0.771887 0.305397 0.557605
vn 0.940040 0.154547 0.304039
vn 0.906418 0.305397 0.291787
vn 0.940040 0.154547 0.304039
vn 0.987985 0.154547 -0.001329
vn 0.906418 0.305397 0.291787
vn 0.906418 0.305397 0.291787
vn 0.987985 0.154547 -0.001329
vn 0.952222 0.305397 -0.002591
vn 0.987985 0.154547 -0.001329
vn 0.939218 0.154547 -0.306568
vn 0.952222 0.305397 -0.002591
vn 0.952222 0.305397 -0.002591
vn 0.939218 0.154547 -0.306568
vn 0.904816 0.305397 -0.296717
vn 0.904816 0.305397 -0.296717
vn 0.768840 0.305397 -0.561799
vn 0.848674 0.448937 -0.279657
vn 0.848674 0.448937 -0.279657
vn 0.768840 0.305397 -0.561799
vn 0.720718 0.448937 -0.528225
vn 0.768840 0.305397 -0.561799
vn 0.557605 0.305397 -0.771887
vn 0.720718 0.448937 -0.528225
vn 0.720718 0.448937 -0.528225
vn 0.557605 0.305397 -0.771887
vn 0.522213 0.448937 -0.725086
vn 0.557605 0.305397 -0.771887
vn 0.291787 0.305397 -0.906418
vn 0.522213 0.448937 -0.725086
vn 0.522213 0.448937 -0.725086
vn 0.291787 0.305397 -0.906418
vn 0.272590 0.448937 -0.850970
vn 0.291787 0.305397 -0.906418
vn -0.002592 0.305397 -0.952222
vn 0.272590 0.448937 -0.850970
vn 0.272590 0.448937 -0.850970
vn -0.002592 0.305397 -0.952222
vn -0.003716 0.448937 -0.893556
vn -0.002592 0.305397 -0.952222
vn -0.296718 0.305397 -0.904815
vn -0.003716 0.448937 -0.893556
vn -0.003716 0.448937 -0.893556
vn -0.296718 0.305397 -0.904815
vn -0.279658 0.448937 -0.848674
vn -0.296718 0.305397 -0.904815
vn -0.561799 0.305397 -0.768840
vn -0.279658 0.448937 -0.848674
vn -0.279658 0.448937 -0.848674
vn -0.561799 0.305397 -0.768840
vn -0.528225 0.448937 -0.720718
vn -0.561799 0.305397 -0.768840
vn -0.771887 0.305397 -0.557604
vn -0.528225 0.448937 -0.720718
vn -0.528225 0.448937 -0.720718
vn -0.771887 0.305397 -0.557604
vn -0.725086 0.448937 -0.522213
vn -0.771887 0.305397 -0.557604
vn -0.906418 0.305397 -0.291787
vn -0.725086 0.448937 -0.522213
vn -0.725086 0.448937 -0.522213
vn -0.906418 0.305397 -0.291787
vn -0.850970 0.448937 -0.272590
vn -0.906418 0.305397 -0.291787
vn -0.952222 0.305397 0.002592
vn -0.850970 0.448937 -0.272590
vn -0.850970 0.448937 -0.272590
vn -0.952222 0.305397 0.002592
vn -0.893556 0.448937 0.003716
vn -0.952222 0.305397 0.002592
vn -0.904815 0.305397 0.296718
vn -0.893556 0.448937 0.003716
vn -0.893556 0.448937 0.003716
vn -0.904815 0.305397 0.296718
vn -0.848674 0.448937 0.279658
vn -0.904815 0.305397 0.296718
vn -0.768840 0.305397 0.561799
vn -0.848674 0.448937 0.279658
vn -0.848674 0.448937 0.279658
vn -0.768840 0.305397 0.561799
vn -0.720718 0.448937 0.528225
vn -0.768840 0.305397 0.561799
vn -0.557605 0.305397 0.771887
vn -0.720718 0.448937 0.528225
vn -0.720718 0.448937 0.528225
vn -0.557605 0.305397 0.771887
vn -0.522213 0.448937 0.725086
vn -0.557605 0.305397 0.771887
vn -0.291787 0.305397 0.906418
vn -0.522213 0.448937 0.725086
vn -0.522213 0.448937 0.725086
vn -0.291787 0.305397 0.906418
vn -0.272590 0.448937 0.850970
vn -0.291787 0.305397 0.906418
vn 0.002592 0.305397 0.952222
vn -0.272590 0.448937 0.850970
vn -0.272590 0.448937 0.850970
vn 0.002592 0.305397 0.952222
vn 0.003716 0.448937 0.893556
vn 0.002592 0.305397 0.952222
vn 0.296718 0.305397 0.904816
vn 0.003716 0.448937 0.893556
vn 0.003716 0.448937 0.893556
vn 0.296718 0.305397 0.904816
vn 0.279658 0.448937 0.848674
vn 0.296718 0.305397 0.904816
vn 0.561799 0.305397 0.768840
vn 0.279658 0.448937 0.848674
vn 0.279658 0.448937 0.848674
vn 0.561799 0.305397 0.768840
vn 0.528225 0.448937 0.720718
vn 0.561799 0.305397 0.768840
vn 0.771887 0.305397 0.557605
vn 0.528225 0.448937 0.720718
vn 0.528225 0.448937 0.720718
vn 0.771887 0.305397 0.557605
vn 0.725086 0.448937 0.522213
vn 0.771887 0.305397 0.557605
vn 0.906418 0.305397 0.291787
vn 0.725086 0.448937 0.522213
vn 0.725086 0.448937 0.522213
vn 0.906418 0.305397 0.291787
vn 0.850970 0.448937 0.272590
vn 0.906418 0.305397 0.291787
vn 0.952222 0.305397 -0.002591
vn 0.850970 0.448937 0.272590
vn 0.850970 0.448937 0.272590
vn 0.952222 0.305397 -0.002591
vn 0.893556 0.448937 -0.003715
vn 0.952222 0.305397 -0.002591
vn 0.904816 0.305397 -0.296717
vn 0.893556 0.448937 -0.003715
vn 0.893556 0.448937 -0.003715
vn 0.904816 0.305397 -0.296717
vn 0.848674 0.448937 -0.279657
vn 0.848674 0.448937 -0.279657
vn 0.720718 0.448937 -0.528225
vn 0.772136 0.581722 -0.255745
vn 0.772136 0.581722 -0.255745
vn 0.720718 0.448937 -0.528225
vn 0.655315 0.581722 -0.481831
vn 0.720718 0.448937 -0.528225
vn 0.522213 0.448937 -0.725086
vn 0.655315 0.581722 -0.481831
vn 0.655315 0.581722 -0.481831
vn 0.522213 0.448937 -0.725086
vn 0.474347 0.581722 -0.660752
vn 0.522213 0.448937 -0.725086
vn 0.272590 0.448937 -0.850970
vn 0.474347 0.581722 -0.660752
vn 0.474347 0.581722 -0.660752
vn 0.272590 0.448937 -0.850970
vn 0.246948 0.581722 -0.774994
vn 0.272590 0.448937 -0.850970
vn -0.003716 0.448937 -0.893556
vn 0.246948 0.581722 -0.774994
vn 0.246948 0.581722 -0.774994
vn -0.003716 0.448937 -0.893556
vn -0.004625 0.581722 -0.813375
vn -0.003716 0.448937 -0.893556
vn -0.279658 0.448937 -0.848674
vn -0.004625 0.581722 -0.813375
vn -0.004625 0.581722 -0.813375
vn -0.279658 0.448937 -0.848674
vn -0.255746 0.581722 -0.772136
vn -0.279658 0.448937 -0.848674
vn -0.528225 0.448937 -0.720718
vn -0.255746 0.581722 -0.772136
vn -0.255746 0.581722 -0.772136
vn -0.528225 0.448937 -0.720718
vn -0.481832 0.581722 -0.655315
vn -0.528225 0.448937 -0.720718
vn -0.725086 0.448937 -0.522213
vn -0.481832 0.581722 -0.655315
vn -0.481832 0.581722 -0.655315
vn -0.725086 0.448937 -0.522213
vn -0.660753 0.581722 -0.474348
vn -0.725086 0.448937 -0.522213
vn -0.850970 0.448937 -0.272590
vn -0.660753 0.581722 -0.474348
vn -0.660753 0.581722 -0.474348
vn -0.850970 0.448937 -0.272590
vn -0.774994 0.581722 -0.246948
vn -0.850970 0.448937 -0.272590
vn -0.893556 0.448937 0.003716
vn -0.774994 0.581722 -0.246948
vn -0.774994 0.581722 -0.246948
vn -0.893556 0.448937 0.003716
vn -0.813375 0.581722 0.004625
vn -0.893556 0.448937 0.003716
vn -0.848674 0.448937 0.279658
vn -0.813375 0.581722 0.004625
vn -0.813375 0.581722 0.004625
vn -0.848674 0.448937 0.279658
vn -0.772136 0.581722 0.255745
vn -0.848674 0.448937 0.279658
vn -0.720718 0.448937 0.528225
vn -0.772136 0.581722 0.255745
vn -0.772136 0.581722 0.255745
vn -0.720718 0.448937 0.528225
vn -0.655315 0.581722 0.481832
vn -0.720718 0.448937 0.528225
vn -0.522213 0.448937 0.725086
vn -0.655315 0.581722 0.481832
vn -0.655315 0.581722 0.481832
vn -0.522213 0.448937 0.725086
vn -0.474347 0.581722 0.660753
vn -0.522213 0.448937 0.725086
vn -0.272590 0.448937 0.850970
vn -0.474347 0.581722 0.660753
vn -0.474347 0.581722 0.660753
vn -0.272590 0.448937 0.850970
vn -0.246948 0.581722 0.774995
vn -0.272590 0.448937 0.850970
vn 0.003716 0.448937 0.893556
vn -0.246948 0.581722 0.774995
vn -0.246948 0.581722 0.774995
vn 0.003716 0.448937 0.893556
vn 0.004625 0.581722 0.813375
vn 0.003716 0.448937 0.893556
vn 0.279658 0.448937 0.848674
vn 0.004625 0.581722 0.813375
vn 0.004625 0.581722 0.813375
vn 0.279658 0.448937 0.848674
vn 0.255746 0.581722 0.772136
vn 0.279658 0.448937 0.848674
vn 0.528225 0.448937 0.720718
vn 0.255746 0.581722 0.772136
vn 0.255746 0.581722 0.772136
vn 0.528225 0.448937 0.720718
vn 0.481831 0.581722 0.655315
vn 0.528225 0.448937 0.720718
vn 0.725086 0.448937 0.522213
vn 0.481831 0.581722 0.655315
vn 0.481831 0.581722 0.655315
vn 0.725086 0.448937 0.522213
vn 0.660752 0.581722 0.474348
vn 0.725086 0.448937 0.522213
vn 0.850970 0.448937 0.272590
vn 0.660752 0.581722 0.474348
vn 0.660752 0.581722 0.474348
vn 0.850970 0.448937 0.272590
vn 0.774994 0.581722 0.246948
vn 0.850970 0.448937 0.272590
vn 0.893556 0.448937 -0.003715
vn 0.774994 0.581722 0.246948
vn 0.774994 0.581722 0.246948
vn 0.893556 0.448937 -0.003715
vn 0.813375 0.581722 -0.004624
vn 0.893556 0.448937 -0.003715
vn 0.848674 0.448937 -0.279657
vn 0.813375 0.581722 -0.004624
vn 0.813375 0.581722 -0.004624
vn 0.848674 0.448937 -0.279657
vn 0.772136 0.581722 -0.255745
vn 0.772136 0.581722 -0.255745
vn 0.655315 0.581722 -0.481831
vn 0.677033 0.700559 -0.225487
vn 0.677033 0.700559 -0.225487
vn 0.655315 0.581722 -0.481831
vn 0.574216 0.700559 -0.423666
vn 0.655315 0.581722 -0.481831
vn 0.474347 0.581722 -0.660752
vn 0.574216 0.700559 -0.423666
vn 0.574216 0.700559 -0.423666
vn 0.474347 0.581722 -0.660752
vn 0.415192 0.700559 -0.580373
vn 0.474347 0.581722 -0.660752
vn 0.246948 0.581722 -0.774994
vn 0.415192 0.700559 -0.580373
vn 0.415192 0.700559 -0.580373
vn 0.246948 0.581722 -0.774994
vn 0.215526 0.700558 -0.680269
vn 0.246948 0.581722 -0.774994
vn -0.004625 0.581722 -0.813375
vn 0.215526 0.700558 -0.680269
vn 0.215526 0.700558 -0.680269
vn -0.004625 0.581722 -0.813375
vn -0.005237 0.700559 -0.713575
vn -0.004625 0.581722 -0.813375
vn -0.255746 0.581722 -0.772136
vn -0.005237 0.700559 -0.713575
vn -0.005237 0.700559 -0.713575
vn -0.255746 0.581722 -0.772136
vn -0.225488 0.700559 -0.677032
vn -0.255746 0.581722 -0.772136
vn -0.481832 0.581722 -0.655315
vn -0.225488 0.700559 -0.677032
vn -0.225488 0.700559 -0.677032
vn -0.481832 0.581722 -0.655315
vn -0.423666 0.700559 -0.574216
vn -0.481832 0.581722 -0.655315
vn -0.660753 0.581722 -0.474348
vn -0.423666 0.700559 -0.574216
vn -0.423666 0.700559 -0.574216
vn -0.660753 0.581722 -0.474348
vn -0.580373 0.700558 -0.415192
vn -0.660753 0.581722 -0.474348
vn -0.774994 0.581722 -0.246948
vn -0.580373 0.700558 -0.415192
vn -0.580373 0.700558 -0.415192
vn -0.774994 0.581722 -0.246948
vn -0.680269 0.700559 -0.215526
vn -0.774994 0.581722 -0.246948
vn -0.813375 0.581722 0.004625
vn -0.680269 0.700559 -0.215526
vn -0.680269 0.700559 -0.215526
vn -0.813375 0.581722 0.004625
vn -0.713576 0.700559 0.005237
vn -0.813375 0.581722 0.004625
vn -0.772136 0.581722 0.255745
vn -0.713576 0.700559 0.005237
vn -0.713576 0.700559 0.005237
vn -0.772136 0.581722 0.255745
vn -0.677032 0.700559 0.225488
vn -0.772136 0.581722 0.255745
vn -0.655315 0.581722 0.481832
vn -0.677032 0.700559 0.225488
vn -0.677032 0.700559 0.225488
vn -0.655315 0.581722 0.481832
vn -0.574217 0.700558 0.423666
vn -0.655315 0.581722 0.481832
vn -0.474347 0.581722 0.660753
vn -0.574217 0.700558 0.423666
vn -0.574217 0.700558 0.423666
vn -0.474347 0.581722 0.660753
vn -0.415192 0.700559 0.580373
vn -0.474347 0.581722 0.660753
vn -0.246948 0.581722 0.774995
vn -0.415192 0.700559 0.580373
vn -0.415192 0.700559 0.580373
vn -0.246948 0.581722 0.774995
vn -0.215526 0.700559 0.680269
vn -0.246948 0.581722 0.774995
vn 0.004625 0.581722 0.813375
vn -0.215526 0.700559 0.680269
vn -0.215526 0.700559 0.680269
vn 0.004625 0.581722 0.813375
vn 0.005237 0.700558 0.713576
vn 0.004625 0.581722 0.813375
vn 0.255746 0.581722 0.772136
vn 0.005237 0.700558 0.713576
vn 0.005237 0.700558 0.713576
vn 0.255746 0.581722 0.772136
vn 0.225488 0.700559 0.677032
vn 0.255746 0.581722 0.772136
vn 0.481831 0.581722 0.655315
vn 0.225488 0.700559 0.677032
vn 0.225488 0.700559 0.677032
vn 0.481831 0.581722 0.655315
vn 0.423666 0.700559 0.574216
vn 0.481831 0.581722 0.655315
vn 0.660752 0.581722 0.474348
vn 0.423666 0.700559 0.574216
vn 0.423666 0.700559 0.574216
vn 0.660752 0.581722 0.474348
vn 0.580373 0.700558 0.415192
vn 0.660752 0.581722 0.474348
vn 0.774994 0.581722 0.246948
vn 0.580373 0.700558 0.415192
vn 0.580373 0.700558 0.415192
vn 0.774994 0.581722 0.246948
vn 0.680269 0.700559 0.215526
vn 0.774994 0.581722 0.246948
vn 0.813375 0.581722 -0.004624
vn 0.680269 0.700559 0.215526
vn 0.680269 0.700559 0.215526
vn 0.813375 0.581722 -0.004624
vn 0.713576 0.700559 -0.005236
vn 0.813375 0.581722 -0.004624
vn 0.772136 0.581722 -0.255745
vn 0.713576 0.700559 -0.005236
vn 0.713576 0.700559 -0.005236
vn 0.772136 0.581722 -0.255745
vn 0.677033 0.700559 -0.225487
vn 0.677033 0.700559 -0.225487
vn 0.574216 0.700559 -0.423666
vn 0.565635 0.802583 -0.189520
vn 0.565635 0.802583 -0.189520
vn 0.574216 0.700559 -0.423666
vn 0.479385 0.802583 -0.355036
vn 0.574216 0.700559 -0.423666
vn 0.415192 0.700559 -0.580373
vn 0.479385 0.802583 -0.355036
vn 0.479385 0.802583 -0.355036
vn 0.415192 0.700559 -0.580373
vn 0.346211 0.802583 -0.485797
vn 0.415192 0.700559 -0.580373
vn 0.215526 0.700558 -0.680269
vn 0.346211 0.802583 -0.485797
vn 0.346211 0.802583 -0.485797
vn 0.215526 0.700558 -0.680269
vn 0.179146 0.802583 -0.569006
vn 0.215526 0.700558 -0.680269
vn -0.005237 0.700559 -0.713575
vn 0.179146 0.802583 -0.569006
vn 0.179146 0.802583 -0.569006
vn -0.005237 0.700559 -0.713575
vn -0.005454 0.802583 -0.596516
vn -0.005237 0.700559 -0.713575
vn -0.225488 0.700559 -0.677032
vn -0.005454 0.802583 -0.596516
vn -0.005454 0.802583 -0.596516
vn -0.225488 0.700559 -0.677032
vn -0.189521 0.802583 -0.565635
vn -0.225488 0.700559 -0.677032
vn -0.423666 0.700559 -0.574216
vn -0.189521 0.802583 -0.565635
vn -0.189521 0.802583 -0.565635
vn -0.423666 0.700559 -0.574216
vn -0.355036 0.802583 -0.479386
vn -0.423666 0.700559 -0.574216
vn -0.580373 0.700558 -0.415192
vn -0.355036 0.802583 -0.479386
vn -0.355036 0.802583 -0.479386
vn -0.580373 0.700558 -0.415192
vn -0.485798 0.802583 -0.346211
vn -0.580373 0.700558 -0.415192
vn -0.680269 0.700559 -0.215526
vn -0.485798 0.802583 -0.346211
vn -0.485798 0.802583 -0.346211
vn -0.680269 0.700559 -0.215526
vn -0.569006 0.802583 -0.179146
vn -0.680269 0.700559 -0.215526
vn -0.713576 0.700559 0.005237
vn -0.569006 0.802583 -0.179146
vn -0.569006 0.802583 -0.179146
vn -0.713576 0.700559 0.005237
vn -0.596516 0.802583 0.005454
vn -0.713576 0.700559 0.005237
vn -0.677032 0.700559 0.225488
vn -0.596516 0.802583 0.005454
vn -0.596516 0.802583 0.005454
vn -0.677032 0.700559 0.225488
vn -0.565635 0.802583 0.189521
vn -0.677032 0.700559 0.225488
vn -0.574217 0.700558 0.423666
vn -0.565635 0.802583 0.189521
vn -0.565635 0.802583 0.189521
vn -0.574217 0.700558 0.423666
vn -0.479386 0.802583 0.355036
vn -0.574217 0.700558 0.423666
vn -0.415192 0.700559 0.580373
vn -0.479386 0.802583 0.355036
vn -0.479386 0.802583 0.355036
vn -0.415192 0.700559 0.580373
vn -0.346211 0.802583 0.485797
vn -0.415192 0.700559 0.580373
vn -0.215526 0.700559 0.680269
vn -0.346211 0.802583 0.485797
vn -0.346211 0.802583 0.485797
vn -0.215526 0.700559 0.680269
vn -0.179146 0.802583 0.569006
vn -0.215526 0.700559 0.680269
vn 0.005237 0.700558 0.713576
vn -0.179146 0.802583 0.569006
vn -0.179146 0.802583 0.569006
vn 0.005237 0.700558 0.713576
vn 0.005454 0.802583 0.596516
vn 0.005237 0.700558 0.713576
vn 0.225488 0.700559 0.677032
vn 0.005454 0.802583 0.596516
vn 0.005454 0.802583 0.596516
vn 0.225488 0.700559 0.677032
vn 0.189521 0.802583 0.565635
vn 0.225488 0.700559 0.677032
vn 0.423666 0.700559 0.574216
vn 0.189521 0.802583 0.565635
vn 0.189521 0.802583 0.565635
vn 0.423666 0.700559 0.574216
vn 0.355036 0.802582 0.479386
vn 0.423666 0.700559 0.574216
vn 0.580373 0.700558 0.415192
vn 0.355036 0.802582 0.479386
vn 0.355036 0.802582 0.479386
vn 0.580373 0.700558 0.415192
vn 0.485797 0.802583 0.346211
vn 0.580373 0.700558 0.415192
vn 0.680269 0.700559 0.215526
vn 0.485797 0.802583 0.346211
vn 0.485797 0.802583 0.346211
vn 0.680269 0.700559 0.215526
vn 0.569006 0.802583 0.179146
vn 0.680269 0.700559 0.215526
vn 0.713576 0.700559 -0.005236
vn 0.569006 0.802583 0.179146
vn 0.569006 0.802583 0.179146
vn 0.713576 0.700559 -0.005236
vn 0.596516 0.802583 -0.005454
vn 0.713576 0.700559 -0.005236
vn 0.677033 0.700559 -0.225487
vn 0.596516 0.802583 -0.005454
vn 0.596516 0.802583 -0.005454
vn 0.677033 0.700559 -0.225487
vn 0.565635 0.802583 -0.189520
vn 0.565635 0.802583 -0.189520
vn 0.479385 0.802583 -0.355036
vn 0.440577 0.885332 -0.148588
vn 0.440577 0.885332 -0.148588
vn 0.479385 0.802583 -0.355036
vn 0.373097 0.885332 -0.277462
vn 0.479385 0.802583 -0.355036
vn 0.346211 0.802583 -0.485797
vn 0.373097 0.885332 -0.277462
vn 0.373097 0.885332 -0.277462
vn 0.346211 0.802583 -0.485797
vn 0.269096 0.885332 -0.379175
vn 0.346211 0.802583 -0.485797
vn 0.179146 0.802583 -0.569006
vn 0.269096 0.885332 -0.379175
vn 0.269096 0.885332 -0.379175
vn 0.179146 0.802583 -0.569006
vn 0.138754 0.885332 -0.443772
vn 0.179146 0.802583 -0.569006
vn -0.005454 0.802583 -0.596516
vn 0.138754 0.885332 -0.443772
vn 0.138754 0.885332 -0.443772
vn -0.005454 0.802583 -0.596516
vn -0.005171 0.885332 -0.464930
vn -0.005454 0.802583 -0.596516
vn -0.189521 0.802583 -0.565635
vn -0.005171 0.885332 -0.464930
vn -0.005171 0.885332 -0.464930
vn -0.189521 0.802583 -0.565635
vn -0.148589 0.885332 -0.440577
vn -0.189521 0.802583 -0.565635
vn -0.355036 0.802583 -0.479386
vn -0.148589 0.885332 -0.440577
vn -0.148589 0.885332 -0.440577
vn -0.355036 0.802583 -0.479386
vn -0.277462 0.885332 -0.373097
vn -0.355036 0.802583 -0.479386
vn -0.485798 0.802583 -0.346211
vn -0.277462 0.885332 -0.373097
vn -0.277462 0.885332 -0.373097
vn -0.485798 0.802583 -0.346211
vn -0.379176 0.885332 -0.269096
vn -0.485798 0.802583 -0.346211
vn -0.569006 0.802583 -0.179146
vn -0.379176 0.885332 -0.269096
vn -0.379176 0.885332 -0.269096
vn -0.569006 0.802583 -0.179146
vn -0.443773 0.885332 -0.138754
vn -0.569006 0.802583 -0.179146
vn -0.596516 0.802583 0.005454
vn -0.443773 0.885332 -0.138754
vn -0.443773 0.885332 -0.138754
vn -0.596516 0.802583 0.005454
vn -0.464930 0.885332 0.005170
vn -0.596516 0.802583 0.005454
vn -0.565635 0.802583 0.189521
vn -0.464930 0.885332 0.005170
vn -0.464930 0.885332 0.005170
vn -0.565635 0.802583 0.189521
vn -0.440577 0.885332 0.148588
vn -0.565635 0.802583 0.189521
vn -0.479386 0.802583 0.355036
vn -0.440577 0.885332 0.148588
vn -0.440577 0.885332 0.148588
vn -0.479386 0.802583 0.355036
vn -0.373097 0.885332 0.277462
vn -0.479386 0.802583 0.355036
vn -0.346211 0.802583 0.485797
vn -0.373097 0.885332 0.277462
vn -0.373097 0.885332 0.277462
vn -0.346211 0.802583 0.485797
vn -0.269096 0.885332 0.379176
vn -0.346211 0.802583 0.485797
vn -0.179146 0.802583 0.569006
vn -0.269096 0.885332 0.379176
vn -0.269096 0.885332 0.379176
vn -0.179146 0.802583 0.569006
vn -0.138754 0.885332 0.443773
vn -0.179146 0.802583 0.569006
vn 0.005454 0.802583 0.596516
vn -0.138754 0.885332 0.443773
vn -0.138754 0.885332 0.443773
vn 0.005454 0.802583 0.596516
vn 0.005171 0.885332 0.464930
vn 0.005454 0.802583 0.596516
vn 0.189521 0.802583 0.565635
vn 0.005171 0.885332 0.464930
vn 0.005171 0.885332 0.464930
vn 0.189521 0.802583 0.565635
vn 0.148589 0.885332 0.440577
vn 0.189521 0.802583 0.565635
vn 0.355036 0.802582 0.479386
vn 0.148589 0.885332 0.440577
vn 0.148589 0.885332 0.440577
vn 0.355036 0.802582 0.479386
vn 0.277462 0.885332 0.373097
vn 0.355036 0.802582 0.479386
vn 0.485797 0.802583 0.346211
vn 0.277462 0.885332 0.373097
vn 0.277462 0.885332 0.373097
vn 0.485797 0.802583 0.346211
vn 0.379176 0.885332 0.269096
vn 0.485797 0.802583 0.346211
vn 0.569006 0.802583 0.179146
vn 0.379176 0.885332 0.269096
vn 0.379176 0.885332 0.269096
vn 0.569006 0.802583 0.179146
vn 0.443773 0.885332 0.138754
vn 0.569006 0.802583 0.179146
vn 0.596516 0.802583 -0.005454
vn 0.443773 0.885332 0.138754
vn 0.443773 0.885332 0.138754
vn 0.596516 0.802583 -0.005454
vn 0.464930 0.885332 -0.005170
vn 0.596516 0.802583 -0.005454
vn 0.565635 0.802583 -0.189520
vn 0.464930 0.885332 -0.005170
vn 0.464930 0.885332 -0.005170
vn 0.565635 0.802583 -0.189520
vn 0.440577 0.885332 -0.148588
vn 0.440577 0.885332 -0.148588
vn 0.373097 0.885332 -0.277462
vn 0.304706 0.946801 -0.103544
vn 0.304706 0.946801 -0.103544
vn 0.373097 0.885332 -0.277462
vn 0.257796 0.946801 -0.192636
vn 0.373097 0.885332 -0.277462
vn 0.269096 0.885332 -0.379175
vn 0.257796 0.946801 -0.192636
vn 0.257796 0.946801 -0.192636
vn 0.269096 0.885332 -0.379175
vn 0.185651 0.946801 -0.262871
vn 0.269096 0.885332 -0.379175
vn 0.138754 0.885332 -0.443772
vn 0.185651 0.946801 -0.262871
vn 0.185651 0.946801 -0.262871
vn 0.138754 0.885332 -0.443772
vn 0.095333 0.946801 -0.307374
vn 0.138754 0.885332 -0.443772
vn -0.005171 0.885332 -0.464930
vn 0.095333 0.946801 -0.307374
vn 0.095333 0.946801 -0.307374
vn -0.005171 0.885332 -0.464930
vn -0.004317 0.946802 -0.321789
vn -0.005171 0.885332 -0.464930
vn -0.148589 0.885332 -0.440577
vn -0.004317 0.946802 -0.321789
vn -0.004317 0.946802 -0.321789
vn -0.148589 0.885332 -0.440577
vn -0.103544 0.946801 -0.304706
vn -0.148589 0.885332 -0.440577
vn -0.277462 0.885332 -0.373097
vn -0.103544 0.946801 -0.304706
vn -0.103544 0.946801 -0.304706
vn -0.277462 0.885332 -0.373097
vn -0.192636 0.946801 -0.257796
vn -0.277462 0.885332 -0.373097
vn -0.379176 0.885332 -0.269096
vn -0.192636 0.946801 -0.257796
vn -0.192636 0.946801 -0.257796
vn -0.379176 0.885332 -0.269096
vn -0.262871 0.946801 -0.185651
vn -0.379176 0.885332 -0.269096
vn -0.443773 0.885332 -0.138754
vn -0.262871 0.946801 -0.185651
vn -0.262871 0.946801 -0.185651
vn -0.443773 0.885332 -0.138754
vn -0.307374 0.946801 -0.095333
vn -0.443773 0.885332 -0.138754
vn -0.464930 0.885332 0.005170
vn -0.307374 0.946801 -0.095333
vn -0.307374 0.946801 -0.095333
vn -0.464930 0.885332 0.005170
vn -0.321790 0.946801 0.004317
vn -0.464930 0.885332 0.005170
vn -0.440577 0.885332 0.148588
vn -0.321790 0.946801 0.004317
vn -0.321790 0.946801 0.004317
vn -0.440577 0.885332 0.148588
vn -0.304706 0.946801 0.103544
vn -0.440577 0.885332 0.148588
vn -0.373097 0.885332 0.277462
vn -0.304706 0.946801 0.103544
vn -0.304706 0.946801 0.103544
vn -0.373097 0.885332 0.277462
vn -0.257796 0.946801 0.192636
vn -0.373097 0.885332 0.277462
vn -0.269096 0.885332 0.379176
vn -0.257796 0.946801 0.192636
vn -0.257796 0.946801 0.192636
vn -0.269096 0.885332 0.379176
vn -0.185651 0.946801 0.262871
vn -0.269096 0.885332 0.379176
vn -0.138754 0.885332 0.443773
vn -0.185651 0.946801 0.262871
vn -0.185651 0.946801 0.262871
vn -0.138754 0.885332 0.443773
vn -0.095333 0.946801 0.307374
vn -0.138754 0.885332 0.443773
vn 0.005171 0.885332 0.464930
vn -0.095333 0.946801 0.307374
vn -0.095333 0.946801 0.307374
vn 0.005171 0.885332 0.464930
vn 0.004317 0.946802 0.321789
vn 0.005171 0.885332 0.464930
vn 0.148589 0.885332 0.440577
vn 0.004317 0.946802 0.321789
vn 0.004317 0.946802 0.321789
vn 0.148589 0.885332 0.440577
vn 0.103544 0.946801 0.304706
vn 0.148589 0.885332 0.440577
vn 0.277462 0.885332 0.373097
vn 0.103544 0.946801 0.304706
vn 0.103544 0.946801 0.304706
vn 0.277462 0.885332 0.373097
vn 0.192636 0.946801 0.257796
vn 0.277462 0.885332 0.373097
vn 0.379176 0.885332 0.269096
vn 0.192636 0.946801 0.257796
vn 0.192636 0.946801 0.257796
vn 0.379176 0.885332 0.269096
vn 0.262871 0.946801 0.185651
vn 0.379176 0.885332 0.269096
vn 0.443773 0.885332 0.138754
vn 0.262871 0.946801 0.185651
vn 0.262871 0.946801 0.185651
vn 0.443773 0.885332 0.138754
vn 0.307374 0.946801 0.095333
vn 0.443773 0.885332 0.138754
vn 0.464930 0.885332 -0.005170
vn 0.307374 0.946801 0.095333
vn 0.307374 0.946801 0.095333
vn 0.464930 0.885332 -0.005170
vn 0.321790 0.946801 -0.004317
vn 0.464930 0.885332 -0.005170
vn 0.440577 0.885332 -0.148588
vn 0.321790 0.946801 -0.004317
vn 0.321790 0.946801 -0.004317
vn 0.440577 0.885332 -0.148588
vn 0.304706 0.946801 -0.103544
vn 0.304706 0.946801 -0.103544
vn 0.257796 0.946801 -0.192636
vn 0.160696 0.985442 -0.055497
vn 0.160696 0.985442 -0.055497
vn 0.257796 0.946801 -0.192636
vn 0.135682 0.985443 -0.102438
vn 0.257796 0.946801 -0.192636
vn 0.185651 0.946801 -0.262871
vn 0.135682 0.985443 -0.102438
vn 0.135682 0.985443 -0.102438
vn 0.185651 0.946801 -0.262871
vn 0.097386 0.985443 -0.139352
vn 0.185651 0.946801 -0.262871
vn 0.095333 0.946801 -0.307374
vn 0.097386 0.985443 -0.139352
vn 0.097386 0.985443 -0.139352
vn 0.095333 0.946801 -0.307374
vn 0.049557 0.985442 -0.162627
vn 0.095333 0.946801 -0.307374
vn -0.004317 0.946802 -0.321789
vn 0.049557 0.985442 -0.162627
vn 0.049557 0.985442 -0.162627
vn -0.004317 0.946802 -0.321789
vn -0.003123 0.985442 -0.169981
vn -0.004317 0.946802 -0.321789
vn -0.103544 0.946801 -0.304706
vn -0.003123 0.985442 -0.169981
vn -0.003123 0.985442 -0.169981
vn -0.103544 0.946801 -0.304706
vn -0.055497 0.985442 -0.160696
vn -0.103544 0.946801 -0.304706
vn -0.192636 0.946801 -0.257796
vn -0.055497 0.985442 -0.160696
vn -0.055497 0.985442 -0.160696
vn -0.192636 0.946801 -0.257796
vn -0.102439 0.985443 -0.135680
vn -0.192636 0.946801 -0.257796
vn -0.262871 0.946801 -0.185651
vn -0.102439 0.985443 -0.135680
vn -0.102439 0.985443 -0.135680
vn -0.262871 0.946801 -0.185651
vn -0.139353 0.985443 -0.097384
vn -0.262871 0.946801 -0.185651
vn -0.307374 0.946801 -0.095333
vn -0.139353 0.985443 -0.097384
vn -0.139353 0.985443 -0.097384
vn -0.307374 0.946801 -0.095333
vn -0.162626 0.985443 -0.049557
vn -0.307374 0.946801 -0.095333
vn -0.321790 0.946801 0.004317
vn -0.162626 0.985443 -0.049557
vn -0.162626 0.985443 -0.049557
vn -0.321790 0.946801 0.004317
vn -0.169981 0.985442 0.003123
vn -0.321790 0.946801 0.004317
vn -0.304706 0.946801 0.103544
vn -0.169981 0.985442 0.003123
vn -0.169981 0.985442 0.003123
vn -0.304706 0.946801 0.103544
vn -0.160696 0.985442 0.055497
vn -0.304706 0.946801 0.103544
vn -0.257796 0.946801 0.192636
vn -0.160696 0.985442 0.055497
vn -0.160696 0.985442 0.055497
vn -0.257796 0.946801 0.192636
vn -0.135682 0.985442 0.102439
vn -0.257796 0.946801 0.192636
vn -0.185651 0.946801 0.262871
vn -0.135682 0.985442 0.102439
vn -0.135682 0.985442 0.102439
vn -0.185651 0.946801 0.262871
vn -0.097386 0.985442 0.139353
vn -0.185651 0.946801 0.262871
vn -0.095333 0.946801 0.307374
vn -0.097386 0.985442 0.139353
vn -0.097386 0.985442 0.139353
vn -0.095333 0.946801 0.307374
vn -0.049557 0.985442 0.162627
vn -0.095333 0.946801 0.307374
vn 0.004317 0.946802 0.321789
vn -0.049557 0.985442 0.162627
vn -0.049557 0.985442 0.162627
vn 0.004317 0.946802 0.321789
vn 0.003123 0.985442 0.169981
vn 0.004317 0.946802 0.321789
vn 0.103544 0.946801 0.304706
vn 0.003123 0.985442 0.169981
vn 0.003123 0.985442 0.169981
vn 0.103544 0.946801 0.304706
vn 0.055497 0.985442 0.160696
vn 0.103544 0.946801 0.304706
vn 0.192636 0.946801 0.257796
vn 0.055497 0.985442 0.160696
vn 0.055497 0.985442 0.160696
vn 0.192636 0.946801 0.257796
vn 0.102439 0.985443 0.135680
vn 0.192636 0.946801 0.257796
vn 0.262871 0.946801 0.185651
vn 0.102439 0.985443 0.135680
vn 0.102439 0.985443 0.135680
vn 0.262871 0.946801 0.185651
vn 0.139353 0.985442 0.097385
vn 0.262871 0.946801 0.185651
vn 0.307374 0.946801 0.095333
vn 0.139353 0.985442 0.097385
vn 0.139353 0.985442 0.097385
vn 0.307374 0.946801 0.095333
vn 0.162626 0.985443 0.049557
vn 0.307374 0.946801 0.095333
vn 0.321790 0.946801 -0.004317
vn 0.162626 0.985443 0.049557
vn 0.162626 0.985443 0.049557
vn 0.321790 0.946801 -0.004317
vn 0.169981 0.985442 -0.003123
vn 0.321790 0.946801 -0.004317
vn 0.304706 0.946801 -0.103544
vn 0.169981 0.985442 -0.003123
vn 0.169981 0.985442 -0.003123
vn 0.304706 0.946801 -0.103544
vn 0.160696 0.985442 -0.055497
vn 0.139353 -0.985442 -0.097386
vn 0.162626 -0.985443 -0.049556
vn 0.000000 -1.000000 0.000000
vn 0.102439 -0.985443 -0.135681
vn 0.139353 -0.985442 -0.097386
vn 0.000000 -1.000000 0.000000
vn 0.055497 -0.985442 -0.160696
vn 0.102439 -0.985443 -0.135681
vn 0.000000 -1.000000 0.000000
vn 0.003123 -0.985442 -0.169981
vn 0.055497 -0.985442 -0.160696
vn 0.000000 -1.000000 0.000000
vn -0.049557 -0.985443 -0.162626
vn 0.003123 -0.985442 -0.169981
vn 0.000000 -1.000000 0.000000
vn -0.097386 -0.985442 -0.139353
vn -0.049557 -0.985443 -0.162626
vn 0.000000 -1.000000 0.000000
vn -0.135682 -0.985442 -0.102439
vn -0.097386 -0.985442 -0.139353
vn 0.000000 -1.000000 0.000000
vn -0.160696 -0.985442 -0.055497
vn -0.135682 -0.985442 -0.102439
vn 0.000000 -1.000000 0.000000
vn -0.169981 -0.985442 -0.003123
vn -0.160696 -0.985442 -0.055497
vn 0.000000 -1.000000 0.000000
vn -0.162626 -0.985443 0.049556
vn -0.169981 -0.985442 -0.003123
vn 0.000000 -1.000000 0.000000
vn -0.139353 -0.985443 0.097384
vn -0.162626 -0.985443 0.049556
vn 0.000000 -1.000000 0.000000
vn -0.102439 -0.985443 0.135680
vn -0.139353 -0.985443 0.097384
vn 0.000000 -1.000000 0.000000
vn -0.055497 -0.985442 0.160696
vn -0.102439 -0.985443 0.135680
vn 0.000000 -1.000000 0.000000
vn -0.003123 -0.985442 0.169981
vn -0.055497 -0.985442 0.160696
vn 0.000000 -1.000000 0.000000
vn 0.049557 -0.985442 0.162627
vn -0.003123 -0.985442 0.169981
vn 0.000000 -1.000000 0.000000
vn 0.097386 -0.985442 0.139354
vn 0.049557 -0.985442 0.162627
vn 0.000000 -1.000000 0.000000
vn 0.135682 -0.985442 0.102439
vn 0.097386 -0.985442 0.139354
vn 0.000000 -1.000000 0.000000
vn 0.160696 -0.985442 0.055497
vn 0.135682 -0.985442 0.102439
vn 0.000000 -1.000000 0.000000
vn 0.169981 -0.985442 0.003123
vn 0.160696 -0.985442 0.055497
vn 0.000000 -1.000000 0.000000
vn 0.162626 -0.985443 -0.049556
vn 0.169981 -0.985442 0.003123
vn 0.000000 -1.000000 0.000000
vn 0.160696 0.985442 -0.055497
vn 0.135682 0.985443 -0.102438
vn 0.000000 1.000000 0.000000
vn 0.135682 0.985443 -0.102438
vn 0.097386 0.985443 -0.139352
vn 0.000000 1.000000 0.000000
vn 0.097386 0.985443 -0.139352
vn 0.049557 0.985442 -0.162627
vn 0.000000 1.000000 0.000000
vn 0.049557 0.985442 -0.162627
vn -0.003123 0.985442 -0.169981
vn 0.000000 1.000000 0.000000
vn -0.003123 0.985442 -0.169981
vn -0.055497 0.985442 -0.160696
vn 0.000000 1.000000 0.000000
vn -0.055497 0.985442 -0.160696
vn -0.102439 0.985443 -0.135680
vn 0.000000 1.000000 0.000000
vn -0.102439 0.985443 -0.135680
vn -0.139353 0.985443 -0.097384
vn 0.000000 1.000000 0.000000
vn -0.139353 0.985443 -0.097384
vn -0.162626 0.985443 -0.049557
vn 0.000000 1.000000 0.000000
vn -0.162626 0.985443 -0.049557
vn -0.169981 0.985442 0.003123
vn 0.000000 1.000000 0.000000
vn -0.169981 0.985442 0.003123
vn -0.160696 0.985442 0.055497
vn 0.000000 1.000000 0.000000
vn -0.160696 0.985442 0.055497
vn -0.135682 0.985442 0.102439
vn 0.000000 1.000000 0.000000
vn -0.135682 0.985442 0.102439
vn -0.097386 0.985442 0.139353
vn 0.000000 1.000000 0.000000
vn -0.097386 0.985442 0.139353
vn -0.049557 0.985442 0.162627
vn 0.000000 1.000000 0.000000
vn -0.049557 0.985442 0.162627
vn 0.003123 0.985442 0.169981
vn 0.000000 1.000000 0.000000
vn 0.003123 0.985442 0.169981
vn 0.055497 0.985442 0.160696
vn 0.000000 1.000000 0.000000
vn 0.055497 0.985442 0.160696
vn 0.102439 0.985443 0.135680
vn 0.000000 1.000000 0.000000
vn 0.102439 0.985443 0.135680
vn 0.139353 0.985442 0.097385
vn 0.000000 1.000000 0.000000
vn 0.139353 0.985442 0.097385
vn 0.162626 0.985443 0.049557
vn 0.000000 1.000000 0.000000
vn 0.162626 0.985443 0.049557
vn 0.169981 0.985442 -0.003123
vn 0.000000 1.000000 0.000000
vn 0.169981 0.985442 -0.003123
vn 0.160696 0.985442 -0.055497
vn 0.000000 1.000000 0.000000
s off
g item_bomb:group1pSphere1
usemtl item_bomb:lambert2SG
f 396/461/2347 397/462/2348 416/463/2349
f 416/463/2350 397/462/2351 417/464/2352
f 397/462/2353 398/465/2354 417/464/2355
f 417/464/2356 398/465/2357 418/466/2358
f 398/465/2359 399/467/2360 418/466/2361
f 418/466/2362 399/467/2363 419/468/2364
f 399/467/2365 400/469/2366 419/468/2367
f 419/468/2368 400/469/2369 420/470/2370
f 400/469/2371 401/471/2372 420/470/2373
f 420/470/2374 401/471/2375 421/472/2376
f 401/471/2377 402/473/2378 421/472/2379
f 421/472/2380 402/473/2381 422/474/2382
f 402/473/2383 403/475/2384 422/474/2385
f 422/474/2386 403/475/2387 423/476/2388
f 403/475/2389 404/477/2390 423/476/2391
f 423/476/2392 404/477/2393 424/478/2394
f 404/477/2395 405/479/2396 424/478/2397
f 424/478/2398 405/479/2399 425/480/2400
f 405/479/2401 406/481/2402 425/480/2403
f 425/480/2404 406/481/2405 426/482/2406
f 406/481/2407 407/483/2408 426/482/2409
f 426/482/2410 407/483/2411 427/484/2412
f 407/483/2413 408/485/2414 427/484/2415
f 427/484/2416 408/485/2417 428/486/2418
f 408/485/2419 409/487/2420 428/486/2421
f 428/486/2422 409/487/2423 429/488/2424
f 409/487/2425 410/489/2426 429/488/2427
f 429/488/2428 410/489/2429 430/490/2430
f 410/489/2431 411/491/2432 430/490/2433
f 430/490/2434 411/491/2435 431/492/2436
f 411/491/2437 412/493/2438 431/492/2439
f 431/492/2440 412/493/2441 432/494/2442
f 412/493/2443 413/495/2444 432/494/2445
f 432/494/2446 413/495/2447 433/496/2448
f 413/495/2449 414/497/2450 433/496/2451
f 433/496/2452 414/497/2453 434/498/2454
f 414/497/2455 415/499/2456 434/498/2457
f 434/498/2458 415/499/2459 435/500/2460
f 415/499/2461 396/501/2462 435/500/2463
f 435/500/2464 396/501/2465 416/502/2466
f 416/463/2467 417/464/2468 436/503/2469
f 436/503/2470 417/464/2471 437/504/2472
f 417/464/2473 418/466/2474 437/504/2475
f 437/504/2476 418/466/2477 438/505/2478
f 418/466/2479 419/468/2480 438/505/2481
f 438/505/2482 419/468/2483 439/506/2484
f 419/468/2485 420/470/2486 439/506/2487
f 439/506/2488 420/470/2489 440/507/2490
f 420/470/2491 421/472/2492 440/507/2493
f 440/507/2494 421/472/2495 441/508/2496
f 421/472/2497 422/474/2498 441/508/2499
f 441/508/2500 422/474/2501 442/509/2502
f 422/474/2503 423/476/2504 442/509/2505
f 442/509/2506 423/476/2507 443/510/2508
f 423/476/2509 424/478/2510 443/510/2511
f 443/510/2512 424/478/2513 444/511/2514
f 424/478/2515 425/480/2516 444/511/2517
f 444/511/2518 425/480/2519 445/512/2520
f 425/480/2521 426/482/2522 445/512/2523
f 445/512/2524 426/482/2525 446/513/2526
f 426/482/2527 427/484/2528 446/513/2529
f 446/513/2530 427/484/2531 447/514/2532
f 427/484/2533 428/486/2534 447/514/2535
f 447/514/2536 428/486/2537 448/515/2538
f 428/486/2539 429/488/2540 448/515/2541
f 448/515/2542 429/488/2543 449/516/2544
f 429/488/2545 430/490/2546 449/516/2547
f 449/516/2548 430/490/2549 450/517/2550
f 430/490/2551 431/492/2552 450/517/2553
f 450/517/2554 431/492/2555 451/518/2556
f 431/492/2557 432/494/2558 451/518/2559
f 451/518/2560 432/494/2561 452/519/2562
f 432/494/2563 433/496/2564 452/519/2565
f 452/519/2566 433/496/2567 453/520/2568
f 433/496/2569 434/498/2570 453/520/2571
f 453/520/2572 434/498/2573 454/521/2574
f 434/498/2575 435/500/2576 454/521/2577
f 454/521/2578 435/500/2579 455/522/2580
f 435/500/2581 416/502/2582 455/522/2583
f 455/522/2584 416/502/2585 436/523/2586
f 436/503/2587 437/504/2588 456/524/2589
f 456/524/2590 437/504/2591 457/525/2592
f 437/504/2593 438/505/2594 457/525/2595
f 457/525/2596 438/505/2597 458/526/2598
f 438/505/2599 439/506/2600 458/526/2601
f 458/526/2602 439/506/2603 459/527/2604
f 439/506/2605 440/507/2606 459/527/2607
f 459/527/2608 440/507/2609 460/528/2610
f 440/507/2611 441/508/2612 460/528/2613
f 460/528/2614 441/508/2615 461/529/2616
f 441/508/2617 442/509/2618 461/529/2619
f 461/529/2620 442/509/2621 462/530/2622
f 442/509/2623 443/510/2624 462/530/2625
f 462/530/2626 443/510/2627 463/531/2628
f 443/510/2629 444/511/2630 463/531/2631
f 463/531/2632 444/511/2633 464/532/2634
f 444/511/2635 445/512/2636 464/532/2637
f 464/532/2638 445/512/2639 465/533/2640
f 445/512/2641 446/513/2642 465/533/2643
f 465/533/2644 446/513/2645 466/534/2646
f 446/513/2647 447/514/2648 466/534/2649
f 466/534/2650 447/514/2651 467/535/2652
f 447/514/2653 448/515/2654 467/535/2655
f 467/535/2656 448/515/2657 468/536/2658
f 448/515/2659 449/516/2660 468/536/2661
f 468/536/2662 449/516/2663 469/537/2664
f 449/516/2665 450/517/2666 469/537/2667
f 469/537/2668 450/517/2669 470/538/2670
f 450/517/2671 451/518/2672 470/538/2673
f 470/538/2674 451/518/2675 471/539/2676
f 451/518/2677 452/519/2678 471/539/2679
f 471/539/2680 452/519/2681 472/540/2682
f 452/519/2683 453/520/2684 472/540/2685
f 472/540/2686 453/520/2687 473/541/2688
f 453/520/2689 454/521/2690 473/541/2691
f 473/541/2692 454/521/2693 474/542/2694
f 454/521/2695 455/522/2696 474/542/2697
f 474/542/2698 455/522/2699 475/543/2700
f 455/522/2701 436/523/2702 475/543/2703
f 475/543/2704 436/523/2705 456/544/2706
f 456/524/2707 457/525/2708 476/545/2709
f 476/545/2710 457/525/2711 477/546/2712
f 457/525/2713 458/526/2714 477/546/2715
f 477/546/2716 458/526/2717 478/547/2718
f 458/526/2719 459/527/2720 478/547/2721
f 478/547/2722 459/527/2723 479/548/2724
f 459/527/2725 460/528/2726 479/548/2727
f 479/548/2728 460/528/2729 480/549/2730
f 460/528/2731 461/529/2732 480/549/2733
f 480/549/2734 461/529/2735 481/550/2736
f 461/529/2737 462/530/2738 481/550/2739
f 481/550/2740 462/530/2741 482/551/2742
f 462/530/2743 463/531/2744 482/551/2745
f 482/551/2746 463/531/2747 483/552/2748
f 463/531/2749 464/532/2750 483/552/2751
f 483/552/2752 464/532/2753 484/553/2754
f 464/532/2755 465/533/2756 484/553/2757
f 484/553/2758 465/533/2759 485/554/2760
f 465/533/2761 466/534/2762 485/554/2763
f 485/554/2764 466/534/2765 486/555/2766
f 466/534/2767 467/535/2768 486/555/2769
f 486/555/2770 467/535/2771 487/556/2772
f 467/535/2773 468/536/2774 487/556/2775
f 487/556/2776 468/536/2777 488/557/2778
f 468/536/2779 469/537/2780 488/557/2781
f 488/557/2782 469/537/2783 489/558/2784
f 469/537/2785 470/538/2786 489/558/2787
f 489/558/2788 470/538/2789 490/559/2790
f 470/538/2791 471/539/2792 490/559/2793
f 490/559/2794 471/539/2795 491/560/2796
f 471/539/2797 472/540/2798 491/560/2799
f 491/560/2800 472/540/2801 492/561/2802
f 472/540/2803 473/541/2804 492/561/2805
f 492/561/2806 473/541/2807 493/562/2808
f 473/541/2809 474/542/2810 493/562/2811
f 493/562/2812 474/542/2813 494/563/2814
f 474/542/2815 475/543/2816 494/563/2817
f 494/563/2818 475/543/2819 495/564/2820
f 475/543/2821 456/544/2822 495/564/2823
f 495/564/2824 456/544/2825 476/565/2826
f 476/545/2827 477/546/2828 496/566/2829
f 496/566/2830 477/546/2831 497/567/2832
f 477/546/2833 478/547/2834 497/567/2835
f 497/567/2836 478/547/2837 498/568/2838
f 478/547/2839 479/548/2840 498/568/2841
f 498/568/2842 479/548/2843 499/569/2844
f 479/548/2845 480/549/2846 499/569/2847
f 499/569/2848 480/549/2849 500/570/2850
f 480/549/2851 481/550/2852 500/570/2853
f 500/570/2854 481/550/2855 501/571/2856
f 481/550/2857 482/551/2858 501/571/2859
f 501/571/2860 482/551/2861 502/572/2862
f 482/551/2863 483/552/2864 502/572/2865
f 502/572/2866 483/552/2867 503/573/2868
f 483/552/2869 484/553/2870 503/573/2871
f 503/573/2872 484/553/2873 504/574/2874
f 484/553/2875 485/554/2876 504/574/2877
f 504/574/2878 485/554/2879 505/575/2880
f 485/554/2881 486/555/2882 505/575/2883
f 505/575/2884 486/555/2885 506/576/2886
f 486/555/2887 487/556/2888 506/576/2889
f 506/576/2890 487/556/2891 507/577/2892
f 487/556/2893 488/557/2894 507/577/2895
f 507/577/2896 488/557/2897 508/578/2898
f 488/557/2899 489/558/2900 508/578/2901
f 508/578/2902 489/558/2903 509/579/2904
f 489/558/2905 490/559/2906 509/579/2907
f 509/579/2908 490/559/2909 510/580/2910
f 490/559/2911 491/560/2912 510/580/2913
f 510/580/2914 491/560/2915 511/581/2916
f 491/560/2917 492/561/2918 511/581/2919
f 511/581/2920 492/561/2921 512/582/2922
f 492/561/2923 493/562/2924 512/582/2925
f 512/582/2926 493/562/2927 513/583/2928
f 493/562/2929 494/563/2930 513/583/2931
f 513/583/2932 494/563/2933 514/584/2934
f 494/563/2935 495/564/2936 514/584/2937
f 514/584/2938 495/564/2939 515/585/2940
f 495/564/2941 476/565/2942 515/585/2943
f 515/585/2944 476/565/2945 496/586/2946
f 496/566/2947 497/567/2948 516/587/2949
f 516/587/2950 497/567/2951 517/588/2952
f 497/567/2953 498/568/2954 517/588/2955
f 517/588/2956 498/568/2957 518/589/2958
f 498/568/2959 499/569/2960 518/589/2961
f 518/589/2962 499/569/2963 519/590/2964
f 499/569/2965 500/570/2966 519/590/2967
f 519/590/2968 500/570/2969 520/591/2970
f 500/570/2971 501/571/2972 520/591/2973
f 520/591/2974 501/571/2975 521/592/2976
f 501/571/2977 502/572/2978 521/592/2979
f 521/592/2980 502/572/2981 522/593/2982
f 502/572/2983 503/573/2984 522/593/2985
f 522/593/2986 503/573/2987 523/594/2988
f 503/573/2989 504/574/2990 523/594/2991
f 523/594/2992 504/574/2993 524/595/2994
f 504/574/2995 505/575/2996 524/595/2997
f 524/595/2998 505/575/2999 525/596/3000
f 505/575/3001 506/576/3002 525/596/3003
f 525/596/3004 506/576/3005 526/597/3006
f 506/576/3007 507/577/3008 526/597/3009
f 526/597/3010 507/577/3011 527/598/3012
f 507/577/3013 508/578/3014 527/598/3015
f 527/598/3016 508/578/3017 528/599/3018
f 508/578/3019 509/579/3020 528/599/3021
f 528/599/3022 509/579/3023 529/600/3024
f 509/579/3025 510/580/3026 529/600/3027
f 529/600/3028 510/580/3029 530/601/3030
f 510/580/3031 511/581/3032 530/601/3033
f 530/601/3034 511/581/3035 531/602/3036
f 511/581/3037 512/582/3038 531/602/3039
f 531/602/3040 512/582/3041 532/603/3042
f 512/582/3043 513/583/3044 532/603/3045
f 532/603/3046 513/583/3047 533/604/3048
f 513/583/3049 514/584/3050 533/604/3051
f 533/604/3052 514/584/3053 534/605/3054
f 514/584/3055 515/585/3056 534/605/3057
f 534/605/3058 515/585/3059 535/606/3060
f 515/585/3061 496/586/3062 535/606/3063
f 535/606/3064 496/586/3065 516/607/3066
f 516/587/3067 517/588/3068 536/608/3069
f 536/608/3070 517/588/3071 537/609/3072
f 517/588/3073 518/589/3074 537/609/3075
f 537/609/3076 518/589/3077 538/610/3078
f 518/589/3079 519/590/3080 538/610/3081
f 538/610/3082 519/590/3083 539/611/3084
f 519/590/3085 520/591/3086 539/611/3087
f 539/611/3088 520/591/3089 540/612/3090
f 520/591/3091 521/592/3092 540/612/3093
f 540/612/3094 521/592/3095 541/613/3096
f 521/592/3097 522/593/3098 541/613/3099
f 541/613/3100 522/593/3101 542/614/3102
f 522/593/3103 523/594/3104 542/614/3105
f 542/614/3106 523/594/3107 543/615/3108
f 523/594/3109 524/595/3110 543/615/3111
f 543/615/3112 524/595/3113 544/616/3114
f 524/595/3115 525/596/3116 544/616/3117
f 544/616/3118 525/596/3119 545/617/3120
f 525/596/3121 526/597/3122 545/617/3123
f 545/617/3124 526/597/3125 546/618/3126
f 526/597/3127 527/598/3128 546/618/3129
f 546/618/3130 527/598/3131 547/619/3132
f 527/598/3133 528/599/3134 547/619/3135
f 547/619/3136 528/599/3137 548/620/3138
f 528/599/3139 529/600/3140 548/620/3141
f 548/620/3142 529/600/3143 549/621/3144
f 529/600/3145 530/601/3146 549/621/3147
f 549/621/3148 530/601/3149 550/622/3150
f 530/601/3151 531/602/3152 550/622/3153
f 550/622/3154 531/602/3155 551/623/3156
f 531/602/3157 532/603/3158 551/623/3159
f 551/623/3160 532/603/3161 552/624/3162
f 532/603/3163 533/604/3164 552/624/3165
f 552/624/3166 533/604/3167 553/625/3168
f 533/604/3169 534/605/3170 553/625/3171
f 553/625/3172 534/605/3173 554/626/3174
f 534/605/3175 535/606/3176 554/626/3177
f 554/626/3178 535/606/3179 555/627/3180
f 535/606/3181 516/607/3182 555/627/3183
f 555/627/3184 516/607/3185 536/628/3186
f 536/608/3187 537/609/3188 556/629/3189
f 556/629/3190 537/609/3191 557/630/3192
f 537/609/3193 538/610/3194 557/630/3195
f 557/630/3196 538/610/3197 558/631/3198
f 538/610/3199 539/611/3200 558/631/3201
f 558/631/3202 539/611/3203 559/632/3204
f 539/611/3205 540/612/3206 559/632/3207
f 559/632/3208 540/612/3209 560/633/3210
f 540/612/3211 541/613/3212 560/633/3213
f 560/633/3214 541/613/3215 561/634/3216
f 541/613/3217 542/614/3218 561/634/3219
f 561/634/3220 542/614/3221 562/635/3222
f 542/614/3223 543/615/3224 562/635/3225
f 562/635/3226 543/615/3227 563/636/3228
f 543/615/3229 544/616/3230 563/636/3231
f 563/636/3232 544/616/3233 564/637/3234
f 544/616/3235 545/617/3236 564/637/3237
f 564/637/3238 545/617/3239 565/638/3240
f 545/617/3241 546/618/3242 565/638/3243
f 565/638/3244 546/618/3245 566/639/3246
f 546/618/3247 547/619/3248 566/639/3249
f 566/639/3250 547/619/3251 567/640/3252
f 547/619/3253 548/620/3254 567/640/3255
f 567/640/3256 548/620/3257 568/641/3258
f 548/620/3259 549/621/3260 568/641/3261
f 568/641/3262 549/621/3263 569/642/3264
f 549/621/3265 550/622/3266 569/642/3267
f 569/642/3268 550/622/3269 570/643/3270
f 550/622/3271 551/623/3272 570/643/3273
f 570/643/3274 551/623/3275 571/644/3276
f 551/623/3277 552/624/3278 571/644/3279
f 571/644/3280 552/624/3281 572/645/3282
f 552/624/3283 553/625/3284 572/645/3285
f 572/645/3286 553/625/3287 573/646/3288
f 553/625/3289 554/626/3290 573/646/3291
f 573/646/3292 554/626/3293 574/647/3294
f 554/626/3295 555/627/3296 574/647/3297
f 574/647/3298 555/627/3299 575/648/3300
f 555/627/3301 536/628/3302 575/648/3303
f 575/648/3304 536/628/3305 556/649/3306
f 556/629/3307 557/630/3308 576/650/3309
f 576/650/3310 557/630/3311 577/651/3312
f 557/630/3313 558/631/3314 577/651/3315
f 577/651/3316 558/631/3317 578/652/3318
f 558/631/3319 559/632/3320 578/652/3321
f 578/652/3322 559/632/3323 579/653/3324
f 559/632/3325 560/633/3326 579/653/3327
f 579/653/3328 560/633/3329 580/654/3330
f 560/633/3331 561/634/3332 580/654/3333
f 580/654/3334 561/634/3335 581/655/3336
f 561/634/3337 562/635/3338 581/655/3339
f 581/655/3340 562/635/3341 582/656/3342
f 562/635/3343 563/636/3344 582/656/3345
f 582/656/3346 563/636/3347 583/657/3348
f 563/636/3349 564/637/3350 583/657/3351
f 583/657/3352 564/637/3353 584/658/3354
f 564/637/3355 565/638/3356 584/658/3357
f 584/658/3358 565/638/3359 585/659/3360
f 565/638/3361 566/639/3362 585/659/3363
f 585/659/3364 566/639/3365 586/660/3366
f 566/639/3367 567/640/3368 586/660/3369
f 586/660/3370 567/640/3371 587/661/3372
f 567/640/3373 568/641/3374 587/661/3375
f 587/661/3376 568/641/3377 588/662/3378
f 568/641/3379 569/642/3380 588/662/3381
f 588/662/3382 569/642/3383 589/663/3384
f 569/642/3385 570/643/3386 589/663/3387
f 589/663/3388 570/643/3389 590/664/3390
f 570/643/3391 571/644/3392 590/664/3393
f 590/664/3394 571/644/3395 591/665/3396
f 571/644/3397 572/645/3398 591/665/3399
f 591/665/3400 572/645/3401 592/666/3402
f 572/645/3403 573/646/3404 592/666/3405
f 592/666/3406 573/646/3407 593/667/3408
f 573/646/3409 574/647/3410 593/667/3411
f 593/667/3412 574/647/3413 594/668/3414
f 574/647/3415 575/648/3416 594/668/3417
f 594/668/3418 575/648/3419 595/669/3420
f 575/648/3421 556/649/3422 595/669/3423
f 595/669/3424 556/649/3425 576/670/3426
f 576/650/3427 577/651/3428 596/671/3429
f 596/671/3430 577/651/3431 597/672/3432
f 577/651/3433 578/652/3434 597/672/3435
f 597/672/3436 578/652/3437 598/673/3438
f 578/652/3439 579/653/3440 598/673/3441
f 598/673/3442 579/653/3443 599/674/3444
f 579/653/3445 580/654/3446 599/674/3447
f 599/674/3448 580/654/3449 600/675/3450
f 580/654/3451 581/655/3452 600/675/3453
f 600/675/3454 581/655/3455 601/676/3456
f 581/655/3457 582/656/3458 601/676/3459
f 601/676/3460 582/656/3461 602/677/3462
f 582/656/3463 583/657/3464 602/677/3465
f 602/677/3466 583/657/3467 603/678/3468
f 583/657/3469 584/658/3470 603/678/3471
f 603/678/3472 584/658/3473 604/679/3474
f 584/658/3475 585/659/3476 604/679/3477
f 604/679/3478 585/659/3479 605/680/3480
f 585/659/3481 586/660/3482 605/680/3483
f 605/680/3484 586/660/3485 606/681/3486
f 586/660/3487 587/661/3488 606/681/3489
f 606/681/3490 587/661/3491 607/682/3492
f 587/661/3493 588/662/3494 607/682/3495
f 607/682/3496 588/662/3497 608/683/3498
f 588/662/3499 589/663/3500 608/683/3501
f 608/683/3502 589/663/3503 609/684/3504
f 589/663/3505 590/664/3506 609/684/3507
f 609/684/3508 590/664/3509 610/685/3510
f 590/664/3511 591/665/3512 610/685/3513
f 610/685/3514 591/665/3515 611/686/3516
f 591/665/3517 592/666/3518 611/686/3519
f 611/686/3520 592/666/3521 612/687/3522
f 592/666/3523 593/667/3524 612/687/3525
f 612/687/3526 593/667/3527 613/688/3528
f 593/667/3529 594/668/3530 613/688/3531
f 613/688/3532 594/668/3533 614/689/3534
f 594/668/3535 595/669/3536 614/689/3537
f 614/689/3538 595/669/3539 615/690/3540
f 595/669/3541 576/670/3542 615/690/3543
f 615/690/3544 576/670/3545 596/691/3546
f 596/671/3547 597/672/3548 616/692/3549
f 616/692/3550 597/672/3551 617/693/3552
f 597/672/3553 598/673/3554 617/693/3555
f 617/693/3556 598/673/3557 618/694/3558
f 598/673/3559 599/674/3560 618/694/3561
f 618/694/3562 599/674/3563 619/695/3564
f 599/674/3565 600/675/3566 619/695/3567
f 619/695/3568 600/675/3569 620/696/3570
f 600/675/3571 601/676/3572 620/696/3573
f 620/696/3574 601/676/3575 621/697/3576
f 601/676/3577 602/677/3578 621/697/3579
f 621/697/3580 602/677/3581 622/698/3582
f 602/677/3583 603/678/3584 622/698/3585
f 622/698/3586 603/678/3587 623/699/3588
f 603/678/3589 604/679/3590 623/699/3591
f 623/699/3592 604/679/3593 624/700/3594
f 604/679/3595 605/680/3596 624/700/3597
f 624/700/3598 605/680/3599 625/701/3600
f 605/680/3601 606/681/3602 625/701/3603
f 625/701/3604 606/681/3605 626/702/3606
f 606/681/3607 607/682/3608 626/702/3609
f 626/702/3610 607/682/3611 627/703/3612
f 607/682/3613 608/683/3614 627/703/3615
f 627/703/3616 608/683/3617 628/704/3618
f 608/683/3619 609/684/3620 628/704/3621
f 628/704/3622 609/684/3623 629/705/3624
f 609/684/3625 610/685/3626 629/705/3627
f 629/705/3628 610/685/3629 630/706/3630
f 610/685/3631 611/686/3632 630/706/3633
f 630/706/3634 611/686/3635 631/707/3636
f 611/686/3637 612/687/3638 631/707/3639
f 631/707/3640 612/687/3641 632/708/3642
f 612/687/3643 613/688/3644 632/708/3645
f 632/708/3646 613/688/3647 633/709/3648
f 613/688/3649 614/689/3650 633/709/3651
f 633/709/3652 614/689/3653 634/710/3654
f 614/689/3655 615/690/3656 634/710/3657
f 634/710/3658 615/690/3659 635/711/3660
f 615/690/3661 596/691/3662 635/711/3663
f 635/711/3664 596/691/3665 616/712/3666
f 616/692/3667 617/693/3668 636/713/3669
f 636/713/3670 617/693/3671 637/714/3672
f 617/693/3673 618/694/3674 637/714/3675
f 637/714/3676 618/694/3677 638/715/3678
f 618/694/3679 619/695/3680 638/715/3681
f 638/715/3682 619/695/3683 639/716/3684
f 619/695/3685 620/696/3686 639/716/3687
f 639/716/3688 620/696/3689 640/717/3690
f 620/696/3691 621/697/3692 640/717/3693
f 640/717/3694 621/697/3695 641/718/3696
f 621/697/3697 622/698/3698 641/718/3699
f 641/718/3700 622/698/3701 642/719/3702
f 622/698/3703 623/699/3704 642/719/3705
f 642/719/3706 623/699/3707 643/720/3708
f 623/699/3709 624/700/3710 643/720/3711
f 643/720/3712 624/700/3713 644/721/3714
f 624/700/3715 625/701/3716 644/721/3717
f 644/721/3718 625/701/3719 645/722/3720
f 625/701/3721 626/702/3722 645/722/3723
f 645/722/3724 626/702/3725 646/723/3726
f 626/702/3727 627/703/3728 646/723/3729
f 646/723/3730 627/703/3731 647/724/3732
f 627/703/3733 628/704/3734 647/724/3735
f 647/724/3736 628/704/3737 648/725/3738
f 628/704/3739 629/705/3740 648/725/3741
f 648/725/3742 629/705/3743 649/726/3744
f 629/705/3745 630/706/3746 649/726/3747
f 649/726/3748 630/706/3749 650/727/3750
f 630/706/3751 631/707/3752 650/727/3753
f 650/727/3754 631/707/3755 651/728/3756
f 631/707/3757 632/708/3758 651/728/3759
f 651/728/3760 632/708/3761 652/729/3762
f 632/708/3763 633/709/3764 652/729/3765
f 652/729/3766 633/709/3767 653/730/3768
f 633/709/3769 634/710/3770 653/730/3771
f 653/730/3772 634/710/3773 654/731/3774
f 634/710/3775 635/711/3776 654/731/3777
f 654/731/3778 635/711/3779 655/732/3780
f 635/711/3781 616/712/3782 655/732/3783
f 655/732/3784 616/712/3785 636/733/3786
f 636/713/3787 637/714/3788 656/734/3789
f 656/734/3790 637/714/3791 657/735/3792
f 637/714/3793 638/715/3794 657/735/3795
f 657/735/3796 638/715/3797 658/736/3798
f 638/715/3799 639/716/3800 658/736/3801
f 658/736/3802 639/716/3803 659/737/3804
f 639/716/3805 640/717/3806 659/737/3807
f 659/737/3808 640/717/3809 660/738/3810
f 640/717/3811 641/718/3812 660/738/3813
f 660/738/3814 641/718/3815 661/739/3816
f 641/718/3817 642/719/3818 661/739/3819
f 661/739/3820 642/719/3821 662/740/3822
f 642/719/3823 643/720/3824 662/740/3825
f 662/740/3826 643/720/3827 663/741/3828
f 643/720/3829 644/721/3830 663/741/3831
f 663/741/3832 644/721/3833 664/742/3834
f 644/721/3835 645/722/3836 664/742/3837
f 664/742/3838 645/722/3839 665/743/3840
f 645/722/3841 646/723/3842 665/743/3843
f 665/743/3844 646/723/3845 666/744/3846
f 646/723/3847 647/724/3848 666/744/3849
f 666/744/3850 647/724/3851 667/745/3852
f 647/724/3853 648/725/3854 667/745/3855
f 667/745/3856 648/725/3857 668/746/3858
f 648/725/3859 649/726/3860 668/746/3861
f 668/746/3862 649/726/3863 669/747/3864
f 649/726/3865 650/727/3866 669/747/3867
f 669/747/3868 650/727/3869 670/748/3870
f 650/727/3871 651/728/3872 670/748/3873
f 670/748/3874 651/728/3875 671/749/3876
f 651/728/3877 652/729/3878 671/749/3879
f 671/749/3880 652/729/3881 672/750/3882
f 652/729/3883 653/730/3884 672/750/3885
f 672/750/3886 653/730/3887 673/751/3888
f 653/730/3889 654/731/3890 673/751/3891
f 673/751/3892 654/731/3893 674/752/3894
f 654/731/3895 655/732/3896 674/752/3897
f 674/752/3898 655/732/3899 675/753/3900
f 655/732/3901 636/733/3902 675/753/3903
f 675/753/3904 636/733/3905 656/754/3906
f 656/734/3907 657/735/3908 676/755/3909
f 676/755/3910 657/735/3911 677/756/3912
f 657/735/3913 658/736/3914 677/756/3915
f 677/756/3916 658/736/3917 678/757/3918
f 658/736/3919 659/737/3920 678/757/3921
f 678/757/3922 659/737/3923 679/758/3924
f 659/737/3925 660/738/3926 679/758/3927
f 679/758/3928 660/738/3929 680/759/3930
f 660/738/3931 661/739/3932 680/759/3933
f 680/759/3934 661/739/3935 681/760/3936
f 661/739/3937 662/740/3938 681/760/3939
f 681/760/3940 662/740/3941 682/761/3942
f 662/740/3943 663/741/3944 682/761/3945
f 682/761/3946 663/741/3947 683/762/3948
f 663/741/3949 664/742/3950 683/762/3951
f 683/762/3952 664/742/3953 684/763/3954
f 664/742/3955 665/743/3956 684/763/3957
f 684/763/3958 665/743/3959 685/764/3960
f 665/743/3961 666/744/3962 685/764/3963
f 685/764/3964 666/744/3965 686/765/3966
f 666/744/3967 667/745/3968 686/765/3969
f 686/765/3970 667/745/3971 687/766/3972
f 667/745/3973 668/746/3974 687/766/3975
f 687/766/3976 668/746/3977 688/767/3978
f 668/746/3979 669/747/3980 688/767/3981
f 688/767/3982 669/747/3983 689/768/3984
f 669/747/3985 670/748/3986 689/768/3987
f 689/768/3988 670/748/3989 690/769/3990
f 670/748/3991 671/749/3992 690/769/3993
f 690/769/3994 671/749/3995 691/770/3996
f 671/749/3997 672/750/3998 691/770/3999
f 691/770/4000 672/750/4001 692/771/4002
f 672/750/4003 673/751/4004 692/771/4005
f 692/771/4006 673/751/4007 693/772/4008
f 673/751/4009 674/752/4010 693/772/4011
f 693/772/4012 674/752/4013 694/773/4014
f 674/752/4015 675/753/4016 694/773/4017
f 694/773/4018 675/753/4019 695/774/4020
f 675/753/4021 656/754/4022 695/774/4023
f 695/774/4024 656/754/4025 676/775/4026
f 676/755/4027 677/756/4028 696/776/4029
f 696/776/4030 677/756/4031 697/777/4032
f 677/756/4033 678/757/4034 697/777/4035
f 697/777/4036 678/757/4037 698/778/4038
f 678/757/4039 679/758/4040 698/778/4041
f 698/778/4042 679/758/4043 699/779/4044
f 679/758/4045 680/759/4046 699/779/4047
f 699/779/4048 680/759/4049 700/780/4050
f 680/759/4051 681/760/4052 700/780/4053
f 700/780/4054 681/760/4055 701/781/4056
f 681/760/4057 682/761/4058 701/781/4059
f 701/781/4060 682/761/4061 702/782/4062
f 682/761/4063 683/762/4064 702/782/4065
f 702/782/4066 683/762/4067 703/783/4068
f 683/762/4069 684/763/4070 703/783/4071
f 703/783/4072 684/763/4073 704/784/4074
f 684/763/4075 685/764/4076 704/784/4077
f 704/784/4078 685/764/4079 705/785/4080
f 685/764/4081 686/765/4082 705/785/4083
f 705/785/4084 686/765/4085 706/786/4086
f 686/765/4087 687/766/4088 706/786/4089
f 706/786/4090 687/766/4091 707/787/4092
f 687/766/4093 688/767/4094 707/787/4095
f 707/787/4096 688/767/4097 708/788/4098
f 688/767/4099 689/768/4100 708/788/4101
f 708/788/4102 689/768/4103 709/789/4104
f 689/768/4105 690/769/4106 709/789/4107
f 709/789/4108 690/769/4109 710/790/4110
f 690/769/4111 691/770/4112 710/790/4113
f 710/790/4114 691/770/4115 711/791/4116
f 691/770/4117 692/771/4118 711/791/4119
f 711/791/4120 692/771/4121 712/792/4122
f 692/771/4123 693/772/4124 712/792/4125
f 712/792/4126 693/772/4127 713/793/4128
f 693/772/4129 694/773/4130 713/793/4131
f 713/793/4132 694/773/4133 714/794/4134
f 694/773/4135 695/774/4136 714/794/4137
f 714/794/4138 695/774/4139 715/795/4140
f 695/774/4141 676/775/4142 715/795/4143
f 715/795/4144 676/775/4145 696/796/4146
f 696/776/4147 697/777/4148 716/797/4149
f 716/797/4150 697/777/4151 717/798/4152
f 697/777/4153 698/778/4154 717/798/4155
f 717/798/4156 698/778/4157 718/799/4158
f 698/778/4159 699/779/4160 718/799/4161
f 718/799/4162 699/779/4163 719/800/4164
f 699/779/4165 700/780/4166 719/800/4167
f 719/800/4168 700/780/4169 720/801/4170
f 700/780/4171 701/781/4172 720/801/4173
f 720/801/4174 701/781/4175 721/802/4176
f 701/781/4177 702/782/4178 721/802/4179
f 721/802/4180 702/782/4181 722/803/4182
f 702/782/4183 703/783/4184 722/803/4185
f 722/803/4186 703/783/4187 723/804/4188
f 703/783/4189 704/784/4190 723/804/4191
f 723/804/4192 704/784/4193 724/805/4194
f 704/784/4195 705/785/4196 724/805/4197
f 724/805/4198 705/785/4199 725/806/4200
f 705/785/4201 706/786/4202 725/806/4203
f 725/806/4204 706/786/4205 726/807/4206
f 706/786/4207 707/787/4208 726/807/4209
f 726/807/4210 707/787/4211 727/808/4212
f 707/787/4213 708/788/4214 727/808/4215
f 727/808/4216 708/788/4217 728/809/4218
f 708/788/4219 709/789/4220 728/809/4221
f 728/809/4222 709/789/4223 729/810/4224
f 709/789/4225 710/790/4226 729/810/4227
f 729/810/4228 710/790/4229 730/811/4230
f 710/790/4231 711/791/4232 730/811/4233
f 730/811/4234 711/791/4235 731/812/4236
f 711/791/4237 712/792/4238 731/812/4239
f 731/812/4240 712/792/4241 732/813/4242
f 712/792/4243 713/793/4244 732/813/4245
f 732/813/4246 713/793/4247 733/814/4248
f 713/793/4249 714/794/4250 733/814/4251
f 733/814/4252 714/794/4253 734/815/4254
f 714/794/4255 715/795/4256 734/815/4257
f 734/815/4258 715/795/4259 735/816/4260
f 715/795/4261 696/796/4262 735/816/4263
f 735/816/4264 696/796/4265 716/817/4266
f 716/797/4267 717/798/4268 736/818/4269
f 736/818/4270 717/798/4271 737/819/4272
f 717/798/4273 718/799/4274 737/819/4275
f 737/819/4276 718/799/4277 738/820/4278
f 718/799/4279 719/800/4280 738/820/4281
f 738/820/4282 719/800/4283 739/821/4284
f 719/800/4285 720/801/4286 739/821/4287
f 739/821/4288 720/801/4289 740/822/4290
f 720/801/4291 721/802/4292 740/822/4293
f 740/822/4294 721/802/4295 741/823/4296
f 721/802/4297 722/803/4298 741/823/4299
f 741/823/4300 722/803/4301 742/824/4302
f 722/803/4303 723/804/4304 742/824/4305
f 742/824/4306 723/804/4307 743/825/4308
f 723/804/4309 724/805/4310 743/825/4311
f 743/825/4312 724/805/4313 744/826/4314
f 724/805/4315 725/806/4316 744/826/4317
f 744/826/4318 725/806/4319 745/827/4320
f 725/806/4321 726/807/4322 745/827/4323
f 745/827/4324 726/807/4325 746/828/4326
f 726/807/4327 727/808/4328 746/828/4329
f 746/828/4330 727/808/4331 747/829/4332
f 727/808/4333 728/809/4334 747/829/4335
f 747/829/4336 728/809/4337 748/830/4338
f 728/809/4339 729/810/4340 748/830/4341
f 748/830/4342 729/810/4343 749/831/4344
f 729/810/4345 730/811/4346 749/831/4347
f 749/831/4348 730/811/4349 750/832/4350
f 730/811/4351 731/812/4352 750/832/4353
f 750/832/4354 731/812/4355 751/833/4356
f 731/812/4357 732/813/4358 751/833/4359
f 751/833/4360 732/813/4361 752/834/4362
f 732/813/4363 733/814/4364 752/834/4365
f 752/834/4366 733/814/4367 753/835/4368
f 733/814/4369 734/815/4370 753/835/4371
f 753/835/4372 734/815/4373 754/836/4374
f 734/815/4375 735/816/4376 754/836/4377
f 754/836/4378 735/816/4379 755/837/4380
f 735/816/4381 716/817/4382 755/837/4383
f 755/837/4384 716/817/4385 736/838/4386
f 736/818/4387 737/819/4388 756/839/4389
f 756/839/4390 737/819/4391 757/840/4392
f 737/819/4393 738/820/4394 757/840/4395
f 757/840/4396 738/820/4397 758/841/4398
f 738/820/4399 739/821/4400 758/841/4401
f 758/841/4402 739/821/4403 759/842/4404
f 739/821/4405 740/822/4406 759/842/4407
f 759/842/4408 740/822/4409 760/843/4410
f 740/822/4411 741/823/4412 760/843/4413
f 760/843/4414 741/823/4415 761/844/4416
f 741/823/4417 742/824/4418 761/844/4419
f 761/844/4420 742/824/4421 762/845/4422
f 742/824/4423 743/825/4424 762/845/4425
f 762/845/4426 743/825/4427 763/846/4428
f 743/825/4429 744/826/4430 763/846/4431
f 763/846/4432 744/826/4433 764/847/4434
f 744/826/4435 745/827/4436 764/847/4437
f 764/847/4438 745/827/4439 765/848/4440
f 745/827/4441 746/828/4442 765/848/4443
f 765/848/4444 746/828/4445 766/849/4446
f 746/828/4447 747/829/4448 766/849/4449
f 766/849/4450 747/829/4451 767/850/4452
f 747/829/4453 748/830/4454 767/850/4455
f 767/850/4456 748/830/4457 768/851/4458
f 748/830/4459 749/831/4460 768/851/4461
f 768/851/4462 749/831/4463 769/852/4464
f 749/831/4465 750/832/4466 769/852/4467
f 769/852/4468 750/832/4469 770/853/4470
f 750/832/4471 751/833/4472 770/853/4473
f 770/853/4474 751/833/4475 771/854/4476
f 751/833/4477 752/834/4478 771/854/4479
f 771/854/4480 752/834/4481 772/855/4482
f 752/834/4483 753/835/4484 772/855/4485
f 772/855/4486 753/835/4487 773/856/4488
f 753/835/4489 754/836/4490 773/856/4491
f 773/856/4492 754/836/4493 774/857/4494
f 754/836/4495 755/837/4496 774/857/4497
f 774/857/4498 755/837/4499 775/858/4500
f 755/837/4501 736/838/4502 775/858/4503
f 775/858/4504 736/838/4505 756/859/4506
f 397/462/4507 396/461/4508 776/860/4509
f 398/465/4510 397/462/4511 776/861/4512
f 399/467/4513 398/465/4514 776/862/4515
f 400/469/4516 399/467/4517 776/863/4518
f 401/471/4519 400/469/4520 776/864/4521
f 402/473/4522 401/471/4523 776/865/4524
f 403/475/4525 402/473/4526 776/866/4527
f 404/477/4528 403/475/4529 776/867/4530
f 405/479/4531 404/477/4532 776/868/4533
f 406/481/4534 405/479/4535 776/869/4536
f 407/483/4537 406/481/4538 776/870/4539
f 408/485/4540 407/483/4541 776/871/4542
f 409/487/4543 408/485/4544 776/872/4545
f 410/489/4546 409/487/4547 776/873/4548
f 411/491/4549 410/489/4550 776/874/4551
f 412/493/4552 411/491/4553 776/875/4554
f 413/495/4555 412/493/4556 776/876/4557
f 414/497/4558 413/495/4559 776/877/4560
f 415/499/4561 414/497/4562 776/878/4563
f 396/501/4564 415/499/4565 776/879/4566
f 756/839/4567 757/840/4568 777/880/4569
f 757/840/4570 758/841/4571 777/881/4572
f 758/841/4573 759/842/4574 777/882/4575
f 759/842/4576 760/843/4577 777/883/4578
f 760/843/4579 761/844/4580 777/884/4581
f 761/844/4582 762/845/4583 777/885/4584
f 762/845/4585 763/846/4586 777/886/4587
f 763/846/4588 764/847/4589 777/887/4590
f 764/847/4591 765/848/4592 777/888/4593
f 765/848/4594 766/849/4595 777/889/4596
f 766/849/4597 767/850/4598 777/890/4599
f 767/850/4600 768/851/4601 777/891/4602
f 768/851/4603 769/852/4604 777/892/4605
f 769/852/4606 770/853/4607 777/893/4608
f 770/853/4609 771/854/4610 777/894/4611
f 771/854/4612 772/855/4613 777/895/4614
f 772/855/4615 773/856/4616 777/896/4617
f 773/856/4618 774/857/4619 777/897/4620
f 774/857/4621 775/858/4622 777/898/4623
f 775/858/4624 756/859/4625 777/899/4626
g default
v 0.091314 0.493781 0.711628
v 0.074597 0.489489 0.703050
v 0.055742 0.493068 0.704830
v 0.043572 0.502843 0.716135
v 0.043782 0.514241 0.731676
v 0.056272 0.521928 0.744181
v 0.075200 0.522307 0.747798
v 0.091707 0.515202 0.740836
v 0.098071 0.503936 0.726551
v 0.112274 0.501382 0.686019
v 0.080856 0.493316 0.669897
v 0.045421 0.500042 0.673242
v 0.022549 0.518414 0.694489
v 0.022943 0.539834 0.723697
v 0.046418 0.554281 0.747198
v 0.081989 0.554994 0.753997
v 0.113014 0.541640 0.740911
v 0.124974 0.520467 0.714065
v 0.129602 0.521731 0.656201
v 0.087273 0.510863 0.634480
v 0.039531 0.519926 0.638987
v 0.008717 0.544678 0.667614
v 0.009247 0.573537 0.706965
v 0.040874 0.593001 0.738628
v 0.088800 0.593962 0.747788
v 0.130599 0.575970 0.730157
v 0.146713 0.547444 0.693987
v 0.141209 0.552373 0.625772
v 0.093074 0.540015 0.601071
v 0.038784 0.550320 0.606197
v 0.003743 0.578467 0.638750
v 0.004346 0.611285 0.683498
v 0.040311 0.633418 0.719504
v 0.094810 0.634511 0.729920
v 0.142342 0.614051 0.709872
v 0.160666 0.581612 0.668740
v 0.145693 0.589612 0.598401
v 0.097558 0.577254 0.573700
v 0.043269 0.587559 0.578826
v 0.008227 0.615705 0.611379
v 0.008830 0.648524 0.656127
v 0.044796 0.670657 0.692133
v 0.099295 0.671749 0.702549
v 0.146827 0.651290 0.682501
v 0.165151 0.618851 0.641369
v 0.142515 0.628956 0.577390
v 0.100186 0.618089 0.555668
v 0.052444 0.627151 0.560175
v 0.021630 0.651903 0.588802
v 0.022160 0.680763 0.628153
v 0.053787 0.700226 0.659816
v 0.101713 0.701187 0.668976
v 0.143512 0.683195 0.651346
v 0.159626 0.654669 0.615176
v 0.132058 0.665661 0.565272
v 0.100640 0.657595 0.549150
v 0.065205 0.664321 0.552495
v 0.042333 0.682693 0.573743
v 0.042727 0.704113 0.602951
v 0.066201 0.718560 0.626452
v 0.101773 0.719273 0.633250
v 0.132798 0.705918 0.620165
v 0.144758 0.684746 0.593318
v 0.115582 0.695299 0.563510
v 0.098865 0.691007 0.554932
v 0.080010 0.694586 0.556712
v 0.067841 0.704361 0.568018
v 0.068050 0.715759 0.583559
v 0.080541 0.723446 0.596063
v 0.099468 0.723825 0.599681
v 0.115976 0.716719 0.592718
v 0.122340 0.705453 0.578433
v 0.069250 0.499844 0.729940
v 0.095076 0.714295 0.572317
vt 0.000000 0.111111
vt 0.111111 0.111111
vt 0.000000 0.222222
vt 0.111111 0.222222
vt 0.222222 0.111111
vt 0.222222 0.222222
vt 0.333333 0.111111
vt 0.333333 0.222222
vt 0.444444 0.111111
vt 0.444444 0.222222
vt 0.555556 0.111111
vt 0.555556 0.222222
vt 0.666667 0.111111
vt 0.666667 0.222222
vt 0.777778 0.111111
vt 0.777778 0.222222
vt 0.888889 0.111111
vt 0.888889 0.222222
vt 1.000000 0.111111
vt 1.000000 0.222222
vt 0.000000 0.333333
vt 0.111111 0.333333
vt 0.222222 0.333333
vt 0.333333 0.333333
vt 0.444444 0.333333
vt 0.555556 0.333333
vt 0.666667 0.333333
vt 0.777778 0.333333
vt 0.888889 0.333333
vt 1.000000 0.333333
vt 0.000000 0.444444
vt 0.111111 0.444444
vt 0.222222 0.444444
vt 0.333333 0.444444
vt 0.444444 0.444444
vt 0.555556 0.444444
vt 0.666667 0.444444
vt 0.777778 0.444444
vt 0.888889 0.444444
vt 1.000000 0.444444
vt 0.000000 0.555556
vt 0.111111 0.555556
vt 0.222222 0.555556
vt 0.333333 0.555556
vt 0.444444 0.555556
vt 0.555556 0.555556
vt 0.666667 0.555556
vt 0.777778 0.555556
vt 0.888889 0.555556
vt 1.000000 0.555556
vt 0.000000 0.666667
vt 0.111111 0.666667
vt 0.222222 0.666667
vt 0.333333 0.666667
vt 0.444444 0.666667
vt 0.555556 0.666667
vt 0.666667 0.666667
vt 0.777778 0.666667
vt 0.888889 0.666667
vt 1.000000 0.666667
vt 0.000000 0.777778
vt 0.111111 0.777778
vt 0.222222 0.777778
vt 0.333333 0.777778
vt 0.444444 0.777778
vt 0.555556 0.777778
vt 0.666667 0.777778
vt 0.777778 0.777778
vt 0.888889 0.777778
vt 1.000000 0.777778
vt 0.000000 0.888889
vt 0.111111 0.888889
vt 0.222222 0.888889
vt 0.333333 0.888889
vt 0.444444 0.888889
vt 0.555556 0.888889
vt 0.666667 0.888889
vt 0.777778 0.888889
vt 0.888889 0.888889
vt 1.000000 0.888889
vt 0.055556 0.000000
vt 0.166667 0.000000
vt 0.277778 0.000000
vt 0.388889 0.000000
vt 0.500000 0.000000
vt 0.611111 0.000000
vt 0.722222 0.000000
vt 0.833333 0.000000
vt 0.944444 0.000000
vt 0.055556 1.000000
vt 0.166667 1.000000
vt 0.277778 1.000000
vt 0.388889 1.000000
vt 0.500000 1.000000
vt 0.611111 1.000000
vt 0.722222 1.000000
vt 0.833333 1.000000
vt 0.944444 1.000000
vn 0.276335 -0.959276 -0.058550
vn 0.276335 -0.959276 -0.058550
vn 0.276335 -0.959276 -0.058550
vn 0.276335 -0.959276 -0.058560
vn 0.276335 -0.959276 -0.058560
vn 0.276335 -0.959276 -0.058560
vn -0.197979 -0.968783 -0.149210
vn -0.197980 -0.968783 -0.149209
vn -0.197980 -0.968783 -0.149209
vn -0.197980 -0.968783 -0.149209
vn -0.197980 -0.968783 -0.149209
vn -0.197980 -0.968783 -0.149209
vn -0.611659 -0.790718 0.025273
vn -0.611659 -0.790718 0.025273
vn -0.611659 -0.790718 0.025273
vn -0.611659 -0.790718 0.025273
vn -0.611659 -0.790718 0.025273
vn -0.611659 -0.790718 0.025273
vn -0.771138 -0.508399 0.383246
vn -0.771138 -0.508398 0.383246
vn -0.771138 -0.508398 0.383246
vn -0.771138 -0.508398 0.383246
vn -0.771138 -0.508398 0.383246
vn -0.771138 -0.508398 0.383246
vn -0.601795 -0.253926 0.757209
vn -0.601794 -0.253925 0.757209
vn -0.601794 -0.253925 0.757209
vn -0.601794 -0.253925 0.757209
vn -0.601794 -0.253925 0.757209
vn -0.601794 -0.253925 0.757209
vn -0.182867 -0.146370 0.972181
vn -0.182867 -0.146370 0.972181
vn -0.182867 -0.146370 0.972181
vn -0.182867 -0.146370 0.972181
vn -0.182867 -0.146370 0.972181
vn -0.182867 -0.146370 0.972181
vn 0.289625 -0.236058 0.927574
vn 0.289625 -0.236057 0.927575
vn 0.289625 -0.236057 0.927575
vn 0.289625 -0.236057 0.927575
vn 0.289625 -0.236057 0.927575
vn 0.289625 -0.236057 0.927575
vn 0.594597 -0.481023 0.644261
vn 0.594596 -0.481023 0.644261
vn 0.594596 -0.481023 0.644261
vn 0.594596 -0.481023 0.644261
vn 0.594596 -0.481023 0.644261
vn 0.594596 -0.481023 0.644261
vn 0.589348 -0.766644 0.254806
vn 0.589348 -0.766644 0.254806
vn 0.589348 -0.766644 0.254806
vn 0.589348 -0.766644 0.254806
vn 0.589348 -0.766644 0.254806
vn 0.589348 -0.766644 0.254806
vn 0.396929 -0.849019 -0.348731
vn 0.396929 -0.849019 -0.348732
vn 0.396929 -0.849019 -0.348731
vn 0.396929 -0.849019 -0.348731
vn 0.396929 -0.849019 -0.348732
vn 0.396929 -0.849019 -0.348732
vn -0.207283 -0.861131 -0.464207
vn -0.207283 -0.861130 -0.464207
vn -0.207283 -0.861131 -0.464207
vn -0.207283 -0.861131 -0.464207
vn -0.207283 -0.861130 -0.464207
vn -0.207283 -0.861130 -0.464207
vn -0.734254 -0.634300 -0.241940
vn -0.734254 -0.634300 -0.241940
vn -0.734254 -0.634300 -0.241940
vn -0.734254 -0.634300 -0.241940
vn -0.734254 -0.634300 -0.241940
vn -0.734254 -0.634300 -0.241940
vn -0.937408 -0.274664 0.214068
vn -0.937408 -0.274664 0.214069
vn -0.937408 -0.274664 0.214069
vn -0.937408 -0.274664 0.214069
vn -0.937408 -0.274664 0.214069
vn -0.937408 -0.274664 0.214069
vn -0.721688 0.049500 0.690446
vn -0.721688 0.049500 0.690446
vn -0.721688 0.049500 0.690446
vn -0.721688 0.049500 0.690446
vn -0.721688 0.049500 0.690446
vn -0.721688 0.049500 0.690446
vn -0.188031 0.186512 0.964291
vn -0.188031 0.186512 0.964291
vn -0.188031 0.186512 0.964291
vn -0.188031 0.186512 0.964291
vn -0.188031 0.186512 0.964291
vn -0.188031 0.186512 0.964291
vn 0.413859 0.072262 0.907469
vn 0.413859 0.072262 0.907469
vn 0.413859 0.072262 0.907469
vn 0.413859 0.072262 0.907469
vn 0.413859 0.072262 0.907469
vn 0.413859 0.072262 0.907469
vn 0.802350 -0.239791 0.546566
vn 0.802350 -0.239791 0.546566
vn 0.802350 -0.239791 0.546566
vn 0.802350 -0.239791 0.546566
vn 0.802350 -0.239791 0.546566
vn 0.802350 -0.239791 0.546566
vn 0.795664 -0.603633 0.050454
vn 0.795664 -0.603633 0.050454
vn 0.795664 -0.603633 0.050454
vn 0.795664 -0.603633 0.050454
vn 0.795664 -0.603633 0.050454
vn 0.795664 -0.603633 0.050454
vn 0.457811 -0.707742 -0.538062
vn 0.457811 -0.707742 -0.538062
vn 0.457811 -0.707742 -0.538062
vn 0.457811 -0.707742 -0.538062
vn 0.457811 -0.707742 -0.538062
vn 0.457811 -0.707742 -0.538062
vn -0.199500 -0.720917 -0.663685
vn -0.199500 -0.720917 -0.663685
vn -0.199500 -0.720917 -0.663685
vn -0.199500 -0.720917 -0.663685
vn -0.199500 -0.720917 -0.663685
vn -0.199500 -0.720917 -0.663685
vn -0.772783 -0.474152 -0.421884
vn -0.772783 -0.474152 -0.421885
vn -0.772783 -0.474152 -0.421885
vn -0.772783 -0.474152 -0.421885
vn -0.772783 -0.474152 -0.421885
vn -0.772783 -0.474152 -0.421885
vn -0.993791 -0.082910 0.074198
vn -0.993791 -0.082910 0.074199
vn -0.993791 -0.082910 0.074199
vn -0.993791 -0.082910 0.074199
vn -0.993791 -0.082910 0.074199
vn -0.993791 -0.082910 0.074199
vn -0.759112 0.269742 0.592442
vn -0.759113 0.269742 0.592442
vn -0.759112 0.269742 0.592442
vn -0.759112 0.269742 0.592442
vn -0.759113 0.269742 0.592442
vn -0.759113 0.269742 0.592442
vn -0.178556 0.418794 0.890353
vn -0.178556 0.418794 0.890353
vn -0.178556 0.418794 0.890353
vn -0.178556 0.418794 0.890353
vn -0.178556 0.418794 0.890353
vn -0.178557 0.418794 0.890353
vn 0.476229 0.294504 0.828537
vn 0.476229 0.294504 0.828537
vn 0.476229 0.294504 0.828537
vn 0.476229 0.294504 0.828537
vn 0.476229 0.294504 0.828537
vn 0.476229 0.294504 0.828537
vn 0.898863 -0.044973 0.435917
vn 0.898863 -0.044973 0.435917
vn 0.898863 -0.044973 0.435917
vn 0.898863 -0.044973 0.435917
vn 0.898863 -0.044973 0.435917
vn 0.898863 -0.044973 0.435917
vn 0.891589 -0.440790 -0.103795
vn 0.891589 -0.440790 -0.103795
vn 0.891589 -0.440790 -0.103795
vn 0.891589 -0.440790 -0.103795
vn 0.891589 -0.440790 -0.103795
vn 0.891589 -0.440790 -0.103795
vn 0.488222 -0.554272 -0.674108
vn 0.488222 -0.554272 -0.674108
vn 0.488222 -0.554272 -0.674108
vn 0.488222 -0.554272 -0.674108
vn 0.488222 -0.554272 -0.674108
vn 0.488222 -0.554272 -0.674108
vn -0.183528 -0.567737 -0.802491
vn -0.183528 -0.567737 -0.802491
vn -0.183528 -0.567737 -0.802491
vn -0.183528 -0.567737 -0.802491
vn -0.183528 -0.567737 -0.802491
vn -0.183528 -0.567737 -0.802491
vn -0.769403 -0.315552 -0.555379
vn -0.769403 -0.315552 -0.555379
vn -0.769403 -0.315552 -0.555379
vn -0.769403 -0.315552 -0.555379
vn -0.769403 -0.315552 -0.555379
vn -0.769403 -0.315552 -0.555379
vn -0.995266 0.084284 -0.048400
vn -0.995266 0.084284 -0.048400
vn -0.995266 0.084284 -0.048400
vn -0.995266 0.084284 -0.048400
vn -0.995266 0.084284 -0.048400
vn -0.995266 0.084284 -0.048400
vn -0.755432 0.444682 0.481227
vn -0.755432 0.444682 0.481227
vn -0.755432 0.444682 0.481227
vn -0.755432 0.444682 0.481227
vn -0.755432 0.444682 0.481227
vn -0.755432 0.444682 0.481227
vn -0.162124 0.597009 0.785682
vn -0.162124 0.597009 0.785682
vn -0.162124 0.597009 0.785682
vn -0.162124 0.597009 0.785682
vn -0.162124 0.597009 0.785682
vn -0.162124 0.597009 0.785682
vn 0.507044 0.469988 0.722508
vn 0.507044 0.469988 0.722508
vn 0.507044 0.469988 0.722508
vn 0.507044 0.469988 0.722508
vn 0.507044 0.469988 0.722508
vn 0.507044 0.469988 0.722508
vn 0.938961 0.123055 0.321264
vn 0.938961 0.123055 0.321264
vn 0.938961 0.123055 0.321264
vn 0.938961 0.123055 0.321264
vn 0.938961 0.123055 0.321264
vn 0.938961 0.123055 0.321264
vn 0.931527 -0.281457 -0.230303
vn 0.931527 -0.281457 -0.230303
vn 0.931527 -0.281457 -0.230303
vn 0.931527 -0.281457 -0.230303
vn 0.931527 -0.281457 -0.230303
vn 0.931527 -0.281457 -0.230303
vn 0.497645 -0.376977 -0.781177
vn 0.497645 -0.376977 -0.781177
vn 0.497645 -0.376977 -0.781177
vn 0.497645 -0.376977 -0.781177
vn 0.497645 -0.376977 -0.781177
vn 0.497645 -0.376977 -0.781178
vn -0.159667 -0.390152 -0.906801
vn -0.159667 -0.390152 -0.906801
vn -0.159667 -0.390152 -0.906801
vn -0.159667 -0.390152 -0.906801
vn -0.159667 -0.390152 -0.906801
vn -0.159667 -0.390152 -0.906801
vn -0.732949 -0.143387 -0.665000
vn -0.732949 -0.143387 -0.665000
vn -0.732949 -0.143387 -0.665000
vn -0.732949 -0.143387 -0.665000
vn -0.732949 -0.143387 -0.665000
vn -0.732949 -0.143386 -0.665000
vn -0.953957 0.247855 -0.168917
vn -0.953957 0.247855 -0.168917
vn -0.953957 0.247855 -0.168917
vn -0.953957 0.247855 -0.168917
vn -0.953957 0.247855 -0.168917
vn -0.953957 0.247855 -0.168917
vn -0.719279 0.600507 0.349326
vn -0.719279 0.600507 0.349326
vn -0.719279 0.600507 0.349326
vn -0.719279 0.600507 0.349326
vn -0.719279 0.600507 0.349326
vn -0.719279 0.600507 0.349326
vn -0.138723 0.749560 0.647237
vn -0.138723 0.749560 0.647237
vn -0.138723 0.749560 0.647237
vn -0.138723 0.749560 0.647237
vn -0.138723 0.749560 0.647237
vn -0.138723 0.749560 0.647237
vn 0.516063 0.625269 0.585421
vn 0.516063 0.625269 0.585421
vn 0.516063 0.625269 0.585421
vn 0.516063 0.625269 0.585421
vn 0.516063 0.625269 0.585421
vn 0.516063 0.625269 0.585421
vn 0.938696 0.285792 0.192801
vn 0.938696 0.285792 0.192801
vn 0.938696 0.285792 0.192801
vn 0.938696 0.285792 0.192801
vn 0.938696 0.285792 0.192801
vn 0.938696 0.285792 0.192801
vn 0.931422 -0.110025 -0.346911
vn 0.931423 -0.110025 -0.346910
vn 0.931422 -0.110025 -0.346911
vn 0.931422 -0.110025 -0.346911
vn 0.931423 -0.110025 -0.346910
vn 0.931423 -0.110025 -0.346910
vn 0.481343 -0.148072 -0.863935
vn 0.481343 -0.148072 -0.863935
vn 0.481343 -0.148072 -0.863935
vn 0.481343 -0.148072 -0.863935
vn 0.481343 -0.148072 -0.863935
vn 0.481343 -0.148072 -0.863935
vn -0.122869 -0.160183 -0.979410
vn -0.122869 -0.160183 -0.979410
vn -0.122869 -0.160183 -0.979410
vn -0.122869 -0.160183 -0.979410
vn -0.122869 -0.160183 -0.979410
vn -0.122869 -0.160183 -0.979410
vn -0.649840 0.066648 -0.757143
vn -0.649840 0.066648 -0.757143
vn -0.649840 0.066648 -0.757143
vn -0.649840 0.066648 -0.757143
vn -0.649840 0.066648 -0.757143
vn -0.649840 0.066648 -0.757143
vn -0.852994 0.426284 -0.301135
vn -0.852994 0.426284 -0.301135
vn -0.852994 0.426284 -0.301135
vn -0.852994 0.426284 -0.301135
vn -0.852994 0.426284 -0.301135
vn -0.852994 0.426284 -0.301135
vn -0.637274 0.750448 0.175242
vn -0.637274 0.750448 0.175242
vn -0.637274 0.750448 0.175243
vn -0.637274 0.750448 0.175243
vn -0.637274 0.750448 0.175242
vn -0.637274 0.750448 0.175243
vn -0.103617 0.887459 0.449088
vn -0.103617 0.887459 0.449088
vn -0.103617 0.887459 0.449088
vn -0.103617 0.887459 0.449088
vn -0.103617 0.887459 0.449088
vn -0.103617 0.887459 0.449088
vn 0.498273 0.773209 0.392265
vn 0.498273 0.773209 0.392265
vn 0.498273 0.773209 0.392265
vn 0.498273 0.773209 0.392265
vn 0.498273 0.773209 0.392265
vn 0.498273 0.773209 0.392265
vn 0.886764 0.461157 0.031362
vn 0.886764 0.461157 0.031362
vn 0.886764 0.461157 0.031362
vn 0.886764 0.461157 0.031362
vn 0.886764 0.461157 0.031362
vn 0.886765 0.461156 0.031362
vn 0.880078 0.097315 -0.464750
vn 0.880078 0.097315 -0.464750
vn 0.880078 0.097315 -0.464750
vn 0.880078 0.097315 -0.464750
vn 0.880078 0.097315 -0.464750
vn 0.880078 0.097315 -0.464750
vn 0.413120 0.176545 -0.893400
vn 0.413120 0.176545 -0.893400
vn 0.413120 0.176545 -0.893400
vn 0.413120 0.176545 -0.893400
vn 0.413120 0.176545 -0.893400
vn 0.413120 0.176545 -0.893400
vn -0.061194 0.167038 -0.984050
vn -0.061194 0.167038 -0.984050
vn -0.061194 0.167038 -0.984050
vn -0.061194 0.167038 -0.984050
vn -0.061194 0.167038 -0.984050
vn -0.061194 0.167038 -0.984050
vn -0.474874 0.345104 -0.809567
vn -0.474874 0.345103 -0.809567
vn -0.474874 0.345103 -0.809567
vn -0.474874 0.345103 -0.809567
vn -0.474874 0.345103 -0.809567
vn -0.474874 0.345103 -0.809567
vn -0.634353 0.627423 -0.451594
vn -0.634353 0.627423 -0.451594
vn -0.634353 0.627423 -0.451594
vn -0.634353 0.627423 -0.451594
vn -0.634353 0.627423 -0.451594
vn -0.634353 0.627423 -0.451594
vn -0.465009 0.881896 -0.077631
vn -0.465009 0.881896 -0.077631
vn -0.465009 0.881896 -0.077631
vn -0.465009 0.881896 -0.077631
vn -0.465009 0.881896 -0.077631
vn -0.465009 0.881896 -0.077631
vn -0.046081 0.989451 0.137341
vn -0.046081 0.989451 0.137341
vn -0.046081 0.989451 0.137341
vn -0.046081 0.989451 0.137341
vn -0.046081 0.989451 0.137341
vn -0.046081 0.989451 0.137341
vn 0.426411 0.899763 0.092734
vn 0.426411 0.899763 0.092734
vn 0.426411 0.899763 0.092734
vn 0.426411 0.899763 0.092734
vn 0.426411 0.899763 0.092734
vn 0.426410 0.899764 0.092735
vn 0.731382 0.654798 -0.190579
vn 0.731382 0.654798 -0.190579
vn 0.731382 0.654798 -0.190579
vn 0.731382 0.654798 -0.190579
vn 0.731382 0.654798 -0.190579
vn 0.731382 0.654798 -0.190580
vn 0.726133 0.369177 -0.580034
vn 0.726133 0.369177 -0.580034
vn 0.726133 0.369177 -0.580034
vn 0.726133 0.369177 -0.580034
vn 0.726133 0.369177 -0.580034
vn 0.726133 0.369177 -0.580034
vn 0.049835 -0.928678 0.367524
vn 0.049835 -0.928678 0.367524
vn 0.049835 -0.928678 0.367524
vn -0.145859 -0.932600 0.330124
vn -0.145859 -0.932600 0.330124
vn -0.145859 -0.932600 0.330124
vn -0.316537 -0.859134 0.402111
vn -0.316537 -0.859134 0.402111
vn -0.316537 -0.859134 0.402111
vn -0.382335 -0.742653 0.549805
vn -0.382335 -0.742653 0.549805
vn -0.382335 -0.742653 0.549805
vn -0.312467 -0.637662 0.704097
vn -0.312467 -0.637662 0.704097
vn -0.312467 -0.637662 0.704097
vn -0.139624 -0.593286 0.792790
vn -0.139624 -0.593286 0.792790
vn -0.139624 -0.593286 0.792790
vn 0.055319 -0.630290 0.774386
vn 0.055319 -0.630290 0.774386
vn 0.055319 -0.630290 0.774386
vn 0.181145 -0.731359 0.657496
vn 0.181145 -0.731359 0.657496
vn 0.181145 -0.731359 0.657496
vn 0.178979 -0.849202 0.496813
vn 0.178979 -0.849202 0.496813
vn 0.178979 -0.849202 0.496813
vn 0.234623 0.605737 -0.760286
vn 0.234623 0.605736 -0.760286
vn 0.234623 0.605737 -0.760286
vn 0.038928 0.601814 -0.797687
vn 0.038928 0.601814 -0.797687
vn 0.038928 0.601814 -0.797687
vn -0.131749 0.675280 -0.725699
vn -0.131749 0.675280 -0.725699
vn -0.131749 0.675280 -0.725699
vn -0.197548 0.791761 -0.578005
vn -0.197548 0.791761 -0.578005
vn -0.197548 0.791761 -0.578005
vn -0.127679 0.896752 -0.423714
vn -0.127679 0.896752 -0.423714
vn -0.127679 0.896752 -0.423714
vn 0.045164 0.941128 -0.335020
vn 0.045164 0.941128 -0.335020
vn 0.045164 0.941128 -0.335020
vn 0.240106 0.904124 -0.353424
vn 0.240106 0.904124 -0.353424
vn 0.240106 0.904124 -0.353424
vn 0.365932 0.803056 -0.470314
vn 0.365932 0.803056 -0.470314
vn 0.365932 0.803056 -0.470314
vn 0.363767 0.685213 -0.630997
vn 0.363767 0.685213 -0.630997
vn 0.363767 0.685213 -0.630997
s off
g item_bomb:group1pSphere3
usemtl item_bomb:lambert4SG
f 778/900/4627 779/901/4628 787/902/4629
f 787/902/4630 779/901/4631 788/903/4632
f 779/901/4633 780/904/4634 788/903/4635
f 788/903/4636 780/904/4637 789/905/4638
f 780/904/4639 781/906/4640 789/905/4641
f 789/905/4642 781/906/4643 790/907/4644
f 781/906/4645 782/908/4646 790/907/4647
f 790/907/4648 782/908/4649 791/909/4650
f 782/908/4651 783/910/4652 791/909/4653
f 791/909/4654 783/910/4655 792/911/4656
f 783/910/4657 784/912/4658 792/911/4659
f 792/911/4660 784/912/4661 793/913/4662
f 784/912/4663 785/914/4664 793/913/4665
f 793/913/4666 785/914/4667 794/915/4668
f 785/914/4669 786/916/4670 794/915/4671
f 794/915/4672 786/916/4673 795/917/4674
f 786/916/4675 778/918/4676 795/917/4677
f 795/917/4678 778/918/4679 787/919/4680
f 787/902/4681 788/903/4682 796/920/4683
f 796/920/4684 788/903/4685 797/921/4686
f 788/903/4687 789/905/4688 797/921/4689
f 797/921/4690 789/905/4691 798/922/4692
f 789/905/4693 790/907/4694 798/922/4695
f 798/922/4696 790/907/4697 799/923/4698
f 790/907/4699 791/909/4700 799/923/4701
f 799/923/4702 791/909/4703 800/924/4704
f 791/909/4705 792/911/4706 800/924/4707
f 800/924/4708 792/911/4709 801/925/4710
f 792/911/4711 793/913/4712 801/925/4713
f 801/925/4714 793/913/4715 802/926/4716
f 793/913/4717 794/915/4718 802/926/4719
f 802/926/4720 794/915/4721 803/927/4722
f 794/915/4723 795/917/4724 803/927/4725
f 803/927/4726 795/917/4727 804/928/4728
f 795/917/4729 787/919/4730 804/928/4731
f 804/928/4732 787/919/4733 796/929/4734
f 796/920/4735 797/921/4736 805/930/4737
f 805/930/4738 797/921/4739 806/931/4740
f 797/921/4741 798/922/4742 806/931/4743
f 806/931/4744 798/922/4745 807/932/4746
f 798/922/4747 799/923/4748 807/932/4749
f 807/932/4750 799/923/4751 808/933/4752
f 799/923/4753 800/924/4754 808/933/4755
f 808/933/4756 800/924/4757 809/934/4758
f 800/924/4759 801/925/4760 809/934/4761
f 809/934/4762 801/925/4763 810/935/4764
f 801/925/4765 802/926/4766 810/935/4767
f 810/935/4768 802/926/4769 811/936/4770
f 802/926/4771 803/927/4772 811/936/4773
f 811/936/4774 803/927/4775 812/937/4776
f 803/927/4777 804/928/4778 812/937/4779
f 812/937/4780 804/928/4781 813/938/4782
f 804/928/4783 796/929/4784 813/938/4785
f 813/938/4786 796/929/4787 805/939/4788
f 805/930/4789 806/931/4790 814/940/4791
f 814/940/4792 806/931/4793 815/941/4794
f 806/931/4795 807/932/4796 815/941/4797
f 815/941/4798 807/932/4799 816/942/4800
f 807/932/4801 808/933/4802 816/942/4803
f 816/942/4804 808/933/4805 817/943/4806
f 808/933/4807 809/934/4808 817/943/4809
f 817/943/4810 809/934/4811 818/944/4812
f 809/934/4813 810/935/4814 818/944/4815
f 818/944/4816 810/935/4817 819/945/4818
f 810/935/4819 811/936/4820 819/945/4821
f 819/945/4822 811/936/4823 820/946/4824
f 811/936/4825 812/937/4826 820/946/4827
f 820/946/4828 812/937/4829 821/947/4830
f 812/937/4831 813/938/4832 821/947/4833
f 821/947/4834 813/938/4835 822/948/4836
f 813/938/4837 805/939/4838 822/948/4839
f 822/948/4840 805/939/4841 814/949/4842
f 814/940/4843 815/941/4844 823/950/4845
f 823/950/4846 815/941/4847 824/951/4848
f 815/941/4849 816/942/4850 824/951/4851
f 824/951/4852 816/942/4853 825/952/4854
f 816/942/4855 817/943/4856 825/952/4857
f 825/952/4858 817/943/4859 826/953/4860
f 817/943/4861 818/944/4862 826/953/4863
f 826/953/4864 818/944/4865 827/954/4866
f 818/944/4867 819/945/4868 827/954/4869
f 827/954/4870 819/945/4871 828/955/4872
f 819/945/4873 820/946/4874 828/955/4875
f 828/955/4876 820/946/4877 829/956/4878
f 820/946/4879 821/947/4880 829/956/4881
f 829/956/4882 821/947/4883 830/957/4884
f 821/947/4885 822/948/4886 830/957/4887
f 830/957/4888 822/948/4889 831/958/4890
f 822/948/4891 814/949/4892 831/958/4893
f 831/958/4894 814/949/4895 823/959/4896
f 823/950/4897 824/951/4898 832/960/4899
f 832/960/4900 824/951/4901 833/961/4902
f 824/951/4903 825/952/4904 833/961/4905
f 833/961/4906 825/952/4907 834/962/4908
f 825/952/4909 826/953/4910 834/962/4911
f 834/962/4912 826/953/4913 835/963/4914
f 826/953/4915 827/954/4916 835/963/4917
f 835/963/4918 827/954/4919 836/964/4920
f 827/954/4921 828/955/4922 836/964/4923
f 836/964/4924 828/955/4925 837/965/4926
f 828/955/4927 829/956/4928 837/965/4929
f 837/965/4930 829/956/4931 838/966/4932
f 829/956/4933 830/957/4934 838/966/4935
f 838/966/4936 830/957/4937 839/967/4938
f 830/957/4939 831/958/4940 839/967/4941
f 839/967/4942 831/958/4943 840/968/4944
f 831/958/4945 823/959/4946 840/968/4947
f 840/968/4948 823/959/4949 832/969/4950
f 832/960/4951 833/961/4952 841/970/4953
f 841/970/4954 833/961/4955 842/971/4956
f 833/961/4957 834/962/4958 842/971/4959
f 842/971/4960 834/962/4961 843/972/4962
f 834/962/4963 835/963/4964 843/972/4965
f 843/972/4966 835/963/4967 844/973/4968
f 835/963/4969 836/964/4970 844/973/4971
f 844/973/4972 836/964/4973 845/974/4974
f 836/964/4975 837/965/4976 845/974/4977
f 845/974/4978 837/965/4979 846/975/4980
f 837/965/4981 838/966/4982 846/975/4983
f 846/975/4984 838/966/4985 847/976/4986
f 838/966/4987 839/967/4988 847/976/4989
f 847/976/4990 839/967/4991 848/977/4992
f 839/967/4993 840/968/4994 848/977/4995
f 848/977/4996 840/968/4997 849/978/4998
f 840/968/4999 832/969/5000 849/978/5001
f 849/978/5002 832/969/5003 841/979/5004
f 779/901/5005 778/900/5006 850/980/5007
f 780/904/5008 779/901/5009 850/981/5010
f 781/906/5011 780/904/5012 850/982/5013
f 782/908/5014 781/906/5015 850/983/5016
f 783/910/5017 782/908/5018 850/984/5019
f 784/912/5020 783/910/5021 850/985/5022
f 785/914/5023 784/912/5024 850/986/5025
f 786/916/5026 785/914/5027 850/987/5028
f 778/918/5029 786/916/5030 850/988/5031
f 841/970/5032 842/971/5033 851/989/5034
f 842/971/5035 843/972/5036 851/990/5037
f 843/972/5038 844/973/5039 851/991/5040
f 844/973/5041 845/974/5042 851/992/5043
f 845/974/5044 846/975/5045 851/993/5046
f 846/975/5047 847/976/5048 851/994/5049
f 847/976/5050 848/977/5051 851/995/5052
f 848/977/5053 849/978/5054 851/996/5055
f 849/978/5056 841/979/5057 851/997/5058
g default
v 0.263139 2.029798 0.036290
v 0.332161 1.952301 0.045009
v 0.349949 1.924515 0.047905
v 0.363218 1.896926 0.050635
v 0.291700 1.852647 0.051948
v 0.327138 1.844479 0.053798
v 0.350265 1.825196 0.056165
v 0.324626 1.790568 0.058193
v 0.268965 1.732699 0.061158
v 0.360447 1.978078 0.043804
v 0.359191 1.951122 0.046001
v 0.357936 1.924167 0.048198
v 0.381856 1.896114 0.051319
v 0.355424 1.870256 0.052593
v 0.354168 1.843300 0.054790
v 0.370895 1.815561 0.057647
v 0.351656 1.789389 0.059184
v 0.350400 1.762434 0.061382
v 0.386749 1.961265 0.046070
v 0.385675 1.938218 0.047948
v 0.384602 1.915171 0.049827
v 0.400312 1.891392 0.052322
v 0.382454 1.869077 0.053584
v 0.381380 1.846030 0.055463
v 0.392295 1.822461 0.057782
v 0.379233 1.799937 0.059220
v 0.378159 1.776890 0.061099
v 0.415953 2.006740 0.043259
v 0.413252 1.948765 0.047984
v 0.411996 1.921810 0.050182
v 0.419132 1.894488 0.052687
v 0.409484 1.867899 0.054576
v 0.408228 1.840943 0.056773
v 0.412967 1.813726 0.059191
v 0.405716 1.787032 0.061168
v 0.404913 1.769781 0.062574
v 0.441538 1.974542 0.046779
v 0.440282 1.947587 0.048976
v 0.439026 1.920631 0.051173
v 0.437770 1.893676 0.053371
v 0.436514 1.866720 0.055568
v 0.435258 1.839765 0.057765
v 0.434003 1.812809 0.059963
v 0.432747 1.785854 0.062160
v 0.430281 1.732935 0.066473
v 0.466996 1.939613 0.050522
v 0.466133 1.921095 0.052031
v 0.465270 1.902577 0.053541
v 0.456015 1.884425 0.054742
v 0.463545 1.865542 0.056560
v 0.462682 1.847024 0.058069
v 0.455825 1.828768 0.059359
v 0.460956 1.809988 0.061088
v 0.460093 1.791471 0.062598
v 0.494700 1.952899 0.050335
v 0.493669 1.930765 0.052139
v 0.492637 1.908631 0.053943
v 0.474822 1.887229 0.055131
v 0.490575 1.864363 0.057552
v 0.489544 1.842229 0.059356
v 0.476524 1.820618 0.060720
v 0.487481 1.797961 0.062964
v 0.486450 1.775827 0.064769
v 0.522629 1.971007 0.049754
v 0.521373 1.944051 0.051951
v 0.520117 1.917096 0.054149
v 0.493685 1.891238 0.055422
v 0.517605 1.863185 0.058543
v 0.516349 1.836229 0.060741
v 0.497110 1.810058 0.062278
v 0.513837 1.782318 0.065135
v 0.512581 1.755362 0.067332
v 0.611865 2.024231 0.048285
v 0.548403 1.942873 0.052943
v 0.530218 1.916655 0.054519
v 0.512323 1.890425 0.056106
v 0.544635 1.862006 0.059535
v 0.600388 1.832565 0.063824
v 0.518146 1.809140 0.063050
v 0.540867 1.781139 0.066127
v 0.613451 1.696372 0.075568
v 0.615540 2.015001 -0.062851
v 0.552078 1.933642 -0.058193
v 0.533893 1.907425 -0.056617
v 0.515998 1.881195 -0.055030
v 0.548310 1.852775 -0.051601
v 0.604063 1.823334 -0.047312
v 0.521821 1.799910 -0.048086
v 0.544543 1.771909 -0.045009
v 0.617126 1.687142 -0.035568
v 0.526304 1.961776 -0.061382
v 0.525048 1.934821 -0.059184
v 0.523792 1.907865 -0.056987
v 0.497360 1.882007 -0.055714
v 0.521280 1.853954 -0.052593
v 0.520024 1.826999 -0.050395
v 0.500786 1.800827 -0.048858
v 0.517513 1.773088 -0.046001
v 0.516257 1.746132 -0.043804
v 0.498375 1.943668 -0.060801
v 0.497344 1.921534 -0.058997
v 0.496313 1.899400 -0.057193
v 0.478497 1.877998 -0.056004
v 0.494250 1.855133 -0.053584
v 0.493219 1.832999 -0.051780
v 0.480199 1.811387 -0.050416
v 0.491156 1.788731 -0.048172
v 0.490125 1.766597 -0.046367
v 0.470671 1.930382 -0.060614
v 0.469808 1.911864 -0.059105
v 0.468945 1.893347 -0.057595
v 0.459691 1.875195 -0.056394
v 0.467220 1.856311 -0.054576
v 0.466357 1.837793 -0.053067
v 0.459500 1.819537 -0.051777
v 0.464631 1.800758 -0.050048
v 0.463769 1.782240 -0.048538
v 0.445213 1.965312 -0.064357
v 0.443957 1.938356 -0.062160
v 0.442701 1.911401 -0.059963
v 0.441446 1.884445 -0.057765
v 0.440190 1.857490 -0.055568
v 0.438934 1.830534 -0.053371
v 0.437678 1.803579 -0.051173
v 0.436422 1.776623 -0.048976
v 0.433956 1.723705 -0.044662
v 0.419628 1.997509 -0.067877
v 0.416927 1.939535 -0.063152
v 0.415671 1.912579 -0.060954
v 0.422807 1.885258 -0.058449
v 0.413159 1.858668 -0.056560
v 0.411904 1.831713 -0.054362
v 0.416642 1.804496 -0.051945
v 0.409392 1.777802 -0.049968
v 0.408588 1.760550 -0.048562
v 0.390424 1.952034 -0.065066
v 0.389351 1.928987 -0.063188
v 0.388277 1.905941 -0.061309
v 0.403987 1.882162 -0.058814
v 0.386129 1.859847 -0.057552
v 0.385055 1.836800 -0.055673
v 0.395970 1.813230 -0.053354
v 0.382908 1.790706 -0.051916
v 0.381834 1.767659 -0.050037
v 0.364123 1.968847 -0.067332
v 0.362867 1.941892 -0.065135
v 0.361611 1.914936 -0.062938
v 0.385531 1.886883 -0.059817
v 0.359099 1.861025 -0.058543
v 0.357843 1.834070 -0.056346
v 0.374570 1.806330 -0.053489
v 0.355331 1.780159 -0.051951
v 0.354075 1.753203 -0.049754
v 0.266815 2.020568 -0.074846
v 0.335837 1.943070 -0.066127
v 0.353624 1.915285 -0.063231
v 0.366893 1.887696 -0.060501
v 0.295375 1.843417 -0.059188
v 0.330813 1.835248 -0.057338
v 0.353940 1.815965 -0.054971
v 0.328301 1.781337 -0.052943
v 0.272640 1.723468 -0.049978
vt 0.375000 0.000000
vt 0.406250 0.000000
vt 0.375000 0.031250
vt 0.406250 0.031250
vt 0.437500 0.000000
vt 0.437500 0.031250
vt 0.468750 0.000000
vt 0.468750 0.031250
vt 0.500000 0.000000
vt 0.500000 0.031250
vt 0.531250 0.000000
vt 0.531250 0.031250
vt 0.562500 0.000000
vt 0.562500 0.031250
vt 0.593750 0.000000
vt 0.593750 0.031250
vt 0.625000 0.000000
vt 0.625000 0.031250
vt 0.375000 0.062500
vt 0.406250 0.062500
vt 0.437500 0.062500
vt 0.468750 0.062500
vt 0.500000 0.062500
vt 0.531250 0.062500
vt 0.562500 0.062500
vt 0.593750 0.062500
vt 0.625000 0.062500
vt 0.406250 0.093750
vt 0.375000 0.093750
vt 0.437500 0.093750
vt 0.468750 0.093750
vt 0.500000 0.093750
vt 0.531250 0.093750
vt 0.562500 0.093750
vt 0.593750 0.093750
vt 0.625000 0.093750
vt 0.375000 0.125000
vt 0.406250 0.125000
vt 0.437500 0.125000
vt 0.468750 0.125000
vt 0.500000 0.125000
vt 0.531250 0.125000
vt 0.562500 0.125000
vt 0.593750 0.125000
vt 0.625000 0.125000
vt 0.375000 0.156250
vt 0.406250 0.156250
vt 0.437500 0.156250
vt 0.468750 0.156250
vt 0.500000 0.156250
vt 0.531250 0.156250
vt 0.562500 0.156250
vt 0.593750 0.156250
vt 0.625000 0.156250
vt 0.406250 0.187500
vt 0.375000 0.187500
vt 0.437500 0.187500
vt 0.468750 0.187500
vt 0.500000 0.187500
vt 0.531250 0.187500
vt 0.562500 0.187500
vt 0.593750 0.187500
vt 0.625000 0.187500
vt 0.406250 0.218750
vt 0.375000 0.218750
vt 0.437500 0.218750
vt 0.468750 0.218750
vt 0.500000 0.218750
vt 0.531250 0.218750
vt 0.562500 0.218750
vt 0.593750 0.218750
vt 0.625000 0.218750
vt 0.406250 0.250000
vt 0.375000 0.250000
vt 0.437500 0.250000
vt 0.468750 0.250000
vt 0.500000 0.250000
vt 0.531250 0.250000
vt 0.562500 0.250000
vt 0.593750 0.250000
vt 0.625000 0.250000
vt 0.375000 0.500000
vt 0.406250 0.500000
vt 0.437500 0.500000
vt 0.468750 0.500000
vt 0.500000 0.500000
vt 0.531250 0.500000
vt 0.562500 0.500000
vt 0.593750 0.500000
vt 0.625000 0.500000
vt 0.375000 0.531250
vt 0.406250 0.531250
vt 0.437500 0.531250
vt 0.468750 0.531250
vt 0.500000 0.531250
vt 0.531250 0.531250
vt 0.562500 0.531250
vt 0.593750 0.531250
vt 0.625000 0.531250
vt 0.375000 0.562500
vt 0.406250 0.562500
vt 0.437500 0.562500
vt 0.468750 0.562500
vt 0.500000 0.562500
vt 0.531250 0.562500
vt 0.562500 0.562500
vt 0.593750 0.562500
vt 0.625000 0.562500
vt 0.375000 0.593750
vt 0.406250 0.593750
vt 0.437500 0.593750
vt 0.468750 0.593750
vt 0.500000 0.593750
vt 0.531250 0.593750
vt 0.562500 0.593750
vt 0.593750 0.593750
vt 0.625000 0.593750
vt 0.406250 0.625000
vt 0.375000 0.625000
vt 0.437500 0.625000
vt 0.468750 0.625000
vt 0.500000 0.625000
vt 0.531250 0.625000
vt 0.562500 0.625000
vt 0.593750 0.625000
vt 0.625000 0.625000
vt 0.406250 0.656250
vt 0.375000 0.656250
vt 0.437500 0.656250
vt 0.468750 0.656250
vt 0.500000 0.656250
vt 0.531250 0.656250
vt 0.562500 0.656250
vt 0.593750 0.656250
vt 0.625000 0.656250
vt 0.375000 0.687500
vt 0.406250 0.687500
vt 0.437500 0.687500
vt 0.468750 0.687500
vt 0.500000 0.687500
vt 0.531250 0.687500
vt 0.562500 0.687500
vt 0.593750 0.687500
vt 0.625000 0.687500
vt 0.406250 0.718750
vt 0.375000 0.718750
vt 0.437500 0.718750
vt 0.468750 0.718750
vt 0.500000 0.718750
vt 0.531250 0.718750
vt 0.562500 0.718750
vt 0.593750 0.718750
vt 0.625000 0.718750
vt 0.406250 0.750000
vt 0.375000 0.750000
vt 0.437500 0.750000
vt 0.468750 0.750000
vt 0.500000 0.750000
vt 0.531250 0.750000
vt 0.562500 0.750000
vt 0.593750 0.750000
vt 0.625000 0.750000
vt 0.375000 1.000000
vt 0.406250 1.000000
vt 0.437500 1.000000
vt 0.468750 1.000000
vt 0.500000 1.000000
vt 0.531250 1.000000
vt 0.562500 1.000000
vt 0.593750 1.000000
vt 0.625000 1.000000
vt 0.875000 0.000000
vt 0.875000 0.031250
vt 0.875000 0.062500
vt 0.875000 0.093750
vt 0.875000 0.125000
vt 0.875000 0.156250
vt 0.875000 0.187500
vt 0.875000 0.218750
vt 0.875000 0.250000
vt 0.125000 0.000000
vt 0.125000 0.031250
vt 0.125000 0.062500
vt 0.125000 0.093750
vt 0.125000 0.125000
vt 0.125000 0.156250
vt 0.125000 0.187500
vt 0.125000 0.218750
vt 0.125000 0.250000
vn -0.032948 0.082716 0.996028
vn -0.032948 0.082716 0.996028
vn -0.032948 0.082716 0.996028
vn -0.032939 0.082726 0.996028
vn -0.032939 0.082726 0.996028
vn -0.032939 0.082726 0.996028
vn -0.032939 0.082726 0.996028
vn -0.032939 0.082726 0.996028
vn -0.032939 0.082726 0.996028
vn -0.032939 0.082726 0.996028
vn -0.032939 0.082726 0.996028
vn -0.032939 0.082726 0.996028
vn -0.032939 0.082726 0.996028
vn -0.032939 0.082726 0.996028
vn -0.032939 0.082726 0.996028
vn -0.032939 0.082726 0.996028
vn -0.032939 0.082726 0.996028
vn -0.032939 0.082726 0.996028
vn -0.032939 0.082726 0.996028
vn -0.032939 0.082726 0.996028
vn -0.032939 0.082726 0.996028
vn -0.032939 0.082726 0.996028
vn -0.032939 0.082726 0.996028
vn -0.032939 0.082726 0.996028
vn -0.032939 0.082726 0.996028
vn -0.032939 0.082726 0.996028
vn -0.032939 0.082726 0.996028
vn -0.032939 0.082726 0.996028
vn -0.032939 0.082726 0.996028
vn -0.032939 0.082726 0.996028
vn -0.032939 0.082726 0.996028
vn -0.032939 0.082726 0.996028
vn -0.032939 0.082726 0.996028
vn -0.032939 0.082726 0.996028
vn -0.032939 0.082726 0.996028
vn -0.032939 0.082726 0.996028
vn -0.032939 0.082726 0.996028
vn -0.032939 0.082726 0.996028
vn -0.032939 0.082726 0.996028
vn -0.032939 0.082726 0.996028
vn -0.032939 0.082726 0.996028
vn -0.032939 0.082726 0.996028
vn -0.032939 0.082726 0.996028
vn -0.032939 0.082726 0.996028
vn -0.032939 0.082726 0.996028
vn -0.032939 0.082726 0.996028
vn -0.032939 0.082726 0.996028
vn -0.032939 0.082726 0.996028
vn -0.032939 0.082726 0.996028
vn -0.032939 0.082726 0.996028
vn -0.032939 0.082726 0.996028
vn -0.032939 0.082726 0.996028
vn -0.032939 0.082726 0.996028
vn -0.032939 0.082726 0.996028
vn -0.032939 0.082726 0.996028
vn -0.032939 0.082726 0.996028
vn -0.032939 0.082726 0.996028
vn -0.032939 0.082726 0.996028
vn -0.032939 0.082726 0.996028
vn -0.032939 0.082726 0.996028
vn -0.032939 0.082726 0.996028
vn -0.032939 0.082726 0.996028
vn -0.032939 0.082726 0.996028
vn -0.032939 0.082726 0.996028
vn -0.032939 0.082726 0.996028
vn -0.032939 0.082726 0.996028
vn -0.032939 0.082726 0.996028
vn -0.032939 0.082726 0.996028
vn -0.032939 0.082726 0.996028
vn -0.032939 0.082726 0.996028
vn -0.032939 0.082726 0.996028
vn -0.032939 0.082726 0.996028
vn -0.032939 0.082726 0.996028
vn -0.032939 0.082726 0.996028
vn -0.032939 0.082726 0.996028
vn -0.032939 0.082726 0.996028
vn -0.032939 0.082726 0.996028
vn -0.032939 0.082726 0.996028
vn -0.032939 0.082726 0.996028
vn -0.032939 0.082726 0.996028
vn -0.032939 0.082726 0.996028
vn -0.032939 0.082726 0.996028
vn -0.032939 0.082726 0.996028
vn -0.032939 0.082726 0.996028
vn -0.032939 0.082726 0.996028
vn -0.032939 0.082726 0.996028
vn -0.032939 0.082726 0.996028
vn -0.032939 0.082726 0.996028
vn -0.032939 0.082726 0.996028
vn -0.032939 0.082726 0.996028
vn -0.032939 0.082726 0.996028
vn -0.032939 0.082726 0.996028
vn -0.032939 0.082726 0.996028
vn -0.032939 0.082726 0.996028
vn -0.032939 0.082726 0.996028
vn -0.032939 0.082726 0.996028
vn -0.032939 0.082726 0.996028
vn -0.032939 0.082726 0.996028
vn -0.032939 0.082726 0.996028
vn -0.032939 0.082726 0.996028
vn -0.032939 0.082726 0.996028
vn -0.032939 0.082726 0.996028
vn -0.032939 0.082726 0.996028
vn -0.032939 0.082726 0.996028
vn -0.032939 0.082726 0.996028
vn -0.032939 0.082726 0.996028
vn -0.032939 0.082726 0.996028
vn -0.032939 0.082726 0.996028
vn -0.032939 0.082726 0.996028
vn -0.032939 0.082726 0.996028
vn -0.032939 0.082726 0.996028
vn -0.032939 0.082726 0.996028
vn -0.032939 0.082726 0.996028
vn -0.032939 0.082726 0.996028
vn -0.032939 0.082726 0.996028
vn -0.032939 0.082726 0.996028
vn -0.032939 0.082726 0.996028
vn -0.032939 0.082726 0.996028
vn -0.032939 0.082726 0.996028
vn -0.032939 0.082726 0.996028
vn -0.032939 0.082726 0.996028
vn -0.032939 0.082726 0.996028
vn -0.032939 0.082726 0.996028
vn -0.032939 0.082726 0.996028
vn -0.032939 0.082726 0.996028
vn -0.032939 0.082726 0.996028
vn -0.032939 0.082726 0.996028
vn -0.032939 0.082726 0.996028
vn -0.032939 0.082726 0.996028
vn -0.032939 0.082726 0.996028
vn -0.032939 0.082726 0.996028
vn -0.032939 0.082726 0.996028
vn -0.032939 0.082726 0.996028
vn -0.032939 0.082726 0.996028
vn -0.032939 0.082726 0.996028
vn -0.032939 0.082726 0.996028
vn -0.032939 0.082726 0.996028
vn -0.032939 0.082726 0.996028
vn -0.032939 0.082726 0.996028
vn -0.032939 0.082726 0.996028
vn -0.032939 0.082726 0.996028
vn -0.032939 0.082726 0.996028
vn -0.032939 0.082726 0.996028
vn -0.032939 0.082726 0.996028
vn -0.032939 0.082726 0.996028
vn -0.032939 0.082726 0.996028
vn -0.032939 0.082726 0.996028
vn -0.032939 0.082726 0.996028
vn -0.032939 0.082726 0.996028
vn -0.032939 0.082726 0.996028
vn -0.032939 0.082726 0.996028
vn -0.032939 0.082726 0.996028
vn -0.032939 0.082726 0.996028
vn -0.032939 0.082726 0.996028
vn -0.032939 0.082726 0.996028
vn -0.032939 0.082726 0.996028
vn -0.032939 0.082726 0.996028
vn -0.032939 0.082726 0.996028
vn -0.032939 0.082726 0.996028
vn -0.032939 0.082726 0.996028
vn -0.032939 0.082726 0.996028
vn -0.032939 0.082726 0.996028
vn -0.032939 0.082726 0.996028
vn -0.032939 0.082726 0.996028
vn -0.032939 0.082726 0.996028
vn -0.032939 0.082726 0.996028
vn -0.032939 0.082726 0.996028
vn -0.032939 0.082726 0.996028
vn -0.032939 0.082726 0.996028
vn -0.032939 0.082726 0.996028
vn -0.032939 0.082726 0.996028
vn -0.032939 0.082726 0.996028
vn -0.032939 0.082726 0.996028
vn -0.032939 0.082726 0.996028
vn -0.032939 0.082726 0.996028
vn -0.032939 0.082726 0.996028
vn -0.032939 0.082726 0.996028
vn -0.032939 0.082726 0.996028
vn -0.032939 0.082726 0.996028
vn -0.032939 0.082726 0.996028
vn -0.032939 0.082726 0.996028
vn -0.032939 0.082726 0.996028
vn -0.032939 0.082726 0.996028
vn -0.032939 0.082726 0.996028
vn -0.032939 0.082726 0.996028
vn -0.032939 0.082726 0.996028
vn -0.032939 0.082726 0.996028
vn -0.032939 0.082726 0.996028
vn -0.032939 0.082726 0.996028
vn -0.032939 0.082726 0.996028
vn -0.032939 0.082726 0.996028
vn -0.032939 0.082726 0.996028
vn -0.032939 0.082726 0.996028
vn -0.032939 0.082726 0.996028
vn -0.032939 0.082726 0.996028
vn -0.032939 0.082726 0.996028
vn -0.032939 0.082726 0.996028
vn -0.032939 0.082726 0.996028
vn -0.032939 0.082726 0.996028
vn -0.032939 0.082726 0.996028
vn -0.032939 0.082726 0.996028
vn -0.032939 0.082726 0.996028
vn -0.032939 0.082726 0.996028
vn -0.032939 0.082726 0.996028
vn -0.032939 0.082726 0.996028
vn -0.032939 0.082726 0.996028
vn -0.032939 0.082726 0.996028
vn -0.032939 0.082726 0.996028
vn -0.032939 0.082726 0.996028
vn -0.032939 0.082726 0.996028
vn -0.032939 0.082726 0.996028
vn -0.032939 0.082726 0.996028
vn -0.032939 0.082726 0.996028
vn -0.032939 0.082726 0.996028
vn -0.032939 0.082726 0.996028
vn -0.032939 0.082726 0.996028
vn -0.032939 0.082726 0.996028
vn -0.032939 0.082726 0.996028
vn -0.032939 0.082726 0.996028
vn -0.032939 0.082726 0.996028
vn -0.032939 0.082726 0.996028
vn -0.032939 0.082726 0.996028
vn -0.032939 0.082726 0.996028
vn -0.032939 0.082726 0.996028
vn -0.032939 0.082726 0.996028
vn -0.032939 0.082726 0.996028
vn -0.032939 0.082726 0.996028
vn -0.032939 0.082726 0.996028
vn -0.032939 0.082726 0.996028
vn -0.032939 0.082726 0.996028
vn -0.032939 0.082726 0.996028
vn -0.032939 0.082726 0.996028
vn -0.032939 0.082726 0.996028
vn -0.032939 0.082726 0.996028
vn -0.032939 0.082726 0.996028
vn -0.032939 0.082726 0.996028
vn -0.032939 0.082726 0.996028
vn -0.032939 0.082726 0.996028
vn -0.032939 0.082726 0.996028
vn -0.032939 0.082726 0.996028
vn -0.032939 0.082726 0.996028
vn -0.032939 0.082726 0.996028
vn -0.032939 0.082726 0.996028
vn -0.032939 0.082726 0.996028
vn -0.032939 0.082726 0.996028
vn -0.032939 0.082726 0.996028
vn -0.032939 0.082726 0.996028
vn -0.032939 0.082726 0.996028
vn -0.032939 0.082726 0.996028
vn -0.032939 0.082726 0.996028
vn -0.032939 0.082726 0.996028
vn -0.032939 0.082726 0.996028
vn -0.032939 0.082726 0.996028
vn -0.032939 0.082726 0.996028
vn -0.032939 0.082726 0.996028
vn -0.032939 0.082726 0.996028
vn -0.032939 0.082726 0.996028
vn -0.032939 0.082726 0.996028
vn -0.032939 0.082726 0.996028
vn -0.032939 0.082726 0.996028
vn -0.032939 0.082726 0.996028
vn -0.032939 0.082726 0.996028
vn -0.032939 0.082726 0.996028
vn -0.032939 0.082726 0.996028
vn -0.032939 0.082726 0.996028
vn -0.032939 0.082726 0.996028
vn -0.032939 0.082726 0.996028
vn -0.032939 0.082726 0.996028
vn -0.032939 0.082726 0.996028
vn -0.032939 0.082726 0.996028
vn -0.032939 0.082726 0.996028
vn -0.032939 0.082726 0.996028
vn -0.032939 0.082726 0.996028
vn -0.032939 0.082726 0.996028
vn -0.032939 0.082726 0.996028
vn -0.032939 0.082726 0.996028
vn -0.032939 0.082726 0.996028
vn -0.032939 0.082726 0.996028
vn -0.032939 0.082726 0.996028
vn -0.032939 0.082726 0.996028
vn -0.032939 0.082726 0.996028
vn -0.032939 0.082726 0.996028
vn -0.032939 0.082726 0.996028
vn -0.032939 0.082726 0.996028
vn -0.032939 0.082726 0.996028
vn -0.032939 0.082726 0.996028
vn -0.032939 0.082726 0.996028
vn -0.032939 0.082726 0.996028
vn -0.032939 0.082726 0.996028
vn -0.032939 0.082726 0.996028
vn -0.032939 0.082726 0.996028
vn -0.032939 0.082726 0.996028
vn -0.032939 0.082726 0.996028
vn -0.032939 0.082726 0.996028
vn -0.032939 0.082726 0.996028
vn -0.032939 0.082726 0.996028
vn -0.032939 0.082726 0.996028
vn -0.032939 0.082726 0.996028
vn -0.032939 0.082726 0.996028
vn -0.032939 0.082726 0.996028
vn -0.032939 0.082726 0.996028
vn -0.032939 0.082726 0.996028
vn -0.032939 0.082726 0.996028
vn -0.032939 0.082726 0.996028
vn -0.032939 0.082726 0.996028
vn -0.032939 0.082726 0.996028
vn -0.032939 0.082726 0.996028
vn -0.032939 0.082726 0.996028
vn -0.032939 0.082726 0.996028
vn -0.032939 0.082726 0.996028
vn -0.032939 0.082726 0.996028
vn -0.032939 0.082726 0.996028
vn -0.032939 0.082726 0.996028
vn -0.032939 0.082726 0.996028
vn -0.032939 0.082726 0.996028
vn -0.032939 0.082726 0.996028
vn -0.032939 0.082726 0.996028
vn -0.032939 0.082726 0.996028
vn -0.032939 0.082726 0.996028
vn -0.032939 0.082726 0.996028
vn -0.032939 0.082726 0.996028
vn -0.032939 0.082726 0.996028
vn -0.032939 0.082726 0.996028
vn -0.032939 0.082726 0.996028
vn -0.032939 0.082726 0.996028
vn -0.032939 0.082726 0.996028
vn -0.032939 0.082726 0.996028
vn -0.032939 0.082726 0.996028
vn -0.032939 0.082726 0.996028
vn -0.032939 0.082726 0.996028
vn -0.032939 0.082726 0.996028
vn -0.032939 0.082726 0.996028
vn -0.032939 0.082726 0.996028
vn -0.032939 0.082726 0.996028
vn -0.032939 0.082726 0.996028
vn -0.032939 0.082726 0.996028
vn -0.032939 0.082726 0.996028
vn -0.032939 0.082726 0.996028
vn -0.032939 0.082726 0.996028
vn -0.032939 0.082726 0.996028
vn -0.032939 0.082726 0.996028
vn -0.032939 0.082726 0.996028
vn -0.032939 0.082726 0.996028
vn -0.032939 0.082726 0.996028
vn -0.032939 0.082726 0.996028
vn -0.032939 0.082726 0.996028
vn -0.032939 0.082726 0.996028
vn -0.032939 0.082726 0.996028
vn -0.032939 0.082726 0.996028
vn -0.032939 0.082726 0.996028
vn -0.032939 0.082726 0.996028
vn -0.032939 0.082726 0.996028
vn -0.032939 0.082726 0.996028
vn -0.032939 0.082726 0.996028
vn -0.032939 0.082726 0.996028
vn -0.032939 0.082726 0.996028
vn -0.032939 0.082726 0.996028
vn -0.032939 0.082726 0.996028
vn -0.032939 0.082726 0.996028
vn -0.032939 0.082726 0.996028
vn -0.032939 0.082726 0.996028
vn -0.032939 0.082726 0.996028
vn -0.032939 0.082726 0.996028
vn -0.032939 0.082726 0.996028
vn -0.032939 0.082726 0.996028
vn -0.032939 0.082726 0.996028
vn -0.032939 0.082726 0.996028
vn -0.032939 0.082726 0.996028
vn -0.032939 0.082726 0.996028
vn -0.032939 0.082726 0.996028
vn -0.032939 0.082726 0.996028
vn -0.032939 0.082726 0.996028
vn -0.032939 0.082726 0.996028
vn -0.032939 0.082726 0.996028
vn -0.032939 0.082726 0.996028
vn -0.032939 0.082726 0.996028
vn -0.032939 0.082726 0.996028
vn -0.032939 0.082726 0.996028
vn -0.032939 0.082726 0.996028
vn -0.032939 0.082726 0.996028
vn -0.032939 0.082726 0.996028
vn -0.032939 0.082726 0.996028
vn -0.032939 0.082726 0.996028
vn -0.032939 0.082726 0.996028
vn 0.788290 -0.610495 0.076774
vn 0.796362 -0.600005 0.076170
vn 0.788290 -0.610495 0.076774
vn 0.788290 -0.610495 0.076774
vn 0.796362 -0.600005 0.076170
vn 0.796362 -0.600005 0.076170
vn 0.796362 -0.600005 0.076170
vn 0.823699 -0.562186 0.073933
vn 0.796362 -0.600005 0.076170
vn 0.796362 -0.600005 0.076170
vn 0.823699 -0.562186 0.073933
vn 0.823699 -0.562186 0.073933
vn 0.823699 -0.562186 0.073933
vn 0.966619 0.255996 0.010704
vn 0.823699 -0.562186 0.073933
vn 0.823699 -0.562186 0.073933
vn 0.966619 0.255996 0.010704
vn 0.966619 0.255996 0.010704
vn 0.966619 0.255996 0.010704
vn 0.551508 0.832614 -0.050915
vn 0.966619 0.255996 0.010704
vn 0.966619 0.255996 0.010704
vn 0.551508 0.832614 -0.050915
vn 0.551508 0.832614 -0.050915
vn 0.551508 0.832614 -0.050915
vn 0.893834 -0.443455 0.066391
vn 0.551508 0.832614 -0.050915
vn 0.551508 0.832614 -0.050915
vn 0.893834 -0.443455 0.066391
vn 0.893834 -0.443455 0.066391
vn 0.893834 -0.443455 0.066391
vn 0.653323 -0.752394 0.084096
vn 0.893834 -0.443455 0.066391
vn 0.893834 -0.443455 0.066391
vn 0.653323 -0.752394 0.084096
vn 0.653323 -0.752394 0.084096
vn 0.653323 -0.752394 0.084096
vn 0.765004 0.643410 -0.028140
vn 0.653323 -0.752394 0.084096
vn 0.653323 -0.752394 0.084096
vn 0.765004 0.643410 -0.028140
vn 0.765004 0.643410 -0.028140
vn 0.765004 0.643410 -0.028140
vn 0.760849 0.648295 -0.028683
vn 0.765004 0.643410 -0.028140
vn 0.765004 0.643410 -0.028140
vn 0.760849 0.648295 -0.028683
vn 0.760849 0.648295 -0.028683
vn 0.032939 -0.082726 -0.996028
vn 0.032939 -0.082726 -0.996028
vn 0.032939 -0.082726 -0.996028
vn 0.032939 -0.082726 -0.996028
vn 0.032939 -0.082726 -0.996028
vn 0.032939 -0.082726 -0.996028
vn 0.032939 -0.082726 -0.996028
vn 0.032939 -0.082726 -0.996028
vn 0.032939 -0.082726 -0.996028
vn 0.032939 -0.082726 -0.996028
vn 0.032939 -0.082726 -0.996028
vn 0.032939 -0.082726 -0.996028
vn 0.032939 -0.082726 -0.996028
vn 0.032939 -0.082726 -0.996028
vn 0.032939 -0.082726 -0.996028
vn 0.032939 -0.082726 -0.996028
vn 0.032939 -0.082726 -0.996028
vn 0.032939 -0.082726 -0.996028
vn 0.032939 -0.082726 -0.996028
vn 0.032939 -0.082726 -0.996028
vn 0.032939 -0.082726 -0.996028
vn 0.032939 -0.082726 -0.996028
vn 0.032939 -0.082726 -0.996028
vn 0.032939 -0.082726 -0.996028
vn 0.032939 -0.082726 -0.996028
vn 0.032939 -0.082726 -0.996028
vn 0.032939 -0.082726 -0.996028
vn 0.032939 -0.082726 -0.996028
vn 0.032939 -0.082726 -0.996028
vn 0.032939 -0.082726 -0.996028
vn 0.032939 -0.082726 -0.996028
vn 0.032939 -0.082726 -0.996028
vn 0.032939 -0.082726 -0.996028
vn 0.032939 -0.082726 -0.996028
vn 0.032939 -0.082726 -0.996028
vn 0.032939 -0.082726 -0.996028
vn 0.032939 -0.082726 -0.996028
vn 0.032939 -0.082726 -0.996028
vn 0.032939 -0.082726 -0.996028
vn 0.032939 -0.082726 -0.996028
vn 0.032939 -0.082726 -0.996028
vn 0.032939 -0.082726 -0.996028
vn 0.032939 -0.082726 -0.996028
vn 0.032939 -0.082726 -0.996028
vn 0.032939 -0.082726 -0.996028
vn 0.032939 -0.082726 -0.996028
vn 0.032939 -0.082726 -0.996028
vn 0.032939 -0.082726 -0.996028
vn 0.032939 -0.082726 -0.996028
vn 0.032939 -0.082726 -0.996028
vn 0.032939 -0.082726 -0.996028
vn 0.032939 -0.082726 -0.996028
vn 0.032939 -0.082726 -0.996028
vn 0.032939 -0.082726 -0.996028
vn 0.032939 -0.082726 -0.996028
vn 0.032939 -0.082726 -0.996028
vn 0.032939 -0.082726 -0.996028
vn 0.032939 -0.082726 -0.996028
vn 0.032939 -0.082726 -0.996028
vn 0.032939 -0.082726 -0.996028
vn 0.032939 -0.082726 -0.996028
vn 0.032939 -0.082726 -0.996028
vn 0.032939 -0.082726 -0.996028
vn 0.032939 -0.082726 -0.996028
vn 0.032939 -0.082726 -0.996028
vn 0.032939 -0.082726 -0.996028
vn 0.032939 -0.082726 -0.996028
vn 0.032939 -0.082726 -0.996028
vn 0.032939 -0.082726 -0.996028
vn 0.032939 -0.082726 -0.996028
vn 0.032939 -0.082726 -0.996028
vn 0.032939 -0.082726 -0.996028
vn 0.032939 -0.082726 -0.996028
vn 0.032939 -0.082726 -0.996028
vn 0.032939 -0.082726 -0.996028
vn 0.032939 -0.082726 -0.996028
vn 0.032939 -0.082726 -0.996028
vn 0.032939 -0.082726 -0.996028
vn 0.032939 -0.082726 -0.996028
vn 0.032939 -0.082726 -0.996028
vn 0.032939 -0.082726 -0.996028
vn 0.032939 -0.082726 -0.996028
vn 0.032939 -0.082726 -0.996028
vn 0.032939 -0.082726 -0.996028
vn 0.032939 -0.082726 -0.996028
vn 0.032939 -0.082726 -0.996028
vn 0.032939 -0.082726 -0.996028
vn 0.032939 -0.082726 -0.996028
vn 0.032939 -0.082726 -0.996028
vn 0.032939 -0.082726 -0.996028
vn 0.032939 -0.082726 -0.996028
vn 0.032939 -0.082726 -0.996028
vn 0.032939 -0.082726 -0.996028
vn 0.032939 -0.082726 -0.996028
vn 0.032939 -0.082726 -0.996028
vn 0.032939 -0.082726 -0.996028
vn 0.032939 -0.082726 -0.996028
vn 0.032939 -0.082726 -0.996028
vn 0.032939 -0.082726 -0.996028
vn 0.032939 -0.082726 -0.996028
vn 0.032939 -0.082726 -0.996028
vn 0.032939 -0.082726 -0.996028
vn 0.032939 -0.082726 -0.996028
vn 0.032939 -0.082726 -0.996028
vn 0.032939 -0.082726 -0.996028
vn 0.032939 -0.082726 -0.996028
vn 0.032939 -0.082726 -0.996028
vn 0.032939 -0.082726 -0.996028
vn 0.032939 -0.082726 -0.996028
vn 0.032939 -0.082726 -0.996028
vn 0.032939 -0.082726 -0.996028
vn 0.032939 -0.082726 -0.996028
vn 0.032939 -0.082726 -0.996028
vn 0.032939 -0.082726 -0.996028
vn 0.032939 -0.082726 -0.996028
vn 0.032939 -0.082726 -0.996028
vn 0.032939 -0.082726 -0.996028
vn 0.032939 -0.082726 -0.996028
vn 0.032939 -0.082726 -0.996028
vn 0.032939 -0.082726 -0.996028
vn 0.032939 -0.082726 -0.996028
vn 0.032939 -0.082726 -0.996028
vn 0.032939 -0.082726 -0.996028
vn 0.032939 -0.082726 -0.996028
vn 0.032939 -0.082726 -0.996028
vn 0.032939 -0.082726 -0.996028
vn 0.032939 -0.082726 -0.996028
vn 0.032939 -0.082726 -0.996028
vn 0.032939 -0.082726 -0.996028
vn 0.032939 -0.082726 -0.996028
vn 0.032939 -0.082726 -0.996028
vn 0.032939 -0.082726 -0.996028
vn 0.032939 -0.082726 -0.996028
vn 0.032939 -0.082726 -0.996028
vn 0.032939 -0.082726 -0.996028
vn 0.032939 -0.082726 -0.996028
vn 0.032939 -0.082726 -0.996028
vn 0.032939 -0.082726 -0.996028
vn 0.032939 -0.082726 -0.996028
vn 0.032939 -0.082726 -0.996028
vn 0.032939 -0.082726 -0.996028
vn 0.032939 -0.082726 -0.996028
vn 0.032939 -0.082726 -0.996028
vn 0.032939 -0.082726 -0.996028
vn 0.032939 -0.082726 -0.996028
vn 0.032939 -0.082726 -0.996028
vn 0.032939 -0.082726 -0.996028
vn 0.032939 -0.082726 -0.996028
vn 0.032939 -0.082726 -0.996028
vn 0.032939 -0.082726 -0.996028
vn 0.032939 -0.082726 -0.996028
vn 0.032939 -0.082726 -0.996028
vn 0.032939 -0.082726 -0.996028
vn 0.032939 -0.082726 -0.996028
vn 0.032939 -0.082726 -0.996028
vn 0.032939 -0.082726 -0.996028
vn 0.032939 -0.082726 -0.996028
vn 0.032939 -0.082726 -0.996028
vn 0.032939 -0.082726 -0.996028
vn 0.032939 -0.082726 -0.996028
vn 0.032939 -0.082726 -0.996028
vn 0.032939 -0.082726 -0.996028
vn 0.032939 -0.082726 -0.996028
vn 0.032939 -0.082726 -0.996028
vn 0.032939 -0.082726 -0.996028
vn 0.032939 -0.082726 -0.996028
vn 0.032939 -0.082726 -0.996028
vn 0.032939 -0.082726 -0.996028
vn 0.032939 -0.082726 -0.996028
vn 0.032939 -0.082726 -0.996028
vn 0.032939 -0.082726 -0.996028
vn 0.032939 -0.082726 -0.996028
vn 0.032939 -0.082726 -0.996028
vn 0.032939 -0.082726 -0.996028
vn 0.032939 -0.082726 -0.996028
vn 0.032939 -0.082726 -0.996028
vn 0.032939 -0.082726 -0.996028
vn 0.032939 -0.082726 -0.996028
vn 0.032939 -0.082726 -0.996028
vn 0.032939 -0.082726 -0.996028
vn 0.032939 -0.082726 -0.996028
vn 0.032939 -0.082726 -0.996028
vn 0.032939 -0.082726 -0.996028
vn 0.032939 -0.082726 -0.996028
vn 0.032939 -0.082726 -0.996028
vn 0.032939 -0.082726 -0.996028
vn 0.032939 -0.082726 -0.996028
vn 0.032939 -0.082726 -0.996028
vn 0.032939 -0.082726 -0.996028
vn 0.032939 -0.082726 -0.996028
vn 0.032939 -0.082726 -0.996028
vn 0.032939 -0.082726 -0.996028
vn 0.032939 -0.082726 -0.996028
vn 0.032939 -0.082726 -0.996028
vn 0.032939 -0.082726 -0.996028
vn 0.032939 -0.082726 -0.996028
vn 0.032939 -0.082726 -0.996028
vn 0.032939 -0.082726 -0.996028
vn 0.032939 -0.082726 -0.996028
vn 0.032939 -0.082726 -0.996028
vn 0.032939 -0.082726 -0.996028
vn 0.032939 -0.082726 -0.996028
vn 0.032939 -0.082726 -0.996028
vn 0.032939 -0.082726 -0.996028
vn 0.032939 -0.082726 -0.996028
vn 0.032939 -0.082726 -0.996028
vn 0.032939 -0.082726 -0.996028
vn 0.032939 -0.082726 -0.996028
vn 0.032939 -0.082726 -0.996028
vn 0.032939 -0.082726 -0.996028
vn 0.032939 -0.082726 -0.996028
vn 0.032939 -0.082726 -0.996028
vn 0.032939 -0.082726 -0.996028
vn 0.032939 -0.082726 -0.996028
vn 0.032939 -0.082726 -0.996028
vn 0.032939 -0.082726 -0.996028
vn 0.032939 -0.082726 -0.996028
vn 0.032939 -0.082726 -0.996028
vn 0.032939 -0.082726 -0.996028
vn 0.032939 -0.082726 -0.996028
vn 0.032939 -0.082726 -0.996028
vn 0.032939 -0.082726 -0.996028
vn 0.032939 -0.082726 -0.996028
vn 0.032939 -0.082726 -0.996028
vn 0.032939 -0.082726 -0.996028
vn 0.032939 -0.082726 -0.996028
vn 0.032939 -0.082726 -0.996028
vn 0.032939 -0.082726 -0.996028
vn 0.032939 -0.082726 -0.996028
vn 0.032939 -0.082726 -0.996028
vn 0.032939 -0.082726 -0.996028
vn 0.032939 -0.082726 -0.996028
vn 0.032939 -0.082726 -0.996028
vn 0.032939 -0.082726 -0.996028
vn 0.032939 -0.082726 -0.996028
vn 0.032939 -0.082726 -0.996028
vn 0.032939 -0.082726 -0.996028
vn 0.032939 -0.082726 -0.996028
vn 0.032939 -0.082726 -0.996028
vn 0.032939 -0.082726 -0.996028
vn 0.032939 -0.082726 -0.996028
vn 0.032939 -0.082726 -0.996028
vn 0.032939 -0.082726 -0.996028
vn 0.032939 -0.082726 -0.996028
vn 0.032939 -0.082726 -0.996028
vn 0.032939 -0.082726 -0.996028
vn 0.032939 -0.082726 -0.996028
vn 0.032939 -0.082726 -0.996028
vn 0.032939 -0.082726 -0.996028
vn 0.032939 -0.082726 -0.996028
vn 0.032939 -0.082726 -0.996028
vn 0.032939 -0.082726 -0.996028
vn 0.032939 -0.082726 -0.996028
vn 0.032939 -0.082726 -0.996028
vn 0.032939 -0.082726 -0.996028
vn 0.032939 -0.082726 -0.996028
vn 0.032939 -0.082726 -0.996028
vn 0.032939 -0.082726 -0.996028
vn 0.032939 -0.082726 -0.996028
vn 0.032939 -0.082726 -0.996028
vn 0.032939 -0.082726 -0.996028
vn 0.032939 -0.082726 -0.996028
vn 0.032939 -0.082726 -0.996028
vn 0.032939 -0.082726 -0.996028
vn 0.032939 -0.082726 -0.996028
vn 0.032939 -0.082726 -0.996028
vn 0.032939 -0.082726 -0.996028
vn 0.032939 -0.082726 -0.996028
vn 0.032939 -0.082726 -0.996028
vn 0.032939 -0.082726 -0.996028
vn 0.032939 -0.082726 -0.996028
vn 0.032939 -0.082726 -0.996028
vn 0.032939 -0.082726 -0.996028
vn 0.032939 -0.082726 -0.996028
vn 0.032939 -0.082726 -0.996028
vn 0.032939 -0.082726 -0.996028
vn 0.032939 -0.082726 -0.996028
vn 0.032939 -0.082726 -0.996028
vn 0.032939 -0.082726 -0.996028
vn 0.032939 -0.082726 -0.996028
vn 0.032939 -0.082726 -0.996028
vn 0.032939 -0.082726 -0.996028
vn 0.032939 -0.082726 -0.996028
vn 0.032939 -0.082726 -0.996028
vn 0.032939 -0.082726 -0.996028
vn 0.032939 -0.082726 -0.996028
vn 0.032939 -0.082726 -0.996028
vn 0.032939 -0.082726 -0.996028
vn 0.032939 -0.082726 -0.996028
vn 0.032939 -0.082726 -0.996028
vn 0.032939 -0.082726 -0.996028
vn 0.032939 -0.082726 -0.996028
vn 0.032939 -0.082726 -0.996028
vn 0.032939 -0.082726 -0.996028
vn 0.032939 -0.082726 -0.996028
vn 0.032939 -0.082726 -0.996028
vn 0.032939 -0.082726 -0.996028
vn 0.032939 -0.082726 -0.996028
vn 0.032939 -0.082726 -0.996028
vn 0.032939 -0.082726 -0.996028
vn 0.032939 -0.082726 -0.996028
vn 0.032939 -0.082726 -0.996028
vn 0.032939 -0.082726 -0.996028
vn 0.032939 -0.082726 -0.996028
vn 0.032939 -0.082726 -0.996028
vn 0.032939 -0.082726 -0.996028
vn 0.032939 -0.082726 -0.996028
vn 0.032939 -0.082726 -0.996028
vn 0.032939 -0.082726 -0.996028
vn 0.032939 -0.082726 -0.996028
vn 0.032939 -0.082726 -0.996028
vn 0.032939 -0.082726 -0.996028
vn 0.032939 -0.082726 -0.996028
vn 0.032939 -0.082726 -0.996028
vn 0.032939 -0.082726 -0.996028
vn 0.032939 -0.082726 -0.996028
vn 0.032939 -0.082726 -0.996028
vn 0.032939 -0.082726 -0.996028
vn 0.032939 -0.082726 -0.996028
vn 0.032939 -0.082726 -0.996028
vn 0.032939 -0.082726 -0.996028
vn 0.032939 -0.082726 -0.996028
vn 0.032939 -0.082726 -0.996028
vn 0.032939 -0.082726 -0.996028
vn 0.032939 -0.082726 -0.996028
vn 0.032939 -0.082726 -0.996028
vn 0.032939 -0.082726 -0.996028
vn 0.032939 -0.082726 -0.996028
vn 0.032939 -0.082726 -0.996028
vn 0.032939 -0.082726 -0.996028
vn 0.032939 -0.082726 -0.996028
vn 0.032939 -0.082726 -0.996028
vn 0.032939 -0.082726 -0.996028
vn 0.032939 -0.082726 -0.996028
vn 0.032939 -0.082726 -0.996028
vn 0.032939 -0.082726 -0.996028
vn 0.032939 -0.082726 -0.996028
vn 0.032939 -0.082726 -0.996028
vn 0.032939 -0.082726 -0.996028
vn 0.032939 -0.082726 -0.996028
vn 0.032939 -0.082726 -0.996028
vn 0.032939 -0.082726 -0.996028
vn 0.032939 -0.082726 -0.996028
vn 0.032939 -0.082726 -0.996028
vn 0.032939 -0.082726 -0.996028
vn 0.032939 -0.082726 -0.996028
vn 0.032939 -0.082726 -0.996028
vn 0.032939 -0.082726 -0.996028
vn 0.032939 -0.082726 -0.996028
vn 0.032939 -0.082726 -0.996028
vn 0.032939 -0.082726 -0.996028
vn 0.032939 -0.082726 -0.996028
vn 0.032939 -0.082726 -0.996028
vn 0.032939 -0.082726 -0.996028
vn 0.032939 -0.082726 -0.996028
vn 0.032939 -0.082726 -0.996028
vn 0.032939 -0.082726 -0.996028
vn 0.032939 -0.082726 -0.996028
vn 0.032939 -0.082726 -0.996028
vn 0.032939 -0.082726 -0.996028
vn 0.032939 -0.082726 -0.996028
vn 0.032939 -0.082726 -0.996028
vn 0.032939 -0.082726 -0.996028
vn 0.032939 -0.082726 -0.996028
vn 0.032939 -0.082726 -0.996028
vn 0.032939 -0.082726 -0.996028
vn 0.032939 -0.082726 -0.996028
vn 0.032939 -0.082726 -0.996028
vn 0.032939 -0.082726 -0.996028
vn 0.032939 -0.082726 -0.996028
vn 0.032939 -0.082726 -0.996028
vn 0.032939 -0.082726 -0.996028
vn 0.032939 -0.082726 -0.996028
vn 0.032939 -0.082726 -0.996028
vn 0.032939 -0.082726 -0.996028
vn 0.032939 -0.082726 -0.996028
vn 0.032939 -0.082726 -0.996028
vn 0.032939 -0.082726 -0.996028
vn 0.032939 -0.082726 -0.996028
vn 0.032939 -0.082726 -0.996028
vn 0.032939 -0.082726 -0.996028
vn 0.032939 -0.082726 -0.996028
vn 0.032939 -0.082726 -0.996028
vn 0.032939 -0.082726 -0.996028
vn -0.748109 -0.662883 0.030316
vn -0.772732 -0.634153 0.027116
vn -0.748109 -0.662883 0.030316
vn -0.748109 -0.662883 0.030316
vn -0.772732 -0.634153 0.027116
vn -0.772732 -0.634153 0.027116
vn -0.772732 -0.634153 0.027116
vn -0.872640 -0.488223 0.011691
vn -0.772732 -0.634153 0.027116
vn -0.772732 -0.634153 0.027116
vn -0.872640 -0.488223 0.011691
vn -0.872640 -0.488223 0.011691
vn -0.872640 -0.488223 0.011691
vn -0.776663 0.625118 -0.077604
vn -0.872640 -0.488223 0.011691
vn -0.872640 -0.488223 0.011691
vn -0.776663 0.625118 -0.077604
vn -0.776663 0.625118 -0.077604
vn -0.776663 0.625118 -0.077604
vn -0.823699 0.562186 -0.073933
vn -0.776663 0.625118 -0.077604
vn -0.776663 0.625118 -0.077604
vn -0.823699 0.562186 -0.073933
vn -0.823699 0.562186 -0.073933
vn -0.823699 0.562186 -0.073933
vn -0.427223 -0.902100 0.060796
vn -0.823699 0.562186 -0.073933
vn -0.823699 0.562186 -0.073933
vn -0.427223 -0.902100 0.060796
vn -0.427223 -0.902100 0.060796
vn -0.427223 -0.902100 0.060796
vn -0.998380 0.043531 -0.036632
vn -0.427223 -0.902100 0.060796
vn -0.427223 -0.902100 0.060796
vn -0.998380 0.043531 -0.036632
vn -0.998380 0.043531 -0.036632
vn -0.998380 0.043531 -0.036632
vn -0.750859 0.655686 -0.079290
vn -0.998380 0.043531 -0.036632
vn -0.998380 0.043531 -0.036632
vn -0.750859 0.655686 -0.079290
vn -0.750859 0.655686 -0.079290
vn -0.750859 0.655686 -0.079290
vn -0.720426 0.688782 -0.081032
vn -0.750859 0.655686 -0.079290
vn -0.750859 0.655686 -0.079290
vn -0.720426 0.688782 -0.081032
vn -0.720426 0.688782 -0.081032
vn 0.341412 -0.935690 0.089005
vn 0.341412 -0.935690 0.089005
vn 0.373697 -0.923267 0.089041
vn 0.373697 -0.923267 0.089041
vn 0.341412 -0.935690 0.089005
vn 0.373697 -0.923267 0.089041
vn 0.373697 -0.923267 0.089041
vn 0.373697 -0.923267 0.089041
vn 0.131213 -0.987585 0.086364
vn 0.131213 -0.987585 0.086364
vn 0.373697 -0.923267 0.089041
vn 0.131213 -0.987585 0.086364
vn 0.131213 -0.987585 0.086364
vn 0.131213 -0.987585 0.086364
vn -0.646622 -0.761660 0.041876
vn -0.646622 -0.761660 0.041876
vn 0.131213 -0.987585 0.086364
vn -0.646622 -0.761660 0.041876
vn -0.646622 -0.761660 0.041876
vn -0.646622 -0.761660 0.041876
vn 0.364337 -0.927001 0.089042
vn 0.364337 -0.927001 0.089042
vn -0.646622 -0.761660 0.041876
vn 0.364337 -0.927001 0.089042
vn 0.364337 -0.927001 0.089042
vn 0.364337 -0.927001 0.089042
vn 0.606319 -0.790589 0.085714
vn 0.606319 -0.790589 0.085714
vn 0.364337 -0.927001 0.089042
vn 0.606319 -0.790589 0.085714
vn 0.606319 -0.790589 0.085714
vn 0.606319 -0.790589 0.085714
vn -0.569099 -0.820787 0.049351
vn -0.569099 -0.820787 0.049351
vn 0.606319 -0.790589 0.085714
vn -0.569099 -0.820787 0.049351
vn -0.569099 -0.820787 0.049351
vn -0.569099 -0.820787 0.049351
vn -0.532855 -0.844575 0.052525
vn -0.532855 -0.844575 0.052525
vn -0.569099 -0.820787 0.049351
vn -0.532855 -0.844575 0.052525
vn -0.532855 -0.844575 0.052525
vn -0.532855 -0.844575 0.052525
vn -0.507394 -0.859980 0.054647
vn -0.507394 -0.859980 0.054647
vn -0.532855 -0.844575 0.052525
vn -0.507394 -0.859980 0.054647
vn 0.472015 0.879716 -0.057456
vn 0.472015 0.879716 -0.057456
vn 0.487525 0.871296 -0.056244
vn 0.487525 0.871296 -0.056244
vn 0.472015 0.879716 -0.057456
vn 0.487525 0.871296 -0.056244
vn 0.487525 0.871296 -0.056244
vn 0.487525 0.871296 -0.056244
vn -0.457697 0.884681 -0.088614
vn -0.457697 0.884681 -0.088614
vn 0.487525 0.871296 -0.056244
vn -0.457697 0.884681 -0.088614
vn -0.457697 0.884681 -0.088614
vn -0.457697 0.884681 -0.088614
vn -0.233525 0.968347 -0.088150
vn -0.233525 0.968347 -0.088150
vn -0.457697 0.884681 -0.088614
vn -0.233526 0.968347 -0.088150
vn -0.233525 0.968347 -0.088150
vn -0.233526 0.968347 -0.088150
vn 0.797025 0.603478 -0.023765
vn 0.797025 0.603478 -0.023765
vn -0.233526 0.968347 -0.088150
vn 0.797025 0.603478 -0.023765
vn 0.797025 0.603478 -0.023765
vn 0.797025 0.603478 -0.023765
vn 0.379970 0.922777 -0.064076
vn 0.379970 0.922777 -0.064076
vn 0.797025 0.603478 -0.023765
vn 0.379970 0.922777 -0.064076
vn 0.379970 0.922777 -0.064076
vn 0.379970 0.922777 -0.064076
vn -0.490461 0.866985 -0.088228
vn -0.490461 0.866985 -0.088228
vn 0.379970 0.922777 -0.064076
vn -0.490461 0.866985 -0.088228
vn -0.490461 0.866985 -0.088228
vn -0.490461 0.866985 -0.088228
vn -0.519135 0.850173 -0.087780
vn -0.519135 0.850173 -0.087780
vn -0.490461 0.866985 -0.088228
vn -0.519135 0.850173 -0.087780
vn -0.519135 0.850173 -0.087780
vn -0.519135 0.850173 -0.087780
vn -0.511332 0.854875 -0.087912
vn -0.511332 0.854875 -0.087912
vn -0.519135 0.850173 -0.087780
vn -0.511332 0.854875 -0.087912
s off
g item_bomb:group1pCube2
usemtl item_bomb:lambert9SG
f 852/998/5059 853/999/5060 861/1000/5061
f 861/1000/5062 853/999/5063 862/1001/5064
f 853/999/5065 854/1002/5066 862/1001/5067
f 862/1001/5068 854/1002/5069 863/1003/5070
f 854/1002/5071 855/1004/5072 863/1003/5073
f 863/1003/5074 855/1004/5075 864/1005/5076
f 856/1006/5077 865/1007/5078 855/1004/5079
f 855/1004/5080 865/1007/5081 864/1005/5082
f 856/1006/5083 857/1008/5084 865/1007/5085
f 865/1007/5086 857/1008/5087 866/1009/5088
f 857/1008/5089 858/1010/5090 866/1009/5091
f 866/1009/5092 858/1010/5093 867/1011/5094
f 859/1012/5095 868/1013/5096 858/1010/5097
f 858/1010/5098 868/1013/5099 867/1011/5100
f 860/1014/5101 869/1015/5102 859/1012/5103
f 859/1012/5104 869/1015/5105 868/1013/5106
f 861/1000/5107 862/1001/5108 870/1016/5109
f 870/1016/5110 862/1001/5111 871/1017/5112
f 862/1001/5113 863/1003/5114 871/1017/5115
f 871/1017/5116 863/1003/5117 872/1018/5118
f 863/1003/5119 864/1005/5120 872/1018/5121
f 872/1018/5122 864/1005/5123 873/1019/5124
f 865/1007/5125 874/1020/5126 864/1005/5127
f 864/1005/5128 874/1020/5129 873/1019/5130
f 866/1009/5131 875/1021/5132 865/1007/5133
f 865/1007/5134 875/1021/5135 874/1020/5136
f 866/1009/5137 867/1011/5138 875/1021/5139
f 875/1021/5140 867/1011/5141 876/1022/5142
f 868/1013/5143 877/1023/5144 867/1011/5145
f 867/1011/5146 877/1023/5147 876/1022/5148
f 869/1015/5149 878/1024/5150 868/1013/5151
f 868/1013/5152 878/1024/5153 877/1023/5154
f 871/1017/5155 880/1025/5156 870/1016/5157
f 870/1016/5158 880/1025/5159 879/1026/5160
f 872/1018/5161 881/1027/5162 871/1017/5163
f 871/1017/5164 881/1027/5165 880/1025/5166
f 872/1018/5167 873/1019/5168 881/1027/5169
f 881/1027/5170 873/1019/5171 882/1028/5172
f 874/1020/5173 883/1029/5174 873/1019/5175
f 873/1019/5176 883/1029/5177 882/1028/5178
f 874/1020/5179 875/1021/5180 883/1029/5181
f 883/1029/5182 875/1021/5183 884/1030/5184
f 875/1021/5185 876/1022/5186 884/1030/5187
f 884/1030/5188 876/1022/5189 885/1031/5190
f 876/1022/5191 877/1023/5192 885/1031/5193
f 885/1031/5194 877/1023/5195 886/1032/5196
f 877/1023/5197 878/1024/5198 886/1032/5199
f 886/1032/5200 878/1024/5201 887/1033/5202
f 879/1026/5203 880/1025/5204 888/1034/5205
f 888/1034/5206 880/1025/5207 889/1035/5208
f 880/1025/5209 881/1027/5210 889/1035/5211
f 889/1035/5212 881/1027/5213 890/1036/5214
f 881/1027/5215 882/1028/5216 890/1036/5217
f 890/1036/5218 882/1028/5219 891/1037/5220
f 883/1029/5221 892/1038/5222 882/1028/5223
f 882/1028/5224 892/1038/5225 891/1037/5226
f 883/1029/5227 884/1030/5228 892/1038/5229
f 892/1038/5230 884/1030/5231 893/1039/5232
f 884/1030/5233 885/1031/5234 893/1039/5235
f 893/1039/5236 885/1031/5237 894/1040/5238
f 886/1032/5239 895/1041/5240 885/1031/5241
f 885/1031/5242 895/1041/5243 894/1040/5244
f 886/1032/5245 887/1033/5246 895/1041/5247
f 895/1041/5248 887/1033/5249 896/1042/5250
f 888/1034/5251 889/1035/5252 897/1043/5253
f 897/1043/5254 889/1035/5255 898/1044/5256
f 889/1035/5257 890/1036/5258 898/1044/5259
f 898/1044/5260 890/1036/5261 899/1045/5262
f 890/1036/5263 891/1037/5264 899/1045/5265
f 899/1045/5266 891/1037/5267 900/1046/5268
f 891/1037/5269 892/1038/5270 900/1046/5271
f 900/1046/5272 892/1038/5273 901/1047/5274
f 893/1039/5275 902/1048/5276 892/1038/5277
f 892/1038/5278 902/1048/5279 901/1047/5280
f 894/1040/5281 903/1049/5282 893/1039/5283
f 893/1039/5284 903/1049/5285 902/1048/5286
f 895/1041/5287 904/1050/5288 894/1040/5289
f 894/1040/5290 904/1050/5291 903/1049/5292
f 896/1042/5293 905/1051/5294 895/1041/5295
f 895/1041/5296 905/1051/5297 904/1050/5298
f 898/1044/5299 907/1052/5300 897/1043/5301
f 897/1043/5302 907/1052/5303 906/1053/5304
f 899/1045/5305 908/1054/5306 898/1044/5307
f 898/1044/5308 908/1054/5309 907/1052/5310
f 900/1046/5311 909/1055/5312 899/1045/5313
f 899/1045/5314 909/1055/5315 908/1054/5316
f 900/1046/5317 901/1047/5318 909/1055/5319
f 909/1055/5320 901/1047/5321 910/1056/5322
f 901/1047/5323 902/1048/5324 910/1056/5325
f 910/1056/5326 902/1048/5327 911/1057/5328
f 903/1049/5329 912/1058/5330 902/1048/5331
f 902/1048/5332 912/1058/5333 911/1057/5334
f 903/1049/5335 904/1050/5336 912/1058/5337
f 912/1058/5338 904/1050/5339 913/1059/5340
f 904/1050/5341 905/1051/5342 913/1059/5343
f 913/1059/5344 905/1051/5345 914/1060/5346
f 907/1052/5347 916/1061/5348 906/1053/5349
f 906/1053/5350 916/1061/5351 915/1062/5352
f 908/1054/5353 917/1063/5354 907/1052/5355
f 907/1052/5356 917/1063/5357 916/1061/5358
f 909/1055/5359 918/1064/5360 908/1054/5361
f 908/1054/5362 918/1064/5363 917/1063/5364
f 909/1055/5365 910/1056/5366 918/1064/5367
f 918/1064/5368 910/1056/5369 919/1065/5370
f 910/1056/5371 911/1057/5372 919/1065/5373
f 919/1065/5374 911/1057/5375 920/1066/5376
f 912/1058/5377 921/1067/5378 911/1057/5379
f 911/1057/5380 921/1067/5381 920/1066/5382
f 912/1058/5383 913/1059/5384 921/1067/5385
f 921/1067/5386 913/1059/5387 922/1068/5388
f 913/1059/5389 914/1060/5390 922/1068/5391
f 922/1068/5392 914/1060/5393 923/1069/5394
f 916/1061/5395 925/1070/5396 915/1062/5397
f 915/1062/5398 925/1070/5399 924/1071/5400
f 917/1063/5401 926/1072/5402 916/1061/5403
f 916/1061/5404 926/1072/5405 925/1070/5406
f 918/1064/5407 927/1073/5408 917/1063/5409
f 917/1063/5410 927/1073/5411 926/1072/5412
f 918/1064/5413 919/1065/5414 927/1073/5415
f 927/1073/5416 919/1065/5417 928/1074/5418
f 919/1065/5419 920/1066/5420 928/1074/5421
f 928/1074/5422 920/1066/5423 929/1075/5424
f 921/1067/5425 930/1076/5426 920/1066/5427
f 920/1066/5428 930/1076/5429 929/1075/5430
f 921/1067/5431 922/1068/5432 930/1076/5433
f 930/1076/5434 922/1068/5435 931/1077/5436
f 922/1068/5437 923/1069/5438 931/1077/5439
f 931/1077/5440 923/1069/5441 932/1078/5442
f 924/1071/5443 925/1070/5444 933/1079/5445
f 933/1079/5446 925/1070/5447 934/1080/5448
f 925/1070/5449 926/1072/5450 934/1080/5451
f 934/1080/5452 926/1072/5453 935/1081/5454
f 926/1072/5455 927/1073/5456 935/1081/5457
f 935/1081/5458 927/1073/5459 936/1082/5460
f 927/1073/5461 928/1074/5462 936/1082/5463
f 936/1082/5464 928/1074/5465 937/1083/5466
f 928/1074/5467 929/1075/5468 937/1083/5469
f 937/1083/5470 929/1075/5471 938/1084/5472
f 929/1075/5473 930/1076/5474 938/1084/5475
f 938/1084/5476 930/1076/5477 939/1085/5478
f 930/1076/5479 931/1077/5480 939/1085/5481
f 939/1085/5482 931/1077/5483 940/1086/5484
f 931/1077/5485 932/1078/5486 940/1086/5487
f 940/1086/5488 932/1078/5489 941/1087/5490
f 933/1079/5491 934/1080/5492 942/1088/5493
f 942/1088/5494 934/1080/5495 943/1089/5496
f 934/1080/5497 935/1081/5498 943/1089/5499
f 943/1089/5500 935/1081/5501 944/1090/5502
f 935/1081/5503 936/1082/5504 944/1090/5505
f 944/1090/5506 936/1082/5507 945/1091/5508
f 937/1083/5509 946/1092/5510 936/1082/5511
f 936/1082/5512 946/1092/5513 945/1091/5514
f 938/1084/5515 947/1093/5516 937/1083/5517
f 937/1083/5518 947/1093/5519 946/1092/5520
f 938/1084/5521 939/1085/5522 947/1093/5523
f 947/1093/5524 939/1085/5525 948/1094/5526
f 940/1086/5527 949/1095/5528 939/1085/5529
f 939/1085/5530 949/1095/5531 948/1094/5532
f 941/1087/5533 950/1096/5534 940/1086/5535
f 940/1086/5536 950/1096/5537 949/1095/5538
f 942/1088/5539 943/1089/5540 951/1097/5541
f 951/1097/5542 943/1089/5543 952/1098/5544
f 943/1089/5545 944/1090/5546 952/1098/5547
f 952/1098/5548 944/1090/5549 953/1099/5550
f 944/1090/5551 945/1091/5552 953/1099/5553
f 953/1099/5554 945/1091/5555 954/1100/5556
f 946/1092/5557 955/1101/5558 945/1091/5559
f 945/1091/5560 955/1101/5561 954/1100/5562
f 947/1093/5563 956/1102/5564 946/1092/5565
f 946/1092/5566 956/1102/5567 955/1101/5568
f 947/1093/5569 948/1094/5570 956/1102/5571
f 956/1102/5572 948/1094/5573 957/1103/5574
f 949/1095/5575 958/1104/5576 948/1094/5577
f 948/1094/5578 958/1104/5579 957/1103/5580
f 950/1096/5581 959/1105/5582 949/1095/5583
f 949/1095/5584 959/1105/5585 958/1104/5586
f 951/1097/5587 952/1098/5588 960/1106/5589
f 960/1106/5590 952/1098/5591 961/1107/5592
f 952/1098/5593 953/1099/5594 961/1107/5595
f 961/1107/5596 953/1099/5597 962/1108/5598
f 953/1099/5599 954/1100/5600 962/1108/5601
f 962/1108/5602 954/1100/5603 963/1109/5604
f 955/1101/5605 964/1110/5606 954/1100/5607
f 954/1100/5608 964/1110/5609 963/1109/5610
f 956/1102/5611 965/1111/5612 955/1101/5613
f 955/1101/5614 965/1111/5615 964/1110/5616
f 956/1102/5617 957/1103/5618 965/1111/5619
f 965/1111/5620 957/1103/5621 966/1112/5622
f 958/1104/5623 967/1113/5624 957/1103/5625
f 957/1103/5626 967/1113/5627 966/1112/5628
f 959/1105/5629 968/1114/5630 958/1104/5631
f 958/1104/5632 968/1114/5633 967/1113/5634
f 961/1107/5635 970/1115/5636 960/1106/5637
f 960/1106/5638 970/1115/5639 969/1116/5640
f 962/1108/5641 971/1117/5642 961/1107/5643
f 961/1107/5644 971/1117/5645 970/1115/5646
f 963/1109/5647 972/1118/5648 962/1108/5649
f 962/1108/5650 972/1118/5651 971/1117/5652
f 964/1110/5653 973/1119/5654 963/1109/5655
f 963/1109/5656 973/1119/5657 972/1118/5658
f 964/1110/5659 965/1111/5660 973/1119/5661
f 973/1119/5662 965/1111/5663 974/1120/5664
f 965/1111/5665 966/1112/5666 974/1120/5667
f 974/1120/5668 966/1112/5669 975/1121/5670
f 966/1112/5671 967/1113/5672 975/1121/5673
f 975/1121/5674 967/1113/5675 976/1122/5676
f 967/1113/5677 968/1114/5678 976/1122/5679
f 976/1122/5680 968/1114/5681 977/1123/5682
f 970/1115/5683 979/1124/5684 969/1116/5685
f 969/1116/5686 979/1124/5687 978/1125/5688
f 970/1115/5689 971/1117/5690 979/1124/5691
f 979/1124/5692 971/1117/5693 980/1126/5694
f 972/1118/5695 981/1127/5696 971/1117/5697
f 971/1117/5698 981/1127/5699 980/1126/5700
f 972/1118/5701 973/1119/5702 981/1127/5703
f 981/1127/5704 973/1119/5705 982/1128/5706
f 973/1119/5707 974/1120/5708 982/1128/5709
f 982/1128/5710 974/1120/5711 983/1129/5712
f 975/1121/5713 984/1130/5714 974/1120/5715
f 974/1120/5716 984/1130/5717 983/1129/5718
f 975/1121/5719 976/1122/5720 984/1130/5721
f 984/1130/5722 976/1122/5723 985/1131/5724
f 977/1123/5725 986/1132/5726 976/1122/5727
f 976/1122/5728 986/1132/5729 985/1131/5730
f 978/1125/5731 979/1124/5732 987/1133/5733
f 987/1133/5734 979/1124/5735 988/1134/5736
f 979/1124/5737 980/1126/5738 988/1134/5739
f 988/1134/5740 980/1126/5741 989/1135/5742
f 981/1127/5743 990/1136/5744 980/1126/5745
f 980/1126/5746 990/1136/5747 989/1135/5748
f 981/1127/5749 982/1128/5750 990/1136/5751
f 990/1136/5752 982/1128/5753 991/1137/5754
f 983/1129/5755 992/1138/5756 982/1128/5757
f 982/1128/5758 992/1138/5759 991/1137/5760
f 984/1130/5761 993/1139/5762 983/1129/5763
f 983/1129/5764 993/1139/5765 992/1138/5766
f 985/1131/5767 994/1140/5768 984/1130/5769
f 984/1130/5770 994/1140/5771 993/1139/5772
f 986/1132/5773 995/1141/5774 985/1131/5775
f 985/1131/5776 995/1141/5777 994/1140/5778
f 988/1134/5779 997/1142/5780 987/1133/5781
f 987/1133/5782 997/1142/5783 996/1143/5784
f 989/1135/5785 998/1144/5786 988/1134/5787
f 988/1134/5788 998/1144/5789 997/1142/5790
f 990/1136/5791 999/1145/5792 989/1135/5793
f 989/1135/5794 999/1145/5795 998/1144/5796
f 990/1136/5797 991/1137/5798 999/1145/5799
f 999/1145/5800 991/1137/5801 1000/1146/5802
f 991/1137/5803 992/1138/5804 1000/1146/5805
f 1000/1146/5806 992/1138/5807 1001/1147/5808
f 993/1139/5809 1002/1148/5810 992/1138/5811
f 992/1138/5812 1002/1148/5813 1001/1147/5814
f 993/1139/5815 994/1140/5816 1002/1148/5817
f 1002/1148/5818 994/1140/5819 1003/1149/5820
f 994/1140/5821 995/1141/5822 1003/1149/5823
f 1003/1149/5824 995/1141/5825 1004/1150/5826
f 997/1142/5827 1006/1151/5828 996/1143/5829
f 996/1143/5830 1006/1151/5831 1005/1152/5832
f 998/1144/5833 1007/1153/5834 997/1142/5835
f 997/1142/5836 1007/1153/5837 1006/1151/5838
f 999/1145/5839 1008/1154/5840 998/1144/5841
f 998/1144/5842 1008/1154/5843 1007/1153/5844
f 999/1145/5845 1000/1146/5846 1008/1154/5847
f 1008/1154/5848 1000/1146/5849 1009/1155/5850
f 1001/1147/5851 1010/1156/5852 1000/1146/5853
f 1000/1146/5854 1010/1156/5855 1009/1155/5856
f 1002/1148/5857 1011/1157/5858 1001/1147/5859
f 1001/1147/5860 1011/1157/5861 1010/1156/5862
f 1002/1148/5863 1003/1149/5864 1011/1157/5865
f 1011/1157/5866 1003/1149/5867 1012/1158/5868
f 1003/1149/5869 1004/1150/5870 1012/1158/5871
f 1012/1158/5872 1004/1150/5873 1013/1159/5874
f 1005/1152/5875 1006/1151/5876 852/1160/5877
f 852/1160/5878 1006/1151/5879 853/1161/5880
f 1006/1151/5881 1007/1153/5882 853/1161/5883
f 853/1161/5884 1007/1153/5885 854/1162/5886
f 1007/1153/5887 1008/1154/5888 854/1162/5889
f 854/1162/5890 1008/1154/5891 855/1163/5892
f 1008/1154/5893 1009/1155/5894 855/1163/5895
f 855/1163/5896 1009/1155/5897 856/1164/5898
f 1009/1155/5899 1010/1156/5900 856/1164/5901
f 856/1164/5902 1010/1156/5903 857/1165/5904
f 1010/1156/5905 1011/1157/5906 857/1165/5907
f 857/1165/5908 1011/1157/5909 858/1166/5910
f 1011/1157/5911 1012/1158/5912 858/1166/5913
f 858/1166/5914 1012/1158/5915 859/1167/5916
f 1012/1158/5917 1013/1159/5918 859/1167/5919
f 859/1167/5920 1013/1159/5921 860/1168/5922
f 860/1014/5923 1013/1169/5924 869/1015/5925
f 869/1015/5926 1013/1169/5927 1004/1170/5928
f 869/1015/5929 1004/1170/5930 878/1024/5931
f 878/1024/5932 1004/1170/5933 995/1171/5934
f 878/1024/5935 995/1171/5936 887/1033/5937
f 887/1033/5938 995/1171/5939 986/1172/5940
f 887/1033/5941 986/1172/5942 896/1042/5943
f 896/1042/5944 986/1172/5945 977/1173/5946
f 896/1042/5947 977/1173/5948 905/1051/5949
f 905/1051/5950 977/1173/5951 968/1174/5952
f 905/1051/5953 968/1174/5954 914/1060/5955
f 914/1060/5956 968/1174/5957 959/1175/5958
f 914/1060/5959 959/1175/5960 923/1069/5961
f 923/1069/5962 959/1175/5963 950/1176/5964
f 923/1069/5965 950/1176/5966 932/1078/5967
f 932/1078/5968 950/1176/5969 941/1177/5970
f 1005/1178/5971 852/998/5972 996/1179/5973
f 996/1179/5974 852/998/5975 861/1000/5976
f 996/1179/5977 861/1000/5978 987/1180/5979
f 987/1180/5980 861/1000/5981 870/1016/5982
f 987/1180/5983 870/1016/5984 978/1181/5985
f 978/1181/5986 870/1016/5987 879/1026/5988
f 978/1181/5989 879/1026/5990 969/1182/5991
f 969/1182/5992 879/1026/5993 888/1034/5994
f 969/1182/5995 888/1034/5996 960/1183/5997
f 960/1183/5998 888/1034/5999 897/1043/6000
f 960/1183/6001 897/1043/6002 951/1184/6003
f 951/1184/6004 897/1043/6005 906/1053/6006
f 951/1184/6007 906/1053/6008 942/1185/6009
f 942/1185/6010 906/1053/6011 915/1062/6012
f 942/1185/6013 915/1062/6014 933/1186/6015
f 933/1186/6016 915/1062/6017 924/1071/6018
g default
v 0.303529 0.489822 -0.706312
v 0.214711 0.459876 -0.754174
v 0.229486 0.362968 -0.792471
v 0.327435 0.333022 -0.768278
v 0.373196 0.411422 -0.715029
v 0.284885 0.510787 -0.604878
v 0.134695 0.460148 -0.685811
v 0.159680 0.296278 -0.750570
v 0.325310 0.245640 -0.709661
v 0.402691 0.378213 -0.619618
v 0.311157 0.611126 -0.587044
v 0.061666 0.527006 -0.721488
v 0.103169 0.254790 -0.829065
v 0.378310 0.170670 -0.761107
v 0.506854 0.390898 -0.611530
v 0.346038 0.652174 -0.677457
v 0.096547 0.568054 -0.811901
v 0.138050 0.295838 -0.919478
v 0.413191 0.211719 -0.851520
v 0.541735 0.431946 -0.701943
v 0.341324 0.577204 -0.751169
v 0.191134 0.526566 -0.832102
v 0.216118 0.362696 -0.896861
v 0.381749 0.312057 -0.855952
v 0.459130 0.444631 -0.765909
vt 0.200000 1.000000
vt 0.000000 1.000000
vt 0.200000 0.800000
vt 0.000000 0.800000
vt 0.400000 1.000000
vt 0.400000 0.800000
vt 0.600000 1.000000
vt 0.600000 0.800000
vt 0.800000 1.000000
vt 0.800000 0.800000
vt 1.000000 1.000000
vt 1.000000 0.800000
vt 0.200000 0.600000
vt 0.000000 0.600000
vt 0.400000 0.600000
vt 0.600000 0.600000
vt 0.800000 0.600000
vt 1.000000 0.600000
vt 0.200000 0.400000
vt 0.000000 0.400000
vt 0.400000 0.400000
vt 0.600000 0.400000
vt 0.800000 0.400000
vt 1.000000 0.400000
vt 0.200000 0.200000
vt 0.000000 0.200000
vt 0.400000 0.200000
vt 0.600000 0.200000
vt 0.800000 0.200000
vt 1.000000 0.200000
vt 0.200000 0.000000
vt 0.000000 0.000000
vt 0.400000 0.000000
vt 0.600000 0.000000
vt 0.800000 0.000000
vt 1.000000 0.000000
vn 0.195705 -0.952617 0.232855
vn 0.195705 -0.952617 0.232855
vn 0.195705 -0.952617 0.232855
vn 0.195707 -0.952615 0.232858
vn 0.195707 -0.952615 0.232858
vn 0.195707 -0.952615 0.232858
vn 0.636374 -0.197642 0.745631
vn 0.636374 -0.197642 0.745631
vn 0.636374 -0.197642 0.745631
vn 0.636374 -0.197642 0.745631
vn 0.636374 -0.197642 0.745631
vn 0.636374 -0.197642 0.745631
vn -0.034504 0.557332 0.829572
vn -0.034504 0.557332 0.829572
vn -0.034504 0.557332 0.829572
vn -0.034504 0.557332 0.829572
vn -0.034504 0.557332 0.829572
vn -0.034504 0.557332 0.829572
vn -0.889797 0.268958 0.368678
vn -0.889797 0.268958 0.368678
vn -0.889797 0.268958 0.368678
vn -0.889797 0.268958 0.368678
vn -0.889797 0.268958 0.368678
vn -0.889797 0.268958 0.368678
vn -0.747518 -0.664241 -0.000111
vn -0.747519 -0.664241 -0.000111
vn -0.747519 -0.664241 -0.000111
vn -0.747519 -0.664241 -0.000111
vn -0.747519 -0.664241 -0.000111
vn -0.747519 -0.664241 -0.000111
vn -0.464764 -0.035557 0.884721
vn -0.464764 -0.035557 0.884721
vn -0.464764 -0.035557 0.884721
vn -0.464764 -0.035557 0.884721
vn -0.464764 -0.035557 0.884721
vn -0.464764 -0.035557 0.884721
vn -0.655265 -0.361933 0.663048
vn -0.655265 -0.361933 0.663048
vn -0.655265 -0.361933 0.663048
vn -0.655265 -0.361933 0.663048
vn -0.655265 -0.361933 0.663048
vn -0.655265 -0.361933 0.663048
vn -0.365243 -0.688309 0.626760
vn -0.365243 -0.688309 0.626760
vn -0.365243 -0.688309 0.626760
vn -0.365243 -0.688309 0.626760
vn -0.365243 -0.688309 0.626760
vn -0.365243 -0.688309 0.626760
vn 0.004501 -0.563644 0.826005
vn 0.004501 -0.563644 0.826005
vn 0.004501 -0.563644 0.826005
vn 0.004501 -0.563644 0.826005
vn 0.004501 -0.563644 0.826005
vn 0.004501 -0.563644 0.826005
vn -0.057006 -0.160221 0.985434
vn -0.057006 -0.160221 0.985434
vn -0.057006 -0.160221 0.985434
vn -0.057006 -0.160221 0.985434
vn -0.057006 -0.160221 0.985434
vn -0.057006 -0.160221 0.985434
vn -0.421822 0.875734 0.234853
vn -0.421822 0.875734 0.234853
vn -0.421822 0.875734 0.234853
vn -0.421822 0.875734 0.234853
vn -0.421822 0.875734 0.234853
vn -0.421822 0.875734 0.234853
vn -0.932976 0.000000 -0.359940
vn -0.932976 0.000000 -0.359940
vn -0.932976 0.000000 -0.359940
vn -0.932976 0.000000 -0.359940
vn -0.932976 0.000000 -0.359940
vn -0.932975 0.000000 -0.359940
vn -0.154788 -0.875734 -0.457308
vn -0.154788 -0.875734 -0.457308
vn -0.154788 -0.875734 -0.457308
vn -0.154788 -0.875734 -0.457308
vn -0.154788 -0.875734 -0.457308
vn -0.154788 -0.875734 -0.457308
vn 0.837311 -0.541233 0.077308
vn 0.837311 -0.541233 0.077308
vn 0.837311 -0.541233 0.077308
vn 0.837311 -0.541233 0.077308
vn 0.837311 -0.541233 0.077308
vn 0.837311 -0.541233 0.077308
vn 0.672275 0.541233 0.505087
vn 0.672275 0.541233 0.505087
vn 0.672275 0.541233 0.505087
vn 0.672275 0.541233 0.505087
vn 0.672275 0.541233 0.505087
vn 0.672275 0.541233 0.505087
vn 0.150347 0.688309 -0.709667
vn 0.150347 0.688309 -0.709667
vn 0.150347 0.688309 -0.709667
vn 0.150347 0.688309 -0.709667
vn 0.150347 0.688309 -0.709667
vn 0.150347 0.688309 -0.709667
vn -0.040154 0.361933 -0.931339
vn -0.040154 0.361933 -0.931339
vn -0.040154 0.361933 -0.931339
vn -0.040154 0.361933 -0.931339
vn -0.040154 0.361933 -0.931339
vn -0.040154 0.361933 -0.931339
vn 0.249868 0.035557 -0.967627
vn 0.249867 0.035557 -0.967627
vn 0.249868 0.035557 -0.967627
vn 0.249868 0.035557 -0.967627
vn 0.249867 0.035557 -0.967627
vn 0.249867 0.035557 -0.967627
vn 0.619612 0.160221 -0.768382
vn 0.619612 0.160221 -0.768382
vn 0.619612 0.160221 -0.768382
vn 0.619612 0.160221 -0.768382
vn 0.619612 0.160221 -0.768382
vn 0.619612 0.160221 -0.768382
vn 0.558105 0.563644 -0.608954
vn 0.558105 0.563644 -0.608954
vn 0.558105 0.563644 -0.608954
vn 0.558105 0.563644 -0.608954
vn 0.558105 0.563644 -0.608954
vn 0.558105 0.563644 -0.608954
vn 0.531602 -0.557332 -0.637793
vn 0.531602 -0.557332 -0.637793
vn 0.531602 -0.557332 -0.637793
vn 0.531602 -0.557332 -0.637793
vn 0.531602 -0.557332 -0.637793
vn 0.531602 -0.557332 -0.637793
vn 0.972269 0.197641 -0.125020
vn 0.972269 0.197642 -0.125020
vn 0.972269 0.197642 -0.125020
vn 0.972269 0.197642 -0.125020
vn 0.972269 0.197642 -0.125020
vn 0.972269 0.197642 -0.125020
vn 0.301391 0.952615 -0.041079
vn 0.301391 0.952615 -0.041079
vn 0.301391 0.952615 -0.041079
vn 0.301391 0.952615 -0.041079
vn 0.301391 0.952615 -0.041079
vn 0.301391 0.952615 -0.041079
vn -0.553901 0.664241 -0.501973
vn -0.553901 0.664241 -0.501973
vn -0.553901 0.664241 -0.501973
vn -0.553901 0.664241 -0.501973
vn -0.553901 0.664241 -0.501973
vn -0.553901 0.664241 -0.501973
vn -0.411624 -0.268958 -0.870763
vn -0.411623 -0.268958 -0.870763
vn -0.411623 -0.268958 -0.870763
vn -0.411623 -0.268958 -0.870763
vn -0.411623 -0.268958 -0.870763
vn -0.411623 -0.268958 -0.870763
s off
g item_bomb:group1pTorus2
usemtl item_bomb:lambert5SG
f 1015/1187/6019 1014/1188/6020 1020/1189/6021
f 1020/1189/6022 1014/1188/6023 1019/1190/6024
f 1016/1191/6025 1015/1187/6026 1021/1192/6027
f 1021/1192/6028 1015/1187/6029 1020/1189/6030
f 1017/1193/6031 1016/1191/6032 1022/1194/6033
f 1022/1194/6034 1016/1191/6035 1021/1192/6036
f 1018/1195/6037 1017/1193/6038 1023/1196/6039
f 1023/1196/6040 1017/1193/6041 1022/1194/6042
f 1014/1197/6043 1018/1195/6044 1019/1198/6045
f 1019/1198/6046 1018/1195/6047 1023/1196/6048
f 1020/1189/6049 1019/1190/6050 1025/1199/6051
f 1025/1199/6052 1019/1190/6053 1024/1200/6054
f 1021/1192/6055 1020/1189/6056 1026/1201/6057
f 1026/1201/6058 1020/1189/6059 1025/1199/6060
f 1022/1194/6061 1021/1192/6062 1027/1202/6063
f 1027/1202/6064 1021/1192/6065 1026/1201/6066
f 1023/1196/6067 1022/1194/6068 1028/1203/6069
f 1028/1203/6070 1022/1194/6071 1027/1202/6072
f 1019/1198/6073 1023/1196/6074 1024/1204/6075
f 1024/1204/6076 1023/1196/6077 1028/1203/6078
f 1025/1199/6079 1024/1200/6080 1030/1205/6081
f 1030/1205/6082 1024/1200/6083 1029/1206/6084
f 1026/1201/6085 1025/1199/6086 1031/1207/6087
f 1031/1207/6088 1025/1199/6089 1030/1205/6090
f 1027/1202/6091 1026/1201/6092 1032/1208/6093
f 1032/1208/6094 1026/1201/6095 1031/1207/6096
f 1028/1203/6097 1027/1202/6098 1033/1209/6099
f 1033/1209/6100 1027/1202/6101 1032/1208/6102
f 1024/1204/6103 1028/1203/6104 1029/1210/6105
f 1029/1210/6106 1028/1203/6107 1033/1209/6108
f 1030/1205/6109 1029/1206/6110 1035/1211/6111
f 1035/1211/6112 1029/1206/6113 1034/1212/6114
f 1031/1207/6115 1030/1205/6116 1036/1213/6117
f 1036/1213/6118 1030/1205/6119 1035/1211/6120
f 1032/1208/6121 1031/1207/6122 1037/1214/6123
f 1037/1214/6124 1031/1207/6125 1036/1213/6126
f 1033/1209/6127 1032/1208/6128 1038/1215/6129
f 1038/1215/6130 1032/1208/6131 1037/1214/6132
f 1029/1210/6133 1033/1209/6134 1034/1216/6135
f 1034/1216/6136 1033/1209/6137 1038/1215/6138
f 1035/1211/6139 1034/1212/6140 1015/1217/6141
f 1015/1217/6142 1034/1212/6143 1014/1218/6144
f 1036/1213/6145 1035/1211/6146 1016/1219/6147
f 1016/1219/6148 1035/1211/6149 1015/1217/6150
f 1037/1214/6151 1036/1213/6152 1017/1220/6153
f 1017/1220/6154 1036/1213/6155 1016/1219/6156
f 1038/1215/6157 1037/1214/6158 1018/1221/6159
f 1018/1221/6160 1037/1214/6161 1017/1220/6162
f 1034/1216/6163 1038/1215/6164 1014/1222/6165
f 1014/1222/6166 1038/1215/6167 1018/1221/6168
g default
v 0.295429 -0.312483 -0.155876
v 0.189533 -0.301554 -0.276044
v 0.038401 -0.285956 -0.309427
v -0.118312 -0.269782 -0.313621
v -0.249737 -0.256219 -0.222423
v -0.300015 -0.251030 -0.074595
v -0.323951 -0.248559 0.080271
v -0.249737 -0.256219 0.222423
v -0.118312 -0.269782 0.313621
v 0.038401 -0.285956 0.309427
v 0.189532 -0.301554 0.276044
v 0.295429 -0.312483 0.155877
v 0.311081 -0.314098 0.000000
v 0.363109 -0.209223 -0.185646
v 0.236988 -0.196207 -0.328763
v 0.056001 -0.185324 -0.368522
v -0.129650 -0.158368 -0.373518
v -0.286175 -0.142213 -0.264902
v -0.347047 -0.143727 -0.088841
v -0.374562 -0.133091 0.095601
v -0.286175 -0.142213 0.264902
v -0.129650 -0.158368 0.373518
v 0.056000 -0.185324 0.368522
v 0.236988 -0.196207 0.328763
v 0.363108 -0.209223 0.185646
v 0.380757 -0.218840 0.000000
v 0.517781 -0.157051 -0.263584
v 0.338712 -0.138570 -0.466785
v 0.081153 -0.124603 -0.523235
v -0.181848 -0.084846 -0.530328
v -0.404086 -0.061910 -0.376114
v -0.491102 -0.065543 -0.126138
v -0.529579 -0.048958 0.135736
v -0.404086 -0.061910 0.376114
v -0.181849 -0.084846 0.530328
v 0.081153 -0.124603 0.523235
v 0.338712 -0.138570 0.466785
v 0.517781 -0.157051 0.263585
v 0.542249 -0.172190 0.000000
v 0.700366 -0.175895 -0.359921
v 0.455849 -0.150660 -0.637389
v 0.104250 -0.126987 -0.714472
v -0.254970 -0.077299 -0.724157
v -0.558432 -0.045980 -0.513579
v -0.677157 -0.046341 -0.172240
v -0.729792 -0.028295 0.185346
v -0.558432 -0.045980 0.513579
v -0.254970 -0.077299 0.724157
v 0.104250 -0.126986 0.714472
v 0.455849 -0.150660 0.637389
v 0.700366 -0.175895 0.359922
v 0.733872 -0.191967 0.000000
v 0.841122 -0.258557 -0.437860
v 0.543658 -0.227857 -0.775411
v 0.116471 -0.191565 -0.869185
v -0.321083 -0.138611 -0.880968
v -0.690259 -0.100510 -0.624791
v -0.834144 -0.093456 -0.209537
v -0.898725 -0.078995 0.225482
v -0.690259 -0.100510 0.624791
v -0.321084 -0.138611 0.880967
v 0.116471 -0.191564 0.869185
v 0.543658 -0.227857 0.775411
v 0.841122 -0.258557 0.437860
v 0.882433 -0.270616 0.000000
v 0.886286 -0.373462 -0.467629
v 0.568598 -0.340675 -0.828131
v 0.113147 -0.293670 -0.928280
v -0.354937 -0.245361 -0.940864
v -0.749212 -0.204670 -0.667270
v -0.902100 -0.188891 -0.223784
v -0.971852 -0.181692 0.240812
v -0.749212 -0.204670 0.667270
v -0.354937 -0.245361 0.940864
v 0.113146 -0.293670 0.928280
v 0.568597 -0.340675 0.828131
v 0.886286 -0.373462 0.467630
v 0.931186 -0.378096 0.000000
v 0.818607 -0.476722 -0.437860
v 0.521142 -0.446022 -0.775411
v 0.095547 -0.394303 -0.869185
v -0.343599 -0.356776 -0.880968
v -0.712775 -0.318675 -0.624791
v -0.855068 -0.296194 -0.209537
v -0.921241 -0.297160 0.225482
v -0.712775 -0.318675 0.624791
v -0.343600 -0.356776 0.880967
v 0.095547 -0.394303 0.869185
v 0.521142 -0.446022 0.775411
v 0.818606 -0.476722 0.437860
v 0.861509 -0.473354 0.000000
v 0.663934 -0.528894 -0.359921
v 0.419418 -0.503658 -0.637389
v 0.070395 -0.455024 -0.714472
v -0.291401 -0.430298 -0.724157
v -0.594864 -0.398979 -0.513579
v -0.711012 -0.374378 -0.172240
v -0.766223 -0.381294 0.185346
v -0.594864 -0.398979 0.513579
v -0.291401 -0.430298 0.724157
v 0.070395 -0.455024 0.714472
v 0.419418 -0.503658 0.637389
v 0.663934 -0.528894 0.359922
v 0.700017 -0.520004 0.000000
v 0.481349 -0.510050 -0.263584
v 0.302281 -0.491569 -0.466785
v 0.047298 -0.452640 -0.523235
v -0.218280 -0.437845 -0.530328
v -0.440517 -0.414908 -0.376114
v -0.524958 -0.393580 -0.126138
v -0.566011 -0.401957 0.135736
v -0.440518 -0.414908 0.376114
v -0.218280 -0.437845 0.530328
v 0.047297 -0.452640 0.523235
v 0.302280 -0.491569 0.466785
v 0.481349 -0.510050 0.263585
v 0.508394 -0.500227 0.000000
v 0.340593 -0.427388 -0.185646
v 0.214472 -0.414372 -0.328763
v 0.035077 -0.388062 -0.368522
v -0.152166 -0.376533 -0.373518
v -0.308691 -0.360379 -0.264902
v -0.367970 -0.346465 -0.088841
v -0.397078 -0.351257 0.095601
v -0.308691 -0.360379 0.264902
v -0.152166 -0.376533 0.373518
v 0.035077 -0.388062 0.368522
v 0.214472 -0.414372 0.328763
v 0.340593 -0.427388 0.185646
v 0.359834 -0.421578 0.000000
vt 0.076923 1.000000
vt 0.000000 1.000000
vt 0.076923 0.900000
vt 0.000000 0.900000
vt 0.153846 1.000000
vt 0.153846 0.900000
vt 0.230769 1.000000
vt 0.230769 0.900000
vt 0.307692 1.000000
vt 0.307692 0.900000
vt 0.384615 1.000000
vt 0.384615 0.900000
vt 0.461538 1.000000
vt 0.461538 0.900000
vt 0.538462 1.000000
vt 0.538462 0.900000
vt 0.615385 1.000000
vt 0.615385 0.900000
vt 0.692308 1.000000
vt 0.692308 0.900000
vt 0.769231 1.000000
vt 0.769231 0.900000
vt 0.846154 1.000000
vt 0.846154 0.900000
vt 0.923077 1.000000
vt 0.923077 0.900000
vt 1.000000 1.000000
vt 1.000000 0.900000
vt 0.076923 0.800000
vt 0.000000 0.800000
vt 0.153846 0.800000
vt 0.230769 0.800000
vt 0.307692 0.800000
vt 0.384615 0.800000
vt 0.461538 0.800000
vt 0.538462 0.800000
vt 0.615385 0.800000
vt 0.692308 0.800000
vt 0.769231 0.800000
vt 0.846154 0.800000
vt 0.923077 0.800000
vt 1.000000 0.800000
vt 0.076923 0.700000
vt 0.000000 0.700000
vt 0.153846 0.700000
vt 0.230769 0.700000
vt 0.307692 0.700000
vt 0.384615 0.700000
vt 0.461538 0.700000
vt 0.538462 0.700000
vt 0.615385 0.700000
vt 0.692308 0.700000
vt 0.769231 0.700000
vt 0.846154 0.700000
vt 0.923077 0.700000
vt 1.000000 0.700000
vt 0.076923 0.600000
vt 0.000000 0.600000
vt 0.153846 0.600000
vt 0.230769 0.600000
vt 0.307692 0.600000
vt 0.384615 0.600000
vt 0.461538 0.600000
vt 0.538462 0.600000
vt 0.615385 0.600000
vt 0.692308 0.600000
vt 0.769231 0.600000
vt 0.846154 0.600000
vt 0.923077 0.600000
vt 1.000000 0.600000
vt 0.076923 0.500000
vt 0.000000 0.500000
vt 0.153846 0.500000
vt 0.230769 0.500000
vt 0.307692 0.500000
vt 0.384615 0.500000
vt 0.461538 0.500000
vt 0.538462 0.500000
vt 0.615385 0.500000
vt 0.692308 0.500000
vt 0.769231 0.500000
vt 0.846154 0.500000
vt 0.923077 0.500000
vt 1.000000 0.500000
vt 0.076923 0.400000
vt 0.000000 0.400000
vt 0.153846 0.400000
vt 0.230769 0.400000
vt 0.307692 0.400000
vt 0.384615 0.400000
vt 0.461538 0.400000
vt 0.538462 0.400000
vt 0.615385 0.400000
vt 0.692308 0.400000
vt 0.769231 0.400000
vt 0.846154 0.400000
vt 0.923077 0.400000
vt 1.000000 0.400000
vt 0.076923 0.300000
vt 0.000000 0.300000
vt 0.153846 0.300000
vt 0.230769 0.300000
vt 0.307692 0.300000
vt 0.384615 0.300000
vt 0.461538 0.300000
vt 0.538462 0.300000
vt 0.615385 0.300000
vt 0.692308 0.300000
vt 0.769231 0.300000
vt 0.846154 0.300000
vt 0.923077 0.300000
vt 1.000000 0.300000
vt 0.076923 0.200000
vt 0.000000 0.200000
vt 0.153846 0.200000
vt 0.230769 0.200000
vt 0.307692 0.200000
vt 0.384615 0.200000
vt 0.461538 0.200000
vt 0.538462 0.200000
vt 0.615385 0.200000
vt 0.692308 0.200000
vt 0.769231 0.200000
vt 0.846154 0.200000
vt 0.923077 0.200000
vt 1.000000 0.200000
vt 0.076923 0.100000
vt 0.000000 0.100000
vt 0.153846 0.100000
vt 0.230769 0.100000
vt 0.307692 0.100000
vt 0.384615 0.100000
vt 0.461538 0.100000
vt 0.538462 0.100000
vt 0.615385 0.100000
vt 0.692308 0.100000
vt 0.769231 0.100000
vt 0.846154 0.100000
vt 0.923077 0.100000
vt 1.000000 0.100000
vt 0.076923 -0.000000
vt 0.000000 -0.000000
vt 0.153846 -0.000000
vt 0.230769 -0.000000
vt 0.307692 -0.000000
vt 0.384615 -0.000000
vt 0.461538 -0.000000
vt 0.538462 -0.000000
vt 0.615385 -0.000000
vt 0.692308 -0.000000
vt 0.769231 -0.000000
vt 0.846154 -0.000000
vt 0.923077 -0.000000
vt 1.000000 -0.000000
vn -0.596997 0.557577 0.576804
vn -0.596997 0.557577 0.576804
vn -0.596997 0.557577 0.576804
vn -0.397447 0.547543 0.736364
vn -0.727579 0.587453 0.354299
vn -0.725151 0.581578 0.368677
vn -0.051759 0.512418 0.857175
vn -0.380386 0.551741 0.742218
vn -0.054345 0.498015 0.865464
vn -0.054345 0.498015 0.865464
vn -0.380386 0.551741 0.742218
vn -0.397447 0.547543 0.736364
vn -0.051759 0.512418 0.857175
vn -0.054345 0.498015 0.865464
vn 0.304905 0.481080 0.821946
vn 0.304905 0.481080 0.821946
vn -0.054345 0.498015 0.865464
vn 0.319529 0.473708 0.820672
vn 0.735330 0.436811 0.518156
vn 0.304905 0.481080 0.821946
vn 0.726644 0.431455 0.534635
vn 0.726644 0.431455 0.534635
vn 0.304905 0.481080 0.821946
vn 0.319529 0.473708 0.820672
vn 0.885732 0.415664 0.206644
vn 0.735330 0.436811 0.518156
vn 0.892617 0.399568 0.208761
vn 0.892617 0.399568 0.208761
vn 0.735330 0.436811 0.518156
vn 0.726644 0.431455 0.534635
vn 0.885732 0.415664 0.206644
vn 0.892617 0.399568 0.208761
vn 0.894659 0.420452 -0.151016
vn 0.894659 0.420452 -0.151016
vn 0.892617 0.399568 0.208761
vn 0.894688 0.414320 -0.166951
vn 0.688582 0.435990 -0.579455
vn 0.894659 0.420452 -0.151016
vn 0.689755 0.435876 -0.578143
vn 0.689755 0.435876 -0.578143
vn 0.894659 0.420452 -0.151016
vn 0.894688 0.414320 -0.166951
vn 0.293581 0.482160 -0.825428
vn 0.688582 0.435990 -0.579455
vn 0.310577 0.474420 -0.823691
vn 0.310577 0.474420 -0.823691
vn 0.688582 0.435990 -0.579455
vn 0.689755 0.435876 -0.578143
vn -0.051758 0.512418 -0.857175
vn 0.293581 0.482160 -0.825428
vn -0.054344 0.498015 -0.865464
vn -0.054344 0.498015 -0.865464
vn 0.293581 0.482160 -0.825428
vn 0.310577 0.474420 -0.823691
vn -0.051758 0.512418 -0.857175
vn -0.054344 0.498015 -0.865464
vn -0.390503 0.552860 -0.736107
vn -0.390503 0.552860 -0.736107
vn -0.054344 0.498015 -0.865464
vn -0.405347 0.548559 -0.731284
vn -0.732378 0.587872 -0.343552
vn -0.390503 0.552860 -0.736107
vn -0.729210 0.581801 -0.360223
vn -0.729210 0.581801 -0.360223
vn -0.390503 0.552860 -0.736107
vn -0.405347 0.548559 -0.731284
vn -0.807128 0.590376 -0.000000
vn -0.732378 0.587872 -0.343552
vn -0.816564 0.577255 -0.000000
vn -0.816564 0.577255 -0.000000
vn -0.732378 0.587872 -0.343552
vn -0.729210 0.581801 -0.360223
vn -0.807128 0.590376 -0.000000
vn -0.816564 0.577255 -0.000000
vn -0.727579 0.587453 0.354299
vn -0.727579 0.587453 0.354299
vn -0.816564 0.577255 -0.000000
vn -0.725151 0.581578 0.368677
vn -0.100565 0.942816 0.317781
vn -0.237174 0.956960 0.167258
vn -0.113343 0.943768 0.310572
vn -0.113343 0.943768 0.310572
vn -0.237174 0.956960 0.167258
vn -0.233128 0.956131 0.177381
vn 0.050249 0.926892 0.371950
vn -0.100565 0.942816 0.317781
vn 0.049680 0.925621 0.375177
vn 0.049680 0.925621 0.375177
vn -0.100565 0.942816 0.317781
vn -0.113343 0.943768 0.310572
vn 0.050249 0.926892 0.371950
vn 0.049680 0.925621 0.375177
vn 0.219155 0.909917 0.352168
vn 0.219155 0.909917 0.352168
vn 0.049680 0.925621 0.375177
vn 0.230051 0.908331 0.349301
vn 0.386198 0.892632 0.232506
vn 0.219155 0.909917 0.352168
vn 0.377297 0.893128 0.244887
vn 0.377297 0.893128 0.244887
vn 0.219155 0.909917 0.352168
vn 0.230051 0.908331 0.349301
vn 0.457054 0.884907 0.089669
vn 0.386198 0.892632 0.232506
vn 0.460443 0.883058 0.090558
vn 0.460443 0.883058 0.090558
vn 0.386198 0.892632 0.232506
vn 0.377297 0.893128 0.244887
vn 0.457054 0.884907 0.089669
vn 0.460443 0.883058 0.090558
vn 0.457952 0.885320 -0.080552
vn 0.457952 0.885320 -0.080552
vn 0.460443 0.883058 0.090558
vn 0.456430 0.884968 -0.092208
vn 0.367406 0.894111 -0.256083
vn 0.457952 0.885320 -0.080552
vn 0.369535 0.893917 -0.253686
vn 0.369535 0.893917 -0.253686
vn 0.457952 0.885320 -0.080552
vn 0.456430 0.884968 -0.092208
vn 0.208843 0.910892 -0.355894
vn 0.367406 0.894111 -0.256083
vn 0.223074 0.909045 -0.351958
vn 0.223074 0.909045 -0.351958
vn 0.367406 0.894111 -0.256083
vn 0.369535 0.893917 -0.253686
vn 0.050249 0.926892 -0.371950
vn 0.208843 0.910892 -0.355894
vn 0.049681 0.925621 -0.375177
vn 0.049681 0.925621 -0.375177
vn 0.208843 0.910892 -0.355894
vn 0.223074 0.909045 -0.351958
vn 0.050249 0.926892 -0.371950
vn 0.049681 0.925621 -0.375177
vn -0.109643 0.943835 -0.311695
vn -0.109643 0.943835 -0.311695
vn 0.049681 0.925621 -0.375177
vn -0.119460 0.944401 -0.306328
vn -0.242077 0.957385 -0.157520
vn -0.109643 0.943835 -0.311695
vn -0.236565 0.956486 -0.170798
vn -0.236565 0.956486 -0.170798
vn -0.109643 0.943835 -0.311695
vn -0.119460 0.944401 -0.306328
vn -0.277522 0.960719 -0.000000
vn -0.242077 0.957385 -0.157520
vn -0.280551 0.959839 -0.000000
vn -0.280551 0.959839 -0.000000
vn -0.242077 0.957385 -0.157520
vn -0.236565 0.956486 -0.170798
vn -0.277522 0.960719 -0.000000
vn -0.280551 0.959839 -0.000000
vn -0.237174 0.956960 0.167258
vn -0.237174 0.956960 0.167258
vn -0.280551 0.959839 -0.000000
vn -0.233128 0.956131 0.177381
vn 0.083289 0.996477 -0.009786
vn 0.109225 0.993847 0.018371
vn 0.087437 0.996114 -0.010552
vn 0.087437 0.996114 -0.010552
vn 0.109225 0.993847 0.018371
vn 0.110497 0.993763 0.015040
vn 0.102650 0.994718 -0.000001
vn 0.083289 0.996477 -0.009786
vn 0.103668 0.994577 -0.008291
vn 0.103668 0.994577 -0.008291
vn 0.083289 0.996477 -0.009786
vn 0.087437 0.996114 -0.010552
vn 0.102650 0.994718 -0.000001
vn 0.103668 0.994577 -0.008291
vn 0.121572 0.992573 -0.004362
vn 0.121572 0.992573 -0.004362
vn 0.103668 0.994577 -0.008291
vn 0.118413 0.992946 -0.006011
vn 0.090632 0.995719 0.018133
vn 0.121572 0.992573 -0.004362
vn 0.090411 0.995808 0.013880
vn 0.090411 0.995808 0.013880
vn 0.121572 0.992573 -0.004362
vn 0.118413 0.992946 -0.006011
vn 0.102660 0.994717 0.000002
vn 0.090632 0.995719 0.018133
vn 0.094592 0.995514 -0.002001
vn 0.094592 0.995514 -0.002001
vn 0.090632 0.995719 0.018133
vn 0.090411 0.995808 0.013880
vn 0.102660 0.994717 0.000002
vn 0.094592 0.995514 -0.002001
vn 0.100617 0.994735 -0.019474
vn 0.100617 0.994735 -0.019474
vn 0.094592 0.995514 -0.002001
vn 0.098609 0.994990 -0.016465
vn 0.102660 0.994717 0.000000
vn 0.100617 0.994735 -0.019474
vn 0.102660 0.994717 0.000000
vn 0.102660 0.994717 0.000000
vn 0.100617 0.994735 -0.019474
vn 0.098609 0.994990 -0.016465
vn 0.123678 0.992311 0.004848
vn 0.102660 0.994717 0.000000
vn 0.119868 0.992768 0.006567
vn 0.119868 0.992768 0.006567
vn 0.102660 0.994717 0.000000
vn 0.102660 0.994717 0.000000
vn 0.102650 0.994718 0.000001
vn 0.123678 0.992311 0.004848
vn 0.103668 0.994577 0.008291
vn 0.103668 0.994577 0.008291
vn 0.123678 0.992311 0.004848
vn 0.119868 0.992768 0.006567
vn 0.102650 0.994718 0.000001
vn 0.103668 0.994577 0.008291
vn 0.085241 0.996321 0.008801
vn 0.085241 0.996321 0.008801
vn 0.103668 0.994577 0.008291
vn 0.088730 0.996009 0.009656
vn 0.109956 0.993727 -0.020424
vn 0.085241 0.996321 0.008801
vn 0.111220 0.993660 -0.016430
vn 0.111220 0.993660 -0.016430
vn 0.085241 0.996321 0.008801
vn 0.088730 0.996009 0.009656
vn 0.102660 0.994717 0.000000
vn 0.109956 0.993727 -0.020424
vn 0.110967 0.993824 0.000000
vn 0.110967 0.993824 0.000000
vn 0.109956 0.993727 -0.020424
vn 0.111220 0.993660 -0.016430
vn 0.102660 0.994717 0.000000
vn 0.110967 0.993824 0.000000
vn 0.109225 0.993847 0.018371
vn 0.109225 0.993847 0.018371
vn 0.110967 0.993824 0.000000
vn 0.110497 0.993763 0.015040
vn 0.265747 0.905260 -0.331487
vn 0.438946 0.887647 -0.139319
vn 0.275645 0.902960 -0.329672
vn 0.275645 0.902960 -0.329672
vn 0.438946 0.887647 -0.139319
vn 0.438653 0.886400 -0.147912
vn 0.140107 0.917618 -0.371951
vn 0.265747 0.905260 -0.331487
vn 0.141021 0.912733 -0.383446
vn 0.141021 0.912733 -0.383446
vn 0.265747 0.905260 -0.331487
vn 0.275645 0.902960 -0.329672
vn 0.140107 0.917618 -0.371951
vn 0.141021 0.912733 -0.383446
vn -0.000248 0.932968 -0.359959
vn -0.000248 0.932968 -0.359959
vn 0.141021 0.912733 -0.383446
vn -0.009105 0.932599 -0.360799
vn -0.211988 0.954553 -0.209497
vn -0.000248 0.932968 -0.359959
vn -0.208992 0.952959 -0.219526
vn -0.208992 0.952959 -0.219526
vn -0.000248 0.932968 -0.359959
vn -0.009105 0.932599 -0.360799
vn -0.266691 0.959602 -0.089668
vn -0.211988 0.954553 -0.209497
vn -0.278514 0.955970 -0.092478
vn -0.278514 0.955970 -0.092478
vn -0.211988 0.954553 -0.209497
vn -0.208992 0.952959 -0.219526
vn -0.266691 0.959602 -0.089668
vn -0.278514 0.955970 -0.092478
vn -0.271729 0.960994 0.051512
vn -0.271729 0.960994 0.051512
vn -0.278514 0.955970 -0.092478
vn -0.273753 0.959906 0.060331
vn -0.179270 0.950558 0.253580
vn -0.271729 0.960994 0.051512
vn -0.179950 0.950634 0.252811
vn -0.179950 0.950634 0.252811
vn -0.271729 0.960994 0.051512
vn -0.273753 0.959906 0.060331
vn 0.008973 0.931740 0.363014
vn -0.179270 0.950558 0.253580
vn -0.001389 0.931539 0.363638
vn -0.001389 0.931539 0.363638
vn -0.179270 0.950558 0.253580
vn -0.179950 0.950634 0.252811
vn 0.140107 0.917618 0.371951
vn 0.008973 0.931740 0.363014
vn 0.141021 0.912734 0.383445
vn 0.141021 0.912734 0.383445
vn 0.008973 0.931740 0.363014
vn -0.001389 0.931539 0.363638
vn 0.140107 0.917618 0.371951
vn 0.141021 0.912734 0.383445
vn 0.274026 0.904677 0.326297
vn 0.274026 0.904677 0.326297
vn 0.141021 0.912734 0.383445
vn 0.282510 0.902512 0.325054
vn 0.443040 0.886954 0.130490
vn 0.274026 0.904677 0.326297
vn 0.442351 0.885760 0.140554
vn 0.442351 0.885760 0.140554
vn 0.274026 0.904677 0.326297
vn 0.282510 0.902512 0.325054
vn 0.467885 0.883790 0.000000
vn 0.443040 0.886954 0.130490
vn 0.478802 0.877923 0.000000
vn 0.478802 0.877923 0.000000
vn 0.443040 0.886954 0.130490
vn 0.442351 0.885760 0.140554
vn 0.467885 0.883790 0.000000
vn 0.478802 0.877923 0.000000
vn 0.438946 0.887647 -0.139319
vn 0.438946 0.887647 -0.139319
vn 0.478802 0.877923 0.000000
vn 0.438653 0.886400 -0.147912
vn 0.483462 0.459339 -0.745166
vn 0.836839 0.422982 -0.347545
vn 0.487766 0.455755 -0.744561
vn 0.487766 0.455755 -0.744561
vn 0.836839 0.422982 -0.347545
vn 0.836591 0.419962 -0.351776
vn 0.155318 0.491047 -0.857175
vn 0.483462 0.459339 -0.745166
vn 0.155043 0.482740 -0.861930
vn 0.155043 0.482740 -0.861930
vn 0.483462 0.459339 -0.745166
vn 0.487766 0.455755 -0.744561
vn 0.155318 0.491047 -0.857175
vn 0.155043 0.482740 -0.861930
vn -0.195365 0.529517 -0.825496
vn -0.195365 0.529517 -0.825496
vn 0.155043 0.482740 -0.861930
vn -0.200005 0.526913 -0.826051
vn -0.632654 0.574536 -0.519285
vn -0.195365 0.529517 -0.825496
vn -0.631745 0.571255 -0.523991
vn -0.631745 0.571255 -0.523991
vn -0.195365 0.529517 -0.825496
vn -0.200005 0.526913 -0.826051
vn -0.782168 0.587802 -0.206644
vn -0.632654 0.574536 -0.519285
vn -0.787733 0.579907 -0.207809
vn -0.787733 0.579907 -0.207809
vn -0.632654 0.574536 -0.519285
vn -0.631745 0.571255 -0.523991
vn -0.782168 0.587802 -0.206644
vn -0.787733 0.579907 -0.207809
vn -0.793058 0.591232 0.146643
vn -0.793058 0.591232 0.146643
vn -0.787733 0.579907 -0.207809
vn -0.794454 0.588246 0.151028
vn -0.587641 0.567716 0.576521
vn -0.793058 0.591232 0.146643
vn -0.587816 0.567735 0.576323
vn -0.587816 0.567735 0.576323
vn -0.793058 0.591232 0.146643
vn -0.794454 0.588246 0.151028
vn -0.188740 0.528688 0.827566
vn -0.587641 0.567716 0.576521
vn -0.193752 0.526067 0.828078
vn -0.193752 0.526067 0.828078
vn -0.587641 0.567716 0.576521
vn -0.587816 0.567735 0.576323
vn 0.155318 0.491047 0.857175
vn -0.188740 0.528688 0.827566
vn 0.155043 0.482740 0.861930
vn 0.155043 0.482740 0.861930
vn -0.188740 0.528688 0.827566
vn -0.193752 0.526067 0.828078
vn 0.155318 0.491047 0.857175
vn 0.155043 0.482740 0.861930
vn 0.489425 0.458866 0.741556
vn 0.489425 0.458866 0.741556
vn 0.155043 0.482740 0.861930
vn 0.493388 0.455373 0.741082
vn 0.839666 0.422549 0.341194
vn 0.489425 0.458866 0.741556
vn 0.839325 0.419484 0.345785
vn 0.839325 0.419484 0.345785
vn 0.489425 0.458866 0.741556
vn 0.493388 0.455373 0.741082
vn 0.910691 0.413088 0.000000
vn 0.839666 0.422549 0.341194
vn 0.914555 0.404461 0.000000
vn 0.914555 0.404461 0.000000
vn 0.839666 0.422549 0.341194
vn 0.839325 0.419484 0.345785
vn 0.910691 0.413088 0.000000
vn 0.914555 0.404461 0.000000
vn 0.836839 0.422982 -0.347545
vn 0.836839 0.422982 -0.347545
vn 0.914555 0.404461 0.000000
vn 0.836591 0.419962 -0.351776
vn 0.389986 -0.546542 -0.741083
vn 0.735960 -0.582062 -0.345784
vn 0.385392 -0.549151 -0.741556
vn 0.385392 -0.549151 -0.741556
vn 0.735960 -0.582062 -0.345784
vn 0.735668 -0.585132 -0.341194
vn 0.389986 -0.546542 -0.741083
vn 0.385392 -0.549151 -0.741556
vn 0.053183 -0.504230 -0.861930
vn 0.053183 -0.504230 -0.861930
vn 0.385392 -0.549151 -0.741556
vn 0.051755 -0.512418 -0.857175
vn -0.297109 -0.475408 -0.828078
vn 0.053183 -0.504230 -0.861930
vn -0.292738 -0.478997 -0.827566
vn -0.292738 -0.478997 -0.827566
vn 0.053183 -0.504230 -0.861930
vn 0.051755 -0.512418 -0.857175
vn -0.730997 -0.430815 -0.529189
vn -0.297109 -0.475408 -0.828078
vn -0.732382 -0.433803 -0.524815
vn -0.732382 -0.433803 -0.524815
vn -0.297109 -0.475408 -0.828078
vn -0.292738 -0.478997 -0.827566
vn -0.730997 -0.430815 -0.529189
vn -0.732382 -0.433803 -0.524815
vn -0.889566 -0.406801 -0.207809
vn -0.889566 -0.406801 -0.207809
vn -0.732382 -0.433803 -0.524815
vn -0.885731 -0.415666 -0.206644
vn -0.899075 -0.413261 0.144497
vn -0.889566 -0.406801 -0.207809
vn -0.898321 -0.416525 0.139739
vn -0.898321 -0.416525 0.139739
vn -0.889566 -0.406801 -0.207809
vn -0.885731 -0.415666 -0.206644
vn -0.697974 -0.435035 0.568838
vn -0.899075 -0.413261 0.144497
vn -0.698149 -0.435016 0.568638
vn -0.698149 -0.435016 0.568638
vn -0.899075 -0.413261 0.144497
vn -0.898321 -0.416525 0.139739
vn -0.303404 -0.474959 0.826051
vn -0.697974 -0.435035 0.568838
vn -0.299394 -0.478456 0.825496
vn -0.299394 -0.478456 0.825496
vn -0.697974 -0.435035 0.568838
vn -0.698149 -0.435016 0.568638
vn -0.303404 -0.474959 0.826051
vn -0.299394 -0.478456 0.825496
vn 0.053183 -0.504230 0.861930
vn 0.053183 -0.504230 0.861930
vn -0.299394 -0.478456 0.825496
vn 0.051755 -0.512418 0.857175
vn 0.384403 -0.545768 0.744561
vn 0.053183 -0.504230 0.861930
vn 0.379458 -0.548397 0.745166
vn 0.379458 -0.548397 0.745166
vn 0.053183 -0.504230 0.861930
vn 0.051755 -0.512418 0.857175
vn 0.733186 -0.581972 0.351777
vn 0.384403 -0.545768 0.744561
vn 0.732812 -0.584978 0.347545
vn 0.732812 -0.584978 0.347545
vn 0.384403 -0.545768 0.744561
vn 0.379458 -0.548397 0.745166
vn 0.733186 -0.581972 0.351777
vn 0.732812 -0.584978 0.347545
vn 0.812673 -0.582720 0.000000
vn 0.812673 -0.582720 0.000000
vn 0.732812 -0.584978 0.347545
vn 0.807128 -0.590376 0.000000
vn 0.735960 -0.582062 -0.345784
vn 0.812673 -0.582720 0.000000
vn 0.735668 -0.585132 -0.341194
vn 0.735668 -0.585132 -0.341194
vn 0.812673 -0.582720 0.000000
vn 0.807128 -0.590376 0.000000
vn 0.092230 -0.941187 -0.325054
vn 0.252124 -0.957433 -0.140554
vn 0.083483 -0.941574 -0.326297
vn 0.083483 -0.941574 -0.326297
vn 0.252124 -0.957433 -0.140554
vn 0.252554 -0.958743 -0.130490
vn 0.092230 -0.941187 -0.325054
vn 0.083483 -0.941574 -0.326297
vn -0.048364 -0.922296 -0.383446
vn -0.048364 -0.922296 -0.383446
vn 0.083483 -0.941574 -0.326297
vn -0.050257 -0.926891 -0.371951
vn -0.191613 -0.911620 -0.363638
vn -0.048364 -0.922296 -0.383446
vn -0.181511 -0.913934 -0.363014
vn -0.181511 -0.913934 -0.363014
vn -0.048364 -0.922296 -0.383446
vn -0.050257 -0.926891 -0.371951
vn -0.393836 -0.891009 -0.225822
vn -0.191613 -0.911620 -0.363638
vn -0.396360 -0.892047 -0.217142
vn -0.396360 -0.892047 -0.217142
vn -0.191613 -0.911620 -0.363638
vn -0.181511 -0.913934 -0.363014
vn -0.393836 -0.891009 -0.225822
vn -0.396360 -0.892047 -0.217142
vn -0.467887 -0.878937 -0.092478
vn -0.467887 -0.878937 -0.092478
vn -0.396360 -0.892047 -0.217142
vn -0.457055 -0.884907 -0.089668
vn -0.465879 -0.883306 0.052229
vn -0.467887 -0.878937 -0.092478
vn -0.464147 -0.884768 0.041872
vn -0.464147 -0.884768 0.041872
vn -0.467887 -0.878937 -0.092478
vn -0.457055 -0.884907 -0.089668
vn -0.377985 -0.893052 0.244101
vn -0.465879 -0.883306 0.052229
vn -0.378662 -0.892976 0.243330
vn -0.378662 -0.892976 0.243330
vn -0.465879 -0.883306 0.052229
vn -0.464147 -0.884768 0.041872
vn -0.199383 -0.911082 0.360799
vn -0.377985 -0.893052 0.244101
vn -0.190788 -0.913252 0.359960
vn -0.190788 -0.913252 0.359960
vn -0.377985 -0.893052 0.244101
vn -0.378662 -0.892976 0.243330
vn -0.199383 -0.911082 0.360799
vn -0.190788 -0.913252 0.359960
vn -0.048364 -0.922296 0.383446
vn -0.048364 -0.922296 0.383446
vn -0.190788 -0.913252 0.359960
vn -0.050257 -0.926891 0.371951
vn 0.085419 -0.940223 0.329672
vn -0.048364 -0.922296 0.383446
vn 0.075260 -0.940453 0.331488
vn 0.075260 -0.940453 0.331488
vn -0.048364 -0.922296 0.383446
vn -0.050257 -0.926891 0.371951
vn 0.248373 -0.957305 0.147912
vn 0.085419 -0.940223 0.329672
vn 0.248405 -0.958585 0.139319
vn 0.248405 -0.958585 0.139319
vn 0.085419 -0.940223 0.329672
vn 0.075260 -0.940453 0.331488
vn 0.248373 -0.957305 0.147912
vn 0.248405 -0.958585 0.139319
vn 0.289407 -0.957206 0.000000
vn 0.289407 -0.957206 0.000000
vn 0.248405 -0.958585 0.139319
vn 0.277522 -0.960719 0.000000
vn 0.252124 -0.957433 -0.140554
vn 0.289407 -0.957206 0.000000
vn 0.252554 -0.958743 -0.130490
vn 0.252554 -0.958743 -0.130490
vn 0.289407 -0.957206 0.000000
vn 0.277522 -0.960719 0.000000
vn -0.116561 -0.993137 -0.009656
vn -0.094065 -0.995431 0.016430
vn -0.120040 -0.992730 -0.008801
vn -0.120040 -0.992730 -0.008801
vn -0.094065 -0.995431 0.016430
vn -0.095316 -0.995237 0.020424
vn -0.116561 -0.993137 -0.009656
vn -0.120040 -0.992730 -0.008801
vn -0.101646 -0.994786 -0.008291
vn -0.101646 -0.994786 -0.008291
vn -0.120040 -0.992730 -0.008801
vn -0.102670 -0.994715 -0.000001
vn -0.085417 -0.996324 -0.006568
vn -0.101646 -0.994786 -0.008291
vn -0.081594 -0.996654 -0.004848
vn -0.081594 -0.996654 -0.004848
vn -0.101646 -0.994786 -0.008291
vn -0.102670 -0.994715 -0.000001
vn -0.113838 -0.993418 0.012701
vn -0.085417 -0.996324 -0.006568
vn -0.113438 -0.993411 0.016311
vn -0.113438 -0.993411 0.016311
vn -0.085417 -0.996324 -0.006568
vn -0.081594 -0.996654 -0.004848
vn -0.113838 -0.993418 0.012701
vn -0.113438 -0.993411 0.016311
vn -0.110721 -0.993850 -0.002001
vn -0.110721 -0.993850 -0.002001
vn -0.113438 -0.993411 0.016311
vn -0.102661 -0.994716 0.000002
vn -0.107054 -0.994090 -0.017992
vn -0.110721 -0.993850 -0.002001
vn -0.104885 -0.994249 -0.021647
vn -0.104885 -0.994249 -0.021647
vn -0.110721 -0.993850 -0.002001
vn -0.102661 -0.994716 0.000002
vn -0.102660 -0.994717 0.000000
vn -0.107054 -0.994090 -0.017992
vn -0.102660 -0.994717 0.000000
vn -0.102660 -0.994717 0.000000
vn -0.107054 -0.994090 -0.017992
vn -0.104885 -0.994249 -0.021647
vn -0.086878 -0.996201 0.006011
vn -0.102660 -0.994717 0.000000
vn -0.083709 -0.996481 0.004362
vn -0.083709 -0.996481 0.004362
vn -0.102660 -0.994717 0.000000
vn -0.102660 -0.994717 0.000000
vn -0.086878 -0.996201 0.006011
vn -0.083709 -0.996481 0.004362
vn -0.101646 -0.994786 0.008291
vn -0.101646 -0.994786 0.008291
vn -0.083709 -0.996481 0.004362
vn -0.102670 -0.994715 0.000001
vn -0.117848 -0.992976 0.010552
vn -0.101646 -0.994786 0.008291
vn -0.121983 -0.992484 0.009786
vn -0.121983 -0.992484 0.009786
vn -0.101646 -0.994786 0.008291
vn -0.102670 -0.994715 0.000001
vn -0.094793 -0.995383 -0.015040
vn -0.117848 -0.992976 0.010552
vn -0.096057 -0.995206 -0.018371
vn -0.096057 -0.995206 -0.018371
vn -0.117848 -0.992976 0.010552
vn -0.121983 -0.992484 0.009786
vn -0.094793 -0.995383 -0.015040
vn -0.096057 -0.995206 -0.018371
vn -0.094346 -0.995539 0.000000
vn -0.094346 -0.995539 0.000000
vn -0.096057 -0.995206 -0.018371
vn -0.102660 -0.994717 0.000000
vn -0.094065 -0.995431 0.016430
vn -0.094346 -0.995539 0.000000
vn -0.095316 -0.995237 0.020424
vn -0.095316 -0.995237 0.020424
vn -0.094346 -0.995539 0.000000
vn -0.102660 -0.994717 0.000000
vn -0.309822 -0.900097 0.306328
vn -0.426927 -0.888010 0.170797
vn -0.300097 -0.901548 0.311695
vn -0.300097 -0.901548 0.311695
vn -0.426927 -0.888010 0.170797
vn -0.432507 -0.887764 0.157520
vn -0.309822 -0.900097 0.306328
vn -0.300097 -0.901548 0.311695
vn -0.140411 -0.916257 0.375177
vn -0.140411 -0.916257 0.375177
vn -0.300097 -0.901548 0.311695
vn -0.140114 -0.917617 0.371950
vn 0.032712 -0.935444 0.351958
vn -0.140411 -0.916257 0.375177
vn 0.018404 -0.934345 0.355894
vn 0.018404 -0.934345 0.355894
vn -0.140411 -0.916257 0.375177
vn -0.140114 -0.917617 0.371950
vn 0.181959 -0.950853 0.250537
vn 0.032712 -0.935444 0.351958
vn 0.188580 -0.952043 0.240941
vn 0.188580 -0.952043 0.240941
vn 0.032712 -0.935444 0.351958
vn 0.018404 -0.934345 0.355894
vn 0.181959 -0.950853 0.250537
vn 0.188580 -0.952043 0.240941
vn 0.270385 -0.958484 0.090558
vn 0.270385 -0.958484 0.090558
vn 0.188580 -0.952043 0.240941
vn 0.266691 -0.959602 0.089669
vn 0.267863 -0.959711 -0.084873
vn 0.270385 -0.958484 0.090558
vn 0.269935 -0.960350 -0.069729
vn 0.269935 -0.960350 -0.069729
vn 0.270385 -0.958484 0.090558
vn 0.266691 -0.959602 0.089669
vn 0.188396 -0.951499 -0.243223
vn 0.267863 -0.959711 -0.084873
vn 0.190509 -0.951691 -0.240813
vn 0.190509 -0.951691 -0.240813
vn 0.267863 -0.959711 -0.084873
vn 0.269935 -0.960350 -0.069729
vn 0.039689 -0.936170 -0.349300
vn 0.188396 -0.951499 -0.243223
vn 0.028698 -0.935497 -0.352168
vn 0.028698 -0.935497 -0.352168
vn 0.188396 -0.951499 -0.243223
vn 0.190509 -0.951691 -0.240813
vn 0.039689 -0.936170 -0.349300
vn 0.028698 -0.935497 -0.352168
vn -0.140411 -0.916257 -0.375177
vn -0.140411 -0.916257 -0.375177
vn 0.028698 -0.935497 -0.352168
vn -0.140114 -0.917617 -0.371950
vn -0.303705 -0.900727 -0.310572
vn -0.140411 -0.916257 -0.375177
vn -0.291002 -0.902404 -0.317781
vn -0.291002 -0.902404 -0.317781
vn -0.140411 -0.916257 -0.375177
vn -0.140114 -0.917617 -0.371950
vn -0.423490 -0.888365 -0.177381
vn -0.303705 -0.900727 -0.310572
vn -0.427620 -0.888350 -0.167258
vn -0.427620 -0.888350 -0.167258
vn -0.303705 -0.900727 -0.310572
vn -0.291002 -0.902404 -0.317781
vn -0.423490 -0.888365 -0.177381
vn -0.427620 -0.888350 -0.167258
vn -0.470671 -0.882309 0.000000
vn -0.470671 -0.882309 0.000000
vn -0.427620 -0.888350 -0.167258
vn -0.467885 -0.883790 0.000000
vn -0.426927 -0.888010 0.170797
vn -0.470671 -0.882309 0.000000
vn -0.432507 -0.887764 0.157520
vn -0.432507 -0.887764 0.157520
vn -0.470671 -0.882309 0.000000
vn -0.467885 -0.883790 0.000000
vn -0.508839 -0.454210 0.731284
vn -0.832664 -0.420607 0.360223
vn -0.495186 -0.461452 0.736107
vn -0.495186 -0.461452 0.736107
vn -0.832664 -0.420607 0.360223
vn -0.837006 -0.425903 0.343552
vn -0.508839 -0.454210 0.731284
vn -0.495186 -0.461452 0.736107
vn -0.154912 -0.476418 0.865464
vn -0.154912 -0.476418 0.865464
vn -0.495186 -0.461452 0.736107
vn -0.155322 -0.491046 0.857175
vn 0.207137 -0.527851 0.823692
vn -0.154912 -0.476418 0.865464
vn 0.188919 -0.531956 0.825429
vn 0.188919 -0.531956 0.825429
vn -0.154912 -0.476418 0.865464
vn -0.155322 -0.491046 0.857175
vn 0.617165 -0.570361 0.542029
vn 0.207137 -0.527851 0.823692
vn 0.623302 -0.577117 0.527665
vn 0.623302 -0.577117 0.527665
vn 0.207137 -0.527851 0.823692
vn 0.188919 -0.531956 0.825429
vn 0.617165 -0.570361 0.542029
vn 0.623302 -0.577117 0.527665
vn 0.792196 -0.573449 0.208761
vn 0.792196 -0.573449 0.208761
vn 0.623302 -0.577117 0.527665
vn 0.782169 -0.587800 0.206644
vn 0.793145 -0.588292 -0.157584
vn 0.792196 -0.573449 0.208761
vn 0.792010 -0.594433 -0.139177
vn 0.792010 -0.594433 -0.139177
vn 0.792196 -0.573449 0.208761
vn 0.782169 -0.587800 0.206644
vn 0.596016 -0.568574 -0.567000
vn 0.793145 -0.588292 -0.157584
vn 0.597170 -0.568686 -0.565671
vn 0.597170 -0.568686 -0.565671
vn 0.793145 -0.588292 -0.157584
vn 0.792010 -0.594433 -0.139177
vn 0.216046 -0.528982 -0.820672
vn 0.596016 -0.568574 -0.567000
vn 0.200225 -0.533212 -0.821946
vn 0.200225 -0.533212 -0.821946
vn 0.596016 -0.568574 -0.567000
vn 0.597170 -0.568686 -0.565671
vn 0.216046 -0.528982 -0.820672
vn 0.200225 -0.533212 -0.821946
vn -0.154911 -0.476418 -0.865464
vn -0.154911 -0.476418 -0.865464
vn 0.200225 -0.533212 -0.821946
vn -0.155321 -0.491046 -0.857175
vn -0.500897 -0.454828 -0.736365
vn -0.154911 -0.476418 -0.865464
vn -0.485054 -0.462422 -0.742219
vn -0.485054 -0.462422 -0.742219
vn -0.154911 -0.476418 -0.865464
vn -0.155321 -0.491046 -0.857175
vn -0.828645 -0.421217 -0.368677
vn -0.500897 -0.454828 -0.736365
vn -0.832222 -0.426473 -0.354299
vn -0.832222 -0.426473 -0.354299
vn -0.500897 -0.454828 -0.736365
vn -0.485054 -0.462422 -0.742219
vn -0.828645 -0.421217 -0.368677
vn -0.832222 -0.426473 -0.354299
vn -0.917248 -0.398316 0.000000
vn -0.917248 -0.398316 0.000000
vn -0.832222 -0.426473 -0.354299
vn -0.910691 -0.413088 0.000000
vn -0.832664 -0.420607 0.360223
vn -0.917248 -0.398316 0.000000
vn -0.837006 -0.425903 0.343552
vn -0.837006 -0.425903 0.343552
vn -0.917248 -0.398316 0.000000
vn -0.910691 -0.413088 0.000000
s off
g item_bomb:group1pTorus1
usemtl item_bomb:lambert6SG
f 1040/1223/6169 1039/1224/6170 1053/1225/6171
f 1053/1225/6172 1039/1224/6173 1052/1226/6174
f 1041/1227/6175 1040/1223/6176 1054/1228/6177
f 1054/1228/6178 1040/1223/6179 1053/1225/6180
f 1041/1227/6181 1054/1228/6182 1042/1229/6183
f 1042/1229/6184 1054/1228/6185 1055/1230/6186
f 1043/1231/6187 1042/1229/6188 1056/1232/6189
f 1056/1232/6190 1042/1229/6191 1055/1230/6192
f 1044/1233/6193 1043/1231/6194 1057/1234/6195
f 1057/1234/6196 1043/1231/6197 1056/1232/6198
f 1044/1233/6199 1057/1234/6200 1045/1235/6201
f 1045/1235/6202 1057/1234/6203 1058/1236/6204
f 1046/1237/6205 1045/1235/6206 1059/1238/6207
f 1059/1238/6208 1045/1235/6209 1058/1236/6210
f 1047/1239/6211 1046/1237/6212 1060/1240/6213
f 1060/1240/6214 1046/1237/6215 1059/1238/6216
f 1048/1241/6217 1047/1239/6218 1061/1242/6219
f 1061/1242/6220 1047/1239/6221 1060/1240/6222
f 1048/1241/6223 1061/1242/6224 1049/1243/6225
f 1049/1243/6226 1061/1242/6227 1062/1244/6228
f 1050/1245/6229 1049/1243/6230 1063/1246/6231
f 1063/1246/6232 1049/1243/6233 1062/1244/6234
f 1051/1247/6235 1050/1245/6236 1064/1248/6237
f 1064/1248/6238 1050/1245/6239 1063/1246/6240
f 1051/1247/6241 1064/1248/6242 1039/1249/6243
f 1039/1249/6244 1064/1248/6245 1052/1250/6246
f 1053/1225/6247 1052/1226/6248 1066/1251/6249
f 1066/1251/6250 1052/1226/6251 1065/1252/6252
f 1054/1228/6253 1053/1225/6254 1067/1253/6255
f 1067/1253/6256 1053/1225/6257 1066/1251/6258
f 1054/1228/6259 1067/1253/6260 1055/1230/6261
f 1055/1230/6262 1067/1253/6263 1068/1254/6264
f 1056/1232/6265 1055/1230/6266 1069/1255/6267
f 1069/1255/6268 1055/1230/6269 1068/1254/6270
f 1057/1234/6271 1056/1232/6272 1070/1256/6273
f 1070/1256/6274 1056/1232/6275 1069/1255/6276
f 1057/1234/6277 1070/1256/6278 1058/1236/6279
f 1058/1236/6280 1070/1256/6281 1071/1257/6282
f 1059/1238/6283 1058/1236/6284 1072/1258/6285
f 1072/1258/6286 1058/1236/6287 1071/1257/6288
f 1060/1240/6289 1059/1238/6290 1073/1259/6291
f 1073/1259/6292 1059/1238/6293 1072/1258/6294
f 1061/1242/6295 1060/1240/6296 1074/1260/6297
f 1074/1260/6298 1060/1240/6299 1073/1259/6300
f 1061/1242/6301 1074/1260/6302 1062/1244/6303
f 1062/1244/6304 1074/1260/6305 1075/1261/6306
f 1063/1246/6307 1062/1244/6308 1076/1262/6309
f 1076/1262/6310 1062/1244/6311 1075/1261/6312
f 1064/1248/6313 1063/1246/6314 1077/1263/6315
f 1077/1263/6316 1063/1246/6317 1076/1262/6318
f 1064/1248/6319 1077/1263/6320 1052/1250/6321
f 1052/1250/6322 1077/1263/6323 1065/1264/6324
f 1066/1251/6325 1065/1252/6326 1079/1265/6327
f 1079/1265/6328 1065/1252/6329 1078/1266/6330
f 1067/1253/6331 1066/1251/6332 1080/1267/6333
f 1080/1267/6334 1066/1251/6335 1079/1265/6336
f 1067/1253/6337 1080/1267/6338 1068/1254/6339
f 1068/1254/6340 1080/1267/6341 1081/1268/6342
f 1069/1255/6343 1068/1254/6344 1082/1269/6345
f 1082/1269/6346 1068/1254/6347 1081/1268/6348
f 1070/1256/6349 1069/1255/6350 1083/1270/6351
f 1083/1270/6352 1069/1255/6353 1082/1269/6354
f 1070/1256/6355 1083/1270/6356 1071/1257/6357
f 1071/1257/6358 1083/1270/6359 1084/1271/6360
f 1072/1258/6361 1071/1257/6362 1085/1272/6363
f 1085/1272/6364 1071/1257/6365 1084/1271/6366
f 1073/1259/6367 1072/1258/6368 1086/1273/6369
f 1086/1273/6370 1072/1258/6371 1085/1272/6372
f 1074/1260/6373 1073/1259/6374 1087/1274/6375
f 1087/1274/6376 1073/1259/6377 1086/1273/6378
f 1074/1260/6379 1087/1274/6380 1075/1261/6381
f 1075/1261/6382 1087/1274/6383 1088/1275/6384
f 1076/1262/6385 1075/1261/6386 1089/1276/6387
f 1089/1276/6388 1075/1261/6389 1088/1275/6390
f 1077/1263/6391 1076/1262/6392 1090/1277/6393
f 1090/1277/6394 1076/1262/6395 1089/1276/6396
f 1077/1263/6397 1090/1277/6398 1065/1264/6399
f 1065/1264/6400 1090/1277/6401 1078/1278/6402
f 1079/1265/6403 1078/1266/6404 1092/1279/6405
f 1092/1279/6406 1078/1266/6407 1091/1280/6408
f 1080/1267/6409 1079/1265/6410 1093/1281/6411
f 1093/1281/6412 1079/1265/6413 1092/1279/6414
f 1080/1267/6415 1093/1281/6416 1081/1268/6417
f 1081/1268/6418 1093/1281/6419 1094/1282/6420
f 1082/1269/6421 1081/1268/6422 1095/1283/6423
f 1095/1283/6424 1081/1268/6425 1094/1282/6426
f 1083/1270/6427 1082/1269/6428 1096/1284/6429
f 1096/1284/6430 1082/1269/6431 1095/1283/6432
f 1083/1270/6433 1096/1284/6434 1084/1271/6435
f 1084/1271/6436 1096/1284/6437 1097/1285/6438
f 1085/1272/6439 1084/1271/6440 1098/1286/6441
f 1098/1286/6442 1084/1271/6443 1097/1285/6444
f 1086/1273/6445 1085/1272/6446 1099/1287/6447
f 1099/1287/6448 1085/1272/6449 1098/1286/6450
f 1087/1274/6451 1086/1273/6452 1100/1288/6453
f 1100/1288/6454 1086/1273/6455 1099/1287/6456
f 1087/1274/6457 1100/1288/6458 1088/1275/6459
f 1088/1275/6460 1100/1288/6461 1101/1289/6462
f 1089/1276/6463 1088/1275/6464 1102/1290/6465
f 1102/1290/6466 1088/1275/6467 1101/1289/6468
f 1090/1277/6469 1089/1276/6470 1103/1291/6471
f 1103/1291/6472 1089/1276/6473 1102/1290/6474
f 1090/1277/6475 1103/1291/6476 1078/1278/6477
f 1078/1278/6478 1103/1291/6479 1091/1292/6480
f 1092/1279/6481 1091/1280/6482 1105/1293/6483
f 1105/1293/6484 1091/1280/6485 1104/1294/6486
f 1093/1281/6487 1092/1279/6488 1106/1295/6489
f 1106/1295/6490 1092/1279/6491 1105/1293/6492
f 1093/1281/6493 1106/1295/6494 1094/1282/6495
f 1094/1282/6496 1106/1295/6497 1107/1296/6498
f 1095/1283/6499 1094/1282/6500 1108/1297/6501
f 1108/1297/6502 1094/1282/6503 1107/1296/6504
f 1096/1284/6505 1095/1283/6506 1109/1298/6507
f 1109/1298/6508 1095/1283/6509 1108/1297/6510
f 1096/1284/6511 1109/1298/6512 1097/1285/6513
f 1097/1285/6514 1109/1298/6515 1110/1299/6516
f 1098/1286/6517 1097/1285/6518 1111/1300/6519
f 1111/1300/6520 1097/1285/6521 1110/1299/6522
f 1099/1287/6523 1098/1286/6524 1112/1301/6525
f 1112/1301/6526 1098/1286/6527 1111/1300/6528
f 1100/1288/6529 1099/1287/6530 1113/1302/6531
f 1113/1302/6532 1099/1287/6533 1112/1301/6534
f 1100/1288/6535 1113/1302/6536 1101/1289/6537
f 1101/1289/6538 1113/1302/6539 1114/1303/6540
f 1102/1290/6541 1101/1289/6542 1115/1304/6543
f 1115/1304/6544 1101/1289/6545 1114/1303/6546
f 1103/1291/6547 1102/1290/6548 1116/1305/6549
f 1116/1305/6550 1102/1290/6551 1115/1304/6552
f 1103/1291/6553 1116/1305/6554 1091/1292/6555
f 1091/1292/6556 1116/1305/6557 1104/1306/6558
f 1105/1293/6559 1104/1294/6560 1118/1307/6561
f 1118/1307/6562 1104/1294/6563 1117/1308/6564
f 1105/1293/6565 1118/1307/6566 1106/1295/6567
f 1106/1295/6568 1118/1307/6569 1119/1309/6570
f 1107/1296/6571 1106/1295/6572 1120/1310/6573
f 1120/1310/6574 1106/1295/6575 1119/1309/6576
f 1108/1297/6577 1107/1296/6578 1121/1311/6579
f 1121/1311/6580 1107/1296/6581 1120/1310/6582
f 1108/1297/6583 1121/1311/6584 1109/1298/6585
f 1109/1298/6586 1121/1311/6587 1122/1312/6588
f 1110/1299/6589 1109/1298/6590 1123/1313/6591
f 1123/1313/6592 1109/1298/6593 1122/1312/6594
f 1111/1300/6595 1110/1299/6596 1124/1314/6597
f 1124/1314/6598 1110/1299/6599 1123/1313/6600
f 1112/1301/6601 1111/1300/6602 1125/1315/6603
f 1125/1315/6604 1111/1300/6605 1124/1314/6606
f 1112/1301/6607 1125/1315/6608 1113/1302/6609
f 1113/1302/6610 1125/1315/6611 1126/1316/6612
f 1114/1303/6613 1113/1302/6614 1127/1317/6615
f 1127/1317/6616 1113/1302/6617 1126/1316/6618
f 1115/1304/6619 1114/1303/6620 1128/1318/6621
f 1128/1318/6622 1114/1303/6623 1127/1317/6624
f 1115/1304/6625 1128/1318/6626 1116/1305/6627
f 1116/1305/6628 1128/1318/6629 1129/1319/6630
f 1104/1306/6631 1116/1305/6632 1117/1320/6633
f 1117/1320/6634 1116/1305/6635 1129/1319/6636
f 1118/1307/6637 1117/1308/6638 1131/1321/6639
f 1131/1321/6640 1117/1308/6641 1130/1322/6642
f 1118/1307/6643 1131/1321/6644 1119/1309/6645
f 1119/1309/6646 1131/1321/6647 1132/1323/6648
f 1120/1310/6649 1119/1309/6650 1133/1324/6651
f 1133/1324/6652 1119/1309/6653 1132/1323/6654
f 1121/1311/6655 1120/1310/6656 1134/1325/6657
f 1134/1325/6658 1120/1310/6659 1133/1324/6660
f 1121/1311/6661 1134/1325/6662 1122/1312/6663
f 1122/1312/6664 1134/1325/6665 1135/1326/6666
f 1123/1313/6667 1122/1312/6668 1136/1327/6669
f 1136/1327/6670 1122/1312/6671 1135/1326/6672
f 1124/1314/6673 1123/1313/6674 1137/1328/6675
f 1137/1328/6676 1123/1313/6677 1136/1327/6678
f 1125/1315/6679 1124/1314/6680 1138/1329/6681
f 1138/1329/6682 1124/1314/6683 1137/1328/6684
f 1125/1315/6685 1138/1329/6686 1126/1316/6687
f 1126/1316/6688 1138/1329/6689 1139/1330/6690
f 1127/1317/6691 1126/1316/6692 1140/1331/6693
f 1140/1331/6694 1126/1316/6695 1139/1330/6696
f 1128/1318/6697 1127/1317/6698 1141/1332/6699
f 1141/1332/6700 1127/1317/6701 1140/1331/6702
f 1128/1318/6703 1141/1332/6704 1129/1319/6705
f 1129/1319/6706 1141/1332/6707 1142/1333/6708
f 1117/1320/6709 1129/1319/6710 1130/1334/6711
f 1130/1334/6712 1129/1319/6713 1142/1333/6714
f 1131/1321/6715 1130/1322/6716 1144/1335/6717
f 1144/1335/6718 1130/1322/6719 1143/1336/6720
f 1131/1321/6721 1144/1335/6722 1132/1323/6723
f 1132/1323/6724 1144/1335/6725 1145/1337/6726
f 1133/1324/6727 1132/1323/6728 1146/1338/6729
f 1146/1338/6730 1132/1323/6731 1145/1337/6732
f 1134/1325/6733 1133/1324/6734 1147/1339/6735
f 1147/1339/6736 1133/1324/6737 1146/1338/6738
f 1134/1325/6739 1147/1339/6740 1135/1326/6741
f 1135/1326/6742 1147/1339/6743 1148/1340/6744
f 1136/1327/6745 1135/1326/6746 1149/1341/6747
f 1149/1341/6748 1135/1326/6749 1148/1340/6750
f 1137/1328/6751 1136/1327/6752 1150/1342/6753
f 1150/1342/6754 1136/1327/6755 1149/1341/6756
f 1138/1329/6757 1137/1328/6758 1151/1343/6759
f 1151/1343/6760 1137/1328/6761 1150/1342/6762
f 1138/1329/6763 1151/1343/6764 1139/1330/6765
f 1139/1330/6766 1151/1343/6767 1152/1344/6768
f 1140/1331/6769 1139/1330/6770 1153/1345/6771
f 1153/1345/6772 1139/1330/6773 1152/1344/6774
f 1141/1332/6775 1140/1331/6776 1154/1346/6777
f 1154/1346/6778 1140/1331/6779 1153/1345/6780
f 1141/1332/6781 1154/1346/6782 1142/1333/6783
f 1142/1333/6784 1154/1346/6785 1155/1347/6786
f 1130/1334/6787 1142/1333/6788 1143/1348/6789
f 1143/1348/6790 1142/1333/6791 1155/1347/6792
f 1144/1335/6793 1143/1336/6794 1157/1349/6795
f 1157/1349/6796 1143/1336/6797 1156/1350/6798
f 1144/1335/6799 1157/1349/6800 1145/1337/6801
f 1145/1337/6802 1157/1349/6803 1158/1351/6804
f 1146/1338/6805 1145/1337/6806 1159/1352/6807
f 1159/1352/6808 1145/1337/6809 1158/1351/6810
f 1147/1339/6811 1146/1338/6812 1160/1353/6813
f 1160/1353/6814 1146/1338/6815 1159/1352/6816
f 1147/1339/6817 1160/1353/6818 1148/1340/6819
f 1148/1340/6820 1160/1353/6821 1161/1354/6822
f 1149/1341/6823 1148/1340/6824 1162/1355/6825
f 1162/1355/6826 1148/1340/6827 1161/1354/6828
f 1150/1342/6829 1149/1341/6830 1163/1356/6831
f 1163/1356/6832 1149/1341/6833 1162/1355/6834
f 1151/1343/6835 1150/1342/6836 1164/1357/6837
f 1164/1357/6838 1150/1342/6839 1163/1356/6840
f 1151/1343/6841 1164/1357/6842 1152/1344/6843
f 1152/1344/6844 1164/1357/6845 1165/1358/6846
f 1153/1345/6847 1152/1344/6848 1166/1359/6849
f 1166/1359/6850 1152/1344/6851 1165/1358/6852
f 1154/1346/6853 1153/1345/6854 1167/1360/6855
f 1167/1360/6856 1153/1345/6857 1166/1359/6858
f 1154/1346/6859 1167/1360/6860 1155/1347/6861
f 1155/1347/6862 1167/1360/6863 1168/1361/6864
f 1143/1348/6865 1155/1347/6866 1156/1362/6867
f 1156/1362/6868 1155/1347/6869 1168/1361/6870
f 1157/1349/6871 1156/1350/6872 1040/1363/6873
f 1040/1363/6874 1156/1350/6875 1039/1364/6876
f 1157/1349/6877 1040/1363/6878 1158/1351/6879
f 1158/1351/6880 1040/1363/6881 1041/1365/6882
f 1159/1352/6883 1158/1351/6884 1042/1366/6885
f 1042/1366/6886 1158/1351/6887 1041/1365/6888
f 1160/1353/6889 1159/1352/6890 1043/1367/6891
f 1043/1367/6892 1159/1352/6893 1042/1366/6894
f 1160/1353/6895 1043/1367/6896 1161/1354/6897
f 1161/1354/6898 1043/1367/6899 1044/1368/6900
f 1162/1355/6901 1161/1354/6902 1045/1369/6903
f 1045/1369/6904 1161/1354/6905 1044/1368/6906
f 1163/1356/6907 1162/1355/6908 1046/1370/6909
f 1046/1370/6910 1162/1355/6911 1045/1369/6912
f 1164/1357/6913 1163/1356/6914 1047/1371/6915
f 1047/1371/6916 1163/1356/6917 1046/1370/6918
f 1164/1357/6919 1047/1371/6920 1165/1358/6921
f 1165/1358/6922 1047/1371/6923 1048/1372/6924
f 1166/1359/6925 1165/1358/6926 1049/1373/6927
f 1049/1373/6928 1165/1358/6929 1048/1372/6930
f 1167/1360/6931 1166/1359/6932 1050/1374/6933
f 1050/1374/6934 1166/1359/6935 1049/1373/6936
f 1167/1360/6937 1050/1374/6938 1168/1361/6939
f 1168/1361/6940 1050/1374/6941 1051/1375/6942
f 1156/1362/6943 1168/1361/6944 1039/1376/6945
f 1039/1376/6946 1168/1361/6947 1051/1375/6948
g default
v 0.846977 -0.499759 -0.077531
v 0.894130 -0.423659 -0.077531
v 0.917707 -0.385608 0.000000
v 0.894130 -0.423659 0.077531
v 0.846977 -0.499759 0.077531
v 0.823400 -0.537810 0.000000
v 0.901094 -0.559620 -0.116297
v 0.971824 -0.445469 -0.116297
v 1.007188 -0.388394 0.000000
v 0.971824 -0.445469 0.116297
v 0.901094 -0.559620 0.116297
v 0.865729 -0.616696 0.000000
v 0.877517 -0.597671 -0.193828
v 0.995400 -0.407419 -0.193828
v 1.054342 -0.312293 0.000000
v 0.995400 -0.407419 0.193828
v 0.877517 -0.597671 0.193828
v 0.818575 -0.692797 0.000000
v 0.799823 -0.575860 -0.232593
v 0.941283 -0.347558 -0.232593
v 1.012013 -0.233407 0.000000
v 0.941283 -0.347558 0.232593
v 0.799823 -0.575860 0.232593
v 0.729094 -0.690011 0.000000
v 0.745707 -0.515999 -0.193828
v 0.863590 -0.325747 -0.193828
v 0.922531 -0.230621 0.000000
v 0.863590 -0.325747 0.193828
v 0.745707 -0.515999 0.193828
v 0.686765 -0.611125 0.000000
v 0.769283 -0.477949 -0.116297
v 0.840013 -0.363797 -0.116297
v 0.875378 -0.306722 0.000000
v 0.840013 -0.363797 0.116297
v 0.769283 -0.477949 0.116297
v 0.733918 -0.535024 0.000000
vt 0.166667 1.000000
vt 0.000000 1.000000
vt 0.166667 0.833333
vt 0.000000 0.833333
vt 0.333333 1.000000
vt 0.333333 0.833333
vt 0.500000 1.000000
vt 0.500000 0.833333
vt 0.666667 1.000000
vt 0.666667 0.833333
vt 0.833333 1.000000
vt 0.833333 0.833333
vt 1.000000 1.000000
vt 1.000000 0.833333
vt 0.166667 0.666667
vt 0.000000 0.666667
vt 0.333333 0.666667
vt 0.500000 0.666667
vt 0.666667 0.666667
vt 0.833333 0.666667
vt 1.000000 0.666667
vt 0.166667 0.500000
vt 0.000000 0.500000
vt 0.333333 0.500000
vt 0.500000 0.500000
vt 0.666667 0.500000
vt 0.833333 0.500000
vt 1.000000 0.500000
vt 0.166667 0.333333
vt 0.000000 0.333333
vt 0.333333 0.333333
vt 0.500000 0.333333
vt 0.666667 0.333333
vt 0.833333 0.333333
vt 1.000000 0.333333
vt 0.166667 0.166667
vt 0.000000 0.166667
vt 0.333333 0.166667
vt 0.500000 0.166667
vt 0.666667 0.166667
vt 0.833333 0.166667
vt 1.000000 0.166667
vt 0.166667 -0.000000
vt 0.000000 -0.000000
vt 0.333333 -0.000000
vt 0.500000 -0.000000
vt 0.666667 -0.000000
vt 0.833333 -0.000000
vt 1.000000 -0.000000
vn 0.380156 -0.235552 0.894425
vn 0.380156 -0.235552 0.894425
vn 0.380156 -0.235552 0.894425
vn 0.380153 -0.235549 0.894427
vn 0.380153 -0.235549 0.894427
vn 0.380153 -0.235549 0.894427
vn -0.027830 -0.893994 0.447214
vn -0.027830 -0.893994 0.447214
vn -0.027830 -0.893994 0.447214
vn -0.027830 -0.893994 0.447214
vn -0.027830 -0.893994 0.447214
vn -0.027830 -0.893994 0.447214
vn -0.027830 -0.893994 -0.447213
vn -0.027830 -0.893994 -0.447213
vn -0.027830 -0.893994 -0.447213
vn -0.027830 -0.893994 -0.447213
vn -0.027830 -0.893994 -0.447213
vn -0.027830 -0.893994 -0.447213
vn 0.380153 -0.235549 -0.894427
vn 0.380153 -0.235549 -0.894427
vn 0.380153 -0.235549 -0.894427
vn 0.380153 -0.235549 -0.894427
vn 0.380153 -0.235549 -0.894427
vn 0.380153 -0.235549 -0.894427
vn 0.788136 0.422896 -0.447214
vn 0.788136 0.422896 -0.447214
vn 0.788136 0.422896 -0.447214
vn 0.788136 0.422896 -0.447214
vn 0.788136 0.422896 -0.447214
vn 0.788136 0.422896 -0.447214
vn 0.788136 0.422896 0.447213
vn 0.788137 0.422896 0.447213
vn 0.788137 0.422896 0.447213
vn 0.788137 0.422896 0.447213
vn 0.788137 0.422896 0.447213
vn 0.788137 0.422896 0.447213
vn 0.850049 -0.526704 0.000000
vn 0.850049 -0.526704 0.000000
vn 0.850049 -0.526704 0.000000
vn 0.850049 -0.526704 0.000000
vn 0.850049 -0.526704 0.000000
vn 0.850049 -0.526704 0.000000
vn 0.850049 -0.526704 0.000000
vn 0.850049 -0.526704 0.000000
vn 0.850049 -0.526704 0.000000
vn 0.850049 -0.526704 0.000000
vn 0.850049 -0.526704 0.000000
vn 0.850049 -0.526704 0.000000
vn 0.850049 -0.526704 0.000000
vn 0.850049 -0.526704 0.000000
vn 0.850049 -0.526704 0.000000
vn 0.850049 -0.526704 0.000000
vn 0.850049 -0.526704 0.000000
vn 0.850049 -0.526704 0.000000
vn 0.850049 -0.526704 0.000000
vn 0.850049 -0.526704 0.000000
vn 0.850049 -0.526704 0.000000
vn 0.850049 -0.526704 0.000000
vn 0.850049 -0.526704 0.000000
vn 0.850049 -0.526704 0.000000
vn 0.850049 -0.526704 0.000000
vn 0.850049 -0.526704 0.000000
vn 0.850049 -0.526704 0.000000
vn 0.850049 -0.526704 0.000000
vn 0.850049 -0.526704 0.000000
vn 0.850049 -0.526704 0.000000
vn 0.850049 -0.526704 0.000000
vn 0.850049 -0.526704 0.000000
vn 0.850049 -0.526704 0.000000
vn 0.850049 -0.526704 0.000000
vn 0.850049 -0.526704 0.000000
vn 0.850049 -0.526704 0.000000
vn 0.380153 -0.235549 -0.894427
vn 0.380153 -0.235549 -0.894427
vn 0.380153 -0.235549 -0.894427
vn 0.380153 -0.235549 -0.894427
vn 0.380153 -0.235549 -0.894427
vn 0.380153 -0.235549 -0.894427
vn 0.788136 0.422896 -0.447214
vn 0.788136 0.422896 -0.447214
vn 0.788136 0.422896 -0.447214
vn 0.788136 0.422896 -0.447214
vn 0.788136 0.422896 -0.447214
vn 0.788136 0.422896 -0.447214
vn 0.788137 0.422896 0.447213
vn 0.788137 0.422896 0.447213
vn 0.788137 0.422896 0.447213
vn 0.788137 0.422896 0.447213
vn 0.788137 0.422896 0.447213
vn 0.788137 0.422896 0.447213
vn 0.380153 -0.235549 0.894427
vn 0.380153 -0.235549 0.894427
vn 0.380153 -0.235549 0.894427
vn 0.380153 -0.235549 0.894427
vn 0.380153 -0.235549 0.894427
vn 0.380153 -0.235549 0.894427
vn -0.027830 -0.893994 0.447214
vn -0.027830 -0.893994 0.447214
vn -0.027830 -0.893994 0.447214
vn -0.027830 -0.893994 0.447214
vn -0.027830 -0.893994 0.447214
vn -0.027830 -0.893994 0.447214
vn -0.027830 -0.893994 -0.447213
vn -0.027830 -0.893994 -0.447213
vn -0.027830 -0.893994 -0.447213
vn -0.027830 -0.893994 -0.447213
vn -0.027830 -0.893994 -0.447213
vn -0.027830 -0.893994 -0.447213
vn -0.380154 0.235549 -0.894427
vn -0.380154 0.235549 -0.894427
vn -0.380154 0.235549 -0.894427
vn -0.380154 0.235549 -0.894427
vn -0.380154 0.235549 -0.894427
vn -0.380154 0.235549 -0.894427
vn 0.027829 0.893994 -0.447214
vn 0.027829 0.893994 -0.447214
vn 0.027829 0.893994 -0.447214
vn 0.027829 0.893994 -0.447214
vn 0.027829 0.893994 -0.447214
vn 0.027830 0.893994 -0.447214
vn 0.027829 0.893994 0.447213
vn 0.027830 0.893994 0.447213
vn 0.027829 0.893994 0.447213
vn 0.027829 0.893994 0.447213
vn 0.027830 0.893994 0.447213
vn 0.027830 0.893994 0.447214
vn -0.380154 0.235549 0.894427
vn -0.380153 0.235549 0.894427
vn -0.380154 0.235549 0.894427
vn -0.380154 0.235549 0.894427
vn -0.380153 0.235549 0.894427
vn -0.380153 0.235549 0.894427
vn -0.788136 -0.422896 0.447214
vn -0.788136 -0.422896 0.447214
vn -0.788136 -0.422896 0.447214
vn -0.788136 -0.422896 0.447214
vn -0.788136 -0.422896 0.447214
vn -0.788136 -0.422896 0.447214
vn -0.788137 -0.422895 -0.447213
vn -0.788137 -0.422896 -0.447213
vn -0.788137 -0.422895 -0.447213
vn -0.788137 -0.422895 -0.447213
vn -0.788137 -0.422896 -0.447213
vn -0.788137 -0.422896 -0.447213
vn -0.850049 0.526704 0.000000
vn -0.850049 0.526704 0.000000
vn -0.850049 0.526704 0.000000
vn -0.850049 0.526704 0.000000
vn -0.850049 0.526704 0.000000
vn -0.850049 0.526704 0.000000
vn -0.850049 0.526704 0.000000
vn -0.850049 0.526704 0.000000
vn -0.850049 0.526704 0.000000
vn -0.850049 0.526704 0.000000
vn -0.850049 0.526704 0.000000
vn -0.850049 0.526704 0.000000
vn -0.850049 0.526704 -0.000000
vn -0.850049 0.526704 -0.000000
vn -0.850049 0.526704 -0.000000
vn -0.850049 0.526704 -0.000000
vn -0.850049 0.526704 -0.000000
vn -0.850049 0.526704 -0.000000
vn -0.850049 0.526704 -0.000000
vn -0.850049 0.526704 -0.000000
vn -0.850049 0.526704 -0.000000
vn -0.850049 0.526704 -0.000000
vn -0.850049 0.526704 -0.000000
vn -0.850049 0.526704 -0.000000
vn -0.850049 0.526704 -0.000000
vn -0.850049 0.526704 -0.000000
vn -0.850049 0.526704 -0.000000
vn -0.850049 0.526704 -0.000000
vn -0.850049 0.526704 -0.000000
vn -0.850049 0.526704 -0.000000
vn -0.850049 0.526704 -0.000000
vn -0.850049 0.526704 0.000000
vn -0.850049 0.526704 -0.000000
vn -0.850049 0.526704 -0.000000
vn -0.850049 0.526704 0.000000
vn -0.850049 0.526704 0.000000
vn -0.380153 0.235549 0.894427
vn -0.380153 0.235549 0.894427
vn -0.380153 0.235549 0.894427
vn -0.380153 0.235549 0.894427
vn -0.380153 0.235549 0.894427
vn -0.380153 0.235549 0.894427
vn -0.788136 -0.422896 0.447214
vn -0.788136 -0.422896 0.447214
vn -0.788136 -0.422896 0.447214
vn -0.788136 -0.422896 0.447214
vn -0.788136 -0.422896 0.447214
vn -0.788136 -0.422896 0.447214
vn -0.788136 -0.422896 -0.447213
vn -0.788136 -0.422896 -0.447213
vn -0.788136 -0.422896 -0.447213
vn -0.788136 -0.422896 -0.447213
vn -0.788136 -0.422896 -0.447213
vn -0.788136 -0.422896 -0.447214
vn -0.380153 0.235549 -0.894427
vn -0.380153 0.235549 -0.894427
vn -0.380153 0.235549 -0.894427
vn -0.380153 0.235549 -0.894427
vn -0.380153 0.235549 -0.894427
vn -0.380153 0.235549 -0.894427
vn 0.027830 0.893994 -0.447214
vn 0.027830 0.893994 -0.447214
vn 0.027830 0.893994 -0.447214
vn 0.027830 0.893994 -0.447214
vn 0.027830 0.893994 -0.447214
vn 0.027830 0.893994 -0.447214
vn 0.027830 0.893994 0.447214
vn 0.027830 0.893994 0.447213
vn 0.027830 0.893994 0.447214
vn 0.027830 0.893994 0.447214
vn 0.027830 0.893994 0.447213
vn 0.027830 0.893994 0.447214
s off
g item_bomb:group1pTorus3
usemtl item_bomb:lambert5SG
f 1170/1377/6949 1169/1378/6950 1176/1379/6951
f 1176/1379/6952 1169/1378/6953 1175/1380/6954
f 1171/1381/6955 1170/1377/6956 1177/1382/6957
f 1177/1382/6958 1170/1377/6959 1176/1379/6960
f 1172/1383/6961 1171/1381/6962 1178/1384/6963
f 1178/1384/6964 1171/1381/6965 1177/1382/6966
f 1173/1385/6967 1172/1383/6968 1179/1386/6969
f 1179/1386/6970 1172/1383/6971 1178/1384/6972
f 1174/1387/6973 1173/1385/6974 1180/1388/6975
f 1180/1388/6976 1173/1385/6977 1179/1386/6978
f 1169/1389/6979 1174/1387/6980 1175/1390/6981
f 1175/1390/6982 1174/1387/6983 1180/1388/6984
f 1176/1379/6985 1175/1380/6986 1182/1391/6987
f 1182/1391/6988 1175/1380/6989 1181/1392/6990
f 1177/1382/6991 1176/1379/6992 1183/1393/6993
f 1183/1393/6994 1176/1379/6995 1182/1391/6996
f 1178/1384/6997 1177/1382/6998 1184/1394/6999
f 1184/1394/7000 1177/1382/7001 1183/1393/7002
f 1179/1386/7003 1178/1384/7004 1185/1395/7005
f 1185/1395/7006 1178/1384/7007 1184/1394/7008
f 1180/1388/7009 1179/1386/7010 1186/1396/7011
f 1186/1396/7012 1179/1386/7013 1185/1395/7014
f 1175/1390/7015 1180/1388/7016 1181/1397/7017
f 1181/1397/7018 1180/1388/7019 1186/1396/7020
f 1182/1391/7021 1181/1392/7022 1188/1398/7023
f 1188/1398/7024 1181/1392/7025 1187/1399/7026
f 1183/1393/7027 1182/1391/7028 1189/1400/7029
f 1189/1400/7030 1182/1391/7031 1188/1398/7032
f 1184/1394/7033 1183/1393/7034 1190/1401/7035
f 1190/1401/7036 1183/1393/7037 1189/1400/7038
f 1185/1395/7039 1184/1394/7040 1191/1402/7041
f 1191/1402/7042 1184/1394/7043 1190/1401/7044
f 1186/1396/7045 1185/1395/7046 1192/1403/7047
f 1192/1403/7048 1185/1395/7049 1191/1402/7050
f 1181/1397/7051 1186/1396/7052 1187/1404/7053
f 1187/1404/7054 1186/1396/7055 1192/1403/7056
f 1188/1398/7057 1187/1399/7058 1194/1405/7059
f 1194/1405/7060 1187/1399/7061 1193/1406/7062
f 1189/1400/7063 1188/1398/7064 1195/1407/7065
f 1195/1407/7066 1188/1398/7067 1194/1405/7068
f 1190/1401/7069 1189/1400/7070 1196/1408/7071
f 1196/1408/7072 1189/1400/7073 1195/1407/7074
f 1191/1402/7075 1190/1401/7076 1197/1409/7077
f 1197/1409/7078 1190/1401/7079 1196/1408/7080
f 1192/1403/7081 1191/1402/7082 1198/1410/7083
f 1198/1410/7084 1191/1402/7085 1197/1409/7086
f 1187/1404/7087 1192/1403/7088 1193/1411/7089
f 1193/1411/7090 1192/1403/7091 1198/1410/7092
f 1194/1405/7093 1193/1406/7094 1200/1412/7095
f 1200/1412/7096 1193/1406/7097 1199/1413/7098
f 1195/1407/7099 1194/1405/7100 1201/1414/7101
f 1201/1414/7102 1194/1405/7103 1200/1412/7104
f 1196/1408/7105 1195/1407/7106 1202/1415/7107
f 1202/1415/7108 1195/1407/7109 1201/1414/7110
f 1197/1409/7111 1196/1408/7112 1203/1416/7113
f 1203/1416/7114 1196/1408/7115 1202/1415/7116
f 1198/1410/7117 1197/1409/7118 1204/1417/7119
f 1204/1417/7120 1197/1409/7121 1203/1416/7122
f 1193/1411/7123 1198/1410/7124 1199/1418/7125
f 1199/1418/7126 1198/1410/7127 1204/1417/7128
f 1200/1412/7129 1199/1413/7130 1170/1419/7131
f 1170/1419/7132 1199/1413/7133 1169/1420/7134
f 1201/1414/7135 1200/1412/7136 1171/1421/7137
f 1171/1421/7138 1200/1412/7139 1170/1419/7140
f 1202/1415/7141 1201/1414/7142 1172/1422/7143
f 1172/1422/7144 1201/1414/7145 1171/1421/7146
f 1203/1416/7147 1202/1415/7148 1173/1423/7149
f 1173/1423/7150 1202/1415/7151 1172/1422/7152
f 1204/1417/7153 1203/1416/7154 1174/1424/7155
f 1174/1424/7156 1203/1416/7157 1173/1423/7158
f 1199/1418/7159 1204/1417/7160 1169/1425/7161
f 1169/1425/7162 1204/1417/7163 1174/1424/7164
g default
v -0.633662 0.533654 0.426112
v -0.700234 0.508806 0.348479
v -0.745508 0.416918 0.372626
v -0.706916 0.384977 0.465181
v -0.637791 0.457123 0.498237
v -0.660818 0.625745 0.469216
v -0.773391 0.583727 0.337941
v -0.849948 0.428346 0.378772
v -0.784690 0.374333 0.535282
v -0.667801 0.496333 0.591179
v -0.579743 0.691949 0.458259
v -0.766747 0.622149 0.240188
v -0.893921 0.364035 0.308015
v -0.785516 0.274310 0.568005
v -0.591343 0.476972 0.660861
v -0.502480 0.640774 0.408382
v -0.689483 0.570975 0.190311
v -0.816658 0.312860 0.258138
v -0.708253 0.223136 0.518128
v -0.514080 0.425798 0.610984
v -0.535803 0.542943 0.388514
v -0.648376 0.500925 0.257239
v -0.724933 0.345544 0.298070
v -0.659675 0.291531 0.454580
v -0.542786 0.413530 0.510477
vt 0.200000 1.000000
vt 0.000000 1.000000
vt 0.200000 0.800000
vt 0.000000 0.800000
vt 0.400000 1.000000
vt 0.400000 0.800000
vt 0.600000 1.000000
vt 0.600000 0.800000
vt 0.800000 1.000000
vt 0.800000 0.800000
vt 1.000000 1.000000
vt 1.000000 0.800000
vt 0.200000 0.600000
vt 0.000000 0.600000
vt 0.400000 0.600000
vt 0.600000 0.600000
vt 0.800000 0.600000
vt 1.000000 0.600000
vt 0.200000 0.400000
vt 0.000000 0.400000
vt 0.400000 0.400000
vt 0.600000 0.400000
vt 0.800000 0.400000
vt 1.000000 0.400000
vt 0.200000 0.200000
vt 0.000000 0.200000
vt 0.400000 0.200000
vt 0.600000 0.200000
vt 0.800000 0.200000
vt 1.000000 0.200000
vt 0.200000 0.000000
vt 0.000000 0.000000
vt 0.400000 0.000000
vt 0.600000 0.000000
vt 0.800000 0.000000
vt 1.000000 0.000000
vn -0.584772 -0.478912 0.654740
vn -0.584772 -0.478912 0.654740
vn -0.584772 -0.478912 0.654740
vn -0.584771 -0.478905 0.654747
vn -0.584771 -0.478905 0.654747
vn -0.584771 -0.478905 0.654747
vn 0.080882 0.215850 0.973071
vn 0.080882 0.215850 0.973071
vn 0.080882 0.215850 0.973071
vn 0.080882 0.215850 0.973071
vn 0.080882 0.215850 0.973071
vn 0.080882 0.215850 0.973071
vn 0.120649 0.952822 0.278520
vn 0.120649 0.952822 0.278521
vn 0.120649 0.952822 0.278521
vn 0.120649 0.952822 0.278521
vn 0.120649 0.952822 0.278521
vn 0.120649 0.952822 0.278521
vn -0.520427 0.713540 -0.469059
vn -0.520427 0.713540 -0.469059
vn -0.520427 0.713540 -0.469059
vn -0.520427 0.713540 -0.469059
vn -0.520427 0.713540 -0.469059
vn -0.520427 0.713540 -0.469059
vn -0.956400 -0.171316 -0.236538
vn -0.956400 -0.171316 -0.236538
vn -0.956400 -0.171316 -0.236538
vn -0.956400 -0.171316 -0.236538
vn -0.956400 -0.171316 -0.236538
vn -0.956400 -0.171316 -0.236538
vn -0.589276 0.764769 0.260542
vn -0.589277 0.764769 0.260542
vn -0.589277 0.764769 0.260542
vn -0.589277 0.764769 0.260542
vn -0.589277 0.764769 0.260542
vn -0.589277 0.764769 0.260542
vn -0.877039 0.464425 0.122930
vn -0.877039 0.464425 0.122930
vn -0.877039 0.464425 0.122930
vn -0.877039 0.464425 0.122930
vn -0.877039 0.464425 0.122930
vn -0.877039 0.464425 0.122930
vn -0.894230 0.145831 0.423185
vn -0.894230 0.145831 0.423185
vn -0.894230 0.145831 0.423185
vn -0.894230 0.145831 0.423185
vn -0.894230 0.145831 0.423185
vn -0.894230 0.145831 0.423185
vn -0.617092 0.249273 0.746364
vn -0.617092 0.249273 0.746364
vn -0.617092 0.249273 0.746364
vn -0.617092 0.249273 0.746364
vn -0.617092 0.249273 0.746364
vn -0.617092 0.249273 0.746364
vn -0.428621 0.631797 0.645845
vn -0.428621 0.631797 0.645845
vn -0.428621 0.631797 0.645845
vn -0.428621 0.631797 0.645845
vn -0.428621 0.631797 0.645845
vn -0.428621 0.631797 0.645845
vn 0.246789 0.841318 -0.480915
vn 0.246789 0.841318 -0.480915
vn 0.246789 0.841318 -0.480915
vn 0.246789 0.841318 -0.480915
vn 0.246789 0.841318 -0.480915
vn 0.246789 0.841318 -0.480915
vn -0.525338 0.035434 -0.850156
vn -0.525337 0.035434 -0.850156
vn -0.525338 0.035434 -0.850156
vn -0.525338 0.035434 -0.850156
vn -0.525337 0.035434 -0.850156
vn -0.525337 0.035434 -0.850156
vn -0.571465 -0.819419 -0.044510
vn -0.571465 -0.819418 -0.044510
vn -0.571465 -0.819419 -0.044510
vn -0.571465 -0.819419 -0.044510
vn -0.571465 -0.819418 -0.044510
vn -0.571465 -0.819418 -0.044510
vn 0.172153 -0.541863 0.822647
vn 0.172153 -0.541863 0.822647
vn 0.172153 -0.541863 0.822647
vn 0.172153 -0.541863 0.822647
vn 0.172153 -0.541863 0.822647
vn 0.172153 -0.541863 0.822647
vn 0.677861 0.484529 0.552934
vn 0.677861 0.484529 0.552934
vn 0.677861 0.484529 0.552934
vn 0.677861 0.484529 0.552934
vn 0.677861 0.484529 0.552934
vn 0.677861 0.484529 0.552934
vn 0.773227 -0.137670 -0.619005
vn 0.773227 -0.137670 -0.619005
vn 0.773227 -0.137670 -0.619005
vn 0.773227 -0.137670 -0.619005
vn 0.773227 -0.137670 -0.619005
vn 0.773227 -0.137670 -0.619005
vn 0.485465 -0.438013 -0.756617
vn 0.485465 -0.438013 -0.756617
vn 0.485465 -0.438013 -0.756617
vn 0.485465 -0.438013 -0.756617
vn 0.485465 -0.438013 -0.756617
vn 0.485465 -0.438013 -0.756617
vn 0.468274 -0.756607 -0.456362
vn 0.468273 -0.756607 -0.456362
vn 0.468273 -0.756607 -0.456362
vn 0.468273 -0.756607 -0.456362
vn 0.468273 -0.756607 -0.456362
vn 0.468273 -0.756607 -0.456362
vn 0.745411 -0.653165 -0.133182
vn 0.745411 -0.653165 -0.133182
vn 0.745411 -0.653165 -0.133182
vn 0.745411 -0.653165 -0.133182
vn 0.745411 -0.653165 -0.133182
vn 0.745411 -0.653165 -0.133182
vn 0.933883 -0.270641 -0.233701
vn 0.933883 -0.270641 -0.233701
vn 0.933883 -0.270641 -0.233701
vn 0.933883 -0.270641 -0.233701
vn 0.933883 -0.270641 -0.233701
vn 0.933883 -0.270641 -0.233701
vn 0.159256 -0.971702 0.174450
vn 0.159256 -0.971702 0.174450
vn 0.159256 -0.971702 0.174450
vn 0.159256 -0.971702 0.174450
vn 0.159256 -0.971702 0.174450
vn 0.159256 -0.971702 0.174451
vn 0.824909 -0.276947 0.492774
vn 0.824909 -0.276947 0.492774
vn 0.824909 -0.276947 0.492774
vn 0.824909 -0.276947 0.492774
vn 0.824909 -0.276947 0.492774
vn 0.824909 -0.276947 0.492774
vn 0.864675 0.460025 -0.201776
vn 0.864675 0.460025 -0.201776
vn 0.864675 0.460025 -0.201776
vn 0.864675 0.460025 -0.201776
vn 0.864675 0.460025 -0.201776
vn 0.864675 0.460025 -0.201776
vn 0.223599 0.220743 -0.949356
vn 0.223599 0.220743 -0.949356
vn 0.223599 0.220743 -0.949356
vn 0.223599 0.220743 -0.949356
vn 0.223599 0.220743 -0.949356
vn 0.223599 0.220744 -0.949355
vn -0.212374 -0.664112 -0.716835
vn -0.212374 -0.664112 -0.716835
vn -0.212374 -0.664112 -0.716835
vn -0.212374 -0.664112 -0.716835
vn -0.212374 -0.664112 -0.716835
vn -0.212374 -0.664112 -0.716835
s off
g item_bomb:group1pTorus5
usemtl item_bomb:lambert7SG
f 1206/1426/7165 1205/1427/7166 1211/1428/7167
f 1211/1428/7168 1205/1427/7169 1210/1429/7170
f 1207/1430/7171 1206/1426/7172 1212/1431/7173
f 1212/1431/7174 1206/1426/7175 1211/1428/7176
f 1208/1432/7177 1207/1430/7178 1213/1433/7179
f 1213/1433/7180 1207/1430/7181 1212/1431/7182
f 1209/1434/7183 1208/1432/7184 1214/1435/7185
f 1214/1435/7186 1208/1432/7187 1213/1433/7188
f 1205/1436/7189 1209/1434/7190 1210/1437/7191
f 1210/1437/7192 1209/1434/7193 1214/1435/7194
f 1211/1428/7195 1210/1429/7196 1216/1438/7197
f 1216/1438/7198 1210/1429/7199 1215/1439/7200
f 1212/1431/7201 1211/1428/7202 1217/1440/7203
f 1217/1440/7204 1211/1428/7205 1216/1438/7206
f 1213/1433/7207 1212/1431/7208 1218/1441/7209
f 1218/1441/7210 1212/1431/7211 1217/1440/7212
f 1214/1435/7213 1213/1433/7214 1219/1442/7215
f 1219/1442/7216 1213/1433/7217 1218/1441/7218
f 1210/1437/7219 1214/1435/7220 1215/1443/7221
f 1215/1443/7222 1214/1435/7223 1219/1442/7224
f 1216/1438/7225 1215/1439/7226 1221/1444/7227
f 1221/1444/7228 1215/1439/7229 1220/1445/7230
f 1217/1440/7231 1216/1438/7232 1222/1446/7233
f 1222/1446/7234 1216/1438/7235 1221/1444/7236
f 1218/1441/7237 1217/1440/7238 1223/1447/7239
f 1223/1447/7240 1217/1440/7241 1222/1446/7242
f 1219/1442/7243 1218/1441/7244 1224/1448/7245
f 1224/1448/7246 1218/1441/7247 1223/1447/7248
f 1215/1443/7249 1219/1442/7250 1220/1449/7251
f 1220/1449/7252 1219/1442/7253 1224/1448/7254
f 1221/1444/7255 1220/1445/7256 1226/1450/7257
f 1226/1450/7258 1220/1445/7259 1225/1451/7260
f 1222/1446/7261 1221/1444/7262 1227/1452/7263
f 1227/1452/7264 1221/1444/7265 1226/1450/7266
f 1223/1447/7267 1222/1446/7268 1228/1453/7269
f 1228/1453/7270 1222/1446/7271 1227/1452/7272
f 1224/1448/7273 1223/1447/7274 1229/1454/7275
f 1229/1454/7276 1223/1447/7277 1228/1453/7278
f 1220/1449/7279 1224/1448/7280 1225/1455/7281
f 1225/1455/7282 1224/1448/7283 1229/1454/7284
f 1226/1450/7285 1225/1451/7286 1206/1456/7287
f 1206/1456/7288 1225/1451/7289 1205/1457/7290
f 1227/1452/7291 1226/1450/7292 1207/1458/7293
f 1207/1458/7294 1226/1450/7295 1206/1456/7296
f 1228/1453/7297 1227/1452/7298 1208/1459/7299
f 1208/1459/7300 1227/1452/7301 1207/1458/7302
f 1229/1454/7303 1228/1453/7304 1209/1460/7305
f 1209/1460/7306 1228/1453/7307 1208/1459/7308
f 1225/1455/7309 1229/1454/7310 1205/1461/7311
f 1205/1461/7312 1229/1454/7313 1209/1460/7314
g default
v 0.039752 0.347865 0.700576
v 0.030425 0.364756 0.694501
v 0.016466 0.376042 0.690443
v 0.000000 0.380005 0.689017
v -0.016466 0.376042 0.690443
v -0.030425 0.364756 0.694501
v -0.039752 0.347865 0.700576
v -0.066159 0.344900 0.703122
v -0.061123 0.321076 0.711690
v -0.046781 0.300879 0.718954
v -0.025318 0.287383 0.723807
v 0.000000 0.282645 0.725511
v 0.025318 0.287383 0.723807
v 0.046781 0.300879 0.718954
v 0.061123 0.321076 0.711690
v 0.066159 0.344900 0.703122
v 0.075613 0.370970 0.708381
v 0.057872 0.403099 0.696826
v 0.031320 0.424567 0.689106
v 0.000000 0.432106 0.686395
v -0.031320 0.424567 0.689106
v -0.057872 0.403099 0.696826
v -0.075613 0.370970 0.708381
v -0.097861 0.349961 0.717195
v -0.116262 0.304645 0.733492
v -0.088983 0.266228 0.747308
v -0.048157 0.240558 0.756540
v 0.000000 0.231544 0.759782
v 0.048157 0.240558 0.756540
v 0.088983 0.266228 0.747308
v 0.116262 0.304645 0.733492
v 0.097861 0.349961 0.717195
v 0.104072 0.393227 0.725475
v 0.065913 0.437449 0.709572
v 0.035672 0.466997 0.698945
v 0.000000 0.477372 0.695214
v -0.035672 0.466997 0.698945
v -0.065913 0.437449 0.709572
v -0.104072 0.393227 0.725475
v -0.134695 0.357844 0.739115
v -0.160021 0.295472 0.761546
v -0.122475 0.242595 0.780562
v -0.066283 0.207264 0.793268
v 0.000000 0.194857 0.797730
v 0.066283 0.207264 0.793268
v 0.122475 0.242595 0.780562
v 0.160021 0.295472 0.761546
v 0.134695 0.357844 0.739115
v 0.122344 0.412457 0.750186
v 0.077485 0.464442 0.731490
v 0.041935 0.499178 0.718998
v 0.000000 0.511375 0.714612
v -0.041934 0.499178 0.718998
v -0.077485 0.464442 0.731490
v -0.122344 0.412457 0.750186
v -0.158343 0.367777 0.766735
v -0.188117 0.294454 0.793104
v -0.143978 0.232294 0.815459
v -0.077920 0.190760 0.830396
v 0.000000 0.176175 0.835641
v 0.077920 0.190760 0.830396
v 0.143978 0.232294 0.815459
v 0.188117 0.294454 0.793104
v 0.158343 0.367777 0.766735
v 0.128641 0.426776 0.780094
v 0.081472 0.481437 0.760436
v 0.044093 0.517960 0.747301
v 0.000000 0.530786 0.742689
v -0.044093 0.517960 0.747301
v -0.081472 0.481437 0.760436
v -0.128640 0.426776 0.780094
v -0.166492 0.378788 0.797352
v -0.197797 0.301691 0.825078
v -0.151388 0.236332 0.848583
v -0.081930 0.192661 0.864289
v 0.000000 0.177325 0.869804
v 0.081930 0.192661 0.864289
v 0.151388 0.236332 0.848583
v 0.197797 0.301691 0.825078
v 0.166492 0.378788 0.797352
v 0.122344 0.434785 0.812271
v 0.077485 0.486770 0.793576
v 0.041935 0.521506 0.781084
v 0.000000 0.533703 0.776697
v -0.041934 0.521506 0.781084
v -0.077485 0.486770 0.793576
v -0.122344 0.434785 0.812271
v -0.158343 0.389799 0.827969
v -0.188117 0.316476 0.854338
v -0.143978 0.254315 0.876693
v -0.077920 0.212781 0.891630
v 0.000000 0.198196 0.896875
v 0.077920 0.212781 0.891630
v 0.143978 0.254315 0.876693
v 0.188117 0.316476 0.854338
v 0.158343 0.389799 0.827969
v 0.104072 0.435697 0.843569
v 0.079654 0.479919 0.827666
v 0.035672 0.509467 0.817039
v 0.000000 0.519843 0.813308
v -0.035672 0.509467 0.817039
v -0.079653 0.479919 0.827666
v -0.104072 0.435698 0.843569
v -0.134695 0.399732 0.855589
v -0.160021 0.337359 0.878020
v -0.122475 0.284483 0.897036
v -0.066283 0.249152 0.909742
v 0.000000 0.236745 0.914204
v 0.066283 0.249152 0.909742
v 0.122475 0.284483 0.897036
v 0.160021 0.337359 0.878020
v 0.134695 0.399732 0.855589
v 0.075613 0.429426 0.870923
v 0.057872 0.461555 0.859369
v 0.031320 0.483022 0.851648
v 0.000000 0.490561 0.848937
v -0.031320 0.483022 0.851648
v -0.057872 0.461555 0.859369
v -0.075613 0.429426 0.870923
v -0.097861 0.407615 0.877508
v -0.116262 0.362298 0.893805
v -0.088983 0.323881 0.907621
v -0.048157 0.298212 0.916853
v 0.000000 0.289198 0.920095
v 0.048157 0.298212 0.916853
v 0.088983 0.323881 0.907621
v 0.116262 0.362298 0.893805
v 0.097861 0.407614 0.877508
v 0.039752 0.416583 0.891656
v 0.030425 0.433474 0.885582
v 0.016466 0.444761 0.881523
v 0.000000 0.448724 0.880097
v -0.016466 0.444761 0.881523
v -0.030425 0.433474 0.885582
v -0.039752 0.416583 0.891656
v -0.051449 0.412676 0.891581
v -0.061123 0.388852 0.900149
v -0.046781 0.368654 0.907413
v -0.025318 0.355159 0.912266
v 0.000000 0.350420 0.913970
v 0.025318 0.355159 0.912266
v 0.046781 0.368654 0.907413
v 0.061123 0.388852 0.900149
v 0.051449 0.412676 0.891581
v 0.000000 0.343156 0.698273
v 0.000000 0.414420 0.896431
vt 0.000000 0.100000
vt 0.062500 0.100000
vt 0.000000 0.200000
vt 0.062500 0.200000
vt 0.125000 0.100000
vt 0.125000 0.200000
vt 0.187500 0.100000
vt 0.187500 0.200000
vt 0.250000 0.100000
vt 0.250000 0.200000
vt 0.312500 0.100000
vt 0.312500 0.200000
vt 0.375000 0.100000
vt 0.375000 0.200000
vt 0.437500 0.100000
vt 0.437500 0.200000
vt 0.500000 0.100000
vt 0.500000 0.200000
vt 0.562500 0.100000
vt 0.562500 0.200000
vt 0.625000 0.100000
vt 0.625000 0.200000
vt 0.687500 0.100000
vt 0.687500 0.200000
vt 0.750000 0.100000
vt 0.750000 0.200000
vt 0.812500 0.100000
vt 0.812500 0.200000
vt 0.875000 0.100000
vt 0.875000 0.200000
vt 0.937500 0.100000
vt 0.937500 0.200000
vt 1.000000 0.100000
vt 1.000000 0.200000
vt 0.000000 0.300000
vt 0.062500 0.300000
vt 0.125000 0.300000
vt 0.187500 0.300000
vt 0.250000 0.300000
vt 0.312500 0.300000
vt 0.375000 0.300000
vt 0.437500 0.300000
vt 0.500000 0.300000
vt 0.562500 0.300000
vt 0.625000 0.300000
vt 0.687500 0.300000
vt 0.750000 0.300000
vt 0.812500 0.300000
vt 0.875000 0.300000
vt 0.937500 0.300000
vt 1.000000 0.300000
vt 0.000000 0.400000
vt 0.062500 0.400000
vt 0.125000 0.400000
vt 0.187500 0.400000
vt 0.250000 0.400000
vt 0.312500 0.400000
vt 0.375000 0.400000
vt 0.437500 0.400000
vt 0.500000 0.400000
vt 0.562500 0.400000
vt 0.625000 0.400000
vt 0.687500 0.400000
vt 0.750000 0.400000
vt 0.812500 0.400000
vt 0.875000 0.400000
vt 0.937500 0.400000
vt 1.000000 0.400000
vt 0.000000 0.500000
vt 0.062500 0.500000
vt 0.125000 0.500000
vt 0.187500 0.500000
vt 0.250000 0.500000
vt 0.312500 0.500000
vt 0.375000 0.500000
vt 0.437500 0.500000
vt 0.500000 0.500000
vt 0.562500 0.500000
vt 0.625000 0.500000
vt 0.687500 0.500000
vt 0.750000 0.500000
vt 0.812500 0.500000
vt 0.875000 0.500000
vt 0.937500 0.500000
vt 1.000000 0.500000
vt 0.062500 0.600000
vt 0.000000 0.600000
vt 0.125000 0.600000
vt 0.187500 0.600000
vt 0.250000 0.600000
vt 0.312500 0.600000
vt 0.375000 0.600000
vt 0.437500 0.600000
vt 0.500000 0.600000
vt 0.562500 0.600000
vt 0.625000 0.600000
vt 0.687500 0.600000
vt 0.750000 0.600000
vt 0.812500 0.600000
vt 0.875000 0.600000
vt 0.937500 0.600000
vt 1.000000 0.600000
vt 0.062500 0.700000
vt 0.000000 0.700000
vt 0.125000 0.700000
vt 0.187500 0.700000
vt 0.250000 0.700000
vt 0.312500 0.700000
vt 0.375000 0.700000
vt 0.437500 0.700000
vt 0.500000 0.700000
vt 0.562500 0.700000
vt 0.625000 0.700000
vt 0.687500 0.700000
vt 0.750000 0.700000
vt 0.812500 0.700000
vt 0.875000 0.700000
vt 0.937500 0.700000
vt 1.000000 0.700000
vt 0.062500 0.800000
vt 0.000000 0.800000
vt 0.125000 0.800000
vt 0.187500 0.800000
vt 0.250000 0.800000
vt 0.312500 0.800000
vt 0.375000 0.800000
vt 0.437500 0.800000
vt 0.500000 0.800000
vt 0.562500 0.800000
vt 0.625000 0.800000
vt 0.687500 0.800000
vt 0.750000 0.800000
vt 0.812500 0.800000
vt 0.875000 0.800000
vt 0.937500 0.800000
vt 1.000000 0.800000
vt 0.062500 0.900000
vt 0.000000 0.900000
vt 0.125000 0.900000
vt 0.187500 0.900000
vt 0.250000 0.900000
vt 0.312500 0.900000
vt 0.375000 0.900000
vt 0.437500 0.900000
vt 0.500000 0.900000
vt 0.562500 0.900000
vt 0.625000 0.900000
vt 0.687500 0.900000
vt 0.750000 0.900000
vt 0.812500 0.900000
vt 0.875000 0.900000
vt 0.937500 0.900000
vt 1.000000 0.900000
vt 0.031250 0.000000
vt 0.093750 0.000000
vt 0.156250 0.000000
vt 0.218750 0.000000
vt 0.281250 0.000000
vt 0.343750 0.000000
vt 0.406250 0.000000
vt 0.468750 0.000000
vt 0.531250 0.000000
vt 0.593750 0.000000
vt 0.656250 0.000000
vt 0.718750 0.000000
vt 0.781250 0.000000
vt 0.843750 0.000000
vt 0.906250 0.000000
vt 0.968750 0.000000
vt 0.031250 1.000000
vt 0.093750 1.000000
vt 0.156250 1.000000
vt 0.218750 1.000000
vt 0.281250 1.000000
vt 0.343750 1.000000
vt 0.406250 1.000000
vt 0.468750 1.000000
vt 0.531250 1.000000
vt 0.593750 1.000000
vt 0.656250 1.000000
vt 0.718750 1.000000
vt 0.781250 1.000000
vt 0.843750 1.000000
vt 0.906250 1.000000
vt 0.968750 1.000000
vn 0.310287 -0.165359 -0.936151
vn 0.310287 -0.165359 -0.936151
vn 0.310287 -0.165359 -0.936151
vn 0.314467 -0.069915 -0.946690
vn 0.274968 -0.139145 -0.951331
vn 0.255417 -0.124700 -0.958755
vn 0.274968 -0.139145 -0.951331
vn 0.157896 -0.075456 -0.984569
vn 0.255417 -0.124700 -0.958755
vn 0.255417 -0.124700 -0.958755
vn 0.157896 -0.075456 -0.984569
vn 0.137936 -0.069441 -0.988004
vn 0.157896 -0.075456 -0.984569
vn 0.000000 -0.050272 -0.998736
vn 0.137936 -0.069441 -0.988004
vn 0.137936 -0.069441 -0.988004
vn 0.000000 -0.050272 -0.998736
vn 0.000000 -0.050272 -0.998736
vn -0.157896 -0.075456 -0.984569
vn -0.137935 -0.069441 -0.988004
vn 0.000000 -0.050272 -0.998736
vn 0.000000 -0.050272 -0.998736
vn -0.137935 -0.069441 -0.988004
vn 0.000000 -0.050272 -0.998736
vn -0.274967 -0.139144 -0.951332
vn -0.255417 -0.124699 -0.958756
vn -0.157896 -0.075456 -0.984569
vn -0.157896 -0.075456 -0.984569
vn -0.255417 -0.124699 -0.958756
vn -0.137935 -0.069441 -0.988004
vn -0.261181 -0.080434 -0.961933
vn -0.314467 -0.069915 -0.946690
vn -0.274967 -0.139144 -0.951332
vn -0.274967 -0.139144 -0.951332
vn -0.314467 -0.069915 -0.946690
vn -0.255417 -0.124699 -0.958756
vn -0.261181 -0.080434 -0.961933
vn -0.323357 -0.098704 -0.941115
vn -0.314467 -0.069915 -0.946690
vn -0.314467 -0.069915 -0.946690
vn -0.323357 -0.098704 -0.941115
vn -0.337216 -0.190384 -0.921976
vn -0.323357 -0.098704 -0.941115
vn -0.275542 -0.354426 -0.893565
vn -0.337216 -0.190384 -0.921976
vn -0.337216 -0.190384 -0.921976
vn -0.275542 -0.354426 -0.893565
vn -0.243188 -0.372358 -0.895661
vn -0.275542 -0.354426 -0.893565
vn -0.177350 -0.484826 -0.856441
vn -0.243188 -0.372358 -0.895661
vn -0.243188 -0.372358 -0.895661
vn -0.177350 -0.484826 -0.856441
vn -0.174159 -0.487845 -0.855381
vn -0.177350 -0.484826 -0.856441
vn -0.100176 -0.536772 -0.837759
vn -0.174159 -0.487845 -0.855381
vn -0.174159 -0.487845 -0.855381
vn -0.100176 -0.536772 -0.837759
vn -0.096003 -0.538413 -0.837195
vn -0.100176 -0.536772 -0.837759
vn -0.007750 -0.556973 -0.830494
vn -0.096003 -0.538413 -0.837195
vn -0.096003 -0.538413 -0.837195
vn -0.007750 -0.556973 -0.830494
vn -0.003231 -0.556987 -0.830515
vn -0.007750 -0.556973 -0.830494
vn 0.085855 -0.542353 -0.835752
vn -0.003231 -0.556987 -0.830515
vn -0.003231 -0.556987 -0.830515
vn 0.085855 -0.542353 -0.835752
vn 0.090033 -0.540739 -0.836358
vn 0.085855 -0.542353 -0.835752
vn 0.166390 -0.495139 -0.852732
vn 0.090033 -0.540739 -0.836358
vn 0.090033 -0.540739 -0.836358
vn 0.166390 -0.495139 -0.852732
vn 0.169590 -0.492144 -0.853835
vn 0.166390 -0.495139 -0.852732
vn 0.264960 -0.370854 -0.890092
vn 0.169590 -0.492144 -0.853835
vn 0.169590 -0.492144 -0.853835
vn 0.264960 -0.370854 -0.890092
vn 0.240101 -0.379718 -0.893401
vn 0.323357 -0.098704 -0.941115
vn 0.337216 -0.190384 -0.921976
vn 0.264960 -0.370854 -0.890092
vn 0.264960 -0.370854 -0.890092
vn 0.337216 -0.190384 -0.921976
vn 0.240101 -0.379718 -0.893401
vn 0.261181 -0.080435 -0.961933
vn 0.314467 -0.069915 -0.946690
vn 0.323357 -0.098704 -0.941115
vn 0.323357 -0.098704 -0.941115
vn 0.314467 -0.069915 -0.946690
vn 0.337216 -0.190384 -0.921976
vn 0.495797 0.032570 -0.867828
vn 0.512827 0.146858 -0.845838
vn 0.507841 0.092263 -0.856496
vn 0.507841 0.092263 -0.856496
vn 0.512827 0.146858 -0.845838
vn 0.492834 0.179761 -0.851352
vn 0.512827 0.146858 -0.845838
vn 0.324308 0.197455 -0.925114
vn 0.492834 0.179761 -0.851352
vn 0.492834 0.179761 -0.851352
vn 0.324308 0.197455 -0.925114
vn 0.269082 0.183510 -0.945473
vn 0.324308 0.197455 -0.925114
vn 0.000000 0.202459 -0.979291
vn 0.269082 0.183510 -0.945473
vn 0.269082 0.183510 -0.945473
vn 0.000000 0.202459 -0.979291
vn 0.000001 0.191231 -0.981545
vn -0.324307 0.197455 -0.925114
vn -0.269082 0.183511 -0.945473
vn 0.000000 0.202459 -0.979291
vn 0.000000 0.202459 -0.979291
vn -0.269082 0.183511 -0.945473
vn 0.000001 0.191231 -0.981545
vn -0.512826 0.146859 -0.845838
vn -0.492833 0.179761 -0.851353
vn -0.324307 0.197455 -0.925114
vn -0.324307 0.197455 -0.925114
vn -0.492833 0.179761 -0.851353
vn -0.269082 0.183511 -0.945473
vn -0.495796 0.032569 -0.867828
vn -0.507841 0.092263 -0.856496
vn -0.512826 0.146859 -0.845838
vn -0.512826 0.146859 -0.845838
vn -0.507841 0.092263 -0.856496
vn -0.492833 0.179761 -0.851353
vn -0.495796 0.032569 -0.867828
vn -0.500417 0.014105 -0.865670
vn -0.507841 0.092263 -0.856496
vn -0.507841 0.092263 -0.856496
vn -0.500417 0.014105 -0.865670
vn -0.517379 -0.040623 -0.854792
vn -0.500417 0.014105 -0.865670
vn -0.472300 -0.291211 -0.831943
vn -0.517379 -0.040623 -0.854792
vn -0.517379 -0.040623 -0.854792
vn -0.472300 -0.291211 -0.831943
vn -0.443091 -0.375629 -0.813986
vn -0.472300 -0.291211 -0.831943
vn -0.318187 -0.591519 -0.740852
vn -0.443091 -0.375629 -0.813986
vn -0.443091 -0.375629 -0.813986
vn -0.318187 -0.591519 -0.740852
vn -0.316395 -0.593222 -0.740258
vn -0.318187 -0.591519 -0.740852
vn -0.176901 -0.684188 -0.707526
vn -0.316395 -0.593222 -0.740258
vn -0.316395 -0.593222 -0.740258
vn -0.176901 -0.684188 -0.707526
vn -0.174556 -0.685116 -0.707210
vn -0.176901 -0.684188 -0.707526
vn -0.008684 -0.718925 -0.695033
vn -0.174556 -0.685116 -0.707210
vn -0.174556 -0.685116 -0.707210
vn -0.008684 -0.718925 -0.695033
vn -0.006142 -0.718939 -0.695046
vn -0.008684 -0.718925 -0.695033
vn 0.160855 -0.690442 -0.705277
vn -0.006142 -0.718939 -0.695046
vn -0.006142 -0.718939 -0.695046
vn 0.160855 -0.690442 -0.705277
vn 0.163206 -0.689540 -0.705619
vn 0.160855 -0.690442 -0.705277
vn 0.305905 -0.603076 -0.736696
vn 0.163206 -0.689540 -0.705619
vn 0.163206 -0.689540 -0.705619
vn 0.305905 -0.603076 -0.736696
vn 0.307708 -0.601396 -0.737318
vn 0.305905 -0.603076 -0.736696
vn 0.464915 -0.313898 -0.827842
vn 0.307708 -0.601396 -0.737318
vn 0.307708 -0.601396 -0.737318
vn 0.464915 -0.313898 -0.827842
vn 0.437574 -0.390154 -0.810129
vn 0.500417 0.014105 -0.865670
vn 0.517379 -0.040624 -0.854792
vn 0.464915 -0.313898 -0.827842
vn 0.464915 -0.313898 -0.827842
vn 0.517379 -0.040624 -0.854792
vn 0.437574 -0.390154 -0.810129
vn 0.495797 0.032570 -0.867828
vn 0.507841 0.092263 -0.856496
vn 0.500417 0.014105 -0.865670
vn 0.500417 0.014105 -0.865670
vn 0.507841 0.092263 -0.856496
vn 0.517379 -0.040624 -0.854792
vn 0.643992 0.295091 -0.705830
vn 0.623891 0.313734 -0.715773
vn 0.649755 0.294588 -0.700740
vn 0.649755 0.294588 -0.700740
vn 0.623891 0.313734 -0.715773
vn 0.618630 0.318121 -0.718398
vn 0.623891 0.313734 -0.715773
vn 0.454902 0.405515 -0.792857
vn 0.618630 0.318121 -0.718398
vn 0.618630 0.318121 -0.718398
vn 0.454902 0.405515 -0.792857
vn 0.410808 0.423240 -0.807530
vn 0.454902 0.405515 -0.792857
vn 0.000001 0.495511 -0.868602
vn 0.410808 0.423240 -0.807530
vn 0.410808 0.423240 -0.807530
vn 0.000001 0.495511 -0.868602
vn 0.000001 0.495511 -0.868602
vn -0.454901 0.405516 -0.792857
vn -0.410807 0.423240 -0.807530
vn 0.000001 0.495511 -0.868602
vn 0.000001 0.495511 -0.868602
vn -0.410807 0.423240 -0.807530
vn 0.000001 0.495511 -0.868602
vn -0.623890 0.313735 -0.715773
vn -0.618630 0.318121 -0.718398
vn -0.454901 0.405516 -0.792857
vn -0.454901 0.405516 -0.792857
vn -0.618630 0.318121 -0.718398
vn -0.410807 0.423240 -0.807530
vn -0.643992 0.295092 -0.705830
vn -0.649755 0.294589 -0.700740
vn -0.623890 0.313735 -0.715773
vn -0.623890 0.313735 -0.715773
vn -0.649755 0.294589 -0.700740
vn -0.618630 0.318121 -0.718398
vn -0.643992 0.295092 -0.705830
vn -0.708779 0.184959 -0.680752
vn -0.649755 0.294589 -0.700740
vn -0.649755 0.294589 -0.700740
vn -0.708779 0.184959 -0.680752
vn -0.726558 0.140460 -0.672596
vn -0.708779 0.184959 -0.680752
vn -0.719824 -0.246825 -0.648791
vn -0.726558 0.140460 -0.672596
vn -0.726558 0.140460 -0.672596
vn -0.719824 -0.246825 -0.648791
vn -0.696723 -0.340730 -0.631253
vn -0.719824 -0.246825 -0.648791
vn -0.496692 -0.700262 -0.512767
vn -0.696723 -0.340730 -0.631253
vn -0.696723 -0.340730 -0.631253
vn -0.496692 -0.700262 -0.512767
vn -0.495947 -0.700973 -0.512518
vn -0.496692 -0.700262 -0.512767
vn -0.273122 -0.844353 -0.460947
vn -0.495947 -0.700973 -0.512518
vn -0.495947 -0.700973 -0.512518
vn -0.273122 -0.844353 -0.460947
vn -0.272145 -0.844741 -0.460814
vn -0.273122 -0.844353 -0.460947
vn -0.007972 -0.896967 -0.442026
vn -0.272145 -0.844741 -0.460814
vn -0.272145 -0.844741 -0.460814
vn -0.007972 -0.896967 -0.442026
vn -0.006912 -0.896974 -0.442029
vn -0.007972 -0.896967 -0.442026
vn 0.258392 -0.850094 -0.458883
vn -0.006912 -0.896974 -0.442029
vn -0.006912 -0.896974 -0.442029
vn 0.258392 -0.850094 -0.458883
vn 0.259374 -0.849719 -0.459024
vn 0.258392 -0.850094 -0.458883
vn 0.485418 -0.710871 -0.508952
vn 0.259374 -0.849719 -0.459024
vn 0.259374 -0.849719 -0.459024
vn 0.485418 -0.710871 -0.508952
vn 0.486172 -0.710171 -0.509210
vn 0.485418 -0.710871 -0.508952
vn 0.715363 -0.267583 -0.645488
vn 0.486172 -0.710171 -0.509210
vn 0.486172 -0.710171 -0.509210
vn 0.715363 -0.267583 -0.645488
vn 0.691698 -0.357786 -0.627330
vn 0.708779 0.184959 -0.680752
vn 0.726558 0.140460 -0.672595
vn 0.715363 -0.267583 -0.645488
vn 0.715363 -0.267583 -0.645488
vn 0.726558 0.140460 -0.672595
vn 0.691698 -0.357786 -0.627330
vn 0.643992 0.295091 -0.705830
vn 0.649755 0.294588 -0.700740
vn 0.708779 0.184959 -0.680752
vn 0.708779 0.184959 -0.680752
vn 0.649755 0.294588 -0.700740
vn 0.726558 0.140460 -0.672595
vn 0.769186 0.498041 -0.400384
vn 0.738222 0.532366 -0.414265
vn 0.770675 0.497434 -0.398272
vn 0.770675 0.497434 -0.398272
vn 0.738222 0.532366 -0.414265
vn 0.736137 0.534497 -0.415229
vn 0.738222 0.532366 -0.414265
vn 0.538363 0.682673 -0.494088
vn 0.736137 0.534497 -0.415229
vn 0.736137 0.534497 -0.415229
vn 0.538363 0.682673 -0.494088
vn 0.519490 0.693185 -0.499624
vn 0.538363 0.682673 -0.494088
vn 0.000001 0.822574 -0.568659
vn 0.519490 0.693185 -0.499624
vn 0.519490 0.693185 -0.499624
vn 0.000001 0.822574 -0.568659
vn 0.000001 0.822574 -0.568659
vn -0.538362 0.682674 -0.494088
vn -0.519489 0.693186 -0.499625
vn 0.000001 0.822574 -0.568659
vn 0.000001 0.822574 -0.568659
vn -0.519489 0.693186 -0.499625
vn 0.000001 0.822574 -0.568659
vn -0.738221 0.532366 -0.414265
vn -0.736136 0.534498 -0.415230
vn -0.538362 0.682674 -0.494088
vn -0.538362 0.682674 -0.494088
vn -0.736136 0.534498 -0.415230
vn -0.519489 0.693186 -0.499625
vn -0.769186 0.498041 -0.400385
vn -0.770674 0.497434 -0.398272
vn -0.738221 0.532366 -0.414265
vn -0.738221 0.532366 -0.414265
vn -0.770674 0.497434 -0.398272
vn -0.736136 0.534498 -0.415230
vn -0.769186 0.498041 -0.400385
vn -0.859748 0.361496 -0.360768
vn -0.770674 0.497434 -0.398272
vn -0.770674 0.497434 -0.398272
vn -0.859748 0.361496 -0.360768
vn -0.869195 0.344110 -0.355088
vn -0.859748 0.361496 -0.360768
vn -0.954383 -0.158404 -0.253105
vn -0.869195 0.344110 -0.355088
vn -0.869195 0.344110 -0.355088
vn -0.954383 -0.158404 -0.253105
vn -0.948601 -0.205474 -0.240700
vn -0.954383 -0.158404 -0.253105
vn -0.675617 -0.734679 -0.061552
vn -0.948601 -0.205474 -0.240700
vn -0.948601 -0.205474 -0.240700
vn -0.675617 -0.734679 -0.061552
vn -0.675521 -0.734770 -0.061519
vn -0.675617 -0.734679 -0.061552
vn -0.367599 -0.929944 0.008671
vn -0.675521 -0.734770 -0.061519
vn -0.675521 -0.734770 -0.061519
vn -0.367599 -0.929944 0.008671
vn -0.367473 -0.929994 0.008689
vn -0.367599 -0.929944 0.008671
vn -0.003617 -0.999427 0.033659
vn -0.367473 -0.929994 0.008689
vn -0.367473 -0.929994 0.008689
vn -0.003617 -0.999427 0.033659
vn -0.003480 -0.999427 0.033659
vn -0.003617 -0.999427 0.033659
vn 0.360916 -0.932549 0.009608
vn -0.003480 -0.999427 0.033659
vn -0.003480 -0.999427 0.033659
vn 0.360916 -0.932549 0.009608
vn 0.361042 -0.932500 0.009590
vn 0.360916 -0.932549 0.009608
vn 0.670502 -0.739492 -0.059821
vn 0.361042 -0.932500 0.009590
vn 0.361042 -0.932500 0.009590
vn 0.670502 -0.739492 -0.059821
vn 0.670599 -0.739402 -0.059854
vn 0.670502 -0.739492 -0.059821
vn 0.953450 -0.167474 -0.250770
vn 0.670599 -0.739402 -0.059854
vn 0.670599 -0.739402 -0.059854
vn 0.953450 -0.167474 -0.250770
vn 0.947276 -0.214161 -0.238333
vn 0.859748 0.361496 -0.360769
vn 0.869195 0.344110 -0.355088
vn 0.953450 -0.167474 -0.250770
vn 0.953450 -0.167474 -0.250770
vn 0.869195 0.344110 -0.355088
vn 0.947276 -0.214161 -0.238333
vn 0.769186 0.498041 -0.400384
vn 0.770675 0.497434 -0.398272
vn 0.859748 0.361496 -0.360769
vn 0.859748 0.361496 -0.360769
vn 0.770675 0.497434 -0.398272
vn 0.869195 0.344110 -0.355088
vn 0.736137 0.676529 -0.020293
vn 0.738222 0.674271 -0.019679
vn 0.770675 0.637154 -0.009761
vn 0.770675 0.637154 -0.009761
vn 0.738222 0.674271 -0.019679
vn 0.769186 0.638968 -0.008519
vn 0.519490 0.852620 -0.056295
vn 0.538363 0.840989 -0.053868
vn 0.736137 0.676529 -0.020293
vn 0.736137 0.676529 -0.020293
vn 0.538363 0.840989 -0.053868
vn 0.738222 0.674271 -0.019679
vn 0.000001 0.996340 -0.085479
vn 0.000001 0.996340 -0.085479
vn 0.519490 0.852620 -0.056295
vn 0.519490 0.852620 -0.056295
vn 0.000001 0.996340 -0.085479
vn 0.538363 0.840989 -0.053868
vn 0.000001 0.996340 -0.085479
vn -0.519489 0.852621 -0.056295
vn 0.000001 0.996340 -0.085479
vn 0.000001 0.996340 -0.085479
vn -0.519489 0.852621 -0.056295
vn -0.538362 0.840990 -0.053868
vn -0.519489 0.852621 -0.056295
vn -0.736136 0.676529 -0.020293
vn -0.538362 0.840990 -0.053868
vn -0.538362 0.840990 -0.053868
vn -0.736136 0.676529 -0.020293
vn -0.738221 0.674271 -0.019679
vn -0.736136 0.676529 -0.020293
vn -0.770674 0.637154 -0.009761
vn -0.738221 0.674271 -0.019679
vn -0.738221 0.674271 -0.019679
vn -0.770674 0.637154 -0.009761
vn -0.769186 0.638968 -0.008519
vn -0.869196 0.491445 0.054596
vn -0.859748 0.508467 0.047903
vn -0.770674 0.637154 -0.009761
vn -0.770674 0.637154 -0.009761
vn -0.859748 0.508467 0.047903
vn -0.769186 0.638968 -0.008519
vn -0.947277 -0.013316 0.320140
vn -0.953450 0.030599 0.299994
vn -0.869196 0.491445 0.054596
vn -0.869196 0.491445 0.054596
vn -0.953450 0.030599 0.299994
vn -0.859748 0.508467 0.047903
vn -0.947277 -0.013316 0.320140
vn -0.670599 -0.531925 0.517062
vn -0.953450 0.030599 0.299994
vn -0.953450 0.030599 0.299994
vn -0.670599 -0.531925 0.517062
vn -0.670502 -0.532015 0.517095
vn -0.670599 -0.531925 0.517062
vn -0.361042 -0.725023 0.586506
vn -0.670502 -0.532015 0.517095
vn -0.670502 -0.532015 0.517095
vn -0.361042 -0.725023 0.586506
vn -0.360916 -0.725072 0.586524
vn -0.361042 -0.725023 0.586506
vn 0.003480 -0.791950 0.610576
vn -0.360916 -0.725072 0.586524
vn -0.360916 -0.725072 0.586524
vn 0.003480 -0.791950 0.610576
vn 0.003617 -0.791950 0.610575
vn 0.003480 -0.791950 0.610576
vn 0.367472 -0.722517 0.585605
vn 0.003617 -0.791950 0.610575
vn 0.003617 -0.791950 0.610575
vn 0.367472 -0.722517 0.585605
vn 0.367598 -0.722468 0.585587
vn 0.367472 -0.722517 0.585605
vn 0.675520 -0.527294 0.515396
vn 0.367598 -0.722468 0.585587
vn 0.367598 -0.722468 0.585587
vn 0.675520 -0.527294 0.515396
vn 0.675617 -0.527203 0.515363
vn 0.675520 -0.527294 0.515396
vn 0.948601 -0.005112 0.316433
vn 0.675617 -0.527203 0.515363
vn 0.675617 -0.527203 0.515363
vn 0.948601 -0.005112 0.316433
vn 0.954383 0.039078 0.296018
vn 0.948601 -0.005112 0.316433
vn 0.869195 0.491445 0.054597
vn 0.954383 0.039078 0.296018
vn 0.954383 0.039078 0.296018
vn 0.869195 0.491445 0.054597
vn 0.859748 0.508467 0.047903
vn 0.869195 0.491445 0.054597
vn 0.770675 0.637154 -0.009761
vn 0.859748 0.508467 0.047903
vn 0.859748 0.508467 0.047903
vn 0.770675 0.637154 -0.009761
vn 0.769186 0.638968 -0.008519
vn 0.636291 0.753341 0.166167
vn 0.681327 0.714049 0.161021
vn 0.700880 0.636191 0.322532
vn 0.700880 0.636191 0.322532
vn 0.681327 0.714049 0.161021
vn 0.693719 0.607257 0.387289
vn 0.410808 0.840607 0.353012
vn 0.441913 0.842640 0.307685
vn 0.636291 0.753341 0.166167
vn 0.636291 0.753341 0.166167
vn 0.441913 0.842640 0.307685
vn 0.681327 0.714049 0.161021
vn 0.000001 0.935220 0.354066
vn 0.000001 0.935220 0.354066
vn 0.410808 0.840607 0.353012
vn 0.410808 0.840607 0.353012
vn 0.000001 0.935220 0.354066
vn 0.441913 0.842640 0.307685
vn 0.000001 0.935220 0.354066
vn -0.410807 0.840607 0.353012
vn 0.000001 0.935220 0.354066
vn 0.000001 0.935220 0.354066
vn -0.410807 0.840607 0.353012
vn -0.441912 0.842641 0.307685
vn -0.410807 0.840607 0.353012
vn -0.636291 0.753341 0.166167
vn -0.441912 0.842641 0.307685
vn -0.441912 0.842641 0.307685
vn -0.636291 0.753341 0.166167
vn -0.681327 0.714049 0.161021
vn -0.636291 0.753341 0.166167
vn -0.700880 0.636192 0.322532
vn -0.681327 0.714049 0.161021
vn -0.681327 0.714049 0.161021
vn -0.700880 0.636192 0.322532
vn -0.693719 0.607258 0.387289
vn -0.726558 0.536657 0.429083
vn -0.708779 0.576159 0.407031
vn -0.700880 0.636192 0.322532
vn -0.700880 0.636192 0.322532
vn -0.708779 0.576159 0.407031
vn -0.693719 0.607258 0.387289
vn -0.691698 0.123703 0.711513
vn -0.715363 0.204811 0.668064
vn -0.726558 0.536657 0.429083
vn -0.726558 0.536657 0.429083
vn -0.715363 0.204811 0.668064
vn -0.708779 0.576159 0.407031
vn -0.691698 0.123703 0.711513
vn -0.486172 -0.223199 0.844878
vn -0.715363 0.204811 0.668064
vn -0.715363 0.204811 0.668064
vn -0.486172 -0.223199 0.844878
vn -0.485418 -0.223902 0.845125
vn -0.486172 -0.223199 0.844878
vn -0.259374 -0.362747 0.895064
vn -0.485418 -0.223902 0.845125
vn -0.485418 -0.223902 0.845125
vn -0.259374 -0.362747 0.895064
vn -0.258392 -0.363126 0.895194
vn -0.259374 -0.362747 0.895064
vn 0.006912 -0.410002 0.912058
vn -0.258392 -0.363126 0.895194
vn -0.258392 -0.363126 0.895194
vn 0.006912 -0.410002 0.912058
vn 0.007972 -0.409999 0.912051
vn 0.006912 -0.410002 0.912058
vn 0.272145 -0.357770 0.893274
vn 0.007972 -0.409999 0.912051
vn 0.007972 -0.409999 0.912051
vn 0.272145 -0.357770 0.893274
vn 0.273122 -0.357385 0.893130
vn 0.272145 -0.357770 0.893274
vn 0.495947 -0.214001 0.841570
vn 0.273122 -0.357385 0.893130
vn 0.273122 -0.357385 0.893130
vn 0.495947 -0.214001 0.841570
vn 0.496692 -0.213294 0.841310
vn 0.495947 -0.214001 0.841570
vn 0.696723 0.139351 0.703675
vn 0.496692 -0.213294 0.841310
vn 0.496692 -0.213294 0.841310
vn 0.696723 0.139351 0.703675
vn 0.719824 0.222917 0.657389
vn 0.696723 0.139351 0.703675
vn 0.726558 0.536657 0.429083
vn 0.719824 0.222917 0.657389
vn 0.719824 0.222917 0.657389
vn 0.726558 0.536657 0.429083
vn 0.708779 0.576159 0.407031
vn 0.726558 0.536657 0.429083
vn 0.700880 0.636191 0.322532
vn 0.708779 0.576159 0.407031
vn 0.708779 0.576159 0.407031
vn 0.700880 0.636191 0.322532
vn 0.693719 0.607257 0.387289
vn 0.436205 0.628372 0.644107
vn 0.463951 0.590181 0.660633
vn 0.503483 0.579482 0.640863
vn 0.503483 0.579482 0.640863
vn 0.463951 0.590181 0.660633
vn 0.495797 0.577820 0.648313
vn 0.243272 0.751589 0.613134
vn 0.276351 0.737516 0.616198
vn 0.436205 0.628372 0.644107
vn 0.436205 0.628372 0.644107
vn 0.276351 0.737516 0.616198
vn 0.463951 0.590181 0.660633
vn 0.000001 0.772566 0.634934
vn 0.000000 0.779787 0.626045
vn 0.243272 0.751589 0.613134
vn 0.243272 0.751589 0.613134
vn 0.000000 0.779787 0.626045
vn 0.276351 0.737516 0.616198
vn 0.000001 0.772566 0.634934
vn -0.243271 0.751589 0.613134
vn 0.000000 0.779787 0.626045
vn 0.000000 0.779787 0.626045
vn -0.243271 0.751589 0.613134
vn -0.276350 0.737516 0.616198
vn -0.243271 0.751589 0.613134
vn -0.436205 0.628372 0.644107
vn -0.276350 0.737516 0.616198
vn -0.276350 0.737516 0.616198
vn -0.436205 0.628372 0.644107
vn -0.463950 0.590181 0.660633
vn -0.436205 0.628372 0.644107
vn -0.503482 0.579482 0.640863
vn -0.463950 0.590181 0.660633
vn -0.463950 0.590181 0.660633
vn -0.503482 0.579482 0.640863
vn -0.495796 0.577821 0.648313
vn -0.517379 0.513089 0.684878
vn -0.500417 0.562211 0.658409
vn -0.503482 0.579482 0.640863
vn -0.503482 0.579482 0.640863
vn -0.500417 0.562211 0.658409
vn -0.495796 0.577821 0.648313
vn -0.437574 0.215172 0.873058
vn -0.464915 0.285243 0.838147
vn -0.517379 0.513089 0.684878
vn -0.517379 0.513089 0.684878
vn -0.464915 0.285243 0.838147
vn -0.500417 0.562211 0.658409
vn -0.437574 0.215172 0.873058
vn -0.307709 0.005942 0.951462
vn -0.464915 0.285243 0.838147
vn -0.464915 0.285243 0.838147
vn -0.307709 0.005942 0.951462
vn -0.305905 0.004250 0.952052
vn -0.307709 0.005942 0.951462
vn -0.163207 -0.082202 0.983161
vn -0.305905 0.004250 0.952052
vn -0.305905 0.004250 0.952052
vn -0.163207 -0.082202 0.983161
vn -0.160855 -0.083116 0.983472
vn -0.163207 -0.082202 0.983161
vn 0.006142 -0.111601 0.993734
vn -0.160855 -0.083116 0.983472
vn -0.160855 -0.083116 0.983472
vn 0.006142 -0.111601 0.993734
vn 0.008684 -0.111599 0.993715
vn 0.006142 -0.111601 0.993734
vn 0.174556 -0.077779 0.981570
vn 0.008684 -0.111599 0.993715
vn 0.008684 -0.111599 0.993715
vn 0.174556 -0.077779 0.981570
vn 0.176901 -0.076862 0.981223
vn 0.174556 -0.077779 0.981570
vn 0.316395 0.014116 0.948523
vn 0.176901 -0.076862 0.981223
vn 0.176901 -0.076862 0.981223
vn 0.316395 0.014116 0.948523
vn 0.318186 0.015807 0.947896
vn 0.316395 0.014116 0.948523
vn 0.443091 0.228827 0.866780
vn 0.318186 0.015807 0.947896
vn 0.318186 0.015807 0.947896
vn 0.443091 0.228827 0.866780
vn 0.472300 0.305345 0.826860
vn 0.443091 0.228827 0.866780
vn 0.517379 0.513089 0.684878
vn 0.472300 0.305345 0.826860
vn 0.472300 0.305345 0.826860
vn 0.517379 0.513089 0.684878
vn 0.500417 0.562211 0.658409
vn 0.517379 0.513089 0.684878
vn 0.503483 0.579482 0.640863
vn 0.500417 0.562211 0.658409
vn 0.500417 0.562211 0.658409
vn 0.503483 0.579482 0.640863
vn 0.495797 0.577820 0.648313
vn 0.255417 0.514484 0.818577
vn 0.274968 0.498619 0.822053
vn 0.302853 0.504209 0.808736
vn 0.302853 0.504209 0.808736
vn 0.274968 0.498619 0.822053
vn 0.293112 0.498550 0.815802
vn 0.137936 0.575714 0.805932
vn 0.157896 0.568889 0.807115
vn 0.255417 0.514484 0.818577
vn 0.255417 0.514484 0.818577
vn 0.157896 0.568889 0.807115
vn 0.274968 0.498619 0.822053
vn 0.000000 0.597327 0.801998
vn 0.000000 0.597327 0.801998
vn 0.137936 0.575714 0.805932
vn 0.137936 0.575714 0.805932
vn 0.000000 0.597327 0.801998
vn 0.157896 0.568889 0.807115
vn 0.000000 0.597327 0.801998
vn -0.137935 0.575714 0.805932
vn 0.000000 0.597327 0.801998
vn 0.000000 0.597327 0.801998
vn -0.137935 0.575714 0.805932
vn -0.157896 0.568889 0.807115
vn -0.137935 0.575714 0.805932
vn -0.255417 0.514484 0.818577
vn -0.157896 0.568889 0.807115
vn -0.157896 0.568889 0.807115
vn -0.255417 0.514484 0.818577
vn -0.274967 0.498620 0.822053
vn -0.255417 0.514484 0.818577
vn -0.302852 0.504210 0.808736
vn -0.274967 0.498620 0.822053
vn -0.274967 0.498620 0.822053
vn -0.302852 0.504210 0.808736
vn -0.293111 0.498551 0.815802
vn -0.303622 0.451857 0.838832
vn -0.280619 0.510275 0.812940
vn -0.302852 0.504210 0.808736
vn -0.302852 0.504210 0.808736
vn -0.280619 0.510275 0.812940
vn -0.293111 0.498551 0.815802
vn -0.240101 0.276253 0.930610
vn -0.258514 0.318976 0.911825
vn -0.303622 0.451857 0.838832
vn -0.303622 0.451857 0.838832
vn -0.258514 0.318976 0.911825
vn -0.280619 0.510275 0.812940
vn -0.240101 0.276253 0.930610
vn -0.169590 0.164378 0.971709
vn -0.258514 0.318976 0.911825
vn -0.258514 0.318976 0.911825
vn -0.169590 0.164378 0.971709
vn -0.166390 0.161367 0.972767
vn -0.169590 0.164378 0.971709
vn -0.090033 0.115783 0.989186
vn -0.166390 0.161367 0.972767
vn -0.166390 0.161367 0.972767
vn -0.090033 0.115783 0.989186
vn -0.085855 0.114152 0.989747
vn -0.090033 0.115783 0.989186
vn 0.003231 0.099535 0.995029
vn -0.085855 0.114152 0.989747
vn -0.085855 0.114152 0.989747
vn 0.003231 0.099535 0.995029
vn 0.007750 0.099533 0.995004
vn 0.003231 0.099535 0.995029
vn 0.096002 0.118110 0.988349
vn 0.007750 0.099533 0.995004
vn 0.007750 0.099533 0.995004
vn 0.096002 0.118110 0.988349
vn 0.100176 0.119734 0.987739
vn 0.096002 0.118110 0.988349
vn 0.174159 0.168677 0.970163
vn 0.100176 0.119734 0.987739
vn 0.100176 0.119734 0.987739
vn 0.174159 0.168677 0.970163
vn 0.177350 0.171680 0.969058
vn 0.174159 0.168677 0.970163
vn 0.243188 0.283366 0.927666
vn 0.177350 0.171680 0.969058
vn 0.177350 0.171680 0.969058
vn 0.243188 0.283366 0.927666
vn 0.266403 0.337505 0.902840
vn 0.243188 0.283366 0.927666
vn 0.303622 0.451857 0.838832
vn 0.266403 0.337505 0.902840
vn 0.266403 0.337505 0.902840
vn 0.303622 0.451857 0.838832
vn 0.280619 0.510275 0.812940
vn 0.303622 0.451857 0.838832
vn 0.302853 0.504209 0.808736
vn 0.280619 0.510275 0.812940
vn 0.280619 0.510275 0.812940
vn 0.302853 0.504209 0.808736
vn 0.293112 0.498550 0.815802
vn 0.079658 -0.279286 -0.956898
vn 0.084031 -0.235891 -0.968140
vn 0.000000 -0.353063 -0.935600
vn 0.046663 -0.253430 -0.966228
vn 0.079658 -0.279286 -0.956898
vn 0.000000 -0.353063 -0.935600
vn 0.000000 -0.243610 -0.969873
vn 0.046663 -0.253430 -0.966228
vn 0.000000 -0.353063 -0.935600
vn -0.046663 -0.253430 -0.966228
vn 0.000000 -0.243610 -0.969873
vn 0.000000 -0.353063 -0.935600
vn -0.079658 -0.279287 -0.956898
vn -0.046663 -0.253430 -0.966228
vn 0.000000 -0.353063 -0.935600
vn -0.084031 -0.235890 -0.968140
vn -0.079658 -0.279287 -0.956898
vn 0.000000 -0.353063 -0.935600
vn -0.077652 -0.349228 -0.933815
vn -0.084031 -0.235890 -0.968140
vn 0.000000 -0.353063 -0.935600
vn -0.071747 -0.365355 -0.928099
vn -0.077652 -0.349228 -0.933815
vn 0.000000 -0.353063 -0.935600
vn -0.054913 -0.389063 -0.919573
vn -0.071747 -0.365355 -0.928099
vn 0.000000 -0.353063 -0.935600
vn -0.029719 -0.404903 -0.913876
vn -0.054913 -0.389063 -0.919573
vn 0.000000 -0.353063 -0.935600
vn 0.000000 -0.410466 -0.911876
vn -0.029719 -0.404903 -0.913876
vn 0.000000 -0.353063 -0.935600
vn 0.029718 -0.404904 -0.913876
vn 0.000000 -0.410466 -0.911876
vn 0.000000 -0.353063 -0.935600
vn 0.054913 -0.389063 -0.919573
vn 0.029718 -0.404904 -0.913876
vn 0.000000 -0.353063 -0.935600
vn 0.071747 -0.365355 -0.928099
vn 0.054913 -0.389063 -0.919573
vn 0.000000 -0.353063 -0.935600
vn 0.077652 -0.349228 -0.933815
vn 0.071747 -0.365355 -0.928099
vn 0.000000 -0.353063 -0.935600
vn 0.084031 -0.235891 -0.968140
vn 0.077652 -0.349228 -0.933815
vn 0.000000 -0.353063 -0.935600
vn 0.093514 0.343796 0.934377
vn 0.079657 0.394122 0.915600
vn 0.000000 0.329682 0.944092
vn 0.079657 0.394122 0.915600
vn 0.046663 0.419998 0.906325
vn 0.000000 0.329682 0.944092
vn 0.046663 0.419998 0.906325
vn 0.000000 0.429890 0.902881
vn 0.000000 0.329682 0.944092
vn 0.000000 0.429890 0.902881
vn -0.046663 0.419997 0.906325
vn 0.000000 0.329682 0.944092
vn -0.046663 0.419997 0.906325
vn -0.079657 0.394121 0.915600
vn 0.000000 0.329682 0.944092
vn -0.079657 0.394121 0.915600
vn -0.093514 0.343798 0.934376
vn 0.000000 0.329682 0.944092
vn -0.093514 0.343798 0.934376
vn -0.099601 0.370291 0.923561
vn 0.000000 0.329682 0.944092
vn -0.099601 0.370291 0.923561
vn -0.076573 0.320378 0.944190
vn 0.000000 0.329682 0.944092
vn -0.076573 0.320378 0.944190
vn -0.054913 0.285718 0.956739
vn 0.000000 0.329682 0.944092
vn -0.054913 0.285718 0.956739
vn -0.029719 0.269877 0.962436
vn 0.000000 0.329682 0.944092
vn -0.029719 0.269877 0.962436
vn 0.000000 0.264314 0.964437
vn 0.000000 0.329682 0.944092
vn 0.000000 0.264314 0.964437
vn 0.029718 0.269876 0.962436
vn 0.000000 0.329682 0.944092
vn 0.029718 0.269876 0.962436
vn 0.054913 0.285717 0.956739
vn 0.000000 0.329682 0.944092
vn 0.054913 0.285717 0.956739
vn 0.076573 0.320378 0.944190
vn 0.000000 0.329682 0.944092
vn 0.076573 0.320378 0.944190
vn 0.099601 0.370291 0.923561
vn 0.000000 0.329682 0.944092
vn 0.099601 0.370291 0.923561
vn 0.093514 0.343796 0.934377
vn 0.000000 0.329682 0.944092
s off
g item_bomb:group1pSphere2
usemtl item_bomb:lambert4SG
f 1230/1462/7315 1231/1463/7316 1246/1464/7317
f 1246/1464/7318 1231/1463/7319 1247/1465/7320
f 1231/1463/7321 1232/1466/7322 1247/1465/7323
f 1247/1465/7324 1232/1466/7325 1248/1467/7326
f 1232/1466/7327 1233/1468/7328 1248/1467/7329
f 1248/1467/7330 1233/1468/7331 1249/1469/7332
f 1234/1470/7333 1250/1471/7334 1233/1468/7335
f 1233/1468/7336 1250/1471/7337 1249/1469/7338
f 1235/1472/7339 1251/1473/7340 1234/1470/7341
f 1234/1470/7342 1251/1473/7343 1250/1471/7344
f 1236/1474/7345 1252/1475/7346 1235/1472/7347
f 1235/1472/7348 1252/1475/7349 1251/1473/7350
f 1236/1474/7351 1237/1476/7352 1252/1475/7353
f 1252/1475/7354 1237/1476/7355 1253/1477/7356
f 1237/1476/7357 1238/1478/7358 1253/1477/7359
f 1253/1477/7360 1238/1478/7361 1254/1479/7362
f 1238/1478/7363 1239/1480/7364 1254/1479/7365
f 1254/1479/7366 1239/1480/7367 1255/1481/7368
f 1239/1480/7369 1240/1482/7370 1255/1481/7371
f 1255/1481/7372 1240/1482/7373 1256/1483/7374
f 1240/1482/7375 1241/1484/7376 1256/1483/7377
f 1256/1483/7378 1241/1484/7379 1257/1485/7380
f 1241/1484/7381 1242/1486/7382 1257/1485/7383
f 1257/1485/7384 1242/1486/7385 1258/1487/7386
f 1242/1486/7387 1243/1488/7388 1258/1487/7389
f 1258/1487/7390 1243/1488/7391 1259/1489/7392
f 1243/1488/7393 1244/1490/7394 1259/1489/7395
f 1259/1489/7396 1244/1490/7397 1260/1491/7398
f 1245/1492/7399 1261/1493/7400 1244/1490/7401
f 1244/1490/7402 1261/1493/7403 1260/1491/7404
f 1230/1494/7405 1246/1495/7406 1245/1492/7407
f 1245/1492/7408 1246/1495/7409 1261/1493/7410
f 1246/1464/7411 1247/1465/7412 1262/1496/7413
f 1262/1496/7414 1247/1465/7415 1263/1497/7416
f 1247/1465/7417 1248/1467/7418 1263/1497/7419
f 1263/1497/7420 1248/1467/7421 1264/1498/7422
f 1248/1467/7423 1249/1469/7424 1264/1498/7425
f 1264/1498/7426 1249/1469/7427 1265/1499/7428
f 1250/1471/7429 1266/1500/7430 1249/1469/7431
f 1249/1469/7432 1266/1500/7433 1265/1499/7434
f 1251/1473/7435 1267/1501/7436 1250/1471/7437
f 1250/1471/7438 1267/1501/7439 1266/1500/7440
f 1252/1475/7441 1268/1502/7442 1251/1473/7443
f 1251/1473/7444 1268/1502/7445 1267/1501/7446
f 1252/1475/7447 1253/1477/7448 1268/1502/7449
f 1268/1502/7450 1253/1477/7451 1269/1503/7452
f 1253/1477/7453 1254/1479/7454 1269/1503/7455
f 1269/1503/7456 1254/1479/7457 1270/1504/7458
f 1254/1479/7459 1255/1481/7460 1270/1504/7461
f 1270/1504/7462 1255/1481/7463 1271/1505/7464
f 1255/1481/7465 1256/1483/7466 1271/1505/7467
f 1271/1505/7468 1256/1483/7469 1272/1506/7470
f 1256/1483/7471 1257/1485/7472 1272/1506/7473
f 1272/1506/7474 1257/1485/7475 1273/1507/7476
f 1257/1485/7477 1258/1487/7478 1273/1507/7479
f 1273/1507/7480 1258/1487/7481 1274/1508/7482
f 1258/1487/7483 1259/1489/7484 1274/1508/7485
f 1274/1508/7486 1259/1489/7487 1275/1509/7488
f 1259/1489/7489 1260/1491/7490 1275/1509/7491
f 1275/1509/7492 1260/1491/7493 1276/1510/7494
f 1261/1493/7495 1277/1511/7496 1260/1491/7497
f 1260/1491/7498 1277/1511/7499 1276/1510/7500
f 1246/1495/7501 1262/1512/7502 1261/1493/7503
f 1261/1493/7504 1262/1512/7505 1277/1511/7506
f 1262/1496/7507 1263/1497/7508 1278/1513/7509
f 1278/1513/7510 1263/1497/7511 1279/1514/7512
f 1263/1497/7513 1264/1498/7514 1279/1514/7515
f 1279/1514/7516 1264/1498/7517 1280/1515/7518
f 1264/1498/7519 1265/1499/7520 1280/1515/7521
f 1280/1515/7522 1265/1499/7523 1281/1516/7524
f 1266/1500/7525 1282/1517/7526 1265/1499/7527
f 1265/1499/7528 1282/1517/7529 1281/1516/7530
f 1267/1501/7531 1283/1518/7532 1266/1500/7533
f 1266/1500/7534 1283/1518/7535 1282/1517/7536
f 1268/1502/7537 1284/1519/7538 1267/1501/7539
f 1267/1501/7540 1284/1519/7541 1283/1518/7542
f 1268/1502/7543 1269/1503/7544 1284/1519/7545
f 1284/1519/7546 1269/1503/7547 1285/1520/7548
f 1269/1503/7549 1270/1504/7550 1285/1520/7551
f 1285/1520/7552 1270/1504/7553 1286/1521/7554
f 1270/1504/7555 1271/1505/7556 1286/1521/7557
f 1286/1521/7558 1271/1505/7559 1287/1522/7560
f 1271/1505/7561 1272/1506/7562 1287/1522/7563
f 1287/1522/7564 1272/1506/7565 1288/1523/7566
f 1272/1506/7567 1273/1507/7568 1288/1523/7569
f 1288/1523/7570 1273/1507/7571 1289/1524/7572
f 1273/1507/7573 1274/1508/7574 1289/1524/7575
f 1289/1524/7576 1274/1508/7577 1290/1525/7578
f 1274/1508/7579 1275/1509/7580 1290/1525/7581
f 1290/1525/7582 1275/1509/7583 1291/1526/7584
f 1275/1509/7585 1276/1510/7586 1291/1526/7587
f 1291/1526/7588 1276/1510/7589 1292/1527/7590
f 1277/1511/7591 1293/1528/7592 1276/1510/7593
f 1276/1510/7594 1293/1528/7595 1292/1527/7596
f 1262/1512/7597 1278/1529/7598 1277/1511/7599
f 1277/1511/7600 1278/1529/7601 1293/1528/7602
f 1278/1513/7603 1279/1514/7604 1294/1530/7605
f 1294/1530/7606 1279/1514/7607 1295/1531/7608
f 1279/1514/7609 1280/1515/7610 1295/1531/7611
f 1295/1531/7612 1280/1515/7613 1296/1532/7614
f 1280/1515/7615 1281/1516/7616 1296/1532/7617
f 1296/1532/7618 1281/1516/7619 1297/1533/7620
f 1282/1517/7621 1298/1534/7622 1281/1516/7623
f 1281/1516/7624 1298/1534/7625 1297/1533/7626
f 1283/1518/7627 1299/1535/7628 1282/1517/7629
f 1282/1517/7630 1299/1535/7631 1298/1534/7632
f 1284/1519/7633 1300/1536/7634 1283/1518/7635
f 1283/1518/7636 1300/1536/7637 1299/1535/7638
f 1284/1519/7639 1285/1520/7640 1300/1536/7641
f 1300/1536/7642 1285/1520/7643 1301/1537/7644
f 1285/1520/7645 1286/1521/7646 1301/1537/7647
f 1301/1537/7648 1286/1521/7649 1302/1538/7650
f 1286/1521/7651 1287/1522/7652 1302/1538/7653
f 1302/1538/7654 1287/1522/7655 1303/1539/7656
f 1287/1522/7657 1288/1523/7658 1303/1539/7659
f 1303/1539/7660 1288/1523/7661 1304/1540/7662
f 1288/1523/7663 1289/1524/7664 1304/1540/7665
f 1304/1540/7666 1289/1524/7667 1305/1541/7668
f 1289/1524/7669 1290/1525/7670 1305/1541/7671
f 1305/1541/7672 1290/1525/7673 1306/1542/7674
f 1290/1525/7675 1291/1526/7676 1306/1542/7677
f 1306/1542/7678 1291/1526/7679 1307/1543/7680
f 1291/1526/7681 1292/1527/7682 1307/1543/7683
f 1307/1543/7684 1292/1527/7685 1308/1544/7686
f 1293/1528/7687 1309/1545/7688 1292/1527/7689
f 1292/1527/7690 1309/1545/7691 1308/1544/7692
f 1278/1529/7693 1294/1546/7694 1293/1528/7695
f 1293/1528/7696 1294/1546/7697 1309/1545/7698
f 1295/1531/7699 1311/1547/7700 1294/1530/7701
f 1294/1530/7702 1311/1547/7703 1310/1548/7704
f 1296/1532/7705 1312/1549/7706 1295/1531/7707
f 1295/1531/7708 1312/1549/7709 1311/1547/7710
f 1297/1533/7711 1313/1550/7712 1296/1532/7713
f 1296/1532/7714 1313/1550/7715 1312/1549/7716
f 1297/1533/7717 1298/1534/7718 1313/1550/7719
f 1313/1550/7720 1298/1534/7721 1314/1551/7722
f 1298/1534/7723 1299/1535/7724 1314/1551/7725
f 1314/1551/7726 1299/1535/7727 1315/1552/7728
f 1299/1535/7729 1300/1536/7730 1315/1552/7731
f 1315/1552/7732 1300/1536/7733 1316/1553/7734
f 1301/1537/7735 1317/1554/7736 1300/1536/7737
f 1300/1536/7738 1317/1554/7739 1316/1553/7740
f 1302/1538/7741 1318/1555/7742 1301/1537/7743
f 1301/1537/7744 1318/1555/7745 1317/1554/7746
f 1302/1538/7747 1303/1539/7748 1318/1555/7749
f 1318/1555/7750 1303/1539/7751 1319/1556/7752
f 1303/1539/7753 1304/1540/7754 1319/1556/7755
f 1319/1556/7756 1304/1540/7757 1320/1557/7758
f 1304/1540/7759 1305/1541/7760 1320/1557/7761
f 1320/1557/7762 1305/1541/7763 1321/1558/7764
f 1305/1541/7765 1306/1542/7766 1321/1558/7767
f 1321/1558/7768 1306/1542/7769 1322/1559/7770
f 1306/1542/7771 1307/1543/7772 1322/1559/7773
f 1322/1559/7774 1307/1543/7775 1323/1560/7776
f 1307/1543/7777 1308/1544/7778 1323/1560/7779
f 1323/1560/7780 1308/1544/7781 1324/1561/7782
f 1308/1544/7783 1309/1545/7784 1324/1561/7785
f 1324/1561/7786 1309/1545/7787 1325/1562/7788
f 1309/1545/7789 1294/1546/7790 1325/1562/7791
f 1325/1562/7792 1294/1546/7793 1310/1563/7794
f 1311/1547/7795 1327/1564/7796 1310/1548/7797
f 1310/1548/7798 1327/1564/7799 1326/1565/7800
f 1312/1549/7801 1328/1566/7802 1311/1547/7803
f 1311/1547/7804 1328/1566/7805 1327/1564/7806
f 1313/1550/7807 1329/1567/7808 1312/1549/7809
f 1312/1549/7810 1329/1567/7811 1328/1566/7812
f 1313/1550/7813 1314/1551/7814 1329/1567/7815
f 1329/1567/7816 1314/1551/7817 1330/1568/7818
f 1314/1551/7819 1315/1552/7820 1330/1568/7821
f 1330/1568/7822 1315/1552/7823 1331/1569/7824
f 1315/1552/7825 1316/1553/7826 1331/1569/7827
f 1331/1569/7828 1316/1553/7829 1332/1570/7830
f 1317/1554/7831 1333/1571/7832 1316/1553/7833
f 1316/1553/7834 1333/1571/7835 1332/1570/7836
f 1318/1555/7837 1334/1572/7838 1317/1554/7839
f 1317/1554/7840 1334/1572/7841 1333/1571/7842
f 1318/1555/7843 1319/1556/7844 1334/1572/7845
f 1334/1572/7846 1319/1556/7847 1335/1573/7848
f 1319/1556/7849 1320/1557/7850 1335/1573/7851
f 1335/1573/7852 1320/1557/7853 1336/1574/7854
f 1320/1557/7855 1321/1558/7856 1336/1574/7857
f 1336/1574/7858 1321/1558/7859 1337/1575/7860
f 1321/1558/7861 1322/1559/7862 1337/1575/7863
f 1337/1575/7864 1322/1559/7865 1338/1576/7866
f 1322/1559/7867 1323/1560/7868 1338/1576/7869
f 1338/1576/7870 1323/1560/7871 1339/1577/7872
f 1323/1560/7873 1324/1561/7874 1339/1577/7875
f 1339/1577/7876 1324/1561/7877 1340/1578/7878
f 1324/1561/7879 1325/1562/7880 1340/1578/7881
f 1340/1578/7882 1325/1562/7883 1341/1579/7884
f 1325/1562/7885 1310/1563/7886 1341/1579/7887
f 1341/1579/7888 1310/1563/7889 1326/1580/7890
f 1327/1564/7891 1343/1581/7892 1326/1565/7893
f 1326/1565/7894 1343/1581/7895 1342/1582/7896
f 1328/1566/7897 1344/1583/7898 1327/1564/7899
f 1327/1564/7900 1344/1583/7901 1343/1581/7902
f 1329/1567/7903 1345/1584/7904 1328/1566/7905
f 1328/1566/7906 1345/1584/7907 1344/1583/7908
f 1329/1567/7909 1330/1568/7910 1345/1584/7911
f 1345/1584/7912 1330/1568/7913 1346/1585/7914
f 1330/1568/7915 1331/1569/7916 1346/1585/7917
f 1346/1585/7918 1331/1569/7919 1347/1586/7920
f 1331/1569/7921 1332/1570/7922 1347/1586/7923
f 1347/1586/7924 1332/1570/7925 1348/1587/7926
f 1333/1571/7927 1349/1588/7928 1332/1570/7929
f 1332/1570/7930 1349/1588/7931 1348/1587/7932
f 1334/1572/7933 1350/1589/7934 1333/1571/7935
f 1333/1571/7936 1350/1589/7937 1349/1588/7938
f 1334/1572/7939 1335/1573/7940 1350/1589/7941
f 1350/1589/7942 1335/1573/7943 1351/1590/7944
f 1335/1573/7945 1336/1574/7946 1351/1590/7947
f 1351/1590/7948 1336/1574/7949 1352/1591/7950
f 1336/1574/7951 1337/1575/7952 1352/1591/7953
f 1352/1591/7954 1337/1575/7955 1353/1592/7956
f 1337/1575/7957 1338/1576/7958 1353/1592/7959
f 1353/1592/7960 1338/1576/7961 1354/1593/7962
f 1338/1576/7963 1339/1577/7964 1354/1593/7965
f 1354/1593/7966 1339/1577/7967 1355/1594/7968
f 1339/1577/7969 1340/1578/7970 1355/1594/7971
f 1355/1594/7972 1340/1578/7973 1356/1595/7974
f 1340/1578/7975 1341/1579/7976 1356/1595/7977
f 1356/1595/7978 1341/1579/7979 1357/1596/7980
f 1341/1579/7981 1326/1580/7982 1357/1596/7983
f 1357/1596/7984 1326/1580/7985 1342/1597/7986
f 1343/1581/7987 1359/1598/7988 1342/1582/7989
f 1342/1582/7990 1359/1598/7991 1358/1599/7992
f 1344/1583/7993 1360/1600/7994 1343/1581/7995
f 1343/1581/7996 1360/1600/7997 1359/1598/7998
f 1345/1584/7999 1361/1601/8000 1344/1583/8001
f 1344/1583/8002 1361/1601/8003 1360/1600/8004
f 1345/1584/8005 1346/1585/8006 1361/1601/8007
f 1361/1601/8008 1346/1585/8009 1362/1602/8010
f 1346/1585/8011 1347/1586/8012 1362/1602/8013
f 1362/1602/8014 1347/1586/8015 1363/1603/8016
f 1347/1586/8017 1348/1587/8018 1363/1603/8019
f 1363/1603/8020 1348/1587/8021 1364/1604/8022
f 1349/1588/8023 1365/1605/8024 1348/1587/8025
f 1348/1587/8026 1365/1605/8027 1364/1604/8028
f 1350/1589/8029 1366/1606/8030 1349/1588/8031
f 1349/1588/8032 1366/1606/8033 1365/1605/8034
f 1350/1589/8035 1351/1590/8036 1366/1606/8037
f 1366/1606/8038 1351/1590/8039 1367/1607/8040
f 1351/1590/8041 1352/1591/8042 1367/1607/8043
f 1367/1607/8044 1352/1591/8045 1368/1608/8046
f 1352/1591/8047 1353/1592/8048 1368/1608/8049
f 1368/1608/8050 1353/1592/8051 1369/1609/8052
f 1353/1592/8053 1354/1593/8054 1369/1609/8055
f 1369/1609/8056 1354/1593/8057 1370/1610/8058
f 1354/1593/8059 1355/1594/8060 1370/1610/8061
f 1370/1610/8062 1355/1594/8063 1371/1611/8064
f 1355/1594/8065 1356/1595/8066 1371/1611/8067
f 1371/1611/8068 1356/1595/8069 1372/1612/8070
f 1356/1595/8071 1357/1596/8072 1372/1612/8073
f 1372/1612/8074 1357/1596/8075 1373/1613/8076
f 1357/1596/8077 1342/1597/8078 1373/1613/8079
f 1373/1613/8080 1342/1597/8081 1358/1614/8082
f 1231/1463/8083 1230/1462/8084 1374/1615/8085
f 1232/1466/8086 1231/1463/8087 1374/1616/8088
f 1233/1468/8089 1232/1466/8090 1374/1617/8091
f 1234/1470/8092 1233/1468/8093 1374/1618/8094
f 1235/1472/8095 1234/1470/8096 1374/1619/8097
f 1236/1474/8098 1235/1472/8099 1374/1620/8100
f 1237/1476/8101 1236/1474/8102 1374/1621/8103
f 1238/1478/8104 1237/1476/8105 1374/1622/8106
f 1239/1480/8107 1238/1478/8108 1374/1623/8109
f 1240/1482/8110 1239/1480/8111 1374/1624/8112
f 1241/1484/8113 1240/1482/8114 1374/1625/8115
f 1242/1486/8116 1241/1484/8117 1374/1626/8118
f 1243/1488/8119 1242/1486/8120 1374/1627/8121
f 1244/1490/8122 1243/1488/8123 1374/1628/8124
f 1245/1492/8125 1244/1490/8126 1374/1629/8127
f 1230/1494/8128 1245/1492/8129 1374/1630/8130
f 1358/1599/8131 1359/1598/8132 1375/1631/8133
f 1359/1598/8134 1360/1600/8135 1375/1632/8136
f 1360/1600/8137 1361/1601/8138 1375/1633/8139
f 1361/1601/8140 1362/1602/8141 1375/1634/8142
f 1362/1602/8143 1363/1603/8144 1375/1635/8145
f 1363/1603/8146 1364/1604/8147 1375/1636/8148
f 1364/1604/8149 1365/1605/8150 1375/1637/8151
f 1365/1605/8152 1366/1606/8153 1375/1638/8154
f 1366/1606/8155 1367/1607/8156 1375/1639/8157
f 1367/1607/8158 1368/1608/8159 1375/1640/8160
f 1368/1608/8161 1369/1609/8162 1375/1641/8163
f 1369/1609/8164 1370/1610/8165 1375/1642/8166
f 1370/1610/8167 1371/1611/8168 1375/1643/8169
f 1371/1611/8170 1372/1612/8171 1375/1644/8172
f 1372/1612/8173 1373/1613/8174 1375/1645/8175
f 1373/1613/8176 1358/1614/8177 1375/1646/8178
g default
v -0.790787 0.368579 0.163911
v -0.768126 0.396933 0.065125
v -0.801566 0.320569 0.000888
v -0.844896 0.245020 0.059973
v -0.838234 0.274692 0.160727
v -0.854090 0.439814 0.208572
v -0.815769 0.487759 0.041527
v -0.872317 0.358629 -0.067097
v -0.945586 0.230877 0.032815
v -0.934321 0.281052 0.203188
v -0.805126 0.478138 0.293483
v -0.741468 0.557784 0.015992
v -0.835404 0.343276 -0.164451
v -0.957117 0.131058 0.001520
v -0.938404 0.214407 0.284539
v -0.711562 0.430590 0.301300
v -0.647904 0.510235 0.023809
v -0.741840 0.295728 -0.156634
v -0.863553 0.083510 0.009337
v -0.844840 0.166859 0.292356
v -0.702700 0.362879 0.221220
v -0.664380 0.410824 0.054175
v -0.720927 0.281694 -0.054449
v -0.794196 0.153942 0.045463
v -0.782932 0.204117 0.215836
vt 0.200000 1.000000
vt 0.000000 1.000000
vt 0.200000 0.800000
vt 0.000000 0.800000
vt 0.400000 1.000000
vt 0.400000 0.800000
vt 0.600000 1.000000
vt 0.600000 0.800000
vt 0.800000 1.000000
vt 0.800000 0.800000
vt 1.000000 1.000000
vt 1.000000 0.800000
vt 0.200000 0.600000
vt 0.000000 0.600000
vt 0.400000 0.600000
vt 0.600000 0.600000
vt 0.800000 0.600000
vt 1.000000 0.600000
vt 0.200000 0.400000
vt 0.000000 0.400000
vt 0.400000 0.400000
vt 0.600000 0.400000
vt 0.800000 0.400000
vt 1.000000 0.400000
vt 0.200000 0.200000
vt 0.000000 0.200000
vt 0.400000 0.200000
vt 0.600000 0.200000
vt 0.800000 0.200000
vt 1.000000 0.200000
vt 0.200000 0.000000
vt 0.000000 0.000000
vt 0.400000 0.000000
vt 0.600000 0.000000
vt 0.800000 0.000000
vt 1.000000 0.000000
vn -0.798847 -0.504251 -0.327984
vn -0.798847 -0.504251 -0.327984
vn -0.798847 -0.504251 -0.327984
vn -0.798842 -0.504256 -0.327989
vn -0.798842 -0.504256 -0.327989
vn -0.798842 -0.504256 -0.327989
vn -0.734692 -0.218522 0.642243
vn -0.734692 -0.218522 0.642243
vn -0.734692 -0.218522 0.642243
vn -0.734692 -0.218522 0.642243
vn -0.734692 -0.218522 0.642243
vn -0.734692 -0.218522 0.642243
vn -0.277794 0.685587 0.672905
vn -0.277795 0.685587 0.672905
vn -0.277794 0.685587 0.672905
vn -0.277794 0.685587 0.672905
vn -0.277795 0.685587 0.672905
vn -0.277795 0.685587 0.672905
vn -0.059567 0.958623 -0.278377
vn -0.059567 0.958623 -0.278377
vn -0.059567 0.958623 -0.278377
vn -0.059567 0.958623 -0.278377
vn -0.059567 0.958623 -0.278377
vn -0.059567 0.958623 -0.278377
vn -0.381592 0.223259 -0.896963
vn -0.381592 0.223259 -0.896963
vn -0.381592 0.223259 -0.896963
vn -0.381592 0.223259 -0.896963
vn -0.381592 0.223259 -0.896963
vn -0.381592 0.223259 -0.896963
vn -0.674387 0.736206 0.056598
vn -0.674387 0.736206 0.056598
vn -0.674387 0.736206 0.056598
vn -0.674387 0.736206 0.056598
vn -0.674387 0.736206 0.056598
vn -0.674387 0.736206 0.056598
vn -0.702119 0.612682 -0.362834
vn -0.702120 0.612682 -0.362834
vn -0.702119 0.612682 -0.362834
vn -0.702119 0.612682 -0.362834
vn -0.702120 0.612682 -0.362834
vn -0.702119 0.612682 -0.362834
vn -0.899637 0.221835 -0.376089
vn -0.899637 0.221835 -0.376089
vn -0.899637 0.221835 -0.376089
vn -0.899637 0.221835 -0.376089
vn -0.899637 0.221835 -0.376089
vn -0.899637 0.221835 -0.376089
vn -0.993977 0.103801 0.035151
vn -0.993977 0.103801 0.035151
vn -0.993977 0.103801 0.035151
vn -0.993977 0.103801 0.035151
vn -0.993977 0.103801 0.035151
vn -0.993977 0.103801 0.035151
vn -0.854765 0.421700 0.302566
vn -0.854765 0.421700 0.302566
vn -0.854765 0.421700 0.302566
vn -0.854765 0.421700 0.302566
vn -0.854765 0.421700 0.302566
vn -0.854765 0.421700 0.302566
vn 0.404064 0.850471 0.336795
vn 0.404064 0.850471 0.336795
vn 0.404064 0.850471 0.336795
vn 0.404064 0.850471 0.336795
vn 0.404064 0.850471 0.336795
vn 0.404064 0.850471 0.336795
vn 0.329652 0.519033 -0.788628
vn 0.329652 0.519033 -0.788628
vn 0.329652 0.519033 -0.788628
vn 0.329652 0.519033 -0.788628
vn 0.329652 0.519033 -0.788628
vn 0.329652 0.519033 -0.788628
vn -0.200327 -0.529692 -0.824194
vn -0.200327 -0.529691 -0.824194
vn -0.200327 -0.529692 -0.824194
vn -0.200327 -0.529692 -0.824194
vn -0.200327 -0.529691 -0.824194
vn -0.200327 -0.529691 -0.824194
vn -0.453461 -0.846400 0.279248
vn -0.453461 -0.846400 0.279248
vn -0.453461 -0.846400 0.279248
vn -0.453461 -0.846400 0.279248
vn -0.453461 -0.846400 0.279248
vn -0.453461 -0.846400 0.279248
vn -0.079927 0.006587 0.996779
vn -0.079927 0.006587 0.996779
vn -0.079927 0.006587 0.996779
vn -0.079927 0.006587 0.996779
vn -0.079927 0.006587 0.996779
vn -0.079927 0.006587 0.996779
vn 0.975567 -0.102284 0.194441
vn 0.975567 -0.102284 0.194441
vn 0.975567 -0.102284 0.194441
vn 0.975567 -0.102284 0.194441
vn 0.975567 -0.102284 0.194441
vn 0.975567 -0.102284 0.194441
vn 0.947835 -0.225807 -0.224991
vn 0.947835 -0.225807 -0.224991
vn 0.947835 -0.225807 -0.224991
vn 0.947835 -0.225807 -0.224991
vn 0.947835 -0.225807 -0.224991
vn 0.947835 -0.225807 -0.224991
vn 0.750317 -0.616655 -0.238246
vn 0.750317 -0.616655 -0.238246
vn 0.750317 -0.616655 -0.238246
vn 0.750317 -0.616655 -0.238246
vn 0.750317 -0.616655 -0.238246
vn 0.750317 -0.616655 -0.238246
vn 0.655977 -0.734688 0.172994
vn 0.655977 -0.734688 0.172994
vn 0.655977 -0.734688 0.172994
vn 0.655977 -0.734688 0.172994
vn 0.655977 -0.734688 0.172994
vn 0.655977 -0.734688 0.172994
vn 0.795189 -0.416790 0.440410
vn 0.795189 -0.416790 0.440410
vn 0.795189 -0.416790 0.440410
vn 0.795189 -0.416790 0.440410
vn 0.795189 -0.416790 0.440410
vn 0.795189 -0.416790 0.440410
vn 0.102153 -0.962133 -0.252716
vn 0.102153 -0.962133 -0.252716
vn 0.102153 -0.962133 -0.252716
vn 0.102153 -0.962133 -0.252716
vn 0.102153 -0.962133 -0.252716
vn 0.102153 -0.962133 -0.252716
vn 0.166303 -0.676398 0.717516
vn 0.166303 -0.676398 0.717515
vn 0.166303 -0.676398 0.717515
vn 0.166303 -0.676398 0.717515
vn 0.166303 -0.676398 0.717515
vn 0.166303 -0.676398 0.717515
vn 0.623200 0.227711 0.748177
vn 0.623200 0.227711 0.748177
vn 0.623200 0.227711 0.748177
vn 0.623200 0.227711 0.748177
vn 0.623200 0.227711 0.748177
vn 0.623200 0.227711 0.748177
vn 0.841428 0.500747 -0.203105
vn 0.841428 0.500747 -0.203105
vn 0.841428 0.500747 -0.203105
vn 0.841428 0.500747 -0.203105
vn 0.841428 0.500747 -0.203105
vn 0.841428 0.500747 -0.203105
vn 0.519403 -0.234617 -0.821691
vn 0.519403 -0.234617 -0.821691
vn 0.519403 -0.234617 -0.821691
vn 0.519403 -0.234617 -0.821691
vn 0.519403 -0.234617 -0.821691
vn 0.519403 -0.234617 -0.821691
s off
g item_bomb:group1pTorus7
usemtl item_bomb:lambert7SG
f 1377/1647/8179 1376/1648/8180 1382/1649/8181
f 1382/1649/8182 1376/1648/8183 1381/1650/8184
f 1378/1651/8185 1377/1647/8186 1383/1652/8187
f 1383/1652/8188 1377/1647/8189 1382/1649/8190
f 1379/1653/8191 1378/1651/8192 1384/1654/8193
f 1384/1654/8194 1378/1651/8195 1383/1652/8196
f 1380/1655/8197 1379/1653/8198 1385/1656/8199
f 1385/1656/8200 1379/1653/8201 1384/1654/8202
f 1376/1657/8203 1380/1655/8204 1381/1658/8205
f 1381/1658/8206 1380/1655/8207 1385/1656/8208
f 1382/1649/8209 1381/1650/8210 1387/1659/8211
f 1387/1659/8212 1381/1650/8213 1386/1660/8214
f 1383/1652/8215 1382/1649/8216 1388/1661/8217
f 1388/1661/8218 1382/1649/8219 1387/1659/8220
f 1384/1654/8221 1383/1652/8222 1389/1662/8223
f 1389/1662/8224 1383/1652/8225 1388/1661/8226
f 1385/1656/8227 1384/1654/8228 1390/1663/8229
f 1390/1663/8230 1384/1654/8231 1389/1662/8232
f 1381/1658/8233 1385/1656/8234 1386/1664/8235
f 1386/1664/8236 1385/1656/8237 1390/1663/8238
f 1387/1659/8239 1386/1660/8240 1392/1665/8241
f 1392/1665/8242 1386/1660/8243 1391/1666/8244
f 1388/1661/8245 1387/1659/8246 1393/1667/8247
f 1393/1667/8248 1387/1659/8249 1392/1665/8250
f 1389/1662/8251 1388/1661/8252 1394/1668/8253
f 1394/1668/8254 1388/1661/8255 1393/1667/8256
f 1390/1663/8257 1389/1662/8258 1395/1669/8259
f 1395/1669/8260 1389/1662/8261 1394/1668/8262
f 1386/1664/8263 1390/1663/8264 1391/1670/8265
f 1391/1670/8266 1390/1663/8267 1395/1669/8268
f 1392/1665/8269 1391/1666/8270 1397/1671/8271
f 1397/1671/8272 1391/1666/8273 1396/1672/8274
f 1393/1667/8275 1392/1665/8276 1398/1673/8277
f 1398/1673/8278 1392/1665/8279 1397/1671/8280
f 1394/1668/8281 1393/1667/8282 1399/1674/8283
f 1399/1674/8284 1393/1667/8285 1398/1673/8286
f 1395/1669/8287 1394/1668/8288 1400/1675/8289
f 1400/1675/8290 1394/1668/8291 1399/1674/8292
f 1391/1670/8293 1395/1669/8294 1396/1676/8295
f 1396/1676/8296 1395/1669/8297 1400/1675/8298
f 1397/1671/8299 1396/1672/8300 1377/1677/8301
f 1377/1677/8302 1396/1672/8303 1376/1678/8304
f 1398/1673/8305 1397/1671/8306 1378/1679/8307
f 1378/1679/8308 1397/1671/8309 1377/1677/8310
f 1399/1674/8311 1398/1673/8312 1379/1680/8313
f 1379/1680/8314 1398/1673/8315 1378/1679/8316
f 1400/1675/8317 1399/1674/8318 1380/1681/8319
f 1380/1681/8320 1399/1674/8321 1379/1680/8322
f 1396/1676/8323 1400/1675/8324 1376/1682/8325
f 1376/1682/8326 1400/1675/8327 1380/1681/8328
g default
v 0.228215 0.880603 -0.074152
v 0.194131 0.880603 -0.141045
v 0.141045 0.880603 -0.194131
v 0.074152 0.880603 -0.228215
v 0.000000 0.880603 -0.239959
v -0.074152 0.880603 -0.228215
v -0.141045 0.880603 -0.194131
v -0.194131 0.880603 -0.141045
v -0.228215 0.880603 -0.074152
v -0.239959 0.880603 0.000000
v -0.228215 0.880603 0.074152
v -0.194131 0.880603 0.141045
v -0.141045 0.880603 0.194131
v -0.074152 0.880603 0.228215
v 0.000000 0.880603 0.239959
v 0.074152 0.880603 0.228215
v 0.141045 0.880603 0.194131
v 0.194131 0.880603 0.141045
v 0.228215 0.880603 0.074152
v 0.239959 0.880603 0.000000
v 0.117855 1.231581 -0.038294
v 0.100254 1.231581 -0.072839
v 0.072839 1.231581 -0.100254
v 0.038294 1.231581 -0.117855
v 0.000000 1.231581 -0.123920
v -0.038294 1.231581 -0.117855
v -0.072839 1.231581 -0.100254
v -0.100254 1.231581 -0.072839
v -0.117855 1.231581 -0.038294
v -0.123920 1.231581 0.000000
v -0.117855 1.231581 0.038294
v -0.100254 1.231581 0.072839
v -0.072839 1.231581 0.100254
v -0.038294 1.231581 0.117855
v 0.000000 1.231581 0.123920
v 0.038294 1.231581 0.117855
v 0.072839 1.231581 0.100254
v 0.100254 1.231581 0.072839
v 0.117855 1.231581 0.038294
v 0.123920 1.231581 0.000000
v 0.000000 0.880603 0.000000
v 0.000000 1.238703 0.000000
vt 0.375000 0.312500
vt 0.387500 0.312500
vt 0.375000 0.687500
vt 0.387500 0.687500
vt 0.400000 0.312500
vt 0.400000 0.687500
vt 0.412500 0.312500
vt 0.412500 0.687500
vt 0.425000 0.312500
vt 0.425000 0.687500
vt 0.437500 0.312500
vt 0.437500 0.687500
vt 0.450000 0.312500
vt 0.450000 0.687500
vt 0.462500 0.312500
vt 0.462500 0.687500
vt 0.475000 0.312500
vt 0.475000 0.687500
vt 0.487500 0.312500
vt 0.487500 0.687500
vt 0.500000 0.312500
vt 0.500000 0.687500
vt 0.512500 0.312500
vt 0.512500 0.687500
vt 0.525000 0.312500
vt 0.525000 0.687500
vt 0.537500 0.312500
vt 0.537500 0.687500
vt 0.550000 0.312500
vt 0.550000 0.687500
vt 0.562500 0.312500
vt 0.562500 0.687500
vt 0.575000 0.312500
vt 0.575000 0.687500
vt 0.587500 0.312500
vt 0.587500 0.687500
vt 0.600000 0.312500
vt 0.600000 0.687500
vt 0.612500 0.312500
vt 0.612500 0.687500
vt 0.625000 0.312500
vt 0.625000 0.687500
vt 0.626409 0.064408
vt 0.648603 0.107966
vt 0.500000 0.156250
vt 0.591842 0.029841
vt 0.548284 0.007647
vt 0.500000 -0.000000
vt 0.451716 0.007647
vt 0.408159 0.029841
vt 0.373591 0.064409
vt 0.351397 0.107966
vt 0.343750 0.156250
vt 0.351397 0.204534
vt 0.373591 0.248091
vt 0.408159 0.282659
vt 0.451716 0.304853
vt 0.500000 0.312500
vt 0.548284 0.304853
vt 0.591841 0.282659
vt 0.626409 0.248091
vt 0.648603 0.204534
vt 0.656250 0.156250
vt 0.648603 0.892034
vt 0.626409 0.935591
vt 0.500000 0.843750
vt 0.591841 0.970159
vt 0.548284 0.992353
vt 0.500000 1.000000
vt 0.451716 0.992353
vt 0.408159 0.970159
vt 0.373591 0.935591
vt 0.351397 0.892034
vt 0.343750 0.843750
vt 0.351397 0.795466
vt 0.373591 0.751909
vt 0.408159 0.717341
vt 0.451716 0.695147
vt 0.500000 0.687500
vt 0.548284 0.695147
vt 0.591842 0.717341
vt 0.626409 0.751908
vt 0.648603 0.795466
vt 0.656250 0.843750
vn 0.846990 0.310415 -0.431567
vn 0.846990 0.310415 -0.431567
vn 0.846990 0.310415 -0.431567
vn 0.900390 0.313894 -0.301279
vn 0.766639 0.313904 -0.560115
vn 0.763221 0.313894 -0.564770
vn 0.766639 0.313904 -0.560115
vn 0.556032 0.313904 -0.769605
vn 0.763221 0.313894 -0.564770
vn 0.763221 0.313894 -0.564770
vn 0.556032 0.313904 -0.769605
vn 0.551342 0.313894 -0.772976
vn 0.556032 0.313904 -0.769605
vn 0.290997 0.313904 -0.903762
vn 0.551342 0.313894 -0.772976
vn 0.551342 0.313894 -0.772976
vn 0.290997 0.313904 -0.903762
vn 0.285495 0.313894 -0.905518
vn 0.290997 0.313904 -0.903762
vn -0.002523 0.313904 -0.949452
vn 0.285495 0.313894 -0.905518
vn 0.285495 0.313894 -0.905518
vn -0.002523 0.313904 -0.949452
vn -0.008299 0.313894 -0.949422
vn -0.002523 0.313904 -0.949452
vn -0.295796 0.313904 -0.902202
vn -0.008299 0.313894 -0.949422
vn -0.008299 0.313894 -0.949422
vn -0.295796 0.313904 -0.902202
vn -0.301280 0.313894 -0.900389
vn -0.295796 0.313904 -0.902202
vn -0.560115 0.313904 -0.766639
vn -0.301280 0.313894 -0.900389
vn -0.301280 0.313894 -0.900389
vn -0.560115 0.313904 -0.766639
vn -0.564770 0.313894 -0.763220
vn -0.560115 0.313904 -0.766639
vn -0.769605 0.313904 -0.556032
vn -0.564770 0.313894 -0.763220
vn -0.564770 0.313894 -0.763220
vn -0.769605 0.313904 -0.556032
vn -0.772976 0.313894 -0.551342
vn -0.769605 0.313904 -0.556032
vn -0.903762 0.313904 -0.290997
vn -0.772976 0.313894 -0.551342
vn -0.772976 0.313894 -0.551342
vn -0.903762 0.313904 -0.290997
vn -0.905518 0.313894 -0.285495
vn -0.903762 0.313904 -0.290997
vn -0.949452 0.313903 0.002523
vn -0.905518 0.313894 -0.285495
vn -0.905518 0.313894 -0.285495
vn -0.949452 0.313903 0.002523
vn -0.949422 0.313894 0.008299
vn -0.949452 0.313903 0.002523
vn -0.902202 0.313904 0.295796
vn -0.949422 0.313894 0.008299
vn -0.949422 0.313894 0.008299
vn -0.902202 0.313904 0.295796
vn -0.900389 0.313894 0.301280
vn -0.902202 0.313904 0.295796
vn -0.766639 0.313904 0.560115
vn -0.900389 0.313894 0.301280
vn -0.900389 0.313894 0.301280
vn -0.766639 0.313904 0.560115
vn -0.763221 0.313894 0.564770
vn -0.766639 0.313904 0.560115
vn -0.556032 0.313904 0.769605
vn -0.763221 0.313894 0.564770
vn -0.763221 0.313894 0.564770
vn -0.556032 0.313904 0.769605
vn -0.551342 0.313894 0.772976
vn -0.556032 0.313904 0.769605
vn -0.290997 0.313904 0.903762
vn -0.551342 0.313894 0.772976
vn -0.551342 0.313894 0.772976
vn -0.290997 0.313904 0.903762
vn -0.285495 0.313894 0.905518
vn -0.290997 0.313904 0.903762
vn 0.002523 0.313904 0.949451
vn -0.285495 0.313894 0.905518
vn -0.285495 0.313894 0.905518
vn 0.002523 0.313904 0.949451
vn 0.008299 0.313894 0.949422
vn 0.002523 0.313904 0.949451
vn 0.295796 0.313904 0.902202
vn 0.008299 0.313894 0.949422
vn 0.008299 0.313894 0.949422
vn 0.295796 0.313904 0.902202
vn 0.301280 0.313894 0.900389
vn 0.295796 0.313904 0.902202
vn 0.560115 0.313904 0.766639
vn 0.301280 0.313894 0.900389
vn 0.301280 0.313894 0.900389
vn 0.560115 0.313904 0.766639
vn 0.564770 0.313894 0.763220
vn 0.560115 0.313904 0.766639
vn 0.769605 0.313904 0.556032
vn 0.564770 0.313894 0.763220
vn 0.564770 0.313894 0.763220
vn 0.769605 0.313904 0.556032
vn 0.772976 0.313894 0.551342
vn 0.769605 0.313904 0.556032
vn 0.903762 0.313904 0.290997
vn 0.772976 0.313894 0.551342
vn 0.772976 0.313894 0.551342
vn 0.903762 0.313904 0.290997
vn 0.905518 0.313894 0.285495
vn 0.903762 0.313904 0.290997
vn 0.949452 0.313903 -0.002522
vn 0.905518 0.313894 0.285495
vn 0.905518 0.313894 0.285495
vn 0.949452 0.313903 -0.002522
vn 0.949422 0.313894 -0.008298
vn 0.949452 0.313903 -0.002522
vn 0.902203 0.313904 -0.295795
vn 0.949422 0.313894 -0.008298
vn 0.949422 0.313894 -0.008298
vn 0.902203 0.313904 -0.295795
vn 0.900390 0.313894 -0.301279
vn 0.000000 -1.000000 0.000000
vn 0.000000 -1.000000 0.000000
vn 0.000000 -1.000000 0.000000
vn 0.000000 -1.000000 0.000000
vn 0.000000 -1.000000 0.000000
vn 0.000000 -1.000000 0.000000
vn 0.000000 -1.000000 0.000000
vn 0.000000 -1.000000 0.000000
vn 0.000000 -1.000000 0.000000
vn 0.000000 -1.000000 0.000000
vn 0.000000 -1.000000 0.000000
vn 0.000000 -1.000000 0.000000
vn 0.000000 -1.000000 0.000000
vn 0.000000 -1.000000 0.000000
vn 0.000000 -1.000000 0.000000
vn 0.000000 -1.000000 0.000000
vn 0.000000 -1.000000 0.000000
vn 0.000000 -1.000000 0.000000
vn 0.000000 -1.000000 0.000000
vn 0.000000 -1.000000 0.000000
vn 0.000000 -1.000000 0.000000
vn 0.000000 -1.000000 0.000000
vn 0.000000 -1.000000 0.000000
vn 0.000000 -1.000000 0.000000
vn 0.000000 -1.000000 0.000000
vn 0.000000 -1.000000 0.000000
vn 0.000000 -1.000000 0.000000
vn 0.000000 -1.000000 0.000000
vn 0.000000 -1.000000 0.000000
vn 0.000000 -1.000000 0.000000
vn 0.000000 -1.000000 0.000000
vn 0.000000 -1.000000 0.000000
vn 0.000000 -1.000000 0.000000
vn 0.000000 -1.000000 0.000000
vn 0.000000 -1.000000 0.000000
vn 0.000000 -1.000000 0.000000
vn 0.000000 -1.000000 0.000000
vn 0.000000 -1.000000 0.000000
vn 0.000000 -1.000000 0.000000
vn 0.000000 -1.000000 0.000000
vn 0.000000 -1.000000 0.000000
vn 0.000000 -1.000000 0.000000
vn 0.000000 -1.000000 0.000000
vn 0.000000 -1.000000 0.000000
vn 0.000000 -1.000000 0.000000
vn 0.000000 -1.000000 0.000000
vn 0.000000 -1.000000 0.000000
vn 0.000000 -1.000000 0.000000
vn 0.000000 -1.000000 0.000000
vn 0.000000 -1.000000 0.000000
vn 0.000000 -1.000000 0.000000
vn 0.000000 -1.000000 0.000000
vn 0.000000 -1.000000 0.000000
vn 0.000000 -1.000000 0.000000
vn 0.000000 -1.000000 0.000000
vn 0.000000 -1.000000 0.000000
vn 0.000000 -1.000000 0.000000
vn 0.000000 -1.000000 0.000000
vn 0.000000 -1.000000 0.000000
vn 0.000000 -1.000000 0.000000
vn 0.054572 0.998352 -0.017731
vn 0.046422 0.998352 -0.033727
vn 0.000000 1.000000 0.000000
vn 0.046422 0.998352 -0.033727
vn 0.033727 0.998352 -0.046422
vn 0.000000 1.000000 0.000000
vn 0.033727 0.998352 -0.046422
vn 0.017731 0.998352 -0.054572
vn 0.000000 1.000000 0.000000
vn 0.017731 0.998352 -0.054572
vn 0.000000 0.998352 -0.057380
vn 0.000000 1.000000 0.000000
vn 0.000000 0.998352 -0.057380
vn -0.017732 0.998352 -0.054572
vn 0.000000 1.000000 0.000000
vn -0.017732 0.998352 -0.054572
vn -0.033727 0.998352 -0.046422
vn 0.000000 1.000000 0.000000
vn -0.033727 0.998352 -0.046422
vn -0.046422 0.998352 -0.033727
vn 0.000000 1.000000 0.000000
vn -0.046422 0.998352 -0.033727
vn -0.054572 0.998352 -0.017731
vn 0.000000 1.000000 0.000000
vn -0.054572 0.998352 -0.017731
vn -0.057380 0.998352 -0.000000
vn 0.000000 1.000000 0.000000
vn -0.057380 0.998352 -0.000000
vn -0.054572 0.998352 0.017731
vn 0.000000 1.000000 0.000000
vn -0.054572 0.998352 0.017731
vn -0.046422 0.998352 0.033727
vn 0.000000 1.000000 0.000000
vn -0.046422 0.998352 0.033727
vn -0.033727 0.998352 0.046422
vn 0.000000 1.000000 0.000000
vn -0.033727 0.998352 0.046422
vn -0.017732 0.998352 0.054572
vn 0.000000 1.000000 0.000000
vn -0.017732 0.998352 0.054572
vn 0.000000 0.998352 0.057380
vn 0.000000 1.000000 0.000000
vn 0.000000 0.998352 0.057380
vn 0.017732 0.998352 0.054572
vn 0.000000 1.000000 0.000000
vn 0.017732 0.998352 0.054572
vn 0.033727 0.998352 0.046422
vn 0.000000 1.000000 0.000000
vn 0.033727 0.998352 0.046422
vn 0.046422 0.998352 0.033727
vn 0.000000 1.000000 0.000000
vn 0.046422 0.998352 0.033727
vn 0.054572 0.998352 0.017731
vn 0.000000 1.000000 0.000000
vn 0.054572 0.998352 0.017731
vn 0.057380 0.998352 0.000000
vn 0.000000 1.000000 0.000000
vn 0.057380 0.998352 0.000000
vn 0.054572 0.998352 -0.017731
vn 0.000000 1.000000 0.000000
s off
g item_bomb:group1pCylinder1
usemtl item_bomb:lambert6SG
f 1401/1683/8329 1402/1684/8330 1421/1685/8331
f 1421/1685/8332 1402/1684/8333 1422/1686/8334
f 1402/1684/8335 1403/1687/8336 1422/1686/8337
f 1422/1686/8338 1403/1687/8339 1423/1688/8340
f 1403/1687/8341 1404/1689/8342 1423/1688/8343
f 1423/1688/8344 1404/1689/8345 1424/1690/8346
f 1404/1689/8347 1405/1691/8348 1424/1690/8349
f 1424/1690/8350 1405/1691/8351 1425/1692/8352
f 1405/1691/8353 1406/1693/8354 1425/1692/8355
f 1425/1692/8356 1406/1693/8357 1426/1694/8358
f 1406/1693/8359 1407/1695/8360 1426/1694/8361
f 1426/1694/8362 1407/1695/8363 1427/1696/8364
f 1407/1695/8365 1408/1697/8366 1427/1696/8367
f 1427/1696/8368 1408/1697/8369 1428/1698/8370
f 1408/1697/8371 1409/1699/8372 1428/1698/8373
f 1428/1698/8374 1409/1699/8375 1429/1700/8376
f 1409/1699/8377 1410/1701/8378 1429/1700/8379
f 1429/1700/8380 1410/1701/8381 1430/1702/8382
f 1410/1701/8383 1411/1703/8384 1430/1702/8385
f 1430/1702/8386 1411/1703/8387 1431/1704/8388
f 1411/1703/8389 1412/1705/8390 1431/1704/8391
f 1431/1704/8392 1412/1705/8393 1432/1706/8394
f 1412/1705/8395 1413/1707/8396 1432/1706/8397
f 1432/1706/8398 1413/1707/8399 1433/1708/8400
f 1413/1707/8401 1414/1709/8402 1433/1708/8403
f 1433/1708/8404 1414/1709/8405 1434/1710/8406
f 1414/1709/8407 1415/1711/8408 1434/1710/8409
f 1434/1710/8410 1415/1711/8411 1435/1712/8412
f 1415/1711/8413 1416/1713/8414 1435/1712/8415
f 1435/1712/8416 1416/1713/8417 1436/1714/8418
f 1416/1713/8419 1417/1715/8420 1436/1714/8421
f 1436/1714/8422 1417/1715/8423 1437/1716/8424
f 1417/1715/8425 1418/1717/8426 1437/1716/8427
f 1437/1716/8428 1418/1717/8429 1438/1718/8430
f 1418/1717/8431 1419/1719/8432 1438/1718/8433
f 1438/1718/8434 1419/1719/8435 1439/1720/8436
f 1419/1719/8437 1420/1721/8438 1439/1720/8439
f 1439/1720/8440 1420/1721/8441 1440/1722/8442
f 1420/1721/8443 1401/1723/8444 1440/1722/8445
f 1440/1722/8446 1401/1723/8447 1421/1724/8448
f 1402/1725/8449 1401/1726/8450 1441/1727/8451
f 1403/1728/8452 1402/1725/8453 1441/1727/8454
f 1404/1729/8455 1403/1728/8456 1441/1727/8457
f 1405/1730/8458 1404/1729/8459 1441/1727/8460
f 1406/1731/8461 1405/1730/8462 1441/1727/8463
f 1407/1732/8464 1406/1731/8465 1441/1727/8466
f 1408/1733/8467 1407/1732/8468 1441/1727/8469
f 1409/1734/8470 1408/1733/8471 1441/1727/8472
f 1410/1735/8473 1409/1734/8474 1441/1727/8475
f 1411/1736/8476 1410/1735/8477 1441/1727/8478
f 1412/1737/8479 1411/1736/8480 1441/1727/8481
f 1413/1738/8482 1412/1737/8483 1441/1727/8484
f 1414/1739/8485 1413/1738/8486 1441/1727/8487
f 1415/1740/8488 1414/1739/8489 1441/1727/8490
f 1416/1741/8491 1415/1740/8492 1441/1727/8493
f 1417/1742/8494 1416/1741/8495 1441/1727/8496
f 1418/1743/8497 1417/1742/8498 1441/1727/8499
f 1419/1744/8500 1418/1743/8501 1441/1727/8502
f 1420/1745/8503 1419/1744/8504 1441/1727/8505
f 1401/1726/8506 1420/1745/8507 1441/1727/8508
f 1421/1746/8509 1422/1747/8510 1442/1748/8511
f 1422/1747/8512 1423/1749/8513 1442/1748/8514
f 1423/1749/8515 1424/1750/8516 1442/1748/8517
f 1424/1750/8518 1425/1751/8519 1442/1748/8520
f 1425/1751/8521 1426/1752/8522 1442/1748/8523
f 1426/1752/8524 1427/1753/8525 1442/1748/8526
f 1427/1753/8527 1428/1754/8528 1442/1748/8529
f 1428/1754/8530 1429/1755/8531 1442/1748/8532
f 1429/1755/8533 1430/1756/8534 1442/1748/8535
f 1430/1756/8536 1431/1757/8537 1442/1748/8538
f 1431/1757/8539 1432/1758/8540 1442/1748/8541
f 1432/1758/8542 1433/1759/8543 1442/1748/8544
f 1433/1759/8545 1434/1760/8546 1442/1748/8547
f 1434/1760/8548 1435/1761/8549 1442/1748/8550
f 1435/1761/8551 1436/1762/8552 1442/1748/8553
f 1436/1762/8554 1437/1763/8555 1442/1748/8556
f 1437/1763/8557 1438/1764/8558 1442/1748/8559
f 1438/1764/8560 1439/1765/8561 1442/1748/8562
f 1439/1765/8563 1440/1766/8564 1442/1748/8565
f 1440/1766/8566 1421/1746/8567 1442/1748/8568
g default
v -0.054112 0.496934 0.711628
v -0.069869 0.489891 0.703050
v -0.089057 0.490249 0.704830
v -0.102697 0.497838 0.716135
v -0.104407 0.509108 0.731676
v -0.093387 0.518786 0.744181
v -0.074793 0.522344 0.747798
v -0.057326 0.518115 0.740836
v -0.049158 0.508080 0.726551
v -0.034728 0.507952 0.686019
v -0.064342 0.494717 0.669897
v -0.100404 0.495388 0.673242
v -0.126039 0.509651 0.694489
v -0.129254 0.530833 0.723697
v -0.108543 0.549021 0.747198
v -0.073597 0.555707 0.753997
v -0.040769 0.547760 0.740911
v -0.025418 0.528900 0.714065
v -0.021069 0.530925 0.656201
v -0.060968 0.513093 0.634480
v -0.109553 0.513997 0.638987
v -0.144092 0.533215 0.667614
v -0.148422 0.561752 0.706965
v -0.120519 0.586258 0.738628
v -0.073437 0.595265 0.747788
v -0.029208 0.584558 0.730157
v -0.008526 0.559148 0.693987
v -0.014781 0.563082 0.625772
v -0.060152 0.542805 0.601071
v -0.115401 0.543833 0.606197
v -0.154677 0.565686 0.638750
v -0.159602 0.598138 0.683498
v -0.127871 0.626005 0.719504
v -0.074332 0.636247 0.729920
v -0.024036 0.624072 0.709872
v -0.000517 0.595177 0.668740
v -0.016622 0.600545 0.598401
v -0.061994 0.580267 0.573700
v -0.117243 0.581296 0.578826
v -0.156519 0.603149 0.611379
v -0.161444 0.635601 0.656127
v -0.129713 0.663467 0.692133
v -0.076174 0.673709 0.702549
v -0.025878 0.661535 0.682501
v -0.002359 0.632639 0.641369
v -0.026372 0.638794 0.577390
v -0.066271 0.620963 0.555668
v -0.114856 0.621867 0.560175
v -0.149395 0.641084 0.588802
v -0.153726 0.669622 0.628153
v -0.125822 0.694128 0.659816
v -0.078740 0.703134 0.668976
v -0.034511 0.692428 0.651346
v -0.013829 0.667018 0.615176
v -0.042853 0.673218 0.565272
v -0.072467 0.659983 0.549150
v -0.108529 0.660654 0.552495
v -0.134164 0.674917 0.573743
v -0.137379 0.696099 0.602951
v -0.116668 0.714288 0.626452
v -0.081722 0.720973 0.633250
v -0.048894 0.713026 0.620165
v -0.033543 0.694166 0.593318
v -0.064078 0.699662 0.563510
v -0.079836 0.692620 0.554932
v -0.099024 0.692977 0.556712
v -0.112664 0.700567 0.568018
v -0.114374 0.711837 0.583559
v -0.103354 0.721515 0.596063
v -0.084760 0.725072 0.599681
v -0.067293 0.720844 0.592718
v -0.059125 0.710809 0.578433
v -0.076881 0.499200 0.729940
v -0.087487 0.714939 0.572317
vt 0.000000 0.111111
vt 0.111111 0.111111
vt 0.000000 0.222222
vt 0.111111 0.222222
vt 0.222222 0.111111
vt 0.222222 0.222222
vt 0.333333 0.111111
vt 0.333333 0.222222
vt 0.444444 0.111111
vt 0.444444 0.222222
vt 0.555556 0.111111
vt 0.555556 0.222222
vt 0.666667 0.111111
vt 0.666667 0.222222
vt 0.777778 0.111111
vt 0.777778 0.222222
vt 0.888889 0.111111
vt 0.888889 0.222222
vt 1.000000 0.111111
vt 1.000000 0.222222
vt 0.000000 0.333333
vt 0.111111 0.333333
vt 0.222222 0.333333
vt 0.333333 0.333333
vt 0.444444 0.333333
vt 0.555556 0.333333
vt 0.666667 0.333333
vt 0.777778 0.333333
vt 0.888889 0.333333
vt 1.000000 0.333333
vt 0.000000 0.444444
vt 0.111111 0.444444
vt 0.222222 0.444444
vt 0.333333 0.444444
vt 0.444444 0.444444
vt 0.555556 0.444444
vt 0.666667 0.444444
vt 0.777778 0.444444
vt 0.888889 0.444444
vt 1.000000 0.444444
vt 0.000000 0.555556
vt 0.111111 0.555556
vt 0.222222 0.555556
vt 0.333333 0.555556
vt 0.444444 0.555556
vt 0.555556 0.555556
vt 0.666667 0.555556
vt 0.777778 0.555556
vt 0.888889 0.555556
vt 1.000000 0.555556
vt 0.000000 0.666667
vt 0.111111 0.666667
vt 0.222222 0.666667
vt 0.333333 0.666667
vt 0.444444 0.666667
vt 0.555556 0.666667
vt 0.666667 0.666667
vt 0.777778 0.666667
vt 0.888889 0.666667
vt 1.000000 0.666667
vt 0.000000 0.777778
vt 0.111111 0.777778
vt 0.222222 0.777778
vt 0.333333 0.777778
vt 0.444444 0.777778
vt 0.555556 0.777778
vt 0.666667 0.777778
vt 0.777778 0.777778
vt 0.888889 0.777778
vt 1.000000 0.777778
vt 0.000000 0.888889
vt 0.111111 0.888889
vt 0.222222 0.888889
vt 0.333333 0.888889
vt 0.444444 0.888889
vt 0.555556 0.888889
vt 0.666667 0.888889
vt 0.777778 0.888889
vt 0.888889 0.888889
vt 1.000000 0.888889
vt 0.055556 0.000000
vt 0.166667 0.000000
vt 0.277778 0.000000
vt 0.388889 0.000000
vt 0.500000 0.000000
vt 0.611111 0.000000
vt 0.722222 0.000000
vt 0.833333 0.000000
vt 0.944444 0.000000
vt 0.055556 1.000000
vt 0.166667 1.000000
vt 0.277778 1.000000
vt 0.388889 1.000000
vt 0.500000 1.000000
vt 0.611111 1.000000
vt 0.722222 1.000000
vt 0.833333 1.000000
vt 0.944444 1.000000
vn 0.433749 -0.899131 -0.058532
vn 0.433749 -0.899131 -0.058532
vn 0.433749 -0.899131 -0.058532
vn 0.433722 -0.899142 -0.058560
vn 0.433722 -0.899142 -0.058560
vn 0.433722 -0.899142 -0.058560
vn -0.032238 -0.988280 -0.149210
vn -0.032238 -0.988280 -0.149209
vn -0.032238 -0.988280 -0.149209
vn -0.032238 -0.988280 -0.149209
vn -0.032238 -0.988280 -0.149209
vn -0.032238 -0.988280 -0.149209
vn -0.469971 -0.882320 0.025273
vn -0.469971 -0.882320 0.025273
vn -0.469971 -0.882320 0.025273
vn -0.469971 -0.882320 0.025273
vn -0.469971 -0.882320 0.025273
vn -0.469971 -0.882320 0.025273
vn -0.674657 -0.630842 0.383246
vn -0.674657 -0.630841 0.383246
vn -0.674657 -0.630841 0.383246
vn -0.674657 -0.630841 0.383246
vn -0.674657 -0.630841 0.383246
vn -0.674657 -0.630841 0.383246
vn -0.550520 -0.351514 0.757209
vn -0.550520 -0.351514 0.757209
vn -0.550520 -0.351514 0.757209
vn -0.550520 -0.351514 0.757209
vn -0.550520 -0.351514 0.757209
vn -0.550520 -0.351514 0.757209
vn -0.155647 -0.175038 0.972181
vn -0.155647 -0.175038 0.972181
vn -0.155647 -0.175039 0.972181
vn -0.155647 -0.175039 0.972181
vn -0.155647 -0.175038 0.972181
vn -0.155647 -0.175039 0.972181
vn 0.325199 -0.183989 0.927574
vn 0.325199 -0.183989 0.927574
vn 0.325198 -0.183989 0.927574
vn 0.325198 -0.183989 0.927574
vn 0.325199 -0.183989 0.927574
vn 0.325198 -0.183988 0.927575
vn 0.667023 -0.374178 0.644261
vn 0.667023 -0.374178 0.644261
vn 0.667023 -0.374178 0.644261
vn 0.667023 -0.374178 0.644261
vn 0.667023 -0.374178 0.644261
vn 0.667023 -0.374178 0.644261
vn 0.709882 -0.656613 0.254806
vn 0.709882 -0.656613 0.254806
vn 0.709882 -0.656613 0.254806
vn 0.709882 -0.656613 0.254806
vn 0.709882 -0.656613 0.254806
vn 0.709882 -0.656614 0.254806
vn 0.534057 -0.770175 -0.348731
vn 0.534057 -0.770175 -0.348732
vn 0.534057 -0.770175 -0.348731
vn 0.534057 -0.770175 -0.348731
vn 0.534057 -0.770175 -0.348732
vn 0.534057 -0.770175 -0.348732
vn -0.059513 -0.883725 -0.464207
vn -0.059513 -0.883725 -0.464207
vn -0.059513 -0.883725 -0.464207
vn -0.059513 -0.883725 -0.464207
vn -0.059513 -0.883725 -0.464207
vn -0.059513 -0.883725 -0.464207
vn -0.617125 -0.748747 -0.241940
vn -0.617125 -0.748747 -0.241940
vn -0.617125 -0.748747 -0.241940
vn -0.617125 -0.748747 -0.241940
vn -0.617125 -0.748747 -0.241940
vn -0.617125 -0.748747 -0.241940
vn -0.877867 -0.428398 0.214068
vn -0.877867 -0.428398 0.214069
vn -0.877867 -0.428398 0.214069
vn -0.877867 -0.428398 0.214069
vn -0.877867 -0.428398 0.214069
vn -0.877867 -0.428398 0.214069
vn -0.719734 -0.072573 0.690446
vn -0.719734 -0.072573 0.690446
vn -0.719734 -0.072573 0.690446
vn -0.719734 -0.072573 0.690446
vn -0.719734 -0.072573 0.690446
vn -0.719734 -0.072573 0.690446
vn -0.216719 0.152234 0.964291
vn -0.216719 0.152234 0.964291
vn -0.216719 0.152234 0.964291
vn -0.216719 0.152234 0.964291
vn -0.216719 0.152234 0.964291
vn -0.216719 0.152234 0.964291
vn 0.395812 0.140832 0.907469
vn 0.395812 0.140832 0.907469
vn 0.395812 0.140832 0.907469
vn 0.395812 0.140832 0.907469
vn 0.395812 0.140832 0.907469
vn 0.395812 0.140832 0.907469
vn 0.831249 -0.101443 0.546566
vn 0.831249 -0.101443 0.546566
vn 0.831249 -0.101443 0.546566
vn 0.831249 -0.101443 0.546566
vn 0.831249 -0.101443 0.546566
vn 0.831249 -0.101443 0.546566
vn 0.885846 -0.461227 0.050454
vn 0.885846 -0.461228 0.050454
vn 0.885846 -0.461228 0.050454
vn 0.885846 -0.461228 0.050454
vn 0.885846 -0.461228 0.050454
vn 0.885846 -0.461228 0.050454
vn 0.570313 -0.620671 -0.538062
vn 0.570313 -0.620671 -0.538062
vn 0.570313 -0.620671 -0.538062
vn 0.570313 -0.620671 -0.538062
vn 0.570313 -0.620671 -0.538062
vn 0.570313 -0.620671 -0.538062
vn -0.075421 -0.744200 -0.663685
vn -0.075421 -0.744200 -0.663685
vn -0.075421 -0.744200 -0.663685
vn -0.075421 -0.744200 -0.663685
vn -0.075421 -0.744200 -0.663685
vn -0.075421 -0.744200 -0.663685
vn -0.682038 -0.597359 -0.421885
vn -0.682038 -0.597359 -0.421885
vn -0.682038 -0.597359 -0.421885
vn -0.682038 -0.597359 -0.421885
vn -0.682038 -0.597359 -0.421885
vn -0.682038 -0.597359 -0.421885
vn -0.965694 -0.248857 0.074198
vn -0.965694 -0.248857 0.074199
vn -0.965694 -0.248857 0.074199
vn -0.965694 -0.248857 0.074199
vn -0.965694 -0.248857 0.074199
vn -0.965694 -0.248857 0.074199
vn -0.793664 0.138239 0.592442
vn -0.793664 0.138239 0.592442
vn -0.793664 0.138239 0.592442
vn -0.793664 0.138239 0.592442
vn -0.793664 0.138239 0.592442
vn -0.793664 0.138239 0.592442
vn -0.246442 0.382802 0.890353
vn -0.246443 0.382802 0.890353
vn -0.246443 0.382802 0.890353
vn -0.246443 0.382802 0.890353
vn -0.246443 0.382802 0.890353
vn -0.246443 0.382802 0.890353
vn 0.419920 0.370398 0.828537
vn 0.419919 0.370398 0.828537
vn 0.419919 0.370398 0.828537
vn 0.419919 0.370398 0.828537
vn 0.419919 0.370398 0.828537
vn 0.419919 0.370398 0.828537
vn 0.893624 0.106831 0.435917
vn 0.893624 0.106831 0.435917
vn 0.893624 0.106831 0.435917
vn 0.893624 0.106831 0.435917
vn 0.893624 0.106831 0.435917
vn 0.893624 0.106831 0.435917
vn 0.953019 -0.284572 -0.103795
vn 0.953019 -0.284572 -0.103795
vn 0.953019 -0.284572 -0.103795
vn 0.953019 -0.284572 -0.103795
vn 0.953019 -0.284572 -0.103795
vn 0.953019 -0.284572 -0.103795
vn 0.574481 -0.464273 -0.674108
vn 0.574481 -0.464273 -0.674108
vn 0.574481 -0.464273 -0.674108
vn 0.574481 -0.464273 -0.674108
vn 0.574481 -0.464273 -0.674108
vn 0.574481 -0.464273 -0.674108
vn -0.085437 -0.590515 -0.802491
vn -0.085437 -0.590515 -0.802491
vn -0.085437 -0.590515 -0.802491
vn -0.085437 -0.590515 -0.802491
vn -0.085437 -0.590515 -0.802491
vn -0.085437 -0.590515 -0.802491
vn -0.705378 -0.440449 -0.555379
vn -0.705378 -0.440449 -0.555379
vn -0.705378 -0.440449 -0.555379
vn -0.705378 -0.440449 -0.555379
vn -0.705378 -0.440449 -0.555379
vn -0.705378 -0.440449 -0.555379
vn -0.995265 -0.084292 -0.048400
vn -0.995265 -0.084292 -0.048400
vn -0.995265 -0.084292 -0.048400
vn -0.995265 -0.084292 -0.048400
vn -0.995265 -0.084292 -0.048400
vn -0.995265 -0.084292 -0.048400
vn -0.819456 0.311306 0.481227
vn -0.819456 0.311306 0.481227
vn -0.819456 0.311306 0.481227
vn -0.819456 0.311306 0.481227
vn -0.819456 0.311306 0.481227
vn -0.819456 0.311306 0.481227
vn -0.260215 0.561241 0.785682
vn -0.260215 0.561241 0.785682
vn -0.260215 0.561241 0.785682
vn -0.260215 0.561241 0.785682
vn -0.260215 0.561241 0.785682
vn -0.260215 0.561241 0.785682
vn 0.420784 0.548565 0.722508
vn 0.420784 0.548565 0.722508
vn 0.420784 0.548565 0.722508
vn 0.420784 0.548565 0.722508
vn 0.420784 0.548565 0.722508
vn 0.420784 0.548565 0.722508
vn 0.904893 0.279209 0.321264
vn 0.904893 0.279209 0.321264
vn 0.904893 0.279209 0.321264
vn 0.904893 0.279209 0.321264
vn 0.904893 0.279209 0.321264
vn 0.904893 0.279209 0.321264
vn 0.965593 -0.120792 -0.230303
vn 0.965593 -0.120792 -0.230303
vn 0.965593 -0.120792 -0.230303
vn 0.965593 -0.120792 -0.230303
vn 0.965593 -0.120792 -0.230303
vn 0.965593 -0.120792 -0.230303
vn 0.553954 -0.287917 -0.781178
vn 0.553954 -0.287918 -0.781177
vn 0.553954 -0.287917 -0.781178
vn 0.553954 -0.287917 -0.781178
vn 0.553954 -0.287918 -0.781177
vn 0.553954 -0.287918 -0.781178
vn -0.091780 -0.411447 -0.906801
vn -0.091780 -0.411447 -0.906801
vn -0.091780 -0.411447 -0.906801
vn -0.091780 -0.411447 -0.906801
vn -0.091780 -0.411447 -0.906801
vn -0.091780 -0.411447 -0.906801
vn -0.698397 -0.264606 -0.665000
vn -0.698397 -0.264606 -0.665000
vn -0.698397 -0.264606 -0.665000
vn -0.698397 -0.264606 -0.665000
vn -0.698397 -0.264606 -0.665000
vn -0.698397 -0.264606 -0.665000
vn -0.982053 0.083896 -0.168917
vn -0.982053 0.083896 -0.168917
vn -0.982053 0.083896 -0.168917
vn -0.982053 0.083896 -0.168917
vn -0.982053 0.083896 -0.168917
vn -0.982053 0.083896 -0.168917
vn -0.810023 0.470992 0.349326
vn -0.810023 0.470992 0.349326
vn -0.810023 0.470992 0.349326
vn -0.810023 0.470992 0.349326
vn -0.810023 0.470992 0.349326
vn -0.810023 0.470992 0.349326
vn -0.262802 0.715555 0.647237
vn -0.262802 0.715555 0.647237
vn -0.262802 0.715555 0.647237
vn -0.262802 0.715555 0.647237
vn -0.262802 0.715555 0.647237
vn -0.262802 0.715555 0.647237
vn 0.403560 0.703151 0.585421
vn 0.403560 0.703151 0.585421
vn 0.403560 0.703151 0.585421
vn 0.403560 0.703151 0.585421
vn 0.403560 0.703151 0.585421
vn 0.403560 0.703151 0.585421
vn 0.877265 0.439585 0.192801
vn 0.877265 0.439584 0.192801
vn 0.877265 0.439585 0.192801
vn 0.877265 0.439585 0.192801
vn 0.877265 0.439584 0.192801
vn 0.877265 0.439584 0.192801
vn 0.936660 0.048181 -0.346911
vn 0.936660 0.048181 -0.346910
vn 0.936660 0.048181 -0.346911
vn 0.936660 0.048181 -0.346911
vn 0.936660 0.048181 -0.346910
vn 0.936660 0.048181 -0.346910
vn 0.499389 -0.065014 -0.863935
vn 0.499389 -0.065014 -0.863935
vn 0.499389 -0.065014 -0.863935
vn 0.499389 -0.065014 -0.863935
vn 0.499389 -0.065014 -0.863935
vn 0.499389 -0.065015 -0.863935
vn -0.094181 -0.178565 -0.979410
vn -0.094181 -0.178565 -0.979410
vn -0.094181 -0.178565 -0.979410
vn -0.094181 -0.178565 -0.979410
vn -0.094181 -0.178565 -0.979410
vn -0.094181 -0.178565 -0.979410
vn -0.651793 -0.043586 -0.757143
vn -0.651793 -0.043586 -0.757143
vn -0.651793 -0.043586 -0.757143
vn -0.651793 -0.043586 -0.757143
vn -0.651793 -0.043586 -0.757143
vn -0.651793 -0.043586 -0.757143
vn -0.912535 0.276763 -0.301135
vn -0.912535 0.276763 -0.301135
vn -0.912535 0.276763 -0.301135
vn -0.912535 0.276763 -0.301135
vn -0.912535 0.276763 -0.301135
vn -0.912535 0.276763 -0.301135
vn -0.754402 0.632588 0.175242
vn -0.754402 0.632588 0.175242
vn -0.754402 0.632588 0.175243
vn -0.754402 0.632588 0.175243
vn -0.754402 0.632588 0.175242
vn -0.754402 0.632588 0.175243
vn -0.251387 0.857394 0.449088
vn -0.251387 0.857394 0.449088
vn -0.251387 0.857394 0.449088
vn -0.251387 0.857394 0.449088
vn -0.251387 0.857394 0.449088
vn -0.251387 0.857394 0.449088
vn 0.361144 0.845992 0.392265
vn 0.361144 0.845992 0.392265
vn 0.361144 0.845992 0.392265
vn 0.361144 0.845992 0.392265
vn 0.361144 0.845992 0.392265
vn 0.361144 0.845992 0.392265
vn 0.796581 0.603718 0.031362
vn 0.796581 0.603718 0.031362
vn 0.796581 0.603718 0.031362
vn 0.796581 0.603718 0.031362
vn 0.796581 0.603718 0.031362
vn 0.796581 0.603717 0.031362
vn 0.851178 0.243933 -0.464750
vn 0.851178 0.243933 -0.464750
vn 0.851178 0.243933 -0.464750
vn 0.851178 0.243933 -0.464750
vn 0.851178 0.243933 -0.464750
vn 0.851178 0.243933 -0.464750
vn 0.377546 0.243506 -0.893400
vn 0.377546 0.243506 -0.893400
vn 0.377546 0.243506 -0.893400
vn 0.377546 0.243506 -0.893400
vn 0.377546 0.243506 -0.893400
vn 0.377546 0.243506 -0.893400
vn -0.088414 0.154368 -0.984050
vn -0.088414 0.154368 -0.984050
vn -0.088414 0.154368 -0.984050
vn -0.088414 0.154368 -0.984050
vn -0.088414 0.154368 -0.984050
vn -0.088414 0.154368 -0.984050
vn -0.526147 0.260328 -0.809567
vn -0.526147 0.260328 -0.809567
vn -0.526147 0.260328 -0.809567
vn -0.526147 0.260328 -0.809567
vn -0.526147 0.260328 -0.809567
vn -0.526147 0.260327 -0.809567
vn -0.730833 0.511806 -0.451594
vn -0.730833 0.511806 -0.451594
vn -0.730833 0.511806 -0.451594
vn -0.730833 0.511806 -0.451594
vn -0.730833 0.511806 -0.451594
vn -0.730833 0.511806 -0.451594
vn -0.606697 0.791134 -0.077631
vn -0.606697 0.791134 -0.077631
vn -0.606697 0.791134 -0.077631
vn -0.606697 0.791134 -0.077631
vn -0.606697 0.791134 -0.077631
vn -0.606697 0.791134 -0.077631
vn -0.211823 0.967610 0.137341
vn -0.211823 0.967610 0.137341
vn -0.211823 0.967610 0.137341
vn -0.211823 0.967610 0.137341
vn -0.211823 0.967610 0.137341
vn -0.211823 0.967610 0.137341
vn 0.269023 0.958659 0.092734
vn 0.269022 0.958659 0.092734
vn 0.269022 0.958659 0.092734
vn 0.269022 0.958659 0.092734
vn 0.269022 0.958659 0.092734
vn 0.269022 0.958659 0.092735
vn 0.610846 0.768470 -0.190579
vn 0.610846 0.768470 -0.190579
vn 0.610846 0.768470 -0.190579
vn 0.610846 0.768470 -0.190579
vn 0.610846 0.768470 -0.190579
vn 0.610847 0.768470 -0.190580
vn 0.653706 0.486035 -0.580034
vn 0.653706 0.486035 -0.580034
vn 0.653706 0.486035 -0.580034
vn 0.653706 0.486035 -0.580034
vn 0.653706 0.486035 -0.580034
vn 0.653706 0.486034 -0.580034
vn 0.205303 -0.907070 0.367524
vn 0.205303 -0.907070 0.367524
vn 0.205303 -0.907070 0.367524
vn 0.013056 -0.943847 0.330124
vn 0.013056 -0.943847 0.330124
vn 0.013056 -0.943847 0.330124
vn -0.167546 -0.900131 0.402111
vn -0.167546 -0.900131 0.402111
vn -0.167546 -0.900131 0.402111
vn -0.251996 -0.796374 0.549805
vn -0.251996 -0.796374 0.549805
vn -0.251996 -0.796374 0.549805
vn -0.200779 -0.681128 0.704097
vn -0.200779 -0.681128 0.704097
vn -0.200779 -0.681128 0.704096
vn -0.037861 -0.608317 0.792790
vn -0.037861 -0.608317 0.792790
vn -0.037861 -0.608317 0.792790
vn 0.160528 -0.612010 0.774386
vn 0.160528 -0.612010 0.774386
vn 0.160528 -0.612010 0.774386
vn 0.301559 -0.690479 0.657496
vn 0.301559 -0.690479 0.657496
vn 0.301559 -0.690479 0.657496
vn 0.319242 -0.807008 0.496813
vn 0.319242 -0.807008 0.496813
vn 0.319242 -0.807008 0.496813
vn 0.129413 0.636566 -0.760287
vn 0.129413 0.636566 -0.760286
vn 0.129413 0.636566 -0.760287
vn -0.062835 0.599790 -0.797687
vn -0.062835 0.599790 -0.797687
vn -0.062835 0.599790 -0.797687
vn -0.243436 0.643506 -0.725699
vn -0.243436 0.643506 -0.725699
vn -0.243436 0.643506 -0.725699
vn -0.327886 0.747262 -0.578005
vn -0.327886 0.747262 -0.578005
vn -0.327886 0.747262 -0.578005
vn -0.276670 0.862508 -0.423714
vn -0.276670 0.862508 -0.423714
vn -0.276670 0.862508 -0.423713
vn -0.113751 0.935319 -0.335020
vn -0.113751 0.935319 -0.335020
vn -0.113751 0.935319 -0.335020
vn 0.084638 0.931626 -0.353424
vn 0.084638 0.931626 -0.353424
vn 0.084638 0.931626 -0.353424
vn 0.225669 0.853158 -0.470314
vn 0.225669 0.853158 -0.470314
vn 0.225669 0.853158 -0.470314
vn 0.243352 0.736629 -0.630997
vn 0.243352 0.736629 -0.630997
vn 0.243352 0.736629 -0.630997
s off
g item_bomb:group1pSphere7
usemtl item_bomb:lambert4SG
f 1443/1767/8569 1444/1768/8570 1452/1769/8571
f 1452/1769/8572 1444/1768/8573 1453/1770/8574
f 1444/1768/8575 1445/1771/8576 1453/1770/8577
f 1453/1770/8578 1445/1771/8579 1454/1772/8580
f 1445/1771/8581 1446/1773/8582 1454/1772/8583
f 1454/1772/8584 1446/1773/8585 1455/1774/8586
f 1446/1773/8587 1447/1775/8588 1455/1774/8589
f 1455/1774/8590 1447/1775/8591 1456/1776/8592
f 1447/1775/8593 1448/1777/8594 1456/1776/8595
f 1456/1776/8596 1448/1777/8597 1457/1778/8598
f 1448/1777/8599 1449/1779/8600 1457/1778/8601
f 1457/1778/8602 1449/1779/8603 1458/1780/8604
f 1449/1779/8605 1450/1781/8606 1458/1780/8607
f 1458/1780/8608 1450/1781/8609 1459/1782/8610
f 1450/1781/8611 1451/1783/8612 1459/1782/8613
f 1459/1782/8614 1451/1783/8615 1460/1784/8616
f 1451/1783/8617 1443/1785/8618 1460/1784/8619
f 1460/1784/8620 1443/1785/8621 1452/1786/8622
f 1452/1769/8623 1453/1770/8624 1461/1787/8625
f 1461/1787/8626 1453/1770/8627 1462/1788/8628
f 1453/1770/8629 1454/1772/8630 1462/1788/8631
f 1462/1788/8632 1454/1772/8633 1463/1789/8634
f 1454/1772/8635 1455/1774/8636 1463/1789/8637
f 1463/1789/8638 1455/1774/8639 1464/1790/8640
f 1455/1774/8641 1456/1776/8642 1464/1790/8643
f 1464/1790/8644 1456/1776/8645 1465/1791/8646
f 1456/1776/8647 1457/1778/8648 1465/1791/8649
f 1465/1791/8650 1457/1778/8651 1466/1792/8652
f 1457/1778/8653 1458/1780/8654 1466/1792/8655
f 1466/1792/8656 1458/1780/8657 1467/1793/8658
f 1458/1780/8659 1459/1782/8660 1467/1793/8661
f 1467/1793/8662 1459/1782/8663 1468/1794/8664
f 1459/1782/8665 1460/1784/8666 1468/1794/8667
f 1468/1794/8668 1460/1784/8669 1469/1795/8670
f 1460/1784/8671 1452/1786/8672 1469/1795/8673
f 1469/1795/8674 1452/1786/8675 1461/1796/8676
f 1461/1787/8677 1462/1788/8678 1470/1797/8679
f 1470/1797/8680 1462/1788/8681 1471/1798/8682
f 1462/1788/8683 1463/1789/8684 1471/1798/8685
f 1471/1798/8686 1463/1789/8687 1472/1799/8688
f 1463/1789/8689 1464/1790/8690 1472/1799/8691
f 1472/1799/8692 1464/1790/8693 1473/1800/8694
f 1464/1790/8695 1465/1791/8696 1473/1800/8697
f 1473/1800/8698 1465/1791/8699 1474/1801/8700
f 1465/1791/8701 1466/1792/8702 1474/1801/8703
f 1474/1801/8704 1466/1792/8705 1475/1802/8706
f 1466/1792/8707 1467/1793/8708 1475/1802/8709
f 1475/1802/8710 1467/1793/8711 1476/1803/8712
f 1467/1793/8713 1468/1794/8714 1476/1803/8715
f 1476/1803/8716 1468/1794/8717 1477/1804/8718
f 1468/1794/8719 1469/1795/8720 1477/1804/8721
f 1477/1804/8722 1469/1795/8723 1478/1805/8724
f 1469/1795/8725 1461/1796/8726 1478/1805/8727
f 1478/1805/8728 1461/1796/8729 1470/1806/8730
f 1470/1797/8731 1471/1798/8732 1479/1807/8733
f 1479/1807/8734 1471/1798/8735 1480/1808/8736
f 1471/1798/8737 1472/1799/8738 1480/1808/8739
f 1480/1808/8740 1472/1799/8741 1481/1809/8742
f 1472/1799/8743 1473/1800/8744 1481/1809/8745
f 1481/1809/8746 1473/1800/8747 1482/1810/8748
f 1473/1800/8749 1474/1801/8750 1482/1810/8751
f 1482/1810/8752 1474/1801/8753 1483/1811/8754
f 1474/1801/8755 1475/1802/8756 1483/1811/8757
f 1483/1811/8758 1475/1802/8759 1484/1812/8760
f 1475/1802/8761 1476/1803/8762 1484/1812/8763
f 1484/1812/8764 1476/1803/8765 1485/1813/8766
f 1476/1803/8767 1477/1804/8768 1485/1813/8769
f 1485/1813/8770 1477/1804/8771 1486/1814/8772
f 1477/1804/8773 1478/1805/8774 1486/1814/8775
f 1486/1814/8776 1478/1805/8777 1487/1815/8778
f 1478/1805/8779 1470/1806/8780 1487/1815/8781
f 1487/1815/8782 1470/1806/8783 1479/1816/8784
f 1479/1807/8785 1480/1808/8786 1488/1817/8787
f 1488/1817/8788 1480/1808/8789 1489/1818/8790
f 1480/1808/8791 1481/1809/8792 1489/1818/8793
f 1489/1818/8794 1481/1809/8795 1490/1819/8796
f 1481/1809/8797 1482/1810/8798 1490/1819/8799
f 1490/1819/8800 1482/1810/8801 1491/1820/8802
f 1482/1810/8803 1483/1811/8804 1491/1820/8805
f 1491/1820/8806 1483/1811/8807 1492/1821/8808
f 1483/1811/8809 1484/1812/8810 1492/1821/8811
f 1492/1821/8812 1484/1812/8813 1493/1822/8814
f 1484/1812/8815 1485/1813/8816 1493/1822/8817
f 1493/1822/8818 1485/1813/8819 1494/1823/8820
f 1485/1813/8821 1486/1814/8822 1494/1823/8823
f 1494/1823/8824 1486/1814/8825 1495/1824/8826
f 1486/1814/8827 1487/1815/8828 1495/1824/8829
f 1495/1824/8830 1487/1815/8831 1496/1825/8832
f 1487/1815/8833 1479/1816/8834 1496/1825/8835
f 1496/1825/8836 1479/1816/8837 1488/1826/8838
f 1488/1817/8839 1489/1818/8840 1497/1827/8841
f 1497/1827/8842 1489/1818/8843 1498/1828/8844
f 1489/1818/8845 1490/1819/8846 1498/1828/8847
f 1498/1828/8848 1490/1819/8849 1499/1829/8850
f 1490/1819/8851 1491/1820/8852 1499/1829/8853
f 1499/1829/8854 1491/1820/8855 1500/1830/8856
f 1491/1820/8857 1492/1821/8858 1500/1830/8859
f 1500/1830/8860 1492/1821/8861 1501/1831/8862
f 1492/1821/8863 1493/1822/8864 1501/1831/8865
f 1501/1831/8866 1493/1822/8867 1502/1832/8868
f 1493/1822/8869 1494/1823/8870 1502/1832/8871
f 1502/1832/8872 1494/1823/8873 1503/1833/8874
f 1494/1823/8875 1495/1824/8876 1503/1833/8877
f 1503/1833/8878 1495/1824/8879 1504/1834/8880
f 1495/1824/8881 1496/1825/8882 1504/1834/8883
f 1504/1834/8884 1496/1825/8885 1505/1835/8886
f 1496/1825/8887 1488/1826/8888 1505/1835/8889
f 1505/1835/8890 1488/1826/8891 1497/1836/8892
f 1497/1827/8893 1498/1828/8894 1506/1837/8895
f 1506/1837/8896 1498/1828/8897 1507/1838/8898
f 1498/1828/8899 1499/1829/8900 1507/1838/8901
f 1507/1838/8902 1499/1829/8903 1508/1839/8904
f 1499/1829/8905 1500/1830/8906 1508/1839/8907
f 1508/1839/8908 1500/1830/8909 1509/1840/8910
f 1500/1830/8911 1501/1831/8912 1509/1840/8913
f 1509/1840/8914 1501/1831/8915 1510/1841/8916
f 1501/1831/8917 1502/1832/8918 1510/1841/8919
f 1510/1841/8920 1502/1832/8921 1511/1842/8922
f 1502/1832/8923 1503/1833/8924 1511/1842/8925
f 1511/1842/8926 1503/1833/8927 1512/1843/8928
f 1503/1833/8929 1504/1834/8930 1512/1843/8931
f 1512/1843/8932 1504/1834/8933 1513/1844/8934
f 1504/1834/8935 1505/1835/8936 1513/1844/8937
f 1513/1844/8938 1505/1835/8939 1514/1845/8940
f 1505/1835/8941 1497/1836/8942 1514/1845/8943
f 1514/1845/8944 1497/1836/8945 1506/1846/8946
f 1444/1768/8947 1443/1767/8948 1515/1847/8949
f 1445/1771/8950 1444/1768/8951 1515/1848/8952
f 1446/1773/8953 1445/1771/8954 1515/1849/8955
f 1447/1775/8956 1446/1773/8957 1515/1850/8958
f 1448/1777/8959 1447/1775/8960 1515/1851/8961
f 1449/1779/8962 1448/1777/8963 1515/1852/8964
f 1450/1781/8965 1449/1779/8966 1515/1853/8967
f 1451/1783/8968 1450/1781/8969 1515/1854/8970
f 1443/1785/8971 1451/1783/8972 1515/1855/8973
f 1506/1837/8974 1507/1838/8975 1516/1856/8976
f 1507/1838/8977 1508/1839/8978 1516/1857/8979
f 1508/1839/8980 1509/1840/8981 1516/1858/8982
f 1509/1840/8983 1510/1841/8984 1516/1859/8985
f 1510/1841/8986 1511/1842/8987 1516/1860/8988
f 1511/1842/8989 1512/1843/8990 1516/1861/8991
f 1512/1843/8992 1513/1844/8993 1516/1862/8994
f 1513/1844/8995 1514/1845/8996 1516/1863/8997
f 1514/1845/8998 1506/1846/8999 1516/1864/9000
g default
v 0.260520 0.831805 -0.084648
v 0.221612 0.831805 -0.161010
v 0.161010 0.831805 -0.221612
v 0.084648 0.831805 -0.260520
v 0.000000 0.831805 -0.273927
v -0.084648 0.831805 -0.260520
v -0.161010 0.831805 -0.221611
v -0.221611 0.831805 -0.161010
v -0.260520 0.831805 -0.084648
v -0.273927 0.831805 0.000000
v -0.260520 0.831805 0.084648
v -0.221611 0.831805 0.161010
v -0.161010 0.831805 0.221611
v -0.084648 0.831805 0.260520
v 0.000000 0.831805 0.273927
v 0.084648 0.831805 0.260520
v 0.161010 0.831805 0.221611
v 0.221611 0.831805 0.161010
v 0.260520 0.831805 0.084648
v 0.273927 0.831805 0.000000
v 0.260520 0.970015 -0.084648
v 0.221612 0.970015 -0.161010
v 0.161010 0.970015 -0.221612
v 0.084648 0.970015 -0.260520
v 0.000000 0.970015 -0.273927
v -0.084648 0.970015 -0.260520
v -0.161010 0.970015 -0.221611
v -0.221611 0.970015 -0.161010
v -0.260520 0.970015 -0.084648
v -0.273927 0.970015 0.000000
v -0.260520 0.970015 0.084648
v -0.221611 0.970015 0.161010
v -0.161010 0.970015 0.221611
v -0.084648 0.970015 0.260520
v 0.000000 0.970015 0.273927
v 0.084648 0.970015 0.260520
v 0.161010 0.970015 0.221611
v 0.221611 0.970015 0.161010
v 0.260520 0.970015 0.084648
v 0.273927 0.970015 0.000000
v 0.000000 0.831805 0.000000
v 0.000000 0.970015 0.000000
vt 0.375000 0.312500
vt 0.387500 0.312500
vt 0.375000 0.687500
vt 0.387500 0.687500
vt 0.400000 0.312500
vt 0.400000 0.687500
vt 0.412500 0.312500
vt 0.412500 0.687500
vt 0.425000 0.312500
vt 0.425000 0.687500
vt 0.437500 0.312500
vt 0.437500 0.687500
vt 0.450000 0.312500
vt 0.450000 0.687500
vt 0.462500 0.312500
vt 0.462500 0.687500
vt 0.475000 0.312500
vt 0.475000 0.687500
vt 0.487500 0.312500
vt 0.487500 0.687500
vt 0.500000 0.312500
vt 0.500000 0.687500
vt 0.512500 0.312500
vt 0.512500 0.687500
vt 0.525000 0.312500
vt 0.525000 0.687500
vt 0.537500 0.312500
vt 0.537500 0.687500
vt 0.550000 0.312500
vt 0.550000 0.687500
vt 0.562500 0.312500
vt 0.562500 0.687500
vt 0.575000 0.312500
vt 0.575000 0.687500
vt 0.587500 0.312500
vt 0.587500 0.687500
vt 0.600000 0.312500
vt 0.600000 0.687500
vt 0.612500 0.312500
vt 0.612500 0.687500
vt 0.625000 0.312500
vt 0.625000 0.687500
vt 0.626409 0.064408
vt 0.648603 0.107966
vt 0.500000 0.156250
vt 0.591842 0.029841
vt 0.548284 0.007647
vt 0.500000 -0.000000
vt 0.451716 0.007647
vt 0.408159 0.029841
vt 0.373591 0.064409
vt 0.351397 0.107966
vt 0.343750 0.156250
vt 0.351397 0.204534
vt 0.373591 0.248091
vt 0.408159 0.282659
vt 0.451716 0.304853
vt 0.500000 0.312500
vt 0.548284 0.304853
vt 0.591841 0.282659
vt 0.626409 0.248091
vt 0.648603 0.204534
vt 0.656250 0.156250
vt 0.648603 0.892034
vt 0.626409 0.935591
vt 0.500000 0.843750
vt 0.591841 0.970159
vt 0.548284 0.992353
vt 0.500000 1.000000
vt 0.451716 0.992353
vt 0.408159 0.970159
vt 0.373591 0.935591
vt 0.351397 0.892034
vt 0.343750 0.843750
vt 0.351397 0.795466
vt 0.373591 0.751909
vt 0.408159 0.717341
vt 0.451716 0.695147
vt 0.500000 0.687500
vt 0.548284 0.695147
vt 0.591842 0.717341
vt 0.626409 0.751908
vt 0.648603 0.795466
vt 0.656250 0.843750
vn 0.891008 0.000000 -0.453987
vn 0.891008 0.000000 -0.453987
vn 0.891008 0.000000 -0.453987
vn 0.951057 0.000000 -0.309016
vn 0.809017 0.000000 -0.587785
vn 0.809017 0.000000 -0.587785
vn 0.809017 0.000000 -0.587785
vn 0.587785 0.000000 -0.809017
vn 0.809017 0.000000 -0.587785
vn 0.809017 0.000000 -0.587785
vn 0.587785 0.000000 -0.809017
vn 0.587785 0.000000 -0.809017
vn 0.587785 0.000000 -0.809017
vn 0.309017 0.000000 -0.951057
vn 0.587785 0.000000 -0.809017
vn 0.587785 0.000000 -0.809017
vn 0.309017 0.000000 -0.951057
vn 0.309017 0.000000 -0.951056
vn 0.309017 0.000000 -0.951057
vn -0.000000 0.000000 -1.000000
vn 0.309017 0.000000 -0.951056
vn 0.309017 0.000000 -0.951056
vn -0.000000 0.000000 -1.000000
vn 0.000000 0.000000 -1.000000
vn -0.000000 0.000000 -1.000000
vn -0.309017 0.000000 -0.951056
vn 0.000000 0.000000 -1.000000
vn 0.000000 0.000000 -1.000000
vn -0.309017 0.000000 -0.951056
vn -0.309017 0.000000 -0.951056
vn -0.309017 0.000000 -0.951056
vn -0.587785 0.000000 -0.809017
vn -0.309017 0.000000 -0.951056
vn -0.309017 0.000000 -0.951056
vn -0.587785 0.000000 -0.809017
vn -0.587785 0.000000 -0.809017
vn -0.587785 0.000000 -0.809017
vn -0.809017 0.000000 -0.587785
vn -0.587785 0.000000 -0.809017
vn -0.587785 0.000000 -0.809017
vn -0.809017 0.000000 -0.587785
vn -0.809017 0.000000 -0.587785
vn -0.809017 0.000000 -0.587785
vn -0.951057 0.000000 -0.309017
vn -0.809017 0.000000 -0.587785
vn -0.809017 0.000000 -0.587785
vn -0.951057 0.000000 -0.309017
vn -0.951057 0.000000 -0.309017
vn -0.951057 0.000000 -0.309017
vn -1.000000 0.000000 -0.000000
vn -0.951057 0.000000 -0.309017
vn -0.951057 0.000000 -0.309017
vn -1.000000 0.000000 -0.000000
vn -1.000000 0.000000 0.000000
vn -1.000000 0.000000 -0.000000
vn -0.951057 0.000000 0.309017
vn -1.000000 0.000000 0.000000
vn -1.000000 0.000000 0.000000
vn -0.951057 0.000000 0.309017
vn -0.951056 0.000000 0.309017
vn -0.951057 0.000000 0.309017
vn -0.809017 0.000000 0.587785
vn -0.951056 0.000000 0.309017
vn -0.951056 0.000000 0.309017
vn -0.809017 0.000000 0.587785
vn -0.809017 0.000000 0.587785
vn -0.809017 0.000000 0.587785
vn -0.587785 0.000000 0.809017
vn -0.809017 0.000000 0.587785
vn -0.809017 0.000000 0.587785
vn -0.587785 0.000000 0.809017
vn -0.587785 0.000000 0.809017
vn -0.587785 0.000000 0.809017
vn -0.309017 0.000000 0.951057
vn -0.587785 0.000000 0.809017
vn -0.587785 0.000000 0.809017
vn -0.309017 0.000000 0.951057
vn -0.309017 0.000000 0.951056
vn -0.309017 0.000000 0.951057
vn 0.000000 0.000000 1.000000
vn -0.309017 0.000000 0.951056
vn -0.309017 0.000000 0.951056
vn 0.000000 0.000000 1.000000
vn 0.000000 0.000000 1.000000
vn 0.000000 0.000000 1.000000
vn 0.309017 0.000000 0.951056
vn 0.000000 0.000000 1.000000
vn 0.000000 0.000000 1.000000
vn 0.309017 0.000000 0.951056
vn 0.309017 0.000000 0.951056
vn 0.309017 0.000000 0.951056
vn 0.587785 0.000000 0.809017
vn 0.309017 0.000000 0.951056
vn 0.309017 0.000000 0.951056
vn 0.587785 0.000000 0.809017
vn 0.587785 0.000000 0.809017
vn 0.587785 0.000000 0.809017
vn 0.809017 0.000000 0.587785
vn 0.587785 0.000000 0.809017
vn 0.587785 0.000000 0.809017
vn 0.809017 0.000000 0.587785
vn 0.809017 0.000000 0.587785
vn 0.809017 0.000000 0.587785
vn 0.951056 0.000000 0.309017
vn 0.809017 0.000000 0.587785
vn 0.809017 0.000000 0.587785
vn 0.951056 0.000000 0.309017
vn 0.951056 0.000000 0.309017
vn 0.951056 0.000000 0.309017
vn 1.000000 0.000000 0.000001
vn 0.951056 0.000000 0.309017
vn 0.951056 0.000000 0.309017
vn 1.000000 0.000000 0.000001
vn 1.000000 0.000000 0.000001
vn 1.000000 0.000000 0.000001
vn 0.951057 0.000000 -0.309016
vn 1.000000 0.000000 0.000001
vn 1.000000 0.000000 0.000001
vn 0.951057 0.000000 -0.309016
vn 0.951057 0.000000 -0.309016
vn 0.000000 -1.000000 0.000000
vn 0.000000 -1.000000 0.000000
vn 0.000000 -1.000000 0.000000
vn 0.000000 -1.000000 0.000000
vn 0.000000 -1.000000 0.000000
vn 0.000000 -1.000000 0.000000
vn 0.000000 -1.000000 0.000000
vn 0.000000 -1.000000 0.000000
vn 0.000000 -1.000000 0.000000
vn 0.000000 -1.000000 0.000000
vn 0.000000 -1.000000 0.000000
vn 0.000000 -1.000000 0.000000
vn 0.000000 -1.000000 0.000000
vn 0.000000 -1.000000 0.000000
vn 0.000000 -1.000000 0.000000
vn 0.000000 -1.000000 0.000000
vn 0.000000 -1.000000 0.000000
vn 0.000000 -1.000000 0.000000
vn 0.000000 -1.000000 0.000000
vn 0.000000 -1.000000 0.000000
vn 0.000000 -1.000000 0.000000
vn 0.000000 -1.000000 0.000000
vn 0.000000 -1.000000 0.000000
vn 0.000000 -1.000000 0.000000
vn 0.000000 -1.000000 0.000000
vn 0.000000 -1.000000 0.000000
vn 0.000000 -1.000000 0.000000
vn 0.000000 -1.000000 0.000000
vn 0.000000 -1.000000 0.000000
vn 0.000000 -1.000000 0.000000
vn 0.000000 -1.000000 0.000000
vn 0.000000 -1.000000 0.000000
vn 0.000000 -1.000000 0.000000
vn 0.000000 -1.000000 0.000000
vn 0.000000 -1.000000 0.000000
vn 0.000000 -1.000000 0.000000
vn 0.000000 -1.000000 0.000000
vn 0.000000 -1.000000 0.000000
vn 0.000000 -1.000000 0.000000
vn 0.000000 -1.000000 0.000000
vn 0.000000 -1.000000 0.000000
vn 0.000000 -1.000000 0.000000
vn 0.000000 -1.000000 0.000000
vn 0.000000 -1.000000 0.000000
vn 0.000000 -1.000000 0.000000
vn 0.000000 -1.000000 0.000000
vn 0.000000 -1.000000 0.000000
vn 0.000000 -1.000000 0.000000
vn 0.000000 -1.000000 0.000000
vn 0.000000 -1.000000 0.000000
vn 0.000000 -1.000000 0.000000
vn 0.000000 -1.000000 0.000000
vn 0.000000 -1.000000 0.000000
vn 0.000000 -1.000000 0.000000
vn 0.000000 -1.000000 0.000000
vn 0.000000 -1.000000 0.000000
vn 0.000000 -1.000000 0.000000
vn 0.000000 -1.000000 0.000000
vn 0.000000 -1.000000 0.000000
vn 0.000000 -1.000000 0.000000
vn 0.000000 1.000000 0.000000
vn 0.000000 1.000000 0.000000
vn 0.000000 1.000000 0.000000
vn 0.000000 1.000000 0.000000
vn 0.000000 1.000000 0.000000
vn 0.000000 1.000000 0.000000
vn 0.000000 1.000000 0.000000
vn 0.000000 1.000000 0.000000
vn 0.000000 1.000000 0.000000
vn 0.000000 1.000000 0.000000
vn 0.000000 1.000000 0.000000
vn 0.000000 1.000000 0.000000
vn 0.000000 1.000000 0.000000
vn 0.000000 1.000000 0.000000
vn 0.000000 1.000000 0.000000
vn 0.000000 1.000000 0.000000
vn 0.000000 1.000000 0.000000
vn 0.000000 1.000000 0.000000
vn 0.000000 1.000000 0.000000
vn 0.000000 1.000000 0.000000
vn 0.000000 1.000000 0.000000
vn 0.000000 1.000000 0.000000
vn 0.000000 1.000000 0.000000
vn 0.000000 1.000000 0.000000
vn 0.000000 1.000000 0.000000
vn 0.000000 1.000000 0.000000
vn 0.000000 1.000000 0.000000
vn 0.000000 1.000000 0.000000
vn 0.000000 1.000000 0.000000
vn 0.000000 1.000000 0.000000
vn 0.000000 1.000000 0.000000
vn 0.000000 1.000000 0.000000
vn 0.000000 1.000000 0.000000
vn 0.000000 1.000000 0.000000
vn 0.000000 1.000000 0.000000
vn 0.000000 1.000000 0.000000
vn 0.000000 1.000000 0.000000
vn 0.000000 1.000000 0.000000
vn 0.000000 1.000000 0.000000
vn 0.000000 1.000000 0.000000
vn 0.000000 1.000000 0.000000
vn 0.000000 1.000000 0.000000
vn 0.000000 1.000000 0.000000
vn 0.000000 1.000000 0.000000
vn 0.000000 1.000000 0.000000
vn 0.000000 1.000000 0.000000
vn 0.000000 1.000000 0.000000
vn 0.000000 1.000000 0.000000
vn 0.000000 1.000000 0.000000
vn 0.000000 1.000000 0.000000
vn 0.000000 1.000000 0.000000
vn 0.000000 1.000000 0.000000
vn 0.000000 1.000000 0.000000
vn 0.000000 1.000000 0.000000
vn 0.000000 1.000000 0.000000
vn 0.000000 1.000000 0.000000
vn 0.000000 1.000000 0.000000
vn 0.000000 1.000000 0.000000
vn 0.000000 1.000000 0.000000
vn 0.000000 1.000000 0.000000
s off
g item_bomb:group1pCylinder2
usemtl item_bomb:lambert8SG
f 1517/1865/9001 1518/1866/9002 1537/1867/9003
f 1537/1867/9004 1518/1866/9005 1538/1868/9006
f 1518/1866/9007 1519/1869/9008 1538/1868/9009
f 1538/1868/9010 1519/1869/9011 1539/1870/9012
f 1519/1869/9013 1520/1871/9014 1539/1870/9015
f 1539/1870/9016 1520/1871/9017 1540/1872/9018
f 1520/1871/9019 1521/1873/9020 1540/1872/9021
f 1540/1872/9022 1521/1873/9023 1541/1874/9024
f 1521/1873/9025 1522/1875/9026 1541/1874/9027
f 1541/1874/9028 1522/1875/9029 1542/1876/9030
f 1522/1875/9031 1523/1877/9032 1542/1876/9033
f 1542/1876/9034 1523/1877/9035 1543/1878/9036
f 1523/1877/9037 1524/1879/9038 1543/1878/9039
f 1543/1878/9040 1524/1879/9041 1544/1880/9042
f 1524/1879/9043 1525/1881/9044 1544/1880/9045
f 1544/1880/9046 1525/1881/9047 1545/1882/9048
f 1525/1881/9049 1526/1883/9050 1545/1882/9051
f 1545/1882/9052 1526/1883/9053 1546/1884/9054
f 1526/1883/9055 1527/1885/9056 1546/1884/9057
f 1546/1884/9058 1527/1885/9059 1547/1886/9060
f 1527/1885/9061 1528/1887/9062 1547/1886/9063
f 1547/1886/9064 1528/1887/9065 1548/1888/9066
f 1528/1887/9067 1529/1889/9068 1548/1888/9069
f 1548/1888/9070 1529/1889/9071 1549/1890/9072
f 1529/1889/9073 1530/1891/9074 1549/1890/9075
f 1549/1890/9076 1530/1891/9077 1550/1892/9078
f 1530/1891/9079 1531/1893/9080 1550/1892/9081
f 1550/1892/9082 1531/1893/9083 1551/1894/9084
f 1531/1893/9085 1532/1895/9086 1551/1894/9087
f 1551/1894/9088 1532/1895/9089 1552/1896/9090
f 1532/1895/9091 1533/1897/9092 1552/1896/9093
f 1552/1896/9094 1533/1897/9095 1553/1898/9096
f 1533/1897/9097 1534/1899/9098 1553/1898/9099
f 1553/1898/9100 1534/1899/9101 1554/1900/9102
f 1534/1899/9103 1535/1901/9104 1554/1900/9105
f 1554/1900/9106 1535/1901/9107 1555/1902/9108
f 1535/1901/9109 1536/1903/9110 1555/1902/9111
f 1555/1902/9112 1536/1903/9113 1556/1904/9114
f 1536/1903/9115 1517/1905/9116 1556/1904/9117
f 1556/1904/9118 1517/1905/9119 1537/1906/9120
f 1518/1907/9121 1517/1908/9122 1557/1909/9123
f 1519/1910/9124 1518/1907/9125 1557/1909/9126
f 1520/1911/9127 1519/1910/9128 1557/1909/9129
f 1521/1912/9130 1520/1911/9131 1557/1909/9132
f 1522/1913/9133 1521/1912/9134 1557/1909/9135
f 1523/1914/9136 1522/1913/9137 1557/1909/9138
f 1524/1915/9139 1523/1914/9140 1557/1909/9141
f 1525/1916/9142 1524/1915/9143 1557/1909/9144
f 1526/1917/9145 1525/1916/9146 1557/1909/9147
f 1527/1918/9148 1526/1917/9149 1557/1909/9150
f 1528/1919/9151 1527/1918/9152 1557/1909/9153
f 1529/1920/9154 1528/1919/9155 1557/1909/9156
f 1530/1921/9157 1529/1920/9158 1557/1909/9159
f 1531/1922/9160 1530/1921/9161 1557/1909/9162
f 1532/1923/9163 1531/1922/9164 1557/1909/9165
f 1533/1924/9166 1532/1923/9167 1557/1909/9168
f 1534/1925/9169 1533/1924/9170 1557/1909/9171
f 1535/1926/9172 1534/1925/9173 1557/1909/9174
f 1536/1927/9175 1535/1926/9176 1557/1909/9177
f 1517/1908/9178 1536/1927/9179 1557/1909/9180
f 1537/1928/9181 1538/1929/9182 1558/1930/9183
f 1538/1929/9184 1539/1931/9185 1558/1930/9186
f 1539/1931/9187 1540/1932/9188 1558/1930/9189
f 1540/1932/9190 1541/1933/9191 1558/1930/9192
f 1541/1933/9193 1542/1934/9194 1558/1930/9195
f 1542/1934/9196 1543/1935/9197 1558/1930/9198
f 1543/1935/9199 1544/1936/9200 1558/1930/9201
f 1544/1936/9202 1545/1937/9203 1558/1930/9204
f 1545/1937/9205 1546/1938/9206 1558/1930/9207
f 1546/1938/9208 1547/1939/9209 1558/1930/9210
f 1547/1939/9211 1548/1940/9212 1558/1930/9213
f 1548/1940/9214 1549/1941/9215 1558/1930/9216
f 1549/1941/9217 1550/1942/9218 1558/1930/9219
f 1550/1942/9220 1551/1943/9221 1558/1930/9222
f 1551/1943/9223 1552/1944/9224 1558/1930/9225
f 1552/1944/9226 1553/1945/9227 1558/1930/9228
f 1553/1945/9229 1554/1946/9230 1558/1930/9231
f 1554/1946/9232 1555/1947/9233 1558/1930/9234
f 1555/1947/9235 1556/1948/9236 1558/1930/9237
f 1556/1948/9238 1537/1928/9239 1558/1930/9240
g default
v 0.486495 0.090268 0.781359
v 0.397792 0.057747 0.827730
v 0.397792 -0.047497 0.827730
v 0.486495 -0.080019 0.781359
v 0.541316 0.005125 0.752700
v 0.542881 0.149101 0.847958
v 0.392887 0.094107 0.926371
v 0.392887 -0.083857 0.926371
v 0.542881 -0.138851 0.847958
v 0.635583 0.005125 0.799496
v 0.555225 0.244295 0.804807
v 0.306058 0.152940 0.935064
v 0.306058 -0.142690 0.935064
v 0.555225 -0.234045 0.804807
v 0.709219 0.005125 0.724303
v 0.506467 0.244295 0.711539
v 0.257300 0.152940 0.841797
v 0.257300 -0.142690 0.841797
v 0.506467 -0.234045 0.711539
v 0.660461 0.005125 0.631036
v 0.463990 0.149101 0.697048
v 0.313995 0.094107 0.775461
v 0.313995 -0.083857 0.775461
v 0.463990 -0.138851 0.697048
v 0.556692 0.005125 0.648586
vt 0.200000 1.000000
vt 0.000000 1.000000
vt 0.200000 0.800000
vt 0.000000 0.800000
vt 0.400000 1.000000
vt 0.400000 0.800000
vt 0.600000 1.000000
vt 0.600000 0.800000
vt 0.800000 1.000000
vt 0.800000 0.800000
vt 1.000000 1.000000
vt 1.000000 0.800000
vt 0.200000 0.600000
vt 0.000000 0.600000
vt 0.400000 0.600000
vt 0.600000 0.600000
vt 0.800000 0.600000
vt 1.000000 0.600000
vt 0.200000 0.400000
vt 0.000000 0.400000
vt 0.400000 0.400000
vt 0.600000 0.400000
vt 0.800000 0.400000
vt 1.000000 0.400000
vt 0.200000 0.200000
vt 0.000000 0.200000
vt 0.400000 0.200000
vt 0.600000 0.200000
vt 0.800000 0.200000
vt 1.000000 0.200000
vt 0.200000 0.000000
vt 0.000000 0.000000
vt 0.400000 0.000000
vt 0.600000 0.000000
vt 0.800000 0.000000
vt 1.000000 0.000000
vn 0.470840 -0.819919 0.325643
vn 0.470840 -0.819919 0.325643
vn 0.470840 -0.819919 0.325643
vn 0.470851 -0.819910 0.325649
vn 0.470851 -0.819910 0.325649
vn 0.470851 -0.819910 0.325649
vn 0.998766 0.000000 0.049671
vn 0.998766 -0.000000 0.049671
vn 0.998766 -0.000000 0.049671
vn 0.998766 -0.000000 0.049671
vn 0.998766 -0.000000 0.049671
vn 0.998766 -0.000000 0.049671
vn 0.470851 0.819910 0.325649
vn 0.470852 0.819909 0.325649
vn 0.470852 0.819909 0.325649
vn 0.470852 0.819909 0.325649
vn 0.470852 0.819909 0.325649
vn 0.470852 0.819909 0.325649
vn -0.383331 0.506732 0.772192
vn -0.383331 0.506732 0.772192
vn -0.383331 0.506732 0.772192
vn -0.383331 0.506732 0.772192
vn -0.383331 0.506732 0.772192
vn -0.383331 0.506732 0.772192
vn -0.383331 -0.506732 0.772192
vn -0.383331 -0.506732 0.772192
vn -0.383331 -0.506732 0.772192
vn -0.383331 -0.506732 0.772192
vn -0.383331 -0.506732 0.772192
vn -0.383332 -0.506732 0.772192
vn 0.327846 0.354448 0.875719
vn 0.327846 0.354448 0.875719
vn 0.327846 0.354448 0.875719
vn 0.327846 0.354448 0.875719
vn 0.327846 0.354448 0.875719
vn 0.327846 0.354448 0.875719
vn 0.099628 0.000000 0.995025
vn 0.099628 0.000000 0.995025
vn 0.099628 0.000000 0.995025
vn 0.099628 0.000000 0.995025
vn 0.099628 0.000000 0.995025
vn 0.099628 0.000000 0.995025
vn 0.327846 -0.354448 0.875719
vn 0.327846 -0.354448 0.875719
vn 0.327846 -0.354448 0.875719
vn 0.327846 -0.354448 0.875719
vn 0.327846 -0.354448 0.875719
vn 0.327846 -0.354448 0.875719
vn 0.697110 -0.219061 0.682678
vn 0.697110 -0.219061 0.682678
vn 0.697110 -0.219061 0.682678
vn 0.697110 -0.219061 0.682678
vn 0.697110 -0.219061 0.682678
vn 0.697110 -0.219061 0.682678
vn 0.697110 0.219061 0.682678
vn 0.697110 0.219061 0.682678
vn 0.697110 0.219061 0.682678
vn 0.697110 0.219061 0.682678
vn 0.697110 0.219061 0.682678
vn 0.697110 0.219061 0.682678
vn -0.273854 0.951057 0.143163
vn -0.273854 0.951057 0.143163
vn -0.273854 0.951057 0.143163
vn -0.273854 0.951057 0.143163
vn -0.273854 0.951057 0.143163
vn -0.273854 0.951057 0.143163
vn -0.886209 0.000000 0.463285
vn -0.886209 0.000000 0.463285
vn -0.886209 0.000000 0.463285
vn -0.886209 0.000000 0.463285
vn -0.886209 0.000000 0.463285
vn -0.886209 0.000000 0.463285
vn -0.273854 -0.951057 0.143163
vn -0.273854 -0.951057 0.143163
vn -0.273854 -0.951057 0.143163
vn -0.273854 -0.951057 0.143163
vn -0.273854 -0.951057 0.143163
vn -0.273854 -0.951057 0.143163
vn 0.716959 -0.587785 -0.374805
vn 0.716958 -0.587785 -0.374806
vn 0.716958 -0.587785 -0.374805
vn 0.716958 -0.587785 -0.374805
vn 0.716958 -0.587785 -0.374806
vn 0.716958 -0.587785 -0.374806
vn 0.716958 0.587785 -0.374805
vn 0.716959 0.587785 -0.374805
vn 0.716958 0.587785 -0.374805
vn 0.716958 0.587785 -0.374805
vn 0.716959 0.587785 -0.374805
vn 0.716959 0.587785 -0.374805
vn -0.531970 0.354448 -0.769009
vn -0.531970 0.354448 -0.769009
vn -0.531970 0.354448 -0.769009
vn -0.531970 0.354448 -0.769009
vn -0.531970 0.354448 -0.769009
vn -0.531970 0.354448 -0.769009
vn -0.760188 0.000000 -0.649703
vn -0.760188 0.000000 -0.649703
vn -0.760188 0.000000 -0.649703
vn -0.760188 0.000000 -0.649703
vn -0.760188 0.000000 -0.649703
vn -0.760188 0.000000 -0.649703
vn -0.531970 -0.354448 -0.769009
vn -0.531970 -0.354448 -0.769009
vn -0.531970 -0.354448 -0.769009
vn -0.531970 -0.354448 -0.769009
vn -0.531970 -0.354448 -0.769009
vn -0.531970 -0.354448 -0.769009
vn -0.162706 -0.219061 -0.962049
vn -0.162706 -0.219061 -0.962049
vn -0.162706 -0.219061 -0.962049
vn -0.162706 -0.219061 -0.962049
vn -0.162706 -0.219061 -0.962049
vn -0.162706 -0.219061 -0.962049
vn -0.162706 0.219061 -0.962049
vn -0.162706 0.219061 -0.962049
vn -0.162706 0.219061 -0.962049
vn -0.162706 0.219061 -0.962049
vn -0.162706 0.219061 -0.962049
vn -0.162706 0.219061 -0.962049
vn 0.001329 -0.819909 -0.572492
vn 0.001329 -0.819909 -0.572492
vn 0.001329 -0.819909 -0.572492
vn 0.001329 -0.819909 -0.572492
vn 0.001329 -0.819909 -0.572492
vn 0.001329 -0.819909 -0.572492
vn 0.529243 0.000000 -0.848470
vn 0.529243 0.000000 -0.848470
vn 0.529243 0.000000 -0.848470
vn 0.529243 0.000000 -0.848470
vn 0.529243 0.000000 -0.848470
vn 0.529243 0.000000 -0.848470
vn 0.001329 0.819909 -0.572492
vn 0.001329 0.819909 -0.572492
vn 0.001329 0.819909 -0.572492
vn 0.001329 0.819909 -0.572492
vn 0.001329 0.819909 -0.572492
vn 0.001329 0.819909 -0.572492
vn -0.852854 0.506732 -0.125949
vn -0.852854 0.506732 -0.125949
vn -0.852854 0.506732 -0.125949
vn -0.852854 0.506732 -0.125949
vn -0.852854 0.506732 -0.125949
vn -0.852854 0.506732 -0.125949
vn -0.852854 -0.506732 -0.125949
vn -0.852854 -0.506732 -0.125949
vn -0.852854 -0.506732 -0.125949
vn -0.852854 -0.506732 -0.125949
vn -0.852854 -0.506732 -0.125949
vn -0.852854 -0.506732 -0.125949
s off
g item_bomb:group1pTorus4
usemtl item_bomb:lambert7SG
f 1560/1949/9241 1559/1950/9242 1565/1951/9243
f 1565/1951/9244 1559/1950/9245 1564/1952/9246
f 1561/1953/9247 1560/1949/9248 1566/1954/9249
f 1566/1954/9250 1560/1949/9251 1565/1951/9252
f 1562/1955/9253 1561/1953/9254 1567/1956/9255
f 1567/1956/9256 1561/1953/9257 1566/1954/9258
f 1563/1957/9259 1562/1955/9260 1568/1958/9261
f 1568/1958/9262 1562/1955/9263 1567/1956/9264
f 1559/1959/9265 1563/1957/9266 1564/1960/9267
f 1564/1960/9268 1563/1957/9269 1568/1958/9270
f 1565/1951/9271 1564/1952/9272 1570/1961/9273
f 1570/1961/9274 1564/1952/9275 1569/1962/9276
f 1566/1954/9277 1565/1951/9278 1571/1963/9279
f 1571/1963/9280 1565/1951/9281 1570/1961/9282
f 1567/1956/9283 1566/1954/9284 1572/1964/9285
f 1572/1964/9286 1566/1954/9287 1571/1963/9288
f 1568/1958/9289 1567/1956/9290 1573/1965/9291
f 1573/1965/9292 1567/1956/9293 1572/1964/9294
f 1564/1960/9295 1568/1958/9296 1569/1966/9297
f 1569/1966/9298 1568/1958/9299 1573/1965/9300
f 1570/1961/9301 1569/1962/9302 1575/1967/9303
f 1575/1967/9304 1569/1962/9305 1574/1968/9306
f 1571/1963/9307 1570/1961/9308 1576/1969/9309
f 1576/1969/9310 1570/1961/9311 1575/1967/9312
f 1572/1964/9313 1571/1963/9314 1577/1970/9315
f 1577/1970/9316 1571/1963/9317 1576/1969/9318
f 1573/1965/9319 1572/1964/9320 1578/1971/9321
f 1578/1971/9322 1572/1964/9323 1577/1970/9324
f 1569/1966/9325 1573/1965/9326 1574/1972/9327
f 1574/1972/9328 1573/1965/9329 1578/1971/9330
f 1575/1967/9331 1574/1968/9332 1580/1973/9333
f 1580/1973/9334 1574/1968/9335 1579/1974/9336
f 1576/1969/9337 1575/1967/9338 1581/1975/9339
f 1581/1975/9340 1575/1967/9341 1580/1973/9342
f 1577/1970/9343 1576/1969/9344 1582/1976/9345
f 1582/1976/9346 1576/1969/9347 1581/1975/9348
f 1578/1971/9349 1577/1970/9350 1583/1977/9351
f 1583/1977/9352 1577/1970/9353 1582/1976/9354
f 1574/1972/9355 1578/1971/9356 1579/1978/9357
f 1579/1978/9358 1578/1971/9359 1583/1977/9360
f 1580/1973/9361 1579/1974/9362 1560/1979/9363
f 1560/1979/9364 1579/1974/9365 1559/1980/9366
f 1581/1975/9367 1580/1973/9368 1561/1981/9369
f 1561/1981/9370 1580/1973/9371 1560/1979/9372
f 1582/1976/9373 1581/1975/9374 1562/1982/9375
f 1562/1982/9376 1581/1975/9377 1561/1981/9378
f 1583/1977/9379 1582/1976/9380 1563/1983/9381
f 1563/1983/9382 1582/1976/9383 1562/1982/9384
f 1579/1978/9385 1583/1977/9386 1559/1984/9387
f 1559/1984/9388 1583/1977/9389 1563/1983/9390
g default
v -0.174494 0.360014 0.752500
v -0.182731 0.349837 0.739923
v -0.198923 0.342379 0.736486
v -0.215493 0.341131 0.743798
v -0.224688 0.346675 0.758437
v -0.222206 0.356419 0.773553
v -0.209208 0.365802 0.782074
v -0.191776 0.370434 0.780012
v -0.178066 0.368148 0.768332
v -0.158372 0.381951 0.735713
v -0.173852 0.362824 0.712076
v -0.204282 0.348809 0.705617
v -0.235424 0.346462 0.719359
v -0.252706 0.356883 0.746871
v -0.248041 0.375194 0.775280
v -0.223613 0.392829 0.791294
v -0.190851 0.401535 0.787419
v -0.165085 0.397238 0.765468
v -0.151201 0.412528 0.714827
v -0.172057 0.386759 0.682981
v -0.213056 0.367876 0.674279
v -0.255013 0.364715 0.692793
v -0.278297 0.378754 0.729860
v -0.272012 0.403425 0.768135
v -0.239100 0.427184 0.789710
v -0.194960 0.438914 0.784489
v -0.160246 0.433125 0.754915
v -0.153846 0.448058 0.692360
v -0.177563 0.418755 0.656146
v -0.224185 0.397282 0.646251
v -0.271897 0.393687 0.667304
v -0.298375 0.409652 0.709455
v -0.291228 0.437707 0.752980
v -0.253802 0.464724 0.777514
v -0.203607 0.478063 0.771577
v -0.164132 0.471481 0.737947
v -0.165989 0.484255 0.671022
v -0.189706 0.454952 0.634809
v -0.236328 0.433479 0.624913
v -0.284040 0.429884 0.645966
v -0.310517 0.445849 0.688117
v -0.303371 0.473904 0.731643
v -0.265944 0.500921 0.756177
v -0.215750 0.514260 0.750240
v -0.176275 0.507678 0.716610
v -0.186164 0.516753 0.653388
v -0.207021 0.490985 0.621542
v -0.248019 0.472102 0.612840
v -0.289977 0.468940 0.631354
v -0.313260 0.482980 0.668421
v -0.306976 0.507651 0.706697
v -0.274063 0.531409 0.728272
v -0.229923 0.543139 0.723051
v -0.195209 0.537351 0.693477
v -0.211939 0.541633 0.641584
v -0.227419 0.522507 0.617947
v -0.257849 0.508491 0.611488
v -0.288991 0.506145 0.625230
v -0.306273 0.516565 0.652742
v -0.301608 0.534877 0.681151
v -0.277180 0.552511 0.697164
v -0.244418 0.561217 0.693289
v -0.218652 0.556921 0.671339
v -0.240204 0.555893 0.637033
v -0.248440 0.545716 0.624456
v -0.264632 0.538259 0.621020
v -0.281202 0.537010 0.628331
v -0.290398 0.542555 0.642970
v -0.287916 0.552298 0.658086
v -0.274918 0.561681 0.666607
v -0.257485 0.566313 0.664545
v -0.243776 0.564027 0.652865
v -0.197623 0.349363 0.763162
v -0.267550 0.557814 0.640285
vt 0.000000 0.111111
vt 0.111111 0.111111
vt 0.000000 0.222222
vt 0.111111 0.222222
vt 0.222222 0.111111
vt 0.222222 0.222222
vt 0.333333 0.111111
vt 0.333333 0.222222
vt 0.444444 0.111111
vt 0.444444 0.222222
vt 0.555556 0.111111
vt 0.555556 0.222222
vt 0.666667 0.111111
vt 0.666667 0.222222
vt 0.777778 0.111111
vt 0.777778 0.222222
vt 0.888889 0.111111
vt 0.888889 0.222222
vt 1.000000 0.111111
vt 1.000000 0.222222
vt 0.000000 0.333333
vt 0.111111 0.333333
vt 0.222222 0.333333
vt 0.333333 0.333333
vt 0.444444 0.333333
vt 0.555556 0.333333
vt 0.666667 0.333333
vt 0.777778 0.333333
vt 0.888889 0.333333
vt 1.000000 0.333333
vt 0.000000 0.444444
vt 0.111111 0.444444
vt 0.222222 0.444444
vt 0.333333 0.444444
vt 0.444444 0.444444
vt 0.555556 0.444444
vt 0.666667 0.444444
vt 0.777778 0.444444
vt 0.888889 0.444444
vt 1.000000 0.444444
vt 0.000000 0.555556
vt 0.111111 0.555556
vt 0.222222 0.555556
vt 0.333333 0.555556
vt 0.444444 0.555556
vt 0.555556 0.555556
vt 0.666667 0.555556
vt 0.777778 0.555556
vt 0.888889 0.555556
vt 1.000000 0.555556
vt 0.000000 0.666667
vt 0.111111 0.666667
vt 0.222222 0.666667
vt 0.333333 0.666667
vt 0.444444 0.666667
vt 0.555556 0.666667
vt 0.666667 0.666667
vt 0.777778 0.666667
vt 0.888889 0.666667
vt 1.000000 0.666667
vt 0.000000 0.777778
vt 0.111111 0.777778
vt 0.222222 0.777778
vt 0.333333 0.777778
vt 0.444444 0.777778
vt 0.555556 0.777778
vt 0.666667 0.777778
vt 0.777778 0.777778
vt 0.888889 0.777778
vt 1.000000 0.777778
vt 0.000000 0.888889
vt 0.111111 0.888889
vt 0.222222 0.888889
vt 0.333333 0.888889
vt 0.444444 0.888889
vt 0.555556 0.888889
vt 0.666667 0.888889
vt 0.777778 0.888889
vt 0.888889 0.888889
vt 1.000000 0.888889
vt 0.055556 0.000000
vt 0.166667 0.000000
vt 0.277778 0.000000
vt 0.388889 0.000000
vt 0.500000 0.000000
vt 0.611111 0.000000
vt 0.722222 0.000000
vt 0.833333 0.000000
vt 0.944444 0.000000
vt 0.055556 1.000000
vt 0.166667 1.000000
vt 0.277778 1.000000
vt 0.388889 1.000000
vt 0.500000 1.000000
vt 0.611111 1.000000
vt 0.722222 1.000000
vt 0.833333 1.000000
vt 0.944444 1.000000
vn 0.794517 -0.606522 -0.029563
vn 0.794517 -0.606522 -0.029563
vn 0.794517 -0.606522 -0.029563
vn 0.794513 -0.606528 -0.029551
vn 0.794513 -0.606528 -0.029551
vn 0.794513 -0.606528 -0.029551
vn 0.448708 -0.856157 -0.256235
vn 0.448708 -0.856157 -0.256235
vn 0.448708 -0.856157 -0.256235
vn 0.448708 -0.856157 -0.256235
vn 0.448708 -0.856157 -0.256235
vn 0.448708 -0.856157 -0.256235
vn -0.015065 -0.979397 -0.201380
vn -0.015064 -0.979397 -0.201380
vn -0.015064 -0.979397 -0.201380
vn -0.015064 -0.979397 -0.201380
vn -0.015064 -0.979397 -0.201380
vn -0.015064 -0.979397 -0.201380
vn -0.379800 -0.918583 0.109348
vn -0.379800 -0.918583 0.109348
vn -0.379800 -0.918583 0.109348
vn -0.379800 -0.918583 0.109348
vn -0.379800 -0.918583 0.109348
vn -0.379800 -0.918583 0.109348
vn -0.474834 -0.702171 0.530555
vn -0.474834 -0.702170 0.530556
vn -0.474834 -0.702170 0.530556
vn -0.474834 -0.702170 0.530556
vn -0.474834 -0.702170 0.530556
vn -0.474834 -0.702170 0.530556
vn -0.255701 -0.431421 0.865155
vn -0.255700 -0.431421 0.865155
vn -0.255700 -0.431421 0.865155
vn -0.255700 -0.431421 0.865155
vn -0.255700 -0.431421 0.865155
vn -0.255700 -0.431421 0.865155
vn 0.175067 -0.233021 0.956584
vn 0.175067 -0.233021 0.956584
vn 0.175067 -0.233021 0.956584
vn 0.175067 -0.233021 0.956584
vn 0.175067 -0.233021 0.956584
vn 0.175067 -0.233021 0.956584
vn 0.615907 -0.199804 0.762061
vn 0.615907 -0.199804 0.762061
vn 0.615907 -0.199804 0.762061
vn 0.615907 -0.199804 0.762061
vn 0.615907 -0.199804 0.762061
vn 0.615907 -0.199805 0.762061
vn 0.860545 -0.347314 0.372607
vn 0.860545 -0.347314 0.372607
vn 0.860545 -0.347314 0.372607
vn 0.860545 -0.347314 0.372607
vn 0.860545 -0.347314 0.372607
vn 0.860545 -0.347314 0.372607
vn 0.882991 -0.387758 -0.264519
vn 0.882991 -0.387758 -0.264519
vn 0.882991 -0.387758 -0.264519
vn 0.882991 -0.387758 -0.264519
vn 0.882991 -0.387758 -0.264519
vn 0.882991 -0.387758 -0.264519
vn 0.442483 -0.705751 -0.553285
vn 0.442483 -0.705751 -0.553285
vn 0.442483 -0.705751 -0.553285
vn 0.442483 -0.705751 -0.553285
vn 0.442483 -0.705751 -0.553285
vn 0.442483 -0.705751 -0.553285
vn -0.148299 -0.862743 -0.483407
vn -0.148300 -0.862743 -0.483407
vn -0.148300 -0.862743 -0.483407
vn -0.148300 -0.862743 -0.483407
vn -0.148300 -0.862743 -0.483407
vn -0.148300 -0.862743 -0.483407
vn -0.612922 -0.785274 -0.087582
vn -0.612922 -0.785274 -0.087582
vn -0.612922 -0.785274 -0.087582
vn -0.612922 -0.785274 -0.087582
vn -0.612922 -0.785274 -0.087582
vn -0.612922 -0.785274 -0.087582
vn -0.733984 -0.509594 0.448979
vn -0.733983 -0.509594 0.448979
vn -0.733984 -0.509594 0.448979
vn -0.733984 -0.509594 0.448979
vn -0.733983 -0.509594 0.448979
vn -0.733983 -0.509594 0.448979
vn -0.454837 -0.164695 0.875214
vn -0.454837 -0.164695 0.875214
vn -0.454837 -0.164695 0.875214
vn -0.454837 -0.164695 0.875214
vn -0.454837 -0.164695 0.875214
vn -0.454837 -0.164695 0.875214
vn 0.093901 0.088039 0.991681
vn 0.093901 0.088039 0.991681
vn 0.093901 0.088039 0.991681
vn 0.093901 0.088039 0.991681
vn 0.093901 0.088039 0.991681
vn 0.093901 0.088039 0.991681
vn 0.655471 0.130352 0.743886
vn 0.655471 0.130352 0.743886
vn 0.655471 0.130352 0.743886
vn 0.655471 0.130352 0.743886
vn 0.655471 0.130352 0.743886
vn 0.655471 0.130352 0.743886
vn 0.967107 -0.057555 0.247774
vn 0.967107 -0.057555 0.247774
vn 0.967107 -0.057555 0.247774
vn 0.967107 -0.057555 0.247774
vn 0.967107 -0.057555 0.247774
vn 0.967107 -0.057555 0.247774
vn 0.885856 -0.199050 -0.419093
vn 0.885856 -0.199050 -0.419093
vn 0.885856 -0.199050 -0.419093
vn 0.885856 -0.199050 -0.419093
vn 0.885856 -0.199050 -0.419093
vn 0.885856 -0.199050 -0.419093
vn 0.406634 -0.544990 -0.733236
vn 0.406634 -0.544990 -0.733236
vn 0.406634 -0.544990 -0.733236
vn 0.406634 -0.544990 -0.733236
vn 0.406634 -0.544990 -0.733236
vn 0.406634 -0.544990 -0.733236
vn -0.236068 -0.715778 -0.657217
vn -0.236068 -0.715778 -0.657217
vn -0.236068 -0.715778 -0.657217
vn -0.236068 -0.715778 -0.657217
vn -0.236068 -0.715778 -0.657217
vn -0.236068 -0.715778 -0.657217
vn -0.741523 -0.631500 -0.226606
vn -0.741523 -0.631501 -0.226606
vn -0.741523 -0.631501 -0.226606
vn -0.741523 -0.631501 -0.226606
vn -0.741523 -0.631501 -0.226606
vn -0.741523 -0.631501 -0.226606
vn -0.873223 -0.331593 0.357110
vn -0.873223 -0.331593 0.357110
vn -0.873223 -0.331593 0.357110
vn -0.873223 -0.331593 0.357110
vn -0.873223 -0.331593 0.357110
vn -0.873223 -0.331593 0.357110
vn -0.569544 0.043616 0.820803
vn -0.569545 0.043616 0.820802
vn -0.569544 0.043616 0.820803
vn -0.569544 0.043616 0.820803
vn -0.569545 0.043616 0.820802
vn -0.569545 0.043616 0.820802
vn 0.027419 0.318561 0.947506
vn 0.027419 0.318561 0.947506
vn 0.027419 0.318561 0.947506
vn 0.027419 0.318561 0.947506
vn 0.027419 0.318561 0.947506
vn 0.027419 0.318561 0.947506
vn 0.638340 0.364593 0.677933
vn 0.638340 0.364593 0.677933
vn 0.638340 0.364593 0.677933
vn 0.638340 0.364593 0.677933
vn 0.638340 0.364593 0.677933
vn 0.638340 0.364593 0.677933
vn 0.977364 0.160172 0.138222
vn 0.977364 0.160172 0.138222
vn 0.977364 0.160172 0.138222
vn 0.977364 0.160172 0.138222
vn 0.977364 0.160172 0.138222
vn 0.977364 0.160172 0.138222
vn 0.846806 -0.029010 -0.531110
vn 0.846806 -0.029010 -0.531110
vn 0.846806 -0.029010 -0.531110
vn 0.846806 -0.029010 -0.531110
vn 0.846806 -0.029010 -0.531110
vn 0.846806 -0.029010 -0.531110
vn 0.357058 -0.382549 -0.852154
vn 0.357058 -0.382549 -0.852154
vn 0.357058 -0.382549 -0.852154
vn 0.357058 -0.382549 -0.852154
vn 0.357058 -0.382549 -0.852154
vn 0.357058 -0.382549 -0.852154
vn -0.299761 -0.557088 -0.774465
vn -0.299761 -0.557088 -0.774465
vn -0.299761 -0.557088 -0.774465
vn -0.299761 -0.557088 -0.774465
vn -0.299761 -0.557088 -0.774465
vn -0.299761 -0.557088 -0.774465
vn -0.816319 -0.470960 -0.334396
vn -0.816319 -0.470960 -0.334396
vn -0.816319 -0.470960 -0.334396
vn -0.816319 -0.470960 -0.334396
vn -0.816319 -0.470960 -0.334396
vn -0.816319 -0.470960 -0.334396
vn -0.950912 -0.164464 0.262142
vn -0.950912 -0.164464 0.262141
vn -0.950912 -0.164464 0.262141
vn -0.950912 -0.164464 0.262141
vn -0.950912 -0.164464 0.262141
vn -0.950912 -0.164464 0.262142
vn -0.640563 0.218986 0.736019
vn -0.640563 0.218986 0.736020
vn -0.640563 0.218986 0.736019
vn -0.640563 0.218986 0.736019
vn -0.640563 0.218986 0.736020
vn -0.640563 0.218986 0.736020
vn -0.030487 0.499970 0.865506
vn -0.030487 0.499970 0.865506
vn -0.030487 0.499970 0.865506
vn -0.030487 0.499970 0.865506
vn -0.030487 0.499970 0.865506
vn -0.030487 0.499970 0.865506
vn 0.593854 0.547013 0.590012
vn 0.593854 0.547013 0.590012
vn 0.593854 0.547013 0.590012
vn 0.593854 0.547013 0.590012
vn 0.593854 0.547013 0.590012
vn 0.593854 0.547013 0.590012
vn 0.940324 0.338102 0.038446
vn 0.940324 0.338102 0.038446
vn 0.940324 0.338102 0.038446
vn 0.940324 0.338102 0.038446
vn 0.940324 0.338102 0.038446
vn 0.940324 0.338102 0.038446
vn 0.771355 0.142277 -0.620297
vn 0.771355 0.142277 -0.620297
vn 0.771355 0.142277 -0.620297
vn 0.771355 0.142277 -0.620297
vn 0.771355 0.142277 -0.620297
vn 0.771355 0.142277 -0.620298
vn 0.292134 -0.203663 -0.934441
vn 0.292133 -0.203663 -0.934441
vn 0.292134 -0.203663 -0.934441
vn 0.292134 -0.203663 -0.934441
vn 0.292133 -0.203663 -0.934441
vn 0.292133 -0.203663 -0.934441
vn -0.350569 -0.374451 -0.858422
vn -0.350569 -0.374451 -0.858422
vn -0.350569 -0.374451 -0.858422
vn -0.350569 -0.374451 -0.858422
vn -0.350569 -0.374451 -0.858422
vn -0.350569 -0.374451 -0.858422
vn -0.856024 -0.290174 -0.427811
vn -0.856024 -0.290174 -0.427811
vn -0.856024 -0.290174 -0.427811
vn -0.856024 -0.290174 -0.427811
vn -0.856024 -0.290174 -0.427811
vn -0.856024 -0.290175 -0.427811
vn -0.987724 0.009734 0.155905
vn -0.987724 0.009734 0.155905
vn -0.987724 0.009734 0.155905
vn -0.987724 0.009734 0.155905
vn -0.987724 0.009734 0.155905
vn -0.987724 0.009734 0.155905
vn -0.684045 0.384942 0.619598
vn -0.684045 0.384942 0.619598
vn -0.684045 0.384942 0.619598
vn -0.684045 0.384942 0.619598
vn -0.684045 0.384942 0.619598
vn -0.684045 0.384942 0.619598
vn -0.087082 0.659888 0.746301
vn -0.087082 0.659888 0.746301
vn -0.087082 0.659888 0.746301
vn -0.087082 0.659888 0.746301
vn -0.087082 0.659888 0.746301
vn -0.087082 0.659888 0.746301
vn 0.523840 0.705919 0.476729
vn 0.523840 0.705919 0.476729
vn 0.523840 0.705919 0.476729
vn 0.523840 0.705919 0.476729
vn 0.523840 0.705919 0.476729
vn 0.523840 0.705919 0.476729
vn 0.862863 0.501499 -0.062983
vn 0.862863 0.501499 -0.062983
vn 0.862863 0.501499 -0.062983
vn 0.862863 0.501499 -0.062983
vn 0.862863 0.501499 -0.062983
vn 0.862863 0.501499 -0.062983
vn 0.640345 0.335571 -0.690906
vn 0.640345 0.335571 -0.690906
vn 0.640345 0.335571 -0.690906
vn 0.640345 0.335571 -0.690906
vn 0.640345 0.335571 -0.690906
vn 0.640345 0.335571 -0.690906
vn 0.199836 0.017577 -0.979672
vn 0.199836 0.017577 -0.979672
vn 0.199836 0.017577 -0.979672
vn 0.199836 0.017577 -0.979672
vn 0.199836 0.017577 -0.979672
vn 0.199836 0.017577 -0.979672
vn -0.390946 -0.139414 -0.909794
vn -0.390946 -0.139414 -0.909794
vn -0.390946 -0.139414 -0.909794
vn -0.390946 -0.139414 -0.909794
vn -0.390946 -0.139414 -0.909794
vn -0.390946 -0.139414 -0.909794
vn -0.855569 -0.061945 -0.513969
vn -0.855569 -0.061945 -0.513969
vn -0.855569 -0.061945 -0.513969
vn -0.855569 -0.061945 -0.513969
vn -0.855569 -0.061945 -0.513969
vn -0.855569 -0.061945 -0.513969
vn -0.976630 0.213735 0.022592
vn -0.976630 0.213735 0.022592
vn -0.976630 0.213735 0.022592
vn -0.976630 0.213735 0.022592
vn -0.976630 0.213735 0.022592
vn -0.976630 0.213735 0.022592
vn -0.697484 0.558633 0.448827
vn -0.697484 0.558633 0.448826
vn -0.697484 0.558633 0.448826
vn -0.697484 0.558633 0.448826
vn -0.697484 0.558633 0.448826
vn -0.697484 0.558633 0.448826
vn -0.148745 0.811368 0.565294
vn -0.148745 0.811368 0.565294
vn -0.148745 0.811368 0.565294
vn -0.148745 0.811368 0.565294
vn -0.148745 0.811368 0.565294
vn -0.148745 0.811367 0.565294
vn 0.412824 0.853681 0.317499
vn 0.412824 0.853681 0.317499
vn 0.412824 0.853681 0.317499
vn 0.412824 0.853681 0.317499
vn 0.412824 0.853681 0.317499
vn 0.412824 0.853681 0.317499
vn 0.724460 0.665774 -0.178613
vn 0.724460 0.665774 -0.178613
vn 0.724460 0.665774 -0.178613
vn 0.724460 0.665774 -0.178613
vn 0.724460 0.665774 -0.178613
vn 0.724460 0.665774 -0.178613
vn 0.401326 0.565560 -0.720471
vn 0.401326 0.565560 -0.720471
vn 0.401326 0.565560 -0.720471
vn 0.401326 0.565560 -0.720471
vn 0.401326 0.565560 -0.720471
vn 0.401326 0.565560 -0.720471
vn 0.055521 0.315931 -0.947156
vn 0.055521 0.315931 -0.947156
vn 0.055521 0.315931 -0.947156
vn 0.055521 0.315931 -0.947156
vn 0.055521 0.315931 -0.947156
vn 0.055521 0.315931 -0.947156
vn -0.408251 0.192691 -0.892301
vn -0.408251 0.192690 -0.892301
vn -0.408251 0.192690 -0.892301
vn -0.408251 0.192690 -0.892301
vn -0.408251 0.192690 -0.892301
vn -0.408251 0.192690 -0.892301
vn -0.772986 0.253505 -0.581573
vn -0.772986 0.253505 -0.581573
vn -0.772986 0.253505 -0.581573
vn -0.772986 0.253505 -0.581573
vn -0.772986 0.253505 -0.581573
vn -0.772986 0.253505 -0.581573
vn -0.868021 0.469917 -0.160365
vn -0.868021 0.469918 -0.160365
vn -0.868021 0.469918 -0.160365
vn -0.868021 0.469918 -0.160365
vn -0.868021 0.469918 -0.160365
vn -0.868021 0.469918 -0.160365
vn -0.648887 0.740667 0.174234
vn -0.648887 0.740667 0.174234
vn -0.648887 0.740667 0.174234
vn -0.648887 0.740667 0.174234
vn -0.648887 0.740667 0.174234
vn -0.648887 0.740667 0.174234
vn -0.218120 0.939067 0.265663
vn -0.218120 0.939067 0.265663
vn -0.218120 0.939067 0.265663
vn -0.218120 0.939067 0.265663
vn -0.218120 0.939067 0.265663
vn -0.218120 0.939067 0.265663
vn 0.222720 0.972283 0.071140
vn 0.222720 0.972283 0.071140
vn 0.222720 0.972283 0.071140
vn 0.222720 0.972283 0.071140
vn 0.222720 0.972283 0.071140
vn 0.222720 0.972283 0.071140
vn 0.467358 0.824774 -0.318314
vn 0.467358 0.824774 -0.318314
vn 0.467358 0.824774 -0.318314
vn 0.467358 0.824774 -0.318314
vn 0.467358 0.824774 -0.318314
vn 0.467358 0.824774 -0.318314
vn 0.512276 -0.800155 0.311970
vn 0.512276 -0.800155 0.311970
vn 0.512276 -0.800155 0.311970
vn 0.369602 -0.903148 0.218444
vn 0.369602 -0.903148 0.218444
vn 0.369602 -0.903148 0.218444
vn 0.178257 -0.953995 0.241075
vn 0.178257 -0.953995 0.241075
vn 0.178257 -0.953995 0.241075
vn 0.027773 -0.928904 0.369277
vn 0.027773 -0.928904 0.369277
vn 0.027773 -0.928904 0.369277
vn -0.011437 -0.839616 0.543060
vn -0.011437 -0.839616 0.543060
vn -0.011437 -0.839616 0.543060
vn 0.078975 -0.727909 0.681110
vn 0.078975 -0.727909 0.681110
vn 0.078975 -0.727909 0.681110
vn 0.256702 -0.646053 0.718832
vn 0.256702 -0.646053 0.718832
vn 0.256702 -0.646053 0.718832
vn 0.438585 -0.632348 0.638576
vn 0.438585 -0.632348 0.638576
vn 0.438585 -0.632348 0.638576
vn 0.539519 -0.693208 0.477893
vn 0.539519 -0.693208 0.477893
vn 0.539519 -0.693208 0.477893
vn -0.018892 0.783253 -0.621416
vn -0.018892 0.783253 -0.621416
vn -0.018892 0.783253 -0.621416
vn -0.161566 0.680260 -0.714942
vn -0.161566 0.680260 -0.714942
vn -0.161566 0.680260 -0.714942
vn -0.352910 0.629413 -0.692311
vn -0.352910 0.629413 -0.692311
vn -0.352910 0.629413 -0.692311
vn -0.503394 0.654504 -0.564109
vn -0.503394 0.654504 -0.564109
vn -0.503394 0.654504 -0.564109
vn -0.542604 0.743792 -0.390325
vn -0.542604 0.743792 -0.390325
vn -0.542604 0.743792 -0.390325
vn -0.452193 0.855499 -0.252275
vn -0.452193 0.855499 -0.252275
vn -0.452193 0.855499 -0.252275
vn -0.274465 0.937356 -0.214554
vn -0.274465 0.937356 -0.214554
vn -0.274465 0.937356 -0.214554
vn -0.092582 0.951060 -0.294810
vn -0.092582 0.951060 -0.294810
vn -0.092582 0.951060 -0.294810
vn 0.008352 0.890200 -0.455493
vn 0.008352 0.890200 -0.455493
vn 0.008352 0.890200 -0.455493
s off
g item_bomb:group1pSphere6
usemtl item_bomb:lambert4SG
f 1584/1985/9391 1585/1986/9392 1593/1987/9393
f 1593/1987/9394 1585/1986/9395 1594/1988/9396
f 1585/1986/9397 1586/1989/9398 1594/1988/9399
f 1594/1988/9400 1586/1989/9401 1595/1990/9402
f 1586/1989/9403 1587/1991/9404 1595/1990/9405
f 1595/1990/9406 1587/1991/9407 1596/1992/9408
f 1587/1991/9409 1588/1993/9410 1596/1992/9411
f 1596/1992/9412 1588/1993/9413 1597/1994/9414
f 1588/1993/9415 1589/1995/9416 1597/1994/9417
f 1597/1994/9418 1589/1995/9419 1598/1996/9420
f 1589/1995/9421 1590/1997/9422 1598/1996/9423
f 1598/1996/9424 1590/1997/9425 1599/1998/9426
f 1590/1997/9427 1591/1999/9428 1599/1998/9429
f 1599/1998/9430 1591/1999/9431 1600/2000/9432
f 1591/1999/9433 1592/2001/9434 1600/2000/9435
f 1600/2000/9436 1592/2001/9437 1601/2002/9438
f 1592/2001/9439 1584/2003/9440 1601/2002/9441
f 1601/2002/9442 1584/2003/9443 1593/2004/9444
f 1593/1987/9445 1594/1988/9446 1602/2005/9447
f 1602/2005/9448 1594/1988/9449 1603/2006/9450
f 1594/1988/9451 1595/1990/9452 1603/2006/9453
f 1603/2006/9454 1595/1990/9455 1604/2007/9456
f 1595/1990/9457 1596/1992/9458 1604/2007/9459
f 1604/2007/9460 1596/1992/9461 1605/2008/9462
f 1596/1992/9463 1597/1994/9464 1605/2008/9465
f 1605/2008/9466 1597/1994/9467 1606/2009/9468
f 1597/1994/9469 1598/1996/9470 1606/2009/9471
f 1606/2009/9472 1598/1996/9473 1607/2010/9474
f 1598/1996/9475 1599/1998/9476 1607/2010/9477
f 1607/2010/9478 1599/1998/9479 1608/2011/9480
f 1599/1998/9481 1600/2000/9482 1608/2011/9483
f 1608/2011/9484 1600/2000/9485 1609/2012/9486
f 1600/2000/9487 1601/2002/9488 1609/2012/9489
f 1609/2012/9490 1601/2002/9491 1610/2013/9492
f 1601/2002/9493 1593/2004/9494 1610/2013/9495
f 1610/2013/9496 1593/2004/9497 1602/2014/9498
f 1602/2005/9499 1603/2006/9500 1611/2015/9501
f 1611/2015/9502 1603/2006/9503 1612/2016/9504
f 1603/2006/9505 1604/2007/9506 1612/2016/9507
f 1612/2016/9508 1604/2007/9509 1613/2017/9510
f 1604/2007/9511 1605/2008/9512 1613/2017/9513
f 1613/2017/9514 1605/2008/9515 1614/2018/9516
f 1605/2008/9517 1606/2009/9518 1614/2018/9519
f 1614/2018/9520 1606/2009/9521 1615/2019/9522
f 1606/2009/9523 1607/2010/9524 1615/2019/9525
f 1615/2019/9526 1607/2010/9527 1616/2020/9528
f 1607/2010/9529 1608/2011/9530 1616/2020/9531
f 1616/2020/9532 1608/2011/9533 1617/2021/9534
f 1608/2011/9535 1609/2012/9536 1617/2021/9537
f 1617/2021/9538 1609/2012/9539 1618/2022/9540
f 1609/2012/9541 1610/2013/9542 1618/2022/9543
f 1618/2022/9544 1610/2013/9545 1619/2023/9546
f 1610/2013/9547 1602/2014/9548 1619/2023/9549
f 1619/2023/9550 1602/2014/9551 1611/2024/9552
f 1611/2015/9553 1612/2016/9554 1620/2025/9555
f 1620/2025/9556 1612/2016/9557 1621/2026/9558
f 1612/2016/9559 1613/2017/9560 1621/2026/9561
f 1621/2026/9562 1613/2017/9563 1622/2027/9564
f 1613/2017/9565 1614/2018/9566 1622/2027/9567
f 1622/2027/9568 1614/2018/9569 1623/2028/9570
f 1614/2018/9571 1615/2019/9572 1623/2028/9573
f 1623/2028/9574 1615/2019/9575 1624/2029/9576
f 1615/2019/9577 1616/2020/9578 1624/2029/9579
f 1624/2029/9580 1616/2020/9581 1625/2030/9582
f 1616/2020/9583 1617/2021/9584 1625/2030/9585
f 1625/2030/9586 1617/2021/9587 1626/2031/9588
f 1617/2021/9589 1618/2022/9590 1626/2031/9591
f 1626/2031/9592 1618/2022/9593 1627/2032/9594
f 1618/2022/9595 1619/2023/9596 1627/2032/9597
f 1627/2032/9598 1619/2023/9599 1628/2033/9600
f 1619/2023/9601 1611/2024/9602 1628/2033/9603
f 1628/2033/9604 1611/2024/9605 1620/2034/9606
f 1620/2025/9607 1621/2026/9608 1629/2035/9609
f 1629/2035/9610 1621/2026/9611 1630/2036/9612
f 1621/2026/9613 1622/2027/9614 1630/2036/9615
f 1630/2036/9616 1622/2027/9617 1631/2037/9618
f 1622/2027/9619 1623/2028/9620 1631/2037/9621
f 1631/2037/9622 1623/2028/9623 1632/2038/9624
f 1623/2028/9625 1624/2029/9626 1632/2038/9627
f 1632/2038/9628 1624/2029/9629 1633/2039/9630
f 1624/2029/9631 1625/2030/9632 1633/2039/9633
f 1633/2039/9634 1625/2030/9635 1634/2040/9636
f 1625/2030/9637 1626/2031/9638 1634/2040/9639
f 1634/2040/9640 1626/2031/9641 1635/2041/9642
f 1626/2031/9643 1627/2032/9644 1635/2041/9645
f 1635/2041/9646 1627/2032/9647 1636/2042/9648
f 1627/2032/9649 1628/2033/9650 1636/2042/9651
f 1636/2042/9652 1628/2033/9653 1637/2043/9654
f 1628/2033/9655 1620/2034/9656 1637/2043/9657
f 1637/2043/9658 1620/2034/9659 1629/2044/9660
f 1629/2035/9661 1630/2036/9662 1638/2045/9663
f 1638/2045/9664 1630/2036/9665 1639/2046/9666
f 1630/2036/9667 1631/2037/9668 1639/2046/9669
f 1639/2046/9670 1631/2037/9671 1640/2047/9672
f 1631/2037/9673 1632/2038/9674 1640/2047/9675
f 1640/2047/9676 1632/2038/9677 1641/2048/9678
f 1632/2038/9679 1633/2039/9680 1641/2048/9681
f 1641/2048/9682 1633/2039/9683 1642/2049/9684
f 1633/2039/9685 1634/2040/9686 1642/2049/9687
f 1642/2049/9688 1634/2040/9689 1643/2050/9690
f 1634/2040/9691 1635/2041/9692 1643/2050/9693
f 1643/2050/9694 1635/2041/9695 1644/2051/9696
f 1635/2041/9697 1636/2042/9698 1644/2051/9699
f 1644/2051/9700 1636/2042/9701 1645/2052/9702
f 1636/2042/9703 1637/2043/9704 1645/2052/9705
f 1645/2052/9706 1637/2043/9707 1646/2053/9708
f 1637/2043/9709 1629/2044/9710 1646/2053/9711
f 1646/2053/9712 1629/2044/9713 1638/2054/9714
f 1638/2045/9715 1639/2046/9716 1647/2055/9717
f 1647/2055/9718 1639/2046/9719 1648/2056/9720
f 1639/2046/9721 1640/2047/9722 1648/2056/9723
f 1648/2056/9724 1640/2047/9725 1649/2057/9726
f 1640/2047/9727 1641/2048/9728 1649/2057/9729
f 1649/2057/9730 1641/2048/9731 1650/2058/9732
f 1641/2048/9733 1642/2049/9734 1650/2058/9735
f 1650/2058/9736 1642/2049/9737 1651/2059/9738
f 1642/2049/9739 1643/2050/9740 1651/2059/9741
f 1651/2059/9742 1643/2050/9743 1652/2060/9744
f 1643/2050/9745 1644/2051/9746 1652/2060/9747
f 1652/2060/9748 1644/2051/9749 1653/2061/9750
f 1644/2051/9751 1645/2052/9752 1653/2061/9753
f 1653/2061/9754 1645/2052/9755 1654/2062/9756
f 1645/2052/9757 1646/2053/9758 1654/2062/9759
f 1654/2062/9760 1646/2053/9761 1655/2063/9762
f 1646/2053/9763 1638/2054/9764 1655/2063/9765
f 1655/2063/9766 1638/2054/9767 1647/2064/9768
f 1585/1986/9769 1584/1985/9770 1656/2065/9771
f 1586/1989/9772 1585/1986/9773 1656/2066/9774
f 1587/1991/9775 1586/1989/9776 1656/2067/9777
f 1588/1993/9778 1587/1991/9779 1656/2068/9780
f 1589/1995/9781 1588/1993/9782 1656/2069/9783
f 1590/1997/9784 1589/1995/9785 1656/2070/9786
f 1591/1999/9787 1590/1997/9788 1656/2071/9789
f 1592/2001/9790 1591/1999/9791 1656/2072/9792
f 1584/2003/9793 1592/2001/9794 1656/2073/9795
f 1647/2055/9796 1648/2056/9797 1657/2074/9798
f 1648/2056/9799 1649/2057/9800 1657/2075/9801
f 1649/2057/9802 1650/2058/9803 1657/2076/9804
f 1650/2058/9805 1651/2059/9806 1657/2077/9807
f 1651/2059/9808 1652/2060/9809 1657/2078/9810
f 1652/2060/9811 1653/2061/9812 1657/2079/9813
f 1653/2061/9814 1654/2062/9815 1657/2080/9816
f 1654/2062/9817 1655/2063/9818 1657/2081/9819
f 1655/2063/9820 1647/2064/9821 1657/2082/9822
g default
v -0.034490 1.824854 0.039076
v 0.128373 1.822332 0.047503
v 0.203411 1.809632 0.051280
v 0.271090 1.789576 0.055506
v 0.235489 1.600072 0.072353
v 0.304489 1.647540 0.070188
v 0.373321 1.657004 0.071639
v 0.392547 1.560145 0.081530
v 0.404767 1.376559 0.099448
v 0.128358 1.910028 0.039143
v 0.172387 1.866330 0.044814
v 0.216416 1.822632 0.050485
v 0.301439 1.819914 0.053651
v 0.304474 1.735236 0.061827
v 0.348503 1.691538 0.067498
v 0.421813 1.677112 0.071380
v 0.436561 1.604142 0.078840
v 0.480590 1.560444 0.084511
v 0.197909 1.928680 0.039743
v 0.235553 1.891319 0.044592
v 0.273198 1.853957 0.049440
v 0.338172 1.843916 0.052619
v 0.348487 1.779234 0.059138
v 0.386132 1.741872 0.063986
v 0.443298 1.724025 0.067642
v 0.461421 1.667149 0.073684
v 0.499066 1.629788 0.078532
v 0.165719 2.048309 0.027238
v 0.260414 1.954326 0.039435
v 0.304443 1.910628 0.045106
v 0.362136 1.880590 0.049942
v 0.392501 1.823232 0.056448
v 0.436530 1.779534 0.062119
v 0.490319 1.745593 0.067194
v 0.524588 1.692138 0.073461
v 0.552766 1.664172 0.077091
v 0.260398 2.081476 0.031075
v 0.304427 1.998323 0.036746
v 0.348456 1.954626 0.042417
v 0.392485 1.910928 0.048088
v 0.436514 1.867230 0.053759
v 0.480543 1.823532 0.059430
v 0.524572 1.779834 0.065101
v 0.568601 1.736136 0.070772
v 0.655038 1.650349 0.081905
v 0.359540 2.031305 0.035486
v 0.389787 2.001286 0.039382
v 0.420034 1.971266 0.043278
v 0.436616 1.927587 0.048009
v 0.480527 1.911228 0.051069
v 0.510774 1.881208 0.054965
v 0.531260 1.841432 0.059458
v 0.571268 1.821169 0.062757
v 0.601515 1.791150 0.066653
v 0.379927 2.098752 0.029754
v 0.416080 2.062870 0.034410
v 0.452234 2.026989 0.039067
v 0.461058 1.963787 0.045393
v 0.524541 1.955225 0.048380
v 0.560694 1.919344 0.053037
v 0.577327 1.863948 0.058886
v 0.633001 1.847581 0.062350
v 0.669155 1.811699 0.067007
v 0.392438 2.174015 0.023007
v 0.436467 2.130317 0.028678
v 0.480496 2.086619 0.034349
v 0.483531 2.001941 0.042525
v 0.568554 1.999223 0.045691
v 0.612583 1.955525 0.051362
v 0.627330 1.882556 0.058822
v 0.700641 1.868129 0.062704
v 0.744670 1.824431 0.068375
v 0.440315 2.338467 0.002400
v 0.480481 2.174315 0.025988
v 0.496943 2.103060 0.033344
v 0.513879 2.032279 0.040670
v 0.612568 2.043221 0.043001
v 0.749423 2.092317 0.043000
v 0.661583 1.916797 0.056729
v 0.744655 1.912127 0.060014
v 0.884655 1.904431 0.069548
v 0.443992 2.328218 -0.105117
v 0.484157 2.164065 -0.081530
v 0.500619 2.092811 -0.074174
v 0.517556 2.022030 -0.066848
v 0.616244 2.032972 -0.064517
v 0.753099 2.082067 -0.064518
v 0.665259 1.906547 -0.050789
v 0.748331 1.901878 -0.047503
v 0.888331 1.894181 -0.037970
v 0.396114 2.163765 -0.084511
v 0.440143 2.120067 -0.078840
v 0.484172 2.076370 -0.073169
v 0.487207 1.991692 -0.064993
v 0.572230 1.988974 -0.061827
v 0.616259 1.945276 -0.056156
v 0.631007 1.872306 -0.048696
v 0.704317 1.857880 -0.044814
v 0.748346 1.814182 -0.039143
v 0.383603 2.088502 -0.077764
v 0.419757 2.052621 -0.073108
v 0.455910 2.016739 -0.068451
v 0.464734 1.953538 -0.062124
v 0.528217 1.944976 -0.059138
v 0.564370 1.909094 -0.054481
v 0.581003 1.853698 -0.048632
v 0.636677 1.837331 -0.045168
v 0.672831 1.801449 -0.040511
v 0.363216 2.021055 -0.072032
v 0.393463 1.991036 -0.068136
v 0.423710 1.961017 -0.064240
v 0.440292 1.917337 -0.059509
v 0.484203 1.900978 -0.056448
v 0.514450 1.870959 -0.052552
v 0.534936 1.831182 -0.048060
v 0.574944 1.810920 -0.044761
v 0.605191 1.780901 -0.040865
v 0.264074 2.071226 -0.076443
v 0.308103 1.988074 -0.070772
v 0.352132 1.944376 -0.065101
v 0.396161 1.900678 -0.059430
v 0.440190 1.856980 -0.053759
v 0.484219 1.813282 -0.048088
v 0.528248 1.769584 -0.042417
v 0.572277 1.725886 -0.036746
v 0.658714 1.640100 -0.025613
v 0.169395 2.038059 -0.080279
v 0.264090 1.944076 -0.068082
v 0.308119 1.900378 -0.062411
v 0.365812 1.870340 -0.057575
v 0.396177 1.812982 -0.051069
v 0.440206 1.769284 -0.045398
v 0.493995 1.735344 -0.040324
v 0.528264 1.681889 -0.034056
v 0.556442 1.653922 -0.030427
v 0.201585 1.918431 -0.067775
v 0.239229 1.881069 -0.062926
v 0.276874 1.843708 -0.058077
v 0.341848 1.833666 -0.054899
v 0.352163 1.768985 -0.048380
v 0.389808 1.731623 -0.043531
v 0.446974 1.713776 -0.039875
v 0.465097 1.656900 -0.033834
v 0.502742 1.619538 -0.028985
v 0.132034 1.899778 -0.068375
v 0.176063 1.856081 -0.062704
v 0.220092 1.812383 -0.057033
v 0.305115 1.809664 -0.053867
v 0.308150 1.724987 -0.045691
v 0.352179 1.681289 -0.040020
v 0.425489 1.666862 -0.036138
v 0.440237 1.593893 -0.028678
v 0.484266 1.550195 -0.023007
v -0.030814 1.814605 -0.068441
v 0.132049 1.812083 -0.060014
v 0.207087 1.799383 -0.056238
v 0.274767 1.779327 -0.052012
v 0.239165 1.589823 -0.035164
v 0.308165 1.637291 -0.037330
v 0.376997 1.646754 -0.035879
v 0.396223 1.549895 -0.025988
v 0.408443 1.366309 -0.008070
v 0.162383 2.135053 0.029415
v 0.166059 2.124804 -0.078103
v 0.289062 1.969039 -0.069608
v 0.333091 1.925341 -0.063937
v 0.383031 1.887553 -0.058628
v 0.421149 1.837946 -0.052595
v 0.465178 1.794248 -0.046924
v 0.513429 1.754771 -0.041511
v 0.553236 1.706852 -0.035582
v 0.614468 1.646080 -0.027695
v 0.610792 1.656329 0.079822
v 0.549560 1.717101 0.071935
v 0.509753 1.765020 0.066006
v 0.461502 1.804497 0.060593
v 0.417473 1.848195 0.054922
v 0.379355 1.897803 0.048890
v 0.329415 1.935591 0.043580
v 0.285386 1.979289 0.037909
vt 0.375000 0.000000
vt 0.406250 0.000000
vt 0.375000 0.031250
vt 0.406250 0.031250
vt 0.437500 0.000000
vt 0.437500 0.031250
vt 0.468750 0.000000
vt 0.468750 0.031250
vt 0.500000 0.000000
vt 0.500000 0.031250
vt 0.531250 0.000000
vt 0.531250 0.031250
vt 0.562500 0.000000
vt 0.562500 0.031250
vt 0.593750 0.000000
vt 0.593750 0.031250
vt 0.625000 0.000000
vt 0.625000 0.031250
vt 0.375000 0.062500
vt 0.406250 0.062500
vt 0.437500 0.062500
vt 0.468750 0.062500
vt 0.500000 0.062500
vt 0.531250 0.062500
vt 0.562500 0.062500
vt 0.593750 0.062500
vt 0.625000 0.062500
vt 0.406250 0.093750
vt 0.375000 0.093750
vt 0.437500 0.093750
vt 0.468750 0.093750
vt 0.500000 0.093750
vt 0.531250 0.093750
vt 0.562500 0.093750
vt 0.593750 0.093750
vt 0.625000 0.093750
vt 0.406250 0.111480
vt 0.375000 0.111480
vt 0.437500 0.111480
vt 0.468750 0.111480
vt 0.500000 0.111480
vt 0.531250 0.111480
vt 0.562500 0.111480
vt 0.593750 0.111480
vt 0.625000 0.111480
vt 0.375000 0.125000
vt 0.406250 0.125000
vt 0.375000 0.156250
vt 0.406250 0.156250
vt 0.437500 0.125000
vt 0.437500 0.156250
vt 0.468750 0.125000
vt 0.468750 0.156250
vt 0.500000 0.125000
vt 0.500000 0.156250
vt 0.531250 0.125000
vt 0.531250 0.156250
vt 0.562500 0.125000
vt 0.562500 0.156250
vt 0.593750 0.125000
vt 0.593750 0.156250
vt 0.625000 0.125000
vt 0.625000 0.156250
vt 0.406250 0.187500
vt 0.375000 0.187500
vt 0.437500 0.187500
vt 0.468750 0.187500
vt 0.500000 0.187500
vt 0.531250 0.187500
vt 0.562500 0.187500
vt 0.593750 0.187500
vt 0.625000 0.187500
vt 0.406250 0.218750
vt 0.375000 0.218750
vt 0.437500 0.218750
vt 0.468750 0.218750
vt 0.500000 0.218750
vt 0.531250 0.218750
vt 0.562500 0.218750
vt 0.593750 0.218750
vt 0.625000 0.218750
vt 0.406250 0.250000
vt 0.375000 0.250000
vt 0.437500 0.250000
vt 0.468750 0.250000
vt 0.500000 0.250000
vt 0.531250 0.250000
vt 0.562500 0.250000
vt 0.593750 0.250000
vt 0.625000 0.250000
vt 0.406250 0.500000
vt 0.375000 0.500000
vt 0.437500 0.500000
vt 0.468750 0.500000
vt 0.500000 0.500000
vt 0.531250 0.500000
vt 0.562500 0.500000
vt 0.593750 0.500000
vt 0.625000 0.500000
vt 0.375000 0.531250
vt 0.406250 0.531250
vt 0.437500 0.531250
vt 0.468750 0.531250
vt 0.500000 0.531250
vt 0.531250 0.531250
vt 0.562500 0.531250
vt 0.593750 0.531250
vt 0.625000 0.531250
vt 0.375000 0.562500
vt 0.406250 0.562500
vt 0.437500 0.562500
vt 0.468750 0.562500
vt 0.500000 0.562500
vt 0.531250 0.562500
vt 0.562500 0.562500
vt 0.593750 0.562500
vt 0.625000 0.562500
vt 0.375000 0.593750
vt 0.406250 0.593750
vt 0.437500 0.593750
vt 0.468750 0.593750
vt 0.500000 0.593750
vt 0.531250 0.593750
vt 0.562500 0.593750
vt 0.593750 0.593750
vt 0.625000 0.593750
vt 0.406250 0.625000
vt 0.375000 0.625000
vt 0.437500 0.625000
vt 0.468750 0.625000
vt 0.500000 0.625000
vt 0.531250 0.625000
vt 0.562500 0.625000
vt 0.593750 0.625000
vt 0.625000 0.625000
vt 0.375000 0.638520
vt 0.406250 0.638520
vt 0.375000 0.656250
vt 0.406250 0.656250
vt 0.437500 0.638520
vt 0.437500 0.656250
vt 0.468750 0.638520
vt 0.468750 0.656250
vt 0.500000 0.638520
vt 0.500000 0.656250
vt 0.531250 0.638520
vt 0.531250 0.656250
vt 0.562500 0.638520
vt 0.562500 0.656250
vt 0.593750 0.638520
vt 0.593750 0.656250
vt 0.625000 0.638520
vt 0.625000 0.656250
vt 0.375000 0.687500
vt 0.406250 0.687500
vt 0.437500 0.687500
vt 0.468750 0.687500
vt 0.500000 0.687500
vt 0.531250 0.687500
vt 0.562500 0.687500
vt 0.593750 0.687500
vt 0.625000 0.687500
vt 0.406250 0.718750
vt 0.375000 0.718750
vt 0.437500 0.718750
vt 0.468750 0.718750
vt 0.500000 0.718750
vt 0.531250 0.718750
vt 0.562500 0.718750
vt 0.593750 0.718750
vt 0.625000 0.718750
vt 0.406250 0.750000
vt 0.375000 0.750000
vt 0.437500 0.750000
vt 0.468750 0.750000
vt 0.500000 0.750000
vt 0.531250 0.750000
vt 0.562500 0.750000
vt 0.593750 0.750000
vt 0.625000 0.750000
vt 0.375000 1.000000
vt 0.406250 1.000000
vt 0.437500 1.000000
vt 0.468750 1.000000
vt 0.500000 1.000000
vt 0.531250 1.000000
vt 0.562500 1.000000
vt 0.593750 1.000000
vt 0.625000 1.000000
vt 0.875000 0.000000
vt 0.875000 0.031250
vt 0.875000 0.062500
vt 0.875000 0.093750
vt 0.875000 0.111480
vt 0.875000 0.125000
vt 0.875000 0.156250
vt 0.875000 0.187500
vt 0.875000 0.218750
vt 0.875000 0.250000
vt 0.125000 0.000000
vt 0.125000 0.031250
vt 0.125000 0.062500
vt 0.125000 0.093750
vt 0.125000 0.111480
vt 0.125000 0.125000
vt 0.125000 0.156250
vt 0.125000 0.187500
vt 0.125000 0.218750
vt 0.125000 0.250000
vn -0.049977 0.094772 0.994244
vn -0.049977 0.094772 0.994244
vn -0.049977 0.094772 0.994244
vn -0.045006 0.094800 0.994478
vn -0.046262 0.094794 0.994421
vn -0.034016 0.094843 0.994911
vn -0.046262 0.094794 0.994421
vn -0.034016 0.094843 0.994911
vn -0.034016 0.094843 0.994911
vn -0.034016 0.094843 0.994911
vn -0.034016 0.094843 0.994911
vn -0.034016 0.094843 0.994911
vn -0.034016 0.094843 0.994911
vn -0.034016 0.094843 0.994911
vn -0.034016 0.094843 0.994911
vn -0.034016 0.094843 0.994911
vn -0.034016 0.094843 0.994911
vn -0.034016 0.094843 0.994911
vn -0.034016 0.094843 0.994911
vn -0.034016 0.094843 0.994911
vn -0.034016 0.094843 0.994911
vn -0.034016 0.094843 0.994911
vn -0.034016 0.094843 0.994911
vn -0.034016 0.094843 0.994911
vn -0.034016 0.094843 0.994911
vn -0.034016 0.094843 0.994911
vn -0.034016 0.094843 0.994911
vn -0.034016 0.094843 0.994911
vn -0.034016 0.094843 0.994911
vn -0.034016 0.094843 0.994911
vn -0.034016 0.094843 0.994911
vn -0.034016 0.094843 0.994911
vn -0.034016 0.094843 0.994911
vn -0.034016 0.094843 0.994911
vn -0.034016 0.094843 0.994911
vn -0.034016 0.094843 0.994911
vn -0.034016 0.094843 0.994911
vn -0.034016 0.094843 0.994911
vn -0.034016 0.094843 0.994911
vn -0.034016 0.094843 0.994911
vn -0.034016 0.094843 0.994911
vn -0.034016 0.094843 0.994911
vn -0.034016 0.094843 0.994911
vn -0.034016 0.094843 0.994911
vn -0.034016 0.094843 0.994911
vn -0.034016 0.094843 0.994911
vn -0.034016 0.094843 0.994911
vn -0.034016 0.094843 0.994911
vn -0.045006 0.094800 0.994478
vn -0.034016 0.094843 0.994911
vn -0.034016 0.094843 0.994911
vn -0.034016 0.094843 0.994911
vn -0.034016 0.094843 0.994911
vn -0.034016 0.094843 0.994911
vn -0.034016 0.094843 0.994911
vn -0.034016 0.094843 0.994911
vn -0.034016 0.094843 0.994911
vn -0.034016 0.094843 0.994911
vn -0.034016 0.094843 0.994911
vn -0.034016 0.094843 0.994911
vn -0.034016 0.094843 0.994911
vn -0.034016 0.094843 0.994911
vn -0.034016 0.094843 0.994911
vn -0.034016 0.094843 0.994911
vn -0.034016 0.094843 0.994911
vn -0.034016 0.094843 0.994911
vn -0.034016 0.094843 0.994911
vn -0.034016 0.094843 0.994911
vn -0.034016 0.094843 0.994911
vn -0.034016 0.094843 0.994911
vn -0.034016 0.094843 0.994911
vn -0.034016 0.094843 0.994911
vn -0.034016 0.094843 0.994911
vn -0.034016 0.094843 0.994911
vn -0.034016 0.094843 0.994911
vn -0.034016 0.094843 0.994911
vn -0.034016 0.094843 0.994911
vn -0.034016 0.094843 0.994911
vn -0.034016 0.094843 0.994911
vn -0.034016 0.094843 0.994911
vn -0.034016 0.094843 0.994911
vn -0.034016 0.094843 0.994911
vn -0.034016 0.094843 0.994911
vn -0.034016 0.094843 0.994911
vn -0.034016 0.094843 0.994911
vn -0.034016 0.094843 0.994911
vn -0.034016 0.094843 0.994911
vn -0.034016 0.094843 0.994911
vn -0.034016 0.094843 0.994911
vn -0.034016 0.094843 0.994911
vn -0.034016 0.094843 0.994911
vn -0.034016 0.094843 0.994911
vn -0.034016 0.094843 0.994911
vn -0.034016 0.094843 0.994911
vn -0.034016 0.094843 0.994911
vn -0.034016 0.094843 0.994911
vn -0.034016 0.094843 0.994911
vn -0.034016 0.094843 0.994911
vn -0.034016 0.094843 0.994911
vn -0.034016 0.094843 0.994911
vn -0.034016 0.094843 0.994911
vn -0.090493 -0.002924 0.995893
vn -0.034016 0.094843 0.994911
vn -0.034016 0.094843 0.994911
vn -0.034016 0.094843 0.994911
vn -0.034016 0.094843 0.994911
vn -0.034016 0.094843 0.994911
vn -0.034016 0.094843 0.994911
vn -0.034016 0.094843 0.994911
vn -0.034016 0.094843 0.994911
vn -0.034016 0.094843 0.994911
vn -0.034016 0.094843 0.994911
vn -0.034016 0.094843 0.994911
vn -0.034016 0.094843 0.994911
vn -0.034016 0.094843 0.994911
vn -0.034016 0.094843 0.994911
vn -0.034016 0.094843 0.994911
vn -0.034016 0.094843 0.994911
vn -0.034016 0.094843 0.994911
vn -0.034016 0.094843 0.994911
vn -0.034016 0.094843 0.994911
vn -0.034016 0.094843 0.994911
vn -0.034016 0.094843 0.994911
vn -0.034016 0.094843 0.994911
vn -0.034016 0.094843 0.994911
vn -0.034016 0.094843 0.994911
vn -0.034016 0.094843 0.994911
vn -0.034016 0.094843 0.994911
vn -0.034016 0.094843 0.994911
vn -0.034016 0.094843 0.994911
vn -0.034016 0.094843 0.994911
vn -0.034016 0.094843 0.994911
vn -0.034016 0.094843 0.994911
vn -0.034016 0.094843 0.994911
vn -0.034016 0.094843 0.994911
vn -0.034016 0.094843 0.994911
vn -0.034016 0.094843 0.994911
vn -0.034016 0.094843 0.994911
vn -0.034016 0.094843 0.994911
vn -0.034016 0.094843 0.994911
vn -0.034016 0.094843 0.994911
vn -0.034016 0.094843 0.994911
vn -0.034016 0.094843 0.994911
vn -0.034016 0.094843 0.994911
vn -0.034016 0.094843 0.994911
vn -0.035779 0.063836 0.997319
vn -0.090493 -0.002924 0.995893
vn -0.090493 -0.002924 0.995893
vn -0.035779 0.063836 0.997319
vn -0.061904 0.005543 0.998067
vn -0.034016 0.094843 0.994911
vn -0.034016 0.094843 0.994911
vn -0.035779 0.063836 0.997319
vn -0.035779 0.063836 0.997319
vn -0.034016 0.094843 0.994911
vn -0.034016 0.094843 0.994911
vn -0.034016 0.094843 0.994911
vn -0.034016 0.094843 0.994911
vn -0.034016 0.094843 0.994911
vn -0.034016 0.094843 0.994911
vn -0.034016 0.094843 0.994911
vn -0.034016 0.094843 0.994911
vn -0.034016 0.094843 0.994911
vn -0.034016 0.094843 0.994911
vn -0.034016 0.094843 0.994911
vn -0.034016 0.094843 0.994911
vn -0.034016 0.094843 0.994911
vn -0.034016 0.094843 0.994911
vn -0.034016 0.094843 0.994911
vn -0.034016 0.094843 0.994911
vn -0.034016 0.094843 0.994911
vn -0.034016 0.094843 0.994911
vn -0.034016 0.094843 0.994911
vn -0.034016 0.094843 0.994911
vn -0.034016 0.094843 0.994911
vn -0.034016 0.094843 0.994911
vn -0.034016 0.094843 0.994911
vn -0.034016 0.094843 0.994911
vn -0.034016 0.094843 0.994911
vn -0.034016 0.094843 0.994911
vn -0.034016 0.094843 0.994911
vn -0.034016 0.094843 0.994911
vn -0.034016 0.094843 0.994911
vn -0.034016 0.094843 0.994911
vn -0.034016 0.094843 0.994911
vn -0.034016 0.094843 0.994911
vn -0.034016 0.094843 0.994911
vn -0.034016 0.094843 0.994911
vn -0.034016 0.094843 0.994911
vn -0.034016 0.094843 0.994911
vn -0.034016 0.094843 0.994911
vn -0.034016 0.094843 0.994911
vn 0.016506 0.070360 0.997385
vn -0.018661 0.073563 0.997116
vn -0.026596 0.082495 0.996237
vn -0.026596 0.082495 0.996237
vn -0.018661 0.073563 0.997116
vn -0.034016 0.094843 0.994911
vn -0.018661 0.073563 0.997116
vn -0.034016 0.094843 0.994911
vn -0.034016 0.094843 0.994911
vn -0.034016 0.094843 0.994911
vn -0.034016 0.094843 0.994911
vn -0.034016 0.094843 0.994911
vn -0.034016 0.094843 0.994911
vn -0.034016 0.094843 0.994911
vn -0.034016 0.094843 0.994911
vn -0.034016 0.094843 0.994911
vn -0.034016 0.094843 0.994911
vn -0.034016 0.094843 0.994911
vn -0.034016 0.094843 0.994911
vn -0.034016 0.094843 0.994911
vn -0.034016 0.094843 0.994911
vn -0.034016 0.094843 0.994911
vn -0.034016 0.094843 0.994911
vn -0.034016 0.094843 0.994911
vn -0.034016 0.094843 0.994911
vn -0.034016 0.094843 0.994911
vn -0.034016 0.094843 0.994911
vn -0.034016 0.094843 0.994911
vn -0.034016 0.094843 0.994911
vn -0.034016 0.094843 0.994911
vn -0.034016 0.094843 0.994911
vn -0.034016 0.094843 0.994911
vn -0.034016 0.094843 0.994911
vn -0.034016 0.094843 0.994911
vn -0.034016 0.094843 0.994911
vn -0.034016 0.094843 0.994911
vn -0.034016 0.094843 0.994911
vn -0.034016 0.094843 0.994911
vn -0.034016 0.094843 0.994911
vn -0.034016 0.094843 0.994911
vn -0.034016 0.094843 0.994911
vn -0.034016 0.094843 0.994911
vn -0.034016 0.094843 0.994911
vn -0.034016 0.094843 0.994911
vn -0.034016 0.094843 0.994911
vn -0.034016 0.094843 0.994911
vn -0.034016 0.094843 0.994911
vn -0.034016 0.094843 0.994911
vn -0.034016 0.094843 0.994911
vn -0.034016 0.094843 0.994911
vn -0.026596 0.082495 0.996237
vn -0.026596 0.082495 0.996237
vn -0.034016 0.094843 0.994911
vn -0.034016 0.094843 0.994911
vn -0.034016 0.094843 0.994911
vn -0.034016 0.094843 0.994911
vn -0.034016 0.094843 0.994911
vn -0.034016 0.094843 0.994911
vn -0.034016 0.094843 0.994911
vn -0.034016 0.094843 0.994911
vn -0.034016 0.094843 0.994911
vn -0.034016 0.094843 0.994911
vn -0.034016 0.094843 0.994911
vn -0.034016 0.094843 0.994911
vn -0.034016 0.094843 0.994911
vn -0.034016 0.094843 0.994911
vn -0.034016 0.094843 0.994911
vn -0.034016 0.094843 0.994911
vn -0.034016 0.094843 0.994911
vn -0.034016 0.094843 0.994911
vn -0.034016 0.094843 0.994911
vn -0.034016 0.094843 0.994911
vn -0.034016 0.094843 0.994911
vn -0.034016 0.094843 0.994911
vn -0.034016 0.094843 0.994911
vn -0.034016 0.094843 0.994911
vn -0.034016 0.094843 0.994911
vn -0.034016 0.094843 0.994911
vn -0.034016 0.094843 0.994911
vn -0.034016 0.094843 0.994911
vn -0.034016 0.094843 0.994911
vn -0.034016 0.094843 0.994911
vn -0.034016 0.094843 0.994911
vn -0.034016 0.094843 0.994911
vn -0.034016 0.094843 0.994911
vn -0.034016 0.094843 0.994911
vn -0.034016 0.094843 0.994911
vn -0.034016 0.094843 0.994911
vn -0.034016 0.094843 0.994911
vn -0.034016 0.094843 0.994911
vn -0.034016 0.094843 0.994911
vn -0.034016 0.094843 0.994911
vn -0.034016 0.094843 0.994911
vn -0.034016 0.094843 0.994911
vn -0.034016 0.094843 0.994911
vn -0.034016 0.094843 0.994911
vn -0.034016 0.094843 0.994911
vn -0.034016 0.094843 0.994911
vn -0.034016 0.094843 0.994911
vn -0.034016 0.094843 0.994911
vn -0.034016 0.094843 0.994911
vn -0.034007 0.123734 0.991733
vn -0.034016 0.094843 0.994911
vn -0.034016 0.094843 0.994911
vn -0.034016 0.094843 0.994911
vn -0.034016 0.094843 0.994911
vn -0.034016 0.094843 0.994911
vn -0.034016 0.094843 0.994911
vn -0.034016 0.094843 0.994911
vn -0.034016 0.094843 0.994911
vn -0.034016 0.094843 0.994911
vn -0.034016 0.094843 0.994911
vn -0.034016 0.094843 0.994911
vn -0.034016 0.094843 0.994911
vn -0.034016 0.094843 0.994911
vn -0.034016 0.094843 0.994911
vn -0.034016 0.094843 0.994911
vn -0.034016 0.094843 0.994911
vn -0.034016 0.094843 0.994911
vn -0.034016 0.094843 0.994911
vn -0.034016 0.094843 0.994911
vn -0.034016 0.094843 0.994911
vn -0.034016 0.094843 0.994911
vn -0.034016 0.094843 0.994911
vn -0.034016 0.094843 0.994911
vn -0.034016 0.094843 0.994911
vn -0.034016 0.094843 0.994911
vn -0.034016 0.094843 0.994911
vn -0.034016 0.094843 0.994911
vn -0.034016 0.094843 0.994911
vn -0.034016 0.094843 0.994911
vn -0.034016 0.094843 0.994911
vn -0.034016 0.094843 0.994911
vn -0.034016 0.094843 0.994911
vn -0.034016 0.094843 0.994911
vn -0.034016 0.094843 0.994911
vn -0.034016 0.094843 0.994911
vn -0.034016 0.094843 0.994911
vn -0.034016 0.094843 0.994911
vn -0.034016 0.094843 0.994911
vn -0.034016 0.094843 0.994911
vn -0.034016 0.094843 0.994911
vn -0.034016 0.094843 0.994911
vn -0.052795 0.094762 0.994099
vn -0.034016 0.094843 0.994911
vn -0.034007 0.123705 0.991736
vn -0.034007 0.123734 0.991733
vn -0.034007 0.123734 0.991733
vn -0.034007 0.123705 0.991736
vn -0.033997 0.133997 0.990398
vn -0.034016 0.094843 0.994911
vn -0.034016 0.094843 0.994911
vn -0.034016 0.094843 0.994911
vn -0.034016 0.094843 0.994911
vn -0.034016 0.094843 0.994911
vn -0.034007 0.123705 0.991736
vn -0.034016 0.094843 0.994911
vn -0.034016 0.094843 0.994911
vn -0.034016 0.094843 0.994911
vn -0.034016 0.094843 0.994911
vn -0.034016 0.094843 0.994911
vn -0.034016 0.094843 0.994911
vn -0.034016 0.094843 0.994911
vn -0.034016 0.094843 0.994911
vn -0.034016 0.094843 0.994911
vn -0.034016 0.094843 0.994911
vn -0.034016 0.094843 0.994911
vn -0.034016 0.094843 0.994911
vn -0.034016 0.094843 0.994911
vn -0.034016 0.094843 0.994911
vn -0.034016 0.094843 0.994911
vn -0.034016 0.094843 0.994911
vn -0.034016 0.094843 0.994911
vn -0.034016 0.094843 0.994911
vn -0.034016 0.094843 0.994911
vn -0.034016 0.094843 0.994911
vn -0.034016 0.094843 0.994911
vn -0.034016 0.094843 0.994911
vn -0.034016 0.094843 0.994911
vn -0.034016 0.094843 0.994911
vn -0.034016 0.094843 0.994911
vn -0.034016 0.094843 0.994911
vn -0.034016 0.094843 0.994911
vn -0.034016 0.094843 0.994911
vn -0.034016 0.094843 0.994911
vn -0.055256 0.094749 0.993967
vn -0.034016 0.094843 0.994911
vn -0.052795 0.094762 0.994099
vn -0.055256 0.094749 0.993967
vn -0.055256 0.094749 0.993967
vn -0.052795 0.094762 0.994099
vn -0.062452 0.094708 0.993544
vn 0.971963 0.234885 0.010840
vn 0.971817 0.235489 0.010778
vn 0.970947 0.239069 0.010407
vn 0.970947 0.239069 0.010407
vn 0.971817 0.235489 0.010778
vn 0.970947 0.239069 0.010407
vn 0.971963 0.234885 0.010840
vn 0.973125 0.229997 0.011346
vn 0.971817 0.235489 0.010778
vn 0.971817 0.235489 0.010778
vn 0.973125 0.229997 0.011346
vn 0.973125 0.229997 0.011346
vn 0.973125 0.229997 0.011346
vn 0.463052 0.883687 -0.068409
vn 0.973125 0.229997 0.011346
vn 0.973125 0.229997 0.011346
vn 0.463052 0.883687 -0.068409
vn 0.463052 0.883687 -0.068409
vn 0.463052 0.883687 -0.068409
vn -0.244815 0.964368 -0.100302
vn 0.463052 0.883687 -0.068409
vn 0.463052 0.883687 -0.068409
vn -0.244815 0.964368 -0.100302
vn -0.244815 0.964368 -0.100302
vn -0.244815 0.964368 -0.100302
vn 0.932467 0.361247 -0.002556
vn -0.244815 0.964368 -0.100302
vn -0.244815 0.964368 -0.100302
vn 0.932467 0.361247 -0.002556
vn 0.932467 0.361247 -0.002556
vn 0.932467 0.361247 -0.002556
vn 0.999074 -0.023008 0.036352
vn 0.932467 0.361247 -0.002556
vn 0.932467 0.361247 -0.002556
vn 0.999074 -0.023008 0.036352
vn 0.999074 -0.023008 0.036352
vn 0.999074 -0.023008 0.036352
vn 0.060447 0.993860 -0.092676
vn 0.999074 -0.023008 0.036352
vn 0.999074 -0.023008 0.036352
vn 0.060447 0.993860 -0.092676
vn 0.060393 0.993863 -0.092678
vn 0.060947 0.993831 -0.092656
vn 0.060946 0.993831 -0.092656
vn 0.060447 0.993860 -0.092676
vn 0.060447 0.993860 -0.092676
vn 0.060946 0.993831 -0.092656
vn 0.060393 0.993863 -0.092678
vn 0.033997 -0.133997 -0.990398
vn 0.034007 -0.123705 -0.991736
vn 0.034007 -0.123734 -0.991733
vn 0.034007 -0.123734 -0.991733
vn 0.034007 -0.123705 -0.991736
vn 0.034016 -0.094843 -0.994911
vn 0.034007 -0.123705 -0.991736
vn 0.034016 -0.094843 -0.994911
vn 0.034016 -0.094843 -0.994911
vn 0.034016 -0.094843 -0.994911
vn 0.034016 -0.094843 -0.994911
vn 0.034016 -0.094843 -0.994911
vn 0.034016 -0.094843 -0.994911
vn 0.034016 -0.094843 -0.994911
vn 0.034016 -0.094843 -0.994911
vn 0.034016 -0.094843 -0.994911
vn 0.034016 -0.094843 -0.994911
vn 0.034016 -0.094843 -0.994911
vn 0.034016 -0.094843 -0.994911
vn 0.034016 -0.094843 -0.994911
vn 0.034016 -0.094843 -0.994911
vn 0.034016 -0.094843 -0.994911
vn 0.034016 -0.094843 -0.994911
vn 0.034016 -0.094843 -0.994911
vn 0.034016 -0.094843 -0.994911
vn 0.034016 -0.094843 -0.994911
vn 0.034016 -0.094843 -0.994911
vn 0.034016 -0.094843 -0.994911
vn 0.034016 -0.094843 -0.994911
vn 0.034016 -0.094843 -0.994911
vn 0.034016 -0.094843 -0.994911
vn 0.034016 -0.094843 -0.994911
vn 0.034016 -0.094843 -0.994911
vn 0.034016 -0.094843 -0.994911
vn 0.034016 -0.094843 -0.994911
vn 0.034016 -0.094843 -0.994911
vn 0.055256 -0.094749 -0.993967
vn 0.034016 -0.094843 -0.994911
vn 0.034016 -0.094843 -0.994911
vn 0.034016 -0.094843 -0.994911
vn 0.034016 -0.094843 -0.994911
vn 0.034016 -0.094843 -0.994911
vn 0.062452 -0.094708 -0.993544
vn 0.052795 -0.094762 -0.994099
vn 0.055256 -0.094749 -0.993967
vn 0.055256 -0.094749 -0.993967
vn 0.052795 -0.094762 -0.994099
vn 0.034016 -0.094843 -0.994911
vn 0.034007 -0.123734 -0.991733
vn 0.034016 -0.094843 -0.994911
vn 0.034016 -0.094843 -0.994911
vn 0.034016 -0.094843 -0.994911
vn 0.034016 -0.094843 -0.994911
vn 0.034016 -0.094843 -0.994911
vn 0.034016 -0.094843 -0.994911
vn 0.034016 -0.094843 -0.994911
vn 0.034016 -0.094843 -0.994911
vn 0.034016 -0.094843 -0.994911
vn 0.034016 -0.094843 -0.994911
vn 0.034016 -0.094843 -0.994911
vn 0.034016 -0.094843 -0.994911
vn 0.034016 -0.094843 -0.994911
vn 0.034016 -0.094843 -0.994911
vn 0.034016 -0.094843 -0.994911
vn 0.034016 -0.094843 -0.994911
vn 0.034016 -0.094843 -0.994911
vn 0.034016 -0.094843 -0.994911
vn 0.034016 -0.094843 -0.994911
vn 0.034016 -0.094843 -0.994911
vn 0.034016 -0.094843 -0.994911
vn 0.034016 -0.094843 -0.994911
vn 0.034016 -0.094843 -0.994911
vn 0.034016 -0.094843 -0.994911
vn 0.034016 -0.094843 -0.994911
vn 0.034016 -0.094843 -0.994911
vn 0.034016 -0.094843 -0.994911
vn 0.034016 -0.094843 -0.994911
vn 0.034016 -0.094843 -0.994911
vn 0.034016 -0.094843 -0.994911
vn 0.034016 -0.094843 -0.994911
vn 0.034016 -0.094843 -0.994911
vn 0.034016 -0.094843 -0.994911
vn 0.034016 -0.094843 -0.994911
vn 0.034016 -0.094843 -0.994911
vn 0.034016 -0.094843 -0.994911
vn 0.034016 -0.094843 -0.994911
vn 0.034016 -0.094843 -0.994911
vn 0.034016 -0.094843 -0.994911
vn 0.034016 -0.094843 -0.994911
vn 0.034016 -0.094843 -0.994911
vn 0.052795 -0.094762 -0.994099
vn 0.034016 -0.094843 -0.994911
vn 0.034016 -0.094843 -0.994911
vn 0.034016 -0.094843 -0.994911
vn 0.034016 -0.094843 -0.994911
vn 0.034016 -0.094843 -0.994911
vn 0.034016 -0.094843 -0.994911
vn 0.034016 -0.094843 -0.994911
vn 0.026596 -0.082495 -0.996237
vn 0.026596 -0.082495 -0.996237
vn 0.034016 -0.094843 -0.994911
vn 0.034016 -0.094843 -0.994911
vn 0.034016 -0.094843 -0.994911
vn 0.034016 -0.094843 -0.994911
vn 0.034016 -0.094843 -0.994911
vn 0.034016 -0.094843 -0.994911
vn 0.034016 -0.094843 -0.994911
vn 0.034016 -0.094843 -0.994911
vn 0.034016 -0.094843 -0.994911
vn 0.034016 -0.094843 -0.994911
vn 0.034016 -0.094843 -0.994911
vn 0.034016 -0.094843 -0.994911
vn 0.034016 -0.094843 -0.994911
vn 0.034016 -0.094843 -0.994911
vn 0.034016 -0.094843 -0.994911
vn 0.034016 -0.094843 -0.994911
vn 0.034016 -0.094843 -0.994911
vn 0.034016 -0.094843 -0.994911
vn 0.034016 -0.094843 -0.994911
vn 0.034016 -0.094843 -0.994911
vn 0.034016 -0.094843 -0.994911
vn 0.034016 -0.094843 -0.994911
vn 0.034016 -0.094843 -0.994911
vn 0.034016 -0.094843 -0.994911
vn 0.034016 -0.094843 -0.994911
vn 0.034016 -0.094843 -0.994911
vn 0.034016 -0.094843 -0.994911
vn 0.034016 -0.094843 -0.994911
vn 0.034016 -0.094843 -0.994911
vn 0.034016 -0.094843 -0.994911
vn 0.034016 -0.094843 -0.994911
vn 0.034016 -0.094843 -0.994911
vn 0.034016 -0.094843 -0.994911
vn 0.034016 -0.094843 -0.994911
vn 0.034016 -0.094843 -0.994911
vn 0.034016 -0.094843 -0.994911
vn 0.034016 -0.094843 -0.994911
vn 0.034016 -0.094843 -0.994911
vn 0.034016 -0.094843 -0.994911
vn 0.034016 -0.094843 -0.994911
vn 0.034016 -0.094843 -0.994911
vn 0.034016 -0.094843 -0.994911
vn 0.034016 -0.094843 -0.994911
vn 0.034016 -0.094843 -0.994911
vn 0.034016 -0.094843 -0.994911
vn 0.018661 -0.073562 -0.997116
vn 0.026596 -0.082495 -0.996237
vn 0.026596 -0.082495 -0.996237
vn 0.018661 -0.073562 -0.997116
vn -0.016506 -0.070360 -0.997385
vn 0.034016 -0.094843 -0.994911
vn 0.034016 -0.094843 -0.994911
vn 0.034016 -0.094843 -0.994911
vn 0.034016 -0.094843 -0.994911
vn 0.034016 -0.094843 -0.994911
vn 0.018661 -0.073562 -0.997116
vn 0.034016 -0.094843 -0.994911
vn 0.034016 -0.094843 -0.994911
vn 0.034016 -0.094843 -0.994911
vn 0.034016 -0.094843 -0.994911
vn 0.034016 -0.094843 -0.994911
vn 0.034016 -0.094843 -0.994911
vn 0.034016 -0.094843 -0.994911
vn 0.034016 -0.094843 -0.994911
vn 0.034016 -0.094843 -0.994911
vn 0.034016 -0.094843 -0.994911
vn 0.034016 -0.094843 -0.994911
vn 0.034016 -0.094843 -0.994911
vn 0.034016 -0.094843 -0.994911
vn 0.034016 -0.094843 -0.994911
vn 0.034016 -0.094843 -0.994911
vn 0.034016 -0.094843 -0.994911
vn 0.034016 -0.094843 -0.994911
vn 0.034016 -0.094843 -0.994911
vn 0.034016 -0.094843 -0.994911
vn 0.034016 -0.094843 -0.994911
vn 0.034016 -0.094843 -0.994911
vn 0.034016 -0.094843 -0.994911
vn 0.034016 -0.094843 -0.994911
vn 0.034016 -0.094843 -0.994911
vn 0.034016 -0.094843 -0.994911
vn 0.034016 -0.094843 -0.994911
vn 0.034016 -0.094843 -0.994911
vn 0.034016 -0.094843 -0.994911
vn 0.034016 -0.094843 -0.994911
vn 0.034016 -0.094843 -0.994911
vn 0.034016 -0.094843 -0.994911
vn 0.034016 -0.094843 -0.994911
vn 0.034016 -0.094843 -0.994911
vn 0.034016 -0.094843 -0.994911
vn 0.034016 -0.094843 -0.994911
vn 0.034016 -0.094843 -0.994911
vn 0.061904 -0.005543 -0.998067
vn 0.035779 -0.063836 -0.997319
vn 0.090493 0.002924 -0.995893
vn 0.090493 0.002924 -0.995893
vn 0.035779 -0.063836 -0.997319
vn 0.034016 -0.094843 -0.994911
vn 0.035779 -0.063836 -0.997319
vn 0.034016 -0.094843 -0.994911
vn 0.034016 -0.094843 -0.994911
vn 0.034016 -0.094843 -0.994911
vn 0.034016 -0.094843 -0.994911
vn 0.034016 -0.094843 -0.994911
vn 0.034016 -0.094843 -0.994911
vn 0.034016 -0.094843 -0.994911
vn 0.034016 -0.094843 -0.994911
vn 0.034016 -0.094843 -0.994911
vn 0.034016 -0.094843 -0.994911
vn 0.034016 -0.094843 -0.994911
vn 0.034016 -0.094843 -0.994911
vn 0.034016 -0.094843 -0.994911
vn 0.034016 -0.094843 -0.994911
vn 0.034016 -0.094843 -0.994911
vn 0.034016 -0.094843 -0.994911
vn 0.034016 -0.094843 -0.994911
vn 0.034016 -0.094843 -0.994911
vn 0.034016 -0.094843 -0.994911
vn 0.034016 -0.094843 -0.994911
vn 0.034016 -0.094843 -0.994911
vn 0.034016 -0.094843 -0.994911
vn 0.034016 -0.094843 -0.994911
vn 0.034016 -0.094843 -0.994911
vn 0.034016 -0.094843 -0.994911
vn 0.034016 -0.094843 -0.994911
vn 0.034016 -0.094843 -0.994911
vn 0.034016 -0.094843 -0.994911
vn 0.034016 -0.094843 -0.994911
vn 0.034016 -0.094843 -0.994911
vn 0.034016 -0.094843 -0.994911
vn 0.034016 -0.094843 -0.994911
vn 0.034016 -0.094843 -0.994911
vn 0.034016 -0.094843 -0.994911
vn 0.034016 -0.094843 -0.994911
vn 0.034016 -0.094843 -0.994911
vn 0.034016 -0.094843 -0.994911
vn 0.034016 -0.094843 -0.994911
vn 0.034016 -0.094843 -0.994911
vn 0.034016 -0.094843 -0.994911
vn 0.034016 -0.094843 -0.994911
vn 0.090493 0.002924 -0.995893
vn 0.034016 -0.094843 -0.994911
vn 0.034016 -0.094843 -0.994911
vn 0.034016 -0.094843 -0.994911
vn 0.034016 -0.094843 -0.994911
vn 0.034016 -0.094843 -0.994911
vn 0.034016 -0.094843 -0.994911
vn 0.034016 -0.094843 -0.994911
vn 0.034016 -0.094843 -0.994911
vn 0.034016 -0.094843 -0.994911
vn 0.034016 -0.094843 -0.994911
vn 0.034016 -0.094843 -0.994911
vn 0.034016 -0.094843 -0.994911
vn 0.034016 -0.094843 -0.994911
vn 0.034016 -0.094843 -0.994911
vn 0.034016 -0.094843 -0.994911
vn 0.034016 -0.094843 -0.994911
vn 0.034016 -0.094843 -0.994911
vn 0.034016 -0.094843 -0.994911
vn 0.034016 -0.094843 -0.994911
vn 0.034016 -0.094843 -0.994911
vn 0.034016 -0.094843 -0.994911
vn 0.034016 -0.094843 -0.994911
vn 0.034016 -0.094843 -0.994911
vn 0.034016 -0.094843 -0.994911
vn 0.034016 -0.094843 -0.994911
vn 0.034016 -0.094843 -0.994911
vn 0.034016 -0.094843 -0.994911
vn 0.034016 -0.094843 -0.994911
vn 0.034016 -0.094843 -0.994911
vn 0.034016 -0.094843 -0.994911
vn 0.034016 -0.094843 -0.994911
vn 0.034016 -0.094843 -0.994911
vn 0.034016 -0.094843 -0.994911
vn 0.034016 -0.094843 -0.994911
vn 0.034016 -0.094843 -0.994911
vn 0.034016 -0.094843 -0.994911
vn 0.034016 -0.094843 -0.994911
vn 0.034016 -0.094843 -0.994911
vn 0.034016 -0.094843 -0.994911
vn 0.034016 -0.094843 -0.994911
vn 0.034016 -0.094843 -0.994911
vn 0.034016 -0.094843 -0.994911
vn 0.034016 -0.094843 -0.994911
vn 0.034016 -0.094843 -0.994911
vn 0.034016 -0.094843 -0.994911
vn 0.034016 -0.094843 -0.994911
vn 0.034016 -0.094843 -0.994911
vn 0.034016 -0.094843 -0.994911
vn 0.034016 -0.094843 -0.994911
vn 0.034016 -0.094843 -0.994911
vn 0.034016 -0.094843 -0.994911
vn 0.034016 -0.094843 -0.994911
vn 0.045006 -0.094800 -0.994478
vn 0.034016 -0.094843 -0.994911
vn 0.034016 -0.094843 -0.994911
vn 0.034016 -0.094843 -0.994911
vn 0.034016 -0.094843 -0.994911
vn 0.034016 -0.094843 -0.994911
vn 0.034016 -0.094843 -0.994911
vn 0.034016 -0.094843 -0.994911
vn 0.034016 -0.094843 -0.994911
vn 0.034016 -0.094843 -0.994911
vn 0.034016 -0.094843 -0.994911
vn 0.034016 -0.094843 -0.994911
vn 0.034016 -0.094843 -0.994911
vn 0.034016 -0.094843 -0.994911
vn 0.034016 -0.094843 -0.994911
vn 0.034016 -0.094843 -0.994911
vn 0.034016 -0.094843 -0.994911
vn 0.034016 -0.094843 -0.994911
vn 0.034016 -0.094843 -0.994911
vn 0.034016 -0.094843 -0.994911
vn 0.034016 -0.094843 -0.994911
vn 0.034016 -0.094843 -0.994911
vn 0.034016 -0.094843 -0.994911
vn 0.034016 -0.094843 -0.994911
vn 0.034016 -0.094843 -0.994911
vn 0.034016 -0.094843 -0.994911
vn 0.034016 -0.094843 -0.994911
vn 0.034016 -0.094843 -0.994911
vn 0.034016 -0.094843 -0.994911
vn 0.034016 -0.094843 -0.994911
vn 0.034016 -0.094843 -0.994911
vn 0.034016 -0.094843 -0.994911
vn 0.034016 -0.094843 -0.994911
vn 0.034016 -0.094843 -0.994911
vn 0.034016 -0.094843 -0.994911
vn 0.034016 -0.094843 -0.994911
vn 0.034016 -0.094843 -0.994911
vn 0.034016 -0.094843 -0.994911
vn 0.034016 -0.094843 -0.994911
vn 0.034016 -0.094843 -0.994911
vn 0.034016 -0.094843 -0.994911
vn 0.034016 -0.094843 -0.994911
vn 0.034016 -0.094843 -0.994911
vn 0.034016 -0.094843 -0.994911
vn 0.046262 -0.094794 -0.994421
vn 0.045006 -0.094800 -0.994478
vn 0.045006 -0.094800 -0.994478
vn 0.046262 -0.094794 -0.994421
vn 0.049979 -0.094777 -0.994243
vn 0.034016 -0.094843 -0.994911
vn 0.034016 -0.094843 -0.994911
vn 0.034016 -0.094843 -0.994911
vn 0.034016 -0.094843 -0.994911
vn 0.034016 -0.094843 -0.994911
vn 0.046262 -0.094794 -0.994421
vn 0.034016 -0.094843 -0.994911
vn 0.034016 -0.094843 -0.994911
vn 0.034016 -0.094843 -0.994911
vn 0.034016 -0.094843 -0.994911
vn 0.034016 -0.094843 -0.994911
vn 0.034016 -0.094843 -0.994911
vn 0.034016 -0.094843 -0.994911
vn 0.034016 -0.094843 -0.994911
vn 0.034016 -0.094843 -0.994911
vn 0.034016 -0.094843 -0.994911
vn 0.034016 -0.094843 -0.994911
vn 0.034016 -0.094843 -0.994911
vn 0.034016 -0.094843 -0.994911
vn 0.034016 -0.094843 -0.994911
vn 0.034016 -0.094843 -0.994911
vn 0.034016 -0.094843 -0.994911
vn 0.034016 -0.094843 -0.994911
vn 0.034016 -0.094843 -0.994911
vn 0.034016 -0.094843 -0.994911
vn 0.034016 -0.094843 -0.994911
vn 0.034016 -0.094843 -0.994911
vn 0.034016 -0.094843 -0.994911
vn 0.034016 -0.094843 -0.994911
vn 0.034016 -0.094843 -0.994911
vn 0.034016 -0.094843 -0.994911
vn 0.034016 -0.094843 -0.994911
vn 0.034016 -0.094843 -0.994911
vn 0.034016 -0.094843 -0.994911
vn 0.034016 -0.094843 -0.994911
vn 0.034016 -0.094843 -0.994911
vn 0.034016 -0.094843 -0.994911
vn 0.034016 -0.094843 -0.994911
vn 0.034016 -0.094843 -0.994911
vn 0.034016 -0.094843 -0.994911
vn 0.034016 -0.094843 -0.994911
vn 0.034016 -0.094843 -0.994911
vn -0.020286 -0.995347 0.094191
vn -0.066812 -0.993476 0.092422
vn -0.020286 -0.995347 0.094191
vn -0.020286 -0.995347 0.094191
vn -0.066812 -0.993476 0.092422
vn -0.069882 -0.993276 0.092298
vn -0.066812 -0.993476 0.092422
vn -0.227407 -0.970109 0.084704
vn -0.069882 -0.993276 0.092298
vn -0.069882 -0.993276 0.092298
vn -0.227407 -0.970109 0.084704
vn -0.227407 -0.970109 0.084704
vn -0.227407 -0.970109 0.084704
vn -0.988015 -0.153164 -0.019180
vn -0.227407 -0.970109 0.084704
vn -0.227407 -0.970109 0.084704
vn -0.988015 -0.153164 -0.019180
vn -0.988015 -0.153164 -0.019180
vn -0.988015 -0.153164 -0.019180
vn -0.973125 -0.229998 -0.011346
vn -0.988015 -0.153164 -0.019180
vn -0.988015 -0.153164 -0.019180
vn -0.973125 -0.229998 -0.011346
vn -0.973125 -0.229998 -0.011346
vn -0.973125 -0.229998 -0.011346
vn 0.380273 -0.919382 0.100645
vn -0.973125 -0.229998 -0.011346
vn -0.973125 -0.229998 -0.011346
vn 0.380273 -0.919382 0.100645
vn 0.380273 -0.919382 0.100645
vn 0.380273 -0.919382 0.100645
vn -0.706572 -0.706322 0.043175
vn 0.380273 -0.919382 0.100645
vn 0.380273 -0.919382 0.100645
vn -0.706572 -0.706322 0.043175
vn -0.706573 -0.706322 0.043175
vn -0.706572 -0.706322 0.043175
vn -0.993250 -0.113667 -0.023124
vn -0.706573 -0.706322 0.043175
vn -0.706573 -0.706322 0.043175
vn -0.993250 -0.113667 -0.023124
vn -0.993250 -0.113667 -0.023124
vn -0.993250 -0.113667 -0.023124
vn -0.997233 -0.069064 -0.027512
vn -0.993250 -0.113667 -0.023124
vn -0.993250 -0.113667 -0.023124
vn -0.997233 -0.069064 -0.027512
vn -0.997233 -0.069064 -0.027512
vn 0.924307 -0.375648 0.067412
vn 0.924307 -0.375648 0.067412
vn 0.936902 -0.343538 0.064782
vn 0.936902 -0.343538 0.064782
vn 0.924307 -0.375648 0.067412
vn 0.936902 -0.343537 0.064782
vn 0.936902 -0.343538 0.064782
vn 0.936902 -0.343537 0.064782
vn 0.820816 -0.565284 0.081951
vn 0.820816 -0.565284 0.081951
vn 0.936902 -0.343537 0.064782
vn 0.820816 -0.565284 0.081951
vn 0.820816 -0.565284 0.081951
vn 0.820816 -0.565284 0.081951
vn 0.228870 -0.968293 0.100131
vn 0.228870 -0.968293 0.100131
vn 0.820816 -0.565284 0.081951
vn 0.228870 -0.968294 0.100131
vn 0.228870 -0.968293 0.100131
vn 0.228870 -0.968294 0.100131
vn -0.137529 -0.986461 0.089335
vn -0.137529 -0.986461 0.089335
vn 0.228870 -0.968294 0.100131
vn -0.137529 -0.986461 0.089335
vn 0.997083 0.071280 0.027295
vn 0.997083 0.071280 0.027295
vn 0.995645 -0.083236 0.041976
vn 0.995645 -0.083236 0.041976
vn 0.997083 0.071280 0.027295
vn 0.995645 -0.083236 0.041976
vn 0.995645 -0.083236 0.041976
vn 0.995645 -0.083236 0.041976
vn 0.224166 -0.969399 0.100075
vn 0.224166 -0.969399 0.100075
vn 0.995645 -0.083236 0.041976
vn 0.224166 -0.969399 0.100075
vn 0.224166 -0.969399 0.100075
vn 0.224166 -0.969399 0.100075
vn 0.397154 -0.912228 0.100540
vn 0.397154 -0.912228 0.100540
vn 0.224166 -0.969399 0.100075
vn 0.386847 -0.916639 0.100608
vn 0.386847 -0.916639 0.100608
vn 0.493098 -0.864294 0.099251
vn 0.397154 -0.912228 0.100540
vn 0.397154 -0.912228 0.100540
vn 0.493098 -0.864294 0.099251
vn 0.493098 -0.864294 0.099251
vn -0.461117 0.881707 -0.099817
vn -0.461116 0.881708 -0.099817
vn -0.407238 0.907780 -0.100461
vn -0.407238 0.907780 -0.100461
vn -0.461116 0.881708 -0.099817
vn -0.403857 0.909286 -0.100489
vn -0.407238 0.907780 -0.100461
vn -0.403857 0.909286 -0.100489
vn -0.965028 0.255792 -0.057379
vn -0.965028 0.255792 -0.057379
vn -0.403857 0.909286 -0.100489
vn -0.965027 0.255792 -0.057379
vn -0.965028 0.255792 -0.057379
vn -0.965027 0.255792 -0.057379
vn -0.981519 -0.190747 -0.015375
vn -0.981519 -0.190747 -0.015375
vn -0.965027 0.255792 -0.057379
vn -0.987748 -0.154898 -0.019005
vn -0.981519 -0.190747 -0.015375
vn -0.987748 -0.154898 -0.019005
vn -0.420644 0.901660 -0.100336
vn -0.420644 0.901660 -0.100336
vn -0.987748 -0.154898 -0.019005
vn -0.173036 0.979894 -0.099328
vn 0.467978 0.881121 -0.067995
vn -0.095377 0.990636 -0.097696
vn 0.464366 0.883006 -0.068299
vn 0.464366 0.883006 -0.068299
vn -0.095377 0.990636 -0.097696
vn -0.198669 0.974979 -0.099736
vn -0.198669 0.974979 -0.099736
vn -0.095377 0.990636 -0.097696
vn -0.974036 0.219794 -0.054255
vn -0.974036 0.219794 -0.054255
vn -0.095377 0.990636 -0.097696
vn -0.974036 0.219794 -0.054255
vn -0.974036 0.219794 -0.054255
vn -0.974036 0.219794 -0.054255
vn -0.969066 0.240355 -0.056045
vn -0.969066 0.240355 -0.056045
vn -0.974036 0.219794 -0.054255
vn -0.970391 0.235056 -0.055585
vn -0.970391 0.235056 -0.055585
vn -0.960430 0.272245 -0.058790
vn -0.969066 0.240355 -0.056045
vn -0.969066 0.240355 -0.056045
vn -0.960430 0.272245 -0.058790
vn -0.960430 0.272245 -0.058790
vn -0.173036 0.979894 -0.099328
vn 0.467978 0.881121 -0.067995
vn -0.420644 0.901660 -0.100336
vn -0.420644 0.901660 -0.100336
vn 0.467978 0.881121 -0.067995
vn 0.464366 0.883006 -0.068299
vn 0.018661 -0.073562 -0.997116
vn 0.035779 -0.063836 -0.997319
vn -0.016506 -0.070360 -0.997385
vn -0.016506 -0.070360 -0.997385
vn 0.035779 -0.063836 -0.997319
vn 0.061904 -0.005543 -0.998067
vn 0.018661 -0.073562 -0.997116
vn 0.034016 -0.094843 -0.994911
vn 0.035779 -0.063836 -0.997319
vn 0.035779 -0.063836 -0.997319
vn 0.034016 -0.094843 -0.994911
vn 0.034016 -0.094843 -0.994911
vn 0.034016 -0.094843 -0.994911
vn 0.034016 -0.094843 -0.994911
vn 0.034016 -0.094843 -0.994911
vn 0.034016 -0.094843 -0.994911
vn 0.034016 -0.094843 -0.994911
vn 0.034016 -0.094843 -0.994911
vn 0.034016 -0.094843 -0.994911
vn 0.034016 -0.094843 -0.994911
vn 0.034016 -0.094843 -0.994911
vn 0.034016 -0.094843 -0.994911
vn 0.034016 -0.094843 -0.994911
vn 0.034016 -0.094843 -0.994911
vn 0.034016 -0.094843 -0.994911
vn 0.034016 -0.094843 -0.994911
vn 0.034016 -0.094843 -0.994911
vn 0.034016 -0.094843 -0.994911
vn 0.034016 -0.094843 -0.994911
vn 0.034016 -0.094843 -0.994911
vn 0.034016 -0.094843 -0.994911
vn 0.034016 -0.094843 -0.994911
vn 0.034016 -0.094843 -0.994911
vn 0.034016 -0.094843 -0.994911
vn 0.034016 -0.094843 -0.994911
vn 0.034016 -0.094843 -0.994911
vn 0.034016 -0.094843 -0.994911
vn 0.034016 -0.094843 -0.994911
vn 0.034016 -0.094843 -0.994911
vn 0.034016 -0.094843 -0.994911
vn 0.034016 -0.094843 -0.994911
vn 0.034016 -0.094843 -0.994911
vn 0.034016 -0.094843 -0.994911
vn 0.034016 -0.094843 -0.994911
vn 0.034016 -0.094843 -0.994911
vn 0.034016 -0.094843 -0.994911
vn 0.034016 -0.094843 -0.994911
vn 0.034016 -0.094843 -0.994911
vn -0.137529 -0.986461 0.089335
vn -0.137529 -0.986461 0.089335
vn 0.997083 0.071280 0.027295
vn 0.997083 0.071280 0.027295
vn -0.137529 -0.986461 0.089335
vn 0.997083 0.071280 0.027295
vn -0.034016 0.094843 0.994911
vn -0.034016 0.094843 0.994911
vn -0.034016 0.094843 0.994911
vn -0.034016 0.094843 0.994911
vn -0.034016 0.094843 0.994911
vn -0.034016 0.094843 0.994911
vn -0.034016 0.094843 0.994911
vn -0.034016 0.094843 0.994911
vn -0.034016 0.094843 0.994911
vn -0.034016 0.094843 0.994911
vn -0.034016 0.094843 0.994911
vn -0.034016 0.094843 0.994911
vn -0.034016 0.094843 0.994911
vn -0.034016 0.094843 0.994911
vn -0.034016 0.094843 0.994911
vn -0.034016 0.094843 0.994911
vn -0.034016 0.094843 0.994911
vn -0.034016 0.094843 0.994911
vn -0.034016 0.094843 0.994911
vn -0.034016 0.094843 0.994911
vn -0.034016 0.094843 0.994911
vn -0.034016 0.094843 0.994911
vn -0.034016 0.094843 0.994911
vn -0.034016 0.094843 0.994911
vn -0.034016 0.094843 0.994911
vn -0.034016 0.094843 0.994911
vn -0.034016 0.094843 0.994911
vn -0.034016 0.094843 0.994911
vn -0.034016 0.094843 0.994911
vn -0.034016 0.094843 0.994911
vn -0.034016 0.094843 0.994911
vn -0.034016 0.094843 0.994911
vn -0.034016 0.094843 0.994911
vn -0.034016 0.094843 0.994911
vn -0.034016 0.094843 0.994911
vn -0.034016 0.094843 0.994911
vn -0.035779 0.063836 0.997319
vn -0.034016 0.094843 0.994911
vn -0.018661 0.073563 0.997116
vn -0.018661 0.073563 0.997116
vn -0.034016 0.094843 0.994911
vn -0.034016 0.094843 0.994911
vn -0.061904 0.005543 0.998067
vn -0.035779 0.063836 0.997319
vn 0.016506 0.070360 0.997385
vn 0.016506 0.070360 0.997385
vn -0.035779 0.063836 0.997319
vn -0.018661 0.073563 0.997116
s off
g item_bomb:group1pCube1
usemtl item_bomb:lambert10SG
f 1658/2083/9823 1659/2084/9824 1667/2085/9825
f 1667/2085/9826 1659/2084/9827 1668/2086/9828
f 1659/2084/9829 1660/2087/9830 1668/2086/9831
f 1668/2086/9832 1660/2087/9833 1669/2088/9834
f 1660/2087/9835 1661/2089/9836 1669/2088/9837
f 1669/2088/9838 1661/2089/9839 1670/2090/9840
f 1662/2091/9841 1671/2092/9842 1661/2089/9843
f 1661/2089/9844 1671/2092/9845 1670/2090/9846
f 1662/2091/9847 1663/2093/9848 1671/2092/9849
f 1671/2092/9850 1663/2093/9851 1672/2094/9852
f 1663/2093/9853 1664/2095/9854 1672/2094/9855
f 1672/2094/9856 1664/2095/9857 1673/2096/9858
f 1665/2097/9859 1674/2098/9860 1664/2095/9861
f 1664/2095/9862 1674/2098/9863 1673/2096/9864
f 1666/2099/9865 1675/2100/9866 1665/2097/9867
f 1665/2097/9868 1675/2100/9869 1674/2098/9870
f 1667/2085/9871 1668/2086/9872 1676/2101/9873
f 1676/2101/9874 1668/2086/9875 1677/2102/9876
f 1668/2086/9877 1669/2088/9878 1677/2102/9879
f 1677/2102/9880 1669/2088/9881 1678/2103/9882
f 1669/2088/9883 1670/2090/9884 1678/2103/9885
f 1678/2103/9886 1670/2090/9887 1679/2104/9888
f 1671/2092/9889 1680/2105/9890 1670/2090/9891
f 1670/2090/9892 1680/2105/9893 1679/2104/9894
f 1672/2094/9895 1681/2106/9896 1671/2092/9897
f 1671/2092/9898 1681/2106/9899 1680/2105/9900
f 1672/2094/9901 1673/2096/9902 1681/2106/9903
f 1681/2106/9904 1673/2096/9905 1682/2107/9906
f 1674/2098/9907 1683/2108/9908 1673/2096/9909
f 1673/2096/9910 1683/2108/9911 1682/2107/9912
f 1675/2100/9913 1684/2109/9914 1674/2098/9915
f 1674/2098/9916 1684/2109/9917 1683/2108/9918
f 1677/2102/9919 1686/2110/9920 1676/2101/9921
f 1676/2101/9922 1686/2110/9923 1685/2111/9924
f 1678/2103/9925 1687/2112/9926 1677/2102/9927
f 1677/2102/9928 1687/2112/9929 1686/2110/9930
f 1678/2103/9931 1679/2104/9932 1687/2112/9933
f 1687/2112/9934 1679/2104/9935 1688/2113/9936
f 1680/2105/9937 1689/2114/9938 1679/2104/9939
f 1679/2104/9940 1689/2114/9941 1688/2113/9942
f 1680/2105/9943 1681/2106/9944 1689/2114/9945
f 1689/2114/9946 1681/2106/9947 1690/2115/9948
f 1681/2106/9949 1682/2107/9950 1690/2115/9951
f 1690/2115/9952 1682/2107/9953 1691/2116/9954
f 1682/2107/9955 1683/2108/9956 1691/2116/9957
f 1691/2116/9958 1683/2108/9959 1692/2117/9960
f 1683/2108/9961 1684/2109/9962 1692/2117/9963
f 1692/2117/9964 1684/2109/9965 1693/2118/9966
f 1686/2110/9967 1837/2119/9968 1685/2111/9969
f 1685/2111/9970 1837/2119/9971 1820/2120/9972
f 1686/2110/9973 1687/2112/9974 1837/2119/9975
f 1837/2119/9976 1687/2112/9977 1836/2121/9978
f 1687/2112/9979 1688/2113/9980 1836/2121/9981
f 1836/2121/9982 1688/2113/9983 1835/2122/9984
f 1689/2114/9985 1834/2123/9986 1688/2113/9987
f 1688/2113/9988 1834/2123/9989 1835/2122/9990
f 1689/2114/9991 1690/2115/9992 1834/2123/9993
f 1834/2123/9994 1690/2115/9995 1833/2124/9996
f 1690/2115/9997 1691/2116/9998 1833/2124/9999
f 1833/2124/10000 1691/2116/10001 1832/2125/10002
f 1692/2117/10003 1831/2126/10004 1691/2116/10005
f 1691/2116/10006 1831/2126/10007 1832/2125/10008
f 1692/2117/10009 1693/2118/10010 1831/2126/10011
f 1831/2126/10012 1693/2118/10013 1830/2127/10014
f 1694/2128/10015 1695/2129/10016 1703/2130/10017
f 1703/2130/10018 1695/2129/10019 1704/2131/10020
f 1695/2129/10021 1696/2132/10022 1704/2131/10023
f 1704/2131/10024 1696/2132/10025 1705/2133/10026
f 1696/2132/10027 1697/2134/10028 1705/2133/10029
f 1705/2133/10030 1697/2134/10031 1706/2135/10032
f 1697/2134/10033 1698/2136/10034 1706/2135/10035
f 1706/2135/10036 1698/2136/10037 1707/2137/10038
f 1699/2138/10039 1708/2139/10040 1698/2136/10041
f 1698/2136/10042 1708/2139/10043 1707/2137/10044
f 1700/2140/10045 1709/2141/10046 1699/2138/10047
f 1699/2138/10048 1709/2141/10049 1708/2139/10050
f 1701/2142/10051 1710/2143/10052 1700/2140/10053
f 1700/2140/10054 1710/2143/10055 1709/2141/10056
f 1702/2144/10057 1711/2145/10058 1701/2142/10059
f 1701/2142/10060 1711/2145/10061 1710/2143/10062
f 1704/2131/10063 1713/2146/10064 1703/2130/10065
f 1703/2130/10066 1713/2146/10067 1712/2147/10068
f 1705/2133/10069 1714/2148/10070 1704/2131/10071
f 1704/2131/10072 1714/2148/10073 1713/2146/10074
f 1706/2135/10075 1715/2149/10076 1705/2133/10077
f 1705/2133/10078 1715/2149/10079 1714/2148/10080
f 1706/2135/10081 1707/2137/10082 1715/2149/10083
f 1715/2149/10084 1707/2137/10085 1716/2150/10086
f 1707/2137/10087 1708/2139/10088 1716/2150/10089
f 1716/2150/10090 1708/2139/10091 1717/2151/10092
f 1709/2141/10093 1718/2152/10094 1708/2139/10095
f 1708/2139/10096 1718/2152/10097 1717/2151/10098
f 1709/2141/10099 1710/2143/10100 1718/2152/10101
f 1718/2152/10102 1710/2143/10103 1719/2153/10104
f 1710/2143/10105 1711/2145/10106 1719/2153/10107
f 1719/2153/10108 1711/2145/10109 1720/2154/10110
f 1713/2146/10111 1722/2155/10112 1712/2147/10113
f 1712/2147/10114 1722/2155/10115 1721/2156/10116
f 1714/2148/10117 1723/2157/10118 1713/2146/10119
f 1713/2146/10120 1723/2157/10121 1722/2155/10122
f 1715/2149/10123 1724/2158/10124 1714/2148/10125
f 1714/2148/10126 1724/2158/10127 1723/2157/10128
f 1715/2149/10129 1716/2150/10130 1724/2158/10131
f 1724/2158/10132 1716/2150/10133 1725/2159/10134
f 1716/2150/10135 1717/2151/10136 1725/2159/10137
f 1725/2159/10138 1717/2151/10139 1726/2160/10140
f 1718/2152/10141 1727/2161/10142 1717/2151/10143
f 1717/2151/10144 1727/2161/10145 1726/2160/10146
f 1718/2152/10147 1719/2153/10148 1727/2161/10149
f 1727/2161/10150 1719/2153/10151 1728/2162/10152
f 1719/2153/10153 1720/2154/10154 1728/2162/10155
f 1728/2162/10156 1720/2154/10157 1729/2163/10158
f 1722/2155/10159 1731/2164/10160 1721/2156/10161
f 1721/2156/10162 1731/2164/10163 1730/2165/10164
f 1723/2157/10165 1732/2166/10166 1722/2155/10167
f 1722/2155/10168 1732/2166/10169 1731/2164/10170
f 1724/2158/10171 1733/2167/10172 1723/2157/10173
f 1723/2157/10174 1733/2167/10175 1732/2166/10176
f 1724/2158/10177 1725/2159/10178 1733/2167/10179
f 1733/2167/10180 1725/2159/10181 1734/2168/10182
f 1725/2159/10183 1726/2160/10184 1734/2168/10185
f 1734/2168/10186 1726/2160/10187 1735/2169/10188
f 1727/2161/10189 1736/2170/10190 1726/2160/10191
f 1726/2160/10192 1736/2170/10193 1735/2169/10194
f 1727/2161/10195 1728/2162/10196 1736/2170/10197
f 1736/2170/10198 1728/2162/10199 1737/2171/10200
f 1728/2162/10201 1729/2163/10202 1737/2171/10203
f 1737/2171/10204 1729/2163/10205 1738/2172/10206
f 1731/2164/10207 1740/2173/10208 1730/2165/10209
f 1730/2165/10210 1740/2173/10211 1739/2174/10212
f 1731/2164/10213 1732/2166/10214 1740/2173/10215
f 1740/2173/10216 1732/2166/10217 1741/2175/10218
f 1732/2166/10219 1733/2167/10220 1741/2175/10221
f 1741/2175/10222 1733/2167/10223 1742/2176/10224
f 1733/2167/10225 1734/2168/10226 1742/2176/10227
f 1742/2176/10228 1734/2168/10229 1743/2177/10230
f 1734/2168/10231 1735/2169/10232 1743/2177/10233
f 1743/2177/10234 1735/2169/10235 1744/2178/10236
f 1735/2169/10237 1736/2170/10238 1744/2178/10239
f 1744/2178/10240 1736/2170/10241 1745/2179/10242
f 1736/2170/10243 1737/2171/10244 1745/2179/10245
f 1745/2179/10246 1737/2171/10247 1746/2180/10248
f 1738/2172/10249 1747/2181/10250 1737/2171/10251
f 1737/2171/10252 1747/2181/10253 1746/2180/10254
f 1739/2174/10255 1740/2173/10256 1748/2182/10257
f 1748/2182/10258 1740/2173/10259 1749/2183/10260
f 1740/2173/10261 1741/2175/10262 1749/2183/10263
f 1749/2183/10264 1741/2175/10265 1750/2184/10266
f 1741/2175/10267 1742/2176/10268 1750/2184/10269
f 1750/2184/10270 1742/2176/10271 1751/2185/10272
f 1743/2177/10273 1752/2186/10274 1742/2176/10275
f 1742/2176/10276 1752/2186/10277 1751/2185/10278
f 1744/2178/10279 1753/2187/10280 1743/2177/10281
f 1743/2177/10282 1753/2187/10283 1752/2186/10284
f 1744/2178/10285 1745/2179/10286 1753/2187/10287
f 1753/2187/10288 1745/2179/10289 1754/2188/10290
f 1746/2180/10291 1755/2189/10292 1745/2179/10293
f 1745/2179/10294 1755/2189/10295 1754/2188/10296
f 1747/2181/10297 1756/2190/10298 1746/2180/10299
f 1746/2180/10300 1756/2190/10301 1755/2189/10302
f 1748/2182/10303 1749/2183/10304 1757/2191/10305
f 1757/2191/10306 1749/2183/10307 1758/2192/10308
f 1749/2183/10309 1750/2184/10310 1758/2192/10311
f 1758/2192/10312 1750/2184/10313 1759/2193/10314
f 1750/2184/10315 1751/2185/10316 1759/2193/10317
f 1759/2193/10318 1751/2185/10319 1760/2194/10320
f 1752/2186/10321 1761/2195/10322 1751/2185/10323
f 1751/2185/10324 1761/2195/10325 1760/2194/10326
f 1753/2187/10327 1762/2196/10328 1752/2186/10329
f 1752/2186/10330 1762/2196/10331 1761/2195/10332
f 1753/2187/10333 1754/2188/10334 1762/2196/10335
f 1762/2196/10336 1754/2188/10337 1763/2197/10338
f 1755/2189/10339 1764/2198/10340 1754/2188/10341
f 1754/2188/10342 1764/2198/10343 1763/2197/10344
f 1756/2190/10345 1765/2199/10346 1755/2189/10347
f 1755/2189/10348 1765/2199/10349 1764/2198/10350
f 1757/2191/10351 1758/2192/10352 1766/2200/10353
f 1766/2200/10354 1758/2192/10355 1767/2201/10356
f 1758/2192/10357 1759/2193/10358 1767/2201/10359
f 1767/2201/10360 1759/2193/10361 1768/2202/10362
f 1759/2193/10363 1760/2194/10364 1768/2202/10365
f 1768/2202/10366 1760/2194/10367 1769/2203/10368
f 1761/2195/10369 1770/2204/10370 1760/2194/10371
f 1760/2194/10372 1770/2204/10373 1769/2203/10374
f 1762/2196/10375 1771/2205/10376 1761/2195/10377
f 1761/2195/10378 1771/2205/10379 1770/2204/10380
f 1762/2196/10381 1763/2197/10382 1771/2205/10383
f 1771/2205/10384 1763/2197/10385 1772/2206/10386
f 1764/2198/10387 1773/2207/10388 1763/2197/10389
f 1763/2197/10390 1773/2207/10391 1772/2206/10392
f 1765/2199/10393 1774/2208/10394 1764/2198/10395
f 1764/2198/10396 1774/2208/10397 1773/2207/10398
f 1767/2201/10399 1776/2209/10400 1766/2200/10401
f 1766/2200/10402 1776/2209/10403 1775/2210/10404
f 1768/2202/10405 1777/2211/10406 1767/2201/10407
f 1767/2201/10408 1777/2211/10409 1776/2209/10410
f 1769/2203/10411 1778/2212/10412 1768/2202/10413
f 1768/2202/10414 1778/2212/10415 1777/2211/10416
f 1770/2204/10417 1779/2213/10418 1769/2203/10419
f 1769/2203/10420 1779/2213/10421 1778/2212/10422
f 1770/2204/10423 1771/2205/10424 1779/2213/10425
f 1779/2213/10426 1771/2205/10427 1780/2214/10428
f 1771/2205/10429 1772/2206/10430 1780/2214/10431
f 1780/2214/10432 1772/2206/10433 1781/2215/10434
f 1772/2206/10435 1773/2207/10436 1781/2215/10437
f 1781/2215/10438 1773/2207/10439 1782/2216/10440
f 1773/2207/10441 1774/2208/10442 1782/2216/10443
f 1782/2216/10444 1774/2208/10445 1783/2217/10446
f 1821/2218/10447 1822/2219/10448 1784/2220/10449
f 1784/2220/10450 1822/2219/10451 1785/2221/10452
f 1822/2219/10453 1823/2222/10454 1785/2221/10455
f 1785/2221/10456 1823/2222/10457 1786/2223/10458
f 1824/2224/10459 1787/2225/10460 1823/2222/10461
f 1823/2222/10462 1787/2225/10463 1786/2223/10464
f 1824/2224/10465 1825/2226/10466 1787/2225/10467
f 1787/2225/10468 1825/2226/10469 1788/2227/10470
f 1825/2226/10471 1826/2228/10472 1788/2227/10473
f 1788/2227/10474 1826/2228/10475 1789/2229/10476
f 1827/2230/10477 1790/2231/10478 1826/2228/10479
f 1826/2228/10480 1790/2231/10481 1789/2229/10482
f 1827/2230/10483 1828/2232/10484 1790/2231/10485
f 1790/2231/10486 1828/2232/10487 1791/2233/10488
f 1829/2234/10489 1792/2235/10490 1828/2232/10491
f 1828/2232/10492 1792/2235/10493 1791/2233/10494
f 1784/2220/10495 1785/2221/10496 1793/2236/10497
f 1793/2236/10498 1785/2221/10499 1794/2237/10500
f 1785/2221/10501 1786/2223/10502 1794/2237/10503
f 1794/2237/10504 1786/2223/10505 1795/2238/10506
f 1787/2225/10507 1796/2239/10508 1786/2223/10509
f 1786/2223/10510 1796/2239/10511 1795/2238/10512
f 1787/2225/10513 1788/2227/10514 1796/2239/10515
f 1796/2239/10516 1788/2227/10517 1797/2240/10518
f 1789/2229/10519 1798/2241/10520 1788/2227/10521
f 1788/2227/10522 1798/2241/10523 1797/2240/10524
f 1790/2231/10525 1799/2242/10526 1789/2229/10527
f 1789/2229/10528 1799/2242/10529 1798/2241/10530
f 1791/2233/10531 1800/2243/10532 1790/2231/10533
f 1790/2231/10534 1800/2243/10535 1799/2242/10536
f 1792/2235/10537 1801/2244/10538 1791/2233/10539
f 1791/2233/10540 1801/2244/10541 1800/2243/10542
f 1794/2237/10543 1803/2245/10544 1793/2236/10545
f 1793/2236/10546 1803/2245/10547 1802/2246/10548
f 1795/2238/10549 1804/2247/10550 1794/2237/10551
f 1794/2237/10552 1804/2247/10553 1803/2245/10554
f 1796/2239/10555 1805/2248/10556 1795/2238/10557
f 1795/2238/10558 1805/2248/10559 1804/2247/10560
f 1796/2239/10561 1797/2240/10562 1805/2248/10563
f 1805/2248/10564 1797/2240/10565 1806/2249/10566
f 1797/2240/10567 1798/2241/10568 1806/2249/10569
f 1806/2249/10570 1798/2241/10571 1807/2250/10572
f 1799/2242/10573 1808/2251/10574 1798/2241/10575
f 1798/2241/10576 1808/2251/10577 1807/2250/10578
f 1799/2242/10579 1800/2243/10580 1808/2251/10581
f 1808/2251/10582 1800/2243/10583 1809/2252/10584
f 1800/2243/10585 1801/2244/10586 1809/2252/10587
f 1809/2252/10588 1801/2244/10589 1810/2253/10590
f 1803/2245/10591 1812/2254/10592 1802/2246/10593
f 1802/2246/10594 1812/2254/10595 1811/2255/10596
f 1804/2247/10597 1813/2256/10598 1803/2245/10599
f 1803/2245/10600 1813/2256/10601 1812/2254/10602
f 1805/2248/10603 1814/2257/10604 1804/2247/10605
f 1804/2247/10606 1814/2257/10607 1813/2256/10608
f 1805/2248/10609 1806/2249/10610 1814/2257/10611
f 1814/2257/10612 1806/2249/10613 1815/2258/10614
f 1807/2250/10615 1816/2259/10616 1806/2249/10617
f 1806/2249/10618 1816/2259/10619 1815/2258/10620
f 1808/2251/10621 1817/2260/10622 1807/2250/10623
f 1807/2250/10624 1817/2260/10625 1816/2259/10626
f 1808/2251/10627 1809/2252/10628 1817/2260/10629
f 1817/2260/10630 1809/2252/10631 1818/2261/10632
f 1809/2252/10633 1810/2253/10634 1818/2261/10635
f 1818/2261/10636 1810/2253/10637 1819/2262/10638
f 1811/2255/10639 1812/2254/10640 1658/2263/10641
f 1658/2263/10642 1812/2254/10643 1659/2264/10644
f 1812/2254/10645 1813/2256/10646 1659/2264/10647
f 1659/2264/10648 1813/2256/10649 1660/2265/10650
f 1813/2256/10651 1814/2257/10652 1660/2265/10653
f 1660/2265/10654 1814/2257/10655 1661/2266/10656
f 1814/2257/10657 1815/2258/10658 1661/2266/10659
f 1661/2266/10660 1815/2258/10661 1662/2267/10662
f 1815/2258/10663 1816/2259/10664 1662/2267/10665
f 1662/2267/10666 1816/2259/10667 1663/2268/10668
f 1816/2259/10669 1817/2260/10670 1663/2268/10671
f 1663/2268/10672 1817/2260/10673 1664/2269/10674
f 1817/2260/10675 1818/2261/10676 1664/2269/10677
f 1664/2269/10678 1818/2261/10679 1665/2270/10680
f 1818/2261/10681 1819/2262/10682 1665/2270/10683
f 1665/2270/10684 1819/2262/10685 1666/2271/10686
f 1666/2099/10687 1819/2272/10688 1675/2100/10689
f 1675/2100/10690 1819/2272/10691 1810/2273/10692
f 1675/2100/10693 1810/2273/10694 1684/2109/10695
f 1684/2109/10696 1810/2273/10697 1801/2274/10698
f 1684/2109/10699 1801/2274/10700 1693/2118/10701
f 1693/2118/10702 1801/2274/10703 1792/2275/10704
f 1693/2118/10705 1792/2275/10706 1830/2127/10707
f 1830/2127/10708 1792/2275/10709 1829/2276/10710
f 1702/2144/10711 1783/2277/10712 1711/2145/10713
f 1711/2145/10714 1783/2277/10715 1774/2278/10716
f 1711/2145/10717 1774/2278/10718 1720/2154/10719
f 1720/2154/10720 1774/2278/10721 1765/2279/10722
f 1720/2154/10723 1765/2279/10724 1729/2163/10725
f 1729/2163/10726 1765/2279/10727 1756/2280/10728
f 1756/2280/10729 1747/2281/10730 1729/2163/10731
f 1729/2163/10732 1747/2281/10733 1738/2172/10734
f 1811/2282/10735 1658/2083/10736 1802/2283/10737
f 1802/2283/10738 1658/2083/10739 1667/2085/10740
f 1802/2283/10741 1667/2085/10742 1793/2284/10743
f 1793/2284/10744 1667/2085/10745 1676/2101/10746
f 1793/2284/10747 1676/2101/10748 1784/2285/10749
f 1784/2285/10750 1676/2101/10751 1685/2111/10752
f 1784/2285/10753 1685/2111/10754 1821/2286/10755
f 1821/2286/10756 1685/2111/10757 1820/2120/10758
f 1694/2128/10759 1703/2130/10760 1775/2287/10761
f 1775/2287/10762 1703/2130/10763 1766/2288/10764
f 1766/2288/10765 1703/2130/10766 1757/2289/10767
f 1757/2289/10768 1703/2130/10769 1712/2147/10770
f 1757/2289/10771 1712/2147/10772 1748/2290/10773
f 1748/2290/10774 1712/2147/10775 1721/2156/10776
f 1721/2156/10777 1730/2165/10778 1748/2290/10779
f 1748/2290/10780 1730/2165/10781 1739/2291/10782
f 1820/2120/10783 1694/2128/10784 1821/2286/10785
f 1821/2286/10786 1694/2128/10787 1775/2287/10788
f 1776/2209/10789 1822/2219/10790 1775/2210/10791
f 1775/2210/10792 1822/2219/10793 1821/2218/10794
f 1776/2209/10795 1777/2211/10796 1822/2219/10797
f 1822/2219/10798 1777/2211/10799 1823/2222/10800
f 1778/2212/10801 1824/2224/10802 1777/2211/10803
f 1777/2211/10804 1824/2224/10805 1823/2222/10806
f 1778/2212/10807 1779/2213/10808 1824/2224/10809
f 1824/2224/10810 1779/2213/10811 1825/2226/10812
f 1779/2213/10813 1780/2214/10814 1825/2226/10815
f 1825/2226/10816 1780/2214/10817 1826/2228/10818
f 1781/2215/10819 1827/2230/10820 1780/2214/10821
f 1780/2214/10822 1827/2230/10823 1826/2228/10824
f 1781/2215/10825 1782/2216/10826 1827/2230/10827
f 1827/2230/10828 1782/2216/10829 1828/2232/10830
f 1783/2217/10831 1829/2234/10832 1782/2216/10833
f 1782/2216/10834 1829/2234/10835 1828/2232/10836
f 1830/2127/10837 1829/2276/10838 1702/2144/10839
f 1702/2144/10840 1829/2276/10841 1783/2277/10842
f 1831/2126/10843 1830/2127/10844 1701/2142/10845
f 1701/2142/10846 1830/2127/10847 1702/2144/10848
f 1831/2126/10849 1701/2142/10850 1832/2125/10851
f 1832/2125/10852 1701/2142/10853 1700/2140/10854
f 1833/2124/10855 1832/2125/10856 1699/2138/10857
f 1699/2138/10858 1832/2125/10859 1700/2140/10860
f 1834/2123/10861 1833/2124/10862 1698/2136/10863
f 1698/2136/10864 1833/2124/10865 1699/2138/10866
f 1834/2123/10867 1698/2136/10868 1835/2122/10869
f 1835/2122/10870 1698/2136/10871 1697/2134/10872
f 1836/2121/10873 1835/2122/10874 1696/2132/10875
f 1696/2132/10876 1835/2122/10877 1697/2134/10878
f 1837/2119/10879 1836/2121/10880 1695/2129/10881
f 1695/2129/10882 1836/2121/10883 1696/2132/10884
f 1820/2120/10885 1837/2119/10886 1694/2128/10887
f 1694/2128/10888 1837/2119/10889 1695/2129/10890
