# This file uses centimeters as units for non-parametric coordinates.

mtllib item_hammer.mtl
g default
v 0.000000 3.640382 1.122371
v 0.000000 3.640382 -1.122473
v -0.512522 3.640382 1.122371
v -0.512522 3.640382 -1.122473
v -0.502674 3.540394 1.122371
v -0.502674 3.540394 -1.122473
v -0.473508 3.444248 1.122371
v -0.473508 3.444248 -1.122473
v -0.426146 3.355640 1.122371
v -0.426146 3.355640 -1.122473
v -0.362407 3.277974 1.122371
v -0.362407 3.277974 -1.122473
v -0.284742 3.214236 1.122371
v -0.284742 3.214236 -1.122473
v -0.196133 3.166873 1.122371
v -0.196133 3.166873 -1.122473
v -0.099988 3.137708 1.122371
v -0.099988 3.137708 -1.122473
v 0.000000 3.127860 1.122371
v 0.000000 3.127860 -1.122473
v 0.099988 3.137708 1.122371
v 0.099988 3.137708 -1.122473
v 0.196133 3.166873 1.122371
v 0.196133 3.166873 -1.122473
v 0.284742 3.214236 1.122371
v 0.284742 3.214236 -1.122473
v 0.362407 3.277974 1.122371
v 0.362407 3.277974 -1.122473
v 0.426146 3.355640 1.122371
v 0.426146 3.355640 -1.122473
v 0.473508 3.444248 1.122371
v 0.473508 3.444248 -1.122473
v 0.502674 3.540394 1.122371
v 0.502674 3.540394 -1.122473
v 0.512522 3.640382 1.122371
v 0.512522 3.640382 -1.122473
v 0.502674 3.740370 1.122371
v 0.502674 3.740370 -1.122473
v 0.473508 3.836515 1.122371
v 0.473508 3.836515 -1.122473
v 0.426146 3.925124 1.122371
v 0.426146 3.925124 -1.122473
v 0.362407 4.002789 1.122371
v 0.362407 4.002789 -1.122473
v 0.284741 4.066528 1.122371
v 0.284741 4.066528 -1.122473
v 0.196133 4.113890 1.122371
v 0.196133 4.113890 -1.122473
v 0.099988 4.143055 1.122371
v 0.099988 4.143055 -1.122473
v 0.000000 4.152903 1.122371
v 0.000000 4.152903 -1.122473
v -0.099989 4.143055 1.122371
v -0.099989 4.143055 -1.122473
v -0.196134 4.113889 1.122371
v -0.196134 4.113889 -1.122473
v -0.284742 4.066527 1.122371
v -0.284742 4.066527 -1.122473
v -0.362408 4.002789 1.122371
v -0.362408 4.002789 -1.122473
v -0.426146 3.925123 1.122371
v -0.426146 3.925123 -1.122473
v -0.473508 3.836514 1.122371
v -0.473508 3.836514 -1.122473
v -0.502674 3.740369 1.122371
v -0.502674 3.740369 -1.122473
v -0.512522 3.640382 0.791631
v -0.512521 3.640382 -0.791732
v -0.502674 3.540394 -0.791732
v -0.502674 3.540394 0.791631
v -0.473508 3.444248 -0.791732
v -0.473508 3.444248 0.791631
v -0.426146 3.355640 -0.791732
v -0.426146 3.355640 0.791631
v -0.362407 3.277974 -0.791732
v -0.362408 3.277974 0.791631
v -0.284742 3.214235 -0.791732
v -0.284742 3.214236 0.791631
v -0.196133 3.166873 -0.791732
v -0.196134 3.166874 0.791631
v -0.099988 3.137708 -0.791732
v -0.099988 3.137708 0.791631
v 0.000000 3.127860 -0.791732
v 0.000000 3.127860 0.791631
v 0.099988 3.137708 -0.791732
v 0.099988 3.137708 0.791631
v 0.196133 3.166873 -0.791732
v 0.196133 3.166874 0.791631
v 0.284742 3.214235 -0.791732
v 0.284742 3.214236 0.791631
v 0.362408 3.277974 -0.791732
v 0.362407 3.277974 0.791631
v 0.426146 3.355640 -0.791732
v 0.426146 3.355640 0.791631
v 0.473508 3.444248 -0.791732
v 0.473508 3.444248 0.791631
v 0.502674 3.540394 -0.791732
v 0.502674 3.540394 0.791631
v 0.512522 3.640382 -0.791732
v 0.512522 3.640382 0.791631
v 0.502674 3.740370 -0.791732
v 0.502673 3.740370 0.791631
v 0.473508 3.836515 -0.791732
v 0.473508 3.836515 0.791631
v 0.426146 3.925123 -0.791732
v 0.426146 3.925124 0.791631
v 0.362407 4.002789 -0.791732
v 0.362407 4.002789 0.791631
v 0.284741 4.066528 -0.791732
v 0.284741 4.066528 0.791631
v 0.196133 4.113890 -0.791732
v 0.196133 4.113890 0.791631
v 0.099988 4.143055 -0.791732
v 0.099987 4.143055 0.791631
v 0.000000 4.152903 -0.791732
v -0.000001 4.152903 0.791631
v -0.099988 4.143055 -0.791732
v -0.099989 4.143055 0.791631
v -0.196134 4.113889 -0.791732
v -0.196134 4.113890 0.791631
v -0.284742 4.066527 -0.791732
v -0.284742 4.066527 0.791631
v -0.362408 4.002788 -0.791732
v -0.362408 4.002789 0.791631
v -0.426146 3.925123 -0.791732
v -0.426147 3.925123 0.791631
v -0.473508 3.836514 -0.791732
v -0.473509 3.836514 0.791631
v -0.502674 3.740369 -0.791732
v -0.502674 3.740369 0.791631
v -0.512522 3.640382 -1.069313
v -0.502674 3.540394 -1.069313
v -0.473508 3.444248 -1.069313
v -0.426146 3.355640 -1.069313
v -0.362407 3.277974 -1.069313
v -0.284742 3.214235 -1.069313
v -0.196133 3.166873 -1.069313
v -0.099988 3.137708 -1.069313
v 0.000000 3.127860 -1.069313
v 0.099988 3.137708 -1.069313
v 0.196133 3.166873 -1.069313
v 0.284742 3.214235 -1.069313
v 0.362407 3.277974 -1.069313
v 0.426146 3.355640 -1.069313
v 0.473508 3.444248 -1.069313
v 0.502674 3.540394 -1.069313
v 0.512522 3.640382 -1.069313
v 0.502674 3.740370 -1.069313
v 0.473508 3.836515 -1.069313
v 0.426146 3.925123 -1.069313
v 0.362407 4.002789 -1.069313
v 0.284741 4.066528 -1.069313
v 0.196133 4.113890 -1.069313
v 0.099988 4.143055 -1.069313
v 0.000000 4.152903 -1.069313
v -0.099988 4.143055 -1.069313
v -0.196134 4.113889 -1.069313
v -0.284742 4.066527 -1.069313
v -0.362408 4.002788 -1.069313
v -0.426146 3.925123 -1.069313
v -0.473508 3.836514 -1.069313
v -0.502674 3.740369 -1.069313
v -0.502674 3.540394 1.069211
v -0.473508 3.444248 1.069211
v -0.426146 3.355640 1.069211
v -0.362407 3.277974 1.069211
v -0.284742 3.214236 1.069211
v -0.196134 3.166874 1.069211
v -0.099988 3.137708 1.069211
v 0.000000 3.127860 1.069211
v 0.099988 3.137708 1.069211
v 0.196133 3.166874 1.069211
v 0.284742 3.214236 1.069211
v 0.362407 3.277974 1.069211
v 0.426146 3.355640 1.069211
v 0.473508 3.444248 1.069211
v 0.502674 3.540394 1.069211
v 0.512522 3.640382 1.069211
v 0.502674 3.740370 1.069211
v 0.473508 3.836515 1.069211
v 0.426146 3.925124 1.069211
v 0.362407 4.002789 1.069211
v 0.284741 4.066528 1.069211
v 0.196133 4.113890 1.069211
v 0.099988 4.143055 1.069211
v -0.000001 4.152903 1.069211
v -0.099989 4.143055 1.069211
v -0.196134 4.113890 1.069211
v -0.284742 4.066527 1.069211
v -0.362408 4.002789 1.069211
v -0.426147 3.925123 1.069211
v -0.473508 3.836514 1.069211
v -0.502674 3.740369 1.069211
v -0.512522 3.640382 1.069211
v -0.611438 3.640382 1.069211
v -0.611438 3.640382 0.791631
v -0.599690 3.521096 -1.069313
v -0.599690 3.521096 -0.791732
v -0.564895 3.406394 -1.069313
v -0.564895 3.406394 -0.791732
v -0.508392 3.300685 -1.069313
v -0.508392 3.300685 -0.791732
v -0.432352 3.208029 -1.069313
v -0.432352 3.208029 -0.791732
v -0.339697 3.131989 -1.069313
v -0.339697 3.131989 -0.791732
v -0.233987 3.075486 -1.069313
v -0.233987 3.075486 -0.791732
v -0.119286 3.040692 -1.069313
v -0.119286 3.040692 -0.791732
v 0.000000 3.028943 -1.069313
v 0.000000 3.028943 -0.791732
v 0.119286 3.040692 -1.069313
v 0.119286 3.040692 -0.791732
v 0.233987 3.075486 -1.069313
v 0.233987 3.075486 -0.791732
v 0.339697 3.131989 -1.069313
v 0.339697 3.131989 -0.791732
v 0.432352 3.208029 -1.069313
v 0.432352 3.208029 -0.791732
v 0.508392 3.300685 -1.069313
v 0.508392 3.300685 -0.791732
v 0.564895 3.406394 -1.069313
v 0.564895 3.406394 -0.791732
v 0.599690 3.521096 -1.069313
v 0.599690 3.521096 -0.791732
v 0.611438 3.640382 -1.069313
v 0.611438 3.640382 -0.791732
v 0.599690 3.759667 -1.069313
v 0.599690 3.759667 -0.791732
v 0.564895 3.874369 -1.069313
v 0.564895 3.874369 -0.791732
v 0.508392 3.980079 -1.069313
v 0.508392 3.980079 -0.791732
v 0.432352 4.072734 -1.069313
v 0.432352 4.072734 -0.791732
v 0.339697 4.148774 -1.069313
v 0.339697 4.148774 -0.791732
v 0.233987 4.205277 -1.069313
v 0.233987 4.205277 -0.791732
v 0.119285 4.240071 -1.069313
v 0.119285 4.240071 -0.791732
v -0.000001 4.251820 -1.069313
v -0.000001 4.251820 -0.791732
v -0.119286 4.240071 -1.069313
v -0.119286 4.240071 -0.791732
v -0.233988 4.205276 -1.069313
v -0.233988 4.205276 -0.791732
v -0.339697 4.148773 -1.069313
v -0.339697 4.148773 -0.791732
v -0.432353 4.072733 -1.069313
v -0.432353 4.072733 -0.791732
v -0.508393 3.980078 -1.069313
v -0.508393 3.980078 -0.791732
v -0.564896 3.874368 -1.069313
v -0.564896 3.874368 -0.791732
v -0.599690 3.759666 -1.069313
v -0.599690 3.759666 -0.791732
v -0.599690 3.759666 0.791631
v -0.611438 3.640381 -0.791732
v -0.564896 3.874368 0.791631
v -0.508393 3.980078 0.791631
v -0.432353 4.072733 0.791631
v -0.339698 4.148774 0.791631
v -0.233988 4.205277 0.791631
v -0.119286 4.240071 0.791631
v -0.000001 4.251820 0.791631
v 0.119285 4.240071 0.791631
v 0.233987 4.205277 0.791631
v 0.339696 4.148774 0.791631
v 0.432352 4.072734 0.791631
v 0.508392 3.980079 0.791631
v 0.564895 3.874369 0.791631
v 0.599689 3.759668 0.791630
v 0.611438 3.640382 0.791630
v 0.599690 3.521096 0.791630
v 0.564895 3.406395 0.791630
v 0.508392 3.300685 0.791630
v 0.432352 3.208030 0.791630
v 0.339697 3.131989 0.791630
v 0.233987 3.075486 0.791630
v 0.119286 3.040692 0.791630
v 0.000000 3.028944 0.791630
v -0.119286 3.040692 0.791631
v -0.233987 3.075486 0.791631
v -0.339697 3.131989 0.791631
v -0.432352 3.208030 0.791631
v -0.508392 3.300685 0.791631
v -0.564895 3.406394 0.791631
v -0.599690 3.521096 0.791631
v -0.611438 3.640381 -1.069313
v -0.599690 3.521096 1.069211
v -0.564895 3.406394 1.069211
v -0.508392 3.300685 1.069211
v -0.432352 3.208030 1.069211
v -0.339697 3.131989 1.069211
v -0.233987 3.075486 1.069211
v -0.119286 3.040692 1.069211
v 0.000000 3.028944 1.069211
v 0.119286 3.040692 1.069211
v 0.233987 3.075486 1.069211
v 0.339697 3.131989 1.069211
v 0.432352 3.208030 1.069211
v 0.508392 3.300685 1.069211
v 0.564895 3.406394 1.069211
v 0.599690 3.521096 1.069211
v 0.611438 3.640382 1.069211
v 0.599690 3.759668 1.069211
v 0.564895 3.874369 1.069211
v 0.508392 3.980079 1.069211
v 0.432352 4.072734 1.069211
v 0.339696 4.148774 1.069211
v 0.233987 4.205277 1.069211
v 0.119285 4.240071 1.069211
v -0.000001 4.251820 1.069211
v -0.119286 4.240071 1.069211
v -0.233988 4.205277 1.069211
v -0.339698 4.148774 1.069211
v -0.432353 4.072733 1.069211
v -0.508393 3.980078 1.069211
v -0.564896 3.874368 1.069211
v -0.599690 3.759666 1.069211
v -0.360596 3.640382 1.122371
v -0.353667 3.570033 1.122371
v -0.353667 3.570033 -1.122473
v -0.360596 3.640382 -1.122473
v -0.333147 3.502387 1.122371
v -0.333147 3.502387 -1.122473
v -0.299825 3.440045 1.122371
v -0.299825 3.440045 -1.122473
v -0.254980 3.385402 1.122371
v -0.254980 3.385402 -1.122473
v -0.200336 3.340557 1.122371
v -0.200336 3.340557 -1.122473
v -0.137994 3.307234 1.122371
v -0.137994 3.307234 -1.122473
v -0.070349 3.286714 1.122371
v -0.070349 3.286714 -1.122473
v 0.000000 3.279785 1.122371
v 0.000000 3.279785 -1.122473
v 0.070349 3.286714 1.122371
v 0.070349 3.286714 -1.122473
v 0.137994 3.307234 1.122371
v 0.137994 3.307234 -1.122473
v 0.200336 3.340557 1.122371
v 0.200336 3.340557 -1.122473
v 0.254980 3.385402 1.122371
v 0.254980 3.385402 -1.122473
v 0.299825 3.440045 1.122371
v 0.299825 3.440045 -1.122473
v 0.333147 3.502387 1.122371
v 0.333147 3.502387 -1.122473
v 0.353667 3.570033 1.122371
v 0.353667 3.570033 -1.122473
v 0.360596 3.640382 1.122371
v 0.360596 3.640382 -1.122473
v 0.353667 3.710731 1.122371
v 0.353667 3.710731 -1.122473
v 0.333147 3.778376 1.122371
v 0.333147 3.778376 -1.122473
v 0.299825 3.840718 1.122371
v 0.299825 3.840718 -1.122473
v 0.254980 3.895362 1.122371
v 0.254980 3.895362 -1.122473
v 0.200336 3.940206 1.122371
v 0.200336 3.940206 -1.122473
v 0.137994 3.973529 1.122371
v 0.137994 3.973529 -1.122473
v 0.070349 3.994049 1.122371
v 0.070349 3.994049 -1.122473
v 0.000000 4.000978 1.122371
v 0.000000 4.000978 -1.122473
v -0.070349 3.994049 1.122371
v -0.070349 3.994049 -1.122473
v -0.137995 3.973529 1.122371
v -0.137995 3.973529 -1.122473
v -0.200337 3.940206 1.122371
v -0.200337 3.940206 -1.122473
v -0.254980 3.895361 1.122371
v -0.254980 3.895361 -1.122473
v -0.299825 3.840718 1.122371
v -0.299825 3.840718 -1.122473
v -0.333148 3.778375 1.122371
v -0.333148 3.778375 -1.122473
v -0.353667 3.710730 1.122371
v -0.353667 3.710730 -1.122473
vt 0.750000 0.250000
vt 0.750000 0.418857
vt 0.782942 0.415613
vt 0.250000 0.250000
vt 0.282942 0.415613
vt 0.250000 0.418857
vt 1.000000 0.916667
vt 1.000000 1.000000
vt 0.968750 1.000000
vt 0.968750 0.916667
vt 0.814619 0.406004
vt 0.314619 0.406004
vt 0.937500 1.000000
vt 0.937500 0.916667
vt 0.843812 0.390400
vt 0.343812 0.390400
vt 0.906250 1.000000
vt 0.906250 0.916667
vt 0.869400 0.369400
vt 0.369400 0.369400
vt 0.875000 1.000000
vt 0.875000 0.916667
vt 0.890400 0.343812
vt 0.390400 0.343812
vt 0.843750 1.000000
vt 0.843750 0.916667
vt 0.906004 0.314619
vt 0.406004 0.314619
vt 0.812500 1.000000
vt 0.812500 0.916667
vt 0.915613 0.282942
vt 0.415613 0.282942
vt 0.781250 1.000000
vt 0.781250 0.916667
vt 0.918857 0.250000
vt 0.418857 0.250000
vt 0.750000 1.000000
vt 0.750000 0.916667
vt 0.915613 0.217058
vt 0.415613 0.217058
vt 0.718750 1.000000
vt 0.718750 0.916667
vt 0.906004 0.185381
vt 0.406004 0.185381
vt 0.687500 1.000000
vt 0.687500 0.916667
vt 0.890400 0.156188
vt 0.390400 0.156188
vt 0.656250 1.000000
vt 0.656250 0.916667
vt 0.869400 0.130600
vt 0.369400 0.130600
vt 0.625000 1.000000
vt 0.625000 0.916667
vt 0.843812 0.109600
vt 0.343812 0.109600
vt 0.593750 1.000000
vt 0.593750 0.916667
vt 0.814619 0.093996
vt 0.314619 0.093996
vt 0.562500 1.000000
vt 0.562500 0.916667
vt 0.782942 0.084387
vt 0.282942 0.084387
vt 0.531250 1.000000
vt 0.531250 0.916667
vt 0.750000 0.081143
vt 0.250000 0.081143
vt 0.500000 1.000000
vt 0.500000 0.916667
vt 0.717057 0.084387
vt 0.217057 0.084387
vt 0.468750 1.000000
vt 0.468750 0.916667
vt 0.685381 0.093996
vt 0.185381 0.093996
vt 0.437500 1.000000
vt 0.437500 0.916667
vt 0.656188 0.109600
vt 0.156188 0.109600
vt 0.406250 1.000000
vt 0.406250 0.916667
vt 0.630600 0.130600
vt 0.130600 0.130600
vt 0.375000 1.000000
vt 0.375000 0.916667
vt 0.609600 0.156188
vt 0.109600 0.156188
vt 0.343750 1.000000
vt 0.343750 0.916667
vt 0.593996 0.185381
vt 0.093996 0.185381
vt 0.312500 1.000000
vt 0.312500 0.916667
vt 0.584387 0.217058
vt 0.084387 0.217058
vt 0.281250 1.000000
vt 0.281250 0.916667
vt 0.581143 0.250000
vt 0.081143 0.250000
vt 0.250000 1.000000
vt 0.250000 0.916667
vt 0.584387 0.282943
vt 0.084387 0.282943
vt 0.218750 1.000000
vt 0.218750 0.916667
vt 0.593996 0.314619
vt 0.093996 0.314619
vt 0.187500 1.000000
vt 0.187500 0.916667
vt 0.609600 0.343812
vt 0.109600 0.343812
vt 0.156250 1.000000
vt 0.156250 0.916667
vt 0.630600 0.369400
vt 0.130600 0.369400
vt 0.125000 1.000000
vt 0.125000 0.916667
vt 0.656188 0.390400
vt 0.156188 0.390400
vt 0.093750 1.000000
vt 0.093750 0.916667
vt 0.685381 0.406004
vt 0.185381 0.406004
vt 0.062500 1.000000
vt 0.062500 0.916667
vt 0.717058 0.415613
vt 0.217058 0.415613
vt 0.031250 1.000000
vt 0.031250 0.916667
vt 0.000000 1.000000
vt 0.000000 0.916667
vt 0.750000 0.833333
vt 0.781250 0.833333
vt 0.781250 0.833333
vt 0.750000 0.833333
vt 0.031250 0.666667
vt 0.031250 0.833333
vt 0.000000 0.833333
vt 0.000000 0.666667
vt 0.125000 0.916667
vt 0.156250 0.916667
vt 0.062500 0.666667
vt 0.062500 0.833333
vt 0.781250 0.666667
vt 0.750000 0.666667
vt 0.750000 0.666667
vt 0.781250 0.666667
vt 0.093750 0.666667
vt 0.093750 0.833333
vt 0.093750 0.916667
vt 0.125000 0.666667
vt 0.125000 0.833333
vt 0.718750 0.833333
vt 0.718750 0.833333
vt 0.156250 0.666667
vt 0.156250 0.833333
vt 0.062500 0.916667
vt 0.187500 0.666667
vt 0.187500 0.833333
vt 0.718750 0.666667
vt 0.718750 0.666667
vt 0.218750 0.666667
vt 0.218750 0.833333
vt 0.031250 0.916667
vt 0.250000 0.666667
vt 0.250000 0.833333
vt 0.687500 0.833333
vt 0.687500 0.833333
vt 0.281250 0.666667
vt 0.281250 0.833333
vt 0.000000 0.916667
vt 0.312500 0.666667
vt 0.312500 0.833333
vt 0.687500 0.666667
vt 0.687500 0.666667
vt 0.343750 0.666667
vt 0.343750 0.833333
vt 0.656250 0.833333
vt 0.656250 0.833333
vt 0.375000 0.666667
vt 0.375000 0.833333
vt 0.656250 0.666667
vt 0.656250 0.666667
vt 0.406250 0.666667
vt 0.406250 0.833333
vt 0.625000 0.833333
vt 0.625000 0.833333
vt 0.437500 0.666667
vt 0.437500 0.833333
vt 0.625000 0.666667
vt 0.625000 0.666667
vt 0.468750 0.666667
vt 0.468750 0.833333
vt 0.593750 0.833333
vt 0.593750 0.833333
vt 0.500000 0.666667
vt 0.500000 0.833333
vt 0.593750 0.666667
vt 0.593750 0.666667
vt 0.531250 0.666667
vt 0.531250 0.833333
vt 0.562500 0.833333
vt 0.562500 0.833333
vt 0.562500 0.666667
vt 0.000000 0.583333
vt 0.031250 0.583333
vt 0.031250 0.583333
vt 0.000000 0.583333
vt 0.562500 0.666667
vt 0.062500 0.583333
vt 0.062500 0.583333
vt 0.531250 0.833333
vt 0.093750 0.583333
vt 0.093750 0.583333
vt 0.531250 0.666667
vt 0.125000 0.583333
vt 0.125000 0.583333
vt 0.500000 0.833333
vt 0.812500 0.666667
vt 0.812500 0.833333
vt 0.156250 0.583333
vt 0.156250 0.583333
vt 0.843750 0.666667
vt 0.843750 0.833333
vt 0.500000 0.666667
vt 0.875000 0.666667
vt 0.875000 0.833333
vt 0.187500 0.583333
vt 0.187500 0.583333
vt 0.906250 0.666667
vt 0.906250 0.833333
vt 0.468750 0.833333
vt 0.937500 0.666667
vt 0.937500 0.833333
vt 0.218750 0.583333
vt 0.218750 0.583333
vt 0.968750 0.666667
vt 0.968750 0.833333
vt 0.468750 0.666667
vt 1.000000 0.666667
vt 1.000000 0.833333
vt 0.250000 0.583333
vt 0.250000 0.583333
vt 0.437500 0.833333
vt 0.281250 0.583333
vt 0.281250 0.583333
vt 0.437500 0.666667
vt 0.312500 0.583333
vt 0.312500 0.583333
vt 0.406250 0.833333
vt 0.343750 0.583333
vt 0.343750 0.583333
vt 0.406250 0.666667
vt 0.375000 0.583333
vt 0.375000 0.583333
vt 0.375000 0.833333
vt 0.406250 0.583333
vt 0.406250 0.583333
vt 0.968750 0.916667
vt 1.000000 0.916667
vt 0.375000 0.666667
vt 0.437500 0.583333
vt 0.437500 0.583333
vt 0.937500 0.916667
vt 0.343750 0.833333
vt 0.468750 0.583333
vt 0.468750 0.583333
vt 0.906250 0.916667
vt 0.343750 0.666667
vt 0.500000 0.583333
vt 0.500000 0.583333
vt 0.875000 0.916667
vt 0.312500 0.833333
vt 0.531250 0.583333
vt 0.531250 0.583333
vt 0.843750 0.916667
vt 0.312500 0.666667
vt 0.562500 0.583333
vt 0.562500 0.583333
vt 0.812500 0.916667
vt 0.281250 0.833333
vt 0.593750 0.583333
vt 0.593750 0.583333
vt 0.781250 0.916667
vt 0.281250 0.666667
vt 0.625000 0.583333
vt 0.625000 0.583333
vt 1.000000 0.500000
vt 1.000000 0.583333
vt 0.968750 0.583333
vt 0.968750 0.500000
vt 0.937500 0.583333
vt 0.937500 0.500000
vt 0.906250 0.583333
vt 0.906250 0.500000
vt 0.875000 0.583333
vt 0.875000 0.500000
vt 0.843750 0.583333
vt 0.843750 0.500000
vt 0.812500 0.583333
vt 0.812500 0.500000
vt 0.781250 0.583333
vt 0.781250 0.500000
vt 0.750000 0.583333
vt 0.750000 0.500000
vt 0.718750 0.583333
vt 0.718750 0.500000
vt 0.687500 0.583333
vt 0.687500 0.500000
vt 0.656250 0.583333
vt 0.656250 0.500000
vt 0.625000 0.500000
vt 0.593750 0.500000
vt 0.562500 0.500000
vt 0.531250 0.500000
vt 0.500000 0.500000
vt 0.468750 0.500000
vt 0.437500 0.500000
vt 0.406250 0.500000
vt 0.375000 0.500000
vt 0.343750 0.500000
vt 0.312500 0.500000
vt 0.281250 0.500000
vt 0.250000 0.500000
vt 0.218750 0.500000
vt 0.187500 0.500000
vt 0.156250 0.500000
vt 0.125000 0.500000
vt 0.093750 0.500000
vt 0.062500 0.500000
vt 0.031250 0.500000
vt 0.000000 0.500000
vt 0.031250 0.666667
vt 0.000000 0.666667
vt 0.062500 0.666667
vt 0.093750 0.666667
vt 0.125000 0.666667
vt 0.156250 0.666667
vt 0.187500 0.666667
vt 0.218750 0.666667
vt 0.250000 0.666667
vt 0.656250 0.583333
vt 0.687500 0.583333
vt 0.718750 0.583333
vt 0.750000 0.583333
vt 0.781250 0.583333
vt 0.812500 0.583333
vt 0.812500 0.666667
vt 0.843750 0.583333
vt 0.843750 0.666667
vt 0.875000 0.583333
vt 0.875000 0.666667
vt 0.906250 0.583333
vt 0.906250 0.666667
vt 0.937500 0.583333
vt 0.937500 0.666667
vt 0.968750 0.583333
vt 0.968750 0.666667
vt 1.000000 0.583333
vt 1.000000 0.666667
vt 0.031250 0.833333
vt 0.000000 0.833333
vt 0.062500 0.833333
vt 0.093750 0.833333
vt 0.125000 0.833333
vt 0.156250 0.833333
vt 0.187500 0.833333
vt 0.187500 0.916667
vt 0.218750 0.833333
vt 0.218750 0.916667
vt 0.250000 0.833333
vt 0.250000 0.916667
vt 0.281250 0.916667
vt 0.312500 0.916667
vt 0.343750 0.916667
vt 0.375000 0.916667
vt 0.406250 0.916667
vt 0.437500 0.916667
vt 0.468750 0.916667
vt 0.500000 0.916667
vt 0.531250 0.916667
vt 0.562500 0.916667
vt 0.593750 0.916667
vt 0.625000 0.916667
vt 0.656250 0.916667
vt 0.687500 0.916667
vt 0.718750 0.916667
vt 0.750000 0.916667
vt 0.812500 0.833333
vt 0.843750 0.833333
vt 0.875000 0.833333
vt 0.906250 0.833333
vt 0.937500 0.833333
vt 0.968750 0.833333
vt 1.000000 0.833333
vt 0.750000 0.490000
vt 0.796822 0.485388
vt 0.296822 0.485388
vt 0.250000 0.490000
vt 0.841844 0.471731
vt 0.341844 0.471731
vt 0.883337 0.449553
vt 0.383337 0.449553
vt 0.919706 0.419706
vt 0.419706 0.419706
vt 0.949553 0.383337
vt 0.449553 0.383337
vt 0.971731 0.341844
vt 0.471731 0.341844
vt 0.985388 0.296822
vt 0.485388 0.296822
vt 0.990000 0.250000
vt 0.490000 0.250000
vt 0.985388 0.203178
vt 0.485388 0.203178
vt 0.971731 0.158156
vt 0.471731 0.158156
vt 0.949553 0.116663
vt 0.449553 0.116663
vt 0.919706 0.080294
vt 0.419706 0.080294
vt 0.883337 0.050447
vt 0.383337 0.050447
vt 0.841844 0.028269
vt 0.341844 0.028269
vt 0.796822 0.014612
vt 0.296822 0.014612
vt 0.750000 0.010000
vt 0.250000 0.010000
vt 0.703178 0.014612
vt 0.203178 0.014612
vt 0.658156 0.028269
vt 0.158156 0.028269
vt 0.616663 0.050447
vt 0.116663 0.050447
vt 0.580294 0.080294
vt 0.080294 0.080294
vt 0.550447 0.116663
vt 0.050447 0.116663
vt 0.528269 0.158156
vt 0.028269 0.158156
vt 0.514611 0.203179
vt 0.014611 0.203179
vt 0.510000 0.250000
vt 0.010000 0.250000
vt 0.514612 0.296822
vt 0.014612 0.296822
vt 0.528269 0.341844
vt 0.028269 0.341844
vt 0.550447 0.383337
vt 0.050447 0.383337
vt 0.580295 0.419706
vt 0.080295 0.419706
vt 0.616663 0.449553
vt 0.116663 0.449553
vt 0.658156 0.471731
vt 0.158156 0.471731
vt 0.703179 0.485389
vt 0.203179 0.485389
vn 0.000000 0.000000 1.000000
vn 0.000000 0.000000 1.000000
vn 0.000000 0.000000 1.000000
vn 0.000000 0.000000 -1.000000
vn 0.000000 0.000000 -1.000000
vn 0.000000 0.000000 -1.000000
vn -1.000000 -0.000001 0.000001
vn -1.000000 0.000000 0.000001
vn -0.980785 -0.195090 0.000000
vn -0.980785 -0.195090 0.000000
vn 0.000000 0.000000 1.000000
vn 0.000000 0.000000 1.000000
vn 0.000000 0.000000 1.000000
vn 0.000000 0.000000 -1.000000
vn 0.000000 0.000000 -1.000000
vn 0.000000 0.000000 -1.000000
vn -0.980785 -0.195090 0.000000
vn -0.980785 -0.195090 0.000000
vn -0.923880 -0.382683 0.000001
vn -0.923880 -0.382683 0.000001
vn 0.000000 0.000000 1.000000
vn 0.000000 0.000000 1.000000
vn 0.000000 0.000000 1.000000
vn 0.000000 0.000000 -1.000000
vn 0.000000 0.000000 -1.000000
vn 0.000000 0.000000 -1.000000
vn -0.923880 -0.382683 0.000001
vn -0.923880 -0.382683 0.000001
vn -0.831470 -0.555570 0.000000
vn -0.831470 -0.555570 0.000000
vn 0.000000 0.000000 1.000000
vn 0.000000 0.000000 1.000000
vn 0.000000 0.000000 1.000000
vn 0.000000 0.000000 -1.000000
vn 0.000000 0.000000 -1.000000
vn 0.000000 0.000000 -1.000000
vn -0.831470 -0.555570 0.000000
vn -0.831470 -0.555570 0.000000
vn -0.707107 -0.707107 -0.000001
vn -0.707107 -0.707106 -0.000001
vn 0.000000 0.000000 1.000000
vn 0.000000 0.000000 1.000000
vn 0.000000 0.000000 1.000000
vn 0.000000 0.000000 -1.000000
vn 0.000000 0.000000 -1.000000
vn 0.000000 0.000000 -1.000000
vn -0.707107 -0.707107 -0.000001
vn -0.707107 -0.707106 -0.000001
vn -0.555570 -0.831470 -0.000001
vn -0.555571 -0.831469 -0.000001
vn 0.000000 0.000000 1.000000
vn 0.000000 0.000000 1.000000
vn 0.000000 0.000000 1.000000
vn 0.000000 0.000000 -1.000000
vn 0.000000 0.000000 -1.000000
vn 0.000000 0.000000 -1.000000
vn -0.555570 -0.831470 -0.000001
vn -0.555571 -0.831469 -0.000001
vn -0.382683 -0.923880 -0.000001
vn -0.382683 -0.923880 -0.000001
vn 0.000000 0.000000 1.000000
vn 0.000000 0.000000 1.000000
vn 0.000000 0.000000 1.000000
vn 0.000000 0.000000 -1.000000
vn 0.000000 0.000000 -1.000000
vn 0.000000 0.000000 -1.000000
vn -0.382683 -0.923880 -0.000001
vn -0.382683 -0.923880 -0.000001
vn -0.195090 -0.980785 -0.000001
vn -0.195090 -0.980785 -0.000001
vn 0.000000 0.000000 1.000000
vn 0.000000 0.000000 1.000000
vn 0.000000 0.000000 1.000000
vn 0.000000 0.000000 -1.000000
vn 0.000000 0.000000 -1.000000
vn 0.000000 0.000000 -1.000000
vn -0.195090 -0.980785 -0.000001
vn -0.195090 -0.980785 -0.000001
vn 0.000000 -1.000000 -0.000001
vn 0.000000 -1.000000 -0.000001
vn 0.000000 0.000000 1.000000
vn 0.000000 0.000000 1.000000
vn 0.000000 0.000000 1.000000
vn 0.000000 0.000000 -1.000000
vn 0.000000 0.000000 -1.000000
vn 0.000000 0.000000 -1.000000
vn 0.000000 -1.000000 -0.000001
vn 0.000000 -1.000000 -0.000001
vn 0.195090 -0.980785 -0.000001
vn 0.195090 -0.980785 -0.000001
vn 0.000000 0.000000 1.000000
vn 0.000000 0.000000 1.000000
vn 0.000000 0.000000 1.000000
vn 0.000000 0.000000 -1.000000
vn 0.000000 0.000000 -1.000000
vn 0.000000 0.000000 -1.000000
vn 0.195090 -0.980785 -0.000001
vn 0.195090 -0.980785 -0.000001
vn 0.382683 -0.923880 -0.000002
vn 0.382683 -0.923880 -0.000002
vn 0.000000 0.000000 1.000000
vn 0.000000 0.000000 1.000000
vn 0.000000 0.000000 1.000000
vn 0.000000 0.000000 -1.000000
vn 0.000000 0.000000 -1.000000
vn 0.000000 0.000000 -1.000000
vn 0.382683 -0.923880 -0.000002
vn 0.382683 -0.923880 -0.000002
vn 0.555570 -0.831470 -0.000002
vn 0.555570 -0.831469 -0.000002
vn 0.000000 0.000000 1.000000
vn 0.000000 0.000000 1.000000
vn 0.000000 0.000000 1.000000
vn 0.000000 0.000000 -1.000000
vn 0.000000 0.000000 -1.000000
vn 0.000000 0.000000 -1.000000
vn 0.555570 -0.831470 -0.000002
vn 0.555570 -0.831469 -0.000002
vn 0.707107 -0.707107 -0.000002
vn 0.707107 -0.707106 -0.000002
vn 0.000000 0.000000 1.000000
vn 0.000000 0.000000 1.000000
vn 0.000000 0.000000 1.000000
vn 0.000000 0.000000 -1.000000
vn 0.000000 0.000000 -1.000000
vn 0.000000 0.000000 -1.000000
vn 0.707107 -0.707107 -0.000002
vn 0.707107 -0.707106 -0.000002
vn 0.831470 -0.555570 -0.000002
vn 0.831470 -0.555570 -0.000002
vn 0.000000 0.000000 1.000000
vn 0.000000 0.000000 1.000000
vn 0.000000 0.000000 1.000000
vn 0.000000 0.000000 -1.000000
vn 0.000000 0.000000 -1.000000
vn 0.000000 0.000000 -1.000000
vn 0.831470 -0.555570 -0.000002
vn 0.831470 -0.555570 -0.000002
vn 0.923880 -0.382683 -0.000001
vn 0.923880 -0.382683 -0.000001
vn 0.000000 0.000000 1.000000
vn 0.000000 0.000000 1.000000
vn 0.000000 0.000000 1.000000
vn 0.000000 0.000000 -1.000000
vn 0.000000 0.000000 -1.000000
vn 0.000000 0.000000 -1.000000
vn 0.923880 -0.382683 -0.000001
vn 0.923880 -0.382683 -0.000001
vn 0.980785 -0.195090 0.000000
vn 0.980785 -0.195090 0.000000
vn 0.000000 0.000000 1.000000
vn 0.000000 0.000000 1.000000
vn 0.000000 0.000000 1.000000
vn 0.000000 0.000000 -1.000000
vn 0.000000 0.000000 -1.000000
vn 0.000000 0.000000 -1.000000
vn 0.980785 -0.195090 0.000000
vn 0.980785 -0.195090 0.000000
vn 1.000000 0.000000 0.000000
vn 1.000000 0.000000 0.000000
vn 0.000000 0.000000 1.000000
vn 0.000000 0.000000 1.000000
vn 0.000000 0.000000 1.000000
vn 0.000000 0.000000 -1.000000
vn 0.000000 0.000000 -1.000000
vn 0.000000 0.000000 -1.000000
vn 1.000000 0.000000 0.000000
vn 1.000000 0.000000 0.000000
vn 0.980785 0.195091 0.000000
vn 0.980785 0.195091 0.000000
vn 0.000000 0.000000 1.000000
vn 0.000000 0.000000 1.000000
vn 0.000000 0.000000 1.000000
vn 0.000000 0.000000 -1.000000
vn 0.000000 0.000000 -1.000000
vn 0.000000 0.000000 -1.000000
vn 0.980785 0.195091 0.000000
vn 0.980785 0.195091 0.000000
vn 0.923879 0.382684 0.000000
vn 0.923879 0.382684 0.000000
vn 0.000000 0.000000 1.000000
vn 0.000000 0.000000 1.000000
vn 0.000000 0.000000 1.000000
vn 0.000000 0.000000 -1.000000
vn 0.000000 0.000000 -1.000000
vn 0.000000 0.000000 -1.000000
vn 0.923879 0.382684 0.000000
vn 0.923879 0.382684 0.000000
vn 0.831470 0.555570 0.000001
vn 0.831469 0.555571 0.000001
vn 0.000000 0.000000 1.000000
vn 0.000000 0.000000 1.000000
vn 0.000000 0.000000 1.000000
vn 0.000000 0.000000 -1.000000
vn 0.000000 0.000000 -1.000000
vn 0.000000 0.000000 -1.000000
vn 0.831470 0.555570 0.000001
vn 0.831469 0.555571 0.000001
vn 0.707107 0.707107 0.000001
vn 0.707106 0.707107 0.000001
vn 0.000000 0.000000 1.000000
vn 0.000000 0.000000 1.000000
vn 0.000000 0.000000 1.000000
vn 0.000000 0.000000 -1.000000
vn 0.000000 0.000000 -1.000000
vn 0.000000 0.000000 -1.000000
vn 0.707107 0.707107 0.000001
vn 0.707106 0.707107 0.000001
vn 0.555570 0.831470 0.000001
vn 0.555569 0.831470 0.000001
vn 0.000000 0.000000 1.000000
vn 0.000000 0.000000 1.000000
vn 0.000000 0.000000 1.000000
vn 0.000000 0.000000 -1.000000
vn 0.000000 0.000000 -1.000000
vn 0.000000 0.000000 -1.000000
vn 0.555570 0.831470 0.000001
vn 0.555569 0.831470 0.000001
vn 0.382683 0.923880 0.000001
vn 0.382682 0.923880 0.000001
vn 0.000000 0.000000 1.000000
vn 0.000000 0.000000 1.000000
vn 0.000000 0.000000 1.000000
vn 0.000000 0.000000 -1.000000
vn 0.000000 0.000000 -1.000000
vn 0.000000 0.000000 -1.000000
vn 0.382683 0.923880 0.000001
vn 0.382682 0.923880 0.000001
vn 0.195089 0.980786 0.000001
vn 0.195089 0.980786 0.000001
vn 0.000000 0.000000 1.000000
vn 0.000000 0.000000 1.000000
vn 0.000000 0.000000 1.000000
vn 0.000000 0.000000 -1.000000
vn 0.000000 0.000000 -1.000000
vn 0.000000 0.000000 -1.000000
vn 0.195089 0.980786 0.000001
vn 0.195089 0.980786 0.000001
vn -0.000001 1.000000 0.000001
vn -0.000001 1.000000 0.000001
vn 0.000000 0.000000 1.000000
vn 0.000000 0.000000 1.000000
vn 0.000000 0.000000 1.000000
vn 0.000000 0.000000 -1.000000
vn 0.000000 0.000000 -1.000000
vn 0.000000 0.000000 -1.000000
vn -0.000001 1.000000 0.000001
vn -0.000001 1.000000 0.000001
vn -0.195091 0.980785 0.000001
vn -0.195091 0.980785 0.000001
vn 0.000000 0.000000 1.000000
vn 0.000000 0.000000 1.000000
vn 0.000000 0.000000 1.000000
vn 0.000000 0.000000 -1.000000
vn 0.000000 0.000000 -1.000000
vn 0.000000 0.000000 -1.000000
vn -0.195091 0.980785 0.000001
vn -0.195091 0.980785 0.000001
vn -0.382685 0.923879 0.000002
vn -0.382685 0.923879 0.000002
vn 0.000000 0.000000 1.000000
vn 0.000000 0.000000 1.000000
vn 0.000000 0.000000 1.000000
vn 0.000000 0.000000 -1.000000
vn 0.000000 0.000000 -1.000000
vn 0.000000 0.000000 -1.000000
vn -0.382685 0.923879 0.000002
vn -0.382685 0.923879 0.000002
vn -0.555571 0.831469 0.000002
vn -0.555571 0.831469 0.000002
vn 0.000000 0.000000 1.000000
vn 0.000000 0.000000 1.000000
vn 0.000000 0.000000 1.000000
vn 0.000000 0.000000 -1.000000
vn 0.000000 0.000000 -1.000000
vn 0.000000 0.000000 -1.000000
vn -0.555571 0.831469 0.000002
vn -0.555571 0.831469 0.000002
vn -0.707108 0.707106 0.000002
vn -0.707107 0.707106 0.000002
vn 0.000000 0.000000 1.000000
vn 0.000000 0.000000 1.000000
vn 0.000000 0.000000 1.000000
vn 0.000000 0.000000 -1.000000
vn 0.000000 0.000000 -1.000000
vn 0.000000 0.000000 -1.000000
vn -0.707108 0.707106 0.000002
vn -0.707107 0.707106 0.000002
vn -0.831470 0.555569 0.000001
vn -0.831470 0.555570 0.000001
vn 0.000000 0.000000 1.000000
vn 0.000000 0.000000 1.000000
vn 0.000000 0.000000 1.000000
vn 0.000000 0.000000 -1.000000
vn 0.000000 0.000000 -1.000000
vn 0.000000 0.000000 -1.000000
vn -0.831470 0.555569 0.000001
vn -0.831470 0.555570 0.000001
vn -0.923880 0.382682 0.000001
vn -0.923880 0.382682 0.000001
vn 0.000000 0.000000 1.000000
vn 0.000000 0.000000 1.000000
vn 0.000000 0.000000 1.000000
vn 0.000000 0.000000 -1.000000
vn 0.000000 0.000000 -1.000000
vn 0.000000 0.000000 -1.000000
vn -0.923880 0.382682 0.000001
vn -0.923880 0.382682 0.000001
vn -0.980786 0.195089 0.000001
vn -0.980786 0.195089 0.000001
vn 0.000000 0.000000 1.000000
vn 0.000000 0.000000 1.000000
vn 0.000000 0.000000 1.000000
vn 0.000000 0.000000 -1.000000
vn 0.000000 0.000000 -1.000000
vn 0.000000 0.000000 -1.000000
vn -0.980786 0.195089 0.000001
vn -0.980786 0.195089 0.000001
vn -1.000000 -0.000001 0.000001
vn -1.000000 0.000000 0.000001
vn 0.000000 0.000000 1.000000
vn 0.000001 0.000000 1.000000
vn 0.000000 0.000000 1.000000
vn 0.000001 0.000000 1.000000
vn -0.980786 0.195089 -0.000000
vn -0.980786 0.195089 -0.000000
vn -1.000000 0.000000 0.000000
vn -1.000000 0.000000 0.000000
vn -0.000001 0.000002 -1.000000
vn -0.000001 0.000001 -1.000000
vn -0.000001 0.000002 -1.000000
vn -0.000001 0.000001 -1.000000
vn -0.923880 0.382682 -0.000000
vn -0.923880 0.382682 -0.000000
vn -0.980786 0.195089 -0.000000
vn -0.980786 0.195089 -0.000000
vn -0.000000 0.000001 -1.000000
vn -0.000000 0.000001 -1.000000
vn -0.000000 0.000001 -1.000000
vn -0.000000 0.000001 -1.000000
vn -0.831470 0.555569 -0.000000
vn -0.831470 0.555569 -0.000000
vn -0.923880 0.382682 -0.000000
vn -0.923880 0.382682 -0.000000
vn -0.000001 0.000001 -1.000000
vn -0.000001 0.000000 -1.000000
vn -0.000001 0.000001 -1.000000
vn -0.000001 0.000000 -1.000000
vn -0.707108 0.707106 -0.000000
vn -0.707108 0.707106 -0.000000
vn -0.831470 0.555569 -0.000000
vn -0.831470 0.555569 -0.000000
vn 0.000000 0.000000 1.000000
vn 0.000000 0.000000 1.000000
vn 0.000000 0.000000 1.000000
vn 0.000000 0.000000 1.000000
vn -0.555571 0.831469 -0.000000
vn -0.555571 0.831469 -0.000000
vn -0.707108 0.707106 -0.000000
vn -0.707108 0.707106 -0.000000
vn -0.000001 0.000000 -1.000000
vn -0.000001 0.000001 -1.000000
vn -0.000001 0.000000 -1.000000
vn -0.000001 0.000001 -1.000000
vn -0.382684 0.923879 -0.000000
vn -0.382685 0.923879 -0.000000
vn -0.555571 0.831469 -0.000000
vn -0.555571 0.831469 -0.000000
vn -0.000000 0.000001 -1.000000
vn -0.000000 0.000002 -1.000000
vn -0.000000 0.000001 -1.000000
vn -0.000000 0.000002 -1.000000
vn -0.195091 0.980785 -0.000000
vn -0.195091 0.980785 -0.000000
vn -0.382684 0.923879 -0.000000
vn -0.382685 0.923879 -0.000000
vn -0.000001 0.000001 -1.000000
vn -0.000001 0.000000 -1.000000
vn -0.000001 0.000001 -1.000000
vn -0.000001 0.000000 -1.000000
vn -0.000001 1.000000 -0.000000
vn -0.000001 1.000000 -0.000000
vn -0.195091 0.980785 -0.000000
vn -0.195091 0.980785 -0.000000
vn 0.000000 0.000000 1.000000
vn 0.000000 0.000000 1.000000
vn 0.000000 0.000000 1.000000
vn 0.000000 0.000000 1.000000
vn 0.195089 0.980786 0.000000
vn 0.195090 0.980785 0.000000
vn -0.000001 1.000000 -0.000000
vn -0.000001 1.000000 -0.000000
vn -0.000001 0.000000 -1.000000
vn -0.000001 0.000000 -1.000000
vn -0.000001 0.000000 -1.000000
vn -0.000001 0.000000 -1.000000
vn 0.382683 0.923880 0.000000
vn 0.382683 0.923880 0.000000
vn 0.195089 0.980786 0.000000
vn 0.195090 0.980785 0.000000
vn -0.000000 0.000002 -1.000000
vn -0.000001 0.000002 -1.000000
vn -0.000000 0.000002 -1.000000
vn -0.000001 0.000002 -1.000000
vn 0.555570 0.831470 0.000000
vn 0.555570 0.831470 0.000000
vn 0.382683 0.923880 0.000000
vn 0.382683 0.923880 0.000000
vn 0.000000 0.000000 1.000000
vn 0.000000 0.000000 1.000000
vn 0.000000 0.000000 1.000000
vn 0.000000 0.000000 1.000000
vn 0.707106 0.707107 0.000000
vn 0.707106 0.707107 0.000000
vn 0.555570 0.831470 0.000000
vn 0.555570 0.831470 0.000000
vn -0.000001 0.000002 -1.000000
vn -0.000001 0.000002 -1.000000
vn -0.000001 0.000002 -1.000000
vn -0.000001 0.000002 -1.000000
vn 0.831469 0.555571 0.000000
vn 0.831469 0.555571 0.000000
vn 0.707106 0.707107 0.000000
vn 0.707106 0.707107 0.000000
vn 0.000000 0.000000 1.000000
vn 0.000000 0.000000 1.000000
vn 0.000000 0.000000 1.000000
vn 0.000000 0.000000 1.000000
vn 0.923879 0.382684 0.000000
vn 0.923879 0.382684 0.000000
vn 0.831469 0.555571 0.000000
vn 0.831469 0.555571 0.000000
vn -0.000001 0.000002 -1.000000
vn -0.000001 0.000001 -1.000000
vn -0.000001 0.000002 -1.000000
vn -0.000001 0.000001 -1.000000
vn 0.980785 0.195091 0.000000
vn 0.980785 0.195091 0.000000
vn 0.923879 0.382684 0.000000
vn 0.923879 0.382684 0.000000
vn 0.000000 0.000000 1.000000
vn 0.000000 0.000000 1.000000
vn 0.000000 0.000000 1.000000
vn 0.000000 0.000000 1.000000
vn 1.000000 0.000000 0.000000
vn 1.000000 0.000000 0.000000
vn 0.980785 0.195091 0.000000
vn 0.980785 0.195091 0.000000
vn -0.000001 0.000001 -1.000000
vn -0.000001 0.000001 -1.000000
vn -0.000001 0.000001 -1.000000
vn -0.000001 0.000001 -1.000000
vn 0.980785 -0.195090 0.000000
vn 0.980785 -0.195090 0.000000
vn 1.000000 0.000000 0.000000
vn 1.000000 0.000000 0.000000
vn 0.000000 0.000000 1.000000
vn 0.000000 0.000000 1.000000
vn 0.000000 0.000000 1.000000
vn 0.000000 0.000000 1.000000
vn 0.923880 -0.382683 0.000000
vn 0.923880 -0.382683 0.000000
vn 0.980785 -0.195090 0.000000
vn 0.980785 -0.195090 0.000000
vn 0.000000 0.000000 1.000000
vn 0.000000 0.000000 1.000000
vn 0.000000 0.000000 1.000000
vn 0.000000 0.000000 1.000000
vn 0.831470 -0.555570 0.000000
vn 0.831470 -0.555570 0.000000
vn 0.923880 -0.382683 0.000000
vn 0.923880 -0.382683 0.000000
vn -0.000001 0.000001 -1.000000
vn -0.000001 0.000001 -1.000000
vn -0.000001 0.000001 -1.000000
vn -0.000001 0.000001 -1.000000
vn 0.707107 -0.707107 0.000000
vn 0.707107 -0.707107 0.000000
vn 0.831470 -0.555570 0.000000
vn 0.831470 -0.555570 0.000000
vn 0.000000 0.000000 1.000000
vn 0.000000 0.000000 1.000000
vn 0.000000 0.000000 1.000000
vn 0.000000 0.000000 1.000000
vn 0.555570 -0.831470 0.000000
vn 0.555570 -0.831470 0.000000
vn 0.707107 -0.707107 0.000000
vn 0.707107 -0.707107 0.000000
vn 0.000000 0.000000 1.000000
vn 0.000000 0.000000 1.000000
vn 0.000000 0.000000 1.000000
vn 0.000000 0.000000 1.000000
vn 0.382683 -0.923880 0.000000
vn 0.382683 -0.923880 0.000000
vn 0.555570 -0.831470 0.000000
vn 0.555570 -0.831470 0.000000
vn 0.000000 0.000000 1.000000
vn 0.000000 0.000000 1.000000
vn 0.000000 0.000000 1.000000
vn 0.000000 0.000000 1.000000
vn 0.195090 -0.980785 0.000000
vn 0.195090 -0.980785 0.000000
vn 0.382683 -0.923880 0.000000
vn 0.382683 -0.923880 0.000000
vn -0.000001 0.000001 -1.000000
vn -0.000001 0.000001 -1.000000
vn -0.000001 0.000001 -1.000000
vn -0.000001 0.000001 -1.000000
vn 0.000000 -1.000000 0.000000
vn 0.000000 -1.000000 0.000000
vn 0.195090 -0.980785 0.000000
vn 0.195090 -0.980785 0.000000
vn 0.000000 0.000000 1.000000
vn 0.000000 0.000000 1.000000
vn 0.000000 0.000000 1.000000
vn 0.000000 0.000000 1.000000
vn -0.195090 -0.980785 0.000000
vn -0.195090 -0.980785 0.000000
vn 0.000000 -1.000000 0.000000
vn 0.000000 -1.000000 0.000000
vn 0.000000 0.000000 1.000000
vn 0.000000 0.000000 1.000000
vn 0.000000 0.000000 1.000000
vn 0.000000 0.000000 1.000000
vn -0.382683 -0.923880 0.000000
vn -0.382683 -0.923880 0.000000
vn -0.195090 -0.980785 0.000000
vn -0.195090 -0.980785 0.000000
vn 0.000000 0.000000 1.000000
vn 0.000000 0.000000 1.000000
vn 0.000000 0.000000 1.000000
vn 0.000000 0.000000 1.000000
vn -0.555570 -0.831470 0.000000
vn -0.555570 -0.831470 0.000000
vn -0.382683 -0.923880 0.000000
vn -0.382683 -0.923880 0.000000
vn -0.000001 0.000001 -1.000000
vn -0.000001 0.000000 -1.000000
vn -0.000001 0.000001 -1.000000
vn -0.000001 0.000000 -1.000000
vn -0.707107 -0.707107 0.000000
vn -0.707107 -0.707107 0.000000
vn -0.555570 -0.831470 0.000000
vn -0.555570 -0.831470 0.000000
vn 0.000000 0.000000 1.000000
vn 0.000000 0.000000 1.000000
vn 0.000000 0.000000 1.000000
vn 0.000000 0.000000 1.000000
vn -0.831470 -0.555570 0.000000
vn -0.831470 -0.555570 0.000000
vn -0.707107 -0.707107 0.000000
vn -0.707107 -0.707107 0.000000
vn 0.000000 -0.000000 1.000000
vn 0.000000 0.000000 1.000000
vn 0.000000 -0.000000 1.000000
vn 0.000000 0.000000 1.000000
vn -0.923880 -0.382683 0.000000
vn -0.923880 -0.382683 0.000000
vn -0.831470 -0.555570 0.000000
vn -0.831470 -0.555570 0.000000
vn 0.000000 0.000000 1.000000
vn 0.000000 0.000000 1.000000
vn 0.000000 0.000000 1.000000
vn 0.000000 0.000000 1.000000
vn -0.980785 -0.195090 0.000000
vn -0.980785 -0.195090 0.000000
vn -0.923880 -0.382683 0.000000
vn -0.923880 -0.382683 0.000000
vn -0.000001 0.000000 -1.000000
vn -0.000001 0.000000 -1.000000
vn -0.000001 0.000000 -1.000000
vn -0.000001 0.000000 -1.000000
vn -1.000000 0.000000 0.000000
vn -1.000000 0.000000 0.000000
vn -0.980785 -0.195090 0.000000
vn -0.980785 -0.195090 0.000000
vn 0.000000 0.000000 1.000000
vn 0.000000 0.000000 1.000000
vn 0.000000 0.000000 1.000000
vn 0.000000 0.000000 1.000000
vn 0.000000 -0.000001 1.000000
vn 0.000000 -0.000000 1.000000
vn 0.000000 -0.000001 1.000000
vn 0.000000 -0.000000 1.000000
vn 0.000000 0.000000 1.000000
vn 0.000000 -0.000000 1.000000
vn 0.000000 0.000000 1.000000
vn 0.000000 -0.000000 1.000000
vn -0.000001 0.000000 -1.000000
vn -0.000001 0.000000 -1.000000
vn -0.000001 0.000000 -1.000000
vn -0.000001 0.000000 -1.000000
vn 0.000000 -0.000000 1.000000
vn 0.000000 0.000000 1.000000
vn 0.000000 -0.000000 1.000000
vn 0.000000 0.000000 1.000000
vn 0.000000 -0.000001 1.000000
vn 0.000000 -0.000001 1.000000
vn 0.000000 -0.000001 1.000000
vn 0.000000 -0.000001 1.000000
vn 0.000000 0.000000 1.000000
vn 0.000000 0.000001 1.000000
vn 0.000000 0.000000 1.000000
vn 0.000000 0.000001 1.000000
vn -0.000001 0.000000 -1.000000
vn -0.000001 0.000000 -1.000000
vn -0.000001 0.000000 -1.000000
vn -0.000001 0.000000 -1.000000
vn 0.000000 0.000001 1.000000
vn 0.000000 0.000000 1.000000
vn 0.000000 0.000001 1.000000
vn 0.000000 0.000000 1.000000
vn 0.000000 0.000000 1.000000
vn 0.000000 -0.000001 1.000000
vn 0.000000 0.000000 1.000000
vn 0.000000 -0.000001 1.000000
vn 0.000000 0.000000 1.000000
vn 0.000001 0.000000 1.000000
vn 0.000000 0.000000 1.000000
vn 0.000001 0.000000 1.000000
vn -0.000001 0.000000 -1.000000
vn -0.000001 0.000000 -1.000000
vn -0.000001 0.000000 -1.000000
vn -0.000001 0.000000 -1.000000
vn -0.000001 0.000000 -1.000000
vn -0.000001 0.000000 -1.000000
vn -0.000001 0.000000 -1.000000
vn -0.000001 0.000000 -1.000000
vn 0.000001 0.000000 1.000000
vn 0.000001 -0.000000 1.000000
vn 0.000001 0.000000 1.000000
vn 0.000001 -0.000000 1.000000
vn -0.000001 0.000000 -1.000000
vn -0.000001 -0.000001 -1.000000
vn -0.000001 0.000000 -1.000000
vn -0.000001 -0.000001 -1.000000
vn 0.000000 0.000000 1.000000
vn 0.000000 0.000000 1.000000
vn 0.000000 0.000000 1.000000
vn 0.000000 0.000000 1.000000
vn 0.000001 -0.000000 1.000000
vn 0.000001 -0.000000 1.000000
vn 0.000001 -0.000000 1.000000
vn 0.000001 -0.000000 1.000000
vn -0.000001 -0.000001 -1.000000
vn -0.000001 0.000000 -1.000000
vn -0.000001 -0.000001 -1.000000
vn -0.000001 0.000000 -1.000000
vn -0.000001 0.000000 -1.000000
vn -0.000001 0.000000 -1.000000
vn -0.000001 0.000000 -1.000000
vn -0.000001 0.000000 -1.000000
vn 0.000001 -0.000000 1.000000
vn 0.000001 0.000000 1.000000
vn 0.000001 -0.000000 1.000000
vn 0.000001 0.000000 1.000000
vn -0.000001 0.000000 -1.000000
vn 0.000000 0.000000 -1.000000
vn -0.000001 0.000000 -1.000000
vn 0.000000 0.000000 -1.000000
vn 0.000000 -0.000001 1.000000
vn 0.000000 0.000000 1.000000
vn 0.000000 -0.000001 1.000000
vn 0.000000 0.000000 1.000000
vn 0.000001 0.000000 1.000000
vn 0.000001 -0.000000 1.000000
vn 0.000001 0.000000 1.000000
vn 0.000001 -0.000000 1.000000
vn 0.000000 0.000000 -1.000000
vn 0.000000 0.000000 -1.000000
vn 0.000000 0.000000 -1.000000
vn 0.000000 0.000000 -1.000000
vn -0.000001 0.000000 -1.000000
vn 0.000000 0.000000 -1.000000
vn -0.000001 0.000000 -1.000000
vn 0.000000 0.000000 -1.000000
vn 0.000001 -0.000000 1.000000
vn 0.000001 -0.000000 1.000000
vn 0.000001 -0.000000 1.000000
vn 0.000001 -0.000000 1.000000
vn 0.000000 0.000000 -1.000000
vn 0.000000 0.000000 -1.000000
vn 0.000000 0.000000 -1.000000
vn 0.000000 0.000000 -1.000000
vn 0.000000 -0.000001 1.000000
vn 0.000000 -0.000001 1.000000
vn 0.000000 -0.000001 1.000000
vn 0.000000 -0.000001 1.000000
vn 0.000001 -0.000000 1.000000
vn 0.000001 0.000000 1.000000
vn 0.000001 -0.000000 1.000000
vn 0.000001 0.000000 1.000000
vn 0.000000 0.000000 -1.000000
vn 0.000000 -0.000001 -1.000000
vn 0.000000 0.000000 -1.000000
vn 0.000000 -0.000001 -1.000000
vn 0.000000 0.000000 -1.000000
vn 0.000000 0.000000 -1.000000
vn 0.000000 0.000000 -1.000000
vn 0.000000 0.000000 -1.000000
vn 0.000001 0.000000 1.000000
vn 0.000001 -0.000000 1.000000
vn 0.000001 0.000000 1.000000
vn 0.000001 -0.000000 1.000000
vn -1.000000 0.000000 0.000000
vn -1.000000 0.000000 0.000000
vn -0.980785 -0.195090 0.000000
vn -0.980785 -0.195090 0.000000
vn -0.980785 -0.195090 0.000000
vn -0.980785 -0.195090 0.000000
vn -0.923879 -0.382684 -0.000001
vn -0.923880 -0.382683 -0.000001
vn -0.923879 -0.382684 -0.000001
vn -0.923880 -0.382683 -0.000001
vn -0.831469 -0.555570 -0.000001
vn -0.831470 -0.555570 -0.000001
vn -0.831469 -0.555570 -0.000001
vn -0.831470 -0.555570 -0.000001
vn -0.707107 -0.707107 0.000000
vn -0.707107 -0.707107 0.000000
vn -0.707107 -0.707107 0.000000
vn -0.707107 -0.707107 0.000000
vn -0.555570 -0.831470 -0.000001
vn -0.555571 -0.831469 -0.000001
vn -0.555570 -0.831470 -0.000001
vn -0.555571 -0.831469 -0.000001
vn -0.382683 -0.923880 -0.000001
vn -0.382683 -0.923880 -0.000001
vn -0.382683 -0.923880 -0.000001
vn -0.382683 -0.923880 -0.000001
vn -0.195090 -0.980785 -0.000001
vn -0.195090 -0.980785 -0.000001
vn -0.195090 -0.980785 -0.000001
vn -0.195090 -0.980785 -0.000001
vn 0.000000 -1.000000 -0.000001
vn 0.000000 -1.000000 -0.000001
vn 0.000000 -1.000000 -0.000001
vn 0.000000 -1.000000 -0.000001
vn 0.195090 -0.980785 -0.000001
vn 0.195090 -0.980785 -0.000001
vn 0.195090 -0.980785 -0.000001
vn 0.195090 -0.980785 -0.000001
vn 0.382684 -0.923879 -0.000002
vn 0.382684 -0.923879 -0.000002
vn 0.382684 -0.923879 -0.000002
vn 0.382684 -0.923879 -0.000002
vn 0.555570 -0.831470 -0.000002
vn 0.555570 -0.831470 -0.000002
vn 0.555570 -0.831470 -0.000002
vn 0.555570 -0.831470 -0.000002
vn 0.707106 -0.707107 -0.000001
vn 0.707107 -0.707107 -0.000001
vn 0.707106 -0.707107 -0.000001
vn 0.707107 -0.707107 -0.000001
vn 0.831469 -0.555570 -0.000001
vn 0.831470 -0.555570 -0.000001
vn 0.831469 -0.555570 -0.000001
vn 0.831470 -0.555570 -0.000001
vn 0.923880 -0.382683 -0.000001
vn 0.923880 -0.382683 -0.000001
vn 0.923880 -0.382683 -0.000001
vn 0.923880 -0.382683 -0.000001
vn 0.980785 -0.195090 -0.000001
vn 0.980785 -0.195090 -0.000001
vn 0.980785 -0.195090 -0.000001
vn 0.980785 -0.195090 -0.000001
vn 1.000000 0.000000 0.000000
vn 1.000000 0.000001 0.000000
vn 1.000000 0.000000 0.000000
vn 1.000000 0.000001 0.000000
vn 0.980785 0.195091 0.000000
vn 0.980785 0.195091 0.000000
vn 0.980785 0.195091 0.000000
vn 0.980785 0.195091 0.000000
vn 0.923880 0.382683 0.000000
vn 0.923879 0.382684 0.000000
vn 0.923880 0.382683 0.000000
vn 0.923879 0.382684 0.000000
vn 0.831470 0.555570 0.000000
vn 0.831469 0.555571 0.000000
vn 0.831470 0.555570 0.000000
vn 0.831469 0.555571 0.000000
vn 0.707107 0.707107 0.000001
vn 0.707106 0.707107 0.000001
vn 0.707107 0.707107 0.000001
vn 0.707106 0.707107 0.000001
vn 0.555570 0.831470 0.000001
vn 0.555570 0.831470 0.000001
vn 0.555570 0.831470 0.000001
vn 0.555570 0.831470 0.000001
vn 0.382683 0.923880 0.000001
vn 0.382683 0.923880 0.000001
vn 0.382683 0.923880 0.000001
vn 0.382683 0.923880 0.000001
vn 0.195089 0.980786 0.000001
vn 0.195089 0.980786 0.000001
vn 0.195089 0.980786 0.000001
vn 0.195089 0.980786 0.000001
vn -0.000001 1.000000 0.000001
vn -0.000001 1.000000 0.000001
vn -0.000001 1.000000 0.000001
vn -0.000001 1.000000 0.000001
vn -0.195091 0.980785 0.000001
vn -0.195091 0.980785 0.000001
vn -0.195091 0.980785 0.000001
vn -0.195091 0.980785 0.000001
vn -0.382684 0.923879 0.000002
vn -0.382684 0.923879 0.000002
vn -0.382684 0.923879 0.000002
vn -0.382684 0.923879 0.000002
vn -0.555571 0.831469 0.000002
vn -0.555571 0.831469 0.000002
vn -0.555571 0.831469 0.000002
vn -0.555571 0.831469 0.000002
vn -0.707108 0.707106 0.000002
vn -0.707108 0.707106 0.000002
vn -0.707108 0.707106 0.000002
vn -0.707108 0.707106 0.000002
vn -0.831471 0.555569 0.000001
vn -0.831470 0.555569 0.000001
vn -0.831471 0.555569 0.000001
vn -0.831470 0.555569 0.000001
vn -0.923880 0.382682 0.000001
vn -0.923880 0.382682 0.000001
vn -0.923880 0.382682 0.000001
vn -0.923880 0.382682 0.000001
vn -0.980786 0.195089 0.000000
vn -0.980786 0.195089 0.000000
vn -0.980786 0.195089 0.000000
vn -0.980786 0.195089 0.000000
vn -1.000000 0.000000 0.000000
vn -1.000000 0.000000 0.000000
vn -0.980786 0.195089 0.000000
vn -0.980786 0.195089 0.000000
vn -1.000000 0.000000 0.000000
vn -1.000000 0.000000 0.000000
vn -0.923880 0.382682 0.000000
vn -0.923880 0.382682 0.000000
vn -0.980786 0.195089 0.000000
vn -0.980786 0.195089 0.000000
vn -0.831470 0.555569 0.000000
vn -0.831470 0.555569 0.000000
vn -0.923880 0.382682 0.000000
vn -0.923880 0.382682 0.000000
vn -0.707108 0.707106 0.000000
vn -0.707108 0.707106 0.000000
vn -0.831470 0.555569 0.000000
vn -0.831470 0.555569 0.000000
vn -0.555571 0.831469 0.000000
vn -0.555571 0.831469 0.000000
vn -0.707108 0.707106 0.000000
vn -0.707108 0.707106 0.000000
vn -0.382684 0.923879 0.000000
vn -0.382684 0.923879 0.000000
vn -0.555571 0.831469 0.000000
vn -0.555571 0.831469 0.000000
vn -0.195091 0.980785 0.000000
vn -0.195091 0.980785 0.000000
vn -0.382684 0.923879 0.000000
vn -0.382684 0.923879 0.000000
vn -0.000001 1.000000 0.000000
vn -0.000001 1.000000 0.000000
vn -0.195091 0.980785 0.000000
vn -0.195091 0.980785 0.000000
vn 0.195089 0.980786 0.000000
vn 0.195089 0.980786 0.000000
vn -0.000001 1.000000 0.000000
vn -0.000001 1.000000 0.000000
vn 0.382682 0.923880 0.000000
vn 0.382682 0.923880 0.000000
vn 0.195089 0.980786 0.000000
vn 0.195089 0.980786 0.000000
vn 0.555570 0.831470 0.000000
vn 0.555570 0.831470 0.000000
vn 0.382682 0.923880 0.000000
vn 0.382682 0.923880 0.000000
vn 0.707106 0.707107 0.000000
vn 0.707106 0.707107 0.000000
vn 0.555570 0.831470 0.000000
vn 0.555570 0.831470 0.000000
vn 0.831469 0.555571 0.000000
vn 0.831469 0.555571 0.000000
vn 0.707106 0.707107 0.000000
vn 0.707106 0.707107 0.000000
vn 0.923879 0.382684 0.000000
vn 0.923879 0.382684 0.000000
vn 0.831469 0.555571 0.000000
vn 0.831469 0.555571 0.000000
vn 0.980785 0.195091 0.000000
vn 0.980785 0.195091 0.000000
vn 0.923879 0.382684 0.000000
vn 0.923879 0.382684 0.000000
vn 1.000000 0.000000 0.000000
vn 1.000000 0.000000 0.000000
vn 0.980785 0.195091 0.000000
vn 0.980785 0.195091 0.000000
vn 0.980785 -0.195090 0.000000
vn 0.980785 -0.195090 0.000000
vn 1.000000 0.000000 0.000000
vn 1.000000 0.000000 0.000000
vn 0.923880 -0.382683 0.000000
vn 0.923880 -0.382683 0.000000
vn 0.980785 -0.195090 0.000000
vn 0.980785 -0.195090 0.000000
vn 0.831470 -0.555570 0.000000
vn 0.831470 -0.555570 0.000000
vn 0.923880 -0.382683 0.000000
vn 0.923880 -0.382683 0.000000
vn 0.707107 -0.707107 0.000000
vn 0.707107 -0.707107 0.000000
vn 0.831470 -0.555570 0.000000
vn 0.831470 -0.555570 0.000000
vn 0.555570 -0.831470 0.000000
vn 0.555570 -0.831470 0.000000
vn 0.707107 -0.707107 0.000000
vn 0.707107 -0.707107 0.000000
vn 0.382683 -0.923880 0.000000
vn 0.382683 -0.923880 0.000000
vn 0.555570 -0.831470 0.000000
vn 0.555570 -0.831470 0.000000
vn 0.195090 -0.980785 0.000000
vn 0.195090 -0.980785 0.000000
vn 0.382683 -0.923880 0.000000
vn 0.382683 -0.923880 0.000000
vn 0.000000 -1.000000 0.000000
vn 0.000000 -1.000000 0.000000
vn 0.195090 -0.980785 0.000000
vn 0.195090 -0.980785 0.000000
vn -0.195091 -0.980785 0.000000
vn -0.195090 -0.980785 0.000000
vn 0.000000 -1.000000 0.000000
vn 0.000000 -1.000000 0.000000
vn -0.382683 -0.923880 0.000000
vn -0.382683 -0.923880 0.000000
vn -0.195091 -0.980785 0.000000
vn -0.195090 -0.980785 0.000000
vn -0.555570 -0.831470 0.000000
vn -0.555570 -0.831470 0.000000
vn -0.382683 -0.923880 0.000000
vn -0.382683 -0.923880 0.000000
vn -0.707107 -0.707107 0.000000
vn -0.707107 -0.707107 0.000000
vn -0.555570 -0.831470 0.000000
vn -0.555570 -0.831470 0.000000
vn -0.831470 -0.555570 0.000000
vn -0.831470 -0.555570 0.000000
vn -0.707107 -0.707107 0.000000
vn -0.707107 -0.707107 0.000000
vn -0.923880 -0.382683 0.000000
vn -0.923879 -0.382684 0.000000
vn -0.831470 -0.555570 0.000000
vn -0.831470 -0.555570 0.000000
vn -0.980785 -0.195090 0.000000
vn -0.980785 -0.195090 0.000000
vn -0.923880 -0.382683 0.000000
vn -0.923879 -0.382684 0.000000
vn -1.000000 0.000000 0.000000
vn -1.000000 0.000000 0.000000
vn -0.980785 -0.195090 0.000000
vn -0.980785 -0.195090 0.000000
vn -0.980786 0.195089 0.000000
vn -0.980786 0.195089 0.000000
vn -1.000000 0.000000 0.000000
vn -1.000000 0.000000 0.000000
vn -0.923880 0.382682 -0.000000
vn -0.923880 0.382682 -0.000000
vn -0.980786 0.195089 0.000000
vn -0.980786 0.195089 0.000000
vn -0.831470 0.555569 0.000000
vn -0.831470 0.555569 0.000000
vn -0.923880 0.382682 -0.000000
vn -0.923880 0.382682 -0.000000
vn -0.707107 0.707106 0.000000
vn -0.707107 0.707106 0.000000
vn -0.831470 0.555569 0.000000
vn -0.831470 0.555569 0.000000
vn -0.555571 0.831469 0.000000
vn -0.555571 0.831469 0.000000
vn -0.707107 0.707106 0.000000
vn -0.707107 0.707106 0.000000
vn -0.382684 0.923879 0.000000
vn -0.382684 0.923879 0.000000
vn -0.555571 0.831469 0.000000
vn -0.555571 0.831469 0.000000
vn -0.195091 0.980785 0.000000
vn -0.195091 0.980785 0.000000
vn -0.382684 0.923879 0.000000
vn -0.382684 0.923879 0.000000
vn -0.000001 1.000000 0.000000
vn -0.000001 1.000000 0.000000
vn -0.195091 0.980785 0.000000
vn -0.195091 0.980785 0.000000
vn 0.195089 0.980786 0.000000
vn 0.195089 0.980786 0.000000
vn -0.000001 1.000000 0.000000
vn -0.000001 1.000000 0.000000
vn 0.382683 0.923880 0.000000
vn 0.382683 0.923880 0.000000
vn 0.195089 0.980786 0.000000
vn 0.195089 0.980786 0.000000
vn 0.555570 0.831470 0.000000
vn 0.555570 0.831470 0.000000
vn 0.382683 0.923880 0.000000
vn 0.382683 0.923880 0.000000
vn 0.707106 0.707107 0.000000
vn 0.707106 0.707107 0.000000
vn 0.555570 0.831470 0.000000
vn 0.555570 0.831470 0.000000
vn 0.831469 0.555571 0.000000
vn 0.831469 0.555571 0.000000
vn 0.707106 0.707107 0.000000
vn 0.707106 0.707107 0.000000
vn 0.923879 0.382684 0.000000
vn 0.923879 0.382684 0.000000
vn 0.831469 0.555571 0.000000
vn 0.831469 0.555571 0.000000
vn 0.980785 0.195091 0.000000
vn 0.980785 0.195091 0.000000
vn 0.923879 0.382684 0.000000
vn 0.923879 0.382684 0.000000
vn 1.000000 0.000000 0.000000
vn 1.000000 0.000000 0.000000
vn 0.980785 0.195091 0.000000
vn 0.980785 0.195091 0.000000
vn 0.980785 -0.195090 0.000000
vn 0.980785 -0.195090 0.000000
vn 1.000000 0.000000 0.000000
vn 1.000000 0.000000 0.000000
vn 0.923880 -0.382683 0.000000
vn 0.923880 -0.382683 0.000000
vn 0.980785 -0.195090 0.000000
vn 0.980785 -0.195090 0.000000
vn 0.831470 -0.555570 0.000000
vn 0.831470 -0.555570 0.000000
vn 0.923880 -0.382683 0.000000
vn 0.923880 -0.382683 0.000000
vn 0.707107 -0.707107 0.000000
vn 0.707107 -0.707107 0.000000
vn 0.831470 -0.555570 0.000000
vn 0.831470 -0.555570 0.000000
vn 0.555570 -0.831470 0.000000
vn 0.555570 -0.831470 0.000000
vn 0.707107 -0.707107 0.000000
vn 0.707107 -0.707107 0.000000
vn 0.382683 -0.923880 0.000000
vn 0.382683 -0.923880 0.000000
vn 0.555570 -0.831470 0.000000
vn 0.555570 -0.831470 0.000000
vn 0.195090 -0.980785 0.000000
vn 0.195090 -0.980785 0.000000
vn 0.382683 -0.923880 0.000000
vn 0.382683 -0.923880 0.000000
vn -0.000001 -1.000000 0.000000
vn -0.000001 -1.000000 0.000000
vn 0.195090 -0.980785 0.000000
vn 0.195090 -0.980785 0.000000
vn -0.195090 -0.980785 0.000000
vn -0.195090 -0.980785 0.000000
vn -0.000001 -1.000000 0.000000
vn -0.000001 -1.000000 0.000000
vn -0.382683 -0.923880 0.000000
vn -0.382683 -0.923880 0.000000
vn -0.195090 -0.980785 0.000000
vn -0.195090 -0.980785 0.000000
vn -0.555570 -0.831470 0.000000
vn -0.555570 -0.831470 0.000000
vn -0.382683 -0.923880 0.000000
vn -0.382683 -0.923880 0.000000
vn -0.707107 -0.707107 0.000000
vn -0.707107 -0.707107 0.000000
vn -0.555570 -0.831470 0.000000
vn -0.555570 -0.831470 0.000000
vn -0.831470 -0.555570 0.000000
vn -0.831470 -0.555570 0.000000
vn -0.707107 -0.707107 0.000000
vn -0.707107 -0.707107 0.000000
vn -0.923880 -0.382683 0.000000
vn -0.923880 -0.382683 0.000000
vn -0.831470 -0.555570 0.000000
vn -0.831470 -0.555570 0.000000
vn -0.980785 -0.195090 0.000000
vn -0.980785 -0.195090 0.000000
vn -0.923880 -0.382683 0.000000
vn -0.923880 -0.382683 0.000000
vn -1.000000 0.000000 0.000000
vn -1.000000 0.000000 0.000000
vn -0.980785 -0.195090 0.000000
vn -0.980785 -0.195090 0.000000
vn -0.000001 0.000002 -1.000000
vn -0.000001 0.000002 -1.000000
vn -0.000001 0.000002 -1.000000
vn -0.000001 0.000002 -1.000000
vn 0.000000 0.000001 -1.000000
vn -0.000000 0.000001 -1.000000
vn 0.000000 0.000001 -1.000000
vn -0.000000 0.000001 -1.000000
vn -0.000000 0.000002 -1.000000
vn -0.000001 0.000002 -1.000000
vn -0.000000 0.000002 -1.000000
vn -0.000001 0.000002 -1.000000
vn 0.000001 0.000000 1.000000
vn 0.000000 0.000000 1.000000
vn 0.000001 0.000000 1.000000
vn 0.000000 0.000000 1.000000
vn 0.000000 0.000000 -1.000000
vn 0.000000 0.000000 -1.000000
vn 0.000000 0.000000 -1.000000
vn 0.000000 0.000000 -1.000000
vn -0.000000 0.000001 -1.000000
vn -0.000000 0.000002 -1.000000
vn -0.000000 0.000001 -1.000000
vn -0.000000 0.000002 -1.000000
vn 0.000000 0.000000 -1.000000
vn 0.000000 0.000001 -1.000000
vn 0.000000 0.000000 -1.000000
vn 0.000000 0.000001 -1.000000
vn 0.000001 0.000000 1.000000
vn 0.000001 -0.000000 1.000000
vn 0.000001 0.000000 1.000000
vn 0.000001 -0.000000 1.000000
vn 0.000000 0.000000 -1.000000
vn -0.000000 0.000001 -1.000000
vn 0.000000 0.000000 -1.000000
vn -0.000000 0.000001 -1.000000
vn 0.000000 0.000000 1.000000
vn 0.000001 0.000000 1.000000
vn 0.000000 0.000000 1.000000
vn 0.000001 0.000000 1.000000
vn 0.000000 0.000000 -1.000000
vn 0.000000 0.000000 -1.000000
vn 0.000000 0.000000 -1.000000
vn 0.000000 0.000000 -1.000000
vn 0.000000 0.000000 -1.000000
vn 0.000000 0.000000 -1.000000
vn 0.000000 0.000000 -1.000000
vn 0.000000 0.000000 -1.000000
vn 0.000000 0.000000 -1.000000
vn 0.000000 0.000000 -1.000000
vn 0.000000 0.000000 -1.000000
vn 0.000000 0.000000 -1.000000
vn 0.000001 -0.000000 1.000000
vn 0.000001 -0.000001 1.000000
vn 0.000001 -0.000000 1.000000
vn 0.000001 -0.000001 1.000000
vn 0.000000 0.000001 -1.000000
vn 0.000000 0.000000 -1.000000
vn 0.000000 0.000001 -1.000000
vn 0.000000 0.000000 -1.000000
vn 0.000001 0.000000 1.000000
vn 0.000001 0.000000 1.000000
vn 0.000001 0.000000 1.000000
vn 0.000001 0.000000 1.000000
vn 0.000000 0.000000 -1.000000
vn 0.000000 0.000000 -1.000000
vn 0.000000 0.000000 -1.000000
vn 0.000000 0.000000 -1.000000
vn 0.000000 0.000002 -1.000000
vn 0.000000 0.000001 -1.000000
vn 0.000000 0.000002 -1.000000
vn 0.000000 0.000001 -1.000000
vn 0.000000 0.000000 -1.000000
vn 0.000000 0.000000 -1.000000
vn 0.000000 0.000000 -1.000000
vn 0.000000 0.000000 -1.000000
vn 0.000001 -0.000001 1.000000
vn 0.000001 -0.000001 1.000000
vn 0.000001 -0.000001 1.000000
vn 0.000001 -0.000001 1.000000
vn 0.000000 0.000001 -1.000000
vn 0.000000 0.000002 -1.000000
vn 0.000000 0.000001 -1.000000
vn 0.000000 0.000002 -1.000000
vn 0.000001 0.000000 1.000000
vn 0.000001 0.000000 1.000000
vn 0.000001 0.000000 1.000000
vn 0.000001 0.000000 1.000000
vn 0.000000 0.000000 1.000000
vn 0.000000 0.000000 1.000000
vn 0.000000 0.000000 1.000000
vn 0.000000 0.000000 1.000000
vn 0.000000 0.000000 -1.000000
vn 0.000000 0.000000 -1.000000
vn 0.000000 0.000000 -1.000000
vn 0.000000 0.000000 -1.000000
vn 0.000000 0.000000 -1.000000
vn 0.000000 0.000001 -1.000000
vn 0.000000 0.000000 -1.000000
vn 0.000000 0.000001 -1.000000
vn -0.000000 0.000001 -1.000000
vn 0.000000 0.000000 -1.000000
vn -0.000000 0.000001 -1.000000
vn 0.000000 0.000000 -1.000000
vn 0.000000 0.000000 1.000000
vn 0.000000 0.000000 1.000000
vn 0.000000 0.000000 1.000000
vn 0.000000 0.000000 1.000000
vn 0.000001 -0.000001 1.000000
vn 0.000001 -0.000001 1.000000
vn 0.000001 -0.000001 1.000000
vn 0.000001 -0.000001 1.000000
vn 0.000000 0.000000 -1.000000
vn 0.000000 0.000000 -1.000000
vn 0.000000 0.000000 -1.000000
vn 0.000000 0.000000 -1.000000
vn 0.000001 0.000000 1.000000
vn 0.000001 -0.000000 1.000000
vn 0.000001 0.000000 1.000000
vn 0.000001 -0.000000 1.000000
vn 0.000000 0.000000 1.000000
vn 0.000000 0.000000 1.000000
vn 0.000000 0.000000 1.000000
vn 0.000000 0.000000 1.000000
vn 0.000000 0.000000 -1.000000
vn 0.000000 0.000000 -1.000000
vn 0.000000 0.000000 -1.000000
vn 0.000000 0.000000 -1.000000
vn 0.000000 0.000000 -1.000000
vn 0.000000 0.000000 -1.000000
vn 0.000000 0.000000 -1.000000
vn 0.000000 0.000000 -1.000000
vn -0.000000 0.000001 -1.000000
vn -0.000000 0.000001 -1.000000
vn -0.000000 0.000001 -1.000000
vn -0.000000 0.000001 -1.000000
vn 0.000000 -0.000002 1.000000
vn 0.000000 0.000000 1.000000
vn 0.000000 -0.000002 1.000000
vn 0.000000 0.000000 1.000000
vn 0.000001 -0.000001 1.000000
vn 0.000001 -0.000001 1.000000
vn 0.000001 -0.000001 1.000000
vn 0.000001 -0.000001 1.000000
vn 0.000000 0.000000 -1.000000
vn 0.000000 0.000000 -1.000000
vn 0.000000 0.000000 -1.000000
vn 0.000000 0.000000 -1.000000
vn 0.000001 -0.000000 1.000000
vn 0.000001 -0.000000 1.000000
vn 0.000001 -0.000000 1.000000
vn 0.000001 -0.000000 1.000000
vn 0.000000 -0.000002 1.000000
vn 0.000000 -0.000002 1.000000
vn 0.000000 -0.000002 1.000000
vn 0.000000 -0.000002 1.000000
vn 0.000000 0.000000 -1.000000
vn 0.000000 0.000000 -1.000000
vn 0.000000 0.000000 -1.000000
vn 0.000000 0.000000 -1.000000
vn 0.000000 0.000000 -1.000000
vn 0.000000 0.000000 -1.000000
vn 0.000000 0.000000 -1.000000
vn 0.000000 0.000000 -1.000000
vn 0.000000 0.000000 -1.000000
vn -0.000000 0.000001 -1.000000
vn 0.000000 0.000000 -1.000000
vn -0.000000 0.000001 -1.000000
vn 0.000000 0.000000 1.000000
vn 0.000000 -0.000002 1.000000
vn 0.000000 0.000000 1.000000
vn 0.000000 -0.000002 1.000000
vn 0.000001 -0.000001 1.000000
vn 0.000001 -0.000001 1.000000
vn 0.000001 -0.000001 1.000000
vn 0.000001 -0.000001 1.000000
vn 0.000000 0.000000 -1.000000
vn 0.000000 0.000000 -1.000000
vn 0.000000 0.000000 -1.000000
vn 0.000000 0.000000 -1.000000
vn 0.000001 -0.000000 1.000000
vn 0.000001 0.000000 1.000000
vn 0.000001 -0.000000 1.000000
vn 0.000001 0.000000 1.000000
vn 0.000000 -0.000000 1.000000
vn 0.000000 0.000000 1.000000
vn 0.000000 -0.000000 1.000000
vn 0.000000 0.000000 1.000000
vn 0.000000 0.000000 -1.000000
vn 0.000000 0.000000 -1.000000
vn 0.000000 0.000000 -1.000000
vn 0.000000 0.000000 -1.000000
vn 0.000000 0.000000 -1.000000
vn 0.000000 0.000000 -1.000000
vn 0.000000 0.000000 -1.000000
vn 0.000000 0.000000 -1.000000
vn 0.000000 -0.000002 1.000000
vn 0.000000 -0.000000 1.000000
vn 0.000000 -0.000002 1.000000
vn 0.000000 -0.000000 1.000000
vn 0.000001 -0.000001 1.000000
vn 0.000000 -0.000001 1.000000
vn 0.000001 -0.000001 1.000000
vn 0.000000 -0.000001 1.000000
vn 0.000000 0.000000 -1.000000
vn 0.000000 0.000000 -1.000000
vn 0.000000 0.000000 -1.000000
vn 0.000000 0.000000 -1.000000
vn 0.000000 -0.000002 1.000000
vn 0.000000 -0.000002 1.000000
vn 0.000000 -0.000002 1.000000
vn 0.000000 -0.000002 1.000000
vn 0.000000 0.000000 -1.000000
vn 0.000000 0.000000 -1.000000
vn 0.000000 0.000000 -1.000000
vn 0.000000 0.000000 -1.000000
vn 0.000000 0.000000 -1.000000
vn 0.000000 0.000000 -1.000000
vn 0.000000 0.000000 -1.000000
vn 0.000000 0.000000 -1.000000
vn 0.000001 -0.000001 1.000000
vn 0.000000 -0.000002 1.000000
vn 0.000001 -0.000001 1.000000
vn 0.000000 -0.000002 1.000000
vn 0.000000 -0.000001 1.000000
vn 0.000000 -0.000001 1.000000
vn 0.000000 -0.000001 1.000000
vn 0.000000 -0.000001 1.000000
vn 0.000000 0.000000 -1.000000
vn 0.000000 0.000000 -1.000000
vn 0.000000 0.000000 -1.000000
vn 0.000000 0.000000 -1.000000
vn 0.000001 -0.000001 1.000000
vn 0.000001 -0.000001 1.000000
vn 0.000001 -0.000001 1.000000
vn 0.000001 -0.000001 1.000000
vn 0.000000 0.000000 -1.000000
vn 0.000000 0.000000 -1.000000
vn 0.000000 0.000000 -1.000000
vn 0.000000 0.000000 -1.000000
vn 0.000000 0.000000 -1.000000
vn 0.000000 0.000000 -1.000000
vn 0.000000 0.000000 -1.000000
vn 0.000000 0.000000 -1.000000
vn 0.000001 -0.000000 1.000000
vn 0.000001 -0.000001 1.000000
vn 0.000001 -0.000000 1.000000
vn 0.000001 -0.000001 1.000000
vn 0.000000 -0.000001 1.000000
vn 0.000000 -0.000001 1.000000
vn 0.000000 -0.000001 1.000000
vn 0.000000 -0.000001 1.000000
vn 0.000000 -0.000001 -1.000000
vn 0.000000 0.000000 -1.000000
vn 0.000000 -0.000001 -1.000000
vn 0.000000 0.000000 -1.000000
vn 0.000000 0.000000 1.000000
vn 0.000000 0.000000 1.000000
vn 0.000000 0.000000 1.000000
vn 0.000000 0.000000 1.000000
vn 0.000000 0.000000 -1.000000
vn 0.000000 0.000000 -1.000000
vn 0.000000 0.000000 -1.000000
vn 0.000000 0.000000 -1.000000
vn 0.000000 0.000000 1.000000
vn 0.000000 0.000000 1.000000
vn 0.000000 0.000000 1.000000
vn 0.000000 0.000000 1.000000
vn 0.000000 0.000000 -1.000000
vn 0.000000 0.000000 -1.000000
vn 0.000000 0.000000 -1.000000
vn 0.000000 0.000000 -1.000000
vn 0.000000 0.000000 1.000000
vn 0.000000 0.000000 1.000000
vn 0.000000 0.000000 1.000000
vn 0.000000 0.000000 1.000000
vn 0.000000 0.000000 -1.000000
vn 0.000000 0.000000 -1.000000
vn 0.000000 0.000000 -1.000000
vn 0.000000 0.000000 -1.000000
vn 0.000000 0.000000 1.000000
vn 0.000000 0.000000 1.000000
vn 0.000000 0.000000 1.000000
vn 0.000000 0.000000 1.000000
vn 0.000000 0.000000 -1.000000
vn 0.000000 0.000000 -1.000000
vn 0.000000 0.000000 -1.000000
vn 0.000000 0.000000 -1.000000
vn 0.000000 0.000000 1.000000
vn 0.000000 0.000000 1.000000
vn 0.000000 0.000000 1.000000
vn 0.000000 0.000000 1.000000
vn 0.000000 0.000000 -1.000000
vn 0.000000 0.000000 -1.000000
vn 0.000000 0.000000 -1.000000
vn 0.000000 0.000000 -1.000000
vn 0.000000 0.000000 1.000000
vn 0.000000 0.000000 1.000000
vn 0.000000 0.000000 1.000000
vn 0.000000 0.000000 1.000000
vn 0.000000 0.000000 -1.000000
vn 0.000000 0.000000 -1.000000
vn 0.000000 0.000000 -1.000000
vn 0.000000 0.000000 -1.000000
vn 0.000000 0.000000 1.000000
vn 0.000000 0.000000 1.000000
vn 0.000000 0.000000 1.000000
vn 0.000000 0.000000 1.000000
vn 0.000000 0.000000 -1.000000
vn 0.000000 0.000000 -1.000000
vn 0.000000 0.000000 -1.000000
vn 0.000000 0.000000 -1.000000
vn 0.000000 0.000000 1.000000
vn 0.000000 0.000000 1.000000
vn 0.000000 0.000000 1.000000
vn 0.000000 0.000000 1.000000
vn 0.000000 0.000000 -1.000000
vn 0.000000 0.000000 -1.000000
vn 0.000000 0.000000 -1.000000
vn 0.000000 0.000000 -1.000000
vn 0.000000 0.000000 1.000000
vn 0.000000 0.000000 1.000000
vn 0.000000 0.000000 1.000000
vn 0.000000 0.000000 1.000000
vn 0.000000 0.000000 -1.000000
vn 0.000000 0.000000 -1.000000
vn 0.000000 0.000000 -1.000000
vn 0.000000 0.000000 -1.000000
vn 0.000000 0.000000 1.000000
vn 0.000000 0.000000 1.000000
vn 0.000000 0.000000 1.000000
vn 0.000000 0.000000 1.000000
vn 0.000000 0.000000 -1.000000
vn 0.000000 0.000000 -1.000000
vn 0.000000 0.000000 -1.000000
vn 0.000000 0.000000 -1.000000
vn 0.000000 0.000000 1.000000
vn 0.000000 0.000000 1.000000
vn 0.000000 0.000000 1.000000
vn 0.000000 0.000000 1.000000
vn 0.000000 0.000000 -1.000000
vn 0.000000 0.000000 -1.000000
vn 0.000000 0.000000 -1.000000
vn 0.000000 0.000000 -1.000000
vn 0.000000 0.000000 1.000000
vn 0.000000 0.000000 1.000000
vn 0.000000 0.000000 1.000000
vn 0.000000 0.000000 1.000000
vn 0.000000 0.000000 -1.000000
vn 0.000000 0.000000 -1.000000
vn 0.000000 0.000000 -1.000000
vn 0.000000 0.000000 -1.000000
vn 0.000000 0.000000 1.000000
vn 0.000000 0.000000 1.000000
vn 0.000000 0.000000 1.000000
vn 0.000000 0.000000 1.000000
vn 0.000000 0.000000 -1.000000
vn 0.000000 0.000000 -1.000000
vn 0.000000 0.000000 -1.000000
vn 0.000000 0.000000 -1.000000
vn 0.000000 0.000000 1.000000
vn 0.000000 0.000000 1.000000
vn 0.000000 0.000000 1.000000
vn 0.000000 0.000000 1.000000
vn 0.000000 0.000000 -1.000000
vn 0.000000 0.000000 -1.000000
vn 0.000000 0.000000 -1.000000
vn 0.000000 0.000000 -1.000000
vn 0.000000 0.000000 1.000000
vn 0.000000 0.000000 1.000000
vn 0.000000 0.000000 1.000000
vn 0.000000 0.000000 1.000000
vn 0.000000 0.000000 -1.000000
vn 0.000000 0.000000 -1.000000
vn 0.000000 0.000000 -1.000000
vn 0.000000 0.000000 -1.000000
vn 0.000000 0.000000 1.000000
vn 0.000000 0.000000 1.000000
vn 0.000000 0.000000 1.000000
vn 0.000000 0.000000 1.000000
vn 0.000000 0.000000 -1.000000
vn 0.000000 0.000000 -1.000000
vn 0.000000 0.000000 -1.000000
vn 0.000000 0.000000 -1.000000
vn 0.000000 0.000000 1.000000
vn 0.000000 0.000000 1.000000
vn 0.000000 0.000000 1.000000
vn 0.000000 0.000000 1.000000
vn 0.000000 0.000000 -1.000000
vn 0.000000 0.000000 -1.000000
vn 0.000000 0.000000 -1.000000
vn 0.000000 0.000000 -1.000000
vn 0.000000 0.000000 1.000000
vn 0.000000 0.000000 1.000000
vn 0.000000 0.000000 1.000000
vn 0.000000 0.000000 1.000000
vn 0.000000 0.000000 -1.000000
vn 0.000000 0.000000 -1.000000
vn 0.000000 0.000000 -1.000000
vn 0.000000 0.000000 -1.000000
vn 0.000000 0.000000 1.000000
vn 0.000000 0.000000 1.000000
vn 0.000000 0.000000 1.000000
vn 0.000000 0.000000 1.000000
vn 0.000000 0.000000 -1.000000
vn 0.000000 0.000000 -1.000000
vn 0.000000 0.000000 -1.000000
vn 0.000000 0.000000 -1.000000
vn 0.000000 0.000000 1.000000
vn 0.000000 0.000000 1.000000
vn 0.000000 0.000000 1.000000
vn 0.000000 0.000000 1.000000
vn 0.000000 0.000000 -1.000000
vn 0.000000 0.000000 -1.000000
vn 0.000000 0.000000 -1.000000
vn 0.000000 0.000000 -1.000000
vn 0.000000 0.000000 1.000000
vn 0.000000 0.000000 1.000000
vn 0.000000 0.000000 1.000000
vn 0.000000 0.000000 1.000000
vn 0.000000 0.000000 -1.000000
vn 0.000000 0.000000 -1.000000
vn 0.000000 0.000000 -1.000000
vn 0.000000 0.000000 -1.000000
vn 0.000000 0.000000 1.000000
vn 0.000000 0.000000 1.000000
vn 0.000000 0.000000 1.000000
vn 0.000000 0.000000 1.000000
vn 0.000000 0.000000 -1.000000
vn 0.000000 0.000000 -1.000000
vn 0.000000 0.000000 -1.000000
vn 0.000000 0.000000 -1.000000
vn 0.000000 0.000000 1.000000
vn 0.000000 0.000000 1.000000
vn 0.000000 0.000000 1.000000
vn 0.000000 0.000000 1.000000
vn 0.000000 0.000000 -1.000000
vn 0.000000 0.000000 -1.000000
vn 0.000000 0.000000 -1.000000
vn 0.000000 0.000000 -1.000000
vn 0.000000 0.000000 1.000000
vn 0.000000 0.000000 1.000000
vn 0.000000 0.000000 1.000000
vn 0.000000 0.000000 1.000000
vn 0.000000 0.000000 -1.000000
vn 0.000000 0.000000 -1.000000
vn 0.000000 0.000000 -1.000000
vn 0.000000 0.000000 -1.000000
vn 0.000000 0.000000 1.000000
vn 0.000000 0.000000 1.000000
vn 0.000000 0.000000 1.000000
vn 0.000000 0.000000 1.000000
vn 0.000000 0.000000 -1.000000
vn 0.000000 0.000000 -1.000000
vn 0.000000 0.000000 -1.000000
vn 0.000000 0.000000 -1.000000
vn 0.000000 0.000000 1.000000
vn 0.000000 0.000000 1.000000
vn 0.000000 0.000000 1.000000
vn 0.000000 0.000000 1.000000
vn 0.000000 0.000000 -1.000000
vn 0.000000 0.000000 -1.000000
vn 0.000000 0.000000 -1.000000
vn 0.000000 0.000000 -1.000000
vn 0.000000 0.000000 1.000000
vn 0.000000 0.000000 1.000000
vn 0.000000 0.000000 1.000000
vn 0.000000 0.000000 1.000000
vn 0.000000 0.000000 -1.000000
vn 0.000000 0.000000 -1.000000
vn 0.000000 0.000000 -1.000000
vn 0.000000 0.000000 -1.000000
vn 0.000000 0.000000 1.000000
vn 0.000000 0.000000 1.000000
vn 0.000000 0.000000 1.000000
vn 0.000000 0.000000 1.000000
vn 0.000000 0.000000 -1.000000
vn 0.000000 0.000000 -1.000000
vn 0.000000 0.000000 -1.000000
vn 0.000000 0.000000 -1.000000
vn 0.000000 0.000000 1.000000
vn 0.000000 0.000000 1.000000
vn 0.000000 0.000000 1.000000
vn 0.000000 0.000000 1.000000
vn 0.000000 0.000000 -1.000000
vn 0.000000 0.000000 -1.000000
vn 0.000000 0.000000 -1.000000
vn 0.000000 0.000000 -1.000000
vn 0.000000 0.000000 1.000000
vn 0.000000 0.000000 1.000000
vn 0.000000 0.000000 1.000000
vn 0.000000 0.000000 1.000000
vn 0.000000 0.000000 -1.000000
vn 0.000000 0.000000 -1.000000
vn 0.000000 0.000000 -1.000000
vn 0.000000 0.000000 -1.000000
vn 0.000000 0.000000 1.000000
vn 0.000000 0.000000 1.000000
vn 0.000000 0.000000 1.000000
vn 0.000000 0.000000 1.000000
vn 0.000000 0.000000 -1.000000
vn 0.000000 0.000000 -1.000000
vn 0.000000 0.000000 -1.000000
vn 0.000000 0.000000 -1.000000
vn 0.000000 0.000000 1.000000
vn 0.000000 0.000000 1.000000
vn 0.000000 0.000000 1.000000
vn 0.000000 0.000000 1.000000
vn 0.000000 0.000000 -1.000000
vn 0.000000 0.000000 -1.000000
vn 0.000000 0.000000 -1.000000
vn 0.000000 0.000000 -1.000000
s off
g HAMMER:Cylinder
usemtl HAMMER:CylinderSG1
f 1/1/1 323/2/2 324/3/3
f 2/4/4 325/5/5 326/6/6
s 1
usemtl HAMMER:CircleSG1
f 131/7/7 4/8/8 132/10/9
f 132/10/9 4/8/8 6/9/10
s off
usemtl HAMMER:CylinderSG1
f 1/1/11 324/3/12 327/11/13
f 2/4/14 328/12/15 325/5/16
s 2
usemtl HAMMER:CircleSG1
f 132/10/17 6/9/18 133/14/19
f 133/14/19 6/9/18 8/13/20
s off
usemtl HAMMER:CylinderSG1
f 1/1/21 327/11/22 329/15/23
f 2/4/24 330/16/25 328/12/26
s 3
usemtl HAMMER:CircleSG1
f 133/14/27 8/13/28 134/18/29
f 134/18/29 8/13/28 10/17/30
s off
usemtl HAMMER:CylinderSG1
f 1/1/31 329/15/32 331/19/33
f 2/4/34 332/20/35 330/16/36
s 4
usemtl HAMMER:CircleSG1
f 134/18/37 10/17/38 135/22/39
f 135/22/39 10/17/38 12/21/40
s off
usemtl HAMMER:CylinderSG1
f 1/1/41 331/19/42 333/23/43
f 2/4/44 334/24/45 332/20/46
s 5
usemtl HAMMER:CircleSG1
f 135/22/47 12/21/48 136/26/49
f 136/26/49 12/21/48 14/25/50
s off
usemtl HAMMER:CylinderSG1
f 1/1/51 333/23/52 335/27/53
f 2/4/54 336/28/55 334/24/56
s 6
usemtl HAMMER:CircleSG1
f 136/26/57 14/25/58 137/30/59
f 137/30/59 14/25/58 16/29/60
s off
usemtl HAMMER:CylinderSG1
f 1/1/61 335/27/62 337/31/63
f 2/4/64 338/32/65 336/28/66
s 7
usemtl HAMMER:CircleSG1
f 137/30/67 16/29/68 138/34/69
f 138/34/69 16/29/68 18/33/70
s off
usemtl HAMMER:CylinderSG1
f 1/1/71 337/31/72 339/35/73
f 2/4/74 340/36/75 338/32/76
s 8
usemtl HAMMER:CircleSG1
f 138/34/77 18/33/78 139/38/79
f 139/38/79 18/33/78 20/37/80
s off
usemtl HAMMER:CylinderSG1
f 1/1/81 339/35/82 341/39/83
f 2/4/84 342/40/85 340/36/86
s 9
usemtl HAMMER:CircleSG1
f 139/38/87 20/37/88 140/42/89
f 140/42/89 20/37/88 22/41/90
s off
usemtl HAMMER:CylinderSG1
f 1/1/91 341/39/92 343/43/93
f 2/4/94 344/44/95 342/40/96
s 10
usemtl HAMMER:CircleSG1
f 140/42/97 22/41/98 141/46/99
f 141/46/99 22/41/98 24/45/100
s off
usemtl HAMMER:CylinderSG1
f 1/1/101 343/43/102 345/47/103
f 2/4/104 346/48/105 344/44/106
s 11
usemtl HAMMER:CircleSG1
f 141/46/107 24/45/108 142/50/109
f 142/50/109 24/45/108 26/49/110
s off
usemtl HAMMER:CylinderSG1
f 1/1/111 345/47/112 347/51/113
f 2/4/114 348/52/115 346/48/116
s 12
usemtl HAMMER:CircleSG1
f 142/50/117 26/49/118 143/54/119
f 143/54/119 26/49/118 28/53/120
s off
usemtl HAMMER:CylinderSG1
f 1/1/121 347/51/122 349/55/123
f 2/4/124 350/56/125 348/52/126
s 13
usemtl HAMMER:CircleSG1
f 143/54/127 28/53/128 144/58/129
f 144/58/129 28/53/128 30/57/130
s off
usemtl HAMMER:CylinderSG1
f 1/1/131 349/55/132 351/59/133
f 2/4/134 352/60/135 350/56/136
s 14
usemtl HAMMER:CircleSG1
f 144/58/137 30/57/138 145/62/139
f 145/62/139 30/57/138 32/61/140
s off
usemtl HAMMER:CylinderSG1
f 1/1/141 351/59/142 353/63/143
f 2/4/144 354/64/145 352/60/146
s 15
usemtl HAMMER:CircleSG1
f 145/62/147 32/61/148 146/66/149
f 146/66/149 32/61/148 34/65/150
s off
usemtl HAMMER:CylinderSG1
f 1/1/151 353/63/152 355/67/153
f 2/4/154 356/68/155 354/64/156
s 16
usemtl HAMMER:CircleSG1
f 146/66/157 34/65/158 147/70/159
f 147/70/159 34/65/158 36/69/160
s off
usemtl HAMMER:CylinderSG1
f 1/1/161 355/67/162 357/71/163
f 2/4/164 358/72/165 356/68/166
s 17
usemtl HAMMER:CircleSG1
f 147/70/167 36/69/168 148/74/169
f 148/74/169 36/69/168 38/73/170
s off
usemtl HAMMER:CylinderSG1
f 1/1/171 357/71/172 359/75/173
f 2/4/174 360/76/175 358/72/176
s 18
usemtl HAMMER:CircleSG1
f 148/74/177 38/73/178 149/78/179
f 149/78/179 38/73/178 40/77/180
s off
usemtl HAMMER:CylinderSG1
f 1/1/181 359/75/182 361/79/183
f 2/4/184 362/80/185 360/76/186
s 19
usemtl HAMMER:CircleSG1
f 149/78/187 40/77/188 150/82/189
f 150/82/189 40/77/188 42/81/190
s off
usemtl HAMMER:CylinderSG1
f 1/1/191 361/79/192 363/83/193
f 2/4/194 364/84/195 362/80/196
s 20
usemtl HAMMER:CircleSG1
f 150/82/197 42/81/198 151/86/199
f 151/86/199 42/81/198 44/85/200
s off
usemtl HAMMER:CylinderSG1
f 1/1/201 363/83/202 365/87/203
f 2/4/204 366/88/205 364/84/206
s 21
usemtl HAMMER:CircleSG1
f 151/86/207 44/85/208 152/90/209
f 152/90/209 44/85/208 46/89/210
s off
usemtl HAMMER:CylinderSG1
f 1/1/211 365/87/212 367/91/213
f 2/4/214 368/92/215 366/88/216
s 22
usemtl HAMMER:CircleSG1
f 152/90/217 46/89/218 153/94/219
f 153/94/219 46/89/218 48/93/220
s off
usemtl HAMMER:CylinderSG1
f 1/1/221 367/91/222 369/95/223
f 2/4/224 370/96/225 368/92/226
s 23
usemtl HAMMER:CircleSG1
f 153/94/227 48/93/228 154/98/229
f 154/98/229 48/93/228 50/97/230
s off
usemtl HAMMER:CylinderSG1
f 1/1/231 369/95/232 371/99/233
f 2/4/234 372/100/235 370/96/236
s 24
usemtl HAMMER:CircleSG1
f 154/98/237 50/97/238 155/102/239
f 155/102/239 50/97/238 52/101/240
s off
usemtl HAMMER:CylinderSG1
f 1/1/241 371/99/242 373/103/243
f 2/4/244 374/104/245 372/100/246
s 25
usemtl HAMMER:CircleSG1
f 155/102/247 52/101/248 156/106/249
f 156/106/249 52/101/248 54/105/250
s off
usemtl HAMMER:CylinderSG1
f 1/1/251 373/103/252 375/107/253
f 2/4/254 376/108/255 374/104/256
s 26
usemtl HAMMER:CircleSG1
f 156/106/257 54/105/258 157/110/259
f 157/110/259 54/105/258 56/109/260
s off
usemtl HAMMER:CylinderSG1
f 1/1/261 375/107/262 377/111/263
f 2/4/264 378/112/265 376/108/266
s 27
usemtl HAMMER:CircleSG1
f 157/110/267 56/109/268 158/114/269
f 158/114/269 56/109/268 58/113/270
s off
usemtl HAMMER:CylinderSG1
f 1/1/271 377/111/272 379/115/273
f 2/4/274 380/116/275 378/112/276
s 28
usemtl HAMMER:CircleSG1
f 158/114/277 58/113/278 159/118/279
f 159/118/279 58/113/278 60/117/280
s off
usemtl HAMMER:CylinderSG1
f 1/1/281 379/115/282 381/119/283
f 2/4/284 382/120/285 380/116/286
s 29
usemtl HAMMER:CircleSG1
f 159/118/287 60/117/288 160/122/289
f 160/122/289 60/117/288 62/121/290
s off
usemtl HAMMER:CylinderSG1
f 1/1/291 381/119/292 383/123/293
f 2/4/294 384/124/295 382/120/296
s 30
usemtl HAMMER:CircleSG1
f 160/122/297 62/121/298 161/126/299
f 161/126/299 62/121/298 64/125/300
s off
usemtl HAMMER:CylinderSG1
f 1/1/301 383/123/302 385/127/303
f 2/4/304 386/128/305 384/124/306
s 31
usemtl HAMMER:CircleSG1
f 161/126/307 64/125/308 162/130/309
f 162/130/309 64/125/308 66/129/310
s off
usemtl HAMMER:CylinderSG1
f 1/1/311 385/127/312 323/2/313
f 2/4/314 326/6/315 386/128/316
s 32
usemtl HAMMER:CircleSG1
f 162/130/317 66/129/318 131/132/319
f 131/132/319 66/129/318 4/131/320
s 33
usemtl HAMMER:CylinderSG
f 83/133/321 81/134/322 212/136/323
f 212/136/323 81/134/322 210/135/324
s 34
usemtl HAMMER:CircleSG1
f 130/137/325 129/138/326 67/140/327
f 67/140/327 129/138/326 68/139/328
s 35
usemtl HAMMER:CylinderSG
f 158/114/329 159/118/330 249/142/331
f 249/142/331 159/118/330 251/141/332
s 36
usemtl HAMMER:CircleSG1
f 128/143/333 127/144/334 130/137/335
f 130/137/335 127/144/334 129/138/336
s 37
usemtl HAMMER:CylinderSG
f 82/145/337 84/146/338 284/148/339
f 284/148/339 84/146/338 283/147/340
s 38
usemtl HAMMER:CircleSG1
f 126/149/341 125/150/342 128/143/343
f 128/143/343 125/150/342 127/144/344
s 39
usemtl HAMMER:CylinderSG
f 159/118/345 160/122/346 251/141/347
f 251/141/347 160/122/346 253/151/348
s 40
usemtl HAMMER:CircleSG1
f 124/152/349 123/153/350 126/149/351
f 126/149/351 123/153/350 125/150/352
s 41
usemtl HAMMER:CylinderSG
f 85/154/353 83/133/354 214/155/355
f 214/155/355 83/133/354 212/136/356
s 42
usemtl HAMMER:CircleSG1
f 122/156/357 121/157/358 124/152/359
f 124/152/359 121/157/358 123/153/360
s 43
usemtl HAMMER:CylinderSG
f 160/122/361 161/126/362 253/151/363
f 253/151/363 161/126/362 255/158/364
s 44
usemtl HAMMER:CircleSG1
f 120/159/365 119/160/366 122/156/367
f 122/156/367 119/160/366 121/157/368
s 45
usemtl HAMMER:CylinderSG
f 84/146/369 86/161/370 283/147/371
f 283/147/371 86/161/370 282/162/372
s 46
usemtl HAMMER:CircleSG1
f 118/163/373 117/164/374 120/159/375
f 120/159/375 117/164/374 119/160/376
s 47
usemtl HAMMER:CylinderSG
f 161/126/377 162/130/378 255/158/379
f 255/158/379 162/130/378 257/165/380
s 48
usemtl HAMMER:CircleSG1
f 116/166/381 115/167/382 118/163/383
f 118/163/383 115/167/382 117/164/384
s 49
usemtl HAMMER:CylinderSG
f 87/168/385 85/154/386 216/169/387
f 216/169/387 85/154/386 214/155/388
s 50
usemtl HAMMER:CircleSG1
f 114/170/389 113/171/390 116/166/391
f 116/166/391 113/171/390 115/167/392
s 51
usemtl HAMMER:CylinderSG
f 162/130/393 131/132/394 257/165/395
f 257/165/395 131/132/394 291/172/396
s 52
usemtl HAMMER:CircleSG1
f 112/173/397 111/174/398 114/170/399
f 114/170/399 111/174/398 113/171/400
s 53
usemtl HAMMER:CylinderSG
f 86/161/401 88/175/402 282/162/403
f 282/162/403 88/175/402 281/176/404
s 54
usemtl HAMMER:CircleSG1
f 110/177/405 109/178/406 112/173/407
f 112/173/407 109/178/406 111/174/408
s 55
usemtl HAMMER:CylinderSG
f 89/179/409 87/168/410 218/180/411
f 218/180/411 87/168/410 216/169/412
s 56
usemtl HAMMER:CircleSG1
f 108/181/413 107/182/414 110/177/415
f 110/177/415 107/182/414 109/178/416
s 57
usemtl HAMMER:CylinderSG
f 88/175/417 90/183/418 281/176/419
f 281/176/419 90/183/418 280/184/420
s 58
usemtl HAMMER:CircleSG1
f 106/185/421 105/186/422 108/181/423
f 108/181/423 105/186/422 107/182/424
s 59
usemtl HAMMER:CylinderSG
f 91/187/425 89/179/426 220/188/427
f 220/188/427 89/179/426 218/180/428
s 60
usemtl HAMMER:CircleSG1
f 104/189/429 103/190/430 106/185/431
f 106/185/431 103/190/430 105/186/432
s 61
usemtl HAMMER:CylinderSG
f 90/183/433 92/191/434 280/184/435
f 280/184/435 92/191/434 279/192/436
s 62
usemtl HAMMER:CircleSG1
f 102/193/437 101/194/438 104/189/439
f 104/189/439 101/194/438 103/190/440
s 63
usemtl HAMMER:CylinderSG
f 93/195/441 91/187/442 222/196/443
f 222/196/443 91/187/442 220/188/444
s 64
usemtl HAMMER:CircleSG1
f 100/197/445 99/198/446 102/193/447
f 102/193/447 99/198/446 101/194/448
s 65
usemtl HAMMER:CylinderSG
f 92/191/449 94/199/450 279/192/451
f 279/192/451 94/199/450 278/200/452
s 66
usemtl HAMMER:CircleSG1
f 98/201/453 97/202/454 100/197/455
f 100/197/455 97/202/454 99/198/456
s 67
usemtl HAMMER:CylinderSG
f 95/203/457 93/195/458 224/204/459
f 224/204/459 93/195/458 222/196/460
s 68
usemtl HAMMER:CircleSG1
f 96/205/461 95/203/462 98/201/463
f 98/201/463 95/203/462 97/202/464
s 69
usemtl HAMMER:CylinderSG
f 194/206/465 193/207/466 195/209/467
f 195/209/467 193/207/466 322/208/468
s 70
usemtl HAMMER:CircleSG1
f 94/199/469 93/195/470 96/205/471
f 96/205/471 93/195/470 95/203/472
s 71
usemtl HAMMER:CylinderSG
f 94/199/473 96/205/474 278/200/475
f 278/200/475 96/205/474 277/210/476
s 72
usemtl HAMMER:CircleSG1
f 92/191/477 91/187/478 94/199/479
f 94/199/479 91/187/478 93/195/480
s 73
usemtl HAMMER:CylinderSG
f 193/207/481 192/211/482 322/208/483
f 322/208/483 192/211/482 321/212/484
s 74
usemtl HAMMER:CircleSG1
f 90/183/485 89/179/486 92/191/487
f 92/191/487 89/179/486 91/187/488
s 75
usemtl HAMMER:CylinderSG
f 97/202/489 95/203/490 226/213/491
f 226/213/491 95/203/490 224/204/492
s 76
usemtl HAMMER:CircleSG1
f 88/175/493 87/168/494 90/183/495
f 90/183/495 87/168/494 89/179/496
s 77
usemtl HAMMER:CylinderSG
f 192/211/497 191/214/498 321/212/499
f 321/212/499 191/214/498 320/215/500
s 78
usemtl HAMMER:CircleSG1
f 86/161/501 85/154/502 88/175/503
f 88/175/503 85/154/502 87/168/504
s 79
usemtl HAMMER:CylinderSG
f 96/205/505 98/201/506 277/210/507
f 277/210/507 98/201/506 276/216/508
s 80
usemtl HAMMER:CircleSG1
f 84/146/509 83/133/510 86/161/511
f 86/161/511 83/133/510 85/154/512
s 81
usemtl HAMMER:CylinderSG
f 191/214/513 190/217/514 320/215/515
f 320/215/515 190/217/514 319/218/516
s 82
usemtl HAMMER:CircleSG1
f 82/145/517 81/134/518 84/146/519
f 84/146/519 81/134/518 83/133/520
s 83
usemtl HAMMER:CylinderSG
f 99/198/521 97/202/522 228/219/523
f 228/219/523 97/202/522 226/213/524
s 84
usemtl HAMMER:CircleSG1
f 80/220/525 79/221/526 82/145/527
f 82/145/527 79/221/526 81/134/528
s 85
usemtl HAMMER:CylinderSG
f 190/217/529 189/222/530 319/218/531
f 319/218/531 189/222/530 318/223/532
s 86
usemtl HAMMER:CircleSG1
f 78/224/533 77/225/534 80/220/535
f 80/220/535 77/225/534 79/221/536
s 87
usemtl HAMMER:CylinderSG
f 98/201/537 100/197/538 276/216/539
f 276/216/539 100/197/538 275/226/540
s 88
usemtl HAMMER:CircleSG1
f 76/227/541 75/228/542 78/224/543
f 78/224/543 75/228/542 77/225/544
s 89
usemtl HAMMER:CylinderSG
f 189/222/545 188/229/546 318/223/547
f 318/223/547 188/229/546 317/230/548
s 90
usemtl HAMMER:CircleSG1
f 74/231/549 73/232/550 76/227/551
f 76/227/551 73/232/550 75/228/552
s 91
usemtl HAMMER:CylinderSG
f 101/194/553 99/198/554 230/233/555
f 230/233/555 99/198/554 228/219/556
s 92
usemtl HAMMER:CircleSG1
f 72/234/557 71/235/558 74/231/559
f 74/231/559 71/235/558 73/232/560
s 93
usemtl HAMMER:CylinderSG
f 188/229/561 187/236/562 317/230/563
f 317/230/563 187/236/562 316/237/564
s 94
usemtl HAMMER:CircleSG1
f 70/238/565 69/239/566 72/234/567
f 72/234/567 69/239/566 71/235/568
s 95
usemtl HAMMER:CylinderSG
f 100/197/569 102/193/570 275/226/571
f 275/226/571 102/193/570 274/240/572
s 96
usemtl HAMMER:CircleSG1
f 67/241/573 68/242/574 70/238/575
f 70/238/575 68/242/574 69/239/576
s 97
usemtl HAMMER:CylinderSG
f 187/236/577 186/243/578 316/237/579
f 316/237/579 186/243/578 315/244/580
s 98
f 103/190/581 101/194/582 232/245/583
f 232/245/583 101/194/582 230/233/584
s 99
f 186/243/585 185/246/586 315/244/587
f 315/244/587 185/246/586 314/247/588
s 100
f 102/193/589 104/189/590 274/240/591
f 274/240/591 104/189/590 273/248/592
s 101
f 185/246/593 184/249/594 314/247/595
f 314/247/595 184/249/594 313/250/596
s 102
f 105/186/597 103/190/598 234/251/599
f 234/251/599 103/190/598 232/245/600
s 103
f 184/249/601 183/252/602 313/250/603
f 313/250/603 183/252/602 312/253/604
s 104
f 104/189/605 106/185/606 273/248/607
f 273/248/607 106/185/606 272/254/608
s 105
f 183/252/609 182/255/610 312/253/611
f 312/253/611 182/255/610 311/256/612
s 106
f 107/182/613 105/186/614 236/257/615
f 236/257/615 105/186/614 234/251/616
s 107
f 182/255/617 181/258/618 311/256/619
f 311/256/619 181/258/618 310/259/620
s 108
f 131/7/621 132/10/622 291/261/623
f 291/261/623 132/10/622 197/260/624
s 109
f 106/185/625 108/181/626 272/254/627
f 272/254/627 108/181/626 271/262/628
s 110
f 181/258/629 180/263/630 310/259/631
f 310/259/631 180/263/630 309/264/632
s 111
f 132/10/633 133/14/634 197/260/635
f 197/260/635 133/14/634 199/265/636
s 112
f 109/178/637 107/182/638 238/266/639
f 238/266/639 107/182/638 236/257/640
s 113
f 180/263/641 179/267/642 309/264/643
f 309/264/643 179/267/642 308/268/644
s 114
f 133/14/645 134/18/646 199/265/647
f 199/265/647 134/18/646 201/269/648
s 115
f 108/181/649 110/177/650 271/262/651
f 271/262/651 110/177/650 270/270/652
s 116
f 179/267/653 178/271/654 308/268/655
f 308/268/655 178/271/654 307/272/656
s 117
f 134/18/657 135/22/658 201/269/659
f 201/269/659 135/22/658 203/273/660
s 118
f 111/174/661 109/178/662 240/274/663
f 240/274/663 109/178/662 238/266/664
s 119
f 178/271/665 177/275/666 307/272/667
f 307/272/667 177/275/666 306/276/668
s 120
f 135/22/669 136/26/670 203/273/671
f 203/273/671 136/26/670 205/277/672
s 121
f 110/177/673 112/173/674 270/270/675
f 270/270/675 112/173/674 269/278/676
s 122
f 177/275/677 176/279/678 306/276/679
f 306/276/679 176/279/678 305/280/680
s 123
f 136/26/681 137/30/682 205/277/683
f 205/277/683 137/30/682 207/281/684
s 124
f 113/171/685 111/174/686 242/282/687
f 242/282/687 111/174/686 240/274/688
s 125
f 176/279/689 175/283/690 305/280/691
f 305/280/691 175/283/690 304/284/692
s 126
f 137/30/693 138/34/694 207/281/695
f 207/281/695 138/34/694 209/285/696
s 127
f 112/173/697 114/170/698 269/278/699
f 269/278/699 114/170/698 268/286/700
s 128
f 175/283/701 174/287/702 304/284/703
f 304/284/703 174/287/702 303/288/704
s 129
usemtl HAMMER:CircleSG1
f 3/289/705 194/290/706 5/292/707
f 5/292/707 194/290/706 163/291/708
s 130
f 5/292/709 163/291/710 7/294/711
f 7/294/711 163/291/710 164/293/712
s 131
f 7/294/713 164/293/714 9/296/715
f 9/296/715 164/293/714 165/295/716
s 132
f 9/296/717 165/295/718 11/298/719
f 11/298/719 165/295/718 166/297/720
s 133
f 11/298/721 166/297/722 13/300/723
f 13/300/723 166/297/722 167/299/724
s 134
f 13/300/725 167/299/726 15/302/727
f 15/302/727 167/299/726 168/301/728
s 135
f 15/302/729 168/301/730 17/304/731
f 17/304/731 168/301/730 169/303/732
s 136
f 17/304/733 169/303/734 19/306/735
f 19/306/735 169/303/734 170/305/736
s 137
f 19/306/737 170/305/738 21/308/739
f 21/308/739 170/305/738 171/307/740
s 138
f 21/308/741 171/307/742 23/310/743
f 23/310/743 171/307/742 172/309/744
s 139
f 23/310/745 172/309/746 25/312/747
f 25/312/747 172/309/746 173/311/748
s 140
f 25/312/749 173/311/750 27/313/751
f 27/313/751 173/311/750 174/287/752
s 141
f 27/313/753 174/287/754 29/314/755
f 29/314/755 174/287/754 175/283/756
s 142
f 29/314/757 175/283/758 31/315/759
f 31/315/759 175/283/758 176/279/760
s 143
f 31/315/761 176/279/762 33/316/763
f 33/316/763 176/279/762 177/275/764
s 144
f 33/316/765 177/275/766 35/317/767
f 35/317/767 177/275/766 178/271/768
s 145
f 35/317/769 178/271/770 37/318/771
f 37/318/771 178/271/770 179/267/772
s 146
f 37/318/773 179/267/774 39/319/775
f 39/319/775 179/267/774 180/263/776
s 147
f 39/319/777 180/263/778 41/320/779
f 41/320/779 180/263/778 181/258/780
s 148
f 41/320/781 181/258/782 43/321/783
f 43/321/783 181/258/782 182/255/784
s 149
f 43/321/785 182/255/786 45/322/787
f 45/322/787 182/255/786 183/252/788
s 150
f 45/322/789 183/252/790 47/323/791
f 47/323/791 183/252/790 184/249/792
s 151
f 47/323/793 184/249/794 49/324/795
f 49/324/795 184/249/794 185/246/796
s 152
f 49/324/797 185/246/798 51/325/799
f 51/325/799 185/246/798 186/243/800
s 153
f 51/325/801 186/243/802 53/326/803
f 53/326/803 186/243/802 187/236/804
s 154
f 53/326/805 187/236/806 55/327/807
f 55/327/807 187/236/806 188/229/808
s 155
f 55/327/809 188/229/810 57/328/811
f 57/328/811 188/229/810 189/222/812
s 156
f 57/328/813 189/222/814 59/329/815
f 59/329/815 189/222/814 190/217/816
s 157
f 59/329/817 190/217/818 61/330/819
f 61/330/819 190/217/818 191/214/820
s 158
f 61/330/821 191/214/822 63/331/823
f 63/331/823 191/214/822 192/211/824
s 159
f 63/331/825 192/211/826 65/332/827
f 65/332/827 192/211/826 193/207/828
s 160
f 65/332/829 193/207/830 3/333/831
f 3/333/831 193/207/830 194/206/832
s 161
usemtl HAMMER:CylinderSG
f 322/208/833 259/334/834 195/209/835
f 195/209/835 259/334/834 196/335/836
s 162
f 321/212/837 261/336/838 322/208/839
f 322/208/839 261/336/838 259/334/840
s 163
f 320/215/841 262/337/842 321/212/843
f 321/212/843 262/337/842 261/336/844
s 164
f 319/218/845 263/338/846 320/215/847
f 320/215/847 263/338/846 262/337/848
s 165
f 318/223/849 264/339/850 319/218/851
f 319/218/851 264/339/850 263/338/852
s 166
f 317/230/853 265/340/854 318/223/855
f 318/223/855 265/340/854 264/339/856
s 167
f 316/237/857 266/341/858 317/230/859
f 317/230/859 266/341/858 265/340/860
s 168
f 315/244/861 267/342/862 316/237/863
f 316/237/863 267/342/862 266/341/864
s 169
f 314/247/865 268/286/866 315/244/867
f 315/244/867 268/286/866 267/342/868
s 170
f 313/250/869 269/278/870 314/247/871
f 314/247/871 269/278/870 268/286/872
s 171
f 312/253/873 270/270/874 313/250/875
f 313/250/875 270/270/874 269/278/876
s 172
f 311/256/877 271/262/878 312/253/879
f 312/253/879 271/262/878 270/270/880
s 173
f 310/259/881 272/254/882 311/256/883
f 311/256/883 272/254/882 271/262/884
s 174
f 309/264/885 273/248/886 310/259/887
f 310/259/887 273/248/886 272/254/888
s 175
f 308/268/889 274/240/890 309/264/891
f 309/264/891 274/240/890 273/248/892
s 176
f 307/272/893 275/226/894 308/268/895
f 308/268/895 275/226/894 274/240/896
s 177
f 306/276/897 276/216/898 307/272/899
f 307/272/899 276/216/898 275/226/900
s 178
f 305/280/901 277/210/902 306/276/903
f 306/276/903 277/210/902 276/216/904
s 179
f 304/284/905 278/200/906 305/280/907
f 305/280/907 278/200/906 277/210/908
s 180
f 303/288/909 279/192/910 304/284/911
f 304/284/911 279/192/910 278/200/912
s 181
f 302/343/913 280/184/914 303/288/915
f 303/288/915 280/184/914 279/192/916
s 182
f 301/344/917 281/176/918 302/343/919
f 302/343/919 281/176/918 280/184/920
s 183
f 300/345/921 282/162/922 301/344/923
f 301/344/923 282/162/922 281/176/924
s 184
f 299/346/925 283/147/926 300/345/927
f 300/345/927 283/147/926 282/162/928
s 185
f 298/347/929 284/148/930 299/346/931
f 299/346/931 284/148/930 283/147/932
s 186
f 297/348/933 285/349/934 298/347/935
f 298/347/935 285/349/934 284/148/936
s 187
f 296/350/937 286/351/938 297/348/939
f 297/348/939 286/351/938 285/349/940
s 188
f 295/352/941 287/353/942 296/350/943
f 296/350/943 287/353/942 286/351/944
s 189
f 294/354/945 288/355/946 295/352/947
f 295/352/947 288/355/946 287/353/948
s 190
f 293/356/949 289/357/950 294/354/951
f 294/354/951 289/357/950 288/355/952
s 191
f 292/358/953 290/359/954 293/356/955
f 293/356/955 290/359/954 289/357/956
s 192
f 195/360/957 196/361/958 292/358/959
f 292/358/959 196/361/958 290/359/960
s 193
f 258/362/961 257/165/962 260/363/963
f 260/363/963 257/165/962 291/172/964
s 194
f 256/364/965 255/158/966 258/362/967
f 258/362/967 255/158/966 257/165/968
s 195
f 254/365/969 253/151/970 256/364/971
f 256/364/971 253/151/970 255/158/972
s 196
f 252/366/973 251/141/974 254/365/975
f 254/365/975 251/141/974 253/151/976
s 197
f 250/367/977 249/142/978 252/366/979
f 252/366/979 249/142/978 251/141/980
s 198
f 248/368/981 247/369/982 250/367/983
f 250/367/983 247/369/982 249/142/984
s 199
f 246/370/985 245/371/986 248/368/987
f 248/368/987 245/371/986 247/369/988
s 200
f 244/372/989 243/373/990 246/370/991
f 246/370/991 243/373/990 245/371/992
s 201
f 242/282/993 241/374/994 244/372/995
f 244/372/995 241/374/994 243/373/996
s 202
f 240/274/997 239/375/998 242/282/999
f 242/282/999 239/375/998 241/374/1000
s 203
f 238/266/1001 237/376/1002 240/274/1003
f 240/274/1003 237/376/1002 239/375/1004
s 204
f 236/257/1005 235/377/1006 238/266/1007
f 238/266/1007 235/377/1006 237/376/1008
s 205
f 234/251/1009 233/378/1010 236/257/1011
f 236/257/1011 233/378/1010 235/377/1012
s 206
f 232/245/1013 231/379/1014 234/251/1015
f 234/251/1015 231/379/1014 233/378/1016
s 207
f 230/233/1017 229/380/1018 232/245/1019
f 232/245/1019 229/380/1018 231/379/1020
s 208
f 228/219/1021 227/381/1022 230/233/1023
f 230/233/1023 227/381/1022 229/380/1024
s 209
f 226/213/1025 225/382/1026 228/219/1027
f 228/219/1027 225/382/1026 227/381/1028
s 210
f 224/204/1029 223/383/1030 226/213/1031
f 226/213/1031 223/383/1030 225/382/1032
s 211
f 222/196/1033 221/384/1034 224/204/1035
f 224/204/1035 221/384/1034 223/383/1036
s 212
f 220/188/1037 219/385/1038 222/196/1039
f 222/196/1039 219/385/1038 221/384/1040
s 213
f 218/180/1041 217/386/1042 220/188/1043
f 220/188/1043 217/386/1042 219/385/1044
s 214
f 216/169/1045 215/387/1046 218/180/1047
f 218/180/1047 215/387/1046 217/386/1048
s 215
f 214/155/1049 213/388/1050 216/169/1051
f 216/169/1051 213/388/1050 215/387/1052
s 216
f 212/136/1053 211/389/1054 214/155/1055
f 214/155/1055 211/389/1054 213/388/1056
s 217
f 210/135/1057 209/285/1058 212/136/1059
f 212/136/1059 209/285/1058 211/389/1060
s 218
f 208/390/1061 207/281/1062 210/135/1063
f 210/135/1063 207/281/1062 209/285/1064
s 219
f 206/391/1065 205/277/1066 208/390/1067
f 208/390/1067 205/277/1066 207/281/1068
s 220
f 204/392/1069 203/273/1070 206/391/1071
f 206/391/1071 203/273/1070 205/277/1072
s 221
f 202/393/1073 201/269/1074 204/392/1075
f 204/392/1075 201/269/1074 203/273/1076
s 222
f 200/394/1077 199/265/1078 202/393/1079
f 202/393/1079 199/265/1078 201/269/1080
s 223
f 198/395/1081 197/260/1082 200/394/1083
f 200/394/1083 197/260/1082 199/265/1084
s 224
f 260/396/1085 291/261/1086 198/395/1087
f 198/395/1087 291/261/1086 197/260/1088
s 225
f 157/110/1089 158/114/1090 247/369/1091
f 247/369/1091 158/114/1090 249/142/1092
s 226
f 80/220/1093 82/145/1094 285/349/1095
f 285/349/1095 82/145/1094 284/148/1096
s 227
f 156/106/1097 157/110/1098 245/371/1099
f 245/371/1099 157/110/1098 247/369/1100
s 228
f 81/134/1101 79/221/1102 210/135/1103
f 210/135/1103 79/221/1102 208/390/1104
s 229
f 130/137/1105 67/140/1106 259/334/1107
f 259/334/1107 67/140/1106 196/335/1108
s 230
f 155/102/1109 156/106/1110 243/373/1111
f 243/373/1111 156/106/1110 245/371/1112
s 231
f 78/224/1113 80/220/1114 286/351/1115
f 286/351/1115 80/220/1114 285/349/1116
s 232
f 68/139/1117 129/138/1118 260/363/1119
f 260/363/1119 129/138/1118 258/362/1120
s 233
f 154/98/1121 155/102/1122 241/374/1123
f 241/374/1123 155/102/1122 243/373/1124
s 234
f 79/221/1125 77/225/1126 208/390/1127
f 208/390/1127 77/225/1126 206/391/1128
s 235
f 128/143/1129 130/137/1130 261/336/1131
f 261/336/1131 130/137/1130 259/334/1132
s 236
f 153/94/1133 154/98/1134 239/375/1135
f 239/375/1135 154/98/1134 241/374/1136
s 237
f 76/227/1137 78/224/1138 287/353/1139
f 287/353/1139 78/224/1138 286/351/1140
s 238
f 129/138/1141 127/144/1142 258/362/1143
f 258/362/1143 127/144/1142 256/364/1144
s 239
f 152/90/1145 153/94/1146 237/376/1147
f 237/376/1147 153/94/1146 239/375/1148
s 240
f 77/225/1149 75/228/1150 206/391/1151
f 206/391/1151 75/228/1150 204/392/1152
s 241
f 126/149/1153 128/143/1154 262/337/1155
f 262/337/1155 128/143/1154 261/336/1156
s 242
f 151/86/1157 152/90/1158 235/377/1159
f 235/377/1159 152/90/1158 237/376/1160
s 243
f 74/231/1161 76/227/1162 288/355/1163
f 288/355/1163 76/227/1162 287/353/1164
s 244
f 127/144/1165 125/150/1166 256/364/1167
f 256/364/1167 125/150/1166 254/365/1168
s 245
f 150/82/1169 151/86/1170 233/378/1171
f 233/378/1171 151/86/1170 235/377/1172
s 246
f 75/228/1173 73/232/1174 204/392/1175
f 204/392/1175 73/232/1174 202/393/1176
s 247
f 163/291/1177 194/290/1178 292/358/1179
f 292/358/1179 194/290/1178 195/360/1180
s 248
f 124/152/1181 126/149/1182 263/338/1183
f 263/338/1183 126/149/1182 262/337/1184
s 249
f 149/78/1185 150/82/1186 231/379/1187
f 231/379/1187 150/82/1186 233/378/1188
s 250
f 72/234/1189 74/231/1190 289/357/1191
f 289/357/1191 74/231/1190 288/355/1192
s 251
f 164/293/1193 163/291/1194 293/356/1195
f 293/356/1195 163/291/1194 292/358/1196
s 252
f 125/150/1197 123/153/1198 254/365/1199
f 254/365/1199 123/153/1198 252/366/1200
s 253
f 148/74/1201 149/78/1202 229/380/1203
f 229/380/1203 149/78/1202 231/379/1204
s 254
f 73/232/1205 71/235/1206 202/393/1207
f 202/393/1207 71/235/1206 200/394/1208
s 255
f 165/295/1209 164/293/1210 294/354/1211
f 294/354/1211 164/293/1210 293/356/1212
s 256
f 122/156/1213 124/152/1214 264/339/1215
f 264/339/1215 124/152/1214 263/338/1216
s 257
f 147/70/1217 148/74/1218 227/381/1219
f 227/381/1219 148/74/1218 229/380/1220
s 258
f 70/238/1221 72/234/1222 290/359/1223
f 290/359/1223 72/234/1222 289/357/1224
s 259
f 166/297/1225 165/295/1226 295/352/1227
f 295/352/1227 165/295/1226 294/354/1228
s 260
f 123/153/1229 121/157/1230 252/366/1231
f 252/366/1231 121/157/1230 250/367/1232
s 261
f 146/66/1233 147/70/1234 225/382/1235
f 225/382/1235 147/70/1234 227/381/1236
s 262
f 71/235/1237 69/239/1238 200/394/1239
f 200/394/1239 69/239/1238 198/395/1240
s 263
f 167/299/1241 166/297/1242 296/350/1243
f 296/350/1243 166/297/1242 295/352/1244
s 264
f 120/159/1245 122/156/1246 265/340/1247
f 265/340/1247 122/156/1246 264/339/1248
s 265
f 145/62/1249 146/66/1250 223/383/1251
f 223/383/1251 146/66/1250 225/382/1252
s 266
f 67/241/1253 70/238/1254 196/361/1255
f 196/361/1255 70/238/1254 290/359/1256
s 267
f 168/301/1257 167/299/1258 297/348/1259
f 297/348/1259 167/299/1258 296/350/1260
s 268
f 121/157/1261 119/160/1262 250/367/1263
f 250/367/1263 119/160/1262 248/368/1264
s 269
f 144/58/1265 145/62/1266 221/384/1267
f 221/384/1267 145/62/1266 223/383/1268
s 270
f 69/239/1269 68/242/1270 198/395/1271
f 198/395/1271 68/242/1270 260/396/1272
s 271
f 169/303/1273 168/301/1274 298/347/1275
f 298/347/1275 168/301/1274 297/348/1276
s 272
f 118/163/1277 120/159/1278 266/341/1279
f 266/341/1279 120/159/1278 265/340/1280
s 273
f 143/54/1281 144/58/1282 219/385/1283
f 219/385/1283 144/58/1282 221/384/1284
s 274
f 170/305/1285 169/303/1286 299/346/1287
f 299/346/1287 169/303/1286 298/347/1288
s 275
f 119/160/1289 117/164/1290 248/368/1291
f 248/368/1291 117/164/1290 246/370/1292
s 276
f 142/50/1293 143/54/1294 217/386/1295
f 217/386/1295 143/54/1294 219/385/1296
s 277
f 171/307/1297 170/305/1298 300/345/1299
f 300/345/1299 170/305/1298 299/346/1300
s 278
f 116/166/1301 118/163/1302 267/342/1303
f 267/342/1303 118/163/1302 266/341/1304
s 279
f 141/46/1305 142/50/1306 215/387/1307
f 215/387/1307 142/50/1306 217/386/1308
s 280
f 172/309/1309 171/307/1310 301/344/1311
f 301/344/1311 171/307/1310 300/345/1312
s 281
f 117/164/1313 115/167/1314 246/370/1315
f 246/370/1315 115/167/1314 244/372/1316
s 282
f 140/42/1317 141/46/1318 213/388/1319
f 213/388/1319 141/46/1318 215/387/1320
s 283
f 173/311/1321 172/309/1322 302/343/1323
f 302/343/1323 172/309/1322 301/344/1324
s 284
f 114/170/1325 116/166/1326 268/286/1327
f 268/286/1327 116/166/1326 267/342/1328
s 285
f 139/38/1329 140/42/1330 211/389/1331
f 211/389/1331 140/42/1330 213/388/1332
s 286
f 174/287/1333 173/311/1334 303/288/1335
f 303/288/1335 173/311/1334 302/343/1336
s 287
f 115/167/1337 113/171/1338 244/372/1339
f 244/372/1339 113/171/1338 242/282/1340
s 288
f 138/34/1341 139/38/1342 209/285/1343
f 209/285/1343 139/38/1342 211/389/1344
s 289
usemtl HAMMER:CircleSG1
f 324/3/1345 323/2/1346 5/398/1347
f 5/398/1347 323/2/1346 3/397/1348
s 290
f 326/6/1349 325/5/1350 4/400/1351
f 4/400/1351 325/5/1350 6/399/1352
s 291
f 327/11/1353 324/3/1354 7/401/1355
f 7/401/1355 324/3/1354 5/398/1356
s 292
f 325/5/1357 328/12/1358 6/399/1359
f 6/399/1359 328/12/1358 8/402/1360
s 293
f 329/15/1361 327/11/1362 9/403/1363
f 9/403/1363 327/11/1362 7/401/1364
s 294
f 328/12/1365 330/16/1366 8/402/1367
f 8/402/1367 330/16/1366 10/404/1368
s 295
f 331/19/1369 329/15/1370 11/405/1371
f 11/405/1371 329/15/1370 9/403/1372
s 296
f 330/16/1373 332/20/1374 10/404/1375
f 10/404/1375 332/20/1374 12/406/1376
s 297
f 333/23/1377 331/19/1378 13/407/1379
f 13/407/1379 331/19/1378 11/405/1380
s 298
f 332/20/1381 334/24/1382 12/406/1383
f 12/406/1383 334/24/1382 14/408/1384
s 299
f 335/27/1385 333/23/1386 15/409/1387
f 15/409/1387 333/23/1386 13/407/1388
s 300
f 334/24/1389 336/28/1390 14/408/1391
f 14/408/1391 336/28/1390 16/410/1392
s 301
f 337/31/1393 335/27/1394 17/411/1395
f 17/411/1395 335/27/1394 15/409/1396
s 302
f 336/28/1397 338/32/1398 16/410/1399
f 16/410/1399 338/32/1398 18/412/1400
s 303
f 339/35/1401 337/31/1402 19/413/1403
f 19/413/1403 337/31/1402 17/411/1404
s 304
f 338/32/1405 340/36/1406 18/412/1407
f 18/412/1407 340/36/1406 20/414/1408
s 305
f 341/39/1409 339/35/1410 21/415/1411
f 21/415/1411 339/35/1410 19/413/1412
s 306
f 340/36/1413 342/40/1414 20/414/1415
f 20/414/1415 342/40/1414 22/416/1416
s 307
f 343/43/1417 341/39/1418 23/417/1419
f 23/417/1419 341/39/1418 21/415/1420
s 308
f 342/40/1421 344/44/1422 22/416/1423
f 22/416/1423 344/44/1422 24/418/1424
s 309
f 345/47/1425 343/43/1426 25/419/1427
f 25/419/1427 343/43/1426 23/417/1428
s 310
f 344/44/1429 346/48/1430 24/418/1431
f 24/418/1431 346/48/1430 26/420/1432
s 311
f 347/51/1433 345/47/1434 27/421/1435
f 27/421/1435 345/47/1434 25/419/1436
s 312
f 346/48/1437 348/52/1438 26/420/1439
f 26/420/1439 348/52/1438 28/422/1440
s 313
f 349/55/1441 347/51/1442 29/423/1443
f 29/423/1443 347/51/1442 27/421/1444
s 314
f 348/52/1445 350/56/1446 28/422/1447
f 28/422/1447 350/56/1446 30/424/1448
s 315
f 351/59/1449 349/55/1450 31/425/1451
f 31/425/1451 349/55/1450 29/423/1452
s 316
f 350/56/1453 352/60/1454 30/424/1455
f 30/424/1455 352/60/1454 32/426/1456
s 317
f 353/63/1457 351/59/1458 33/427/1459
f 33/427/1459 351/59/1458 31/425/1460
s 318
f 352/60/1461 354/64/1462 32/426/1463
f 32/426/1463 354/64/1462 34/428/1464
s 319
f 355/67/1465 353/63/1466 35/429/1467
f 35/429/1467 353/63/1466 33/427/1468
s 320
f 354/64/1469 356/68/1470 34/428/1471
f 34/428/1471 356/68/1470 36/430/1472
s 321
f 357/71/1473 355/67/1474 37/431/1475
f 37/431/1475 355/67/1474 35/429/1476
s 322
f 356/68/1477 358/72/1478 36/430/1479
f 36/430/1479 358/72/1478 38/432/1480
s 323
f 359/75/1481 357/71/1482 39/433/1483
f 39/433/1483 357/71/1482 37/431/1484
s 324
f 358/72/1485 360/76/1486 38/432/1487
f 38/432/1487 360/76/1486 40/434/1488
s 325
f 361/79/1489 359/75/1490 41/435/1491
f 41/435/1491 359/75/1490 39/433/1492
s 326
f 360/76/1493 362/80/1494 40/434/1495
f 40/434/1495 362/80/1494 42/436/1496
s 327
f 363/83/1497 361/79/1498 43/437/1499
f 43/437/1499 361/79/1498 41/435/1500
s 328
f 362/80/1501 364/84/1502 42/436/1503
f 42/436/1503 364/84/1502 44/438/1504
s 329
f 365/87/1505 363/83/1506 45/439/1507
f 45/439/1507 363/83/1506 43/437/1508
s 330
f 364/84/1509 366/88/1510 44/438/1511
f 44/438/1511 366/88/1510 46/440/1512
s 331
f 367/91/1513 365/87/1514 47/441/1515
f 47/441/1515 365/87/1514 45/439/1516
s 332
f 366/88/1517 368/92/1518 46/440/1519
f 46/440/1519 368/92/1518 48/442/1520
s 333
f 369/95/1521 367/91/1522 49/443/1523
f 49/443/1523 367/91/1522 47/441/1524
s 334
f 368/92/1525 370/96/1526 48/442/1527
f 48/442/1527 370/96/1526 50/444/1528
s 335
f 371/99/1529 369/95/1530 51/445/1531
f 51/445/1531 369/95/1530 49/443/1532
s 336
f 370/96/1533 372/100/1534 50/444/1535
f 50/444/1535 372/100/1534 52/446/1536
s 337
f 373/103/1537 371/99/1538 53/447/1539
f 53/447/1539 371/99/1538 51/445/1540
s 338
f 372/100/1541 374/104/1542 52/446/1543
f 52/446/1543 374/104/1542 54/448/1544
s 339
f 375/107/1545 373/103/1546 55/449/1547
f 55/449/1547 373/103/1546 53/447/1548
s 340
f 374/104/1549 376/108/1550 54/448/1551
f 54/448/1551 376/108/1550 56/450/1552
s 341
f 377/111/1553 375/107/1554 57/451/1555
f 57/451/1555 375/107/1554 55/449/1556
s 342
f 376/108/1557 378/112/1558 56/450/1559
f 56/450/1559 378/112/1558 58/452/1560
s 343
f 379/115/1561 377/111/1562 59/453/1563
f 59/453/1563 377/111/1562 57/451/1564
s 344
f 378/112/1565 380/116/1566 58/452/1567
f 58/452/1567 380/116/1566 60/454/1568
s 345
f 381/119/1569 379/115/1570 61/455/1571
f 61/455/1571 379/115/1570 59/453/1572
s 346
f 380/116/1573 382/120/1574 60/454/1575
f 60/454/1575 382/120/1574 62/456/1576
s 347
f 383/123/1577 381/119/1578 63/457/1579
f 63/457/1579 381/119/1578 61/455/1580
s 348
f 382/120/1581 384/124/1582 62/456/1583
f 62/456/1583 384/124/1582 64/458/1584
s 349
f 385/127/1585 383/123/1586 65/459/1587
f 65/459/1587 383/123/1586 63/457/1588
s 350
f 384/124/1589 386/128/1590 64/458/1591
f 64/458/1591 386/128/1590 66/460/1592
s 351
f 323/2/1593 385/127/1594 3/397/1595
f 3/397/1595 385/127/1594 65/459/1596
s 352
f 386/128/1597 326/6/1598 66/460/1599
f 66/460/1599 326/6/1598 4/400/1600
g default
v -0.126781 0.092725 -0.000049
v -0.117131 0.092725 0.047798
v -0.089648 0.092725 0.088360
v -0.048517 0.092725 0.115463
v 0.000000 0.092725 0.124980
v 0.048517 0.092725 0.115463
v 0.089648 0.092725 0.088360
v 0.117131 0.092725 0.047797
v 0.126781 0.092725 -0.000049
v 0.117131 0.092725 -0.047896
v 0.089648 0.092725 -0.088458
v 0.048517 0.092725 -0.115561
v 0.000000 0.092725 -0.125078
v -0.048517 0.092725 -0.115561
v -0.089648 0.092725 -0.088458
v -0.117131 0.092725 -0.047895
v -0.126388 2.950506 -0.000052
v -0.116767 2.950506 0.048477
v -0.089370 2.950506 0.089618
v -0.048366 2.950506 0.117107
v 0.000000 2.950506 0.126760
v 0.048367 2.950506 0.117107
v 0.089370 2.950506 0.089618
v 0.116767 2.950506 0.048477
v 0.126388 2.950506 -0.000052
v 0.116767 2.950506 -0.048580
v 0.089370 2.950506 -0.089721
v 0.048366 2.950506 -0.117211
v 0.000000 2.950506 -0.126864
v -0.048367 2.950506 -0.117210
v -0.089370 2.950506 -0.089721
v -0.116767 2.950506 -0.048580
v 0.000000 0.451333 -0.124026
v 0.000000 0.711131 -0.124026
v 0.000000 0.970929 -0.124026
v 0.000000 1.230727 -0.124026
v 0.000000 1.490526 -0.124027
v 0.000000 1.750324 -0.124027
v 0.000000 2.010122 -0.124027
v 0.000000 2.269920 -0.124027
v 0.000000 2.529719 -0.124028
v 0.000000 2.789517 -0.124028
v -0.049047 2.781995 -0.114591
v -0.049047 2.522197 -0.114591
v -0.049047 2.262399 -0.114590
v -0.049047 2.002600 -0.114590
v -0.049047 1.742802 -0.114590
v -0.049047 1.483004 -0.114589
v -0.049047 1.223206 -0.114589
v -0.049047 0.963408 -0.114589
v -0.049047 0.703609 -0.114589
v -0.049047 0.443811 -0.114589
v 0.049047 0.261236 0.114490
v 0.049047 0.521034 0.114490
v 0.049047 0.780832 0.114489
v 0.049047 1.040631 0.114489
v 0.049047 1.300429 0.114489
v 0.049047 1.560227 0.114489
v 0.049047 1.820025 0.114488
v 0.049047 2.079824 0.114488
v 0.049047 2.339622 0.114488
v 0.049047 2.599420 0.114488
v 0.090627 2.620839 0.087613
v 0.090627 2.361041 0.087613
v 0.090627 2.101242 0.087613
v 0.090627 1.841444 0.087614
v 0.090627 1.581646 0.087614
v 0.090627 1.321848 0.087614
v 0.090627 1.062050 0.087614
v 0.090627 0.802251 0.087615
v 0.090627 0.542453 0.087615
v 0.090627 0.282655 0.087615
v -0.090627 2.760576 -0.087716
v -0.090627 2.500778 -0.087716
v -0.090627 2.240980 -0.087715
v -0.090627 1.981181 -0.087715
v -0.090627 1.721383 -0.087715
v -0.090627 1.461585 -0.087715
v -0.090627 1.201787 -0.087714
v -0.090627 0.941988 -0.087714
v -0.090627 0.682190 -0.087714
v -0.090627 0.422392 -0.087714
v 0.118409 2.652895 0.047392
v 0.118409 2.393097 0.047392
v 0.118409 2.133298 0.047393
v 0.118409 1.873500 0.047393
v 0.118409 1.613702 0.047393
v 0.118409 1.353904 0.047393
v 0.118409 1.094106 0.047394
v 0.118409 0.834307 0.047394
v 0.118409 0.574509 0.047394
v 0.118409 0.314711 0.047394
v -0.118409 2.728520 -0.047495
v -0.118409 2.468722 -0.047495
v -0.118409 2.208924 -0.047495
v -0.118409 1.949125 -0.047494
v -0.118409 1.689327 -0.047494
v -0.118409 1.429529 -0.047494
v -0.118409 1.169731 -0.047493
v -0.118409 0.909932 -0.047493
v -0.118409 0.650134 -0.047493
v -0.118409 0.390336 -0.047493
v 0.128165 2.690708 -0.000052
v 0.128165 2.430909 -0.000051
v 0.128165 2.171111 -0.000051
v 0.128165 1.911313 -0.000051
v 0.128165 1.651515 -0.000051
v 0.128165 1.391716 -0.000050
v 0.128165 1.131918 -0.000050
v 0.128165 0.872120 -0.000050
v 0.128165 0.612322 -0.000050
v 0.128165 0.352523 -0.000049
v -0.128165 0.352523 -0.000049
v -0.128165 0.612322 -0.000049
v -0.128165 0.872120 -0.000050
v -0.128165 1.131918 -0.000050
v -0.128165 1.391717 -0.000050
v -0.128165 1.651515 -0.000050
v -0.128165 1.911313 -0.000051
v -0.128165 2.171111 -0.000051
v -0.128165 2.430909 -0.000051
v -0.128165 2.690708 -0.000051
v -0.118409 2.652895 0.047392
v -0.118409 2.393097 0.047393
v -0.118409 2.133298 0.047393
v -0.118409 1.873500 0.047393
v -0.118409 1.613702 0.047393
v -0.118409 1.353904 0.047394
v -0.118409 1.094106 0.047394
v -0.118409 0.834307 0.047394
v -0.118409 0.574509 0.047394
v -0.118409 0.314711 0.047394
v 0.118409 2.728520 -0.047495
v 0.118409 2.468722 -0.047495
v 0.118409 2.208924 -0.047495
v 0.118409 1.949125 -0.047495
v 0.118409 1.689327 -0.047494
v 0.118409 1.429529 -0.047494
v 0.118409 1.169731 -0.047494
v 0.118409 0.909932 -0.047494
v 0.118409 0.650134 -0.047493
v 0.118409 0.390336 -0.047493
v -0.090627 2.620839 0.087613
v -0.090627 2.361041 0.087613
v -0.090627 2.101242 0.087614
v -0.090627 1.841444 0.087614
v -0.090627 1.581646 0.087614
v -0.090627 1.321848 0.087614
v -0.090627 1.062050 0.087615
v -0.090627 0.802251 0.087615
v -0.090627 0.542453 0.087615
v -0.090627 0.282655 0.087615
v 0.090627 2.760576 -0.087716
v 0.090627 2.500778 -0.087716
v 0.090627 2.240980 -0.087716
v 0.090627 1.981181 -0.087715
v 0.090627 1.721383 -0.087715
v 0.090627 1.461585 -0.087715
v 0.090627 1.201787 -0.087715
v 0.090627 0.941988 -0.087714
v 0.090627 0.682190 -0.087714
v 0.090627 0.422392 -0.087714
v -0.049047 2.599420 0.114488
v -0.049047 2.339621 0.114488
v -0.049047 2.079823 0.114488
v -0.049047 1.820025 0.114488
v -0.049047 1.560227 0.114489
v -0.049047 1.300429 0.114489
v -0.049047 1.040631 0.114489
v -0.049047 0.780832 0.114489
v -0.049047 0.521034 0.114490
v -0.049047 0.261236 0.114490
v 0.049047 2.781995 -0.114591
v 0.049047 2.522197 -0.114591
v 0.049047 2.262399 -0.114590
v 0.049047 2.002600 -0.114590
v 0.049047 1.742802 -0.114590
v 0.049047 1.483004 -0.114590
v 0.049047 1.223206 -0.114589
v 0.049047 0.963408 -0.114589
v 0.049047 0.703609 -0.114589
v 0.049047 0.443811 -0.114589
v 0.000000 2.591898 0.123925
v 0.000000 2.332100 0.123925
v 0.000000 2.072302 0.123925
v 0.000000 1.812504 0.123926
v 0.000000 1.552706 0.123926
v 0.000000 1.292907 0.123926
v 0.000000 1.033109 0.123926
v 0.000000 0.773311 0.123927
v 0.000000 0.513513 0.123927
v 0.000000 0.253714 0.123927
v -0.187603 0.092725 -0.000049
v -0.173322 0.092725 0.070751
v -0.132655 0.092725 0.130773
v -0.071792 0.092725 0.170878
v 0.000000 0.092725 0.184961
v 0.071792 0.092725 0.170878
v 0.132655 0.092725 0.130772
v 0.173322 0.092725 0.070751
v 0.187603 0.092725 -0.000049
v 0.173322 0.092725 -0.070849
v 0.132655 0.092725 -0.130871
v 0.071792 0.092725 -0.170976
v 0.000000 0.092725 -0.185059
v -0.071793 0.092725 -0.170976
v -0.132655 0.092725 -0.130871
v -0.173322 0.092725 -0.070849
v -0.187603 -0.123511 -0.000049
v -0.173322 -0.123511 0.070752
v -0.132655 -0.123511 0.130773
v -0.071792 -0.123511 0.170878
v 0.000000 -0.123511 0.184961
v 0.071792 -0.123511 0.170878
v 0.132655 -0.123511 0.130773
v 0.173322 -0.123511 0.070751
v 0.187603 -0.123511 -0.000049
v 0.173322 -0.123511 -0.070849
v 0.132655 -0.123511 -0.130871
v 0.071792 -0.123511 -0.170976
v 0.000000 -0.123511 -0.185059
v -0.071793 -0.123511 -0.170976
v -0.132655 -0.123511 -0.130870
v -0.173322 -0.123511 -0.070849
v -0.148055 2.950506 -0.000052
v -0.136785 2.950506 0.056797
v -0.104691 2.950506 0.104991
v -0.056658 2.950506 0.137193
v 0.000000 2.950506 0.148501
v 0.056658 2.950506 0.137193
v 0.104691 2.950506 0.104990
v 0.136785 2.950506 0.056797
v 0.148055 2.950506 -0.000052
v 0.136785 2.950506 -0.056900
v 0.104691 2.950506 -0.105094
v 0.056658 2.950506 -0.137296
v 0.000000 2.950506 -0.148604
v -0.056658 2.950506 -0.137296
v -0.104691 2.950506 -0.105094
v -0.136785 2.950506 -0.056900
v -0.189260 3.114475 -0.000052
v -0.174853 3.218019 0.072618
v -0.133827 3.218019 0.134224
v -0.072427 3.218020 0.175388
v -0.006653 3.218020 0.201793
v 0.070332 3.218020 0.186428
v 0.135596 3.218020 0.142673
v 0.179204 3.218019 0.077190
v 0.194517 3.218020 -0.000052
v 0.179204 3.218019 -0.077295
v 0.135596 3.218019 -0.142778
v 0.070331 3.218019 -0.186532
v -0.006653 3.218020 -0.201897
v -0.072427 3.218019 -0.175492
v -0.133827 3.218019 -0.134328
v -0.174853 3.218019 -0.072721
v -0.134187 -0.123511 -0.021089
v -0.074153 -0.123511 0.031444
v -0.002361 -0.123511 0.078751
v 0.070261 -0.123511 0.113631
v -0.070261 -0.123511 -0.113728
v 0.002361 -0.123511 -0.078849
v 0.074153 -0.123511 -0.031542
v 0.134187 -0.123511 0.020991
vt 0.000000 0.000000
vt 0.000000 0.000000
vt 0.000000 0.000000
vt 0.000000 0.000000
vt 0.000000 0.000000
vt 0.000000 0.000000
vt 0.000000 0.000000
vt 0.000000 0.000000
vt 0.000000 0.000000
vt 0.000000 0.000000
vt 0.000000 0.000000
vt 0.000000 0.000000
vt 0.000000 0.000000
vt 0.000000 0.000000
vt 0.000000 0.000000
vt 0.000000 0.000000
vt 0.000000 0.000000
vt 0.000000 0.000000
vt 0.000000 0.000000
vt 0.000000 0.000000
vt 0.000000 0.000000
vt 0.000000 0.000000
vt 0.000000 0.000000
vt 0.000000 0.000000
vt 0.000000 0.000000
vt 0.000000 0.000000
vt 0.000000 0.000000
vt 0.000000 0.000000
vt 0.000000 0.000000
vt 0.000000 0.000000
vt 0.000000 0.000000
vt 0.000000 0.000000
vt 0.000000 0.000000
vt 0.000000 0.000000
vt 0.000000 0.000000
vt 0.000000 0.000000
vt 0.000000 0.000000
vt 0.000000 0.000000
vt 0.000000 0.000000
vt 0.000000 0.000000
vt 0.000000 0.000000
vt 0.000000 0.000000
vt 0.000000 0.000000
vt 0.000000 0.000000
vt 0.000000 0.000000
vt 0.000000 0.000000
vt 0.000000 0.000000
vt 0.000000 0.000000
vt 0.000000 0.000000
vt 0.000000 0.000000
vt 0.000000 0.000000
vt 0.000000 0.000000
vt 0.000000 0.000000
vt 0.000000 0.000000
vt 0.000000 0.000000
vt 0.000000 0.000000
vt 0.000000 0.000000
vt 0.000000 0.000000
vt 0.000000 0.000000
vt 0.000000 0.000000
vt 0.000000 0.000000
vt 0.000000 0.000000
vt 0.000000 0.000000
vt 0.000000 0.000000
vt 0.000000 0.000000
vt 0.000000 0.000000
vt 0.000000 0.000000
vt 0.000000 0.000000
vt 0.000000 0.000000
vt 0.000000 0.000000
vt 0.000000 0.000000
vt 0.000000 0.000000
vt 0.000000 0.000000
vt 0.000000 0.000000
vt 0.000000 0.000000
vt 0.000000 0.000000
vt 0.000000 0.000000
vt 0.000000 0.000000
vt 0.000000 0.000000
vt 0.000000 0.000000
vt 0.000000 0.000000
vt 0.000000 0.000000
vt 0.000000 0.000000
vt 0.000000 0.000000
vt 0.000000 0.000000
vt 0.000000 0.000000
vt 0.000000 0.000000
vt 0.000000 0.000000
vt 0.000000 0.000000
vt 0.000000 0.000000
vt 0.000000 0.000000
vt 0.000000 0.000000
vt 0.000000 0.000000
vt 0.000000 0.000000
vt 0.000000 0.000000
vt 0.000000 0.000000
vt 0.000000 0.000000
vt 0.000000 0.000000
vt 0.000000 0.000000
vt 0.000000 0.000000
vt 0.000000 0.000000
vt 0.000000 0.000000
vt 0.000000 0.000000
vt 0.000000 0.000000
vt 0.000000 0.000000
vt 0.000000 0.000000
vt 0.000000 0.000000
vt 0.000000 0.000000
vt 0.000000 0.000000
vt 0.000000 0.000000
vt 0.000000 0.000000
vt 0.000000 0.000000
vt 0.000000 0.000000
vt 0.000000 0.000000
vt 0.000000 0.000000
vt 0.000000 0.000000
vt 0.000000 0.000000
vt 0.000000 0.000000
vt 0.000000 0.000000
vt 0.000000 0.000000
vt 0.000000 0.000000
vt 0.000000 0.000000
vt 0.000000 0.000000
vt 0.000000 0.000000
vt 0.000000 0.000000
vt 0.000000 0.000000
vt 0.000000 0.000000
vt 0.000000 0.000000
vt 0.000000 0.000000
vt 0.000000 0.000000
vt 0.000000 0.000000
vt 0.000000 0.000000
vt 0.000000 0.000000
vt 0.000000 0.000000
vt 0.000000 0.000000
vt 0.000000 0.000000
vt 0.000000 0.000000
vt 0.000000 0.000000
vt 0.000000 0.000000
vt 0.000000 0.000000
vt 0.000000 0.000000
vt 0.000000 0.000000
vt 0.000000 0.000000
vt 0.000000 0.000000
vt 0.000000 0.000000
vt 0.000000 0.000000
vt 0.000000 0.000000
vt 0.000000 0.000000
vt 0.000000 0.000000
vt 0.000000 0.000000
vt 0.000000 0.000000
vt 0.000000 0.000000
vt 0.000000 0.000000
vt 0.000000 0.000000
vt 0.000000 0.000000
vt 0.000000 0.000000
vt 0.000000 0.000000
vt 0.000000 0.000000
vt 0.000000 0.000000
vt 0.000000 0.000000
vt 0.000000 0.000000
vt 0.000000 0.000000
vt 0.000000 0.000000
vt 0.000000 0.000000
vt 0.000000 0.000000
vt 0.000000 0.000000
vt 0.000000 0.000000
vt 0.000000 0.000000
vt 0.000000 0.000000
vt 0.000000 0.000000
vt 0.000000 0.000000
vt 0.000000 0.000000
vt 0.000000 0.000000
vt 0.000000 0.000000
vt 0.000000 0.000000
vt 0.000000 0.000000
vt 0.000000 0.000000
vt 0.000000 0.000000
vt 0.000000 0.000000
vt 0.000000 0.000000
vt 0.000000 0.000000
vt 0.000000 0.000000
vt 0.000000 0.000000
vt 0.000000 0.000000
vt 0.000000 0.000000
vt 0.000000 0.000000
vt 0.000000 0.000000
vt 0.000000 0.000000
vt 0.000000 0.000000
vt 0.000000 0.000000
vt 0.000000 0.000000
vt 0.000000 0.000000
vt 0.000000 0.000000
vt 0.000000 0.000000
vt 0.000000 0.000000
vt 0.000000 0.000000
vt 0.000000 0.000000
vt 0.000000 0.000000
vt 0.000000 0.000000
vt 0.000000 0.000000
vt 0.000000 0.000000
vt 0.000000 0.000000
vt 0.000000 0.000000
vt 0.000000 0.000000
vt 0.000000 0.000000
vt 0.000000 0.000000
vt 0.000000 0.000000
vt 0.000000 0.000000
vt 0.000000 0.000000
vt 0.000000 0.000000
vt 0.000000 0.000000
vt 0.000000 0.000000
vt 0.000000 0.000000
vt 0.000000 0.000000
vt 0.000000 0.000000
vt 0.000000 0.000000
vt 0.000000 0.000000
vt 0.000000 0.000000
vt 0.000000 0.000000
vt 0.000000 0.000000
vt 0.000000 0.000000
vt 0.000000 0.000000
vt 0.000000 0.000000
vt 0.000000 0.000000
vt 0.000000 0.000000
vt 0.000000 0.000000
vt 0.000000 0.000000
vt 0.000000 0.000000
vt 0.000000 0.000000
vt 0.000000 0.000000
vt 0.000000 0.000000
vt 0.000000 0.000000
vt 0.000000 0.000000
vt 0.000000 0.000000
vt 0.000000 0.000000
vt 0.000000 0.000000
vt 0.000000 0.000000
vt 0.000000 0.000000
vt 0.000000 0.000000
vt 0.000000 0.000000
vt 0.000000 0.000000
vt 0.000000 0.000000
vt 0.000000 0.000000
vt 0.000000 0.000000
vt 0.000000 0.000000
vt 0.000000 0.000000
vt 0.000000 0.000000
vt 0.000000 0.000000
vt 0.000000 0.000000
vt 0.000000 0.000000
vt 0.000000 0.000000
vt 0.000000 0.000000
vt 0.000000 0.000000
vt 0.000000 0.000000
vt 0.000000 0.000000
vt 0.000000 0.000000
vt 0.000000 0.000000
vt 0.000000 0.000000
vt 0.000000 0.000000
vt 0.000000 0.000000
vt 0.000000 0.000000
vt 0.000000 0.000000
vt 0.000000 0.000000
vt 0.000000 0.000000
vn -0.191116 -0.015854 -0.981439
vn -0.191116 -0.015854 -0.981439
vn -0.191116 -0.015854 -0.981439
vn -0.191116 -0.015854 -0.981439
vn -0.699429 0.001220 -0.714701
vn -0.701925 0.001561 -0.712249
vn -0.378444 0.005844 -0.925606
vn -0.375437 0.002809 -0.926844
vn 0.699758 0.000756 0.714379
vn 0.700945 0.003193 0.713208
vn 0.375960 0.012087 0.926557
vn 0.375650 0.006178 0.926741
vn -0.920963 -0.001117 -0.389648
vn -0.921293 -0.003400 -0.388854
vn -0.701925 0.001561 -0.712249
vn -0.699429 0.001220 -0.714701
vn 0.921164 -0.002722 0.389165
vn 0.922295 -0.004144 0.386465
vn 0.700945 0.003193 0.713208
vn 0.699758 0.000756 0.714379
vn -0.999996 -0.002984 -0.000243
vn -0.999978 -0.006194 -0.002345
vn -0.921293 -0.003400 -0.388854
vn -0.920963 -0.001117 -0.389648
vn 0.920963 -0.001117 -0.389648
vn 0.921293 -0.003400 -0.388854
vn 0.999978 -0.006194 -0.002345
vn 0.999996 -0.002984 -0.000243
vn 0.999996 -0.002984 -0.000243
vn 0.999978 -0.006194 -0.002345
vn 0.922295 -0.004144 0.386465
vn 0.921164 -0.002722 0.389165
vn -0.921164 -0.002722 0.389166
vn -0.922295 -0.004144 0.386465
vn -0.999978 -0.006194 -0.002345
vn -0.999996 -0.002984 -0.000243
vn 0.699428 0.001220 -0.714702
vn 0.701924 0.001561 -0.712250
vn 0.921293 -0.003400 -0.388854
vn 0.920963 -0.001117 -0.389648
vn -0.699757 0.000756 0.714380
vn -0.700944 0.003193 0.713209
vn -0.922295 -0.004144 0.386465
vn -0.921164 -0.002722 0.389166
vn 0.375436 0.002809 -0.926844
vn 0.378442 0.005844 -0.925607
vn 0.701924 0.001561 -0.712250
vn 0.699428 0.001220 -0.714702
vn -0.375648 0.006178 0.926742
vn -0.375958 0.012086 0.926558
vn -0.700944 0.003193 0.713209
vn -0.699757 0.000756 0.714380
vn -0.000000 0.003303 -0.999995
vn -0.000000 0.007497 -0.999972
vn 0.378442 0.005844 -0.925607
vn 0.375436 0.002809 -0.926844
vn 0.000001 0.009042 0.999959
vn 0.000001 0.016153 0.999870
vn -0.375958 0.012086 0.926558
vn -0.375648 0.006178 0.926742
vn -0.375437 0.002809 -0.926844
vn -0.378444 0.005844 -0.925606
vn -0.000000 0.007497 -0.999972
vn -0.000000 0.003303 -0.999995
vn -0.374768 -0.003798 -0.927111
vn -0.374465 -0.001859 -0.927239
vn -0.000001 -0.003266 -0.999995
vn -0.000001 -0.005836 -0.999983
vn -0.374465 -0.001859 -0.927239
vn -0.372725 -0.000001 -0.927942
vn -0.000001 -0.000001 -1.000000
vn -0.000001 -0.003266 -0.999995
vn -0.372725 -0.000001 -0.927942
vn -0.372725 -0.000001 -0.927942
vn -0.000001 -0.000001 -1.000000
vn -0.000001 -0.000001 -1.000000
vn -0.372725 -0.000001 -0.927942
vn -0.372724 -0.000001 -0.927942
vn -0.000001 -0.000001 -1.000000
vn -0.000001 -0.000001 -1.000000
vn -0.372724 -0.000001 -0.927942
vn -0.372724 -0.000001 -0.927942
vn -0.000001 -0.000001 -1.000000
vn -0.000001 -0.000001 -1.000000
vn -0.372724 -0.000001 -0.927942
vn -0.372724 -0.000001 -0.927942
vn 0.000000 -0.000001 -1.000000
vn -0.000001 -0.000001 -1.000000
vn -0.372724 -0.000001 -0.927942
vn -0.372725 -0.000001 -0.927942
vn -0.000001 -0.000001 -1.000000
vn 0.000000 -0.000001 -1.000000
vn -0.372725 -0.000001 -0.927942
vn -0.372725 -0.000001 -0.927942
vn -0.000001 -0.000001 -1.000000
vn -0.000001 -0.000001 -1.000000
vn -0.372725 -0.000001 -0.927942
vn -0.372725 -0.000001 -0.927942
vn -0.000001 -0.000001 -1.000000
vn -0.000001 -0.000001 -1.000000
vn -0.372725 -0.000001 -0.927942
vn -0.375437 0.002809 -0.926844
vn -0.000000 0.003303 -0.999995
vn -0.000001 -0.000001 -1.000000
vn 0.000001 -0.002708 0.999996
vn 0.000001 -0.001192 0.999999
vn -0.374082 -0.000913 0.927395
vn -0.375564 -0.001814 0.926795
vn 0.000001 -0.001192 0.999999
vn 0.000001 0.000001 1.000000
vn -0.372723 0.000001 0.927943
vn -0.374082 -0.000913 0.927395
vn 0.000001 0.000001 1.000000
vn 0.000001 0.000001 1.000000
vn -0.372723 0.000001 0.927943
vn -0.372723 0.000001 0.927943
vn 0.000001 0.000001 1.000000
vn 0.000001 0.000001 1.000000
vn -0.372723 0.000001 0.927943
vn -0.372723 0.000001 0.927943
vn 0.000001 0.000001 1.000000
vn 0.000001 0.000001 1.000000
vn -0.372723 0.000001 0.927943
vn -0.372723 0.000001 0.927943
vn 0.000001 0.000001 1.000000
vn 0.000001 0.000001 1.000000
vn -0.372723 0.000001 0.927943
vn -0.372723 0.000001 0.927943
vn 0.000001 0.000001 1.000000
vn 0.000001 0.000001 1.000000
vn -0.372723 0.000001 0.927943
vn -0.372723 0.000001 0.927943
vn 0.000001 0.000001 1.000000
vn 0.000001 0.000001 1.000000
vn -0.372723 0.000001 0.927943
vn -0.372723 0.000001 0.927943
vn 0.000001 0.000001 1.000000
vn 0.000001 0.000001 1.000000
vn -0.372723 0.000001 0.927943
vn -0.372723 0.000001 0.927943
vn 0.000001 0.000001 1.000000
vn 0.000001 0.009042 0.999959
vn -0.375648 0.006178 0.926742
vn -0.372723 0.000001 0.927943
vn -0.000001 -0.005836 -0.999983
vn -0.000001 -0.003266 -0.999995
vn 0.374463 -0.001859 -0.927240
vn 0.374767 -0.003798 -0.927111
vn -0.000001 -0.003266 -0.999995
vn -0.000001 -0.000001 -1.000000
vn 0.372723 -0.000001 -0.927943
vn 0.374463 -0.001859 -0.927240
vn -0.000001 -0.000001 -1.000000
vn -0.000001 -0.000001 -1.000000
vn 0.372723 -0.000001 -0.927943
vn 0.372723 -0.000001 -0.927943
vn -0.000001 -0.000001 -1.000000
vn -0.000001 -0.000001 -1.000000
vn 0.372723 -0.000001 -0.927943
vn 0.372723 -0.000001 -0.927943
vn -0.000001 -0.000001 -1.000000
vn -0.000001 -0.000001 -1.000000
vn 0.372723 -0.000001 -0.927943
vn 0.372723 -0.000001 -0.927943
vn -0.000001 -0.000001 -1.000000
vn 0.000000 -0.000001 -1.000000
vn 0.372723 -0.000001 -0.927943
vn 0.372723 -0.000001 -0.927943
vn 0.000000 -0.000001 -1.000000
vn -0.000001 -0.000001 -1.000000
vn 0.372723 -0.000001 -0.927943
vn 0.372723 -0.000001 -0.927943
vn -0.000001 -0.000001 -1.000000
vn -0.000001 -0.000001 -1.000000
vn 0.372723 -0.000001 -0.927943
vn 0.372723 -0.000001 -0.927943
vn -0.000001 -0.000001 -1.000000
vn -0.000001 -0.000001 -1.000000
vn 0.372723 -0.000001 -0.927943
vn 0.372723 -0.000001 -0.927943
vn -0.000001 -0.000001 -1.000000
vn -0.000000 0.003303 -0.999995
vn 0.375436 0.002809 -0.926844
vn 0.372723 -0.000001 -0.927943
vn -0.375564 -0.001814 0.926795
vn -0.374082 -0.000913 0.927395
vn -0.697778 -0.000023 0.716314
vn -0.698945 0.000526 0.715175
vn -0.374082 -0.000913 0.927395
vn -0.372723 0.000001 0.927943
vn -0.696171 0.000001 0.717876
vn -0.697778 -0.000023 0.716314
vn -0.372723 0.000001 0.927943
vn -0.372723 0.000001 0.927943
vn -0.696170 0.000001 0.717877
vn -0.696171 0.000001 0.717876
vn -0.372723 0.000001 0.927943
vn -0.372723 0.000001 0.927943
vn -0.696170 0.000001 0.717877
vn -0.696170 0.000001 0.717877
vn -0.372723 0.000001 0.927943
vn -0.372723 0.000001 0.927943
vn -0.696170 0.000001 0.717877
vn -0.696170 0.000001 0.717877
vn -0.372723 0.000001 0.927943
vn -0.372723 0.000001 0.927943
vn -0.696170 0.000001 0.717877
vn -0.696170 0.000001 0.717877
vn -0.372723 0.000001 0.927943
vn -0.372723 0.000001 0.927943
vn -0.696171 0.000001 0.717876
vn -0.696170 0.000001 0.717877
vn -0.372723 0.000001 0.927943
vn -0.372723 0.000001 0.927943
vn -0.696171 0.000001 0.717876
vn -0.696171 0.000001 0.717876
vn -0.372723 0.000001 0.927943
vn -0.372723 0.000001 0.927943
vn -0.696171 0.000001 0.717876
vn -0.696171 0.000001 0.717876
vn -0.372723 0.000001 0.927943
vn -0.375648 0.006178 0.926742
vn -0.699757 0.000756 0.714380
vn -0.696171 0.000001 0.717876
vn 0.374767 -0.003798 -0.927111
vn 0.374463 -0.001859 -0.927240
vn 0.698304 0.000789 -0.715801
vn 0.699120 0.000625 -0.715004
vn 0.374463 -0.001859 -0.927240
vn 0.372723 -0.000001 -0.927943
vn 0.696170 -0.000001 -0.717877
vn 0.698304 0.000789 -0.715801
vn 0.372723 -0.000001 -0.927943
vn 0.372723 -0.000001 -0.927943
vn 0.696170 -0.000001 -0.717877
vn 0.696170 -0.000001 -0.717877
vn 0.372723 -0.000001 -0.927943
vn 0.372723 -0.000001 -0.927943
vn 0.696170 -0.000001 -0.717877
vn 0.696170 -0.000001 -0.717877
vn 0.372723 -0.000001 -0.927943
vn 0.372723 -0.000001 -0.927943
vn 0.696170 -0.000001 -0.717877
vn 0.696170 -0.000001 -0.717877
vn 0.372723 -0.000001 -0.927943
vn 0.372723 -0.000001 -0.927943
vn 0.696170 -0.000001 -0.717877
vn 0.696170 -0.000001 -0.717877
vn 0.372723 -0.000001 -0.927943
vn 0.372723 -0.000001 -0.927943
vn 0.696170 -0.000001 -0.717877
vn 0.696170 -0.000001 -0.717877
vn 0.372723 -0.000001 -0.927943
vn 0.372723 -0.000001 -0.927943
vn 0.696170 -0.000001 -0.717877
vn 0.696170 -0.000001 -0.717877
vn 0.372723 -0.000001 -0.927943
vn 0.372723 -0.000001 -0.927943
vn 0.696170 -0.000001 -0.717877
vn 0.696170 -0.000001 -0.717877
vn 0.372723 -0.000001 -0.927943
vn 0.375436 0.002809 -0.926844
vn 0.699428 0.001220 -0.714702
vn 0.696170 -0.000001 -0.717877
vn -0.698945 0.000526 0.715175
vn -0.697778 -0.000023 0.716314
vn -0.920243 0.001297 0.391346
vn -0.920299 0.003298 0.391203
vn -0.697778 -0.000023 0.716314
vn -0.696171 0.000001 0.717876
vn -0.919633 0.000000 0.392778
vn -0.920243 0.001297 0.391346
vn -0.696171 0.000001 0.717876
vn -0.696170 0.000001 0.717877
vn -0.919633 0.000000 0.392778
vn -0.919633 0.000000 0.392778
vn -0.696170 0.000001 0.717877
vn -0.696170 0.000001 0.717877
vn -0.919633 0.000000 0.392778
vn -0.919633 0.000000 0.392778
vn -0.696170 0.000001 0.717877
vn -0.696170 0.000001 0.717877
vn -0.919633 0.000000 0.392778
vn -0.919633 0.000000 0.392778
vn -0.696170 0.000001 0.717877
vn -0.696170 0.000001 0.717877
vn -0.919633 0.000000 0.392778
vn -0.919633 0.000000 0.392778
vn -0.696170 0.000001 0.717877
vn -0.696171 0.000001 0.717876
vn -0.919633 0.000000 0.392778
vn -0.919633 0.000000 0.392778
vn -0.696171 0.000001 0.717876
vn -0.696171 0.000001 0.717876
vn -0.919633 0.000000 0.392778
vn -0.919633 0.000000 0.392778
vn -0.696171 0.000001 0.717876
vn -0.696171 0.000001 0.717876
vn -0.919633 0.000000 0.392778
vn -0.919633 0.000000 0.392778
vn -0.696171 0.000001 0.717876
vn -0.699757 0.000756 0.714380
vn -0.921164 -0.002722 0.389166
vn -0.919633 0.000000 0.392778
vn 0.699120 0.000625 -0.715004
vn 0.698304 0.000789 -0.715801
vn 0.920584 0.002426 -0.390536
vn 0.921310 0.004186 -0.388806
vn 0.698304 0.000789 -0.715801
vn 0.696170 -0.000001 -0.717877
vn 0.919633 0.000000 -0.392779
vn 0.920584 0.002426 -0.390536
vn 0.696170 -0.000001 -0.717877
vn 0.696170 -0.000001 -0.717877
vn 0.919633 0.000000 -0.392779
vn 0.919633 0.000000 -0.392779
vn 0.696170 -0.000001 -0.717877
vn 0.696170 -0.000001 -0.717877
vn 0.919633 0.000000 -0.392779
vn 0.919633 0.000000 -0.392779
vn 0.696170 -0.000001 -0.717877
vn 0.696170 -0.000001 -0.717877
vn 0.919633 0.000000 -0.392779
vn 0.919633 0.000000 -0.392779
vn 0.696170 -0.000001 -0.717877
vn 0.696170 -0.000001 -0.717877
vn 0.919633 0.000000 -0.392779
vn 0.919633 0.000000 -0.392779
vn 0.696170 -0.000001 -0.717877
vn 0.696170 -0.000001 -0.717877
vn 0.919633 0.000000 -0.392779
vn 0.919633 0.000000 -0.392779
vn 0.696170 -0.000001 -0.717877
vn 0.696170 -0.000001 -0.717877
vn 0.919633 0.000000 -0.392779
vn 0.919633 0.000000 -0.392779
vn 0.696170 -0.000001 -0.717877
vn 0.696170 -0.000001 -0.717877
vn 0.919633 0.000000 -0.392779
vn 0.919633 0.000000 -0.392779
vn 0.696170 -0.000001 -0.717877
vn 0.699428 0.001220 -0.714702
vn 0.920963 -0.001117 -0.389648
vn 0.919633 0.000000 -0.392779
vn -0.920299 0.003298 0.391203
vn -0.920243 0.001297 0.391346
vn -0.999997 0.002407 0.000448
vn -0.999986 0.004994 0.001903
vn -0.920243 0.001297 0.391346
vn -0.919633 0.000000 0.392778
vn -1.000000 0.000000 0.000000
vn -0.999997 0.002407 0.000448
vn -0.919633 0.000000 0.392778
vn -0.919633 0.000000 0.392778
vn -1.000000 0.000000 0.000000
vn -1.000000 0.000000 0.000000
vn -0.919633 0.000000 0.392778
vn -0.919633 0.000000 0.392778
vn -1.000000 0.000000 0.000000
vn -1.000000 0.000000 0.000000
vn -0.919633 0.000000 0.392778
vn -0.919633 0.000000 0.392778
vn -1.000000 0.000000 0.000000
vn -1.000000 0.000000 0.000000
vn -0.919633 0.000000 0.392778
vn -0.919633 0.000000 0.392778
vn -1.000000 0.000000 0.000000
vn -1.000000 0.000000 0.000000
vn -0.919633 0.000000 0.392778
vn -0.919633 0.000000 0.392778
vn -1.000000 0.000000 0.000000
vn -1.000000 0.000000 0.000000
vn -0.919633 0.000000 0.392778
vn -0.919633 0.000000 0.392778
vn -1.000000 0.000000 0.000000
vn -1.000000 0.000000 0.000000
vn -0.919633 0.000000 0.392778
vn -0.919633 0.000000 0.392778
vn -1.000000 0.000000 0.000000
vn -1.000000 0.000000 0.000000
vn -0.919633 0.000000 0.392778
vn -0.921164 -0.002722 0.389166
vn -0.999996 -0.002984 -0.000243
vn -1.000000 0.000000 0.000000
vn 0.999986 0.004994 0.001903
vn 0.999997 0.002407 0.000448
vn 0.920243 0.001297 0.391346
vn 0.920299 0.003298 0.391203
vn 0.999997 0.002407 0.000448
vn 1.000000 0.000000 0.000000
vn 0.919633 0.000000 0.392778
vn 0.920243 0.001297 0.391346
vn 1.000000 0.000000 0.000000
vn 1.000000 0.000000 0.000000
vn 0.919633 0.000000 0.392778
vn 0.919633 0.000000 0.392778
vn 1.000000 0.000000 0.000000
vn 1.000000 0.000000 0.000000
vn 0.919633 0.000000 0.392778
vn 0.919633 0.000000 0.392778
vn 1.000000 0.000000 0.000000
vn 1.000000 0.000000 0.000000
vn 0.919633 0.000000 0.392778
vn 0.919633 0.000000 0.392778
vn 1.000000 0.000000 0.000000
vn 1.000000 0.000000 0.000000
vn 0.919633 0.000000 0.392778
vn 0.919633 0.000000 0.392778
vn 1.000000 0.000000 0.000000
vn 1.000000 0.000000 0.000000
vn 0.919633 0.000000 0.392778
vn 0.919633 0.000000 0.392778
vn 1.000000 0.000000 0.000000
vn 1.000000 0.000000 0.000000
vn 0.919633 0.000000 0.392778
vn 0.919633 0.000000 0.392778
vn 1.000000 0.000000 0.000000
vn 1.000000 0.000000 0.000000
vn 0.919633 0.000000 0.392778
vn 0.919633 0.000000 0.392778
vn 1.000000 0.000000 0.000000
vn 0.999996 -0.002984 -0.000243
vn 0.921164 -0.002722 0.389165
vn 0.919633 0.000000 0.392778
vn 0.921310 0.004186 -0.388806
vn 0.920584 0.002426 -0.390536
vn 0.999997 0.002407 0.000448
vn 0.999986 0.004994 0.001903
vn 0.920584 0.002426 -0.390536
vn 0.919633 0.000000 -0.392779
vn 1.000000 0.000000 0.000000
vn 0.999997 0.002407 0.000448
vn 0.919633 0.000000 -0.392779
vn 0.919633 0.000000 -0.392779
vn 1.000000 0.000000 0.000000
vn 1.000000 0.000000 0.000000
vn 0.919633 0.000000 -0.392779
vn 0.919633 0.000000 -0.392779
vn 1.000000 0.000000 0.000000
vn 1.000000 0.000000 0.000000
vn 0.919633 0.000000 -0.392779
vn 0.919633 0.000000 -0.392779
vn 1.000000 0.000000 0.000000
vn 1.000000 0.000000 0.000000
vn 0.919633 0.000000 -0.392779
vn 0.919633 0.000000 -0.392779
vn 1.000000 0.000000 0.000000
vn 1.000000 0.000000 0.000000
vn 0.919633 0.000000 -0.392779
vn 0.919633 0.000000 -0.392779
vn 1.000000 0.000000 0.000000
vn 1.000000 0.000000 0.000000
vn 0.919633 0.000000 -0.392779
vn 0.919633 0.000000 -0.392779
vn 1.000000 0.000000 0.000000
vn 1.000000 0.000000 0.000000
vn 0.919633 0.000000 -0.392779
vn 0.919633 0.000000 -0.392779
vn 1.000000 0.000000 0.000000
vn 1.000000 0.000000 0.000000
vn 0.919633 0.000000 -0.392779
vn 0.920963 -0.001117 -0.389648
vn 0.999996 -0.002984 -0.000243
vn 1.000000 0.000000 0.000000
vn -0.999986 0.004994 0.001903
vn -0.999997 0.002407 0.000448
vn -0.920585 0.002426 -0.390536
vn -0.921311 0.004186 -0.388805
vn -0.999997 0.002407 0.000448
vn -1.000000 0.000000 0.000000
vn -0.919633 0.000000 -0.392779
vn -0.920585 0.002426 -0.390536
vn -1.000000 0.000000 0.000000
vn -1.000000 0.000000 0.000000
vn -0.919633 0.000000 -0.392779
vn -0.919633 0.000000 -0.392779
vn -1.000000 0.000000 0.000000
vn -1.000000 0.000000 0.000000
vn -0.919633 0.000000 -0.392778
vn -0.919633 0.000000 -0.392779
vn -1.000000 0.000000 0.000000
vn -1.000000 0.000000 0.000000
vn -0.919633 0.000000 -0.392778
vn -0.919633 0.000000 -0.392778
vn -1.000000 0.000000 0.000000
vn -1.000000 0.000000 0.000000
vn -0.919633 0.000000 -0.392779
vn -0.919633 0.000000 -0.392778
vn -1.000000 0.000000 0.000000
vn -1.000000 0.000000 0.000000
vn -0.919633 0.000000 -0.392779
vn -0.919633 0.000000 -0.392779
vn -1.000000 0.000000 0.000000
vn -1.000000 0.000000 0.000000
vn -0.919633 0.000000 -0.392779
vn -0.919633 0.000000 -0.392779
vn -1.000000 0.000000 0.000000
vn -1.000000 0.000000 0.000000
vn -0.919633 0.000000 -0.392779
vn -0.919633 0.000000 -0.392779
vn -1.000000 0.000000 0.000000
vn -0.999996 -0.002984 -0.000243
vn -0.920963 -0.001117 -0.389648
vn -0.919633 0.000000 -0.392779
vn 0.920299 0.003298 0.391203
vn 0.920243 0.001297 0.391346
vn 0.697779 -0.000023 0.716313
vn 0.698946 0.000526 0.715174
vn 0.920243 0.001297 0.391346
vn 0.919633 0.000000 0.392778
vn 0.696171 0.000001 0.717876
vn 0.697779 -0.000023 0.716313
vn 0.919633 0.000000 0.392778
vn 0.919633 0.000000 0.392778
vn 0.696171 0.000001 0.717876
vn 0.696171 0.000001 0.717876
vn 0.919633 0.000000 0.392778
vn 0.919633 0.000000 0.392778
vn 0.696171 0.000001 0.717876
vn 0.696171 0.000001 0.717876
vn 0.919633 0.000000 0.392778
vn 0.919633 0.000000 0.392778
vn 0.696171 0.000001 0.717876
vn 0.696171 0.000001 0.717876
vn 0.919633 0.000000 0.392778
vn 0.919633 0.000000 0.392778
vn 0.696171 0.000001 0.717876
vn 0.696171 0.000001 0.717876
vn 0.919633 0.000000 0.392778
vn 0.919633 0.000000 0.392778
vn 0.696171 0.000001 0.717876
vn 0.696171 0.000001 0.717876
vn 0.919633 0.000000 0.392778
vn 0.919633 0.000000 0.392778
vn 0.696171 0.000001 0.717876
vn 0.696171 0.000001 0.717876
vn 0.919633 0.000000 0.392778
vn 0.919633 0.000000 0.392778
vn 0.696172 0.000001 0.717875
vn 0.696171 0.000001 0.717876
vn 0.919633 0.000000 0.392778
vn 0.921164 -0.002722 0.389165
vn 0.699758 0.000756 0.714379
vn 0.696172 0.000001 0.717875
vn -0.921311 0.004186 -0.388805
vn -0.920585 0.002426 -0.390536
vn -0.698304 0.000789 -0.715800
vn -0.699121 0.000625 -0.715003
vn -0.920585 0.002426 -0.390536
vn -0.919633 0.000000 -0.392779
vn -0.696171 -0.000001 -0.717876
vn -0.698304 0.000789 -0.715800
vn -0.919633 0.000000 -0.392779
vn -0.919633 0.000000 -0.392779
vn -0.696171 -0.000001 -0.717876
vn -0.696171 -0.000001 -0.717876
vn -0.919633 0.000000 -0.392779
vn -0.919633 0.000000 -0.392778
vn -0.696171 -0.000001 -0.717876
vn -0.696171 -0.000001 -0.717876
vn -0.919633 0.000000 -0.392778
vn -0.919633 0.000000 -0.392778
vn -0.696171 -0.000001 -0.717876
vn -0.696171 -0.000001 -0.717876
vn -0.919633 0.000000 -0.392778
vn -0.919633 0.000000 -0.392779
vn -0.696171 -0.000001 -0.717876
vn -0.696171 -0.000001 -0.717876
vn -0.919633 0.000000 -0.392779
vn -0.919633 0.000000 -0.392779
vn -0.696171 -0.000001 -0.717876
vn -0.696171 -0.000001 -0.717876
vn -0.919633 0.000000 -0.392779
vn -0.919633 0.000000 -0.392779
vn -0.696171 -0.000001 -0.717876
vn -0.696171 -0.000001 -0.717876
vn -0.919633 0.000000 -0.392779
vn -0.919633 0.000000 -0.392779
vn -0.696171 -0.000001 -0.717876
vn -0.696171 -0.000001 -0.717876
vn -0.919633 0.000000 -0.392779
vn -0.920963 -0.001117 -0.389648
vn -0.699429 0.001220 -0.714701
vn -0.696171 -0.000001 -0.717876
vn 0.698946 0.000526 0.715174
vn 0.697779 -0.000023 0.716313
vn 0.374083 -0.000913 0.927395
vn 0.375566 -0.001814 0.926794
vn 0.697779 -0.000023 0.716313
vn 0.696171 0.000001 0.717876
vn 0.372725 0.000001 0.927942
vn 0.374083 -0.000913 0.927395
vn 0.696171 0.000001 0.717876
vn 0.696171 0.000001 0.717876
vn 0.372725 0.000001 0.927942
vn 0.372725 0.000001 0.927942
vn 0.696171 0.000001 0.717876
vn 0.696171 0.000001 0.717876
vn 0.372725 0.000001 0.927942
vn 0.372725 0.000001 0.927942
vn 0.696171 0.000001 0.717876
vn 0.696171 0.000001 0.717876
vn 0.372725 0.000001 0.927942
vn 0.372725 0.000001 0.927942
vn 0.696171 0.000001 0.717876
vn 0.696171 0.000001 0.717876
vn 0.372725 0.000001 0.927942
vn 0.372725 0.000001 0.927942
vn 0.696171 0.000001 0.717876
vn 0.696171 0.000001 0.717876
vn 0.372725 0.000001 0.927942
vn 0.372725 0.000001 0.927942
vn 0.696171 0.000001 0.717876
vn 0.696171 0.000001 0.717876
vn 0.372724 0.000001 0.927942
vn 0.372725 0.000001 0.927942
vn 0.696171 0.000001 0.717876
vn 0.696172 0.000001 0.717875
vn 0.372724 0.000001 0.927942
vn 0.372724 0.000001 0.927942
vn 0.696172 0.000001 0.717875
vn 0.699758 0.000756 0.714379
vn 0.375650 0.006178 0.926741
vn 0.372724 0.000001 0.927942
vn -0.699121 0.000625 -0.715003
vn -0.698304 0.000789 -0.715800
vn -0.374465 -0.001859 -0.927239
vn -0.374768 -0.003798 -0.927111
vn -0.698304 0.000789 -0.715800
vn -0.696171 -0.000001 -0.717876
vn -0.372725 -0.000001 -0.927942
vn -0.374465 -0.001859 -0.927239
vn -0.696171 -0.000001 -0.717876
vn -0.696171 -0.000001 -0.717876
vn -0.372725 -0.000001 -0.927942
vn -0.372725 -0.000001 -0.927942
vn -0.696171 -0.000001 -0.717876
vn -0.696171 -0.000001 -0.717876
vn -0.372724 -0.000001 -0.927942
vn -0.372725 -0.000001 -0.927942
vn -0.696171 -0.000001 -0.717876
vn -0.696171 -0.000001 -0.717876
vn -0.372724 -0.000001 -0.927942
vn -0.372724 -0.000001 -0.927942
vn -0.696171 -0.000001 -0.717876
vn -0.696171 -0.000001 -0.717876
vn -0.372724 -0.000001 -0.927942
vn -0.372724 -0.000001 -0.927942
vn -0.696171 -0.000001 -0.717876
vn -0.696171 -0.000001 -0.717876
vn -0.372725 -0.000001 -0.927942
vn -0.372724 -0.000001 -0.927942
vn -0.696171 -0.000001 -0.717876
vn -0.696171 -0.000001 -0.717876
vn -0.372725 -0.000001 -0.927942
vn -0.372725 -0.000001 -0.927942
vn -0.696171 -0.000001 -0.717876
vn -0.696171 -0.000001 -0.717876
vn -0.372725 -0.000001 -0.927942
vn -0.372725 -0.000001 -0.927942
vn -0.696171 -0.000001 -0.717876
vn -0.699429 0.001220 -0.714701
vn -0.375437 0.002809 -0.926844
vn -0.372725 -0.000001 -0.927942
vn 0.375566 -0.001814 0.926794
vn 0.374083 -0.000913 0.927395
vn 0.000001 -0.001192 0.999999
vn 0.000001 -0.002708 0.999996
vn 0.374083 -0.000913 0.927395
vn 0.372725 0.000001 0.927942
vn 0.000001 0.000001 1.000000
vn 0.000001 -0.001192 0.999999
vn 0.372725 0.000001 0.927942
vn 0.372725 0.000001 0.927942
vn 0.000001 0.000001 1.000000
vn 0.000001 0.000001 1.000000
vn 0.372725 0.000001 0.927942
vn 0.372725 0.000001 0.927942
vn 0.000001 0.000001 1.000000
vn 0.000001 0.000001 1.000000
vn 0.372725 0.000001 0.927942
vn 0.372725 0.000001 0.927942
vn 0.000001 0.000001 1.000000
vn 0.000001 0.000001 1.000000
vn 0.372725 0.000001 0.927942
vn 0.372725 0.000001 0.927942
vn 0.000001 0.000001 1.000000
vn 0.000001 0.000001 1.000000
vn 0.372725 0.000001 0.927942
vn 0.372725 0.000001 0.927942
vn 0.000001 0.000001 1.000000
vn 0.000001 0.000001 1.000000
vn 0.372725 0.000001 0.927942
vn 0.372724 0.000001 0.927942
vn 0.000001 0.000001 1.000000
vn 0.000001 0.000001 1.000000
vn 0.372724 0.000001 0.927942
vn 0.372724 0.000001 0.927942
vn 0.000001 0.000001 1.000000
vn 0.000001 0.000001 1.000000
vn 0.372724 0.000001 0.927942
vn 0.375650 0.006178 0.926741
vn 0.000001 0.009042 0.999959
vn 0.000001 0.000001 1.000000
vn 0.000000 -1.000000 0.000000
vn 0.000000 -1.000000 0.000000
vn 0.000000 -1.000000 0.000001
vn 0.000000 -1.000000 0.000001
vn 0.000000 -1.000000 -0.000001
vn 0.000000 -1.000000 -0.000001
vn 0.000000 -1.000000 0.000000
vn 0.000000 -1.000000 0.000000
vn 0.000000 -1.000000 0.000001
vn 0.000000 -1.000000 0.000001
vn 0.000000 -1.000000 0.000000
vn 0.000000 -1.000000 0.000000
vn 0.000000 -1.000000 0.000000
vn 0.000000 -1.000000 0.000000
vn 0.000000 -1.000000 0.000000
vn 0.000000 -1.000000 0.000000
vn 0.000000 -1.000000 0.000000
vn 0.000000 -1.000000 0.000000
vn 0.000000 -1.000000 0.000000
vn 0.000000 -1.000000 0.000000
vn 0.000000 -1.000000 0.000000
vn 0.000000 -1.000000 0.000000
vn 0.000000 -1.000000 0.000000
vn 0.000000 -1.000000 0.000000
vn 0.000000 -1.000000 0.000000
vn 0.000000 -1.000000 0.000000
vn 0.000000 -1.000000 0.000000
vn 0.000000 -1.000000 0.000000
vn 0.000000 -1.000000 0.000000
vn 0.000000 -1.000000 0.000000
vn 0.000000 -1.000000 0.000000
vn 0.000000 -1.000000 0.000000
vn 0.000000 -1.000000 0.000000
vn 0.000000 -1.000000 0.000000
vn 0.000000 -1.000000 0.000001
vn 0.000000 -1.000000 0.000001
vn 0.000000 -1.000000 0.000000
vn 0.000000 -1.000000 0.000000
vn 0.000000 -1.000000 0.000000
vn 0.000000 -1.000000 0.000000
vn 0.000000 -1.000000 0.000001
vn 0.000000 -1.000000 0.000001
vn 0.000000 -1.000000 0.000002
vn 0.000000 -1.000000 0.000002
vn 0.000000 -1.000000 0.000000
vn 0.000000 -1.000000 0.000000
vn 0.000000 -1.000000 0.000002
vn 0.000000 -1.000000 0.000002
vn 0.000000 -1.000000 0.000002
vn 0.000000 -1.000000 0.000002
vn 0.000000 -1.000000 0.000000
vn 0.000000 -1.000000 0.000000
vn 0.000000 -1.000000 0.000002
vn 0.000000 -1.000000 0.000002
vn 0.000000 -1.000000 0.000001
vn 0.000000 -1.000000 0.000001
vn 0.000000 -1.000000 0.000000
vn 0.000000 -1.000000 0.000000
vn 0.000000 -1.000000 0.000000
vn 0.000000 -1.000000 0.000000
vn 0.000000 -1.000000 0.000001
vn 0.000000 -1.000000 0.000001
vn 0.000000 -1.000000 -0.000001
vn 0.000000 -1.000000 -0.000001
vn 0.702547 0.000001 0.711637
vn 0.702547 0.000001 0.711637
vn 0.922124 0.000000 0.386894
vn 0.922124 0.000000 0.386894
vn -0.922124 0.000000 -0.386895
vn -0.922124 0.000000 -0.386895
vn -1.000000 0.000000 0.000000
vn -1.000000 0.000000 0.000000
vn 1.000000 0.000000 0.000000
vn 1.000000 0.000000 0.000000
vn 0.922124 0.000000 -0.386895
vn 0.922124 0.000000 -0.386895
vn 0.922124 0.000000 0.386894
vn 0.922124 0.000000 0.386894
vn 1.000000 0.000000 0.000000
vn 1.000000 0.000000 0.000000
vn -1.000000 0.000000 0.000000
vn -1.000000 0.000000 0.000000
vn -0.922124 0.000000 0.386895
vn -0.922124 0.000000 0.386895
vn 0.922124 0.000000 -0.386895
vn 0.922124 0.000000 -0.386895
vn 0.702546 -0.000001 -0.711639
vn 0.702546 -0.000001 -0.711639
vn -0.922124 0.000000 0.386895
vn -0.922124 0.000000 0.386895
vn -0.702546 0.000001 0.711638
vn -0.702546 0.000001 0.711638
vn 0.702546 -0.000001 -0.711639
vn 0.702546 -0.000001 -0.711639
vn 0.378495 -0.000001 -0.925603
vn 0.378495 -0.000001 -0.925603
vn -0.702546 0.000001 0.711638
vn -0.702546 0.000001 0.711638
vn -0.378495 0.000001 0.925603
vn -0.378495 0.000001 0.925603
vn 0.378495 -0.000001 -0.925603
vn 0.378495 -0.000001 -0.925603
vn -0.000001 -0.000001 -1.000000
vn -0.000001 -0.000001 -1.000000
vn -0.378495 0.000001 0.925603
vn -0.378495 0.000001 0.925603
vn 0.000001 0.000001 1.000000
vn 0.000001 0.000001 1.000000
vn -0.000001 -0.000001 -1.000000
vn -0.000001 -0.000001 -1.000000
vn -0.378497 -0.000001 -0.925603
vn -0.378497 -0.000001 -0.925603
vn 0.000001 0.000001 1.000000
vn 0.000001 0.000001 1.000000
vn 0.378497 0.000001 0.925603
vn 0.378497 0.000001 0.925603
vn -0.378497 -0.000001 -0.925603
vn -0.378497 -0.000001 -0.925603
vn -0.702547 -0.000001 -0.711638
vn -0.702547 -0.000001 -0.711638
vn 0.378497 0.000001 0.925603
vn 0.378497 0.000001 0.925603
vn 0.702547 0.000001 0.711637
vn 0.702547 0.000001 0.711637
vn -0.702547 -0.000001 -0.711638
vn -0.702547 -0.000001 -0.711638
vn -0.922124 0.000000 -0.386895
vn -0.922124 0.000000 -0.386895
vn 0.000000 1.000000 0.000000
vn -0.000000 1.000000 -0.000000
vn 0.000000 1.000000 0.000000
vn 0.000000 1.000000 0.000000
vn 0.000000 1.000000 -0.000010
vn 0.000000 1.000000 -0.000010
vn -0.000000 1.000000 -0.000010
vn -0.000000 1.000000 -0.000010
vn -0.000000 1.000000 -0.000000
vn -0.000000 1.000000 -0.000000
vn -0.000000 1.000000 -0.000000
vn 0.000000 1.000000 0.000000
vn -0.000000 1.000000 -0.000002
vn -0.000000 1.000000 -0.000002
vn 0.000000 1.000000 -0.000010
vn 0.000000 1.000000 -0.000010
vn 0.000000 1.000000 0.000000
vn 0.000000 1.000000 0.000000
vn -0.000000 1.000000 -0.000000
vn -0.000000 1.000000 -0.000000
vn 0.000000 1.000000 0.000003
vn 0.000000 1.000000 0.000003
vn -0.000000 1.000000 -0.000002
vn -0.000000 1.000000 -0.000002
vn 0.000000 1.000000 -0.000003
vn 0.000000 1.000000 -0.000003
vn 0.000000 1.000000 0.000000
vn 0.000000 1.000000 0.000000
vn -0.000001 1.000000 -0.000001
vn -0.000001 1.000000 -0.000001
vn 0.000000 1.000000 0.000003
vn 0.000000 1.000000 0.000003
vn 0.000000 1.000000 0.000002
vn 0.000000 1.000000 0.000002
vn 0.000001 1.000000 0.000000
vn 0.000001 1.000000 0.000000
vn 0.000001 1.000000 0.000000
vn 0.000001 1.000000 0.000000
vn 0.000000 1.000000 -0.000003
vn 0.000000 1.000000 -0.000003
vn -0.000000 1.000000 -0.000004
vn -0.000000 1.000000 -0.000004
vn -0.000001 1.000000 -0.000001
vn -0.000001 1.000000 -0.000001
vn 0.000000 1.000000 0.000000
vn 0.000000 1.000000 0.000000
vn 0.000000 1.000000 0.000002
vn 0.000000 1.000000 0.000002
vn -0.000000 1.000000 -0.000002
vn -0.000000 1.000000 -0.000002
vn -0.000000 1.000000 -0.000004
vn -0.000000 1.000000 -0.000004
vn -0.000000 1.000000 -0.000004
vn -0.000000 1.000000 -0.000004
vn 0.000000 1.000000 0.000000
vn 0.000000 1.000000 0.000000
vn 0.000000 1.000000 0.000000
vn 0.000000 1.000000 0.000000
vn -0.000000 1.000000 -0.000002
vn -0.000000 1.000000 -0.000002
vn -0.000000 1.000000 -0.000010
vn -0.000000 1.000000 -0.000010
vn -0.000000 1.000000 -0.000004
vn -0.000000 1.000000 -0.000004
vn -0.698118 0.178330 0.693419
vn -0.695634 0.178391 0.695895
vn -0.910001 0.173019 0.376779
vn -0.910735 0.173000 0.375010
vn 0.424613 0.163111 -0.890561
vn 0.423620 0.163200 -0.891017
vn 0.699885 0.152480 -0.697790
vn 0.699953 0.152480 -0.697721
vn -0.379125 0.186204 0.906417
vn -0.374949 0.186306 0.908132
vn -0.695634 0.178391 0.695895
vn -0.698118 0.178330 0.693419
vn 0.047231 0.185696 -0.981471
vn 0.050993 0.185587 -0.981304
vn 0.423620 0.163200 -0.891017
vn 0.424613 0.163111 -0.890561
vn 0.047233 0.185698 0.981471
vn 0.050995 0.185589 0.981303
vn -0.374949 0.186306 0.908132
vn -0.379125 0.186204 0.906417
vn -0.379128 0.186203 -0.906416
vn -0.374951 0.186305 -0.908131
vn 0.050993 0.185587 -0.981304
vn 0.047231 0.185696 -0.981471
vn 0.424615 0.163113 0.890560
vn 0.423621 0.163202 0.891016
vn 0.050995 0.185589 0.981303
vn 0.047233 0.185698 0.981471
vn -0.698119 0.178328 -0.693419
vn -0.695634 0.178390 -0.695895
vn -0.374951 0.186305 -0.908131
vn -0.379128 0.186203 -0.906416
vn 0.699955 0.152481 0.697719
vn 0.699887 0.152481 0.697788
vn 0.423621 0.163202 0.891016
vn 0.424615 0.163113 0.890560
vn -0.910735 0.173000 -0.375011
vn -0.910001 0.173018 -0.376780
vn -0.695634 0.178390 -0.695895
vn -0.698119 0.178328 -0.693419
vn 0.881352 0.167172 0.441896
vn 0.853296 0.158504 0.496751
vn 0.699887 0.152481 0.697788
vn 0.699955 0.152481 0.697719
vn -0.985251 0.171117 0.000000
vn -0.985251 0.171117 0.000000
vn -0.910001 0.173018 -0.376780
vn -0.910735 0.173000 -0.375011
vn 0.881351 0.167171 -0.441898
vn 0.853295 0.158503 -0.496754
vn 0.926432 0.182282 -0.329390
vn 0.926432 0.182282 -0.329390
vn 0.926432 0.182282 0.329389
vn 0.926432 0.182282 0.329389
vn 0.853296 0.158504 0.496751
vn 0.881352 0.167172 0.441896
vn -0.910735 0.173000 0.375010
vn -0.910001 0.173019 0.376779
vn -0.985251 0.171117 0.000000
vn -0.985251 0.171117 0.000000
vn 0.699953 0.152480 -0.697721
vn 0.699885 0.152480 -0.697790
vn 0.853295 0.158503 -0.496754
vn 0.881351 0.167171 -0.441898
vn 0.000000 1.000000 0.000000
vn -0.000000 1.000000 -0.000001
vn -0.000000 1.000000 -0.000001
vn 0.000000 1.000000 0.000000
vn 0.000000 1.000000 0.000000
vn -0.000000 1.000000 -0.000001
vn 0.000000 1.000000 0.000000
vn 0.000000 1.000000 0.000000
vn 0.000000 1.000000 0.000000
vn 0.000000 1.000000 0.000000
vn 0.000000 1.000000 0.000002
vn -0.000000 1.000000 -0.000001
vn 0.000000 1.000000 0.000000
vn 0.000000 1.000000 0.000000
vn 0.000000 1.000000 0.000000
vn 0.000000 1.000000 0.000000
vn 0.000000 1.000000 0.000000
vn 0.000000 1.000000 0.000000
vn 0.000000 1.000000 0.000000
vn -0.000000 1.000000 -0.000001
vn -0.000000 1.000000 -0.000001
vn 0.000000 1.000000 0.000000
vn -0.000000 1.000000 -0.000001
vn -0.000000 1.000000 -0.000002
vn 0.000000 1.000000 0.000000
vn 0.000000 1.000000 0.000000
vn 0.000000 1.000000 0.000000
vn -0.000000 1.000000 -0.000001
vn -0.000000 1.000000 -0.000001
vn 0.000000 1.000000 0.000000
vn -0.000000 1.000000 -0.000001
vn -0.000000 1.000000 -0.000001
vn -0.000000 1.000000 -0.000001
vn -0.000000 1.000000 -0.000001
vn -0.000000 1.000000 -0.000002
vn -0.000000 1.000000 -0.000001
vn -0.000000 1.000000 -0.000001
vn 0.000000 1.000000 0.000000
vn -0.000000 1.000000 -0.000001
vn -0.000000 1.000000 -0.000001
vn -0.000000 1.000000 -0.000001
vn -0.000000 1.000000 -0.000001
vn -0.000000 1.000000 -0.000001
vn 0.000000 1.000000 0.000000
vn 0.000000 1.000000 0.000000
vn -0.000000 1.000000 -0.000001
vn -0.000000 1.000000 -0.000001
vn 0.000000 1.000000 0.000000
vn -0.000000 1.000000 -0.000002
vn -0.000000 1.000000 -0.000001
vn -0.000000 1.000000 -0.000001
vn 0.000000 1.000000 0.000000
vn 0.000000 1.000000 0.000000
vn -0.000000 1.000000 -0.000001
vn 0.000000 1.000000 0.000000
vn 0.000000 1.000000 0.000001
vn 0.000000 1.000000 0.000001
vn 0.000000 1.000000 0.000000
vn 0.000000 1.000000 0.000000
vn 0.000000 1.000000 0.000001
s off
g item_bomb:CylinderCircle
usemtl item_bomb:CircleSG
f 429/461/1601 416/462/1602 415/463/1603 428/464/1604
f 449/465/1605 409/466/1606 408/467/1607 448/468/1608
f 459/469/1609 417/470/1610 416/462/1611 429/461/1612
f 469/471/1613 410/472/1614 409/466/1615 449/465/1616
f 479/473/1617 418/474/1618 417/470/1619 459/469/1620
f 489/475/1621 411/476/1622 410/472/1623 469/471/1624
f 509/477/1625 404/478/1626 403/479/1627 508/480/1628
f 508/480/1629 403/479/1630 418/474/1631 479/473/1632
f 519/481/1633 412/482/1634 411/476/1635 489/475/1636
f 529/483/1637 405/484/1638 404/478/1639 509/477/1640
f 539/485/1641 413/486/1642 412/482/1643 519/481/1644
f 549/487/1645 406/488/1646 405/484/1647 529/483/1648
f 559/489/1649 414/490/1650 413/486/1651 539/485/1652
f 569/491/1653 407/492/1654 406/488/1655 549/487/1656
f 428/464/1657 415/463/1658 414/490/1659 559/489/1660
f 448/468/1661 408/467/1662 407/492/1663 569/491/1664
f 392/493/1665 439/494/1666 578/495/1667 391/496/1668
usemtl item_bomb:CircleSG2
f 439/494/1669 440/497/1670 577/498/1671 578/495/1672
usemtl item_bomb:CircleSG
f 440/497/1673 441/499/1674 576/500/1675 577/498/1676
usemtl item_bomb:CircleSG2
f 441/499/1677 442/501/1678 575/502/1679 576/500/1680
usemtl item_bomb:CircleSG
f 442/501/1681 443/503/1682 574/504/1683 575/502/1684
usemtl item_bomb:CircleSG2
f 443/503/1685 444/505/1686 573/506/1687 574/504/1688
usemtl item_bomb:CircleSG
f 444/505/1689 445/507/1690 572/508/1691 573/506/1692
usemtl item_bomb:CircleSG2
f 445/507/1693 446/509/1694 571/510/1695 572/508/1696
usemtl item_bomb:CircleSG
f 446/509/1697 447/511/1698 570/512/1699 571/510/1700
usemtl item_bomb:CircleSG2
f 447/511/1701 448/468/1702 569/491/1703 570/512/1704
usemtl item_bomb:CircleSG
f 399/513/1705 419/514/1706 568/515/1707 398/516/1708
usemtl item_bomb:CircleSG2
f 419/514/1709 420/517/1710 567/518/1711 568/515/1712
usemtl item_bomb:CircleSG
f 420/517/1713 421/519/1714 566/520/1715 567/518/1716
usemtl item_bomb:CircleSG2
f 421/519/1717 422/521/1718 565/522/1719 566/520/1720
usemtl item_bomb:CircleSG
f 422/521/1721 423/523/1722 564/524/1723 565/522/1724
usemtl item_bomb:CircleSG2
f 423/523/1725 424/525/1726 563/526/1727 564/524/1728
usemtl item_bomb:CircleSG
f 424/525/1729 425/527/1730 562/528/1731 563/526/1732
usemtl item_bomb:CircleSG2
f 425/527/1733 426/529/1734 561/530/1735 562/528/1736
usemtl item_bomb:CircleSG
f 426/529/1737 427/531/1738 560/532/1739 561/530/1740
usemtl item_bomb:CircleSG2
f 427/531/1741 428/464/1742 559/489/1743 560/532/1744
usemtl item_bomb:CircleSG
f 391/496/1745 578/495/1746 558/533/1747 390/534/1748
usemtl item_bomb:CircleSG2
f 578/495/1749 577/498/1750 557/535/1751 558/533/1752
usemtl item_bomb:CircleSG
f 577/498/1753 576/500/1754 556/536/1755 557/535/1756
usemtl item_bomb:CircleSG2
f 576/500/1757 575/502/1758 555/537/1759 556/536/1760
usemtl item_bomb:CircleSG
f 575/502/1761 574/504/1762 554/538/1763 555/537/1764
usemtl item_bomb:CircleSG2
f 574/504/1765 573/506/1766 553/539/1767 554/538/1768
usemtl item_bomb:CircleSG
f 573/506/1769 572/508/1770 552/540/1771 553/539/1772
usemtl item_bomb:CircleSG2
f 572/508/1773 571/510/1774 551/541/1775 552/540/1776
usemtl item_bomb:CircleSG
f 571/510/1777 570/512/1778 550/542/1779 551/541/1780
usemtl item_bomb:CircleSG2
f 570/512/1781 569/491/1782 549/487/1783 550/542/1784
usemtl item_bomb:CircleSG
f 398/516/1785 568/515/1786 548/543/1787 397/544/1788
usemtl item_bomb:CircleSG2
f 568/515/1789 567/518/1790 547/545/1791 548/543/1792
usemtl item_bomb:CircleSG
f 567/518/1793 566/520/1794 546/546/1795 547/545/1796
usemtl item_bomb:CircleSG2
f 566/520/1797 565/522/1798 545/547/1799 546/546/1800
usemtl item_bomb:CircleSG
f 565/522/1801 564/524/1802 544/548/1803 545/547/1804
usemtl item_bomb:CircleSG2
f 564/524/1805 563/526/1806 543/549/1807 544/548/1808
usemtl item_bomb:CircleSG
f 563/526/1809 562/528/1810 542/550/1811 543/549/1812
usemtl item_bomb:CircleSG2
f 562/528/1813 561/530/1814 541/551/1815 542/550/1816
usemtl item_bomb:CircleSG
f 561/530/1817 560/532/1818 540/552/1819 541/551/1820
usemtl item_bomb:CircleSG2
f 560/532/1821 559/489/1822 539/485/1823 540/552/1824
usemtl item_bomb:CircleSG
f 390/534/1825 558/533/1826 538/553/1827 389/554/1828
usemtl item_bomb:CircleSG2
f 558/533/1829 557/535/1830 537/555/1831 538/553/1832
usemtl item_bomb:CircleSG
f 557/535/1833 556/536/1834 536/556/1835 537/555/1836
usemtl item_bomb:CircleSG2
f 556/536/1837 555/537/1838 535/557/1839 536/556/1840
usemtl item_bomb:CircleSG
f 555/537/1841 554/538/1842 534/558/1843 535/557/1844
usemtl item_bomb:CircleSG2
f 554/538/1845 553/539/1846 533/559/1847 534/558/1848
usemtl item_bomb:CircleSG
f 553/539/1849 552/540/1850 532/560/1851 533/559/1852
usemtl item_bomb:CircleSG2
f 552/540/1853 551/541/1854 531/561/1855 532/560/1856
usemtl item_bomb:CircleSG
f 551/541/1857 550/542/1858 530/562/1859 531/561/1860
usemtl item_bomb:CircleSG2
f 550/542/1861 549/487/1862 529/483/1863 530/562/1864
usemtl item_bomb:CircleSG
f 397/544/1865 548/543/1866 528/563/1867 396/564/1868
usemtl item_bomb:CircleSG2
f 548/543/1869 547/545/1870 527/565/1871 528/563/1872
usemtl item_bomb:CircleSG
f 547/545/1873 546/546/1874 526/566/1875 527/565/1876
usemtl item_bomb:CircleSG2
f 546/546/1877 545/547/1878 525/567/1879 526/566/1880
usemtl item_bomb:CircleSG
f 545/547/1881 544/548/1882 524/568/1883 525/567/1884
usemtl item_bomb:CircleSG2
f 544/548/1885 543/549/1886 523/569/1887 524/568/1888
usemtl item_bomb:CircleSG
f 543/549/1889 542/550/1890 522/570/1891 523/569/1892
usemtl item_bomb:CircleSG2
f 542/550/1893 541/551/1894 521/571/1895 522/570/1896
usemtl item_bomb:CircleSG
f 541/551/1897 540/552/1898 520/572/1899 521/571/1900
usemtl item_bomb:CircleSG2
f 540/552/1901 539/485/1902 519/481/1903 520/572/1904
usemtl item_bomb:CircleSG
f 389/554/1905 538/553/1906 518/573/1907 388/574/1908
usemtl item_bomb:CircleSG2
f 538/553/1909 537/555/1910 517/575/1911 518/573/1912
usemtl item_bomb:CircleSG
f 537/555/1913 536/556/1914 516/576/1915 517/575/1916
usemtl item_bomb:CircleSG2
f 536/556/1917 535/557/1918 515/577/1919 516/576/1920
usemtl item_bomb:CircleSG
f 535/557/1921 534/558/1922 514/578/1923 515/577/1924
usemtl item_bomb:CircleSG2
f 534/558/1925 533/559/1926 513/579/1927 514/578/1928
usemtl item_bomb:CircleSG
f 533/559/1929 532/560/1930 512/580/1931 513/579/1932
usemtl item_bomb:CircleSG2
f 532/560/1933 531/561/1934 511/581/1935 512/580/1936
usemtl item_bomb:CircleSG
f 531/561/1937 530/562/1938 510/582/1939 511/581/1940
usemtl item_bomb:CircleSG2
f 530/562/1941 529/483/1942 509/477/1943 510/582/1944
usemtl item_bomb:CircleSG
f 396/564/1945 528/563/1946 498/583/1947 395/584/1948
usemtl item_bomb:CircleSG2
f 528/563/1949 527/565/1950 497/585/1951 498/583/1952
usemtl item_bomb:CircleSG
f 527/565/1953 526/566/1954 496/586/1955 497/585/1956
usemtl item_bomb:CircleSG2
f 526/566/1957 525/567/1958 495/587/1959 496/586/1960
usemtl item_bomb:CircleSG
f 525/567/1961 524/568/1962 494/588/1963 495/587/1964
usemtl item_bomb:CircleSG2
f 524/568/1965 523/569/1966 493/589/1967 494/588/1968
usemtl item_bomb:CircleSG
f 523/569/1969 522/570/1970 492/590/1971 493/589/1972
usemtl item_bomb:CircleSG2
f 522/570/1973 521/571/1974 491/591/1975 492/590/1976
usemtl item_bomb:CircleSG
f 521/571/1977 520/572/1978 490/592/1979 491/591/1980
usemtl item_bomb:CircleSG2
f 520/572/1981 519/481/1982 489/475/1983 490/592/1984
usemtl item_bomb:CircleSG
f 387/593/1985 499/594/1986 488/595/1987 402/596/1988
usemtl item_bomb:CircleSG2
f 499/594/1989 500/597/1990 487/598/1991 488/595/1992
usemtl item_bomb:CircleSG
f 500/597/1993 501/599/1994 486/600/1995 487/598/1996
usemtl item_bomb:CircleSG2
f 501/599/1997 502/601/1998 485/602/1999 486/600/2000
usemtl item_bomb:CircleSG
f 502/601/2001 503/603/2002 484/604/2003 485/602/2004
usemtl item_bomb:CircleSG2
f 503/603/2005 504/605/2006 483/606/2007 484/604/2008
usemtl item_bomb:CircleSG
f 504/605/2009 505/607/2010 482/608/2011 483/606/2012
usemtl item_bomb:CircleSG2
f 505/607/2013 506/609/2014 481/610/2015 482/608/2016
usemtl item_bomb:CircleSG
f 506/609/2017 507/611/2018 480/612/2019 481/610/2020
usemtl item_bomb:CircleSG2
f 507/611/2021 508/480/2022 479/473/2023 480/612/2024
usemtl item_bomb:CircleSG
f 388/574/2025 518/573/2026 499/594/2027 387/593/2028
usemtl item_bomb:CircleSG2
f 518/573/2029 517/575/2030 500/597/2031 499/594/2032
usemtl item_bomb:CircleSG
f 517/575/2033 516/576/2034 501/599/2035 500/597/2036
usemtl item_bomb:CircleSG2
f 516/576/2037 515/577/2038 502/601/2039 501/599/2040
usemtl item_bomb:CircleSG
f 515/577/2041 514/578/2042 503/603/2043 502/601/2044
usemtl item_bomb:CircleSG2
f 514/578/2045 513/579/2046 504/605/2047 503/603/2048
usemtl item_bomb:CircleSG
f 513/579/2049 512/580/2050 505/607/2051 504/605/2052
usemtl item_bomb:CircleSG2
f 512/580/2053 511/581/2054 506/609/2055 505/607/2056
usemtl item_bomb:CircleSG
f 511/581/2057 510/582/2058 507/611/2059 506/609/2060
usemtl item_bomb:CircleSG2
f 510/582/2061 509/477/2062 508/480/2063 507/611/2064
usemtl item_bomb:CircleSG
f 395/584/2065 498/583/2066 478/613/2067 394/614/2068
usemtl item_bomb:CircleSG2
f 498/583/2069 497/585/2070 477/615/2071 478/613/2072
usemtl item_bomb:CircleSG
f 497/585/2073 496/586/2074 476/616/2075 477/615/2076
usemtl item_bomb:CircleSG2
f 496/586/2077 495/587/2078 475/617/2079 476/616/2080
usemtl item_bomb:CircleSG
f 495/587/2081 494/588/2082 474/618/2083 475/617/2084
usemtl item_bomb:CircleSG2
f 494/588/2085 493/589/2086 473/619/2087 474/618/2088
usemtl item_bomb:CircleSG
f 493/589/2089 492/590/2090 472/620/2091 473/619/2092
usemtl item_bomb:CircleSG2
f 492/590/2093 491/591/2094 471/621/2095 472/620/2096
usemtl item_bomb:CircleSG
f 491/591/2097 490/592/2098 470/622/2099 471/621/2100
usemtl item_bomb:CircleSG2
f 490/592/2101 489/475/2102 469/471/2103 470/622/2104
usemtl item_bomb:CircleSG
f 402/596/2105 488/595/2106 468/623/2107 401/624/2108
usemtl item_bomb:CircleSG2
f 488/595/2109 487/598/2110 467/625/2111 468/623/2112
usemtl item_bomb:CircleSG
f 487/598/2113 486/600/2114 466/626/2115 467/625/2116
usemtl item_bomb:CircleSG2
f 486/600/2117 485/602/2118 465/627/2119 466/626/2120
usemtl item_bomb:CircleSG
f 485/602/2121 484/604/2122 464/628/2123 465/627/2124
usemtl item_bomb:CircleSG2
f 484/604/2125 483/606/2126 463/629/2127 464/628/2128
usemtl item_bomb:CircleSG
f 483/606/2129 482/608/2130 462/630/2131 463/629/2132
usemtl item_bomb:CircleSG2
f 482/608/2133 481/610/2134 461/631/2135 462/630/2136
usemtl item_bomb:CircleSG
f 481/610/2137 480/612/2138 460/632/2139 461/631/2140
usemtl item_bomb:CircleSG2
f 480/612/2141 479/473/2142 459/469/2143 460/632/2144
usemtl item_bomb:CircleSG
f 394/614/2145 478/613/2146 458/633/2147 393/634/2148
usemtl item_bomb:CircleSG2
f 478/613/2149 477/615/2150 457/635/2151 458/633/2152
usemtl item_bomb:CircleSG
f 477/615/2153 476/616/2154 456/636/2155 457/635/2156
usemtl item_bomb:CircleSG2
f 476/616/2157 475/617/2158 455/637/2159 456/636/2160
usemtl item_bomb:CircleSG
f 475/617/2161 474/618/2162 454/638/2163 455/637/2164
usemtl item_bomb:CircleSG2
f 474/618/2165 473/619/2166 453/639/2167 454/638/2168
usemtl item_bomb:CircleSG
f 473/619/2169 472/620/2170 452/640/2171 453/639/2172
usemtl item_bomb:CircleSG2
f 472/620/2173 471/621/2174 451/641/2175 452/640/2176
usemtl item_bomb:CircleSG
f 471/621/2177 470/622/2178 450/642/2179 451/641/2180
usemtl item_bomb:CircleSG2
f 470/622/2181 469/471/2182 449/465/2183 450/642/2184
usemtl item_bomb:CircleSG
f 401/624/2185 468/623/2186 438/643/2187 400/644/2188
usemtl item_bomb:CircleSG2
f 468/623/2189 467/625/2190 437/645/2191 438/643/2192
usemtl item_bomb:CircleSG
f 467/625/2193 466/626/2194 436/646/2195 437/645/2196
usemtl item_bomb:CircleSG2
f 466/626/2197 465/627/2198 435/647/2199 436/646/2200
usemtl item_bomb:CircleSG
f 465/627/2201 464/628/2202 434/648/2203 435/647/2204
usemtl item_bomb:CircleSG2
f 464/628/2205 463/629/2206 433/649/2207 434/648/2208
usemtl item_bomb:CircleSG
f 463/629/2209 462/630/2210 432/650/2211 433/649/2212
usemtl item_bomb:CircleSG2
f 462/630/2213 461/631/2214 431/651/2215 432/650/2216
usemtl item_bomb:CircleSG
f 461/631/2217 460/632/2218 430/652/2219 431/651/2220
usemtl item_bomb:CircleSG2
f 460/632/2221 459/469/2222 429/461/2223 430/652/2224
usemtl item_bomb:CircleSG
f 393/634/2225 458/633/2226 439/494/2227 392/493/2228
usemtl item_bomb:CircleSG2
f 458/633/2229 457/635/2230 440/497/2231 439/494/2232
usemtl item_bomb:CircleSG
f 457/635/2233 456/636/2234 441/499/2235 440/497/2236
usemtl item_bomb:CircleSG2
f 456/636/2237 455/637/2238 442/501/2239 441/499/2240
usemtl item_bomb:CircleSG
f 455/637/2241 454/638/2242 443/503/2243 442/501/2244
usemtl item_bomb:CircleSG2
f 454/638/2245 453/639/2246 444/505/2247 443/503/2248
usemtl item_bomb:CircleSG
f 453/639/2249 452/640/2250 445/507/2251 444/505/2252
usemtl item_bomb:CircleSG2
f 452/640/2253 451/641/2254 446/509/2255 445/507/2256
usemtl item_bomb:CircleSG
f 451/641/2257 450/642/2258 447/511/2259 446/509/2260
usemtl item_bomb:CircleSG2
f 450/642/2261 449/465/2262 448/468/2263 447/511/2264
usemtl item_bomb:CircleSG
f 400/644/2265 438/643/2266 419/514/2267 399/513/2268
usemtl item_bomb:CircleSG2
f 438/643/2269 437/645/2270 420/517/2271 419/514/2272
usemtl item_bomb:CircleSG
f 437/645/2273 436/646/2274 421/519/2275 420/517/2276
usemtl item_bomb:CircleSG2
f 436/646/2277 435/647/2278 422/521/2279 421/519/2280
usemtl item_bomb:CircleSG
f 435/647/2281 434/648/2282 423/523/2283 422/521/2284
usemtl item_bomb:CircleSG2
f 434/648/2285 433/649/2286 424/525/2287 423/523/2288
usemtl item_bomb:CircleSG
f 433/649/2289 432/650/2290 425/527/2291 424/525/2292
usemtl item_bomb:CircleSG2
f 432/650/2293 431/651/2294 426/529/2295 425/527/2296
usemtl item_bomb:CircleSG
f 431/651/2297 430/652/2298 427/531/2299 426/529/2300
usemtl item_bomb:CircleSG2
f 430/652/2301 429/461/2302 428/464/2303 427/531/2304
usemtl item_bomb:CircleSG4
f 399/513/2305 591/653/2306 592/654/2307 400/644/2308
f 392/493/2309 584/655/2310 585/656/2311 393/634/2312
f 400/644/2313 592/654/2314 593/657/2315 401/624/2316
f 393/634/2317 585/656/2318 586/658/2319 394/614/2320
f 401/624/2321 593/657/2322 594/659/2323 402/596/2324
f 394/614/2325 586/658/2326 587/660/2327 395/584/2328
f 387/593/2329 579/661/2330 580/662/2331 388/574/2332
f 402/596/2333 594/659/2334 579/661/2335 387/593/2336
f 395/584/2337 587/660/2338 588/663/2339 396/564/2340
f 388/574/2341 580/662/2342 581/664/2343 389/554/2344
f 396/564/2345 588/663/2346 589/665/2347 397/544/2348
f 389/554/2349 581/664/2350 582/666/2351 390/534/2352
f 397/544/2353 589/665/2354 590/667/2355 398/516/2356
f 390/534/2357 582/666/2358 583/668/2359 391/496/2360
f 398/516/2361 590/667/2362 591/653/2363 399/513/2364
f 391/496/2365 583/668/2366 584/655/2367 392/493/2368
f 593/657/2369 609/669/2370 610/670/2371 594/659/2372
f 586/658/2373 602/671/2374 603/672/2375 587/660/2376
f 579/661/2377 595/673/2378 596/674/2379 580/662/2380
f 594/659/2381 610/670/2382 595/673/2383 579/661/2384
f 587/660/2385 603/672/2386 604/675/2387 588/663/2388
f 580/662/2389 596/674/2390 597/676/2391 581/664/2392
f 588/663/2393 604/675/2394 605/677/2395 589/665/2396
f 581/664/2397 597/676/2398 598/678/2399 582/666/2400
f 589/665/2401 605/677/2402 606/679/2403 590/667/2404
f 582/666/2405 598/678/2406 599/680/2407 583/668/2408
f 590/667/2409 606/679/2410 607/681/2411 591/653/2412
f 583/668/2413 599/680/2414 600/682/2415 584/655/2416
f 591/653/2417 607/681/2418 608/683/2419 592/654/2420
f 584/655/2421 600/682/2422 601/684/2423 585/656/2424
f 592/654/2425 608/683/2426 609/669/2427 593/657/2428
f 585/656/2429 601/684/2430 602/671/2431 586/658/2432
usemtl item_bomb:CircleSG
f 415/463/2433 623/685/2434 622/686/2435 414/490/2436
f 408/467/2437 616/687/2438 615/688/2439 407/492/2440
f 416/462/2441 624/689/2442 623/685/2443 415/463/2444
f 409/466/2445 617/690/2446 616/687/2447 408/467/2448
f 417/470/2449 625/691/2450 624/689/2451 416/462/2452
f 410/472/2453 618/692/2454 617/690/2455 409/466/2456
f 418/474/2457 626/693/2458 625/691/2459 417/470/2460
f 411/476/2461 619/694/2462 618/692/2463 410/472/2464
f 404/478/2465 612/695/2466 611/696/2467 403/479/2468
f 403/479/2469 611/696/2470 626/693/2471 418/474/2472
f 412/482/2473 620/697/2474 619/694/2475 411/476/2476
f 405/484/2477 613/698/2478 612/695/2479 404/478/2480
f 413/486/2481 621/699/2482 620/697/2483 412/482/2484
f 406/488/2485 614/700/2486 613/698/2487 405/484/2488
f 414/490/2489 622/686/2490 621/699/2491 413/486/2492
f 407/492/2493 615/688/2494 614/700/2495 406/488/2496
usemtl item_bomb:CircleSG4
f 621/699/2497 637/701/2498 636/702/2499 620/697/2500
f 614/700/2501 630/703/2502 629/704/2503 613/698/2504
f 622/686/2505 638/705/2506 637/701/2507 621/699/2508
f 615/688/2509 631/706/2510 630/703/2511 614/700/2512
f 623/685/2513 639/707/2514 638/705/2515 622/686/2516
f 616/687/2517 632/708/2518 631/706/2519 615/688/2520
f 624/689/2521 640/709/2522 639/707/2523 623/685/2524
f 617/690/2525 633/710/2526 632/708/2527 616/687/2528
f 625/691/2529 641/711/2530 640/709/2531 624/689/2532
f 618/692/2533 634/712/2534 633/710/2535 617/690/2536
f 626/693/2537 642/713/2538 641/711/2539 625/691/2540
f 619/694/2541 635/714/2542 634/712/2543 618/692/2544
f 612/695/2545 628/715/2546 627/716/2547 611/696/2548
f 611/696/2549 627/716/2550 642/713/2551 626/693/2552
f 620/697/2553 636/702/2554 635/714/2555 619/694/2556
f 613/698/2557 629/704/2558 628/715/2559 612/695/2560
f 596/674/2561 595/673/2562 610/670/2563 643/717/2564
f 643/717/2565 610/670/2566 609/669/2567 647/718/2568
f 647/718/2569 609/669/2570 608/683/2571 607/681/2572
f 597/676/2573 596/674/2574 643/717/2575 644/719/2576
f 644/719/2577 643/717/2578 647/718/2579 648/720/2580
f 648/720/2581 647/718/2582 607/681/2583 606/679/2584
f 598/678/2585 597/676/2586 644/719/2587 645/721/2588
f 645/721/2589 644/719/2590 648/720/2591 649/722/2592
f 649/722/2593 648/720/2594 606/679/2595 605/677/2596
f 599/680/2597 598/678/2598 645/721/2599 646/723/2600
f 646/723/2601 645/721/2602 649/722/2603 650/724/2604
f 650/724/2605 649/722/2606 605/677/2607 604/675/2608
f 600/682/2609 599/680/2610 646/723/2611 601/684/2612
f 601/684/2613 646/723/2614 650/724/2615 602/671/2616
f 602/671/2617 650/724/2618 604/675/2619 603/672/2620
