# This file uses centimeters as units for non-parametric coordinates.

mtllib cha_fox_body.mtl
g default
v -0.236443 -0.050776 0.067429
v -0.209104 -0.050588 0.118947
v -0.165489 -0.050331 0.163187
v -0.108474 -0.051896 0.199492
v -0.041941 -0.056152 0.230976
v -0.000000 -0.058394 0.245320
v 0.000000 -0.052912 -0.264956
v -0.041941 -0.049835 -0.265710
v -0.108474 -0.057820 -0.218561
v -0.165489 -0.052876 -0.155312
v -0.209104 -0.050282 -0.094987
v -0.236443 -0.050776 -0.043142
v -0.245752 -0.050845 0.012144
v -0.247339 -0.009149 0.069233
v -0.218291 -0.008968 0.122432
v -0.171956 -0.008720 0.168115
v -0.111933 -0.012607 0.207911
v -0.043700 -0.021196 0.247732
v -0.000000 -0.022098 0.261080
v 0.000000 -0.003362 -0.271301
v -0.043700 -0.003775 -0.275000
v -0.111933 -0.013493 -0.232904
v -0.171956 -0.011441 -0.166016
v -0.218291 -0.008522 -0.099049
v -0.247339 -0.009149 -0.044946
v -0.257231 -0.009214 0.012158
v -0.274814 0.026839 0.073735
v -0.242196 0.027309 0.129356
v -0.192107 0.027928 0.174603
v -0.130330 0.024535 0.210026
v -0.062263 0.018475 0.239275
v -0.000000 0.017112 0.253153
v 0.000000 0.028585 -0.253217
v -0.062263 0.029107 -0.263872
v -0.130330 0.023704 -0.230241
v -0.192107 0.026611 -0.171596
v -0.242197 0.028115 -0.105396
v -0.274815 0.026839 -0.049448
v -0.285902 0.026845 0.012342
v -0.302165 0.050725 0.072043
v -0.269022 0.050758 0.125260
v -0.219168 0.050799 0.166746
v -0.158774 0.049828 0.195531
v -0.092632 0.047728 0.212969
v -0.000000 0.044597 0.227169
v 0.000000 0.045402 -0.221065
v -0.092632 0.043826 -0.234116
v -0.158774 0.046202 -0.205705
v -0.219168 0.051228 -0.152667
v -0.269022 0.051093 -0.100973
v -0.302104 0.050800 -0.047660
v -0.312104 0.052815 0.012477
v -0.311378 0.056678 0.063434
v -0.283522 0.056211 0.110052
v -0.239866 0.056133 0.148590
v -0.184760 0.056048 0.176633
v -0.122244 0.054786 0.194828
v -0.000000 0.053295 0.204448
v 0.000000 0.050522 -0.193939
v -0.122244 0.048166 -0.205759
v -0.184760 0.054007 -0.172856
v -0.239866 0.057125 -0.126425
v -0.283522 0.056211 -0.085765
v -0.311212 0.056881 -0.038924
v -0.319141 0.059154 0.012490
v -0.321122 0.052419 0.061127
v -0.296523 0.050773 0.106307
v -0.255202 0.050801 0.145310
v -0.201316 0.050829 0.175239
v -0.138533 0.049425 0.195893
v -0.000000 0.047433 0.208110
v 0.000000 0.045206 -0.198843
v -0.138533 0.044424 -0.207632
v -0.201316 0.050105 -0.168215
v -0.255202 0.052022 -0.121678
v -0.296523 0.050773 -0.082019
v -0.320798 0.052815 -0.036300
v -0.327145 0.055890 0.012674
v -0.354112 0.042531 0.075995
v -0.367834 0.034739 0.164921
v -0.277424 0.035772 0.176388
v -0.212136 0.035392 0.212836
v -0.136892 0.025959 0.246949
v -0.000000 0.018286 0.278948
v 0.000000 0.040217 -0.279766
v -0.136892 0.039963 -0.281780
v -0.212136 0.036920 -0.222219
v -0.277424 0.038855 -0.154800
v -0.327952 0.035648 -0.104871
v -0.353278 0.043551 -0.051278
v -0.355942 0.052148 0.013199
v -0.376758 0.005486 0.113582
v -0.402187 0.000797 0.179275
v -0.307787 -0.004375 0.230194
v -0.221644 -0.008858 0.286478
v -0.123575 -0.021844 0.349652
v -0.000000 -0.028348 0.394178
v 0.000000 0.039607 -0.411836
v -0.123575 0.020567 -0.426175
v -0.221360 0.013017 -0.317851
v -0.314174 0.005065 -0.225343
v -0.370713 0.005097 -0.148223
v -0.400082 0.012725 -0.088092
v -0.382149 0.031404 0.010706
v -0.442907 -0.043057 0.135640
v -0.420185 -0.066550 0.203781
v -0.333119 -0.072901 0.277587
v -0.228037 -0.071643 0.344318
v -0.109820 -0.043965 0.402377
v -0.000000 -0.110692 0.456260
v 0.000000 -0.013866 -0.469035
v -0.109820 -0.023526 -0.476290
v -0.228006 -0.037820 -0.379623
v -0.355537 -0.066951 -0.288296
v -0.400429 -0.039044 -0.175515
v -0.443697 -0.031956 -0.102728
v -0.403819 -0.030418 0.011216
v -0.447560 -0.091595 0.134799
v -0.393117 -0.125033 0.213090
v -0.332143 -0.120321 0.275286
v -0.240105 -0.149006 0.335166
v -0.102554 -0.102747 0.435660
v -0.000000 -0.165721 0.457450
v 0.000000 -0.122030 -0.453273
v -0.102554 -0.069799 -0.462246
v -0.229256 -0.091290 -0.372457
v -0.375994 -0.148673 -0.305451
v -0.405069 -0.091599 -0.181093
v -0.447743 -0.076951 -0.094612
v -0.440524 -0.084128 0.012630
v -0.418675 -0.124158 0.139537
v -0.358070 -0.148482 0.184032
v -0.341654 -0.174087 0.285191
v -0.234148 -0.156598 0.309916
v -0.097670 -0.152816 0.408346
v -0.000000 -0.214951 0.457849
v 0.000000 -0.269491 -0.448768
v -0.098078 -0.150778 -0.424514
v -0.218444 -0.169171 -0.327962
v -0.383609 -0.230402 -0.305660
v -0.387127 -0.136000 -0.178521
v -0.418970 -0.112645 -0.101505
v -0.435085 -0.112323 0.008223
v -0.387986 -0.136122 0.098070
v -0.348344 -0.153899 0.172569
v -0.285042 -0.162755 0.221767
v -0.197892 -0.149006 0.296464
v -0.089351 -0.173612 0.381780
v -0.000000 -0.205209 0.421371
v 0.000000 -0.324523 -0.417547
v -0.095389 -0.254141 -0.408538
v -0.196208 -0.236997 -0.289517
v -0.328195 -0.169086 -0.270821
v -0.354845 -0.160429 -0.169731
v -0.388118 -0.131248 -0.076530
v -0.447940 -0.140062 -0.000031
v -0.340778 -0.146615 0.106903
v -0.304709 -0.152066 0.161673
v -0.244642 -0.149979 0.219420
v -0.167462 -0.152200 0.273393
v -0.078790 -0.171553 0.359045
v -0.000000 -0.183781 0.382155
v 0.000000 -0.353131 -0.382514
v -0.087219 -0.293815 -0.372115
v -0.169561 -0.192339 -0.263113
v -0.270974 -0.178192 -0.226880
v -0.312017 -0.166170 -0.149234
v -0.340803 -0.145634 -0.089422
v -0.381646 -0.130437 0.001722
v -0.298830 -0.142284 0.079331
v -0.265893 -0.149087 0.147204
v -0.214013 -0.144420 0.201567
v -0.146259 -0.148791 0.245970
v -0.067399 -0.153968 0.313754
v -0.000000 -0.169192 0.370695
v 0.000000 -0.324967 -0.347481
v -0.074649 -0.282517 -0.338820
v -0.146259 -0.153003 -0.246645
v -0.223535 -0.157423 -0.188809
v -0.268951 -0.152167 -0.125514
v -0.298830 -0.142284 -0.060494
v -0.317916 -0.134732 0.006417
v -0.265046 -0.125790 0.074172
v -0.235652 -0.126209 0.132354
v -0.188835 -0.126108 0.182147
v -0.127741 -0.126006 0.220354
v -0.056529 -0.126302 0.262188
v -0.000000 -0.136753 0.295306
v 0.000000 -0.271322 -0.321805
v -0.058741 -0.210779 -0.267345
v -0.127741 -0.131840 -0.224608
v -0.189649 -0.127007 -0.164306
v -0.235652 -0.126141 -0.108067
v -0.265046 -0.125790 -0.050278
v -0.275064 -0.124037 0.011234
v -0.243076 -0.091858 0.069233
v -0.215569 -0.091717 0.122432
v -0.171714 -0.091523 0.168115
v -0.114423 -0.091612 0.203534
v -0.047597 -0.092175 0.230277
v -0.000000 -0.094119 0.249467
v 0.000000 -0.147886 -0.240101
v -0.047597 -0.122724 -0.247529
v -0.114423 -0.098887 -0.214816
v -0.171714 -0.092970 -0.154254
v -0.215569 -0.091529 -0.098145
v -0.243076 -0.091858 -0.044946
v -0.252445 -0.091910 0.012144
v -0.445055 -0.124365 -0.069980
v -0.442137 -0.098726 0.011095
v -0.427494 -0.146307 -0.069138
v -0.448064 -0.124401 0.005645
v -0.445829 -0.132776 0.098932
v -0.427356 -0.151343 0.081247
v -0.405300 -0.149665 -0.081539
v -0.423693 -0.179240 -0.092953
v -0.441700 -0.200686 -0.085561
v -0.481332 -0.185434 -0.007929
v -0.457771 -0.204440 -0.015645
v -0.402787 -0.226675 -0.020945
v -0.372493 -0.157379 -0.068116
v -0.391010 -0.176210 -0.075151
v -0.401026 -0.197456 -0.075842
v -0.415521 -0.147092 -0.005799
v -0.439462 -0.168056 -0.011354
v -0.339426 -0.263839 -0.020945
v -0.405210 -0.153285 0.092554
v -0.423678 -0.179912 0.087031
v -0.450377 -0.198826 0.056255
v -0.372485 -0.157685 0.065527
v -0.391010 -0.176210 0.059031
v -0.401026 -0.197456 0.048868
v -0.366690 -0.212721 0.242093
v -0.351963 -0.267969 0.211630
v -0.357821 -0.226320 0.206914
v -0.331654 -0.262919 0.170852
v -0.315100 -0.243798 0.275147
v -0.310546 -0.258578 0.234730
v -0.097670 -0.152816 0.408346
v -0.000000 -0.214951 0.457849
v -0.089351 -0.173612 0.381780
v -0.000000 -0.205209 0.421371
v -0.102554 -0.102747 0.435660
v -0.000000 -0.165721 0.457450
v -0.097670 -0.152816 0.408346
v -0.000000 -0.214951 0.457849
v -0.102554 -0.102747 0.435660
v -0.000000 -0.165721 0.457450
v -0.097670 -0.152816 0.408346
v -0.000000 -0.214951 0.457849
v -0.229256 -0.091290 -0.372457
v -0.375994 -0.148673 -0.305451
v -0.218444 -0.169171 -0.327962
v -0.383609 -0.230402 -0.305660
v -0.405069 -0.091599 -0.181093
v -0.387127 -0.136000 -0.178521
v 0.236443 -0.050776 0.067429
v 0.209104 -0.050588 0.118947
v 0.165489 -0.050331 0.163187
v 0.108474 -0.051896 0.199492
v 0.041941 -0.056152 0.230976
v 0.041941 -0.049835 -0.265710
v 0.108474 -0.057827 -0.218561
v 0.165489 -0.052876 -0.155312
v 0.209104 -0.050304 -0.095047
v 0.236443 -0.050776 -0.043142
v 0.245752 -0.050845 0.012144
v 0.247339 -0.009149 0.069233
v 0.218291 -0.008968 0.122432
v 0.171956 -0.008720 0.168115
v 0.111933 -0.012607 0.207911
v 0.043700 -0.021196 0.247732
v 0.043700 -0.003775 -0.275000
v 0.111933 -0.013486 -0.232990
v 0.171956 -0.011441 -0.166016
v 0.218291 -0.008522 -0.099049
v 0.247339 -0.009149 -0.044946
v 0.257231 -0.009214 0.012158
v 0.274814 0.026839 0.073735
v 0.242196 0.027309 0.129356
v 0.192107 0.027928 0.174603
v 0.130330 0.024535 0.210026
v 0.062263 0.018475 0.239275
v 0.062263 0.029107 -0.263872
v 0.130330 0.023704 -0.230241
v 0.192107 0.026611 -0.171596
v 0.242197 0.028094 -0.105456
v 0.274815 0.026839 -0.049448
v 0.285902 0.026845 0.012342
v 0.302165 0.050725 0.072043
v 0.269022 0.050758 0.125260
v 0.219168 0.050799 0.166746
v 0.158774 0.049828 0.195531
v 0.092632 0.047728 0.212969
v 0.092632 0.043826 -0.234116
v 0.158774 0.046202 -0.205705
v 0.219168 0.051228 -0.152667
v 0.269022 0.051095 -0.100973
v 0.302104 0.050800 -0.047660
v 0.312104 0.052815 0.012477
v 0.311378 0.056678 0.063434
v 0.283522 0.056211 0.110052
v 0.239866 0.056133 0.148590
v 0.184760 0.056048 0.176633
v 0.122244 0.054786 0.194828
v 0.122244 0.048166 -0.205759
v 0.184760 0.054007 -0.172856
v 0.239866 0.057125 -0.126425
v 0.283522 0.056211 -0.085765
v 0.311212 0.056881 -0.038924
v 0.319141 0.059154 0.012490
v 0.321122 0.052419 0.061127
v 0.296523 0.050773 0.106307
v 0.255202 0.050801 0.145310
v 0.201316 0.050829 0.175239
v 0.138533 0.049425 0.195893
v 0.138533 0.044424 -0.207632
v 0.201316 0.050105 -0.168215
v 0.255202 0.052022 -0.121678
v 0.296523 0.050773 -0.082019
v 0.320798 0.052815 -0.036300
v 0.327145 0.055890 0.012674
v 0.354112 0.042531 0.075995
v 0.367834 0.034739 0.164921
v 0.277424 0.035772 0.176388
v 0.212136 0.035392 0.212836
v 0.136892 0.025959 0.246949
v 0.136892 0.039963 -0.281780
v 0.212136 0.036920 -0.222219
v 0.277424 0.038855 -0.154800
v 0.327952 0.035648 -0.104871
v 0.353278 0.043551 -0.051278
v 0.355942 0.052148 0.013199
v 0.376758 0.005486 0.113582
v 0.402187 0.000797 0.179275
v 0.307787 -0.004375 0.230194
v 0.221644 -0.008858 0.286478
v 0.123575 -0.021844 0.349652
v 0.123575 0.020567 -0.426175
v 0.221360 0.013017 -0.317851
v 0.314174 0.005065 -0.225343
v 0.370713 0.005104 -0.148223
v 0.400082 0.012725 -0.088092
v 0.382149 0.031404 0.010706
v 0.442907 -0.043057 0.135640
v 0.420185 -0.066550 0.203781
v 0.333119 -0.072901 0.277587
v 0.228037 -0.071643 0.344318
v 0.109820 -0.043965 0.402377
v 0.109820 -0.023526 -0.476290
v 0.228006 -0.037820 -0.379623
v 0.355537 -0.066951 -0.288296
v 0.400429 -0.039044 -0.175515
v 0.443697 -0.031956 -0.102728
v 0.403819 -0.030418 0.011216
v 0.447560 -0.091595 0.134799
v 0.393117 -0.125033 0.213090
v 0.332143 -0.120321 0.275286
v 0.240105 -0.149006 0.335166
v 0.102554 -0.102747 0.435660
v 0.102554 -0.069799 -0.462246
v 0.229256 -0.091290 -0.372457
v 0.375994 -0.148673 -0.305451
v 0.405069 -0.091599 -0.181093
v 0.447743 -0.076951 -0.094612
v 0.440524 -0.084128 0.012630
v 0.418675 -0.124158 0.139537
v 0.358070 -0.148482 0.184032
v 0.341654 -0.174087 0.285191
v 0.234148 -0.156598 0.309916
v 0.097670 -0.152816 0.408346
v 0.098078 -0.150778 -0.424514
v 0.218444 -0.169171 -0.327962
v 0.383609 -0.230402 -0.305660
v 0.387127 -0.136000 -0.178521
v 0.418970 -0.112645 -0.101505
v 0.435085 -0.112323 0.008223
v 0.387986 -0.136122 0.098070
v 0.348344 -0.153899 0.172569
v 0.285042 -0.162755 0.221767
v 0.197892 -0.149006 0.296464
v 0.089351 -0.173612 0.381780
v 0.095389 -0.254141 -0.408538
v 0.196208 -0.236997 -0.289517
v 0.328195 -0.169086 -0.270821
v 0.354845 -0.160429 -0.169731
v 0.388118 -0.131248 -0.076530
v 0.447940 -0.140062 -0.000031
v 0.340778 -0.146615 0.106903
v 0.304709 -0.152066 0.161673
v 0.244642 -0.149979 0.219420
v 0.167462 -0.152200 0.273393
v 0.078790 -0.171553 0.359045
v 0.087219 -0.293815 -0.372115
v 0.169561 -0.192339 -0.263113
v 0.270974 -0.178192 -0.226880
v 0.312017 -0.166170 -0.149234
v 0.340803 -0.145634 -0.089422
v 0.381646 -0.130437 0.001722
v 0.298830 -0.142284 0.079331
v 0.265893 -0.149087 0.147204
v 0.214013 -0.144420 0.201567
v 0.146259 -0.148791 0.245970
v 0.067399 -0.153968 0.313754
v 0.074649 -0.282517 -0.338820
v 0.146259 -0.153003 -0.246645
v 0.223535 -0.157423 -0.188809
v 0.268951 -0.152167 -0.125514
v 0.298830 -0.142284 -0.060494
v 0.317916 -0.134732 0.006417
v 0.265046 -0.125790 0.074172
v 0.235652 -0.126209 0.132354
v 0.188835 -0.126108 0.182147
v 0.127741 -0.126006 0.220354
v 0.056529 -0.126302 0.262188
v 0.058741 -0.210779 -0.267345
v 0.127741 -0.131840 -0.224608
v 0.189649 -0.127007 -0.164306
v 0.235652 -0.126141 -0.108067
v 0.265046 -0.125790 -0.050278
v 0.275064 -0.124037 0.011234
v 0.243076 -0.091858 0.069233
v 0.215569 -0.091717 0.122432
v 0.171714 -0.091523 0.168115
v 0.114423 -0.091612 0.203534
v 0.047597 -0.092175 0.230277
v 0.047597 -0.122724 -0.247529
v 0.114423 -0.098887 -0.214816
v 0.171714 -0.092959 -0.154224
v 0.215569 -0.091529 -0.098145
v 0.243076 -0.091858 -0.044946
v 0.252445 -0.091910 0.012144
v 0.445055 -0.124365 -0.069980
v 0.442137 -0.098726 0.011095
v 0.427494 -0.146307 -0.069138
v 0.448064 -0.124401 0.005645
v 0.445829 -0.132776 0.098932
v 0.427356 -0.151343 0.081247
v 0.405300 -0.149665 -0.081539
v 0.423693 -0.179240 -0.092953
v 0.441700 -0.200686 -0.085561
v 0.481332 -0.185434 -0.007929
v 0.457771 -0.204440 -0.015645
v 0.402787 -0.226675 -0.020945
v 0.372493 -0.157379 -0.068116
v 0.391010 -0.176210 -0.075151
v 0.401026 -0.197456 -0.075842
v 0.415521 -0.147092 -0.005799
v 0.439462 -0.168056 -0.011354
v 0.339426 -0.263839 -0.020945
v 0.405210 -0.153285 0.092554
v 0.423678 -0.179912 0.087031
v 0.450377 -0.198826 0.056255
v 0.372485 -0.157685 0.065527
v 0.391010 -0.176210 0.059031
v 0.401026 -0.197456 0.048868
v 0.366690 -0.212721 0.242093
v 0.351963 -0.267969 0.211630
v 0.357821 -0.226320 0.206914
v 0.331654 -0.262919 0.170852
v 0.315100 -0.243798 0.275147
v 0.310546 -0.258578 0.234730
v 0.097670 -0.152816 0.408346
v 0.089351 -0.173612 0.381780
v 0.102554 -0.102747 0.435660
v 0.097670 -0.152816 0.408346
v 0.102554 -0.102747 0.435660
v 0.097670 -0.152816 0.408346
v 0.229256 -0.091290 -0.372457
v 0.375994 -0.148673 -0.305451
v 0.218444 -0.169171 -0.327962
v 0.383609 -0.230402 -0.305660
v 0.405069 -0.091599 -0.181093
v 0.387127 -0.136000 -0.178521
vt 0.041667 1.000000
vt 0.000000 1.000000
vt 0.041667 0.937500
vt 0.000000 0.937500
vt 0.083333 1.000000
vt 0.083333 0.937500
vt 0.125000 1.000000
vt 0.125000 0.937500
vt 0.166667 1.000000
vt 0.166667 0.937500
vt 0.208333 1.000000
vt 0.208333 0.937500
vt 0.708333 1.000000
vt 0.708333 0.937500
vt 0.750000 1.000000
vt 0.750000 0.937500
vt 0.791667 1.000000
vt 0.791667 0.937500
vt 0.833333 1.000000
vt 0.833333 0.937500
vt 0.875000 1.000000
vt 0.875000 0.937500
vt 0.916667 1.000000
vt 0.916667 0.937500
vt 0.958333 1.000000
vt 0.958333 0.937500
vt 1.000000 1.000000
vt 1.000000 0.937500
vt 0.041667 0.875000
vt 0.000000 0.875000
vt 0.083333 0.875000
vt 0.125000 0.875000
vt 0.166667 0.875000
vt 0.208333 0.875000
vt 0.708333 0.875000
vt 0.750000 0.875000
vt 0.791667 0.875000
vt 0.833333 0.875000
vt 0.875000 0.875000
vt 0.916667 0.875000
vt 0.958333 0.875000
vt 1.000000 0.875000
vt 0.041667 0.812500
vt 0.000000 0.812500
vt 0.083333 0.812500
vt 0.125000 0.812500
vt 0.166667 0.812500
vt 0.208333 0.812500
vt 0.708333 0.812500
vt 0.750000 0.812500
vt 0.791667 0.812500
vt 0.833333 0.812500
vt 0.875000 0.812500
vt 0.916667 0.812500
vt 0.958333 0.812500
vt 1.000000 0.812500
vt 0.041667 0.750000
vt 0.000000 0.750000
vt 0.083333 0.750000
vt 0.125000 0.750000
vt 0.166667 0.750000
vt 0.208333 0.750000
vt 0.708333 0.750000
vt 0.750000 0.750000
vt 0.791667 0.750000
vt 0.833333 0.750000
vt 0.875000 0.750000
vt 0.916667 0.750000
vt 0.958333 0.750000
vt 1.000000 0.750000
vt 0.041667 0.687500
vt 0.000000 0.687500
vt 0.083333 0.687500
vt 0.125000 0.687500
vt 0.166667 0.687500
vt 0.208333 0.687500
vt 0.708333 0.687500
vt 0.750000 0.687500
vt 0.791667 0.687500
vt 0.833333 0.687500
vt 0.875000 0.687500
vt 0.916667 0.687500
vt 0.958333 0.687500
vt 1.000000 0.687500
vt 0.000000 0.625000
vt 0.041667 0.625000
vt 0.083333 0.625000
vt 0.125000 0.625000
vt 0.166667 0.625000
vt 0.208333 0.625000
vt 0.750000 0.625000
vt 0.708333 0.625000
vt 0.791667 0.625000
vt 0.833333 0.625000
vt 0.875000 0.625000
vt 0.916667 0.625000
vt 0.958333 0.625000
vt 1.000000 0.625000
vt 0.000000 0.562500
vt 0.041667 0.562500
vt 0.083333 0.562500
vt 0.125000 0.562500
vt 0.166667 0.562500
vt 0.208333 0.562500
vt 0.750000 0.562500
vt 0.708333 0.562500
vt 0.791667 0.562500
vt 0.833333 0.562500
vt 0.875000 0.562500
vt 0.916667 0.562500
vt 0.958333 0.562500
vt 1.000000 0.562500
vt 0.000000 0.500000
vt 0.041667 0.500000
vt 0.083333 0.500000
vt 0.125000 0.500000
vt 0.166667 0.500000
vt 0.208333 0.500000
vt 0.750000 0.500000
vt 0.708333 0.500000
vt 0.791667 0.500000
vt 0.833333 0.500000
vt 0.875000 0.500000
vt 0.916667 0.500000
vt 0.958333 0.500000
vt 1.000000 0.500000
vt 0.000000 0.437500
vt 0.041667 0.437500
vt 0.083333 0.437500
vt 0.125000 0.437500
vt 0.166667 0.437500
vt 0.208333 0.437500
vt 0.750000 0.437500
vt 0.708333 0.437500
vt 0.791667 0.437500
vt 0.833333 0.437500
vt 0.875000 0.437500
vt 0.916667 0.437500
vt 0.958333 0.437500
vt 1.000000 0.437500
vt 0.000000 0.375000
vt 0.041667 0.375000
vt 0.083333 0.375000
vt 0.125000 0.375000
vt 0.166667 0.375000
vt 0.166667 0.437500
vt 0.166667 0.375000
vt 0.208333 0.437500
vt 0.208333 0.375000
vt 0.750000 0.375000
vt 0.708333 0.375000
vt 0.791667 0.375000
vt 0.791667 0.437500
vt 0.791667 0.375000
vt 0.833333 0.437500
vt 0.833333 0.375000
vt 0.875000 0.437500
vt 0.875000 0.375000
vt 0.916667 0.375000
vt 0.875000 0.375000
vt 0.958333 0.437500
vt 0.916667 0.437500
vt 0.958333 0.375000
vt 0.916667 0.375000
vt 1.000000 0.437500
vt 1.000000 0.375000
vt 0.041667 0.312500
vt 0.000000 0.312500
vt 0.041667 0.375000
vt 0.041667 0.312500
vt 0.083333 0.375000
vt 0.083333 0.312500
vt 0.125000 0.375000
vt 0.125000 0.312500
vt 0.125000 0.312500
vt 0.166667 0.312500
vt 0.208333 0.375000
vt 0.166667 0.375000
vt 0.208333 0.312500
vt 0.166667 0.312500
vt 0.750000 0.312500
vt 0.708333 0.312500
vt 0.791667 0.312500
vt 0.833333 0.375000
vt 0.833333 0.312500
vt 0.875000 0.312500
vt 0.916667 0.312500
vt 0.958333 0.375000
vt 0.958333 0.312500
vt 1.000000 0.375000
vt 1.000000 0.312500
vt 0.000000 0.250000
vt 0.041667 0.250000
vt 0.083333 0.312500
vt 0.083333 0.250000
vt 0.125000 0.250000
vt 0.166667 0.250000
vt 0.208333 0.312500
vt 0.208333 0.250000
vt 0.750000 0.250000
vt 0.708333 0.250000
vt 0.791667 0.250000
vt 0.833333 0.250000
vt 0.875000 0.250000
vt 0.916667 0.250000
vt 0.916667 0.312500
vt 0.916667 0.250000
vt 0.958333 0.312500
vt 0.958333 0.250000
vt 1.000000 0.312500
vt 1.000000 0.250000
vt 0.041667 0.187500
vt 0.000000 0.187500
vt 0.083333 0.187500
vt 0.125000 0.187500
vt 0.166667 0.187500
vt 0.208333 0.187500
vt 0.708333 0.187500
vt 0.750000 0.187500
vt 0.791667 0.187500
vt 0.833333 0.187500
vt 0.875000 0.187500
vt 0.916667 0.187500
vt 0.958333 0.250000
vt 0.958333 0.187500
vt 1.000000 0.250000
vt 1.000000 0.187500
vt 0.000000 0.125000
vt 0.041667 0.125000
vt 0.083333 0.125000
vt 0.125000 0.125000
vt 0.166667 0.125000
vt 0.208333 0.125000
vt 0.708333 0.125000
vt 0.750000 0.125000
vt 0.791667 0.125000
vt 0.833333 0.125000
vt 0.875000 0.125000
vt 0.916667 0.125000
vt 0.958333 0.125000
vt 1.000000 0.125000
vt 0.000000 0.062500
vt 0.041667 0.062500
vt 0.083333 0.062500
vt 0.125000 0.062500
vt 0.166667 0.062500
vt 0.208333 0.062500
vt 0.708333 0.062500
vt 0.750000 0.062500
vt 0.791667 0.062500
vt 0.833333 0.062500
vt 0.875000 0.062500
vt 0.916667 0.062500
vt 0.958333 0.062500
vt 1.000000 0.062500
vt 0.000000 0.000000
vt 0.041667 0.000000
vt 0.083333 0.000000
vt 0.125000 0.000000
vt 0.166667 0.000000
vt 0.208333 0.000000
vt 0.708333 0.000000
vt 0.750000 0.000000
vt 0.791667 0.000000
vt 0.833333 0.000000
vt 0.875000 0.000000
vt 0.916667 0.000000
vt 0.958333 0.000000
vt 1.000000 0.000000
vt 0.916667 0.312500
vt 0.958333 0.312500
vt 0.916667 0.312500
vt 0.958333 0.312500
vt 0.916667 0.250000
vt 0.916667 0.250000
vt 0.958333 0.250000
vt 0.958333 0.250000
vt 1.000000 0.312500
vt 1.000000 0.312500
vt 1.000000 0.250000
vt 1.000000 0.250000
vt 0.208333 0.375000
vt 0.208333 0.437500
vt 0.166667 0.437500
vt 0.166667 0.375000
vt 0.208333 0.375000
vt 0.041667 1.000000
vt 0.041667 0.937500
vt 0.000000 1.000000
vt 0.000000 0.937500
vt 0.083333 1.000000
vt 0.083333 0.937500
vt 0.125000 1.000000
vt 0.125000 0.937500
vt 0.166667 0.937500
vt 0.166667 1.000000
vt 0.208333 0.937500
vt 0.208333 1.000000
vt 0.750000 0.937500
vt 0.708333 0.937500
vt 0.750000 1.000000
vt 0.708333 1.000000
vt 0.791667 0.937500
vt 0.791667 1.000000
vt 0.833333 0.937500
vt 0.833333 1.000000
vt 0.875000 0.937500
vt 0.875000 1.000000
vt 0.916667 0.937500
vt 0.916667 1.000000
vt 0.958333 0.937500
vt 0.958333 1.000000
vt 1.000000 1.000000
vt 1.000000 0.937500
vt 0.041667 0.875000
vt 0.000000 0.875000
vt 0.083333 0.875000
vt 0.125000 0.875000
vt 0.166667 0.875000
vt 0.208333 0.875000
vt 0.750000 0.875000
vt 0.708333 0.875000
vt 0.791667 0.875000
vt 0.833333 0.875000
vt 0.875000 0.875000
vt 0.916667 0.875000
vt 0.958333 0.875000
vt 1.000000 0.875000
vt 0.041667 0.812500
vt 0.000000 0.812500
vt 0.083333 0.812500
vt 0.125000 0.812500
vt 0.166667 0.812500
vt 0.208333 0.812500
vt 0.750000 0.812500
vt 0.708333 0.812500
vt 0.791667 0.812500
vt 0.833333 0.812500
vt 0.875000 0.812500
vt 0.916667 0.812500
vt 0.958333 0.812500
vt 1.000000 0.812500
vt 0.041667 0.750000
vt 0.000000 0.750000
vt 0.083333 0.750000
vt 0.125000 0.750000
vt 0.166667 0.750000
vt 0.208333 0.750000
vt 0.750000 0.750000
vt 0.708333 0.750000
vt 0.791667 0.750000
vt 0.833333 0.750000
vt 0.875000 0.750000
vt 0.916667 0.750000
vt 0.958333 0.750000
vt 1.000000 0.750000
vt 0.041667 0.687500
vt 0.000000 0.687500
vt 0.083333 0.687500
vt 0.125000 0.687500
vt 0.166667 0.687500
vt 0.208333 0.687500
vt 0.750000 0.687500
vt 0.708333 0.687500
vt 0.791667 0.687500
vt 0.833333 0.687500
vt 0.875000 0.687500
vt 0.916667 0.687500
vt 0.958333 0.687500
vt 1.000000 0.687500
vt 0.041667 0.625000
vt 0.000000 0.625000
vt 0.083333 0.625000
vt 0.125000 0.625000
vt 0.166667 0.625000
vt 0.208333 0.625000
vt 0.750000 0.625000
vt 0.708333 0.625000
vt 0.791667 0.625000
vt 0.833333 0.625000
vt 0.875000 0.625000
vt 0.916667 0.625000
vt 0.958333 0.625000
vt 1.000000 0.625000
vt 0.041667 0.562500
vt 0.000000 0.562500
vt 0.083333 0.562500
vt 0.125000 0.562500
vt 0.166667 0.562500
vt 0.208333 0.562500
vt 0.750000 0.562500
vt 0.708333 0.562500
vt 0.791667 0.562500
vt 0.833333 0.562500
vt 0.875000 0.562500
vt 0.916667 0.562500
vt 0.958333 0.562500
vt 1.000000 0.562500
vt 0.041667 0.500000
vt 0.000000 0.500000
vt 0.083333 0.500000
vt 0.125000 0.500000
vt 0.166667 0.500000
vt 0.208333 0.500000
vt 0.750000 0.500000
vt 0.708333 0.500000
vt 0.791667 0.500000
vt 0.833333 0.500000
vt 0.875000 0.500000
vt 0.916667 0.500000
vt 0.958333 0.500000
vt 1.000000 0.500000
vt 0.041667 0.437500
vt 0.000000 0.437500
vt 0.083333 0.437500
vt 0.125000 0.437500
vt 0.166667 0.437500
vt 0.208333 0.437500
vt 0.750000 0.437500
vt 0.708333 0.437500
vt 0.791667 0.437500
vt 0.833333 0.437500
vt 0.875000 0.437500
vt 0.916667 0.437500
vt 0.958333 0.437500
vt 1.000000 0.437500
vt 0.041667 0.375000
vt 0.000000 0.375000
vt 0.083333 0.375000
vt 0.125000 0.375000
vt 0.166667 0.375000
vt 0.208333 0.375000
vt 0.166667 0.375000
vt 0.208333 0.437500
vt 0.166667 0.437500
vt 0.750000 0.375000
vt 0.708333 0.375000
vt 0.791667 0.375000
vt 0.833333 0.375000
vt 0.791667 0.375000
vt 0.833333 0.437500
vt 0.791667 0.437500
vt 0.875000 0.437500
vt 0.875000 0.375000
vt 0.916667 0.375000
vt 0.875000 0.375000
vt 0.958333 0.437500
vt 0.958333 0.375000
vt 0.916667 0.437500
vt 0.916667 0.375000
vt 1.000000 0.375000
vt 1.000000 0.437500
vt 0.041667 0.312500
vt 0.000000 0.312500
vt 0.083333 0.312500
vt 0.041667 0.312500
vt 0.083333 0.375000
vt 0.041667 0.375000
vt 0.125000 0.375000
vt 0.125000 0.312500
vt 0.166667 0.312500
vt 0.125000 0.312500
vt 0.208333 0.375000
vt 0.208333 0.312500
vt 0.166667 0.375000
vt 0.166667 0.312500
vt 0.750000 0.312500
vt 0.708333 0.312500
vt 0.791667 0.312500
vt 0.833333 0.375000
vt 0.833333 0.312500
vt 0.875000 0.312500
vt 0.916667 0.312500
vt 0.958333 0.312500
vt 0.958333 0.375000
vt 1.000000 0.375000
vt 1.000000 0.312500
vt 0.041667 0.250000
vt 0.000000 0.250000
vt 0.083333 0.312500
vt 0.083333 0.250000
vt 0.125000 0.250000
vt 0.166667 0.250000
vt 0.208333 0.312500
vt 0.208333 0.250000
vt 0.750000 0.250000
vt 0.708333 0.250000
vt 0.791667 0.250000
vt 0.833333 0.250000
vt 0.875000 0.250000
vt 0.916667 0.250000
vt 0.958333 0.250000
vt 0.916667 0.250000
vt 0.958333 0.312500
vt 0.916667 0.312500
vt 1.000000 0.312500
vt 1.000000 0.250000
vt 0.041667 0.187500
vt 0.000000 0.187500
vt 0.083333 0.187500
vt 0.125000 0.187500
vt 0.166667 0.187500
vt 0.208333 0.187500
vt 0.750000 0.187500
vt 0.708333 0.187500
vt 0.791667 0.187500
vt 0.833333 0.187500
vt 0.875000 0.187500
vt 0.916667 0.187500
vt 0.958333 0.250000
vt 0.958333 0.187500
vt 1.000000 0.187500
vt 1.000000 0.250000
vt 0.041667 0.125000
vt 0.000000 0.125000
vt 0.083333 0.125000
vt 0.125000 0.125000
vt 0.166667 0.125000
vt 0.208333 0.125000
vt 0.750000 0.125000
vt 0.708333 0.125000
vt 0.791667 0.125000
vt 0.833333 0.125000
vt 0.875000 0.125000
vt 0.916667 0.125000
vt 0.958333 0.125000
vt 1.000000 0.125000
vt 0.041667 0.062500
vt 0.000000 0.062500
vt 0.083333 0.062500
vt 0.125000 0.062500
vt 0.166667 0.062500
vt 0.208333 0.062500
vt 0.750000 0.062500
vt 0.708333 0.062500
vt 0.791667 0.062500
vt 0.833333 0.062500
vt 0.875000 0.062500
vt 0.916667 0.062500
vt 0.958333 0.062500
vt 1.000000 0.062500
vt 0.041667 0.000000
vt 0.000000 0.000000
vt 0.083333 0.000000
vt 0.125000 0.000000
vt 0.166667 0.000000
vt 0.208333 0.000000
vt 0.750000 0.000000
vt 0.708333 0.000000
vt 0.791667 0.000000
vt 0.833333 0.000000
vt 0.875000 0.000000
vt 0.916667 0.000000
vt 0.958333 0.000000
vt 1.000000 0.000000
vt 0.958333 0.312500
vt 0.916667 0.312500
vt 0.958333 0.312500
vt 0.916667 0.312500
vt 0.916667 0.250000
vt 0.916667 0.250000
vt 0.958333 0.250000
vt 0.958333 0.250000
vt 1.000000 0.312500
vt 1.000000 0.312500
vt 1.000000 0.250000
vt 1.000000 0.250000
vt 0.208333 0.375000
vt 0.166667 0.437500
vt 0.208333 0.437500
vt 0.166667 0.375000
vt 0.208333 0.375000
vn 0.859714 0.228026 -0.457052
vn 0.859714 0.228026 -0.457052
vn 0.859714 0.228026 -0.457052
vn 0.725210 0.385662 -0.570381
vn 0.943659 0.046338 -0.327658
vn 0.839958 0.447515 -0.306922
vn 0.625747 0.010936 -0.779950
vn 0.800631 0.023168 -0.598709
vn 0.590366 0.303464 -0.747915
vn 0.590366 0.303464 -0.747915
vn 0.800631 0.023168 -0.598709
vn 0.725210 0.385662 -0.570381
vn 0.474036 0.046798 -0.879261
vn 0.625747 0.010936 -0.779950
vn 0.486325 0.240139 -0.840132
vn 0.486325 0.240139 -0.840132
vn 0.625747 0.010936 -0.779950
vn 0.590366 0.303464 -0.747915
vn 0.474036 0.046798 -0.879261
vn 0.486325 0.240139 -0.840132
vn 0.421870 0.174911 -0.889625
vn 0.421870 0.174911 -0.889625
vn 0.486325 0.240139 -0.840132
vn 0.396047 0.173533 -0.901683
vn 0.421870 0.174911 -0.889625
vn 0.396047 0.173533 -0.901683
vn 0.315061 0.164936 -0.934630
vn 0.315061 0.164936 -0.934630
vn 0.396047 0.173533 -0.901683
vn 0.000000 0.100286 -0.994959
vn -0.000000 -0.055974 0.998432
vn -0.000000 -0.001491 0.999999
vn 0.237500 -0.040313 0.970551
vn 0.237500 -0.040313 0.970551
vn -0.000000 -0.001491 0.999999
vn 0.207557 0.061385 0.976295
vn 0.237500 -0.040313 0.970551
vn 0.207557 0.061385 0.976295
vn 0.400277 -0.028521 0.915950
vn 0.400277 -0.028521 0.915950
vn 0.207557 0.061385 0.976295
vn 0.358645 0.174094 0.917096
vn 0.400277 -0.028521 0.915950
vn 0.358645 0.174094 0.917096
vn 0.609307 -0.002867 0.792929
vn 0.609307 -0.002867 0.792929
vn 0.358645 0.174094 0.917096
vn 0.556242 0.293842 0.777336
vn 0.609307 -0.002867 0.792929
vn 0.556242 0.293842 0.777336
vn 0.800631 0.023169 0.598709
vn 0.800631 0.023169 0.598709
vn 0.556242 0.293842 0.777336
vn 0.725210 0.385662 0.570381
vn 0.800631 0.023169 0.598709
vn 0.725210 0.385662 0.570381
vn 0.943660 0.046338 0.327656
vn 0.943660 0.046338 0.327656
vn 0.725210 0.385662 0.570381
vn 0.839972 0.447525 0.306870
vn 0.943660 0.046338 0.327656
vn 0.839972 0.447525 0.306870
vn 0.998417 0.056244 0.000019
vn 0.998417 0.056244 0.000019
vn 0.839972 0.447525 0.306870
vn 0.882892 0.469576 0.000185
vn 0.943659 0.046338 -0.327658
vn 0.998417 0.056244 0.000019
vn 0.839958 0.447515 -0.306922
vn 0.839958 0.447515 -0.306922
vn 0.998417 0.056244 0.000019
vn 0.882892 0.469576 0.000185
vn 0.725210 0.385662 -0.570381
vn 0.839958 0.447515 -0.306922
vn 0.633134 0.555341 -0.539200
vn 0.633134 0.555341 -0.539200
vn 0.839958 0.447515 -0.306922
vn 0.701665 0.657889 -0.273585
vn 0.590366 0.303464 -0.747915
vn 0.725210 0.385662 -0.570381
vn 0.533553 0.373318 -0.758917
vn 0.533553 0.373318 -0.758917
vn 0.725210 0.385662 -0.570381
vn 0.633134 0.555341 -0.539200
vn 0.486325 0.240139 -0.840132
vn 0.590366 0.303464 -0.747915
vn 0.431204 0.086016 -0.898145
vn 0.431204 0.086016 -0.898145
vn 0.590366 0.303464 -0.747915
vn 0.533553 0.373318 -0.758917
vn 0.396047 0.173533 -0.901683
vn 0.486325 0.240139 -0.840132
vn 0.294803 -0.289778 -0.910560
vn 0.294803 -0.289778 -0.910560
vn 0.486325 0.240139 -0.840132
vn 0.431204 0.086016 -0.898145
vn 0.000000 0.100286 -0.994959
vn 0.396047 0.173533 -0.901683
vn 0.000000 -0.431804 -0.901967
vn 0.000000 -0.431804 -0.901967
vn 0.396047 0.173533 -0.901683
vn 0.294803 -0.289778 -0.910560
vn -0.000000 -0.001491 0.999999
vn -0.000000 -0.242550 0.970139
vn 0.207557 0.061385 0.976295
vn 0.207557 0.061385 0.976295
vn -0.000000 -0.242550 0.970139
vn 0.149394 -0.129223 0.980297
vn 0.207557 0.061385 0.976295
vn 0.149394 -0.129223 0.980297
vn 0.358645 0.174094 0.917096
vn 0.358645 0.174094 0.917096
vn 0.149394 -0.129223 0.980297
vn 0.334201 0.127752 0.933804
vn 0.358645 0.174094 0.917096
vn 0.334201 0.127752 0.933804
vn 0.556242 0.293842 0.777336
vn 0.556242 0.293842 0.777336
vn 0.334201 0.127752 0.933804
vn 0.508706 0.368959 0.777874
vn 0.556242 0.293842 0.777336
vn 0.508706 0.368959 0.777874
vn 0.725210 0.385662 0.570381
vn 0.725210 0.385662 0.570381
vn 0.508706 0.368959 0.777874
vn 0.633134 0.555341 0.539200
vn 0.725210 0.385662 0.570381
vn 0.633134 0.555341 0.539200
vn 0.839972 0.447525 0.306870
vn 0.839972 0.447525 0.306870
vn 0.633134 0.555341 0.539200
vn 0.702669 0.657034 0.273061
vn 0.839972 0.447525 0.306870
vn 0.702669 0.657034 0.273061
vn 0.882892 0.469576 0.000185
vn 0.882892 0.469576 0.000185
vn 0.702669 0.657034 0.273061
vn 0.741314 0.671158 0.000171
vn 0.839958 0.447515 -0.306922
vn 0.882892 0.469576 0.000185
vn 0.701665 0.657889 -0.273585
vn 0.701665 0.657889 -0.273585
vn 0.882892 0.469576 0.000185
vn 0.741314 0.671158 0.000171
vn 0.633134 0.555341 -0.539200
vn 0.701665 0.657889 -0.273585
vn 0.659409 0.533671 -0.529505
vn 0.659409 0.533671 -0.529505
vn 0.701665 0.657889 -0.273585
vn 0.668565 0.704364 -0.238522
vn 0.533553 0.373318 -0.758917
vn 0.633134 0.555341 -0.539200
vn 0.578250 0.177773 -0.796256
vn 0.578250 0.177773 -0.796256
vn 0.633134 0.555341 -0.539200
vn 0.659409 0.533671 -0.529505
vn 0.431204 0.086016 -0.898145
vn 0.533553 0.373318 -0.758917
vn 0.387989 -0.296324 -0.872729
vn 0.387989 -0.296324 -0.872729
vn 0.533553 0.373318 -0.758917
vn 0.578250 0.177773 -0.796256
vn 0.294803 -0.289778 -0.910560
vn 0.431204 0.086016 -0.898145
vn 0.151071 -0.711200 -0.686566
vn 0.151071 -0.711200 -0.686566
vn 0.431204 0.086016 -0.898145
vn 0.387989 -0.296324 -0.872729
vn 0.000000 -0.431804 -0.901967
vn 0.294803 -0.289778 -0.910560
vn 0.000000 -0.792143 -0.610335
vn 0.000000 -0.792143 -0.610335
vn 0.294803 -0.289778 -0.910560
vn 0.151071 -0.711200 -0.686566
vn -0.000000 -0.242550 0.970139
vn -0.000000 -0.736319 0.676635
vn 0.149394 -0.129223 0.980297
vn 0.149394 -0.129223 0.980297
vn -0.000000 -0.736319 0.676635
vn 0.109818 -0.663362 0.740197
vn 0.149394 -0.129223 0.980297
vn 0.109818 -0.663362 0.740197
vn 0.334201 0.127752 0.933804
vn 0.334201 0.127752 0.933804
vn 0.109818 -0.663362 0.740197
vn 0.355039 -0.247509 0.901491
vn 0.334201 0.127752 0.933804
vn 0.355039 -0.247509 0.901491
vn 0.508706 0.368959 0.777874
vn 0.508706 0.368959 0.777874
vn 0.355039 -0.247509 0.901491
vn 0.574927 0.177173 0.798792
vn 0.508706 0.368959 0.777874
vn 0.574927 0.177173 0.798792
vn 0.633134 0.555341 0.539200
vn 0.633134 0.555341 0.539200
vn 0.574927 0.177173 0.798792
vn 0.659835 0.533371 0.529276
vn 0.633134 0.555341 0.539200
vn 0.659835 0.533371 0.529276
vn 0.702669 0.657034 0.273061
vn 0.702669 0.657034 0.273061
vn 0.659835 0.533371 0.529276
vn 0.672640 0.700604 0.238137
vn 0.702669 0.657034 0.273061
vn 0.672640 0.700604 0.238137
vn 0.741314 0.671158 0.000171
vn 0.741314 0.671158 0.000171
vn 0.672640 0.700604 0.238137
vn 0.695168 0.718847 0.000998
vn 0.701665 0.657889 -0.273585
vn 0.741314 0.671158 0.000171
vn 0.668565 0.704364 -0.238522
vn 0.668565 0.704364 -0.238522
vn 0.741314 0.671158 0.000171
vn 0.695168 0.718847 0.000998
vn 0.659409 0.533671 -0.529505
vn 0.668565 0.704364 -0.238522
vn 0.057207 0.996203 0.065627
vn 0.057207 0.996203 0.065627
vn 0.668565 0.704364 -0.238522
vn 0.082399 0.994528 0.064223
vn 0.578250 0.177773 -0.796256
vn 0.659409 0.533671 -0.529505
vn 0.178435 0.982172 0.059158
vn 0.178435 0.982172 0.059158
vn 0.659409 0.533671 -0.529505
vn 0.057207 0.996203 0.065627
vn 0.387989 -0.296324 -0.872729
vn 0.578250 0.177773 -0.796256
vn 0.232392 -0.971241 -0.051817
vn 0.232392 -0.971241 -0.051817
vn 0.578250 0.177773 -0.796256
vn 0.178435 0.982172 0.059158
vn 0.151071 -0.711200 -0.686566
vn 0.387989 -0.296324 -0.872729
vn 0.019424 -0.921512 0.387864
vn 0.019424 -0.921512 0.387864
vn 0.387989 -0.296324 -0.872729
vn 0.232392 -0.971241 -0.051817
vn 0.000000 -0.792143 -0.610335
vn 0.151071 -0.711200 -0.686566
vn 0.000000 -0.998054 -0.062356
vn 0.000000 -0.998054 -0.062356
vn 0.151071 -0.711200 -0.686566
vn 0.019424 -0.921512 0.387864
vn -0.000000 -0.736319 0.676635
vn 0.000000 -0.994266 -0.106934
vn 0.109818 -0.663362 0.740197
vn 0.109818 -0.663362 0.740197
vn 0.000000 -0.994266 -0.106934
vn 0.048729 -0.904661 -0.423337
vn 0.109818 -0.663362 0.740197
vn 0.048729 -0.904661 -0.423337
vn 0.355039 -0.247509 0.901491
vn 0.355039 -0.247509 0.901491
vn 0.048729 -0.904661 -0.423337
vn 0.231030 -0.972690 -0.022357
vn 0.355039 -0.247509 0.901491
vn 0.231030 -0.972690 -0.022357
vn 0.574927 0.177173 0.798792
vn 0.574927 0.177173 0.798792
vn 0.231030 -0.972690 -0.022357
vn 0.178432 0.982172 -0.059158
vn 0.574927 0.177173 0.798792
vn 0.178432 0.982172 -0.059158
vn 0.659835 0.533371 0.529276
vn 0.659835 0.533371 0.529276
vn 0.178432 0.982172 -0.059158
vn 0.055069 0.996155 -0.068130
vn 0.659835 0.533371 0.529276
vn 0.055069 0.996155 -0.068130
vn 0.672640 0.700604 0.238137
vn 0.672640 0.700604 0.238137
vn 0.055069 0.996155 -0.068130
vn 0.103125 0.992861 -0.059937
vn 0.672640 0.700604 0.238137
vn 0.103125 0.992861 -0.059937
vn 0.695168 0.718847 0.000998
vn 0.695168 0.718847 0.000998
vn 0.103125 0.992861 -0.059937
vn 0.156298 0.987708 0.002094
vn 0.668565 0.704364 -0.238522
vn 0.695168 0.718847 0.000998
vn 0.082399 0.994528 0.064223
vn 0.082399 0.994528 0.064223
vn 0.695168 0.718847 0.000998
vn 0.156298 0.987708 0.002094
vn 0.057207 0.996203 0.065627
vn 0.082399 0.994528 0.064223
vn -0.156910 0.973672 0.165355
vn -0.156910 0.973672 0.165355
vn 0.082399 0.994528 0.064223
vn -0.247462 0.957247 0.149800
vn 0.178435 0.982172 0.059158
vn 0.057207 0.996203 0.065627
vn -0.244403 0.914207 0.323254
vn -0.244403 0.914207 0.323254
vn 0.057207 0.996203 0.065627
vn -0.156910 0.973672 0.165355
vn 0.232392 -0.971241 -0.051817
vn 0.178435 0.982172 0.059158
vn -0.163855 0.911014 0.378425
vn -0.163855 0.911014 0.378425
vn 0.178435 0.982172 0.059158
vn -0.244403 0.914207 0.323254
vn 0.019424 -0.921512 0.387864
vn 0.232392 -0.971241 -0.051817
vn -0.056515 0.894822 0.442832
vn -0.056515 0.894822 0.442832
vn 0.232392 -0.971241 -0.051817
vn -0.163855 0.911014 0.378425
vn 0.000000 -0.998054 -0.062356
vn 0.019424 -0.921512 0.387864
vn -0.000000 0.904182 0.427148
vn -0.000000 0.904182 0.427148
vn 0.019424 -0.921512 0.387864
vn -0.056515 0.894822 0.442832
vn 0.000000 -0.994266 -0.106934
vn 0.000000 0.909100 -0.416577
vn 0.048729 -0.904661 -0.423337
vn 0.048729 -0.904661 -0.423337
vn 0.000000 0.909100 -0.416577
vn -0.061958 0.918721 -0.390016
vn 0.048729 -0.904661 -0.423337
vn -0.061958 0.918721 -0.390016
vn 0.231030 -0.972690 -0.022357
vn 0.231030 -0.972690 -0.022357
vn -0.061958 0.918721 -0.390016
vn -0.166745 0.913080 -0.372129
vn 0.231030 -0.972690 -0.022357
vn -0.166745 0.913080 -0.372129
vn 0.178432 0.982172 -0.059158
vn 0.178432 0.982172 -0.059158
vn -0.166745 0.913080 -0.372129
vn -0.244997 0.915193 -0.319996
vn 0.178432 0.982172 -0.059158
vn -0.244997 0.915193 -0.319996
vn 0.055069 0.996155 -0.068130
vn 0.055069 0.996155 -0.068130
vn -0.244997 0.915193 -0.319996
vn -0.282006 0.923544 -0.259882
vn 0.055069 0.996155 -0.068130
vn -0.282006 0.923544 -0.259882
vn 0.103125 0.992861 -0.059937
vn 0.103125 0.992861 -0.059937
vn -0.282006 0.923544 -0.259882
vn -0.239119 0.960646 -0.141353
vn 0.103125 0.992861 -0.059937
vn -0.239119 0.960646 -0.141353
vn 0.156298 0.987708 0.002094
vn 0.156298 0.987708 0.002094
vn -0.239119 0.960646 -0.141353
vn -0.181840 0.983324 0.002916
vn 0.082399 0.994528 0.064223
vn 0.156298 0.987708 0.002094
vn -0.247462 0.957247 0.149800
vn -0.247462 0.957247 0.149800
vn 0.156298 0.987708 0.002094
vn -0.181840 0.983324 0.002916
vn -0.247462 0.957247 0.149800
vn -0.504640 0.854571 0.122663
vn -0.156910 0.973672 0.165355
vn -0.156910 0.973672 0.165355
vn -0.504640 0.854571 0.122663
vn -0.351713 0.876116 0.329725
vn -0.244403 0.914207 0.323254
vn -0.156910 0.973672 0.165355
vn -0.147254 0.900515 0.409132
vn -0.147254 0.900515 0.409132
vn -0.156910 0.973672 0.165355
vn -0.351713 0.876116 0.329725
vn -0.244403 0.914207 0.323254
vn -0.147254 0.900515 0.409132
vn -0.163855 0.911014 0.378425
vn -0.163855 0.911014 0.378425
vn -0.147254 0.900515 0.409132
vn -0.182690 0.874825 0.448670
vn -0.163855 0.911014 0.378425
vn -0.182690 0.874825 0.448670
vn -0.056515 0.894822 0.442832
vn -0.056515 0.894822 0.442832
vn -0.182690 0.874825 0.448670
vn -0.075828 0.890021 0.449570
vn -0.056515 0.894822 0.442832
vn -0.075828 0.890021 0.449570
vn -0.000000 0.904182 0.427148
vn -0.000000 0.904182 0.427148
vn -0.075828 0.890021 0.449570
vn -0.000000 0.910417 0.413692
vn -0.061958 0.918721 -0.390016
vn 0.000000 0.909100 -0.416577
vn -0.060563 0.919787 -0.387717
vn -0.060563 0.919787 -0.387717
vn 0.000000 0.909100 -0.416577
vn 0.000000 0.926723 -0.375745
vn -0.166745 0.913080 -0.372129
vn -0.061958 0.918721 -0.390016
vn -0.168180 0.907328 -0.385320
vn -0.168180 0.907328 -0.385320
vn -0.061958 0.918721 -0.390016
vn -0.060563 0.919787 -0.387717
vn -0.244997 0.915193 -0.319996
vn -0.166745 0.913080 -0.372129
vn -0.254043 0.904095 -0.343620
vn -0.254043 0.904095 -0.343620
vn -0.166745 0.913080 -0.372129
vn -0.168180 0.907328 -0.385320
vn -0.282006 0.923544 -0.259882
vn -0.244997 0.915193 -0.319996
vn -0.309258 0.903472 -0.296813
vn -0.309258 0.903472 -0.296813
vn -0.244997 0.915193 -0.319996
vn -0.254043 0.904095 -0.343620
vn -0.239119 0.960646 -0.141353
vn -0.282006 0.923544 -0.259882
vn -0.395902 0.903938 -0.161735
vn -0.395902 0.903938 -0.161735
vn -0.282006 0.923544 -0.259882
vn -0.309258 0.903472 -0.296813
vn -0.181840 0.983324 0.002916
vn -0.239119 0.960646 -0.141353
vn -0.431457 0.902096 0.008192
vn -0.431457 0.902096 0.008192
vn -0.239119 0.960646 -0.141353
vn -0.395902 0.903938 -0.161735
vn -0.181840 0.983324 0.002916
vn -0.431457 0.902096 0.008192
vn -0.247462 0.957247 0.149800
vn -0.247462 0.957247 0.149800
vn -0.431457 0.902096 0.008192
vn -0.504640 0.854571 0.122663
vn -0.504640 0.854571 0.122663
vn -0.741492 0.666359 -0.078458
vn -0.351713 0.876116 0.329725
vn -0.351713 0.876116 0.329725
vn -0.741492 0.666359 -0.078458
vn -0.614420 0.603378 0.508353
vn -0.147254 0.900515 0.409132
vn -0.351713 0.876116 0.329725
vn -0.357187 0.666914 0.653944
vn -0.357187 0.666914 0.653944
vn -0.351713 0.876116 0.329725
vn -0.614420 0.603378 0.508353
vn -0.147254 0.900515 0.409132
vn -0.357187 0.666914 0.653944
vn -0.182690 0.874825 0.448670
vn -0.182690 0.874825 0.448670
vn -0.357187 0.666914 0.653944
vn -0.302102 0.746777 0.592502
vn -0.182690 0.874825 0.448670
vn -0.302102 0.746777 0.592502
vn -0.075828 0.890021 0.449570
vn -0.075828 0.890021 0.449570
vn -0.302102 0.746777 0.592502
vn -0.178510 0.841330 0.510194
vn -0.075828 0.890021 0.449570
vn -0.178510 0.841330 0.510194
vn -0.000000 0.910417 0.413692
vn -0.000000 0.910417 0.413692
vn -0.178510 0.841330 0.510194
vn -0.000000 0.791531 0.611129
vn -0.060563 0.919787 -0.387717
vn 0.000000 0.926723 -0.375745
vn -0.091596 0.851422 -0.516422
vn -0.091596 0.851422 -0.516422
vn 0.000000 0.926723 -0.375745
vn 0.000000 0.848862 -0.528614
vn -0.168180 0.907328 -0.385320
vn -0.060563 0.919787 -0.387717
vn -0.204886 0.830317 -0.518262
vn -0.204886 0.830317 -0.518262
vn -0.060563 0.919787 -0.387717
vn -0.091596 0.851422 -0.516422
vn -0.254043 0.904095 -0.343620
vn -0.168180 0.907328 -0.385320
vn -0.361322 0.797483 -0.483184
vn -0.361322 0.797483 -0.483184
vn -0.168180 0.907328 -0.385320
vn -0.204886 0.830317 -0.518262
vn -0.309258 0.903472 -0.296813
vn -0.254043 0.904095 -0.343620
vn -0.458693 0.796205 -0.394536
vn -0.458693 0.796205 -0.394536
vn -0.254043 0.904095 -0.343620
vn -0.361322 0.797483 -0.483184
vn -0.395902 0.903938 -0.161735
vn -0.309258 0.903472 -0.296813
vn -0.659346 0.748657 -0.069109
vn -0.659346 0.748657 -0.069109
vn -0.309258 0.903472 -0.296813
vn -0.458693 0.796205 -0.394536
vn -0.431457 0.902096 0.008192
vn -0.395902 0.903938 -0.161735
vn -0.855022 0.511315 0.086571
vn -0.855022 0.511315 0.086571
vn -0.395902 0.903938 -0.161735
vn -0.659346 0.748657 -0.069109
vn -0.431457 0.902096 0.008192
vn -0.855022 0.511315 0.086571
vn -0.504640 0.854571 0.122663
vn -0.504640 0.854571 0.122663
vn -0.855022 0.511315 0.086571
vn -0.741492 0.666359 -0.078458
vn -0.741492 0.666359 -0.078458
vn -0.864545 0.502415 0.011893
vn -0.614420 0.603378 0.508353
vn -0.614420 0.603378 0.508353
vn -0.864545 0.502415 0.011893
vn -0.722184 0.173406 0.669612
vn -0.614420 0.603378 0.508353
vn -0.722184 0.173406 0.669612
vn -0.357187 0.666914 0.653944
vn -0.357187 0.666914 0.653944
vn -0.722184 0.173406 0.669612
vn -0.551271 0.375777 0.744911
vn -0.357187 0.666914 0.653944
vn -0.551271 0.375777 0.744911
vn -0.302102 0.746777 0.592502
vn -0.302102 0.746777 0.592502
vn -0.551271 0.375777 0.744911
vn -0.458842 0.434892 0.774812
vn -0.302102 0.746777 0.592502
vn -0.458842 0.434892 0.774812
vn -0.178510 0.841330 0.510194
vn -0.178510 0.841330 0.510194
vn -0.458842 0.434892 0.774812
vn -0.315523 0.550911 0.772620
vn -0.178510 0.841330 0.510194
vn -0.315523 0.550911 0.772620
vn -0.000000 0.791531 0.611129
vn -0.000000 0.791531 0.611129
vn -0.315523 0.550911 0.772620
vn -0.000000 0.356281 0.934379
vn -0.091596 0.851422 -0.516422
vn 0.000000 0.848862 -0.528614
vn -0.119890 0.604158 -0.787794
vn -0.119890 0.604158 -0.787794
vn 0.000000 0.848862 -0.528614
vn 0.000000 0.522075 -0.852900
vn -0.204886 0.830317 -0.518262
vn -0.091596 0.851422 -0.516422
vn -0.256456 0.598866 -0.758676
vn -0.256456 0.598866 -0.758676
vn -0.091596 0.851422 -0.516422
vn -0.119890 0.604158 -0.787794
vn -0.204886 0.830317 -0.518262
vn -0.256456 0.598866 -0.758676
vn -0.361322 0.797483 -0.483184
vn -0.361322 0.797483 -0.483184
vn -0.256456 0.598866 -0.758676
vn -0.564316 0.435035 -0.701636
vn -0.458693 0.796205 -0.394536
vn -0.361322 0.797483 -0.483184
vn -0.736599 0.484630 -0.471758
vn -0.736599 0.484630 -0.471758
vn -0.361322 0.797483 -0.483184
vn -0.564316 0.435035 -0.701636
vn -0.659346 0.748657 -0.069109
vn -0.458693 0.796205 -0.394536
vn -0.902347 0.425553 -0.068363
vn -0.902347 0.425553 -0.068363
vn -0.458693 0.796205 -0.394536
vn -0.736599 0.484630 -0.471758
vn -0.855022 0.511315 0.086571
vn -0.659346 0.748657 -0.069109
vn -0.860718 0.508212 0.029748
vn -0.860718 0.508212 0.029748
vn -0.659346 0.748657 -0.069109
vn -0.902347 0.425553 -0.068363
vn -0.855022 0.511315 0.086571
vn -0.860718 0.508212 0.029748
vn -0.741492 0.666359 -0.078458
vn -0.741492 0.666359 -0.078458
vn -0.860718 0.508212 0.029748
vn -0.864545 0.502415 0.011893
vn -0.864545 0.502415 0.011893
vn -0.981461 -0.076145 0.175885
vn -0.722184 0.173406 0.669612
vn -0.722184 0.173406 0.669612
vn -0.981461 -0.076145 0.175885
vn -0.733633 -0.419250 0.534801
vn -0.722184 0.173406 0.669612
vn -0.733633 -0.419250 0.534801
vn -0.551271 0.375777 0.744911
vn -0.551271 0.375777 0.744911
vn -0.733633 -0.419250 0.534801
vn -0.701437 0.295032 0.648801
vn -0.551271 0.375777 0.744911
vn -0.701437 0.295032 0.648801
vn -0.458842 0.434892 0.774812
vn -0.458842 0.434892 0.774812
vn -0.701437 0.295032 0.648801
vn -0.540318 -0.080112 0.837639
vn -0.458842 0.434892 0.774812
vn -0.540318 -0.080112 0.837639
vn -0.315523 0.550911 0.772620
vn -0.315523 0.550911 0.772620
vn -0.540318 -0.080112 0.837639
vn -0.373894 0.167936 0.912141
vn -0.315523 0.550911 0.772620
vn -0.373894 0.167936 0.912141
vn -0.000000 0.356281 0.934379
vn -0.000000 0.356281 0.934379
vn -0.373894 0.167936 0.912141
vn -0.000000 0.212785 0.977099
vn -0.119890 0.604158 -0.787794
vn 0.000000 0.522075 -0.852900
vn -0.205911 0.183335 -0.961243
vn -0.205911 0.183335 -0.961243
vn 0.000000 0.522075 -0.852900
vn 0.000000 0.362285 -0.932067
vn -0.256456 0.598866 -0.758676
vn -0.119890 0.604158 -0.787794
vn -0.262398 0.104878 -0.959243
vn -0.262398 0.104878 -0.959243
vn -0.119890 0.604158 -0.787794
vn -0.205911 0.183335 -0.961243
vn -0.256456 0.598866 -0.758676
vn -0.262398 0.104878 -0.959243
vn -0.564316 0.435035 -0.701636
vn -0.564316 0.435035 -0.701636
vn -0.262398 0.104878 -0.959243
vn -0.618832 0.228916 -0.751429
vn -0.736599 0.484630 -0.471758
vn -0.564316 0.435035 -0.701636
vn -0.920125 0.040971 -0.389476
vn -0.920125 0.040971 -0.389476
vn -0.564316 0.435035 -0.701636
vn -0.618832 0.228916 -0.751429
vn -0.902347 0.425553 -0.068363
vn -0.736599 0.484630 -0.471758
vn -0.994767 0.056738 -0.084970
vn -0.994767 0.056738 -0.084970
vn -0.736599 0.484630 -0.471758
vn -0.920125 0.040971 -0.389476
vn -0.902347 0.425553 -0.068363
vn -0.994767 0.056738 -0.084970
vn -0.860718 0.508212 0.029748
vn -0.860718 0.508212 0.029748
vn -0.994767 0.056738 -0.084970
vn -0.856348 0.513456 -0.055047
vn -0.860718 0.508212 0.029748
vn -0.856348 0.513456 -0.055047
vn -0.864545 0.502415 0.011893
vn -0.864545 0.502415 0.011893
vn -0.856348 0.513456 -0.055047
vn -0.981461 -0.076145 0.175885
vn -0.981461 -0.076145 0.175885
vn -0.659232 -0.749793 0.056773
vn -0.733633 -0.419250 0.534801
vn -0.733633 -0.419250 0.534801
vn -0.659232 -0.749793 0.056773
vn -0.851628 -0.488888 0.188994
vn -0.733633 -0.419250 0.534801
vn -0.851628 -0.488888 0.188994
vn -0.701437 0.295032 0.648801
vn -0.701437 0.295032 0.648801
vn -0.851628 -0.488888 0.188994
vn -0.635630 0.521655 0.569078
vn -0.540318 -0.080112 0.837639
vn -0.701437 0.295032 0.648801
vn -0.396377 -0.673904 0.623489
vn -0.396377 -0.673904 0.623489
vn -0.701437 0.295032 0.648801
vn -0.635630 0.521655 0.569078
vn -0.373894 0.167936 0.912141
vn -0.540318 -0.080112 0.837639
vn -0.454899 -0.623386 0.635970
vn -0.454899 -0.623386 0.635970
vn -0.540318 -0.080112 0.837639
vn -0.396377 -0.673904 0.623489
vn -0.698215 -0.381154 0.605984
vn -0.689988 -0.318032 0.650209
vn -0.585890 0.024340 0.810025
vn -0.585890 0.024340 0.810025
vn -0.689988 -0.318032 0.650209
vn -0.553740 0.093587 0.827414
vn -0.205911 0.183335 -0.961243
vn 0.000000 0.362285 -0.932067
vn -0.406410 0.203748 -0.890684
vn -0.406410 0.203748 -0.890684
vn 0.000000 0.362285 -0.932067
vn 0.000000 0.027876 -0.999611
vn -0.262398 0.104878 -0.959243
vn -0.205911 0.183335 -0.961243
vn -0.146844 -0.306805 -0.940376
vn -0.146844 -0.306805 -0.940376
vn -0.205911 0.183335 -0.961243
vn -0.406410 0.203748 -0.890684
vn -0.061060 -0.207406 -0.976348
vn -0.069751 -0.105353 -0.991986
vn -0.645859 0.003453 -0.763449
vn -0.645859 0.003453 -0.763449
vn -0.069751 -0.105353 -0.991986
vn -0.566180 0.029648 -0.823748
vn -0.928369 -0.366670 0.060697
vn -0.645859 0.003453 -0.763449
vn -0.987019 -0.158634 -0.025087
vn -0.987019 -0.158634 -0.025087
vn -0.645859 0.003453 -0.763449
vn -0.566180 0.029648 -0.823748
vn -0.994767 0.056738 -0.084970
vn -0.920125 0.040971 -0.389476
vn -0.714172 -0.678822 -0.170760
vn -0.714172 -0.678822 -0.170760
vn -0.920125 0.040971 -0.389476
vn -0.459278 -0.833705 0.306593
vn -0.988091 0.153826 0.003722
vn -0.952007 -0.297805 -0.070678
vn -0.999978 0.004272 -0.005101
vn -0.999978 0.004272 -0.005101
vn -0.952007 -0.297805 -0.070678
vn -0.899428 -0.428941 -0.083903
vn -0.988091 0.153826 0.003722
vn -0.999978 0.004272 -0.005101
vn -0.937930 -0.346080 0.022709
vn -0.937930 -0.346080 0.022709
vn -0.999978 0.004272 -0.005101
vn -0.878048 -0.478111 0.021006
vn -0.851628 -0.488888 0.188994
vn -0.659232 -0.749793 0.056773
vn -0.017995 -0.945968 -0.323761
vn -0.017995 -0.945968 -0.323761
vn -0.659232 -0.749793 0.056773
vn -0.578060 -0.815234 0.035215
vn -0.936126 -0.349901 0.035173
vn -0.887379 -0.461025 -0.003817
vn -0.416956 -0.696408 0.584092
vn -0.416956 -0.696408 0.584092
vn -0.887379 -0.461025 -0.003817
vn -0.410237 -0.757867 0.507290
vn 0.073781 -0.262696 0.962054
vn -0.416956 -0.696408 0.584092
vn 0.118280 -0.369691 0.921596
vn 0.118280 -0.369691 0.921596
vn -0.416956 -0.696408 0.584092
vn -0.410237 -0.757867 0.507290
vn -0.396377 -0.673904 0.623489
vn 0.006896 -0.997105 -0.075722
vn -0.454899 -0.623386 0.635970
vn -0.454899 -0.623386 0.635970
vn 0.006896 -0.997105 -0.075722
vn -0.406917 -0.896779 -0.173797
vn -0.780875 -0.623883 -0.031697
vn -0.803130 -0.580686 0.133362
vn -0.784353 -0.620154 -0.014126
vn -0.784353 -0.620154 -0.014126
vn -0.803130 -0.580686 0.133362
vn -0.804511 -0.571975 0.160020
vn -0.406410 0.203748 -0.890684
vn 0.000000 0.027876 -0.999611
vn -0.607881 -0.045382 -0.792730
vn -0.607881 -0.045382 -0.792730
vn 0.000000 0.027876 -0.999611
vn -0.608306 -0.404651 -0.682804
vn -0.146844 -0.306805 -0.940376
vn -0.406410 0.203748 -0.890684
vn 0.010045 -0.988118 -0.153367
vn 0.010045 -0.988118 -0.153367
vn -0.406410 0.203748 -0.890684
vn -0.607881 -0.045382 -0.792730
vn -0.146844 -0.306805 -0.940376
vn 0.010045 -0.988118 -0.153367
vn 0.379907 -0.544734 0.747620
vn 0.379907 -0.544734 0.747620
vn 0.010045 -0.988118 -0.153367
vn 0.242942 -0.515639 0.821642
vn 0.379907 -0.544734 0.747620
vn 0.242942 -0.515639 0.821642
vn -0.459278 -0.833705 0.306593
vn -0.459278 -0.833705 0.306593
vn 0.242942 -0.515639 0.821642
vn -0.394223 -0.898875 0.191341
vn -0.459278 -0.833705 0.306593
vn -0.394223 -0.898875 0.191341
vn -0.714172 -0.678822 -0.170760
vn -0.714172 -0.678822 -0.170760
vn -0.394223 -0.898875 0.191341
vn -0.621001 -0.774603 -0.119779
vn -0.714172 -0.678822 -0.170760
vn -0.621001 -0.774603 -0.119779
vn -0.999874 -0.012809 -0.009412
vn -0.999874 -0.012809 -0.009412
vn -0.621001 -0.774603 -0.119779
vn -0.963556 0.266938 0.017415
vn -0.659232 -0.749793 0.056773
vn -0.999874 -0.012809 -0.009412
vn -0.578060 -0.815234 0.035215
vn -0.578060 -0.815234 0.035215
vn -0.999874 -0.012809 -0.009412
vn -0.963556 0.266938 0.017415
vn -0.578060 -0.815234 0.035215
vn 0.081261 -0.983203 -0.163426
vn -0.017995 -0.945968 -0.323761
vn -0.017995 -0.945968 -0.323761
vn 0.081261 -0.983203 -0.163426
vn 0.226434 -0.926253 -0.301302
vn 0.371024 -0.860591 -0.348889
vn -0.017995 -0.945968 -0.323761
vn 0.360368 -0.874991 -0.323304
vn 0.360368 -0.874991 -0.323304
vn -0.017995 -0.945968 -0.323761
vn 0.226434 -0.926253 -0.301302
vn 0.371024 -0.860591 -0.348889
vn 0.360368 -0.874991 -0.323304
vn 0.006896 -0.997105 -0.075722
vn 0.006896 -0.997105 -0.075722
vn 0.360368 -0.874991 -0.323304
vn 0.065454 -0.982619 -0.173713
vn -0.406917 -0.896779 -0.173797
vn 0.006896 -0.997105 -0.075722
vn -0.019424 -0.856947 -0.515038
vn -0.019424 -0.856947 -0.515038
vn 0.006896 -0.997105 -0.075722
vn 0.065454 -0.982619 -0.173713
vn -0.294170 -0.691626 -0.659634
vn -0.406917 -0.896779 -0.173797
vn 0.000000 -0.671032 -0.741429
vn 0.000000 -0.671032 -0.741429
vn -0.406917 -0.896779 -0.173797
vn -0.019424 -0.856947 -0.515038
vn -0.607881 -0.045382 -0.792730
vn -0.608306 -0.404651 -0.682804
vn -0.716349 -0.675205 -0.175907
vn -0.716349 -0.675205 -0.175907
vn -0.608306 -0.404651 -0.682804
vn -0.795796 -0.603420 -0.050928
vn 0.147301 -0.665672 0.731562
vn 0.010045 -0.988118 -0.153367
vn -0.716349 -0.675205 -0.175907
vn 0.010045 -0.988118 -0.153367
vn -0.607881 -0.045382 -0.792730
vn -0.716349 -0.675205 -0.175907
vn 0.242942 -0.515639 0.821642
vn 0.010045 -0.988118 -0.153367
vn 0.061402 -0.849658 0.523748
vn 0.061402 -0.849658 0.523748
vn 0.010045 -0.988118 -0.153367
vn 0.147301 -0.665672 0.731562
vn 0.242942 -0.515639 0.821642
vn 0.061402 -0.849658 0.523748
vn -0.394223 -0.898875 0.191341
vn -0.394223 -0.898875 0.191341
vn 0.061402 -0.849658 0.523748
vn 0.040176 -0.971234 0.234714
vn -0.621001 -0.774603 -0.119779
vn -0.394223 -0.898875 0.191341
vn -0.006154 -0.993941 0.109743
vn -0.006154 -0.993941 0.109743
vn -0.394223 -0.898875 0.191341
vn 0.040176 -0.971234 0.234714
vn 0.056476 -0.792909 -0.606717
vn -0.108182 -0.787271 -0.607042
vn -0.451603 -0.891951 0.021845
vn -0.451603 -0.891951 0.021845
vn -0.108182 -0.787271 -0.607042
vn -0.505937 -0.862571 0.000001
vn -0.082621 -0.789564 0.608081
vn -0.451603 -0.891951 0.021845
vn -0.195411 -0.775436 0.600428
vn -0.195411 -0.775436 0.600428
vn -0.451603 -0.891951 0.021845
vn -0.505937 -0.862571 0.000001
vn 0.226434 -0.926253 -0.301302
vn 0.081261 -0.983203 -0.163426
vn 0.317209 -0.916130 -0.245121
vn 0.317209 -0.916130 -0.245121
vn 0.081261 -0.983203 -0.163426
vn 0.306400 -0.945738 -0.108156
vn 0.360368 -0.874991 -0.323304
vn 0.226434 -0.926253 -0.301302
vn 0.336738 -0.855374 -0.393628
vn 0.336738 -0.855374 -0.393628
vn 0.226434 -0.926253 -0.301302
vn 0.317209 -0.916130 -0.245121
vn 0.360368 -0.874991 -0.323304
vn 0.336738 -0.855374 -0.393628
vn 0.065454 -0.982619 -0.173713
vn 0.065454 -0.982619 -0.173713
vn 0.336738 -0.855374 -0.393628
vn 0.207679 -0.906333 -0.368009
vn -0.019424 -0.856947 -0.515038
vn 0.065454 -0.982619 -0.173713
vn 0.149185 -0.856068 -0.494864
vn 0.149185 -0.856068 -0.494864
vn 0.065454 -0.982619 -0.173713
vn 0.207679 -0.906333 -0.368009
vn 0.000000 -0.671032 -0.741429
vn -0.019424 -0.856947 -0.515038
vn 0.000000 -0.632911 -0.774224
vn 0.000000 -0.632911 -0.774224
vn -0.019424 -0.856947 -0.515038
vn 0.149185 -0.856068 -0.494864
vn -0.795796 -0.603420 -0.050928
vn -0.000000 -0.550942 0.834544
vn -0.716349 -0.675205 -0.175907
vn -0.716349 -0.675205 -0.175907
vn -0.000000 -0.550942 0.834544
vn -0.295122 -0.654727 0.695871
vn -0.716349 -0.675205 -0.175907
vn -0.295122 -0.654727 0.695871
vn 0.147301 -0.665672 0.731562
vn 0.147301 -0.665672 0.731562
vn -0.295122 -0.654727 0.695871
vn 0.053626 -0.721515 0.690319
vn 0.061402 -0.849658 0.523748
vn 0.147301 -0.665672 0.731562
vn 0.275106 -0.844007 0.460401
vn 0.275106 -0.844007 0.460401
vn 0.147301 -0.665672 0.731562
vn 0.053626 -0.721515 0.690319
vn 0.061402 -0.849658 0.523748
vn 0.275106 -0.844007 0.460401
vn 0.040176 -0.971234 0.234714
vn 0.040176 -0.971234 0.234714
vn 0.275106 -0.844007 0.460401
vn 0.306857 -0.910743 0.276382
vn 0.040176 -0.971234 0.234714
vn 0.306857 -0.910743 0.276382
vn -0.006154 -0.993941 0.109743
vn -0.006154 -0.993941 0.109743
vn 0.306857 -0.910743 0.276382
vn 0.298248 -0.947393 0.116162
vn 0.124102 -0.992256 -0.005131
vn -0.006154 -0.993941 0.109743
vn 0.237952 -0.971272 -0.003117
vn 0.237952 -0.971272 -0.003117
vn -0.006154 -0.993941 0.109743
vn 0.298248 -0.947393 0.116162
vn 0.124102 -0.992256 -0.005131
vn 0.237952 -0.971272 -0.003117
vn 0.081261 -0.983203 -0.163426
vn 0.081261 -0.983203 -0.163426
vn 0.237952 -0.971272 -0.003117
vn 0.306400 -0.945738 -0.108156
vn 0.306400 -0.945738 -0.108156
vn 0.659220 -0.719069 -0.219930
vn 0.317209 -0.916130 -0.245121
vn 0.317209 -0.916130 -0.245121
vn 0.659220 -0.719069 -0.219930
vn 0.575224 -0.707509 -0.410548
vn 0.317209 -0.916130 -0.245121
vn 0.575224 -0.707509 -0.410548
vn 0.336738 -0.855374 -0.393628
vn 0.336738 -0.855374 -0.393628
vn 0.575224 -0.707509 -0.410548
vn 0.452939 -0.694913 -0.558518
vn 0.336738 -0.855374 -0.393628
vn 0.452939 -0.694913 -0.558518
vn 0.207679 -0.906333 -0.368009
vn 0.207679 -0.906333 -0.368009
vn 0.452939 -0.694913 -0.558518
vn 0.352614 -0.696239 -0.625232
vn 0.149185 -0.856068 -0.494864
vn 0.207679 -0.906333 -0.368009
vn 0.273810 -0.777957 -0.565518
vn 0.273810 -0.777957 -0.565518
vn 0.207679 -0.906333 -0.368009
vn 0.352614 -0.696239 -0.625232
vn 0.000000 -0.632911 -0.774224
vn 0.149185 -0.856068 -0.494864
vn 0.000000 -0.809572 -0.587021
vn 0.000000 -0.809572 -0.587021
vn 0.149185 -0.856068 -0.494864
vn 0.273810 -0.777957 -0.565518
vn -0.000000 -0.550942 0.834544
vn -0.000000 -0.551275 0.834324
vn -0.295122 -0.654727 0.695871
vn -0.295122 -0.654727 0.695871
vn -0.000000 -0.551275 0.834324
vn -0.063324 -0.656532 0.751635
vn -0.295122 -0.654727 0.695871
vn -0.063324 -0.656532 0.751635
vn 0.053626 -0.721515 0.690319
vn 0.053626 -0.721515 0.690319
vn -0.063324 -0.656532 0.751635
vn 0.152859 -0.603993 0.782193
vn 0.275106 -0.844007 0.460401
vn 0.053626 -0.721515 0.690319
vn 0.443712 -0.712456 0.543623
vn 0.443712 -0.712456 0.543623
vn 0.053626 -0.721515 0.690319
vn 0.152859 -0.603993 0.782193
vn 0.275106 -0.844007 0.460401
vn 0.443712 -0.712456 0.543623
vn 0.306857 -0.910743 0.276382
vn 0.306857 -0.910743 0.276382
vn 0.443712 -0.712456 0.543623
vn 0.575656 -0.709327 0.406788
vn 0.298248 -0.947393 0.116162
vn 0.306857 -0.910743 0.276382
vn 0.657193 -0.720326 0.221874
vn 0.657193 -0.720326 0.221874
vn 0.306857 -0.910743 0.276382
vn 0.575656 -0.709327 0.406788
vn 0.237952 -0.971272 -0.003117
vn 0.298248 -0.947393 0.116162
vn 0.651649 -0.758520 0.000025
vn 0.651649 -0.758520 0.000025
vn 0.298248 -0.947393 0.116162
vn 0.657193 -0.720326 0.221874
vn 0.237952 -0.971272 -0.003117
vn 0.651649 -0.758520 0.000025
vn 0.306400 -0.945738 -0.108156
vn 0.306400 -0.945738 -0.108156
vn 0.651649 -0.758520 0.000025
vn 0.659220 -0.719069 -0.219930
vn 0.659220 -0.719069 -0.219930
vn 0.879404 -0.372412 -0.296576
vn 0.575224 -0.707509 -0.410548
vn 0.575224 -0.707509 -0.410548
vn 0.879404 -0.372412 -0.296576
vn 0.751475 -0.371160 -0.545459
vn 0.575224 -0.707509 -0.410548
vn 0.751475 -0.371160 -0.545459
vn 0.452939 -0.694913 -0.558518
vn 0.452939 -0.694913 -0.558518
vn 0.751475 -0.371160 -0.545459
vn 0.579033 -0.368383 -0.727334
vn 0.452939 -0.694913 -0.558518
vn 0.579033 -0.368383 -0.727334
vn 0.352614 -0.696239 -0.625232
vn 0.352614 -0.696239 -0.625232
vn 0.579033 -0.368383 -0.727334
vn 0.420184 -0.349547 -0.837414
vn 0.273810 -0.777957 -0.565518
vn 0.352614 -0.696239 -0.625232
vn 0.369715 -0.425673 -0.825901
vn 0.369715 -0.425673 -0.825901
vn 0.352614 -0.696239 -0.625232
vn 0.420184 -0.349547 -0.837414
vn 0.000000 -0.809572 -0.587021
vn 0.273810 -0.777957 -0.565518
vn 0.000000 -0.566056 -0.824367
vn 0.000000 -0.566056 -0.824367
vn 0.273810 -0.777957 -0.565518
vn 0.369715 -0.425673 -0.825901
vn -0.000000 -0.551275 0.834324
vn -0.000000 -0.457265 0.889331
vn -0.063324 -0.656532 0.751635
vn -0.063324 -0.656532 0.751635
vn -0.000000 -0.457265 0.889331
vn 0.112219 -0.339672 0.933825
vn -0.063324 -0.656532 0.751635
vn 0.112219 -0.339672 0.933825
vn 0.152859 -0.603993 0.782193
vn 0.152859 -0.603993 0.782193
vn 0.112219 -0.339672 0.933825
vn 0.338307 -0.313492 0.887283
vn 0.443712 -0.712456 0.543623
vn 0.152859 -0.603993 0.782193
vn 0.575581 -0.375706 0.726328
vn 0.575581 -0.375706 0.726328
vn 0.152859 -0.603993 0.782193
vn 0.338307 -0.313492 0.887283
vn 0.575656 -0.709327 0.406788
vn 0.443712 -0.712456 0.543623
vn 0.751529 -0.372838 0.544240
vn 0.751529 -0.372838 0.544240
vn 0.443712 -0.712456 0.543623
vn 0.575581 -0.375706 0.726328
vn 0.657193 -0.720326 0.221874
vn 0.575656 -0.709327 0.406788
vn 0.879404 -0.372413 0.296575
vn 0.879404 -0.372413 0.296575
vn 0.575656 -0.709327 0.406788
vn 0.751529 -0.372838 0.544240
vn 0.651649 -0.758520 0.000025
vn 0.657193 -0.720326 0.221874
vn 0.927119 -0.374768 -0.000001
vn 0.927119 -0.374768 -0.000001
vn 0.657193 -0.720326 0.221874
vn 0.879404 -0.372413 0.296575
vn 0.651649 -0.758520 0.000025
vn 0.927119 -0.374768 -0.000001
vn 0.659220 -0.719069 -0.219930
vn 0.659220 -0.719069 -0.219930
vn 0.927119 -0.374768 -0.000001
vn 0.879404 -0.372412 -0.296576
vn 0.879404 -0.372412 -0.296576
vn 0.943659 0.046338 -0.327658
vn 0.751475 -0.371160 -0.545459
vn 0.751475 -0.371160 -0.545459
vn 0.943659 0.046338 -0.327658
vn 0.800631 0.023168 -0.598709
vn 0.751475 -0.371160 -0.545459
vn 0.800631 0.023168 -0.598709
vn 0.579033 -0.368383 -0.727334
vn 0.579033 -0.368383 -0.727334
vn 0.800631 0.023168 -0.598709
vn 0.625747 0.010936 -0.779950
vn 0.579033 -0.368383 -0.727334
vn 0.625747 0.010936 -0.779950
vn 0.420184 -0.349547 -0.837414
vn 0.420184 -0.349547 -0.837414
vn 0.625747 0.010936 -0.779950
vn 0.474036 0.046798 -0.879261
vn 0.420184 -0.349547 -0.837414
vn 0.474036 0.046798 -0.879261
vn 0.369715 -0.425673 -0.825901
vn 0.369715 -0.425673 -0.825901
vn 0.474036 0.046798 -0.879261
vn 0.421870 0.174911 -0.889625
vn 0.369715 -0.425673 -0.825901
vn 0.421870 0.174911 -0.889625
vn 0.000000 -0.566056 -0.824367
vn 0.000000 -0.566056 -0.824367
vn 0.421870 0.174911 -0.889625
vn 0.315061 0.164936 -0.934630
vn -0.000000 -0.457265 0.889331
vn -0.000000 -0.055974 0.998432
vn 0.112219 -0.339672 0.933825
vn 0.112219 -0.339672 0.933825
vn -0.000000 -0.055974 0.998432
vn 0.237500 -0.040313 0.970551
vn 0.112219 -0.339672 0.933825
vn 0.237500 -0.040313 0.970551
vn 0.338307 -0.313492 0.887283
vn 0.338307 -0.313492 0.887283
vn 0.237500 -0.040313 0.970551
vn 0.400277 -0.028521 0.915950
vn 0.575581 -0.375706 0.726328
vn 0.338307 -0.313492 0.887283
vn 0.609307 -0.002867 0.792929
vn 0.609307 -0.002867 0.792929
vn 0.338307 -0.313492 0.887283
vn 0.400277 -0.028521 0.915950
vn 0.751529 -0.372838 0.544240
vn 0.575581 -0.375706 0.726328
vn 0.800631 0.023169 0.598709
vn 0.800631 0.023169 0.598709
vn 0.575581 -0.375706 0.726328
vn 0.609307 -0.002867 0.792929
vn 0.879404 -0.372413 0.296575
vn 0.751529 -0.372838 0.544240
vn 0.943660 0.046338 0.327656
vn 0.943660 0.046338 0.327656
vn 0.751529 -0.372838 0.544240
vn 0.800631 0.023169 0.598709
vn 0.927119 -0.374768 -0.000001
vn 0.879404 -0.372413 0.296575
vn 0.998417 0.056244 0.000019
vn 0.998417 0.056244 0.000019
vn 0.879404 -0.372413 0.296575
vn 0.943660 0.046338 0.327656
vn 0.927119 -0.374768 -0.000001
vn 0.998417 0.056244 0.000019
vn 0.879404 -0.372412 -0.296576
vn 0.879404 -0.372412 -0.296576
vn 0.998417 0.056244 0.000019
vn 0.943659 0.046338 -0.327658
vn -0.997738 -0.015153 0.065490
vn -0.997889 -0.012228 0.063778
vn -0.998766 0.016868 0.046710
vn -0.998766 0.016868 0.046710
vn -0.997889 -0.012228 0.063778
vn -0.996071 0.088452 0.004441
vn -0.630789 -0.371855 -0.681050
vn -0.624291 -0.381895 -0.681482
vn -0.614374 -0.396854 -0.681947
vn -0.614374 -0.396854 -0.681947
vn -0.624291 -0.381895 -0.681482
vn -0.605734 -0.409550 -0.682170
vn 0.989486 -0.049132 0.136030
vn 0.970193 -0.242314 -0.002956
vn 0.986477 -0.069026 0.148658
vn 0.986477 -0.069026 0.148658
vn 0.970193 -0.242314 -0.002956
vn 0.809398 -0.586771 -0.023977
vn -0.998331 0.002459 -0.057706
vn -0.998718 0.032599 -0.038727
vn -0.998398 0.004534 -0.056402
vn -0.998398 0.004534 -0.056402
vn -0.998718 0.032599 -0.038727
vn -0.996070 0.088511 -0.003321
vn 0.990667 -0.045891 -0.128344
vn 0.988218 -0.062942 -0.139512
vn 0.970193 -0.242314 -0.002956
vn 0.970193 -0.242314 -0.002956
vn 0.988218 -0.062942 -0.139512
vn 0.809398 -0.586771 -0.023977
vn -0.637754 -0.427916 0.640436
vn -0.596847 -0.488460 0.636538
vn -0.621973 -0.452151 0.639303
vn -0.621973 -0.452151 0.639303
vn -0.596847 -0.488460 0.636538
vn -0.575504 -0.517346 0.633362
vn -0.783733 0.464941 -0.411817
vn -0.799129 0.423637 -0.426526
vn -0.887486 0.460827 0.002596
vn -0.887486 0.460827 0.002596
vn -0.799129 0.423637 -0.426526
vn -0.999985 0.004482 0.003263
vn -0.799129 0.423637 -0.426526
vn -0.854736 0.283618 -0.434726
vn -0.999985 0.004482 0.003263
vn -0.999985 0.004482 0.003263
vn -0.854736 0.283618 -0.434726
vn -0.728263 -0.685008 -0.019917
vn -0.854736 0.283618 -0.434726
vn -0.977253 -0.021852 -0.210947
vn -0.728263 -0.685008 -0.019917
vn -0.728263 -0.685008 -0.019917
vn -0.977253 -0.021852 -0.210947
vn -0.541185 -0.839004 -0.056487
vn -0.351370 -0.415041 -0.839214
vn 0.106668 -0.299139 -0.948229
vn -0.142849 -0.374349 -0.916219
vn -0.142849 -0.374349 -0.916219
vn 0.106668 -0.299139 -0.948229
vn 0.427319 -0.175254 -0.886952
vn 0.106668 -0.299139 -0.948229
vn 0.488608 -0.196650 -0.850053
vn 0.427319 -0.175254 -0.886952
vn 0.427319 -0.175254 -0.886952
vn 0.488608 -0.196650 -0.850053
vn 0.448759 -0.242758 -0.860049
vn 0.488608 -0.196650 -0.850053
vn 0.347972 -0.360594 -0.865383
vn 0.448759 -0.242758 -0.860049
vn 0.448759 -0.242758 -0.860049
vn 0.347972 -0.360594 -0.865383
vn 0.220437 -0.432806 -0.874120
vn 0.828526 -0.443169 0.342266
vn 0.776189 -0.630499 -0.001461
vn 0.788340 -0.466695 0.400893
vn 0.788340 -0.466695 0.400893
vn 0.776189 -0.630499 -0.001461
vn 0.790060 -0.613030 0.000271
vn 0.788340 -0.466695 0.400893
vn 0.790060 -0.613030 0.000271
vn 0.779039 -0.323928 0.536813
vn 0.779039 -0.323928 0.536813
vn 0.790060 -0.613030 0.000271
vn 0.951283 0.308320 -0.000001
vn 0.779039 -0.323928 0.536813
vn 0.951283 0.308320 -0.000001
vn 0.827716 0.514677 0.223592
vn 0.827716 0.514677 0.223592
vn 0.951283 0.308320 -0.000001
vn 0.767392 0.641178 -0.000001
vn -0.784799 0.467859 0.406446
vn -0.887486 0.460827 0.002596
vn -0.801996 0.421913 0.422837
vn -0.801996 0.421913 0.422837
vn -0.887486 0.460827 0.002596
vn -0.999985 0.004482 0.003263
vn -0.801996 0.421913 0.422837
vn -0.999985 0.004482 0.003263
vn -0.850826 0.281217 0.443860
vn -0.850826 0.281217 0.443860
vn -0.999985 0.004482 0.003263
vn -0.728263 -0.685008 -0.019917
vn -0.850826 0.281217 0.443860
vn -0.728263 -0.685008 -0.019917
vn -0.975888 0.213916 0.043396
vn -0.728263 -0.685008 -0.019917
vn -0.541185 -0.839004 -0.056487
vn -0.975888 0.213916 0.043396
vn 0.829196 -0.441083 -0.343335
vn 0.789787 -0.464260 -0.400873
vn 0.776189 -0.630499 -0.001461
vn 0.776189 -0.630499 -0.001461
vn 0.789787 -0.464260 -0.400873
vn 0.790060 -0.613030 0.000271
vn 0.789787 -0.464260 -0.400873
vn 0.779656 -0.323145 -0.536390
vn 0.790060 -0.613030 0.000271
vn 0.790060 -0.613030 0.000271
vn 0.779656 -0.323145 -0.536390
vn 0.951283 0.308320 -0.000001
vn 0.779656 -0.323145 -0.536390
vn 0.827716 0.514677 -0.223594
vn 0.951283 0.308320 -0.000001
vn 0.951283 0.308320 -0.000001
vn 0.827716 0.514677 -0.223594
vn 0.767392 0.641178 -0.000001
vn -0.225469 -0.538336 0.812009
vn -0.016634 -0.494655 0.868930
vn 0.226497 -0.393133 0.891149
vn 0.226497 -0.393133 0.891149
vn -0.016634 -0.494655 0.868930
vn 0.477498 -0.269980 0.836126
vn 0.226497 -0.393133 0.891149
vn 0.477498 -0.269980 0.836126
vn 0.510573 -0.246754 0.823667
vn 0.510573 -0.246754 0.823667
vn 0.477498 -0.269980 0.836126
vn 0.338899 -0.371777 0.864251
vn 0.510573 -0.246754 0.823667
vn 0.338899 -0.371777 0.864251
vn 0.164733 -0.478592 0.862446
vn 0.164733 -0.478592 0.862446
vn 0.338899 -0.371777 0.864251
vn -0.029096 -0.559062 0.828615
vn -0.908561 0.397822 0.127495
vn -0.846302 0.383823 0.369395
vn -0.659992 0.492462 0.567356
vn -0.659992 0.492462 0.567356
vn -0.846302 0.383823 0.369395
vn -0.628307 0.348000 0.695792
vn -0.777959 -0.354451 -0.518792
vn -0.869664 -0.251161 -0.424974
vn -0.786055 -0.346589 -0.511852
vn -0.786055 -0.346589 -0.511852
vn -0.869664 -0.251161 -0.424974
vn -0.872511 -0.247314 -0.421378
vn 0.463385 -0.687659 -0.558928
vn 0.524190 -0.681757 -0.510325
vn 0.203945 -0.590804 -0.780613
vn 0.203945 -0.590804 -0.780613
vn 0.524190 -0.681757 -0.510325
vn 0.584882 -0.578988 -0.568055
vn -0.223834 0.476584 0.850156
vn -0.659992 0.492462 0.567356
vn -0.401430 0.421923 0.812918
vn -0.401430 0.421923 0.812918
vn -0.659992 0.492462 0.567356
vn -0.628307 0.348000 0.695792
vn 0.577934 -0.680425 -0.450571
vn 0.814187 -0.545129 -0.199834
vn 0.524190 -0.681757 -0.510325
vn 0.524190 -0.681757 -0.510325
vn 0.814187 -0.545129 -0.199834
vn 0.584882 -0.578988 -0.568055
vn 0.558574 -0.137822 0.817924
vn 0.558411 -0.137685 0.818059
vn 0.554183 -0.134135 0.821516
vn 0.554183 -0.134135 0.821516
vn 0.558411 -0.137685 0.818059
vn 0.552616 -0.132822 0.822784
vn 0.000000 0.000000 0.000000
vn 0.000000 0.000000 0.000000
vn 0.000000 0.000000 0.000000
vn 0.000000 0.000000 0.000000
vn 0.000000 0.000000 0.000000
vn 0.000000 0.000000 0.000000
vn 0.000000 0.000000 0.000000
vn 0.000000 0.000000 0.000000
vn 0.000000 0.000000 0.000000
vn 0.000000 0.000000 0.000000
vn 0.000000 0.000000 0.000000
vn 0.000000 0.000000 0.000000
vn 0.000000 0.000000 0.000000
vn 0.000000 0.000000 0.000000
vn 0.000000 0.000000 0.000000
vn 0.000000 0.000000 0.000000
vn 0.000000 0.000000 0.000000
vn 0.000000 0.000000 0.000000
vn 0.000000 0.000000 0.000000
vn 0.000000 0.000000 0.000000
vn 0.000000 0.000000 0.000000
vn 0.000000 0.000000 0.000000
vn 0.000000 0.000000 0.000000
vn 0.000000 0.000000 0.000000
vn 0.000000 0.000000 0.000000
vn 0.000000 0.000000 0.000000
vn 0.000000 0.000000 0.000000
vn 0.000000 0.000000 0.000000
vn 0.000000 0.000000 0.000000
vn 0.000000 0.000000 0.000000
vn 0.000000 0.000000 0.000000
vn 0.000000 0.000000 0.000000
vn 0.000000 0.000000 0.000000
vn 0.000000 0.000000 0.000000
vn 0.000000 0.000000 0.000000
vn 0.000000 0.000000 0.000000
vn 0.000000 0.000000 0.000000
vn 0.000000 0.000000 0.000000
vn 0.000000 0.000000 0.000000
vn 0.000000 0.000000 0.000000
vn 0.000000 0.000000 0.000000
vn 0.000000 0.000000 0.000000
vn 0.000000 0.000000 0.000000
vn 0.000000 0.000000 0.000000
vn 0.000000 0.000000 0.000000
vn 0.000000 0.000000 0.000000
vn 0.000000 0.000000 0.000000
vn 0.000000 0.000000 0.000000
vn 0.000000 0.000000 0.000000
vn 0.000000 0.000000 0.000000
vn 0.000000 0.000000 0.000000
vn 0.000000 0.000000 0.000000
vn 0.000000 0.000000 0.000000
vn 0.000000 0.000000 0.000000
vn 0.000000 0.000000 0.000000
vn 0.000000 0.000000 0.000000
vn 0.000000 0.000000 0.000000
vn 0.000000 0.000000 0.000000
vn 0.000000 0.000000 0.000000
vn 0.000000 0.000000 0.000000
vn 0.000000 0.000000 0.000000
vn 0.000000 0.000000 0.000000
vn 0.000000 0.000000 0.000000
vn 0.000000 0.000000 0.000000
vn 0.000000 0.000000 0.000000
vn 0.000000 0.000000 0.000000
vn 0.000000 0.000000 0.000000
vn 0.000000 0.000000 0.000000
vn 0.000000 0.000000 0.000000
vn 0.000000 0.000000 0.000000
vn 0.000000 0.000000 0.000000
vn 0.000000 0.000000 0.000000
vn 0.000000 0.000000 0.000000
vn 0.000000 0.000000 0.000000
vn 0.000000 0.000000 0.000000
vn 0.000000 0.000000 0.000000
vn 0.000000 0.000000 0.000000
vn 0.000000 0.000000 0.000000
vn 0.000000 0.000000 0.000000
vn 0.000000 0.000000 0.000000
vn 0.000000 0.000000 0.000000
vn 0.000000 0.000000 0.000000
vn 0.000000 0.000000 0.000000
vn 0.000000 0.000000 0.000000
vn 0.000000 0.000000 0.000000
vn 0.000000 0.000000 0.000000
vn 0.000000 0.000000 0.000000
vn 0.000000 0.000000 0.000000
vn 0.000000 0.000000 0.000000
vn 0.000000 0.000000 0.000000
vn -0.800631 0.023168 -0.598709
vn -0.725210 0.385662 -0.570381
vn -0.943659 0.046338 -0.327658
vn -0.943659 0.046338 -0.327658
vn -0.725210 0.385662 -0.570381
vn -0.839958 0.447515 -0.306922
vn -0.625747 0.010936 -0.779950
vn -0.590366 0.303464 -0.747915
vn -0.800631 0.023168 -0.598709
vn -0.800631 0.023168 -0.598709
vn -0.590366 0.303464 -0.747915
vn -0.725210 0.385662 -0.570381
vn -0.474036 0.046798 -0.879261
vn -0.486325 0.240139 -0.840132
vn -0.625747 0.010936 -0.779950
vn -0.625747 0.010936 -0.779950
vn -0.486325 0.240139 -0.840132
vn -0.590366 0.303464 -0.747915
vn -0.396047 0.173533 -0.901683
vn -0.486325 0.240139 -0.840132
vn -0.421870 0.174911 -0.889624
vn -0.421870 0.174911 -0.889624
vn -0.486325 0.240139 -0.840132
vn -0.474036 0.046798 -0.879261
vn 0.000000 0.100286 -0.994959
vn -0.396047 0.173533 -0.901683
vn -0.315061 0.164936 -0.934630
vn -0.315061 0.164936 -0.934630
vn -0.396047 0.173533 -0.901683
vn -0.421870 0.174911 -0.889624
vn -0.207557 0.061385 0.976295
vn -0.000000 -0.001491 0.999999
vn -0.237500 -0.040313 0.970551
vn -0.237500 -0.040313 0.970551
vn -0.000000 -0.001491 0.999999
vn -0.000000 -0.055974 0.998432
vn -0.358645 0.174094 0.917096
vn -0.207557 0.061385 0.976295
vn -0.400277 -0.028521 0.915950
vn -0.400277 -0.028521 0.915950
vn -0.207557 0.061385 0.976295
vn -0.237500 -0.040313 0.970551
vn -0.556242 0.293842 0.777336
vn -0.358645 0.174094 0.917096
vn -0.609307 -0.002867 0.792929
vn -0.609307 -0.002867 0.792929
vn -0.358645 0.174094 0.917096
vn -0.400277 -0.028521 0.915950
vn -0.725210 0.385662 0.570381
vn -0.556242 0.293842 0.777336
vn -0.800631 0.023169 0.598709
vn -0.800631 0.023169 0.598709
vn -0.556242 0.293842 0.777336
vn -0.609307 -0.002867 0.792929
vn -0.839972 0.447525 0.306870
vn -0.725210 0.385662 0.570381
vn -0.943660 0.046338 0.327656
vn -0.943660 0.046338 0.327656
vn -0.725210 0.385662 0.570381
vn -0.800631 0.023169 0.598709
vn -0.882892 0.469576 0.000185
vn -0.839972 0.447525 0.306870
vn -0.998417 0.056244 0.000019
vn -0.998417 0.056244 0.000019
vn -0.839972 0.447525 0.306870
vn -0.943660 0.046338 0.327656
vn -0.943659 0.046338 -0.327658
vn -0.839958 0.447515 -0.306922
vn -0.998417 0.056244 0.000019
vn -0.998417 0.056244 0.000019
vn -0.839958 0.447515 -0.306922
vn -0.882892 0.469576 0.000185
vn -0.725210 0.385662 -0.570381
vn -0.633134 0.555341 -0.539200
vn -0.839958 0.447515 -0.306922
vn -0.839958 0.447515 -0.306922
vn -0.633134 0.555341 -0.539200
vn -0.701665 0.657889 -0.273585
vn -0.590366 0.303464 -0.747915
vn -0.533553 0.373318 -0.758917
vn -0.725210 0.385662 -0.570381
vn -0.725210 0.385662 -0.570381
vn -0.533553 0.373318 -0.758917
vn -0.633134 0.555341 -0.539200
vn -0.486325 0.240139 -0.840132
vn -0.431204 0.086016 -0.898145
vn -0.590366 0.303464 -0.747915
vn -0.590366 0.303464 -0.747915
vn -0.431204 0.086016 -0.898145
vn -0.533553 0.373318 -0.758917
vn -0.396047 0.173533 -0.901683
vn -0.294803 -0.289778 -0.910560
vn -0.486325 0.240139 -0.840132
vn -0.486325 0.240139 -0.840132
vn -0.294803 -0.289778 -0.910560
vn -0.431204 0.086016 -0.898145
vn 0.000000 0.100286 -0.994959
vn 0.000000 -0.431804 -0.901967
vn -0.396047 0.173533 -0.901683
vn -0.396047 0.173533 -0.901683
vn 0.000000 -0.431804 -0.901967
vn -0.294803 -0.289778 -0.910560
vn -0.149394 -0.129223 0.980297
vn -0.000000 -0.242550 0.970139
vn -0.207557 0.061385 0.976295
vn -0.207557 0.061385 0.976295
vn -0.000000 -0.242550 0.970139
vn -0.000000 -0.001491 0.999999
vn -0.334201 0.127752 0.933804
vn -0.149394 -0.129223 0.980297
vn -0.358645 0.174094 0.917096
vn -0.358645 0.174094 0.917096
vn -0.149394 -0.129223 0.980297
vn -0.207557 0.061385 0.976295
vn -0.508706 0.368959 0.777874
vn -0.334201 0.127752 0.933804
vn -0.556242 0.293842 0.777336
vn -0.556242 0.293842 0.777336
vn -0.334201 0.127752 0.933804
vn -0.358645 0.174094 0.917096
vn -0.633134 0.555341 0.539200
vn -0.508706 0.368959 0.777874
vn -0.725210 0.385662 0.570381
vn -0.725210 0.385662 0.570381
vn -0.508706 0.368959 0.777874
vn -0.556242 0.293842 0.777336
vn -0.702669 0.657034 0.273061
vn -0.633134 0.555341 0.539200
vn -0.839972 0.447525 0.306870
vn -0.839972 0.447525 0.306870
vn -0.633134 0.555341 0.539200
vn -0.725210 0.385662 0.570381
vn -0.741314 0.671158 0.000171
vn -0.702669 0.657034 0.273061
vn -0.882892 0.469576 0.000185
vn -0.882892 0.469576 0.000185
vn -0.702669 0.657034 0.273061
vn -0.839972 0.447525 0.306870
vn -0.839958 0.447515 -0.306922
vn -0.701665 0.657889 -0.273585
vn -0.882892 0.469576 0.000185
vn -0.882892 0.469576 0.000185
vn -0.701665 0.657889 -0.273585
vn -0.741314 0.671158 0.000171
vn -0.633134 0.555341 -0.539200
vn -0.659409 0.533671 -0.529505
vn -0.701665 0.657889 -0.273585
vn -0.701665 0.657889 -0.273585
vn -0.659409 0.533671 -0.529505
vn -0.668565 0.704364 -0.238522
vn -0.533553 0.373318 -0.758917
vn -0.578250 0.177773 -0.796256
vn -0.633134 0.555341 -0.539200
vn -0.633134 0.555341 -0.539200
vn -0.578250 0.177773 -0.796256
vn -0.659409 0.533671 -0.529505
vn -0.431204 0.086016 -0.898145
vn -0.387989 -0.296324 -0.872729
vn -0.533553 0.373318 -0.758917
vn -0.533553 0.373318 -0.758917
vn -0.387989 -0.296324 -0.872729
vn -0.578250 0.177773 -0.796256
vn -0.294803 -0.289778 -0.910560
vn -0.151071 -0.711199 -0.686566
vn -0.431204 0.086016 -0.898145
vn -0.431204 0.086016 -0.898145
vn -0.151071 -0.711199 -0.686566
vn -0.387989 -0.296324 -0.872729
vn 0.000000 -0.431804 -0.901967
vn 0.000000 -0.792143 -0.610335
vn -0.294803 -0.289778 -0.910560
vn -0.294803 -0.289778 -0.910560
vn 0.000000 -0.792143 -0.610335
vn -0.151071 -0.711199 -0.686566
vn -0.109818 -0.663362 0.740197
vn -0.000000 -0.736319 0.676635
vn -0.149394 -0.129223 0.980297
vn -0.149394 -0.129223 0.980297
vn -0.000000 -0.736319 0.676635
vn -0.000000 -0.242550 0.970139
vn -0.355039 -0.247509 0.901491
vn -0.109818 -0.663362 0.740197
vn -0.334201 0.127752 0.933804
vn -0.334201 0.127752 0.933804
vn -0.109818 -0.663362 0.740197
vn -0.149394 -0.129223 0.980297
vn -0.574927 0.177173 0.798792
vn -0.355039 -0.247509 0.901491
vn -0.508706 0.368959 0.777874
vn -0.508706 0.368959 0.777874
vn -0.355039 -0.247509 0.901491
vn -0.334201 0.127752 0.933804
vn -0.659835 0.533371 0.529276
vn -0.574927 0.177173 0.798792
vn -0.633134 0.555341 0.539200
vn -0.633134 0.555341 0.539200
vn -0.574927 0.177173 0.798792
vn -0.508706 0.368959 0.777874
vn -0.672640 0.700604 0.238137
vn -0.659835 0.533371 0.529276
vn -0.702669 0.657034 0.273061
vn -0.702669 0.657034 0.273061
vn -0.659835 0.533371 0.529276
vn -0.633134 0.555341 0.539200
vn -0.695168 0.718847 0.000998
vn -0.672640 0.700604 0.238137
vn -0.741314 0.671158 0.000171
vn -0.741314 0.671158 0.000171
vn -0.672640 0.700604 0.238137
vn -0.702669 0.657034 0.273061
vn -0.701665 0.657889 -0.273585
vn -0.668565 0.704364 -0.238522
vn -0.741314 0.671158 0.000171
vn -0.741314 0.671158 0.000171
vn -0.668565 0.704364 -0.238522
vn -0.695168 0.718847 0.000998
vn -0.659409 0.533671 -0.529505
vn -0.057207 0.996203 0.065627
vn -0.668565 0.704364 -0.238522
vn -0.668565 0.704364 -0.238522
vn -0.057207 0.996203 0.065627
vn -0.082399 0.994528 0.064223
vn -0.578250 0.177773 -0.796256
vn -0.178434 0.982172 0.059160
vn -0.659409 0.533671 -0.529505
vn -0.659409 0.533671 -0.529505
vn -0.178434 0.982172 0.059160
vn -0.057207 0.996203 0.065627
vn -0.387989 -0.296324 -0.872729
vn -0.232390 -0.971241 -0.051816
vn -0.578250 0.177773 -0.796256
vn -0.578250 0.177773 -0.796256
vn -0.232390 -0.971241 -0.051816
vn -0.178434 0.982172 0.059160
vn -0.151071 -0.711199 -0.686566
vn -0.019424 -0.921512 0.387863
vn -0.387989 -0.296324 -0.872729
vn -0.387989 -0.296324 -0.872729
vn -0.019424 -0.921512 0.387863
vn -0.232390 -0.971241 -0.051816
vn 0.000000 -0.792143 -0.610335
vn 0.000000 -0.998054 -0.062356
vn -0.151071 -0.711199 -0.686566
vn -0.151071 -0.711199 -0.686566
vn 0.000000 -0.998054 -0.062356
vn -0.019424 -0.921512 0.387863
vn -0.048728 -0.904661 -0.423337
vn 0.000000 -0.994266 -0.106934
vn -0.109818 -0.663362 0.740197
vn -0.109818 -0.663362 0.740197
vn 0.000000 -0.994266 -0.106934
vn -0.000000 -0.736319 0.676635
vn -0.231031 -0.972690 -0.022356
vn -0.048728 -0.904661 -0.423337
vn -0.355039 -0.247509 0.901491
vn -0.355039 -0.247509 0.901491
vn -0.048728 -0.904661 -0.423337
vn -0.109818 -0.663362 0.740197
vn -0.178432 0.982172 -0.059158
vn -0.231031 -0.972690 -0.022356
vn -0.574927 0.177173 0.798792
vn -0.574927 0.177173 0.798792
vn -0.231031 -0.972690 -0.022356
vn -0.355039 -0.247509 0.901491
vn -0.055069 0.996155 -0.068130
vn -0.178432 0.982172 -0.059158
vn -0.659835 0.533371 0.529276
vn -0.659835 0.533371 0.529276
vn -0.178432 0.982172 -0.059158
vn -0.574927 0.177173 0.798792
vn -0.103126 0.992861 -0.059937
vn -0.055069 0.996155 -0.068130
vn -0.672640 0.700604 0.238137
vn -0.672640 0.700604 0.238137
vn -0.055069 0.996155 -0.068130
vn -0.659835 0.533371 0.529276
vn -0.156298 0.987708 0.002094
vn -0.103126 0.992861 -0.059937
vn -0.695168 0.718847 0.000998
vn -0.695168 0.718847 0.000998
vn -0.103126 0.992861 -0.059937
vn -0.672640 0.700604 0.238137
vn -0.668565 0.704364 -0.238522
vn -0.082399 0.994528 0.064223
vn -0.695168 0.718847 0.000998
vn -0.695168 0.718847 0.000998
vn -0.082399 0.994528 0.064223
vn -0.156298 0.987708 0.002094
vn -0.057207 0.996203 0.065627
vn 0.156910 0.973672 0.165355
vn -0.082399 0.994528 0.064223
vn -0.082399 0.994528 0.064223
vn 0.156910 0.973672 0.165355
vn 0.247462 0.957247 0.149800
vn -0.178434 0.982172 0.059160
vn 0.244403 0.914207 0.323254
vn -0.057207 0.996203 0.065627
vn -0.057207 0.996203 0.065627
vn 0.244403 0.914207 0.323254
vn 0.156910 0.973672 0.165355
vn -0.232390 -0.971241 -0.051816
vn 0.163855 0.911014 0.378425
vn -0.178434 0.982172 0.059160
vn -0.178434 0.982172 0.059160
vn 0.163855 0.911014 0.378425
vn 0.244403 0.914207 0.323254
vn -0.019424 -0.921512 0.387863
vn 0.056515 0.894822 0.442832
vn -0.232390 -0.971241 -0.051816
vn -0.232390 -0.971241 -0.051816
vn 0.056515 0.894822 0.442832
vn 0.163855 0.911014 0.378425
vn 0.000000 -0.998054 -0.062356
vn -0.000000 0.904182 0.427148
vn -0.019424 -0.921512 0.387863
vn -0.019424 -0.921512 0.387863
vn -0.000000 0.904182 0.427148
vn 0.056515 0.894822 0.442832
vn 0.061958 0.918721 -0.390016
vn 0.000000 0.909100 -0.416577
vn -0.048728 -0.904661 -0.423337
vn -0.048728 -0.904661 -0.423337
vn 0.000000 0.909100 -0.416577
vn 0.000000 -0.994266 -0.106934
vn 0.166745 0.913080 -0.372129
vn 0.061958 0.918721 -0.390016
vn -0.231031 -0.972690 -0.022356
vn -0.231031 -0.972690 -0.022356
vn 0.061958 0.918721 -0.390016
vn -0.048728 -0.904661 -0.423337
vn 0.244997 0.915193 -0.319996
vn 0.166745 0.913080 -0.372129
vn -0.178432 0.982172 -0.059158
vn -0.178432 0.982172 -0.059158
vn 0.166745 0.913080 -0.372129
vn -0.231031 -0.972690 -0.022356
vn 0.282006 0.923544 -0.259882
vn 0.244997 0.915193 -0.319996
vn -0.055069 0.996155 -0.068130
vn -0.055069 0.996155 -0.068130
vn 0.244997 0.915193 -0.319996
vn -0.178432 0.982172 -0.059158
vn 0.239119 0.960646 -0.141353
vn 0.282006 0.923544 -0.259882
vn -0.103126 0.992861 -0.059937
vn -0.103126 0.992861 -0.059937
vn 0.282006 0.923544 -0.259882
vn -0.055069 0.996155 -0.068130
vn 0.181840 0.983324 0.002916
vn 0.239119 0.960646 -0.141353
vn -0.156298 0.987708 0.002094
vn -0.156298 0.987708 0.002094
vn 0.239119 0.960646 -0.141353
vn -0.103126 0.992861 -0.059937
vn -0.082399 0.994528 0.064223
vn 0.247462 0.957247 0.149800
vn -0.156298 0.987708 0.002094
vn -0.156298 0.987708 0.002094
vn 0.247462 0.957247 0.149800
vn 0.181840 0.983324 0.002916
vn 0.351713 0.876116 0.329726
vn 0.504640 0.854571 0.122663
vn 0.156910 0.973672 0.165355
vn 0.156910 0.973672 0.165355
vn 0.504640 0.854571 0.122663
vn 0.247462 0.957247 0.149800
vn 0.244403 0.914207 0.323254
vn 0.147254 0.900515 0.409132
vn 0.156910 0.973672 0.165355
vn 0.156910 0.973672 0.165355
vn 0.147254 0.900515 0.409132
vn 0.351713 0.876116 0.329726
vn 0.182690 0.874825 0.448670
vn 0.147254 0.900515 0.409132
vn 0.163855 0.911014 0.378425
vn 0.163855 0.911014 0.378425
vn 0.147254 0.900515 0.409132
vn 0.244403 0.914207 0.323254
vn 0.075828 0.890021 0.449570
vn 0.182690 0.874825 0.448670
vn 0.056515 0.894822 0.442832
vn 0.056515 0.894822 0.442832
vn 0.182690 0.874825 0.448670
vn 0.163855 0.911014 0.378425
vn -0.000000 0.910417 0.413692
vn 0.075828 0.890021 0.449570
vn -0.000000 0.904182 0.427148
vn -0.000000 0.904182 0.427148
vn 0.075828 0.890021 0.449570
vn 0.056515 0.894822 0.442832
vn 0.061958 0.918721 -0.390016
vn 0.060563 0.919787 -0.387717
vn 0.000000 0.909100 -0.416577
vn 0.000000 0.909100 -0.416577
vn 0.060563 0.919787 -0.387717
vn 0.000000 0.926723 -0.375745
vn 0.166745 0.913080 -0.372129
vn 0.168180 0.907328 -0.385320
vn 0.061958 0.918721 -0.390016
vn 0.061958 0.918721 -0.390016
vn 0.168180 0.907328 -0.385320
vn 0.060563 0.919787 -0.387717
vn 0.244997 0.915193 -0.319996
vn 0.254043 0.904095 -0.343620
vn 0.166745 0.913080 -0.372129
vn 0.166745 0.913080 -0.372129
vn 0.254043 0.904095 -0.343620
vn 0.168180 0.907328 -0.385320
vn 0.282006 0.923544 -0.259882
vn 0.309258 0.903472 -0.296813
vn 0.244997 0.915193 -0.319996
vn 0.244997 0.915193 -0.319996
vn 0.309258 0.903472 -0.296813
vn 0.254043 0.904095 -0.343620
vn 0.239119 0.960646 -0.141353
vn 0.395902 0.903938 -0.161735
vn 0.282006 0.923544 -0.259882
vn 0.282006 0.923544 -0.259882
vn 0.395902 0.903938 -0.161735
vn 0.309258 0.903472 -0.296813
vn 0.181840 0.983324 0.002916
vn 0.431457 0.902096 0.008192
vn 0.239119 0.960646 -0.141353
vn 0.239119 0.960646 -0.141353
vn 0.431457 0.902096 0.008192
vn 0.395902 0.903938 -0.161735
vn 0.504640 0.854571 0.122663
vn 0.431457 0.902096 0.008192
vn 0.247462 0.957247 0.149800
vn 0.247462 0.957247 0.149800
vn 0.431457 0.902096 0.008192
vn 0.181840 0.983324 0.002916
vn 0.614420 0.603378 0.508353
vn 0.741492 0.666359 -0.078458
vn 0.351713 0.876116 0.329726
vn 0.351713 0.876116 0.329726
vn 0.741492 0.666359 -0.078458
vn 0.504640 0.854571 0.122663
vn 0.147254 0.900515 0.409132
vn 0.357187 0.666914 0.653944
vn 0.351713 0.876116 0.329726
vn 0.351713 0.876116 0.329726
vn 0.357187 0.666914 0.653944
vn 0.614420 0.603378 0.508353
vn 0.302102 0.746777 0.592502
vn 0.357187 0.666914 0.653944
vn 0.182690 0.874825 0.448670
vn 0.182690 0.874825 0.448670
vn 0.357187 0.666914 0.653944
vn 0.147254 0.900515 0.409132
vn 0.178510 0.841330 0.510194
vn 0.302102 0.746777 0.592502
vn 0.075828 0.890021 0.449570
vn 0.075828 0.890021 0.449570
vn 0.302102 0.746777 0.592502
vn 0.182690 0.874825 0.448670
vn -0.000000 0.791531 0.611129
vn 0.178510 0.841330 0.510194
vn -0.000000 0.910417 0.413692
vn -0.000000 0.910417 0.413692
vn 0.178510 0.841330 0.510194
vn 0.075828 0.890021 0.449570
vn 0.060563 0.919787 -0.387717
vn 0.091596 0.851422 -0.516422
vn 0.000000 0.926723 -0.375745
vn 0.000000 0.926723 -0.375745
vn 0.091596 0.851422 -0.516422
vn 0.000000 0.848862 -0.528614
vn 0.168180 0.907328 -0.385320
vn 0.204886 0.830317 -0.518262
vn 0.060563 0.919787 -0.387717
vn 0.060563 0.919787 -0.387717
vn 0.204886 0.830317 -0.518262
vn 0.091596 0.851422 -0.516422
vn 0.254043 0.904095 -0.343620
vn 0.361322 0.797483 -0.483184
vn 0.168180 0.907328 -0.385320
vn 0.168180 0.907328 -0.385320
vn 0.361322 0.797483 -0.483184
vn 0.204886 0.830317 -0.518262
vn 0.309258 0.903472 -0.296813
vn 0.458693 0.796205 -0.394536
vn 0.254043 0.904095 -0.343620
vn 0.254043 0.904095 -0.343620
vn 0.458693 0.796205 -0.394536
vn 0.361322 0.797483 -0.483184
vn 0.395902 0.903938 -0.161735
vn 0.659346 0.748657 -0.069109
vn 0.309258 0.903472 -0.296813
vn 0.309258 0.903472 -0.296813
vn 0.659346 0.748657 -0.069109
vn 0.458693 0.796205 -0.394536
vn 0.431457 0.902096 0.008192
vn 0.855022 0.511315 0.086571
vn 0.395902 0.903938 -0.161735
vn 0.395902 0.903938 -0.161735
vn 0.855022 0.511315 0.086571
vn 0.659346 0.748657 -0.069109
vn 0.741492 0.666359 -0.078458
vn 0.855022 0.511315 0.086571
vn 0.504640 0.854571 0.122663
vn 0.504640 0.854571 0.122663
vn 0.855022 0.511315 0.086571
vn 0.431457 0.902096 0.008192
vn 0.722184 0.173407 0.669612
vn 0.864545 0.502415 0.011893
vn 0.614420 0.603378 0.508353
vn 0.614420 0.603378 0.508353
vn 0.864545 0.502415 0.011893
vn 0.741492 0.666359 -0.078458
vn 0.551271 0.375777 0.744911
vn 0.722184 0.173407 0.669612
vn 0.357187 0.666914 0.653944
vn 0.357187 0.666914 0.653944
vn 0.722184 0.173407 0.669612
vn 0.614420 0.603378 0.508353
vn 0.458842 0.434892 0.774812
vn 0.551271 0.375777 0.744911
vn 0.302102 0.746777 0.592502
vn 0.302102 0.746777 0.592502
vn 0.551271 0.375777 0.744911
vn 0.357187 0.666914 0.653944
vn 0.315523 0.550911 0.772620
vn 0.458842 0.434892 0.774812
vn 0.178510 0.841330 0.510194
vn 0.178510 0.841330 0.510194
vn 0.458842 0.434892 0.774812
vn 0.302102 0.746777 0.592502
vn -0.000000 0.356281 0.934379
vn 0.315523 0.550911 0.772620
vn -0.000000 0.791531 0.611129
vn -0.000000 0.791531 0.611129
vn 0.315523 0.550911 0.772620
vn 0.178510 0.841330 0.510194
vn 0.091596 0.851422 -0.516422
vn 0.119890 0.604158 -0.787794
vn 0.000000 0.848862 -0.528614
vn 0.000000 0.848862 -0.528614
vn 0.119890 0.604158 -0.787794
vn 0.000000 0.522075 -0.852900
vn 0.204886 0.830317 -0.518262
vn 0.256456 0.598866 -0.758676
vn 0.091596 0.851422 -0.516422
vn 0.091596 0.851422 -0.516422
vn 0.256456 0.598866 -0.758676
vn 0.119890 0.604158 -0.787794
vn 0.564316 0.435035 -0.701636
vn 0.256456 0.598866 -0.758676
vn 0.361322 0.797483 -0.483184
vn 0.361322 0.797483 -0.483184
vn 0.256456 0.598866 -0.758676
vn 0.204886 0.830317 -0.518262
vn 0.458693 0.796205 -0.394536
vn 0.736599 0.484630 -0.471758
vn 0.361322 0.797483 -0.483184
vn 0.361322 0.797483 -0.483184
vn 0.736599 0.484630 -0.471758
vn 0.564316 0.435035 -0.701636
vn 0.659346 0.748657 -0.069109
vn 0.902348 0.425553 -0.068363
vn 0.458693 0.796205 -0.394536
vn 0.458693 0.796205 -0.394536
vn 0.902348 0.425553 -0.068363
vn 0.736599 0.484630 -0.471758
vn 0.855022 0.511315 0.086571
vn 0.860718 0.508212 0.029748
vn 0.659346 0.748657 -0.069109
vn 0.659346 0.748657 -0.069109
vn 0.860718 0.508212 0.029748
vn 0.902348 0.425553 -0.068363
vn 0.864545 0.502415 0.011893
vn 0.860718 0.508212 0.029748
vn 0.741492 0.666359 -0.078458
vn 0.741492 0.666359 -0.078458
vn 0.860718 0.508212 0.029748
vn 0.855022 0.511315 0.086571
vn 0.733633 -0.419250 0.534801
vn 0.981461 -0.076145 0.175885
vn 0.722184 0.173407 0.669612
vn 0.722184 0.173407 0.669612
vn 0.981461 -0.076145 0.175885
vn 0.864545 0.502415 0.011893
vn 0.701437 0.295033 0.648801
vn 0.733633 -0.419250 0.534801
vn 0.551271 0.375777 0.744911
vn 0.551271 0.375777 0.744911
vn 0.733633 -0.419250 0.534801
vn 0.722184 0.173407 0.669612
vn 0.540318 -0.080112 0.837639
vn 0.701437 0.295033 0.648801
vn 0.458842 0.434892 0.774812
vn 0.458842 0.434892 0.774812
vn 0.701437 0.295033 0.648801
vn 0.551271 0.375777 0.744911
vn 0.373894 0.167936 0.912141
vn 0.540318 -0.080112 0.837639
vn 0.315523 0.550911 0.772620
vn 0.315523 0.550911 0.772620
vn 0.540318 -0.080112 0.837639
vn 0.458842 0.434892 0.774812
vn -0.000000 0.212785 0.977099
vn 0.373894 0.167936 0.912141
vn -0.000000 0.356281 0.934379
vn -0.000000 0.356281 0.934379
vn 0.373894 0.167936 0.912141
vn 0.315523 0.550911 0.772620
vn 0.119890 0.604158 -0.787794
vn 0.205911 0.183335 -0.961243
vn 0.000000 0.522075 -0.852900
vn 0.000000 0.522075 -0.852900
vn 0.205911 0.183335 -0.961243
vn 0.000000 0.362285 -0.932067
vn 0.256456 0.598866 -0.758676
vn 0.262398 0.104878 -0.959243
vn 0.119890 0.604158 -0.787794
vn 0.119890 0.604158 -0.787794
vn 0.262398 0.104878 -0.959243
vn 0.205911 0.183335 -0.961243
vn 0.618832 0.228916 -0.751429
vn 0.262398 0.104878 -0.959243
vn 0.564316 0.435035 -0.701636
vn 0.564316 0.435035 -0.701636
vn 0.262398 0.104878 -0.959243
vn 0.256456 0.598866 -0.758676
vn 0.736599 0.484630 -0.471758
vn 0.920125 0.040971 -0.389476
vn 0.564316 0.435035 -0.701636
vn 0.564316 0.435035 -0.701636
vn 0.920125 0.040971 -0.389476
vn 0.618832 0.228916 -0.751429
vn 0.902348 0.425553 -0.068363
vn 0.994767 0.056738 -0.084970
vn 0.736599 0.484630 -0.471758
vn 0.736599 0.484630 -0.471758
vn 0.994767 0.056738 -0.084970
vn 0.920125 0.040971 -0.389476
vn 0.856348 0.513456 -0.055047
vn 0.994767 0.056738 -0.084970
vn 0.860718 0.508212 0.029748
vn 0.860718 0.508212 0.029748
vn 0.994767 0.056738 -0.084970
vn 0.902348 0.425553 -0.068363
vn 0.981461 -0.076145 0.175885
vn 0.856348 0.513456 -0.055047
vn 0.864545 0.502415 0.011893
vn 0.864545 0.502415 0.011893
vn 0.856348 0.513456 -0.055047
vn 0.860718 0.508212 0.029748
vn 0.851628 -0.488887 0.188994
vn 0.659232 -0.749793 0.056773
vn 0.733633 -0.419250 0.534801
vn 0.733633 -0.419250 0.534801
vn 0.659232 -0.749793 0.056773
vn 0.981461 -0.076145 0.175885
vn 0.635630 0.521655 0.569078
vn 0.851628 -0.488887 0.188994
vn 0.701437 0.295033 0.648801
vn 0.701437 0.295033 0.648801
vn 0.851628 -0.488887 0.188994
vn 0.733633 -0.419250 0.534801
vn 0.540318 -0.080112 0.837639
vn 0.396377 -0.673904 0.623489
vn 0.701437 0.295033 0.648801
vn 0.701437 0.295033 0.648801
vn 0.396377 -0.673904 0.623489
vn 0.635630 0.521655 0.569078
vn 0.373894 0.167936 0.912141
vn 0.454899 -0.623386 0.635970
vn 0.540318 -0.080112 0.837639
vn 0.540318 -0.080112 0.837639
vn 0.454899 -0.623386 0.635970
vn 0.396377 -0.673904 0.623489
vn 0.553740 0.093587 0.827414
vn 0.689988 -0.318032 0.650209
vn 0.585890 0.024340 0.810025
vn 0.585890 0.024340 0.810025
vn 0.689988 -0.318032 0.650209
vn 0.698215 -0.381154 0.605984
vn 0.205911 0.183335 -0.961243
vn 0.406410 0.203748 -0.890684
vn 0.000000 0.362285 -0.932067
vn 0.000000 0.362285 -0.932067
vn 0.406410 0.203748 -0.890684
vn 0.000000 0.027876 -0.999611
vn 0.262398 0.104878 -0.959243
vn 0.146844 -0.306805 -0.940376
vn 0.205911 0.183335 -0.961243
vn 0.205911 0.183335 -0.961243
vn 0.146844 -0.306805 -0.940376
vn 0.406410 0.203748 -0.890684
vn 0.566180 0.029648 -0.823748
vn 0.069751 -0.105353 -0.991986
vn 0.645859 0.003453 -0.763449
vn 0.645859 0.003453 -0.763449
vn 0.069751 -0.105353 -0.991986
vn 0.061060 -0.207406 -0.976348
vn 0.928369 -0.366670 0.060697
vn 0.987019 -0.158634 -0.025087
vn 0.645859 0.003453 -0.763449
vn 0.645859 0.003453 -0.763449
vn 0.987019 -0.158634 -0.025087
vn 0.566180 0.029648 -0.823748
vn 0.994767 0.056738 -0.084970
vn 0.714172 -0.678822 -0.170760
vn 0.920125 0.040971 -0.389476
vn 0.920125 0.040971 -0.389476
vn 0.714172 -0.678822 -0.170760
vn 0.459278 -0.833705 0.306593
vn 0.988091 0.153826 0.003722
vn 0.999978 0.004272 -0.005101
vn 0.952007 -0.297805 -0.070678
vn 0.952007 -0.297805 -0.070678
vn 0.999978 0.004272 -0.005101
vn 0.899428 -0.428941 -0.083903
vn 0.878048 -0.478111 0.021006
vn 0.999978 0.004272 -0.005101
vn 0.937930 -0.346080 0.022709
vn 0.937930 -0.346080 0.022709
vn 0.999978 0.004272 -0.005101
vn 0.988091 0.153826 0.003722
vn 0.851628 -0.488887 0.188994
vn 0.017995 -0.945968 -0.323761
vn 0.659232 -0.749793 0.056773
vn 0.659232 -0.749793 0.056773
vn 0.017995 -0.945968 -0.323761
vn 0.578060 -0.815234 0.035215
vn 0.410238 -0.757867 0.507290
vn 0.887379 -0.461025 -0.003818
vn 0.416957 -0.696407 0.584092
vn 0.416957 -0.696407 0.584092
vn 0.887379 -0.461025 -0.003818
vn 0.936126 -0.349901 0.035173
vn -0.073781 -0.262696 0.962054
vn -0.118280 -0.369691 0.921596
vn 0.416957 -0.696407 0.584092
vn 0.416957 -0.696407 0.584092
vn -0.118280 -0.369691 0.921596
vn 0.410238 -0.757867 0.507290
vn 0.406917 -0.896779 -0.173797
vn -0.006896 -0.997105 -0.075722
vn 0.454899 -0.623386 0.635970
vn 0.454899 -0.623386 0.635970
vn -0.006896 -0.997105 -0.075722
vn 0.396377 -0.673904 0.623489
vn 0.780874 -0.623883 -0.031697
vn 0.784353 -0.620154 -0.014126
vn 0.803130 -0.580686 0.133362
vn 0.803130 -0.580686 0.133362
vn 0.784353 -0.620154 -0.014126
vn 0.804511 -0.571975 0.160020
vn 0.406410 0.203748 -0.890684
vn 0.607881 -0.045382 -0.792730
vn 0.000000 0.027876 -0.999611
vn 0.000000 0.027876 -0.999611
vn 0.607881 -0.045382 -0.792730
vn 0.608306 -0.404651 -0.682804
vn 0.146844 -0.306805 -0.940376
vn -0.010045 -0.988118 -0.153367
vn 0.406410 0.203748 -0.890684
vn 0.406410 0.203748 -0.890684
vn -0.010045 -0.988118 -0.153367
vn 0.607881 -0.045382 -0.792730
vn 0.146844 -0.306805 -0.940376
vn -0.379907 -0.544734 0.747620
vn -0.010045 -0.988118 -0.153367
vn -0.379907 -0.544734 0.747620
vn -0.242942 -0.515639 0.821642
vn -0.010045 -0.988118 -0.153367
vn 0.394223 -0.898875 0.191341
vn -0.242942 -0.515639 0.821642
vn 0.459278 -0.833705 0.306593
vn 0.459278 -0.833705 0.306593
vn -0.242942 -0.515639 0.821642
vn -0.379907 -0.544734 0.747620
vn 0.621001 -0.774603 -0.119779
vn 0.394223 -0.898875 0.191341
vn 0.714172 -0.678822 -0.170760
vn 0.714172 -0.678822 -0.170760
vn 0.394223 -0.898875 0.191341
vn 0.459278 -0.833705 0.306593
vn 0.963557 0.266937 0.017415
vn 0.621001 -0.774603 -0.119779
vn 0.999874 -0.012809 -0.009412
vn 0.999874 -0.012809 -0.009412
vn 0.621001 -0.774603 -0.119779
vn 0.714172 -0.678822 -0.170760
vn 0.659232 -0.749793 0.056773
vn 0.578060 -0.815234 0.035215
vn 0.999874 -0.012809 -0.009412
vn 0.999874 -0.012809 -0.009412
vn 0.578060 -0.815234 0.035215
vn 0.963557 0.266937 0.017415
vn -0.226434 -0.926253 -0.301303
vn -0.081261 -0.983203 -0.163426
vn 0.017995 -0.945968 -0.323761
vn 0.017995 -0.945968 -0.323761
vn -0.081261 -0.983203 -0.163426
vn 0.578060 -0.815234 0.035215
vn -0.371024 -0.860591 -0.348889
vn -0.360368 -0.874991 -0.323305
vn 0.017995 -0.945968 -0.323761
vn 0.017995 -0.945968 -0.323761
vn -0.360368 -0.874991 -0.323305
vn -0.226434 -0.926253 -0.301303
vn -0.065454 -0.982619 -0.173713
vn -0.360368 -0.874991 -0.323305
vn -0.006896 -0.997105 -0.075722
vn -0.006896 -0.997105 -0.075722
vn -0.360368 -0.874991 -0.323305
vn -0.371024 -0.860591 -0.348889
vn 0.406917 -0.896779 -0.173797
vn 0.019424 -0.856947 -0.515038
vn -0.006896 -0.997105 -0.075722
vn -0.006896 -0.997105 -0.075722
vn 0.019424 -0.856947 -0.515038
vn -0.065454 -0.982619 -0.173713
vn 0.294169 -0.691626 -0.659634
vn 0.000000 -0.671032 -0.741429
vn 0.406917 -0.896779 -0.173797
vn 0.406917 -0.896779 -0.173797
vn 0.000000 -0.671032 -0.741429
vn 0.019424 -0.856947 -0.515038
vn 0.607881 -0.045382 -0.792730
vn 0.716349 -0.675204 -0.175907
vn 0.608306 -0.404651 -0.682804
vn 0.608306 -0.404651 -0.682804
vn 0.716349 -0.675204 -0.175907
vn 0.795796 -0.603419 -0.050928
vn -0.147301 -0.665672 0.731562
vn 0.716349 -0.675204 -0.175907
vn -0.010045 -0.988118 -0.153367
vn -0.010045 -0.988118 -0.153367
vn 0.716349 -0.675204 -0.175907
vn 0.607881 -0.045382 -0.792730
vn -0.242942 -0.515639 0.821642
vn -0.061402 -0.849658 0.523748
vn -0.010045 -0.988118 -0.153367
vn -0.010045 -0.988118 -0.153367
vn -0.061402 -0.849658 0.523748
vn -0.147301 -0.665672 0.731562
vn -0.040176 -0.971234 0.234714
vn -0.061402 -0.849658 0.523748
vn 0.394223 -0.898875 0.191341
vn 0.394223 -0.898875 0.191341
vn -0.061402 -0.849658 0.523748
vn -0.242942 -0.515639 0.821642
vn 0.621001 -0.774603 -0.119779
vn 0.006154 -0.993941 0.109742
vn 0.394223 -0.898875 0.191341
vn 0.394223 -0.898875 0.191341
vn 0.006154 -0.993941 0.109742
vn -0.040176 -0.971234 0.234714
vn 0.505937 -0.862571 0.000001
vn 0.108182 -0.787271 -0.607043
vn 0.451603 -0.891951 0.021845
vn 0.451603 -0.891951 0.021845
vn 0.108182 -0.787271 -0.607043
vn -0.056476 -0.792909 -0.606717
vn 0.082621 -0.789564 0.608081
vn 0.195411 -0.775436 0.600428
vn 0.451603 -0.891951 0.021845
vn 0.451603 -0.891951 0.021845
vn 0.195411 -0.775436 0.600428
vn 0.505937 -0.862571 0.000001
vn -0.226434 -0.926253 -0.301303
vn -0.317209 -0.916130 -0.245121
vn -0.081261 -0.983203 -0.163426
vn -0.081261 -0.983203 -0.163426
vn -0.317209 -0.916130 -0.245121
vn -0.306400 -0.945738 -0.108156
vn -0.360368 -0.874991 -0.323305
vn -0.336738 -0.855374 -0.393628
vn -0.226434 -0.926253 -0.301303
vn -0.226434 -0.926253 -0.301303
vn -0.336738 -0.855374 -0.393628
vn -0.317209 -0.916130 -0.245121
vn -0.207679 -0.906333 -0.368009
vn -0.336738 -0.855374 -0.393628
vn -0.065454 -0.982619 -0.173713
vn -0.065454 -0.982619 -0.173713
vn -0.336738 -0.855374 -0.393628
vn -0.360368 -0.874991 -0.323305
vn 0.019424 -0.856947 -0.515038
vn -0.149186 -0.856068 -0.494864
vn -0.065454 -0.982619 -0.173713
vn -0.065454 -0.982619 -0.173713
vn -0.149186 -0.856068 -0.494864
vn -0.207679 -0.906333 -0.368009
vn 0.000000 -0.671032 -0.741429
vn 0.000000 -0.632911 -0.774224
vn 0.019424 -0.856947 -0.515038
vn 0.019424 -0.856947 -0.515038
vn 0.000000 -0.632911 -0.774224
vn -0.149186 -0.856068 -0.494864
vn 0.295122 -0.654727 0.695871
vn -0.000000 -0.550942 0.834544
vn 0.716349 -0.675204 -0.175907
vn 0.716349 -0.675204 -0.175907
vn -0.000000 -0.550942 0.834544
vn 0.795796 -0.603419 -0.050928
vn -0.053626 -0.721515 0.690319
vn 0.295122 -0.654727 0.695871
vn -0.147301 -0.665672 0.731562
vn -0.147301 -0.665672 0.731562
vn 0.295122 -0.654727 0.695871
vn 0.716349 -0.675204 -0.175907
vn -0.061402 -0.849658 0.523748
vn -0.275106 -0.844007 0.460401
vn -0.147301 -0.665672 0.731562
vn -0.147301 -0.665672 0.731562
vn -0.275106 -0.844007 0.460401
vn -0.053626 -0.721515 0.690319
vn -0.306857 -0.910743 0.276382
vn -0.275106 -0.844007 0.460401
vn -0.040176 -0.971234 0.234714
vn -0.040176 -0.971234 0.234714
vn -0.275106 -0.844007 0.460401
vn -0.061402 -0.849658 0.523748
vn -0.298248 -0.947393 0.116162
vn -0.306857 -0.910743 0.276382
vn 0.006154 -0.993941 0.109742
vn 0.006154 -0.993941 0.109742
vn -0.306857 -0.910743 0.276382
vn -0.040176 -0.971234 0.234714
vn -0.124102 -0.992256 -0.005131
vn -0.237952 -0.971272 -0.003117
vn 0.006154 -0.993941 0.109742
vn 0.006154 -0.993941 0.109742
vn -0.237952 -0.971272 -0.003117
vn -0.298248 -0.947393 0.116162
vn -0.306400 -0.945738 -0.108156
vn -0.237952 -0.971272 -0.003117
vn -0.081261 -0.983203 -0.163426
vn -0.081261 -0.983203 -0.163426
vn -0.237952 -0.971272 -0.003117
vn -0.124102 -0.992256 -0.005131
vn -0.575224 -0.707509 -0.410548
vn -0.659220 -0.719069 -0.219930
vn -0.317209 -0.916130 -0.245121
vn -0.317209 -0.916130 -0.245121
vn -0.659220 -0.719069 -0.219930
vn -0.306400 -0.945738 -0.108156
vn -0.452939 -0.694913 -0.558518
vn -0.575224 -0.707509 -0.410548
vn -0.336738 -0.855374 -0.393628
vn -0.336738 -0.855374 -0.393628
vn -0.575224 -0.707509 -0.410548
vn -0.317209 -0.916130 -0.245121
vn -0.352614 -0.696239 -0.625232
vn -0.452939 -0.694913 -0.558518
vn -0.207679 -0.906333 -0.368009
vn -0.207679 -0.906333 -0.368009
vn -0.452939 -0.694913 -0.558518
vn -0.336738 -0.855374 -0.393628
vn -0.149186 -0.856068 -0.494864
vn -0.273810 -0.777957 -0.565518
vn -0.207679 -0.906333 -0.368009
vn -0.207679 -0.906333 -0.368009
vn -0.273810 -0.777957 -0.565518
vn -0.352614 -0.696239 -0.625232
vn 0.000000 -0.632911 -0.774224
vn 0.000000 -0.809572 -0.587021
vn -0.149186 -0.856068 -0.494864
vn -0.149186 -0.856068 -0.494864
vn 0.000000 -0.809572 -0.587021
vn -0.273810 -0.777957 -0.565518
vn 0.063324 -0.656532 0.751635
vn -0.000000 -0.551275 0.834324
vn 0.295122 -0.654727 0.695871
vn 0.295122 -0.654727 0.695871
vn -0.000000 -0.551275 0.834324
vn -0.000000 -0.550942 0.834544
vn -0.152859 -0.603993 0.782193
vn 0.063324 -0.656532 0.751635
vn -0.053626 -0.721515 0.690319
vn -0.053626 -0.721515 0.690319
vn 0.063324 -0.656532 0.751635
vn 0.295122 -0.654727 0.695871
vn -0.275106 -0.844007 0.460401
vn -0.443712 -0.712456 0.543623
vn -0.053626 -0.721515 0.690319
vn -0.053626 -0.721515 0.690319
vn -0.443712 -0.712456 0.543623
vn -0.152859 -0.603993 0.782193
vn -0.575656 -0.709327 0.406788
vn -0.443712 -0.712456 0.543623
vn -0.306857 -0.910743 0.276382
vn -0.306857 -0.910743 0.276382
vn -0.443712 -0.712456 0.543623
vn -0.275106 -0.844007 0.460401
vn -0.298248 -0.947393 0.116162
vn -0.657193 -0.720326 0.221874
vn -0.306857 -0.910743 0.276382
vn -0.306857 -0.910743 0.276382
vn -0.657193 -0.720326 0.221874
vn -0.575656 -0.709327 0.406788
vn -0.237952 -0.971272 -0.003117
vn -0.651649 -0.758520 0.000025
vn -0.298248 -0.947393 0.116162
vn -0.298248 -0.947393 0.116162
vn -0.651649 -0.758520 0.000025
vn -0.657193 -0.720326 0.221874
vn -0.659220 -0.719069 -0.219930
vn -0.651649 -0.758520 0.000025
vn -0.306400 -0.945738 -0.108156
vn -0.306400 -0.945738 -0.108156
vn -0.651649 -0.758520 0.000025
vn -0.237952 -0.971272 -0.003117
vn -0.751475 -0.371160 -0.545459
vn -0.879404 -0.372412 -0.296576
vn -0.575224 -0.707509 -0.410548
vn -0.575224 -0.707509 -0.410548
vn -0.879404 -0.372412 -0.296576
vn -0.659220 -0.719069 -0.219930
vn -0.579033 -0.368383 -0.727334
vn -0.751475 -0.371160 -0.545459
vn -0.452939 -0.694913 -0.558518
vn -0.452939 -0.694913 -0.558518
vn -0.751475 -0.371160 -0.545459
vn -0.575224 -0.707509 -0.410548
vn -0.420184 -0.349547 -0.837414
vn -0.579033 -0.368383 -0.727334
vn -0.352614 -0.696239 -0.625232
vn -0.352614 -0.696239 -0.625232
vn -0.579033 -0.368383 -0.727334
vn -0.452939 -0.694913 -0.558518
vn -0.273810 -0.777957 -0.565518
vn -0.369715 -0.425673 -0.825901
vn -0.352614 -0.696239 -0.625232
vn -0.352614 -0.696239 -0.625232
vn -0.369715 -0.425673 -0.825901
vn -0.420184 -0.349547 -0.837414
vn 0.000000 -0.809572 -0.587021
vn 0.000000 -0.566056 -0.824367
vn -0.273810 -0.777957 -0.565518
vn -0.273810 -0.777957 -0.565518
vn 0.000000 -0.566056 -0.824367
vn -0.369715 -0.425673 -0.825901
vn -0.112219 -0.339672 0.933825
vn -0.000000 -0.457265 0.889331
vn 0.063324 -0.656532 0.751635
vn 0.063324 -0.656532 0.751635
vn -0.000000 -0.457265 0.889331
vn -0.000000 -0.551275 0.834324
vn -0.338307 -0.313492 0.887283
vn -0.112219 -0.339672 0.933825
vn -0.152859 -0.603993 0.782193
vn -0.152859 -0.603993 0.782193
vn -0.112219 -0.339672 0.933825
vn 0.063324 -0.656532 0.751635
vn -0.443712 -0.712456 0.543623
vn -0.575581 -0.375706 0.726328
vn -0.152859 -0.603993 0.782193
vn -0.152859 -0.603993 0.782193
vn -0.575581 -0.375706 0.726328
vn -0.338307 -0.313492 0.887283
vn -0.575656 -0.709327 0.406788
vn -0.751529 -0.372838 0.544240
vn -0.443712 -0.712456 0.543623
vn -0.443712 -0.712456 0.543623
vn -0.751529 -0.372838 0.544240
vn -0.575581 -0.375706 0.726328
vn -0.657193 -0.720326 0.221874
vn -0.879404 -0.372413 0.296575
vn -0.575656 -0.709327 0.406788
vn -0.575656 -0.709327 0.406788
vn -0.879404 -0.372413 0.296575
vn -0.751529 -0.372838 0.544240
vn -0.651649 -0.758520 0.000025
vn -0.927119 -0.374768 -0.000001
vn -0.657193 -0.720326 0.221874
vn -0.657193 -0.720326 0.221874
vn -0.927119 -0.374768 -0.000001
vn -0.879404 -0.372413 0.296575
vn -0.879404 -0.372412 -0.296576
vn -0.927119 -0.374768 -0.000001
vn -0.659220 -0.719069 -0.219930
vn -0.659220 -0.719069 -0.219930
vn -0.927119 -0.374768 -0.000001
vn -0.651649 -0.758520 0.000025
vn -0.800631 0.023168 -0.598709
vn -0.943659 0.046338 -0.327658
vn -0.751475 -0.371160 -0.545459
vn -0.751475 -0.371160 -0.545459
vn -0.943659 0.046338 -0.327658
vn -0.879404 -0.372412 -0.296576
vn -0.625747 0.010936 -0.779950
vn -0.800631 0.023168 -0.598709
vn -0.579033 -0.368383 -0.727334
vn -0.579033 -0.368383 -0.727334
vn -0.800631 0.023168 -0.598709
vn -0.751475 -0.371160 -0.545459
vn -0.474036 0.046798 -0.879261
vn -0.625747 0.010936 -0.779950
vn -0.420184 -0.349547 -0.837414
vn -0.420184 -0.349547 -0.837414
vn -0.625747 0.010936 -0.779950
vn -0.579033 -0.368383 -0.727334
vn -0.421870 0.174911 -0.889624
vn -0.474036 0.046798 -0.879261
vn -0.369715 -0.425673 -0.825901
vn -0.369715 -0.425673 -0.825901
vn -0.474036 0.046798 -0.879261
vn -0.420184 -0.349547 -0.837414
vn -0.315061 0.164936 -0.934630
vn -0.421870 0.174911 -0.889624
vn 0.000000 -0.566056 -0.824367
vn 0.000000 -0.566056 -0.824367
vn -0.421870 0.174911 -0.889624
vn -0.369715 -0.425673 -0.825901
vn -0.237500 -0.040313 0.970551
vn -0.000000 -0.055974 0.998432
vn -0.112219 -0.339672 0.933825
vn -0.112219 -0.339672 0.933825
vn -0.000000 -0.055974 0.998432
vn -0.000000 -0.457265 0.889331
vn -0.400277 -0.028521 0.915950
vn -0.237500 -0.040313 0.970551
vn -0.338307 -0.313492 0.887283
vn -0.338307 -0.313492 0.887283
vn -0.237500 -0.040313 0.970551
vn -0.112219 -0.339672 0.933825
vn -0.575581 -0.375706 0.726328
vn -0.609307 -0.002867 0.792929
vn -0.338307 -0.313492 0.887283
vn -0.338307 -0.313492 0.887283
vn -0.609307 -0.002867 0.792929
vn -0.400277 -0.028521 0.915950
vn -0.751529 -0.372838 0.544240
vn -0.800631 0.023169 0.598709
vn -0.575581 -0.375706 0.726328
vn -0.575581 -0.375706 0.726328
vn -0.800631 0.023169 0.598709
vn -0.609307 -0.002867 0.792929
vn -0.879404 -0.372413 0.296575
vn -0.943660 0.046338 0.327656
vn -0.751529 -0.372838 0.544240
vn -0.751529 -0.372838 0.544240
vn -0.943660 0.046338 0.327656
vn -0.800631 0.023169 0.598709
vn -0.927119 -0.374768 -0.000001
vn -0.998417 0.056244 0.000019
vn -0.879404 -0.372413 0.296575
vn -0.879404 -0.372413 0.296575
vn -0.998417 0.056244 0.000019
vn -0.943660 0.046338 0.327656
vn -0.943659 0.046338 -0.327658
vn -0.998417 0.056244 0.000019
vn -0.879404 -0.372412 -0.296576
vn -0.879404 -0.372412 -0.296576
vn -0.998417 0.056244 0.000019
vn -0.927119 -0.374768 -0.000001
vn 0.996071 0.088452 0.004441
vn 0.997889 -0.012228 0.063778
vn 0.998766 0.016868 0.046710
vn 0.998766 0.016868 0.046710
vn 0.997889 -0.012228 0.063778
vn 0.997738 -0.015153 0.065490
vn 0.630789 -0.371855 -0.681050
vn 0.614374 -0.396854 -0.681947
vn 0.624291 -0.381895 -0.681482
vn 0.624291 -0.381895 -0.681482
vn 0.614374 -0.396854 -0.681947
vn 0.605734 -0.409549 -0.682170
vn -0.989486 -0.049132 0.136030
vn -0.986477 -0.069027 0.148658
vn -0.970193 -0.242314 -0.002956
vn -0.970193 -0.242314 -0.002956
vn -0.986477 -0.069027 0.148658
vn -0.809398 -0.586771 -0.023977
vn 0.998331 0.002459 -0.057706
vn 0.998398 0.004534 -0.056402
vn 0.998718 0.032599 -0.038727
vn 0.998718 0.032599 -0.038727
vn 0.998398 0.004534 -0.056402
vn 0.996070 0.088512 -0.003321
vn -0.809398 -0.586771 -0.023977
vn -0.988218 -0.062942 -0.139512
vn -0.970193 -0.242314 -0.002956
vn -0.970193 -0.242314 -0.002956
vn -0.988218 -0.062942 -0.139512
vn -0.990667 -0.045891 -0.128344
vn 0.575504 -0.517346 0.633362
vn 0.596847 -0.488460 0.636538
vn 0.621973 -0.452151 0.639303
vn 0.621973 -0.452151 0.639303
vn 0.596847 -0.488460 0.636538
vn 0.637754 -0.427916 0.640436
vn 0.999985 0.004482 0.003263
vn 0.799129 0.423637 -0.426526
vn 0.887486 0.460827 0.002597
vn 0.887486 0.460827 0.002597
vn 0.799129 0.423637 -0.426526
vn 0.783733 0.464941 -0.411817
vn 0.728263 -0.685008 -0.019917
vn 0.854736 0.283618 -0.434726
vn 0.999985 0.004482 0.003263
vn 0.999985 0.004482 0.003263
vn 0.854736 0.283618 -0.434726
vn 0.799129 0.423637 -0.426526
vn 0.541185 -0.839004 -0.056487
vn 0.977253 -0.021852 -0.210947
vn 0.728263 -0.685008 -0.019917
vn 0.728263 -0.685008 -0.019917
vn 0.977253 -0.021852 -0.210947
vn 0.854736 0.283618 -0.434726
vn -0.427319 -0.175254 -0.886952
vn -0.106668 -0.299139 -0.948229
vn 0.142849 -0.374349 -0.916219
vn 0.142849 -0.374349 -0.916219
vn -0.106668 -0.299139 -0.948229
vn 0.351370 -0.415041 -0.839214
vn -0.448759 -0.242758 -0.860049
vn -0.488608 -0.196650 -0.850053
vn -0.427319 -0.175254 -0.886952
vn -0.427319 -0.175254 -0.886952
vn -0.488608 -0.196650 -0.850053
vn -0.106668 -0.299139 -0.948229
vn -0.220437 -0.432806 -0.874120
vn -0.347972 -0.360594 -0.865383
vn -0.448759 -0.242758 -0.860049
vn -0.448759 -0.242758 -0.860049
vn -0.347972 -0.360594 -0.865383
vn -0.488608 -0.196650 -0.850053
vn -0.828526 -0.443168 0.342266
vn -0.788340 -0.466695 0.400893
vn -0.776189 -0.630499 -0.001462
vn -0.776189 -0.630499 -0.001462
vn -0.788340 -0.466695 0.400893
vn -0.790060 -0.613030 0.000271
vn -0.788340 -0.466695 0.400893
vn -0.779039 -0.323928 0.536813
vn -0.790060 -0.613030 0.000271
vn -0.790060 -0.613030 0.000271
vn -0.779039 -0.323928 0.536813
vn -0.951283 0.308319 -0.000001
vn -0.779039 -0.323928 0.536813
vn -0.827716 0.514677 0.223592
vn -0.951283 0.308319 -0.000001
vn -0.951283 0.308319 -0.000001
vn -0.827716 0.514677 0.223592
vn -0.767392 0.641178 -0.000001
vn 0.784799 0.467859 0.406446
vn 0.801996 0.421913 0.422838
vn 0.887486 0.460827 0.002597
vn 0.887486 0.460827 0.002597
vn 0.801996 0.421913 0.422838
vn 0.999985 0.004482 0.003263
vn 0.801996 0.421913 0.422838
vn 0.850826 0.281217 0.443860
vn 0.999985 0.004482 0.003263
vn 0.999985 0.004482 0.003263
vn 0.850826 0.281217 0.443860
vn 0.728263 -0.685008 -0.019917
vn 0.850826 0.281217 0.443860
vn 0.975888 0.213915 0.043396
vn 0.728263 -0.685008 -0.019917
vn 0.975888 0.213915 0.043396
vn 0.541185 -0.839004 -0.056487
vn 0.728263 -0.685008 -0.019917
vn -0.790060 -0.613030 0.000271
vn -0.789787 -0.464259 -0.400873
vn -0.776189 -0.630499 -0.001462
vn -0.776189 -0.630499 -0.001462
vn -0.789787 -0.464259 -0.400873
vn -0.829196 -0.441083 -0.343335
vn -0.951283 0.308319 -0.000001
vn -0.779656 -0.323145 -0.536390
vn -0.790060 -0.613030 0.000271
vn -0.790060 -0.613030 0.000271
vn -0.779656 -0.323145 -0.536390
vn -0.789787 -0.464259 -0.400873
vn -0.767392 0.641178 -0.000001
vn -0.827716 0.514677 -0.223594
vn -0.951283 0.308319 -0.000001
vn -0.951283 0.308319 -0.000001
vn -0.827716 0.514677 -0.223594
vn -0.779656 -0.323145 -0.536390
vn 0.225469 -0.538336 0.812008
vn -0.226497 -0.393133 0.891148
vn 0.016634 -0.494655 0.868930
vn 0.016634 -0.494655 0.868930
vn -0.226497 -0.393133 0.891148
vn -0.477498 -0.269980 0.836126
vn -0.226497 -0.393133 0.891148
vn -0.510573 -0.246754 0.823667
vn -0.477498 -0.269980 0.836126
vn -0.477498 -0.269980 0.836126
vn -0.510573 -0.246754 0.823667
vn -0.338899 -0.371777 0.864251
vn -0.510573 -0.246754 0.823667
vn -0.164733 -0.478592 0.862446
vn -0.338899 -0.371777 0.864251
vn -0.338899 -0.371777 0.864251
vn -0.164733 -0.478592 0.862446
vn 0.029096 -0.559062 0.828615
vn 0.628307 0.348000 0.695792
vn 0.846302 0.383823 0.369395
vn 0.659992 0.492462 0.567356
vn 0.659992 0.492462 0.567356
vn 0.846302 0.383823 0.369395
vn 0.908561 0.397822 0.127495
vn 0.872511 -0.247314 -0.421378
vn 0.869664 -0.251161 -0.424974
vn 0.786055 -0.346589 -0.511852
vn 0.786055 -0.346589 -0.511852
vn 0.869664 -0.251161 -0.424974
vn 0.777959 -0.354451 -0.518792
vn -0.463385 -0.687659 -0.558928
vn -0.203945 -0.590805 -0.780613
vn -0.524190 -0.681757 -0.510325
vn -0.524190 -0.681757 -0.510325
vn -0.203945 -0.590805 -0.780613
vn -0.584882 -0.578988 -0.568054
vn 0.223834 0.476584 0.850156
vn 0.401430 0.421923 0.812918
vn 0.659992 0.492462 0.567356
vn 0.659992 0.492462 0.567356
vn 0.401430 0.421923 0.812918
vn 0.628307 0.348000 0.695792
vn -0.584882 -0.578988 -0.568054
vn -0.814187 -0.545129 -0.199834
vn -0.524190 -0.681757 -0.510325
vn -0.524190 -0.681757 -0.510325
vn -0.814187 -0.545129 -0.199834
vn -0.577934 -0.680425 -0.450571
vn -0.558574 -0.137822 0.817924
vn -0.554184 -0.134135 0.821516
vn -0.558411 -0.137685 0.818059
vn -0.558411 -0.137685 0.818059
vn -0.554184 -0.134135 0.821516
vn -0.552617 -0.132823 0.822783
vn 0.000000 0.000000 0.000000
vn 0.000000 0.000000 0.000000
vn 0.000000 0.000000 0.000000
vn 0.000000 0.000000 0.000000
vn 0.000000 0.000000 0.000000
vn 0.000000 0.000000 0.000000
vn 0.000000 0.000000 0.000000
vn 0.000000 0.000000 0.000000
vn 0.000000 0.000000 0.000000
vn 0.000000 0.000000 0.000000
vn 0.000000 0.000000 0.000000
vn 0.000000 0.000000 0.000000
vn 0.000000 0.000000 0.000000
vn 0.000000 0.000000 0.000000
vn 0.000000 0.000000 0.000000
vn 0.000000 0.000000 0.000000
vn 0.000000 0.000000 0.000000
vn 0.000000 0.000000 0.000000
vn 0.000000 0.000000 0.000000
vn 0.000000 0.000000 0.000000
vn 0.000000 0.000000 0.000000
vn 0.000000 0.000000 0.000000
vn 0.000000 0.000000 0.000000
vn 0.000000 0.000000 0.000000
vn 0.000000 0.000000 0.000000
vn 0.000000 0.000000 0.000000
vn 0.000000 0.000000 0.000000
vn 0.000000 0.000000 0.000000
vn 0.000000 0.000000 0.000000
vn 0.000000 0.000000 0.000000
vn 0.000000 0.000000 0.000000
vn 0.000000 0.000000 0.000000
vn 0.000000 0.000000 0.000000
vn 0.000000 0.000000 0.000000
vn 0.000000 0.000000 0.000000
vn 0.000000 0.000000 0.000000
vn 0.000000 0.000000 0.000000
vn 0.000000 0.000000 0.000000
vn 0.000000 0.000000 0.000000
vn 0.000000 0.000000 0.000000
vn 0.000000 0.000000 0.000000
vn 0.000000 0.000000 0.000000
vn 0.000000 0.000000 0.000000
vn 0.000000 0.000000 0.000000
vn 0.000000 0.000000 0.000000
vn 0.000000 0.000000 0.000000
vn 0.000000 0.000000 0.000000
vn 0.000000 0.000000 0.000000
vn 0.000000 0.000000 0.000000
vn 0.000000 0.000000 0.000000
vn 0.000000 0.000000 0.000000
vn 0.000000 0.000000 0.000000
vn 0.000000 0.000000 0.000000
vn 0.000000 0.000000 0.000000
vn 0.000000 0.000000 0.000000
vn 0.000000 0.000000 0.000000
vn 0.000000 0.000000 0.000000
vn 0.000000 0.000000 0.000000
vn 0.000000 0.000000 0.000000
vn 0.000000 0.000000 0.000000
vn 0.000000 0.000000 0.000000
vn 0.000000 0.000000 0.000000
vn 0.000000 0.000000 0.000000
vn 0.000000 0.000000 0.000000
vn 0.000000 0.000000 0.000000
vn 0.000000 0.000000 0.000000
vn 0.000000 0.000000 0.000000
vn 0.000000 0.000000 0.000000
vn 0.000000 0.000000 0.000000
vn 0.000000 0.000000 0.000000
vn 0.000000 0.000000 0.000000
vn 0.000000 0.000000 0.000000
vn 0.000000 0.000000 0.000000
vn 0.000000 0.000000 0.000000
vn 0.000000 0.000000 0.000000
vn 0.000000 0.000000 0.000000
vn 0.000000 0.000000 0.000000
vn 0.000000 0.000000 0.000000
vn 0.000000 0.000000 0.000000
vn 0.000000 0.000000 0.000000
vn 0.000000 0.000000 0.000000
vn 0.000000 0.000000 0.000000
vn 0.000000 0.000000 0.000000
vn 0.000000 0.000000 0.000000
vn 0.000000 0.000000 0.000000
vn 0.000000 0.000000 0.000000
vn 0.000000 0.000000 0.000000
vn 0.000000 0.000000 0.000000
vn 0.000000 0.000000 0.000000
vn 0.000000 0.000000 0.000000
s off
g cha_bird_body1:bodypTorus1 body
usemtl cha_bird_body:lambert10SG
f 2/1/1 1/2/2 15/3/3
f 15/3/4 1/2/5 14/4/6
f 3/5/7 2/1/8 16/6/9
f 16/6/10 2/1/11 15/3/12
f 4/7/13 3/5/14 17/8/15
f 17/8/16 3/5/17 16/6/18
f 4/7/19 17/8/20 5/9/21
f 5/9/22 17/8/23 18/10/24
f 5/9/25 18/10/26 6/11/27
f 6/11/28 18/10/29 19/12/30
f 7/13/31 20/14/32 8/15/33
f 8/15/34 20/14/35 21/16/36
f 8/15/37 21/16/38 9/17/39
f 9/17/40 21/16/41 22/18/42
f 9/17/43 22/18/44 10/19/45
f 10/19/46 22/18/47 23/20/48
f 10/19/49 23/20/50 11/21/51
f 11/21/52 23/20/53 24/22/54
f 11/21/55 24/22/56 12/23/57
f 12/23/58 24/22/59 25/24/60
f 12/23/61 25/24/62 13/25/63
f 13/25/64 25/24/65 26/26/66
f 1/27/67 13/25/68 14/28/69
f 14/28/70 13/25/71 26/26/72
f 15/3/73 14/4/74 28/29/75
f 28/29/76 14/4/77 27/30/78
f 16/6/79 15/3/80 29/31/81
f 29/31/82 15/3/83 28/29/84
f 17/8/85 16/6/86 30/32/87
f 30/32/88 16/6/89 29/31/90
f 18/10/91 17/8/92 31/33/93
f 31/33/94 17/8/95 30/32/96
f 19/12/97 18/10/98 32/34/99
f 32/34/100 18/10/101 31/33/102
f 20/14/103 33/35/104 21/16/105
f 21/16/106 33/35/107 34/36/108
f 21/16/109 34/36/110 22/18/111
f 22/18/112 34/36/113 35/37/114
f 22/18/115 35/37/116 23/20/117
f 23/20/118 35/37/119 36/38/120
f 23/20/121 36/38/122 24/22/123
f 24/22/124 36/38/125 37/39/126
f 24/22/127 37/39/128 25/24/129
f 25/24/130 37/39/131 38/40/132
f 25/24/133 38/40/134 26/26/135
f 26/26/136 38/40/137 39/41/138
f 14/28/139 26/26/140 27/42/141
f 27/42/142 26/26/143 39/41/144
f 28/29/145 27/30/146 41/43/147
f 41/43/148 27/30/149 40/44/150
f 29/31/151 28/29/152 42/45/153
f 42/45/154 28/29/155 41/43/156
f 30/32/157 29/31/158 43/46/159
f 43/46/160 29/31/161 42/45/162
f 31/33/163 30/32/164 44/47/165
f 44/47/166 30/32/167 43/46/168
f 32/34/169 31/33/170 45/48/171
f 45/48/172 31/33/173 44/47/174
f 33/35/175 46/49/176 34/36/177
f 34/36/178 46/49/179 47/50/180
f 34/36/181 47/50/182 35/37/183
f 35/37/184 47/50/185 48/51/186
f 35/37/187 48/51/188 36/38/189
f 36/38/190 48/51/191 49/52/192
f 36/38/193 49/52/194 37/39/195
f 37/39/196 49/52/197 50/53/198
f 37/39/199 50/53/200 38/40/201
f 38/40/202 50/53/203 51/54/204
f 38/40/205 51/54/206 39/41/207
f 39/41/208 51/54/209 52/55/210
f 27/42/211 39/41/212 40/56/213
f 40/56/214 39/41/215 52/55/216
f 41/43/217 40/44/218 54/57/219
f 54/57/220 40/44/221 53/58/222
f 42/45/223 41/43/224 55/59/225
f 55/59/226 41/43/227 54/57/228
f 43/46/229 42/45/230 56/60/231
f 56/60/232 42/45/233 55/59/234
f 44/47/235 43/46/236 57/61/237
f 57/61/238 43/46/239 56/60/240
f 45/48/241 44/47/242 58/62/243
f 58/62/244 44/47/245 57/61/246
f 46/49/247 59/63/248 47/50/249
f 47/50/250 59/63/251 60/64/252
f 47/50/253 60/64/254 48/51/255
f 48/51/256 60/64/257 61/65/258
f 48/51/259 61/65/260 49/52/261
f 49/52/262 61/65/263 62/66/264
f 49/52/265 62/66/266 50/53/267
f 50/53/268 62/66/269 63/67/270
f 50/53/271 63/67/272 51/54/273
f 51/54/274 63/67/275 64/68/276
f 51/54/277 64/68/278 52/55/279
f 52/55/280 64/68/281 65/69/282
f 40/56/283 52/55/284 53/70/285
f 53/70/286 52/55/287 65/69/288
f 54/57/289 53/58/290 67/71/291
f 67/71/292 53/58/293 66/72/294
f 55/59/295 54/57/296 68/73/297
f 68/73/298 54/57/299 67/71/300
f 56/60/301 55/59/302 69/74/303
f 69/74/304 55/59/305 68/73/306
f 57/61/307 56/60/308 70/75/309
f 70/75/310 56/60/311 69/74/312
f 58/62/313 57/61/314 71/76/315
f 71/76/316 57/61/317 70/75/318
f 59/63/319 72/77/320 60/64/321
f 60/64/322 72/77/323 73/78/324
f 60/64/325 73/78/326 61/65/327
f 61/65/328 73/78/329 74/79/330
f 61/65/331 74/79/332 62/66/333
f 62/66/334 74/79/335 75/80/336
f 62/66/337 75/80/338 63/67/339
f 63/67/340 75/80/341 76/81/342
f 63/67/343 76/81/344 64/68/345
f 64/68/346 76/81/347 77/82/348
f 64/68/349 77/82/350 65/69/351
f 65/69/352 77/82/353 78/83/354
f 53/70/355 65/69/356 66/84/357
f 66/84/358 65/69/359 78/83/360
f 66/72/361 79/85/362 67/71/363
f 67/71/364 79/85/365 80/86/366
f 68/73/367 67/71/368 81/87/369
f 81/87/370 67/71/371 80/86/372
f 68/73/373 81/87/374 69/74/375
f 69/74/376 81/87/377 82/88/378
f 69/74/379 82/88/380 70/75/381
f 70/75/382 82/88/383 83/89/384
f 70/75/385 83/89/386 71/76/387
f 71/76/388 83/89/389 84/90/390
f 73/78/391 72/77/392 86/91/393
f 86/91/394 72/77/395 85/92/396
f 74/79/397 73/78/398 87/93/399
f 87/93/400 73/78/401 86/91/402
f 75/80/403 74/79/404 88/94/405
f 88/94/406 74/79/407 87/93/408
f 76/81/409 75/80/410 89/95/411
f 89/95/412 75/80/413 88/94/414
f 77/82/415 76/81/416 90/96/417
f 90/96/418 76/81/419 89/95/420
f 78/83/421 77/82/422 91/97/423
f 91/97/424 77/82/425 90/96/426
f 78/83/427 91/97/428 66/84/429
f 66/84/430 91/97/431 79/98/432
f 79/85/433 92/99/434 80/86/435
f 80/86/436 92/99/437 93/100/438
f 81/87/439 80/86/440 94/101/441
f 94/101/442 80/86/443 93/100/444
f 81/87/445 94/101/446 82/88/447
f 82/88/448 94/101/449 95/102/450
f 82/88/451 95/102/452 83/89/453
f 83/89/454 95/102/455 96/103/456
f 83/89/457 96/103/458 84/90/459
f 84/90/460 96/103/461 97/104/462
f 86/91/463 85/92/464 99/105/465
f 99/105/466 85/92/467 98/106/468
f 87/93/469 86/91/470 100/107/471
f 100/107/472 86/91/473 99/105/474
f 88/94/475 87/93/476 101/108/477
f 101/108/478 87/93/479 100/107/480
f 89/95/481 88/94/482 102/109/483
f 102/109/484 88/94/485 101/108/486
f 90/96/487 89/95/488 103/110/489
f 103/110/490 89/95/491 102/109/492
f 91/97/493 90/96/494 104/111/495
f 104/111/496 90/96/497 103/110/498
f 91/97/499 104/111/500 79/98/501
f 79/98/502 104/111/503 92/112/504
f 92/99/505 105/113/506 93/100/507
f 93/100/508 105/113/509 106/114/510
f 93/100/511 106/114/512 94/101/513
f 94/101/514 106/114/515 107/115/516
f 94/101/517 107/115/518 95/102/519
f 95/102/520 107/115/521 108/116/522
f 95/102/523 108/116/524 96/103/525
f 96/103/526 108/116/527 109/117/528
f 96/103/529 109/117/530 97/104/531
f 97/104/532 109/117/533 110/118/534
f 99/105/535 98/106/536 112/119/537
f 112/119/538 98/106/539 111/120/540
f 100/107/541 99/105/542 113/121/543
f 113/121/544 99/105/545 112/119/546
f 100/107/547 113/121/548 101/108/549
f 101/108/550 113/121/551 114/122/552
f 102/109/553 101/108/554 115/123/555
f 115/123/556 101/108/557 114/122/558
f 103/110/559 102/109/560 116/124/561
f 116/124/562 102/109/563 115/123/564
f 104/111/565 103/110/566 117/125/567
f 117/125/568 103/110/569 116/124/570
f 104/111/571 117/125/572 92/112/573
f 92/112/574 117/125/575 105/126/576
f 105/113/577 118/127/578 106/114/579
f 106/114/580 118/127/581 119/128/582
f 106/114/583 119/128/584 107/115/585
f 107/115/586 119/128/587 120/129/588
f 107/115/589 120/129/590 108/116/591
f 108/116/592 120/129/593 121/130/594
f 108/116/595 121/130/596 109/117/597
f 109/117/598 121/130/599 122/131/600
f 109/117/601 122/131/602 110/118/603
f 110/118/604 122/131/605 123/132/606
f 112/119/607 111/120/608 125/133/609
f 125/133/610 111/120/611 124/134/612
f 113/121/613 112/119/614 126/135/615
f 126/135/616 112/119/617 125/133/618
f 113/121/619 126/135/620 114/122/621
f 114/122/622 126/135/623 127/136/624
f 115/123/625 114/122/626 128/137/627
f 128/137/628 114/122/629 127/136/630
f 116/124/631 115/123/632 129/138/633
f 129/138/634 115/123/635 128/137/636
f 116/124/637 129/138/638 117/125/639
f 117/125/640 129/138/641 130/139/642
f 117/125/643 130/139/644 105/126/645
f 105/126/646 130/139/647 118/140/648
f 118/127/649 131/141/650 119/128/651
f 119/128/652 131/141/653 132/142/654
f 119/128/655 132/142/656 120/129/657
f 120/129/658 132/142/659 133/143/660
f 121/130/661 120/129/662 134/144/663
f 134/144/664 120/129/665 133/143/666
f 122/131/667 121/130/668 135/145/669
f 135/145/670 121/130/671 134/144/672
f 247/146/673 249/147/674 248/148/675
f 248/148/676 249/147/677 250/149/678
f 125/133/679 124/134/680 138/150/681
f 138/150/682 124/134/683 137/151/684
f 126/135/685 125/133/686 139/152/687
f 139/152/688 125/133/689 138/150/690
f 251/153/691 253/154/692 252/155/693
f 252/155/694 253/154/695 254/156/696
f 255/157/697 252/155/698 256/158/699
f 256/158/700 252/155/701 254/156/702
f 129/138/703 128/137/704 142/159/705
f 142/159/706 128/137/707 141/160/708
f 210/161/709 209/162/710 212/163/711
f 212/163/712 209/162/713 211/164/714
f 210/161/715 212/163/716 213/165/717
f 213/165/718 212/163/719 214/166/720
f 132/142/721 131/141/722 145/167/723
f 145/167/724 131/141/725 144/168/726
f 233/169/727 235/170/728 234/171/729
f 234/171/730 235/170/731 236/172/732
f 237/173/733 234/171/734 238/174/735
f 238/174/736 234/171/737 236/172/738
f 134/144/739 147/175/740 135/145/741
f 135/145/742 147/175/743 148/176/744
f 240/177/745 239/178/746 242/179/747
f 242/179/748 239/178/749 241/180/750
f 138/150/751 137/151/752 151/181/753
f 151/181/754 137/151/755 150/182/756
f 139/152/757 138/150/758 152/183/759
f 152/183/760 138/150/761 151/181/762
f 139/152/763 152/183/764 140/184/765
f 140/184/766 152/183/767 153/185/768
f 140/184/769 153/185/770 141/160/771
f 141/160/772 153/185/773 154/186/774
f 141/160/775 154/186/776 142/159/777
f 142/159/778 154/186/779 155/187/780
f 142/159/781 155/187/782 143/188/783
f 143/188/784 155/187/785 156/189/786
f 131/190/787 143/188/788 144/191/789
f 144/191/790 143/188/791 156/189/792
f 144/168/793 157/192/794 145/167/795
f 145/167/796 157/192/797 158/193/798
f 146/194/799 145/167/800 159/195/801
f 159/195/802 145/167/803 158/193/804
f 146/194/805 159/195/806 147/175/807
f 147/175/808 159/195/809 160/196/810
f 148/176/811 147/175/812 161/197/813
f 161/197/814 147/175/815 160/196/816
f 149/198/817 148/176/818 162/199/819
f 162/199/820 148/176/821 161/197/822
f 151/181/823 150/182/824 164/200/825
f 164/200/826 150/182/827 163/201/828
f 165/202/829 152/183/830 164/200/831
f 152/183/832 151/181/833 164/200/834
f 153/185/835 152/183/836 166/203/837
f 166/203/838 152/183/839 165/202/840
f 153/185/841 166/203/842 154/186/843
f 154/186/844 166/203/845 167/204/846
f 155/187/847 154/186/848 168/205/849
f 168/205/850 154/186/851 167/204/852
f 217/206/853 223/207/854 220/208/855
f 220/208/856 223/207/857 226/209/858
f 229/210/859 220/208/860 232/211/861
f 232/211/862 220/208/863 226/209/864
f 158/193/865 157/192/866 171/212/867
f 171/212/868 157/192/869 170/213/870
f 159/195/871 158/193/872 172/214/873
f 172/214/874 158/193/875 171/212/876
f 159/195/877 172/214/878 160/196/879
f 160/196/880 172/214/881 173/215/882
f 161/197/883 160/196/884 174/216/885
f 174/216/886 160/196/887 173/215/888
f 162/199/889 161/197/890 175/217/891
f 175/217/892 161/197/893 174/216/894
f 163/201/895 176/218/896 164/200/897
f 164/200/898 176/218/899 177/219/900
f 164/200/901 177/219/902 165/202/903
f 165/202/904 177/219/905 178/220/906
f 166/203/907 165/202/908 179/221/909
f 179/221/910 165/202/911 178/220/912
f 166/203/913 179/221/914 167/204/915
f 167/204/916 179/221/917 180/222/918
f 167/204/919 180/222/920 168/205/921
f 168/205/922 180/222/923 181/223/924
f 169/224/925 168/205/926 182/225/927
f 182/225/928 168/205/929 181/223/930
f 169/224/931 182/225/932 157/226/933
f 157/226/934 182/225/935 170/227/936
f 170/213/937 183/228/938 171/212/939
f 171/212/940 183/228/941 184/229/942
f 171/212/943 184/229/944 172/214/945
f 172/214/946 184/229/947 185/230/948
f 172/214/949 185/230/950 173/215/951
f 173/215/952 185/230/953 186/231/954
f 174/216/955 173/215/956 187/232/957
f 187/232/958 173/215/959 186/231/960
f 175/217/961 174/216/962 188/233/963
f 188/233/964 174/216/965 187/232/966
f 176/218/967 189/234/968 177/219/969
f 177/219/970 189/234/971 190/235/972
f 177/219/973 190/235/974 178/220/975
f 178/220/976 190/235/977 191/236/978
f 179/221/979 178/220/980 192/237/981
f 192/237/982 178/220/983 191/236/984
f 179/221/985 192/237/986 180/222/987
f 180/222/988 192/237/989 193/238/990
f 181/223/991 180/222/992 194/239/993
f 194/239/994 180/222/995 193/238/996
f 182/225/997 181/223/998 195/240/999
f 195/240/1000 181/223/1001 194/239/1002
f 182/225/1003 195/240/1004 170/227/1005
f 170/227/1006 195/240/1007 183/241/1008
f 183/228/1009 196/242/1010 184/229/1011
f 184/229/1012 196/242/1013 197/243/1014
f 184/229/1015 197/243/1016 185/230/1017
f 185/230/1018 197/243/1019 198/244/1020
f 185/230/1021 198/244/1022 186/231/1023
f 186/231/1024 198/244/1025 199/245/1026
f 187/232/1027 186/231/1028 200/246/1029
f 200/246/1030 186/231/1031 199/245/1032
f 188/233/1033 187/232/1034 201/247/1035
f 201/247/1036 187/232/1037 200/246/1038
f 189/234/1039 202/248/1040 190/235/1041
f 190/235/1042 202/248/1043 203/249/1044
f 190/235/1045 203/249/1046 191/236/1047
f 191/236/1048 203/249/1049 204/250/1050
f 192/237/1051 191/236/1052 205/251/1053
f 205/251/1054 191/236/1055 204/250/1056
f 193/238/1057 192/237/1058 206/252/1059
f 206/252/1060 192/237/1061 205/251/1062
f 194/239/1063 193/238/1064 207/253/1065
f 207/253/1066 193/238/1067 206/252/1068
f 195/240/1069 194/239/1070 208/254/1071
f 208/254/1072 194/239/1073 207/253/1074
f 195/240/1075 208/254/1076 183/241/1077
f 183/241/1078 208/254/1079 196/255/1080
f 196/242/1081 1/256/1082 197/243/1083
f 197/243/1084 1/256/1085 2/257/1086
f 197/243/1087 2/257/1088 198/244/1089
f 198/244/1090 2/257/1091 3/258/1092
f 198/244/1093 3/258/1094 199/245/1095
f 199/245/1096 3/258/1097 4/259/1098
f 199/245/1099 4/259/1100 200/246/1101
f 200/246/1102 4/259/1103 5/260/1104
f 200/246/1105 5/260/1106 201/247/1107
f 201/247/1108 5/260/1109 6/261/1110
f 202/248/1111 7/262/1112 203/249/1113
f 203/249/1114 7/262/1115 8/263/1116
f 203/249/1117 8/263/1118 204/250/1119
f 204/250/1120 8/263/1121 9/264/1122
f 205/251/1123 204/250/1124 10/265/1125
f 10/265/1126 204/250/1127 9/264/1128
f 206/252/1129 205/251/1130 11/266/1131
f 11/266/1132 205/251/1133 10/265/1134
f 207/253/1135 206/252/1136 12/267/1137
f 12/267/1138 206/252/1139 11/266/1140
f 208/254/1141 207/253/1142 13/268/1143
f 13/268/1144 207/253/1145 12/267/1146
f 208/254/1147 13/268/1148 196/255/1149
f 196/255/1150 13/268/1151 1/269/1152
f 129/138/1153 209/162/1154 130/139/1155
f 130/139/1156 209/162/1157 210/161/1158
f 129/138/1159 142/159/1160 209/162/1161
f 209/162/1162 142/159/1163 211/164/1164
f 142/159/1165 143/188/1166 211/164/1167
f 211/164/1168 143/188/1169 212/163/1170
f 118/140/1171 130/139/1172 213/165/1173
f 213/165/1174 130/139/1175 210/161/1176
f 131/190/1177 214/166/1178 143/188/1179
f 143/188/1180 214/166/1181 212/163/1182
f 118/140/1183 213/165/1184 131/190/1185
f 131/190/1186 213/165/1187 214/166/1188
f 155/187/1189 215/270/1190 156/189/1191
f 156/189/1192 215/270/1193 218/271/1194
f 215/270/1195 216/272/1196 218/271/1197
f 218/271/1198 216/272/1199 219/273/1200
f 216/272/1201 217/206/1202 219/273/1203
f 219/273/1204 217/206/1205 220/208/1206
f 168/205/1207 221/274/1208 155/187/1209
f 155/187/1210 221/274/1211 215/270/1212
f 221/274/1213 222/275/1214 215/270/1215
f 215/270/1216 222/275/1217 216/272/1218
f 222/275/1219 223/207/1220 216/272/1221
f 216/272/1222 223/207/1223 217/206/1224
f 168/205/1225 169/224/1226 221/274/1227
f 221/274/1228 169/224/1229 224/276/1230
f 221/274/1231 224/276/1232 222/275/1233
f 222/275/1234 224/276/1235 225/277/1236
f 222/275/1237 225/277/1238 223/207/1239
f 223/207/1240 225/277/1241 226/209/1242
f 144/191/1243 156/189/1244 227/278/1245
f 227/278/1246 156/189/1247 218/271/1248
f 227/278/1249 218/271/1250 228/279/1251
f 228/279/1252 218/271/1253 219/273/1254
f 228/279/1255 219/273/1256 229/210/1257
f 219/273/1258 220/208/1259 229/210/1260
f 157/226/1261 230/280/1262 169/224/1263
f 169/224/1264 230/280/1265 224/276/1266
f 230/280/1267 231/281/1268 224/276/1269
f 224/276/1270 231/281/1271 225/277/1272
f 231/281/1273 232/211/1274 225/277/1275
f 225/277/1276 232/211/1277 226/209/1278
f 157/226/1279 144/191/1280 230/280/1281
f 230/280/1282 144/191/1283 227/278/1284
f 230/280/1285 227/278/1286 231/281/1287
f 231/281/1288 227/278/1289 228/279/1290
f 231/281/1291 228/279/1292 232/211/1293
f 232/211/1294 228/279/1295 229/210/1296
f 132/142/1297 233/169/1298 133/143/1299
f 133/143/1300 233/169/1301 234/171/1302
f 145/167/1303 235/170/1304 132/142/1305
f 132/142/1306 235/170/1307 233/169/1308
f 145/167/1309 146/194/1310 235/170/1311
f 235/170/1312 146/194/1313 236/172/1314
f 134/144/1315 133/143/1316 237/173/1317
f 237/173/1318 133/143/1319 234/171/1320
f 147/175/1321 238/174/1322 146/194/1323
f 146/194/1324 238/174/1325 236/172/1326
f 147/175/1327 134/144/1328 238/174/1329
f 238/174/1330 134/144/1331 237/173/1332
f 240/177/1333 136/282/1334 239/178/1335
f 136/282/1336 135/145/1337 239/178/1338
f 239/178/1339 135/145/1340 241/180/1341
f 135/145/1342 148/176/1343 241/180/1344
f 241/180/1345 148/176/1346 242/179/1347
f 148/176/1348 149/198/1349 242/179/1350
f 244/283/1351 123/132/1352 243/284/1353
f 123/132/1354 122/131/1355 243/284/1356
f 243/284/1357 122/131/1358 245/285/1359
f 122/131/1360 135/145/1361 245/285/1362
f 245/285/1363 135/145/1364 246/286/1365
f 135/145/1366 136/282/1367 246/286/1368
f 248/148/1369 244/283/1370 247/146/1371
f 244/283/1372 243/284/1373 247/146/1374
f 247/146/1375 243/284/1376 249/147/1377
f 243/284/1378 245/285/1379 249/147/1380
f 249/147/1381 245/285/1382 250/149/1383
f 245/285/1384 246/286/1385 250/149/1386
f 252/155/1387 127/136/1388 251/153/1389
f 127/136/1390 126/135/1391 251/153/1392
f 251/153/1393 126/135/1394 253/154/1395
f 126/135/1396 139/152/1397 253/154/1398
f 253/154/1399 139/152/1400 254/156/1401
f 139/152/1402 140/184/1403 254/156/1404
f 255/157/1405 128/137/1406 252/155/1407
f 128/137/1408 127/136/1409 252/155/1410
f 254/156/1411 140/184/1412 256/158/1413
f 140/184/1414 141/160/1415 256/158/1416
f 256/158/1417 141/160/1418 255/157/1419
f 141/160/1420 128/137/1421 255/157/1422
f 258/287/1423 269/288/1424 257/289/1425
f 257/289/1426 269/288/1427 268/290/1428
f 259/291/1429 270/292/1430 258/287/1431
f 258/287/1432 270/292/1433 269/288/1434
f 260/293/1435 271/294/1436 259/291/1437
f 259/291/1438 271/294/1439 270/292/1440
f 272/295/1441 271/294/1442 261/296/1443
f 261/296/1444 271/294/1445 260/293/1446
f 19/297/1447 272/295/1448 6/298/1449
f 6/298/1450 272/295/1451 261/296/1452
f 273/299/1453 20/300/1454 262/301/1455
f 262/301/1456 20/300/1457 7/302/1458
f 274/303/1459 273/299/1460 263/304/1461
f 263/304/1462 273/299/1463 262/301/1464
f 275/305/1465 274/303/1466 264/306/1467
f 264/306/1468 274/303/1469 263/304/1470
f 276/307/1471 275/305/1472 265/308/1473
f 265/308/1474 275/305/1475 264/306/1476
f 277/309/1477 276/307/1478 266/310/1479
f 266/310/1480 276/307/1481 265/308/1482
f 278/311/1483 277/309/1484 267/312/1485
f 267/312/1486 277/309/1487 266/310/1488
f 257/313/1489 268/314/1490 267/312/1491
f 267/312/1492 268/314/1493 278/311/1494
f 269/288/1495 280/315/1496 268/290/1497
f 268/290/1498 280/315/1499 279/316/1500
f 270/292/1501 281/317/1502 269/288/1503
f 269/288/1504 281/317/1505 280/315/1506
f 271/294/1507 282/318/1508 270/292/1509
f 270/292/1510 282/318/1511 281/317/1512
f 272/295/1513 283/319/1514 271/294/1515
f 271/294/1516 283/319/1517 282/318/1518
f 19/297/1519 32/320/1520 272/295/1521
f 272/295/1522 32/320/1523 283/319/1524
f 284/321/1525 33/322/1526 273/299/1527
f 273/299/1528 33/322/1529 20/300/1530
f 285/323/1531 284/321/1532 274/303/1533
f 274/303/1534 284/321/1535 273/299/1536
f 286/324/1537 285/323/1538 275/305/1539
f 275/305/1540 285/323/1541 274/303/1542
f 287/325/1543 286/324/1544 276/307/1545
f 276/307/1546 286/324/1547 275/305/1548
f 288/326/1549 287/325/1550 277/309/1551
f 277/309/1552 287/325/1553 276/307/1554
f 289/327/1555 288/326/1556 278/311/1557
f 278/311/1558 288/326/1559 277/309/1560
f 268/314/1561 279/328/1562 278/311/1563
f 278/311/1564 279/328/1565 289/327/1566
f 280/315/1567 291/329/1568 279/316/1569
f 279/316/1570 291/329/1571 290/330/1572
f 281/317/1573 292/331/1574 280/315/1575
f 280/315/1576 292/331/1577 291/329/1578
f 282/318/1579 293/332/1580 281/317/1581
f 281/317/1582 293/332/1583 292/331/1584
f 283/319/1585 294/333/1586 282/318/1587
f 282/318/1588 294/333/1589 293/332/1590
f 32/320/1591 45/334/1592 283/319/1593
f 283/319/1594 45/334/1595 294/333/1596
f 295/335/1597 46/336/1598 284/321/1599
f 284/321/1600 46/336/1601 33/322/1602
f 296/337/1603 295/335/1604 285/323/1605
f 285/323/1606 295/335/1607 284/321/1608
f 297/338/1609 296/337/1610 286/324/1611
f 286/324/1612 296/337/1613 285/323/1614
f 298/339/1615 297/338/1616 287/325/1617
f 287/325/1618 297/338/1619 286/324/1620
f 299/340/1621 298/339/1622 288/326/1623
f 288/326/1624 298/339/1625 287/325/1626
f 300/341/1627 299/340/1628 289/327/1629
f 289/327/1630 299/340/1631 288/326/1632
f 279/328/1633 290/342/1634 289/327/1635
f 289/327/1636 290/342/1637 300/341/1638
f 291/329/1639 302/343/1640 290/330/1641
f 290/330/1642 302/343/1643 301/344/1644
f 292/331/1645 303/345/1646 291/329/1647
f 291/329/1648 303/345/1649 302/343/1650
f 293/332/1651 304/346/1652 292/331/1653
f 292/331/1654 304/346/1655 303/345/1656
f 294/333/1657 305/347/1658 293/332/1659
f 293/332/1660 305/347/1661 304/346/1662
f 45/334/1663 58/348/1664 294/333/1665
f 294/333/1666 58/348/1667 305/347/1668
f 306/349/1669 59/350/1670 295/335/1671
f 295/335/1672 59/350/1673 46/336/1674
f 307/351/1675 306/349/1676 296/337/1677
f 296/337/1678 306/349/1679 295/335/1680
f 308/352/1681 307/351/1682 297/338/1683
f 297/338/1684 307/351/1685 296/337/1686
f 309/353/1687 308/352/1688 298/339/1689
f 298/339/1690 308/352/1691 297/338/1692
f 310/354/1693 309/353/1694 299/340/1695
f 299/340/1696 309/353/1697 298/339/1698
f 311/355/1699 310/354/1700 300/341/1701
f 300/341/1702 310/354/1703 299/340/1704
f 290/342/1705 301/356/1706 300/341/1707
f 300/341/1708 301/356/1709 311/355/1710
f 302/343/1711 313/357/1712 301/344/1713
f 301/344/1714 313/357/1715 312/358/1716
f 303/345/1717 314/359/1718 302/343/1719
f 302/343/1720 314/359/1721 313/357/1722
f 304/346/1723 315/360/1724 303/345/1725
f 303/345/1726 315/360/1727 314/359/1728
f 305/347/1729 316/361/1730 304/346/1731
f 304/346/1732 316/361/1733 315/360/1734
f 58/348/1735 71/362/1736 305/347/1737
f 305/347/1738 71/362/1739 316/361/1740
f 317/363/1741 72/364/1742 306/349/1743
f 306/349/1744 72/364/1745 59/350/1746
f 318/365/1747 317/363/1748 307/351/1749
f 307/351/1750 317/363/1751 306/349/1752
f 319/366/1753 318/365/1754 308/352/1755
f 308/352/1756 318/365/1757 307/351/1758
f 320/367/1759 319/366/1760 309/353/1761
f 309/353/1762 319/366/1763 308/352/1764
f 321/368/1765 320/367/1766 310/354/1767
f 310/354/1768 320/367/1769 309/353/1770
f 322/369/1771 321/368/1772 311/355/1773
f 311/355/1774 321/368/1775 310/354/1776
f 301/356/1777 312/370/1778 311/355/1779
f 311/355/1780 312/370/1781 322/369/1782
f 324/371/1783 323/372/1784 313/357/1785
f 313/357/1786 323/372/1787 312/358/1788
f 314/359/1789 325/373/1790 313/357/1791
f 313/357/1792 325/373/1793 324/371/1794
f 326/374/1795 325/373/1796 315/360/1797
f 315/360/1798 325/373/1799 314/359/1800
f 327/375/1801 326/374/1802 316/361/1803
f 316/361/1804 326/374/1805 315/360/1806
f 84/376/1807 327/375/1808 71/362/1809
f 71/362/1810 327/375/1811 316/361/1812
f 317/363/1813 328/377/1814 72/364/1815
f 72/364/1816 328/377/1817 85/378/1818
f 318/365/1819 329/379/1820 317/363/1821
f 317/363/1822 329/379/1823 328/377/1824
f 319/366/1825 330/380/1826 318/365/1827
f 318/365/1828 330/380/1829 329/379/1830
f 320/367/1831 331/381/1832 319/366/1833
f 319/366/1834 331/381/1835 330/380/1836
f 321/368/1837 332/382/1838 320/367/1839
f 320/367/1840 332/382/1841 331/381/1842
f 322/369/1843 333/383/1844 321/368/1845
f 321/368/1846 333/383/1847 332/382/1848
f 323/384/1849 333/383/1850 312/370/1851
f 312/370/1852 333/383/1853 322/369/1854
f 335/385/1855 334/386/1856 324/371/1857
f 324/371/1858 334/386/1859 323/372/1860
f 325/373/1861 336/387/1862 324/371/1863
f 324/371/1864 336/387/1865 335/385/1866
f 337/388/1867 336/387/1868 326/374/1869
f 326/374/1870 336/387/1871 325/373/1872
f 338/389/1873 337/388/1874 327/375/1875
f 327/375/1876 337/388/1877 326/374/1878
f 97/390/1879 338/389/1880 84/376/1881
f 84/376/1882 338/389/1883 327/375/1884
f 328/377/1885 339/391/1886 85/378/1887
f 85/378/1888 339/391/1889 98/392/1890
f 329/379/1891 340/393/1892 328/377/1893
f 328/377/1894 340/393/1895 339/391/1896
f 330/380/1897 341/394/1898 329/379/1899
f 329/379/1900 341/394/1901 340/393/1902
f 331/381/1903 342/395/1904 330/380/1905
f 330/380/1906 342/395/1907 341/394/1908
f 332/382/1909 343/396/1910 331/381/1911
f 331/381/1912 343/396/1913 342/395/1914
f 333/383/1915 344/397/1916 332/382/1917
f 332/382/1918 344/397/1919 343/396/1920
f 334/398/1921 344/397/1922 323/384/1923
f 323/384/1924 344/397/1925 333/383/1926
f 346/399/1927 345/400/1928 335/385/1929
f 335/385/1930 345/400/1931 334/386/1932
f 347/401/1933 346/399/1934 336/387/1935
f 336/387/1936 346/399/1937 335/385/1938
f 348/402/1939 347/401/1940 337/388/1941
f 337/388/1942 347/401/1943 336/387/1944
f 349/403/1945 348/402/1946 338/389/1947
f 338/389/1948 348/402/1949 337/388/1950
f 110/404/1951 349/403/1952 97/390/1953
f 97/390/1954 349/403/1955 338/389/1956
f 339/391/1957 350/405/1958 98/392/1959
f 98/392/1960 350/405/1961 111/406/1962
f 340/393/1963 351/407/1964 339/391/1965
f 339/391/1966 351/407/1967 350/405/1968
f 352/408/1969 351/407/1970 341/394/1971
f 341/394/1972 351/407/1973 340/393/1974
f 342/395/1975 353/409/1976 341/394/1977
f 341/394/1978 353/409/1979 352/408/1980
f 343/396/1981 354/410/1982 342/395/1983
f 342/395/1984 354/410/1985 353/409/1986
f 344/397/1987 355/411/1988 343/396/1989
f 343/396/1990 355/411/1991 354/410/1992
f 345/412/1993 355/411/1994 334/398/1995
f 334/398/1996 355/411/1997 344/397/1998
f 357/413/1999 356/414/2000 346/399/2001
f 346/399/2002 356/414/2003 345/400/2004
f 358/415/2005 357/413/2006 347/401/2007
f 347/401/2008 357/413/2009 346/399/2010
f 359/416/2011 358/415/2012 348/402/2013
f 348/402/2014 358/415/2015 347/401/2016
f 360/417/2017 359/416/2018 349/403/2019
f 349/403/2020 359/416/2021 348/402/2022
f 123/418/2023 360/417/2024 110/404/2025
f 110/404/2026 360/417/2027 349/403/2028
f 350/405/2029 361/419/2030 111/406/2031
f 111/406/2032 361/419/2033 124/420/2034
f 351/407/2035 362/421/2036 350/405/2037
f 350/405/2038 362/421/2039 361/419/2040
f 363/422/2041 362/421/2042 352/408/2043
f 352/408/2044 362/421/2045 351/407/2046
f 353/409/2047 364/423/2048 352/408/2049
f 352/408/2050 364/423/2051 363/422/2052
f 354/410/2053 365/424/2054 353/409/2055
f 353/409/2056 365/424/2057 364/423/2058
f 366/425/2059 365/424/2060 355/411/2061
f 355/411/2062 365/424/2063 354/410/2064
f 356/426/2065 366/425/2066 345/412/2067
f 345/412/2068 366/425/2069 355/411/2070
f 368/427/2071 367/428/2072 357/413/2073
f 357/413/2074 367/428/2075 356/414/2076
f 369/429/2077 368/427/2078 358/415/2079
f 358/415/2080 368/427/2081 357/413/2082
f 359/416/2083 370/430/2084 358/415/2085
f 358/415/2086 370/430/2087 369/429/2088
f 360/417/2089 371/431/2090 359/416/2091
f 359/416/2092 371/431/2093 370/430/2094
f 250/432/2095 468/433/2096 248/434/2097
f 248/434/2098 468/433/2099 467/435/2100
f 361/419/2101 372/436/2102 124/420/2103
f 124/420/2104 372/436/2105 137/437/2106
f 362/421/2107 373/438/2108 361/419/2109
f 361/419/2110 373/438/2111 372/436/2112
f 472/439/2113 471/440/2114 470/441/2115
f 470/441/2116 471/440/2117 469/442/2118
f 473/443/2119 474/444/2120 470/441/2121
f 470/441/2122 474/444/2123 472/439/2124
f 365/424/2125 376/445/2126 364/423/2127
f 364/423/2128 376/445/2129 375/446/2130
f 434/447/2131 436/448/2132 433/449/2133
f 433/449/2134 436/448/2135 435/450/2136
f 438/451/2137 436/448/2138 437/452/2139
f 437/452/2140 436/448/2141 434/447/2142
f 368/427/2143 379/453/2144 367/428/2145
f 367/428/2146 379/453/2147 378/454/2148
f 460/455/2149 459/456/2150 458/457/2151
f 458/457/2152 459/456/2153 457/458/2154
f 461/459/2155 462/460/2156 458/457/2157
f 458/457/2158 462/460/2159 460/455/2160
f 382/461/2161 381/462/2162 371/431/2163
f 371/431/2164 381/462/2165 370/430/2166
f 240/463/2167 242/464/2168 463/465/2169
f 463/465/2170 242/464/2171 464/466/2172
f 372/436/2173 383/467/2174 137/437/2175
f 137/437/2176 383/467/2177 150/468/2178
f 373/438/2179 384/469/2180 372/436/2181
f 372/436/2182 384/469/2183 383/467/2184
f 373/438/2185 374/470/2186 384/469/2187
f 374/470/2188 385/471/2189 384/469/2190
f 386/472/2191 385/471/2192 375/446/2193
f 375/446/2194 385/471/2195 374/470/2196
f 387/473/2197 386/472/2198 376/445/2199
f 376/445/2200 386/472/2201 375/446/2202
f 388/474/2203 387/473/2204 377/475/2205
f 377/475/2206 387/473/2207 376/445/2208
f 367/476/2209 378/477/2210 377/475/2211
f 377/475/2212 378/477/2213 388/474/2214
f 390/478/2215 389/479/2216 379/453/2217
f 379/453/2218 389/479/2219 378/454/2220
f 380/480/2221 391/481/2222 379/453/2223
f 379/453/2224 391/481/2225 390/478/2226
f 392/482/2227 391/481/2228 381/462/2229
f 381/462/2230 391/481/2231 380/480/2232
f 382/461/2233 393/483/2234 381/462/2235
f 381/462/2236 393/483/2237 392/482/2238
f 149/484/2239 162/485/2240 382/461/2241
f 382/461/2242 162/485/2243 393/483/2244
f 383/467/2245 394/486/2246 150/468/2247
f 150/468/2248 394/486/2249 163/487/2250
f 395/488/2251 394/486/2252 384/469/2253
f 384/469/2254 394/486/2255 383/467/2256
f 385/471/2257 396/489/2258 384/469/2259
f 384/469/2260 396/489/2261 395/488/2262
f 397/490/2263 396/489/2264 386/472/2265
f 386/472/2266 396/489/2267 385/471/2268
f 387/473/2269 398/491/2270 386/472/2271
f 386/472/2272 398/491/2273 397/490/2274
f 450/492/2275 447/493/2276 444/494/2277
f 444/494/2278 447/493/2279 441/495/2280
f 453/496/2281 456/497/2282 444/494/2283
f 444/494/2284 456/497/2285 450/492/2286
f 390/478/2287 401/498/2288 389/479/2289
f 389/479/2290 401/498/2291 400/499/2292
f 391/481/2293 402/500/2294 390/478/2295
f 390/478/2296 402/500/2297 401/498/2298
f 403/501/2299 402/500/2300 392/482/2301
f 392/482/2302 402/500/2303 391/481/2304
f 393/483/2305 404/502/2306 392/482/2307
f 392/482/2308 404/502/2309 403/501/2310
f 162/485/2311 175/503/2312 393/483/2313
f 393/483/2314 175/503/2315 404/502/2316
f 405/504/2317 176/505/2318 394/486/2319
f 394/486/2320 176/505/2321 163/487/2322
f 406/506/2323 405/504/2324 395/488/2325
f 395/488/2326 405/504/2327 394/486/2328
f 396/489/2329 407/507/2330 395/488/2331
f 395/488/2332 407/507/2333 406/506/2334
f 408/508/2335 407/507/2336 397/490/2337
f 397/490/2338 407/507/2339 396/489/2340
f 409/509/2341 408/508/2342 398/491/2343
f 398/491/2344 408/508/2345 397/490/2346
f 399/510/2347 410/511/2348 398/491/2349
f 398/491/2350 410/511/2351 409/509/2352
f 400/512/2353 410/511/2354 389/513/2355
f 389/513/2356 410/511/2357 399/510/2358
f 412/514/2359 411/515/2360 401/498/2361
f 401/498/2362 411/515/2363 400/499/2364
f 413/516/2365 412/514/2366 402/500/2367
f 402/500/2368 412/514/2369 401/498/2370
f 414/517/2371 413/516/2372 403/501/2373
f 403/501/2374 413/516/2375 402/500/2376
f 404/502/2377 415/518/2378 403/501/2379
f 403/501/2380 415/518/2381 414/517/2382
f 175/503/2383 188/519/2384 404/502/2385
f 404/502/2386 188/519/2387 415/518/2388
f 416/520/2389 189/521/2390 405/504/2391
f 405/504/2392 189/521/2393 176/505/2394
f 417/522/2395 416/520/2396 406/506/2397
f 406/506/2398 416/520/2399 405/504/2400
f 407/507/2401 418/523/2402 406/506/2403
f 406/506/2404 418/523/2405 417/522/2406
f 419/524/2407 418/523/2408 408/508/2409
f 408/508/2410 418/523/2411 407/507/2412
f 409/509/2413 420/525/2414 408/508/2415
f 408/508/2416 420/525/2417 419/524/2418
f 410/511/2419 421/526/2420 409/509/2421
f 409/509/2422 421/526/2423 420/525/2424
f 411/527/2425 421/526/2426 400/512/2427
f 400/512/2428 421/526/2429 410/511/2430
f 423/528/2431 422/529/2432 412/514/2433
f 412/514/2434 422/529/2435 411/515/2436
f 424/530/2437 423/528/2438 413/516/2439
f 413/516/2440 423/528/2441 412/514/2442
f 425/531/2443 424/530/2444 414/517/2445
f 414/517/2446 424/530/2447 413/516/2448
f 415/518/2449 426/532/2450 414/517/2451
f 414/517/2452 426/532/2453 425/531/2454
f 188/519/2455 201/533/2456 415/518/2457
f 415/518/2458 201/533/2459 426/532/2460
f 427/534/2461 202/535/2462 416/520/2463
f 416/520/2464 202/535/2465 189/521/2466
f 428/536/2467 427/534/2468 417/522/2469
f 417/522/2470 427/534/2471 416/520/2472
f 418/523/2473 429/537/2474 417/522/2475
f 417/522/2476 429/537/2477 428/536/2478
f 419/524/2479 430/538/2480 418/523/2481
f 418/523/2482 430/538/2483 429/537/2484
f 420/525/2485 431/539/2486 419/524/2487
f 419/524/2488 431/539/2489 430/538/2490
f 421/526/2491 432/540/2492 420/525/2493
f 420/525/2494 432/540/2495 431/539/2496
f 422/541/2497 432/540/2498 411/527/2499
f 411/527/2500 432/540/2501 421/526/2502
f 258/542/2503 257/543/2504 423/528/2505
f 423/528/2506 257/543/2507 422/529/2508
f 259/544/2509 258/542/2510 424/530/2511
f 424/530/2512 258/542/2513 423/528/2514
f 260/545/2515 259/544/2516 425/531/2517
f 425/531/2518 259/544/2519 424/530/2520
f 261/546/2521 260/545/2522 426/532/2523
f 426/532/2524 260/545/2525 425/531/2526
f 6/547/2527 261/546/2528 201/533/2529
f 201/533/2530 261/546/2531 426/532/2532
f 262/548/2533 7/549/2534 427/534/2535
f 427/534/2536 7/549/2537 202/535/2538
f 263/550/2539 262/548/2540 428/536/2541
f 428/536/2542 262/548/2543 427/534/2544
f 429/537/2545 264/551/2546 428/536/2547
f 428/536/2548 264/551/2549 263/550/2550
f 430/538/2551 265/552/2552 429/537/2553
f 429/537/2554 265/552/2555 264/551/2556
f 431/539/2557 266/553/2558 430/538/2559
f 430/538/2560 266/553/2561 265/552/2562
f 432/540/2563 267/554/2564 431/539/2565
f 431/539/2566 267/554/2567 266/553/2568
f 257/555/2569 267/554/2570 422/541/2571
f 422/541/2572 267/554/2573 432/540/2574
f 434/447/2575 433/449/2576 366/425/2577
f 366/425/2578 433/449/2579 365/424/2580
f 365/424/2581 433/449/2582 376/445/2583
f 376/445/2584 433/449/2585 435/450/2586
f 376/445/2587 435/450/2588 377/475/2589
f 377/475/2590 435/450/2591 436/448/2592
f 356/426/2593 437/452/2594 366/425/2595
f 366/425/2596 437/452/2597 434/447/2598
f 436/448/2599 438/451/2600 377/475/2601
f 377/475/2602 438/451/2603 367/476/2604
f 438/451/2605 437/452/2606 367/476/2607
f 367/476/2608 437/452/2609 356/426/2610
f 442/556/2611 439/557/2612 388/474/2613
f 388/474/2614 439/557/2615 387/473/2616
f 443/558/2617 440/559/2618 442/556/2619
f 442/556/2620 440/559/2621 439/557/2622
f 444/494/2623 441/495/2624 443/558/2625
f 443/558/2626 441/495/2627 440/559/2628
f 439/557/2629 445/560/2630 387/473/2631
f 387/473/2632 445/560/2633 398/491/2634
f 440/559/2635 446/561/2636 439/557/2637
f 439/557/2638 446/561/2639 445/560/2640
f 441/495/2641 447/493/2642 440/559/2643
f 440/559/2644 447/493/2645 446/561/2646
f 398/491/2647 445/560/2648 399/510/2649
f 399/510/2650 445/560/2651 448/562/2652
f 445/560/2653 446/561/2654 448/562/2655
f 448/562/2656 446/561/2657 449/563/2658
f 446/561/2659 447/493/2660 449/563/2661
f 449/563/2662 447/493/2663 450/492/2664
f 378/477/2665 451/564/2666 388/474/2667
f 388/474/2668 451/564/2669 442/556/2670
f 451/564/2671 452/565/2672 442/556/2673
f 442/556/2674 452/565/2675 443/558/2676
f 452/565/2677 453/496/2678 443/558/2679
f 453/496/2680 444/494/2681 443/558/2682
f 448/562/2683 454/566/2684 399/510/2685
f 399/510/2686 454/566/2687 389/513/2688
f 449/563/2689 455/567/2690 448/562/2691
f 448/562/2692 455/567/2693 454/566/2694
f 450/492/2695 456/497/2696 449/563/2697
f 449/563/2698 456/497/2699 455/567/2700
f 389/513/2701 454/566/2702 378/477/2703
f 378/477/2704 454/566/2705 451/564/2706
f 454/566/2707 455/567/2708 451/564/2709
f 451/564/2710 455/567/2711 452/565/2712
f 455/567/2713 456/497/2714 452/565/2715
f 452/565/2716 456/497/2717 453/496/2718
f 458/457/2719 457/458/2720 369/429/2721
f 369/429/2722 457/458/2723 368/427/2724
f 457/458/2725 459/456/2726 368/427/2727
f 368/427/2728 459/456/2729 379/453/2730
f 379/453/2731 459/456/2732 380/480/2733
f 380/480/2734 459/456/2735 460/455/2736
f 370/430/2737 461/459/2738 369/429/2739
f 369/429/2740 461/459/2741 458/457/2742
f 460/455/2743 462/460/2744 380/480/2745
f 380/480/2746 462/460/2747 381/462/2748
f 381/462/2749 462/460/2750 370/430/2751
f 370/430/2752 462/460/2753 461/459/2754
f 371/431/2755 136/568/2756 463/465/2757
f 136/568/2758 240/463/2759 463/465/2760
f 382/461/2761 371/431/2762 464/466/2763
f 371/431/2764 463/465/2765 464/466/2766
f 149/484/2767 382/461/2768 242/464/2769
f 382/461/2770 464/466/2771 242/464/2772
f 360/417/2773 123/418/2774 465/569/2775
f 123/418/2776 244/570/2777 465/569/2778
f 371/431/2779 360/417/2780 466/571/2781
f 360/417/2782 465/569/2783 466/571/2784
f 136/568/2785 371/431/2786 246/572/2787
f 371/431/2788 466/571/2789 246/572/2790
f 465/569/2791 244/570/2792 467/435/2793
f 244/570/2794 248/434/2795 467/435/2796
f 466/571/2797 465/569/2798 468/433/2799
f 465/569/2800 467/435/2801 468/433/2802
f 246/572/2803 466/571/2804 250/432/2805
f 466/571/2806 468/433/2807 250/432/2808
f 362/421/2809 363/422/2810 469/442/2811
f 363/422/2812 470/441/2813 469/442/2814
f 373/438/2815 362/421/2816 471/440/2817
f 362/421/2818 469/442/2819 471/440/2820
f 374/470/2821 373/438/2822 472/439/2823
f 373/438/2824 471/440/2825 472/439/2826
f 363/422/2827 364/423/2828 470/441/2829
f 364/423/2830 473/443/2831 470/441/2832
f 375/446/2833 374/470/2834 474/444/2835
f 374/470/2836 472/439/2837 474/444/2838
f 364/423/2839 375/446/2840 473/443/2841
f 375/446/2842 474/444/2843 473/443/2844
g default
v 0.059894 -0.851169 0.073538
v 0.047673 -0.849240 0.061850
v 0.032620 -0.847822 0.052575
v 0.017135 -0.847374 0.046619
v 0.000000 -0.847201 0.044567
v 0.000000 -0.847275 0.129363
v 0.017135 -0.847431 0.127137
v 0.032620 -0.847846 0.120784
v 0.047673 -0.849240 0.111139
v 0.059894 -0.851169 0.099451
v 0.064612 -0.852057 0.086495
v 0.165963 -0.858362 0.060901
v 0.111982 -0.846950 0.037813
v 0.067752 -0.838505 0.019490
v 0.033865 -0.836106 0.007726
v 0.000000 -0.835551 0.003672
v -0.000000 -0.836621 0.177454
v 0.033855 -0.836940 0.172107
v 0.066940 -0.838610 0.157346
v 0.111280 -0.846777 0.136244
v 0.165963 -0.858362 0.112088
v 0.187836 -0.861526 0.086495
v 0.220573 -0.823728 0.048894
v 0.162172 -0.825441 0.014974
v 0.096741 -0.818154 -0.011944
v 0.049818 -0.815919 -0.029228
v -0.000000 -0.815104 -0.035183
v -0.000000 -0.818111 0.232258
v 0.049707 -0.818178 0.222281
v 0.095788 -0.818797 0.195957
v 0.158653 -0.824969 0.161051
v 0.220573 -0.823728 0.124095
v 0.253457 -0.823225 0.086495
v 0.247515 -0.786560 0.037813
v 0.180313 -0.786560 -0.006103
v 0.125139 -0.786038 -0.040956
v 0.064607 -0.784826 -0.063332
v -0.000000 -0.784208 -0.071042
v -0.000000 -0.786527 0.292817
v 0.064260 -0.786476 0.276260
v 0.124453 -0.786476 0.235427
v 0.177716 -0.786560 0.184410
v 0.247515 -0.786560 0.135176
v 0.274955 -0.786560 0.086495
v 0.277456 -0.740987 0.027930
v 0.211634 -0.740987 -0.024900
v 0.150962 -0.740987 -0.066828
v 0.077712 -0.740987 -0.093747
v 0.000000 -0.740987 -0.103022
v -0.000000 -0.740987 0.358435
v 0.077206 -0.740987 0.334326
v 0.149552 -0.740987 0.275346
v 0.211265 -0.740987 0.206361
v 0.277455 -0.740987 0.145059
v 0.309536 -0.740987 0.086495
v 0.295557 -0.687626 0.019490
v 0.241722 -0.687626 -0.040956
v 0.172317 -0.687626 -0.088925
v 0.088690 -0.687626 -0.119723
v 0.000000 -0.687626 -0.130336
v 0.000000 -0.687626 0.421016
v 0.088322 -0.687626 0.389314
v 0.170406 -0.687626 0.312092
v 0.241338 -0.687626 0.224118
v 0.295557 -0.687626 0.153682
v 0.330905 -0.687626 0.086495
v 0.318627 -0.627794 0.012700
v 0.263921 -0.627794 -0.053872
v 0.188423 -0.627794 -0.106704
v 0.097361 -0.627794 -0.140622
v 0.000000 -0.627794 -0.152310
v 0.000000 -0.627794 0.468603
v 0.097274 -0.627794 0.429960
v 0.186747 -0.627794 0.338184
v 0.263719 -0.627794 0.236398
v 0.318627 -0.627794 0.160427
v 0.350135 -0.627794 0.086495
v 0.330376 -0.562963 0.007726
v 0.278059 -0.562963 -0.063332
v 0.199243 -0.562963 -0.119723
v 0.103829 -0.562963 -0.155929
v 0.000000 -0.562963 -0.168406
v -0.000000 -0.562963 0.493927
v 0.103829 -0.562963 0.450422
v 0.198396 -0.562963 0.350092
v 0.278035 -0.562963 0.247145
v 0.330375 -0.562963 0.166590
v 0.354284 -0.562963 0.086495
v 0.337067 -0.494728 0.004692
v 0.285096 -0.494728 -0.069103
v 0.205480 -0.494728 -0.127666
v 0.107828 -0.494728 -0.165267
v -0.000000 -0.494728 -0.178224
v 0.000000 -0.494728 0.500695
v 0.107828 -0.494728 0.452365
v 0.205331 -0.494728 0.352046
v 0.285096 -0.494728 0.257875
v 0.337067 -0.494728 0.172164
v 0.355044 -0.494728 0.087042
v 0.337671 -0.424771 0.003672
v 0.286468 -0.424771 -0.071042
v 0.207714 -0.424771 -0.130336
v 0.109173 -0.424771 -0.168406
v -0.000000 -0.424771 -0.181524
v -0.000000 -0.424771 0.494889
v 0.109172 -0.424771 0.444406
v 0.207711 -0.424771 0.350458
v 0.286468 -0.424771 0.264906
v 0.337671 -0.424771 0.175174
v 0.355398 -0.424771 0.087482
v 0.332308 -0.354815 0.004692
v 0.282464 -0.354815 -0.069103
v 0.205102 -0.354815 -0.127666
v 0.107828 -0.354815 -0.165267
v -0.000000 -0.354815 -0.178224
v -0.000000 -0.354815 0.475767
v 0.107828 -0.354815 0.430390
v 0.205101 -0.354815 0.348739
v 0.282464 -0.354815 0.263451
v 0.332308 -0.354815 0.173598
v 0.349509 -0.354815 0.087111
v 0.319625 -0.286580 0.007726
v 0.271829 -0.286580 -0.063332
v 0.197495 -0.286580 -0.119723
v 0.103829 -0.286580 -0.155929
v -0.000000 -0.286580 -0.168406
v -0.000000 -0.286580 0.448180
v 0.103829 -0.286580 0.411671
v 0.197495 -0.286580 0.336587
v 0.271829 -0.286580 0.253888
v 0.319625 -0.286580 0.168306
v 0.336116 -0.286580 0.086527
v 0.299376 -0.221749 0.012700
v 0.254666 -0.221749 -0.053872
v 0.185025 -0.221749 -0.106704
v 0.097274 -0.221749 -0.140622
v -0.000000 -0.221749 -0.152310
v -0.000000 -0.221749 0.407496
v 0.097274 -0.221749 0.379030
v 0.185025 -0.221749 0.316158
v 0.254665 -0.221749 0.239931
v 0.299376 -0.221749 0.161887
v 0.314783 -0.221749 0.086495
v 0.271829 -0.161916 0.019490
v 0.231231 -0.161916 -0.040956
v 0.167999 -0.161916 -0.088925
v 0.088322 -0.161916 -0.119723
v 0.000000 -0.161916 -0.130336
v -0.000000 -0.161916 0.358834
v 0.088322 -0.161916 0.339069
v 0.167999 -0.161916 0.289202
v 0.231231 -0.161916 0.223821
v 0.271829 -0.161916 0.154675
v 0.285817 -0.161916 0.086495
v -0.000000 -0.108556 0.092134
v -0.000000 -0.850990 0.086495
v -0.059894 -0.851169 0.073538
v -0.047673 -0.849240 0.061850
v -0.032620 -0.847822 0.052575
v -0.017135 -0.847374 0.046619
v -0.017135 -0.847431 0.127137
v -0.032620 -0.847846 0.120784
v -0.047673 -0.849240 0.111139
v -0.059894 -0.851169 0.099451
v -0.064612 -0.852057 0.086495
v -0.165963 -0.858362 0.060901
v -0.111982 -0.846950 0.037813
v -0.067752 -0.838505 0.019490
v -0.033865 -0.836106 0.007726
v -0.033855 -0.836940 0.172107
v -0.066940 -0.838610 0.157346
v -0.111280 -0.846777 0.136244
v -0.165963 -0.858362 0.112088
v -0.187836 -0.861526 0.086495
v -0.220573 -0.823728 0.048894
v -0.162172 -0.825441 0.014974
v -0.096741 -0.818154 -0.011944
v -0.049818 -0.815919 -0.029228
v -0.049707 -0.818178 0.222281
v -0.095788 -0.818797 0.195957
v -0.158653 -0.824969 0.161051
v -0.220573 -0.823728 0.124095
v -0.253457 -0.823225 0.086495
v -0.247515 -0.786560 0.037813
v -0.180313 -0.786560 -0.006103
v -0.125139 -0.786038 -0.040956
v -0.064607 -0.784826 -0.063332
v -0.064260 -0.786476 0.276260
v -0.124453 -0.786476 0.235427
v -0.177716 -0.786560 0.184410
v -0.247515 -0.786560 0.135176
v -0.274955 -0.786560 0.086495
v -0.277456 -0.740987 0.027930
v -0.211634 -0.740987 -0.024900
v -0.150962 -0.740987 -0.066828
v -0.077712 -0.740987 -0.093747
v -0.077206 -0.740987 0.334326
v -0.149552 -0.740987 0.275346
v -0.211265 -0.740987 0.206361
v -0.277455 -0.740987 0.145059
v -0.309536 -0.740987 0.086495
v -0.295557 -0.687626 0.019490
v -0.241722 -0.687626 -0.040956
v -0.172317 -0.687626 -0.088925
v -0.088690 -0.687626 -0.119723
v -0.088322 -0.687626 0.389314
v -0.170406 -0.687626 0.312092
v -0.241338 -0.687626 0.224118
v -0.295557 -0.687626 0.153682
v -0.330905 -0.687626 0.086495
v -0.318627 -0.627794 0.012700
v -0.263921 -0.627794 -0.053872
v -0.188423 -0.627794 -0.106704
v -0.097361 -0.627794 -0.140622
v -0.097274 -0.627794 0.429960
v -0.186747 -0.627794 0.338184
v -0.263719 -0.627794 0.236398
v -0.318627 -0.627794 0.160427
v -0.350135 -0.627794 0.086495
v -0.330376 -0.562963 0.007726
v -0.278059 -0.562963 -0.063332
v -0.199243 -0.562963 -0.119723
v -0.103829 -0.562963 -0.155929
v -0.103829 -0.562963 0.450422
v -0.198396 -0.562963 0.350092
v -0.278035 -0.562963 0.247145
v -0.330375 -0.562963 0.166590
v -0.354284 -0.562963 0.086495
v -0.337067 -0.494728 0.004692
v -0.285096 -0.494728 -0.069103
v -0.205480 -0.494728 -0.127666
v -0.107828 -0.494728 -0.165267
v -0.107828 -0.494728 0.452365
v -0.205331 -0.494728 0.352046
v -0.285096 -0.494728 0.257875
v -0.337067 -0.494728 0.172164
v -0.355044 -0.494728 0.087042
v -0.337671 -0.424771 0.003672
v -0.286468 -0.424771 -0.071042
v -0.207714 -0.424771 -0.130336
v -0.109173 -0.424771 -0.168406
v -0.109172 -0.424771 0.444406
v -0.207711 -0.424771 0.350458
v -0.286468 -0.424771 0.264906
v -0.337671 -0.424771 0.175174
v -0.355398 -0.424771 0.087482
v -0.332308 -0.354815 0.004692
v -0.282464 -0.354815 -0.069103
v -0.205102 -0.354815 -0.127666
v -0.107828 -0.354815 -0.165267
v -0.107828 -0.354815 0.430390
v -0.205101 -0.354815 0.348739
v -0.282464 -0.354815 0.263451
v -0.332308 -0.354815 0.173598
v -0.349509 -0.354815 0.087111
v -0.319625 -0.286580 0.007726
v -0.271829 -0.286580 -0.063332
v -0.197495 -0.286580 -0.119723
v -0.103829 -0.286580 -0.155929
v -0.103829 -0.286580 0.411671
v -0.197495 -0.286580 0.336587
v -0.271829 -0.286580 0.253888
v -0.319625 -0.286580 0.168306
v -0.336116 -0.286580 0.086527
v -0.299376 -0.221749 0.012700
v -0.254666 -0.221749 -0.053872
v -0.185025 -0.221749 -0.106704
v -0.097274 -0.221749 -0.140622
v -0.097274 -0.221749 0.379030
v -0.185025 -0.221749 0.316158
v -0.254665 -0.221749 0.239931
v -0.299376 -0.221749 0.161887
v -0.314783 -0.221749 0.086495
v -0.271829 -0.161916 0.019490
v -0.231231 -0.161916 -0.040956
v -0.167999 -0.161916 -0.088925
v -0.088322 -0.161916 -0.119723
v -0.088322 -0.161916 0.339069
v -0.167999 -0.161916 0.289202
v -0.231231 -0.161916 0.223821
v -0.271829 -0.161916 0.154675
v -0.285817 -0.161916 0.086495
vt 0.050000 0.050000
vt 0.050000 0.100000
vt 0.000000 0.050000
vt 0.000000 0.100000
vt 0.100000 0.050000
vt 0.100000 0.100000
vt 0.150000 0.050000
vt 0.150000 0.100000
vt 0.200000 0.050000
vt 0.200000 0.100000
vt 0.750000 0.050000
vt 0.750000 0.100000
vt 0.700000 0.050000
vt 0.700000 0.100000
vt 0.800000 0.050000
vt 0.800000 0.100000
vt 0.850000 0.050000
vt 0.850000 0.100000
vt 0.900000 0.050000
vt 0.900000 0.100000
vt 0.950000 0.050000
vt 0.950000 0.100000
vt 1.000000 0.050000
vt 1.000000 0.100000
vt 0.050000 0.150000
vt 0.000000 0.150000
vt 0.100000 0.150000
vt 0.150000 0.150000
vt 0.200000 0.150000
vt 0.750000 0.150000
vt 0.700000 0.150000
vt 0.800000 0.150000
vt 0.850000 0.150000
vt 0.900000 0.150000
vt 0.950000 0.150000
vt 1.000000 0.150000
vt 0.050000 0.200000
vt 0.000000 0.200000
vt 0.100000 0.200000
vt 0.150000 0.200000
vt 0.200000 0.200000
vt 0.750000 0.200000
vt 0.700000 0.200000
vt 0.800000 0.200000
vt 0.850000 0.200000
vt 0.900000 0.200000
vt 0.950000 0.200000
vt 1.000000 0.200000
vt 0.050000 0.250000
vt 0.000000 0.250000
vt 0.100000 0.250000
vt 0.150000 0.250000
vt 0.200000 0.250000
vt 0.750000 0.250000
vt 0.700000 0.250000
vt 0.800000 0.250000
vt 0.850000 0.250000
vt 0.900000 0.250000
vt 0.950000 0.250000
vt 1.000000 0.250000
vt 0.050000 0.300000
vt 0.000000 0.300000
vt 0.100000 0.300000
vt 0.150000 0.300000
vt 0.200000 0.300000
vt 0.750000 0.300000
vt 0.700000 0.300000
vt 0.800000 0.300000
vt 0.850000 0.300000
vt 0.900000 0.300000
vt 0.950000 0.300000
vt 1.000000 0.300000
vt 0.050000 0.350000
vt 0.000000 0.350000
vt 0.100000 0.350000
vt 0.150000 0.350000
vt 0.200000 0.350000
vt 0.750000 0.350000
vt 0.700000 0.350000
vt 0.800000 0.350000
vt 0.850000 0.350000
vt 0.900000 0.350000
vt 0.950000 0.350000
vt 1.000000 0.350000
vt 0.000000 0.400000
vt 0.050000 0.400000
vt 0.100000 0.400000
vt 0.150000 0.400000
vt 0.200000 0.400000
vt 0.700000 0.400000
vt 0.750000 0.400000
vt 0.800000 0.400000
vt 0.850000 0.400000
vt 0.900000 0.400000
vt 0.950000 0.400000
vt 1.000000 0.400000
vt 0.000000 0.450000
vt 0.050000 0.450000
vt 0.100000 0.450000
vt 0.150000 0.450000
vt 0.200000 0.450000
vt 0.700000 0.450000
vt 0.750000 0.450000
vt 0.800000 0.450000
vt 0.850000 0.450000
vt 0.900000 0.450000
vt 0.950000 0.450000
vt 1.000000 0.450000
vt 0.000000 0.500000
vt 0.050000 0.500000
vt 0.100000 0.500000
vt 0.150000 0.500000
vt 0.200000 0.500000
vt 0.700000 0.500000
vt 0.750000 0.500000
vt 0.800000 0.500000
vt 0.850000 0.500000
vt 0.900000 0.500000
vt 0.950000 0.500000
vt 1.000000 0.500000
vt 0.000000 0.550000
vt 0.050000 0.550000
vt 0.100000 0.550000
vt 0.150000 0.550000
vt 0.200000 0.550000
vt 0.700000 0.550000
vt 0.750000 0.550000
vt 0.800000 0.550000
vt 0.850000 0.550000
vt 0.900000 0.550000
vt 0.950000 0.550000
vt 1.000000 0.550000
vt 0.000000 0.600000
vt 0.050000 0.600000
vt 0.100000 0.600000
vt 0.150000 0.600000
vt 0.200000 0.600000
vt 0.700000 0.600000
vt 0.750000 0.600000
vt 0.800000 0.600000
vt 0.850000 0.600000
vt 0.900000 0.600000
vt 0.950000 0.600000
vt 1.000000 0.600000
vt 0.000000 0.650000
vt 0.050000 0.650000
vt 0.100000 0.650000
vt 0.150000 0.650000
vt 0.200000 0.650000
vt 0.700000 0.650000
vt 0.750000 0.650000
vt 0.800000 0.650000
vt 0.850000 0.650000
vt 0.900000 0.650000
vt 0.950000 0.650000
vt 1.000000 0.650000
vt 0.000000 0.700000
vt 0.050000 0.700000
vt 0.100000 0.700000
vt 0.150000 0.700000
vt 0.200000 0.700000
vt 0.700000 0.700000
vt 0.750000 0.700000
vt 0.800000 0.700000
vt 0.850000 0.700000
vt 0.900000 0.700000
vt 0.950000 0.700000
vt 1.000000 0.700000
vt 0.100000 0.750000
vt 0.850000 0.750000
vt 0.025000 0.000000
vt 0.075000 0.000000
vt 0.125000 0.000000
vt 0.175000 0.000000
vt 0.725000 0.000000
vt 0.775000 0.000000
vt 0.825000 0.000000
vt 0.875000 0.000000
vt 0.925000 0.000000
vt 0.975000 0.000000
vt 0.050000 0.050000
vt 0.050000 0.100000
vt 0.000000 0.050000
vt 0.000000 0.100000
vt 0.100000 0.050000
vt 0.100000 0.100000
vt 0.150000 0.050000
vt 0.150000 0.100000
vt 0.200000 0.050000
vt 0.200000 0.100000
vt 0.750000 0.050000
vt 0.750000 0.100000
vt 0.700000 0.050000
vt 0.700000 0.100000
vt 0.800000 0.050000
vt 0.800000 0.100000
vt 0.850000 0.050000
vt 0.850000 0.100000
vt 0.900000 0.050000
vt 0.900000 0.100000
vt 0.950000 0.050000
vt 0.950000 0.100000
vt 1.000000 0.050000
vt 1.000000 0.100000
vt 0.050000 0.150000
vt 0.000000 0.150000
vt 0.100000 0.150000
vt 0.150000 0.150000
vt 0.200000 0.150000
vt 0.750000 0.150000
vt 0.700000 0.150000
vt 0.800000 0.150000
vt 0.850000 0.150000
vt 0.900000 0.150000
vt 0.950000 0.150000
vt 1.000000 0.150000
vt 0.050000 0.200000
vt 0.000000 0.200000
vt 0.100000 0.200000
vt 0.150000 0.200000
vt 0.200000 0.200000
vt 0.750000 0.200000
vt 0.700000 0.200000
vt 0.800000 0.200000
vt 0.850000 0.200000
vt 0.900000 0.200000
vt 0.950000 0.200000
vt 1.000000 0.200000
vt 0.050000 0.250000
vt 0.000000 0.250000
vt 0.100000 0.250000
vt 0.150000 0.250000
vt 0.200000 0.250000
vt 0.750000 0.250000
vt 0.700000 0.250000
vt 0.800000 0.250000
vt 0.850000 0.250000
vt 0.900000 0.250000
vt 0.950000 0.250000
vt 1.000000 0.250000
vt 0.050000 0.300000
vt 0.000000 0.300000
vt 0.100000 0.300000
vt 0.150000 0.300000
vt 0.200000 0.300000
vt 0.750000 0.300000
vt 0.700000 0.300000
vt 0.800000 0.300000
vt 0.850000 0.300000
vt 0.900000 0.300000
vt 0.950000 0.300000
vt 1.000000 0.300000
vt 0.050000 0.350000
vt 0.000000 0.350000
vt 0.100000 0.350000
vt 0.150000 0.350000
vt 0.200000 0.350000
vt 0.750000 0.350000
vt 0.700000 0.350000
vt 0.800000 0.350000
vt 0.850000 0.350000
vt 0.900000 0.350000
vt 0.950000 0.350000
vt 1.000000 0.350000
vt 0.000000 0.400000
vt 0.050000 0.400000
vt 0.100000 0.400000
vt 0.150000 0.400000
vt 0.200000 0.400000
vt 0.700000 0.400000
vt 0.750000 0.400000
vt 0.800000 0.400000
vt 0.850000 0.400000
vt 0.900000 0.400000
vt 0.950000 0.400000
vt 1.000000 0.400000
vt 0.000000 0.450000
vt 0.050000 0.450000
vt 0.100000 0.450000
vt 0.150000 0.450000
vt 0.200000 0.450000
vt 0.700000 0.450000
vt 0.750000 0.450000
vt 0.800000 0.450000
vt 0.850000 0.450000
vt 0.900000 0.450000
vt 0.950000 0.450000
vt 1.000000 0.450000
vt 0.000000 0.500000
vt 0.050000 0.500000
vt 0.100000 0.500000
vt 0.150000 0.500000
vt 0.200000 0.500000
vt 0.700000 0.500000
vt 0.750000 0.500000
vt 0.800000 0.500000
vt 0.850000 0.500000
vt 0.900000 0.500000
vt 0.950000 0.500000
vt 1.000000 0.500000
vt 0.000000 0.550000
vt 0.050000 0.550000
vt 0.100000 0.550000
vt 0.150000 0.550000
vt 0.200000 0.550000
vt 0.700000 0.550000
vt 0.750000 0.550000
vt 0.800000 0.550000
vt 0.850000 0.550000
vt 0.900000 0.550000
vt 0.950000 0.550000
vt 1.000000 0.550000
vt 0.000000 0.600000
vt 0.050000 0.600000
vt 0.100000 0.600000
vt 0.150000 0.600000
vt 0.200000 0.600000
vt 0.700000 0.600000
vt 0.750000 0.600000
vt 0.800000 0.600000
vt 0.850000 0.600000
vt 0.900000 0.600000
vt 0.950000 0.600000
vt 1.000000 0.600000
vt 0.000000 0.650000
vt 0.050000 0.650000
vt 0.100000 0.650000
vt 0.150000 0.650000
vt 0.200000 0.650000
vt 0.700000 0.650000
vt 0.750000 0.650000
vt 0.800000 0.650000
vt 0.850000 0.650000
vt 0.900000 0.650000
vt 0.950000 0.650000
vt 1.000000 0.650000
vt 0.000000 0.700000
vt 0.050000 0.700000
vt 0.100000 0.700000
vt 0.150000 0.700000
vt 0.200000 0.700000
vt 0.700000 0.700000
vt 0.750000 0.700000
vt 0.800000 0.700000
vt 0.850000 0.700000
vt 0.900000 0.700000
vt 0.950000 0.700000
vt 1.000000 0.700000
vt 0.100000 0.750000
vt 0.850000 0.750000
vt 0.025000 0.000000
vt 0.075000 0.000000
vt 0.125000 0.000000
vt 0.175000 0.000000
vt 0.725000 0.000000
vt 0.775000 0.000000
vt 0.825000 0.000000
vt 0.875000 0.000000
vt 0.925000 0.000000
vt 0.975000 0.000000
vn -0.025379 -0.982448 -0.184803
vn 0.005858 -0.911507 -0.411242
vn -0.052849 -0.990296 -0.128535
vn -0.052849 -0.990296 -0.128535
vn 0.005858 -0.911507 -0.411242
vn 0.125657 -0.923576 -0.362240
vn 0.021131 -0.982759 -0.183682
vn 0.029333 -0.922155 -0.385707
vn -0.025379 -0.982448 -0.184803
vn -0.025379 -0.982448 -0.184803
vn 0.029333 -0.922155 -0.385707
vn 0.005858 -0.911507 -0.411242
vn 0.026447 -0.982569 -0.184006
vn 0.048129 -0.925390 -0.375949
vn 0.021131 -0.982759 -0.183682
vn 0.021131 -0.982759 -0.183682
vn 0.048129 -0.925390 -0.375949
vn 0.029333 -0.922155 -0.385707
vn 0.026447 -0.982569 -0.184006
vn 0.000000 -0.978970 -0.204003
vn 0.048129 -0.925390 -0.375949
vn 0.048129 -0.925390 -0.375949
vn 0.000000 -0.978970 -0.204003
vn 0.000000 -0.919847 -0.392276
vn 0.025122 -0.986203 0.163621
vn 0.076929 -0.953885 0.290145
vn 0.000000 -0.985082 0.172084
vn 0.000000 -0.985082 0.172084
vn 0.076929 -0.953885 0.290145
vn 0.000000 -0.957370 0.288863
vn 0.023063 -0.987496 0.155949
vn 0.034055 -0.943055 0.330890
vn 0.025122 -0.986203 0.163621
vn 0.025122 -0.986203 0.163621
vn 0.034055 -0.943055 0.330890
vn 0.076929 -0.953885 0.290145
vn 0.023063 -0.987496 0.155949
vn -0.024267 -0.984169 0.175561
vn 0.034055 -0.943055 0.330890
vn 0.034055 -0.943055 0.330890
vn -0.024267 -0.984169 0.175561
vn 0.015430 -0.925487 0.378464
vn -0.024267 -0.984169 0.175561
vn -0.053534 -0.990146 0.129401
vn 0.015430 -0.925487 0.378464
vn 0.015430 -0.925487 0.378464
vn -0.053534 -0.990146 0.129401
vn 0.131142 -0.922534 0.362950
vn -0.053534 -0.990146 0.129401
vn -0.059346 -0.998237 -0.000001
vn 0.131142 -0.922534 0.362950
vn 0.131142 -0.922534 0.362950
vn -0.059346 -0.998237 -0.000001
vn 0.268891 -0.963171 0.000000
vn -0.052849 -0.990296 -0.128535
vn 0.125657 -0.923576 -0.362240
vn -0.059346 -0.998237 -0.000001
vn -0.059346 -0.998237 -0.000001
vn 0.125657 -0.923576 -0.362240
vn 0.268891 -0.963171 0.000000
vn 0.005858 -0.911507 -0.411242
vn 0.270255 -0.693523 -0.667823
vn 0.125657 -0.923576 -0.362240
vn 0.125657 -0.923576 -0.362240
vn 0.270255 -0.693523 -0.667823
vn 0.468290 -0.674055 -0.571275
vn 0.029333 -0.922155 -0.385707
vn 0.192991 -0.795960 -0.573762
vn 0.005858 -0.911507 -0.411242
vn 0.005858 -0.911507 -0.411242
vn 0.192991 -0.795960 -0.573762
vn 0.270255 -0.693523 -0.667823
vn 0.048129 -0.925390 -0.375949
vn 0.109251 -0.815680 -0.568093
vn 0.029333 -0.922155 -0.385707
vn 0.029333 -0.922155 -0.385707
vn 0.109251 -0.815680 -0.568093
vn 0.192991 -0.795960 -0.573762
vn 0.048129 -0.925390 -0.375949
vn 0.000000 -0.919847 -0.392276
vn 0.109251 -0.815680 -0.568093
vn 0.109251 -0.815680 -0.568093
vn 0.000000 -0.919847 -0.392276
vn 0.000000 -0.812075 -0.583553
vn 0.076929 -0.953885 0.290145
vn 0.170789 -0.895920 0.410072
vn 0.000000 -0.957371 0.288863
vn 0.000000 -0.957370 0.288863
vn 0.170789 -0.895920 0.410072
vn 0.000000 -0.907127 0.420858
vn 0.034055 -0.943055 0.330890
vn 0.248534 -0.857023 0.451379
vn 0.076929 -0.953885 0.290145
vn 0.076929 -0.953885 0.290145
vn 0.248534 -0.857023 0.451379
vn 0.170789 -0.895920 0.410072
vn 0.034055 -0.943055 0.330890
vn 0.015430 -0.925487 0.378464
vn 0.248534 -0.857023 0.451379
vn 0.248534 -0.857023 0.451379
vn 0.015430 -0.925487 0.378464
vn 0.292273 -0.729968 0.617838
vn 0.015430 -0.925487 0.378464
vn 0.131142 -0.922534 0.362950
vn 0.292273 -0.729968 0.617838
vn 0.292273 -0.729968 0.617838
vn 0.131142 -0.922534 0.362950
vn 0.470460 -0.677817 0.565006
vn 0.131142 -0.922534 0.362950
vn 0.268891 -0.963171 0.000000
vn 0.470460 -0.677817 0.565006
vn 0.470460 -0.677817 0.565006
vn 0.268891 -0.963171 0.000000
vn 0.699436 -0.714695 0.000001
vn 0.125657 -0.923576 -0.362240
vn 0.468290 -0.674055 -0.571275
vn 0.268891 -0.963171 0.000000
vn 0.268891 -0.963171 0.000000
vn 0.468290 -0.674055 -0.571275
vn 0.699436 -0.714695 0.000001
vn 0.270255 -0.693523 -0.667823
vn 0.408148 -0.601835 -0.686447
vn 0.468290 -0.674055 -0.571275
vn 0.468290 -0.674055 -0.571275
vn 0.408148 -0.601835 -0.686447
vn 0.581049 -0.550198 -0.599720
vn 0.270255 -0.693523 -0.667823
vn 0.192991 -0.795960 -0.573762
vn 0.408148 -0.601835 -0.686447
vn 0.408148 -0.601835 -0.686447
vn 0.192991 -0.795960 -0.573762
vn 0.315640 -0.680398 -0.661385
vn 0.109251 -0.815680 -0.568093
vn 0.163775 -0.664985 -0.728679
vn 0.192991 -0.795960 -0.573762
vn 0.192991 -0.795960 -0.573762
vn 0.163775 -0.664985 -0.728679
vn 0.315640 -0.680398 -0.661385
vn 0.109251 -0.815680 -0.568093
vn 0.000000 -0.812075 -0.583553
vn 0.163775 -0.664985 -0.728679
vn 0.163775 -0.664985 -0.728679
vn 0.000000 -0.812075 -0.583553
vn 0.000000 -0.661965 -0.749535
vn 0.170789 -0.895920 0.410072
vn 0.265932 -0.806234 0.528456
vn 0.000000 -0.907127 0.420858
vn 0.000000 -0.907127 0.420858
vn 0.265932 -0.806234 0.528456
vn 0.000000 -0.830110 0.557600
vn 0.248534 -0.857023 0.451379
vn 0.417550 -0.765761 0.489143
vn 0.170789 -0.895920 0.410072
vn 0.170789 -0.895920 0.410072
vn 0.417550 -0.765761 0.489143
vn 0.265932 -0.806234 0.528456
vn 0.292273 -0.729968 0.617838
vn 0.445160 -0.656448 0.609023
vn 0.248534 -0.857023 0.451379
vn 0.248534 -0.857023 0.451379
vn 0.445160 -0.656448 0.609023
vn 0.417550 -0.765761 0.489143
vn 0.292273 -0.729968 0.617838
vn 0.470460 -0.677817 0.565006
vn 0.445160 -0.656448 0.609023
vn 0.445160 -0.656448 0.609023
vn 0.470460 -0.677817 0.565006
vn 0.591789 -0.560955 0.578891
vn 0.470460 -0.677817 0.565006
vn 0.699436 -0.714695 0.000001
vn 0.591789 -0.560955 0.578891
vn 0.591789 -0.560955 0.578891
vn 0.699436 -0.714695 0.000001
vn 0.817565 -0.575837 0.000001
vn 0.468290 -0.674055 -0.571275
vn 0.581049 -0.550198 -0.599720
vn 0.699436 -0.714695 0.000001
vn 0.699436 -0.714695 0.000001
vn 0.581049 -0.550198 -0.599720
vn 0.817565 -0.575837 0.000001
vn 0.408148 -0.601835 -0.686447
vn 0.494744 -0.534009 -0.685612
vn 0.581049 -0.550198 -0.599720
vn 0.581049 -0.550198 -0.599720
vn 0.494744 -0.534009 -0.685612
vn 0.691922 -0.450698 -0.564017
vn 0.315640 -0.680398 -0.661385
vn 0.378893 -0.535055 -0.755087
vn 0.408148 -0.601835 -0.686447
vn 0.408148 -0.601835 -0.686447
vn 0.378893 -0.535055 -0.755087
vn 0.494744 -0.534009 -0.685612
vn 0.163775 -0.664985 -0.728679
vn 0.197985 -0.519817 -0.831019
vn 0.315640 -0.680398 -0.661385
vn 0.315640 -0.680398 -0.661385
vn 0.197985 -0.519817 -0.831019
vn 0.378893 -0.535055 -0.755087
vn 0.163775 -0.664985 -0.728679
vn 0.000000 -0.661965 -0.749535
vn 0.197985 -0.519817 -0.831019
vn 0.197985 -0.519817 -0.831019
vn 0.000000 -0.661965 -0.749535
vn 0.000000 -0.515142 -0.857105
vn 0.265932 -0.806234 0.528456
vn 0.347438 -0.698578 0.625520
vn 0.000000 -0.830110 0.557600
vn 0.000000 -0.830110 0.557600
vn 0.347438 -0.698578 0.625520
vn 0.000000 -0.735021 0.678044
vn 0.417550 -0.765761 0.489143
vn 0.525734 -0.642983 0.556934
vn 0.265932 -0.806234 0.528456
vn 0.265932 -0.806234 0.528456
vn 0.525734 -0.642983 0.556934
vn 0.347438 -0.698578 0.625520
vn 0.445160 -0.656448 0.609023
vn 0.582233 -0.579828 0.569916
vn 0.417550 -0.765761 0.489143
vn 0.417550 -0.765761 0.489143
vn 0.582233 -0.579828 0.569916
vn 0.525734 -0.642983 0.556934
vn 0.445160 -0.656448 0.609023
vn 0.591789 -0.560955 0.578891
vn 0.582233 -0.579828 0.569916
vn 0.582233 -0.579828 0.569916
vn 0.591789 -0.560955 0.578891
vn 0.696501 -0.434024 0.571410
vn 0.591789 -0.560955 0.578891
vn 0.817565 -0.575837 0.000001
vn 0.696501 -0.434024 0.571410
vn 0.696501 -0.434024 0.571410
vn 0.817565 -0.575837 0.000001
vn 0.881432 -0.472311 0.000008
vn 0.581049 -0.550198 -0.599720
vn 0.691922 -0.450698 -0.564017
vn 0.817565 -0.575837 0.000001
vn 0.817565 -0.575837 0.000001
vn 0.691922 -0.450698 -0.564017
vn 0.881432 -0.472311 0.000008
vn 0.494744 -0.534009 -0.685612
vn 0.579549 -0.425305 -0.695154
vn 0.691922 -0.450698 -0.564017
vn 0.691922 -0.450698 -0.564017
vn 0.579549 -0.425305 -0.695154
vn 0.765793 -0.354837 -0.536333
vn 0.378893 -0.535055 -0.755087
vn 0.414807 -0.416758 -0.808856
vn 0.494744 -0.534009 -0.685612
vn 0.494744 -0.534009 -0.685612
vn 0.414807 -0.416758 -0.808856
vn 0.579549 -0.425305 -0.695154
vn 0.197985 -0.519817 -0.831019
vn 0.216781 -0.398727 -0.891079
vn 0.378893 -0.535055 -0.755087
vn 0.378893 -0.535055 -0.755087
vn 0.216781 -0.398727 -0.891079
vn 0.414807 -0.416758 -0.808856
vn 0.197985 -0.519817 -0.831019
vn 0.000000 -0.515142 -0.857105
vn 0.216781 -0.398727 -0.891079
vn 0.216781 -0.398727 -0.891079
vn 0.000000 -0.515142 -0.857105
vn 0.000000 -0.394128 -0.919056
vn 0.347438 -0.698578 0.625520
vn 0.426773 -0.526970 0.734961
vn 0.000000 -0.735021 0.678044
vn 0.000000 -0.735021 0.678044
vn 0.426773 -0.526970 0.734961
vn 0.000000 -0.565271 0.824905
vn 0.525734 -0.642983 0.556934
vn 0.615608 -0.478878 0.625862
vn 0.347438 -0.698578 0.625520
vn 0.347438 -0.698578 0.625520
vn 0.615608 -0.478878 0.625862
vn 0.426773 -0.526970 0.734961
vn 0.582233 -0.579828 0.569916
vn 0.685484 -0.461677 0.562997
vn 0.525734 -0.642983 0.556934
vn 0.525734 -0.642983 0.556934
vn 0.685484 -0.461677 0.562997
vn 0.615608 -0.478878 0.625862
vn 0.696501 -0.434024 0.571410
vn 0.761002 -0.373394 0.530521
vn 0.582233 -0.579828 0.569916
vn 0.582233 -0.579828 0.569916
vn 0.761002 -0.373394 0.530521
vn 0.685484 -0.461677 0.562997
vn 0.696501 -0.434024 0.571410
vn 0.881432 -0.472311 0.000008
vn 0.761002 -0.373394 0.530521
vn 0.761002 -0.373394 0.530521
vn 0.881432 -0.472311 0.000008
vn 0.936652 -0.350262 -0.000005
vn 0.691922 -0.450698 -0.564017
vn 0.765793 -0.354837 -0.536333
vn 0.881432 -0.472311 0.000008
vn 0.881432 -0.472311 0.000008
vn 0.765793 -0.354837 -0.536333
vn 0.936652 -0.350262 -0.000005
vn 0.579549 -0.425305 -0.695154
vn 0.648065 -0.301197 -0.699494
vn 0.765793 -0.354837 -0.536333
vn 0.765793 -0.354837 -0.536333
vn 0.648065 -0.301197 -0.699494
vn 0.828850 -0.256339 -0.497290
vn 0.414807 -0.416758 -0.808856
vn 0.443159 -0.298219 -0.845385
vn 0.579549 -0.425305 -0.695154
vn 0.579549 -0.425305 -0.695154
vn 0.443159 -0.298219 -0.845385
vn 0.648065 -0.301197 -0.699494
vn 0.414807 -0.416758 -0.808856
vn 0.216781 -0.398727 -0.891079
vn 0.443159 -0.298219 -0.845385
vn 0.443159 -0.298219 -0.845385
vn 0.216781 -0.398727 -0.891079
vn 0.228458 -0.292873 -0.928457
vn 0.216781 -0.398727 -0.891079
vn 0.000000 -0.394128 -0.919056
vn 0.228458 -0.292873 -0.928457
vn 0.228458 -0.292873 -0.928457
vn 0.000000 -0.394128 -0.919056
vn 0.000000 -0.288512 -0.957476
vn 0.426773 -0.526970 0.734961
vn 0.481595 -0.247045 0.840854
vn 0.000000 -0.565271 0.824905
vn 0.000000 -0.565271 0.824905
vn 0.481595 -0.247045 0.840854
vn 0.320180 -0.248053 0.914305
vn 0.615608 -0.478878 0.625862
vn 0.678320 -0.254856 0.689152
vn 0.426773 -0.526970 0.734961
vn 0.426773 -0.526970 0.734961
vn 0.678320 -0.254856 0.689152
vn 0.481595 -0.247045 0.840854
vn 0.685484 -0.461677 0.562997
vn 0.740841 -0.296668 0.602613
vn 0.615608 -0.478878 0.625862
vn 0.615608 -0.478878 0.625862
vn 0.740841 -0.296668 0.602613
vn 0.678320 -0.254856 0.689152
vn 0.685484 -0.461677 0.562997
vn 0.761002 -0.373394 0.530521
vn 0.740841 -0.296668 0.602613
vn 0.740841 -0.296668 0.602613
vn 0.761002 -0.373394 0.530521
vn 0.840594 -0.262326 0.473906
vn 0.761002 -0.373394 0.530521
vn 0.936652 -0.350262 -0.000005
vn 0.840594 -0.262326 0.473906
vn 0.840594 -0.262326 0.473906
vn 0.936652 -0.350262 -0.000005
vn 0.983906 -0.178685 0.000011
vn 0.765793 -0.354837 -0.536333
vn 0.828850 -0.256339 -0.497290
vn 0.936652 -0.350262 -0.000005
vn 0.936652 -0.350262 -0.000005
vn 0.828850 -0.256339 -0.497290
vn 0.983906 -0.178685 0.000011
vn 0.828850 -0.256339 -0.497290
vn 0.648065 -0.301197 -0.699494
vn 0.884676 -0.146306 -0.442655
vn 0.884676 -0.146306 -0.442655
vn 0.648065 -0.301197 -0.699494
vn 0.688070 -0.186446 -0.701282
vn 0.648065 -0.301197 -0.699494
vn 0.443159 -0.298219 -0.845385
vn 0.688070 -0.186446 -0.701282
vn 0.688070 -0.186446 -0.701282
vn 0.443159 -0.298219 -0.845385
vn 0.463084 -0.192787 -0.865093
vn 0.443159 -0.298219 -0.845385
vn 0.228458 -0.292873 -0.928457
vn 0.463084 -0.192787 -0.865093
vn 0.463084 -0.192787 -0.865093
vn 0.228458 -0.292873 -0.928457
vn 0.235467 -0.192060 -0.952716
vn 0.228458 -0.292873 -0.928457
vn 0.000000 -0.288512 -0.957476
vn 0.235467 -0.192060 -0.952716
vn 0.235467 -0.192060 -0.952716
vn 0.000000 -0.288512 -0.957476
vn 0.000000 -0.188962 -0.981984
vn 0.320180 -0.248053 0.914305
vn 0.481595 -0.247045 0.840854
vn 0.329824 0.072058 0.941288
vn 0.329824 0.072058 0.941288
vn 0.481595 -0.247045 0.840854
vn 0.491918 0.050139 0.869197
vn 0.481595 -0.247045 0.840854
vn 0.678320 -0.254856 0.689152
vn 0.491918 0.050139 0.869197
vn 0.491918 0.050139 0.869197
vn 0.678320 -0.254856 0.689152
vn 0.677340 -0.054089 0.733679
vn 0.678320 -0.254856 0.689152
vn 0.740841 -0.296668 0.602613
vn 0.677340 -0.054089 0.733679
vn 0.677340 -0.054089 0.733679
vn 0.740841 -0.296668 0.602613
vn 0.750947 -0.176800 0.636256
vn 0.840594 -0.262326 0.473906
vn 0.893307 -0.155762 0.421593
vn 0.740841 -0.296668 0.602613
vn 0.740841 -0.296668 0.602613
vn 0.893307 -0.155762 0.421593
vn 0.750947 -0.176800 0.636256
vn 0.983906 -0.178685 0.000011
vn 0.998337 -0.057641 -0.001266
vn 0.840594 -0.262326 0.473906
vn 0.840594 -0.262326 0.473906
vn 0.998337 -0.057641 -0.001266
vn 0.893307 -0.155762 0.421593
vn 0.983906 -0.178685 0.000011
vn 0.828850 -0.256339 -0.497290
vn 0.998337 -0.057641 -0.001266
vn 0.998337 -0.057641 -0.001266
vn 0.828850 -0.256339 -0.497290
vn 0.884676 -0.146306 -0.442655
vn 0.884676 -0.146306 -0.442655
vn 0.688070 -0.186446 -0.701282
vn 0.910182 -0.060887 -0.409709
vn 0.910182 -0.060887 -0.409709
vn 0.688070 -0.186446 -0.701282
vn 0.706790 -0.081673 -0.702693
vn 0.688070 -0.186446 -0.701282
vn 0.463084 -0.192787 -0.865093
vn 0.706790 -0.081673 -0.702693
vn 0.706790 -0.081673 -0.702693
vn 0.463084 -0.192787 -0.865093
vn 0.475605 -0.094835 -0.874532
vn 0.463084 -0.192787 -0.865093
vn 0.235467 -0.192060 -0.952716
vn 0.475605 -0.094835 -0.874532
vn 0.475605 -0.094835 -0.874532
vn 0.235467 -0.192060 -0.952716
vn 0.238991 -0.095192 -0.966345
vn 0.235467 -0.192060 -0.952716
vn 0.000000 -0.188962 -0.981984
vn 0.238991 -0.095192 -0.966345
vn 0.238991 -0.095192 -0.966345
vn 0.000000 -0.188962 -0.981984
vn 0.000000 -0.093544 -0.995615
vn 0.329824 0.072058 0.941288
vn 0.491918 0.050139 0.869197
vn 0.318815 0.248050 0.914783
vn 0.318815 0.248050 0.914783
vn 0.491918 0.050139 0.869197
vn 0.468194 0.209211 0.858501
vn 0.491918 0.050139 0.869197
vn 0.677340 -0.054089 0.733679
vn 0.468194 0.209211 0.858501
vn 0.468194 0.209211 0.858501
vn 0.677340 -0.054089 0.733679
vn 0.622989 0.057672 0.780102
vn 0.677340 -0.054089 0.733679
vn 0.750947 -0.176800 0.636256
vn 0.622989 0.057672 0.780102
vn 0.622989 0.057672 0.780102
vn 0.750947 -0.176800 0.636256
vn 0.733205 -0.078954 0.675408
vn 0.893307 -0.155762 0.421593
vn 0.915546 -0.070645 0.395961
vn 0.750947 -0.176800 0.636256
vn 0.750947 -0.176800 0.636256
vn 0.915546 -0.070645 0.395961
vn 0.733205 -0.078954 0.675408
vn 0.998337 -0.057641 -0.001266
vn 0.999734 -0.023080 0.000498
vn 0.893307 -0.155762 0.421593
vn 0.893307 -0.155762 0.421593
vn 0.999734 -0.023080 0.000498
vn 0.915546 -0.070645 0.395961
vn 0.998337 -0.057641 -0.001266
vn 0.884676 -0.146306 -0.442655
vn 0.999734 -0.023080 0.000498
vn 0.999734 -0.023080 0.000498
vn 0.884676 -0.146306 -0.442655
vn 0.910182 -0.060887 -0.409709
vn 0.910182 -0.060887 -0.409709
vn 0.706790 -0.081673 -0.702693
vn 0.915387 0.029805 -0.401470
vn 0.915387 0.029805 -0.401470
vn 0.706790 -0.081673 -0.702693
vn 0.716132 0.012627 -0.697850
vn 0.706790 -0.081673 -0.702693
vn 0.475605 -0.094835 -0.874532
vn 0.716132 0.012627 -0.697850
vn 0.716132 0.012627 -0.697850
vn 0.475605 -0.094835 -0.874532
vn 0.481285 0.001376 -0.876563
vn 0.475605 -0.094835 -0.874532
vn 0.238991 -0.095192 -0.966345
vn 0.481285 0.001376 -0.876563
vn 0.481285 0.001376 -0.876563
vn 0.238991 -0.095192 -0.966345
vn 0.239293 0.000017 -0.970947
vn 0.238991 -0.095192 -0.966345
vn 0.000000 -0.093544 -0.995615
vn 0.239293 0.000017 -0.970947
vn 0.239293 0.000017 -0.970947
vn 0.000000 -0.093544 -0.995615
vn 0.000000 -0.000204 -1.000000
vn 0.318815 0.248050 0.914783
vn 0.468194 0.209211 0.858501
vn 0.000000 0.320671 0.947191
vn 0.000000 0.320671 0.947191
vn 0.468194 0.209211 0.858501
vn 0.416766 0.245670 0.875187
vn 0.468194 0.209211 0.858501
vn 0.622989 0.057672 0.780102
vn 0.416766 0.245670 0.875187
vn 0.416766 0.245670 0.875187
vn 0.622989 0.057672 0.780102
vn 0.548007 0.090640 0.831548
vn 0.622989 0.057672 0.780102
vn 0.733205 -0.078954 0.675408
vn 0.548007 0.090640 0.831548
vn 0.548007 0.090640 0.831548
vn 0.733205 -0.078954 0.675408
vn 0.717069 0.018431 0.696758
vn 0.915546 -0.070645 0.395961
vn 0.920255 0.029146 0.390232
vn 0.733205 -0.078954 0.675408
vn 0.733205 -0.078954 0.675408
vn 0.920255 0.029146 0.390232
vn 0.717069 0.018431 0.696758
vn 0.999734 -0.023080 0.000498
vn 0.999277 0.038016 0.000210
vn 0.915546 -0.070645 0.395961
vn 0.915546 -0.070645 0.395961
vn 0.999277 0.038016 0.000210
vn 0.920255 0.029146 0.390232
vn 0.999734 -0.023080 0.000498
vn 0.910182 -0.060887 -0.409709
vn 0.999277 0.038016 0.000210
vn 0.999277 0.038016 0.000210
vn 0.910182 -0.060887 -0.409709
vn 0.915387 0.029805 -0.401470
vn 0.915387 0.029805 -0.401470
vn 0.716132 0.012627 -0.697850
vn 0.909898 0.128132 -0.394547
vn 0.909898 0.128132 -0.394547
vn 0.716132 0.012627 -0.697850
vn 0.715074 0.112738 -0.689898
vn 0.716132 0.012627 -0.697850
vn 0.481285 0.001376 -0.876563
vn 0.715074 0.112738 -0.689898
vn 0.715074 0.112738 -0.689898
vn 0.481285 0.001376 -0.876563
vn 0.478888 0.101188 -0.872025
vn 0.481285 0.001376 -0.876563
vn 0.239293 0.000017 -0.970947
vn 0.478888 0.101188 -0.872025
vn 0.478888 0.101188 -0.872025
vn 0.239293 0.000017 -0.970947
vn 0.237214 0.095260 -0.966776
vn 0.239293 0.000017 -0.970947
vn 0.000000 -0.000204 -1.000000
vn 0.237214 0.095260 -0.966776
vn 0.237214 0.095260 -0.966776
vn 0.000000 -0.000204 -1.000000
vn 0.000000 0.093136 -0.995653
vn 0.000000 0.320671 0.947191
vn 0.416766 0.245670 0.875187
vn 0.000000 0.312355 0.949965
vn 0.000000 0.312355 0.949965
vn 0.416766 0.245670 0.875187
vn 0.349213 0.224161 0.909837
vn 0.416766 0.245670 0.875187
vn 0.548007 0.090640 0.831548
vn 0.349213 0.224161 0.909837
vn 0.349213 0.224161 0.909837
vn 0.548007 0.090640 0.831548
vn 0.496426 0.134766 0.857554
vn 0.548007 0.090640 0.831548
vn 0.717069 0.018431 0.696758
vn 0.496426 0.134766 0.857554
vn 0.496426 0.134766 0.857554
vn 0.717069 0.018431 0.696758
vn 0.712972 0.138686 0.687340
vn 0.717069 0.018431 0.696758
vn 0.920255 0.029146 0.390232
vn 0.712972 0.138686 0.687340
vn 0.712972 0.138686 0.687340
vn 0.920255 0.029146 0.390232
vn 0.914075 0.139758 0.380702
vn 0.920255 0.029146 0.390232
vn 0.999277 0.038016 0.000210
vn 0.914075 0.139758 0.380702
vn 0.914075 0.139758 0.380702
vn 0.999277 0.038016 0.000210
vn 0.990624 0.136600 -0.002251
vn 0.999277 0.038016 0.000210
vn 0.915387 0.029805 -0.401470
vn 0.990624 0.136600 -0.002251
vn 0.990624 0.136600 -0.002251
vn 0.915387 0.029805 -0.401470
vn 0.909898 0.128132 -0.394547
vn 0.909898 0.128132 -0.394547
vn 0.715074 0.112738 -0.689898
vn 0.890575 0.240423 -0.386100
vn 0.890575 0.240423 -0.386100
vn 0.715074 0.112738 -0.689898
vn 0.702022 0.221224 -0.676923
vn 0.715074 0.112738 -0.689898
vn 0.478888 0.101188 -0.872025
vn 0.702022 0.221224 -0.676923
vn 0.702022 0.221224 -0.676923
vn 0.478888 0.101188 -0.872025
vn 0.470526 0.203590 -0.858578
vn 0.478888 0.101188 -0.872025
vn 0.237214 0.095260 -0.966776
vn 0.470526 0.203590 -0.858578
vn 0.470526 0.203590 -0.858578
vn 0.237214 0.095260 -0.966776
vn 0.232805 0.192497 -0.953282
vn 0.237214 0.095260 -0.966776
vn 0.000000 0.093136 -0.995653
vn 0.232805 0.192497 -0.953282
vn 0.232805 0.192497 -0.953282
vn 0.000000 0.093136 -0.995653
vn 0.000000 0.188555 -0.982063
vn 0.000000 0.312355 0.949965
vn 0.349213 0.224161 0.909837
vn 0.000000 0.315524 0.948918
vn 0.000000 0.315524 0.948918
vn 0.349213 0.224161 0.909837
vn 0.295518 0.257907 0.919866
vn 0.349213 0.224161 0.909837
vn 0.496426 0.134766 0.857554
vn 0.295518 0.257907 0.919866
vn 0.295518 0.257907 0.919866
vn 0.496426 0.134766 0.857554
vn 0.482099 0.230093 0.845363
vn 0.496426 0.134766 0.857554
vn 0.712972 0.138686 0.687340
vn 0.482099 0.230093 0.845363
vn 0.482099 0.230093 0.845363
vn 0.712972 0.138686 0.687340
vn 0.703152 0.249552 0.665809
vn 0.712972 0.138686 0.687340
vn 0.914075 0.139758 0.380702
vn 0.703152 0.249552 0.665809
vn 0.703152 0.249552 0.665809
vn 0.914075 0.139758 0.380702
vn 0.893982 0.251532 0.370848
vn 0.914075 0.139758 0.380702
vn 0.990624 0.136600 -0.002251
vn 0.893982 0.251532 0.370848
vn 0.893982 0.251532 0.370848
vn 0.990624 0.136600 -0.002251
vn 0.968335 0.249612 -0.004577
vn 0.990624 0.136600 -0.002251
vn 0.909898 0.128132 -0.394547
vn 0.968335 0.249612 -0.004577
vn 0.968335 0.249612 -0.004577
vn 0.909898 0.128132 -0.394547
vn 0.890575 0.240423 -0.386100
vn 0.890575 0.240423 -0.386100
vn 0.702022 0.221224 -0.676923
vn 0.856246 0.358293 -0.372114
vn 0.856246 0.358293 -0.372114
vn 0.702022 0.221224 -0.676923
vn 0.677984 0.333636 -0.654999
vn 0.702022 0.221224 -0.676923
vn 0.470526 0.203590 -0.858578
vn 0.677984 0.333636 -0.654999
vn 0.677984 0.333636 -0.654999
vn 0.470526 0.203590 -0.858578
vn 0.455910 0.309636 -0.834429
vn 0.470526 0.203590 -0.858578
vn 0.232805 0.192497 -0.953282
vn 0.455910 0.309636 -0.834429
vn 0.455910 0.309636 -0.834429
vn 0.232805 0.192497 -0.953282
vn 0.225725 0.293691 -0.928867
vn 0.232805 0.192497 -0.953282
vn 0.000000 0.188555 -0.982063
vn 0.225725 0.293691 -0.928867
vn 0.225725 0.293691 -0.928867
vn 0.000000 0.188555 -0.982063
vn 0.000000 0.288125 -0.957593
vn 0.000000 0.315524 0.948918
vn 0.295518 0.257907 0.919866
vn 0.000000 0.381019 0.924567
vn 0.000000 0.381019 0.924567
vn 0.295518 0.257907 0.919866
vn 0.260821 0.342156 0.902719
vn 0.295518 0.257907 0.919866
vn 0.482099 0.230093 0.845363
vn 0.260821 0.342156 0.902719
vn 0.260821 0.342156 0.902719
vn 0.482099 0.230093 0.845363
vn 0.464303 0.320432 0.825679
vn 0.482099 0.230093 0.845363
vn 0.703152 0.249552 0.665809
vn 0.464303 0.320432 0.825679
vn 0.464303 0.320432 0.825679
vn 0.703152 0.249552 0.665809
vn 0.683035 0.346493 0.642967
vn 0.703152 0.249552 0.665809
vn 0.893982 0.251532 0.370848
vn 0.683035 0.346493 0.642967
vn 0.683035 0.346493 0.642967
vn 0.893982 0.251532 0.370848
vn 0.859881 0.362557 0.359385
vn 0.893982 0.251532 0.370848
vn 0.968335 0.249612 -0.004577
vn 0.859881 0.362557 0.359385
vn 0.859881 0.362557 0.359385
vn 0.968335 0.249612 -0.004577
vn 0.929147 0.369672 -0.005250
vn 0.968335 0.249612 -0.004577
vn 0.890575 0.240423 -0.386100
vn 0.929147 0.369672 -0.005250
vn 0.929147 0.369672 -0.005250
vn 0.890575 0.240423 -0.386100
vn 0.856246 0.358293 -0.372114
vn 0.856246 0.358293 -0.372114
vn 0.677984 0.333636 -0.654999
vn 0.344799 0.926743 -0.149199
vn 0.344799 0.926743 -0.149199
vn 0.677984 0.333636 -0.654999
vn 0.289438 0.915644 -0.278964
vn 0.677984 0.333636 -0.654999
vn 0.455910 0.309636 -0.834429
vn 0.289438 0.915644 -0.278964
vn 0.289438 0.915644 -0.278964
vn 0.455910 0.309636 -0.834429
vn 0.206866 0.902518 -0.377713
vn 0.455910 0.309636 -0.834429
vn 0.225725 0.293691 -0.928867
vn 0.206866 0.902518 -0.377713
vn 0.206866 0.902518 -0.377713
vn 0.225725 0.293691 -0.928867
vn 0.106974 0.892346 -0.438492
vn 0.225725 0.293691 -0.928867
vn 0.000000 0.288125 -0.957593
vn 0.106974 0.892346 -0.438492
vn 0.106974 0.892346 -0.438492
vn 0.000000 0.288125 -0.957593
vn 0.000000 0.891503 -0.453015
vn 0.000000 0.381019 0.924567
vn 0.260821 0.342156 0.902719
vn 0.000000 0.889320 0.457285
vn 0.000000 0.889320 0.457285
vn 0.260821 0.342156 0.902719
vn 0.112058 0.894123 0.433574
vn 0.260821 0.342156 0.902719
vn 0.464303 0.320432 0.825679
vn 0.112058 0.894123 0.433574
vn 0.112058 0.894123 0.433574
vn 0.464303 0.320432 0.825679
vn 0.208510 0.902792 0.376152
vn 0.464303 0.320432 0.825679
vn 0.683035 0.346493 0.642967
vn 0.208510 0.902792 0.376152
vn 0.208510 0.902792 0.376152
vn 0.683035 0.346493 0.642967
vn 0.290869 0.915913 0.276584
vn 0.683035 0.346493 0.642967
vn 0.859881 0.362557 0.359385
vn 0.290869 0.915913 0.276584
vn 0.290869 0.915913 0.276584
vn 0.859881 0.362557 0.359385
vn 0.345545 0.926902 0.146460
vn 0.859881 0.362557 0.359385
vn 0.929147 0.369672 -0.005250
vn 0.345545 0.926902 0.146460
vn 0.345545 0.926902 0.146460
vn 0.929147 0.369672 -0.005250
vn 0.364627 0.931153 -0.001454
vn 0.929147 0.369672 -0.005250
vn 0.856246 0.358293 -0.372114
vn 0.364627 0.931153 -0.001454
vn 0.364627 0.931153 -0.001454
vn 0.856246 0.358293 -0.372114
vn 0.344799 0.926743 -0.149199
vn 0.344799 0.926743 -0.149199
vn 0.289438 0.915644 -0.278964
vn 0.000000 1.000000 0.000001
vn 0.289438 0.915644 -0.278964
vn 0.206866 0.902518 -0.377713
vn 0.000000 1.000000 0.000001
vn 0.206866 0.902518 -0.377713
vn 0.106974 0.892346 -0.438492
vn 0.000000 1.000000 0.000001
vn 0.106974 0.892346 -0.438492
vn 0.000000 0.891503 -0.453015
vn 0.000000 1.000000 0.000001
vn 0.000000 0.889320 0.457285
vn 0.112058 0.894123 0.433574
vn 0.000000 1.000000 0.000001
vn 0.112058 0.894123 0.433574
vn 0.208510 0.902792 0.376152
vn 0.000000 1.000000 0.000001
vn 0.208510 0.902792 0.376152
vn 0.290869 0.915913 0.276584
vn 0.000000 1.000000 0.000001
vn 0.290869 0.915913 0.276584
vn 0.345545 0.926902 0.146460
vn 0.000000 1.000000 0.000001
vn 0.345545 0.926902 0.146460
vn 0.364627 0.931153 -0.001454
vn 0.000000 1.000000 0.000001
vn 0.364627 0.931153 -0.001454
vn 0.344799 0.926743 -0.149199
vn 0.000000 1.000000 0.000001
vn -0.025379 -0.982448 -0.184803
vn -0.052849 -0.990296 -0.128535
vn 0.000000 -1.000000 -0.000438
vn 0.021131 -0.982759 -0.183682
vn -0.025379 -0.982448 -0.184803
vn 0.000000 -1.000000 -0.000438
vn 0.026447 -0.982569 -0.184006
vn 0.021131 -0.982759 -0.183682
vn 0.000000 -1.000000 -0.000438
vn 0.000000 -0.978970 -0.204003
vn 0.026447 -0.982569 -0.184006
vn 0.000000 -1.000000 -0.000438
vn 0.025122 -0.986203 0.163621
vn 0.000000 -0.985082 0.172084
vn 0.000000 -1.000000 -0.000438
vn 0.023063 -0.987496 0.155949
vn 0.025122 -0.986203 0.163621
vn 0.000000 -1.000000 -0.000438
vn -0.024267 -0.984169 0.175561
vn 0.023063 -0.987496 0.155949
vn 0.000000 -1.000000 -0.000438
vn -0.053534 -0.990146 0.129401
vn -0.024267 -0.984169 0.175561
vn 0.000000 -1.000000 -0.000438
vn -0.059346 -0.998237 -0.000001
vn -0.053534 -0.990146 0.129401
vn 0.000000 -1.000000 -0.000438
vn -0.052849 -0.990296 -0.128535
vn -0.059346 -0.998237 -0.000001
vn 0.000000 -1.000000 -0.000438
vn 0.025379 -0.982448 -0.184803
vn 0.052849 -0.990296 -0.128535
vn -0.005858 -0.911507 -0.411242
vn 0.052849 -0.990296 -0.128535
vn -0.125657 -0.923576 -0.362240
vn -0.005858 -0.911507 -0.411242
vn -0.021131 -0.982759 -0.183682
vn 0.025379 -0.982448 -0.184803
vn -0.029333 -0.922155 -0.385707
vn 0.025379 -0.982448 -0.184803
vn -0.005858 -0.911507 -0.411242
vn -0.029333 -0.922155 -0.385707
vn -0.026447 -0.982569 -0.184006
vn -0.021131 -0.982759 -0.183682
vn -0.048129 -0.925390 -0.375949
vn -0.021131 -0.982759 -0.183682
vn -0.029333 -0.922155 -0.385707
vn -0.048129 -0.925390 -0.375949
vn -0.026447 -0.982569 -0.184006
vn -0.048129 -0.925390 -0.375949
vn 0.000000 -0.978970 -0.204003
vn -0.048129 -0.925390 -0.375949
vn -0.025122 -0.986203 0.163621
vn 0.000000 -0.985082 0.172084
vn -0.076929 -0.953885 0.290145
vn -0.076929 -0.953885 0.290145
vn -0.023063 -0.987496 0.155949
vn -0.025122 -0.986203 0.163621
vn -0.034055 -0.943055 0.330890
vn -0.025122 -0.986203 0.163621
vn -0.076929 -0.953885 0.290145
vn -0.034055 -0.943055 0.330890
vn -0.023063 -0.987496 0.155949
vn -0.034055 -0.943055 0.330890
vn 0.024267 -0.984169 0.175561
vn -0.034055 -0.943055 0.330890
vn -0.015430 -0.925487 0.378464
vn 0.024267 -0.984169 0.175561
vn 0.024267 -0.984169 0.175561
vn -0.015430 -0.925487 0.378464
vn 0.053534 -0.990146 0.129401
vn -0.015430 -0.925487 0.378464
vn -0.131142 -0.922534 0.362950
vn 0.053534 -0.990146 0.129401
vn 0.053534 -0.990146 0.129401
vn -0.131142 -0.922534 0.362950
vn 0.059346 -0.998237 -0.000001
vn -0.131142 -0.922534 0.362950
vn -0.268891 -0.963171 0.000000
vn 0.059346 -0.998237 -0.000001
vn 0.052849 -0.990296 -0.128535
vn 0.059346 -0.998237 -0.000001
vn -0.125657 -0.923576 -0.362240
vn 0.059346 -0.998237 -0.000001
vn -0.268891 -0.963171 0.000000
vn -0.125657 -0.923576 -0.362240
vn -0.005858 -0.911507 -0.411242
vn -0.125657 -0.923576 -0.362240
vn -0.270255 -0.693523 -0.667823
vn -0.125657 -0.923576 -0.362240
vn -0.468290 -0.674055 -0.571275
vn -0.270255 -0.693523 -0.667823
vn -0.029333 -0.922155 -0.385707
vn -0.005858 -0.911507 -0.411242
vn -0.192991 -0.795960 -0.573762
vn -0.005858 -0.911507 -0.411242
vn -0.270255 -0.693523 -0.667823
vn -0.192991 -0.795960 -0.573762
vn -0.048129 -0.925390 -0.375949
vn -0.029333 -0.922155 -0.385707
vn -0.109251 -0.815680 -0.568093
vn -0.029333 -0.922155 -0.385707
vn -0.192991 -0.795960 -0.573762
vn -0.109251 -0.815680 -0.568093
vn -0.048129 -0.925390 -0.375949
vn -0.109251 -0.815680 -0.568093
vn 0.000000 -0.919847 -0.392276
vn -0.109251 -0.815680 -0.568093
vn -0.076929 -0.953885 0.290145
vn 0.000000 -0.957370 0.288863
vn -0.170789 -0.895920 0.410072
vn -0.170789 -0.895920 0.410072
vn -0.034055 -0.943055 0.330890
vn -0.076929 -0.953885 0.290145
vn -0.248534 -0.857023 0.451379
vn -0.076929 -0.953885 0.290145
vn -0.170789 -0.895920 0.410072
vn -0.248534 -0.857023 0.451379
vn -0.034055 -0.943055 0.330890
vn -0.248534 -0.857023 0.451379
vn -0.015430 -0.925487 0.378464
vn -0.248534 -0.857023 0.451379
vn -0.292273 -0.729968 0.617838
vn -0.015430 -0.925487 0.378464
vn -0.015430 -0.925487 0.378464
vn -0.292273 -0.729968 0.617838
vn -0.131142 -0.922534 0.362950
vn -0.292273 -0.729968 0.617838
vn -0.470460 -0.677817 0.565006
vn -0.131142 -0.922534 0.362950
vn -0.131142 -0.922534 0.362950
vn -0.470460 -0.677817 0.565006
vn -0.268891 -0.963171 0.000000
vn -0.470460 -0.677817 0.565006
vn -0.699436 -0.714695 0.000001
vn -0.268891 -0.963171 0.000000
vn -0.125657 -0.923576 -0.362240
vn -0.268891 -0.963171 0.000000
vn -0.468290 -0.674055 -0.571275
vn -0.268891 -0.963171 0.000000
vn -0.699436 -0.714695 0.000001
vn -0.468290 -0.674055 -0.571275
vn -0.270255 -0.693523 -0.667823
vn -0.468290 -0.674055 -0.571275
vn -0.408148 -0.601835 -0.686447
vn -0.468290 -0.674055 -0.571275
vn -0.581049 -0.550198 -0.599720
vn -0.408148 -0.601835 -0.686447
vn -0.270255 -0.693523 -0.667823
vn -0.408148 -0.601835 -0.686447
vn -0.192991 -0.795960 -0.573762
vn -0.408148 -0.601835 -0.686447
vn -0.315640 -0.680398 -0.661385
vn -0.192991 -0.795960 -0.573762
vn -0.109251 -0.815680 -0.568093
vn -0.192991 -0.795960 -0.573762
vn -0.163775 -0.664985 -0.728679
vn -0.192991 -0.795960 -0.573762
vn -0.315640 -0.680398 -0.661385
vn -0.163775 -0.664985 -0.728679
vn -0.109251 -0.815680 -0.568093
vn -0.163775 -0.664985 -0.728679
vn 0.000000 -0.812075 -0.583553
vn -0.163775 -0.664985 -0.728679
vn -0.170789 -0.895920 0.410072
vn 0.000000 -0.907127 0.420858
vn -0.265932 -0.806234 0.528456
vn -0.265932 -0.806234 0.528456
vn -0.248534 -0.857023 0.451379
vn -0.170789 -0.895920 0.410072
vn -0.417550 -0.765761 0.489143
vn -0.170789 -0.895920 0.410072
vn -0.265932 -0.806234 0.528456
vn -0.417550 -0.765761 0.489143
vn -0.292273 -0.729968 0.617838
vn -0.248534 -0.857023 0.451379
vn -0.445160 -0.656448 0.609023
vn -0.248534 -0.857023 0.451379
vn -0.417550 -0.765761 0.489143
vn -0.445160 -0.656448 0.609023
vn -0.292273 -0.729968 0.617838
vn -0.445160 -0.656448 0.609023
vn -0.470460 -0.677817 0.565006
vn -0.445160 -0.656448 0.609023
vn -0.591789 -0.560955 0.578891
vn -0.470460 -0.677817 0.565006
vn -0.470460 -0.677817 0.565006
vn -0.591789 -0.560955 0.578891
vn -0.699436 -0.714695 0.000001
vn -0.591789 -0.560955 0.578891
vn -0.817565 -0.575837 0.000001
vn -0.699436 -0.714695 0.000001
vn -0.468290 -0.674055 -0.571275
vn -0.699436 -0.714695 0.000001
vn -0.581049 -0.550198 -0.599720
vn -0.699436 -0.714695 0.000001
vn -0.817565 -0.575837 0.000001
vn -0.581049 -0.550198 -0.599720
vn -0.408148 -0.601835 -0.686447
vn -0.581049 -0.550198 -0.599720
vn -0.494744 -0.534009 -0.685612
vn -0.581049 -0.550198 -0.599720
vn -0.691922 -0.450698 -0.564017
vn -0.494744 -0.534009 -0.685612
vn -0.315640 -0.680398 -0.661385
vn -0.408148 -0.601835 -0.686447
vn -0.378893 -0.535055 -0.755087
vn -0.408148 -0.601835 -0.686447
vn -0.494744 -0.534009 -0.685612
vn -0.378893 -0.535055 -0.755087
vn -0.163775 -0.664985 -0.728679
vn -0.315640 -0.680398 -0.661385
vn -0.197985 -0.519817 -0.831019
vn -0.315640 -0.680398 -0.661385
vn -0.378893 -0.535055 -0.755087
vn -0.197985 -0.519817 -0.831019
vn -0.163775 -0.664985 -0.728679
vn -0.197985 -0.519817 -0.831019
vn 0.000000 -0.661965 -0.749535
vn -0.197985 -0.519817 -0.831019
vn -0.265932 -0.806234 0.528456
vn 0.000000 -0.830110 0.557600
vn -0.347438 -0.698578 0.625520
vn -0.347438 -0.698578 0.625520
vn -0.417550 -0.765761 0.489143
vn -0.265932 -0.806234 0.528456
vn -0.525734 -0.642983 0.556934
vn -0.265932 -0.806234 0.528456
vn -0.347438 -0.698578 0.625520
vn -0.525734 -0.642983 0.556934
vn -0.445160 -0.656448 0.609023
vn -0.417550 -0.765761 0.489143
vn -0.582233 -0.579828 0.569916
vn -0.417550 -0.765761 0.489143
vn -0.525734 -0.642983 0.556934
vn -0.582233 -0.579828 0.569916
vn -0.445160 -0.656448 0.609023
vn -0.582233 -0.579828 0.569916
vn -0.591789 -0.560955 0.578891
vn -0.582233 -0.579828 0.569916
vn -0.696501 -0.434024 0.571410
vn -0.591789 -0.560955 0.578891
vn -0.591789 -0.560955 0.578891
vn -0.696501 -0.434024 0.571410
vn -0.817565 -0.575837 0.000001
vn -0.696501 -0.434024 0.571410
vn -0.881432 -0.472311 0.000008
vn -0.817565 -0.575837 0.000001
vn -0.581049 -0.550198 -0.599720
vn -0.817565 -0.575837 0.000001
vn -0.691922 -0.450698 -0.564017
vn -0.817565 -0.575837 0.000001
vn -0.881432 -0.472311 0.000008
vn -0.691922 -0.450698 -0.564017
vn -0.494744 -0.534009 -0.685612
vn -0.691922 -0.450698 -0.564017
vn -0.579549 -0.425305 -0.695154
vn -0.691922 -0.450698 -0.564017
vn -0.765792 -0.354837 -0.536333
vn -0.579549 -0.425305 -0.695154
vn -0.378893 -0.535055 -0.755087
vn -0.494744 -0.534009 -0.685612
vn -0.414807 -0.416758 -0.808856
vn -0.494744 -0.534009 -0.685612
vn -0.579549 -0.425305 -0.695154
vn -0.414807 -0.416758 -0.808856
vn -0.197985 -0.519817 -0.831019
vn -0.378893 -0.535055 -0.755087
vn -0.216781 -0.398727 -0.891079
vn -0.378893 -0.535055 -0.755087
vn -0.414807 -0.416758 -0.808856
vn -0.216781 -0.398727 -0.891079
vn -0.197985 -0.519817 -0.831019
vn -0.216781 -0.398727 -0.891079
vn 0.000000 -0.515142 -0.857105
vn -0.216781 -0.398727 -0.891079
vn -0.347438 -0.698578 0.625520
vn 0.000000 -0.735021 0.678044
vn -0.426773 -0.526970 0.734961
vn -0.426773 -0.526970 0.734961
vn -0.525734 -0.642983 0.556934
vn -0.347438 -0.698578 0.625520
vn -0.615608 -0.478878 0.625862
vn -0.347438 -0.698578 0.625520
vn -0.426773 -0.526970 0.734961
vn -0.615608 -0.478878 0.625862
vn -0.582233 -0.579828 0.569916
vn -0.525734 -0.642983 0.556934
vn -0.685484 -0.461677 0.562997
vn -0.525734 -0.642983 0.556934
vn -0.615608 -0.478878 0.625862
vn -0.685484 -0.461677 0.562997
vn -0.696501 -0.434024 0.571410
vn -0.582233 -0.579828 0.569916
vn -0.761002 -0.373394 0.530521
vn -0.582233 -0.579828 0.569916
vn -0.685484 -0.461677 0.562997
vn -0.761002 -0.373394 0.530521
vn -0.696501 -0.434024 0.571410
vn -0.761002 -0.373394 0.530521
vn -0.881432 -0.472311 0.000008
vn -0.761002 -0.373394 0.530521
vn -0.936652 -0.350262 -0.000005
vn -0.881432 -0.472311 0.000008
vn -0.691922 -0.450698 -0.564017
vn -0.881432 -0.472311 0.000008
vn -0.765792 -0.354837 -0.536333
vn -0.881432 -0.472311 0.000008
vn -0.936652 -0.350262 -0.000005
vn -0.765792 -0.354837 -0.536333
vn -0.579549 -0.425305 -0.695154
vn -0.765792 -0.354837 -0.536333
vn -0.648065 -0.301197 -0.699494
vn -0.765792 -0.354837 -0.536333
vn -0.828850 -0.256339 -0.497290
vn -0.648065 -0.301197 -0.699494
vn -0.414807 -0.416758 -0.808856
vn -0.579549 -0.425305 -0.695154
vn -0.443159 -0.298219 -0.845385
vn -0.579549 -0.425305 -0.695154
vn -0.648065 -0.301197 -0.699494
vn -0.443159 -0.298219 -0.845385
vn -0.414807 -0.416758 -0.808856
vn -0.443159 -0.298219 -0.845385
vn -0.216781 -0.398727 -0.891079
vn -0.443159 -0.298219 -0.845385
vn -0.228458 -0.292873 -0.928457
vn -0.216781 -0.398727 -0.891079
vn -0.216781 -0.398727 -0.891079
vn -0.228458 -0.292873 -0.928457
vn 0.000000 -0.394128 -0.919056
vn -0.228458 -0.292873 -0.928457
vn -0.426773 -0.526970 0.734961
vn 0.000000 -0.565271 0.824905
vn -0.481595 -0.247045 0.840854
vn 0.000000 -0.565271 0.824905
vn -0.320180 -0.248053 0.914305
vn -0.481595 -0.247045 0.840854
vn -0.615608 -0.478878 0.625862
vn -0.426773 -0.526970 0.734961
vn -0.678320 -0.254856 0.689152
vn -0.426773 -0.526970 0.734961
vn -0.481595 -0.247045 0.840854
vn -0.678320 -0.254856 0.689152
vn -0.685484 -0.461677 0.562997
vn -0.615608 -0.478878 0.625862
vn -0.740841 -0.296668 0.602613
vn -0.615608 -0.478878 0.625862
vn -0.678320 -0.254856 0.689152
vn -0.740841 -0.296668 0.602613
vn -0.685484 -0.461677 0.562997
vn -0.740841 -0.296668 0.602613
vn -0.761002 -0.373394 0.530521
vn -0.740841 -0.296668 0.602613
vn -0.840594 -0.262326 0.473906
vn -0.761002 -0.373394 0.530521
vn -0.761002 -0.373394 0.530521
vn -0.840594 -0.262326 0.473906
vn -0.936652 -0.350262 -0.000005
vn -0.840594 -0.262326 0.473906
vn -0.983906 -0.178685 0.000011
vn -0.936652 -0.350262 -0.000005
vn -0.765792 -0.354837 -0.536333
vn -0.936652 -0.350262 -0.000005
vn -0.828850 -0.256339 -0.497290
vn -0.936652 -0.350262 -0.000005
vn -0.983906 -0.178685 0.000011
vn -0.828850 -0.256339 -0.497290
vn -0.828850 -0.256339 -0.497290
vn -0.884676 -0.146306 -0.442655
vn -0.648065 -0.301197 -0.699494
vn -0.884676 -0.146306 -0.442655
vn -0.688070 -0.186446 -0.701282
vn -0.648065 -0.301197 -0.699494
vn -0.648065 -0.301197 -0.699494
vn -0.688070 -0.186446 -0.701282
vn -0.443159 -0.298219 -0.845385
vn -0.688070 -0.186446 -0.701282
vn -0.463084 -0.192787 -0.865093
vn -0.443159 -0.298219 -0.845385
vn -0.443159 -0.298219 -0.845385
vn -0.463084 -0.192787 -0.865093
vn -0.228458 -0.292873 -0.928457
vn -0.463084 -0.192787 -0.865093
vn -0.235467 -0.192060 -0.952716
vn -0.228458 -0.292873 -0.928457
vn -0.228458 -0.292873 -0.928457
vn -0.235467 -0.192060 -0.952716
vn 0.000000 -0.288512 -0.957476
vn -0.235467 -0.192060 -0.952716
vn -0.320180 -0.248053 0.914305
vn -0.329824 0.072058 0.941288
vn -0.481595 -0.247045 0.840854
vn -0.329824 0.072058 0.941288
vn -0.491918 0.050139 0.869197
vn -0.481595 -0.247045 0.840854
vn -0.481595 -0.247045 0.840854
vn -0.491918 0.050139 0.869197
vn -0.678320 -0.254856 0.689152
vn -0.491918 0.050139 0.869197
vn -0.677340 -0.054089 0.733679
vn -0.678320 -0.254856 0.689152
vn -0.678320 -0.254856 0.689152
vn -0.677340 -0.054089 0.733679
vn -0.740841 -0.296668 0.602613
vn -0.677340 -0.054089 0.733679
vn -0.750947 -0.176800 0.636256
vn -0.740841 -0.296668 0.602613
vn -0.840594 -0.262326 0.473906
vn -0.740841 -0.296668 0.602613
vn -0.893307 -0.155762 0.421593
vn -0.740841 -0.296668 0.602613
vn -0.750947 -0.176800 0.636256
vn -0.893307 -0.155762 0.421593
vn -0.983906 -0.178685 0.000011
vn -0.840594 -0.262326 0.473906
vn -0.998337 -0.057641 -0.001266
vn -0.840594 -0.262326 0.473906
vn -0.893307 -0.155762 0.421593
vn -0.998337 -0.057641 -0.001266
vn -0.983906 -0.178685 0.000011
vn -0.998337 -0.057641 -0.001266
vn -0.828850 -0.256339 -0.497290
vn -0.998337 -0.057641 -0.001266
vn -0.884676 -0.146306 -0.442655
vn -0.828850 -0.256339 -0.497290
vn -0.884676 -0.146306 -0.442655
vn -0.910182 -0.060887 -0.409709
vn -0.688070 -0.186446 -0.701282
vn -0.910182 -0.060887 -0.409709
vn -0.706790 -0.081673 -0.702693
vn -0.688070 -0.186446 -0.701282
vn -0.688070 -0.186446 -0.701282
vn -0.706790 -0.081673 -0.702693
vn -0.463084 -0.192787 -0.865093
vn -0.706790 -0.081673 -0.702693
vn -0.475605 -0.094835 -0.874532
vn -0.463084 -0.192787 -0.865093
vn -0.463084 -0.192787 -0.865093
vn -0.475605 -0.094835 -0.874532
vn -0.235467 -0.192060 -0.952716
vn -0.475605 -0.094835 -0.874532
vn -0.238991 -0.095192 -0.966345
vn -0.235467 -0.192060 -0.952716
vn -0.235467 -0.192060 -0.952716
vn -0.238991 -0.095192 -0.966345
vn 0.000000 -0.188962 -0.981984
vn -0.238991 -0.095192 -0.966345
vn -0.329824 0.072058 0.941288
vn -0.318815 0.248050 0.914783
vn -0.491918 0.050139 0.869197
vn -0.318815 0.248050 0.914783
vn -0.468194 0.209211 0.858502
vn -0.491918 0.050139 0.869197
vn -0.491918 0.050139 0.869197
vn -0.468194 0.209211 0.858502
vn -0.677340 -0.054089 0.733679
vn -0.468194 0.209211 0.858502
vn -0.622989 0.057672 0.780102
vn -0.677340 -0.054089 0.733679
vn -0.677340 -0.054089 0.733679
vn -0.622989 0.057672 0.780102
vn -0.750947 -0.176800 0.636256
vn -0.622989 0.057672 0.780102
vn -0.733205 -0.078954 0.675408
vn -0.750947 -0.176800 0.636256
vn -0.893307 -0.155762 0.421593
vn -0.750947 -0.176800 0.636256
vn -0.915546 -0.070645 0.395961
vn -0.750947 -0.176800 0.636256
vn -0.733205 -0.078954 0.675408
vn -0.915546 -0.070645 0.395961
vn -0.998337 -0.057641 -0.001266
vn -0.893307 -0.155762 0.421593
vn -0.999734 -0.023080 0.000498
vn -0.893307 -0.155762 0.421593
vn -0.915546 -0.070645 0.395961
vn -0.999734 -0.023080 0.000498
vn -0.998337 -0.057641 -0.001266
vn -0.999734 -0.023080 0.000498
vn -0.884676 -0.146306 -0.442655
vn -0.999734 -0.023080 0.000498
vn -0.910182 -0.060887 -0.409709
vn -0.884676 -0.146306 -0.442655
vn -0.910182 -0.060887 -0.409709
vn -0.915387 0.029805 -0.401470
vn -0.706790 -0.081673 -0.702693
vn -0.915387 0.029805 -0.401470
vn -0.716132 0.012627 -0.697850
vn -0.706790 -0.081673 -0.702693
vn -0.706790 -0.081673 -0.702693
vn -0.716132 0.012627 -0.697850
vn -0.475605 -0.094835 -0.874532
vn -0.716132 0.012627 -0.697850
vn -0.481285 0.001376 -0.876563
vn -0.475605 -0.094835 -0.874532
vn -0.475605 -0.094835 -0.874532
vn -0.481285 0.001376 -0.876563
vn -0.238991 -0.095192 -0.966345
vn -0.481285 0.001376 -0.876563
vn -0.239293 0.000017 -0.970947
vn -0.238991 -0.095192 -0.966345
vn -0.238991 -0.095192 -0.966345
vn -0.239293 0.000017 -0.970947
vn 0.000000 -0.093544 -0.995615
vn -0.239293 0.000017 -0.970947
vn -0.318815 0.248050 0.914783
vn 0.000000 0.320671 0.947191
vn -0.468194 0.209211 0.858502
vn 0.000000 0.320671 0.947191
vn -0.416766 0.245670 0.875187
vn -0.468194 0.209211 0.858502
vn -0.468194 0.209211 0.858502
vn -0.416766 0.245670 0.875187
vn -0.622989 0.057672 0.780102
vn -0.416766 0.245670 0.875187
vn -0.548007 0.090640 0.831548
vn -0.622989 0.057672 0.780102
vn -0.622989 0.057672 0.780102
vn -0.548007 0.090640 0.831548
vn -0.733205 -0.078954 0.675408
vn -0.548007 0.090640 0.831548
vn -0.717069 0.018431 0.696758
vn -0.733205 -0.078954 0.675408
vn -0.915546 -0.070645 0.395961
vn -0.733205 -0.078954 0.675408
vn -0.920255 0.029146 0.390232
vn -0.733205 -0.078954 0.675408
vn -0.717069 0.018431 0.696758
vn -0.920255 0.029146 0.390232
vn -0.999734 -0.023080 0.000498
vn -0.915546 -0.070645 0.395961
vn -0.999277 0.038016 0.000210
vn -0.915546 -0.070645 0.395961
vn -0.920255 0.029146 0.390232
vn -0.999277 0.038016 0.000210
vn -0.999734 -0.023080 0.000498
vn -0.999277 0.038016 0.000210
vn -0.910182 -0.060887 -0.409709
vn -0.999277 0.038016 0.000210
vn -0.915387 0.029805 -0.401470
vn -0.910182 -0.060887 -0.409709
vn -0.915387 0.029805 -0.401470
vn -0.909898 0.128132 -0.394547
vn -0.716132 0.012627 -0.697850
vn -0.909898 0.128132 -0.394547
vn -0.715074 0.112738 -0.689898
vn -0.716132 0.012627 -0.697850
vn -0.716132 0.012627 -0.697850
vn -0.715074 0.112738 -0.689898
vn -0.481285 0.001376 -0.876563
vn -0.715074 0.112738 -0.689898
vn -0.478888 0.101188 -0.872025
vn -0.481285 0.001376 -0.876563
vn -0.481285 0.001376 -0.876563
vn -0.478888 0.101188 -0.872025
vn -0.239293 0.000017 -0.970947
vn -0.478888 0.101188 -0.872025
vn -0.237214 0.095260 -0.966776
vn -0.239293 0.000017 -0.970947
vn -0.239293 0.000017 -0.970947
vn -0.237214 0.095260 -0.966776
vn 0.000000 -0.000204 -1.000000
vn -0.237214 0.095260 -0.966776
vn 0.000000 0.320671 0.947191
vn 0.000000 0.312355 0.949965
vn -0.416766 0.245670 0.875187
vn 0.000000 0.312355 0.949965
vn -0.349213 0.224161 0.909837
vn -0.416766 0.245670 0.875187
vn -0.416766 0.245670 0.875187
vn -0.349213 0.224161 0.909837
vn -0.548007 0.090640 0.831548
vn -0.349213 0.224161 0.909837
vn -0.496426 0.134766 0.857554
vn -0.548007 0.090640 0.831548
vn -0.548007 0.090640 0.831548
vn -0.496426 0.134766 0.857554
vn -0.717069 0.018431 0.696758
vn -0.496426 0.134766 0.857554
vn -0.712972 0.138686 0.687340
vn -0.717069 0.018431 0.696758
vn -0.717069 0.018431 0.696758
vn -0.712972 0.138686 0.687340
vn -0.920255 0.029146 0.390232
vn -0.712972 0.138686 0.687340
vn -0.914075 0.139758 0.380702
vn -0.920255 0.029146 0.390232
vn -0.920255 0.029146 0.390232
vn -0.914075 0.139758 0.380702
vn -0.999277 0.038016 0.000210
vn -0.914075 0.139758 0.380702
vn -0.990624 0.136600 -0.002251
vn -0.999277 0.038016 0.000210
vn -0.999277 0.038016 0.000210
vn -0.990624 0.136600 -0.002251
vn -0.915387 0.029805 -0.401470
vn -0.990624 0.136600 -0.002251
vn -0.909898 0.128132 -0.394547
vn -0.915387 0.029805 -0.401470
vn -0.909898 0.128132 -0.394547
vn -0.890575 0.240423 -0.386100
vn -0.715074 0.112738 -0.689898
vn -0.890575 0.240423 -0.386100
vn -0.702022 0.221224 -0.676923
vn -0.715074 0.112738 -0.689898
vn -0.715074 0.112738 -0.689898
vn -0.702022 0.221224 -0.676923
vn -0.478888 0.101188 -0.872025
vn -0.702022 0.221224 -0.676923
vn -0.470526 0.203590 -0.858578
vn -0.478888 0.101188 -0.872025
vn -0.478888 0.101188 -0.872025
vn -0.470526 0.203590 -0.858578
vn -0.237214 0.095260 -0.966776
vn -0.470526 0.203590 -0.858578
vn -0.232805 0.192497 -0.953282
vn -0.237214 0.095260 -0.966776
vn -0.237214 0.095260 -0.966776
vn -0.232805 0.192497 -0.953282
vn 0.000000 0.093136 -0.995653
vn -0.232805 0.192497 -0.953282
vn 0.000000 0.312355 0.949965
vn 0.000000 0.315524 0.948918
vn -0.349213 0.224161 0.909837
vn 0.000000 0.315524 0.948918
vn -0.295518 0.257907 0.919866
vn -0.349213 0.224161 0.909837
vn -0.349213 0.224161 0.909837
vn -0.295518 0.257907 0.919866
vn -0.496426 0.134766 0.857554
vn -0.295518 0.257907 0.919866
vn -0.482099 0.230093 0.845363
vn -0.496426 0.134766 0.857554
vn -0.496426 0.134766 0.857554
vn -0.482099 0.230093 0.845363
vn -0.712972 0.138686 0.687340
vn -0.482099 0.230093 0.845363
vn -0.703152 0.249552 0.665809
vn -0.712972 0.138686 0.687340
vn -0.712972 0.138686 0.687340
vn -0.703152 0.249552 0.665809
vn -0.914075 0.139758 0.380702
vn -0.703152 0.249552 0.665809
vn -0.893982 0.251532 0.370848
vn -0.914075 0.139758 0.380702
vn -0.914075 0.139758 0.380702
vn -0.893982 0.251532 0.370848
vn -0.990624 0.136600 -0.002251
vn -0.893982 0.251532 0.370848
vn -0.968335 0.249612 -0.004577
vn -0.990624 0.136600 -0.002251
vn -0.990624 0.136600 -0.002251
vn -0.968335 0.249612 -0.004577
vn -0.909898 0.128132 -0.394547
vn -0.968335 0.249612 -0.004577
vn -0.890575 0.240423 -0.386100
vn -0.909898 0.128132 -0.394547
vn -0.890575 0.240423 -0.386100
vn -0.856246 0.358293 -0.372114
vn -0.702022 0.221224 -0.676923
vn -0.856246 0.358293 -0.372114
vn -0.677984 0.333636 -0.654999
vn -0.702022 0.221224 -0.676923
vn -0.702022 0.221224 -0.676923
vn -0.677984 0.333636 -0.654999
vn -0.470526 0.203590 -0.858578
vn -0.677984 0.333636 -0.654999
vn -0.455910 0.309636 -0.834429
vn -0.470526 0.203590 -0.858578
vn -0.470526 0.203590 -0.858578
vn -0.455910 0.309636 -0.834429
vn -0.232805 0.192497 -0.953282
vn -0.455910 0.309636 -0.834429
vn -0.225725 0.293691 -0.928867
vn -0.232805 0.192497 -0.953282
vn -0.232805 0.192497 -0.953282
vn -0.225725 0.293691 -0.928867
vn 0.000000 0.188555 -0.982063
vn -0.225725 0.293691 -0.928867
vn 0.000000 0.315524 0.948918
vn 0.000000 0.381019 0.924567
vn -0.295518 0.257907 0.919866
vn 0.000000 0.381019 0.924567
vn -0.260821 0.342156 0.902719
vn -0.295518 0.257907 0.919866
vn -0.295518 0.257907 0.919866
vn -0.260821 0.342156 0.902719
vn -0.482099 0.230093 0.845363
vn -0.260821 0.342156 0.902719
vn -0.464303 0.320432 0.825679
vn -0.482099 0.230093 0.845363
vn -0.482099 0.230093 0.845363
vn -0.464303 0.320432 0.825679
vn -0.703152 0.249552 0.665809
vn -0.464303 0.320432 0.825679
vn -0.683035 0.346493 0.642967
vn -0.703152 0.249552 0.665809
vn -0.703152 0.249552 0.665809
vn -0.683035 0.346493 0.642967
vn -0.893982 0.251532 0.370848
vn -0.683035 0.346493 0.642967
vn -0.859881 0.362557 0.359385
vn -0.893982 0.251532 0.370848
vn -0.893982 0.251532 0.370848
vn -0.859881 0.362557 0.359385
vn -0.968335 0.249612 -0.004577
vn -0.859881 0.362557 0.359385
vn -0.929147 0.369672 -0.005250
vn -0.968335 0.249612 -0.004577
vn -0.968335 0.249612 -0.004577
vn -0.929147 0.369672 -0.005250
vn -0.890575 0.240423 -0.386100
vn -0.929147 0.369672 -0.005250
vn -0.856246 0.358293 -0.372114
vn -0.890575 0.240423 -0.386100
vn -0.856246 0.358293 -0.372114
vn -0.344799 0.926743 -0.149199
vn -0.677984 0.333636 -0.654999
vn -0.344799 0.926743 -0.149199
vn -0.289438 0.915644 -0.278964
vn -0.677984 0.333636 -0.654999
vn -0.677984 0.333636 -0.654999
vn -0.289438 0.915644 -0.278964
vn -0.455910 0.309636 -0.834429
vn -0.289438 0.915644 -0.278964
vn -0.206866 0.902518 -0.377713
vn -0.455910 0.309636 -0.834429
vn -0.455910 0.309636 -0.834429
vn -0.206866 0.902518 -0.377713
vn -0.225725 0.293691 -0.928867
vn -0.206866 0.902518 -0.377713
vn -0.106974 0.892346 -0.438492
vn -0.225725 0.293691 -0.928867
vn -0.225725 0.293691 -0.928867
vn -0.106974 0.892346 -0.438492
vn 0.000000 0.288125 -0.957593
vn -0.106974 0.892346 -0.438492
vn -0.260821 0.342156 0.902719
vn 0.000000 0.889320 0.457285
vn -0.112058 0.894123 0.433574
vn -0.260821 0.342156 0.902719
vn -0.260821 0.342156 0.902719
vn -0.112058 0.894123 0.433574
vn -0.464303 0.320432 0.825679
vn -0.112058 0.894123 0.433574
vn -0.208510 0.902792 0.376152
vn -0.464303 0.320432 0.825679
vn -0.464303 0.320432 0.825679
vn -0.208510 0.902792 0.376152
vn -0.683035 0.346493 0.642967
vn -0.208510 0.902792 0.376152
vn -0.290869 0.915913 0.276584
vn -0.683035 0.346493 0.642967
vn -0.683035 0.346493 0.642967
vn -0.290869 0.915913 0.276584
vn -0.859881 0.362557 0.359385
vn -0.290869 0.915913 0.276584
vn -0.345545 0.926902 0.146460
vn -0.859881 0.362557 0.359385
vn -0.859881 0.362557 0.359385
vn -0.345545 0.926902 0.146460
vn -0.929147 0.369672 -0.005250
vn -0.345545 0.926902 0.146460
vn -0.364627 0.931153 -0.001454
vn -0.929147 0.369672 -0.005250
vn -0.929147 0.369672 -0.005250
vn -0.364627 0.931153 -0.001454
vn -0.856246 0.358293 -0.372114
vn -0.364627 0.931153 -0.001454
vn -0.344799 0.926743 -0.149199
vn -0.856246 0.358293 -0.372114
vn -0.344799 0.926743 -0.149199
vn 0.000000 1.000000 0.000001
vn -0.289438 0.915644 -0.278964
vn -0.289438 0.915644 -0.278964
vn 0.000000 1.000000 0.000001
vn -0.206866 0.902518 -0.377713
vn -0.206866 0.902518 -0.377713
vn 0.000000 1.000000 0.000001
vn -0.106974 0.892346 -0.438492
vn -0.106974 0.892346 -0.438492
vn -0.112058 0.894123 0.433574
vn -0.112058 0.894123 0.433574
vn 0.000000 1.000000 0.000001
vn -0.208510 0.902792 0.376152
vn -0.208510 0.902792 0.376152
vn 0.000000 1.000000 0.000001
vn -0.290869 0.915913 0.276584
vn -0.290869 0.915913 0.276584
vn 0.000000 1.000000 0.000001
vn -0.345545 0.926902 0.146460
vn -0.345545 0.926902 0.146460
vn 0.000000 1.000000 0.000001
vn -0.364627 0.931153 -0.001454
vn -0.364627 0.931153 -0.001454
vn 0.000000 1.000000 0.000001
vn -0.344799 0.926743 -0.149199
vn 0.025379 -0.982448 -0.184803
vn 0.000000 -1.000000 -0.000438
vn 0.052849 -0.990296 -0.128535
vn -0.021131 -0.982759 -0.183682
vn 0.000000 -1.000000 -0.000438
vn 0.025379 -0.982448 -0.184803
vn -0.026447 -0.982569 -0.184006
vn 0.000000 -1.000000 -0.000438
vn -0.021131 -0.982759 -0.183682
vn -0.026447 -0.982569 -0.184006
vn -0.025122 -0.986203 0.163621
vn -0.023063 -0.987496 0.155949
vn 0.000000 -1.000000 -0.000438
vn -0.025122 -0.986203 0.163621
vn 0.024267 -0.984169 0.175561
vn 0.000000 -1.000000 -0.000438
vn -0.023063 -0.987496 0.155949
vn 0.053534 -0.990146 0.129401
vn 0.000000 -1.000000 -0.000438
vn 0.024267 -0.984169 0.175561
vn 0.059346 -0.998237 -0.000001
vn 0.000000 -1.000000 -0.000438
vn 0.053534 -0.990146 0.129401
vn 0.052849 -0.990296 -0.128535
vn 0.000000 -1.000000 -0.000438
vn 0.059346 -0.998237 -0.000001
vn -0.112058 0.894123 0.433574
vn -0.112058 0.894123 0.433574
vn 0.000000 1.000000 0.000001
vn -0.208510 0.902792 0.376152
vn -0.208510 0.902792 0.376152
vn 0.000000 1.000000 0.000001
vn -0.290869 0.915913 0.276584
vn -0.290869 0.915913 0.276584
vn 0.000000 1.000000 0.000001
vn -0.345545 0.926902 0.146460
vn -0.345545 0.926902 0.146460
vn 0.000000 1.000000 0.000001
vn -0.364627 0.931153 -0.001454
vn -0.364627 0.931153 -0.001454
vn 0.000000 1.000000 0.000001
vn -0.344799 0.926743 -0.149199
vn 0.025379 -0.982448 -0.184803
vn 0.000000 -1.000000 -0.000438
vn 0.052849 -0.990296 -0.128535
vn -0.021131 -0.982759 -0.183682
vn 0.000000 -1.000000 -0.000438
vn 0.025379 -0.982448 -0.184803
vn -0.026447 -0.982569 -0.184006
vn 0.000000 -1.000000 -0.000438
vn -0.021131 -0.982759 -0.183682
vn 0.000000 -0.978970 -0.204003
vn 0.000000 -1.000000 -0.000438
vn -0.026447 -0.982569 -0.184006
vn -0.025122 -0.986203 0.163621
vn 0.000000 -1.000000 -0.000438
vn 0.000000 -0.985082 0.172084
vn -0.023063 -0.987496 0.155949
vn 0.000000 -1.000000 -0.000438
vn -0.025122 -0.986203 0.163621
vn 0.024267 -0.984169 0.175561
vn 0.000000 -1.000000 -0.000438
vn -0.023063 -0.987496 0.155949
vn 0.053534 -0.990146 0.129401
vn 0.000000 -1.000000 -0.000438
vn 0.024267 -0.984169 0.175561
vn 0.059346 -0.998237 -0.000001
vn 0.000000 -1.000000 -0.000438
vn 0.053534 -0.990146 0.129401
vn 0.052849 -0.990296 -0.128535
vn 0.000000 -1.000000 -0.000438
vn 0.059346 -0.998237 -0.000001
s off
g body cha_bird_body:pSphere6body
usemtl cha_bird_body:lambert10SG
f 476/573/2845 487/574/2846 475/575/2847
f 475/575/2848 487/574/2849 486/576/2850
f 477/577/2851 488/578/2852 476/573/2853
f 476/573/2854 488/578/2855 487/574/2856
f 478/579/2857 489/580/2858 477/577/2859
f 477/577/2860 489/580/2861 488/578/2862
f 478/579/2863 479/581/2864 489/580/2865
s 1
f 489/580/2866 479/581/2867 490/582/2868
s off
f 481/583/2869 492/584/2870 480/585/2871
s 2
f 480/585/2872 492/584/2873 491/586/2874
s off
f 482/587/2875 493/588/2876 481/583/2877
f 481/583/2878 493/588/2879 492/584/2880
f 482/587/2881 483/589/2882 493/588/2883
f 493/588/2884 483/589/2885 494/590/2886
f 483/589/2887 484/591/2888 494/590/2889
f 494/590/2890 484/591/2891 495/592/2892
f 484/591/2893 485/593/2894 495/592/2895
f 495/592/2896 485/593/2897 496/594/2898
f 475/595/2899 486/596/2900 485/593/2901
f 485/593/2902 486/596/2903 496/594/2904
f 487/574/2905 498/597/2906 486/576/2907
f 486/576/2908 498/597/2909 497/598/2910
f 488/578/2911 499/599/2912 487/574/2913
f 487/574/2914 499/599/2915 498/597/2916
f 489/580/2917 500/600/2918 488/578/2919
f 488/578/2920 500/600/2921 499/599/2922
f 489/580/2923 490/582/2924 500/600/2925
s 3
f 500/600/2926 490/582/2927 501/601/2928
s off
f 492/584/2929 503/602/2930 491/586/2931
s 4
f 491/586/2932 503/602/2933 502/603/2934
s off
f 493/588/2935 504/604/2936 492/584/2937
f 492/584/2938 504/604/2939 503/602/2940
f 493/588/2941 494/590/2942 504/604/2943
f 504/604/2944 494/590/2945 505/605/2946
f 494/590/2947 495/592/2948 505/605/2949
f 505/605/2950 495/592/2951 506/606/2952
f 495/592/2953 496/594/2954 506/606/2955
f 506/606/2956 496/594/2957 507/607/2958
f 486/596/2959 497/608/2960 496/594/2961
f 496/594/2962 497/608/2963 507/607/2964
f 498/597/2965 509/609/2966 497/598/2967
f 497/598/2968 509/609/2969 508/610/2970
f 498/597/2971 499/599/2972 509/609/2973
f 509/609/2974 499/599/2975 510/611/2976
f 500/600/2977 511/612/2978 499/599/2979
f 499/599/2980 511/612/2981 510/611/2982
f 500/600/2983 501/601/2984 511/612/2985
s 5
f 511/612/2986 501/601/2987 512/613/2988
s off
f 503/602/2989 514/614/2990 502/603/2991
s 6
f 502/603/2992 514/614/2993 513/615/2994
s off
f 504/604/2995 515/616/2996 503/602/2997
f 503/602/2998 515/616/2999 514/614/3000
f 505/605/3001 516/617/3002 504/604/3003
f 504/604/3004 516/617/3005 515/616/3006
f 505/605/3007 506/606/3008 516/617/3009
f 516/617/3010 506/606/3011 517/618/3012
f 506/606/3013 507/607/3014 517/618/3015
f 517/618/3016 507/607/3017 518/619/3018
f 497/608/3019 508/620/3020 507/607/3021
f 507/607/3022 508/620/3023 518/619/3024
f 509/609/3025 520/621/3026 508/610/3027
f 508/610/3028 520/621/3029 519/622/3030
f 510/611/3031 521/623/3032 509/609/3033
f 509/609/3034 521/623/3035 520/621/3036
f 511/612/3037 522/624/3038 510/611/3039
f 510/611/3040 522/624/3041 521/623/3042
f 511/612/3043 512/613/3044 522/624/3045
s 7
f 522/624/3046 512/613/3047 523/625/3048
s off
f 514/614/3049 525/626/3050 513/615/3051
s 8
f 513/615/3052 525/626/3053 524/627/3054
s off
f 515/616/3055 526/628/3056 514/614/3057
f 514/614/3058 526/628/3059 525/626/3060
f 516/617/3061 527/629/3062 515/616/3063
f 515/616/3064 527/629/3065 526/628/3066
f 516/617/3067 517/618/3068 527/629/3069
f 527/629/3070 517/618/3071 528/630/3072
f 517/618/3073 518/619/3074 528/630/3075
f 528/630/3076 518/619/3077 529/631/3078
f 508/620/3079 519/632/3080 518/619/3081
f 518/619/3082 519/632/3083 529/631/3084
f 520/621/3085 531/633/3086 519/622/3087
f 519/622/3088 531/633/3089 530/634/3090
f 521/623/3091 532/635/3092 520/621/3093
f 520/621/3094 532/635/3095 531/633/3096
f 522/624/3097 533/636/3098 521/623/3099
f 521/623/3100 533/636/3101 532/635/3102
f 522/624/3103 523/625/3104 533/636/3105
s 9
f 533/636/3106 523/625/3107 534/637/3108
s off
f 525/626/3109 536/638/3110 524/627/3111
s 10
f 524/627/3112 536/638/3113 535/639/3114
s off
f 526/628/3115 537/640/3116 525/626/3117
f 525/626/3118 537/640/3119 536/638/3120
f 527/629/3121 538/641/3122 526/628/3123
f 526/628/3124 538/641/3125 537/640/3126
f 528/630/3127 539/642/3128 527/629/3129
f 527/629/3130 539/642/3131 538/641/3132
f 528/630/3133 529/631/3134 539/642/3135
f 539/642/3136 529/631/3137 540/643/3138
f 519/632/3139 530/644/3140 529/631/3141
f 529/631/3142 530/644/3143 540/643/3144
f 531/633/3145 542/645/3146 530/634/3147
f 530/634/3148 542/645/3149 541/646/3150
f 532/635/3151 543/647/3152 531/633/3153
f 531/633/3154 543/647/3155 542/645/3156
f 532/635/3157 533/636/3158 543/647/3159
f 543/647/3160 533/636/3161 544/648/3162
f 533/636/3163 534/637/3164 544/648/3165
s 11
f 544/648/3166 534/637/3167 545/649/3168
s off
f 536/638/3169 547/650/3170 535/639/3171
f 535/639/3172 547/650/3173 546/651/3174
f 537/640/3175 548/652/3176 536/638/3177
f 536/638/3178 548/652/3179 547/650/3180
f 538/641/3181 549/653/3182 537/640/3183
f 537/640/3184 549/653/3185 548/652/3186
f 538/641/3187 539/642/3188 549/653/3189
f 549/653/3190 539/642/3191 550/654/3192
f 539/642/3193 540/643/3194 550/654/3195
f 550/654/3196 540/643/3197 551/655/3198
f 530/644/3199 541/656/3200 540/643/3201
f 540/643/3202 541/656/3203 551/655/3204
f 541/646/3205 542/645/3206 552/657/3207
f 552/657/3208 542/645/3209 553/658/3210
f 542/645/3211 543/647/3212 553/658/3213
f 553/658/3214 543/647/3215 554/659/3216
f 543/647/3217 544/648/3218 554/659/3219
f 554/659/3220 544/648/3221 555/660/3222
f 544/648/3223 545/649/3224 555/660/3225
s 12
f 555/660/3226 545/649/3227 556/661/3228
s off
f 546/651/3229 547/650/3230 557/662/3231
f 557/662/3232 547/650/3233 558/663/3234
f 547/650/3235 548/652/3236 558/663/3237
f 558/663/3238 548/652/3239 559/664/3240
f 548/652/3241 549/653/3242 559/664/3243
f 559/664/3244 549/653/3245 560/665/3246
f 550/654/3247 561/666/3248 549/653/3249
f 549/653/3250 561/666/3251 560/665/3252
f 551/655/3253 562/667/3254 550/654/3255
f 550/654/3256 562/667/3257 561/666/3258
f 551/655/3259 541/656/3260 562/667/3261
f 562/667/3262 541/656/3263 552/668/3264
f 552/657/3265 553/658/3266 563/669/3267
f 563/669/3268 553/658/3269 564/670/3270
f 553/658/3271 554/659/3272 564/670/3273
f 564/670/3274 554/659/3275 565/671/3276
f 554/659/3277 555/660/3278 565/671/3279
f 565/671/3280 555/660/3281 566/672/3282
f 555/660/3283 556/661/3284 566/672/3285
s 13
f 566/672/3286 556/661/3287 567/673/3288
s off
f 557/662/3289 558/663/3290 568/674/3291
f 568/674/3292 558/663/3293 569/675/3294
f 558/663/3295 559/664/3296 569/675/3297
f 569/675/3298 559/664/3299 570/676/3300
f 559/664/3301 560/665/3302 570/676/3303
f 570/676/3304 560/665/3305 571/677/3306
f 561/666/3307 572/678/3308 560/665/3309
f 560/665/3310 572/678/3311 571/677/3312
f 562/667/3313 573/679/3314 561/666/3315
f 561/666/3316 573/679/3317 572/678/3318
f 562/667/3319 552/668/3320 573/679/3321
f 573/679/3322 552/668/3323 563/680/3324
f 563/669/3325 564/670/3326 574/681/3327
f 574/681/3328 564/670/3329 575/682/3330
f 564/670/3331 565/671/3332 575/682/3333
f 575/682/3334 565/671/3335 576/683/3336
f 565/671/3337 566/672/3338 576/683/3339
f 576/683/3340 566/672/3341 577/684/3342
f 566/672/3343 567/673/3344 577/684/3345
s 14
f 577/684/3346 567/673/3347 578/685/3348
s off
f 568/674/3349 569/675/3350 579/686/3351
f 579/686/3352 569/675/3353 580/687/3354
f 569/675/3355 570/676/3356 580/687/3357
f 580/687/3358 570/676/3359 581/688/3360
f 570/676/3361 571/677/3362 581/688/3363
f 581/688/3364 571/677/3365 582/689/3366
f 572/678/3367 583/690/3368 571/677/3369
f 571/677/3370 583/690/3371 582/689/3372
f 573/679/3373 584/691/3374 572/678/3375
f 572/678/3376 584/691/3377 583/690/3378
f 573/679/3379 563/680/3380 584/691/3381
f 584/691/3382 563/680/3383 574/692/3384
f 574/681/3385 575/682/3386 585/693/3387
f 585/693/3388 575/682/3389 586/694/3390
f 575/682/3391 576/683/3392 586/694/3393
f 586/694/3394 576/683/3395 587/695/3396
f 576/683/3397 577/684/3398 587/695/3399
f 587/695/3400 577/684/3401 588/696/3402
f 577/684/3403 578/685/3404 588/696/3405
s 15
f 588/696/3406 578/685/3407 589/697/3408
s off
f 579/686/3409 580/687/3410 590/698/3411
f 590/698/3412 580/687/3413 591/699/3414
f 580/687/3415 581/688/3416 591/699/3417
f 591/699/3418 581/688/3419 592/700/3420
f 581/688/3421 582/689/3422 592/700/3423
f 592/700/3424 582/689/3425 593/701/3426
f 582/689/3427 583/690/3428 593/701/3429
f 593/701/3430 583/690/3431 594/702/3432
f 583/690/3433 584/691/3434 594/702/3435
f 594/702/3436 584/691/3437 595/703/3438
f 584/691/3439 574/692/3440 595/703/3441
f 595/703/3442 574/692/3443 585/704/3444
f 585/693/3445 586/694/3446 596/705/3447
f 596/705/3448 586/694/3449 597/706/3450
f 586/694/3451 587/695/3452 597/706/3453
f 597/706/3454 587/695/3455 598/707/3456
f 587/695/3457 588/696/3458 598/707/3459
f 598/707/3460 588/696/3461 599/708/3462
f 588/696/3463 589/697/3464 599/708/3465
s 16
f 599/708/3466 589/697/3467 600/709/3468
s off
f 590/698/3469 591/699/3470 601/710/3471
f 601/710/3472 591/699/3473 602/711/3474
f 591/699/3475 592/700/3476 602/711/3477
f 602/711/3478 592/700/3479 603/712/3480
f 592/700/3481 593/701/3482 603/712/3483
f 603/712/3484 593/701/3485 604/713/3486
f 593/701/3487 594/702/3488 604/713/3489
f 604/713/3490 594/702/3491 605/714/3492
f 594/702/3493 595/703/3494 605/714/3495
f 605/714/3496 595/703/3497 606/715/3498
f 595/703/3499 585/704/3500 606/715/3501
f 606/715/3502 585/704/3503 596/716/3504
f 596/705/3505 597/706/3506 607/717/3507
f 607/717/3508 597/706/3509 608/718/3510
f 597/706/3511 598/707/3512 608/718/3513
f 608/718/3514 598/707/3515 609/719/3516
f 598/707/3517 599/708/3518 609/719/3519
f 609/719/3520 599/708/3521 610/720/3522
f 599/708/3523 600/709/3524 610/720/3525
s 17
f 610/720/3526 600/709/3527 611/721/3528
s off
f 601/710/3529 602/711/3530 612/722/3531
f 612/722/3532 602/711/3533 613/723/3534
f 602/711/3535 603/712/3536 613/723/3537
f 613/723/3538 603/712/3539 614/724/3540
f 603/712/3541 604/713/3542 614/724/3543
f 614/724/3544 604/713/3545 615/725/3546
f 604/713/3547 605/714/3548 615/725/3549
f 615/725/3550 605/714/3551 616/726/3552
f 605/714/3553 606/715/3554 616/726/3555
f 616/726/3556 606/715/3557 617/727/3558
f 606/715/3559 596/716/3560 617/727/3561
f 617/727/3562 596/716/3563 607/728/3564
f 607/717/3565 608/718/3566 618/729/3567
f 618/729/3568 608/718/3569 619/730/3570
f 608/718/3571 609/719/3572 619/730/3573
f 619/730/3574 609/719/3575 620/731/3576
f 609/719/3577 610/720/3578 620/731/3579
f 620/731/3580 610/720/3581 621/732/3582
f 610/720/3583 611/721/3584 621/732/3585
s 18
f 621/732/3586 611/721/3587 622/733/3588
s 19
f 612/722/3589 613/723/3590 623/734/3591
s off
f 623/734/3592 613/723/3593 624/735/3594
f 613/723/3595 614/724/3596 624/735/3597
f 624/735/3598 614/724/3599 625/736/3600
f 614/724/3601 615/725/3602 625/736/3603
f 625/736/3604 615/725/3605 626/737/3606
f 615/725/3607 616/726/3608 626/737/3609
f 626/737/3610 616/726/3611 627/738/3612
f 616/726/3613 617/727/3614 627/738/3615
f 627/738/3616 617/727/3617 628/739/3618
f 617/727/3619 607/728/3620 628/739/3621
f 628/739/3622 607/728/3623 618/740/3624
f 618/729/3625 619/730/3626 629/741/3627
f 619/730/3628 620/731/3629 629/741/3630
f 620/731/3631 621/732/3632 629/741/3633
s 20
f 621/732/3634 622/733/3635 629/741/3636
s 21
f 623/734/3637 624/735/3638 629/742/3639
s off
f 624/735/3640 625/736/3641 629/742/3642
f 625/736/3643 626/737/3644 629/742/3645
f 626/737/3646 627/738/3647 629/742/3648
f 627/738/3649 628/739/3650 629/742/3651
f 628/739/3652 618/740/3653 629/742/3654
f 476/573/3655 475/575/3656 630/743/3657
f 477/577/3658 476/573/3659 630/744/3660
f 478/579/3661 477/577/3662 630/745/3663
s 22
f 479/581/3664 478/579/3665 630/746/3666
s 23
f 481/583/3667 480/585/3668 630/747/3669
s off
f 482/587/3670 481/583/3671 630/748/3672
f 483/589/3673 482/587/3674 630/749/3675
f 484/591/3676 483/589/3677 630/750/3678
f 485/593/3679 484/591/3680 630/751/3681
f 475/595/3682 485/593/3683 630/752/3684
f 632/753/3685 631/755/3686 641/754/3687
f 631/755/3688 640/756/3689 641/754/3690
f 633/757/3691 632/753/3692 642/758/3693
f 632/753/3694 641/754/3695 642/758/3696
f 634/759/3697 633/757/3698 643/760/3699
f 633/757/3700 642/758/3701 643/760/3702
f 634/759/3703 643/760/3704 479/761/3705
s 1
f 643/760/3706 490/762/2868 479/761/2867
s off
f 635/763/3707 480/765/3708 644/764/3709
s 2
f 480/765/2872 491/766/2874 644/764/3710
s off
f 636/767/3711 635/763/3712 645/768/3713
f 635/763/3714 644/764/3715 645/768/3716
f 636/767/3717 645/768/3718 637/769/3719
f 645/768/3720 646/770/3721 637/769/3722
f 637/769/3723 646/770/3724 638/771/3725
f 646/770/3726 647/772/3727 638/771/3728
f 638/771/3729 647/772/3730 639/773/3731
f 647/772/3732 648/774/3733 639/773/3734
f 631/775/3735 639/773/3736 640/776/3737
f 639/773/3738 648/774/3739 640/776/3740
f 641/754/3741 640/756/3742 650/777/3743
f 640/756/3744 649/778/3745 650/777/3746
f 642/758/3747 641/754/3748 651/779/3749
f 641/754/3750 650/777/3751 651/779/3752
f 643/760/3753 642/758/3754 652/780/3755
f 642/758/3756 651/779/3757 652/780/3758
f 643/760/3759 652/780/3760 490/762/3761
s 3
f 652/780/3762 501/781/2928 490/762/2927
s off
f 644/764/3763 491/766/3764 653/782/3765
s 4
f 491/766/2932 502/783/2934 653/782/3766
s off
f 645/768/3767 644/764/3768 654/784/3769
f 644/764/3770 653/782/3771 654/784/3772
f 645/768/3773 654/784/3774 646/770/3775
f 654/784/3776 655/785/3777 646/770/3778
f 646/770/3779 655/785/3780 647/772/3781
f 655/785/3782 656/786/3783 647/772/3784
f 647/772/3785 656/786/3786 648/774/3787
f 656/786/3788 657/787/3789 648/774/3790
f 640/776/3791 648/774/3792 649/788/3793
f 648/774/3794 657/787/3795 649/788/3796
f 650/777/3797 649/778/3798 659/789/3799
f 649/778/3800 658/790/3801 659/789/3802
f 650/777/3803 659/789/3804 651/779/3805
f 659/789/3806 660/791/3807 651/779/3808
f 652/780/3809 651/779/3810 661/792/3811
f 651/779/3812 660/791/3813 661/792/3814
f 652/780/3815 661/792/3816 501/781/3817
s 5
f 661/792/3818 512/793/2988 501/781/2987
s off
f 653/782/3819 502/783/3820 662/794/3821
s 6
f 502/783/2992 513/795/2994 662/794/3822
s off
f 654/784/3823 653/782/3824 663/796/3825
f 653/782/3826 662/794/3827 663/796/3828
f 655/785/3829 654/784/3830 664/797/3831
f 654/784/3832 663/796/3833 664/797/3834
f 655/785/3835 664/797/3836 656/786/3837
f 664/797/3838 665/798/3839 656/786/3840
f 656/786/3841 665/798/3842 657/787/3843
f 665/798/3844 666/799/3845 657/787/3846
f 649/788/3847 657/787/3848 658/800/3849
f 657/787/3850 666/799/3851 658/800/3852
f 659/789/3853 658/790/3854 668/801/3855
f 658/790/3856 667/802/3857 668/801/3858
f 660/791/3859 659/789/3860 669/803/3861
f 659/789/3862 668/801/3863 669/803/3864
f 661/792/3865 660/791/3866 670/804/3867
f 660/791/3868 669/803/3869 670/804/3870
f 661/792/3871 670/804/3872 512/793/3873
s 7
f 670/804/3874 523/805/3048 512/793/3047
s off
f 662/794/3875 513/795/3876 671/806/3877
s 8
f 513/795/3052 524/807/3054 671/806/3878
s off
f 663/796/3879 662/794/3880 672/808/3881
f 662/794/3882 671/806/3883 672/808/3884
f 664/797/3885 663/796/3886 673/809/3887
f 663/796/3888 672/808/3889 673/809/3890
f 664/797/3891 673/809/3892 665/798/3893
f 673/809/3894 674/810/3895 665/798/3896
f 665/798/3897 674/810/3898 666/799/3899
f 674/810/3900 675/811/3901 666/799/3902
f 658/800/3903 666/799/3904 667/812/3905
f 666/799/3906 675/811/3907 667/812/3908
f 668/801/3909 667/802/3910 677/813/3911
f 667/802/3912 676/814/3913 677/813/3914
f 669/803/3915 668/801/3916 678/815/3917
f 668/801/3918 677/813/3919 678/815/3920
f 670/804/3921 669/803/3922 679/816/3923
f 669/803/3924 678/815/3925 679/816/3926
f 670/804/3927 679/816/3928 523/805/3929
s 9
f 679/816/3930 534/817/3108 523/805/3107
s off
f 671/806/3931 524/807/3932 680/818/3933
s 10
f 524/807/3112 535/819/3114 680/818/3934
s off
f 672/808/3935 671/806/3936 681/820/3937
f 671/806/3938 680/818/3939 681/820/3940
f 673/809/3941 672/808/3942 682/821/3943
f 672/808/3944 681/820/3945 682/821/3946
f 674/810/3947 673/809/3948 683/822/3949
f 673/809/3950 682/821/3951 683/822/3952
f 674/810/3953 683/822/3954 675/811/3955
f 683/822/3956 684/823/3957 675/811/3958
f 667/812/3959 675/811/3960 676/824/3961
f 675/811/3962 684/823/3963 676/824/3964
f 677/813/3965 676/814/3966 686/825/3967
f 676/814/3968 685/826/3969 686/825/3970
f 678/815/3971 677/813/3972 687/827/3973
f 677/813/3974 686/825/3975 687/827/3976
f 678/815/3977 687/827/3978 679/816/3979
f 687/827/3980 688/828/3981 679/816/3982
f 679/816/3983 688/828/3984 534/817/3985
s 11
f 688/828/3986 545/829/3168 534/817/3167
s off
f 680/818/3987 535/819/3988 689/830/3989
f 535/819/3990 546/831/3991 689/830/3992
f 681/820/3993 680/818/3994 690/832/3995
f 680/818/3996 689/830/3997 690/832/3998
f 682/821/3999 681/820/4000 691/833/4001
f 681/820/4002 690/832/4003 691/833/4004
f 682/821/4005 691/833/4006 683/822/4007
f 691/833/4008 692/834/4009 683/822/4010
f 683/822/4011 692/834/4012 684/823/4013
f 692/834/4014 693/835/4015 684/823/4016
f 676/824/4017 684/823/4018 685/836/4019
f 684/823/4020 693/835/4021 685/836/4022
f 685/826/4023 694/837/4024 686/825/4025
f 694/837/4026 695/838/4027 686/825/4028
f 686/825/4029 695/838/4030 687/827/4031
f 695/838/4032 696/839/4033 687/827/4034
f 687/827/4035 696/839/4036 688/828/4037
f 696/839/4038 697/840/4039 688/828/4040
f 688/828/4041 697/840/4042 545/829/4043
s 12
f 697/840/4044 556/841/3228 545/829/3227
s off
f 546/831/4045 557/842/4046 689/830/4047
f 557/842/4048 698/843/4049 689/830/4050
f 689/830/4051 698/843/4052 690/832/4053
f 698/843/4054 699/844/4055 690/832/4056
f 690/832/4057 699/844/4058 691/833/4059
f 699/844/4060 700/845/4061 691/833/4062
f 692/834/4063 691/833/4064 701/846/4065
f 691/833/4066 700/845/4067 701/846/4068
f 693/835/4069 692/834/4070 702/847/4071
f 692/834/4072 701/846/4073 702/847/4074
f 693/835/4075 702/847/4076 685/836/4077
f 702/847/4078 694/848/4079 685/836/4080
f 694/837/4081 703/849/4082 695/838/4083
f 703/849/4084 704/850/4085 695/838/4086
f 695/838/4087 704/850/4088 696/839/4089
f 704/850/4090 705/851/4091 696/839/4092
f 696/839/4093 705/851/4094 697/840/4095
f 705/851/4096 706/852/4097 697/840/4098
f 697/840/4099 706/852/4100 556/841/4101
s 13
f 706/852/4102 567/853/3288 556/841/3287
s off
f 557/842/4103 568/854/4104 698/843/4105
f 568/854/4106 707/855/4107 698/843/4108
f 698/843/4109 707/855/4110 699/844/4111
f 707/855/4112 708/856/4113 699/844/4114
f 699/844/4115 708/856/4116 700/845/4117
f 708/856/4118 709/857/4119 700/845/4120
f 701/846/4121 700/845/4122 710/858/4123
f 700/845/4124 709/857/4125 710/858/4126
f 702/847/4127 701/846/4128 711/859/4129
f 701/846/4130 710/858/4131 711/859/4132
f 702/847/4133 711/859/4134 694/848/4135
f 711/859/4136 703/860/4137 694/848/4138
f 703/849/4139 712/861/4140 704/850/4141
f 712/861/4142 713/862/4143 704/850/4144
f 704/850/4145 713/862/4146 705/851/4147
f 713/862/4148 714/863/4149 705/851/4150
f 705/851/4151 714/863/4152 706/852/4153
f 714/863/4154 715/864/4155 706/852/4156
f 706/852/4157 715/864/4158 567/853/4159
s 14
f 715/864/4160 578/865/3348 567/853/3347
s off
f 568/854/4161 579/866/4162 707/855/4163
f 579/866/4164 716/867/4165 707/855/4166
f 707/855/4167 716/867/4168 708/856/4169
f 716/867/4170 717/868/4171 708/856/4172
f 708/856/4173 717/868/4174 709/857/4175
f 717/868/4176 718/869/4177 709/857/4178
f 710/858/4179 709/857/4180 719/870/4181
f 709/857/4182 718/869/4183 719/870/4184
f 711/859/4185 710/858/4186 720/871/4187
f 710/858/4188 719/870/4189 720/871/4190
f 711/859/4191 720/871/4192 703/860/4193
f 720/871/4194 712/872/4195 703/860/4196
f 712/861/4197 721/873/4198 713/862/4199
f 721/873/4200 722/874/4201 713/862/4202
f 713/862/4203 722/874/4204 714/863/4205
f 722/874/4206 723/875/4207 714/863/4208
f 714/863/4209 723/875/4210 715/864/4211
f 723/875/4212 724/876/4213 715/864/4214
f 715/864/4215 724/876/4216 578/865/4217
s 15
f 724/876/4218 589/877/3408 578/865/3407
s off
f 579/866/4219 590/878/4220 716/867/4221
f 590/878/4222 725/879/4223 716/867/4224
f 716/867/4225 725/879/4226 717/868/4227
f 725/879/4228 726/880/4229 717/868/4230
f 717/868/4231 726/880/4232 718/869/4233
f 726/880/4234 727/881/4235 718/869/4236
f 718/869/4237 727/881/4238 719/870/4239
f 727/881/4240 728/882/4241 719/870/4242
f 719/870/4243 728/882/4244 720/871/4245
f 728/882/4246 729/883/4247 720/871/4248
f 720/871/4249 729/883/4250 712/872/4251
f 729/883/4252 721/884/4253 712/872/4254
f 721/873/4255 730/885/4256 722/874/4257
f 730/885/4258 731/886/4259 722/874/4260
f 722/874/4261 731/886/4262 723/875/4263
f 731/886/4264 732/887/4265 723/875/4266
f 723/875/4267 732/887/4268 724/876/4269
f 732/887/4270 733/888/4271 724/876/4272
f 724/876/4273 733/888/4274 589/877/4275
s 16
f 733/888/4276 600/889/3468 589/877/3467
s off
f 590/878/4277 601/890/4278 725/879/4279
f 601/890/4280 734/891/4281 725/879/4282
f 725/879/4283 734/891/4284 726/880/4285
f 734/891/4286 735/892/4287 726/880/4288
f 726/880/4289 735/892/4290 727/881/4291
f 735/892/4292 736/893/4293 727/881/4294
f 727/881/4295 736/893/4296 728/882/4297
f 736/893/4298 737/894/4299 728/882/4300
f 728/882/4301 737/894/4302 729/883/4303
f 737/894/4304 738/895/4305 729/883/4306
f 729/883/4307 738/895/4308 721/884/4309
f 738/895/4310 730/896/4311 721/884/4312
f 730/885/4313 739/897/4314 731/886/4315
f 739/897/4316 740/898/4317 731/886/4318
f 731/886/4319 740/898/4320 732/887/4321
f 740/898/4322 741/899/4323 732/887/4324
f 732/887/4325 741/899/4326 733/888/4327
f 741/899/4328 742/900/4329 733/888/4330
f 733/888/4331 742/900/4332 600/889/4333
s 17
f 742/900/4334 611/901/3528 600/889/3527
s off
f 601/890/4335 612/902/4336 734/891/4337
f 612/902/4338 743/903/4339 734/891/4340
f 734/891/4341 743/903/4342 735/892/4343
f 743/903/4344 744/904/4345 735/892/4346
f 735/892/4347 744/904/4348 736/893/4349
f 744/904/4350 745/905/4351 736/893/4352
f 736/893/4353 745/905/4354 737/894/4355
f 745/905/4356 746/906/4357 737/894/4358
f 737/894/4359 746/906/4360 738/895/4361
f 746/906/4362 747/907/4363 738/895/4364
f 738/895/4365 747/907/4366 730/896/4367
f 747/907/4368 739/908/4369 730/896/4370
f 739/897/4371 748/909/4372 740/898/4373
f 748/909/4374 749/910/4375 740/898/4376
f 740/898/4377 749/910/4378 741/899/4379
f 749/910/4380 750/911/4381 741/899/4382
f 741/899/4383 750/911/4384 742/900/4385
f 750/911/4386 751/912/4387 742/900/4388
f 742/900/4389 751/912/4390 611/901/4391
s 18
f 751/912/4392 622/913/3588 611/901/3587
s 19
f 612/902/3589 623/914/3591 743/903/4393
s off
f 623/914/4394 752/915/4395 743/903/4396
f 743/903/4397 752/915/4398 744/904/4399
f 752/915/4400 753/916/4401 744/904/4402
f 744/904/4403 753/916/4404 745/905/4405
f 753/916/4406 754/917/4407 745/905/4408
f 745/905/4409 754/917/4410 746/906/4411
f 754/917/4412 755/918/4413 746/906/4414
f 746/906/4415 755/918/4416 747/907/4417
f 755/918/4418 756/919/4419 747/907/4420
f 747/907/4421 756/919/4422 739/908/4423
f 756/919/4424 748/920/4425 739/908/4426
f 748/909/4427 629/921/4428 749/910/4429
f 749/910/4430 629/921/4431 750/911/4432
f 750/911/4433 629/921/4434 751/912/4435
s 20
f 751/912/4436 629/921/3636 622/913/3635
s 21
f 623/914/3637 629/922/3639 752/915/4437
s off
f 752/915/4438 629/922/4439 753/916/4440
f 753/916/4441 629/922/4442 754/917/4443
f 754/917/4444 629/922/4445 755/918/4446
f 755/918/4447 629/922/4448 756/919/4449
f 756/919/4450 629/922/4451 748/920/4452
f 632/753/4453 630/923/4454 631/755/4455
f 633/757/4456 630/924/4457 632/753/4458
f 634/759/4459 630/925/4460 633/757/4461
s 22
f 479/761/3664 630/926/3666 634/759/4462
s 23
f 635/763/4463 630/927/3669 480/765/3668
s off
f 636/767/4464 630/928/4465 635/763/4466
f 637/769/4467 630/929/4468 636/767/4469
f 638/771/4470 630/930/4471 637/769/4472
f 639/773/4473 630/931/4474 638/771/4475
f 631/775/4476 630/932/4477 639/773/4478
g default
v 0.073233 -0.928414 -0.014508
v 0.062295 -0.928415 -0.030365
v 0.045260 -0.928415 -0.042553
v 0.023795 -0.928415 -0.050179
v 0.000000 -0.928415 -0.052768
v 0.000000 -0.928415 0.065829
v 0.023795 -0.928414 0.062686
v 0.045260 -0.928415 0.053617
v 0.062295 -0.928415 0.039652
v 0.073233 -0.928415 0.022364
v 0.077001 -0.928415 0.003655
v 0.144662 -0.928412 -0.035248
v 0.123057 -0.929153 -0.066447
v 0.089406 -0.929153 -0.089605
v 0.047004 -0.929153 -0.103606
v -0.000000 -0.929153 -0.108258
v 0.000000 -0.927903 0.130563
v 0.047003 -0.927903 0.124021
v 0.089406 -0.927903 0.105127
v 0.123057 -0.927903 0.076020
v 0.144662 -0.927903 0.040076
v 0.152106 -0.927903 0.001515
v 0.212430 -0.922375 -0.056413
v 0.180788 -0.925106 -0.103269
v 0.131350 -0.925757 -0.137219
v 0.069055 -0.925757 -0.157209
v -0.000000 -0.925757 -0.163733
v 0.000000 -0.921290 0.193671
v 0.069055 -0.921289 0.184192
v 0.131350 -0.921289 0.156683
v 0.180421 -0.921289 0.113386
v 0.211864 -0.921289 0.058649
v 0.222832 -0.921289 -0.000350
v 0.273284 -0.904269 -0.076279
v 0.234015 -0.907815 -0.139216
v 0.170060 -0.910504 -0.184354
v 0.089406 -0.910504 -0.210808
v 0.000000 -0.910504 -0.219436
v 0.000000 -0.902947 0.250717
v 0.089406 -0.902948 0.238475
v 0.169653 -0.902948 0.202859
v 0.232363 -0.902948 0.147386
v 0.271495 -0.902912 0.077416
v 0.285317 -0.902888 -0.000984
v 0.324494 -0.868921 -0.093638
v 0.280548 -0.872727 -0.172425
v 0.204583 -0.876474 -0.229268
v 0.107556 -0.876474 -0.263002
v 0.000000 -0.876474 -0.273997
v 0.000000 -0.867678 0.300592
v 0.107556 -0.867678 0.286383
v 0.203092 -0.867678 0.244040
v 0.276525 -0.867639 0.177305
v 0.320792 -0.867452 0.093215
v 0.336769 -0.867341 -0.000329
v 0.363725 -0.812700 -0.107810
v 0.318363 -0.816279 -0.201440
v 0.234068 -0.819743 -0.270068
v 0.123057 -0.819808 -0.309946
v 0.000000 -0.819808 -0.323012
v 0.000000 -0.811909 0.340820
v 0.122828 -0.811909 0.325483
v 0.230546 -0.811909 0.278893
v 0.310758 -0.811757 0.202859
v 0.357320 -0.811321 0.106649
v 0.374610 -0.811075 0.000000
v 0.391765 -0.743119 -0.117908
v 0.347139 -0.745846 -0.224515
v 0.257737 -0.747849 -0.302614
v 0.135528 -0.748003 -0.346799
v -0.000000 -0.748003 -0.361257
v 0.000000 -0.742875 0.370294
v 0.134732 -0.742876 0.354641
v 0.251668 -0.742876 0.305867
v 0.335602 -0.742630 0.223417
v 0.382459 -0.742047 0.117458
v 0.399783 -0.741693 0.000000
v 0.407476 -0.666449 -0.125374
v 0.367994 -0.667875 -0.239846
v 0.274968 -0.668219 -0.324589
v 0.144662 -0.668219 -0.371146
v -0.000000 -0.668219 -0.385313
v 0.000000 -0.666563 0.389572
v 0.143273 -0.666565 0.374145
v 0.266805 -0.666565 0.324693
v 0.353412 -0.666373 0.238475
v 0.395848 -0.665817 0.125374
v 0.410531 -0.665449 0.000000
v 0.411624 -0.583790 -0.130203
v 0.379198 -0.583871 -0.247222
v 0.285567 -0.583871 -0.335625
v 0.150234 -0.583871 -0.378910
v 0.000000 -0.583871 -0.389583
v 0.000000 -0.583848 0.399962
v 0.148620 -0.583849 0.384941
v 0.276638 -0.583849 0.335624
v 0.363490 -0.583814 0.247508
v 0.398927 -0.583632 0.130203
v 0.410150 -0.583470 0.000000
v 0.408430 -0.497394 -0.131826
v 0.380849 -0.497394 -0.250049
v 0.289324 -0.497394 -0.333434
v 0.152107 -0.497394 -0.369387
v -0.000000 -0.497394 -0.376340
v 0.000000 -0.497394 0.403158
v 0.140776 -0.497394 0.388330
v 0.281493 -0.497394 0.339189
v 0.366446 -0.497394 0.250456
v 0.396468 -0.497394 0.131826
v 0.404296 -0.497394 0.000000
v 0.397873 -0.410916 -0.130203
v 0.373850 -0.410916 -0.246689
v 0.285574 -0.410916 -0.323432
v 0.150234 -0.410916 -0.348845
v -0.000000 -0.410916 -0.351819
v 0.000000 -0.410916 0.399962
v 0.114939 -0.410916 0.384941
v 0.280328 -0.410916 0.335624
v 0.362972 -0.410916 0.247427
v 0.388374 -0.410916 0.130203
v 0.393196 -0.410916 0.000000
v 0.379991 -0.326569 -0.125374
v 0.356282 -0.326569 -0.235591
v 0.274388 -0.326569 -0.306121
v 0.144662 -0.326569 -0.328054
v -0.000000 -0.326569 -0.329389
v 0.000000 -0.326569 0.389696
v 0.107208 -0.326569 0.374246
v 0.272056 -0.326569 0.324714
v 0.350146 -0.326569 0.238413
v 0.373950 -0.326569 0.125374
v 0.377530 -0.326569 0.000000
v 0.355044 -0.246427 -0.117375
v 0.329148 -0.246427 -0.217969
v 0.255245 -0.246427 -0.283238
v 0.135528 -0.246427 -0.305510
v 0.000000 -0.246427 -0.307991
v 0.000000 -0.246427 0.370725
v 0.097776 -0.246427 0.354986
v 0.254878 -0.246427 0.305946
v 0.327158 -0.246427 0.223417
v 0.352450 -0.246427 0.117458
v 0.356570 -0.246427 0.000000
v 0.322429 -0.172465 -0.106271
v 0.295081 -0.172465 -0.195823
v 0.228984 -0.172465 -0.255897
v 0.123057 -0.172465 -0.280567
v 0.000000 -0.172465 -0.285173
v 0.000000 -0.172465 0.341437
v 0.099723 -0.172465 0.325953
v 0.228984 -0.172465 0.278978
v 0.295011 -0.172465 0.202859
v 0.322218 -0.172465 0.106649
v 0.327973 -0.172465 0.000000
v 0.284219 -0.106504 -0.092759
v 0.256496 -0.106504 -0.170744
v 0.197136 -0.106504 -0.224367
v 0.106765 -0.106504 -0.250912
v -0.000000 -0.106504 -0.257652
v 0.000000 -0.106504 0.301147
v 0.106765 -0.106504 0.286725
v 0.197136 -0.106504 0.244040
v 0.256496 -0.106504 0.177305
v 0.284219 -0.106504 0.093215
v 0.291365 -0.106504 0.000000
v 0.240447 -0.050168 -0.077224
v 0.213084 -0.050168 -0.142754
v 0.161007 -0.050168 -0.189196
v 0.087328 -0.050168 -0.214765
v -0.000000 -0.050168 -0.222427
v 0.000000 -0.050168 0.250747
v 0.087328 -0.050168 0.238475
v 0.161007 -0.050168 0.202859
v 0.213084 -0.050168 0.147386
v 0.240446 -0.050168 0.077485
v 0.248524 -0.050168 0.000000
v 0.189052 -0.004844 -0.059848
v 0.164318 -0.004844 -0.111492
v 0.122357 -0.004844 -0.149511
v 0.065914 -0.004844 -0.171963
v 0.000000 -0.004844 -0.179220
v 0.000000 -0.004844 0.193671
v 0.065914 -0.004844 0.184192
v 0.122357 -0.004844 0.156683
v 0.164318 -0.004844 0.113837
v 0.189052 -0.004844 0.059848
v 0.196924 -0.004844 0.000000
v 0.129749 0.028352 -0.040736
v 0.111528 0.028352 -0.076886
v 0.082125 0.028352 -0.104382
v 0.043508 0.028352 -0.121348
v 0.000000 0.028352 -0.127052
v 0.000000 0.028352 0.131826
v 0.043508 0.028352 0.125374
v 0.082125 0.028352 0.106649
v 0.111528 0.028352 0.077485
v 0.129749 0.028352 0.040736
v 0.135898 0.028352 0.000000
v 0.065940 0.048602 -0.020622
v 0.056137 0.048602 -0.039226
v 0.040648 0.048602 -0.053907
v 0.020769 0.048602 -0.063207
v -0.000000 0.048602 -0.066356
v 0.000000 0.048602 0.066734
v 0.020769 0.048602 0.063468
v 0.040648 0.048602 0.053989
v 0.056137 0.048602 0.039226
v 0.065940 0.048602 0.020622
v 0.069290 0.048602 0.000000
v -0.000000 -0.927948 0.004614
v -0.000000 0.055408 -0.000000
v -0.073233 -0.928414 -0.014508
v -0.062295 -0.928415 -0.030365
v -0.045260 -0.928415 -0.042553
v -0.023795 -0.928415 -0.050179
v -0.023795 -0.928414 0.062686
v -0.045260 -0.928415 0.053617
v -0.062295 -0.928415 0.039652
v -0.073233 -0.928415 0.022364
v -0.077001 -0.928415 0.003655
v -0.144662 -0.928412 -0.035248
v -0.123057 -0.929153 -0.066447
v -0.089406 -0.929153 -0.089605
v -0.047004 -0.929153 -0.103606
v -0.047003 -0.927903 0.124021
v -0.089406 -0.927903 0.105127
v -0.123057 -0.927903 0.076020
v -0.144662 -0.927903 0.040076
v -0.152106 -0.927903 0.001515
v -0.212430 -0.922375 -0.056413
v -0.180788 -0.925106 -0.103269
v -0.131350 -0.925757 -0.137219
v -0.069055 -0.925757 -0.157209
v -0.069055 -0.921289 0.184192
v -0.131350 -0.921289 0.156683
v -0.180421 -0.921289 0.113386
v -0.211864 -0.921289 0.058649
v -0.222832 -0.921289 -0.000350
v -0.273284 -0.904269 -0.076279
v -0.234015 -0.907815 -0.139216
v -0.170060 -0.910504 -0.184354
v -0.089406 -0.910504 -0.210808
v -0.089406 -0.902948 0.238475
v -0.169653 -0.902948 0.202859
v -0.232363 -0.902948 0.147386
v -0.271495 -0.902912 0.077416
v -0.285317 -0.902888 -0.000984
v -0.324494 -0.868921 -0.093638
v -0.280548 -0.872727 -0.172425
v -0.204583 -0.876474 -0.229268
v -0.107556 -0.876474 -0.263002
v -0.107556 -0.867678 0.286383
v -0.203092 -0.867678 0.244040
v -0.276525 -0.867639 0.177305
v -0.320792 -0.867452 0.093215
v -0.336769 -0.867341 -0.000329
v -0.363725 -0.812700 -0.107810
v -0.318363 -0.816279 -0.201440
v -0.234068 -0.819743 -0.270068
v -0.123057 -0.819808 -0.309946
v -0.122828 -0.811909 0.325483
v -0.230546 -0.811909 0.278893
v -0.310758 -0.811757 0.202859
v -0.357320 -0.811321 0.106649
v -0.374610 -0.811075 -0.000000
v -0.391765 -0.743119 -0.117908
v -0.347139 -0.745846 -0.224515
v -0.257737 -0.747849 -0.302614
v -0.135528 -0.748003 -0.346799
v -0.134732 -0.742876 0.354641
v -0.251668 -0.742876 0.305867
v -0.335602 -0.742630 0.223417
v -0.382459 -0.742047 0.117458
v -0.399783 -0.741693 -0.000000
v -0.407476 -0.666449 -0.125374
v -0.367994 -0.667875 -0.239846
v -0.274968 -0.668219 -0.324589
v -0.144662 -0.668219 -0.371146
v -0.143273 -0.666565 0.374145
v -0.266805 -0.666565 0.324693
v -0.353412 -0.666373 0.238475
v -0.395848 -0.665817 0.125374
v -0.410531 -0.665449 0.000000
v -0.411624 -0.583790 -0.130203
v -0.379198 -0.583871 -0.247222
v -0.285567 -0.583871 -0.335625
v -0.150234 -0.583871 -0.378910
v -0.148620 -0.583849 0.384941
v -0.276638 -0.583849 0.335624
v -0.363490 -0.583814 0.247508
v -0.398927 -0.583632 0.130203
v -0.410150 -0.583470 -0.000000
v -0.408430 -0.497394 -0.131826
v -0.380849 -0.497394 -0.250049
v -0.289324 -0.497394 -0.333434
v -0.152107 -0.497394 -0.369387
v -0.140776 -0.497394 0.388330
v -0.281493 -0.497394 0.339189
v -0.366446 -0.497394 0.250456
v -0.396468 -0.497394 0.131826
v -0.404296 -0.497394 -0.000000
v -0.397873 -0.410916 -0.130203
v -0.373850 -0.410916 -0.246689
v -0.285574 -0.410916 -0.323432
v -0.150234 -0.410916 -0.348845
v -0.114939 -0.410916 0.384941
v -0.280328 -0.410916 0.335624
v -0.362972 -0.410916 0.247427
v -0.388374 -0.410916 0.130203
v -0.393196 -0.410916 0.000000
v -0.379991 -0.326569 -0.125374
v -0.356282 -0.326569 -0.235591
v -0.274388 -0.326569 -0.306121
v -0.144662 -0.326569 -0.328054
v -0.107208 -0.326569 0.374246
v -0.272056 -0.326569 0.324714
v -0.350146 -0.326569 0.238413
v -0.373950 -0.326569 0.125374
v -0.377530 -0.326569 -0.000000
v -0.355044 -0.246427 -0.117375
v -0.329148 -0.246427 -0.217969
v -0.255245 -0.246427 -0.283238
v -0.135528 -0.246427 -0.305510
v -0.097776 -0.246427 0.354986
v -0.254878 -0.246427 0.305946
v -0.327158 -0.246427 0.223417
v -0.352450 -0.246427 0.117458
v -0.356570 -0.246427 -0.000000
v -0.322429 -0.172465 -0.106271
v -0.295081 -0.172465 -0.195823
v -0.228984 -0.172465 -0.255897
v -0.123057 -0.172465 -0.280567
v -0.099723 -0.172465 0.325953
v -0.228984 -0.172465 0.278978
v -0.295011 -0.172465 0.202859
v -0.322218 -0.172465 0.106649
v -0.327973 -0.172465 0.000000
v -0.284219 -0.106504 -0.092759
v -0.256496 -0.106504 -0.170744
v -0.197136 -0.106504 -0.224367
v -0.106765 -0.106504 -0.250912
v -0.106765 -0.106504 0.286725
v -0.197136 -0.106504 0.244040
v -0.256496 -0.106504 0.177305
v -0.284219 -0.106504 0.093215
v -0.291365 -0.106504 0.000000
v -0.240447 -0.050168 -0.077224
v -0.213084 -0.050168 -0.142754
v -0.161007 -0.050168 -0.189196
v -0.087328 -0.050168 -0.214765
v -0.087328 -0.050168 0.238475
v -0.161007 -0.050168 0.202859
v -0.213084 -0.050168 0.147386
v -0.240446 -0.050168 0.077485
v -0.248524 -0.050168 0.000000
v -0.189052 -0.004844 -0.059848
v -0.164318 -0.004844 -0.111492
v -0.122357 -0.004844 -0.149511
v -0.065914 -0.004844 -0.171963
v -0.065914 -0.004844 0.184192
v -0.122357 -0.004844 0.156683
v -0.164318 -0.004844 0.113837
v -0.189052 -0.004844 0.059848
v -0.196924 -0.004844 -0.000000
v -0.129749 0.028352 -0.040736
v -0.111528 0.028352 -0.076886
v -0.082125 0.028352 -0.104382
v -0.043508 0.028352 -0.121348
v -0.043508 0.028352 0.125374
v -0.082125 0.028352 0.106649
v -0.111528 0.028352 0.077485
v -0.129749 0.028352 0.040736
v -0.135898 0.028352 0.000000
v -0.065940 0.048602 -0.020622
v -0.056137 0.048602 -0.039226
v -0.040648 0.048602 -0.053907
v -0.020769 0.048602 -0.063207
v -0.020769 0.048602 0.063468
v -0.040648 0.048602 0.053989
v -0.056137 0.048602 0.039226
v -0.065940 0.048602 0.020622
v -0.069290 0.048602 -0.000000
vt 0.000000 0.050000
vt 0.050000 0.050000
vt 0.100000 0.050000
vt 0.150000 0.050000
vt 0.200000 0.050000
vt 0.700000 0.050000
vt 0.750000 0.050000
vt 0.800000 0.050000
vt 0.850000 0.050000
vt 0.900000 0.050000
vt 0.950000 0.050000
vt 1.000000 0.050000
vt 0.000000 0.100000
vt 0.050000 0.100000
vt 0.100000 0.100000
vt 0.150000 0.100000
vt 0.200000 0.100000
vt 0.700000 0.100000
vt 0.750000 0.100000
vt 0.800000 0.100000
vt 0.850000 0.100000
vt 0.900000 0.100000
vt 0.950000 0.100000
vt 1.000000 0.100000
vt 0.000000 0.150000
vt 0.050000 0.150000
vt 0.100000 0.150000
vt 0.150000 0.150000
vt 0.200000 0.150000
vt 0.700000 0.150000
vt 0.750000 0.150000
vt 0.800000 0.150000
vt 0.850000 0.150000
vt 0.900000 0.150000
vt 0.950000 0.150000
vt 1.000000 0.150000
vt 0.000000 0.200000
vt 0.050000 0.200000
vt 0.100000 0.200000
vt 0.150000 0.200000
vt 0.200000 0.200000
vt 0.700000 0.200000
vt 0.750000 0.200000
vt 0.800000 0.200000
vt 0.850000 0.200000
vt 0.900000 0.200000
vt 0.950000 0.200000
vt 1.000000 0.200000
vt 0.000000 0.250000
vt 0.050000 0.250000
vt 0.100000 0.250000
vt 0.150000 0.250000
vt 0.200000 0.250000
vt 0.700000 0.250000
vt 0.750000 0.250000
vt 0.800000 0.250000
vt 0.850000 0.250000
vt 0.900000 0.250000
vt 0.950000 0.250000
vt 1.000000 0.250000
vt 0.000000 0.300000
vt 0.050000 0.300000
vt 0.100000 0.300000
vt 0.150000 0.300000
vt 0.200000 0.300000
vt 0.700000 0.300000
vt 0.750000 0.300000
vt 0.800000 0.300000
vt 0.850000 0.300000
vt 0.900000 0.300000
vt 0.950000 0.300000
vt 1.000000 0.300000
vt 0.000000 0.350000
vt 0.050000 0.350000
vt 0.100000 0.350000
vt 0.150000 0.350000
vt 0.200000 0.350000
vt 0.700000 0.350000
vt 0.750000 0.350000
vt 0.800000 0.350000
vt 0.850000 0.350000
vt 0.900000 0.350000
vt 0.950000 0.350000
vt 1.000000 0.350000
vt 0.000000 0.400000
vt 0.050000 0.400000
vt 0.100000 0.400000
vt 0.150000 0.400000
vt 0.200000 0.400000
vt 0.700000 0.400000
vt 0.750000 0.400000
vt 0.800000 0.400000
vt 0.850000 0.400000
vt 0.900000 0.400000
vt 0.950000 0.400000
vt 1.000000 0.400000
vt 0.000000 0.450000
vt 0.050000 0.450000
vt 0.100000 0.450000
vt 0.150000 0.450000
vt 0.200000 0.450000
vt 0.700000 0.450000
vt 0.750000 0.450000
vt 0.800000 0.450000
vt 0.850000 0.450000
vt 0.900000 0.450000
vt 0.950000 0.450000
vt 1.000000 0.450000
vt 0.000000 0.500000
vt 0.050000 0.500000
vt 0.100000 0.500000
vt 0.150000 0.500000
vt 0.200000 0.500000
vt 0.700000 0.500000
vt 0.750000 0.500000
vt 0.800000 0.500000
vt 0.850000 0.500000
vt 0.900000 0.500000
vt 0.950000 0.500000
vt 1.000000 0.500000
vt 0.000000 0.550000
vt 0.050000 0.550000
vt 0.100000 0.550000
vt 0.150000 0.550000
vt 0.200000 0.550000
vt 0.700000 0.550000
vt 0.750000 0.550000
vt 0.800000 0.550000
vt 0.850000 0.550000
vt 0.900000 0.550000
vt 0.950000 0.550000
vt 1.000000 0.550000
vt 0.000000 0.600000
vt 0.050000 0.600000
vt 0.100000 0.600000
vt 0.150000 0.600000
vt 0.200000 0.600000
vt 0.700000 0.600000
vt 0.750000 0.600000
vt 0.800000 0.600000
vt 0.850000 0.600000
vt 0.900000 0.600000
vt 0.950000 0.600000
vt 1.000000 0.600000
vt 0.000000 0.650000
vt 0.050000 0.650000
vt 0.100000 0.650000
vt 0.150000 0.650000
vt 0.200000 0.650000
vt 0.700000 0.650000
vt 0.750000 0.650000
vt 0.800000 0.650000
vt 0.850000 0.650000
vt 0.900000 0.650000
vt 0.950000 0.650000
vt 1.000000 0.650000
vt 0.000000 0.700000
vt 0.050000 0.700000
vt 0.100000 0.700000
vt 0.150000 0.700000
vt 0.200000 0.700000
vt 0.700000 0.700000
vt 0.750000 0.700000
vt 0.800000 0.700000
vt 0.850000 0.700000
vt 0.900000 0.700000
vt 0.950000 0.700000
vt 1.000000 0.700000
vt 0.000000 0.750000
vt 0.050000 0.750000
vt 0.100000 0.750000
vt 0.150000 0.750000
vt 0.200000 0.750000
vt 0.700000 0.750000
vt 0.750000 0.750000
vt 0.800000 0.750000
vt 0.850000 0.750000
vt 0.900000 0.750000
vt 0.950000 0.750000
vt 1.000000 0.750000
vt 0.000000 0.800000
vt 0.050000 0.800000
vt 0.100000 0.800000
vt 0.150000 0.800000
vt 0.200000 0.800000
vt 0.700000 0.800000
vt 0.750000 0.800000
vt 0.800000 0.800000
vt 0.850000 0.800000
vt 0.900000 0.800000
vt 0.950000 0.800000
vt 1.000000 0.800000
vt 0.000000 0.850000
vt 0.050000 0.850000
vt 0.100000 0.850000
vt 0.150000 0.850000
vt 0.200000 0.850000
vt 0.700000 0.850000
vt 0.750000 0.850000
vt 0.800000 0.850000
vt 0.850000 0.850000
vt 0.900000 0.850000
vt 0.950000 0.850000
vt 1.000000 0.850000
vt 0.000000 0.900000
vt 0.050000 0.900000
vt 0.100000 0.900000
vt 0.150000 0.900000
vt 0.200000 0.900000
vt 0.700000 0.900000
vt 0.750000 0.900000
vt 0.800000 0.900000
vt 0.850000 0.900000
vt 0.900000 0.900000
vt 0.950000 0.900000
vt 1.000000 0.900000
vt 0.000000 0.950000
vt 0.050000 0.950000
vt 0.100000 0.950000
vt 0.150000 0.950000
vt 0.200000 0.950000
vt 0.700000 0.950000
vt 0.750000 0.950000
vt 0.800000 0.950000
vt 0.850000 0.950000
vt 0.900000 0.950000
vt 0.950000 0.950000
vt 1.000000 0.950000
vt 0.025000 0.000000
vt 0.075000 0.000000
vt 0.125000 0.000000
vt 0.175000 0.000000
vt 0.725000 0.000000
vt 0.775000 0.000000
vt 0.825000 0.000000
vt 0.875000 0.000000
vt 0.925000 0.000000
vt 0.975000 0.000000
vt 0.025000 1.000000
vt 0.075000 1.000000
vt 0.125000 1.000000
vt 0.175000 1.000000
vt 0.725000 1.000000
vt 0.775000 1.000000
vt 0.825000 1.000000
vt 0.875000 1.000000
vt 0.925000 1.000000
vt 0.975000 1.000000
vt 0.000000 0.050000
vt 0.050000 0.050000
vt 0.050000 0.100000
vt 0.000000 0.100000
vt 0.100000 0.050000
vt 0.100000 0.100000
vt 0.150000 0.050000
vt 0.150000 0.100000
vt 0.200000 0.050000
vt 0.200000 0.100000
vt 0.700000 0.050000
vt 0.750000 0.050000
vt 0.750000 0.100000
vt 0.700000 0.100000
vt 0.800000 0.050000
vt 0.800000 0.100000
vt 0.850000 0.050000
vt 0.850000 0.100000
vt 0.900000 0.050000
vt 0.900000 0.100000
vt 0.950000 0.050000
vt 0.950000 0.100000
vt 1.000000 0.050000
vt 1.000000 0.100000
vt 0.050000 0.150000
vt 0.000000 0.150000
vt 0.100000 0.150000
vt 0.150000 0.150000
vt 0.200000 0.150000
vt 0.750000 0.150000
vt 0.700000 0.150000
vt 0.800000 0.150000
vt 0.850000 0.150000
vt 0.900000 0.150000
vt 0.950000 0.150000
vt 1.000000 0.150000
vt 0.050000 0.200000
vt 0.000000 0.200000
vt 0.100000 0.200000
vt 0.150000 0.200000
vt 0.200000 0.200000
vt 0.750000 0.200000
vt 0.700000 0.200000
vt 0.800000 0.200000
vt 0.850000 0.200000
vt 0.900000 0.200000
vt 0.950000 0.200000
vt 1.000000 0.200000
vt 0.050000 0.250000
vt 0.000000 0.250000
vt 0.100000 0.250000
vt 0.150000 0.250000
vt 0.200000 0.250000
vt 0.750000 0.250000
vt 0.700000 0.250000
vt 0.800000 0.250000
vt 0.850000 0.250000
vt 0.900000 0.250000
vt 0.950000 0.250000
vt 1.000000 0.250000
vt 0.050000 0.300000
vt 0.000000 0.300000
vt 0.100000 0.300000
vt 0.150000 0.300000
vt 0.200000 0.300000
vt 0.750000 0.300000
vt 0.700000 0.300000
vt 0.800000 0.300000
vt 0.850000 0.300000
vt 0.900000 0.300000
vt 0.950000 0.300000
vt 1.000000 0.300000
vt 0.050000 0.350000
vt 0.000000 0.350000
vt 0.100000 0.350000
vt 0.150000 0.350000
vt 0.200000 0.350000
vt 0.750000 0.350000
vt 0.700000 0.350000
vt 0.800000 0.350000
vt 0.850000 0.350000
vt 0.900000 0.350000
vt 0.950000 0.350000
vt 1.000000 0.350000
vt 0.050000 0.400000
vt 0.000000 0.400000
vt 0.100000 0.400000
vt 0.150000 0.400000
vt 0.200000 0.400000
vt 0.750000 0.400000
vt 0.700000 0.400000
vt 0.800000 0.400000
vt 0.850000 0.400000
vt 0.900000 0.400000
vt 0.950000 0.400000
vt 1.000000 0.400000
vt 0.050000 0.450000
vt 0.000000 0.450000
vt 0.100000 0.450000
vt 0.150000 0.450000
vt 0.200000 0.450000
vt 0.750000 0.450000
vt 0.700000 0.450000
vt 0.800000 0.450000
vt 0.850000 0.450000
vt 0.900000 0.450000
vt 0.950000 0.450000
vt 1.000000 0.450000
vt 0.050000 0.500000
vt 0.000000 0.500000
vt 0.100000 0.500000
vt 0.150000 0.500000
vt 0.200000 0.500000
vt 0.750000 0.500000
vt 0.700000 0.500000
vt 0.800000 0.500000
vt 0.850000 0.500000
vt 0.900000 0.500000
vt 0.950000 0.500000
vt 1.000000 0.500000
vt 0.050000 0.550000
vt 0.000000 0.550000
vt 0.100000 0.550000
vt 0.150000 0.550000
vt 0.200000 0.550000
vt 0.750000 0.550000
vt 0.700000 0.550000
vt 0.800000 0.550000
vt 0.850000 0.550000
vt 0.900000 0.550000
vt 0.950000 0.550000
vt 1.000000 0.550000
vt 0.050000 0.600000
vt 0.000000 0.600000
vt 0.100000 0.600000
vt 0.150000 0.600000
vt 0.200000 0.600000
vt 0.750000 0.600000
vt 0.700000 0.600000
vt 0.800000 0.600000
vt 0.850000 0.600000
vt 0.900000 0.600000
vt 0.950000 0.600000
vt 1.000000 0.600000
vt 0.050000 0.650000
vt 0.000000 0.650000
vt 0.100000 0.650000
vt 0.150000 0.650000
vt 0.200000 0.650000
vt 0.750000 0.650000
vt 0.700000 0.650000
vt 0.800000 0.650000
vt 0.850000 0.650000
vt 0.900000 0.650000
vt 0.950000 0.650000
vt 1.000000 0.650000
vt 0.050000 0.700000
vt 0.000000 0.700000
vt 0.100000 0.700000
vt 0.150000 0.700000
vt 0.200000 0.700000
vt 0.750000 0.700000
vt 0.700000 0.700000
vt 0.800000 0.700000
vt 0.850000 0.700000
vt 0.900000 0.700000
vt 0.950000 0.700000
vt 1.000000 0.700000
vt 0.050000 0.750000
vt 0.000000 0.750000
vt 0.100000 0.750000
vt 0.150000 0.750000
vt 0.200000 0.750000
vt 0.750000 0.750000
vt 0.700000 0.750000
vt 0.800000 0.750000
vt 0.850000 0.750000
vt 0.900000 0.750000
vt 0.950000 0.750000
vt 1.000000 0.750000
vt 0.050000 0.800000
vt 0.000000 0.800000
vt 0.100000 0.800000
vt 0.150000 0.800000
vt 0.200000 0.800000
vt 0.750000 0.800000
vt 0.700000 0.800000
vt 0.800000 0.800000
vt 0.850000 0.800000
vt 0.900000 0.800000
vt 0.950000 0.800000
vt 1.000000 0.800000
vt 0.050000 0.850000
vt 0.000000 0.850000
vt 0.100000 0.850000
vt 0.150000 0.850000
vt 0.200000 0.850000
vt 0.750000 0.850000
vt 0.700000 0.850000
vt 0.800000 0.850000
vt 0.850000 0.850000
vt 0.900000 0.850000
vt 0.950000 0.850000
vt 1.000000 0.850000
vt 0.050000 0.900000
vt 0.000000 0.900000
vt 0.100000 0.900000
vt 0.150000 0.900000
vt 0.200000 0.900000
vt 0.750000 0.900000
vt 0.700000 0.900000
vt 0.800000 0.900000
vt 0.850000 0.900000
vt 0.900000 0.900000
vt 0.950000 0.900000
vt 1.000000 0.900000
vt 0.050000 0.950000
vt 0.000000 0.950000
vt 0.100000 0.950000
vt 0.150000 0.950000
vt 0.200000 0.950000
vt 0.750000 0.950000
vt 0.700000 0.950000
vt 0.800000 0.950000
vt 0.850000 0.950000
vt 0.900000 0.950000
vt 0.950000 0.950000
vt 1.000000 0.950000
vt 0.025000 0.000000
vt 0.075000 0.000000
vt 0.125000 0.000000
vt 0.175000 0.000000
vt 0.725000 0.000000
vt 0.775000 0.000000
vt 0.825000 0.000000
vt 0.875000 0.000000
vt 0.925000 0.000000
vt 0.975000 0.000000
vt 0.025000 1.000000
vt 0.075000 1.000000
vt 0.125000 1.000000
vt 0.175000 1.000000
vt 0.725000 1.000000
vt 0.775000 1.000000
vt 0.825000 1.000000
vt 0.875000 1.000000
vt 0.925000 1.000000
vt 0.975000 1.000000
vn -0.006372 -0.999958 0.006656
vn 0.027124 -0.999545 -0.013188
vn -0.001106 -0.999978 0.006556
vn 0.051746 -0.998653 0.003801
vn -0.004447 -0.999948 0.009126
vn 0.011404 -0.999608 -0.025590
vn -0.002199 -0.999941 0.010651
vn 0.005316 -0.999563 -0.029060
vn 0.000000 -0.999941 0.010880
vn 0.000000 -0.999583 -0.028862
vn -0.000000 -0.999999 0.001104
vn 0.000340 -0.999999 0.001669
vn -0.000000 -0.997693 0.067883
vn 0.018184 -0.997977 0.060920
vn 0.000759 -0.999999 0.001496
vn 0.033900 -0.998093 0.051595
vn 0.001140 -0.999999 0.001174
vn 0.046517 -0.998208 0.037654
vn 0.001423 -0.999999 0.000713
vn 0.051732 -0.998455 0.020262
vn 0.001543 -0.999999 0.000119
vn 0.056716 -0.998364 0.007249
vn 0.144071 -0.984245 -0.102496
vn 0.192235 -0.980590 -0.038598
vn 0.075783 -0.985368 -0.152665
vn 0.033254 -0.984046 -0.174779
vn 0.000000 -0.983818 -0.179172
vn 0.060531 -0.975082 0.213429
vn 0.000000 -0.976971 0.213371
vn 0.115699 -0.977355 0.177178
vn 0.160316 -0.978835 0.127205
vn 0.193976 -0.978618 0.068403
vn 0.196578 -0.980435 0.010205
vn 0.336121 -0.905178 -0.260144
vn 0.419173 -0.900625 -0.114751
vn 0.193404 -0.909573 -0.367794
vn 0.082867 -0.905971 -0.415151
vn 0.000000 -0.905104 -0.425190
vn 0.000000 -0.883183 0.469030
vn 0.124782 -0.886486 0.445615
vn 0.247723 -0.892292 0.377422
vn 0.350935 -0.895604 0.273381
vn 0.423383 -0.894353 0.144496
vn 0.448528 -0.893684 0.012320
vn 0.683178 -0.705186 -0.189686
vn 0.535450 -0.736508 -0.413339
vn 0.326268 -0.741780 -0.585928
vn 0.139474 -0.741075 -0.656776
vn 0.000000 -0.740465 -0.672095
vn -0.000000 -0.688979 0.724781
vn 0.188335 -0.699639 0.689228
vn 0.387540 -0.713867 0.583273
vn 0.564884 -0.708503 0.423001
vn 0.688935 -0.689046 0.224907
vn 0.730392 -0.682768 0.018871
vn 0.847204 -0.484535 -0.217877
vn 0.675634 -0.542201 -0.499536
vn 0.412432 -0.562963 -0.716221
vn 0.179164 -0.555077 -0.812275
vn -0.000000 -0.552706 -0.833376
vn -0.000000 -0.479950 0.877296
vn 0.221023 -0.496234 0.839583
vn 0.470746 -0.517662 0.714440
vn 0.702820 -0.503584 0.502441
vn 0.848928 -0.459566 0.261000
vn 0.896265 -0.442663 0.027542
vn 0.931822 -0.298436 -0.206503
vn 0.758573 -0.380237 -0.529139
vn 0.461903 -0.399774 -0.791724
vn 0.200004 -0.384148 -0.901348
vn -0.000000 -0.373922 -0.927460
vn -0.000000 -0.315336 0.948980
vn 0.230684 -0.333455 0.914108
vn 0.507527 -0.364035 0.780958
vn 0.777274 -0.347119 0.524742
vn 0.925840 -0.274274 0.259987
vn 0.970239 -0.239374 0.036560
vn 0.975545 -0.135830 -0.172809
vn 0.815577 -0.227390 -0.532098
vn 0.487637 -0.240895 -0.839154
vn 0.204007 -0.198283 -0.958679
vn 0.000000 -0.167890 -0.985806
vn -0.000000 -0.183151 0.983085
vn 0.230453 -0.199783 0.952354
vn 0.525760 -0.229776 0.819011
vn 0.826421 -0.214276 0.520686
vn 0.965077 -0.120310 0.232704
vn 0.996450 -0.071698 0.044114
vn 0.991126 -0.015298 -0.132041
vn 0.850946 -0.089315 -0.517604
vn 0.485858 -0.076659 -0.870669
vn 0.185259 0.002085 -0.982688
vn 0.000000 0.046365 -0.998925
vn 0.000000 -0.080542 0.996751
vn 0.228702 -0.082030 0.970034
vn 0.536144 -0.115421 0.836198
vn 0.857320 -0.096827 0.505595
vn 0.981337 -0.015184 0.191696
vn 0.998407 0.029924 0.047839
vn 0.992735 0.071008 -0.097134
vn 0.858660 0.030110 -0.511661
vn 0.457185 0.068987 -0.886692
vn 0.154595 0.161506 -0.974688
vn 0.000000 0.199797 -0.979837
vn 0.218526 0.037547 0.975109
vn 0.000000 0.004441 0.999990
vn 0.528695 -0.005898 0.848791
vn 0.872647 -0.000538 0.488350
vn 0.987030 0.051041 0.152205
vn 0.995066 0.089283 0.043259
vn 0.850725 0.164228 -0.499295
vn 0.982749 0.167022 -0.079428
vn 0.417680 0.173382 -0.891898
vn 0.111127 0.230738 -0.966649
vn 0.000000 0.262582 -0.964910
vn 0.208595 0.115997 0.971099
vn 0.000000 0.080573 0.996749
vn 0.495319 0.109120 0.861830
vn 0.877455 0.116466 0.465304
vn 0.983010 0.135589 0.123717
vn 0.987359 0.155247 0.031954
vn 0.828021 0.298627 -0.474555
vn 0.962141 0.257943 -0.088036
vn 0.392969 0.283540 -0.874746
vn 0.085381 0.263714 -0.960815
vn 0.000000 0.259691 -0.965692
vn 0.226583 0.196378 0.953989
vn 0.000000 0.176217 0.984351
vn 0.476220 0.224428 0.850204
vn 0.864539 0.246398 0.438019
vn 0.967853 0.222992 0.116341
vn 0.975125 0.220798 0.019464
vn 0.784178 0.418050 -0.458584
vn 0.927027 0.357561 -0.113006
vn 0.377848 0.379768 -0.844398
vn 0.094183 0.307957 -0.946727
vn -0.000000 0.279812 -0.960055
vn 0.227567 0.298465 0.926894
vn 0.000000 0.295806 0.955248
vn 0.473315 0.353948 0.806656
vn 0.825604 0.380818 0.416359
vn 0.935577 0.330021 0.125625
vn 0.950619 0.310265 0.007687
vn 0.730450 0.515231 -0.448308
vn 0.875327 0.462822 -0.139998
vn 0.373986 0.474293 -0.796982
vn 0.116636 0.382158 -0.916707
vn 0.000000 0.342110 -0.939660
vn -0.000000 0.439764 0.898114
vn 0.225236 0.418512 0.879839
vn 0.479708 0.493139 0.725737
vn 0.764063 0.505972 0.400250
vn 0.881139 0.451361 0.140953
vn 0.905928 0.423431 0.000663
vn 0.663648 0.613561 -0.427919
vn 0.804892 0.571775 -0.158816
vn 0.367125 0.579486 -0.727609
vn 0.138219 0.494968 -0.857847
vn 0.000000 0.455783 -0.890091
vn 0.000000 0.585360 0.810773
vn 0.227523 0.577367 0.784143
vn 0.465466 0.629690 0.621958
vn 0.685703 0.619439 0.382240
vn 0.806094 0.571327 0.154262
vn 0.838765 0.544493 0.000003
vn 0.570251 0.721743 -0.392303
vn 0.700303 0.694586 -0.164696
vn 0.342696 0.693850 -0.633349
vn 0.146941 0.633863 -0.759359
vn -0.000000 0.605571 -0.795792
vn 0.193946 0.725723 0.660084
vn 0.000000 0.718581 0.695443
vn 0.403083 0.739035 0.539769
vn 0.585873 0.729432 0.353103
vn 0.700518 0.695448 0.160082
vn 0.736720 0.676197 0.000001
vn 0.456359 0.826717 -0.329052
vn 0.552758 0.819678 -0.150289
vn 0.295423 0.811293 -0.504509
vn 0.137820 0.777449 -0.613661
vn 0.000000 0.763476 -0.645836
vn 0.162496 0.828733 0.535534
vn 0.000000 0.829891 0.557925
vn 0.324919 0.837192 0.439928
vn 0.462083 0.834137 0.301157
vn 0.552701 0.820258 0.147306
vn 0.581815 0.813321 0.000001
vn 0.321905 0.918080 -0.231315
vn 0.381765 0.917414 -0.112283
vn 0.224092 0.909360 -0.350497
vn 0.107870 0.900783 -0.420658
vn -0.000000 0.896771 -0.442496
vn -0.000000 0.914088 0.405515
vn 0.121795 0.917044 0.379732
vn 0.231791 0.919589 0.317220
vn 0.323238 0.919822 0.222362
vn 0.381691 0.917541 0.111493
vn 0.398362 0.917228 -0.000000
vn 0.172777 0.977100 -0.124192
vn 0.202757 0.977258 -0.062093
vn 0.124489 0.976251 -0.177305
vn 0.064824 0.972985 -0.221579
vn -0.000000 0.975500 -0.220000
vn 0.000000 0.974181 0.225770
vn 0.068508 0.976240 0.205576
vn 0.125355 0.976815 0.173545
vn 0.172997 0.977171 0.123327
vn 0.202757 0.977258 0.062093
vn 0.203735 0.979026 0.000001
vn 0.000000 -1.000000 -0.000009
vn 0.000000 1.000000 -0.000005
vn -0.051746 -0.998653 0.003801
vn -0.027124 -0.999545 -0.013188
vn 0.001106 -0.999978 0.006556
vn 0.006372 -0.999958 0.006656
vn -0.011404 -0.999608 -0.025590
vn 0.004447 -0.999948 0.009125
vn -0.005316 -0.999563 -0.029060
vn 0.002199 -0.999941 0.010651
vn -0.000340 -0.999999 0.001669
vn -0.018184 -0.997977 0.060920
vn -0.000759 -0.999999 0.001496
vn -0.033900 -0.998093 0.051595
vn -0.001140 -0.999999 0.001174
vn -0.046517 -0.998208 0.037654
vn -0.001423 -0.999999 0.000713
vn -0.051732 -0.998455 0.020262
vn -0.001543 -0.999999 0.000119
vn -0.056716 -0.998364 0.007249
vn -0.192235 -0.980590 -0.038598
vn -0.144071 -0.984245 -0.102496
vn -0.075783 -0.985368 -0.152665
vn -0.033254 -0.984046 -0.174779
vn -0.060531 -0.975082 0.213429
vn -0.115699 -0.977355 0.177178
vn -0.160316 -0.978835 0.127205
vn -0.193976 -0.978618 0.068403
vn -0.196578 -0.980435 0.010205
vn -0.419174 -0.900625 -0.114751
vn -0.336121 -0.905178 -0.260144
vn -0.193404 -0.909573 -0.367794
vn -0.082867 -0.905971 -0.415151
vn -0.124782 -0.886486 0.445614
vn -0.247723 -0.892292 0.377422
vn -0.350935 -0.895604 0.273381
vn -0.423383 -0.894353 0.144496
vn -0.448528 -0.893684 0.012320
vn -0.683178 -0.705186 -0.189686
vn -0.535450 -0.736508 -0.413339
vn -0.326268 -0.741780 -0.585928
vn -0.139474 -0.741075 -0.656776
vn -0.188335 -0.699639 0.689228
vn -0.387540 -0.713867 0.583273
vn -0.564884 -0.708503 0.423001
vn -0.688935 -0.689046 0.224907
vn -0.730392 -0.682768 0.018871
vn -0.847204 -0.484535 -0.217877
vn -0.675634 -0.542201 -0.499537
vn -0.412432 -0.562963 -0.716221
vn -0.179164 -0.555077 -0.812275
vn -0.221023 -0.496234 0.839583
vn -0.470746 -0.517662 0.714440
vn -0.702820 -0.503584 0.502441
vn -0.848928 -0.459566 0.261000
vn -0.896265 -0.442664 0.027542
vn -0.931822 -0.298436 -0.206503
vn -0.758573 -0.380237 -0.529139
vn -0.461903 -0.399774 -0.791724
vn -0.200004 -0.384148 -0.901348
vn -0.230684 -0.333455 0.914108
vn -0.507527 -0.364035 0.780958
vn -0.777274 -0.347119 0.524742
vn -0.925840 -0.274274 0.259987
vn -0.970239 -0.239374 0.036560
vn -0.975545 -0.135830 -0.172809
vn -0.815577 -0.227390 -0.532098
vn -0.487637 -0.240895 -0.839154
vn -0.204007 -0.198283 -0.958679
vn -0.230453 -0.199783 0.952354
vn -0.525760 -0.229776 0.819011
vn -0.826421 -0.214276 0.520686
vn -0.965077 -0.120310 0.232704
vn -0.996450 -0.071698 0.044114
vn -0.991126 -0.015299 -0.132041
vn -0.850946 -0.089315 -0.517604
vn -0.485858 -0.076659 -0.870669
vn -0.185259 0.002085 -0.982688
vn -0.228702 -0.082030 0.970034
vn -0.536144 -0.115421 0.836198
vn -0.857320 -0.096827 0.505595
vn -0.981337 -0.015184 0.191696
vn -0.998407 0.029924 0.047839
vn -0.992735 0.071008 -0.097134
vn -0.858660 0.030110 -0.511661
vn -0.457185 0.068987 -0.886692
vn -0.154595 0.161506 -0.974688
vn -0.218526 0.037547 0.975109
vn -0.528695 -0.005898 0.848791
vn -0.872647 -0.000538 0.488350
vn -0.987030 0.051041 0.152205
vn -0.995066 0.089283 0.043259
vn -0.982749 0.167022 -0.079428
vn -0.850725 0.164228 -0.499295
vn -0.417680 0.173382 -0.891898
vn -0.111127 0.230738 -0.966649
vn -0.208595 0.115997 0.971099
vn -0.495319 0.109120 0.861830
vn -0.877455 0.116466 0.465304
vn -0.983011 0.135589 0.123717
vn -0.987359 0.155247 0.031954
vn -0.962141 0.257943 -0.088036
vn -0.828021 0.298627 -0.474555
vn -0.392969 0.283540 -0.874746
vn -0.085381 0.263714 -0.960815
vn -0.226583 0.196378 0.953989
vn -0.476220 0.224428 0.850204
vn -0.864539 0.246398 0.438019
vn -0.967853 0.222992 0.116341
vn -0.975125 0.220798 0.019464
vn -0.927028 0.357561 -0.113006
vn -0.784178 0.418050 -0.458584
vn -0.377848 0.379768 -0.844398
vn -0.094183 0.307957 -0.946727
vn -0.227567 0.298465 0.926894
vn -0.473315 0.353948 0.806656
vn -0.825604 0.380818 0.416359
vn -0.935577 0.330021 0.125625
vn -0.950619 0.310265 0.007687
vn -0.875327 0.462822 -0.139998
vn -0.730450 0.515231 -0.448307
vn -0.373986 0.474293 -0.796982
vn -0.116636 0.382158 -0.916707
vn -0.225236 0.418512 0.879839
vn -0.479708 0.493139 0.725737
vn -0.764063 0.505972 0.400250
vn -0.881139 0.451361 0.140953
vn -0.905928 0.423431 0.000663
vn -0.804892 0.571775 -0.158816
vn -0.663648 0.613561 -0.427919
vn -0.367125 0.579486 -0.727609
vn -0.138219 0.494968 -0.857847
vn -0.227523 0.577367 0.784143
vn -0.465466 0.629690 0.621957
vn -0.685703 0.619439 0.382240
vn -0.806094 0.571327 0.154262
vn -0.838765 0.544493 0.000003
vn -0.700303 0.694586 -0.164696
vn -0.570251 0.721743 -0.392303
vn -0.342696 0.693850 -0.633349
vn -0.146941 0.633863 -0.759359
vn -0.193946 0.725723 0.660084
vn -0.403083 0.739035 0.539769
vn -0.585873 0.729432 0.353103
vn -0.700518 0.695448 0.160082
vn -0.736720 0.676197 0.000001
vn -0.552758 0.819678 -0.150289
vn -0.456359 0.826717 -0.329052
vn -0.295423 0.811293 -0.504509
vn -0.137820 0.777449 -0.613661
vn -0.162496 0.828733 0.535534
vn -0.324919 0.837192 0.439928
vn -0.462083 0.834137 0.301157
vn -0.552701 0.820258 0.147306
vn -0.581815 0.813321 0.000001
vn -0.381765 0.917414 -0.112283
vn -0.321905 0.918080 -0.231315
vn -0.224092 0.909360 -0.350497
vn -0.107870 0.900783 -0.420658
vn -0.121795 0.917044 0.379732
vn -0.231791 0.919589 0.317221
vn -0.323238 0.919822 0.222362
vn -0.381691 0.917541 0.111493
vn -0.398362 0.917228 0.000000
vn -0.202757 0.977258 -0.062094
vn -0.172777 0.977100 -0.124192
vn -0.124489 0.976251 -0.177305
vn -0.064824 0.972985 -0.221579
vn -0.068508 0.976240 0.205576
vn -0.125355 0.976815 0.173545
vn -0.172997 0.977171 0.123326
vn -0.202757 0.977258 0.062093
vn -0.203735 0.979026 0.000002
s 1
g body pSphere5
usemtl cha_bird_leftleg:lambert3SG
f 758/934/4525 769/946/4526 757/933/4527
f 757/933/4527 769/946/4526 768/945/4528
f 759/935/4529 770/947/4530 758/934/4525
f 758/934/4525 770/947/4530 769/946/4526
f 760/936/4531 771/948/4532 759/935/4529
f 759/935/4529 771/948/4532 770/947/4530
f 761/937/4533 772/949/4534 760/936/4531
f 760/936/4531 772/949/4534 771/948/4532
f 762/938/4535 763/939/4536 773/950/4537
f 773/950/4537 763/939/4536 774/951/4538
f 763/939/4536 764/940/4539 774/951/4538
f 774/951/4538 764/940/4539 775/952/4540
f 764/940/4539 765/941/4541 775/952/4540
f 775/952/4540 765/941/4541 776/953/4542
f 765/941/4541 766/942/4543 776/953/4542
f 776/953/4542 766/942/4543 777/954/4544
f 766/942/4543 767/943/4545 777/954/4544
f 777/954/4544 767/943/4545 778/955/4546
f 767/943/4545 757/944/4527 778/955/4546
f 778/955/4546 757/944/4527 768/956/4528
f 769/946/4526 780/958/4547 768/945/4528
f 768/945/4528 780/958/4547 779/957/4548
f 770/947/4530 781/959/4549 769/946/4526
f 769/946/4526 781/959/4549 780/958/4547
f 771/948/4532 782/960/4550 770/947/4530
f 770/947/4530 782/960/4550 781/959/4549
f 772/949/4534 783/961/4551 771/948/4532
f 771/948/4532 783/961/4551 782/960/4550
f 774/951/4538 785/963/4552 773/950/4537
f 773/950/4537 785/963/4552 784/962/4553
f 775/952/4540 786/964/4554 774/951/4538
f 774/951/4538 786/964/4554 785/963/4552
f 776/953/4542 787/965/4555 775/952/4540
f 775/952/4540 787/965/4555 786/964/4554
f 777/954/4544 788/966/4556 776/953/4542
f 776/953/4542 788/966/4556 787/965/4555
f 777/954/4544 778/955/4546 788/966/4556
f 788/966/4556 778/955/4546 789/967/4557
f 778/955/4546 768/956/4528 789/967/4557
f 789/967/4557 768/956/4528 779/968/4548
f 780/958/4547 791/970/4558 779/957/4548
f 779/957/4548 791/970/4558 790/969/4559
f 781/959/4549 792/971/4560 780/958/4547
f 780/958/4547 792/971/4560 791/970/4558
f 782/960/4550 793/972/4561 781/959/4549
f 781/959/4549 793/972/4561 792/971/4560
f 783/961/4551 794/973/4562 782/960/4550
f 782/960/4550 794/973/4562 793/972/4561
f 784/962/4553 785/963/4552 795/974/4563
f 795/974/4563 785/963/4552 796/975/4564
f 786/964/4554 797/976/4565 785/963/4552
f 785/963/4552 797/976/4565 796/975/4564
f 787/965/4555 798/977/4566 786/964/4554
f 786/964/4554 798/977/4566 797/976/4565
f 788/966/4556 799/978/4567 787/965/4555
f 787/965/4555 799/978/4567 798/977/4566
f 789/967/4557 800/979/4568 788/966/4556
f 788/966/4556 800/979/4568 799/978/4567
f 789/967/4557 779/968/4548 800/979/4568
f 800/979/4568 779/968/4548 790/980/4559
f 790/969/4559 791/970/4558 801/981/4569
f 801/981/4569 791/970/4558 802/982/4570
f 792/971/4560 803/983/4571 791/970/4558
f 791/970/4558 803/983/4571 802/982/4570
f 793/972/4561 804/984/4572 792/971/4560
f 792/971/4560 804/984/4572 803/983/4571
f 794/973/4562 805/985/4573 793/972/4561
f 793/972/4561 805/985/4573 804/984/4572
f 795/974/4563 796/975/4564 806/986/4574
f 806/986/4574 796/975/4564 807/987/4575
f 797/976/4565 808/988/4576 796/975/4564
f 796/975/4564 808/988/4576 807/987/4575
f 798/977/4566 809/989/4577 797/976/4565
f 797/976/4565 809/989/4577 808/988/4576
f 799/978/4567 810/990/4578 798/977/4566
f 798/977/4566 810/990/4578 809/989/4577
f 800/979/4568 811/991/4579 799/978/4567
f 799/978/4567 811/991/4579 810/990/4578
f 800/979/4568 790/980/4559 811/991/4579
f 811/991/4579 790/980/4559 801/992/4569
f 801/981/4569 802/982/4570 812/993/4580
f 812/993/4580 802/982/4570 813/994/4581
f 802/982/4570 803/983/4571 813/994/4581
f 813/994/4581 803/983/4571 814/995/4582
f 804/984/4572 815/996/4583 803/983/4571
f 803/983/4571 815/996/4583 814/995/4582
f 805/985/4573 816/997/4584 804/984/4572
f 804/984/4572 816/997/4584 815/996/4583
f 806/986/4574 807/987/4575 817/998/4585
f 817/998/4585 807/987/4575 818/999/4586
f 808/988/4576 819/1000/4587 807/987/4575
f 807/987/4575 819/1000/4587 818/999/4586
f 809/989/4577 820/1001/4588 808/988/4576
f 808/988/4576 820/1001/4588 819/1000/4587
f 810/990/4578 821/1002/4589 809/989/4577
f 809/989/4577 821/1002/4589 820/1001/4588
f 811/991/4579 822/1003/4590 810/990/4578
f 810/990/4578 822/1003/4590 821/1002/4589
f 811/991/4579 801/992/4569 822/1003/4590
f 822/1003/4590 801/992/4569 812/1004/4580
f 812/993/4580 813/994/4581 823/1005/4591
f 823/1005/4591 813/994/4581 824/1006/4592
f 813/994/4581 814/995/4582 824/1006/4592
f 824/1006/4592 814/995/4582 825/1007/4593
f 815/996/4583 826/1008/4594 814/995/4582
f 814/995/4582 826/1008/4594 825/1007/4593
f 816/997/4584 827/1009/4595 815/996/4583
f 815/996/4583 827/1009/4595 826/1008/4594
f 817/998/4585 818/999/4586 828/1010/4596
f 828/1010/4596 818/999/4586 829/1011/4597
f 818/999/4586 819/1000/4587 829/1011/4597
f 829/1011/4597 819/1000/4587 830/1012/4598
f 820/1001/4588 831/1013/4599 819/1000/4587
f 819/1000/4587 831/1013/4599 830/1012/4598
f 821/1002/4589 832/1014/4600 820/1001/4588
f 820/1001/4588 832/1014/4600 831/1013/4599
f 822/1003/4590 833/1015/4601 821/1002/4589
f 821/1002/4589 833/1015/4601 832/1014/4600
f 822/1003/4590 812/1004/4580 833/1015/4601
f 833/1015/4601 812/1004/4580 823/1016/4591
f 823/1005/4591 824/1006/4592 834/1017/4602
f 834/1017/4602 824/1006/4592 835/1018/4603
f 824/1006/4592 825/1007/4593 835/1018/4603
f 835/1018/4603 825/1007/4593 836/1019/4604
f 826/1008/4594 837/1020/4605 825/1007/4593
f 825/1007/4593 837/1020/4605 836/1019/4604
f 827/1009/4595 838/1021/4606 826/1008/4594
f 826/1008/4594 838/1021/4606 837/1020/4605
f 828/1010/4596 829/1011/4597 839/1022/4607
f 839/1022/4607 829/1011/4597 840/1023/4608
f 829/1011/4597 830/1012/4598 840/1023/4608
f 840/1023/4608 830/1012/4598 841/1024/4609
f 831/1013/4599 842/1025/4610 830/1012/4598
f 830/1012/4598 842/1025/4610 841/1024/4609
f 832/1014/4600 843/1026/4611 831/1013/4599
f 831/1013/4599 843/1026/4611 842/1025/4610
f 833/1015/4601 844/1027/4612 832/1014/4600
f 832/1014/4600 844/1027/4612 843/1026/4611
f 833/1015/4601 823/1016/4591 844/1027/4612
f 844/1027/4612 823/1016/4591 834/1028/4602
f 834/1017/4602 835/1018/4603 845/1029/4613
f 845/1029/4613 835/1018/4603 846/1030/4614
f 835/1018/4603 836/1019/4604 846/1030/4614
f 846/1030/4614 836/1019/4604 847/1031/4615
f 837/1020/4605 848/1032/4616 836/1019/4604
f 836/1019/4604 848/1032/4616 847/1031/4615
f 838/1021/4606 849/1033/4617 837/1020/4605
f 837/1020/4605 849/1033/4617 848/1032/4616
f 839/1022/4607 840/1023/4608 850/1034/4618
f 850/1034/4618 840/1023/4608 851/1035/4619
f 840/1023/4608 841/1024/4609 851/1035/4619
f 851/1035/4619 841/1024/4609 852/1036/4620
f 842/1025/4610 853/1037/4621 841/1024/4609
f 841/1024/4609 853/1037/4621 852/1036/4620
f 843/1026/4611 854/1038/4622 842/1025/4610
f 842/1025/4610 854/1038/4622 853/1037/4621
f 844/1027/4612 855/1039/4623 843/1026/4611
f 843/1026/4611 855/1039/4623 854/1038/4622
f 844/1027/4612 834/1028/4602 855/1039/4623
f 855/1039/4623 834/1028/4602 845/1040/4613
f 845/1029/4613 846/1030/4614 856/1041/4624
f 856/1041/4624 846/1030/4614 857/1042/4625
f 847/1031/4615 858/1043/4626 846/1030/4614
f 846/1030/4614 858/1043/4626 857/1042/4625
f 848/1032/4616 859/1044/4627 847/1031/4615
f 847/1031/4615 859/1044/4627 858/1043/4626
f 849/1033/4617 860/1045/4628 848/1032/4616
f 848/1032/4616 860/1045/4628 859/1044/4627
f 851/1035/4619 862/1047/4629 850/1034/4618
f 850/1034/4618 862/1047/4629 861/1046/4630
f 852/1036/4620 863/1048/4631 851/1035/4619
f 851/1035/4619 863/1048/4631 862/1047/4629
f 853/1037/4621 864/1049/4632 852/1036/4620
f 852/1036/4620 864/1049/4632 863/1048/4631
f 854/1038/4622 865/1050/4633 853/1037/4621
f 853/1037/4621 865/1050/4633 864/1049/4632
f 855/1039/4623 866/1051/4634 854/1038/4622
f 854/1038/4622 866/1051/4634 865/1050/4633
f 855/1039/4623 845/1040/4613 866/1051/4634
f 866/1051/4634 845/1040/4613 856/1052/4624
f 857/1042/4625 868/1054/4635 856/1041/4624
f 856/1041/4624 868/1054/4635 867/1053/4636
f 858/1043/4626 869/1055/4637 857/1042/4625
f 857/1042/4625 869/1055/4637 868/1054/4635
f 859/1044/4627 870/1056/4638 858/1043/4626
f 858/1043/4626 870/1056/4638 869/1055/4637
f 859/1044/4627 860/1045/4628 870/1056/4638
f 870/1056/4638 860/1045/4628 871/1057/4639
f 862/1047/4629 873/1059/4640 861/1046/4630
f 861/1046/4630 873/1059/4640 872/1058/4641
f 863/1048/4631 874/1060/4642 862/1047/4629
f 862/1047/4629 874/1060/4642 873/1059/4640
f 863/1048/4631 864/1049/4632 874/1060/4642
f 874/1060/4642 864/1049/4632 875/1061/4643
f 864/1049/4632 865/1050/4633 875/1061/4643
f 875/1061/4643 865/1050/4633 876/1062/4644
f 865/1050/4633 866/1051/4634 876/1062/4644
f 876/1062/4644 866/1051/4634 877/1063/4645
f 856/1052/4624 867/1064/4636 866/1051/4634
f 866/1051/4634 867/1064/4636 877/1063/4645
f 868/1054/4635 879/1066/4646 867/1053/4636
f 867/1053/4636 879/1066/4646 878/1065/4647
f 869/1055/4637 880/1067/4648 868/1054/4635
f 868/1054/4635 880/1067/4648 879/1066/4646
f 869/1055/4637 870/1056/4638 880/1067/4648
f 880/1067/4648 870/1056/4638 881/1068/4649
f 870/1056/4638 871/1057/4639 881/1068/4649
f 881/1068/4649 871/1057/4639 882/1069/4650
f 873/1059/4640 884/1071/4651 872/1058/4641
f 872/1058/4641 884/1071/4651 883/1070/4652
f 874/1060/4642 885/1072/4653 873/1059/4640
f 873/1059/4640 885/1072/4653 884/1071/4651
f 874/1060/4642 875/1061/4643 885/1072/4653
f 885/1072/4653 875/1061/4643 886/1073/4654
f 875/1061/4643 876/1062/4644 886/1073/4654
f 886/1073/4654 876/1062/4644 887/1074/4655
f 876/1062/4644 877/1063/4645 887/1074/4655
f 887/1074/4655 877/1063/4645 888/1075/4656
f 867/1064/4636 878/1076/4647 877/1063/4645
f 877/1063/4645 878/1076/4647 888/1075/4656
f 879/1066/4646 890/1078/4657 878/1065/4647
f 878/1065/4647 890/1078/4657 889/1077/4658
f 880/1067/4648 891/1079/4659 879/1066/4646
f 879/1066/4646 891/1079/4659 890/1078/4657
f 880/1067/4648 881/1068/4649 891/1079/4659
f 891/1079/4659 881/1068/4649 892/1080/4660
f 881/1068/4649 882/1069/4650 892/1080/4660
f 892/1080/4660 882/1069/4650 893/1081/4661
f 884/1071/4651 895/1083/4662 883/1070/4652
f 883/1070/4652 895/1083/4662 894/1082/4663
f 885/1072/4653 896/1084/4664 884/1071/4651
f 884/1071/4651 896/1084/4664 895/1083/4662
f 885/1072/4653 886/1073/4654 896/1084/4664
f 896/1084/4664 886/1073/4654 897/1085/4665
f 886/1073/4654 887/1074/4655 897/1085/4665
f 897/1085/4665 887/1074/4655 898/1086/4666
f 887/1074/4655 888/1075/4656 898/1086/4666
f 898/1086/4666 888/1075/4656 899/1087/4667
f 878/1076/4647 889/1088/4658 888/1075/4656
f 888/1075/4656 889/1088/4658 899/1087/4667
f 890/1078/4657 901/1090/4668 889/1077/4658
f 889/1077/4658 901/1090/4668 900/1089/4669
f 890/1078/4657 891/1079/4659 901/1090/4668
f 901/1090/4668 891/1079/4659 902/1091/4670
f 891/1079/4659 892/1080/4660 902/1091/4670
f 902/1091/4670 892/1080/4660 903/1092/4671
f 892/1080/4660 893/1081/4661 903/1092/4671
f 903/1092/4671 893/1081/4661 904/1093/4672
f 894/1082/4663 895/1083/4662 905/1094/4673
f 905/1094/4673 895/1083/4662 906/1095/4674
f 895/1083/4662 896/1084/4664 906/1095/4674
f 906/1095/4674 896/1084/4664 907/1096/4675
f 896/1084/4664 897/1085/4665 907/1096/4675
f 907/1096/4675 897/1085/4665 908/1097/4676
f 897/1085/4665 898/1086/4666 908/1097/4676
f 908/1097/4676 898/1086/4666 909/1098/4677
f 898/1086/4666 899/1087/4667 909/1098/4677
f 909/1098/4677 899/1087/4667 910/1099/4678
f 889/1088/4658 900/1100/4669 899/1087/4667
f 899/1087/4667 900/1100/4669 910/1099/4678
f 901/1090/4668 912/1102/4679 900/1089/4669
f 900/1089/4669 912/1102/4679 911/1101/4680
f 901/1090/4668 902/1091/4670 912/1102/4679
f 912/1102/4679 902/1091/4670 913/1103/4681
f 902/1091/4670 903/1092/4671 913/1103/4681
f 913/1103/4681 903/1092/4671 914/1104/4682
f 903/1092/4671 904/1093/4672 914/1104/4682
f 914/1104/4682 904/1093/4672 915/1105/4683
f 905/1094/4673 906/1095/4674 916/1106/4684
f 916/1106/4684 906/1095/4674 917/1107/4685
f 906/1095/4674 907/1096/4675 917/1107/4685
f 917/1107/4685 907/1096/4675 918/1108/4686
f 907/1096/4675 908/1097/4676 918/1108/4686
f 918/1108/4686 908/1097/4676 919/1109/4687
f 908/1097/4676 909/1098/4677 919/1109/4687
f 919/1109/4687 909/1098/4677 920/1110/4688
f 909/1098/4677 910/1099/4678 920/1110/4688
f 920/1110/4688 910/1099/4678 921/1111/4689
f 900/1100/4669 911/1112/4680 910/1099/4678
f 910/1099/4678 911/1112/4680 921/1111/4689
f 912/1102/4679 923/1114/4690 911/1101/4680
f 911/1101/4680 923/1114/4690 922/1113/4691
f 912/1102/4679 913/1103/4681 923/1114/4690
f 923/1114/4690 913/1103/4681 924/1115/4692
f 913/1103/4681 914/1104/4682 924/1115/4692
f 924/1115/4692 914/1104/4682 925/1116/4693
f 914/1104/4682 915/1105/4683 925/1116/4693
f 925/1116/4693 915/1105/4683 926/1117/4694
f 917/1107/4685 928/1119/4695 916/1106/4684
f 916/1106/4684 928/1119/4695 927/1118/4696
f 917/1107/4685 918/1108/4686 928/1119/4695
f 928/1119/4695 918/1108/4686 929/1120/4697
f 918/1108/4686 919/1109/4687 929/1120/4697
f 929/1120/4697 919/1109/4687 930/1121/4698
f 919/1109/4687 920/1110/4688 930/1121/4698
f 930/1121/4698 920/1110/4688 931/1122/4699
f 920/1110/4688 921/1111/4689 931/1122/4699
f 931/1122/4699 921/1111/4689 932/1123/4700
f 911/1112/4680 922/1124/4691 921/1111/4689
f 921/1111/4689 922/1124/4691 932/1123/4700
f 923/1114/4690 934/1126/4701 922/1113/4691
f 922/1113/4691 934/1126/4701 933/1125/4702
f 923/1114/4690 924/1115/4692 934/1126/4701
f 934/1126/4701 924/1115/4692 935/1127/4703
f 924/1115/4692 925/1116/4693 935/1127/4703
f 935/1127/4703 925/1116/4693 936/1128/4704
f 925/1116/4693 926/1117/4694 936/1128/4704
f 936/1128/4704 926/1117/4694 937/1129/4705
f 928/1119/4695 939/1131/4706 927/1118/4696
f 927/1118/4696 939/1131/4706 938/1130/4707
f 928/1119/4695 929/1120/4697 939/1131/4706
f 939/1131/4706 929/1120/4697 940/1132/4708
f 929/1120/4697 930/1121/4698 940/1132/4708
f 940/1132/4708 930/1121/4698 941/1133/4709
f 930/1121/4698 931/1122/4699 941/1133/4709
f 941/1133/4709 931/1122/4699 942/1134/4710
f 931/1122/4699 932/1123/4700 942/1134/4710
f 942/1134/4710 932/1123/4700 943/1135/4711
f 922/1124/4691 933/1136/4702 932/1123/4700
f 932/1123/4700 933/1136/4702 943/1135/4711
f 934/1126/4701 945/1138/4712 933/1125/4702
f 933/1125/4702 945/1138/4712 944/1137/4713
f 935/1127/4703 946/1139/4714 934/1126/4701
f 934/1126/4701 946/1139/4714 945/1138/4712
f 935/1127/4703 936/1128/4704 946/1139/4714
f 946/1139/4714 936/1128/4704 947/1140/4715
f 936/1128/4704 937/1129/4705 947/1140/4715
f 947/1140/4715 937/1129/4705 948/1141/4716
f 938/1130/4707 939/1131/4706 949/1142/4717
f 949/1142/4717 939/1131/4706 950/1143/4718
f 939/1131/4706 940/1132/4708 950/1143/4718
f 950/1143/4718 940/1132/4708 951/1144/4719
f 940/1132/4708 941/1133/4709 951/1144/4719
f 951/1144/4719 941/1133/4709 952/1145/4720
f 941/1133/4709 942/1134/4710 952/1145/4720
f 952/1145/4720 942/1134/4710 953/1146/4721
f 942/1134/4710 943/1135/4711 953/1146/4721
f 953/1146/4721 943/1135/4711 954/1147/4722
f 933/1136/4702 944/1148/4713 943/1135/4711
f 943/1135/4711 944/1148/4713 954/1147/4722
f 945/1138/4712 956/1150/4723 944/1137/4713
f 944/1137/4713 956/1150/4723 955/1149/4724
f 946/1139/4714 957/1151/4725 945/1138/4712
f 945/1138/4712 957/1151/4725 956/1150/4723
f 947/1140/4715 958/1152/4726 946/1139/4714
f 946/1139/4714 958/1152/4726 957/1151/4725
f 947/1140/4715 948/1141/4716 958/1152/4726
f 958/1152/4726 948/1141/4716 959/1153/4727
f 949/1142/4717 950/1143/4718 960/1154/4728
f 960/1154/4728 950/1143/4718 961/1155/4729
f 950/1143/4718 951/1144/4719 961/1155/4729
f 961/1155/4729 951/1144/4719 962/1156/4730
f 951/1144/4719 952/1145/4720 962/1156/4730
f 962/1156/4730 952/1145/4720 963/1157/4731
f 952/1145/4720 953/1146/4721 963/1157/4731
f 963/1157/4731 953/1146/4721 964/1158/4732
f 953/1146/4721 954/1147/4722 964/1158/4732
f 964/1158/4732 954/1147/4722 965/1159/4733
f 944/1148/4713 955/1160/4724 954/1147/4722
f 954/1147/4722 955/1160/4724 965/1159/4733
f 758/934/4525 757/933/4527 966/1161/4734
f 759/935/4529 758/934/4525 966/1162/4734
f 760/936/4531 759/935/4529 966/1163/4734
f 761/937/4533 760/936/4531 966/1164/4734
f 763/939/4536 762/938/4535 966/1165/4734
f 764/940/4539 763/939/4536 966/1166/4734
f 765/941/4541 764/940/4539 966/1167/4734
f 766/942/4543 765/941/4541 966/1168/4734
f 767/943/4545 766/942/4543 966/1169/4734
f 757/944/4527 767/943/4545 966/1170/4734
f 955/1149/4724 956/1150/4723 967/1171/4735
f 956/1150/4723 957/1151/4725 967/1172/4735
f 957/1151/4725 958/1152/4726 967/1173/4735
f 958/1152/4726 959/1153/4727 967/1174/4735
f 960/1154/4728 961/1155/4729 967/1175/4735
f 961/1155/4729 962/1156/4730 967/1176/4735
f 962/1156/4730 963/1157/4731 967/1177/4735
f 963/1157/4731 964/1158/4732 967/1178/4735
f 964/1158/4732 965/1159/4733 967/1179/4735
f 965/1159/4733 955/1160/4724 967/1180/4735
f 977/1184/4736 978/1183/4737 968/1181/4738
f 968/1181/4738 978/1183/4737 969/1182/4739
f 978/1183/4737 979/1186/4740 969/1182/4739
f 969/1182/4739 979/1186/4740 970/1185/4741
f 979/1186/4740 980/1188/4742 970/1185/4741
f 970/1185/4741 980/1188/4742 971/1187/4743
f 980/1188/4742 772/1190/4534 971/1187/4743
f 971/1187/4743 772/1190/4534 761/1189/4533
f 762/1191/4535 773/1194/4537 972/1192/4744
f 972/1192/4744 773/1194/4537 981/1193/4745
f 972/1192/4744 981/1193/4745 973/1195/4746
f 973/1195/4746 981/1193/4745 982/1196/4747
f 973/1195/4746 982/1196/4747 974/1197/4748
f 974/1197/4748 982/1196/4747 983/1198/4749
f 974/1197/4748 983/1198/4749 975/1199/4750
f 975/1199/4750 983/1198/4749 984/1200/4751
f 975/1199/4750 984/1200/4751 976/1201/4752
f 976/1201/4752 984/1200/4751 985/1202/4753
f 976/1201/4752 985/1202/4753 968/1203/4738
f 968/1203/4738 985/1202/4753 977/1204/4736
f 986/1206/4754 987/1205/4755 977/1184/4736
f 977/1184/4736 987/1205/4755 978/1183/4737
f 987/1205/4755 988/1207/4756 978/1183/4737
f 978/1183/4737 988/1207/4756 979/1186/4740
f 988/1207/4756 989/1208/4757 979/1186/4740
f 979/1186/4740 989/1208/4757 980/1188/4742
f 989/1208/4757 783/1209/4551 980/1188/4742
f 980/1188/4742 783/1209/4551 772/1190/4534
f 784/1211/4553 990/1210/4758 773/1194/4537
f 773/1194/4537 990/1210/4758 981/1193/4745
f 990/1210/4758 991/1212/4759 981/1193/4745
f 981/1193/4745 991/1212/4759 982/1196/4747
f 991/1212/4759 992/1213/4760 982/1196/4747
f 982/1196/4747 992/1213/4760 983/1198/4749
f 992/1213/4760 993/1214/4761 983/1198/4749
f 983/1198/4749 993/1214/4761 984/1200/4751
f 984/1200/4751 993/1214/4761 985/1202/4753
f 985/1202/4753 993/1214/4761 994/1215/4762
f 985/1202/4753 994/1215/4762 977/1204/4736
f 977/1204/4736 994/1215/4762 986/1216/4754
f 995/1218/4763 996/1217/4764 986/1206/4754
f 986/1206/4754 996/1217/4764 987/1205/4755
f 996/1217/4764 997/1219/4765 987/1205/4755
f 987/1205/4755 997/1219/4765 988/1207/4756
f 997/1219/4765 998/1220/4766 988/1207/4756
f 988/1207/4756 998/1220/4766 989/1208/4757
f 998/1220/4766 794/1221/4562 989/1208/4757
f 989/1208/4757 794/1221/4562 783/1209/4551
f 784/1211/4553 795/1223/4563 990/1210/4758
f 990/1210/4758 795/1223/4563 999/1222/4767
f 999/1222/4767 1000/1224/4768 990/1210/4758
f 990/1210/4758 1000/1224/4768 991/1212/4759
f 1000/1224/4768 1001/1225/4769 991/1212/4759
f 991/1212/4759 1001/1225/4769 992/1213/4760
f 1001/1225/4769 1002/1226/4770 992/1213/4760
f 992/1213/4760 1002/1226/4770 993/1214/4761
f 1002/1226/4770 1003/1227/4771 993/1214/4761
f 993/1214/4761 1003/1227/4771 994/1215/4762
f 994/1215/4762 1003/1227/4771 986/1216/4754
f 986/1216/4754 1003/1227/4771 995/1228/4763
f 995/1218/4763 1004/1230/4772 996/1217/4764
f 996/1217/4764 1004/1230/4772 1005/1229/4773
f 1005/1229/4773 1006/1231/4774 996/1217/4764
f 996/1217/4764 1006/1231/4774 997/1219/4765
f 1006/1231/4774 1007/1232/4775 997/1219/4765
f 997/1219/4765 1007/1232/4775 998/1220/4766
f 1007/1232/4775 805/1233/4573 998/1220/4766
f 998/1220/4766 805/1233/4573 794/1221/4562
f 795/1223/4563 806/1235/4574 999/1222/4767
f 999/1222/4767 806/1235/4574 1008/1234/4776
f 1008/1234/4776 1009/1236/4777 999/1222/4767
f 999/1222/4767 1009/1236/4777 1000/1224/4768
f 1009/1236/4777 1010/1237/4778 1000/1224/4768
f 1000/1224/4768 1010/1237/4778 1001/1225/4769
f 1010/1237/4778 1011/1238/4779 1001/1225/4769
f 1001/1225/4769 1011/1238/4779 1002/1226/4770
f 1011/1238/4779 1012/1239/4780 1002/1226/4770
f 1002/1226/4770 1012/1239/4780 1003/1227/4771
f 1003/1227/4771 1012/1239/4780 995/1228/4763
f 995/1228/4763 1012/1239/4780 1004/1240/4772
f 1004/1230/4772 1013/1242/4781 1005/1229/4773
f 1005/1229/4773 1013/1242/4781 1014/1241/4782
f 1005/1229/4773 1014/1241/4782 1006/1231/4774
f 1006/1231/4774 1014/1241/4782 1015/1243/4783
f 1015/1243/4783 1016/1244/4784 1006/1231/4774
f 1006/1231/4774 1016/1244/4784 1007/1232/4775
f 1016/1244/4784 816/1245/4584 1007/1232/4775
f 1007/1232/4775 816/1245/4584 805/1233/4573
f 806/1235/4574 817/1247/4585 1008/1234/4776
f 1008/1234/4776 817/1247/4585 1017/1246/4785
f 1017/1246/4785 1018/1248/4786 1008/1234/4776
f 1008/1234/4776 1018/1248/4786 1009/1236/4777
f 1018/1248/4786 1019/1249/4787 1009/1236/4777
f 1009/1236/4777 1019/1249/4787 1010/1237/4778
f 1019/1249/4787 1020/1250/4788 1010/1237/4778
f 1010/1237/4778 1020/1250/4788 1011/1238/4779
f 1020/1250/4788 1021/1251/4789 1011/1238/4779
f 1011/1238/4779 1021/1251/4789 1012/1239/4780
f 1012/1239/4780 1021/1251/4789 1004/1240/4772
f 1004/1240/4772 1021/1251/4789 1013/1252/4781
f 1013/1242/4781 1022/1254/4790 1014/1241/4782
f 1014/1241/4782 1022/1254/4790 1023/1253/4791
f 1014/1241/4782 1023/1253/4791 1015/1243/4783
f 1015/1243/4783 1023/1253/4791 1024/1255/4792
f 1024/1255/4792 1025/1256/4793 1015/1243/4783
f 1015/1243/4783 1025/1256/4793 1016/1244/4784
f 1025/1256/4793 827/1257/4595 1016/1244/4784
f 1016/1244/4784 827/1257/4595 816/1245/4584
f 817/1247/4585 828/1259/4596 1017/1246/4785
f 1017/1246/4785 828/1259/4596 1026/1258/4794
f 1017/1246/4785 1026/1258/4794 1018/1248/4786
f 1018/1248/4786 1026/1258/4794 1027/1260/4795
f 1027/1260/4795 1028/1261/4796 1018/1248/4786
f 1018/1248/4786 1028/1261/4796 1019/1249/4787
f 1028/1261/4796 1029/1262/4797 1019/1249/4787
f 1019/1249/4787 1029/1262/4797 1020/1250/4788
f 1029/1262/4797 1030/1263/4798 1020/1250/4788
f 1020/1250/4788 1030/1263/4798 1021/1251/4789
f 1021/1251/4789 1030/1263/4798 1013/1252/4781
f 1013/1252/4781 1030/1263/4798 1022/1264/4790
f 1022/1254/4790 1031/1266/4799 1023/1253/4791
f 1023/1253/4791 1031/1266/4799 1032/1265/4800
f 1023/1253/4791 1032/1265/4800 1024/1255/4792
f 1024/1255/4792 1032/1265/4800 1033/1267/4801
f 1033/1267/4801 1034/1268/4802 1024/1255/4792
f 1024/1255/4792 1034/1268/4802 1025/1256/4793
f 1034/1268/4802 838/1269/4606 1025/1256/4793
f 1025/1256/4793 838/1269/4606 827/1257/4595
f 828/1259/4596 839/1271/4607 1026/1258/4794
f 1026/1258/4794 839/1271/4607 1035/1270/4803
f 1026/1258/4794 1035/1270/4803 1027/1260/4795
f 1027/1260/4795 1035/1270/4803 1036/1272/4804
f 1036/1272/4804 1037/1273/4805 1027/1260/4795
f 1027/1260/4795 1037/1273/4805 1028/1261/4796
f 1037/1273/4805 1038/1274/4806 1028/1261/4796
f 1028/1261/4796 1038/1274/4806 1029/1262/4797
f 1038/1274/4806 1039/1275/4807 1029/1262/4797
f 1029/1262/4797 1039/1275/4807 1030/1263/4798
f 1030/1263/4798 1039/1275/4807 1022/1264/4790
f 1022/1264/4790 1039/1275/4807 1031/1276/4799
f 1031/1266/4799 1040/1278/4808 1032/1265/4800
f 1032/1265/4800 1040/1278/4808 1041/1277/4809
f 1032/1265/4800 1041/1277/4809 1033/1267/4801
f 1033/1267/4801 1041/1277/4809 1042/1279/4810
f 1042/1279/4810 1043/1280/4811 1033/1267/4801
f 1033/1267/4801 1043/1280/4811 1034/1268/4802
f 1043/1280/4811 849/1281/4617 1034/1268/4802
f 1034/1268/4802 849/1281/4617 838/1269/4606
f 839/1271/4607 850/1283/4618 1035/1270/4803
f 1035/1270/4803 850/1283/4618 1044/1282/4812
f 1035/1270/4803 1044/1282/4812 1036/1272/4804
f 1036/1272/4804 1044/1282/4812 1045/1284/4813
f 1045/1284/4813 1046/1285/4814 1036/1272/4804
f 1036/1272/4804 1046/1285/4814 1037/1273/4805
f 1046/1285/4814 1047/1286/4815 1037/1273/4805
f 1037/1273/4805 1047/1286/4815 1038/1274/4806
f 1047/1286/4815 1048/1287/4816 1038/1274/4806
f 1038/1274/4806 1048/1287/4816 1039/1275/4807
f 1039/1275/4807 1048/1287/4816 1031/1276/4799
f 1031/1276/4799 1048/1287/4816 1040/1288/4808
f 1040/1278/4808 1049/1290/4817 1041/1277/4809
f 1041/1277/4809 1049/1290/4817 1050/1289/4818
f 1050/1289/4818 1051/1291/4819 1041/1277/4809
f 1041/1277/4809 1051/1291/4819 1042/1279/4810
f 1051/1291/4819 1052/1292/4820 1042/1279/4810
f 1042/1279/4810 1052/1292/4820 1043/1280/4811
f 1052/1292/4820 860/1293/4628 1043/1280/4811
f 1043/1280/4811 860/1293/4628 849/1281/4617
f 861/1295/4630 1053/1294/4821 850/1283/4618
f 850/1283/4618 1053/1294/4821 1044/1282/4812
f 1053/1294/4821 1054/1296/4822 1044/1282/4812
f 1044/1282/4812 1054/1296/4822 1045/1284/4813
f 1054/1296/4822 1055/1297/4823 1045/1284/4813
f 1045/1284/4813 1055/1297/4823 1046/1285/4814
f 1055/1297/4823 1056/1298/4824 1046/1285/4814
f 1046/1285/4814 1056/1298/4824 1047/1286/4815
f 1056/1298/4824 1057/1299/4825 1047/1286/4815
f 1047/1286/4815 1057/1299/4825 1048/1287/4816
f 1048/1287/4816 1057/1299/4825 1040/1288/4808
f 1040/1288/4808 1057/1299/4825 1049/1300/4817
f 1058/1302/4826 1059/1301/4827 1049/1290/4817
f 1049/1290/4817 1059/1301/4827 1050/1289/4818
f 1059/1301/4827 1060/1303/4828 1050/1289/4818
f 1050/1289/4818 1060/1303/4828 1051/1291/4819
f 1060/1303/4828 1061/1304/4829 1051/1291/4819
f 1051/1291/4819 1061/1304/4829 1052/1292/4820
f 1052/1292/4820 1061/1304/4829 860/1293/4628
f 860/1293/4628 1061/1304/4829 871/1305/4639
f 872/1307/4641 1062/1306/4830 861/1295/4630
f 861/1295/4630 1062/1306/4830 1053/1294/4821
f 1062/1306/4830 1063/1308/4831 1053/1294/4821
f 1053/1294/4821 1063/1308/4831 1054/1296/4822
f 1054/1296/4822 1063/1308/4831 1055/1297/4823
f 1055/1297/4823 1063/1308/4831 1064/1309/4832
f 1055/1297/4823 1064/1309/4832 1056/1298/4824
f 1056/1298/4824 1064/1309/4832 1065/1310/4833
f 1056/1298/4824 1065/1310/4833 1057/1299/4825
f 1057/1299/4825 1065/1310/4833 1066/1311/4834
f 1066/1311/4834 1058/1312/4826 1057/1299/4825
f 1057/1299/4825 1058/1312/4826 1049/1300/4817
f 1067/1314/4835 1068/1313/4836 1058/1302/4826
f 1058/1302/4826 1068/1313/4836 1059/1301/4827
f 1068/1313/4836 1069/1315/4837 1059/1301/4827
f 1059/1301/4827 1069/1315/4837 1060/1303/4828
f 1060/1303/4828 1069/1315/4837 1061/1304/4829
f 1061/1304/4829 1069/1315/4837 1070/1316/4838
f 1061/1304/4829 1070/1316/4838 871/1305/4639
f 871/1305/4639 1070/1316/4838 882/1317/4650
f 883/1319/4652 1071/1318/4839 872/1307/4641
f 872/1307/4641 1071/1318/4839 1062/1306/4830
f 1071/1318/4839 1072/1320/4840 1062/1306/4830
f 1062/1306/4830 1072/1320/4840 1063/1308/4831
f 1063/1308/4831 1072/1320/4840 1064/1309/4832
f 1064/1309/4832 1072/1320/4840 1073/1321/4841
f 1064/1309/4832 1073/1321/4841 1065/1310/4833
f 1065/1310/4833 1073/1321/4841 1074/1322/4842
f 1065/1310/4833 1074/1322/4842 1066/1311/4834
f 1066/1311/4834 1074/1322/4842 1075/1323/4843
f 1075/1323/4843 1067/1324/4835 1066/1311/4834
f 1066/1311/4834 1067/1324/4835 1058/1312/4826
f 1076/1326/4844 1077/1325/4845 1067/1314/4835
f 1067/1314/4835 1077/1325/4845 1068/1313/4836
f 1077/1325/4845 1078/1327/4846 1068/1313/4836
f 1068/1313/4836 1078/1327/4846 1069/1315/4837
f 1069/1315/4837 1078/1327/4846 1070/1316/4838
f 1070/1316/4838 1078/1327/4846 1079/1328/4847
f 1070/1316/4838 1079/1328/4847 882/1317/4650
f 882/1317/4650 1079/1328/4847 893/1329/4661
f 894/1331/4663 1080/1330/4848 883/1319/4652
f 883/1319/4652 1080/1330/4848 1071/1318/4839
f 1080/1330/4848 1081/1332/4849 1071/1318/4839
f 1071/1318/4839 1081/1332/4849 1072/1320/4840
f 1072/1320/4840 1081/1332/4849 1073/1321/4841
f 1073/1321/4841 1081/1332/4849 1082/1333/4850
f 1073/1321/4841 1082/1333/4850 1074/1322/4842
f 1074/1322/4842 1082/1333/4850 1083/1334/4851
f 1074/1322/4842 1083/1334/4851 1075/1323/4843
f 1075/1323/4843 1083/1334/4851 1084/1335/4852
f 1084/1335/4852 1076/1336/4844 1075/1323/4843
f 1075/1323/4843 1076/1336/4844 1067/1324/4835
f 1085/1338/4853 1086/1337/4854 1076/1326/4844
f 1076/1326/4844 1086/1337/4854 1077/1325/4845
f 1077/1325/4845 1086/1337/4854 1078/1327/4846
f 1078/1327/4846 1086/1337/4854 1087/1339/4855
f 1078/1327/4846 1087/1339/4855 1079/1328/4847
f 1079/1328/4847 1087/1339/4855 1088/1340/4856
f 1079/1328/4847 1088/1340/4856 893/1329/4661
f 893/1329/4661 1088/1340/4856 904/1341/4672
f 894/1331/4663 905/1343/4673 1080/1330/4848
f 1080/1330/4848 905/1343/4673 1089/1342/4857
f 1080/1330/4848 1089/1342/4857 1081/1332/4849
f 1081/1332/4849 1089/1342/4857 1090/1344/4858
f 1081/1332/4849 1090/1344/4858 1082/1333/4850
f 1082/1333/4850 1090/1344/4858 1091/1345/4859
f 1082/1333/4850 1091/1345/4859 1083/1334/4851
f 1083/1334/4851 1091/1345/4859 1092/1346/4860
f 1083/1334/4851 1092/1346/4860 1084/1335/4852
f 1084/1335/4852 1092/1346/4860 1093/1347/4861
f 1093/1347/4861 1085/1348/4853 1084/1335/4852
f 1084/1335/4852 1085/1348/4853 1076/1336/4844
f 1094/1350/4862 1095/1349/4863 1085/1338/4853
f 1085/1338/4853 1095/1349/4863 1086/1337/4854
f 1086/1337/4854 1095/1349/4863 1087/1339/4855
f 1087/1339/4855 1095/1349/4863 1096/1351/4864
f 1087/1339/4855 1096/1351/4864 1088/1340/4856
f 1088/1340/4856 1096/1351/4864 1097/1352/4865
f 1088/1340/4856 1097/1352/4865 904/1341/4672
f 904/1341/4672 1097/1352/4865 915/1353/4683
f 905/1343/4673 916/1355/4684 1089/1342/4857
f 1089/1342/4857 916/1355/4684 1098/1354/4866
f 1089/1342/4857 1098/1354/4866 1090/1344/4858
f 1090/1344/4858 1098/1354/4866 1099/1356/4867
f 1090/1344/4858 1099/1356/4867 1091/1345/4859
f 1091/1345/4859 1099/1356/4867 1100/1357/4868
f 1091/1345/4859 1100/1357/4868 1092/1346/4860
f 1092/1346/4860 1100/1357/4868 1101/1358/4869
f 1092/1346/4860 1101/1358/4869 1093/1347/4861
f 1093/1347/4861 1101/1358/4869 1102/1359/4870
f 1102/1359/4870 1094/1360/4862 1093/1347/4861
f 1093/1347/4861 1094/1360/4862 1085/1348/4853
f 1103/1362/4871 1104/1361/4872 1094/1350/4862
f 1094/1350/4862 1104/1361/4872 1095/1349/4863
f 1095/1349/4863 1104/1361/4872 1096/1351/4864
f 1096/1351/4864 1104/1361/4872 1105/1363/4873
f 1096/1351/4864 1105/1363/4873 1097/1352/4865
f 1097/1352/4865 1105/1363/4873 1106/1364/4874
f 1097/1352/4865 1106/1364/4874 915/1353/4683
f 915/1353/4683 1106/1364/4874 926/1365/4694
f 927/1367/4696 1107/1366/4875 916/1355/4684
f 916/1355/4684 1107/1366/4875 1098/1354/4866
f 1098/1354/4866 1107/1366/4875 1099/1356/4867
f 1099/1356/4867 1107/1366/4875 1108/1368/4876
f 1099/1356/4867 1108/1368/4876 1100/1357/4868
f 1100/1357/4868 1108/1368/4876 1109/1369/4877
f 1100/1357/4868 1109/1369/4877 1101/1358/4869
f 1101/1358/4869 1109/1369/4877 1110/1370/4878
f 1101/1358/4869 1110/1370/4878 1102/1359/4870
f 1102/1359/4870 1110/1370/4878 1111/1371/4879
f 1111/1371/4879 1103/1372/4871 1102/1359/4870
f 1102/1359/4870 1103/1372/4871 1094/1360/4862
f 1112/1374/4880 1113/1373/4881 1103/1362/4871
f 1103/1362/4871 1113/1373/4881 1104/1361/4872
f 1104/1361/4872 1113/1373/4881 1105/1363/4873
f 1105/1363/4873 1113/1373/4881 1114/1375/4882
f 1105/1363/4873 1114/1375/4882 1106/1364/4874
f 1106/1364/4874 1114/1375/4882 1115/1376/4883
f 1106/1364/4874 1115/1376/4883 926/1365/4694
f 926/1365/4694 1115/1376/4883 937/1377/4705
f 938/1379/4707 1116/1378/4884 927/1367/4696
f 927/1367/4696 1116/1378/4884 1107/1366/4875
f 1107/1366/4875 1116/1378/4884 1108/1368/4876
f 1108/1368/4876 1116/1378/4884 1117/1380/4885
f 1108/1368/4876 1117/1380/4885 1109/1369/4877
f 1109/1369/4877 1117/1380/4885 1118/1381/4886
f 1109/1369/4877 1118/1381/4886 1110/1370/4878
f 1110/1370/4878 1118/1381/4886 1119/1382/4887
f 1110/1370/4878 1119/1382/4887 1111/1371/4879
f 1111/1371/4879 1119/1382/4887 1120/1383/4888
f 1120/1383/4888 1112/1384/4880 1111/1371/4879
f 1111/1371/4879 1112/1384/4880 1103/1372/4871
f 1121/1386/4889 1122/1385/4890 1112/1374/4880
f 1112/1374/4880 1122/1385/4890 1113/1373/4881
f 1122/1385/4890 1123/1387/4891 1113/1373/4881
f 1113/1373/4881 1123/1387/4891 1114/1375/4882
f 1114/1375/4882 1123/1387/4891 1115/1376/4883
f 1115/1376/4883 1123/1387/4891 1124/1388/4892
f 1115/1376/4883 1124/1388/4892 937/1377/4705
f 937/1377/4705 1124/1388/4892 948/1389/4716
f 938/1379/4707 949/1391/4717 1116/1378/4884
f 1116/1378/4884 949/1391/4717 1125/1390/4893
f 1116/1378/4884 1125/1390/4893 1117/1380/4885
f 1117/1380/4885 1125/1390/4893 1126/1392/4894
f 1117/1380/4885 1126/1392/4894 1118/1381/4886
f 1118/1381/4886 1126/1392/4894 1127/1393/4895
f 1118/1381/4886 1127/1393/4895 1119/1382/4887
f 1119/1382/4887 1127/1393/4895 1128/1394/4896
f 1119/1382/4887 1128/1394/4896 1120/1383/4888
f 1120/1383/4888 1128/1394/4896 1129/1395/4897
f 1129/1395/4897 1121/1396/4889 1120/1383/4888
f 1120/1383/4888 1121/1396/4889 1112/1384/4880
f 1130/1398/4898 1131/1397/4899 1121/1386/4889
f 1121/1386/4889 1131/1397/4899 1122/1385/4890
f 1131/1397/4899 1132/1399/4900 1122/1385/4890
f 1122/1385/4890 1132/1399/4900 1123/1387/4891
f 1132/1399/4900 1133/1400/4901 1123/1387/4891
f 1123/1387/4891 1133/1400/4901 1124/1388/4892
f 1124/1388/4892 1133/1400/4901 948/1389/4716
f 948/1389/4716 1133/1400/4901 959/1401/4727
f 949/1391/4717 960/1403/4728 1125/1390/4893
f 1125/1390/4893 960/1403/4728 1134/1402/4902
f 1125/1390/4893 1134/1402/4902 1126/1392/4894
f 1126/1392/4894 1134/1402/4902 1135/1404/4903
f 1126/1392/4894 1135/1404/4903 1127/1393/4895
f 1127/1393/4895 1135/1404/4903 1136/1405/4904
f 1127/1393/4895 1136/1405/4904 1128/1394/4896
f 1128/1394/4896 1136/1405/4904 1137/1406/4905
f 1128/1394/4896 1137/1406/4905 1129/1395/4897
f 1129/1395/4897 1137/1406/4905 1138/1407/4906
f 1138/1407/4906 1130/1408/4898 1129/1395/4897
f 1129/1395/4897 1130/1408/4898 1121/1396/4889
f 969/1182/4739 966/1409/4734 968/1181/4738
f 970/1185/4741 966/1410/4734 969/1182/4739
f 971/1187/4743 966/1411/4734 970/1185/4741
f 761/1189/4533 966/1412/4734 971/1187/4743
f 972/1192/4744 966/1413/4734 762/1191/4535
f 973/1195/4746 966/1414/4734 972/1192/4744
f 974/1197/4748 966/1415/4734 973/1195/4746
f 975/1199/4750 966/1416/4734 974/1197/4748
f 976/1201/4752 966/1417/4734 975/1199/4750
f 968/1203/4738 966/1418/4734 976/1201/4752
f 1130/1398/4898 967/1419/4735 1131/1397/4899
f 1131/1397/4899 967/1420/4735 1132/1399/4900
f 1132/1399/4900 967/1421/4735 1133/1400/4901
f 1133/1400/4901 967/1422/4735 959/1401/4727
f 960/1403/4728 967/1423/4735 1134/1402/4902
f 1134/1402/4902 967/1424/4735 1135/1404/4903
f 1135/1404/4903 967/1425/4735 1136/1405/4904
f 1136/1405/4904 967/1426/4735 1137/1406/4905
f 1137/1406/4905 967/1427/4735 1138/1407/4906
f 1138/1407/4906 967/1428/4735 1130/1408/4898
