# This file uses centimeters as units for non-parametric coordinates.

mtllib tree_07.mtl
g default
v -1.269420 1.010490 0.250934
v -1.369127 1.200358 0.184313
v -1.255426 1.086437 0.056949
v -1.264173 1.567942 0.119651
v -1.101493 1.540601 -0.068456
v -1.330644 1.795783 0.117691
v -1.208197 1.616548 0.386136
v -1.491574 1.941602 0.409649
v -1.145224 1.267191 0.423366
v -1.045518 1.049983 0.178434
v -1.068258 1.101627 0.029516
v -1.024527 1.663635 -0.184064
v -1.099744 1.754772 -0.207577
v -1.547549 2.187670 0.025597
v -1.619268 2.363868 0.111813
v -1.460087 1.982613 0.546811
v -1.647256 2.482345 0.123570
v -1.656003 2.325894 -0.344738
v -1.454840 2.041852 -0.346698
v -1.174962 1.801859 -0.450549
v -1.335892 2.075269 -0.699399
v -1.468834 2.251466 -0.705277
v -1.386619 2.256023 -1.014870
v -1.475832 2.458042 -0.754263
v -1.255426 2.119318 -1.298990
v -1.164466 1.961348 -0.834601
v -0.973799 1.782113 -0.621021
v -0.900331 1.680344 -0.264401
v -0.760392 1.393264 -0.013592
v -0.718410 1.381112 0.102016
v -0.711413 1.443389 0.227421
v -0.846104 1.507184 0.372420
v -1.108490 1.592245 0.495865
v -1.056014 2.064636 0.877958
v -1.342888 1.882363 0.687891
v -0.804123 1.678825 0.533095
v -0.644942 1.545158 0.362623
v -0.482263 1.563385 0.399852
v -0.470018 1.710722 0.787823
v -0.714911 1.917299 0.887755
v -0.821615 2.117799 1.252212
v -1.040270 2.181594 1.013160
v -1.029775 2.275769 1.030795
v -1.379622 2.231720 0.725121
v -1.397115 2.426144 0.597756
v -1.568540 2.647910 0.311677
v -1.264173 2.745122 0.607554
v -1.213445 2.473231 0.793701
v -1.057763 2.953217 0.580121
v -0.837358 2.616012 0.893633
v -1.559794 2.714743 0.100056
v -1.656003 2.505129 -0.342779
v -1.369127 2.789171 -0.815006
v -1.346387 2.458042 -1.179464
v -1.304405 2.218049 -1.475340
v -1.330644 1.997803 -1.487097
v -1.265922 1.964386 -1.365611
v -1.486326 2.767906 0.299920
v -1.125983 2.286401 -1.606624
v -1.204699 2.372981 -1.540002
v -0.826863 2.259061 -1.657569
v -1.160967 1.990208 -1.602705
v -0.688674 2.072231 -1.588988
v -0.909077 1.938564 -1.498854
v -1.234437 1.599840 -1.600745
v -1.101493 1.473768 -1.471422
v -1.344638 1.327949 -1.518448
v -1.474082 1.446427 -1.455746
v -1.355134 1.607434 -1.349936
v -1.475832 1.214029 -1.106964
v -1.479330 1.144157 -1.251963
v -1.379622 1.112259 -1.016829
v -1.330644 1.133525 -1.204936
v -1.236186 1.610472 -1.342098
v -1.122484 2.005397 -1.318585
v -0.907328 1.955272 -1.202977
v -0.658936 1.725912 -1.044262
v -1.297409 1.174536 -1.120680
v -1.148723 1.558828 -1.375409
v -0.984294 1.940083 -1.340139
v -0.763890 1.946159 -1.304868
v -0.602960 2.006916 -1.455746
v -0.456025 2.140583 -1.692839
v -0.328330 2.331970 -1.818244
v -0.414042 2.571963 -1.696758
v -0.872344 2.827145 -1.297031
v -0.158653 2.596266 -1.741825
v -0.438532 2.866637 -1.351895
v 0.007524 2.783096 -1.483178
v -0.307339 3.155236 -0.867911
v -0.100928 2.330451 -1.926014
v 0.164956 2.213492 -1.984797
v 0.205189 2.702592 -1.498854
v -0.022213 2.108685 -1.980878
v -0.387805 2.102610 -1.661488
v -0.251363 2.050966 -1.414597
v -0.328330 1.839833 -1.171626
v -0.457773 1.733507 -1.057978
v -0.599462 1.662116 -0.793452
v -0.468269 1.529968 -0.607305
v -0.839107 1.772999 -0.468184
v -0.193638 1.564904 -0.713115
v 0.273408 1.697052 -0.670007
v 0.149212 1.864136 -0.928654
v 0.079243 1.973499 -1.142234
v -0.102678 2.044890 -1.420476
v 0.166705 2.016030 -1.283314
v 0.042509 1.978056 -1.557637
v -0.130665 2.073750 -1.598786
v -0.230372 2.023625 -1.704596
v -0.134164 1.896033 -1.716353
v -0.009968 1.914261 -1.702637
v 0.018020 1.371998 -1.677164
v 0.166705 1.520855 -1.565475
v 0.243672 1.757810 -1.428314
v 0.241923 1.994765 -1.285274
v 0.334631 2.091977 -1.103045
v 0.514803 2.129950 -0.879668
v 0.532296 2.148178 -1.032505
v 0.465825 1.938564 -1.199058
v 0.339880 1.795783 -1.349936
v 0.364369 1.779075 -1.424395
v 0.271659 1.520855 -1.643853
v -0.011717 0.999858 -1.814325
v -0.144660 1.145676 -1.767298
v -0.156904 1.809454 -1.777096
v -0.071191 1.774518 -1.984797
v 0.082742 2.050966 -2.047500
v 0.023268 1.577056 -2.063175
v -0.155156 1.115297 -1.831960
v -0.125418 0.908721 -1.929933
v 0.084491 1.001377 -1.949527
v 0.222681 1.314279 -1.859393
v 0.385360 1.801859 -1.561556
v -0.032709 0.919354 -2.020067
v 0.126473 1.230737 -2.043581
v 0.247170 1.586169 -1.988716
v 0.420345 2.184632 -1.679123
v 0.472822 1.943121 -1.487097
v 0.509555 1.894515 -1.326422
v 0.577776 1.914261 -1.161829
v 0.675734 2.140583 -0.950208
v 0.780688 2.070712 -0.652372
v 0.908383 1.958310 -0.677845
v 0.694975 1.598321 -1.105005
v 0.604015 1.850465 -1.328382
v 0.612761 1.987170 -1.389125
v 0.612761 2.283364 -1.496894
v 0.479819 2.492978 -1.481219
v 0.915380 2.272731 -1.330341
v 0.833166 1.959829 -1.318585
v 0.820920 1.607434 -1.365611
v 0.966108 1.911223 -1.173585
v 0.948615 1.308203 -1.346017
v 0.887392 1.168460 -1.361692
v 0.876896 1.207953 -1.183383
v 0.866401 1.513260 -0.961965
v 1.011588 1.075805 -1.187301
v 1.009839 0.999858 -1.391084
v 1.057067 1.163903 -1.416557
v 1.139282 1.030237 -1.344057
v 1.109545 1.097070 -1.197099
v 1.088555 1.365923 -1.320544
v 1.127038 1.268710 -1.101086
v 1.134035 1.417567 -0.958046
v 1.032579 1.659079 -1.246085
v 1.149778 1.660597 -1.224531
v 1.200506 1.452502 -0.991357
v 1.053570 1.876287 -1.148112
v 1.190010 2.215011 -1.085410
v 1.406916 2.070712 -1.014870
v 1.466390 1.965905 -1.024667
v 1.336947 1.619586 -0.956087
v 1.447149 1.718317 -0.689601
v 1.513620 1.903628 -0.599467
v 1.496127 2.139064 -0.958046
v 1.497877 2.259061 -0.546562
v 1.485631 2.275769 -0.836560
v 1.485631 1.807935 -0.411360
v 1.576592 2.236276 -0.301631
v 1.151527 1.946159 -0.521089
v 0.840163 2.064636 -0.525008
v 0.658242 2.020587 -0.656291
v 0.483318 1.772999 -0.560278
v 0.710719 1.985651 -0.464265
v 0.833166 2.172481 -0.064537
v 0.945117 2.196784 -0.121361
v 1.349191 2.213492 -0.027308
v 1.366683 2.129950 -0.135077
v 1.335197 1.814011 -0.466224
v 1.608078 2.111723 -0.101767
v 1.553852 2.061598 0.043232
v 1.356187 2.178557 0.243096
v 1.581840 1.885401 0.145124
v 1.714782 2.022106 -0.001835
v 1.217998 2.227163 0.209786
v 0.943367 2.189189 0.192151
v 0.721214 2.020587 0.264650
v 0.618009 1.807935 -0.180145
v 0.511304 1.704647 -0.168388
v 0.261164 1.593764 -0.397644
v -0.417541 1.452502 -0.419198
v -0.697420 1.466173 -0.182104
v -0.475266 1.438832 -0.170347
v -0.335326 1.605915 0.198029
v -0.163901 1.722874 0.652621
v -0.123668 1.736545 0.188232
v 0.023268 1.801859 0.368501
v -0.081687 1.583131 -0.144875
v -0.090434 1.526931 -0.354536
v 0.287403 1.637813 0.058908
v 0.362620 1.836795 0.584040
v 0.082742 1.824643 0.687891
v 0.133470 1.870211 1.032754
v -0.072941 1.868692 1.007281
v -0.335326 1.684901 0.732958
v -0.387805 1.982613 1.156199
v -0.597712 2.002359 1.132686
v -0.616954 1.985651 1.303158
v -0.312586 1.946159 1.234577
v -0.095681 1.955272 1.275726
v 0.147464 1.888439 1.379577
v 0.439587 1.800340 1.481468
v 0.387109 1.855022 1.115051
v 0.548040 1.810973 1.363901
v 0.854156 1.947677 1.165997
v 0.563783 1.888439 0.464514
v 0.745704 1.981094 0.448838
v 1.233741 2.099572 0.517419
v 1.483882 2.040333 0.513500
v 1.434904 2.052484 0.352825
v 1.594085 1.780594 0.378298
v 1.604579 1.687938 0.233299
v 1.751516 1.312760 0.292082
v 1.810990 1.306684 0.170597
v 1.837229 1.643889 0.109854
v 0.994096 1.999322 0.685932
v 1.919443 1.349214 0.219583
v 1.873963 1.343139 0.376339
v 1.711284 1.839833 0.466473
v 1.835480 1.835276 0.446879
v 1.924691 1.578574 0.356744
v 1.921193 1.663635 0.252893
v 1.854721 1.886920 0.102016
v 1.823235 2.113242 0.074584
v 1.713033 2.275769 -0.048862
v 1.695541 2.489940 0.078503
v 1.480383 2.441334 -0.283996
v 1.480383 2.678289 0.131408
v 1.319454 2.597785 -0.254604
v 1.245985 2.767906 -0.642575
v 1.340445 2.397284 -0.942370
v 1.228494 2.348678 -1.030546
v 0.974854 2.423106 -1.255882
v 1.050071 2.608417 -0.932573
v 0.903135 2.514243 -1.226490
v 0.560284 2.941066 -0.893384
v 0.255916 2.023625 -2.025946
v 0.084491 1.402377 -2.074932
v 0.175451 3.095998 -0.865952
v 0.574277 3.003342 -0.826763
v 0.815672 3.073213 -0.724872
v 1.053570 3.061062 -0.548521
v 1.134035 3.003342 -0.086091
v 1.419160 2.824107 0.374379
v 1.672801 2.552216 0.399852
v 1.849473 2.207417 0.491946
v 1.702538 2.451966 0.613432
v 1.786500 2.125394 0.605594
v 1.245985 2.933471 0.772147
v 0.952114 3.191691 0.625189
v 1.114792 3.059543 0.237218
v 0.896138 3.316244 -0.023389
v 0.808676 3.357256 -0.317306
v 0.584774 3.548642 -0.389806
v 0.434339 3.474214 -0.532846
v 0.189445 3.310168 -0.642575
v -0.169149 3.495479 -0.474062
v -0.433284 3.389153 -0.517170
v 0.161458 3.879772 -0.262442
v 0.360871 3.939010 -0.160550
v 0.593520 3.825090 0.002084
v 0.733459 3.483328 0.488027
v 0.875146 3.085365 0.905390
v 1.235491 2.553735 0.942620
v 1.601081 2.404879 0.766269
v 1.632568 2.132988 0.660459
v 1.387674 2.123875 0.658499
v 1.160273 2.093496 0.811336
v 1.053570 2.151216 1.289442
v 1.217998 2.303110 1.064105
v 1.370182 2.198303 0.779985
v 1.455895 2.374500 0.860323
v 1.197007 2.342602 1.089578
v 1.057067 2.249947 1.320793
v 1.029080 2.050966 1.516738
v 0.820920 1.839833 1.395252
v 0.668737 1.674268 1.536333
v 0.278656 1.959829 1.593157
v 0.025017 1.909704 1.452076
v -0.135913 1.783632 1.410928
v -0.277602 1.768442 1.330590
v -0.319583 1.640851 1.342347
v -0.078188 1.255040 1.412887
v -0.212881 1.273267 1.338428
v -0.468269 1.598321 1.395252
v -0.564477 1.628700 1.469711
v -0.326581 1.153271 1.442279
v -0.184892 1.103146 1.432482
v 0.875146 2.603860 1.267888
v -0.310837 1.179093 1.481468
v -0.613456 1.719836 1.573562
v -0.700918 1.896033 1.555927
v -0.744648 2.069193 1.459914
v -0.861848 2.286401 1.234577
v -0.620452 2.620569 1.144443
v -0.923071 3.024607 0.640864
v -0.658936 3.121820 0.846606
v -0.435033 2.628163 1.348225
v -0.681676 2.283364 1.469711
v -0.629200 2.143621 1.534373
v -0.484012 2.283364 1.538292
v -0.422788 1.911223 1.544170
v -0.183143 1.286938 1.475590
v -0.118421 1.447946 1.595116
v -0.053699 1.567942 1.581400
v -0.099179 1.675787 1.689170
v -0.069442 1.745658 1.506941
v -0.254861 1.853503 1.571603
v -0.071191 2.041852 1.695048
v -0.015216 1.847427 1.636264
v 0.157958 2.037295 1.687210
v 0.360871 2.011473 1.681332
v 0.701972 1.628700 1.648021
v 0.964359 1.476805 1.628427
v 0.861153 1.704647 1.516738
v 1.071062 1.930969 1.640183
v 1.008089 2.040333 1.702886
v 0.782438 2.401841 1.591197
v 0.707220 2.722338 1.320793
v 0.549789 3.103592 1.115051
v 0.525299 3.369407 0.783904
v 0.413348 3.815976 0.411609
v 0.493813 3.847874 0.290123
v 0.360871 3.986098 0.090259
v -0.006469 1.984132 1.706805
v 0.056503 2.189189 1.716602
v 0.257666 4.017995 -0.078253
v -0.162152 3.864582 -0.154672
v 0.100234 4.002806 0.053030
v 0.119476 3.885847 0.344988
v -0.146410 3.879772 0.154921
v -0.328330 3.805343 -0.017510
v -0.613456 3.366369 -0.444670
v -1.108490 2.846891 -1.095207
v -1.237935 2.792209 -1.016829
v -1.223940 3.015494 -0.632777
v -0.737652 3.361812 -0.291833
v -1.251928 3.021569 -0.487778
v -1.472332 2.822588 -0.348657
v -1.565042 2.672213 -0.421157
v -1.190705 3.027645 -0.015551
v -0.716661 3.378521 0.278366
v -0.470018 3.414975 0.636945
v -0.837358 3.228146 0.489987
v -0.370311 3.153717 1.038632
v -0.165650 3.691423 0.480190
v 0.252418 3.471176 0.778026
v 0.261164 3.214475 1.101335
v -0.032709 3.123339 1.209105
v -0.104427 2.763349 1.461873
v 0.220932 2.985115 1.328631
v 0.528798 2.496016 1.600994
v 0.883893 2.075269 1.798899
v 0.917129 1.859579 1.867479
v 1.177765 1.596802 1.865520
v 1.198757 1.368961 1.773426
v 0.990597 1.291495 1.757750
v 1.027331 1.337063 1.881196
v 1.113044 1.271748 1.834169
v 1.065814 1.428199 1.936060
v 0.586523 1.891477 1.749913
v 0.490315 2.095015 1.726399
v -0.391303 2.442853 1.522616
vt 0.849706 0.724511
vt 0.848929 0.725818
vt 0.849657 0.725538
vt 0.853297 0.741552
vt 0.852521 0.741179
vt 0.855627 0.743840
vt 0.856646 0.744540
vt 0.858150 0.723203
vt 0.857422 0.721943
vt 0.856306 0.725024
vt 0.857325 0.725538
vt 0.859218 0.722877
vt 0.858441 0.721756
vt 0.849512 0.728339
vt 0.850094 0.727919
vt 0.850628 0.725631
vt 0.851162 0.725071
vt 0.870720 0.728292
vt 0.870768 0.727779
vt 0.869798 0.727779
vt 0.869943 0.728106
vt 0.850531 0.728759
vt 0.850919 0.725818
vt 0.850967 0.729880
vt 0.850434 0.730487
vt 0.856354 0.732308
vt 0.857325 0.732915
vt 0.856112 0.735389
vt 0.855384 0.735249
vt 0.849026 0.729740
vt 0.848007 0.729787
vt 0.847376 0.732401
vt 0.846794 0.733288
vt 0.848298 0.729693
vt 0.846600 0.734035
vt 0.853103 0.730020
vt 0.854753 0.729366
vt 0.856452 0.732308
vt 0.854801 0.732775
vt 0.846406 0.734175
vt 0.847861 0.732495
vt 0.849754 0.731374
vt 0.848492 0.733568
vt 0.860819 0.740105
vt 0.861402 0.737537
vt 0.863537 0.736790
vt 0.862809 0.739498
vt 0.847570 0.734642
vt 0.847959 0.735389
vt 0.847425 0.736043
vt 0.857034 0.730487
vt 0.856306 0.729273
vt 0.859703 0.727312
vt 0.860722 0.728339
vt 0.852084 0.735809
vt 0.850822 0.734736
vt 0.849220 0.735156
vt 0.851162 0.736977
vt 0.857374 0.734222
vt 0.857374 0.736697
vt 0.858733 0.737023
vt 0.858635 0.734596
vt 0.858733 0.745241
vt 0.859703 0.745614
vt 0.858781 0.744961
vt 0.850967 0.736370
vt 0.849609 0.738191
vt 0.847716 0.735576
vt 0.849512 0.734782
vt 0.852909 0.727872
vt 0.852957 0.733288
vt 0.851695 0.730487
vt 0.853297 0.727499
vt 0.853443 0.727545
vt 0.851598 0.729880
vt 0.853443 0.728806
vt 0.852618 0.727452
vt 0.850870 0.727452
vt 0.851404 0.729460
vt 0.849220 0.728666
vt 0.860188 0.726892
vt 0.861450 0.727405
vt 0.853006 0.728059
vt 0.853976 0.727826
vt 0.855141 0.727919
vt 0.868584 0.731607
vt 0.868051 0.732074
vt 0.867371 0.733101
vt 0.868245 0.732961
vt 0.855627 0.727686
vt 0.853928 0.728619
vt 0.847134 0.735669
vt 0.847522 0.737490
vt 0.846357 0.735343
vt 0.848881 0.730860
vt 0.848638 0.732541
vt 0.857374 0.729787
vt 0.855918 0.728806
vt 0.854656 0.728759
vt 0.857277 0.729740
vt 0.854171 0.737070
vt 0.855335 0.739731
vt 0.852472 0.738611
vt 0.852035 0.736790
vt 0.850094 0.732401
vt 0.862130 0.737023
vt 0.864120 0.736276
vt 0.862615 0.734596
vt 0.861596 0.735156
vt 0.854656 0.733662
vt 0.854899 0.735483
vt 0.855821 0.735483
vt 0.857228 0.734549
vt 0.862615 0.737770
vt 0.864459 0.736977
vt 0.848056 0.738284
vt 0.860237 0.728339
vt 0.860868 0.727359
vt 0.858927 0.728012
vt 0.858733 0.728292
vt 0.852715 0.732588
vt 0.853297 0.731654
vt 0.851987 0.731374
vt 0.850967 0.731748
vt 0.855432 0.725118
vt 0.857616 0.721989
vt 0.858538 0.722830
vt 0.856791 0.726658
vt 0.859412 0.725865
vt 0.858781 0.726378
vt 0.860043 0.727219
vt 0.848298 0.736183
vt 0.848881 0.737257
vt 0.849366 0.736930
vt 0.858587 0.729740
vt 0.857616 0.728339
vt 0.867808 0.734876
vt 0.868342 0.733615
vt 0.866934 0.732448
vt 0.866837 0.733475
vt 0.849754 0.731934
vt 0.848250 0.731141
vt 0.848832 0.732915
vt 0.847473 0.731607
vt 0.848201 0.734922
vt 0.848201 0.732308
vt 0.848687 0.734455
vt 0.848104 0.736977
vt 0.848929 0.739124
vt 0.849075 0.739404
vt 0.847667 0.729413
vt 0.847570 0.729366
vt 0.848298 0.728666
vt 0.848541 0.729273
vt 0.848929 0.732354
vt 0.849560 0.734689
vt 0.848735 0.735249
vt 0.851016 0.734222
vt 0.849560 0.733288
vt 0.857131 0.744120
vt 0.853151 0.740152
vt 0.848784 0.729320
vt 0.849463 0.732214
vt 0.847182 0.734736
vt 0.861790 0.731514
vt 0.861111 0.730814
vt 0.860431 0.732214
vt 0.861984 0.733335
vt 0.860237 0.734455
vt 0.861014 0.732541
vt 0.862955 0.733755
vt 0.861159 0.735343
vt 0.851841 0.734409
vt 0.850434 0.734362
vt 0.862761 0.734035
vt 0.861402 0.733989
vt 0.862178 0.734315
vt 0.864120 0.731141
vt 0.864993 0.733662
vt 0.861402 0.735296
vt 0.853443 0.736510
vt 0.854074 0.737864
vt 0.853637 0.739031
vt 0.851016 0.739638
vt 0.855141 0.739311
vt 0.853734 0.740152
vt 0.856403 0.740011
vt 0.864071 0.740945
vt 0.863828 0.740992
vt 0.865575 0.738751
vt 0.865964 0.738751
vt 0.854947 0.741085
vt 0.855190 0.731187
vt 0.855335 0.731187
vt 0.855190 0.734876
vt 0.855529 0.735156
vt 0.855384 0.738144
vt 0.856888 0.737677
vt 0.870040 0.731841
vt 0.870137 0.733335
vt 0.869312 0.732821
vt 0.868536 0.731841
vt 0.857616 0.739638
vt 0.855772 0.737023
vt 0.868245 0.737023
vt 0.869895 0.735249
vt 0.869361 0.735623
vt 0.868099 0.736603
vt 0.853879 0.736230
vt 0.852715 0.735156
vt 0.853976 0.732728
vt 0.854268 0.727872
vt 0.854316 0.730440
vt 0.866400 0.733428
vt 0.866837 0.733989
vt 0.851744 0.730253
vt 0.855966 0.731047
vt 0.858975 0.731934
vt 0.857859 0.733475
vt 0.859994 0.726145
vt 0.859461 0.724744
vt 0.856354 0.736837
vt 0.856015 0.734222
vt 0.856597 0.735436
vt 0.855481 0.736043
vt 0.854801 0.735903
vt 0.857374 0.742159
vt 0.859266 0.743887
vt 0.859169 0.730627
vt 0.854801 0.729506
vt 0.857907 0.733989
vt 0.858053 0.735062
vt 0.857616 0.735156
vt 0.858830 0.735249
vt 0.860237 0.735062
vt 0.860140 0.735529
vt 0.859509 0.734642
vt 0.858587 0.734082
vt 0.862130 0.744260
vt 0.863003 0.741739
vt 0.861450 0.743046
vt 0.858635 0.734175
vt 0.867128 0.730954
vt 0.865721 0.730627
vt 0.867031 0.731841
vt 0.868390 0.731701
vt 0.857859 0.733148
vt 0.856063 0.730580
vt 0.861790 0.730814
vt 0.862178 0.731561
vt 0.862712 0.730954
vt 0.862469 0.729973
vt 0.859946 0.729693
vt 0.862372 0.730300
vt 0.861159 0.729553
vt 0.855287 0.730300
vt 0.856500 0.730907
vt 0.857374 0.732448
vt 0.855772 0.730580
vt 0.856646 0.732354
vt 0.866158 0.735669
vt 0.866303 0.736230
vt 0.866886 0.735483
vt 0.859218 0.735249
vt 0.863149 0.731748
vt 0.863392 0.733568
vt 0.856985 0.729973
vt 0.862761 0.729927
vt 0.863828 0.731374
vt 0.862227 0.731794
vt 0.861984 0.730580
vt 0.867856 0.736743
vt 0.870526 0.734082
vt 0.856549 0.736977
vt 0.860188 0.734455
vt 0.859655 0.734642
vt 0.860188 0.735343
vt 0.865478 0.739078
vt 0.859315 0.738424
vt 0.860091 0.737303
vt 0.862178 0.727265
vt 0.861450 0.733242
vt 0.865527 0.735343
vt 0.865284 0.737117
vt 0.864022 0.727872
vt 0.862955 0.727359
vt 0.863294 0.730113
vt 0.856597 0.728433
vt 0.856500 0.727779
vt 0.863052 0.731888
vt 0.863294 0.730113
vt 0.863586 0.730860
vt 0.862858 0.733335
vt 0.863586 0.733335
vt 0.864217 0.731654
vt 0.863149 0.734362
vt 0.865818 0.734782
vt 0.865090 0.732588
vt 0.866206 0.732588
vt 0.860237 0.742766
vt 0.858490 0.741832
vt 0.856257 0.742626
vt 0.864702 0.733428
vt 0.870962 0.732028
vt 0.871157 0.732868
vt 0.858102 0.740852
vt 0.860577 0.740058
vt 0.869167 0.734549
vt 0.870089 0.733288
vt 0.869215 0.732868
vt 0.866740 0.733708
vt 0.865915 0.732588
vt 0.861499 0.743373
vt 0.862227 0.738237
vt 0.863537 0.738237
vt 0.864071 0.733942
vt 0.864556 0.733101
vt 0.868002 0.731888
vt 0.867420 0.730534
vt 0.867323 0.729927
vt 0.868099 0.731701
vt 0.867420 0.726005
vt 0.867080 0.727732
vt 0.864750 0.726425
vt 0.865624 0.728853
vt 0.865770 0.727359
vt 0.863731 0.727125
vt 0.862178 0.728106
vt 0.853200 0.728853
vt 0.865527 0.737350
vt 0.860722 0.740338
vt 0.862421 0.740665
vt 0.859315 0.736463
vt 0.867274 0.736043
vt 0.866012 0.730627
vt 0.867808 0.727872
vt 0.859363 0.729039
vt 0.855044 0.728526
vt 0.855093 0.727872
vt 0.857277 0.727966
vt 0.870089 0.730347
vt 0.870914 0.730113
vt 0.863149 0.726612
vt 0.860286 0.745241
vt 0.860625 0.745147
vt 0.863634 0.731047
vt 0.868730 0.731561
vt 0.869118 0.730347
vt 0.868827 0.730160
vt 0.864217 0.740338
vt 0.870040 0.730534
vt 0.870865 0.730627
vt 0.871157 0.729320
vt 0.870283 0.731841
vt 0.865236 0.738751
vt 0.866352 0.736883
vt 0.861839 0.743840
vt 0.856354 0.733335
vt 0.849609 0.739311
vt 0.854462 0.741926
vt 0.868002 0.733708
vt 0.866255 0.726098
vt 0.864896 0.725725
vt 0.867565 0.728526
vt 0.868099 0.727359
vt 0.866109 0.733055
vt 0.857616 0.726472
vt 0.855675 0.724884
vt 0.854704 0.726378
vt 0.855190 0.728199
vt 0.859169 0.723530
vt 0.859655 0.724417
vt 0.858150 0.726285
vt 0.865333 0.725071
vt 0.867177 0.724231
vt 0.848832 0.738751
vt 0.859121 0.733148
vt 0.846891 0.736603
vt 0.869167 0.723157
vt 0.869264 0.724371
vt 0.868536 0.722923
vt 0.868633 0.722270
vt 0.867565 0.722596
vt 0.868148 0.722456
vn -0.813557 -0.519146 -0.261940
vn -0.813557 -0.519146 -0.261940
vn -0.813557 -0.519146 -0.261940
vn -0.399252 0.809158 -0.431116
vn -0.595481 0.789722 -0.147449
vn -0.598354 0.800915 -0.022550
vn -0.405542 0.831609 -0.379423
vn 0.053396 -0.177583 -0.982656
vn -0.690093 -0.642685 -0.332758
vn -0.498645 -0.298577 -0.813760
vn -0.013726 -0.118144 -0.992902
vn 0.053396 -0.177583 -0.982656
vn 0.830323 -0.363720 -0.422221
vn 0.123527 -0.916078 0.381500
vn -0.690093 -0.642685 -0.332758
vn -0.938675 -0.120307 -0.323134
vn -0.985237 -0.083337 0.149541
vn -0.871113 -0.299919 0.388859
vn -0.871113 -0.299919 0.388859
vn -0.985237 -0.083337 0.149541
vn -0.204930 -0.345179 0.915890
vn -0.985237 -0.083337 0.149541
vn -0.437474 -0.847710 0.300008
vn -0.204930 -0.345179 0.915890
vn -0.204930 -0.345179 0.915890
vn -0.437474 -0.847710 0.300008
vn 0.531445 -0.814002 0.234448
vn 0.915871 -0.377901 -0.135537
vn 0.400390 -0.446383 0.800269
vn -0.685812 -0.689258 0.233635
vn -0.295083 -0.565947 -0.769825
vn -0.507800 -0.499881 -0.701611
vn -0.573238 -0.248036 -0.780946
vn 0.015766 -0.601615 -0.798631
vn 0.015766 -0.601615 -0.798631
vn -0.573238 -0.248036 -0.780946
vn -0.439691 -0.653363 -0.616270
vn -0.439691 -0.653363 -0.616270
vn -0.573238 -0.248036 -0.780946
vn -0.721944 -0.627417 -0.291795
vn -0.079426 -0.319105 0.944385
vn -0.140276 -0.495898 0.856976
vn -0.510102 -0.365576 0.778557
vn -0.521097 -0.183062 0.833635
vn -0.824359 -0.507482 -0.250788
vn -0.898396 -0.435702 0.055206
vn -0.857129 -0.511114 -0.063971
vn -0.857129 -0.511114 -0.063971
vn -0.898396 -0.435702 0.055206
vn -0.963827 -0.249384 0.094049
vn -0.898396 -0.435702 0.055206
vn -0.898987 -0.256721 0.354848
vn -0.963827 -0.249384 0.094049
vn -0.898987 -0.256721 0.354848
vn -0.981650 0.110613 0.155335
vn -0.963827 -0.249384 0.094049
vn -0.756883 0.307965 0.576442
vn -0.552847 0.340755 0.760425
vn -0.576521 0.512798 0.636130
vn -0.643468 0.481855 0.594781
vn -0.963827 -0.249384 0.094049
vn -0.923328 -0.366435 -0.114851
vn -0.857129 -0.511114 -0.063971
vn -0.923328 -0.366435 -0.114851
vn -0.738955 -0.659701 -0.136895
vn -0.857129 -0.511114 -0.063971
vn -0.738955 -0.659701 -0.136895
vn -0.596970 -0.788556 -0.147667
vn -0.721944 -0.627417 -0.291795
vn -0.721944 -0.627417 -0.291795
vn -0.596970 -0.788556 -0.147667
vn -0.439691 -0.653363 -0.616270
vn -0.898396 -0.435702 0.055206
vn -0.871113 -0.299919 0.388859
vn -0.898987 -0.256721 0.354848
vn -0.596970 -0.788556 -0.147667
vn -0.738955 -0.659701 -0.136895
vn -0.709075 -0.656205 -0.258084
vn 0.083103 0.755853 0.649446
vn 0.131096 0.733988 0.666390
vn 0.340142 0.665905 0.663983
vn 0.378991 0.726781 0.572848
vn -0.709075 -0.656205 -0.258084
vn -0.887420 -0.341207 -0.309940
vn -0.926582 -0.298578 -0.228685
vn -0.926582 -0.298578 -0.228685
vn -0.887420 -0.341207 -0.309940
vn -0.934472 0.050780 -0.352396
vn -0.389204 0.399426 0.830048
vn -0.229126 0.121249 0.965816
vn -0.188685 -0.071529 0.979429
vn -0.102868 0.177571 0.978717
vn 0.042144 -0.733355 -0.678539
vn 0.436766 -0.792916 -0.424875
vn -0.168078 -0.095446 -0.981142
vn -0.171824 -0.150370 -0.973584
vn 0.883246 -0.165479 -0.438741
vn 0.503761 0.094508 -0.858658
vn 0.812397 -0.032039 -0.582224
vn 0.925642 -0.339468 -0.167179
vn -0.405542 0.831609 -0.379423
vn -0.198076 0.972020 0.126269
vn 0.098082 0.954785 -0.280651
vn -0.064088 0.703742 -0.707560
vn -0.574553 0.608709 0.547140
vn -0.634317 0.762281 0.128723
vn -0.719094 0.634431 0.283552
vn -0.608241 0.505531 0.611949
vn -0.439691 -0.653363 -0.616270
vn 0.098407 -0.832424 -0.545331
vn 0.015766 -0.601615 -0.798631
vn -0.756883 0.307965 0.576442
vn -0.643468 0.481855 0.594781
vn -0.537712 0.458166 0.707778
vn -0.667155 0.189723 0.720353
vn 0.442444 -0.891533 0.097015
vn 0.318754 -0.777935 0.541491
vn 0.531445 -0.814002 0.234448
vn -0.756883 0.307965 0.576442
vn -0.667155 0.189723 0.720353
vn -0.591905 -0.388658 0.706111
vn -0.715751 -0.591572 0.371138
vn -0.204930 -0.345179 0.915890
vn 0.230555 -0.622146 0.748183
vn -0.253485 -0.528395 0.810274
vn 0.230555 -0.622146 0.748183
vn -0.199957 -0.720782 0.663695
vn -0.253485 -0.528395 0.810274
vn -0.199957 -0.720782 0.663695
vn -0.549871 -0.448344 0.704720
vn -0.253485 -0.528395 0.810274
vn -0.070888 -0.288399 0.954883
vn 0.180265 -0.610925 0.770892
vn -0.102868 0.177571 0.978717
vn -0.188685 -0.071529 0.979429
vn -0.871113 -0.299919 0.388859
vn -0.204930 -0.345179 0.915890
vn -0.253485 -0.528395 0.810274
vn -0.199957 -0.720782 0.663695
vn 0.230555 -0.622146 0.748183
vn -0.171299 -0.761606 0.624990
vn -0.171299 -0.761606 0.624990
vn 0.230555 -0.622146 0.748183
vn 0.008798 -0.840975 0.541003
vn 0.230555 -0.622146 0.748183
vn 0.318754 -0.777935 0.541491
vn 0.008798 -0.840975 0.541003
vn 0.008798 -0.840975 0.541003
vn 0.318754 -0.777935 0.541491
vn 0.188452 -0.914076 0.359098
vn 0.318754 -0.777935 0.541491
vn 0.442444 -0.891533 0.097015
vn 0.188452 -0.914076 0.359098
vn -0.629864 -0.386525 -0.673698
vn -0.898135 -0.439720 -0.000588
vn -0.580071 -0.793431 -0.184350
vn -0.500541 -0.755100 -0.423417
vn 0.008798 -0.840975 0.541003
vn -0.182526 -0.840530 0.510092
vn -0.171299 -0.761606 0.624990
vn -0.182526 -0.840530 0.510092
vn -0.336519 -0.780067 0.527494
vn -0.171299 -0.761606 0.624990
vn -0.171299 -0.761606 0.624990
vn -0.336519 -0.780067 0.527494
vn -0.199957 -0.720782 0.663695
vn -0.782163 0.621474 0.044632
vn -0.775228 0.630443 -0.039547
vn -0.954983 0.224662 -0.193738
vn -0.981650 0.110613 0.155335
vn -0.715751 -0.591572 0.371138
vn -0.591905 -0.388658 0.706111
vn -0.199957 -0.720782 0.663695
vn -0.199957 -0.720782 0.663695
vn -0.591905 -0.388658 0.706111
vn -0.549871 -0.448344 0.704720
vn -0.591905 -0.388658 0.706111
vn -0.667155 0.189723 0.720353
vn -0.549871 -0.448344 0.704720
vn -0.667155 0.189723 0.720353
vn -0.788523 0.080446 0.609721
vn -0.549871 -0.448344 0.704720
vn -0.549871 -0.448344 0.704720
vn -0.788523 0.080446 0.609721
vn -0.898987 -0.256721 0.354848
vn -0.788523 0.080446 0.609721
vn -0.814384 0.222849 0.535833
vn -0.898987 -0.256721 0.354848
vn 0.282264 -0.923946 0.258168
vn 0.433725 -0.885829 0.164893
vn 0.177924 -0.984010 0.008209
vn 0.130271 -0.943858 0.303581
vn -0.590384 0.530232 0.608523
vn -0.502290 0.742737 0.442770
vn -0.614216 0.710312 0.343797
vn -0.602530 0.499380 0.622557
vn -0.814384 0.222849 0.535833
vn -0.592339 0.381585 0.709597
vn -0.608241 0.505531 0.611949
vn 0.555443 -0.026149 -0.831143
vn 0.492361 0.038873 -0.869523
vn 0.472435 0.125029 -0.872452
vn 0.538242 -0.079904 -0.838994
vn -0.537712 0.458166 0.707778
vn -0.592339 0.381585 0.709597
vn -0.667155 0.189723 0.720353
vn -0.667155 0.189723 0.720353
vn -0.592339 0.381585 0.709597
vn -0.788523 0.080446 0.609721
vn -0.592339 0.381585 0.709597
vn -0.814384 0.222849 0.535833
vn -0.788523 0.080446 0.609721
vn 0.172125 -0.802830 -0.570821
vn -0.089345 -0.968784 -0.231248
vn 0.034033 -0.999421 -0.000066
vn 0.319557 -0.901671 -0.291329
vn 0.555443 -0.026149 -0.831143
vn 0.557705 0.405323 -0.724347
vn 0.563359 0.351398 -0.747761
vn 0.492361 0.038873 -0.869523
vn -0.954983 0.224662 -0.193738
vn -0.791200 0.503374 -0.347301
vn -0.934472 0.050780 -0.352396
vn -0.096395 -0.991340 0.089181
vn -0.217310 -0.954649 0.203525
vn 0.084081 -0.949139 -0.303424
vn -0.007536 -0.954579 0.297862
vn -0.217068 -0.889502 -0.402080
vn -0.259072 -0.940720 -0.218925
vn -0.322152 -0.912554 -0.251918
vn -0.264419 -0.930203 -0.254570
vn -0.667954 -0.358029 0.652420
vn -0.113922 -0.448656 0.886414
vn -0.173390 -0.299241 0.938291
vn -0.064777 -0.062667 0.995930
vn 0.914082 -0.296017 -0.277177
vn 0.677952 -0.247054 -0.692348
vn 0.084081 -0.949139 -0.303424
vn 0.474572 -0.876930 -0.075995
vn 0.318754 -0.777935 0.541491
vn 0.230555 -0.622146 0.748183
vn -0.204930 -0.345179 0.915890
vn 0.531445 -0.814002 0.234448
vn -0.907634 0.073432 -0.413289
vn -0.462205 0.387249 -0.797750
vn -0.382943 0.187059 -0.904634
vn -0.462205 0.387249 -0.797750
vn -0.171824 -0.150370 -0.973584
vn -0.382943 0.187059 -0.904634
vn -0.382943 0.187059 -0.904634
vn -0.171824 -0.150370 -0.973584
vn -0.168078 -0.095446 -0.981142
vn 0.282264 -0.923946 0.258168
vn 0.107871 -0.971385 0.211603
vn 0.394408 -0.913844 0.096601
vn 0.433725 -0.885829 0.164893
vn 0.942973 0.065529 -0.326355
vn 0.317521 -0.928075 -0.194570
vn 0.662046 -0.733811 0.152369
vn 0.986415 -0.114609 -0.117684
vn 0.825630 -0.479169 -0.297881
vn -0.030544 -0.594433 -0.803565
vn -0.165243 -0.102960 -0.980864
vn -0.030544 -0.594433 -0.803565
vn -0.908345 0.041216 -0.416186
vn -0.165243 -0.102960 -0.980864
vn -0.165243 -0.102960 -0.980864
vn -0.908345 0.041216 -0.416186
vn -0.956820 0.173818 -0.232986
vn -0.908345 0.041216 -0.416186
vn -0.649885 0.306492 0.695495
vn -0.956820 0.173818 -0.232986
vn -0.956820 0.173818 -0.232986
vn -0.649885 0.306492 0.695495
vn -0.615349 -0.024197 0.787883
vn -0.462205 0.387249 -0.797750
vn -0.907634 0.073432 -0.413289
vn -0.831629 0.329877 -0.446738
vn -0.168078 -0.095446 -0.981142
vn -0.165243 -0.102960 -0.980864
vn -0.956820 0.173818 -0.232986
vn -0.791200 0.503374 -0.347301
vn -0.775228 0.630443 -0.039547
vn -0.612144 0.786839 -0.078515
vn -0.542063 0.781210 -0.309643
vn -0.653158 0.291532 0.698852
vn -0.669309 -0.706177 -0.230952
vn 0.157057 -0.625551 0.764212
vn 0.157057 -0.625551 0.764212
vn -0.669309 -0.706177 -0.230952
vn 0.606880 -0.784543 -0.127237
vn -0.669309 -0.706177 -0.230952
vn -0.030544 -0.594433 -0.803565
vn 0.606880 -0.784543 -0.127237
vn 0.606880 -0.784543 -0.127237
vn -0.030544 -0.594433 -0.803565
vn 0.825630 -0.479169 -0.297881
vn -0.669309 -0.706177 -0.230952
vn -0.908345 0.041216 -0.416186
vn -0.030544 -0.594433 -0.803565
vn 0.157057 -0.625551 0.764212
vn 0.172218 0.295715 0.939624
vn -0.653158 0.291532 0.698852
vn -0.653158 0.291532 0.698852
vn 0.172218 0.295715 0.939624
vn -0.649885 0.306492 0.695495
vn -0.908345 0.041216 -0.416186
vn -0.669309 -0.706177 -0.230952
vn -0.653158 0.291532 0.698852
vn -0.649885 0.306492 0.695495
vn -0.615349 -0.024197 0.787883
vn -0.240397 -0.457633 0.856026
vn -0.764271 -0.582352 0.277050
vn -0.240397 -0.457633 0.856026
vn -0.379208 -0.925210 -0.013705
vn -0.764271 -0.582352 0.277050
vn -0.764271 -0.582352 0.277050
vn -0.379208 -0.925210 -0.013705
vn -0.544684 -0.798243 -0.257155
vn -0.502290 0.742737 0.442770
vn -0.461558 0.838139 0.290666
vn -0.598354 0.800915 -0.022550
vn -0.623624 0.765239 0.159697
vn 0.157057 -0.625551 0.764212
vn 0.870019 -0.184214 0.457310
vn 0.172218 0.295715 0.939624
vn 0.172218 0.295715 0.939624
vn 0.870019 -0.184214 0.457310
vn 0.755779 -0.170747 0.632173
vn 0.870019 -0.184214 0.457310
vn 0.606880 -0.784543 -0.127237
vn 0.755779 -0.170747 0.632173
vn 0.606880 -0.784543 -0.127237
vn 0.825630 -0.479169 -0.297881
vn 0.755779 -0.170747 0.632173
vn -0.855270 0.293587 0.426989
vn -0.981650 0.110613 0.155335
vn -0.898987 -0.256721 0.354848
vn -0.814384 0.222849 0.535833
vn 0.766760 -0.641814 -0.012381
vn 0.556046 -0.831119 0.007391
vn 0.622296 -0.705294 -0.339571
vn 0.652895 -0.749188 -0.111558
vn 0.436766 -0.792916 -0.424875
vn 0.825630 -0.479169 -0.297881
vn -0.165243 -0.102960 -0.980864
vn -0.168078 -0.095446 -0.981142
vn -0.710294 -0.551067 0.437960
vn -0.874142 -0.375349 0.308204
vn -0.617652 -0.615682 0.489328
vn -0.443651 -0.866029 0.230581
vn -0.217068 -0.889502 -0.402080
vn -0.379208 -0.925210 -0.013705
vn -0.055044 -0.932759 -0.356273
vn -0.379208 -0.925210 -0.013705
vn -0.240397 -0.457633 0.856026
vn 0.210185 -0.770545 0.601734
vn -0.066545 -0.965691 0.251024
vn 0.652895 -0.749188 -0.111558
vn 0.478005 -0.755650 -0.447777
vn -0.215604 -0.972055 -0.092869
vn 0.157057 -0.625551 0.764212
vn 0.606880 -0.784543 -0.127237
vn 0.870019 -0.184214 0.457310
vn 0.133995 0.482438 0.865620
vn 0.477580 0.561603 0.675662
vn 0.340142 0.665905 0.663983
vn 0.108182 0.603580 0.789929
vn 0.042144 -0.733355 -0.678539
vn -0.171824 -0.150370 -0.973584
vn -0.179055 -0.733409 -0.655783
vn -0.179055 -0.733409 -0.655783
vn -0.171824 -0.150370 -0.973584
vn -0.313427 -0.094432 -0.944905
vn -0.171824 -0.150370 -0.973584
vn -0.462205 0.387249 -0.797750
vn -0.313427 -0.094432 -0.944905
vn -0.313427 -0.094432 -0.944905
vn -0.462205 0.387249 -0.797750
vn -0.264144 0.537437 -0.800868
vn -0.462205 0.387249 -0.797750
vn -0.250520 0.761899 -0.597286
vn -0.264144 0.537437 -0.800868
vn -0.264144 0.537437 -0.800868
vn -0.250520 0.761899 -0.597286
vn 0.008420 0.681928 -0.731371
vn -0.250520 0.761899 -0.597286
vn -0.059827 0.832789 -0.550348
vn 0.008420 0.681928 -0.731371
vn 0.008420 0.681928 -0.731371
vn -0.059827 0.832789 -0.550348
vn 0.147084 0.812011 -0.564804
vn 0.785607 0.617870 -0.032527
vn 0.622717 0.675212 0.395364
vn 0.604853 0.750843 0.265306
vn 0.721857 0.691444 -0.028780
vn -0.059827 0.832789 -0.550348
vn -0.250520 0.761899 -0.597286
vn -0.051220 0.820838 -0.568860
vn -0.962015 -0.271253 -0.030798
vn -0.743875 -0.256070 0.617315
vn -0.979889 -0.122289 0.157681
vn -0.711168 0.005446 -0.703002
vn -0.199974 0.332352 -0.921712
vn 0.008420 0.681928 -0.731371
vn 0.151036 0.454009 -0.878102
vn 0.118187 -0.623963 0.772465
vn 0.572854 0.068741 0.816770
vn 0.596122 -0.169439 0.784812
vn 0.412256 -0.688388 0.596798
vn 0.008420 0.681928 -0.731371
vn 0.147084 0.812011 -0.564804
vn 0.365234 0.697386 -0.616650
vn 0.151036 0.454009 -0.878102
vn -0.501199 0.061796 -0.863123
vn -0.199974 0.332352 -0.921712
vn -0.199974 0.332352 -0.921712
vn -0.501199 0.061796 -0.863123
vn -0.313427 -0.094432 -0.944905
vn 0.688801 0.724539 -0.024430
vn 0.821691 0.569778 0.013284
vn 0.796086 0.515712 -0.316684
vn 0.682208 0.671768 -0.288654
vn -0.313427 -0.094432 -0.944905
vn -0.329761 -0.909750 -0.252216
vn -0.179055 -0.733409 -0.655783
vn -0.329761 -0.909750 -0.252216
vn -0.089345 -0.968784 -0.231248
vn -0.179055 -0.733409 -0.655783
vn -0.089345 -0.968784 -0.231248
vn 0.172125 -0.802830 -0.570821
vn 0.115807 -0.859494 -0.497854
vn 0.172125 -0.802830 -0.570821
vn 0.016155 -0.869545 -0.493589
vn -0.217068 -0.889502 -0.402080
vn -0.217068 -0.889502 -0.402080
vn 0.016155 -0.869545 -0.493589
vn -0.259072 -0.940720 -0.218925
vn -0.884126 -0.212557 0.416102
vn -0.552847 0.340755 0.760425
vn -0.756883 0.307965 0.576442
vn -0.715751 -0.591572 0.371138
vn -0.336130 -0.872603 -0.354374
vn -0.322152 -0.912554 -0.251918
vn -0.259072 -0.940720 -0.218925
vn -0.580071 -0.793431 -0.184350
vn -0.117886 -0.974199 -0.192454
vn -0.270892 -0.938712 0.213159
vn -0.500541 -0.755100 -0.423417
vn -0.322152 -0.912554 -0.251918
vn -0.239089 -0.864422 -0.442279
vn -0.264419 -0.930203 -0.254570
vn 0.016155 -0.869545 -0.493589
vn 0.172125 -0.802830 -0.570821
vn 0.113306 -0.890921 -0.439798
vn 0.113306 -0.890921 -0.439798
vn 0.172125 -0.802830 -0.570821
vn 0.415291 -0.765203 -0.491933
vn 0.415291 -0.765203 -0.491933
vn 0.172125 -0.802830 -0.570821
vn 0.433115 -0.695131 -0.573763
vn 0.433115 -0.695131 -0.573763
vn 0.172125 -0.802830 -0.570821
vn 0.319557 -0.901671 -0.291329
vn 0.914082 -0.296017 -0.277177
vn 0.474572 -0.876930 -0.075995
vn 0.542646 -0.546428 0.637928
vn 0.285083 -0.258968 0.922856
vn -0.191635 0.214114 -0.957826
vn 0.503761 0.094508 -0.858658
vn -0.484485 0.011180 -0.874728
vn -0.711168 0.005446 -0.703002
vn 0.034033 -0.999421 -0.000066
vn -0.089345 -0.968784 -0.231248
vn -0.449371 -0.834434 0.319038
vn -0.449371 -0.834434 0.319038
vn -0.089345 -0.968784 -0.231248
vn -0.333036 -0.882112 0.333116
vn -0.089345 -0.968784 -0.231248
vn -0.329761 -0.909750 -0.252216
vn -0.333036 -0.882112 0.333116
vn -0.333036 -0.882112 0.333116
vn -0.329761 -0.909750 -0.252216
vn -0.705626 -0.635473 0.313474
vn -0.461558 0.838139 0.290666
vn -0.280980 0.778455 0.561300
vn -0.106488 0.835181 0.539567
vn -0.198076 0.972020 0.126269
vn -0.501199 0.061796 -0.863123
vn -0.705626 -0.635473 0.313474
vn -0.329761 -0.909750 -0.252216
vn -0.313427 -0.094432 -0.944905
vn 0.297477 -0.954416 -0.024431
vn 0.045552 -0.990572 -0.129201
vn 0.113306 -0.890921 -0.439798
vn 0.415291 -0.765203 -0.491933
vn -0.357579 -0.633991 0.685706
vn -0.369367 -0.679447 0.633972
vn -0.449371 -0.834434 0.319038
vn -0.449371 -0.834434 0.319038
vn -0.369367 -0.679447 0.633972
vn -0.016433 -0.978513 0.205531
vn -0.369367 -0.679447 0.633972
vn 0.226727 -0.962921 0.146213
vn -0.016433 -0.978513 0.205531
vn -0.016433 -0.978513 0.205531
vn 0.226727 -0.962921 0.146213
vn 0.319557 -0.901671 -0.291329
vn 0.226727 -0.962921 0.146213
vn 0.342555 -0.877495 -0.335647
vn 0.319557 -0.901671 -0.291329
vn 0.319557 -0.901671 -0.291329
vn 0.342555 -0.877495 -0.335647
vn 0.433115 -0.695131 -0.573763
vn -0.449371 -0.834434 0.319038
vn -0.333036 -0.882112 0.333116
vn -0.510102 -0.365576 0.778557
vn 0.342555 -0.877495 -0.335647
vn 0.226727 -0.962921 0.146213
vn -0.098490 -0.904012 0.416007
vn 0.226727 -0.962921 0.146213
vn -0.369367 -0.679447 0.633972
vn -0.098490 -0.904012 0.416007
vn -0.098490 -0.904012 0.416007
vn -0.369367 -0.679447 0.633972
vn -0.264035 -0.708806 0.654125
vn -0.369367 -0.679447 0.633972
vn -0.078215 -0.773766 0.628624
vn -0.264035 -0.708806 0.654125
vn 0.692511 0.712529 -0.112829
vn 0.785607 0.617870 -0.032527
vn 0.728736 0.661576 -0.176808
vn 0.568501 0.675289 -0.469884
vn -0.078215 -0.773766 0.628624
vn -0.357579 -0.633991 0.685706
vn 0.582578 -0.761578 0.283904
vn 0.492766 -0.825559 0.275017
vn 0.348096 -0.929013 -0.125556
vn 0.011585 -0.983632 -0.179819
vn 0.124970 -0.899647 0.418352
vn -0.140276 -0.495898 0.856976
vn -0.079426 -0.319105 0.944385
vn 0.628582 -0.577969 0.520420
vn 0.628582 -0.577969 0.520420
vn -0.079426 -0.319105 0.944385
vn 0.159461 -0.648886 0.743988
vn 0.159461 -0.648886 0.743988
vn -0.079426 -0.319105 0.944385
vn -0.743875 -0.256070 0.617315
vn -0.079426 -0.319105 0.944385
vn -0.521097 -0.183062 0.833635
vn -0.743875 -0.256070 0.617315
vn -0.743875 -0.256070 0.617315
vn -0.521097 -0.183062 0.833635
vn -0.979889 -0.122289 0.157681
vn -0.521097 -0.183062 0.833635
vn -0.705626 -0.635473 0.313474
vn -0.979889 -0.122289 0.157681
vn -0.264144 0.537437 -0.800868
vn 0.008420 0.681928 -0.731371
vn -0.199974 0.332352 -0.921712
vn -0.313427 -0.094432 -0.944905
vn -0.501199 0.061796 -0.863123
vn -0.191635 0.214114 -0.957826
vn -0.711168 0.005446 -0.703002
vn -0.682911 -0.331750 -0.650826
vn 0.064463 0.189984 -0.979669
vn 0.271692 0.138127 -0.952420
vn -0.231589 -0.781254 -0.579663
vn -0.484485 0.011180 -0.874728
vn -0.962015 -0.271253 -0.030798
vn -0.711168 0.005446 -0.703002
vn 0.147026 -0.954560 0.259228
vn 0.556046 -0.831119 0.007391
vn 0.426800 -0.903530 -0.038416
vn 0.115809 -0.980610 0.158088
vn -0.743875 -0.256070 0.617315
vn -0.962015 -0.271253 -0.030798
vn 0.159461 -0.648886 0.743988
vn -0.962015 -0.271253 -0.030798
vn -0.803732 -0.592291 -0.056618
vn 0.159461 -0.648886 0.743988
vn -0.217068 -0.889502 -0.402080
vn -0.264419 -0.930203 -0.254570
vn -0.544684 -0.798243 -0.257155
vn -0.379208 -0.925210 -0.013705
vn 0.798743 -0.599498 -0.051113
vn 0.922035 -0.386314 0.024769
vn 0.159461 -0.648886 0.743988
vn 0.159461 -0.648886 0.743988
vn 0.922035 -0.386314 0.024769
vn 0.628582 -0.577969 0.520420
vn 0.922035 -0.386314 0.024769
vn 0.925642 -0.339468 -0.167179
vn 0.628582 -0.577969 0.520420
vn 0.628582 -0.577969 0.520420
vn 0.925642 -0.339468 -0.167179
vn 0.582578 -0.761578 0.283904
vn -0.369367 -0.679447 0.633972
vn -0.357579 -0.633991 0.685706
vn -0.078215 -0.773766 0.628624
vn 0.151036 0.454009 -0.878102
vn -0.191635 0.214114 -0.957826
vn -0.501199 0.061796 -0.863123
vn -0.962015 -0.271253 -0.030798
vn -0.484485 0.011180 -0.874728
vn -0.803732 -0.592291 -0.056618
vn -0.484485 0.011180 -0.874728
vn 0.065005 -0.426615 -0.902094
vn -0.803732 -0.592291 -0.056618
vn 0.065005 -0.426615 -0.902094
vn 0.656216 -0.218951 -0.722109
vn 0.798743 -0.599498 -0.051113
vn 0.798743 -0.599498 -0.051113
vn 0.656216 -0.218951 -0.722109
vn 0.922035 -0.386314 0.024769
vn 0.656216 -0.218951 -0.722109
vn 0.883246 -0.165479 -0.438741
vn 0.922035 -0.386314 0.024769
vn 0.922035 -0.386314 0.024769
vn 0.883246 -0.165479 -0.438741
vn 0.925642 -0.339468 -0.167179
vn 0.758946 0.269278 -0.592866
vn 0.765341 0.451960 -0.458242
vn 0.908279 0.362497 -0.208867
vn 0.986415 -0.114609 -0.117684
vn 0.812397 -0.032039 -0.582224
vn 0.729917 -0.512551 -0.452231
vn 0.925642 -0.339468 -0.167179
vn 0.638219 -0.762581 -0.105579
vn 0.766760 -0.641814 -0.012381
vn 0.652895 -0.749188 -0.111558
vn 0.548356 -0.836230 0.005088
vn 0.177924 -0.984010 0.008209
vn 0.045552 -0.990572 -0.129201
vn 0.203920 -0.968814 0.140769
vn 0.130271 -0.943858 0.303581
vn -0.037094 -0.745851 0.665080
vn 0.200738 -0.732433 0.650574
vn -0.521120 -0.466241 0.714880
vn -0.716104 -0.546725 0.433920
vn -0.098490 -0.904012 0.416007
vn -0.443651 -0.866029 0.230581
vn 0.342555 -0.877495 -0.335647
vn 0.821691 0.569778 0.013284
vn 0.688801 0.724539 -0.024430
vn 0.632041 0.634577 0.444787
vn 0.744426 0.486747 0.457064
vn -0.215604 -0.972055 -0.092869
vn -0.443651 -0.866029 0.230581
vn -0.617652 -0.615682 0.489328
vn -0.576521 0.512798 0.636130
vn -0.430901 0.611917 0.663236
vn -0.590384 0.530232 0.608523
vn -0.643468 0.481855 0.594781
vn -0.874142 -0.375349 0.308204
vn -0.710294 -0.551067 0.437960
vn -0.670345 -0.511312 -0.537771
vn -0.670345 -0.511312 -0.537771
vn 0.304554 -0.927382 -0.217278
vn 0.225387 -0.384574 -0.895156
vn 0.304554 -0.927382 -0.217278
vn 0.729917 -0.512551 -0.452231
vn 0.225387 -0.384574 -0.895156
vn 0.721857 0.691444 -0.028780
vn 0.688801 0.724539 -0.024430
vn 0.682208 0.671768 -0.288654
vn 0.783735 0.602743 -0.149869
vn 0.812397 -0.032039 -0.582224
vn 0.534286 0.487822 -0.690340
vn 0.535467 0.026940 -0.844126
vn 0.582578 -0.761578 0.283904
vn 0.304554 -0.927382 -0.217278
vn -0.264035 -0.708806 0.654125
vn -0.078215 -0.773766 0.628624
vn -0.384389 -0.811631 0.439886
vn 0.180265 -0.610925 0.770892
vn 0.474572 -0.876930 -0.075995
vn -0.217310 -0.954649 0.203525
vn 0.225387 -0.384574 -0.895156
vn 0.538242 -0.079904 -0.838994
vn 0.217686 0.007196 -0.975992
vn 0.538242 -0.079904 -0.838994
vn 0.472435 0.125029 -0.872452
vn 0.217686 0.007196 -0.975992
vn 0.472435 0.125029 -0.872452
vn 0.064463 0.189984 -0.979669
vn 0.217686 0.007196 -0.975992
vn 0.064463 0.189984 -0.979669
vn -0.682911 -0.331750 -0.650826
vn 0.217686 0.007196 -0.975992
vn 0.217686 0.007196 -0.975992
vn -0.682911 -0.331750 -0.650826
vn -0.670345 -0.511312 -0.537771
vn -0.670345 -0.511312 -0.537771
vn -0.682911 -0.331750 -0.650826
vn -0.874142 -0.375349 0.308204
vn -0.682911 -0.331750 -0.650826
vn -0.716104 -0.546725 0.433920
vn -0.874142 -0.375349 0.308204
vn -0.874142 -0.375349 0.308204
vn -0.716104 -0.546725 0.433920
vn -0.521120 -0.466241 0.714880
vn 0.300836 0.317285 -0.899349
vn 0.563359 0.351398 -0.747761
vn 0.543365 0.495163 -0.677915
vn 0.765341 0.451960 -0.458242
vn 0.147026 -0.954560 0.259228
vn 0.130271 -0.943858 0.303581
vn 0.203920 -0.968814 0.140769
vn 0.297477 -0.954416 -0.024431
vn -0.172392 0.198742 0.964771
vn 0.133995 0.482438 0.865620
vn -0.102868 0.177571 0.978717
vn -0.278001 -0.331817 0.901450
vn 0.271692 0.138127 -0.952420
vn 0.870762 -0.326707 -0.367472
vn -0.231589 -0.781254 -0.579663
vn -0.007536 -0.954579 0.297862
vn -0.112323 -0.988953 0.096721
vn -0.182526 -0.840530 0.510092
vn 0.215406 -0.917404 0.334619
vn 0.870762 -0.326707 -0.367472
vn 0.845453 0.140091 -0.515348
vn 0.797617 -0.439949 0.412616
vn 0.845453 0.140091 -0.515348
vn 0.807712 -0.448180 0.383060
vn 0.797617 -0.439949 0.412616
vn 0.797617 -0.439949 0.412616
vn 0.807712 -0.448180 0.383060
vn -0.037094 -0.745851 0.665080
vn 0.807712 -0.448180 0.383060
vn 0.200738 -0.732433 0.650574
vn -0.037094 -0.745851 0.665080
vn 0.217686 0.007196 -0.975992
vn -0.670345 -0.511312 -0.537771
vn 0.225387 -0.384574 -0.895156
vn -0.738955 -0.659701 -0.136895
vn -0.923328 -0.366435 -0.114851
vn -0.887420 -0.341207 -0.309940
vn -0.709075 -0.656205 -0.258084
vn -0.521120 -0.466241 0.714880
vn -0.617652 -0.615682 0.489328
vn -0.874142 -0.375349 0.308204
vn 0.064463 0.189984 -0.979669
vn 0.170371 0.333342 -0.927285
vn 0.271692 0.138127 -0.952420
vn 0.271692 0.138127 -0.952420
vn 0.170371 0.333342 -0.927285
vn 0.845453 0.140091 -0.515348
vn 0.170371 0.333342 -0.927285
vn 0.586140 -0.015068 -0.810070
vn 0.845453 0.140091 -0.515348
vn -0.240397 -0.457633 0.856026
vn 0.172218 0.295715 0.939624
vn 0.755779 -0.170747 0.632173
vn 0.210185 -0.770545 0.601734
vn 0.808637 -0.587763 -0.025290
vn 0.200738 -0.732433 0.650574
vn 0.807712 -0.448180 0.383060
vn 0.271692 0.138127 -0.952420
vn 0.845453 0.140091 -0.515348
vn 0.870762 -0.326707 -0.367472
vn 0.064463 0.189984 -0.979669
vn 0.472435 0.125029 -0.872452
vn 0.170371 0.333342 -0.927285
vn 0.170371 0.333342 -0.927285
vn 0.472435 0.125029 -0.872452
vn 0.291590 0.214493 -0.932185
vn 0.472435 0.125029 -0.872452
vn 0.492361 0.038873 -0.869523
vn 0.291590 0.214493 -0.932185
vn 0.492361 0.038873 -0.869523
vn 0.300836 0.317285 -0.899349
vn 0.291590 0.214493 -0.932185
vn 0.291590 0.214493 -0.932185
vn 0.300836 0.317285 -0.899349
vn 0.170371 0.333342 -0.927285
vn 0.170371 0.333342 -0.927285
vn 0.300836 0.317285 -0.899349
vn 0.586140 -0.015068 -0.810070
vn 0.300836 0.317285 -0.899349
vn 0.763941 -0.096364 -0.638051
vn 0.586140 -0.015068 -0.810070
vn 0.586140 -0.015068 -0.810070
vn 0.763941 -0.096364 -0.638051
vn 0.798880 -0.472452 -0.372262
vn 0.763941 -0.096364 -0.638051
vn 0.837436 -0.546445 -0.009903
vn 0.798880 -0.472452 -0.372262
vn 0.798880 -0.472452 -0.372262
vn 0.837436 -0.546445 -0.009903
vn 0.808637 -0.587763 -0.025290
vn 0.837436 -0.546445 -0.009903
vn 0.200738 -0.732433 0.650574
vn 0.808637 -0.587763 -0.025290
vn 0.798880 -0.472452 -0.372262
vn 0.808637 -0.587763 -0.025290
vn 0.586140 -0.015068 -0.810070
vn -0.064088 0.703742 -0.707560
vn 0.186506 0.613027 -0.767733
vn 0.088382 0.644085 -0.759831
vn -0.068584 0.661389 -0.746901
vn -0.055044 -0.932759 -0.356273
vn -0.379208 -0.925210 -0.013705
vn 0.210185 -0.770545 0.601734
vn 0.436766 -0.792916 -0.424875
vn 0.765341 0.451960 -0.458242
vn 0.758946 0.269278 -0.592866
vn 0.300836 0.317285 -0.899349
vn 0.758946 0.269278 -0.592866
vn 0.763941 -0.096364 -0.638051
vn 0.300836 0.317285 -0.899349
vn 0.837436 -0.546445 -0.009903
vn 0.986415 -0.114609 -0.117684
vn 0.662046 -0.733811 0.152369
vn -0.239089 -0.864422 -0.442279
vn -0.439691 -0.653363 -0.616270
vn -0.596970 -0.788556 -0.147667
vn -0.264419 -0.930203 -0.254570
vn 0.986415 -0.114609 -0.117684
vn 0.908279 0.362497 -0.208867
vn 0.942973 0.065529 -0.326355
vn 0.837436 -0.546445 -0.009903
vn 0.662046 -0.733811 0.152369
vn 0.200738 -0.732433 0.650574
vn 0.662046 -0.733811 0.152369
vn -0.366798 -0.787906 0.494635
vn 0.200738 -0.732433 0.650574
vn -0.140276 -0.495898 0.856976
vn -0.357579 -0.633991 0.685706
vn -0.449371 -0.834434 0.319038
vn -0.510102 -0.365576 0.778557
vn -0.366798 -0.787906 0.494635
vn -0.066545 -0.965691 0.251024
vn -0.617652 -0.615682 0.489328
vn -0.617652 -0.615682 0.489328
vn -0.066545 -0.965691 0.251024
vn -0.215604 -0.972055 -0.092869
vn 0.744426 0.486747 0.457064
vn 0.572854 0.068741 0.816770
vn 0.608777 -0.189514 0.770374
vn 0.950486 0.183712 0.250653
vn 0.147084 0.812011 -0.564804
vn 0.169008 0.785363 -0.595517
vn 0.373208 0.717963 -0.587576
vn 0.365234 0.697386 -0.616650
vn 0.415291 -0.765203 -0.491933
vn 0.478005 -0.755650 -0.447777
vn 0.622296 -0.705294 -0.339571
vn 0.622296 -0.705294 -0.339571
vn 0.478005 -0.755650 -0.447777
vn 0.652895 -0.749188 -0.111558
vn 0.317521 -0.928075 -0.194570
vn 0.836414 0.038298 -0.546759
vn 0.889999 0.142159 -0.433236
vn 0.127536 -0.404982 -0.905386
vn -0.634317 0.762281 0.128723
vn -0.623624 0.765239 0.159697
vn -0.595481 0.789722 -0.147449
vn -0.612144 0.786839 -0.078515
vn -0.270892 -0.938712 0.213159
vn -0.366798 -0.787906 0.494635
vn -0.322212 -0.713190 0.622526
vn -0.366798 -0.787906 0.494635
vn -0.356089 -0.889441 0.286522
vn -0.322212 -0.713190 0.622526
vn 0.083103 0.755853 0.649446
vn 0.246872 0.787859 0.564210
vn -0.106488 0.835181 0.539567
vn -0.280980 0.778455 0.561300
vn -0.356089 -0.889441 0.286522
vn -0.366798 -0.787906 0.494635
vn 0.662046 -0.733811 0.152369
vn -0.322212 -0.713190 0.622526
vn 0.317521 -0.928075 -0.194570
vn -0.270892 -0.938712 0.213159
vn 0.317521 -0.928075 -0.194570
vn -0.500541 -0.755100 -0.423417
vn -0.270892 -0.938712 0.213159
vn -0.521097 -0.183062 0.833635
vn -0.510102 -0.365576 0.778557
vn -0.333036 -0.882112 0.333116
vn -0.705626 -0.635473 0.313474
vn 0.766760 -0.641814 -0.012381
vn 0.638219 -0.762581 -0.105579
vn 0.426800 -0.903530 -0.038416
vn 0.556046 -0.831119 0.007391
vn -0.629864 -0.386525 -0.673698
vn -0.500541 -0.755100 -0.423417
vn 0.127536 -0.404982 -0.905386
vn -0.500541 -0.755100 -0.423417
vn 0.317521 -0.928075 -0.194570
vn 0.127536 -0.404982 -0.905386
vn 0.557705 0.405323 -0.724347
vn 0.459614 0.672478 -0.580111
vn 0.407789 0.605034 -0.683843
vn 0.563359 0.351398 -0.747761
vn 0.140994 -0.973487 0.180119
vn 0.309147 -0.931101 -0.193593
vn 0.548356 -0.836230 0.005088
vn 0.309147 -0.931101 -0.193593
vn 0.638219 -0.762581 -0.105579
vn 0.548356 -0.836230 0.005088
vn 0.297477 -0.954416 -0.024431
vn 0.415291 -0.765203 -0.491933
vn 0.622296 -0.705294 -0.339571
vn 0.556046 -0.831119 0.007391
vn 0.726397 0.225173 0.649341
vn 0.880790 0.245306 0.405011
vn 0.907253 -0.386092 0.166811
vn 0.722833 -0.411943 0.554811
vn 0.169148 0.261443 0.950282
vn 0.304554 0.431209 0.849297
vn -0.172392 0.198742 0.964771
vn -0.476151 -0.196286 0.857177
vn 0.457173 -0.887902 -0.051216
vn 0.482526 -0.718216 -0.501333
vn -0.035748 -0.909342 -0.414510
vn 0.032073 -0.996337 -0.079266
vn 0.113306 -0.890921 -0.439798
vn 0.045552 -0.990572 -0.129201
vn -0.336130 -0.872603 -0.354374
vn 0.045552 -0.990572 -0.129201
vn -0.312888 -0.868455 -0.384561
vn -0.336130 -0.872603 -0.354374
vn 0.622717 0.675212 0.395364
vn 0.378991 0.726781 0.572848
vn 0.482156 0.652576 0.584526
vn 0.604853 0.750843 0.265306
vn -0.312888 -0.868455 -0.384561
vn 0.177924 -0.984010 0.008209
vn 0.098407 -0.832424 -0.545331
vn 0.098407 -0.832424 -0.545331
vn 0.177924 -0.984010 0.008209
vn 0.442444 -0.891533 0.097015
vn 0.233284 0.600225 -0.765055
vn 0.088382 0.644085 -0.759831
vn 0.186506 0.613027 -0.767733
vn 0.365176 0.573723 -0.733136
vn -0.280980 0.778455 0.561300
vn -0.430901 0.611917 0.663236
vn -0.101951 0.696950 0.709835
vn 0.083103 0.755853 0.649446
vn 0.534286 0.487822 -0.690340
vn 0.557705 0.405323 -0.724347
vn 0.555443 -0.026149 -0.831143
vn 0.535467 0.026940 -0.844126
vn 0.107871 -0.971385 0.211603
vn 0.282264 -0.923946 0.258168
vn 0.130271 -0.943858 0.303581
vn -0.549871 -0.448344 0.704720
vn -0.898987 -0.256721 0.354848
vn -0.871113 -0.299919 0.388859
vn -0.253485 -0.528395 0.810274
vn 0.942973 0.065529 -0.326355
vn 0.717484 0.566277 -0.405645
vn 0.796086 0.515712 -0.316684
vn 0.836414 0.038298 -0.546759
vn 0.045552 -0.990572 -0.129201
vn 0.297477 -0.954416 -0.024431
vn 0.203920 -0.968814 0.140769
vn 0.492589 0.567355 0.659898
vn 0.304554 0.431209 0.849297
vn 0.814808 0.398059 0.421471
vn 0.880790 0.245306 0.405011
vn 0.130271 -0.943858 0.303581
vn 0.147026 -0.954560 0.259228
vn 0.107871 -0.971385 0.211603
vn 0.147026 -0.954560 0.259228
vn 0.115809 -0.980610 0.158088
vn 0.107871 -0.971385 0.211603
vn 0.107871 -0.971385 0.211603
vn 0.115809 -0.980610 0.158088
vn 0.183231 -0.972541 0.143491
vn 0.169008 0.785363 -0.595517
vn 0.088382 0.644085 -0.759831
vn 0.233284 0.600225 -0.765055
vn 0.373208 0.717963 -0.587576
vn -0.096395 -0.991340 0.089181
vn -0.007536 -0.954579 0.297862
vn 0.183231 -0.972541 0.143491
vn 0.183231 -0.972541 0.143491
vn -0.007536 -0.954579 0.297862
vn 0.215406 -0.917404 0.334619
vn 0.177924 -0.984010 0.008209
vn 0.433725 -0.885829 0.164893
vn 0.188452 -0.914076 0.359098
vn 0.442444 -0.891533 0.097015
vn 0.215406 -0.917404 0.334619
vn 0.394408 -0.913844 0.096601
vn 0.183231 -0.972541 0.143491
vn 0.394408 -0.913844 0.096601
vn 0.107871 -0.971385 0.211603
vn 0.183231 -0.972541 0.143491
vn -0.312888 -0.868455 -0.384561
vn 0.045552 -0.990572 -0.129201
vn 0.177924 -0.984010 0.008209
vn -0.066545 -0.965691 0.251024
vn -0.366798 -0.787906 0.494635
vn -0.270892 -0.938712 0.213159
vn 0.140994 -0.973487 0.180119
vn -0.715751 -0.591572 0.371138
vn -0.325922 -0.927364 0.183769
vn -0.486644 -0.676941 -0.552204
vn -0.325922 -0.927364 0.183769
vn -0.112323 -0.988953 0.096721
vn -0.486644 -0.676941 -0.552204
vn -0.486644 -0.676941 -0.552204
vn -0.112323 -0.988953 0.096721
vn 0.004593 -0.762568 -0.646892
vn 0.004593 -0.762568 -0.646892
vn -0.112323 -0.988953 0.096721
vn 0.084081 -0.949139 -0.303424
vn -0.112323 -0.988953 0.096721
vn -0.007536 -0.954579 0.297862
vn 0.084081 -0.949139 -0.303424
vn -0.682911 -0.331750 -0.650826
vn -0.231589 -0.781254 -0.579663
vn -0.037094 -0.745851 0.665080
vn -0.716104 -0.546725 0.433920
vn 0.323968 -0.173764 -0.929974
vn 0.986133 0.052773 -0.157343
vn 0.915871 -0.377901 -0.135537
vn -0.295083 -0.565947 -0.769825
vn -0.326006 -0.943208 0.063865
vn 0.032073 -0.996337 -0.079266
vn -0.035748 -0.909342 -0.414510
vn -0.239089 -0.864422 -0.442279
vn -0.312888 -0.868455 -0.384561
vn 0.098407 -0.832424 -0.545331
vn -0.439691 -0.653363 -0.616270
vn 0.692511 0.712529 -0.112829
vn 0.397626 0.755945 -0.520039
vn 0.098082 0.954785 -0.280651
vn 0.317159 0.925576 0.206688
vn -0.112323 -0.988953 0.096721
vn -0.325922 -0.927364 0.183769
vn -0.336519 -0.780067 0.527494
vn -0.182526 -0.840530 0.510092
vn 0.147026 -0.954560 0.259228
vn 0.297477 -0.954416 -0.024431
vn 0.556046 -0.831119 0.007391
vn 0.246872 0.787859 0.564210
vn 0.083103 0.755853 0.649446
vn 0.378991 0.726781 0.572848
vn 0.622717 0.675212 0.395364
vn 0.426800 -0.903530 -0.038416
vn 0.638219 -0.762581 -0.105579
vn 0.408746 -0.862970 -0.297000
vn 0.638219 -0.762581 -0.105579
vn 0.309147 -0.931101 -0.193593
vn 0.408746 -0.862970 -0.297000
vn 0.870762 -0.326707 -0.367472
vn 0.797617 -0.439949 0.412616
vn -0.037094 -0.745851 0.665080
vn -0.231589 -0.781254 -0.579663
vn 0.309147 -0.931101 -0.193593
vn -0.117886 -0.974199 -0.192454
vn 0.011585 -0.983632 -0.179819
vn -0.117886 -0.974199 -0.192454
vn -0.580071 -0.793431 -0.184350
vn 0.011585 -0.983632 -0.179819
vn 0.011585 -0.983632 -0.179819
vn -0.580071 -0.793431 -0.184350
vn -0.490585 -0.799376 0.346879
vn -0.580071 -0.793431 -0.184350
vn -0.898135 -0.439720 -0.000588
vn -0.490585 -0.799376 0.346879
vn -0.490585 -0.799376 0.346879
vn -0.898135 -0.439720 -0.000588
vn -0.744774 -0.469129 0.474583
vn -0.898135 -0.439720 -0.000588
vn -0.902225 -0.383213 -0.197833
vn -0.744774 -0.469129 0.474583
vn -0.744774 -0.469129 0.474583
vn -0.902225 -0.383213 -0.197833
vn -0.685812 -0.689258 0.233635
vn -0.685812 -0.689258 0.233635
vn -0.902225 -0.383213 -0.197833
vn -0.295083 -0.565947 -0.769825
vn -0.902225 -0.383213 -0.197833
vn -0.629864 -0.386525 -0.673698
vn -0.295083 -0.565947 -0.769825
vn -0.295083 -0.565947 -0.769825
vn -0.629864 -0.386525 -0.673698
vn 0.323968 -0.173764 -0.929974
vn -0.629864 -0.386525 -0.673698
vn 0.127536 -0.404982 -0.905386
vn 0.323968 -0.173764 -0.929974
vn -0.629864 -0.386525 -0.673698
vn -0.902225 -0.383213 -0.197833
vn -0.898135 -0.439720 -0.000588
vn 0.408746 -0.862970 -0.297000
vn 0.348096 -0.929013 -0.125556
vn 0.426800 -0.903530 -0.038416
vn 0.348096 -0.929013 -0.125556
vn 0.457173 -0.887902 -0.051216
vn 0.426800 -0.903530 -0.038416
vn -0.907634 0.073432 -0.413289
vn -0.764271 -0.582352 0.277050
vn -0.926582 -0.298578 -0.228685
vn -0.831629 0.329877 -0.446738
vn 0.685875 0.643711 -0.339428
vn 0.728736 0.661576 -0.176808
vn 0.785607 0.617870 -0.032527
vn 0.783735 0.602743 -0.149869
vn 0.478005 -0.755650 -0.447777
vn 0.415291 -0.765203 -0.491933
vn 0.433115 -0.695131 -0.573763
vn 0.342555 -0.877495 -0.335647
vn -0.710294 -0.551067 0.437960
vn -0.443651 -0.866029 0.230581
vn -0.098490 -0.904012 0.416007
vn -0.264035 -0.708806 0.654125
vn -0.123618 -0.393339 0.911045
vn 0.400390 -0.446383 0.800269
vn 0.699373 -0.109690 0.706290
vn 0.699373 -0.109690 0.706290
vn 0.400390 -0.446383 0.800269
vn 0.945418 0.004094 0.325835
vn 0.400390 -0.446383 0.800269
vn 0.915871 -0.377901 -0.135537
vn 0.945418 0.004094 0.325835
vn 0.945418 0.004094 0.325835
vn 0.915871 -0.377901 -0.135537
vn 0.986133 0.052773 -0.157343
vn 0.986133 0.052773 -0.157343
vn 0.323968 -0.173764 -0.929974
vn 0.775016 -0.016157 -0.631735
vn 0.323968 -0.173764 -0.929974
vn 0.127536 -0.404982 -0.905386
vn 0.775016 -0.016157 -0.631735
vn 0.775016 -0.016157 -0.631735
vn 0.127536 -0.404982 -0.905386
vn 0.889999 0.142159 -0.433236
vn -0.507800 -0.499881 -0.701611
vn 0.015766 -0.601615 -0.798631
vn 0.531445 -0.814002 0.234448
vn -0.437474 -0.847710 0.300008
vn 0.317521 -0.928075 -0.194570
vn 0.942973 0.065529 -0.326355
vn 0.836414 0.038298 -0.546759
vn 0.908279 0.362497 -0.208867
vn 0.765341 0.451960 -0.458242
vn 0.753550 0.555479 -0.351576
vn 0.760610 0.592770 -0.264759
vn 0.400390 -0.446383 0.800269
vn -0.123618 -0.393339 0.911045
vn -0.744774 -0.469129 0.474583
vn -0.685812 -0.689258 0.233635
vn 0.717484 0.566277 -0.405645
vn 0.908279 0.362497 -0.208867
vn 0.760610 0.592770 -0.264759
vn 0.365176 0.573723 -0.733136
vn 0.186506 0.613027 -0.767733
vn 0.568501 0.675289 -0.469884
vn 0.685875 0.643711 -0.339428
vn 0.753550 0.555479 -0.351576
vn 0.765341 0.451960 -0.458242
vn 0.543365 0.495163 -0.677915
vn -0.501199 0.061796 -0.863123
vn -0.711168 0.005446 -0.703002
vn -0.979889 -0.122289 0.157681
vn -0.705626 -0.635473 0.313474
vn 0.300836 0.317285 -0.899349
vn 0.492361 0.038873 -0.869523
vn 0.563359 0.351398 -0.747761
vn 0.692511 0.712529 -0.112829
vn 0.588684 0.739382 0.326750
vn 0.622717 0.675212 0.395364
vn 0.785607 0.617870 -0.032527
vn 0.699373 -0.109690 0.706290
vn 0.945418 0.004094 0.325835
vn 0.986133 0.052773 -0.157343
vn 0.986133 0.052773 -0.157343
vn 0.775016 -0.016157 -0.631735
vn 0.889999 0.142159 -0.433236
vn 0.889999 0.142159 -0.433236
vn 0.836414 0.038298 -0.546759
vn 0.796086 0.515712 -0.316684
vn 0.908279 0.362497 -0.208867
vn 0.717484 0.566277 -0.405645
vn 0.942973 0.065529 -0.326355
vn -0.542063 0.781210 -0.309643
vn -0.612144 0.786839 -0.078515
vn -0.595481 0.789722 -0.147449
vn -0.399252 0.809158 -0.431116
vn 0.407789 0.605034 -0.683843
vn 0.543365 0.495163 -0.677915
vn 0.563359 0.351398 -0.747761
vn 0.557705 0.405323 -0.724347
vn 0.534286 0.487822 -0.690340
vn 0.459614 0.672478 -0.580111
vn 0.459614 0.672478 -0.580111
vn 0.534286 0.487822 -0.690340
vn 0.373208 0.717963 -0.587576
vn 0.534286 0.487822 -0.690340
vn 0.365234 0.697386 -0.616650
vn 0.373208 0.717963 -0.587576
vn -0.803732 -0.592291 -0.056618
vn 0.065005 -0.426615 -0.902094
vn 0.798743 -0.599498 -0.051113
vn 0.159461 -0.648886 0.743988
vn 0.373208 0.717963 -0.587576
vn 0.407789 0.605034 -0.683843
vn 0.459614 0.672478 -0.580111
vn 0.534286 0.487822 -0.690340
vn 0.503761 0.094508 -0.858658
vn 0.151036 0.454009 -0.878102
vn 0.151036 0.454009 -0.878102
vn 0.503761 0.094508 -0.858658
vn -0.191635 0.214114 -0.957826
vn 0.534286 0.487822 -0.690340
vn 0.812397 -0.032039 -0.582224
vn 0.503761 0.094508 -0.858658
vn 0.883246 -0.165479 -0.438741
vn 0.656216 -0.218951 -0.722109
vn 0.503761 0.094508 -0.858658
vn 0.503761 0.094508 -0.858658
vn 0.656216 -0.218951 -0.722109
vn 0.081754 -0.042329 -0.995753
vn 0.656216 -0.218951 -0.722109
vn 0.065005 -0.426615 -0.902094
vn 0.081754 -0.042329 -0.995753
vn 0.065005 -0.426615 -0.902094
vn -0.484485 0.011180 -0.874728
vn 0.081754 -0.042329 -0.995753
vn 0.081754 -0.042329 -0.995753
vn -0.484485 0.011180 -0.874728
vn 0.503761 0.094508 -0.858658
vn 0.365234 0.697386 -0.616650
vn 0.534286 0.487822 -0.690340
vn 0.151036 0.454009 -0.878102
vn 0.008420 0.681928 -0.731371
vn 0.373208 0.717963 -0.587576
vn 0.233284 0.600225 -0.765055
vn 0.407789 0.605034 -0.683843
vn 0.233284 0.600225 -0.765055
vn 0.365176 0.573723 -0.733136
vn 0.407789 0.605034 -0.683843
vn 0.407789 0.605034 -0.683843
vn 0.365176 0.573723 -0.733136
vn 0.543365 0.495163 -0.677915
vn 0.543365 0.495163 -0.677915
vn 0.365176 0.573723 -0.733136
vn 0.753550 0.555479 -0.351576
vn 0.365176 0.573723 -0.733136
vn 0.685875 0.643711 -0.339428
vn 0.753550 0.555479 -0.351576
vn -0.066545 -0.965691 0.251024
vn 0.140994 -0.973487 0.180119
vn 0.548356 -0.836230 0.005088
vn 0.652895 -0.749188 -0.111558
vn 0.760610 0.592770 -0.264759
vn 0.783735 0.602743 -0.149869
vn 0.682208 0.671768 -0.288654
vn 0.763941 -0.096364 -0.638051
vn 0.758946 0.269278 -0.592866
vn 0.986415 -0.114609 -0.117684
vn 0.837436 -0.546445 -0.009903
vn -0.172392 0.198742 0.964771
vn 0.304554 0.431209 0.849297
vn 0.492589 0.567355 0.659898
vn 0.133995 0.482438 0.865620
vn 0.783735 0.602743 -0.149869
vn 0.760610 0.592770 -0.264759
vn 0.753550 0.555479 -0.351576
vn 0.685875 0.643711 -0.339428
vn 0.821691 0.569778 0.013284
vn 0.744426 0.486747 0.457064
vn 0.950486 0.183712 0.250653
vn -0.382943 0.187059 -0.904634
vn -0.168078 -0.095446 -0.981142
vn -0.956820 0.173818 -0.232986
vn -0.907634 0.073432 -0.413289
vn 0.608777 -0.189514 0.770374
vn 0.699373 -0.109690 0.706290
vn 0.950486 0.183712 0.250653
vn 0.699373 -0.109690 0.706290
vn 0.986133 0.052773 -0.157343
vn 0.950486 0.183712 0.250653
vn 0.986133 0.052773 -0.157343
vn 0.889999 0.142159 -0.433236
vn 0.950486 0.183712 0.250653
vn -0.123618 -0.393339 0.911045
vn 0.118187 -0.623963 0.772465
vn -0.490585 -0.799376 0.346879
vn -0.744774 -0.469129 0.474583
vn -0.923328 -0.366435 -0.114851
vn -0.954983 0.224662 -0.193738
vn -0.934472 0.050780 -0.352396
vn -0.887420 -0.341207 -0.309940
vn -0.250520 0.761899 -0.597286
vn -0.504517 0.724010 -0.470396
vn -0.399252 0.809158 -0.431116
vn -0.191372 0.748149 -0.635334
vn 0.721857 0.691444 -0.028780
vn 0.783735 0.602743 -0.149869
vn 0.785607 0.617870 -0.032527
vn 0.808637 -0.587763 -0.025290
vn 0.807712 -0.448180 0.383060
vn 0.845453 0.140091 -0.515348
vn 0.586140 -0.015068 -0.810070
vn 0.728736 0.661576 -0.176808
vn 0.685875 0.643711 -0.339428
vn 0.568501 0.675289 -0.469884
vn 0.555443 -0.026149 -0.831143
vn 0.538242 -0.079904 -0.838994
vn 0.225387 -0.384574 -0.895156
vn 0.535467 0.026940 -0.844126
vn 0.169008 0.785363 -0.595517
vn -0.051220 0.820838 -0.568860
vn -0.068584 0.661389 -0.746901
vn 0.088382 0.644085 -0.759831
vn 0.304554 -0.927382 -0.217278
vn -0.670345 -0.511312 -0.537771
vn -0.710294 -0.551067 0.437960
vn -0.264035 -0.708806 0.654125
vn -0.068584 0.661389 -0.746901
vn -0.051220 0.820838 -0.568860
vn -0.191372 0.748149 -0.635334
vn -0.051220 0.820838 -0.568860
vn -0.250520 0.761899 -0.597286
vn -0.191372 0.748149 -0.635334
vn -0.191372 0.748149 -0.635334
vn -0.064088 0.703742 -0.707560
vn -0.068584 0.661389 -0.746901
vn -0.592339 0.381585 0.709597
vn -0.537712 0.458166 0.707778
vn -0.574553 0.608709 0.547140
vn -0.608241 0.505531 0.611949
vn 0.950486 0.183712 0.250653
vn 0.889999 0.142159 -0.433236
vn 0.796086 0.515712 -0.316684
vn 0.821691 0.569778 0.013284
vn 0.397626 0.755945 -0.520039
vn 0.692511 0.712529 -0.112829
vn 0.568501 0.675289 -0.469884
vn 0.172218 0.295715 0.939624
vn -0.240397 -0.457633 0.856026
vn -0.615349 -0.024197 0.787883
vn -0.649885 0.306492 0.695495
vn -0.117886 -0.974199 -0.192454
vn 0.309147 -0.931101 -0.193593
vn 0.140994 -0.973487 0.180119
vn -0.270892 -0.938712 0.213159
vn -0.544684 -0.798243 -0.257155
vn -0.264419 -0.930203 -0.254570
vn -0.596970 -0.788556 -0.147667
vn -0.709075 -0.656205 -0.258084
vn 0.604853 0.750843 0.265306
vn 0.482156 0.652576 0.584526
vn 0.632041 0.634577 0.444787
vn -0.462205 0.387249 -0.797750
vn -0.831629 0.329877 -0.446738
vn -0.504517 0.724010 -0.470396
vn -0.250520 0.761899 -0.597286
vn 0.632041 0.634577 0.444787
vn 0.591796 0.393393 0.703576
vn 0.744426 0.486747 0.457064
vn 0.591796 0.393393 0.703576
vn 0.572854 0.068741 0.816770
vn 0.744426 0.486747 0.457064
vn 0.572854 0.068741 0.816770
vn 0.118187 -0.623963 0.772465
vn 0.608777 -0.189514 0.770374
vn -0.366798 -0.787906 0.494635
vn -0.617652 -0.615682 0.489328
vn -0.521120 -0.466241 0.714880
vn 0.200738 -0.732433 0.650574
vn 0.118187 -0.623963 0.772465
vn 0.124970 -0.899647 0.418352
vn -0.490585 -0.799376 0.346879
vn -0.490585 -0.799376 0.346879
vn 0.124970 -0.899647 0.418352
vn 0.011585 -0.983632 -0.179819
vn -0.857129 -0.511114 -0.063971
vn -0.738955 -0.659701 -0.136895
vn -0.721944 -0.627417 -0.291795
vn -0.824359 -0.507482 -0.250788
vn 0.348096 -0.929013 -0.125556
vn 0.492766 -0.825559 0.275017
vn 0.457173 -0.887902 -0.051216
vn 0.118187 -0.623963 0.772465
vn -0.123618 -0.393339 0.911045
vn 0.699373 -0.109690 0.706290
vn 0.608777 -0.189514 0.770374
vn 0.492766 -0.825559 0.275017
vn 0.412256 -0.688388 0.596798
vn 0.722833 -0.411943 0.554811
vn 0.722833 -0.411943 0.554811
vn 0.412256 -0.688388 0.596798
vn 0.596122 -0.169439 0.784812
vn -0.179055 -0.733409 -0.655783
vn -0.089345 -0.968784 -0.231248
vn 0.115807 -0.859494 -0.497854
vn 0.042144 -0.733355 -0.678539
vn 0.572854 0.068741 0.816770
vn 0.591796 0.393393 0.703576
vn 0.596122 -0.169439 0.784812
vn -0.719094 0.634431 0.283552
vn -0.782163 0.621474 0.044632
vn -0.981650 0.110613 0.155335
vn -0.855270 0.293587 0.426989
vn 0.482526 -0.718216 -0.501333
vn 0.385691 -0.386351 -0.837840
vn -0.365529 -0.848626 -0.382390
vn -0.035748 -0.909342 -0.414510
vn 0.880790 0.245306 0.405011
vn 0.983919 -0.142111 -0.108205
vn 0.907253 -0.386092 0.166811
vn 0.482526 -0.718216 -0.501333
vn 0.983919 -0.142111 -0.108205
vn 0.940472 0.141079 -0.309208
vn 0.385691 -0.386351 -0.837840
vn 0.477580 0.561603 0.675662
vn 0.133995 0.482438 0.865620
vn 0.492589 0.567355 0.659898
vn 0.627146 0.495164 0.601249
vn -0.035748 -0.909342 -0.414510
vn -0.365529 -0.848626 -0.382390
vn -0.326006 -0.943208 0.063865
vn -0.365529 -0.848626 -0.382390
vn -0.384389 -0.811631 0.439886
vn -0.326006 -0.943208 0.063865
vn -0.326006 -0.943208 0.063865
vn -0.384389 -0.811631 0.439886
vn -0.217310 -0.954649 0.203525
vn -0.336519 -0.780067 0.527494
vn -0.325922 -0.927364 0.183769
vn -0.715751 -0.591572 0.371138
vn -0.199957 -0.720782 0.663695
vn -0.217310 -0.954649 0.203525
vn 0.474572 -0.876930 -0.075995
vn 0.084081 -0.949139 -0.303424
vn 0.825630 -0.479169 -0.297881
vn 0.436766 -0.792916 -0.424875
vn 0.210185 -0.770545 0.601734
vn 0.755779 -0.170747 0.632173
vn -0.608241 0.505531 0.611949
vn -0.719094 0.634431 0.283552
vn -0.855270 0.293587 0.426989
vn -0.814384 0.222849 0.535833
vn 0.004593 -0.762568 -0.646892
vn 0.142472 -0.257949 -0.955596
vn -0.486644 -0.676941 -0.552204
vn -0.486644 -0.676941 -0.552204
vn 0.142472 -0.257949 -0.955596
vn -0.013726 -0.118144 -0.992902
vn 0.142472 -0.257949 -0.955596
vn 0.830323 -0.363720 -0.422221
vn -0.013726 -0.118144 -0.992902
vn 0.830323 -0.363720 -0.422221
vn 0.053396 -0.177583 -0.982656
vn -0.013726 -0.118144 -0.992902
vn 0.677952 -0.247054 -0.692348
vn 0.142472 -0.257949 -0.955596
vn 0.004593 -0.762568 -0.646892
vn 0.084081 -0.949139 -0.303424
vn -0.013726 -0.118144 -0.992902
vn -0.498645 -0.298577 -0.813760
vn -0.486644 -0.676941 -0.552204
vn -0.486644 -0.676941 -0.552204
vn -0.498645 -0.298577 -0.813760
vn -0.802004 -0.386788 -0.455175
vn -0.802004 -0.386788 -0.455175
vn -0.498645 -0.298577 -0.813760
vn -0.690093 -0.642685 -0.332758
vn 0.034033 -0.999421 -0.000066
vn -0.449371 -0.834434 0.319038
vn -0.016433 -0.978513 0.205531
vn 0.319557 -0.901671 -0.291329
vn 0.492766 -0.825559 0.275017
vn 0.124970 -0.899647 0.418352
vn 0.412256 -0.688388 0.596798
vn 0.124970 -0.899647 0.418352
vn 0.118187 -0.623963 0.772465
vn 0.412256 -0.688388 0.596798
vn 0.830323 -0.363720 -0.422221
vn 0.142472 -0.257949 -0.955596
vn 0.677952 -0.247054 -0.692348
vn 0.591796 0.393393 0.703576
vn 0.627146 0.495164 0.601249
vn 0.726397 0.225173 0.649341
vn 0.726397 0.225173 0.649341
vn 0.627146 0.495164 0.601249
vn 0.880790 0.245306 0.405011
vn 0.123527 -0.916078 0.381500
vn -0.113922 -0.448656 0.886414
vn -0.690093 -0.642685 -0.332758
vn -0.113922 -0.448656 0.886414
vn -0.667954 -0.358029 0.652420
vn -0.690093 -0.642685 -0.332758
vn -0.690093 -0.642685 -0.332758
vn -0.667954 -0.358029 0.652420
vn -0.802004 -0.386788 -0.455175
vn -0.191372 0.748149 -0.635334
vn -0.399252 0.809158 -0.431116
vn -0.405542 0.831609 -0.379423
vn -0.064088 0.703742 -0.707560
vn -0.625901 -0.069140 0.776832
vn -0.884126 -0.212557 0.416102
vn -0.486644 -0.676941 -0.552204
vn -0.486644 -0.676941 -0.552204
vn -0.884126 -0.212557 0.416102
vn -0.715751 -0.591572 0.371138
vn -0.215604 -0.972055 -0.092869
vn 0.478005 -0.755650 -0.447777
vn 0.342555 -0.877495 -0.335647
vn -0.443651 -0.866029 0.230581
vn -0.938675 -0.120307 -0.323134
vn -0.573238 -0.248036 -0.780946
vn -0.507800 -0.499881 -0.701611
vn -0.985237 -0.083337 0.149541
vn 0.688801 0.724539 -0.024430
vn 0.721857 0.691444 -0.028780
vn 0.604853 0.750843 0.265306
vn 0.632041 0.634577 0.444787
vn 0.482156 0.652576 0.584526
vn 0.477580 0.561603 0.675662
vn 0.591796 0.393393 0.703576
vn 0.632041 0.634577 0.444787
vn -0.824359 -0.507482 -0.250788
vn -0.721944 -0.627417 -0.291795
vn -0.573238 -0.248036 -0.780946
vn -0.938675 -0.120307 -0.323134
vn 0.397626 0.755945 -0.520039
vn 0.568501 0.675289 -0.469884
vn 0.186506 0.613027 -0.767733
vn -0.064088 0.703742 -0.707560
vn -0.552847 0.340755 0.760425
vn -0.884126 -0.212557 0.416102
vn -0.435786 0.209752 0.875268
vn -0.884126 -0.212557 0.416102
vn -0.625901 -0.069140 0.776832
vn -0.435786 0.209752 0.875268
vn -0.435786 0.209752 0.875268
vn -0.625901 -0.069140 0.776832
vn -0.229126 0.121249 0.965816
vn -0.229126 0.121249 0.965816
vn -0.625901 -0.069140 0.776832
vn -0.064777 -0.062667 0.995930
vn -0.625901 -0.069140 0.776832
vn -0.667954 -0.358029 0.652420
vn -0.064777 -0.062667 0.995930
vn 0.115809 -0.980610 0.158088
vn 0.426800 -0.903530 -0.038416
vn 0.457173 -0.887902 -0.051216
vn 0.032073 -0.996337 -0.079266
vn 0.016155 -0.869545 -0.493589
vn 0.113306 -0.890921 -0.439798
vn -0.336130 -0.872603 -0.354374
vn -0.259072 -0.940720 -0.218925
vn -0.173390 -0.299241 0.938291
vn 0.830323 -0.363720 -0.422221
vn 0.323897 -0.483596 0.813158
vn 0.830323 -0.363720 -0.422221
vn 0.984905 -0.135921 0.107179
vn 0.323897 -0.483596 0.813158
vn 0.323897 -0.483596 0.813158
vn 0.984905 -0.135921 0.107179
vn 0.285083 -0.258968 0.922856
vn 0.285083 -0.258968 0.922856
vn 0.984905 -0.135921 0.107179
vn 0.914082 -0.296017 -0.277177
vn 0.984905 -0.135921 0.107179
vn 0.677952 -0.247054 -0.692348
vn 0.914082 -0.296017 -0.277177
vn -0.602530 0.499380 0.622557
vn -0.574553 0.608709 0.547140
vn -0.537712 0.458166 0.707778
vn -0.229126 0.121249 0.965816
vn -0.552847 0.340755 0.760425
vn -0.435786 0.209752 0.875268
vn 0.677952 -0.247054 -0.692348
vn 0.984905 -0.135921 0.107179
vn 0.830323 -0.363720 -0.422221
vn 0.323897 -0.483596 0.813158
vn 0.285083 -0.258968 0.922856
vn -0.173390 -0.299241 0.938291
vn 0.285083 -0.258968 0.922856
vn -0.478786 -0.143734 0.866086
vn -0.173390 -0.299241 0.938291
vn -0.173390 -0.299241 0.938291
vn -0.478786 -0.143734 0.866086
vn -0.064777 -0.062667 0.995930
vn -0.625901 -0.069140 0.776832
vn -0.486644 -0.676941 -0.552204
vn -0.802004 -0.386788 -0.455175
vn -0.667954 -0.358029 0.652420
vn -0.478786 -0.143734 0.866086
vn 0.285083 -0.258968 0.922856
vn -0.188685 -0.071529 0.979429
vn -0.188685 -0.071529 0.979429
vn 0.285083 -0.258968 0.922856
vn 0.542646 -0.546428 0.637928
vn -0.871113 -0.299919 0.388859
vn -0.898396 -0.435702 0.055206
vn -0.824359 -0.507482 -0.250788
vn -0.938675 -0.120307 -0.323134
vn 0.542646 -0.546428 0.637928
vn 0.474572 -0.876930 -0.075995
vn 0.180265 -0.610925 0.770892
vn 0.180265 -0.610925 0.770892
vn -0.384389 -0.811631 0.439886
vn -0.278001 -0.331817 0.901450
vn -0.278001 -0.331817 0.901450
vn -0.384389 -0.811631 0.439886
vn -0.671118 -0.711384 0.208648
vn -0.384389 -0.811631 0.439886
vn -0.365529 -0.848626 -0.382390
vn -0.671118 -0.711384 0.208648
vn -0.671118 -0.711384 0.208648
vn -0.365529 -0.848626 -0.382390
vn -0.048931 -0.597625 -0.800281
vn -0.048931 -0.597625 -0.800281
vn -0.365529 -0.848626 -0.382390
vn 0.385691 -0.386351 -0.837840
vn 0.717484 0.566277 -0.405645
vn 0.760610 0.592770 -0.264759
vn 0.682208 0.671768 -0.288654
vn 0.796086 0.515712 -0.316684
vn 0.940472 0.141079 -0.309208
vn 0.983919 -0.142111 -0.108205
vn 0.814808 0.398059 0.421471
vn 0.983919 -0.142111 -0.108205
vn 0.880790 0.245306 0.405011
vn 0.814808 0.398059 0.421471
vn 0.115809 -0.980610 0.158088
vn 0.032073 -0.996337 -0.079266
vn -0.096395 -0.991340 0.089181
vn 0.183231 -0.972541 0.143491
vn 0.880790 0.245306 0.405011
vn 0.627146 0.495164 0.601249
vn 0.492589 0.567355 0.659898
vn 0.188452 -0.914076 0.359098
vn 0.215406 -0.917404 0.334619
vn -0.182526 -0.840530 0.510092
vn 0.008798 -0.840975 0.541003
vn 0.627146 0.495164 0.601249
vn 0.591796 0.393393 0.703576
vn 0.477580 0.561603 0.675662
vn 0.477580 0.561603 0.675662
vn 0.482156 0.652576 0.584526
vn 0.340142 0.665905 0.663983
vn 0.340142 0.665905 0.663983
vn 0.482156 0.652576 0.584526
vn 0.378991 0.726781 0.572848
vn 0.662046 -0.733811 0.152369
vn 0.317521 -0.928075 -0.194570
vn -0.322212 -0.713190 0.622526
vn -0.356089 -0.889441 0.286522
vn 0.246872 0.787859 0.564210
vn 0.622717 0.675212 0.395364
vn 0.588684 0.739382 0.326750
vn 0.692511 0.712529 -0.112829
vn 0.317159 0.925576 0.206688
vn 0.588684 0.739382 0.326750
vn 0.588684 0.739382 0.326750
vn 0.317159 0.925576 0.206688
vn 0.246872 0.787859 0.564210
vn 0.180265 -0.610925 0.770892
vn -0.070888 -0.288399 0.954883
vn 0.542646 -0.546428 0.637928
vn 0.542646 -0.546428 0.637928
vn -0.070888 -0.288399 0.954883
vn -0.188685 -0.071529 0.979429
vn -0.405542 0.831609 -0.379423
vn -0.598354 0.800915 -0.022550
vn -0.461558 0.838139 0.290666
vn -0.198076 0.972020 0.126269
vn -0.051220 0.820838 -0.568860
vn 0.169008 0.785363 -0.595517
vn 0.147084 0.812011 -0.564804
vn -0.059827 0.832789 -0.550348
vn -0.102868 0.177571 0.978717
vn 0.180265 -0.610925 0.770892
vn -0.278001 -0.331817 0.901450
vn -0.312888 -0.868455 -0.384561
vn -0.239089 -0.864422 -0.442279
vn -0.322152 -0.912554 -0.251918
vn -0.336130 -0.872603 -0.354374
vn 0.397626 0.755945 -0.520039
vn -0.064088 0.703742 -0.707560
vn 0.098082 0.954785 -0.280651
vn -0.106488 0.835181 0.539567
vn 0.246872 0.787859 0.564210
vn 0.317159 0.925576 0.206688
vn -0.198076 0.972020 0.126269
vn 0.591796 0.393393 0.703576
vn 0.726397 0.225173 0.649341
vn 0.722833 -0.411943 0.554811
vn 0.596122 -0.169439 0.784812
vn 0.098082 0.954785 -0.280651
vn -0.198076 0.972020 0.126269
vn 0.317159 0.925576 0.206688
vn -0.831629 0.329877 -0.446738
vn -0.926582 -0.298578 -0.228685
vn -0.934472 0.050780 -0.352396
vn -0.791200 0.503374 -0.347301
vn -0.478786 -0.143734 0.866086
vn -0.188685 -0.071529 0.979429
vn -0.229126 0.121249 0.965816
vn -0.064777 -0.062667 0.995930
vn 0.123527 -0.916078 0.381500
vn 0.830323 -0.363720 -0.422221
vn -0.173390 -0.299241 0.938291
vn -0.113922 -0.448656 0.886414
vn 0.729917 -0.512551 -0.452231
vn 0.812397 -0.032039 -0.582224
vn 0.535467 0.026940 -0.844126
vn 0.225387 -0.384574 -0.895156
vn -0.981650 0.110613 0.155335
vn -0.954983 0.224662 -0.193738
vn -0.923328 -0.366435 -0.114851
vn -0.963827 -0.249384 0.094049
vn 0.115807 -0.859494 -0.497854
vn 0.172125 -0.802830 -0.570821
vn -0.217068 -0.889502 -0.402080
vn -0.055044 -0.932759 -0.356273
vn -0.504517 0.724010 -0.470396
vn -0.831629 0.329877 -0.446738
vn -0.635610 0.596277 -0.490361
vn -0.831629 0.329877 -0.446738
vn -0.791200 0.503374 -0.347301
vn -0.635610 0.596277 -0.490361
vn -0.635610 0.596277 -0.490361
vn -0.791200 0.503374 -0.347301
vn -0.504517 0.724010 -0.470396
vn -0.791200 0.503374 -0.347301
vn -0.542063 0.781210 -0.309643
vn -0.504517 0.724010 -0.470396
vn -0.504517 0.724010 -0.470396
vn -0.542063 0.781210 -0.309643
vn -0.399252 0.809158 -0.431116
vn -0.204696 0.504790 0.838622
vn -0.102868 0.177571 0.978717
vn 0.133995 0.482438 0.865620
vn 0.108182 0.603580 0.789929
vn 0.729917 -0.512551 -0.452231
vn 0.304554 -0.927382 -0.217278
vn 0.582578 -0.761578 0.283904
vn 0.925642 -0.339468 -0.167179
vn -0.791200 0.503374 -0.347301
vn -0.861546 0.478954 -0.168349
vn -0.775228 0.630443 -0.039547
vn -0.775228 0.630443 -0.039547
vn -0.861546 0.478954 -0.168349
vn -0.954983 0.224662 -0.193738
vn -0.861546 0.478954 -0.168349
vn -0.791200 0.503374 -0.347301
vn -0.954983 0.224662 -0.193738
vn -0.782163 0.621474 0.044632
vn -0.634317 0.762281 0.128723
vn -0.775228 0.630443 -0.039547
vn -0.775228 0.630443 -0.039547
vn -0.634317 0.762281 0.128723
vn -0.612144 0.786839 -0.078515
vn -0.140276 -0.495898 0.856976
vn 0.628582 -0.577969 0.520420
vn 0.582578 -0.761578 0.283904
vn -0.357579 -0.633991 0.685706
vn -0.595481 0.789722 -0.147449
vn -0.623624 0.765239 0.159697
vn -0.598354 0.800915 -0.022550
vn 0.442444 -0.891533 0.097015
vn 0.531445 -0.814002 0.234448
vn 0.015766 -0.601615 -0.798631
vn 0.098407 -0.832424 -0.545331
vn -0.782163 0.621474 0.044632
vn -0.719094 0.634431 0.283552
vn -0.634317 0.762281 0.128723
vn -0.634317 0.762281 0.128723
vn -0.574553 0.608709 0.547140
vn -0.614216 0.710312 0.343797
vn -0.574553 0.608709 0.547140
vn -0.602530 0.499380 0.622557
vn -0.614216 0.710312 0.343797
vn 0.719954 -0.344180 -0.602666
vn 0.787017 0.254623 0.561935
vn 0.032107 -0.169037 0.985087
vn 0.257822 -0.841606 0.474582
vn -0.590384 0.530232 0.608523
vn -0.430901 0.611917 0.663236
vn -0.502290 0.742737 0.442770
vn -0.430901 0.611917 0.663236
vn -0.280980 0.778455 0.561300
vn -0.502290 0.742737 0.442770
vn -0.502290 0.742737 0.442770
vn -0.280980 0.778455 0.561300
vn -0.461558 0.838139 0.290666
vn -0.643468 0.481855 0.594781
vn -0.590384 0.530232 0.608523
vn -0.602530 0.499380 0.622557
vn -0.537712 0.458166 0.707778
vn 0.348096 -0.929013 -0.125556
vn 0.408746 -0.862970 -0.297000
vn 0.309147 -0.931101 -0.193593
vn 0.011585 -0.983632 -0.179819
vn 0.131096 0.733988 0.666390
vn 0.083103 0.755853 0.649446
vn -0.101951 0.696950 0.709835
vn -0.956820 0.173818 -0.232986
vn -0.615349 -0.024197 0.787883
vn -0.764271 -0.582352 0.277050
vn -0.907634 0.073432 -0.413289
vn -0.430901 0.611917 0.663236
vn -0.204696 0.504790 0.838622
vn -0.101951 0.696950 0.709835
vn -0.101951 0.696950 0.709835
vn -0.204696 0.504790 0.838622
vn 0.108182 0.603580 0.789929
vn 0.394408 -0.913844 0.096601
vn 0.215406 -0.917404 0.334619
vn 0.188452 -0.914076 0.359098
vn 0.433725 -0.885829 0.164893
vn 0.492766 -0.825559 0.275017
vn 0.722833 -0.411943 0.554811
vn 0.907253 -0.386092 0.166811
vn 0.457173 -0.887902 -0.051216
vn -0.764271 -0.582352 0.277050
vn -0.544684 -0.798243 -0.257155
vn -0.709075 -0.656205 -0.258084
vn -0.926582 -0.298578 -0.228685
vn 0.304554 0.431209 0.849297
vn 0.169148 0.261443 0.950282
vn 0.814808 0.398059 0.421471
vn 0.169148 0.261443 0.950282
vn 0.787017 0.254623 0.561935
vn 0.814808 0.398059 0.421471
vn 0.814808 0.398059 0.421471
vn 0.787017 0.254623 0.561935
vn 0.940472 0.141079 -0.309208
vn 0.787017 0.254623 0.561935
vn 0.719954 -0.344180 -0.602666
vn 0.940472 0.141079 -0.309208
vn 0.940472 0.141079 -0.309208
vn 0.719954 -0.344180 -0.602666
vn 0.385691 -0.386351 -0.837840
vn 0.385691 -0.386351 -0.837840
vn 0.719954 -0.344180 -0.602666
vn -0.048931 -0.597625 -0.800281
vn 0.719954 -0.344180 -0.602666
vn -0.274009 -0.879603 -0.388867
vn -0.048931 -0.597625 -0.800281
vn -0.048931 -0.597625 -0.800281
vn -0.274009 -0.879603 -0.388867
vn -0.671118 -0.711384 0.208648
vn -0.671118 -0.711384 0.208648
vn -0.274009 -0.879603 -0.388867
vn -0.522804 -0.569573 0.634241
vn -0.522804 -0.569573 0.634241
vn -0.274009 -0.879603 -0.388867
vn 0.257822 -0.841606 0.474582
vn -0.274009 -0.879603 -0.388867
vn 0.719954 -0.344180 -0.602666
vn 0.257822 -0.841606 0.474582
vn 0.436766 -0.792916 -0.424875
vn 0.042144 -0.733355 -0.678539
vn 0.115807 -0.859494 -0.497854
vn -0.055044 -0.932759 -0.356273
vn 0.032107 -0.169037 0.985087
vn 0.787017 0.254623 0.561935
vn 0.169148 0.261443 0.950282
vn -0.502290 0.742737 0.442770
vn -0.623624 0.765239 0.159697
vn -0.614216 0.710312 0.343797
vn -0.614216 0.710312 0.343797
vn -0.623624 0.765239 0.159697
vn -0.634317 0.762281 0.128723
vn -0.101951 0.696950 0.709835
vn 0.108182 0.603580 0.789929
vn 0.131096 0.733988 0.666390
vn 0.108182 0.603580 0.789929
vn 0.340142 0.665905 0.663983
vn 0.131096 0.733988 0.666390
vn 0.257822 -0.841606 0.474582
vn 0.032107 -0.169037 0.985087
vn -0.522804 -0.569573 0.634241
vn 0.032107 -0.169037 0.985087
vn -0.476151 -0.196286 0.857177
vn -0.522804 -0.569573 0.634241
vn -0.522804 -0.569573 0.634241
vn -0.476151 -0.196286 0.857177
vn -0.671118 -0.711384 0.208648
vn -0.671118 -0.711384 0.208648
vn -0.476151 -0.196286 0.857177
vn -0.278001 -0.331817 0.901450
vn -0.476151 -0.196286 0.857177
vn -0.172392 0.198742 0.964771
vn -0.278001 -0.331817 0.901450
vn -0.102868 0.177571 0.978717
vn -0.204696 0.504790 0.838622
vn -0.389204 0.399426 0.830048
vn -0.204696 0.504790 0.838622
vn -0.430901 0.611917 0.663236
vn -0.389204 0.399426 0.830048
vn -0.430901 0.611917 0.663236
vn -0.576521 0.512798 0.636130
vn -0.389204 0.399426 0.830048
vn -0.576521 0.512798 0.636130
vn -0.552847 0.340755 0.760425
vn -0.389204 0.399426 0.830048
vn -0.552847 0.340755 0.760425
vn -0.229126 0.121249 0.965816
vn -0.389204 0.399426 0.830048
vn 0.032107 -0.169037 0.985087
vn 0.169148 0.261443 0.950282
vn -0.476151 -0.196286 0.857177
vn -0.096395 -0.991340 0.089181
vn 0.032073 -0.996337 -0.079266
vn -0.326006 -0.943208 0.063865
vn -0.217310 -0.954649 0.203525
vn 0.983919 -0.142111 -0.108205
vn 0.482526 -0.718216 -0.501333
vn 0.457173 -0.887902 -0.051216
vn 0.907253 -0.386092 0.166811
s off
g tree_07:tree_07group1samor_4024_203
usemtl tree_07:samor_4024_203SG
f 1/1/1 2/2/2 3/3/3
f 354/4/4 358/5/5 353/6/6 349/7/7
f 305/8/8 308/9/9 306/10/10 303/11/11
f 305/8/12 304/12/13 309/13/14 308/9/15
f 4/14/16 2/2/17 7/15/18
f 7/15/19 2/2/20 9/16/21
f 2/2/22 1/1/23 9/16/24
f 9/16/25 1/1/26 10/17/27
f 238/18/28 239/19/29 234/20/30 235/21/31
f 3/3/32 5/22/33 11/23/34
f 11/23/35 5/22/36 12/24/37
f 12/24/38 5/22/39 13/25/40
f 113/26/41 114/27/42 112/28/43 111/29/44
f 6/30/45 8/31/46 14/32/47
f 14/32/48 8/31/49 15/33/50
f 8/31/51 16/34/52 15/33/53
f 16/34/54 17/35/55 15/33/56
f 315/36/57 320/37/58 319/38/59 316/39/60
f 15/33/61 18/40/62 14/32/63
f 18/40/64 19/41/65 14/32/66
f 19/41/67 20/42/68 13/25/69
f 13/25/70 20/42/71 12/24/72
f 8/31/73 7/15/74 16/34/75
f 20/42/76 19/41/77 21/43/78
f 368/44/79 369/45/80 341/46/81 342/47/82
f 21/43/83 22/48/84 23/49/85
f 23/49/86 22/48/87 24/50/88
f 384/51/89 322/52/90 330/53/91 347/54/92
f 63/55/93 64/56/94 62/57/95 61/58/96
f 137/59/97 258/60/98 138/61/99 134/62/100
f 349/7/101 350/63/102 348/64/103 280/65/104
f 49/66/105 362/67/106 58/68/107 47/69/108
f 12/24/109 29/70/110 11/23/111
f 315/36/112 316/39/113 50/71/114 43/72/115
f 30/73/116 31/74/117 10/17/118
f 315/36/119 43/72/120 42/75/121 41/76/122
f 9/16/123 32/77/124 33/78/125
f 32/77/126 34/79/127 33/78/128
f 34/79/129 35/80/130 33/78/131
f 346/81/132 332/82/133 347/54/134 330/53/135
f 7/15/136 9/16/137 33/78/138
f 34/79/139 32/77/140 36/83/141
f 36/83/142 32/77/143 37/84/144
f 32/77/145 31/74/146 37/84/147
f 37/84/148 31/74/149 38/85/150
f 31/74/151 30/73/152 38/85/153
f 194/86/154 231/87/155 193/88/156 192/89/157
f 37/84/158 39/90/159 36/83/160
f 39/90/161 40/91/162 36/83/163
f 36/83/164 40/91/165 34/79/166
f 51/92/167 360/93/168 52/94/169 17/35/170
f 41/76/171 42/75/172 34/79/173
f 34/79/174 42/75/175 35/80/176
f 42/75/177 43/72/178 35/80/179
f 43/72/180 44/95/181 35/80/182
f 35/80/183 44/95/184 16/34/185
f 44/95/186 45/96/187 16/34/188
f 207/97/189 205/98/190 204/99/191 209/100/192
f 318/101/193 364/102/194 365/103/195 317/104/196
f 45/96/197 48/105/198 47/69/199
f 150/106/200 170/107/201 153/108/202 151/109/203
f 50/71/204 48/105/205 43/72/206
f 43/72/207 48/105/208 44/95/209
f 48/105/210 45/96/211 44/95/212
f 97/110/213 96/111/214 106/112/215 105/113/216
f 150/106/217 254/114/218 253/115/219 170/107/220
f 52/94/221 53/116/222 24/50/223
f 214/117/224 222/118/225 221/119/226 215/120/227
f 77/121/228 99/122/229 101/123/230 27/124/231
f 312/125/232 311/126/233 324/127/234 323/128/235
f 328/129/236 301/130/237 221/119/238 300/131/239
f 31/74/240 32/77/241 9/16/242 10/17/243
f 55/132/244 60/133/245 59/134/246
f 60/133/247 61/58/248 59/134/249
f 59/134/250 61/58/251 62/57/252
f 207/97/253 208/135/254 206/136/255 205/98/256
f 180/137/257 191/138/258 179/139/259 175/140/260
f 66/141/261 67/142/262 65/143/263
f 67/142/264 68/144/265 65/143/266
f 65/143/267 68/144/268 56/145/269
f 68/144/270 69/146/271 56/145/272
f 56/145/273 69/146/274 57/147/275
f 60/133/276 55/132/277 54/148/278
f 62/57/279 65/143/280 56/145/281
f 53/116/282 360/93/283 359/149/284 357/150/285
f 70/151/286 71/152/287 72/153/288
f 72/153/289 71/152/290 73/154/291
f 71/152/292 67/142/293 73/154/294
f 73/154/295 67/142/296 66/141/297
f 71/152/298 68/144/299 67/142/300
f 72/153/301 74/155/302 70/151/303
f 70/151/304 74/155/305 69/146/306
f 68/144/307 71/152/308 70/151/309 69/146/310
f 57/147/311 75/156/312 25/157/313
f 75/156/314 76/158/315 25/157/316
f 25/157/317 76/158/318 26/159/319
f 364/102/320 352/160/321 353/6/322 363/161/323
f 72/153/324 78/162/325 74/155/326
f 74/155/327 78/162/328 79/163/329
f 78/162/330 73/154/331 79/163/332
f 73/154/333 66/141/334 79/163/335
f 46/164/336 17/35/337 16/34/338 45/96/339
f 199/165/340 200/166/341 184/167/342 185/168/343
f 64/56/344 66/141/345 65/143/346 62/57/347
f 141/169/348 145/170/349 144/171/350 142/172/351
f 77/121/352 76/158/353 81/173/354
f 76/158/355 75/156/356 80/174/357
f 182/175/358 185/168/359 183/176/360 143/177/361
f 72/153/362 73/154/363 78/162/364
f 373/178/365 340/179/366 341/46/367 372/180/368
f 63/55/369 61/58/370 83/181/371
f 83/181/372 61/58/373 84/182/374
f 61/58/375 60/133/376 84/182/377
f 84/182/378 60/133/379 85/183/380
f 60/133/381 86/184/382 85/183/383
f 85/183/384 86/184/385 87/185/386
f 86/184/387 88/186/388 87/185/389
f 87/185/390 88/186/391 89/187/392
f 273/188/393 283/189/394 271/190/395 272/191/396
f 88/186/397 86/184/398 90/192/399
f 130/193/400 125/194/401 126/195/402 127/196/403
f 91/197/404 87/185/405 92/198/406
f 287/199/407 286/200/408 293/201/409 292/202/410
f 87/185/411 89/187/412 93/203/413
f 92/198/414 94/204/415 91/197/416
f 91/197/417 94/204/418 84/182/419
f 265/205/420 266/206/421 247/207/422 249/208/423
f 84/182/424 95/209/425 83/181/426
f 95/209/427 96/111/428 83/181/429
f 96/111/430 97/110/431 82/210/432
f 97/110/433 98/211/434 77/121/435
f 77/121/436 98/211/437 99/122/438
f 314/212/439 320/37/440 315/36/441 41/76/442
f 100/213/443 101/123/444 99/122/445
f 193/88/446 196/214/447 188/215/448 192/89/449
f 101/123/450 28/216/451 27/124/452
f 98/211/453 97/110/454 102/217/455
f 102/217/456 97/110/457 103/218/458
f 103/218/459 97/110/460 104/219/461
f 104/219/462 97/110/463 105/113/464
f 328/129/465 300/131/466 331/220/467 327/221/468
f 128/222/469 258/60/470 129/223/471 127/196/472
f 106/112/473 96/111/474 108/224/475
f 108/224/476 96/111/477 109/225/478
f 96/111/479 95/209/480 109/225/481
f 109/225/482 95/209/483 110/226/484
f 352/160/485 367/227/486 351/228/487 350/63/488
f 94/204/489 110/226/490 95/209/491 84/182/492
f 201/229/493 202/230/494 102/217/495 103/218/496
f 115/231/497 116/232/498 108/224/499
f 108/224/500 116/232/501 107/233/502
f 116/232/503 117/234/504 107/233/505
f 107/233/506 117/234/507 105/113/508
f 117/234/509 118/235/510 105/113/511
f 105/113/512 118/235/513 104/219/514
f 108/224/515 109/225/516 112/28/517
f 118/235/518 117/234/519 119/236/520
f 117/234/521 116/232/522 119/236/523
f 119/236/524 116/232/525 120/237/526
f 116/232/527 121/238/528 120/237/529
f 282/239/530 273/188/531 274/240/532 275/241/533
f 121/238/534 115/231/535 122/242/536
f 289/243/537 237/244/538 229/245/539 288/246/540
f 114/27/541 113/26/542 123/247/543
f 123/247/544 113/26/545 124/248/546
f 124/248/547 113/26/548 125/194/549
f 113/26/550 111/29/551 125/194/552
f 125/194/553 111/29/554 126/195/555
f 111/29/556 110/226/557 126/195/558
f 85/183/559 87/185/560 91/197/561 84/182/562
f 94/204/563 128/222/564 127/196/565
f 155/249/566 154/250/567 160/251/568 159/252/569
f 129/223/570 130/193/571 127/196/572
f 211/253/573 200/166/574 227/254/575 212/255/576
f 125/194/577 130/193/578 124/248/579
f 130/193/580 131/256/581 124/248/582
f 77/121/583 27/124/584 26/159/585 76/158/586
f 132/257/587 133/258/588 124/248/589
f 124/248/590 133/258/591 123/247/592
f 133/258/593 134/62/594 123/247/595
f 123/247/596 134/62/597 122/242/598
f 116/232/599 115/231/600 121/238/601
f 92/198/602 128/222/603 94/204/604
f 130/193/605 129/223/606 131/256/607
f 129/223/608 135/259/609 131/256/610
f 135/259/611 136/260/612 132/257/613
f 132/257/614 136/260/615 133/258/616
f 136/260/617 137/59/618 133/258/619
f 133/258/620 137/59/621 134/62/622
f 176/261/623 178/262/624 177/263/625 175/140/626
f 138/61/627 139/264/628 134/62/629
f 198/265/630 199/165/631 185/168/632 186/266/633
f 204/99/634 202/230/635 210/267/636 209/100/637
f 158/268/638 165/269/639 157/270/640 156/271/641
f 119/236/642 142/172/643 118/235/644
f 266/206/645 265/205/646 270/272/647 268/273/648
f 143/177/649 142/172/650 144/171/651
f 319/38/652 366/274/653 318/101/654 316/39/655
f 145/170/656 141/169/657 146/275/658
f 146/275/659 140/276/660 147/277/661
f 140/276/662 139/264/663 147/277/664
f 272/191/665 265/205/666 249/208/667 264/278/668
f 138/61/669 149/279/670 148/280/671
f 122/242/672 140/276/673 120/237/674 121/238/675
f 299/281/676 332/82/677 300/131/678 222/118/679
f 147/277/680 151/109/681 152/282/682
f 151/109/683 153/108/684 152/282/685
f 153/108/686 154/250/687 152/282/688
f 154/250/689 155/249/690 152/282/691
f 152/282/692 155/249/693 146/275/694
f 146/275/695 155/249/696 145/170/697
f 155/249/698 156/271/699 145/170/700
f 145/170/701 156/271/702 157/270/703
f 171/283/704 253/115/705 252/284/706 178/262/707
f 211/253/708 209/100/709 210/267/710 201/229/711
f 383/285/712 373/178/713 347/54/714 333/286/715
f 160/251/716 161/287/717 159/252/718
f 215/120/719 217/288/720 39/90/721 216/289/722
f 161/287/723 163/290/724 162/291/725
f 163/290/726 164/292/727 162/291/728
f 162/291/729 164/292/730 158/268/731
f 164/292/732 165/269/733 158/268/734
f 152/282/735 146/275/736 147/277/737
f 19/41/738 18/40/739 22/48/740 21/43/741
f 157/270/742 144/171/743 145/170/744
f 154/250/745 166/293/746 160/251/747
f 160/251/748 166/293/749 163/290/750
f 166/293/751 167/294/752 163/290/753
f 75/156/754 74/155/755 79/163/756 80/174/757
f 168/295/758 165/269/759 164/292/760
f 160/251/761 163/290/762 161/287/763
f 154/250/764 153/108/765 166/293/766
f 166/293/767 153/108/768 169/296/769
f 153/108/770 170/107/771 169/296/772
f 170/107/773 171/283/774 169/296/775
f 169/296/776 171/283/777 166/293/778
f 166/293/779 171/283/780 167/294/781
f 171/283/782 172/297/783 167/294/784
f 167/294/785 172/297/786 173/298/787
f 172/297/788 174/299/789 173/298/790
f 173/298/791 174/299/792 168/295/793
f 174/299/794 165/269/795 168/295/796
f 173/298/797 168/295/798 167/294/799
f 280/65/800 276/300/801 277/301/802 278/302/803
f 81/173/804 76/158/805 80/174/806 64/56/807
f 178/262/808 176/261/809 171/283/810
f 176/261/811 172/297/812 171/283/813
f 174/299/814 175/140/815 179/139/816
f 28/216/817 12/24/818 20/42/819 27/124/820
f 175/140/821 177/263/822 180/137/823
f 174/299/824 179/139/825 165/269/826
f 179/139/827 181/303/828 165/269/829
f 114/27/830 115/231/831 108/224/832 112/28/833
f 181/303/834 182/175/835 144/171/836
f 144/171/837 182/175/838 143/177/839
f 268/273/840 286/200/841 269/304/842 267/305/843
f 89/187/844 260/306/845 257/307/846 93/203/847
f 103/218/848 183/176/849 184/167/850
f 184/167/851 183/176/852 185/168/853
f 191/138/854 246/308/855 245/309/856 195/310/857
f 362/67/858 363/161/859 358/5/860 359/149/861
f 188/215/862 181/303/863 189/311/864
f 181/303/865 190/312/866 189/311/867
f 368/44/868 343/313/869 351/228/870 367/227/871
f 190/312/872 181/303/873 179/139/874
f 189/311/875 191/138/876 188/215/877
f 191/138/878 192/89/879 188/215/880
f 111/29/881 112/28/882 109/225/883 110/226/884
f 199/165/885 198/265/886 227/254/887 200/166/888
f 194/86/889 192/89/890 195/310/891
f 192/89/892 191/138/893 195/310/894
f 254/114/895 256/314/896 255/315/897 253/115/898
f 187/316/899 197/317/900 186/266/901
f 197/317/902 198/265/903 186/266/904
f 201/229/905 103/218/906 184/167/907 200/166/908
f 294/318/909 295/319/910 290/320/911 291/321/912
f 375/322/913 374/323/914 383/285/915 382/324/916
f 226/325/917 297/326/918 225/327/919 224/328/920
f 102/217/921 202/230/922 100/213/923
f 202/230/924 203/329/925 100/213/926
f 283/189/927 342/47/928 284/330/929 271/190/930
f 203/329/931 204/99/932 29/70/933
f 29/70/934 204/99/935 30/73/936
f 261/331/937 277/301/938 276/300/939 262/332/940
f 367/227/941 366/274/942 370/333/943 368/44/944
f 149/279/945 254/114/946 150/106/947 148/280/948
f 208/135/949 207/97/950 209/100/951
f 35/80/952 16/34/953 7/15/954 33/78/955
f 180/137/956 248/334/957 247/207/958 246/308/959
f 202/230/960 201/229/961 210/267/962
f 339/335/963 374/323/964 338/336/965 295/319/966
f 209/100/967 211/253/968 208/135/969
f 211/253/970 212/255/971 208/135/972
f 208/135/973 212/255/974 213/337/975
f 260/306/976 277/301/977 261/331/978 257/307/979
f 214/117/980 215/120/981 213/337/982
f 213/337/983 215/120/984 216/289/985
f 204/99/986 205/98/987 38/85/988 30/73/989
f 216/289/990 206/136/991 213/337/992
f 206/136/993 208/135/994 213/337/995
f 203/329/996 202/230/997 204/99/998
f 182/175/999 181/303/1000 188/215/1001 187/316/1002
f 41/76/1003 218/338/1004 219/339/1005
f 218/338/1006 217/288/1007 219/339/1008
f 219/339/1009 217/288/1010 220/340/1011
f 220/340/1012 217/288/1013 221/119/1014
f 217/288/1015 215/120/1016 221/119/1017
f 155/249/1018 159/252/1019 158/268/1020 156/271/1021
f 236/341/1022 243/342/1023 238/18/1024 235/21/1025
f 223/343/1026 224/328/1027 225/327/1028
f 28/216/1029 203/329/1030 29/70/1031 12/24/1032
f 282/239/1033 281/344/1034 348/64/1035 345/345/1036
f 217/288/1037 218/338/1038 40/91/1039 39/90/1040
f 211/253/1041 201/229/1042 200/166/1043
f 343/313/1044 368/44/1045 342/47/1046 283/189/1047
f 227/254/1048 198/265/1049 228/346/1050
f 198/265/1051 197/317/1052 228/346/1053
f 161/287/1054 162/291/1055 158/268/1056 159/252/1057
f 197/317/1058 196/214/1059 229/245/1060
f 196/214/1061 193/88/1062 229/245/1063
f 229/245/1064 193/88/1065 230/347/1066
f 193/88/1067 231/87/1068 230/347/1069
f 230/347/1070 231/87/1071 232/348/1072
f 231/87/1073 233/349/1074 232/348/1075
f 232/348/1076 233/349/1077 234/20/1078
f 234/20/1079 233/349/1080 235/21/1081
f 233/349/1082 194/86/1083 235/21/1084
f 235/21/1085 194/86/1086 236/341/1087
f 194/86/1088 195/310/1089 236/341/1090
f 194/86/1091 233/349/1092 231/87/1093
f 228/346/1094 237/244/1095 227/254/1096
f 237/244/1097 226/325/1098 227/254/1099
f 55/132/1100 25/157/1101 23/49/1102 54/148/1103
f 263/350/1104 274/240/1105 273/188/1106 264/278/1107
f 183/176/1108 103/218/1109 104/219/1110 118/235/1111
f 141/169/1112 142/172/1113 119/236/1114 120/237/1115
f 240/351/1116 239/19/1117 241/352/1118
f 241/352/1119 239/19/1120 242/353/1121
f 239/19/1122 238/18/1123 242/353/1124
f 242/353/1125 238/18/1126 243/342/1127
f 243/342/1128 236/341/1129 244/354/1130
f 236/341/1131 195/310/1132 244/354/1133
f 244/354/1134 195/310/1135 245/309/1136
f 3/3/1137 11/23/1138 10/17/1139 1/1/1140
f 191/138/1141 180/137/1142 246/308/1143
f 177/263/1144 178/262/1145 251/355/1146 250/356/1147
f 239/19/1148 240/351/1149 232/348/1150 234/20/1151
f 248/334/1152 177/263/1153 250/356/1154
f 262/332/1155 276/300/1156 275/241/1157 263/350/1158
f 251/355/1159 178/262/1160 252/284/1161
f 94/204/1162 127/196/1163 126/195/1164 110/226/1165
f 171/283/1166 170/107/1167 253/115/1168
f 282/239/1169 344/357/1170 283/189/1171 273/188/1172
f 241/352/1173 242/353/1174 243/342/1175
f 243/342/1176 244/354/1177 245/309/1178
f 245/309/1179 246/308/1180 247/207/1181
f 177/263/1182 248/334/1183 180/137/1184
f 357/150/1185 359/149/1186 358/5/1187 354/4/1188
f 255/315/1189 252/284/1190 253/115/1191
f 254/114/1192 149/279/1193 256/314/1194
f 256/314/1195 149/279/1196 257/307/1197
f 149/279/1198 93/203/1199 257/307/1200
f 131/256/1201 135/259/1202 132/257/1203 124/248/1204
f 257/307/1205 255/315/1206 256/314/1207
f 149/279/1208 258/60/1209 92/198/1210
f 92/198/1211 258/60/1212 128/222/1213
f 149/279/1214 138/61/1215 258/60/1216
f 137/59/1217 136/260/1218 258/60/1219
f 258/60/1220 136/260/1221 259/358/1222
f 136/260/1223 135/259/1224 259/358/1225
f 135/259/1226 129/223/1227 259/358/1228
f 259/358/1229 129/223/1230 258/60/1231
f 93/203/1232 149/279/1233 92/198/1234 87/185/1235
f 257/307/1236 261/331/1237 255/315/1238
f 261/331/1239 262/332/1240 255/315/1241
f 255/315/1242 262/332/1243 252/284/1244
f 252/284/1245 262/332/1246 251/355/1247
f 262/332/1248 263/350/1249 251/355/1250
f 182/175/1251 187/316/1252 186/266/1253 185/168/1254
f 250/356/1255 264/278/1256 249/208/1257
f 172/297/1258 176/261/1259 175/140/1260 174/299/1261
f 383/285/1262 374/323/1263 339/335/1264 373/178/1265
f 264/278/1266 250/356/1267 251/355/1268 263/350/1269
f 266/206/1270 268/273/1271 267/305/1272
f 59/134/1273 62/57/1274 56/145/1275 55/132/1276
f 269/304/1277 241/352/1278 267/305/1279
f 241/352/1280 243/342/1281 267/305/1282
f 243/342/1283 245/309/1284 267/305/1285
f 240/351/1286 287/199/1287 230/347/1288 232/348/1289
f 18/40/1290 52/94/1291 24/50/1292 22/48/1293
f 86/184/1294 355/359/1295 354/4/1296 279/360/1297
f 272/191/1298 264/278/1299 273/188/1300
f 168/295/1301 164/292/1302 163/290/1303 167/294/1304
f 274/240/1305 263/350/1306 275/241/1307
f 150/106/1308 151/109/1309 147/277/1310 148/280/1311
f 260/306/1312 90/192/1313 278/302/1314 277/301/1315
f 140/276/1316 146/275/1317 141/169/1318 120/237/1319
f 278/302/1320 90/192/1321 279/360/1322
f 90/192/1323 86/184/1324 279/360/1325
f 279/360/1326 280/65/1327 278/302/1328
f 48/105/1329 50/71/1330 49/66/1331 47/69/1332
f 267/305/1333 245/309/1334 247/207/1335 266/206/1336
f 281/344/1337 282/239/1338 275/241/1339
f 74/155/1340 75/156/1341 57/147/1342 69/146/1343
f 196/214/1344 197/317/1345 187/316/1346 188/215/1347
f 26/159/1348 27/124/1349 20/42/1350 21/43/1351
f 271/190/1352 284/330/1353 270/272/1354
f 60/133/1355 54/148/1356 355/359/1357 86/184/1358
f 270/272/1359 285/361/1360 268/273/1361
f 285/361/1362 286/200/1363 268/273/1364
f 286/200/1365 287/199/1366 269/304/1367
f 181/303/1368 144/171/1369 157/270/1370 165/269/1371
f 287/199/1372 288/246/1373 230/347/1374
f 230/347/1375 288/246/1376 229/245/1377
f 14/32/1378 19/41/1379 13/25/1380 6/30/1381
f 237/244/1382 289/243/1383 226/325/1384
f 287/199/1385 240/351/1386 241/352/1387 269/304/1388
f 289/243/1389 292/202/1390 291/321/1391
f 291/321/1392 292/202/1393 293/201/1394
f 83/181/1395 96/111/1396 82/210/1397 63/55/1398
f 286/200/1399 285/361/1400 293/201/1401
f 58/68/1402 51/92/1403 17/35/1404 46/164/1405
f 297/326/1406 336/362/1407 298/363/1408 225/327/1409
f 295/319/1410 296/364/1411 290/320/1412
f 297/326/1413 296/364/1414 337/365/1415 336/362/1416
f 340/179/1417 373/178/1418 339/335/1419 310/366/1420
f 225/327/1421 298/363/1422 223/343/1423
f 298/363/1424 299/281/1425 223/343/1426
f 223/343/1427 299/281/1428 222/118/1429
f 40/91/1430 218/338/1431 41/76/1432 34/79/1433
f 222/118/1434 300/131/1435 221/119/1436
f 66/141/1437 64/56/1438 80/174/1439 79/163/1440
f 47/69/1441 58/68/1442 46/164/1443 45/96/1444
f 220/340/1445 302/367/1446 219/339/1447
f 219/339/1448 302/367/1449 303/11/1450
f 302/367/1451 304/12/1452 303/11/1453
f 304/12/1454 305/8/1455 303/11/1456
f 301/130/1457 302/367/1458 220/340/1459 221/119/1460
f 303/11/1461 306/10/1462 219/339/1463
f 219/339/1464 306/10/1465 307/368/1466
f 307/368/1467 306/10/1468 308/9/1469
f 106/112/1470 108/224/1471 107/233/1472 105/113/1473
f 289/243/1474 288/246/1475 292/202/1476
f 288/246/1477 287/199/1478 292/202/1479
f 304/12/1480 302/367/1481 301/130/1482
f 285/361/1483 310/366/1484 294/318/1485
f 294/318/1486 310/366/1487 295/319/1488
f 309/13/1489 311/126/1490 308/9/1491
f 311/126/1492 312/125/1493 308/9/1494
f 308/9/1495 312/125/1496 307/368/1497
f 279/360/1498 354/4/1499 349/7/1500 280/65/1501
f 313/369/1502 314/212/1503 219/339/1504
f 219/339/1505 314/212/1506 41/76/1507
f 143/177/1508 183/176/1509 118/235/1510 142/172/1511
f 4/14/1512 5/22/1513 3/3/1514 2/2/1515
f 265/205/1516 272/191/1517 271/190/1518 270/272/1519
f 284/330/1520 340/179/1521 285/361/1522 270/272/1523
f 6/30/1524 13/25/1525 5/22/1526 4/14/1527
f 281/344/1528 275/241/1529 276/300/1530 280/65/1531
f 320/37/1532 314/212/1533 321/370/1534
f 314/212/1535 313/369/1536 321/370/1537
f 321/370/1538 313/369/1539 322/52/1540
f 322/52/1541 313/369/1542 323/128/1543
f 313/369/1544 312/125/1545 323/128/1546
f 212/255/1547 227/254/1548 226/325/1549 224/328/1550
f 98/211/1551 102/217/1552 100/213/1553 99/122/1554
f 324/127/1555 304/12/1556 325/371/1557
f 304/12/1558 326/372/1559 325/371/1560
f 325/371/1561 326/372/1562 327/221/1563
f 327/221/1564 326/372/1565 328/129/1566
f 326/372/1567 301/130/1568 328/129/1569
f 317/104/1570 49/66/1571 50/71/1572
f 322/52/1573 320/37/1574 321/370/1575
f 301/130/1576 326/372/1577 304/12/1578
f 325/371/1579 327/221/1580 324/127/1581
f 327/221/1582 329/373/1583 324/127/1584
f 324/127/1585 329/373/1586 323/128/1587
f 313/369/1588 219/339/1589 307/368/1590 312/125/1591
f 329/373/1592 327/221/1593 330/53/1594
f 330/53/1595 327/221/1596 331/220/1597
f 7/15/1598 8/31/1599 6/30/1600 4/14/1601
f 331/220/1602 300/131/1603 332/82/1604
f 332/82/1605 299/281/1606 333/286/1607
f 333/286/1608 299/281/1609 334/374/1610
f 299/281/1611 298/363/1612 334/374/1613
f 334/374/1614 298/363/1615 335/375/1616
f 335/375/1617 298/363/1618 336/362/1619
f 248/334/1620 250/356/1621 249/208/1622 247/207/1623
f 337/365/1624 296/364/1625 338/336/1626
f 296/364/1627 295/319/1628 338/336/1629
f 212/255/1630 224/328/1631 214/117/1632 213/337/1633
f 295/319/1634 310/366/1635 339/335/1636
f 38/85/1637 216/289/1638 39/90/1639 37/84/1640
f 310/366/1641 285/361/1642 340/179/1643
f 340/179/1644 284/330/1645 341/46/1646
f 341/46/1647 284/330/1648 342/47/1649
f 179/139/1650 191/138/1651 189/311/1652 190/312/1653
f 343/313/1654 283/189/1655 344/357/1656
f 282/239/1657 345/345/1658 344/357/1659
f 344/357/1660 345/345/1661 343/313/1662
f 332/82/1663 346/81/1664 331/220/1665
f 331/220/1666 346/81/1667 330/53/1668
f 349/7/1669 353/6/1670 352/160/1671 350/63/1672
f 90/192/1673 260/306/1674 89/187/1675 88/186/1676
f 347/54/1677 332/82/1678 333/286/1679
f 203/329/1680 28/216/1681 101/123/1682 100/213/1683
f 281/344/1684 280/65/1685 348/64/1686
f 351/228/1687 343/313/1688 345/345/1689 350/63/1690
f 285/361/1691 294/318/1692 291/321/1693 293/201/1694
f 348/64/1695 350/63/1696 345/345/1697
f 54/148/1698 23/49/1699 24/50/1700 53/116/1701
f 329/373/1702 330/53/1703 322/52/1704 323/128/1705
f 309/13/1706 304/12/1707 324/127/1708 311/126/1709
f 139/264/1710 138/61/1711 148/280/1712 147/277/1713
f 17/35/1714 52/94/1715 18/40/1716 15/33/1717
f 82/210/1718 97/110/1719 77/121/1720 81/173/1721
f 355/359/1722 54/148/1723 356/376/1724
f 54/148/1725 53/116/1726 356/376/1727
f 356/376/1728 53/116/1729 355/359/1730
f 53/116/1731 357/150/1732 355/359/1733
f 355/359/1734 357/150/1735 354/4/1736
f 371/377/1737 347/54/1738 373/178/1739 372/180/1740
f 139/264/1741 140/276/1742 122/242/1743 134/62/1744
f 53/116/1745 361/378/1746 360/93/1747
f 360/93/1748 361/378/1749 52/94/1750
f 361/378/1751 53/116/1752 52/94/1753
f 51/92/1754 362/67/1755 360/93/1756
f 360/93/1757 362/67/1758 359/149/1759
f 114/27/1760 123/247/1761 122/242/1762 115/231/1763
f 358/5/1764 363/161/1765 353/6/1766
f 30/73/1767 10/17/1768 11/23/1769 29/70/1770
f 51/92/1771 58/68/1772 362/67/1773
f 362/67/1774 49/66/1775 365/103/1776
f 49/66/1777 317/104/1778 365/103/1779
f 377/379/1780 376/380/1781 381/381/1782 380/382/1783
f 318/101/1784 366/274/1785 364/102/1786
f 366/274/1787 367/227/1788 364/102/1789
f 364/102/1790 367/227/1791 352/160/1792
f 316/39/1793 318/101/1794 317/104/1795 50/71/1796
f 237/244/1797 228/346/1798 197/317/1799 229/245/1800
f 369/45/1801 368/44/1802 370/333/1803
f 56/145/1804 57/147/1805 25/157/1806 55/132/1807
f 366/274/1808 371/377/1809 370/333/1810
f 370/333/1811 371/377/1812 372/180/1813
f 206/136/1814 216/289/1815 38/85/1816 205/98/1817
f 289/243/1818 291/321/1819 290/320/1820 226/325/1821
f 25/157/1822 26/159/1823 21/43/1824 23/49/1825
f 374/323/1826 375/322/1827 338/336/1828
f 375/322/1829 376/380/1830 338/336/1831
f 338/336/1832 376/380/1833 337/365/1834
f 376/380/1835 377/379/1836 337/365/1837
f 337/365/1838 377/379/1839 336/362/1840
f 336/362/1841 377/379/1842 335/375/1843
f 377/379/1844 378/383/1845 335/375/1846
f 335/375/1847 378/383/1848 334/374/1849
f 334/374/1850 378/383/1851 379/384/1852
f 379/384/1853 378/383/1854 380/382/1855
f 378/383/1856 377/379/1857 380/382/1858
f 64/56/1859 63/55/1860 82/210/1861 81/173/1862
f 381/381/1863 376/380/1864 375/322/1865
f 364/102/1866 363/161/1867 365/103/1868
f 365/103/1869 363/161/1870 362/67/1871
f 370/333/1872 372/180/1873 369/45/1874
f 372/180/1875 341/46/1876 369/45/1877
f 380/382/1878 381/381/1879 379/384/1880
f 381/381/1881 382/324/1882 379/384/1883
f 379/384/1884 382/324/1885 334/374/1886
f 334/374/1887 382/324/1888 333/286/1889
f 382/324/1890 383/285/1891 333/286/1892
f 347/54/1893 371/377/1894 384/51/1895
f 371/377/1896 366/274/1897 384/51/1898
f 366/274/1899 319/38/1900 384/51/1901
f 319/38/1902 320/37/1903 384/51/1904
f 320/37/1905 322/52/1906 384/51/1907
f 381/381/1908 375/322/1909 382/324/1910
f 214/117/1911 224/328/1912 223/343/1913 222/118/1914
f 296/364/1915 297/326/1916 226/325/1917 290/320/1918
g default
v -1.025749 0.015708 1.119541
v -0.442371 0.100178 0.881974
v -0.531252 0.103557 0.741073
v -0.329251 0.188028 0.455993
v -1.001509 0.015708 1.158862
v -1.024133 -0.029906 1.117902
v -0.999893 -0.031595 1.157224
v -0.526404 -0.063694 0.734519
v -0.437523 -0.065384 0.875421
v -0.319555 -0.116066 0.446163
v -0.292083 0.248846 0.256109
v -0.280771 -0.161680 0.243002
v -0.044836 -0.114376 0.577234
v -0.238755 -0.062005 0.927849
v -0.243603 0.103557 0.934403
v 0.039196 -0.014701 1.453772
v 0.087677 -0.013012 1.434112
v -0.085235 -0.055247 0.863952
v 0.086062 0.039360 1.435750
v -0.090084 0.110315 0.870506
v 0.037581 0.037670 1.455411
v -0.054532 0.191406 0.588703
v 0.077981 0.253914 0.434694
v -0.190275 0.448196 0.315091
v -0.469844 0.323180 -0.051908
v -0.190275 0.465090 -0.199363
v -0.214515 0.341764 -0.400885
v -0.422979 0.270809 -0.492635
v -0.397123 -0.100861 -0.490996
v -0.555492 0.159308 -0.628621
v -0.552260 -0.021459 -0.635175
v -0.626596 0.057943 -1.039857
v -0.678308 0.057943 -1.041495
v -0.704164 -0.026527 -0.638451
v -0.679924 0.110315 -1.039857
v -0.626596 0.110315 -1.038218
v -0.709013 0.154239 -0.633536
v -0.865764 0.149171 -0.530318
v -0.860917 -0.041732 -0.536871
v 0.089294 -0.158301 0.421587
v -0.592660 -0.116066 -0.222300
v -0.156339 -0.146475 -0.377947
v 0.228270 0.216748 -0.527041
v 0.213726 -0.171816 -0.505742
v -0.411667 -0.166748 -0.030609
v -0.618516 0.255604 -0.225577
v -0.877077 -0.050179 -0.345180
v -1.452374 0.010640 -0.438568
v -1.449142 0.012329 -0.477889
v -1.453990 0.049496 -0.438568
v -1.450758 0.051186 -0.476251
v -0.883541 0.142414 -0.338626
v 0.523998 -0.171816 -0.271452
v 0.441582 -0.144786 0.344582
v 0.376942 0.338385 0.336390
v 0.721151 -0.083967 0.359328
v 0.792255 -0.072141 0.062779
v 0.538543 -0.127892 -0.055185
v 0.784174 0.231952 0.074248
v 0.527230 0.282634 -0.040439
v 0.713070 0.220126 0.369158
v 0.913455 -0.033285 0.349498
v 0.906991 0.181270 0.356051
v 1.045968 0.191406 0.193851
v 1.052432 -0.023148 0.187297
v 1.249584 0.039360 0.854122
v 1.201104 0.037670 0.873782
v 1.247968 0.091731 0.855760
v 1.199488 0.090042 0.877059
v 0.538543 0.216748 -0.292751
v 0.323614 0.429613 -0.201001
v 0.690446 -0.131270 -0.597492
v 0.481982 -0.131270 -0.756415
v 0.491678 0.130588 -0.769522
v 0.701759 0.130588 -0.610599
v 0.905375 -0.099172 -0.784268
v 0.900527 0.091731 -0.777714
v 0.797102 0.096800 -0.969406
v 0.567631 0.093421 -0.979236
v 0.574095 -0.104240 -0.985790
v 0.801951 -0.097482 -0.975960
v 1.162320 -0.063694 -1.072625
v 1.191408 -0.068762 -0.920254
v 1.853969 0.007261 -1.007089
v 1.853969 0.005572 -0.959576
v 1.852353 0.054564 -1.005451
v 1.852353 0.052875 -0.957937
v 1.157472 0.091731 -1.067709
v 1.186560 0.086663 -0.915339
v 0.734079 -0.062005 -1.493691
v 0.593487 -0.067073 -1.428155
v 0.588639 0.086663 -1.423240
v 0.729230 0.093421 -1.488775
v 0.183022 0.034292 -1.896734
v 0.184638 -0.004565 -1.898373
v 0.157166 0.032602 -1.867243
v 0.158782 -0.006254 -1.868882
v -0.154724 1.620645 0.043119
v 0.107069 1.598683 0.293792
v -0.159571 1.598683 0.208596
v -0.148260 1.667949 0.380627
v -0.012516 1.698358 0.459270
v 0.048893 1.395954 0.475654
v -0.046451 1.581789 0.564127
v -0.217747 1.395954 0.390457
v -0.182195 1.551380 0.485484
v -0.403587 1.787897 0.629662
v -0.334099 1.825064 0.691921
v -0.313091 1.896019 0.626385
v -0.392275 1.853783 0.578872
v -0.479540 1.847026 0.618194
v -0.429443 1.975421 0.703390
v -0.361571 1.945011 0.706667
v -0.326019 2.166324 0.700113
v -0.321171 2.171392 0.646046
v -0.162803 2.286272 0.691921
v -0.143411 2.237279 0.685367
v -0.048068 2.301476 0.744350
v -0.054532 2.296408 0.767287
v -0.046451 2.274446 0.764010
v -0.177348 2.276135 0.742711
v -0.427827 1.975421 0.628024
v -0.277539 2.137604 0.647685
v -0.157956 2.225453 0.737796
v -0.041604 2.279514 0.742711
v -0.282387 2.134225 0.701751
v -0.358339 1.945011 0.631301
v -0.482772 1.926428 0.610002
v -0.406819 1.926428 0.585426
v -0.482772 1.899397 0.367520
v -0.561956 1.899397 0.388819
v -0.558724 1.816616 0.398649
v -0.479540 1.816616 0.377350
v -0.570036 1.767624 -0.006033
v -0.649220 1.764245 -0.006033
v -0.652452 1.843647 -0.017502
v -0.573268 1.847026 -0.017502
v -0.547412 1.732146 -0.356648
v -0.549028 1.784518 -0.363202
v -0.600740 1.781139 -0.376309
v -0.597508 1.728767 -0.368117
v -0.452068 1.700047 -0.671219
v -0.427827 1.703426 -0.663027
v -0.452068 1.725388 -0.674496
v -0.427827 1.728767 -0.667942
v -0.145028 1.015837 -0.230492
v -0.162803 0.982049 0.224980
v 0.283214 1.071588 0.249556
v 0.202414 1.620645 0.107016
v 0.302606 1.105376 -0.205916
v -0.106244 1.389196 -0.232131
v -0.090084 1.743972 -0.101060
v -0.051300 1.559827 -0.317327
v 0.252510 1.389196 -0.168233
v 0.231502 1.559827 -0.266537
v 0.192718 1.743972 -0.050269
v 0.149086 1.960216 -0.178064
v 0.268670 1.857162 -0.168233
v 0.296142 1.857162 -0.350095
v -0.009284 1.919670 -0.415630
v -0.049683 1.919670 -0.205916
v 0.144238 2.080164 -0.173149
v -0.057764 2.059891 -0.210832
v -0.018980 2.059891 -0.413992
v 0.183022 1.960216 -0.373032
v 0.444814 2.201801 -0.287836
v 0.496526 2.095369 -0.276367
v 0.493294 2.105505 -0.158403
v 0.441582 2.211938 -0.169872
v 0.183022 2.080164 -0.376309
v 0.076366 2.193354 -0.495911
v -0.069075 2.193354 -0.459867
v -0.065843 2.328507 -0.826866
v -0.148260 2.321749 -0.782630
v -0.057764 2.335265 -0.410715
v -0.094931 2.306545 -0.164957
v 0.071517 2.306545 -0.101060
v 0.123229 2.406220 -0.240323
v 0.089294 2.335265 -0.448398
v -0.064228 2.419735 -0.812121
v 0.086062 2.516031 -0.163318
v -0.064228 2.516031 -0.220662
v -0.043219 2.406220 -0.302581
v -0.146643 2.414667 -0.767884
v -0.111091 2.426493 -0.096144
v -0.127251 2.536304 -0.032247
v 0.008493 2.536304 0.018543
v 0.039196 2.426493 -0.038801
v 0.050510 2.617396 -0.094506
v -0.085235 2.617396 -0.145296
v -0.219363 2.651184 0.020181
v -0.167652 2.651184 0.118485
v 0.060206 2.728897 0.038204
v 0.031117 2.728897 -0.089591
v -0.077156 2.798162 -0.065015
v -0.198355 2.760995 0.008713
v 0.145854 2.867428 -0.125635
v 0.063438 2.967103 -0.109251
v 0.302606 3.044816 -0.225577
v 0.339774 3.061710 -0.164957
v 0.107069 2.983997 0.011989
v -0.048068 2.798162 0.062779
v 0.320382 2.973861 -0.215747
v 0.189486 2.884322 -0.004395
v -0.146643 2.760995 0.107016
v -0.481156 2.818435 0.259386
v -0.511860 2.818435 0.202043
v -0.510244 2.813367 0.298708
v -0.494084 2.754238 0.265940
v -0.524788 2.754238 0.208596
v -0.558724 2.813367 0.320007
v -0.477924 2.999202 0.470738
v -0.447219 2.992444 0.447801
v -0.524788 2.850534 0.264301
v -0.573268 2.850534 0.285600
v -0.610436 2.811678 0.236449
v -0.595892 2.759306 0.236449
v -0.594276 2.759306 0.288877
v -0.456916 3.019475 0.424864
v -0.290467 3.122529 0.501868
v -0.282387 3.092119 0.524805
v -0.296931 3.112392 0.555935
v -0.487620 3.027922 0.446163
v -0.305011 3.141112 0.532997
v -0.073924 3.169832 0.516613
v -0.075539 3.183347 0.536274
v -0.072307 3.164764 0.551020
v -0.070692 3.151248 0.531359
v -0.608820 2.811678 0.288877
v -0.823748 2.737344 0.254471
v -0.812437 2.696798 0.254471
v -0.817284 2.695108 0.211873
v -0.826980 2.735654 0.211873
v -1.062917 2.696798 0.274132
v -1.058069 2.656252 0.275770
v -1.043525 2.657941 0.315091
v -1.049989 2.700177 0.313453
v -1.324709 2.666388 0.452716
v -1.323093 2.642737 0.454355
v -1.334405 2.641047 0.433055
v -1.336021 2.664699 0.431417
v 0.397950 3.054952 -0.269814
v 0.404414 3.081983 -0.215747
v 0.431886 3.054952 -0.220662
v 0.425422 3.039747 -0.179702
v 0.481982 3.158006 -0.076484
v 0.441582 3.159696 -0.048631
v 0.538543 3.234030 0.056226
v 0.536926 3.277954 0.046396
v 0.650047 3.252613 0.138145
v 0.654894 3.286401 0.134869
v 0.822958 3.223893 0.234810
v 0.826190 3.242476 0.231534
v 0.837503 3.239098 0.215150
v 0.672671 3.281333 0.107016
v 0.667822 3.247545 0.110293
v 0.567631 3.227272 0.023458
v 0.467438 3.196862 -0.101060
v 0.352702 3.081983 -0.186256
v 0.834271 3.220514 0.216788
v 0.397950 2.994133 -0.271452
v 0.357550 2.990755 -0.155126
v 0.373710 3.039747 -0.150211
v 0.427038 3.198552 -0.074845
v 0.566015 3.271196 0.013628
v 0.431886 2.994133 -0.220662
v 0.779327 2.936694 -0.474612
v 0.764782 2.936694 -0.495911
v 0.769631 2.962035 -0.499188
v 0.784174 2.962035 -0.477889
v -0.524788 2.419735 -1.346236
v -0.519940 2.335265 -1.349512
v -0.528020 2.392704 -1.415048
v -0.540948 2.316681 -1.398664
v -0.359955 2.309923 -1.634592
v -0.405203 2.308234 -1.680467
v -0.591044 2.392704 -1.462561
v -0.586196 2.412977 -1.288892
v -0.581348 2.328507 -1.292169
v -0.602356 2.316681 -1.446177
v -0.369651 2.247415 -1.623123
v -0.136947 2.164634 -1.764025
v -0.122404 2.225453 -1.780409
v -0.143411 2.213627 -1.839391
v -0.416515 2.245726 -1.667360
v -0.159571 2.154498 -1.823007
v 0.267054 2.071717 -1.847583
v 0.268670 2.076785 -1.829560
v 0.270286 2.090301 -1.852498
v 0.273518 2.093679 -1.834476
v -0.712245 2.365674 -1.419963
v -0.717092 2.365674 -1.344597
v -0.696085 2.438318 -1.344597
v -0.691236 2.438318 -1.419963
v -1.096853 2.510963 -1.416686
v -1.090389 2.531236 -1.415048
v -1.092005 2.531236 -1.395387
v -1.098469 2.510963 -1.395387
v 0.577327 2.122399 -0.297666
v 0.567631 2.232211 -0.310773
v 0.965167 2.250794 -0.348456
v 0.974863 2.262620 -0.261622
v 0.979711 2.232211 -0.384501
v 0.979711 2.161256 -0.350095
v 0.580559 2.245726 -0.201001
v 0.590255 2.137604 -0.187894
v 0.982943 2.176460 -0.251791
v 1.099296 2.235590 -0.205916
v 1.087984 2.161256 -0.219024
v 1.491984 2.073407 0.162721
v 1.503295 2.073407 0.151252
v 1.144544 2.161256 -0.271452
v 1.504912 2.088611 0.152891
v 1.493599 2.088611 0.164360
v 1.155856 2.235590 -0.259983
v 1.052432 2.232211 -0.415630
v 0.874670 2.100437 -0.797375
v 0.824575 2.100437 -0.774438
v 0.831039 2.048065 -0.761330
v 1.060512 2.156187 -0.395970
v 0.879519 2.048065 -0.782630
v 0.890831 2.031171 -0.812121
v 0.850431 2.002451 -0.800652
v 0.877902 2.031171 -0.861272
v 1.097680 1.705116 -0.879295
v 1.079904 1.691600 -0.874379
v 1.092832 1.705116 -0.900594
v 1.075056 1.691600 -0.895678
v 0.837503 2.002451 -0.851442
v 0.764782 2.034550 -0.825228
v 0.764782 2.085232 -0.825228
v 0.782559 2.085232 -0.871103
v 0.784174 2.034550 -0.871103
v 0.436734 2.046376 -0.977598
v 0.436734 2.063270 -0.977598
v 0.443198 2.046376 -0.993982
v 0.443198 2.063270 -0.993982
v -0.190275 0.448196 0.315091
v -0.292083 0.248846 0.256109
vt 0.670948 0.337068
vt 0.670914 0.336937
vt 0.670880 0.336937
vt 0.670914 0.337068
vt 0.670711 0.320595
vt 0.670779 0.322304
vt 0.670001 0.320946
vt 0.664423 0.335885
vt 0.664423 0.335754
vt 0.664525 0.335710
vt 0.664491 0.335841
vt 0.670542 0.330759
vt 0.670508 0.331241
vt 0.671691 0.330759
vt 0.671658 0.329839
vt 0.670745 0.319675
vt 0.670035 0.320070
vt 0.670812 0.320727
vt 0.672875 0.331679
vt 0.672976 0.332249
vt 0.673280 0.331241
vt 0.673145 0.330584
vt 0.674768 0.325064
vt 0.673585 0.324933
vt 0.673078 0.326072
vt 0.673686 0.326291
vt 0.670711 0.323180
vt 0.670779 0.321077
vt 0.670914 0.335316
vt 0.670035 0.336498
vt 0.670441 0.336630
vt 0.671691 0.335447
vt 0.680684 0.334396
vt 0.680650 0.334352
vt 0.680616 0.334308
vt 0.680650 0.334308
vt 0.672570 0.320595
vt 0.671996 0.319719
vt 0.672807 0.320070
vt 0.674802 0.318711
vt 0.674531 0.318580
vt 0.672773 0.320946
vt 0.671996 0.320595
vt 0.674531 0.318887
vt 0.674768 0.319018
vt 0.667736 0.318843
vt 0.667736 0.318580
vt 0.675579 0.335491
vt 0.677202 0.335491
vt 0.676864 0.335403
vt 0.675343 0.335403
vt 0.670407 0.326992
vt 0.673078 0.326773
vt 0.670407 0.327167
vt 0.669257 0.331329
vt 0.670035 0.331066
vt 0.670001 0.331592
vt 0.669224 0.331811
vt 0.668987 0.337506
vt 0.668818 0.337506
vt 0.667601 0.337681
vt 0.667905 0.337638
vt 0.672537 0.322173
vt 0.669697 0.321691
vt 0.669325 0.324232
vt 0.668277 0.324232
vt 0.668446 0.322348
vt 0.673078 0.323005
vt 0.671387 0.324188
vt 0.670644 0.325502
vt 0.670272 0.325327
vt 0.672469 0.325239
vt 0.672401 0.323268
vt 0.670610 0.322830
vt 0.673111 0.320902
vt 0.675309 0.335710
vt 0.675545 0.335754
vt 0.674937 0.335754
vt 0.674903 0.335666
vt 0.672908 0.333607
vt 0.672199 0.333432
vt 0.672063 0.333695
vt 0.672875 0.333738
vt 0.674633 0.340398
vt 0.675309 0.340704
vt 0.675207 0.340660
vt 0.674464 0.340354
vt 0.674328 0.334702
vt 0.674531 0.334571
vt 0.673247 0.333125
vt 0.673111 0.333432
vt 0.667533 0.318668
vt 0.667533 0.318931
vt 0.667398 0.336718
vt 0.667466 0.336630
vt 0.666113 0.336192
vt 0.665978 0.336236
vt 0.668852 0.337068
vt 0.668750 0.337375
vt 0.667398 0.336893
vt 0.666621 0.323312
vt 0.667364 0.323750
vt 0.669190 0.323180
vt 0.668176 0.323837
vt 0.671387 0.324188
vt 0.670711 0.323180
vt 0.671320 0.332161
vt 0.671151 0.331197
vt 0.671320 0.334133
vt 0.671184 0.335447
vt 0.671049 0.336017
vt 0.674802 0.322611
vt 0.674802 0.324626
vt 0.676357 0.324275
vt 0.676357 0.322742
vt 0.674058 0.335316
vt 0.674666 0.335578
vt 0.674734 0.334921
vt 0.669021 0.325064
vt 0.680143 0.321734
vt 0.680380 0.321866
vt 0.677979 0.323925
vt 0.677540 0.323399
vt 0.667094 0.337156
vt 0.667364 0.337287
vt 0.671252 0.334527
vt 0.671320 0.333782
vt 0.671387 0.333388
vt 0.667060 0.325108
vt 0.667364 0.325108
vt 0.666688 0.323750
vt 0.666587 0.324232
vt 0.671387 0.327298
vt 0.671286 0.329138
vt 0.670846 0.328481
vt 0.667331 0.324626
vt 0.668142 0.324713
vt 0.671320 0.332862
vt 0.670812 0.331723
vt 0.670373 0.331855
vt 0.671049 0.333037
vt 0.679873 0.326203
vt 0.679974 0.326115
vt 0.676762 0.325327
vt 0.676391 0.325634
vt 0.669156 0.337199
vt 0.669426 0.337112
vt 0.668750 0.337156
vt 0.674396 0.322917
vt 0.674937 0.321428
vt 0.676796 0.335841
vt 0.674599 0.323925
vt 0.666722 0.322786
vt 0.673449 0.325634
vt 0.676492 0.321866
vt 0.673585 0.325853
vt 0.674734 0.325984
vt 0.673652 0.326992
vt 0.672537 0.333651
vt 0.676492 0.323443
vt 0.673078 0.338601
vt 0.672604 0.339127
vt 0.671793 0.337900
vt 0.672368 0.337594
vt 0.677979 0.322873
vt 0.677506 0.322304
vt 0.671049 0.338820
vt 0.671015 0.338864
vt 0.669798 0.338251
vt 0.669934 0.338251
vt 0.674937 0.335447
vt 0.676999 0.335841
vt 0.676796 0.335885
vt 0.672537 0.334264
vt 0.666249 0.337462
vt 0.666350 0.337857
vt 0.666857 0.337725
vt 0.666823 0.337287
vt 0.675613 0.339784
vt 0.675647 0.339960
vt 0.674092 0.339960
vt 0.674092 0.339653
vt 0.673787 0.339478
vt 0.673686 0.339916
vt 0.674464 0.324933
vt 0.672570 0.329927
vt 0.671049 0.330891
vt 0.673483 0.325546
vt 0.673449 0.324232
vt 0.672368 0.339259
vt 0.672401 0.339302
vt 0.680143 0.321471
vt 0.668750 0.337199
vt 0.668919 0.337156
vt 0.667871 0.337287
vt 0.667567 0.337331
vt 0.667331 0.325371
vt 0.672030 0.337769
vt 0.671421 0.338076
vt 0.672165 0.339171
vt 0.672638 0.338645
vt 0.677675 0.335228
vt 0.677878 0.335359
vt 0.675512 0.339828
vt 0.675512 0.339960
vt 0.672063 0.333519
vt 0.672199 0.333256
vt 0.672908 0.333563
vt 0.672875 0.333651
vt 0.675275 0.340967
vt 0.675173 0.340967
vt 0.676019 0.340923
vt 0.676086 0.340923
vt 0.667331 0.336937
vt 0.668649 0.337462
vt 0.670441 0.331679
vt 0.669697 0.331898
vt 0.667060 0.337594
vt 0.670069 0.336980
vt 0.673821 0.339697
vt 0.674802 0.325283
vt 0.675545 0.325590
vt 0.676526 0.333958
vt 0.676458 0.333958
vt 0.675444 0.335535
vt 0.675579 0.335447
vt 0.670474 0.327079
vt 0.677236 0.340617
vt 0.677202 0.340485
vt 0.676052 0.340748
vt 0.667060 0.325327
vt 0.672604 0.330847
vt 0.672976 0.329138
vt 0.673044 0.330672
vt 0.673483 0.339478
vt 0.673382 0.339872
vt 0.673821 0.340047
vt 0.673956 0.327999
vt 0.669224 0.337594
vt 0.668953 0.337638
vt 0.669224 0.337681
vt 0.670474 0.327255
vt 0.675985 0.340704
vt 0.668074 0.332643
vt 0.668378 0.332687
vt 0.668683 0.332994
vt 0.668548 0.332994
vt 0.676762 0.326028
vt 0.679974 0.326334
vt 0.670474 0.331679
vt 0.670914 0.331548
vt 0.671083 0.331460
vt 0.671387 0.330716
vt 0.671827 0.336148
vt 0.670474 0.337112
vt 0.673956 0.340135
vt 0.674531 0.340660
vt 0.674125 0.339828
vt 0.671083 0.332906
vt 0.671353 0.332731
vt 0.669697 0.338470
vt 0.669832 0.338470
vt 0.677202 0.340617
vt 0.672435 0.334659
vt 0.672435 0.334001
vt 0.668176 0.332293
vt 0.668649 0.332337
vt 0.668683 0.332862
vt 0.668548 0.332862
vt 0.670948 0.339083
vt 0.670982 0.339040
vt 0.664187 0.338163
vt 0.664153 0.338076
vt 0.666283 0.337375
vt 0.666418 0.337769
vt 0.677134 0.335929
vt 0.677777 0.335622
vt 0.677979 0.335754
vt 0.668209 0.331811
vt 0.668683 0.331855
vt 0.669731 0.331416
vt 0.672942 0.335622
vt 0.674937 0.335491
vt 0.674903 0.335403
vt 0.672942 0.335578
vt 0.663409 0.323268
vt 0.663409 0.323136
vt 0.674227 0.335140
vt 0.673348 0.329138
vt 0.668074 0.332337
vt 0.675004 0.334834
vt 0.671218 0.331636
vt 0.671049 0.330496
vt 0.672334 0.336192
vt 0.677067 0.335316
vt 0.672232 0.335403
vt 0.680346 0.321603
vt 0.676391 0.326378
vt 0.675579 0.324713
vt 0.669088 0.337331
vt 0.667331 0.337725
vt 0.673720 0.340047
vt 0.664119 0.338076
vt 0.664153 0.338207
vt 0.673889 0.339784
vt 0.674328 0.340617
vt 0.675241 0.335316
vt 0.675376 0.335228
vt 0.671286 0.336236
vt 0.670711 0.337024
vt 0.671151 0.336893
vt 0.672131 0.335973
vt 0.672232 0.336674
vt 0.672131 0.337156
vt 0.672063 0.336455
vt 0.670812 0.337681
vt 0.669494 0.337506
vt 0.671286 0.337550
vt 0.666080 0.336455
vt 0.671252 0.337156
vt 0.671184 0.336498
vt 0.671286 0.336718
vt 0.679873 0.326422
vt 0.665944 0.336498
vt 0.671184 0.335973
vt 0.669359 0.337419
vt 0.667195 0.337243
vt 0.667229 0.337681
vt 0.672942 0.335666
vt 0.672368 0.339434
vt 0.672334 0.339390
vt 0.677168 0.340485
vt 0.668378 0.332380
vt 0.674768 0.323969
vt 0.663409 0.323049
vt 0.663443 0.322961
vt 0.676391 0.333914
vt 0.676458 0.333870
vt 0.672942 0.335710
vn 0.795651 0.496747 0.346673
vn 0.554328 -0.543752 0.630122
vn 0.391899 -0.806889 -0.441979
vn 0.639564 0.250762 -0.726688
vn -0.054860 0.781714 0.621220
vn -0.610538 0.790753 -0.044193
vn -0.606227 0.687436 -0.399901
vn -0.841203 0.486460 -0.236083
vn -0.741299 -0.637522 -0.209859
vn -0.216927 -0.541378 0.812313
vn -0.319331 0.588406 0.742837
vn -0.671754 -0.739449 0.044282
vn 0.167313 -0.218426 -0.961403
vn -0.552719 0.572909 -0.605209
vn -0.829030 -0.457497 0.321568
vn -0.010521 -0.827596 0.561226
vn -0.566460 -0.690833 -0.449303
vn -0.565259 -0.818611 -0.101777
vn 0.805547 -0.267275 -0.528827
vn 0.695405 0.326773 0.640025
vn 0.710538 0.614567 0.342699
vn 0.884633 0.018683 -0.465914
vn 0.218852 -0.919629 -0.326169
vn -0.666983 -0.715978 -0.206177
vn -0.630395 -0.757144 0.171276
vn 0.579789 -0.703675 -0.410715
vn -0.771318 0.217521 0.598124
vn -0.534462 -0.833941 0.137453
vn -0.565259 -0.818611 -0.101777
vn -0.610538 0.790753 -0.044193
vn -0.794052 -0.521307 -0.312602
vn -0.649544 -0.739975 0.174727
vn 0.578325 -0.639124 -0.507012
vn 0.548507 -0.437362 -0.712639
vn 0.892162 0.433775 0.126039
vn 0.110670 0.443506 0.889413
vn -0.053502 -0.660003 0.749355
vn 0.761947 -0.646557 -0.037422
vn 0.482579 -0.797480 0.362137
vn -0.264137 -0.827091 0.496137
vn -0.010521 -0.827596 0.561226
vn -0.565259 -0.818611 -0.101777
vn -0.264137 -0.827091 0.496137
vn 0.747580 -0.662968 0.039957
vn 0.759501 -0.531213 0.375461
vn -0.239662 -0.571480 0.784839
vn 0.708049 0.700953 0.085628
vn -0.308827 0.773052 0.554091
vn -0.267921 0.504481 0.820803
vn 0.727968 0.550281 0.408966
vn -0.010521 -0.827596 0.561226
vn -0.054860 0.781714 0.621220
vn -0.281547 0.502950 0.817173
vn -0.250959 -0.579334 0.775494
vn 0.817794 -0.511267 0.264232
vn 0.642971 -0.723224 -0.252064
vn -0.436885 -0.895134 -0.088692
vn -0.421131 -0.587440 0.691059
vn -0.239662 -0.571480 0.784839
vn -0.267921 0.504481 0.820803
vn -0.308827 0.773052 0.554091
vn -0.264137 -0.827091 0.496137
vn -0.817824 -0.574352 -0.035825
vn -0.630395 -0.757144 0.171276
vn -0.673430 0.704848 0.222894
vn -0.854937 0.518732 0.000071
vn -0.642031 -0.710774 0.287396
vn -0.822645 -0.414916 0.388716
vn -0.504728 0.862307 -0.040931
vn -0.704937 0.700141 0.113434
vn -0.264137 -0.827091 0.496137
vn 0.482579 -0.797480 0.362137
vn 0.747580 -0.662968 0.039957
vn 0.429794 0.775802 0.461961
vn -0.062941 0.559468 -0.826459
vn -0.330808 0.643355 -0.690406
vn 0.609730 0.710764 0.350776
vn 0.708049 0.700953 0.085628
vn 0.437521 0.796229 0.417846
vn -0.308827 0.773052 0.554091
vn -0.504957 -0.831924 0.230046
vn -0.781462 0.573686 0.245361
vn -0.561524 0.755248 0.338070
vn -0.495528 -0.728403 0.473161
vn 0.136952 0.389730 0.910689
vn -0.561753 0.343140 0.752788
vn -0.771318 0.217521 0.598124
vn -0.771318 0.217521 0.598124
vn -0.561753 0.343140 0.752788
vn -0.781462 0.573686 0.245361
vn -0.561753 0.343140 0.752788
vn -0.519954 0.678467 -0.518970
vn -0.781462 0.573686 0.245361
vn -0.519954 0.678467 -0.518970
vn -0.170364 0.636685 -0.752069
vn -0.781462 0.573686 0.245361
vn -0.088797 0.626617 -0.774252
vn -0.277722 -0.815306 -0.508081
vn -0.043937 -0.683278 -0.728835
vn -0.170364 0.636685 -0.752069
vn 0.269684 -0.812130 0.517412
vn 0.136952 0.389730 0.910689
vn 0.437521 0.796229 0.417846
vn 0.482579 -0.797480 0.362137
vn -0.648657 0.722099 0.240450
vn 0.669705 0.668377 -0.323678
vn 0.187932 0.651323 -0.735159
vn -0.446280 0.719578 0.532017
vn 0.908217 -0.208848 -0.362663
vn 0.553270 -0.458896 -0.695203
vn -0.085575 0.784310 -0.614438
vn 0.589673 0.773082 -0.233731
vn 0.802963 -0.595066 -0.033878
vn 0.607039 -0.750329 -0.261744
vn -0.398007 -0.567104 0.721099
vn -0.363849 -0.516330 0.775253
vn 0.435786 -0.628904 -0.643871
vn 0.427524 -0.492493 0.758073
vn 0.685992 -0.193585 0.701384
vn 0.755737 -0.342878 -0.557940
vn -0.817573 -0.558365 -0.140724
vn -0.250959 -0.579334 0.775494
vn -0.281547 0.502950 0.817173
vn -0.850961 0.515344 -0.101419
vn 0.106129 -0.707255 -0.698947
vn 0.192435 -0.686610 0.701096
vn 0.329346 -0.653984 0.681055
vn -0.176133 -0.752669 -0.634403
vn 0.192435 -0.686610 0.701096
vn -0.020862 -0.649857 0.759770
vn -0.537174 0.562915 0.628148
vn -0.144326 0.705566 0.693792
vn -0.255408 -0.758605 -0.599404
vn -0.421414 -0.749746 -0.510187
vn 0.171857 -0.799034 -0.576203
vn -0.421414 -0.749746 -0.510187
vn 0.587413 -0.600134 -0.542940
vn 0.171857 -0.799034 -0.576203
vn -0.534462 -0.833941 0.137453
vn 0.269684 -0.812130 0.517412
vn 0.482579 -0.797480 0.362137
vn -0.565259 -0.818611 -0.101777
vn -0.561753 0.343140 0.752788
vn -0.771318 0.217521 0.598124
vn -0.439916 -0.040765 0.897113
vn 0.695405 0.326773 0.640025
vn -0.779204 0.528997 0.336160
vn -0.868906 0.494535 0.020937
vn 0.710538 0.614567 0.342699
vn -0.794052 -0.521307 -0.312602
vn -0.887868 -0.215878 0.406310
vn -0.931710 -0.116941 0.343863
vn -0.788056 0.614197 -0.041576
vn 0.764071 -0.585865 -0.270106
vn 0.723151 0.646849 -0.242155
vn 0.380921 0.821046 -0.425185
vn 0.428000 -0.651770 -0.626108
vn 0.435786 -0.628904 -0.643871
vn -0.288912 0.578339 -0.762924
vn -0.207549 0.608525 -0.765911
vn 0.064305 -0.775399 -0.628189
vn -0.781462 0.573686 0.245361
vn -0.504957 -0.831924 0.230046
vn -0.534462 -0.833941 0.137453
vn -0.771318 0.217521 0.598124
vn -0.277722 -0.815306 -0.508081
vn -0.504957 -0.831924 0.230046
vn -0.043937 -0.683278 -0.728835
vn -0.170364 0.636685 -0.752069
vn -0.043937 -0.683278 -0.728835
vn 0.171857 -0.799034 -0.576203
vn 0.156607 0.713555 -0.682872
vn -0.232847 0.492715 0.838459
vn 0.743343 0.528047 0.410619
vn 0.560708 0.756700 -0.336173
vn -0.135788 0.833013 0.536332
vn 0.578325 -0.639124 -0.507012
vn -0.649544 -0.739975 0.174727
vn -0.361473 -0.821265 0.441432
vn 0.493922 -0.860511 -0.124750
vn -0.887868 -0.215878 0.406310
vn -0.567372 -0.348907 -0.745891
vn -0.385248 -0.073952 -0.919845
vn -0.834996 0.179737 0.520073
vn 0.587413 -0.600134 -0.542940
vn -0.421414 -0.749746 -0.510187
vn -0.508227 -0.524277 -0.683256
vn 0.529011 -0.475771 -0.702702
vn -0.386048 0.639577 0.664761
vn -0.561524 0.755248 0.338070
vn -0.377066 0.758982 -0.530818
vn -0.772925 -0.129690 0.621102
vn -0.899242 -0.142733 0.413512
vn -0.868906 0.494535 0.020937
vn -0.765236 0.046786 -0.642048
vn -0.481637 0.720717 -0.498591
vn 0.156607 0.713555 -0.682872
vn 0.560864 0.616095 -0.553044
vn 0.628306 -0.348027 -0.695780
vn 0.542981 0.431276 -0.720537
vn -0.773804 0.467665 -0.427219
vn -0.446445 0.541298 -0.712520
vn 0.652706 -0.503371 -0.566209
vn 0.647600 -0.548664 0.528756
vn 0.243042 -0.726158 0.643137
vn 0.005787 -0.684340 -0.729140
vn -0.410772 -0.706384 -0.576444
vn 0.319083 -0.676325 0.663906
vn -0.020862 -0.649857 0.759770
vn -0.008220 -0.722339 -0.691491
vn -0.534462 -0.833941 0.137453
vn 0.477615 -0.872729 0.101135
vn 0.269684 -0.812130 0.517412
vn 0.477615 -0.872729 0.101135
vn 0.293555 -0.755200 0.586088
vn 0.269684 -0.812130 0.517412
vn -0.648657 0.722099 0.240450
vn -0.421131 -0.587440 0.691059
vn -0.436885 -0.895134 -0.088692
vn -0.489728 0.846069 -0.210556
vn 0.136952 0.389730 0.910689
vn 0.402605 0.515499 0.756419
vn -0.561753 0.343140 0.752788
vn -0.561524 0.755248 0.338070
vn -0.386048 0.639577 0.664761
vn -0.285439 -0.727834 0.623524
vn -0.495528 -0.728403 0.473161
vn -0.519954 0.678467 -0.518970
vn 0.578582 0.667086 -0.469297
vn -0.088797 0.626617 -0.774252
vn -0.170364 0.636685 -0.752069
vn 0.293555 -0.755200 0.586088
vn 0.764071 -0.585865 -0.270106
vn 0.428000 -0.651770 -0.626108
vn 0.172427 -0.793729 0.583321
vn -0.695419 0.688250 -0.206651
vn 0.187120 0.932952 -0.307550
vn 0.539253 0.762048 -0.358454
vn -0.673430 0.704848 0.222894
vn 0.072755 0.445099 0.892521
vn -0.834996 0.179737 0.520073
vn -0.779204 0.528997 0.336160
vn 0.695405 0.326773 0.640025
vn 0.160407 0.658960 0.734875
vn -0.135788 0.833013 0.536332
vn 0.380921 0.821046 -0.425185
vn -0.135788 0.833013 0.536332
vn 0.560708 0.756700 -0.336173
vn 0.380921 0.821046 -0.425185
vn 0.720000 -0.426992 0.547063
vn -0.102208 0.707167 0.699620
vn -0.144879 0.648621 0.747195
vn 0.695836 -0.139489 0.704525
vn 0.428000 -0.651770 -0.626108
vn 0.539309 -0.798062 -0.268780
vn 0.172427 -0.793729 0.583321
vn 0.172427 -0.793729 0.583321
vn 0.539309 -0.798062 -0.268780
vn -0.168132 -0.752716 0.636514
vn 0.414620 -0.901282 -0.125623
vn -0.107099 -0.210162 0.971783
vn -0.346838 -0.367593 0.862890
vn 0.736816 -0.674288 0.049380
vn -0.207549 0.608525 -0.765911
vn 0.014266 0.791348 0.611200
vn 0.086595 0.937061 0.338258
vn -0.227311 0.684835 -0.692337
vn 0.694674 0.020561 0.719031
vn -0.887868 -0.215878 0.406310
vn -0.834996 0.179737 0.520073
vn 0.072755 0.445099 0.892521
vn -0.359991 -0.648749 -0.670471
vn 0.032148 0.678141 -0.734228
vn -0.123579 0.756567 -0.642133
vn -0.422724 -0.884232 -0.198593
vn 0.712507 -0.676986 0.184458
vn 0.899192 0.430065 0.080610
vn 0.781636 0.590823 0.199933
vn 0.593446 -0.637576 0.491243
vn 0.293555 -0.755200 0.586088
vn 0.477615 -0.872729 0.101135
vn 0.764071 -0.585865 -0.270106
vn 0.404495 -0.565559 0.718698
vn -0.196055 0.688517 0.698217
vn -0.102208 0.707167 0.699620
vn 0.720000 -0.426992 0.547063
vn 0.790256 0.600426 -0.122409
vn 0.578582 0.667086 -0.469297
vn 0.723151 0.646849 -0.242155
vn 0.723151 0.646849 -0.242155
vn 0.578582 0.667086 -0.469297
vn 0.402605 0.515499 0.756419
vn -0.829030 -0.457497 0.321568
vn 0.321779 -0.194946 0.926528
vn 0.185562 -0.177621 0.966446
vn -0.671754 -0.739449 0.044282
vn -0.277722 -0.815306 -0.508081
vn -0.088797 0.626617 -0.774252
vn -0.386591 0.818130 -0.425688
vn -0.401034 -0.835692 -0.375222
vn 0.293555 -0.755200 0.586088
vn 0.402605 0.515499 0.756419
vn 0.136952 0.389730 0.910689
vn 0.269684 -0.812130 0.517412
vn 0.414620 -0.901282 -0.125623
vn 0.742856 -0.656893 -0.129064
vn 0.619473 -0.020045 0.784762
vn -0.107099 -0.210162 0.971783
vn -0.135788 0.833013 0.536332
vn -0.168132 -0.752716 0.636514
vn -0.204979 -0.576788 0.790759
vn -0.232847 0.492715 0.838459
vn -0.361877 -0.803263 -0.473089
vn 0.134426 -0.569226 0.811117
vn 0.353605 -0.656466 0.666345
vn -0.585303 -0.718480 -0.375775
vn 0.578582 0.667086 -0.469297
vn 0.790256 0.600426 -0.122409
vn -0.088797 0.626617 -0.774252
vn 0.723151 0.646849 -0.242155
vn 0.402605 0.515499 0.756419
vn 0.160407 0.658960 0.734875
vn 0.380921 0.821046 -0.425185
vn 0.187120 0.932952 -0.307550
vn -0.695419 0.688250 -0.206651
vn -0.386591 0.818130 -0.425688
vn 0.529011 -0.475771 -0.702702
vn 0.517640 0.536909 -0.666166
vn 0.560864 0.616095 -0.553044
vn 0.587413 -0.600134 -0.542940
vn -0.666983 -0.715978 -0.206177
vn 0.218852 -0.919629 -0.326169
vn -0.401034 -0.835692 -0.375222
vn 0.546378 -0.072340 -0.834409
vn -0.497619 0.580103 -0.644869
vn -0.606675 0.490794 -0.625353
vn 0.217421 -0.625010 -0.749727
vn -0.366743 -0.803998 0.468068
vn -0.436885 -0.895134 -0.088692
vn 0.642971 -0.723224 -0.252064
vn 0.519086 -0.723848 -0.454525
vn 0.899192 0.430065 0.080610
vn 0.712507 -0.676986 0.184458
vn 0.095247 -0.670325 -0.735930
vn 0.257818 0.432168 -0.864153
vn -0.396808 0.517883 0.757852
vn 0.248583 -0.720017 0.647906
vn 0.642015 -0.435780 0.630804
vn 0.305846 0.571339 0.761597
vn 0.454869 0.581837 -0.674211
vn -0.554084 0.773044 0.308858
vn -0.263978 0.810829 0.522371
vn 0.524345 0.582243 -0.621333
vn -0.227071 0.671085 -0.705750
vn -0.410223 0.648152 -0.641573
vn -0.008220 -0.722339 -0.691491
vn 0.106129 -0.707255 -0.698947
vn -0.695419 0.688250 -0.206651
vn -0.666983 -0.715978 -0.206177
vn -0.401034 -0.835692 -0.375222
vn -0.386591 0.818130 -0.425688
vn -0.704937 0.700141 0.113434
vn -0.504728 0.862307 -0.040931
vn 0.410544 0.753335 -0.513751
vn 0.626904 0.722715 -0.290990
vn -0.386434 0.664807 0.639297
vn -0.361473 -0.821265 0.441432
vn -0.649544 -0.739975 0.174727
vn -0.619813 0.673364 0.403004
vn 0.593446 -0.637576 0.491243
vn -0.339569 -0.740688 -0.579719
vn 0.095247 -0.670325 -0.735930
vn 0.712507 -0.676986 0.184458
vn 0.187120 0.932952 -0.307550
vn -0.386591 0.818130 -0.425688
vn 0.633048 0.695747 0.339392
vn 0.426071 0.701273 0.571558
vn 0.924945 -0.150059 0.349226
vn 0.655368 -0.161730 -0.737792
vn 0.526680 0.311989 -0.790741
vn 0.913789 0.091635 0.395718
vn -0.101083 -0.514581 -0.851463
vn 0.579789 -0.703675 -0.410715
vn -0.630395 -0.757144 0.171276
vn -0.817824 -0.574352 -0.035825
vn 0.895154 0.412475 -0.169008
vn 0.680943 -0.719679 -0.135572
vn 0.355340 -0.808486 -0.469130
vn 0.524345 0.582243 -0.621333
vn -0.534636 0.545232 -0.645668
vn 0.517640 0.536909 -0.666166
vn 0.529011 -0.475771 -0.702702
vn -0.508227 -0.524277 -0.683256
vn -0.606227 0.687436 -0.399901
vn -0.566460 -0.690833 -0.449303
vn -0.817573 -0.558365 -0.140724
vn -0.850961 0.515344 -0.101419
vn 0.586045 0.809506 0.035385
vn 0.321779 -0.194946 0.926528
vn 0.419233 -0.198220 0.885976
vn 0.670637 0.673806 0.310211
vn -0.339569 -0.740688 -0.579719
vn -0.068096 -0.761581 -0.644482
vn -0.588110 0.597400 -0.545196
vn -0.142046 0.664575 -0.733596
vn -0.561753 0.343140 0.752788
vn 0.402605 0.515499 0.756419
vn 0.836853 0.090093 0.539963
vn -0.772925 -0.129690 0.621102
vn -0.032693 0.807060 -0.589564
vn -0.410223 0.648152 -0.641573
vn -0.725331 0.685799 0.059789
vn 0.484878 0.686366 -0.542028
vn -0.854937 0.518732 0.000071
vn -0.673430 0.704848 0.222894
vn 0.539253 0.762048 -0.358454
vn -0.130788 0.566082 -0.813908
vn -0.772925 -0.129690 0.621102
vn 0.836853 0.090093 0.539963
vn 0.419233 -0.198220 0.885976
vn -0.899242 -0.142733 0.413512
vn -0.495528 -0.728403 0.473161
vn -0.285439 -0.727834 0.623524
vn -0.255408 -0.758605 -0.599404
vn 0.171857 -0.799034 -0.576203
vn -0.440767 -0.577446 0.687227
vn -0.263978 0.810829 0.522371
vn -0.554084 0.773044 0.308858
vn -0.398007 -0.567104 0.721099
vn -0.695120 0.637502 -0.332263
vn 0.665166 0.746565 0.013958
vn 0.706634 0.533312 -0.465024
vn -0.346228 0.399351 -0.848908
vn 0.202871 0.692137 0.692669
vn 0.243042 -0.726158 0.643137
vn 0.647600 -0.548664 0.528756
vn 0.613196 0.551109 0.565924
vn 0.172427 -0.793729 0.583321
vn 0.160407 0.658960 0.734875
vn 0.402605 0.515499 0.756419
vn 0.293555 -0.755200 0.586088
vn 0.167313 -0.218426 -0.961403
vn -0.671754 -0.739449 0.044282
vn -0.822645 -0.414916 0.388716
vn -0.561524 0.755248 0.338070
vn 0.156607 0.713555 -0.682872
vn -0.481637 0.720717 -0.498591
vn -0.377066 0.758982 -0.530818
vn -0.658236 0.093386 0.746997
vn 0.185562 -0.177621 0.966446
vn 0.689159 0.092823 0.718640
vn 0.185562 -0.177621 0.966446
vn 0.774791 0.625479 -0.092063
vn 0.689159 0.092823 0.718640
vn -0.899242 -0.142733 0.413512
vn -0.608278 0.787026 -0.102899
vn -0.868906 0.494535 0.020937
vn 0.740254 0.592681 -0.317416
vn 0.599177 0.750032 -0.280068
vn -0.619813 0.673364 0.403004
vn -0.788056 0.614197 -0.041576
vn 0.422589 0.800673 -0.424667
vn 0.393420 0.555560 -0.732512
vn 0.802963 -0.595066 -0.033878
vn 0.923759 -0.115508 0.365141
vn 0.607039 -0.750329 -0.261744
vn 0.454869 0.581837 -0.674211
vn 0.524345 0.582243 -0.621333
vn 0.355340 -0.808486 -0.469130
vn -0.396808 0.517883 0.757852
vn -0.589374 0.411162 0.695402
vn 0.483478 -0.479536 0.732321
vn 0.248583 -0.720017 0.647906
vn -0.709333 0.703940 -0.036257
vn 0.366497 0.397314 -0.841321
vn 0.484878 0.686366 -0.542028
vn -0.725331 0.685799 0.059789
vn 0.248583 -0.720017 0.647906
vn 0.483478 -0.479536 0.732321
vn 0.628306 -0.348027 -0.695780
vn 0.553270 -0.458896 -0.695203
vn 0.524345 0.582243 -0.621333
vn -0.263978 0.810829 0.522371
vn 0.334521 0.574001 0.747408
vn 0.895154 0.412475 -0.169008
vn -0.567372 -0.348907 -0.745891
vn 0.801064 -0.053055 -0.596223
vn 0.325829 0.268800 -0.906412
vn -0.385248 -0.073952 -0.919845
vn -0.658236 0.093386 0.746997
vn -0.773804 0.467665 -0.427219
vn -0.822645 -0.414916 0.388716
vn 0.665166 0.746565 0.013958
vn -0.695120 0.637502 -0.332263
vn -0.729446 0.679566 -0.078089
vn 0.674389 0.718944 -0.168282
vn -0.346228 0.399351 -0.848908
vn 0.706634 0.533312 -0.465024
vn 0.745929 -0.612026 -0.262706
vn -0.287778 -0.673157 -0.681207
vn -0.606675 0.490794 -0.625353
vn -0.102208 0.707167 0.699620
vn -0.196055 0.688517 0.698217
vn -0.588110 0.597400 -0.545196
vn -0.373607 0.919466 0.122475
vn 0.147496 0.226612 -0.962752
vn 0.366497 0.397314 -0.841321
vn -0.709333 0.703940 -0.036257
vn -0.462262 0.723101 0.513262
vn -0.798373 -0.333388 0.501451
vn -0.422114 -0.621188 0.660262
vn 0.000230 0.831921 0.554894
vn 0.542981 0.431276 -0.720537
vn -0.504728 0.862307 -0.040931
vn -0.773804 0.467665 -0.427219
vn -0.773804 0.467665 -0.427219
vn -0.504728 0.862307 -0.040931
vn -0.822645 -0.414916 0.388716
vn 0.689159 0.092823 0.718640
vn 0.774791 0.625479 -0.092063
vn 0.542981 0.431276 -0.720537
vn 0.461119 0.787633 -0.408661
vn 0.086595 0.937061 0.338258
vn -0.256907 0.696045 0.670463
vn 0.668286 0.657779 -0.347449
vn 0.106129 -0.707255 -0.698947
vn -0.008220 -0.722339 -0.691491
vn -0.020862 -0.649857 0.759770
vn 0.192435 -0.686610 0.701096
vn -0.361877 -0.803263 -0.473089
vn -0.585303 -0.718480 -0.375775
vn -0.330808 0.643355 -0.690406
vn -0.062941 0.559468 -0.826459
vn -0.642031 -0.710774 0.287396
vn -0.704937 0.700141 0.113434
vn -0.729446 0.679566 -0.078089
vn -0.669710 -0.734420 0.110072
vn -0.227311 0.684835 -0.692337
vn -0.436885 -0.895134 -0.088692
vn 0.064305 -0.775399 -0.628189
vn -0.207549 0.608525 -0.765911
vn -0.101083 -0.514581 -0.851463
vn -0.817824 -0.574352 -0.035825
vn -0.854937 0.518732 0.000071
vn -0.130788 0.566082 -0.813908
vn -0.308827 0.773052 0.554091
vn 0.437521 0.796229 0.417846
vn -0.610538 0.790753 -0.044193
vn -0.054860 0.781714 0.621220
vn 0.727394 -0.685964 0.018766
vn 0.674389 0.718944 -0.168282
vn 0.626904 0.722715 -0.290990
vn 0.727017 -0.674142 -0.130303
vn 0.517640 0.536909 -0.666166
vn -0.534636 0.545232 -0.645668
vn -0.481637 0.720717 -0.498591
vn 0.560864 0.616095 -0.553044
vn -0.351803 -0.563119 -0.747751
vn -0.012431 -0.738706 -0.673913
vn -0.508319 -0.648242 0.566916
vn -0.774044 -0.559911 0.295559
vn -0.386048 0.639577 0.664761
vn -0.377066 0.758982 -0.530818
vn -0.656921 0.513502 -0.552061
vn -0.712299 0.495876 0.496727
vn -0.107099 -0.210162 0.971783
vn -0.373607 0.919466 0.122475
vn -0.709333 0.703940 -0.036257
vn -0.346838 -0.367593 0.862890
vn -0.788056 0.614197 -0.041576
vn -0.619813 0.673364 0.403004
vn -0.649544 -0.739975 0.174727
vn -0.794052 -0.521307 -0.312602
vn -0.284905 0.704645 0.649849
vn -0.288912 0.578339 -0.762924
vn 0.325829 0.268800 -0.906412
vn 0.072755 0.445099 0.892521
vn 0.689159 0.092823 0.718640
vn 0.483478 -0.479536 0.732321
vn -0.589374 0.411162 0.695402
vn -0.658236 0.093386 0.746997
vn -0.765236 0.046786 -0.642048
vn 0.733615 0.097016 -0.672605
vn 0.578582 0.667086 -0.469297
vn -0.519954 0.678467 -0.518970
vn -0.695120 0.637502 -0.332263
vn -0.634029 -0.764094 -0.119025
vn -0.669710 -0.734420 0.110072
vn -0.729446 0.679566 -0.078089
vn -0.504728 0.862307 -0.040931
vn 0.542981 0.431276 -0.720537
vn 0.410544 0.753335 -0.513751
vn 0.642015 -0.435780 0.630804
vn 0.908217 -0.208848 -0.362663
vn 0.589673 0.773082 -0.233731
vn 0.305846 0.571339 0.761597
vn 0.427524 -0.492493 0.758073
vn 0.435786 -0.628904 -0.643871
vn 0.064305 -0.775399 -0.628189
vn 0.285324 -0.575365 0.766515
vn -0.779204 0.528997 0.336160
vn -0.559071 -0.189375 -0.807203
vn -0.561840 -0.052883 -0.825554
vn -0.868906 0.494535 0.020937
vn 0.801064 -0.053055 -0.596223
vn 0.740254 0.592681 -0.317416
vn 0.849459 0.518223 -0.099325
vn 0.694674 0.020561 0.719031
vn 0.774791 0.625479 -0.092063
vn 0.167313 -0.218426 -0.961403
vn 0.410544 0.753335 -0.513751
vn 0.542981 0.431276 -0.720537
vn 0.419233 -0.198220 0.885976
vn 0.836853 0.090093 0.539963
vn 0.670637 0.673806 0.310211
vn 0.836853 0.090093 0.539963
vn 0.710538 0.614567 0.342699
vn 0.670637 0.673806 0.310211
vn 0.437521 0.796229 0.417846
vn 0.708049 0.700953 0.085628
vn 0.747580 -0.662968 0.039957
vn 0.482579 -0.797480 0.362137
vn -0.098736 -0.635438 0.765813
vn -0.366743 -0.803998 0.468068
vn -0.256907 0.696045 0.670463
vn 0.086595 0.937061 0.338258
vn 0.136952 0.389730 0.910689
vn -0.771318 0.217521 0.598124
vn -0.610538 0.790753 -0.044193
vn 0.437521 0.796229 0.417846
vn -0.765236 0.046786 -0.642048
vn -0.868906 0.494535 0.020937
vn -0.561840 -0.052883 -0.825554
vn -0.606227 0.687436 -0.399901
vn -0.610538 0.790753 -0.044193
vn -0.565259 -0.818611 -0.101777
vn -0.566460 -0.690833 -0.449303
vn -0.410223 0.648152 -0.641573
vn -0.227071 0.671085 -0.705750
vn -0.144326 0.705566 0.693792
vn -0.537174 0.562915 0.628148
vn -0.559071 -0.189375 -0.807203
vn 0.805547 -0.267275 -0.528827
vn 0.884633 0.018683 -0.465914
vn -0.561840 -0.052883 -0.825554
vn -0.519954 0.678467 -0.518970
vn -0.561753 0.343140 0.752788
vn -0.772925 -0.129690 0.621102
vn -0.765236 0.046786 -0.642048
vn -0.887868 -0.215878 0.406310
vn 0.694674 0.020561 0.719031
vn 0.432716 -0.207802 0.877254
vn -0.931710 -0.116941 0.343863
vn 0.072755 0.445099 0.892521
vn 0.695405 0.326773 0.640025
vn 0.685992 -0.193585 0.701384
vn 0.685992 -0.193585 0.701384
vn 0.695405 0.326773 0.640025
vn 0.755737 -0.342878 -0.557940
vn 0.695405 0.326773 0.640025
vn 0.805547 -0.267275 -0.528827
vn 0.755737 -0.342878 -0.557940
vn 0.743343 0.528047 0.410619
vn 0.767892 -0.522359 0.370787
vn 0.539309 -0.798062 -0.268780
vn 0.560708 0.756700 -0.336173
vn -0.552719 0.572909 -0.605209
vn 0.586045 0.809506 0.035385
vn 0.670637 0.673806 0.310211
vn -0.608278 0.787026 -0.102899
vn -0.068096 -0.761581 -0.644482
vn 0.404495 -0.565559 0.718698
vn 0.720000 -0.426992 0.547063
vn 0.217421 -0.625010 -0.749727
vn 0.669705 0.668377 -0.323678
vn -0.648657 0.722099 0.240450
vn -0.489728 0.846069 -0.210556
vn 0.461119 0.787633 -0.408661
vn 0.795651 0.496747 0.346673
vn 0.639564 0.250762 -0.726688
vn -0.062941 0.559468 -0.826459
vn 0.429794 0.775802 0.461961
vn -0.385248 -0.073952 -0.919845
vn 0.325829 0.268800 -0.906412
vn 0.755737 -0.342878 -0.557940
vn 0.156607 0.713555 -0.682872
vn -0.561524 0.755248 0.338070
vn -0.781462 0.573686 0.245361
vn -0.170364 0.636685 -0.752069
vn 0.202871 0.692137 0.692669
vn -0.033562 0.732766 -0.679653
vn 0.187120 0.932952 -0.307550
vn 0.426071 0.701273 0.571558
vn -0.168132 -0.752716 0.636514
vn -0.135788 0.833013 0.536332
vn 0.160407 0.658960 0.734875
vn 0.172427 -0.793729 0.583321
vn 0.005787 -0.684340 -0.729140
vn 0.243042 -0.726158 0.643137
vn 0.439439 -0.711996 0.547682
vn 0.218852 -0.919629 -0.326169
vn 0.710538 0.614567 0.342699
vn 0.836853 0.090093 0.539963
vn 0.884633 0.018683 -0.465914
vn 0.836853 0.090093 0.539963
vn 0.733615 0.097016 -0.672605
vn 0.884633 0.018683 -0.465914
vn -0.361877 -0.803263 -0.473089
vn -0.062941 0.559468 -0.826459
vn 0.639564 0.250762 -0.726688
vn 0.391899 -0.806889 -0.441979
vn -0.537174 0.562915 0.628148
vn -0.020862 -0.649857 0.759770
vn -0.239828 -0.314654 0.918409
vn -0.725331 0.685799 0.059789
vn -0.619813 0.673364 0.403004
vn 0.599177 0.750032 -0.280068
vn 0.488425 0.837606 -0.244657
vn -0.386434 0.664807 0.639297
vn -0.559071 -0.189375 -0.807203
vn -0.385248 -0.073952 -0.919845
vn 0.755737 -0.342878 -0.557940
vn 0.805547 -0.267275 -0.528827
vn -0.671754 -0.739449 0.044282
vn 0.185562 -0.177621 0.966446
vn -0.658236 0.093386 0.746997
vn -0.822645 -0.414916 0.388716
vn -0.339569 -0.740688 -0.579719
vn 0.593446 -0.637576 0.491243
vn 0.404495 -0.565559 0.718698
vn -0.068096 -0.761581 -0.644482
vn 0.432716 -0.207802 0.877254
vn 0.694674 0.020561 0.719031
vn 0.849459 0.518223 -0.099325
vn -0.142046 0.664575 -0.733596
vn -0.588110 0.597400 -0.545196
vn -0.551683 0.823579 0.131775
vn 0.422589 0.800673 -0.424667
vn 0.801064 -0.053055 -0.596223
vn 0.548507 -0.437362 -0.712639
vn 0.740254 0.592681 -0.317416
vn -0.721014 -0.328014 -0.610366
vn -0.391128 0.717898 -0.575883
vn 0.032148 0.678141 -0.734228
vn -0.359991 -0.648749 -0.670471
vn -0.567372 -0.348907 -0.745891
vn -0.887868 -0.215878 0.406310
vn -0.794052 -0.521307 -0.312602
vn 0.000230 0.831921 0.554894
vn 0.032148 0.678141 -0.734228
vn -0.391128 0.717898 -0.575883
vn -0.462262 0.723101 0.513262
vn -0.055374 -0.094675 0.993967
vn -0.363849 -0.516330 0.775253
vn -0.767773 0.636995 0.069003
vn -0.551683 0.823579 0.131775
vn -0.508319 -0.648242 0.566916
vn -0.012431 -0.738706 -0.673913
vn -0.474696 -0.622763 -0.621957
vn -0.249520 -0.740085 0.624510
vn -0.288912 0.578339 -0.762924
vn -0.284905 0.704645 0.649849
vn 0.014266 0.791348 0.611200
vn -0.207549 0.608525 -0.765911
vn -0.788056 0.614197 -0.041576
vn -0.931710 -0.116941 0.343863
vn -0.524996 0.651483 -0.547676
vn 0.319083 -0.676325 0.663906
vn -0.410772 -0.706384 -0.576444
vn -0.725300 -0.532904 -0.435836
vn 0.039795 -0.597248 0.801069
vn 0.435458 -0.320271 0.841310
vn 0.847471 0.466674 -0.252999
vn 0.879651 0.247507 -0.406146
vn 0.459518 -0.400639 0.792674
vn -0.363849 -0.516330 0.775253
vn -0.055374 -0.094675 0.993967
vn 0.923759 -0.115508 0.365141
vn 0.802963 -0.595066 -0.033878
vn -0.436290 0.720458 -0.539065
vn -0.032693 0.807060 -0.589564
vn 0.464599 0.698464 0.544331
vn 0.280090 0.574699 0.768941
vn 0.192435 -0.686610 0.701096
vn -0.144326 0.705566 0.693792
vn 0.133813 0.757577 0.638883
vn 0.329346 -0.653984 0.681055
vn -0.357161 0.208013 -0.910586
vn -0.830941 -0.538984 0.137965
vn -0.725300 -0.532904 -0.435836
vn 0.879651 0.247507 -0.406146
vn 0.546378 -0.072340 -0.834409
vn 0.695836 -0.139489 0.704525
vn 0.459518 -0.400639 0.792674
vn -0.829030 -0.457497 0.321568
vn -0.552719 0.572909 -0.605209
vn -0.608278 0.787026 -0.102899
vn -0.899242 -0.142733 0.413512
vn -0.474696 -0.622763 -0.621957
vn -0.012431 -0.738706 -0.673913
vn 0.187932 0.651323 -0.735159
vn 0.526680 0.311989 -0.790741
vn 0.879651 0.247507 -0.406146
vn -0.357161 0.208013 -0.910586
vn 0.546378 -0.072340 -0.834409
vn 0.546378 -0.072340 -0.834409
vn -0.357161 0.208013 -0.910586
vn -0.497619 0.580103 -0.644869
vn 0.171857 -0.799034 -0.576203
vn 0.587413 -0.600134 -0.542940
vn 0.560864 0.616095 -0.553044
vn 0.156607 0.713555 -0.682872
vn 0.849459 0.518223 -0.099325
vn -0.524996 0.651483 -0.547676
vn -0.470537 0.465367 -0.749686
vn 0.847471 0.466674 -0.252999
vn 0.579789 -0.703675 -0.410715
vn -0.101083 -0.514581 -0.851463
vn -0.130788 0.566082 -0.813908
vn 0.539253 0.762048 -0.358454
vn 0.560708 0.756700 -0.336173
vn 0.539309 -0.798062 -0.268780
vn 0.428000 -0.651770 -0.626108
vn 0.380921 0.821046 -0.425185
vn 0.553270 -0.458896 -0.695203
vn 0.628306 -0.348027 -0.695780
vn -0.446445 0.541298 -0.712520
vn -0.085575 0.784310 -0.614438
vn -0.767773 0.636995 0.069003
vn -0.554084 0.773044 0.308858
vn 0.454869 0.581837 -0.674211
vn 0.393420 0.555560 -0.732512
vn 0.217421 -0.625010 -0.749727
vn 0.720000 -0.426992 0.547063
vn 0.695836 -0.139489 0.704525
vn 0.546378 -0.072340 -0.834409
vn 0.167313 -0.218426 -0.961403
vn 0.727017 -0.674142 -0.130303
vn 0.626904 0.722715 -0.290990
vn 0.410544 0.753335 -0.513751
vn -0.033562 0.732766 -0.679653
vn 0.202871 0.692137 0.692669
vn 0.613196 0.551109 0.565924
vn 0.621734 0.581326 -0.524888
vn -0.421414 -0.749746 -0.510187
vn -0.481637 0.720717 -0.498591
vn -0.534636 0.545232 -0.645668
vn -0.508227 -0.524277 -0.683256
vn 0.695836 -0.139489 0.704525
vn -0.144879 0.648621 0.747195
vn 0.280090 0.574699 0.768941
vn -0.227071 0.671085 -0.705750
vn 0.106129 -0.707255 -0.698947
vn -0.176133 -0.752669 -0.634403
vn -0.367798 0.645268 -0.669593
vn -0.882600 -0.321366 0.343135
vn -0.470537 0.465367 -0.749686
vn -0.524996 0.651483 -0.547676
vn -0.931710 -0.116941 0.343863
vn -0.032693 0.807060 -0.589564
vn 0.872582 0.030559 0.487510
vn 0.464599 0.698464 0.544331
vn 0.872582 0.030559 0.487510
vn 0.319083 -0.676325 0.663906
vn 0.464599 0.698464 0.544331
vn 0.435458 -0.320271 0.841310
vn -0.882600 -0.321366 0.343135
vn -0.931710 -0.116941 0.343863
vn 0.432716 -0.207802 0.877254
vn 0.847471 0.466674 -0.252999
vn -0.470537 0.465367 -0.749686
vn -0.357161 0.208013 -0.910586
vn 0.879651 0.247507 -0.406146
vn 0.493922 -0.860511 -0.124750
vn 0.513595 -0.744778 0.426059
vn 0.776782 0.626601 -0.063103
vn 0.488425 0.837606 -0.244657
vn -0.088797 0.626617 -0.774252
vn 0.790256 0.600426 -0.122409
vn 0.633048 0.695747 0.339392
vn -0.386591 0.818130 -0.425688
vn -0.446280 0.719578 0.532017
vn -0.781400 0.553928 0.287364
vn -0.774044 -0.559911 0.295559
vn -0.508319 -0.648242 0.566916
vn 0.872582 0.030559 0.487510
vn -0.032693 0.807060 -0.589564
vn 0.484878 0.686366 -0.542028
vn -0.361473 -0.821265 0.441432
vn -0.422114 -0.621188 0.660262
vn -0.359991 -0.648749 -0.670471
vn -0.422724 -0.884232 -0.198593
vn 0.477615 -0.872729 0.101135
vn 0.790256 0.600426 -0.122409
vn 0.723151 0.646849 -0.242155
vn 0.764071 -0.585865 -0.270106
vn 0.519086 -0.723848 -0.454525
vn 0.642971 -0.723224 -0.252064
vn 0.461119 0.787633 -0.408661
vn 0.668286 0.657779 -0.347449
vn -0.373607 0.919466 0.122475
vn 0.416668 0.901487 0.117088
vn 0.582872 0.221489 -0.781795
vn 0.147496 0.226612 -0.962752
vn -0.709333 0.703940 -0.036257
vn -0.725331 0.685799 0.059789
vn -0.239828 -0.314654 0.918409
vn -0.346838 -0.367593 0.862890
vn 0.695836 -0.139489 0.704525
vn 0.280090 0.574699 0.768941
vn 0.039795 -0.597248 0.801069
vn 0.459518 -0.400639 0.792674
vn 0.680943 -0.719679 -0.135572
vn 0.104232 -0.497554 0.861148
vn -0.440767 -0.577446 0.687227
vn 0.355340 -0.808486 -0.469130
vn 0.586045 0.809506 0.035385
vn -0.552719 0.572909 -0.605209
vn 0.167313 -0.218426 -0.961403
vn 0.774791 0.625479 -0.092063
vn 0.391899 -0.806889 -0.441979
vn 0.554328 -0.543752 0.630122
vn 0.134426 -0.569226 0.811117
vn -0.361877 -0.803263 -0.473089
vn 0.426071 0.701273 0.571558
vn 0.439439 -0.711996 0.547682
vn 0.243042 -0.726158 0.643137
vn 0.202871 0.692137 0.692669
vn 0.717820 -0.658178 0.227019
vn 0.665166 0.746565 0.013958
vn 0.674389 0.718944 -0.168282
vn 0.727394 -0.685964 0.018766
vn 0.477615 -0.872729 0.101135
vn -0.277722 -0.815306 -0.508081
vn -0.401034 -0.835692 -0.375222
vn 0.596863 -0.708978 0.375640
vn -0.366743 -0.803998 0.468068
vn 0.519086 -0.723848 -0.454525
vn 0.761947 -0.646557 -0.037422
vn -0.053502 -0.660003 0.749355
vn -0.666983 -0.715978 -0.206177
vn -0.695419 0.688250 -0.206651
vn -0.673430 0.704848 0.222894
vn -0.630395 -0.757144 0.171276
vn -0.725331 0.685799 0.059789
vn -0.410223 0.648152 -0.641573
vn -0.537174 0.562915 0.628148
vn -0.436290 0.720458 -0.539065
vn 0.280090 0.574699 0.768941
vn -0.144879 0.648621 0.747195
vn -0.497619 0.580103 -0.644869
vn 0.743343 0.528047 0.410619
vn -0.232847 0.492715 0.838459
vn -0.204979 -0.576788 0.790759
vn 0.767892 -0.522359 0.370787
vn -0.288912 0.578339 -0.762924
vn 0.435786 -0.628904 -0.643871
vn 0.755737 -0.342878 -0.557940
vn 0.325829 0.268800 -0.906412
vn 0.110670 0.443506 0.889413
vn 0.892162 0.433775 0.126039
vn 0.668286 0.657779 -0.347449
vn -0.256907 0.696045 0.670463
vn 0.727017 -0.674142 -0.130303
vn 0.167313 -0.218426 -0.961403
vn -0.822645 -0.414916 0.388716
vn -0.642031 -0.710774 0.287396
vn -0.410772 -0.706384 -0.576444
vn -0.032693 0.807060 -0.589564
vn -0.436290 0.720458 -0.539065
vn -0.725300 -0.532904 -0.435836
vn 0.727017 -0.674142 -0.130303
vn -0.642031 -0.710774 0.287396
vn -0.669710 -0.734420 0.110072
vn 0.727394 -0.685964 0.018766
vn -0.053502 -0.660003 0.749355
vn 0.110670 0.443506 0.889413
vn -0.256907 0.696045 0.670463
vn -0.366743 -0.803998 0.468068
vn -0.634029 -0.764094 -0.119025
vn 0.717820 -0.658178 0.227019
vn 0.727394 -0.685964 0.018766
vn -0.669710 -0.734420 0.110072
vn 0.147496 0.226612 -0.962752
vn 0.414620 -0.901282 -0.125623
vn 0.736816 -0.674288 0.049380
vn 0.366497 0.397314 -0.841321
vn -0.712299 0.495876 0.496727
vn -0.656921 0.513502 -0.552061
vn -0.618862 -0.519871 -0.588850
vn -0.680866 -0.570988 0.458688
vn -0.497619 0.580103 -0.644869
vn -0.144879 0.648621 0.747195
vn -0.102208 0.707167 0.699620
vn -0.606675 0.490794 -0.625353
vn 0.817794 -0.511267 0.264232
vn 0.669705 0.668377 -0.323678
vn 0.461119 0.787633 -0.408661
vn 0.642971 -0.723224 -0.252064
vn -0.142046 0.664575 -0.733596
vn 0.422589 0.800673 -0.424667
vn 0.781636 0.590823 0.199933
vn 0.781636 0.590823 0.199933
vn 0.422589 0.800673 -0.424667
vn 0.923759 -0.115508 0.365141
vn 0.621734 0.581326 -0.524888
vn 0.652706 -0.503371 -0.566209
vn 0.005787 -0.684340 -0.729140
vn -0.033562 0.732766 -0.679653
vn 0.483478 -0.479536 0.732321
vn 0.689159 0.092823 0.718640
vn 0.542981 0.431276 -0.720537
vn 0.628306 -0.348027 -0.695780
vn -0.339569 -0.740688 -0.579719
vn -0.142046 0.664575 -0.733596
vn 0.257818 0.432168 -0.864153
vn 0.095247 -0.670325 -0.735930
vn 0.670637 0.673806 0.310211
vn 0.710538 0.614567 0.342699
vn -0.868906 0.494535 0.020937
vn -0.608278 0.787026 -0.102899
vn -0.367798 0.645268 -0.669593
vn -0.841203 0.486460 -0.236083
vn -0.319331 0.588406 0.742837
vn 0.133813 0.757577 0.638883
vn 0.908217 -0.208848 -0.362663
vn 0.642015 -0.435780 0.630804
vn 0.248583 -0.720017 0.647906
vn 0.553270 -0.458896 -0.695203
vn -0.634029 -0.764094 -0.119025
vn -0.695120 0.637502 -0.332263
vn -0.346228 0.399351 -0.848908
vn -0.287778 -0.673157 -0.681207
vn -0.446445 0.541298 -0.712520
vn -0.773804 0.467665 -0.427219
vn -0.658236 0.093386 0.746997
vn -0.589374 0.411162 0.695402
vn 0.355340 -0.808486 -0.469130
vn -0.440767 -0.577446 0.687227
vn -0.398007 -0.567104 0.721099
vn 0.607039 -0.750329 -0.261744
vn -0.367798 0.645268 -0.669593
vn 0.133813 0.757577 0.638883
vn -0.144326 0.705566 0.693792
vn -0.227071 0.671085 -0.705750
vn 0.747580 -0.662968 0.039957
vn 0.708049 0.700953 0.085628
vn 0.727968 0.550281 0.408966
vn 0.759501 -0.531213 0.375461
vn 0.427524 -0.492493 0.758073
vn -0.284905 0.704645 0.649849
vn 0.072755 0.445099 0.892521
vn 0.685992 -0.193585 0.701384
vn 0.484878 0.686366 -0.542028
vn 0.366497 0.397314 -0.841321
vn 0.736816 -0.674288 0.049380
vn 0.872582 0.030559 0.487510
vn -0.779204 0.528997 0.336160
vn -0.834996 0.179737 0.520073
vn -0.385248 -0.073952 -0.919845
vn -0.559071 -0.189375 -0.807203
vn -0.551683 0.823579 0.131775
vn -0.588110 0.597400 -0.545196
vn -0.196055 0.688517 0.698217
vn -0.237027 -0.820979 -0.519434
vn 0.051677 -0.816391 0.575183
vn -0.249520 -0.740085 0.624510
vn -0.474696 -0.622763 -0.621957
vn 0.402605 0.515499 0.756419
vn 0.578582 0.667086 -0.469297
vn 0.733615 0.097016 -0.672605
vn 0.836853 0.090093 0.539963
vn -0.401034 -0.835692 -0.375222
vn 0.218852 -0.919629 -0.326169
vn 0.439439 -0.711996 0.547682
vn 0.596863 -0.708978 0.375640
vn -0.588110 0.597400 -0.545196
vn -0.068096 -0.761581 -0.644482
vn 0.217421 -0.625010 -0.749727
vn -0.606675 0.490794 -0.625353
vn 0.404495 -0.565559 0.718698
vn -0.055374 -0.094675 0.993967
vn -0.196055 0.688517 0.698217
vn -0.196055 0.688517 0.698217
vn -0.055374 -0.094675 0.993967
vn -0.551683 0.823579 0.131775
vn 0.464599 0.698464 0.544331
vn 0.319083 -0.676325 0.663906
vn 0.039795 -0.597248 0.801069
vn 0.280090 0.574699 0.768941
vn -0.287778 -0.673157 -0.681207
vn 0.745929 -0.612026 -0.262706
vn 0.717820 -0.658178 0.227019
vn -0.634029 -0.764094 -0.119025
vn -0.741299 -0.637522 -0.209859
vn -0.176133 -0.752669 -0.634403
vn 0.329346 -0.653984 0.681055
vn -0.216927 -0.541378 0.812313
vn 0.817794 -0.511267 0.264232
vn -0.421131 -0.587440 0.691059
vn -0.249520 -0.740085 0.624510
vn 0.913789 0.091635 0.395718
vn 0.923759 -0.115508 0.365141
vn 0.593446 -0.637576 0.491243
vn 0.781636 0.590823 0.199933
vn -0.396808 0.517883 0.757852
vn -0.085575 0.784310 -0.614438
vn -0.446445 0.541298 -0.712520
vn -0.589374 0.411162 0.695402
vn -0.798373 -0.333388 0.501451
vn -0.462262 0.723101 0.513262
vn -0.391128 0.717898 -0.575883
vn -0.721014 -0.328014 -0.610366
vn -0.264137 -0.827091 0.496137
vn -0.308827 0.773052 0.554091
vn -0.054860 0.781714 0.621220
vn -0.010521 -0.827596 0.561226
vn -0.704937 0.700141 0.113434
vn 0.626904 0.722715 -0.290990
vn 0.674389 0.718944 -0.168282
vn -0.729446 0.679566 -0.078089
vn 0.579789 -0.703675 -0.410715
vn 0.539253 0.762048 -0.358454
vn 0.187120 0.932952 -0.307550
vn 0.218852 -0.919629 -0.326169
vn -0.330808 0.643355 -0.690406
vn -0.123579 0.756567 -0.642133
vn 0.776782 0.626601 -0.063103
vn 0.609730 0.710764 0.350776
vn -0.055374 -0.094675 0.993967
vn 0.404495 -0.565559 0.718698
vn 0.593446 -0.637576 0.491243
vn 0.923759 -0.115508 0.365141
vn -0.421414 -0.749746 -0.510187
vn -0.255408 -0.758605 -0.599404
vn -0.377066 0.758982 -0.530818
vn -0.481637 0.720717 -0.498591
vn 0.321779 -0.194946 0.926528
vn 0.586045 0.809506 0.035385
vn 0.774791 0.625479 -0.092063
vn 0.185562 -0.177621 0.966446
vn 0.776782 0.626601 -0.063103
vn -0.123579 0.756567 -0.642133
vn 0.488425 0.837606 -0.244657
vn 0.599177 0.750032 -0.280068
vn 0.578325 -0.639124 -0.507012
vn 0.493922 -0.860511 -0.124750
vn 0.488425 0.837606 -0.244657
vn 0.439439 -0.711996 0.547682
vn 0.426071 0.701273 0.571558
vn 0.633048 0.695747 0.339392
vn 0.596863 -0.708978 0.375640
vn -0.618862 -0.519871 -0.588850
vn -0.656921 0.513502 -0.552061
vn -0.377066 0.758982 -0.530818
vn -0.255408 -0.758605 -0.599404
vn -0.361473 -0.821265 0.441432
vn -0.422724 -0.884232 -0.198593
vn 0.493922 -0.860511 -0.124750
vn 0.493922 -0.860511 -0.124750
vn -0.422724 -0.884232 -0.198593
vn 0.513595 -0.744778 0.426059
vn 0.147496 0.226612 -0.962752
vn 0.582872 0.221489 -0.781795
vn 0.742856 -0.656893 -0.129064
vn 0.414620 -0.901282 -0.125623
vn -0.882600 -0.321366 0.343135
vn 0.435458 -0.320271 0.841310
vn 0.459518 -0.400639 0.792674
vn -0.830941 -0.538984 0.137965
vn -0.277722 -0.815306 -0.508081
vn 0.477615 -0.872729 0.101135
vn -0.534462 -0.833941 0.137453
vn -0.504957 -0.831924 0.230046
vn -0.422724 -0.884232 -0.198593
vn -0.585303 -0.718480 -0.375775
vn 0.353605 -0.656466 0.666345
vn 0.513595 -0.744778 0.426059
vn 0.913789 0.091635 0.395718
vn -0.249520 -0.740085 0.624510
vn 0.051677 -0.816391 0.575183
vn 0.924945 -0.150059 0.349226
vn -0.554084 0.773044 0.308858
vn -0.767773 0.636995 0.069003
vn -0.363849 -0.516330 0.775253
vn -0.398007 -0.567104 0.721099
vn 0.872582 0.030559 0.487510
vn 0.736816 -0.674288 0.049380
vn -0.346838 -0.367593 0.862890
vn -0.239828 -0.314654 0.918409
vn -0.566460 -0.690833 -0.449303
vn -0.010521 -0.827596 0.561226
vn -0.250959 -0.579334 0.775494
vn -0.817573 -0.558365 -0.140724
vn -0.033562 0.732766 -0.679653
vn 0.005787 -0.684340 -0.729140
vn 0.218852 -0.919629 -0.326169
vn 0.187120 0.932952 -0.307550
vn -0.830941 -0.538984 0.137965
vn -0.357161 0.208013 -0.910586
vn -0.470537 0.465367 -0.749686
vn -0.882600 -0.321366 0.343135
vn -0.285439 -0.727834 0.623524
vn -0.386048 0.639577 0.664761
vn -0.712299 0.495876 0.496727
vn -0.680866 -0.570988 0.458688
vn 0.767892 -0.522359 0.370787
vn -0.204979 -0.576788 0.790759
vn -0.168132 -0.752716 0.636514
vn 0.539309 -0.798062 -0.268780
vn 0.321779 -0.194946 0.926528
vn -0.829030 -0.457497 0.321568
vn -0.899242 -0.142733 0.413512
vn 0.419233 -0.198220 0.885976
vn 0.884633 0.018683 -0.465914
vn 0.733615 0.097016 -0.672605
vn -0.765236 0.046786 -0.642048
vn -0.561840 -0.052883 -0.825554
vn -0.386434 0.664807 0.639297
vn 0.488425 0.837606 -0.244657
vn 0.000230 0.831921 0.554894
vn 0.740254 0.592681 -0.317416
vn -0.788056 0.614197 -0.041576
vn -0.524996 0.651483 -0.547676
vn 0.849459 0.518223 -0.099325
vn -0.850961 0.515344 -0.101419
vn -0.281547 0.502950 0.817173
vn -0.054860 0.781714 0.621220
vn -0.606227 0.687436 -0.399901
vn -0.362203 0.561500 -0.743994
vn -0.781400 0.553928 0.287364
vn -0.446280 0.719578 0.532017
vn 0.187932 0.651323 -0.735159
vn 0.104232 -0.497554 0.861148
vn 0.680943 -0.719679 -0.135572
vn 0.895154 0.412475 -0.169008
vn 0.334521 0.574001 0.747408
vn -0.798373 -0.333388 0.501451
vn -0.721014 -0.328014 -0.610366
vn -0.359991 -0.648749 -0.670471
vn -0.422114 -0.621188 0.660262
vn -0.436885 -0.895134 -0.088692
vn -0.098736 -0.635438 0.765813
vn 0.285324 -0.575365 0.766515
vn 0.064305 -0.775399 -0.628189
vn -0.284905 0.704645 0.649849
vn 0.427524 -0.492493 0.758073
vn 0.285324 -0.575365 0.766515
vn 0.014266 0.791348 0.611200
vn -0.085575 0.784310 -0.614438
vn -0.396808 0.517883 0.757852
vn 0.305846 0.571339 0.761597
vn 0.589673 0.773082 -0.233731
vn 0.051677 -0.816391 0.575183
vn -0.237027 -0.820979 -0.519434
vn 0.655368 -0.161730 -0.737792
vn 0.924945 -0.150059 0.349226
vn 0.086595 0.937061 0.338258
vn -0.489728 0.846069 -0.210556
vn -0.227311 0.684835 -0.692337
vn -0.489728 0.846069 -0.210556
vn -0.436885 -0.895134 -0.088692
vn -0.227311 0.684835 -0.692337
vn -0.680866 -0.570988 0.458688
vn -0.618862 -0.519871 -0.588850
vn -0.255408 -0.758605 -0.599404
vn -0.285439 -0.727834 0.623524
vn 0.393420 0.555560 -0.732512
vn 0.454869 0.581837 -0.674211
vn 0.607039 -0.750329 -0.261744
vn 0.802963 -0.595066 -0.033878
vn -0.421131 -0.587440 0.691059
vn -0.648657 0.722099 0.240450
vn -0.446280 0.719578 0.532017
vn -0.508319 -0.648242 0.566916
vn 0.513595 -0.744778 0.426059
vn 0.353605 -0.656466 0.666345
vn 0.609730 0.710764 0.350776
vn 0.776782 0.626601 -0.063103
vn -0.032693 0.807060 -0.589564
vn -0.410772 -0.706384 -0.576444
vn -0.008220 -0.722339 -0.691491
vn -0.410223 0.648152 -0.641573
vn 0.134426 -0.569226 0.811117
vn 0.429794 0.775802 0.461961
vn 0.609730 0.710764 0.350776
vn 0.353605 -0.656466 0.666345
vn 0.742856 -0.656893 -0.129064
vn 0.582872 0.221489 -0.781795
vn 0.416668 0.901487 0.117088
vn 0.619473 -0.020045 0.784762
vn 0.554328 -0.543752 0.630122
vn 0.795651 0.496747 0.346673
vn 0.429794 0.775802 0.461961
vn 0.134426 -0.569226 0.811117
vn -0.239662 -0.571480 0.784839
vn 0.759501 -0.531213 0.375461
vn 0.727968 0.550281 0.408966
vn -0.267921 0.504481 0.820803
vn 0.519086 -0.723848 -0.454525
vn 0.668286 0.657779 -0.347449
vn 0.892162 0.433775 0.126039
vn 0.761947 -0.646557 -0.037422
vn -0.386434 0.664807 0.639297
vn 0.000230 0.831921 0.554894
vn -0.422114 -0.621188 0.660262
vn -0.361473 -0.821265 0.441432
vn -0.357161 0.208013 -0.910586
vn -0.725300 -0.532904 -0.435836
vn -0.436290 0.720458 -0.539065
vn -0.497619 0.580103 -0.644869
vn 0.086595 0.937061 0.338258
vn 0.461119 0.787633 -0.408661
vn -0.489728 0.846069 -0.210556
vn 0.285324 -0.575365 0.766515
vn -0.098736 -0.635438 0.765813
vn 0.086595 0.937061 0.338258
vn 0.014266 0.791348 0.611200
vn 0.596863 -0.708978 0.375640
vn 0.633048 0.695747 0.339392
vn 0.790256 0.600426 -0.122409
vn 0.477615 -0.872729 0.101135
vn 0.548507 -0.437362 -0.712639
vn 0.578325 -0.639124 -0.507012
vn 0.599177 0.750032 -0.280068
vn 0.740254 0.592681 -0.317416
vn 0.104232 -0.497554 0.861148
vn 0.334521 0.574001 0.747408
vn -0.263978 0.810829 0.522371
vn -0.440767 -0.577446 0.687227
vn -0.142046 0.664575 -0.733596
vn 0.781636 0.590823 0.199933
vn 0.899192 0.430065 0.080610
vn 0.257818 0.432168 -0.864153
vn 0.669705 0.668377 -0.323678
vn 0.817794 -0.511267 0.264232
vn 0.913789 0.091635 0.395718
vn 0.459518 -0.400639 0.792674
vn 0.039795 -0.597248 0.801069
vn -0.725300 -0.532904 -0.435836
vn -0.830941 -0.538984 0.137965
vn 0.847471 0.466674 -0.252999
vn 0.435458 -0.320271 0.841310
vn 0.432716 -0.207802 0.877254
vn 0.849459 0.518223 -0.099325
vn -0.098736 -0.635438 0.765813
vn -0.436885 -0.895134 -0.088692
vn -0.366743 -0.803998 0.468068
vn 0.669705 0.668377 -0.323678
vn 0.913789 0.091635 0.395718
vn 0.526680 0.311989 -0.790741
vn 0.187932 0.651323 -0.735159
vn -0.012431 -0.738706 -0.673913
vn -0.351803 -0.563119 -0.747751
vn -0.362203 0.561500 -0.743994
vn -0.841203 0.486460 -0.236083
vn -0.367798 0.645268 -0.669593
vn -0.176133 -0.752669 -0.634403
vn -0.741299 -0.637522 -0.209859
vn -0.585303 -0.718480 -0.375775
vn -0.422724 -0.884232 -0.198593
vn -0.123579 0.756567 -0.642133
vn -0.330808 0.643355 -0.690406
vn 0.665166 0.746565 0.013958
vn 0.717820 -0.658178 0.227019
vn 0.745929 -0.612026 -0.262706
vn 0.706634 0.533312 -0.465024
vn -0.216927 -0.541378 0.812313
vn 0.329346 -0.653984 0.681055
vn 0.133813 0.757577 0.638883
vn -0.319331 0.588406 0.742837
vn -0.020862 -0.649857 0.759770
vn 0.319083 -0.676325 0.663906
vn 0.872582 0.030559 0.487510
vn -0.239828 -0.314654 0.918409
vn -0.249520 -0.740085 0.624510
vn -0.421131 -0.587440 0.691059
vn -0.508319 -0.648242 0.566916
vn -0.043937 -0.683278 -0.728835
vn -0.504957 -0.831924 0.230046
vn -0.495528 -0.728403 0.473161
vn 0.171857 -0.799034 -0.576203
vn -0.123579 0.756567 -0.642133
vn 0.032148 0.678141 -0.734228
vn 0.000230 0.831921 0.554894
vn 0.488425 0.837606 -0.244657
vn 0.669705 0.668377 -0.323678
vn 0.526680 0.311989 -0.790741
vn 0.187932 0.651323 -0.735159
vn -0.567372 -0.348907 -0.745891
vn -0.794052 -0.521307 -0.312602
vn 0.548507 -0.437362 -0.712639
vn 0.801064 -0.053055 -0.596223
vn -0.551683 0.823579 0.131775
vn -0.767773 0.636995 0.069003
vn 0.393420 0.555560 -0.732512
vn 0.422589 0.800673 -0.424667
vn -0.474696 -0.622763 -0.621957
vn 0.526680 0.311989 -0.790741
vn 0.655368 -0.161730 -0.737792
vn -0.237027 -0.820979 -0.519434
vn 0.621734 0.581326 -0.524888
vn 0.613196 0.551109 0.565924
vn 0.647600 -0.548664 0.528756
vn 0.652706 -0.503371 -0.566209
vn 0.801064 -0.053055 -0.596223
vn 0.694674 0.020561 0.719031
vn 0.072755 0.445099 0.892521
vn 0.325829 0.268800 -0.906412
vn 0.416668 0.901487 0.117088
vn -0.373607 0.919466 0.122475
vn -0.107099 -0.210162 0.971783
vn 0.619473 -0.020045 0.784762
vn -0.781400 0.553928 0.287364
vn -0.362203 0.561500 -0.743994
vn -0.351803 -0.563119 -0.747751
vn -0.774044 -0.559911 0.295559
s off
g tree_07:samor_4024_202tree_07group1
usemtl tree_07:samor_4024_202SG
f 674/385/1919 672/386/1920 671/387/1921 673/388/1922
f 386/389/1923 388/390/1924 387/391/1925
f 625/392/1926 624/393/1927 623/394/1928 622/395/1929
f 491/396/1930 494/397/1931 485/398/1932 490/399/1933
f 393/400/1934 392/401/1935 394/402/1936
f 539/403/1937 540/404/1938 533/405/1939 538/406/1940
f 465/407/1941 464/408/1942 475/409/1943 474/410/1944
f 395/411/1945 396/412/1946 394/402/1947 388/390/1948
f 556/413/1949 558/414/1950 557/415/1951 555/416/1952
f 697/417/1953 698/418/1954 694/419/1955 695/420/1956
f 397/421/1957 398/422/1958 393/400/1959 394/402/1960
f 398/422/1961 402/423/1962 401/424/1963 400/425/1964
f 404/426/1965 399/427/1966 405/428/1967 403/429/1968
f 393/400/1969 386/389/1970 389/430/1971 391/431/1972
f 705/432/1973 704/433/1974 688/434/1975 703/435/1976
f 400/425/1977 405/428/1978 399/427/1979 398/422/1980
f 481/436/1981 475/409/1982 476/437/1983 480/438/1984
f 516/439/1985 495/440/1986 512/441/1987 515/442/1988
f 398/422/1989 397/421/1990 402/423/1991
f 667/443/1992 668/444/1993 660/445/1994 659/446/1995
f 404/426/1996 406/447/1997 399/427/1998
f 429/448/1999 409/449/2000 430/450/2001 425/451/2002
f 407/452/2003 408/453/2004 395/411/2005
f 395/411/2006 408/453/2007 409/449/2008
f 408/453/2009 410/454/2010 409/449/2011
f 410/454/2012 411/455/2013 409/449/2014
f 427/456/2015 428/457/2016 426/458/2017 411/455/2018
f 424/459/2019 407/452/2020 406/447/2021 397/421/2022
f 702/460/2023 701/461/2024 716/462/2025 715/463/2026
f 509/464/2027 501/465/2028 500/466/2029 502/467/2030
f 630/468/2031 641/469/2032 632/470/2033 631/471/2034
f 551/472/2035 552/473/2036 542/474/2037 543/475/2038
f 390/476/2039 391/431/2040 389/430/2041 385/477/2042
f 616/478/2043 615/479/2044 620/480/2045 619/481/2046
f 615/479/2047 602/482/2048 613/483/2049 614/484/2050
f 423/485/2051 418/486/2052 413/487/2053
f 418/486/2054 415/488/2055 413/487/2056
f 396/412/2057 424/459/2058 397/421/2059 394/402/2060
f 722/489/2061 723/490/2062 396/412/2063
f 540/404/2064 536/491/2065 482/492/2066 533/405/2067
f 556/413/2068 547/493/2069 560/494/2070 559/495/2071
f 442/496/2072 444/497/2073 443/498/2074 441/499/2075
f 551/472/2076 550/500/2077 684/501/2078 683/502/2079
f 409/449/2080 429/448/2081 396/412/2082 395/411/2083
f 428/457/2084 429/448/2085 426/458/2086
f 411/455/2087 426/458/2088 413/487/2089 412/503/2090
f 453/504/2091 452/505/2092 448/506/2093 447/507/2094
f 557/415/2095 558/414/2096 663/508/2097 656/509/2098
f 547/493/2099 548/510/2100 544/511/2101 545/512/2102
f 415/488/2103 418/486/2104 417/513/2105 416/514/2106
f 436/515/2107 430/450/2108 422/516/2109
f 531/517/2110 489/518/2111 482/492/2112 530/519/2113
f 421/520/2114 412/503/2115 414/521/2116
f 507/522/2117 511/523/2118 506/524/2119 499/525/2120
f 468/526/2121 469/527/2122 467/528/2123 466/529/2124
f 594/530/2125 593/531/2126 602/482/2127 601/532/2128
f 396/412/2129 437/533/2130 424/459/2131
f 437/533/2132 438/534/2133 424/459/2134
f 702/460/2135 703/435/2136 688/434/2137 687/535/2138
f 407/452/2139 439/536/2140 408/453/2141
f 430/450/2142 436/515/2143 431/537/2144 425/451/2145
f 410/454/2146 455/538/2147 427/456/2148 411/455/2149
f 438/534/2150 442/496/2151 441/499/2152 440/539/2153
f 463/540/2154 462/541/2155 477/542/2156 476/437/2157
f 541/543/2158 545/512/2159 536/491/2160 540/404/2161
f 445/544/2162 447/507/2163 443/498/2164
f 447/507/2165 448/506/2166 443/498/2167
f 588/545/2168 585/546/2169 586/547/2170 577/548/2171
f 441/499/2172 449/549/2173 440/539/2174
f 440/539/2175 449/549/2176 446/550/2177
f 605/551/2178 606/552/2179 596/553/2180 597/554/2181
f 684/501/2182 689/555/2183 686/556/2184 685/557/2185
f 546/558/2186 547/493/2187 545/512/2188 541/543/2189
f 675/559/2190 678/560/2191 661/561/2192 664/562/2193
f 651/563/2194 654/564/2195 628/565/2196 650/566/2197
f 438/534/2198 437/533/2199 442/496/2200
f 646/567/2201 584/568/2202 585/546/2203 588/545/2204
f 454/569/2205 455/538/2206 444/497/2207
f 444/497/2208 455/538/2209 439/536/2210
f 490/399/2211 488/570/2212 492/571/2213 491/396/2214
f 428/457/2215 427/456/2216 458/572/2217 457/573/2218
f 438/534/2219 439/536/2220 407/452/2221 424/459/2222
f 605/551/2223 612/574/2224 611/575/2225 606/552/2226
f 447/507/2227 446/550/2228 451/576/2229 453/504/2230
f 670/577/2231 666/578/2232 665/579/2233 669/580/2234
f 455/538/2235 454/569/2236 427/456/2237
f 444/497/2238 439/536/2239 445/544/2240 443/498/2241
f 462/541/2242 463/540/2243 458/572/2244
f 416/514/2245 420/581/2246 414/521/2247 415/488/2248
f 464/408/2249 465/407/2250 457/573/2251
f 578/582/2252 579/583/2253 582/584/2254 581/585/2255
f 693/586/2256 688/434/2257 704/433/2258 696/587/2259
f 654/564/2260 651/563/2261 652/588/2262 653/589/2263
f 505/590/2264 508/591/2265 504/592/2266 503/593/2267
f 649/594/2268 633/595/2269 635/596/2270 639/597/2271
f 617/598/2272 600/599/2273 601/532/2274 616/478/2275
f 463/540/2276 464/408/2277 457/573/2278 458/572/2279
f 515/442/2280 512/441/2281 513/600/2282 514/601/2283
f 662/602/2284 663/508/2285 558/414/2286 568/603/2287
f 650/566/2288 645/604/2289 652/588/2290 651/563/2291
f 462/541/2292 458/572/2293 459/605/2294 461/606/2295
f 709/607/2296 711/608/2297 708/609/2298 706/610/2299
f 479/611/2300 474/410/2301 475/409/2302 481/436/2303
f 638/612/2304 644/613/2305 640/614/2306 639/597/2307
f 419/615/2308 420/581/2309 416/514/2310 417/513/2311
f 387/391/2312 392/401/2313 390/476/2314 385/477/2315
f 486/616/2316 488/570/2317 487/617/2318 483/618/2319
f 645/604/2320 587/619/2321 583/620/2322 626/621/2323
f 408/453/2324 439/536/2325 532/622/2326 531/517/2327
f 591/623/2328 600/599/2329 599/624/2330 598/625/2331
f 480/438/2332 476/437/2333 477/542/2334 478/626/2335
f 531/517/2336 532/622/2337 487/617/2338 489/518/2339
f 425/451/2340 431/537/2341 423/485/2342 413/487/2343
f 634/627/2344 635/596/2345 633/595/2346 632/470/2347
f 524/628/2348 523/629/2349 529/630/2350 528/631/2351
f 473/632/2352 467/528/2353 469/527/2354 471/633/2355
f 440/539/2356 445/544/2357 439/536/2358 438/534/2359
f 494/397/2360 491/396/2361 495/440/2362
f 430/450/2363 412/503/2364 421/520/2365 422/516/2366
f 496/634/2367 492/571/2368 497/635/2369
f 492/571/2370 493/636/2371 497/635/2372
f 489/518/2373 484/637/2374 482/492/2375
f 563/638/2376 564/639/2377 568/603/2378 559/495/2379
f 627/640/2380 642/641/2381 630/468/2382 629/642/2383
f 641/469/2384 649/594/2385 639/597/2386 640/614/2387
f 505/590/2388 498/643/2389 510/644/2390 508/591/2391
f 607/645/2392 603/646/2393 598/625/2394 599/624/2395
f 508/591/2396 510/644/2397 507/522/2398 501/465/2399
f 639/597/2400 635/596/2401 637/647/2402 638/612/2403
f 548/510/2404 554/648/2405 549/649/2406 544/511/2407
f 496/634/2408 506/524/2409 495/440/2410
f 523/629/2411 524/628/2412 520/650/2413 521/651/2414
f 528/631/2415 529/630/2416 527/652/2417 526/653/2418
f 582/584/2419 585/546/2420 584/568/2421 583/620/2422
f 608/654/2423 604/655/2424 603/646/2425 607/645/2426
f 681/656/2427 682/657/2428 676/658/2429 677/659/2430
f 511/523/2431 512/441/2432 506/524/2433
f 506/524/2434 512/441/2435 495/440/2436
f 497/635/2437 493/636/2438 511/523/2439
f 700/660/2440 686/556/2441 692/661/2442 699/662/2443
f 616/478/2444 601/532/2445 602/482/2446 615/479/2447
f 670/577/2448 669/580/2449 660/445/2450 668/444/2451
f 516/439/2452 515/442/2453 520/650/2454 519/663/2455
f 685/557/2456 688/434/2457 683/502/2458 684/501/2459
f 479/611/2460 481/436/2461 480/438/2462 478/626/2463
f 399/427/2464 406/447/2465 388/390/2466 386/389/2467
f 518/664/2468 521/651/2469 514/601/2470 517/665/2471
f 420/581/2472 419/615/2473 421/520/2474 414/521/2475
f 720/666/2476 717/667/2477 714/668/2478 718/669/2479
f 436/515/2480 422/516/2481 435/670/2482 434/671/2483
f 606/552/2484 608/654/2485 607/645/2486 596/553/2487
f 559/495/2488 568/603/2489 558/414/2490 556/413/2491
f 553/672/2492 550/500/2493 549/649/2494 541/543/2495
f 497/635/2496 510/644/2497 498/643/2498 496/634/2499
f 530/519/2500 534/673/2501 455/538/2502 410/454/2503
f 524/628/2504 525/674/2505 519/663/2506 520/650/2507
f 512/441/2508 511/523/2509 513/600/2510
f 504/592/2511 509/464/2512 502/467/2513 503/593/2514
f 552/473/2515 551/472/2516 683/502/2517 690/675/2518
f 536/491/2519 537/676/2520 535/677/2521 482/492/2522
f 554/648/2523 563/638/2524 562/678/2525 546/558/2526
f 493/636/2527 494/397/2528 513/600/2529 511/523/2530
f 487/617/2531 532/622/2532 483/618/2533
f 532/622/2534 533/405/2535 483/618/2536
f 406/447/2537 404/426/2538 402/423/2539 397/421/2540
f 691/679/2541 693/586/2542 692/661/2543 686/556/2544
f 407/452/2545 395/411/2546 388/390/2547 406/447/2548
f 530/519/2549 482/492/2550 535/677/2551
f 387/391/2552 388/390/2553 394/402/2554 392/401/2555
f 600/599/2556 617/598/2557 614/484/2558 613/483/2559
f 537/676/2560 539/403/2561 538/406/2562 535/677/2563
f 410/454/2564 408/453/2565 531/517/2566 530/519/2567
f 547/493/2568 546/558/2569 561/680/2570 560/494/2571
f 541/543/2572 540/404/2573 542/474/2574
f 542/474/2575 540/404/2576 543/475/2577
f 540/404/2578 539/403/2579 543/475/2580
f 452/505/2581 450/681/2582 449/549/2583 448/506/2584
f 485/398/2585 486/616/2586 483/618/2587 484/637/2588
f 587/619/2589 646/567/2590 588/545/2591 581/585/2592
f 701/461/2593 702/460/2594 687/535/2595 700/660/2596
f 674/385/2597 673/388/2598 668/444/2599 667/443/2600
f 544/511/2601 549/649/2602 543/475/2603
f 412/503/2604 430/450/2605 409/449/2606 411/455/2607
f 473/632/2608 472/682/2609 462/541/2610 461/606/2611
f 446/550/2612 447/507/2613 445/544/2614 440/539/2615
f 466/529/2616 467/528/2617 460/683/2618 465/407/2619
f 533/405/2620 532/622/2621 538/406/2622
f 532/622/2623 534/673/2624 538/406/2625
f 670/577/2626 668/444/2627 673/388/2628 671/387/2629
f 613/483/2630 602/482/2631 595/684/2632 599/624/2633
f 568/603/2634 564/639/2635 655/685/2636 662/602/2637
f 537/676/2638 544/511/2639 543/475/2640 539/403/2641
f 491/396/2642 492/571/2643 496/634/2644 495/440/2645
f 645/604/2646 650/566/2647 646/567/2648 587/619/2649
f 561/680/2650 546/558/2651 562/678/2652
f 626/621/2653 583/620/2654 643/686/2655 627/640/2656
f 554/648/2657 555/416/2658 563/638/2659
f 679/687/2660 680/688/2661 678/560/2662 675/559/2663
f 548/510/2664 547/493/2665 556/413/2666
f 677/659/2667 678/560/2668 680/688/2669 681/656/2670
f 647/689/2671 631/471/2672 648/690/2673 643/686/2674
f 714/668/2675 717/667/2676 713/691/2677 707/692/2678
f 550/500/2679 553/672/2680 689/555/2681 684/501/2682
f 559/495/2683 560/494/2684 567/693/2685
f 593/531/2686 594/530/2687 575/694/2688 576/695/2689
f 572/696/2690 565/697/2691 573/698/2692 571/699/2693
f 631/471/2694 647/689/2695 629/642/2696 630/468/2697
f 580/700/2698 591/623/2699 590/701/2700 589/702/2701
f 615/479/2702 614/484/2703 621/703/2704 620/480/2705
f 574/704/2706 570/705/2707 575/694/2708
f 573/698/2709 578/582/2710 577/548/2711 571/699/2712
f 490/399/2713 485/398/2714 484/637/2715 489/518/2716
f 713/691/2717 717/667/2718 716/462/2719 708/609/2720
f 573/698/2721 574/704/2722 578/582/2723
f 578/582/2724 574/704/2725 579/583/2726
f 413/487/2727 415/488/2728 414/521/2729 412/503/2730
f 562/678/2731 567/693/2732 566/706/2733 565/697/2734
f 474/410/2735 479/611/2736 478/626/2737 477/542/2738
f 448/506/2739 449/549/2740 441/499/2741 443/498/2742
f 501/465/2743 507/522/2744 499/525/2745 500/466/2746
f 648/690/2747 633/595/2748 649/594/2749 642/641/2750
f 581/585/2751 588/545/2752 577/548/2753 578/582/2754
f 494/397/2755 517/665/2756 514/601/2757 513/600/2758
f 472/682/2759 473/632/2760 471/633/2761 470/707/2762
f 418/486/2763 421/520/2764 419/615/2765 417/513/2766
f 577/548/2767 586/547/2768 589/702/2769
f 617/598/2770 616/478/2771 619/481/2772 618/708/2773
f 569/709/2774 566/706/2775 567/693/2776 560/494/2777
f 591/623/2778 592/710/2779 590/701/2780
f 592/710/2781 593/531/2782 590/701/2783
f 572/696/2784 569/709/2785 560/494/2786 561/680/2787
f 565/697/2788 566/706/2789 574/704/2790 573/698/2791
f 656/509/2792 658/711/2793 657/712/2794 655/685/2795
f 427/456/2796 454/569/2797 459/605/2798 458/572/2799
f 715/463/2800 719/713/2801 718/669/2802 714/668/2803
f 592/710/2804 591/623/2805 598/625/2806
f 663/508/2807 676/658/2808 675/559/2809 664/562/2810
f 437/533/2811 454/569/2812 444/497/2813 442/496/2814
f 696/587/2815 704/433/2816 700/660/2817 699/662/2818
f 608/654/2819 610/714/2820 609/715/2821 604/655/2822
f 607/645/2823 599/624/2824 595/684/2825 596/553/2826
f 577/548/2827 589/702/2828 576/695/2829 571/699/2830
f 644/613/2831 636/716/2832 634/627/2833 640/614/2834
f 486/616/2835 485/398/2836 494/397/2837 493/636/2838
f 671/387/2839 672/386/2840 666/578/2841 670/577/2842
f 461/606/2843 460/683/2844 467/528/2845 473/632/2846
f 522/717/2847 523/629/2848 521/651/2849 518/664/2850
f 437/533/2851 428/457/2852 457/573/2853 456/718/2854
f 693/586/2855 696/587/2856 695/420/2857 694/419/2858
f 464/408/2859 463/540/2860 476/437/2861 475/409/2862
f 599/624/2863 600/599/2864 613/483/2865
f 580/700/2866 589/702/2867 586/547/2868 579/583/2869
f 452/505/2870 453/504/2871 451/576/2872 450/681/2873
f 550/500/2874 551/472/2875 543/475/2876 549/649/2877
f 698/418/2878 697/417/2879 699/662/2880 692/661/2881
f 517/665/2882 494/397/2883 495/440/2884 516/439/2885
f 594/530/2886 591/623/2887 580/700/2888 575/694/2889
f 517/665/2890 516/439/2891 519/663/2892 518/664/2893
f 694/419/2894 698/418/2895 692/661/2896 693/586/2897
f 525/674/2898 522/717/2899 518/664/2900 519/663/2901
f 604/655/2902 605/551/2903 597/554/2904 603/646/2905
f 434/671/2906 435/670/2907 433/719/2908 432/720/2909
f 579/583/2910 586/547/2911 585/546/2912 582/584/2913
f 705/432/2914 701/461/2915 700/660/2916 704/433/2917
f 626/621/2918 627/640/2919 628/565/2920
f 628/565/2921 627/640/2922 629/642/2923
f 470/707/2924 468/526/2925 466/529/2926 472/682/2927
f 510/644/2928 497/635/2929 511/523/2930 507/522/2931
f 645/604/2932 626/621/2933 653/589/2934 652/588/2935
f 483/618/2936 533/405/2937 482/492/2938 484/637/2939
f 618/708/2940 625/392/2941 622/395/2942 621/703/2943
f 509/464/2944 504/592/2945 508/591/2946 501/465/2947
f 525/674/2948 524/628/2949 528/631/2950 526/653/2951
f 499/525/2952 506/524/2953 496/634/2954 498/643/2955
f 640/614/2956 634/627/2957 632/470/2958 641/469/2959
f 618/708/2960 621/703/2961 614/484/2962 617/598/2963
f 402/423/2964 404/426/2965 403/429/2966 401/424/2967
f 552/473/2968 553/672/2969 541/543/2970 542/474/2971
f 598/625/2972 603/646/2973 597/554/2974 592/710/2975
f 536/491/2976 545/512/2977 544/511/2978 537/676/2979
f 643/686/2980 583/620/2981 584/568/2982
f 712/721/2983 710/722/2984 707/692/2985 713/691/2986
f 439/536/2987 455/538/2988 534/673/2989 532/622/2990
f 457/573/2991 465/407/2992 460/683/2993 456/718/2994
f 583/620/2995 587/619/2996 581/585/2997 582/584/2998
f 646/567/2999 647/689/3000 584/568/3001
f 584/568/3002 647/689/3003 643/686/3004
f 590/701/3005 593/531/3006 576/695/3007 589/702/3008
f 526/653/3009 527/652/3010 522/717/3011 525/674/3012
f 624/393/3013 619/481/3014 620/480/3015 623/394/3016
f 705/432/3017 703/435/3018 707/692/3019 706/610/3020
f 629/642/3021 650/566/3022 628/565/3023
f 505/590/3024 500/466/3025 499/525/3026 498/643/3027
f 682/657/3028 681/656/3029 680/688/3030 679/687/3031
f 398/422/3032 399/427/3033 386/389/3034 393/400/3035
f 515/442/3036 514/601/3037 521/651/3038 520/650/3039
f 474/410/3040 477/542/3041 462/541/3042 465/407/3043
f 660/445/3044 661/561/3045 657/712/3046 659/446/3047
f 647/689/3048 646/567/3049 650/566/3050 629/642/3051
f 418/486/3052 423/485/3053 422/516/3054 421/520/3055
f 488/570/3056 486/616/3057 493/636/3058 492/571/3059
f 657/712/3060 661/561/3061 655/685/3062
f 564/639/3063 557/415/3064 656/509/3065 655/685/3066
f 460/683/3067 461/606/3068 459/605/3069 456/718/3070
f 433/719/3071 435/670/3072 422/516/3073 423/485/3074
f 663/508/3075 664/562/3076 656/509/3077
f 656/509/3078 664/562/3079 658/711/3080
f 604/655/3081 609/715/3082 612/574/3083 605/551/3084
f 569/709/3085 572/696/3086 571/699/3087 570/705/3088
f 428/457/3089 437/533/3090 396/412/3091 429/448/3092
f 664/562/3093 669/580/3094 665/579/3095 658/711/3096
f 706/610/3097 707/692/3098 710/722/3099 709/607/3100
f 633/595/3101 648/690/3102 631/471/3103 632/470/3104
f 592/710/3105 597/554/3106 596/553/3107 595/684/3108
f 392/401/3109 393/400/3110 391/431/3111 390/476/3112
f 472/682/3113 466/529/3114 465/407/3115 462/541/3116
f 570/705/3117 574/704/3118 566/706/3119 569/709/3120
f 431/537/3121 436/515/3122 434/671/3123 432/720/3124
f 450/681/3125 451/576/3126 446/550/3127 449/549/3128
f 488/570/3129 490/399/3130 489/518/3131 487/617/3132
f 538/406/3133 534/673/3134 530/519/3135 535/677/3136
f 662/602/3137 655/685/3138 677/659/3139
f 563/638/3140 559/495/3141 567/693/3142 562/678/3143
f 385/477/3144 389/430/3145 386/389/3146 387/391/3147
f 721/723/3148 719/713/3149 715/463/3150 716/462/3151
f 636/716/3152 644/613/3153 638/612/3154 637/647/3155
f 682/657/3156 679/687/3157 675/559/3158 676/658/3159
f 688/434/3160 691/679/3161 690/675/3162 683/502/3163
f 553/672/3164 552/473/3165 690/675/3166 689/555/3167
f 500/466/3168 505/590/3169 503/593/3170 502/467/3171
f 710/722/3172 712/721/3173 711/608/3174 709/607/3175
f 686/556/3176 687/535/3177 685/557/3178
f 687/535/3179 688/434/3180 685/557/3181
f 432/720/3182 433/719/3183 423/485/3184 431/537/3185
f 642/641/3186 649/594/3187 641/469/3188 630/468/3189
f 703/435/3190 702/460/3191 715/463/3192 714/668/3193
f 658/711/3194 665/579/3195 659/446/3196 657/712/3197
f 591/623/3198 594/530/3199 601/532/3200 600/599/3201
f 666/578/3202 667/443/3203 659/446/3204 665/579/3205
f 612/574/3206 609/715/3207 610/714/3208 611/575/3209
f 672/386/3210 674/385/3211 667/443/3212 666/578/3213
f 400/425/3214 401/424/3215 403/429/3216 405/428/3217
f 696/587/3218 699/662/3219 697/417/3220 695/420/3221
f 662/602/3222 677/659/3223 676/658/3224 663/508/3225
f 574/704/3226 575/694/3227 580/700/3228 579/583/3229
f 686/556/3230 700/660/3231 687/535/3232
f 690/675/3233 691/679/3234 686/556/3235 689/555/3236
f 456/718/3237 459/605/3238 454/569/3239 437/533/3240
f 555/416/3241 557/415/3242 564/639/3243 563/638/3244
f 636/716/3245 637/647/3246 635/596/3247 634/627/3248
f 626/621/3249 628/565/3250 654/564/3251 653/589/3252
f 701/461/3253 705/432/3254 706/610/3255
f 571/699/3256 576/695/3257 575/694/3258 570/705/3259
f 565/697/3260 572/696/3261 561/680/3262 562/678/3263
f 691/679/3264 688/434/3265 693/586/3266
f 701/461/3267 706/610/3268 708/609/3269
f 716/462/3270 717/667/3271 720/666/3272 721/723/3273
f 625/392/3274 618/708/3275 619/481/3276 624/393/3277
f 669/580/3278 664/562/3279 661/561/3280 660/445/3281
f 523/629/3282 522/717/3283 527/652/3284 529/630/3285
f 623/394/3286 620/480/3287 621/703/3288 622/395/3289
f 602/482/3290 593/531/3291 592/710/3292 595/684/3293
f 707/692/3294 703/435/3295 714/668/3296
f 426/458/3297 429/448/3298 425/451/3299 413/487/3300
f 661/561/3301 678/560/3302 677/659/3303 655/685/3304
f 701/461/3305 708/609/3306 716/462/3307
f 548/510/3308 556/413/3309 555/416/3310 554/648/3311
f 643/686/3312 648/690/3313 642/641/3314 627/640/3315
f 713/691/3316 708/609/3317 711/608/3318 712/721/3319
f 470/707/3320 471/633/3321 469/527/3322 468/526/3323
f 554/648/3324 546/558/3325 541/543/3326 549/649/3327
f 610/714/3328 608/654/3329 606/552/3330 611/575/3331
f 719/713/3332 721/723/3333 720/666/3334 718/669/3335
