# This file uses centimeters as units for non-parametric coordinates.

mtllib tree_05.mtl
g default
v -6.025872 0.226797 -0.007369
v -5.947243 0.224742 0.027105
v -6.032231 0.000688 0.029499
v -5.974995 0.000688 0.053201
v -5.947243 0.224742 0.027105
v -5.911398 0.223714 0.110418
v -5.974995 0.000688 0.053201
v -5.951290 0.000688 0.110418
v -5.911398 0.223714 0.110418
v -5.947243 0.224742 0.193851
v -5.951290 0.000688 0.110418
v -5.974995 0.000688 0.167756
v -5.947243 0.224742 0.193851
v -6.025872 0.226797 0.228325
v -5.974995 0.000688 0.167756
v -6.032231 0.000688 0.191457
v -6.025872 0.226797 0.228325
v -6.112594 0.228853 0.193851
v -6.032231 0.000688 0.191457
v -6.089468 0.000688 0.167756
v -6.112594 0.228853 0.193851
v -6.155377 0.229880 0.110418
v -6.089468 0.000688 0.167756
v -6.113172 0.000688 0.110418
v -6.155377 0.229880 0.110418
v -6.112594 0.228853 0.027105
v -6.113172 0.000688 0.110418
v -6.089468 0.000688 0.053201
v -6.112594 0.228853 0.027105
v -6.025872 0.226797 -0.007369
v -6.089468 0.000688 0.053201
v -6.032231 0.000688 0.029499
v -5.966900 0.248380 0.054158
v -5.947243 0.224742 0.027105
v -6.021247 0.250436 0.030816
v -6.025872 0.226797 -0.007369
v -5.940884 0.248380 0.110418
v -5.911398 0.223714 0.110418
v -5.966900 0.248380 0.054158
v -5.947243 0.224742 0.027105
v -5.966900 0.248380 0.166798
v -5.947243 0.224742 0.193851
v -5.940884 0.248380 0.110418
v -5.911398 0.223714 0.110418
v -6.021247 0.250436 0.190140
v -6.025872 0.226797 0.228325
v -5.966900 0.248380 0.166798
v -5.947243 0.224742 0.193851
v -6.083109 0.252491 0.166798
v -6.112594 0.228853 0.193851
v -6.021247 0.250436 0.190140
v -6.025872 0.226797 0.228325
v -6.114907 0.253519 0.110418
v -6.155377 0.229880 0.110418
v -6.083109 0.252491 0.166798
v -6.112594 0.228853 0.193851
v -6.083109 0.252491 0.054158
v -6.112594 0.228853 0.027105
v -6.114907 0.253519 0.110418
v -6.155377 0.229880 0.110418
v -6.021247 0.250436 0.030816
v -6.025872 0.226797 -0.007369
v -6.083109 0.252491 0.054158
v -6.112594 0.228853 0.027105
v -5.981932 0.480656 -0.005573
v -5.900413 0.472434 0.028422
v -6.021247 0.250436 0.030816
v -5.966900 0.248380 0.054158
v -5.900413 0.472434 0.028422
v -5.866881 0.469350 0.110418
v -5.966900 0.248380 0.054158
v -5.940884 0.248380 0.110418
v -5.866881 0.469350 0.110418
v -5.900413 0.472434 0.192534
v -5.940884 0.248380 0.110418
v -5.966900 0.248380 0.166798
v -5.900413 0.472434 0.192534
v -5.981932 0.480656 0.226530
v -5.966900 0.248380 0.166798
v -6.021247 0.250436 0.190140
v -5.981932 0.480656 0.226530
v -6.064030 0.488878 0.192534
v -6.021247 0.250436 0.190140
v -6.083109 0.252491 0.166798
v -6.064030 0.488878 0.192534
v -6.097562 0.491961 0.110418
v -6.083109 0.252491 0.166798
v -6.114907 0.253519 0.110418
v -6.097562 0.491961 0.110418
v -6.064030 0.488878 0.028422
v -6.114907 0.253519 0.110418
v -6.083109 0.252491 0.054158
v -6.064030 0.488878 0.028422
v -5.981932 0.480656 -0.005573
v -6.083109 0.252491 0.054158
v -6.021247 0.250436 0.030816
v -5.924117 0.498128 0.054996
v -5.900413 0.472434 0.028422
v -5.979620 0.504295 0.032133
v -5.981932 0.480656 -0.005573
v -5.901570 0.496072 0.110418
v -5.866881 0.469350 0.110418
v -5.924117 0.498128 0.054996
v -5.900413 0.472434 0.028422
v -5.924117 0.498128 0.165960
v -5.900413 0.472434 0.192534
v -5.901570 0.496072 0.110418
v -5.866881 0.469350 0.110418
v -5.979620 0.504295 0.188823
v -5.981932 0.480656 0.226530
v -5.924117 0.498128 0.165960
v -5.900413 0.472434 0.192534
v -6.034544 0.509433 0.165840
v -6.064030 0.488878 0.192534
v -5.979620 0.504295 0.188823
v -5.981932 0.480656 0.226530
v -6.057092 0.511489 0.110418
v -6.097562 0.491961 0.110418
v -6.034544 0.509433 0.165840
v -6.064030 0.488878 0.192534
v -6.034544 0.509433 0.055116
v -6.064030 0.488878 0.028422
v -6.057092 0.511489 0.110418
v -6.097562 0.491961 0.110418
v -5.979620 0.504295 0.032133
v -5.981932 0.480656 -0.005573
v -6.034544 0.509433 0.055116
v -6.064030 0.488878 0.028422
v -5.921805 0.742737 -0.003658
v -5.844911 0.731431 0.029739
v -5.979620 0.504295 0.032133
v -5.924117 0.498128 0.054996
v -5.844911 0.731431 0.029739
v -5.800972 0.725265 0.110418
v -5.924117 0.498128 0.054996
v -5.901570 0.496072 0.110418
v -5.800972 0.725265 0.110418
v -5.844911 0.731431 0.191217
v -5.901570 0.496072 0.110418
v -5.924117 0.498128 0.165960
v -5.844911 0.731431 0.191217
v -5.921805 0.742737 0.224614
v -5.924117 0.498128 0.165960
v -5.979620 0.504295 0.188823
v -5.921805 0.742737 0.224614
v -5.991761 0.748903 0.191098
v -5.979620 0.504295 0.188823
v -6.034544 0.509433 0.165840
v -5.991761 0.748903 0.191098
v -6.029341 0.751987 0.110418
v -6.034544 0.509433 0.165840
v -6.057092 0.511489 0.110418
v -6.029341 0.751987 0.110418
v -5.991761 0.748903 0.029859
v -6.057092 0.511489 0.110418
v -6.034544 0.509433 0.055116
v -5.991761 0.748903 0.029859
v -5.921805 0.742737 -0.003658
v -6.034544 0.509433 0.055116
v -5.979620 0.504295 0.032133
v -5.861099 0.764320 0.055954
v -5.844911 0.731431 0.029739
v -5.915445 0.772542 0.033330
v -5.921805 0.742737 -0.003658
v -5.831614 0.759181 0.110418
v -5.800972 0.725265 0.110418
v -5.861099 0.764320 0.055954
v -5.844911 0.731431 0.029739
v -5.861099 0.764320 0.165003
v -5.844911 0.731431 0.191217
v -5.831614 0.759181 0.110418
v -5.800972 0.725265 0.110418
v -5.915445 0.772542 0.187626
v -5.921805 0.742737 0.224614
v -5.861099 0.764320 0.165003
v -5.844911 0.731431 0.191217
v -5.966900 0.779736 0.165003
v -5.991761 0.748903 0.191098
v -5.915445 0.772542 0.187626
v -5.921805 0.742737 0.224614
v -5.994652 0.782820 0.110418
v -6.029341 0.751987 0.110418
v -5.966900 0.779736 0.165003
v -5.991761 0.748903 0.191098
v -5.966900 0.779736 0.055954
v -5.991761 0.748903 0.029859
v -5.994652 0.782820 0.110418
v -6.029341 0.751987 0.110418
v -5.915445 0.772542 0.033330
v -5.921805 0.742737 -0.003658
v -5.966900 0.779736 0.055954
v -5.991761 0.748903 0.029859
v -5.772064 1.007901 -0.001623
v -5.697483 0.971929 0.031175
v -5.915445 0.772542 0.033330
v -5.861099 0.764320 0.055954
v -5.697483 0.971929 0.031175
v -5.663950 0.955485 0.110418
v -5.861099 0.764320 0.055954
v -5.831614 0.759181 0.110418
v -5.663950 0.955485 0.110418
v -5.697483 0.971929 0.189781
v -5.831614 0.759181 0.110418
v -5.861099 0.764320 0.165003
v -5.697483 0.971929 0.189781
v -5.772064 1.007901 0.222579
v -5.861099 0.764320 0.165003
v -5.915445 0.772542 0.187626
v -5.772064 1.007901 0.222579
v -5.849536 1.045929 0.189542
v -5.915445 0.772542 0.187626
v -5.966900 0.779736 0.165003
v -5.849536 1.045929 0.189542
v -5.883069 1.062373 0.110418
v -5.966900 0.779736 0.165003
v -5.994652 0.782820 0.110418
v -5.883069 1.062373 0.110418
v -5.849536 1.045929 0.031415
v -5.994652 0.782820 0.110418
v -5.966900 0.779736 0.055954
v -5.849536 1.045929 0.031415
v -5.772064 1.007901 -0.001623
v -5.966900 0.779736 0.055954
v -5.915445 0.772542 0.033330
v -5.707890 0.995568 0.056792
v -5.697483 0.971929 0.031175
v -5.758189 1.020234 0.034766
v -5.772064 1.007901 -0.001623
v -5.685342 0.984262 0.110418
v -5.663950 0.955485 0.110418
v -5.707890 0.995568 0.056792
v -5.697483 0.971929 0.031175
v -5.707890 0.995568 0.164165
v -5.697483 0.971929 0.189781
v -5.685342 0.984262 0.110418
v -5.663950 0.955485 0.110418
v -5.758189 1.020234 0.186190
v -5.772064 1.007901 0.222579
v -5.707890 0.995568 0.164165
v -5.697483 0.971929 0.189781
v -5.811956 1.047984 0.163925
v -5.849536 1.045929 0.189542
v -5.758189 1.020234 0.186190
v -5.772064 1.007901 0.222579
v -5.835661 1.060317 0.110418
v -5.883069 1.062373 0.110418
v -5.811956 1.047984 0.163925
v -5.849536 1.045929 0.189542
v -5.811956 1.047984 0.056911
v -5.849536 1.045929 0.031415
v -5.835661 1.060317 0.110418
v -5.883069 1.062373 0.110418
v -5.758189 1.020234 0.034766
v -5.772064 1.007901 -0.001623
v -5.811956 1.047984 0.056911
v -5.849536 1.045929 0.031415
v -5.565087 1.144594 -0.000306
v -5.503225 1.106567 0.032133
v -5.758189 1.020234 0.034766
v -5.707890 0.995568 0.056792
v -5.503225 1.106567 0.032133
v -5.472005 1.090123 0.110418
v -5.707890 0.995568 0.056792
v -5.685342 0.984262 0.110418
v -5.472005 1.090123 0.110418
v -5.503225 1.106567 0.188823
v -5.685342 0.984262 0.110418
v -5.707890 0.995568 0.164165
v -5.503225 1.106567 0.188823
v -5.564508 1.144594 0.221263
v -5.707890 0.995568 0.164165
v -5.758189 1.020234 0.186190
v -5.564508 1.144594 0.221263
v -5.645449 1.183649 0.188704
v -5.758189 1.020234 0.186190
v -5.811956 1.047984 0.163925
v -5.645449 1.183649 0.188704
v -5.686498 1.201122 0.110418
v -5.811956 1.047984 0.163925
v -5.835661 1.060317 0.110418
v -5.686498 1.201122 0.110418
v -5.645449 1.183649 0.032253
v -5.835661 1.060317 0.110418
v -5.811956 1.047984 0.056911
v -5.645449 1.183649 0.032253
v -5.565087 1.144594 -0.000306
v -5.811956 1.047984 0.056911
v -5.758189 1.020234 0.034766
v -5.495130 1.137400 0.057510
v -5.503225 1.106567 0.032133
v -5.543695 1.164122 0.035724
v -5.565087 1.144594 -0.000306
v -5.473161 1.126094 0.110418
v -5.472005 1.090123 0.110418
v -5.495130 1.137400 0.057510
v -5.503225 1.106567 0.032133
v -5.495130 1.137400 0.163446
v -5.503225 1.106567 0.188823
v -5.473161 1.126094 0.110418
v -5.472005 1.090123 0.110418
v -5.543695 1.164122 0.185352
v -5.564508 1.144594 0.221263
v -5.495130 1.137400 0.163446
v -5.503225 1.106567 0.188823
v -5.616542 1.195983 0.163327
v -5.645449 1.183649 0.188704
v -5.543695 1.164122 0.185352
v -5.564508 1.144594 0.221263
v -5.645449 1.207288 0.110418
v -5.686498 1.201122 0.110418
v -5.616542 1.195983 0.163327
v -5.645449 1.183649 0.188704
v -5.616542 1.195983 0.057629
v -5.645449 1.183649 0.032253
v -5.645449 1.207288 0.110418
v -5.686498 1.201122 0.110418
v -5.543695 1.164122 0.035724
v -5.565087 1.144594 -0.000306
v -5.616542 1.195983 0.057629
v -5.645449 1.183649 0.032253
v -5.391064 1.372759 0.001728
v -5.328045 1.334731 0.033569
v -5.543695 1.164122 0.035724
v -5.495130 1.137400 0.057510
v -5.328045 1.334731 0.033569
v -5.300872 1.317259 0.110418
v -5.495130 1.137400 0.057510
v -5.473161 1.126094 0.110418
v -5.300872 1.317259 0.110418
v -5.328045 1.334731 0.187387
v -5.473161 1.126094 0.110418
v -5.495130 1.137400 0.163446
v -5.328045 1.334731 0.187387
v -5.391064 1.372759 0.219228
v -5.495130 1.137400 0.163446
v -5.543695 1.164122 0.185352
v -5.391064 1.372759 0.219228
v -5.456973 1.411814 0.187267
v -5.543695 1.164122 0.185352
v -5.616542 1.195983 0.163327
v -5.456973 1.411814 0.187267
v -5.487615 1.428258 0.110418
v -5.616542 1.195983 0.163327
v -5.645449 1.207288 0.110418
v -5.487615 1.428258 0.110418
v -5.456973 1.411814 0.033689
v -5.645449 1.207288 0.110418
v -5.616542 1.195983 0.057629
v -5.456973 1.411814 0.033689
v -5.391064 1.372759 0.001728
v -5.616542 1.195983 0.057629
v -5.543695 1.164122 0.035724
v -5.327467 1.366592 0.058467
v -5.328045 1.334731 0.033569
v -5.373141 1.391259 0.037041
v -5.391064 1.372759 0.001728
v -5.308388 1.355287 0.110418
v -5.300872 1.317259 0.110418
v -5.327467 1.366592 0.058467
v -5.328045 1.334731 0.033569
v -5.327467 1.366592 0.162489
v -5.328045 1.334731 0.187387
v -5.308388 1.355287 0.110418
v -5.300872 1.317259 0.110418
v -5.373141 1.391259 0.183916
v -5.391064 1.372759 0.219228
v -5.327467 1.366592 0.162489
v -5.328045 1.334731 0.187387
v -5.419971 1.416953 0.162369
v -5.456973 1.411814 0.187267
v -5.373141 1.391259 0.183916
v -5.391064 1.372759 0.219228
v -5.440206 1.427231 0.110418
v -5.487615 1.428258 0.110418
v -5.419971 1.416953 0.162369
v -5.456973 1.411814 0.187267
v -5.419971 1.416953 0.058587
v -5.456973 1.411814 0.033689
v -5.440206 1.427231 0.110418
v -5.487615 1.428258 0.110418
v -5.373141 1.391259 0.037041
v -5.391064 1.372759 0.001728
v -5.419971 1.416953 0.058587
v -5.456973 1.411814 0.033689
v -5.242479 1.582424 0.003644
v -5.170210 1.561868 0.035006
v -5.373141 1.391259 0.037041
v -5.327467 1.366592 0.058467
v -5.170210 1.561868 0.035006
v -5.140147 1.553646 0.110418
v -5.327467 1.366592 0.058467
v -5.308388 1.355287 0.110418
v -5.140147 1.553646 0.110418
v -5.170210 1.561868 0.185950
v -5.308388 1.355287 0.110418
v -5.327467 1.366592 0.162489
v -5.170210 1.561868 0.185950
v -5.242479 1.582424 0.217313
v -5.327467 1.366592 0.162489
v -5.373141 1.391259 0.183916
v -5.242479 1.582424 0.217313
v -5.314748 1.601951 0.186070
v -5.373141 1.391259 0.183916
v -5.419971 1.416953 0.162369
v -5.314748 1.601951 0.186070
v -5.344812 1.610173 0.110418
v -5.419971 1.416953 0.162369
v -5.440206 1.427231 0.110418
v -5.344812 1.610173 0.110418
v -5.314748 1.601951 0.034886
v -5.440206 1.427231 0.110418
v -5.419971 1.416953 0.058587
v -5.314748 1.601951 0.034886
v -5.242479 1.582424 0.003644
v -5.419971 1.416953 0.058587
v -5.373141 1.391259 0.037041
v -5.188133 1.592701 0.059425
v -5.170210 1.561868 0.035006
v -5.236698 1.607090 0.038238
v -5.242479 1.582424 0.003644
v -5.167898 1.587562 0.110418
v -5.140147 1.553646 0.110418
v -5.188133 1.592701 0.059425
v -5.170210 1.561868 0.035006
v -5.188133 1.592701 0.161531
v -5.170210 1.561868 0.185950
v -5.167898 1.587562 0.110418
v -5.140147 1.553646 0.110418
v -5.236698 1.607090 0.182719
v -5.242479 1.582424 0.217313
v -5.188133 1.592701 0.161531
v -5.170210 1.561868 0.185950
v -5.285840 1.620451 0.161531
v -5.314748 1.601951 0.186070
v -5.236698 1.607090 0.182719
v -5.242479 1.582424 0.217313
v -5.306076 1.626618 0.110418
v -5.344812 1.610173 0.110418
v -5.285840 1.620451 0.161531
v -5.314748 1.601951 0.186070
v -5.285840 1.620451 0.059425
v -5.314748 1.601951 0.034886
v -5.306076 1.626618 0.110418
v -5.344812 1.610173 0.110418
v -5.236698 1.607090 0.038238
v -5.242479 1.582424 0.003644
v -5.285840 1.620451 0.059425
v -5.314748 1.601951 0.034886
v -5.153444 1.851699 0.005679
v -5.085222 1.820866 0.036442
v -5.236698 1.607090 0.038238
v -5.188133 1.592701 0.059425
v -5.085222 1.820866 0.036442
v -5.056893 1.807505 0.110418
v -5.188133 1.592701 0.059425
v -5.167898 1.587562 0.110418
v -5.056893 1.807505 0.110418
v -5.085222 1.820866 0.184514
v -5.167898 1.587562 0.110418
v -5.188133 1.592701 0.161531
v -5.085222 1.820866 0.184514
v -5.153444 1.851699 0.215278
v -5.188133 1.592701 0.161531
v -5.236698 1.607090 0.182719
v -5.153444 1.851699 0.215278
v -5.222822 1.884588 0.184514
v -5.236698 1.607090 0.182719
v -5.285840 1.620451 0.161531
v -5.222822 1.884588 0.184514
v -5.252886 1.901032 0.110418
v -5.285840 1.620451 0.161531
v -5.306076 1.626618 0.110418
v -5.252886 1.901032 0.110418
v -5.222822 1.884588 0.036442
v -5.306076 1.626618 0.110418
v -5.285840 1.620451 0.059425
v -5.222822 1.884588 0.036442
v -5.153444 1.851699 0.005679
v -5.285840 1.620451 0.059425
v -5.236698 1.607090 0.038238
v -5.095051 1.852727 0.060502
v -5.085222 1.820866 0.036442
v -5.140725 1.874310 0.039674
v -5.153444 1.851699 0.005679
v -5.075394 1.842449 0.110418
v -5.056893 1.807505 0.110418
v -5.095051 1.852727 0.060502
v -5.085222 1.820866 0.036442
v -5.095051 1.852727 0.160454
v -5.085222 1.820866 0.184514
v -5.075394 1.842449 0.110418
v -5.056893 1.807505 0.110418
v -5.140725 1.874310 0.181282
v -5.153444 1.851699 0.215278
v -5.095051 1.852727 0.160454
v -5.085222 1.820866 0.184514
v -5.188133 1.898976 0.160454
v -5.222822 1.884588 0.184514
v -5.140725 1.874310 0.181282
v -5.153444 1.851699 0.215278
v -5.208946 1.912337 0.110418
v -5.252886 1.901032 0.110418
v -5.188133 1.898976 0.160454
v -5.222822 1.884588 0.184514
v -5.188133 1.898976 0.060502
v -5.222822 1.884588 0.036442
v -5.208946 1.912337 0.110418
v -5.252886 1.901032 0.110418
v -5.140725 1.874310 0.039674
v -5.153444 1.851699 0.005679
v -5.188133 1.898976 0.060502
v -5.222822 1.884588 0.036442
v -5.095051 1.852727 0.160454
v -5.025095 1.917476 0.197083
v -5.140725 1.874310 0.181282
v -5.102567 1.956531 0.232994
v -5.095051 1.852727 0.060502
v -5.025095 1.917476 0.023873
v -5.075394 1.842449 0.110418
v -4.992719 1.901032 0.110418
v -5.208946 1.912337 0.110418
v -5.212994 2.015114 0.110418
v -5.188133 1.898976 0.060502
v -5.180617 1.996614 0.023873
v -5.140725 1.874310 0.181282
v -5.102567 1.956531 0.232994
v -5.188133 1.898976 0.160454
v -5.180617 1.996614 0.197083
v -5.075394 1.842449 0.110418
v -4.992719 1.901032 0.110418
v -5.095051 1.852727 0.160454
v -5.025095 1.917476 0.197083
v -5.140725 1.874310 0.039674
v -5.102567 1.956531 -0.012037
v -5.095051 1.852727 0.060502
v -5.025095 1.917476 0.023873
v -5.188133 1.898976 0.060502
v -5.180617 1.996614 0.023873
v -5.140725 1.874310 0.039674
v -5.102567 1.956531 -0.012037
v -5.188133 1.898976 0.160454
v -5.180617 1.996614 0.197083
v -5.208946 1.912337 0.110418
v -5.212994 2.015114 0.110418
v -4.992719 1.901032 0.110418
v -4.971905 2.024364 0.110418
v -5.025095 1.917476 0.197083
v -4.994453 2.035669 0.172065
v -5.102567 1.956531 -0.012037
v -5.049377 2.063419 0.023395
v -5.025095 1.917476 0.023873
v -4.994453 2.035669 0.048891
v -5.180617 1.996614 0.023873
v -5.104301 2.091169 0.048891
v -5.102567 1.956531 -0.012037
v -5.049377 2.063419 0.023395
v -5.180617 1.996614 0.197083
v -5.104301 2.091169 0.172065
v -5.212994 2.015114 0.110418
v -5.127427 2.103502 0.110418
v -5.025095 1.917476 0.197083
v -4.994453 2.035669 0.172065
v -5.102567 1.956531 0.232994
v -5.049377 2.063419 0.197562
v -5.025095 1.917476 0.023873
v -4.994453 2.035669 0.048891
v -4.992719 1.901032 0.110418
v -4.971905 2.024364 0.110418
v -5.212994 2.015114 0.110418
v -5.127427 2.103502 0.110418
v -5.180617 1.996614 0.023873
v -5.104301 2.091169 0.048891
v -5.102567 1.956531 0.232994
v -5.049377 2.063419 0.197562
v -5.180617 1.996614 0.197083
v -5.104301 2.091169 0.172065
v -5.104301 2.091169 0.172065
v -5.067300 2.098364 0.141900
v -5.127427 2.103502 0.110418
v -5.078863 2.104530 0.110418
v -4.994453 2.035669 0.172065
v -5.011219 2.070614 0.141900
v -5.049377 2.063419 0.197562
v -5.038971 2.083975 0.154828
v -4.994453 2.035669 0.048891
v -5.011219 2.070614 0.079056
v -4.971905 2.024364 0.110418
v -4.999656 2.064447 0.110418
v -5.127427 2.103502 0.110418
v -5.078863 2.104530 0.110418
v -5.104301 2.091169 0.048891
v -5.067300 2.098364 0.079056
v -5.049377 2.063419 0.197562
v -5.038971 2.083975 0.154828
v -5.104301 2.091169 0.172065
v -5.067300 2.098364 0.141900
v -4.971905 2.024364 0.110418
v -4.999656 2.064447 0.110418
v -4.994453 2.035669 0.172065
v -5.011219 2.070614 0.141900
v -5.049377 2.063419 0.023395
v -5.038971 2.083975 0.066128
v -4.994453 2.035669 0.048891
v -5.011219 2.070614 0.079056
v -5.104301 2.091169 0.048891
v -5.067300 2.098364 0.079056
v -5.049377 2.063419 0.023395
v -5.038971 2.083975 0.066128
v -5.078863 2.104530 0.110418
v -5.067300 2.098364 0.141900
v -5.067300 2.098364 0.079056
v -5.038971 2.083975 0.154828
v -5.038971 2.083975 0.066128
v -5.011219 2.070614 0.141900
v -5.011219 2.070614 0.079056
v -4.999656 2.064447 0.110418
vt 0.633610 0.004395
vt 0.633496 0.002187
vt 0.634333 0.002287
vt 0.634827 0.004545
vt 0.634827 0.004545
vt 0.634333 0.002287
vt 0.634751 0.002789
vt 0.635436 0.005198
vt 0.632469 0.004846
vt 0.632735 0.002488
vt 0.633496 0.002187
vt 0.633610 0.004395
vt 0.644909 0.017040
vt 0.642208 0.014983
vt 0.642550 0.015234
vt 0.645365 0.017391
vt 0.634028 0.006402
vt 0.633762 0.003592
vt 0.632925 0.003492
vt 0.632773 0.006302
vt 0.651148 0.026925
vt 0.651452 0.026223
vt 0.650920 0.024567
vt 0.650463 0.025520
vt 0.651072 0.025972
vt 0.650235 0.026223
vt 0.649246 0.024567
vt 0.650425 0.024215
vt 0.647344 0.025269
vt 0.646012 0.021707
vt 0.645670 0.021405
vt 0.646849 0.024968
vt 0.633610 0.004395
vt 0.634827 0.004545
vt 0.634599 0.005097
vt 0.633762 0.004997
vt 0.639583 0.013427
vt 0.639202 0.014330
vt 0.639050 0.014431
vt 0.639278 0.013828
vt 0.635436 0.005198
vt 0.635094 0.006001
vt 0.634789 0.006051
vt 0.635055 0.005549
vt 0.643197 0.019449
vt 0.642664 0.019097
vt 0.643387 0.018997
vt 0.643729 0.019248
vt 0.637034 0.015484
vt 0.636425 0.015083
vt 0.637110 0.014983
vt 0.637566 0.015234
vt 0.632773 0.006302
vt 0.632012 0.005649
vt 0.632583 0.005850
vt 0.633153 0.006251
vt 0.650083 0.027628
vt 0.650501 0.027527
vt 0.650311 0.027578
vt 0.649474 0.027828
vt 0.632469 0.004846
vt 0.633610 0.004395
vt 0.633762 0.004997
vt 0.632925 0.005298
vt 0.634409 0.007255
vt 0.633762 0.004997
vt 0.634599 0.005097
vt 0.635626 0.007355
vt 0.647229 0.024115
vt 0.645936 0.020904
vt 0.646659 0.020452
vt 0.648257 0.023362
vt 0.636235 0.007958
vt 0.635055 0.005549
vt 0.634789 0.006051
vt 0.635892 0.008710
vt 0.632773 0.006302
vt 0.632925 0.003492
vt 0.632507 0.003040
vt 0.632012 0.005649
vt 0.636615 0.010316
vt 0.635360 0.007907
vt 0.635778 0.008309
vt 0.637376 0.010868
vt 0.633572 0.009162
vt 0.633153 0.006251
vt 0.632583 0.005850
vt 0.632963 0.008560
vt 0.638974 0.013026
vt 0.636463 0.010968
vt 0.636958 0.011320
vt 0.639583 0.013427
vt 0.633305 0.007757
vt 0.632925 0.005298
vt 0.633762 0.004997
vt 0.634409 0.007255
vt 0.643958 0.017341
vt 0.644909 0.017040
vt 0.644985 0.017642
vt 0.644300 0.017843
vt 0.635626 0.007355
vt 0.636235 0.007958
vt 0.635778 0.008309
vt 0.635360 0.007907
vt 0.641104 0.014732
vt 0.642017 0.014431
vt 0.642208 0.014983
vt 0.641485 0.015234
vt 0.635892 0.008710
vt 0.634789 0.009212
vt 0.634789 0.009162
vt 0.635550 0.008861
vt 0.632012 0.005649
vt 0.632469 0.004846
vt 0.632925 0.005298
vt 0.632583 0.005850
vt 0.645061 0.021255
vt 0.645441 0.020502
vt 0.645936 0.020904
vt 0.645670 0.021405
vt 0.632963 0.008560
vt 0.633305 0.007757
vt 0.633762 0.008208
vt 0.633534 0.008760
vt 0.633305 0.007757
vt 0.634409 0.007255
vt 0.634523 0.007857
vt 0.633762 0.008208
vt 0.647648 0.019750
vt 0.644985 0.017642
vt 0.645289 0.017893
vt 0.648142 0.020201
vt 0.632963 0.008560
vt 0.632583 0.005850
vt 0.632925 0.005298
vt 0.633305 0.007757
vt 0.637376 0.010868
vt 0.635778 0.008309
vt 0.635550 0.008861
vt 0.636882 0.011671
vt 0.636882 0.011671
vt 0.635550 0.008861
vt 0.634789 0.009162
vt 0.635816 0.012173
vt 0.635816 0.012173
vt 0.634789 0.009162
vt 0.633952 0.009162
vt 0.634751 0.012072
vt 0.635436 0.010316
vt 0.634523 0.007857
vt 0.635360 0.007907
vt 0.636615 0.010316
vt 0.634104 0.011520
vt 0.633534 0.008760
vt 0.633762 0.008208
vt 0.634485 0.010768
vt 0.648180 0.026825
vt 0.649360 0.026423
vt 0.648599 0.025018
vt 0.647914 0.025219
vt 0.644186 0.019097
vt 0.643197 0.019449
vt 0.643729 0.019248
vt 0.644414 0.019047
vt 0.636615 0.010316
vt 0.637376 0.010868
vt 0.636958 0.011320
vt 0.636463 0.010968
vt 0.649892 0.027527
vt 0.650083 0.027628
vt 0.649474 0.027828
vt 0.649132 0.027578
vt 0.636882 0.011671
vt 0.635816 0.012173
vt 0.635892 0.012223
vt 0.636615 0.011871
vt 0.635816 0.012173
vt 0.634751 0.012072
vt 0.635094 0.012223
vt 0.635892 0.012223
vt 0.634751 0.012072
vt 0.634104 0.011520
vt 0.634599 0.011821
vt 0.635094 0.012223
vt 0.636235 0.007958
vt 0.635892 0.008710
vt 0.635550 0.008861
vt 0.635778 0.008309
vt 0.639202 0.014330
vt 0.636615 0.011871
vt 0.635892 0.012223
vt 0.638175 0.015133
vt 0.637871 0.013327
vt 0.635626 0.010968
vt 0.636463 0.010968
vt 0.638974 0.013026
vt 0.642664 0.019097
vt 0.640077 0.016538
vt 0.640420 0.015886
vt 0.643045 0.018194
vt 0.639583 0.013427
vt 0.636958 0.011320
vt 0.636615 0.011871
vt 0.639202 0.014330
vt 0.635436 0.010316
vt 0.636615 0.010316
vt 0.636463 0.010968
vt 0.635626 0.010968
vt 0.643045 0.018194
vt 0.640420 0.015886
vt 0.641485 0.015234
vt 0.643958 0.017341
vt 0.645061 0.021255
vt 0.643387 0.018997
vt 0.643653 0.018445
vt 0.645441 0.020502
vt 0.650235 0.026223
vt 0.649436 0.026875
vt 0.648066 0.025520
vt 0.649246 0.024567
vt 0.636805 0.014180
vt 0.634903 0.011320
vt 0.635626 0.010968
vt 0.637871 0.013327
vt 0.637871 0.013327
vt 0.638974 0.013026
vt 0.638898 0.013527
vt 0.638137 0.013728
vt 0.638974 0.013026
vt 0.639583 0.013427
vt 0.639278 0.013828
vt 0.638898 0.013527
vt 0.641104 0.014732
vt 0.638137 0.013728
vt 0.638898 0.013527
vt 0.642017 0.014431
vt 0.634827 0.004545
vt 0.635436 0.005198
vt 0.635055 0.005549
vt 0.634599 0.005097
vt 0.638175 0.015133
vt 0.637034 0.015484
vt 0.637566 0.015234
vt 0.638365 0.014983
vt 0.647724 0.020954
vt 0.646659 0.021556
vt 0.646773 0.021606
vt 0.647496 0.021205
vt 0.636425 0.015083
vt 0.636805 0.014180
vt 0.637376 0.014330
vt 0.637110 0.014983
vt 0.650501 0.027527
vt 0.650920 0.027176
vt 0.651148 0.026925
vt 0.650311 0.027578
vt 0.641333 0.016538
vt 0.638365 0.014983
vt 0.637566 0.015234
vt 0.640153 0.016839
vt 0.650920 0.024567
vt 0.650425 0.024215
vt 0.649246 0.023714
vt 0.649550 0.023914
vt 0.642550 0.014782
vt 0.639278 0.013828
vt 0.639050 0.014431
vt 0.642170 0.015685
vt 0.642170 0.015685
vt 0.639050 0.014431
vt 0.638365 0.014983
vt 0.641333 0.016538
vt 0.640153 0.016839
vt 0.637566 0.015234
vt 0.637110 0.014983
vt 0.639468 0.016488
vt 0.634485 0.010768
vt 0.635436 0.010316
vt 0.635626 0.010968
vt 0.634903 0.011320
vt 0.639963 0.015585
vt 0.637376 0.014330
vt 0.638137 0.013728
vt 0.641104 0.014732
vt 0.650920 0.027176
vt 0.651072 0.026825
vt 0.651452 0.026223
vt 0.651148 0.026925
vt 0.639202 0.014330
vt 0.638175 0.015133
vt 0.638365 0.014983
vt 0.639050 0.014431
vt 0.642550 0.014782
vt 0.642170 0.015685
vt 0.642322 0.015836
vt 0.642550 0.015234
vt 0.642170 0.015685
vt 0.641333 0.016538
vt 0.641637 0.016438
vt 0.642322 0.015836
vt 0.650425 0.024215
vt 0.649246 0.024567
vt 0.648523 0.023914
vt 0.649246 0.023714
vt 0.642017 0.014431
vt 0.642550 0.014782
vt 0.642550 0.015234
vt 0.642208 0.014983
vt 0.639468 0.016488
vt 0.639963 0.015585
vt 0.640420 0.015886
vt 0.640077 0.016538
vt 0.642017 0.014431
vt 0.638898 0.013527
vt 0.639278 0.013828
vt 0.642550 0.014782
vt 0.635892 0.008710
vt 0.634789 0.006051
vt 0.634066 0.006352
vt 0.634789 0.009212
vt 0.635436 0.005198
vt 0.634751 0.002789
vt 0.634523 0.003291
vt 0.635094 0.006001
vt 0.645365 0.017391
vt 0.642550 0.015234
vt 0.642322 0.015836
vt 0.645061 0.018294
vt 0.645061 0.018294
vt 0.642322 0.015836
vt 0.641637 0.016438
vt 0.644186 0.019097
vt 0.644186 0.019097
vt 0.641637 0.016438
vt 0.640572 0.016789
vt 0.643197 0.019449
vt 0.643197 0.019449
vt 0.640572 0.016789
vt 0.640077 0.016538
vt 0.642664 0.019097
vt 0.634485 0.010768
vt 0.633762 0.008208
vt 0.634523 0.007857
vt 0.635436 0.010316
vt 0.639468 0.016488
vt 0.637110 0.014983
vt 0.637376 0.014330
vt 0.639963 0.015585
vt 0.634104 0.011520
vt 0.634485 0.010768
vt 0.634903 0.011320
vt 0.634599 0.011821
vt 0.640153 0.016839
vt 0.639468 0.016488
vt 0.640077 0.016538
vt 0.640572 0.016789
vt 0.645365 0.017391
vt 0.645061 0.018294
vt 0.645061 0.018495
vt 0.645289 0.017893
vt 0.645061 0.018294
vt 0.644186 0.019097
vt 0.644414 0.019047
vt 0.645061 0.018495
vt 0.645441 0.020502
vt 0.646507 0.019850
vt 0.646659 0.020452
vt 0.645936 0.020904
vt 0.634028 0.006402
vt 0.632773 0.006302
vt 0.633153 0.006251
vt 0.634066 0.006352
vt 0.642664 0.019097
vt 0.643045 0.018194
vt 0.643653 0.018445
vt 0.643387 0.018997
vt 0.643045 0.018194
vt 0.643958 0.017341
vt 0.644300 0.017843
vt 0.643653 0.018445
vt 0.646507 0.019850
vt 0.644300 0.017843
vt 0.644985 0.017642
vt 0.647648 0.019750
vt 0.643958 0.017341
vt 0.641485 0.015234
vt 0.642208 0.014983
vt 0.644909 0.017040
vt 0.648142 0.020201
vt 0.645289 0.017893
vt 0.645061 0.018495
vt 0.647724 0.020954
vt 0.646659 0.021556
vt 0.644414 0.019047
vt 0.643729 0.019248
vt 0.645555 0.021656
vt 0.638175 0.015133
vt 0.635892 0.012223
vt 0.635094 0.012223
vt 0.637034 0.015484
vt 0.645555 0.021656
vt 0.643729 0.019248
vt 0.643387 0.018997
vt 0.645061 0.021255
vt 0.637034 0.015484
vt 0.635094 0.012223
vt 0.634599 0.011821
vt 0.636425 0.015083
vt 0.645441 0.020502
vt 0.643653 0.018445
vt 0.644300 0.017843
vt 0.646507 0.019850
vt 0.646507 0.019850
vt 0.647648 0.019750
vt 0.647420 0.020352
vt 0.646659 0.020452
vt 0.635094 0.006001
vt 0.634028 0.006402
vt 0.634066 0.006352
vt 0.634789 0.006051
vt 0.648142 0.020201
vt 0.647724 0.020954
vt 0.647496 0.021205
vt 0.647762 0.020703
vt 0.647229 0.024115
vt 0.648257 0.023362
vt 0.648523 0.023914
vt 0.647838 0.024466
vt 0.646659 0.021556
vt 0.645555 0.021656
vt 0.646012 0.021707
vt 0.646773 0.021606
vt 0.645555 0.021656
vt 0.645061 0.021255
vt 0.645670 0.021405
vt 0.646012 0.021707
vt 0.648257 0.023362
vt 0.649322 0.023061
vt 0.649246 0.023714
vt 0.648523 0.023914
vt 0.647648 0.019750
vt 0.648142 0.020201
vt 0.647762 0.020703
vt 0.647420 0.020352
vt 0.648257 0.023362
vt 0.646659 0.020452
vt 0.647420 0.020352
vt 0.649322 0.023061
vt 0.649322 0.023061
vt 0.647420 0.020352
vt 0.647762 0.020703
vt 0.649778 0.023413
vt 0.635094 0.006001
vt 0.634523 0.003291
vt 0.633762 0.003592
vt 0.634028 0.006402
vt 0.635626 0.007355
vt 0.634599 0.005097
vt 0.635055 0.005549
vt 0.636235 0.007958
vt 0.648409 0.024968
vt 0.646773 0.021606
vt 0.646012 0.021707
vt 0.647344 0.025269
vt 0.649398 0.024215
vt 0.647496 0.021205
vt 0.646773 0.021606
vt 0.648409 0.024968
vt 0.646849 0.024968
vt 0.645670 0.021405
vt 0.645936 0.020904
vt 0.647229 0.024115
vt 0.634751 0.012072
vt 0.633952 0.009162
vt 0.633534 0.008760
vt 0.634104 0.011520
vt 0.634409 0.007255
vt 0.635626 0.007355
vt 0.635360 0.007907
vt 0.634523 0.007857
vt 0.649322 0.023061
vt 0.649778 0.023413
vt 0.649550 0.023914
vt 0.649246 0.023714
vt 0.646849 0.024968
vt 0.647229 0.024115
vt 0.647838 0.024466
vt 0.647572 0.025069
vt 0.649398 0.024215
vt 0.648409 0.024968
vt 0.648599 0.025018
vt 0.649284 0.024466
vt 0.648409 0.024968
vt 0.647344 0.025269
vt 0.647914 0.025219
vt 0.648599 0.025018
vt 0.647344 0.025269
vt 0.646849 0.024968
vt 0.647572 0.025069
vt 0.647914 0.025219
vt 0.633572 0.009162
vt 0.632963 0.008560
vt 0.633534 0.008760
vt 0.633952 0.009162
vt 0.649778 0.023413
vt 0.649398 0.024215
vt 0.649284 0.024466
vt 0.649550 0.023914
vt 0.649360 0.026423
vt 0.650463 0.025520
vt 0.649284 0.024466
vt 0.648599 0.025018
vt 0.648066 0.025520
vt 0.647648 0.026474
vt 0.647572 0.025069
vt 0.647838 0.024466
vt 0.647724 0.020954
vt 0.645061 0.018495
vt 0.644414 0.019047
vt 0.646659 0.021556
vt 0.639963 0.015585
vt 0.641104 0.014732
vt 0.641485 0.015234
vt 0.640420 0.015886
vt 0.650463 0.025520
vt 0.650920 0.024567
vt 0.649550 0.023914
vt 0.649284 0.024466
vt 0.641333 0.016538
vt 0.640153 0.016839
vt 0.640572 0.016789
vt 0.641637 0.016438
vt 0.649246 0.024567
vt 0.648066 0.025520
vt 0.647838 0.024466
vt 0.648523 0.023914
vt 0.647648 0.026474
vt 0.648180 0.026825
vt 0.647914 0.025219
vt 0.647572 0.025069
vt 0.649132 0.027578
vt 0.649474 0.027828
vt 0.648180 0.026825
vt 0.647648 0.026474
vt 0.632012 0.005649
vt 0.632507 0.003040
vt 0.632735 0.002488
vt 0.632469 0.004846
vt 0.634789 0.009212
vt 0.634066 0.006352
vt 0.633153 0.006251
vt 0.633572 0.009162
vt 0.636425 0.015083
vt 0.634599 0.011821
vt 0.634903 0.011320
vt 0.636805 0.014180
vt 0.650311 0.027578
vt 0.651148 0.026925
vt 0.650463 0.025520
vt 0.649360 0.026423
vt 0.651452 0.026223
vt 0.651072 0.025972
vt 0.650425 0.024215
vt 0.650920 0.024567
vt 0.649436 0.026875
vt 0.649132 0.027578
vt 0.647648 0.026474
vt 0.648066 0.025520
vt 0.649474 0.027828
vt 0.650311 0.027578
vt 0.649360 0.026423
vt 0.648180 0.026825
vt 0.636805 0.014180
vt 0.637871 0.013327
vt 0.638137 0.013728
vt 0.637376 0.014330
vt 0.644909 0.017040
vt 0.645365 0.017391
vt 0.645289 0.017893
vt 0.644985 0.017642
vt 0.651072 0.026825
vt 0.650882 0.026674
vt 0.651072 0.025972
vt 0.651452 0.026223
vt 0.650045 0.027176
vt 0.649892 0.027527
vt 0.649132 0.027578
vt 0.649436 0.026875
vt 0.637376 0.010868
vt 0.636882 0.011671
vt 0.636615 0.011871
vt 0.636958 0.011320
vt 0.634789 0.009212
vt 0.633572 0.009162
vt 0.633952 0.009162
vt 0.634789 0.009162
vt 0.650882 0.026674
vt 0.650463 0.026825
vt 0.650235 0.026223
vt 0.651072 0.025972
vt 0.650463 0.026825
vt 0.650045 0.027176
vt 0.649436 0.026875
vt 0.650235 0.026223
vt 0.649892 0.027527
vt 0.650045 0.027176
vt 0.650083 0.027628
vt 0.650463 0.026825
vt 0.649778 0.023413
vt 0.647762 0.020703
vt 0.647496 0.021205
vt 0.649398 0.024215
vt 0.650501 0.027527
vt 0.650882 0.026674
vt 0.650920 0.027176
vt 0.651072 0.026825
vn 0.385535 -0.155959 0.909417
vn 0.385535 -0.155959 0.909417
vn 0.385535 -0.155959 0.909417
vn 0.385535 -0.155959 0.909417
vn 0.909195 -0.160487 0.384198
vn 0.909195 -0.160487 0.384198
vn 0.909195 -0.160487 0.384198
vn 0.909195 -0.160487 0.384198
vn -0.373731 -0.140482 0.916837
vn -0.373731 -0.140482 0.916837
vn -0.373731 -0.140482 0.916837
vn -0.373731 -0.140482 0.916837
vn 0.679632 -0.617123 0.396560
vn 0.679632 -0.617123 0.396560
vn 0.679632 -0.617123 0.396560
vn 0.679632 -0.617123 0.396560
vn -0.373658 -0.141227 -0.916752
vn -0.373658 -0.141227 -0.916752
vn -0.373658 -0.141227 -0.916752
vn -0.373658 -0.141227 -0.916752
vn 0.916147 -0.157414 -0.368640
vn 0.916147 -0.157414 -0.368640
vn 0.916147 -0.157414 -0.368640
vn 0.916147 -0.157414 -0.368640
vn 0.449323 0.071838 0.890476
vn 0.449323 0.071838 0.890476
vn 0.449323 0.071838 0.890476
vn 0.449323 0.071838 0.890476
vn -0.902324 0.177380 -0.392872
vn -0.902324 0.177380 -0.392872
vn -0.902324 0.177380 -0.392872
vn -0.902324 0.177380 -0.392872
vn 0.254905 0.810357 0.527584
vn 0.254905 0.810357 0.527584
vn 0.254905 0.810357 0.527584
vn 0.254905 0.810357 0.527584
vn 0.787174 0.579583 -0.210811
vn 0.787174 0.579583 -0.210811
vn 0.787174 0.579583 -0.210811
vn 0.787174 0.579583 -0.210811
vn 0.595842 0.759513 -0.260983
vn 0.595842 0.759513 -0.260983
vn 0.595842 0.759513 -0.260983
vn 0.595842 0.759513 -0.260983
vn 0.012704 0.980273 -0.197240
vn 0.012704 0.980273 -0.197240
vn 0.012704 0.980273 -0.197240
vn 0.012704 0.980273 -0.197240
vn 0.054189 0.979993 -0.191514
vn 0.054189 0.979993 -0.191514
vn 0.054189 0.979993 -0.191514
vn 0.054189 0.979993 -0.191514
vn -0.471032 0.840676 -0.267194
vn -0.471032 0.840676 -0.267194
vn -0.471032 0.840676 -0.267194
vn -0.471032 0.840676 -0.267194
vn 0.217934 0.856053 -0.468698
vn 0.217934 0.856053 -0.468698
vn 0.217934 0.856053 -0.468698
vn 0.217934 0.856053 -0.468698
vn -0.175159 0.839903 0.513696
vn -0.175159 0.839903 0.513696
vn -0.175159 0.839903 0.513696
vn -0.175159 0.839903 0.513696
vn 0.368755 -0.210477 0.905383
vn 0.368755 -0.210477 0.905383
vn 0.368755 -0.210477 0.905383
vn 0.368755 -0.210477 0.905383
vn -0.396214 0.013470 0.918059
vn -0.396214 0.013470 0.918059
vn -0.396214 0.013470 0.918059
vn -0.396214 0.013470 0.918059
vn 0.872912 -0.298812 -0.385662
vn 0.872912 -0.298812 -0.385662
vn 0.872912 -0.298812 -0.385662
vn 0.872912 -0.298812 -0.385662
vn -0.896868 -0.154444 -0.414458
vn -0.896868 -0.154444 -0.414458
vn -0.896868 -0.154444 -0.414458
vn -0.896868 -0.154444 -0.414458
vn 0.838081 -0.352580 0.416302
vn 0.838081 -0.352580 0.416302
vn 0.838081 -0.352580 0.416302
vn 0.838081 -0.352580 0.416302
vn -0.898367 0.048345 -0.436576
vn -0.898367 0.048345 -0.436576
vn -0.898367 0.048345 -0.436576
vn -0.898367 0.048345 -0.436576
vn 0.688883 -0.590338 0.420644
vn 0.688883 -0.590338 0.420644
vn 0.688883 -0.590338 0.420644
vn 0.688883 -0.590338 0.420644
vn -0.370959 -0.077762 0.925388
vn -0.370959 -0.077762 0.925388
vn -0.370959 -0.077762 0.925388
vn -0.370959 -0.077762 0.925388
vn 0.594683 0.512461 0.619464
vn 0.594683 0.512461 0.619464
vn 0.594683 0.512461 0.619464
vn 0.594683 0.512461 0.619464
vn 0.596619 0.773442 0.214087
vn 0.596619 0.773442 0.214087
vn 0.596619 0.773442 0.214087
vn 0.596619 0.773442 0.214087
vn 0.591836 0.456236 0.664514
vn 0.591836 0.456236 0.664514
vn 0.591836 0.456236 0.664514
vn 0.591836 0.456236 0.664514
vn 0.299255 0.801979 -0.516988
vn 0.299255 0.801979 -0.516988
vn 0.299255 0.801979 -0.516988
vn 0.299255 0.801979 -0.516988
vn -0.465141 0.845326 0.262809
vn -0.465141 0.845326 0.262809
vn -0.465141 0.845326 0.262809
vn -0.465141 0.845326 0.262809
vn -0.369965 0.894948 0.249388
vn -0.369965 0.894948 0.249388
vn -0.369965 0.894948 0.249388
vn -0.369965 0.894948 0.249388
vn -0.426069 0.880800 0.206534
vn -0.426069 0.880800 0.206534
vn -0.426069 0.880800 0.206534
vn -0.426069 0.880800 0.206534
vn -0.133049 0.845915 0.516456
vn -0.133049 0.845915 0.516456
vn -0.133049 0.845915 0.516456
vn -0.133049 0.845915 0.516456
vn 0.706229 -0.604766 0.368102
vn 0.706229 -0.604766 0.368102
vn 0.706229 -0.604766 0.368102
vn 0.706229 -0.604766 0.368102
vn -0.898790 0.042046 0.436359
vn -0.898790 0.042046 0.436359
vn -0.898790 0.042046 0.436359
vn -0.898790 0.042046 0.436359
vn 0.840412 -0.345456 -0.417574
vn 0.840412 -0.345456 -0.417574
vn 0.840412 -0.345456 -0.417574
vn 0.840412 -0.345456 -0.417574
vn 0.355681 -0.221108 -0.908076
vn 0.355681 -0.221108 -0.908076
vn 0.355681 -0.221108 -0.908076
vn 0.355681 -0.221108 -0.908076
vn -0.411185 -0.028880 -0.911094
vn -0.411185 -0.028880 -0.911094
vn -0.411185 -0.028880 -0.911094
vn -0.411185 -0.028880 -0.911094
vn 0.355737 -0.220550 0.908190
vn 0.355737 -0.220550 0.908190
vn 0.355737 -0.220550 0.908190
vn 0.355737 -0.220550 0.908190
vn -0.909097 0.114001 0.400681
vn -0.909097 0.114001 0.400681
vn -0.909097 0.114001 0.400681
vn -0.909097 0.114001 0.400681
vn -0.508482 -0.273222 -0.816576
vn -0.508482 -0.273222 -0.816576
vn -0.508482 -0.273222 -0.816576
vn -0.508482 -0.273222 -0.816576
vn 0.222755 0.823353 -0.521987
vn 0.222755 0.823353 -0.521987
vn 0.222755 0.823353 -0.521987
vn 0.222755 0.823353 -0.521987
vn 0.706079 0.626967 0.329187
vn 0.706079 0.626967 0.329187
vn 0.706079 0.626967 0.329187
vn 0.706079 0.626967 0.329187
vn -0.021982 0.979023 -0.202561
vn -0.021982 0.979023 -0.202561
vn -0.021982 0.979023 -0.202561
vn -0.021982 0.979023 -0.202561
vn 0.368362 0.688718 -0.624481
vn 0.368362 0.688718 -0.624481
vn 0.368362 0.688718 -0.624481
vn 0.368362 0.688718 -0.624481
vn -0.203659 0.749926 -0.629392
vn -0.203659 0.749926 -0.629392
vn -0.203659 0.749926 -0.629392
vn -0.203659 0.749926 -0.629392
vn -0.609329 0.720256 -0.331586
vn -0.609329 0.720256 -0.331586
vn -0.609329 0.720256 -0.331586
vn -0.609329 0.720256 -0.331586
vn 0.596695 0.773266 -0.214511
vn 0.596695 0.773266 -0.214511
vn 0.596695 0.773266 -0.214511
vn 0.596695 0.773266 -0.214511
vn 0.287360 -0.318556 -0.903297
vn 0.287360 -0.318556 -0.903297
vn 0.287360 -0.318556 -0.903297
vn 0.287360 -0.318556 -0.903297
vn 0.287835 -0.324387 0.901068
vn 0.287835 -0.324387 0.901068
vn 0.287835 -0.324387 0.901068
vn 0.287835 -0.324387 0.901068
vn -0.733682 0.505494 0.454078
vn -0.733682 0.505494 0.454078
vn -0.733682 0.505494 0.454078
vn -0.733682 0.505494 0.454078
vn 0.688341 -0.590763 -0.420933
vn 0.688341 -0.590763 -0.420933
vn 0.688341 -0.590763 -0.420933
vn 0.688341 -0.590763 -0.420933
vn 0.368672 0.687212 0.625956
vn 0.368672 0.687212 0.625956
vn 0.368672 0.687212 0.625956
vn 0.368672 0.687212 0.625956
vn -0.313336 0.101065 0.944249
vn -0.313336 0.101065 0.944249
vn -0.313336 0.101065 0.944249
vn -0.313336 0.101065 0.944249
vn -0.820183 0.421386 0.386955
vn -0.820183 0.421386 0.386955
vn -0.820183 0.421386 0.386955
vn -0.820183 0.421386 0.386955
vn -0.208012 0.401042 0.892130
vn -0.208012 0.401042 0.892130
vn -0.208012 0.401042 0.892130
vn -0.208012 0.401042 0.892130
vn -0.374673 0.087011 0.923065
vn -0.374673 0.087011 0.923065
vn -0.374673 0.087011 0.923065
vn -0.374673 0.087011 0.923065
vn 0.541857 0.713929 0.443505
vn 0.541857 0.713929 0.443505
vn 0.541857 0.713929 0.443505
vn 0.541857 0.713929 0.443505
vn 0.786544 0.580767 0.209900
vn 0.786544 0.580767 0.209900
vn 0.786544 0.580767 0.209900
vn 0.786544 0.580767 0.209900
vn 0.152691 -0.477336 0.865353
vn 0.152691 -0.477336 0.865353
vn 0.152691 -0.477336 0.865353
vn 0.152691 -0.477336 0.865353
vn 0.602830 0.752912 0.264045
vn 0.602830 0.752912 0.264045
vn 0.602830 0.752912 0.264045
vn 0.602830 0.752912 0.264045
vn 0.259685 0.868026 -0.423195
vn 0.259685 0.868026 -0.423195
vn 0.259685 0.868026 -0.423195
vn 0.259685 0.868026 -0.423195
vn 0.446884 0.694879 -0.563417
vn 0.446884 0.694879 -0.563417
vn 0.446884 0.694879 -0.563417
vn 0.446884 0.694879 -0.563417
vn 0.059776 0.980207 0.188735
vn 0.059776 0.980207 0.188735
vn 0.059776 0.980207 0.188735
vn 0.059776 0.980207 0.188735
vn 0.556497 0.685103 -0.470048
vn 0.556497 0.685103 -0.470048
vn 0.556497 0.685103 -0.470048
vn 0.556497 0.685103 -0.470048
vn -0.290337 0.185862 -0.938701
vn -0.290337 0.185862 -0.938701
vn -0.290337 0.185862 -0.938701
vn -0.290337 0.185862 -0.938701
vn 0.532573 -0.767985 0.355760
vn 0.532573 -0.767985 0.355760
vn 0.532573 -0.767985 0.355760
vn 0.532573 -0.767985 0.355760
vn 0.415449 -0.840791 -0.347091
vn 0.415449 -0.840791 -0.347091
vn 0.415449 -0.840791 -0.347091
vn 0.415449 -0.840791 -0.347091
vn 0.152230 -0.477434 -0.865380
vn 0.152230 -0.477434 -0.865380
vn 0.152230 -0.477434 -0.865380
vn 0.152230 -0.477434 -0.865380
vn -0.610783 0.655547 -0.444074
vn -0.610783 0.655547 -0.444074
vn -0.610783 0.655547 -0.444074
vn -0.610783 0.655547 -0.444074
vn -0.198460 0.758392 0.620850
vn -0.198460 0.758392 0.620850
vn -0.198460 0.758392 0.620850
vn -0.198460 0.758392 0.620850
vn -0.290175 0.186115 0.938701
vn -0.290175 0.186115 0.938701
vn -0.290175 0.186115 0.938701
vn -0.290175 0.186115 0.938701
vn 0.808851 0.555918 -0.191611
vn 0.808851 0.555918 -0.191611
vn 0.808851 0.555918 -0.191611
vn 0.808851 0.555918 -0.191611
vn 0.541974 0.712985 -0.444879
vn 0.541974 0.712985 -0.444879
vn 0.541974 0.712985 -0.444879
vn 0.541974 0.712985 -0.444879
vn 0.928624 0.046180 -0.368137
vn 0.928624 0.046180 -0.368137
vn 0.928624 0.046180 -0.368137
vn 0.928624 0.046180 -0.368137
vn 0.591167 0.467700 -0.657098
vn 0.591167 0.467700 -0.657098
vn 0.591167 0.467700 -0.657098
vn 0.591167 0.467700 -0.657098
vn 0.100611 -0.564996 0.818937
vn 0.100611 -0.564996 0.818937
vn 0.100611 -0.564996 0.818937
vn 0.100611 -0.564996 0.818937
vn 0.928676 0.040783 0.368642
vn 0.928676 0.040783 0.368642
vn 0.928676 0.040783 0.368642
vn 0.928676 0.040783 0.368642
vn -0.147604 0.946824 0.285899
vn -0.147604 0.946824 0.285899
vn -0.147604 0.946824 0.285899
vn -0.147604 0.946824 0.285899
vn 0.415984 -0.840704 0.346662
vn 0.415984 -0.840704 0.346662
vn 0.415984 -0.840704 0.346662
vn 0.415984 -0.840704 0.346662
vn 0.368780 -0.209043 -0.905705
vn 0.368780 -0.209043 -0.905705
vn 0.368780 -0.209043 -0.905705
vn 0.368780 -0.209043 -0.905705
vn 0.909090 -0.159524 -0.384849
vn 0.909090 -0.159524 -0.384849
vn 0.909090 -0.159524 -0.384849
vn 0.909090 -0.159524 -0.384849
vn 0.678515 -0.618130 -0.396904
vn 0.678515 -0.618130 -0.396904
vn 0.678515 -0.618130 -0.396904
vn 0.678515 -0.618130 -0.396904
vn 0.247190 -0.325595 -0.912625
vn 0.247190 -0.325595 -0.912625
vn 0.247190 -0.325595 -0.912625
vn 0.247190 -0.325595 -0.912625
vn -0.314372 0.102315 -0.943770
vn -0.314372 0.102315 -0.943770
vn -0.314372 0.102315 -0.943770
vn -0.314372 0.102315 -0.943770
vn -0.731455 0.509101 -0.453642
vn -0.731455 0.509101 -0.453642
vn -0.731455 0.509101 -0.453642
vn -0.731455 0.509101 -0.453642
vn -0.411355 -0.030710 0.910958
vn -0.411355 -0.030710 0.910958
vn -0.411355 -0.030710 0.910958
vn -0.411355 -0.030710 0.910958
vn -0.608941 0.657502 0.443714
vn -0.608941 0.657502 0.443714
vn -0.608941 0.657502 0.443714
vn -0.608941 0.657502 0.443714
vn -0.602513 0.727800 0.327543
vn -0.602513 0.727800 0.327543
vn -0.602513 0.727800 0.327543
vn -0.602513 0.727800 0.327543
vn -0.145837 0.947225 -0.285474
vn -0.145837 0.947225 -0.285474
vn -0.145837 0.947225 -0.285474
vn -0.145837 0.947225 -0.285474
vn 0.935123 0.199781 -0.292631
vn 0.935123 0.199781 -0.292631
vn 0.935123 0.199781 -0.292631
vn 0.935123 0.199781 -0.292631
vn 0.595252 0.522578 -0.610399
vn 0.595252 0.522578 -0.610399
vn 0.595252 0.522578 -0.610399
vn 0.595252 0.522578 -0.610399
vn -0.028561 0.815455 0.578115
vn -0.028561 0.815455 0.578115
vn -0.028561 0.815455 0.578115
vn -0.028561 0.815455 0.578115
vn -0.176716 0.836973 -0.517926
vn -0.176716 0.836973 -0.517926
vn -0.176716 0.836973 -0.517926
vn -0.176716 0.836973 -0.517926
vn 0.008380 0.980077 0.198439
vn 0.008380 0.980077 0.198439
vn 0.008380 0.980077 0.198439
vn 0.008380 0.980077 0.198439
vn 0.219940 0.821237 0.526494
vn 0.219940 0.821237 0.526494
vn 0.219940 0.821237 0.526494
vn 0.219940 0.821237 0.526494
vn 0.272038 -0.334336 0.902339
vn 0.272038 -0.334336 0.902339
vn 0.272038 -0.334336 0.902339
vn 0.272038 -0.334336 0.902339
vn 0.248471 -0.324951 0.912507
vn 0.248471 -0.324951 0.912507
vn 0.248471 -0.324951 0.912507
vn 0.248471 -0.324951 0.912507
vn 0.704668 -0.606039 -0.368997
vn 0.704668 -0.606039 -0.368997
vn 0.704668 -0.606039 -0.368997
vn 0.704668 -0.606039 -0.368997
vn -0.373322 0.094027 -0.922924
vn -0.373322 0.094027 -0.922924
vn -0.373322 0.094027 -0.922924
vn -0.373322 0.094027 -0.922924
vn -0.374210 0.083746 -0.923555
vn -0.374210 0.083746 -0.923555
vn -0.374210 0.083746 -0.923555
vn -0.374210 0.083746 -0.923555
vn -0.819092 0.422660 -0.387876
vn -0.819092 0.422660 -0.387876
vn -0.819092 0.422660 -0.387876
vn -0.819092 0.422660 -0.387876
vn -0.837134 0.332062 -0.434675
vn -0.837134 0.332062 -0.434675
vn -0.837134 0.332062 -0.434675
vn -0.837134 0.332062 -0.434675
vn -0.373342 0.094016 0.922917
vn -0.373342 0.094016 0.922917
vn -0.373342 0.094016 0.922917
vn -0.373342 0.094016 0.922917
vn 0.446580 0.696706 0.561397
vn 0.446580 0.696706 0.561397
vn 0.446580 0.696706 0.561397
vn 0.446580 0.696706 0.561397
vn 0.255295 0.809529 -0.528666
vn 0.255295 0.809529 -0.528666
vn 0.255295 0.809529 -0.528666
vn 0.255295 0.809529 -0.528666
vn 0.750472 0.618222 -0.233651
vn 0.750472 0.618222 -0.233651
vn 0.750472 0.618222 -0.233651
vn 0.750472 0.618222 -0.233651
vn 0.127834 0.789661 0.600079
vn 0.127834 0.789661 0.600079
vn 0.127834 0.789661 0.600079
vn 0.127834 0.789661 0.600079
vn -0.028825 0.815148 -0.578534
vn -0.028825 0.815148 -0.578534
vn -0.028825 0.815148 -0.578534
vn -0.028825 0.815148 -0.578534
vn -0.372486 0.893543 -0.250669
vn -0.372486 0.893543 -0.250669
vn -0.372486 0.893543 -0.250669
vn -0.372486 0.893543 -0.250669
vn 0.543559 0.599992 0.586986
vn 0.543559 0.599992 0.586986
vn 0.543559 0.599992 0.586986
vn 0.543559 0.599992 0.586986
vn 0.751223 0.617343 0.233561
vn 0.751223 0.617343 0.233561
vn 0.751223 0.617343 0.233561
vn 0.751223 0.617343 0.233561
vn 0.319963 -0.234426 0.917970
vn 0.319963 -0.234426 0.917970
vn 0.319963 -0.234426 0.917970
vn 0.319963 -0.234426 0.917970
vn 0.826838 -0.414793 0.379850
vn 0.826838 -0.414793 0.379850
vn 0.826838 -0.414793 0.379850
vn 0.826838 -0.414793 0.379850
vn 0.385539 -0.156821 -0.909267
vn 0.385539 -0.156821 -0.909267
vn 0.385539 -0.156821 -0.909267
vn 0.385539 -0.156821 -0.909267
vn 0.873585 -0.297062 0.385493
vn 0.873585 -0.297062 0.385493
vn 0.873585 -0.297062 0.385493
vn 0.873585 -0.297062 0.385493
vn -0.396239 0.013873 -0.918043
vn -0.396239 0.013873 -0.918043
vn -0.396239 0.013873 -0.918043
vn -0.396239 0.013873 -0.918043
vn 0.320062 -0.233409 -0.918194
vn 0.320062 -0.233409 -0.918194
vn 0.320062 -0.233409 -0.918194
vn 0.320062 -0.233409 -0.918194
vn -0.902430 0.178627 0.392061
vn -0.902430 0.178627 0.392061
vn -0.902430 0.178627 0.392061
vn -0.902430 0.178627 0.392061
vn -0.909199 0.111000 -0.401293
vn -0.909199 0.111000 -0.401293
vn -0.909199 0.111000 -0.401293
vn -0.909199 0.111000 -0.401293
vn 0.298849 0.802999 0.515638
vn 0.298849 0.802999 0.515638
vn 0.298849 0.802999 0.515638
vn 0.298849 0.802999 0.515638
vn 0.857495 0.452360 0.245099
vn 0.857495 0.452360 0.245099
vn 0.857495 0.452360 0.245099
vn 0.857495 0.452360 0.245099
vn -0.202078 0.928988 0.310073
vn -0.202078 0.928988 0.310073
vn -0.202078 0.928988 0.310073
vn -0.202078 0.928988 0.310073
vn 0.543474 0.597058 -0.590049
vn 0.543474 0.597058 -0.590049
vn 0.543474 0.597058 -0.590049
vn 0.543474 0.597058 -0.590049
vn 0.122209 0.785359 -0.606858
vn 0.122209 0.785359 -0.606858
vn 0.122209 0.785359 -0.606858
vn 0.122209 0.785359 -0.606858
vn -0.212704 0.925279 -0.314032
vn -0.212704 0.925279 -0.314032
vn -0.212704 0.925279 -0.314032
vn -0.212704 0.925279 -0.314032
vn -0.425685 0.880934 -0.206757
vn -0.425685 0.880934 -0.206757
vn -0.425685 0.880934 -0.206757
vn -0.425685 0.880934 -0.206757
vn 0.857574 0.451846 -0.245767
vn 0.857574 0.451846 -0.245767
vn 0.857574 0.451846 -0.245767
vn 0.857574 0.451846 -0.245767
vn 0.099644 -0.566378 -0.818100
vn 0.099644 -0.566378 -0.818100
vn 0.099644 -0.566378 -0.818100
vn 0.099644 -0.566378 -0.818100
vn -0.932836 -0.045708 0.357389
vn -0.932836 -0.045708 0.357389
vn -0.932836 -0.045708 0.357389
vn -0.932836 -0.045708 0.357389
vn 0.270078 -0.335585 -0.902464
vn 0.270078 -0.335585 -0.902464
vn 0.270078 -0.335585 -0.902464
vn 0.270078 -0.335585 -0.902464
vn 0.173626 0.808977 0.561614
vn 0.173626 0.808977 0.561614
vn 0.173626 0.808977 0.561614
vn 0.173626 0.808977 0.561614
vn 0.535457 -0.765369 -0.357067
vn 0.535457 -0.765369 -0.357067
vn 0.535457 -0.765369 -0.357067
vn 0.535457 -0.765369 -0.357067
vn 0.174039 0.806418 -0.565155
vn 0.174039 0.806418 -0.565155
vn 0.174039 0.806418 -0.565155
vn 0.174039 0.806418 -0.565155
vn -0.507871 -0.271281 0.817603
vn -0.507871 -0.271281 0.817603
vn -0.507871 -0.271281 0.817603
vn -0.507871 -0.271281 0.817603
vn -0.933035 -0.051958 -0.356013
vn -0.933035 -0.051958 -0.356013
vn -0.933035 -0.051958 -0.356013
vn -0.933035 -0.051958 -0.356013
vn -0.665192 0.641403 -0.382259
vn -0.665192 0.641403 -0.382259
vn -0.665192 0.641403 -0.382259
vn -0.665192 0.641403 -0.382259
vn -0.898003 -0.149095 0.413957
vn -0.898003 -0.149095 0.413957
vn -0.898003 -0.149095 0.413957
vn -0.898003 -0.149095 0.413957
vn -0.371231 -0.075901 -0.925433
vn -0.371231 -0.075901 -0.925433
vn -0.371231 -0.075901 -0.925433
vn -0.371231 -0.075901 -0.925433
vn -0.837577 0.331330 0.434380
vn -0.837577 0.331330 0.434380
vn -0.837577 0.331330 0.434380
vn -0.837577 0.331330 0.434380
vn 0.449302 0.071781 -0.890492
vn 0.449302 0.071781 -0.890492
vn 0.449302 0.071781 -0.890492
vn 0.449302 0.071781 -0.890492
vn 0.916508 -0.156709 0.368042
vn 0.916508 -0.156709 0.368042
vn 0.916508 -0.156709 0.368042
vn 0.916508 -0.156709 0.368042
vn -0.665893 0.640939 0.381816
vn -0.665893 0.640939 0.381816
vn -0.665893 0.640939 0.381816
vn -0.665893 0.640939 0.381816
vn -0.207671 0.401583 -0.891966
vn -0.207671 0.401583 -0.891966
vn -0.207671 0.401583 -0.891966
vn -0.207671 0.401583 -0.891966
vn 0.263518 0.870508 0.415661
vn 0.263518 0.870508 0.415661
vn 0.263518 0.870508 0.415661
vn 0.263518 0.870508 0.415661
vn 0.935925 0.194941 0.293330
vn 0.935925 0.194941 0.293330
vn 0.935925 0.194941 0.293330
vn 0.935925 0.194941 0.293330
vn 0.808164 0.557290 0.190520
vn 0.808164 0.557290 0.190520
vn 0.808164 0.557290 0.190520
vn 0.808164 0.557290 0.190520
vn -0.023450 0.979000 0.202507
vn -0.023450 0.979000 0.202507
vn -0.023450 0.979000 0.202507
vn -0.023450 0.979000 0.202507
vn 0.707975 0.623747 -0.331226
vn 0.707975 0.623747 -0.331226
vn 0.707975 0.623747 -0.331226
vn 0.707975 0.623747 -0.331226
vn -0.132119 0.847234 -0.514527
vn -0.132119 0.847234 -0.514527
vn -0.132119 0.847234 -0.514527
vn -0.132119 0.847234 -0.514527
vn 0.556899 0.682262 0.473690
vn 0.556899 0.682262 0.473690
vn 0.556899 0.682262 0.473690
vn 0.556899 0.682262 0.473690
vn 0.218833 0.856588 0.467301
vn 0.218833 0.856588 0.467301
vn 0.218833 0.856588 0.467301
vn 0.218833 0.856588 0.467301
vn 0.470569 0.882363 0.000000
vn 0.461732 0.887020 0.000000
vn 0.455650 0.890159 0.000028
vn 0.461732 0.887020 0.000000
vn 0.448141 0.893963 0.000041
vn 0.455650 0.890159 0.000028
vn 0.826956 -0.413764 -0.380715
vn 0.826956 -0.413764 -0.380715
vn 0.826956 -0.413764 -0.380715
vn 0.826956 -0.413764 -0.380715
vn 0.438616 0.898675 0.000041
vn 0.449331 0.893366 0.000028
vn 0.452278 0.891877 0.000000
vn 0.449331 0.893366 0.000028
vn 0.470567 0.882365 0.000000
vn 0.452278 0.891877 0.000000
vn 0.448141 0.893963 0.000041
vn 0.449331 0.893366 0.000028
vn 0.455650 0.890159 0.000028
vn 0.438616 0.898675 0.000041
s 1
g samor_4024_168 tree_05 group1
usemtl samor_4024_168SG
f 14/1/1 16/2/2 13/4/3
f 13/4/3 16/2/2 15/3/4
s 2
f 10/5/5 12/6/6 9/8/7
f 9/8/7 12/6/6 11/7/8
s 3
f 20/10/9 19/11/10 18/9/11
f 18/9/11 19/11/10 17/12/12
s 4
f 332/14/13 331/15/14 330/13/15
f 330/13/15 331/15/14 329/16/16
s 5
f 30/17/17 32/18/18 29/20/19
f 29/20/19 32/18/18 31/19/20
s 6
f 566/21/21 568/22/22 565/24/23
f 565/24/23 568/22/22 567/23/24
s 7
f 564/26/25 563/27/26 562/25/27
f 562/25/27 563/27/26 561/28/28
s 8
f 476/30/29 475/31/30 474/29/31
f 474/29/31 475/31/30 473/32/32
s 9
f 46/33/33 48/34/34 45/36/35
f 45/36/35 48/34/34 47/35/36
s 10
f 232/38/37 231/39/38 230/37/39
f 230/37/39 231/39/38 229/40/40
s 11
f 40/42/41 39/43/42 38/41/43
f 38/41/43 39/43/42 37/44/44
s 12
f 380/46/45 379/47/46 378/45/47
f 378/45/47 379/47/46 377/48/48
s 13
f 252/50/49 251/51/50 250/49/51
f 250/49/51 251/51/50 249/52/52
s 14
f 60/54/53 59/55/54 58/53/55
f 58/53/55 59/55/54 57/56/56
s 15
f 606/57/57 608/58/58 605/60/59
f 605/60/59 608/58/58 607/59/60
s 16
f 50/61/61 52/62/62 49/64/63
f 49/64/63 52/62/62 51/63/64
s 17
f 80/66/65 79/67/66 78/65/67
f 78/65/67 79/67/66 77/68/68
s 18
f 466/69/69 468/70/70 465/72/71
f 465/72/71 468/70/70 467/71/72
s 19
f 70/73/73 72/74/74 69/76/75
f 69/76/75 72/74/74 71/75/76
s 20
f 28/78/77 27/79/78 26/77/79
f 26/77/79 27/79/78 25/80/80
s 21
f 140/82/81 139/83/82 138/81/83
f 138/81/83 139/83/82 137/84/84
s 22
f 90/85/85 92/86/86 89/88/87
f 89/88/87 92/86/86 91/87/88
s 23
f 204/90/89 203/91/90 202/89/91
f 202/89/91 203/91/90 201/92/92
s 24
f 84/94/93 83/95/94 82/93/95
f 82/93/95 83/95/94 81/96/96
s 25
f 366/97/97 368/98/98 365/100/99
f 365/100/99 368/98/98 367/99/100
s 26
f 106/101/101 108/102/102 105/104/103
f 105/104/103 108/102/102 107/103/104
s 27
f 302/105/105 304/106/106 301/108/107
f 301/108/107 304/106/106 303/107/108
s 28
f 100/110/109 99/111/110 98/109/111
f 98/109/111 99/111/110 97/112/112
s 29
f 54/113/113 56/114/114 53/116/115
f 53/116/115 56/114/114 55/115/116
s 30
f 440/118/117 439/119/118 438/117/119
f 438/117/119 439/119/118 437/120/120
s 31
f 118/121/121 120/122/122 117/124/123
f 117/124/123 120/122/122 119/123/124
s 32
f 114/125/125 116/126/126 113/128/127
f 113/128/127 116/126/126 115/127/128
s 33
f 396/130/129 395/131/130 394/129/131
f 394/129/131 395/131/130 393/132/132
s 34
f 88/134/133 87/135/134 86/133/135
f 86/133/135 87/135/134 85/136/136
s 35
f 134/137/137 136/138/138 133/140/139
f 133/140/139 136/138/138 135/139/140
s 36
f 130/141/141 132/142/142 129/144/143
f 129/144/143 132/142/142 131/143/144
s 37
f 158/145/145 160/146/146 157/148/147
f 157/148/147 160/146/146 159/147/148
s 38
f 144/150/149 143/151/150 142/149/151
f 142/149/151 143/151/150 141/152/152
s 39
f 152/154/153 151/155/154 150/153/155
f 150/153/155 151/155/154 149/156/156
s 40
f 538/157/157 540/158/158 537/160/159
f 537/160/159 540/158/158 539/159/160
s 41
f 384/162/161 383/163/162 382/161/163
f 382/161/163 383/163/162 381/164/164
s 42
f 172/166/165 171/167/166 170/165/167
f 170/165/167 171/167/166 169/168/168
s 43
f 592/170/169 591/171/170 590/169/171
f 590/169/171 591/171/170 589/172/172
s 44
f 164/174/173 163/175/174 162/173/175
f 162/173/175 163/175/174 161/176/176
s 45
f 190/177/177 192/178/178 189/180/179
f 189/180/179 192/178/178 191/179/180
s 46
f 186/181/181 188/182/182 185/184/183
f 185/184/183 188/182/182 187/183/184
s 47
f 104/186/185 103/187/186 102/185/187
f 102/185/187 103/187/186 101/188/188
s 48
f 194/189/189 196/190/190 193/192/191
f 193/192/191 196/190/190 195/191/192
s 49
f 208/194/193 207/195/194 206/193/195
f 206/193/195 207/195/194 205/196/196
s 50
f 344/198/197 343/199/198 342/197/199
f 342/197/199 343/199/198 341/200/200
s 51
f 198/201/201 200/202/202 197/204/203
f 197/204/203 200/202/202 199/203/204
s 52
f 174/205/205 176/206/206 173/208/207
f 173/208/207 176/206/206 175/207/208
s 53
f 340/210/209 339/211/210 338/209/211
f 338/209/211 339/211/210 337/212/212
s 54
f 408/214/213 407/215/214 406/213/215
f 406/213/215 407/215/214 405/216/216
s 55
f 576/218/217 575/219/218 574/217/219
f 574/217/219 575/219/218 573/220/220
s 56
f 212/222/221 211/223/222 210/221/223
f 210/221/223 211/223/222 209/224/224
s 57
f 238/225/225 240/226/226 237/228/227
f 237/228/227 240/226/226 239/227/228
s 58
f 234/229/229 236/230/230 233/232/231
f 233/232/231 236/230/230 235/231/232
s 59
f 272/234/233 271/235/234 270/233/235
f 270/233/235 271/235/234 269/236/236
s 60
f 42/237/237 44/238/238 41/240/239
f 41/240/239 44/238/238 43/239/240
s 61
f 256/242/241 255/243/242 254/241/243
f 254/241/243 255/243/242 253/244/244
s 62
f 418/245/245 420/246/246 417/248/247
f 417/248/247 420/246/246 419/247/248
s 63
f 246/249/249 248/250/250 245/252/251
f 245/252/251 248/250/250 247/251/252
s 64
f 602/253/253 604/254/254 601/256/255
f 601/256/255 604/254/254 603/255/256
s 65
f 286/257/257 288/258/258 285/260/259
f 285/260/259 288/258/258 287/259/260
s 66
f 532/262/261 531/263/262 530/261/263
f 530/261/263 531/263/262 529/264/264
s 67
f 262/265/265 264/266/266 261/268/267
f 261/268/267 264/266/266 263/267/268
s 68
f 258/269/269 260/270/270 257/272/271
f 257/272/271 260/270/270 259/271/272
s 69
f 282/273/273 284/274/274 281/276/275
f 281/276/275 284/274/274 283/275/276
s 70
f 180/278/277 179/279/278 178/277/279
f 178/277/279 179/279/278 177/280/280
s 71
f 276/282/281 275/283/282 274/281/283
f 274/281/283 275/283/282 273/284/284
s 72
f 586/285/285 588/286/286 585/288/287
f 585/288/287 588/286/286 587/287/288
s 73
f 228/290/289 227/291/290 226/289/291
f 226/289/291 227/291/290 225/292/292
s 74
f 296/294/293 295/295/294 294/293/295
f 294/293/295 295/295/294 293/296/296
s 75
f 292/298/297 291/299/298 290/297/299
f 290/297/299 291/299/298 289/300/300
s 76
f 516/302/301 515/303/302 514/301/303
f 514/301/303 515/303/302 513/304/304
s 77
f 298/305/305 300/306/306 297/308/307
f 297/308/307 300/306/306 299/307/308
s 78
f 310/309/309 312/310/310 309/312/311
f 309/312/311 312/310/310 311/311/312
s 79
f 268/314/313 267/315/314 266/313/315
f 266/313/315 267/315/314 265/316/316
s 80
f 66/317/317 68/318/318 65/320/319
f 65/320/319 68/318/318 67/319/320
s 81
f 8/322/321 7/323/322 6/321/323
f 6/321/323 7/323/322 5/324/324
s 82
f 326/325/325 328/326/326 325/328/327
f 325/328/327 328/326/326 327/327/328
s 83
f 322/329/329 324/330/330 321/332/331
f 321/332/331 324/330/330 323/331/332
s 84
f 350/333/333 352/334/334 349/336/335
f 349/336/335 352/334/334 351/335/336
s 85
f 346/337/337 348/338/338 345/340/339
f 345/340/339 348/338/338 347/339/340
s 86
f 148/342/341 147/343/342 146/341/343
f 146/341/343 147/343/342 145/344/344
s 87
f 280/346/345 279/347/346 278/345/347
f 278/345/347 279/347/346 277/348/348
s 88
f 184/350/349 183/351/350 182/349/351
f 182/349/351 183/351/350 181/352/352
s 89
f 316/354/353 315/355/354 314/353/355
f 314/353/355 315/355/354 313/356/356
s 90
f 360/358/357 359/359/358 358/357/359
f 358/357/359 359/359/358 357/360/360
s 91
f 356/362/361 355/363/362 354/361/363
f 354/361/363 355/363/362 353/364/364
s 92
f 436/366/365 435/367/366 434/365/367
f 434/365/367 435/367/366 433/368/368
s 93
f 64/370/369 63/371/370 62/369/371
f 62/369/371 63/371/370 61/372/372
s 94
f 374/373/373 376/374/374 373/376/375
f 373/376/375 376/374/374 375/375/376
s 95
f 370/377/377 372/378/378 369/380/379
f 369/380/379 372/378/378 371/379/380
s 96
f 400/382/381 399/383/382 398/381/383
f 398/381/383 399/383/382 397/384/384
s 97
f 336/386/385 335/387/386 334/385/387
f 334/385/387 335/387/386 333/388/388
s 98
f 390/389/389 392/390/390 389/392/391
f 389/392/391 392/390/390 391/391/392
s 99
f 414/393/393 416/394/394 413/396/395
f 413/396/395 416/394/394 415/395/396
s 100
f 222/397/397 224/398/398 221/400/399
f 221/400/399 224/398/398 223/399/400
s 101
f 410/401/401 412/402/402 409/404/403
f 409/404/403 412/402/402 411/403/404
s 102
f 218/405/405 220/406/406 217/408/407
f 217/408/407 220/406/406 219/407/408
s 103
f 404/410/409 403/411/410 402/409/411
f 402/409/411 403/411/410 401/412/412
s 104
f 432/414/413 431/415/414 430/413/415
f 430/413/415 431/415/414 429/416/416
s 105
f 36/418/417 35/419/418 34/417/419
f 34/417/419 35/419/418 33/420/420
s 106
f 422/421/421 424/422/422 421/424/423
f 421/424/423 424/422/422 423/423/424
s 107
f 498/425/425 500/426/426 497/428/427
f 497/428/427 500/426/426 499/427/428
s 108
f 446/429/429 448/430/430 445/432/431
f 445/432/431 448/430/430 447/431/432
s 109
f 442/433/433 444/434/434 441/436/435
f 441/436/435 444/434/434 443/435/436
s 110
f 494/437/437 496/438/438 493/440/439
f 493/440/439 496/438/438 495/439/440
s 111
f 428/442/441 427/443/442 426/441/443
f 426/441/443 427/443/442 425/444/444
s 112
f 462/445/445 464/446/446 461/448/447
f 461/448/447 464/446/446 463/447/448
s 113
f 458/449/449 460/450/450 457/452/451
f 457/452/451 460/450/450 459/451/452
s 114
f 2/453/453 4/454/454 1/456/455
f 1/456/455 4/454/454 3/455/456
s 115
f 76/458/457 75/459/458 74/457/459
f 74/457/459 75/459/458 73/460/460
s 116
f 480/462/461 479/463/462 478/461/463
f 478/461/463 479/463/462 477/464/464
s 117
f 452/466/465 451/467/466 450/465/467
f 450/465/467 451/467/466 449/468/468
s 118
f 470/469/469 472/470/470 469/472/471
f 469/472/471 472/470/470 471/471/472
s 119
f 154/473/473 156/474/474 153/476/475
f 153/476/475 156/474/474 155/475/476
s 120
f 110/477/477 112/478/478 109/480/479
f 109/480/479 112/478/478 111/479/480
s 121
f 490/481/481 492/482/482 489/484/483
f 489/484/483 492/482/482 491/483/484
s 122
f 502/485/485 504/486/486 501/488/487
f 501/488/487 504/486/486 503/487/488
s 123
f 484/490/489 483/491/490 482/489/491
f 482/489/491 483/491/490 481/492/492
s 124
f 512/494/493 511/495/494 510/493/495
f 510/493/495 511/495/494 509/496/496
s 125
f 508/498/497 507/499/498 506/497/499
f 506/497/499 507/499/498 505/500/500
s 126
f 124/502/501 123/503/502 122/501/503
f 122/501/503 123/503/502 121/504/504
s 127
f 488/506/505 487/507/506 486/505/507
f 486/505/507 487/507/506 485/508/508
s 128
f 534/509/509 536/510/510 533/512/511
f 533/512/511 536/510/510 535/511/512
s 129
f 544/514/513 543/515/514 542/513/515
f 542/513/515 543/515/514 541/516/516
s 130
f 386/517/517 388/518/518 385/520/519
f 385/520/519 388/518/518 387/519/520
s 131
f 306/521/521 308/522/522 305/524/523
f 305/524/523 308/522/522 307/523/524
s 132
f 518/525/525 520/526/526 517/528/527
f 517/528/527 520/526/526 519/527/528
s 133
f 320/530/529 319/531/530 318/529/531
f 318/529/531 319/531/530 317/532/532
s 134
f 528/534/533 527/535/534 526/533/535
f 526/533/535 527/535/534 525/536/536
s 135
f 522/537/537 524/538/538 521/540/539
f 521/540/539 524/538/538 523/539/540
s 136
f 570/541/541 572/542/542 569/544/543
f 569/544/543 572/542/542 571/543/544
s 137
f 22/545/545 24/546/546 21/548/547
f 21/548/547 24/546/546 23/547/548
s 138
f 94/549/549 96/550/550 93/552/551
f 93/552/551 96/550/550 95/551/552
s 139
f 216/554/553 215/555/554 214/553/555
f 214/553/555 215/555/554 213/556/556
s 140
f 550/557/557 552/558/558 549/560/559
f 549/560/559 552/558/558 551/559/560
s 141
f 548/562/561 547/563/562 546/561/563
f 546/561/563 547/563/562 545/564/564
s 142
f 560/566/565 559/567/566 558/565/567
f 558/565/567 559/567/566 557/568/568
s 143
f 554/569/569 556/570/570 553/572/571
f 553/572/571 556/570/570 555/571/572
s 144
f 242/573/573 244/574/574 241/576/575
f 241/576/575 244/574/574 243/575/576
s 145
f 362/577/577 364/578/578 361/580/579
f 361/580/579 364/578/578 363/579/580
s 146
f 600/582/581 599/583/582 598/581/583
f 598/581/583 599/583/582 597/584/584
s 147
f 578/585/585 580/586/586 577/588/587
f 577/588/587 580/586/586 579/587/588
s 148
f 166/589/589 168/590/590 165/592/591
f 165/592/591 168/590/590 167/591/592
s 149
f 128/594/593 127/595/594 126/593/595
f 126/593/595 127/595/594 125/596/596
s 150
f 584/598/597 583/599/598 582/597/599
f 582/597/599 583/599/598 581/600/600
s 151
f 596/602/601 595/603/602 594/601/603
f 594/601/603 595/603/602 593/604/604
s off
f 609/605/605 610/606/606 611/607/607
f 610/606/608 612/608/609 611/607/610
s 152
f 456/610/611 455/611/612 454/609/613
f 454/609/613 455/611/612 453/612/614
s off
f 613/613/615 614/614/616 615/615/617
f 614/614/618 616/616/619 615/615/620
s 153
f 612/608/621 614/614/622 611/607/623
f 611/607/623 614/614/622 613/613/624
g default
v -5.109798 2.000569 0.086547
v -5.039027 2.050153 0.078438
v -5.107439 1.998474 0.061062
v -5.037847 2.046661 0.018200
v -5.105080 2.000569 0.110874
v -5.031950 2.046661 0.137518
v -5.109798 2.000569 0.086547
v -5.039027 2.050153 0.078438
v -5.039027 2.050153 0.078438
v -4.794868 2.180745 0.055270
v -5.037847 2.046661 0.018200
v -4.766560 2.143732 -0.189159
v -3.916132 1.808522 -0.044355
v -4.076546 2.017330 -0.213486
v -3.897260 1.794555 -0.006127
v -4.021109 2.030599 -0.004969
v -4.390296 2.159794 0.295065
v -4.386757 2.200299 0.021675
v -4.740611 2.149319 0.296223
v -4.794868 2.180745 0.055270
v -4.054135 2.022218 0.211658
v -4.021109 2.030599 -0.004969
v -4.390296 2.159794 0.295065
v -4.386757 2.200299 0.021675
v -4.386757 2.200299 0.021675
v -4.021109 2.030599 -0.004969
v -4.419784 2.153509 -0.245922
v -4.076546 2.017330 -0.213486
v -4.740611 2.149319 0.296223
v -4.794868 2.180745 0.055270
v -5.031950 2.046661 0.137518
v -5.039027 2.050153 0.078438
v -3.912594 1.809220 0.025151
v -3.897260 1.794555 -0.006127
v -4.054135 2.022218 0.211658
v -4.021109 2.030599 -0.004969
v -4.419784 2.153509 -0.245922
v -4.766560 2.143732 -0.189159
v -4.386757 2.200299 0.021675
v -4.794868 2.180745 0.055270
v -5.036668 2.036186 0.019358
v -5.039027 2.039677 0.078438
v -5.106259 1.987301 0.061062
v -5.109798 1.990094 0.086547
v -5.039027 2.039677 0.078438
v -5.031950 2.036186 0.136360
v -5.109798 1.990094 0.086547
v -5.103900 1.988697 0.110874
v -4.766560 2.133257 -0.189159
v -4.794868 2.170270 0.056428
v -5.036668 2.036186 0.019358
v -5.039027 2.039677 0.078438
v -4.021109 2.020123 -0.004969
v -4.076546 2.006855 -0.212327
v -3.897260 1.781286 -0.006127
v -3.916132 1.795253 -0.043197
v -4.794868 2.170270 0.056428
v -4.386757 2.189824 0.021675
v -4.740611 2.138844 0.296223
v -4.390296 2.149319 0.296223
v -4.386757 2.189824 0.021675
v -4.021109 2.020123 -0.004969
v -4.390296 2.149319 0.296223
v -4.052956 2.011045 0.212816
v -4.076546 2.006855 -0.212327
v -4.021109 2.020123 -0.004969
v -4.419784 2.143034 -0.245922
v -4.386757 2.189824 0.021675
v -5.039027 2.039677 0.078438
v -4.794868 2.170270 0.056428
v -5.031950 2.036186 0.136360
v -4.740611 2.138844 0.296223
v -4.021109 2.020123 -0.004969
v -3.897260 1.781286 -0.006127
v -4.052956 2.011045 0.212816
v -3.912594 1.795951 0.025151
v -4.794868 2.170270 0.056428
v -4.766560 2.133257 -0.189159
v -4.386757 2.189824 0.021675
v -4.419784 2.143034 -0.245922
v -4.740611 2.138844 0.296223
v -4.390296 2.149319 0.296223
v -4.740611 2.149319 0.296223
v -4.390296 2.159794 0.295065
v -4.390296 2.149319 0.296223
v -4.052956 2.011045 0.212816
v -4.390296 2.159794 0.295065
v -4.054135 2.022218 0.211658
v -3.912594 1.795951 0.025151
v -3.897260 1.781286 -0.006127
v -3.912594 1.809220 0.025151
v -3.897260 1.794555 -0.006127
v -5.103900 1.988697 0.110874
v -5.031950 2.036186 0.136360
v -5.105080 2.000569 0.110874
v -5.031950 2.046661 0.137518
v -4.766560 2.133257 -0.189159
v -5.036668 2.036186 0.019358
v -4.766560 2.143732 -0.189159
v -5.037847 2.046661 0.018200
v -4.052956 2.011045 0.212816
v -3.912594 1.795951 0.025151
v -4.054135 2.022218 0.211658
v -3.912594 1.809220 0.025151
v -4.419784 2.143034 -0.245922
v -4.766560 2.133257 -0.189159
v -4.419784 2.153509 -0.245922
v -4.766560 2.143732 -0.189159
v -4.076546 2.006855 -0.212327
v -4.419784 2.143034 -0.245922
v -4.076546 2.017330 -0.213486
v -4.419784 2.153509 -0.245922
v -5.036668 2.036186 0.019358
v -5.106259 1.987301 0.061062
v -5.037847 2.046661 0.018200
v -5.107439 1.998474 0.061062
v -5.031950 2.036186 0.136360
v -4.740611 2.138844 0.296223
v -5.031950 2.046661 0.137518
v -4.740611 2.149319 0.296223
v -3.916132 1.795253 -0.043197
v -4.076546 2.006855 -0.212327
v -3.916132 1.808522 -0.044355
v -4.076546 2.017330 -0.213486
v -3.897260 1.781286 -0.006127
v -3.916132 1.795253 -0.043197
v -3.897260 1.794555 -0.006127
v -3.916132 1.808522 -0.044355
v -4.965897 2.001268 0.136360
v -4.890409 2.025012 0.151419
v -4.956461 1.994983 0.115508
v -4.871536 2.011743 0.100449
v -4.969436 2.004061 0.158370
v -4.904563 2.029202 0.204707
v -4.965897 2.001268 0.136360
v -4.890409 2.025012 0.151419
v -5.128670 1.995681 0.110874
v -4.969436 2.004061 0.158370
v -5.126311 1.994284 0.099290
v -4.965897 2.001268 0.136360
v -4.890409 2.025012 0.151419
v -4.643891 2.071103 0.209341
v -4.871536 2.011743 0.100449
v -4.555427 1.992888 0.010091
v -4.004596 1.497056 0.445661
v -4.021109 1.696087 0.234826
v -4.005775 1.485184 0.485047
v -4.036442 1.724719 0.431759
v -4.392655 1.982412 0.556870
v -4.293576 1.974730 0.320550
v -4.683994 2.066215 0.436393
v -4.643891 2.071103 0.209341
v -4.133162 1.759637 0.607841
v -4.036442 1.724719 0.431759
v -4.392655 1.982412 0.556870
v -4.293576 1.974730 0.320550
v -4.293576 1.974730 0.320550
v -4.036442 1.724719 0.431759
v -4.249934 1.900705 0.080755
v -4.021109 1.696087 0.234826
v -4.683994 2.066215 0.436393
v -4.643891 2.071103 0.209341
v -4.904563 2.029202 0.204707
v -4.890409 2.025012 0.151419
v -4.023468 1.507531 0.505899
v -4.005775 1.485184 0.485047
v -4.133162 1.759637 0.607841
v -4.036442 1.724719 0.431759
v -5.126311 1.994284 0.099290
v -4.965897 2.001268 0.136360
v -5.121593 1.991491 0.090023
v -4.956461 1.994983 0.115508
v -4.249934 1.900705 0.080755
v -4.555427 1.992888 0.010091
v -4.293576 1.974730 0.320550
v -4.643891 2.071103 0.209341
v -4.875075 2.002665 0.101607
v -4.893947 2.015933 0.151419
v -4.960000 1.985206 0.115508
v -4.969436 1.992189 0.136360
v -4.893947 2.015933 0.151419
v -4.906922 2.019425 0.203549
v -4.969436 1.992189 0.136360
v -4.972974 1.993586 0.159528
v -4.969436 1.992189 0.136360
v -4.972974 1.993586 0.159528
v -5.129849 1.985206 0.100449
v -5.131029 1.985904 0.112033
v -4.558966 1.983809 0.011249
v -4.646250 2.061326 0.210499
v -4.875075 2.002665 0.101607
v -4.893947 2.015933 0.151419
v -4.038801 1.715641 0.432918
v -4.023468 1.686310 0.234826
v -4.009314 1.474010 0.485047
v -4.009314 1.485184 0.445661
v -4.646250 2.061326 0.210499
v -4.295935 1.965652 0.320550
v -4.686353 2.057136 0.437551
v -4.396193 1.973334 0.556870
v -4.295935 1.965652 0.320550
v -4.038801 1.715641 0.432918
v -4.396193 1.973334 0.556870
v -4.135521 1.750558 0.608999
v -4.023468 1.686310 0.234826
v -4.038801 1.715641 0.432918
v -4.253473 1.891626 0.081914
v -4.295935 1.965652 0.320550
v -4.893947 2.015933 0.151419
v -4.646250 2.061326 0.210499
v -4.906922 2.019425 0.203549
v -4.686353 2.057136 0.437551
v -4.038801 1.715641 0.432918
v -4.009314 1.474010 0.485047
v -4.135521 1.750558 0.608999
v -4.027006 1.495659 0.507057
v -4.960000 1.985206 0.115508
v -4.969436 1.992189 0.136360
v -5.123952 1.981714 0.090023
v -5.129849 1.985206 0.100449
v -4.646250 2.061326 0.210499
v -4.558966 1.983809 0.011249
v -4.295935 1.965652 0.320550
v -4.253473 1.891626 0.081914
v -4.686353 2.057136 0.437551
v -4.396193 1.973334 0.556870
v -4.683994 2.066215 0.436393
v -4.392655 1.982412 0.556870
v -4.396193 1.973334 0.556870
v -4.135521 1.750558 0.608999
v -4.392655 1.982412 0.556870
v -4.133162 1.759637 0.607841
v -4.960000 1.985206 0.115508
v -5.123952 1.981714 0.090023
v -4.956461 1.994983 0.115508
v -5.121593 1.991491 0.090023
v -4.027006 1.495659 0.507057
v -4.009314 1.474010 0.485047
v -4.023468 1.507531 0.505899
v -4.005775 1.485184 0.485047
v -4.972974 1.993586 0.159528
v -4.906922 2.019425 0.203549
v -4.969436 2.004061 0.158370
v -4.904563 2.029202 0.204707
v -4.558966 1.983809 0.011249
v -4.875075 2.002665 0.101607
v -4.555427 1.992888 0.010091
v -4.871536 2.011743 0.100449
v -4.135521 1.750558 0.608999
v -4.027006 1.495659 0.507057
v -4.133162 1.759637 0.607841
v -4.023468 1.507531 0.505899
v -4.253473 1.891626 0.081914
v -4.558966 1.983809 0.011249
v -4.249934 1.900705 0.080755
v -4.555427 1.992888 0.010091
v -5.131029 1.985904 0.112033
v -4.972974 1.993586 0.159528
v -5.128670 1.995681 0.110874
v -4.969436 2.004061 0.158370
v -4.023468 1.686310 0.234826
v -4.253473 1.891626 0.081914
v -4.021109 1.696087 0.234826
v -4.249934 1.900705 0.080755
v -4.875075 2.002665 0.101607
v -4.960000 1.985206 0.115508
v -4.871536 2.011743 0.100449
v -4.956461 1.994983 0.115508
v -4.906922 2.019425 0.203549
v -4.686353 2.057136 0.437551
v -4.904563 2.029202 0.204707
v -4.683994 2.066215 0.436393
v -4.009314 1.485184 0.445661
v -4.023468 1.686310 0.234826
v -4.004596 1.497056 0.445661
v -4.021109 1.696087 0.234826
v -4.009314 1.474010 0.485047
v -4.009314 1.485184 0.445661
v -4.005775 1.485184 0.485047
v -4.004596 1.497056 0.445661
v -5.081489 2.049454 0.238302
v -5.056720 2.094847 0.300857
v -5.059079 2.039677 0.241777
v -5.004821 2.071802 0.302015
v -5.102721 2.057835 0.242935
v -5.108618 2.110910 0.307807
v -5.081489 2.049454 0.238302
v -5.056720 2.094847 0.300857
v -5.133388 1.996379 0.092340
v -5.102721 2.057835 0.242935
v -5.122772 1.992189 0.090023
v -5.081489 2.049454 0.238302
v -5.056720 2.094847 0.300857
v -4.989487 2.215663 0.518642
v -5.004821 2.071802 0.302015
v -4.787791 2.106719 0.547602
v -5.004821 1.916069 1.356186
v -4.793689 2.031995 1.194006
v -5.041386 1.916767 1.374721
v -4.969436 2.114401 1.244977
v -5.197081 2.300164 0.893973
v -4.945846 2.247089 0.893973
v -5.207697 2.269436 0.569612
v -4.989487 2.215663 0.518642
v -5.161696 2.175158 1.214858
v -4.969436 2.114401 1.244977
v -5.197081 2.300164 0.893973
v -4.945846 2.247089 0.893973
v -4.945846 2.247089 0.893973
v -4.969436 2.114401 1.244977
v -4.727636 2.118591 0.868487
v -4.793689 2.031995 1.194006
v -5.207697 2.269436 0.569612
v -4.989487 2.215663 0.518642
v -5.108618 2.110910 0.307807
v -5.056720 2.094847 0.300857
v -5.063797 1.939114 1.359661
v -5.041386 1.916767 1.374721
v -5.161696 2.175158 1.214858
v -4.969436 2.114401 1.244977
v -5.122772 1.992189 0.090023
v -5.081489 2.049454 0.238302
v -5.112157 1.987999 0.091181
v -5.059079 2.039677 0.241777
v -4.727636 2.118591 0.868487
v -4.787791 2.106719 0.547602
v -4.945846 2.247089 0.893973
v -4.989487 2.215663 0.518642
v -5.010719 2.063421 0.303174
v -5.060258 2.085769 0.302015
v -5.063797 2.029900 0.242935
v -5.085028 2.040376 0.239460
v -5.060258 2.085769 0.302015
v -5.110977 2.101133 0.308966
v -5.085028 2.040376 0.239460
v -5.106259 2.048058 0.244094
v -5.085028 2.040376 0.239460
v -5.106259 2.048058 0.244094
v -5.126311 1.983111 0.091181
v -5.136926 1.987301 0.093498
v -4.791330 2.097641 0.547602
v -4.993026 2.206584 0.519800
v -5.010719 2.063421 0.303174
v -5.060258 2.085769 0.302015
v -4.972974 2.105323 1.246135
v -4.797227 2.022917 1.195164
v -5.046104 1.905593 1.375879
v -5.008360 1.904196 1.357345
v -4.993026 2.206584 0.519800
v -4.949384 2.238010 0.895131
v -5.211236 2.260357 0.570771
v -5.200620 2.291085 0.895131
v -4.949384 2.238010 0.895131
v -4.972974 2.105323 1.246135
v -5.200620 2.291085 0.895131
v -5.165235 2.166080 1.216016
v -4.797227 2.022917 1.195164
v -4.972974 2.105323 1.246135
v -4.731175 2.109513 0.869646
v -4.949384 2.238010 0.895131
v -5.060258 2.085769 0.302015
v -4.993026 2.206584 0.519800
v -5.110977 2.101133 0.308966
v -5.211236 2.260357 0.570771
v -4.972974 2.105323 1.246135
v -5.046104 1.905593 1.375879
v -5.165235 2.166080 1.216016
v -5.068515 1.927941 1.360820
v -5.063797 2.029900 0.242935
v -5.085028 2.040376 0.239460
v -5.115695 1.978920 0.092340
v -5.126311 1.983111 0.091181
v -4.993026 2.206584 0.519800
v -4.791330 2.097641 0.547602
v -4.949384 2.238010 0.895131
v -4.731175 2.109513 0.869646
v -5.211236 2.260357 0.570771
v -5.200620 2.291085 0.895131
v -5.207697 2.269436 0.569612
v -5.197081 2.300164 0.893973
v -5.200620 2.291085 0.895131
v -5.165235 2.166080 1.216016
v -5.197081 2.300164 0.893973
v -5.161696 2.175158 1.214858
v -5.063797 2.029900 0.242935
v -5.115695 1.978920 0.092340
v -5.059079 2.039677 0.241777
v -5.112157 1.987999 0.091181
v -5.068515 1.927941 1.360820
v -5.046104 1.905593 1.375879
v -5.063797 1.939114 1.359661
v -5.041386 1.916767 1.374721
v -5.106259 2.048058 0.244094
v -5.110977 2.101133 0.308966
v -5.102721 2.057835 0.242935
v -5.108618 2.110910 0.307807
v -4.791330 2.097641 0.547602
v -5.010719 2.063421 0.303174
v -4.787791 2.106719 0.547602
v -5.004821 2.071802 0.302015
v -5.165235 2.166080 1.216016
v -5.068515 1.927941 1.360820
v -5.161696 2.175158 1.214858
v -5.063797 1.939114 1.359661
v -4.731175 2.109513 0.869646
v -4.791330 2.097641 0.547602
v -4.727636 2.118591 0.868487
v -4.787791 2.106719 0.547602
v -5.136926 1.987301 0.093498
v -5.106259 2.048058 0.244094
v -5.133388 1.996379 0.092340
v -5.102721 2.057835 0.242935
v -4.797227 2.022917 1.195164
v -4.731175 2.109513 0.869646
v -4.793689 2.031995 1.194006
v -4.727636 2.118591 0.868487
v -5.010719 2.063421 0.303174
v -5.063797 2.029900 0.242935
v -5.004821 2.071802 0.302015
v -5.059079 2.039677 0.241777
v -5.110977 2.101133 0.308966
v -5.211236 2.260357 0.570771
v -5.108618 2.110910 0.307807
v -5.207697 2.269436 0.569612
v -5.008360 1.904196 1.357345
v -4.797227 2.022917 1.195164
v -5.004821 1.916069 1.356186
v -4.793689 2.031995 1.194006
v -5.046104 1.905593 1.375879
v -5.008360 1.904196 1.357345
v -5.041386 1.916767 1.374721
v -5.004821 1.916069 1.356186
v -5.218313 2.096942 0.153736
v -5.256057 2.163286 0.178063
v -5.213595 2.094847 0.176905
v -5.241903 2.157001 0.232509
v -5.230108 2.099736 0.132885
v -5.280827 2.166778 0.129409
v -5.218313 2.096942 0.153736
v -5.256057 2.163286 0.178063
v -5.116875 1.990094 0.080755
v -5.230108 2.099736 0.132885
v -5.110977 1.987999 0.091181
v -5.218313 2.096942 0.153736
v -5.256057 2.163286 0.178063
v -5.403496 2.358127 0.261470
v -5.241903 2.157001 0.232509
v -5.368111 2.321114 0.487364
v -6.217359 2.333685 0.622900
v -5.966123 2.447517 0.714416
v -6.248026 2.330193 0.596256
v -6.066381 2.490815 0.546444
v -5.808068 2.493608 0.168796
v -5.718425 2.513162 0.408591
v -5.527345 2.364412 0.068012
v -5.403496 2.358127 0.261470
v -6.105305 2.485926 0.347194
v -6.066381 2.490815 0.546444
v -5.808068 2.493608 0.168796
v -5.718425 2.513162 0.408591
v -5.718425 2.513162 0.408591
v -6.066381 2.490815 0.546444
v -5.631142 2.445421 0.637960
v -5.966123 2.447517 0.714416
v -5.527345 2.364412 0.068012
v -5.403496 2.358127 0.261470
v -5.280827 2.166778 0.129409
v -5.256057 2.163286 0.178063
v -6.239769 2.339970 0.563820
v -6.248026 2.330193 0.596256
v -6.105305 2.485926 0.347194
v -6.066381 2.490815 0.546444
v -5.110977 1.987999 0.091181
v -5.218313 2.096942 0.153736
v -5.109798 1.987301 0.102765
v -5.213595 2.094847 0.176905
v -5.631142 2.445421 0.637960
v -5.368111 2.321114 0.487364
v -5.718425 2.513162 0.408591
v -5.403496 2.358127 0.261470
v -5.246621 2.147922 0.231351
v -5.260775 2.154208 0.179222
v -5.218313 2.085070 0.176905
v -5.223031 2.087864 0.153736
v -5.260775 2.154208 0.179222
v -5.284365 2.157699 0.130568
v -5.223031 2.087864 0.153736
v -5.233646 2.089959 0.134043
v -5.223031 2.087864 0.153736
v -5.233646 2.089959 0.134043
v -5.115695 1.978920 0.091181
v -5.121593 1.981016 0.081914
v -5.372829 2.312036 0.487364
v -5.407034 2.349048 0.262629
v -5.246621 2.147922 0.231351
v -5.260775 2.154208 0.179222
v -6.069920 2.481736 0.547602
v -5.969661 2.438438 0.715575
v -6.252744 2.319019 0.597415
v -6.222077 2.322511 0.624059
v -5.407034 2.349048 0.262629
v -5.721964 2.504083 0.408591
v -5.530883 2.355334 0.068012
v -5.812786 2.484529 0.169954
v -5.721964 2.504083 0.408591
v -6.069920 2.481736 0.547602
v -5.812786 2.484529 0.169954
v -6.108844 2.476847 0.347194
v -5.969661 2.438438 0.715575
v -6.069920 2.481736 0.547602
v -5.634680 2.436343 0.637960
v -5.721964 2.504083 0.408591
v -5.260775 2.154208 0.179222
v -5.407034 2.349048 0.262629
v -5.284365 2.157699 0.130568
v -5.530883 2.355334 0.068012
v -6.069920 2.481736 0.547602
v -6.252744 2.319019 0.597415
v -6.108844 2.476847 0.347194
v -6.244487 2.328796 0.563820
v -5.218313 2.085070 0.176905
v -5.223031 2.087864 0.153736
v -5.113336 1.978222 0.102765
v -5.115695 1.978920 0.091181
v -5.407034 2.349048 0.262629
v -5.372829 2.312036 0.487364
v -5.721964 2.504083 0.408591
v -5.634680 2.436343 0.637960
v -5.530883 2.355334 0.068012
v -5.812786 2.484529 0.169954
v -5.527345 2.364412 0.068012
v -5.808068 2.493608 0.168796
v -5.812786 2.484529 0.169954
v -6.108844 2.476847 0.347194
v -5.808068 2.493608 0.168796
v -6.105305 2.485926 0.347194
v -5.218313 2.085070 0.176905
v -5.113336 1.978222 0.102765
v -5.213595 2.094847 0.176905
v -5.109798 1.987301 0.102765
v -6.244487 2.328796 0.563820
v -6.252744 2.319019 0.597415
v -6.239769 2.339970 0.563820
v -6.248026 2.330193 0.596256
v -5.233646 2.089959 0.134043
v -5.284365 2.157699 0.130568
v -5.230108 2.099736 0.132885
v -5.280827 2.166778 0.129409
v -5.372829 2.312036 0.487364
v -5.246621 2.147922 0.231351
v -5.368111 2.321114 0.487364
v -5.241903 2.157001 0.232509
v -6.108844 2.476847 0.347194
v -6.244487 2.328796 0.563820
v -6.105305 2.485926 0.347194
v -6.239769 2.339970 0.563820
v -5.634680 2.436343 0.637960
v -5.372829 2.312036 0.487364
v -5.631142 2.445421 0.637960
v -5.368111 2.321114 0.487364
v -5.121593 1.981016 0.081914
v -5.233646 2.089959 0.134043
v -5.116875 1.990094 0.080755
v -5.230108 2.099736 0.132885
v -5.969661 2.438438 0.715575
v -5.634680 2.436343 0.637960
v -5.966123 2.447517 0.714416
v -5.631142 2.445421 0.637960
v -5.246621 2.147922 0.231351
v -5.218313 2.085070 0.176905
v -5.241903 2.157001 0.232509
v -5.213595 2.094847 0.176905
v -5.284365 2.157699 0.130568
v -5.530883 2.355334 0.068012
v -5.280827 2.166778 0.129409
v -5.527345 2.364412 0.068012
v -6.222077 2.322511 0.624059
v -5.969661 2.438438 0.715575
v -6.217359 2.333685 0.622900
v -5.966123 2.447517 0.714416
v -6.252744 2.319019 0.597415
v -6.222077 2.322511 0.624059
v -6.248026 2.330193 0.596256
v -6.217359 2.333685 0.622900
v -5.178209 2.101831 0.066854
v -5.238364 2.147922 0.040210
v -5.185286 2.108814 0.087706
v -5.252519 2.166080 0.092340
v -5.178209 2.092752 0.044844
v -5.234826 2.123480 -0.008444
v -5.178209 2.101831 0.066854
v -5.238364 2.147922 0.040210
v -5.030770 2.034789 0.094656
v -5.178209 2.092752 0.044844
v -5.030770 2.039677 0.105082
v -5.178209 2.101831 0.066854
v -5.238364 2.147922 0.040210
v -5.451856 2.270134 -0.036246
v -5.252519 2.166080 0.092340
v -5.527345 2.326003 0.174588
v -6.299925 1.996379 -0.008444
v -6.166640 2.233820 0.093498
v -6.310540 1.971239 -0.038563
v -6.177255 2.170968 -0.096485
v -5.775042 2.170270 -0.314269
v -5.825761 2.302957 -0.101118
v -5.458933 2.157699 -0.237813
v -5.451856 2.270134 -0.036246
v -6.107664 2.085769 -0.267932
v -6.177255 2.170968 -0.096485
v -5.775042 2.170270 -0.314269
v -5.825761 2.302957 -0.101118
v -5.825761 2.302957 -0.101118
v -6.177255 2.170968 -0.096485
v -5.850531 2.358825 0.145627
v -6.166640 2.233820 0.093498
v -5.458933 2.157699 -0.237813
v -5.451856 2.270134 -0.036246
v -5.234826 2.123480 -0.008444
v -5.238364 2.147922 0.040210
v -6.289309 1.972635 -0.067524
v -6.310540 1.971239 -0.038563
v -6.107664 2.085769 -0.267932
v -6.177255 2.170968 -0.096485
v -5.030770 2.039677 0.105082
v -5.178209 2.101831 0.066854
v -5.034309 2.043169 0.115508
v -5.185286 2.108814 0.087706
v -5.850531 2.358825 0.145627
v -5.527345 2.326003 0.174588
v -5.825761 2.302957 -0.101118
v -5.451856 2.270134 -0.036246
v -5.253698 2.156303 0.094656
v -5.239544 2.138844 0.043685
v -5.187645 2.099037 0.091181
v -5.179389 2.092054 0.070329
v -5.239544 2.138844 0.043685
v -5.236005 2.115100 -0.003810
v -5.179389 2.092054 0.070329
v -5.179389 2.082975 0.048319
v -5.179389 2.092054 0.070329
v -5.179389 2.082975 0.048319
v -5.031950 2.030599 0.108558
v -5.031950 2.025710 0.098132
v -5.528524 2.316924 0.178063
v -5.454215 2.261056 -0.032771
v -5.253698 2.156303 0.094656
v -5.239544 2.138844 0.043685
v -6.178435 2.161889 -0.093009
v -6.168999 2.224741 0.096973
v -6.311720 1.959367 -0.035088
v -6.301104 1.985206 -0.003810
v -5.454215 2.261056 -0.032771
v -5.826940 2.293878 -0.097643
v -5.460112 2.147922 -0.234338
v -5.776221 2.161191 -0.310794
v -5.826940 2.293878 -0.097643
v -6.178435 2.161889 -0.093009
v -5.776221 2.161191 -0.310794
v -6.108844 2.076690 -0.264457
v -6.168999 2.224741 0.096973
v -6.178435 2.161889 -0.093009
v -5.852890 2.349747 0.149103
v -5.826940 2.293878 -0.097643
v -5.239544 2.138844 0.043685
v -5.454215 2.261056 -0.032771
v -5.236005 2.115100 -0.003810
v -5.460112 2.147922 -0.234338
v -6.178435 2.161889 -0.093009
v -6.311720 1.959367 -0.035088
v -6.108844 2.076690 -0.264457
v -6.290488 1.960763 -0.062890
v -5.187645 2.099037 0.091181
v -5.179389 2.092054 0.070329
v -5.035488 2.034090 0.118983
v -5.031950 2.030599 0.108558
v -5.454215 2.261056 -0.032771
v -5.528524 2.316924 0.178063
v -5.826940 2.293878 -0.097643
v -5.852890 2.349747 0.149103
v -5.460112 2.147922 -0.234338
v -5.776221 2.161191 -0.310794
v -5.458933 2.157699 -0.237813
v -5.775042 2.170270 -0.314269
v -5.776221 2.161191 -0.310794
v -6.108844 2.076690 -0.264457
v -5.775042 2.170270 -0.314269
v -6.107664 2.085769 -0.267932
v -5.187645 2.099037 0.091181
v -5.035488 2.034090 0.118983
v -5.185286 2.108814 0.087706
v -5.034309 2.043169 0.115508
v -6.290488 1.960763 -0.062890
v -6.311720 1.959367 -0.035088
v -6.289309 1.972635 -0.067524
v -6.310540 1.971239 -0.038563
v -5.179389 2.082975 0.048319
v -5.236005 2.115100 -0.003810
v -5.178209 2.092752 0.044844
v -5.234826 2.123480 -0.008444
v -5.528524 2.316924 0.178063
v -5.253698 2.156303 0.094656
v -5.527345 2.326003 0.174588
v -5.252519 2.166080 0.092340
v -6.108844 2.076690 -0.264457
v -6.290488 1.960763 -0.062890
v -6.107664 2.085769 -0.267932
v -6.289309 1.972635 -0.067524
v -5.852890 2.349747 0.149103
v -5.528524 2.316924 0.178063
v -5.850531 2.358825 0.145627
v -5.527345 2.326003 0.174588
v -5.031950 2.025710 0.098132
v -5.179389 2.082975 0.048319
v -5.030770 2.034789 0.094656
v -5.178209 2.092752 0.044844
v -6.168999 2.224741 0.096973
v -5.852890 2.349747 0.149103
v -6.166640 2.233820 0.093498
v -5.850531 2.358825 0.145627
v -5.253698 2.156303 0.094656
v -5.187645 2.099037 0.091181
v -5.252519 2.166080 0.092340
v -5.185286 2.108814 0.087706
v -5.236005 2.115100 -0.003810
v -5.460112 2.147922 -0.234338
v -5.234826 2.123480 -0.008444
v -5.458933 2.157699 -0.237813
v -6.301104 1.985206 -0.003810
v -6.168999 2.224741 0.096973
v -6.299925 1.996379 -0.008444
v -6.166640 2.233820 0.093498
v -6.311720 1.959367 -0.035088
v -6.301104 1.985206 -0.003810
v -6.310540 1.971239 -0.038563
v -6.299925 1.996379 -0.008444
v -4.993026 2.004760 0.005457
v -4.930512 2.030599 -0.038563
v -5.003642 2.006156 -0.015394
v -4.960000 2.036186 -0.086059
v -4.977692 1.999871 0.021675
v -4.897486 2.016632 0.003140
v -4.993026 2.004760 0.005457
v -4.930512 2.030599 -0.038563
v -5.113336 1.990094 0.115508
v -4.977692 1.999871 0.021675
v -5.121593 1.992888 0.107399
v -4.993026 2.004760 0.005457
v -4.930512 2.030599 -0.038563
v -4.724097 2.081579 -0.184525
v -4.960000 2.036186 -0.086059
v -4.834972 2.078087 -0.387250
v -4.251113 1.532672 -0.702343
v -4.385578 1.784079 -0.755631
v -4.222805 1.509626 -0.681491
v -4.239318 1.749162 -0.623570
v -4.319525 1.917465 -0.206535
v -4.438656 1.993586 -0.420845
v -4.576659 2.003363 -0.025820
v -4.724097 2.081579 -0.184525
v -4.159112 1.718434 -0.439380
v -4.239318 1.749162 -0.623570
v -4.319525 1.917465 -0.206535
v -4.438656 1.993586 -0.420845
v -4.438656 1.993586 -0.420845
v -4.239318 1.749162 -0.623570
v -4.608505 2.001268 -0.609669
v -4.385578 1.784079 -0.755631
v -4.576659 2.003363 -0.025820
v -4.724097 2.081579 -0.184525
v -4.897486 2.016632 0.003140
v -4.930512 2.030599 -0.038563
v -4.213369 1.522196 -0.650214
v -4.222805 1.509626 -0.681491
v -4.159112 1.718434 -0.439380
v -4.239318 1.749162 -0.623570
v -5.121593 1.992888 0.107399
v -4.993026 2.004760 0.005457
v -5.126311 1.993586 0.096973
v -5.003642 2.006156 -0.015394
v -4.608505 2.001268 -0.609669
v -4.834972 2.078087 -0.387250
v -4.438656 1.993586 -0.420845
v -4.724097 2.081579 -0.184525
v -4.962359 2.026409 -0.084900
v -4.932871 2.021520 -0.038563
v -5.007180 1.996379 -0.015394
v -4.995385 1.995681 0.005457
v -4.932871 2.021520 -0.038563
v -4.901024 2.007553 0.001982
v -4.995385 1.995681 0.005457
v -4.980051 1.989396 0.021675
v -4.995385 1.995681 0.005457
v -4.980051 1.989396 0.021675
v -5.123952 1.983111 0.107399
v -5.116875 1.980317 0.115508
v -4.838510 2.069008 -0.387250
v -4.726456 2.072500 -0.184525
v -4.962359 2.026409 -0.084900
v -4.932871 2.021520 -0.038563
v -4.241677 1.740083 -0.623570
v -4.389116 1.774303 -0.755631
v -4.227523 1.497754 -0.681491
v -4.254652 1.520800 -0.701185
v -4.726456 2.072500 -0.184525
v -4.442194 1.983809 -0.419686
v -4.579018 1.994284 -0.025820
v -4.321884 1.908387 -0.205377
v -4.442194 1.983809 -0.419686
v -4.241677 1.740083 -0.623570
v -4.321884 1.908387 -0.205377
v -4.161471 1.708657 -0.439380
v -4.389116 1.774303 -0.755631
v -4.241677 1.740083 -0.623570
v -4.610864 1.991491 -0.609669
v -4.442194 1.983809 -0.419686
v -4.932871 2.021520 -0.038563
v -4.726456 2.072500 -0.184525
v -4.901024 2.007553 0.001982
v -4.579018 1.994284 -0.025820
v -4.241677 1.740083 -0.623570
v -4.227523 1.497754 -0.681491
v -4.161471 1.708657 -0.439380
v -4.218087 1.510324 -0.650214
v -5.007180 1.996379 -0.015394
v -4.995385 1.995681 0.005457
v -5.129849 1.983809 0.096973
v -5.123952 1.983111 0.107399
v -4.726456 2.072500 -0.184525
v -4.838510 2.069008 -0.387250
v -4.442194 1.983809 -0.419686
v -4.610864 1.991491 -0.609669
v -4.579018 1.994284 -0.025820
v -4.321884 1.908387 -0.205377
v -4.576659 2.003363 -0.025820
v -4.319525 1.917465 -0.206535
v -4.321884 1.908387 -0.205377
v -4.161471 1.708657 -0.439380
v -4.319525 1.917465 -0.206535
v -4.159112 1.718434 -0.439380
v -5.007180 1.996379 -0.015394
v -5.129849 1.983809 0.096973
v -5.003642 2.006156 -0.015394
v -5.126311 1.993586 0.096973
v -4.218087 1.510324 -0.650214
v -4.227523 1.497754 -0.681491
v -4.213369 1.522196 -0.650214
v -4.222805 1.509626 -0.681491
v -4.980051 1.989396 0.021675
v -4.901024 2.007553 0.001982
v -4.977692 1.999871 0.021675
v -4.897486 2.016632 0.003140
v -4.838510 2.069008 -0.387250
v -4.962359 2.026409 -0.084900
v -4.834972 2.078087 -0.387250
v -4.960000 2.036186 -0.086059
v -4.161471 1.708657 -0.439380
v -4.218087 1.510324 -0.650214
v -4.159112 1.718434 -0.439380
v -4.213369 1.522196 -0.650214
v -4.610864 1.991491 -0.609669
v -4.838510 2.069008 -0.387250
v -4.608505 2.001268 -0.609669
v -4.834972 2.078087 -0.387250
v -5.116875 1.980317 0.115508
v -4.980051 1.989396 0.021675
v -5.113336 1.990094 0.115508
v -4.977692 1.999871 0.021675
v -4.389116 1.774303 -0.755631
v -4.610864 1.991491 -0.609669
v -4.385578 1.784079 -0.755631
v -4.608505 2.001268 -0.609669
v -4.962359 2.026409 -0.084900
v -5.007180 1.996379 -0.015394
v -4.960000 2.036186 -0.086059
v -5.003642 2.006156 -0.015394
v -4.901024 2.007553 0.001982
v -4.579018 1.994284 -0.025820
v -4.897486 2.016632 0.003140
v -4.576659 2.003363 -0.025820
v -4.254652 1.520800 -0.701185
v -4.389116 1.774303 -0.755631
v -4.251113 1.532672 -0.702343
v -4.385578 1.784079 -0.755631
v -4.227523 1.497754 -0.681491
v -4.254652 1.520800 -0.701185
v -4.222805 1.509626 -0.681491
v -4.251113 1.532672 -0.702343
v -5.021334 1.994983 0.056428
v -4.980051 1.970540 0.034418
v -5.027232 1.992888 0.042527
v -4.996565 1.967747 0.001982
v -5.014257 1.992888 0.069171
v -4.965897 1.967048 0.066854
v -5.021334 1.994983 0.056428
v -4.980051 1.970540 0.034418
v -5.085028 2.066215 0.103924
v -5.014257 1.992888 0.069171
v -5.088566 2.067612 0.096973
v -5.021334 1.994983 0.056428
v -4.980051 1.970540 0.034418
v -4.859741 1.874167 -0.029296
v -4.996565 1.967747 0.001982
v -4.930512 1.843440 -0.157881
v -4.840869 1.298723 -0.080266
v -4.820817 1.437696 -0.205377
v -4.833792 1.285454 -0.058256
v -4.750047 1.416047 -0.098801
v -4.708764 1.656281 0.070329
v -4.754765 1.659772 -0.089534
v -4.803125 1.841345 0.105082
v -4.859741 1.874167 -0.029296
v -4.709943 1.436299 0.025151
v -4.750047 1.416047 -0.098801
v -4.708764 1.656281 0.070329
v -4.754765 1.659772 -0.089534
v -4.754765 1.659772 -0.089534
v -4.750047 1.416047 -0.098801
v -4.850305 1.658376 -0.223912
v -4.820817 1.437696 -0.205377
v -4.803125 1.841345 0.105082
v -4.859741 1.874167 -0.029296
v -4.965897 1.967048 0.066854
v -4.980051 1.970540 0.034418
v -4.823176 1.298723 -0.042038
v -4.833792 1.285454 -0.058256
v -4.709943 1.436299 0.025151
v -4.750047 1.416047 -0.098801
v -5.088566 2.067612 0.096973
v -5.021334 1.994983 0.056428
v -5.090925 2.066215 0.090023
v -5.027232 1.992888 0.042527
v -4.850305 1.658376 -0.223912
v -4.930512 1.843440 -0.157881
v -4.754765 1.659772 -0.089534
v -4.859741 1.874167 -0.029296
v -5.001283 1.964255 0.005457
v -4.985949 1.967747 0.036735
v -5.033129 1.989396 0.044844
v -5.026052 1.992189 0.058745
v -4.985949 1.967747 0.036735
v -4.971795 1.964255 0.069171
v -5.026052 1.992189 0.058745
v -5.018975 1.990094 0.072646
v -5.026052 1.992189 0.058745
v -5.018975 1.990094 0.072646
v -5.093284 2.064818 0.099290
v -5.089746 2.063421 0.106241
v -4.935230 1.840646 -0.155564
v -4.864459 1.870675 -0.026979
v -5.001283 1.964255 0.005457
v -4.985949 1.967747 0.036735
v -4.754765 1.413253 -0.096485
v -4.826715 1.434902 -0.203060
v -4.840869 1.281962 -0.054781
v -4.847946 1.295231 -0.076791
v -4.864459 1.870675 -0.026979
v -4.759483 1.656281 -0.087217
v -4.807843 1.838551 0.107399
v -4.713482 1.652789 0.072646
v -4.759483 1.656281 -0.087217
v -4.754765 1.413253 -0.096485
v -4.713482 1.652789 0.072646
v -4.714661 1.432807 0.027467
v -4.826715 1.434902 -0.203060
v -4.754765 1.413253 -0.096485
v -4.855023 1.654884 -0.221595
v -4.759483 1.656281 -0.087217
v -4.985949 1.967747 0.036735
v -4.864459 1.870675 -0.026979
v -4.971795 1.964255 0.069171
v -4.807843 1.838551 0.107399
v -4.754765 1.413253 -0.096485
v -4.840869 1.281962 -0.054781
v -4.714661 1.432807 0.027467
v -4.829074 1.294533 -0.039721
v -5.033129 1.989396 0.044844
v -5.026052 1.992189 0.058745
v -5.096823 2.063421 0.092340
v -5.093284 2.064818 0.099290
v -4.864459 1.870675 -0.026979
v -4.935230 1.840646 -0.155564
v -4.759483 1.656281 -0.087217
v -4.855023 1.654884 -0.221595
v -4.807843 1.838551 0.107399
v -4.713482 1.652789 0.072646
v -4.803125 1.841345 0.105082
v -4.708764 1.656281 0.070329
v -4.713482 1.652789 0.072646
v -4.714661 1.432807 0.027467
v -4.708764 1.656281 0.070329
v -4.709943 1.436299 0.025151
v -5.033129 1.989396 0.044844
v -5.096823 2.063421 0.092340
v -5.027232 1.992888 0.042527
v -5.090925 2.066215 0.090023
v -4.829074 1.294533 -0.039721
v -4.840869 1.281962 -0.054781
v -4.823176 1.298723 -0.042038
v -4.833792 1.285454 -0.058256
v -5.018975 1.990094 0.072646
v -4.971795 1.964255 0.069171
v -5.014257 1.992888 0.069171
v -4.965897 1.967048 0.066854
v -4.935230 1.840646 -0.155564
v -5.001283 1.964255 0.005457
v -4.930512 1.843440 -0.157881
v -4.996565 1.967747 0.001982
v -4.714661 1.432807 0.027467
v -4.829074 1.294533 -0.039721
v -4.709943 1.436299 0.025151
v -4.823176 1.298723 -0.042038
v -4.855023 1.654884 -0.221595
v -4.935230 1.840646 -0.155564
v -4.850305 1.658376 -0.223912
v -4.930512 1.843440 -0.157881
v -5.089746 2.063421 0.106241
v -5.018975 1.990094 0.072646
v -5.085028 2.066215 0.103924
v -5.014257 1.992888 0.069171
v -4.826715 1.434902 -0.203060
v -4.855023 1.654884 -0.221595
v -4.820817 1.437696 -0.205377
v -4.850305 1.658376 -0.223912
v -5.001283 1.964255 0.005457
v -5.033129 1.989396 0.044844
v -4.996565 1.967747 0.001982
v -5.027232 1.992888 0.042527
v -4.971795 1.964255 0.069171
v -4.807843 1.838551 0.107399
v -4.965897 1.967048 0.066854
v -4.803125 1.841345 0.105082
v -4.847946 1.295231 -0.076791
v -4.826715 1.434902 -0.203060
v -4.840869 1.298723 -0.080266
v -4.820817 1.437696 -0.205377
v -4.840869 1.281962 -0.054781
v -4.847946 1.295231 -0.076791
v -4.833792 1.285454 -0.058256
v -4.840869 1.298723 -0.080266
v -5.044925 1.989396 0.175746
v -5.007180 1.975429 0.213975
v -5.035488 1.980317 0.166479
v -4.984769 1.956573 0.189648
v -5.054361 1.994284 0.188489
v -5.031950 1.987301 0.241777
v -5.044925 1.989396 0.175746
v -5.007180 1.975429 0.213975
v -5.113336 2.045963 0.105082
v -5.054361 1.994284 0.188489
v -5.108618 2.043867 0.098132
v -5.044925 1.989396 0.175746
v -5.007180 1.975429 0.213975
v -4.898665 1.911878 0.340243
v -4.984769 1.956573 0.189648
v -4.812561 1.818299 0.244094
v -4.896306 1.357385 0.611316
v -4.753585 1.460741 0.512849
v -4.915178 1.353893 0.632168
v -4.823176 1.498452 0.627534
v -4.942307 1.792460 0.615950
v -4.811381 1.731005 0.511691
v -5.002462 1.941908 0.458403
v -4.898665 1.911878 0.340243
v -4.921076 1.569685 0.700515
v -4.823176 1.498452 0.627534
v -4.942307 1.792460 0.615950
v -4.811381 1.731005 0.511691
v -4.811381 1.731005 0.511691
v -4.823176 1.498452 0.627534
v -4.729995 1.653487 0.376155
v -4.753585 1.460741 0.512849
v -5.002462 1.941908 0.458403
v -4.898665 1.911878 0.340243
v -5.031950 1.987301 0.241777
v -5.007180 1.975429 0.213975
v -4.923435 1.374844 0.641435
v -4.915178 1.353893 0.632168
v -4.921076 1.569685 0.700515
v -4.823176 1.498452 0.627534
v -5.108618 2.043867 0.098132
v -5.044925 1.989396 0.175746
v -5.103900 2.039677 0.094656
v -5.035488 1.980317 0.166479
v -4.729995 1.653487 0.376155
v -4.812561 1.818299 0.244094
v -4.811381 1.731005 0.511691
v -4.898665 1.911878 0.340243
v -4.990667 1.953081 0.188489
v -5.011898 1.971239 0.212816
v -5.040206 1.976127 0.164162
v -5.050822 1.985206 0.174588
v -5.011898 1.971239 0.212816
v -5.036668 1.982412 0.239460
v -5.050822 1.985206 0.174588
v -5.060258 1.989396 0.186172
v -5.050822 1.985206 0.174588
v -5.060258 1.989396 0.186172
v -5.113336 2.039677 0.096973
v -5.118054 2.041772 0.102765
v -4.817279 1.814109 0.241777
v -4.903383 1.907688 0.339085
v -4.990667 1.953081 0.188489
v -5.011898 1.971239 0.212816
v -4.829074 1.494262 0.625217
v -4.759483 1.456551 0.511691
v -4.921076 1.349004 0.629851
v -4.902204 1.352496 0.607841
v -4.903383 1.907688 0.339085
v -4.816099 1.726814 0.509374
v -5.007180 1.937718 0.456086
v -4.947025 1.788270 0.613633
v -4.816099 1.726814 0.509374
v -4.829074 1.494262 0.625217
v -4.947025 1.788270 0.613633
v -4.925794 1.565494 0.699357
v -4.759483 1.456551 0.511691
v -4.829074 1.494262 0.625217
v -4.734713 1.649297 0.373838
v -4.816099 1.726814 0.509374
v -5.011898 1.971239 0.212816
v -4.903383 1.907688 0.339085
v -5.036668 1.982412 0.239460
v -5.007180 1.937718 0.456086
v -4.829074 1.494262 0.625217
v -4.921076 1.349004 0.629851
v -4.925794 1.565494 0.699357
v -4.929332 1.369955 0.639118
v -5.040206 1.976127 0.164162
v -5.050822 1.985206 0.174588
v -5.108618 2.035487 0.092340
v -5.113336 2.039677 0.096973
v -4.903383 1.907688 0.339085
v -4.817279 1.814109 0.241777
v -4.816099 1.726814 0.509374
v -4.734713 1.649297 0.373838
v -5.007180 1.937718 0.456086
v -4.947025 1.788270 0.613633
v -5.002462 1.941908 0.458403
v -4.942307 1.792460 0.615950
v -4.947025 1.788270 0.613633
v -4.925794 1.565494 0.699357
v -4.942307 1.792460 0.615950
v -4.921076 1.569685 0.700515
v -5.040206 1.976127 0.164162
v -5.108618 2.035487 0.092340
v -5.035488 1.980317 0.166479
v -5.103900 2.039677 0.094656
v -4.929332 1.369955 0.639118
v -4.921076 1.349004 0.629851
v -4.923435 1.374844 0.641435
v -4.915178 1.353893 0.632168
v -5.060258 1.989396 0.186172
v -5.036668 1.982412 0.239460
v -5.054361 1.994284 0.188489
v -5.031950 1.987301 0.241777
v -4.817279 1.814109 0.241777
v -4.990667 1.953081 0.188489
v -4.812561 1.818299 0.244094
v -4.984769 1.956573 0.189648
v -4.925794 1.565494 0.699357
v -4.929332 1.369955 0.639118
v -4.921076 1.569685 0.700515
v -4.923435 1.374844 0.641435
v -4.734713 1.649297 0.373838
v -4.817279 1.814109 0.241777
v -4.729995 1.653487 0.376155
v -4.812561 1.818299 0.244094
v -5.118054 2.041772 0.102765
v -5.060258 1.989396 0.186172
v -5.113336 2.045963 0.105082
v -5.054361 1.994284 0.188489
v -4.759483 1.456551 0.511691
v -4.734713 1.649297 0.373838
v -4.753585 1.460741 0.512849
v -4.729995 1.653487 0.376155
v -4.990667 1.953081 0.188489
v -5.040206 1.976127 0.164162
v -4.984769 1.956573 0.189648
v -5.035488 1.980317 0.166479
v -5.036668 1.982412 0.239460
v -5.007180 1.937718 0.456086
v -5.031950 1.987301 0.241777
v -5.002462 1.941908 0.458403
v -4.902204 1.352496 0.607841
v -4.759483 1.456551 0.511691
v -4.896306 1.357385 0.611316
v -4.753585 1.460741 0.512849
v -4.921076 1.349004 0.629851
v -4.902204 1.352496 0.607841
v -4.915178 1.353893 0.632168
v -4.896306 1.357385 0.611316
v -5.207697 2.008950 0.161845
v -5.246621 2.031297 0.194281
v -5.201800 2.003363 0.175746
v -5.231287 2.018727 0.226717
v -5.217133 2.012441 0.149103
v -5.267852 2.037582 0.163004
v -5.207697 2.008950 0.161845
v -5.246621 2.031297 0.194281
v -5.121593 1.992189 0.088864
v -5.217133 2.012441 0.149103
v -5.116875 1.990792 0.094656
v -5.207697 2.008950 0.161845
v -5.246621 2.031297 0.194281
v -5.384624 2.082975 0.295065
v -5.231287 2.018727 0.226717
v -5.330366 2.018028 0.431759
v -5.856428 1.750558 0.512849
v -5.720784 1.867882 0.603207
v -5.877659 1.746368 0.494315
v -5.811607 1.903498 0.504740
v -5.685399 2.068310 0.264946
v -5.611090 2.048756 0.425967
v -5.482523 2.096942 0.171113
v -5.384624 2.082975 0.295065
v -5.854069 1.937019 0.374996
v -5.811607 1.903498 0.504740
v -5.685399 2.068310 0.264946
v -5.611090 2.048756 0.425967
v -5.611090 2.048756 0.425967
v -5.811607 1.903498 0.504740
v -5.515550 1.980317 0.556870
v -5.720784 1.867882 0.603207
v -5.482523 2.096942 0.171113
v -5.384624 2.082975 0.295065
v -5.267852 2.037582 0.163004
v -5.246621 2.031297 0.194281
v -5.878839 1.761732 0.475780
v -5.877659 1.746368 0.494315
v -5.854069 1.937019 0.374996
v -5.811607 1.903498 0.504740
v -5.116875 1.990792 0.094656
v -5.207697 2.008950 0.161845
v -5.114516 1.987999 0.101607
v -5.201800 2.003363 0.175746
v -5.515550 1.980317 0.556870
v -5.330366 2.018028 0.431759
v -5.611090 2.048756 0.425967
v -5.384624 2.082975 0.295065
v -5.231287 2.012441 0.224400
v -5.246621 2.025012 0.191964
v -5.201800 1.996379 0.173430
v -5.207697 2.001966 0.159528
v -5.246621 2.025012 0.191964
v -5.267852 2.031297 0.161845
v -5.207697 2.001966 0.159528
v -5.217133 2.005458 0.146786
v -5.207697 2.001966 0.159528
v -5.217133 2.005458 0.146786
v -5.116875 1.984507 0.092340
v -5.121593 1.985904 0.086547
v -5.331546 2.011743 0.429442
v -5.384624 2.076690 0.293906
v -5.231287 2.012441 0.224400
v -5.246621 2.025012 0.191964
v -5.811607 1.897213 0.503582
v -5.720784 1.860898 0.602048
v -5.877659 1.737988 0.491998
v -5.856428 1.742877 0.510533
v -5.384624 2.076690 0.293906
v -5.611090 2.042471 0.423650
v -5.482523 2.090657 0.168796
v -5.685399 2.062025 0.263787
v -5.611090 2.042471 0.423650
v -5.811607 1.897213 0.503582
v -5.685399 2.062025 0.263787
v -5.854069 1.930036 0.372679
v -5.720784 1.860898 0.602048
v -5.811607 1.897213 0.503582
v -5.515550 1.974032 0.555711
v -5.611090 2.042471 0.423650
v -5.246621 2.025012 0.191964
v -5.384624 2.076690 0.293906
v -5.267852 2.031297 0.161845
v -5.482523 2.090657 0.168796
v -5.811607 1.897213 0.503582
v -5.877659 1.737988 0.491998
v -5.854069 1.930036 0.372679
v -5.878839 1.754050 0.473463
v -5.201800 1.996379 0.173430
v -5.207697 2.001966 0.159528
v -5.114516 1.981714 0.100449
v -5.116875 1.984507 0.092340
v -5.384624 2.076690 0.293906
v -5.331546 2.011743 0.429442
v -5.611090 2.042471 0.423650
v -5.515550 1.974032 0.555711
v -5.482523 2.090657 0.168796
v -5.685399 2.062025 0.263787
v -5.482523 2.096942 0.171113
v -5.685399 2.068310 0.264946
v -5.685399 2.062025 0.263787
v -5.854069 1.930036 0.372679
v -5.685399 2.068310 0.264946
v -5.854069 1.937019 0.374996
v -5.201800 1.996379 0.173430
v -5.114516 1.981714 0.100449
v -5.201800 2.003363 0.175746
v -5.114516 1.987999 0.101607
v -5.878839 1.754050 0.473463
v -5.877659 1.737988 0.491998
v -5.878839 1.761732 0.475780
v -5.877659 1.746368 0.494315
v -5.217133 2.005458 0.146786
v -5.267852 2.031297 0.161845
v -5.217133 2.012441 0.149103
v -5.267852 2.037582 0.163004
v -5.331546 2.011743 0.429442
v -5.231287 2.012441 0.224400
v -5.330366 2.018028 0.431759
v -5.231287 2.018727 0.226717
v -5.854069 1.930036 0.372679
v -5.878839 1.754050 0.473463
v -5.854069 1.937019 0.374996
v -5.878839 1.761732 0.475780
v -5.515550 1.974032 0.555711
v -5.331546 2.011743 0.429442
v -5.515550 1.980317 0.556870
v -5.330366 2.018028 0.431759
v -5.121593 1.985904 0.086547
v -5.217133 2.005458 0.146786
v -5.121593 1.992189 0.088864
v -5.217133 2.012441 0.149103
v -5.720784 1.860898 0.602048
v -5.515550 1.974032 0.555711
v -5.720784 1.867882 0.603207
v -5.515550 1.980317 0.556870
v -5.231287 2.012441 0.224400
v -5.201800 1.996379 0.173430
v -5.231287 2.018727 0.226717
v -5.201800 2.003363 0.175746
v -5.267852 2.031297 0.161845
v -5.482523 2.090657 0.168796
v -5.267852 2.037582 0.163004
v -5.482523 2.096942 0.171113
v -5.856428 1.742877 0.510533
v -5.720784 1.860898 0.602048
v -5.856428 1.750558 0.512849
v -5.720784 1.867882 0.603207
v -5.877659 1.737988 0.491998
v -5.856428 1.742877 0.510533
v -5.877659 1.746368 0.494315
v -5.856428 1.750558 0.512849
v -5.127490 1.948891 -0.002652
v -5.128670 1.944003 -0.072157
v -5.147542 1.950986 -0.004969
v -5.175850 1.950986 -0.074474
v -5.107439 1.942606 -0.003810
v -5.082669 1.928639 -0.070999
v -5.127490 1.948891 -0.002652
v -5.128670 1.944003 -0.072157
v -5.102721 1.990094 0.131726
v -5.107439 1.942606 -0.003810
v -5.112157 1.993586 0.131726
v -5.127490 1.948891 -0.002652
v -5.128670 1.944003 -0.072157
v -5.136926 1.900006 -0.289942
v -5.175850 1.950986 -0.074474
v -5.335084 1.903498 -0.306160
v -5.320930 1.244251 -0.649055
v -5.410573 1.478200 -0.667590
v -5.294981 1.219809 -0.650214
v -5.247800 1.423728 -0.694234
v -4.972974 1.641615 -0.512361
v -5.180568 1.708657 -0.554064
v -4.956461 1.814807 -0.291101
v -5.136926 1.900006 -0.289942
v -5.077951 1.400683 -0.654848
v -5.247800 1.423728 -0.694234
v -4.972974 1.641615 -0.512361
v -5.180568 1.708657 -0.554064
v -5.180568 1.708657 -0.554064
v -5.247800 1.423728 -0.694234
v -5.396419 1.740083 -0.528579
v -5.410573 1.478200 -0.667590
v -4.956461 1.814807 -0.291101
v -5.136926 1.900006 -0.289942
v -5.082669 1.928639 -0.070999
v -5.128670 1.944003 -0.072157
v -5.266673 1.231681 -0.646739
v -5.294981 1.219809 -0.650214
v -5.077951 1.400683 -0.654848
v -5.247800 1.423728 -0.694234
v -5.112157 1.993586 0.131726
v -5.127490 1.948891 -0.002652
v -5.122772 1.994284 0.130568
v -5.147542 1.950986 -0.004969
v -5.396419 1.740083 -0.528579
v -5.335084 1.903498 -0.306160
v -5.180568 1.708657 -0.554064
v -5.136926 1.900006 -0.289942
v -5.177030 1.944003 -0.069841
v -5.129849 1.937718 -0.066365
v -5.148722 1.944003 0.000824
v -5.128670 1.942606 0.003140
v -5.129849 1.937718 -0.066365
v -5.086207 1.922354 -0.065207
v -5.128670 1.942606 0.003140
v -5.109798 1.935622 0.001982
v -5.128670 1.942606 0.003140
v -5.109798 1.935622 0.001982
v -5.114516 1.987301 0.137518
v -5.105080 1.983809 0.136360
v -5.337443 1.896515 -0.300368
v -5.138106 1.893721 -0.285308
v -5.177030 1.944003 -0.069841
v -5.129849 1.937718 -0.066365
v -5.248980 1.417443 -0.689600
v -5.411753 1.471217 -0.662957
v -5.297340 1.212127 -0.643263
v -5.323289 1.235871 -0.642105
v -5.138106 1.893721 -0.285308
v -5.181748 1.701674 -0.548272
v -4.957641 1.808522 -0.285308
v -4.974154 1.635330 -0.506569
v -5.181748 1.701674 -0.548272
v -5.248980 1.417443 -0.689600
v -4.974154 1.635330 -0.506569
v -5.079130 1.394397 -0.649055
v -5.411753 1.471217 -0.662957
v -5.248980 1.417443 -0.689600
v -5.397598 1.733798 -0.523945
v -5.181748 1.701674 -0.548272
v -5.129849 1.937718 -0.066365
v -5.138106 1.893721 -0.285308
v -5.086207 1.922354 -0.065207
v -4.957641 1.808522 -0.285308
v -5.248980 1.417443 -0.689600
v -5.297340 1.212127 -0.643263
v -5.079130 1.394397 -0.649055
v -5.269032 1.223301 -0.639788
v -5.148722 1.944003 0.000824
v -5.128670 1.942606 0.003140
v -5.123952 1.987999 0.135201
v -5.114516 1.987301 0.137518
v -5.138106 1.893721 -0.285308
v -5.337443 1.896515 -0.300368
v -5.181748 1.701674 -0.548272
v -5.397598 1.733798 -0.523945
v -4.957641 1.808522 -0.285308
v -4.974154 1.635330 -0.506569
v -4.956461 1.814807 -0.291101
v -4.972974 1.641615 -0.512361
v -4.974154 1.635330 -0.506569
v -5.079130 1.394397 -0.649055
v -4.972974 1.641615 -0.512361
v -5.077951 1.400683 -0.654848
v -5.148722 1.944003 0.000824
v -5.123952 1.987999 0.135201
v -5.147542 1.950986 -0.004969
v -5.122772 1.994284 0.130568
v -5.269032 1.223301 -0.639788
v -5.297340 1.212127 -0.643263
v -5.266673 1.231681 -0.646739
v -5.294981 1.219809 -0.650214
v -5.109798 1.935622 0.001982
v -5.086207 1.922354 -0.065207
v -5.107439 1.942606 -0.003810
v -5.082669 1.928639 -0.070999
v -5.337443 1.896515 -0.300368
v -5.177030 1.944003 -0.069841
v -5.335084 1.903498 -0.306160
v -5.175850 1.950986 -0.074474
v -5.079130 1.394397 -0.649055
v -5.269032 1.223301 -0.639788
v -5.077951 1.400683 -0.654848
v -5.266673 1.231681 -0.646739
v -5.397598 1.733798 -0.523945
v -5.337443 1.896515 -0.300368
v -5.396419 1.740083 -0.528579
v -5.335084 1.903498 -0.306160
v -5.105080 1.983809 0.136360
v -5.109798 1.935622 0.001982
v -5.102721 1.990094 0.131726
v -5.107439 1.942606 -0.003810
v -5.411753 1.471217 -0.662957
v -5.397598 1.733798 -0.523945
v -5.410573 1.478200 -0.667590
v -5.396419 1.740083 -0.528579
v -5.177030 1.944003 -0.069841
v -5.148722 1.944003 0.000824
v -5.175850 1.950986 -0.074474
v -5.147542 1.950986 -0.004969
v -5.086207 1.922354 -0.065207
v -4.957641 1.808522 -0.285308
v -5.082669 1.928639 -0.070999
v -4.956461 1.814807 -0.291101
v -5.323289 1.235871 -0.642105
v -5.411753 1.471217 -0.662957
v -5.320930 1.244251 -0.649055
v -5.410573 1.478200 -0.667590
v -5.297340 1.212127 -0.643263
v -5.323289 1.235871 -0.642105
v -5.294981 1.219809 -0.650214
v -5.320930 1.244251 -0.649055
v -5.236005 1.992888 0.057587
v -5.292622 2.010346 0.021675
v -5.248980 1.992888 0.073805
v -5.320930 2.011743 0.059903
v -5.226569 1.989396 0.040210
v -5.267852 2.000569 -0.018870
v -5.236005 1.992888 0.057587
v -5.292622 2.010346 0.021675
v -5.108618 1.991491 0.120142
v -5.226569 1.989396 0.040210
v -5.112157 1.993586 0.128251
v -5.236005 1.992888 0.057587
v -5.292622 2.010346 0.021675
v -5.478985 2.037582 -0.097643
v -5.320930 2.011743 0.059903
v -5.605192 2.022218 0.055270
v -5.997970 1.513816 -0.317745
v -6.019201 1.729608 -0.191476
v -5.988534 1.494961 -0.346705
v -5.956687 1.705864 -0.351339
v -5.609910 1.885341 -0.417369
v -5.750272 1.937019 -0.252872
v -5.391701 1.978920 -0.267932
v -5.478985 2.037582 -0.097643
v -5.831659 1.691897 -0.474133
v -5.956687 1.705864 -0.351339
v -5.609910 1.885341 -0.417369
v -5.750272 1.937019 -0.252872
v -5.750272 1.937019 -0.252872
v -5.956687 1.705864 -0.351339
v -5.849351 1.932829 -0.057098
v -6.019201 1.729608 -0.191476
v -5.391701 1.978920 -0.267932
v -5.478985 2.037582 -0.097643
v -5.267852 2.000569 -0.018870
v -5.292622 2.010346 0.021675
v -5.967302 1.508229 -0.364082
v -5.988534 1.494961 -0.346705
v -5.831659 1.691897 -0.474133
v -5.956687 1.705864 -0.351339
v -5.112157 1.993586 0.128251
v -5.236005 1.992888 0.057587
v -5.119234 1.993586 0.136360
v -5.248980 1.992888 0.073805
v -5.849351 1.932829 -0.057098
v -5.605192 2.022218 0.055270
v -5.750272 1.937019 -0.252872
v -5.478985 2.037582 -0.097643
v -5.318571 2.003363 0.061062
v -5.290263 2.001966 0.023992
v -5.247800 1.983809 0.076121
v -5.233646 1.984507 0.059903
v -5.290263 2.001966 0.023992
v -5.266673 1.992888 -0.015394
v -5.233646 1.984507 0.059903
v -5.225390 1.981016 0.042527
v -5.233646 1.984507 0.059903
v -5.225390 1.981016 0.042527
v -5.109798 1.985206 0.130568
v -5.106259 1.983111 0.122459
v -5.604013 2.013838 0.057587
v -5.476626 2.029900 -0.095326
v -5.318571 2.003363 0.061062
v -5.290263 2.001966 0.023992
v -5.954328 1.698182 -0.349022
v -6.016842 1.721228 -0.189159
v -5.986175 1.485184 -0.344388
v -5.995611 1.504039 -0.315428
v -5.476626 2.029900 -0.095326
v -5.747913 1.928639 -0.250556
v -5.389342 1.971239 -0.265615
v -5.608731 1.876961 -0.415053
v -5.747913 1.928639 -0.250556
v -5.954328 1.698182 -0.349022
v -5.608731 1.876961 -0.415053
v -5.829300 1.683516 -0.471816
v -6.016842 1.721228 -0.189159
v -5.954328 1.698182 -0.349022
v -5.846992 1.925147 -0.054781
v -5.747913 1.928639 -0.250556
v -5.290263 2.001966 0.023992
v -5.476626 2.029900 -0.095326
v -5.266673 1.992888 -0.015394
v -5.389342 1.971239 -0.265615
v -5.954328 1.698182 -0.349022
v -5.986175 1.485184 -0.344388
v -5.829300 1.683516 -0.471816
v -5.964943 1.497754 -0.361765
v -5.247800 1.983809 0.076121
v -5.233646 1.984507 0.059903
v -5.116875 1.985206 0.138677
v -5.109798 1.985206 0.130568
v -5.476626 2.029900 -0.095326
v -5.604013 2.013838 0.057587
v -5.747913 1.928639 -0.250556
v -5.846992 1.925147 -0.054781
v -5.389342 1.971239 -0.265615
v -5.608731 1.876961 -0.415053
v -5.391701 1.978920 -0.267932
v -5.609910 1.885341 -0.417369
v -5.608731 1.876961 -0.415053
v -5.829300 1.683516 -0.471816
v -5.609910 1.885341 -0.417369
v -5.831659 1.691897 -0.474133
v -5.247800 1.983809 0.076121
v -5.116875 1.985206 0.138677
v -5.248980 1.992888 0.073805
v -5.119234 1.993586 0.136360
v -5.964943 1.497754 -0.361765
v -5.986175 1.485184 -0.344388
v -5.967302 1.508229 -0.364082
v -5.988534 1.494961 -0.346705
v -5.225390 1.981016 0.042527
v -5.266673 1.992888 -0.015394
v -5.226569 1.989396 0.040210
v -5.267852 2.000569 -0.018870
v -5.604013 2.013838 0.057587
v -5.318571 2.003363 0.061062
v -5.605192 2.022218 0.055270
v -5.320930 2.011743 0.059903
v -5.829300 1.683516 -0.471816
v -5.964943 1.497754 -0.361765
v -5.831659 1.691897 -0.474133
v -5.967302 1.508229 -0.364082
v -5.846992 1.925147 -0.054781
v -5.604013 2.013838 0.057587
v -5.849351 1.932829 -0.057098
v -5.605192 2.022218 0.055270
v -5.106259 1.983111 0.122459
v -5.225390 1.981016 0.042527
v -5.108618 1.991491 0.120142
v -5.226569 1.989396 0.040210
v -6.016842 1.721228 -0.189159
v -5.846992 1.925147 -0.054781
v -6.019201 1.729608 -0.191476
v -5.849351 1.932829 -0.057098
v -5.318571 2.003363 0.061062
v -5.247800 1.983809 0.076121
v -5.320930 2.011743 0.059903
v -5.248980 1.992888 0.073805
v -5.266673 1.992888 -0.015394
v -5.389342 1.971239 -0.265615
v -5.267852 2.000569 -0.018870
v -5.391701 1.978920 -0.267932
v -5.995611 1.504039 -0.315428
v -6.016842 1.721228 -0.189159
v -5.997970 1.513816 -0.317745
v -6.019201 1.729608 -0.191476
v -5.986175 1.485184 -0.344388
v -5.995611 1.504039 -0.315428
v -5.988534 1.494961 -0.346705
v -5.997970 1.513816 -0.317745
v -5.106259 2.004760 0.158370
v -5.102721 2.067612 0.099290
v -5.129849 2.015235 0.163004
v -5.156978 2.091356 0.114350
v -5.087387 1.994983 0.146786
v -5.055540 2.040376 0.074963
v -5.106259 2.004760 0.158370
v -5.102721 2.067612 0.099290
v -5.102721 2.067612 0.099290
v -5.106259 2.247787 -0.112703
v -5.156978 2.091356 0.114350
v -5.338623 2.330193 -0.074474
v -5.543858 2.173761 -0.964148
v -5.555653 2.391648 -0.739413
v -5.522627 2.149319 -0.994267
v -5.382265 2.323908 -0.849464
v -4.991847 2.217758 -0.569124
v -5.205338 2.374189 -0.489192
v -4.928153 2.126972 -0.235496
v -5.106259 2.247787 -0.112703
v -5.194722 2.213568 -0.880741
v -5.382265 2.323908 -0.849464
v -4.991847 2.217758 -0.569124
v -5.205338 2.374189 -0.489192
v -5.205338 2.374189 -0.489192
v -5.382265 2.323908 -0.849464
v -5.449497 2.444723 -0.388409
v -5.555653 2.391648 -0.739413
v -4.928153 2.126972 -0.235496
v -5.106259 2.247787 -0.112703
v -5.055540 2.040376 0.074963
v -5.102721 2.067612 0.099290
v -5.484882 2.145129 -0.987317
v -5.522627 2.149319 -0.994267
v -5.194722 2.213568 -0.880741
v -5.382265 2.323908 -0.849464
v -5.449497 2.444723 -0.388409
v -5.338623 2.330193 -0.074474
v -5.205338 2.374189 -0.489192
v -5.106259 2.247787 -0.112703
v -5.160517 2.081579 0.112033
v -5.108618 2.058533 0.096973
v -5.135747 2.005458 0.160687
v -5.112157 1.995681 0.157212
v -5.108618 2.058533 0.096973
v -5.062617 2.031995 0.073805
v -5.112157 1.995681 0.157212
v -5.092105 1.985206 0.144469
v -5.343341 2.321114 -0.075633
v -5.112157 2.238708 -0.115019
v -5.160517 2.081579 0.112033
v -5.108618 2.058533 0.096973
v -5.386983 2.315527 -0.851781
v -5.560371 2.382570 -0.740571
v -5.528524 2.138145 -0.995426
v -5.550935 2.162588 -0.965307
v -5.112157 2.238708 -0.115019
v -5.210056 2.365111 -0.491509
v -4.932871 2.117893 -0.237813
v -4.996565 2.208679 -0.570282
v -5.210056 2.365111 -0.491509
v -5.386983 2.315527 -0.851781
v -4.996565 2.208679 -0.570282
v -5.200620 2.204489 -0.883058
v -5.560371 2.382570 -0.740571
v -5.386983 2.315527 -0.851781
v -5.455394 2.435644 -0.389567
v -5.210056 2.365111 -0.491509
v -5.108618 2.058533 0.096973
v -5.112157 2.238708 -0.115019
v -5.062617 2.031995 0.073805
v -4.932871 2.117893 -0.237813
v -5.386983 2.315527 -0.851781
v -5.528524 2.138145 -0.995426
v -5.200620 2.204489 -0.883058
v -5.491959 2.133257 -0.988475
v -5.112157 2.238708 -0.115019
v -5.343341 2.321114 -0.075633
v -5.210056 2.365111 -0.491509
v -5.455394 2.435644 -0.389567
v -4.932871 2.117893 -0.237813
v -4.996565 2.208679 -0.570282
v -4.928153 2.126972 -0.235496
v -4.991847 2.217758 -0.569124
v -4.996565 2.208679 -0.570282
v -5.200620 2.204489 -0.883058
v -4.991847 2.217758 -0.569124
v -5.194722 2.213568 -0.880741
v -5.491959 2.133257 -0.988475
v -5.528524 2.138145 -0.995426
v -5.484882 2.145129 -0.987317
v -5.522627 2.149319 -0.994267
v -5.092105 1.985206 0.144469
v -5.062617 2.031995 0.073805
v -5.087387 1.994983 0.146786
v -5.055540 2.040376 0.074963
v -5.343341 2.321114 -0.075633
v -5.160517 2.081579 0.112033
v -5.338623 2.330193 -0.074474
v -5.156978 2.091356 0.114350
v -5.200620 2.204489 -0.883058
v -5.491959 2.133257 -0.988475
v -5.194722 2.213568 -0.880741
v -5.484882 2.145129 -0.987317
v -5.455394 2.435644 -0.389567
v -5.343341 2.321114 -0.075633
v -5.449497 2.444723 -0.388409
v -5.338623 2.330193 -0.074474
v -5.560371 2.382570 -0.740571
v -5.455394 2.435644 -0.389567
v -5.555653 2.391648 -0.739413
v -5.449497 2.444723 -0.388409
v -5.160517 2.081579 0.112033
v -5.135747 2.005458 0.160687
v -5.156978 2.091356 0.114350
v -5.129849 2.015235 0.163004
v -5.062617 2.031995 0.073805
v -4.932871 2.117893 -0.237813
v -5.055540 2.040376 0.074963
v -4.928153 2.126972 -0.235496
v -5.550935 2.162588 -0.965307
v -5.560371 2.382570 -0.740571
v -5.543858 2.173761 -0.964148
v -5.555653 2.391648 -0.739413
v -5.528524 2.138145 -0.995426
v -5.550935 2.162588 -0.965307
v -5.522627 2.149319 -0.994267
v -5.543858 2.173761 -0.964148
v -5.039027 1.973334 0.068012
v -5.043745 2.052946 0.101607
v -5.024873 1.969143 0.088864
v -5.006001 2.041074 0.147944
v -5.057899 1.980317 0.052953
v -5.088566 2.064818 0.064537
v -5.039027 1.973334 0.068012
v -5.043745 2.052946 0.101607
v -5.043745 2.052946 0.101607
v -5.083848 2.297370 0.227876
v -5.006001 2.041074 0.147944
v -4.954102 2.244295 0.432918
v -5.667706 2.513860 0.958845
v -5.359854 2.552968 0.915983
v -5.710169 2.520145 0.947260
v -5.521447 2.631184 0.795506
v -5.464831 2.562745 0.310124
v -5.260775 2.550175 0.496631
v -5.290263 2.345557 0.096973
v -5.083848 2.297370 0.227876
v -5.654732 2.641659 0.621742
v -5.521447 2.631184 0.795506
v -5.464831 2.562745 0.310124
v -5.260775 2.550175 0.496631
v -5.260775 2.550175 0.496631
v -5.521447 2.631184 0.795506
v -5.088566 2.449612 0.685455
v -5.359854 2.552968 0.915983
v -5.290263 2.345557 0.096973
v -5.083848 2.297370 0.227876
v -5.088566 2.064818 0.064537
v -5.043745 2.052946 0.101607
v -5.714887 2.528526 0.910191
v -5.710169 2.520145 0.947260
v -5.654732 2.641659 0.621742
v -5.521447 2.631184 0.795506
v -5.088566 2.449612 0.685455
v -4.954102 2.244295 0.432918
v -5.260775 2.550175 0.496631
v -5.083848 2.297370 0.227876
v -5.013078 2.033392 0.150261
v -5.049643 2.045264 0.105082
v -5.030770 1.960763 0.092340
v -5.044925 1.964953 0.071488
v -5.049643 2.045264 0.105082
v -5.093284 2.056438 0.069171
v -5.044925 1.964953 0.071488
v -5.064976 1.971239 0.057587
v -4.960000 2.235915 0.436393
v -5.089746 2.289688 0.231351
v -5.013078 2.033392 0.150261
v -5.049643 2.045264 0.105082
v -5.527345 2.623502 0.798981
v -5.365752 2.544588 0.919458
v -5.717246 2.509670 0.950736
v -5.674784 2.503385 0.962320
v -5.089746 2.289688 0.231351
v -5.266673 2.542493 0.500107
v -5.296160 2.337176 0.100449
v -5.470728 2.554365 0.313600
v -5.266673 2.542493 0.500107
v -5.527345 2.623502 0.798981
v -5.470728 2.554365 0.313600
v -5.660629 2.633279 0.625217
v -5.365752 2.544588 0.919458
v -5.527345 2.623502 0.798981
v -5.094464 2.441930 0.688931
v -5.266673 2.542493 0.500107
v -5.049643 2.045264 0.105082
v -5.089746 2.289688 0.231351
v -5.093284 2.056438 0.069171
v -5.296160 2.337176 0.100449
v -5.527345 2.623502 0.798981
v -5.717246 2.509670 0.950736
v -5.660629 2.633279 0.625217
v -5.721964 2.518050 0.914824
v -5.089746 2.289688 0.231351
v -4.960000 2.235915 0.436393
v -5.266673 2.542493 0.500107
v -5.094464 2.441930 0.688931
v -5.296160 2.337176 0.100449
v -5.470728 2.554365 0.313600
v -5.290263 2.345557 0.096973
v -5.464831 2.562745 0.310124
v -5.470728 2.554365 0.313600
v -5.660629 2.633279 0.625217
v -5.464831 2.562745 0.310124
v -5.654732 2.641659 0.621742
v -5.721964 2.518050 0.914824
v -5.717246 2.509670 0.950736
v -5.714887 2.528526 0.910191
v -5.710169 2.520145 0.947260
v -5.064976 1.971239 0.057587
v -5.093284 2.056438 0.069171
v -5.057899 1.980317 0.052953
v -5.088566 2.064818 0.064537
v -4.960000 2.235915 0.436393
v -5.013078 2.033392 0.150261
v -4.954102 2.244295 0.432918
v -5.006001 2.041074 0.147944
v -5.660629 2.633279 0.625217
v -5.721964 2.518050 0.914824
v -5.654732 2.641659 0.621742
v -5.714887 2.528526 0.910191
v -5.094464 2.441930 0.688931
v -4.960000 2.235915 0.436393
v -5.088566 2.449612 0.685455
v -4.954102 2.244295 0.432918
v -5.365752 2.544588 0.919458
v -5.094464 2.441930 0.688931
v -5.359854 2.552968 0.915983
v -5.088566 2.449612 0.685455
v -5.013078 2.033392 0.150261
v -5.030770 1.960763 0.092340
v -5.006001 2.041074 0.147944
v -5.024873 1.969143 0.088864
v -5.093284 2.056438 0.069171
v -5.296160 2.337176 0.100449
v -5.088566 2.064818 0.064537
v -5.290263 2.345557 0.096973
v -5.674784 2.503385 0.962320
v -5.365752 2.544588 0.919458
v -5.667706 2.513860 0.958845
v -5.359854 2.552968 0.915983
v -5.717246 2.509670 0.950736
v -5.674784 2.503385 0.962320
v -5.710169 2.520145 0.947260
v -5.667706 2.513860 0.958845
vt 0.357589 0.454628
vt 0.357589 0.454778
vt 0.359334 0.454178
vt 0.359334 0.454178
vt 0.359468 0.451927
vt 0.360139 0.452077
vt 0.359871 0.452677
vt 0.359602 0.452527
vt 0.360945 0.449977
vt 0.363763 0.450577
vt 0.360676 0.452377
vt 0.360139 0.452077
vt 0.597580 0.727853
vt 0.601070 0.727853
vt 0.597177 0.728153
vt 0.599190 0.729953
vt 0.353562 0.446376
vt 0.351281 0.448176
vt 0.353831 0.451327
vt 0.356247 0.450277
vt 0.607915 0.734905
vt 0.608452 0.735205
vt 0.608586 0.735205
vt 0.608318 0.734604
vt 0.616774 0.746308
vt 0.614626 0.747208
vt 0.612344 0.745407
vt 0.614760 0.743907
vt 0.356113 0.450277
vt 0.357858 0.452227
vt 0.357321 0.452527
vt 0.353831 0.451327
vt 0.597177 0.728603
vt 0.597177 0.728153
vt 0.598117 0.732354
vt 0.599190 0.729953
vt 0.608318 0.732204
vt 0.605231 0.729953
vt 0.603351 0.732804
vt 0.607110 0.734905
vt 0.365374 0.440374
vt 0.365374 0.440374
vt 0.364971 0.440074
vt 0.364971 0.440074
vt 0.359871 0.452677
vt 0.360139 0.452827
vt 0.359334 0.454178
vt 0.359200 0.454178
vt 0.364971 0.440074
vt 0.364971 0.440074
vt 0.364569 0.440224
vt 0.364569 0.440074
vt 0.599190 0.729803
vt 0.601070 0.727853
vt 0.597043 0.728153
vt 0.597580 0.727853
vt 0.603486 0.732804
vt 0.607244 0.735055
vt 0.605096 0.737005
vt 0.601606 0.735505
vt 0.368058 0.449677
vt 0.367119 0.448176
vt 0.365374 0.448926
vt 0.366448 0.451177
vt 0.351549 0.442775
vt 0.353697 0.441724
vt 0.356247 0.444875
vt 0.353562 0.446526
vt 0.360676 0.452227
vt 0.360676 0.452377
vt 0.363763 0.450577
vt 0.363763 0.450427
vt 0.599190 0.729803
vt 0.597043 0.728153
vt 0.598117 0.732204
vt 0.597043 0.728603
vt 0.610331 0.742257
vt 0.612210 0.740456
vt 0.614760 0.743907
vt 0.612344 0.745407
vt 0.359871 0.444725
vt 0.359737 0.444725
vt 0.358663 0.448476
vt 0.358663 0.448476
vt 0.347254 0.458529
vt 0.347254 0.458529
vt 0.350609 0.458979
vt 0.350609 0.458829
vt 0.366314 0.462280
vt 0.366314 0.462280
vt 0.365911 0.460029
vt 0.365777 0.459879
vt 0.607512 0.736855
vt 0.607512 0.736855
vt 0.608049 0.736555
vt 0.608049 0.736555
vt 0.367656 0.449527
vt 0.367790 0.449527
vt 0.367656 0.449226
vt 0.367656 0.449226
vt 0.598117 0.732204
vt 0.597043 0.728603
vt 0.598117 0.732354
vt 0.597177 0.728603
vt 0.354770 0.455078
vt 0.354770 0.455078
vt 0.352220 0.458379
vt 0.352220 0.458379
vt 0.361750 0.458529
vt 0.359737 0.460180
vt 0.359737 0.456429
vt 0.360274 0.455978
vt 0.602412 0.738656
vt 0.602412 0.738656
vt 0.603754 0.738956
vt 0.603754 0.738956
vt 0.357992 0.457629
vt 0.358663 0.455678
vt 0.359066 0.455828
vt 0.359737 0.458229
vt 0.597580 0.727853
vt 0.601070 0.727853
vt 0.597580 0.727853
vt 0.601070 0.727853
vt 0.363629 0.452527
vt 0.361213 0.453428
vt 0.360945 0.452827
vt 0.362958 0.450427
vt 0.358931 0.454178
vt 0.358931 0.454178
vt 0.360542 0.453728
vt 0.360408 0.453728
vt 0.360139 0.454928
vt 0.358931 0.454028
vt 0.358797 0.454178
vt 0.360005 0.455078
vt 0.359602 0.452527
vt 0.359066 0.454028
vt 0.359200 0.454028
vt 0.359871 0.452677
vt 0.612210 0.740456
vt 0.610599 0.738055
vt 0.610197 0.738506
vt 0.610331 0.742257
vt 0.351549 0.441274
vt 0.353697 0.441724
vt 0.351146 0.441274
vt 0.351549 0.442775
vt 0.349670 0.456278
vt 0.350609 0.458829
vt 0.354234 0.457929
vt 0.353965 0.455378
vt 0.357455 0.460480
vt 0.358931 0.460780
vt 0.359468 0.459879
vt 0.357455 0.459579
vt 0.364703 0.463781
vt 0.362690 0.464681
vt 0.361079 0.463030
vt 0.363763 0.461830
vt 0.604962 0.737005
vt 0.605096 0.737005
vt 0.608318 0.736105
vt 0.608318 0.736105
vt 0.350878 0.441724
vt 0.351146 0.441274
vt 0.349938 0.444425
vt 0.351549 0.442775
vt 0.610197 0.737305
vt 0.609123 0.735805
vt 0.608989 0.735805
vt 0.609928 0.737605
vt 0.352891 0.452978
vt 0.353965 0.455378
vt 0.349536 0.456278
vt 0.349133 0.453278
vt 0.605231 0.729953
vt 0.605231 0.729953
vt 0.604962 0.730103
vt 0.604962 0.730103
vt 0.360945 0.452827
vt 0.361213 0.453428
vt 0.360408 0.453578
vt 0.360408 0.453428
vt 0.608452 0.731904
vt 0.607378 0.730103
vt 0.605767 0.731004
vt 0.607110 0.732954
vt 0.607378 0.730103
vt 0.607378 0.730103
vt 0.606170 0.729203
vt 0.606170 0.729353
vt 0.351549 0.442625
vt 0.353697 0.441724
vt 0.351146 0.441274
vt 0.351549 0.441274
vt 0.362690 0.445776
vt 0.360945 0.449977
vt 0.358663 0.448476
vt 0.359737 0.444725
vt 0.604828 0.729803
vt 0.605767 0.731004
vt 0.604291 0.732204
vt 0.603888 0.730853
vt 0.599190 0.729953
vt 0.601070 0.727853
vt 0.605365 0.729953
vt 0.603486 0.732804
vt 0.360945 0.449977
vt 0.358663 0.448476
vt 0.359468 0.451777
vt 0.360139 0.452077
vt 0.351549 0.442625
vt 0.351146 0.441274
vt 0.349938 0.444425
vt 0.350878 0.441724
vt 0.357589 0.454478
vt 0.357455 0.454178
vt 0.359334 0.453878
vt 0.359334 0.454028
vt 0.613687 0.736855
vt 0.617176 0.734755
vt 0.615431 0.732354
vt 0.611539 0.735055
vt 0.359468 0.459879
vt 0.359468 0.460029
vt 0.359737 0.458229
vt 0.359737 0.458079
vt 0.365508 0.446976
vt 0.365508 0.447126
vt 0.366448 0.443075
vt 0.366448 0.443075
vt 0.605767 0.738506
vt 0.605767 0.738506
vt 0.607512 0.736855
vt 0.607512 0.736855
vt 0.366850 0.453278
vt 0.366985 0.453278
vt 0.368327 0.451627
vt 0.368327 0.451627
vt 0.357455 0.454178
vt 0.357455 0.454178
vt 0.356515 0.454028
vt 0.356515 0.454028
vt 0.358663 0.448476
vt 0.358663 0.448476
vt 0.359468 0.451927
vt 0.359468 0.451777
vt 0.349938 0.444425
vt 0.350878 0.441724
vt 0.349938 0.444425
vt 0.350878 0.441724
vt 0.604425 0.732354
vt 0.604291 0.732204
vt 0.605633 0.733854
vt 0.605767 0.733854
vt 0.358663 0.455678
vt 0.358931 0.455078
vt 0.358663 0.455078
vt 0.358260 0.455528
vt 0.604962 0.730103
vt 0.604962 0.730103
vt 0.604828 0.730253
vt 0.604828 0.730253
vt 0.360139 0.452677
vt 0.360139 0.452827
vt 0.360676 0.452377
vt 0.360676 0.452227
vt 0.361750 0.458529
vt 0.360274 0.455978
vt 0.360810 0.455678
vt 0.364032 0.457329
vt 0.351549 0.441274
vt 0.353697 0.441724
vt 0.351549 0.441274
vt 0.353697 0.441724
vt 0.602009 0.736705
vt 0.602009 0.736705
vt 0.602009 0.737005
vt 0.602143 0.736855
vt 0.357589 0.459879
vt 0.357589 0.459879
vt 0.357858 0.460029
vt 0.357858 0.460029
vt 0.607915 0.734755
vt 0.608183 0.734604
vt 0.608586 0.735055
vt 0.608452 0.735205
vt 0.359066 0.455228
vt 0.358931 0.455078
vt 0.359334 0.454028
vt 0.359334 0.454028
vt 0.611405 0.735055
vt 0.613687 0.736855
vt 0.609794 0.736705
vt 0.609391 0.736255
vt 0.345509 0.455828
vt 0.346046 0.454328
vt 0.345509 0.456278
vt 0.346180 0.456578
vt 0.360005 0.455078
vt 0.359737 0.455228
vt 0.358797 0.453578
vt 0.358931 0.453428
vt 0.368193 0.449677
vt 0.366582 0.451177
vt 0.365508 0.448926
vt 0.367253 0.448176
vt 0.616639 0.746308
vt 0.614760 0.743907
vt 0.612344 0.745407
vt 0.614626 0.747208
vt 0.356247 0.450277
vt 0.353831 0.451327
vt 0.357321 0.452527
vt 0.357858 0.452227
vt 0.345777 0.456578
vt 0.345509 0.456278
vt 0.347254 0.458529
vt 0.346180 0.456578
vt 0.358663 0.453578
vt 0.358797 0.453578
vt 0.359602 0.455378
vt 0.359468 0.455378
vt 0.356381 0.457029
vt 0.355844 0.458679
vt 0.357455 0.459579
vt 0.357992 0.457479
vt 0.607378 0.736405
vt 0.607244 0.735955
vt 0.607915 0.736105
vt 0.608049 0.736255
vt 0.361079 0.455228
vt 0.360676 0.455528
vt 0.360139 0.455078
vt 0.360274 0.454928
vt 0.357455 0.459579
vt 0.359468 0.459879
vt 0.359737 0.458079
vt 0.357992 0.457479
vt 0.360945 0.449977
vt 0.360139 0.452077
vt 0.360676 0.452227
vt 0.363763 0.450427
vt 0.346180 0.456578
vt 0.346046 0.454328
vt 0.345509 0.456278
vt 0.345509 0.455828
vt 0.349536 0.456278
vt 0.353965 0.455378
vt 0.354234 0.457929
vt 0.350609 0.458979
vt 0.346180 0.456578
vt 0.349536 0.456278
vt 0.350609 0.458979
vt 0.347254 0.458529
vt 0.346180 0.456578
vt 0.346046 0.454328
vt 0.349133 0.453278
vt 0.349536 0.456278
vt 0.608586 0.734304
vt 0.608586 0.734304
vt 0.608452 0.731904
vt 0.608452 0.731904
vt 0.346180 0.456578
vt 0.345509 0.456278
vt 0.347254 0.458529
vt 0.345777 0.456578
vt 0.607512 0.736405
vt 0.608049 0.736255
vt 0.608049 0.736105
vt 0.607378 0.735955
vt 0.359737 0.460180
vt 0.361079 0.463030
vt 0.363629 0.461830
vt 0.361750 0.458529
vt 0.608318 0.732204
vt 0.608318 0.732204
vt 0.605365 0.729953
vt 0.605231 0.729953
vt 0.352220 0.458379
vt 0.352220 0.458379
vt 0.350744 0.462280
vt 0.350744 0.462280
vt 0.609391 0.736105
vt 0.608720 0.736405
vt 0.608989 0.736705
vt 0.609794 0.736705
vt 0.364434 0.463630
vt 0.364569 0.463630
vt 0.364703 0.463480
vt 0.364703 0.463330
vt 0.359066 0.455828
vt 0.359066 0.455828
vt 0.359066 0.455228
vt 0.359066 0.455228
vt 0.361079 0.463030
vt 0.361079 0.463030
vt 0.362690 0.464681
vt 0.362690 0.464531
vt 0.347254 0.458529
vt 0.345777 0.456578
vt 0.347254 0.458529
vt 0.345777 0.456578
vt 0.613687 0.736855
vt 0.613687 0.736855
vt 0.617176 0.734905
vt 0.617176 0.734755
vt 0.609391 0.736255
vt 0.609794 0.736705
vt 0.608989 0.736705
vt 0.608720 0.736555
vt 0.617176 0.734755
vt 0.617176 0.734905
vt 0.620129 0.731604
vt 0.620129 0.731604
vt 0.608049 0.736105
vt 0.607915 0.736105
vt 0.607244 0.735955
vt 0.607378 0.735955
vt 0.359200 0.453878
vt 0.359200 0.454028
vt 0.358663 0.455078
vt 0.358663 0.455078
vt 0.345509 0.455828
vt 0.346046 0.454328
vt 0.345509 0.455828
vt 0.346046 0.454328
vt 0.358260 0.455528
vt 0.358260 0.455528
vt 0.356381 0.457029
vt 0.356381 0.457029
vt 0.608049 0.736255
vt 0.607915 0.736105
vt 0.609257 0.736105
vt 0.609257 0.736105
vt 0.360945 0.452827
vt 0.360274 0.453428
vt 0.360408 0.453578
vt 0.361079 0.453428
vt 0.604828 0.735205
vt 0.605365 0.736855
vt 0.602949 0.737305
vt 0.602680 0.735205
vt 0.605365 0.736855
vt 0.604828 0.735205
vt 0.607244 0.735955
vt 0.607378 0.736405
vt 0.616774 0.746608
vt 0.614626 0.747208
vt 0.617176 0.746458
vt 0.616774 0.746308
vt 0.365106 0.458379
vt 0.362555 0.457029
vt 0.364166 0.455528
vt 0.366448 0.456429
vt 0.608586 0.735205
vt 0.609257 0.736105
vt 0.609257 0.736105
vt 0.608720 0.735055
vt 0.601741 0.737155
vt 0.601606 0.735655
vt 0.602680 0.735205
vt 0.602949 0.737305
vt 0.357992 0.457479
vt 0.359737 0.458079
vt 0.359066 0.455828
vt 0.358663 0.455678
vt 0.617311 0.746158
vt 0.617176 0.746458
vt 0.618250 0.744657
vt 0.616774 0.746308
vt 0.357992 0.452827
vt 0.357992 0.452978
vt 0.359200 0.454178
vt 0.359200 0.454178
vt 0.604828 0.735055
vt 0.602814 0.735205
vt 0.602949 0.737155
vt 0.605499 0.736855
vt 0.616774 0.746458
vt 0.616774 0.746608
vt 0.617176 0.746458
vt 0.617042 0.746308
vt 0.359737 0.455228
vt 0.359602 0.455378
vt 0.358797 0.453578
vt 0.358797 0.453578
vt 0.363763 0.450577
vt 0.360945 0.449977
vt 0.362690 0.445776
vt 0.365508 0.447126
vt 0.363495 0.452527
vt 0.361079 0.453428
vt 0.361347 0.453878
vt 0.364300 0.454328
vt 0.616639 0.746308
vt 0.614626 0.747208
vt 0.617042 0.746308
vt 0.616774 0.746458
vt 0.603351 0.732804
vt 0.601606 0.735355
vt 0.604962 0.737005
vt 0.607110 0.734905
vt 0.352623 0.463930
vt 0.355039 0.460180
vt 0.357858 0.461680
vt 0.355039 0.464681
vt 0.366582 0.458379
vt 0.365106 0.458379
vt 0.363361 0.459579
vt 0.365106 0.459429
vt 0.358260 0.453428
vt 0.358260 0.453428
vt 0.354770 0.455078
vt 0.354770 0.455078
vt 0.616639 0.746308
vt 0.617042 0.746308
vt 0.618250 0.744507
vt 0.617311 0.746158
vt 0.607512 0.736855
vt 0.607378 0.736405
vt 0.608049 0.736255
vt 0.608049 0.736555
vt 0.361347 0.458379
vt 0.363361 0.459579
vt 0.365106 0.458379
vt 0.362555 0.457029
vt 0.608452 0.735205
vt 0.609123 0.736255
vt 0.609257 0.736105
vt 0.608586 0.735205
vt 0.362555 0.457029
vt 0.361347 0.458529
vt 0.360408 0.455978
vt 0.360676 0.455528
vt 0.363361 0.459579
vt 0.363361 0.459729
vt 0.365106 0.459429
vt 0.365106 0.459429
vt 0.620129 0.727853
vt 0.620129 0.728003
vt 0.619727 0.727853
vt 0.619727 0.727703
vt 0.360945 0.455078
vt 0.361079 0.455228
vt 0.360274 0.454928
vt 0.360274 0.454778
vt 0.345509 0.455828
vt 0.345509 0.455828
vt 0.345509 0.456278
vt 0.345509 0.456278
vt 0.364300 0.454328
vt 0.364434 0.454328
vt 0.366985 0.453278
vt 0.366850 0.453278
vt 0.359334 0.454028
vt 0.359334 0.454178
vt 0.360139 0.452827
vt 0.360139 0.452677
vt 0.363629 0.452527
vt 0.364434 0.454328
vt 0.361347 0.453878
vt 0.361213 0.453428
vt 0.358529 0.452527
vt 0.358529 0.452677
vt 0.358260 0.451927
vt 0.358260 0.451777
vt 0.353965 0.455378
vt 0.356784 0.454628
vt 0.356918 0.455228
vt 0.354234 0.457929
vt 0.616774 0.746458
vt 0.614626 0.747208
vt 0.616774 0.746608
vt 0.614626 0.747208
vt 0.361347 0.453878
vt 0.361347 0.453878
vt 0.364434 0.454328
vt 0.364300 0.454328
vt 0.360408 0.455828
vt 0.360408 0.455978
vt 0.361347 0.458529
vt 0.361347 0.458379
vt 0.358260 0.452827
vt 0.358529 0.452677
vt 0.359334 0.454028
vt 0.359200 0.454178
vt 0.615297 0.732354
vt 0.611405 0.735055
vt 0.610063 0.732504
vt 0.613150 0.729803
vt 0.367656 0.449226
vt 0.367656 0.449226
vt 0.367656 0.448926
vt 0.367522 0.448926
vt 0.364166 0.463781
vt 0.362690 0.464681
vt 0.364569 0.463630
vt 0.364703 0.463781
vt 0.366582 0.451177
vt 0.363629 0.452527
vt 0.362958 0.450427
vt 0.365508 0.448926
vt 0.364703 0.463781
vt 0.366314 0.462280
vt 0.365777 0.459879
vt 0.363629 0.461830
vt 0.368193 0.449677
vt 0.368327 0.451627
vt 0.366985 0.453278
vt 0.366582 0.451177
vt 0.361750 0.458529
vt 0.364032 0.457329
vt 0.360810 0.455678
vt 0.360274 0.455978
vt 0.364703 0.463480
vt 0.364569 0.463630
vt 0.366314 0.462280
vt 0.364703 0.463781
vt 0.356918 0.455228
vt 0.357589 0.454628
vt 0.357589 0.454478
vt 0.356784 0.454628
vt 0.358126 0.448326
vt 0.356113 0.450277
vt 0.353562 0.446526
vt 0.356247 0.444875
vt 0.360274 0.454778
vt 0.360274 0.454928
vt 0.358931 0.454028
vt 0.358931 0.453878
vt 0.359468 0.451777
vt 0.359602 0.452527
vt 0.359871 0.452677
vt 0.360139 0.452077
vt 0.355039 0.460180
vt 0.357589 0.456128
vt 0.359737 0.457929
vt 0.357858 0.461680
vt 0.356247 0.450277
vt 0.357858 0.452227
vt 0.358260 0.451777
vt 0.358126 0.448326
vt 0.364703 0.463781
vt 0.362690 0.464531
vt 0.364434 0.463630
vt 0.364166 0.463781
vt 0.355039 0.460180
vt 0.357858 0.461680
vt 0.359737 0.457929
vt 0.357455 0.456128
vt 0.616639 0.746308
vt 0.618250 0.744507
vt 0.616908 0.741956
vt 0.614760 0.743907
vt 0.351549 0.442625
vt 0.353562 0.446376
vt 0.356247 0.444875
vt 0.353697 0.441724
vt 0.605499 0.736855
vt 0.605767 0.738506
vt 0.607512 0.736855
vt 0.607512 0.736405
vt 0.364703 0.463781
vt 0.364434 0.463630
vt 0.366314 0.462280
vt 0.364703 0.463330
vt 0.359468 0.454178
vt 0.359468 0.453278
vt 0.359334 0.453128
vt 0.358931 0.453728
vt 0.354770 0.455078
vt 0.352220 0.458379
vt 0.355039 0.460180
vt 0.357455 0.456128
vt 0.350609 0.458829
vt 0.350609 0.458979
vt 0.354234 0.457929
vt 0.354234 0.457929
vt 0.617042 0.746308
vt 0.617176 0.746458
vt 0.617311 0.746158
vt 0.617311 0.746158
vt 0.608586 0.735055
vt 0.608720 0.735055
vt 0.609257 0.736105
vt 0.609257 0.736105
vt 0.355039 0.464681
vt 0.355039 0.464681
vt 0.357858 0.461680
vt 0.357858 0.461680
vt 0.608720 0.735055
vt 0.608720 0.735055
vt 0.608586 0.734304
vt 0.608586 0.734304
vt 0.359737 0.458079
vt 0.359737 0.458229
vt 0.359066 0.455828
vt 0.359066 0.455828
vt 0.366314 0.462280
vt 0.364703 0.463330
vt 0.366314 0.462280
vt 0.364703 0.463480
vt 0.352891 0.452827
vt 0.352891 0.452978
vt 0.349133 0.453278
vt 0.349133 0.453278
vt 0.356784 0.454628
vt 0.357589 0.454478
vt 0.357455 0.454178
vt 0.356515 0.454028
vt 0.609257 0.735505
vt 0.609391 0.735505
vt 0.609123 0.735055
vt 0.609123 0.735055
vt 0.602814 0.735205
vt 0.602680 0.735205
vt 0.601606 0.735655
vt 0.601606 0.735655
vt 0.607244 0.735055
vt 0.608855 0.735655
vt 0.608318 0.736105
vt 0.605096 0.737005
vt 0.364166 0.463781
vt 0.362690 0.464531
vt 0.364166 0.463781
vt 0.362690 0.464681
vt 0.612210 0.740456
vt 0.610599 0.738055
vt 0.611136 0.737755
vt 0.614626 0.739256
vt 0.356784 0.454628
vt 0.356515 0.454028
vt 0.357455 0.454178
vt 0.357589 0.454478
vt 0.360945 0.455078
vt 0.360274 0.454778
vt 0.360139 0.454928
vt 0.360676 0.455528
vt 0.357992 0.452827
vt 0.359200 0.454178
vt 0.359334 0.454178
vt 0.358260 0.452827
vt 0.617042 0.727703
vt 0.617042 0.727703
vt 0.613150 0.729803
vt 0.613150 0.729803
vt 0.365374 0.440374
vt 0.366448 0.443075
vt 0.364971 0.440074
vt 0.364434 0.441724
vt 0.614760 0.743907
vt 0.612210 0.740456
vt 0.614626 0.739256
vt 0.616908 0.741956
vt 0.352623 0.463930
vt 0.355039 0.464681
vt 0.357858 0.461680
vt 0.355039 0.460180
vt 0.366582 0.458379
vt 0.365106 0.459429
vt 0.363361 0.459729
vt 0.365106 0.458379
vt 0.364032 0.457329
vt 0.364032 0.457329
vt 0.360810 0.455678
vt 0.360810 0.455678
vt 0.364569 0.440224
vt 0.364971 0.440074
vt 0.362018 0.441274
vt 0.364434 0.441724
vt 0.358260 0.452827
vt 0.359334 0.454178
vt 0.359334 0.454028
vt 0.358529 0.452527
vt 0.361347 0.458529
vt 0.362555 0.457029
vt 0.365106 0.458379
vt 0.363361 0.459729
vt 0.351549 0.441274
vt 0.351549 0.441274
vt 0.351146 0.441274
vt 0.351146 0.441274
vt 0.608049 0.736255
vt 0.609391 0.736105
vt 0.609257 0.735955
vt 0.608049 0.736105
vt 0.363763 0.450427
vt 0.363763 0.450577
vt 0.365508 0.447126
vt 0.365508 0.446976
vt 0.364166 0.455378
vt 0.364166 0.455528
vt 0.361079 0.455228
vt 0.360945 0.455078
vt 0.364434 0.441724
vt 0.366448 0.443075
vt 0.364971 0.440074
vt 0.365374 0.440374
vt 0.605767 0.731004
vt 0.604425 0.732354
vt 0.605767 0.733854
vt 0.607110 0.732954
vt 0.351549 0.442775
vt 0.353562 0.446526
vt 0.351281 0.448326
vt 0.349938 0.444425
vt 0.618921 0.729353
vt 0.620129 0.731604
vt 0.617176 0.734905
vt 0.615297 0.732354
vt 0.607110 0.732954
vt 0.605767 0.733854
vt 0.607915 0.734905
vt 0.608318 0.734604
vt 0.364434 0.441724
vt 0.364971 0.440074
vt 0.362018 0.441274
vt 0.364569 0.440074
vt 0.357455 0.460480
vt 0.357455 0.459579
vt 0.359468 0.460029
vt 0.358931 0.460780
vt 0.352891 0.452827
vt 0.349133 0.453278
vt 0.349670 0.456278
vt 0.353965 0.455378
vt 0.357992 0.452978
vt 0.358260 0.452827
vt 0.359200 0.454178
vt 0.359200 0.454178
vt 0.367522 0.456879
vt 0.367522 0.457029
vt 0.366448 0.456429
vt 0.366314 0.456429
vt 0.359602 0.452527
vt 0.359602 0.452527
vt 0.359066 0.454028
vt 0.359066 0.454028
vt 0.362555 0.457029
vt 0.360676 0.455528
vt 0.360408 0.455828
vt 0.361347 0.458379
vt 0.611136 0.737755
vt 0.611136 0.737755
vt 0.610331 0.737305
vt 0.610331 0.737155
vt 0.607110 0.732954
vt 0.608183 0.734604
vt 0.607915 0.734755
vt 0.605633 0.733854
vt 0.362018 0.441274
vt 0.364569 0.440074
vt 0.362018 0.441274
vt 0.364569 0.440224
vt 0.360408 0.453428
vt 0.360408 0.453578
vt 0.358797 0.454028
vt 0.358797 0.454028
vt 0.358931 0.453728
vt 0.359334 0.453128
vt 0.359066 0.452978
vt 0.358260 0.453428
vt 0.362958 0.450427
vt 0.362958 0.450427
vt 0.360945 0.452827
vt 0.360945 0.452827
vt 0.360810 0.455678
vt 0.360810 0.455678
vt 0.360005 0.455078
vt 0.360005 0.455078
vt 0.605767 0.733854
vt 0.605633 0.733854
vt 0.607915 0.734755
vt 0.607915 0.734905
vt 0.365374 0.440374
vt 0.366448 0.443075
vt 0.365374 0.440374
vt 0.366448 0.443075
vt 0.359737 0.456278
vt 0.359737 0.456429
vt 0.359737 0.460180
vt 0.359737 0.460180
vt 0.360408 0.453578
vt 0.358797 0.454028
vt 0.358931 0.454178
vt 0.360408 0.453728
vt 0.360408 0.453578
vt 0.360542 0.453728
vt 0.358931 0.454178
vt 0.358797 0.454028
vt 0.360274 0.454928
vt 0.360139 0.455078
vt 0.358931 0.454028
vt 0.358931 0.454028
vt 0.608452 0.735205
vt 0.608452 0.735205
vt 0.609123 0.736105
vt 0.609123 0.736255
vt 0.605231 0.729953
vt 0.606170 0.729203
vt 0.604962 0.730103
vt 0.604828 0.729803
vt 0.363629 0.461830
vt 0.365777 0.459879
vt 0.364032 0.457329
vt 0.361750 0.458529
vt 0.618921 0.729353
vt 0.617042 0.727703
vt 0.613150 0.729803
vt 0.615431 0.732354
vt 0.599190 0.729803
vt 0.603351 0.732804
vt 0.605231 0.729953
vt 0.601070 0.727853
vt 0.611405 0.735055
vt 0.609391 0.736255
vt 0.608989 0.735655
vt 0.610063 0.732504
vt 0.604828 0.730253
vt 0.604962 0.730103
vt 0.603888 0.730853
vt 0.604828 0.729803
vt 0.357589 0.454478
vt 0.359334 0.454028
vt 0.359334 0.453878
vt 0.357455 0.454178
vt 0.363763 0.450427
vt 0.365508 0.446976
vt 0.362690 0.445776
vt 0.360945 0.449977
vt 0.610599 0.738055
vt 0.610197 0.738506
vt 0.609928 0.737605
vt 0.610197 0.737305
vt 0.616774 0.746308
vt 0.614760 0.743907
vt 0.616908 0.741956
vt 0.618250 0.744657
vt 0.359066 0.455228
vt 0.359334 0.454028
vt 0.359334 0.454028
vt 0.358931 0.455078
vt 0.611539 0.735055
vt 0.609391 0.736105
vt 0.609794 0.736705
vt 0.613687 0.736855
vt 0.604962 0.729803
vt 0.606170 0.729353
vt 0.604962 0.730103
vt 0.605231 0.729953
vt 0.366448 0.451177
vt 0.365374 0.448926
vt 0.362958 0.450427
vt 0.363495 0.452527
vt 0.364434 0.441724
vt 0.362018 0.441274
vt 0.359871 0.444725
vt 0.362690 0.445776
vt 0.368058 0.449677
vt 0.366448 0.451177
vt 0.366850 0.453278
vt 0.368327 0.451627
vt 0.362555 0.457029
vt 0.360676 0.455528
vt 0.361079 0.455228
vt 0.364166 0.455528
vt 0.604962 0.729803
vt 0.604962 0.730103
vt 0.603888 0.731004
vt 0.604828 0.730253
vt 0.359871 0.452677
vt 0.359200 0.454028
vt 0.359334 0.454028
vt 0.360139 0.452677
vt 0.364300 0.454328
vt 0.366850 0.453278
vt 0.366448 0.451177
vt 0.363495 0.452527
vt 0.608452 0.731904
vt 0.608452 0.731904
vt 0.607378 0.730103
vt 0.607378 0.730103
vt 0.356247 0.444875
vt 0.356247 0.444875
vt 0.353697 0.441724
vt 0.353697 0.441724
vt 0.360139 0.452077
vt 0.360676 0.452377
vt 0.360139 0.452827
vt 0.359871 0.452677
vt 0.356515 0.454028
vt 0.356515 0.454028
vt 0.352891 0.452978
vt 0.352891 0.452827
vt 0.357321 0.452527
vt 0.357321 0.452527
vt 0.357992 0.452978
vt 0.357992 0.452827
vt 0.614492 0.739106
vt 0.614626 0.739256
vt 0.611136 0.737755
vt 0.611136 0.737755
vt 0.603888 0.731004
vt 0.604828 0.730253
vt 0.603888 0.730853
vt 0.604828 0.730253
vt 0.359737 0.460180
vt 0.359737 0.460180
vt 0.361079 0.463030
vt 0.361079 0.463030
vt 0.618250 0.744507
vt 0.618250 0.744657
vt 0.616908 0.741956
vt 0.616908 0.741956
vt 0.353965 0.455378
vt 0.352891 0.452978
vt 0.356515 0.454028
vt 0.356784 0.454628
vt 0.359066 0.452978
vt 0.359066 0.452978
vt 0.358260 0.453428
vt 0.358260 0.453428
vt 0.360274 0.455978
vt 0.359737 0.455228
vt 0.359468 0.455378
vt 0.359737 0.456278
vt 0.605231 0.729953
vt 0.606170 0.729353
vt 0.605231 0.729953
vt 0.606170 0.729203
vt 0.608855 0.735655
vt 0.609123 0.735055
vt 0.609391 0.735505
vt 0.609257 0.735805
vt 0.358931 0.453728
vt 0.358260 0.453428
vt 0.359066 0.452978
vt 0.359334 0.453128
vt 0.358931 0.455078
vt 0.358663 0.455078
vt 0.359200 0.454028
vt 0.359334 0.454028
vt 0.610331 0.737305
vt 0.610197 0.737305
vt 0.609123 0.735805
vt 0.609257 0.735655
vt 0.605231 0.729953
vt 0.605365 0.729953
vt 0.601070 0.727853
vt 0.601070 0.727853
vt 0.602009 0.736705
vt 0.601606 0.735655
vt 0.602009 0.737005
vt 0.601741 0.737155
vt 0.363763 0.461830
vt 0.361750 0.458529
vt 0.364032 0.457329
vt 0.365911 0.460029
vt 0.356381 0.457029
vt 0.356381 0.457029
vt 0.355844 0.458679
vt 0.355844 0.458679
vt 0.604828 0.729803
vt 0.606170 0.729203
vt 0.607378 0.730103
vt 0.605767 0.731004
vt 0.366314 0.457479
vt 0.366314 0.457629
vt 0.366582 0.457329
vt 0.366582 0.457329
vt 0.602143 0.737155
vt 0.602009 0.737005
vt 0.602412 0.738656
vt 0.601741 0.737155
vt 0.360274 0.453428
vt 0.360408 0.453428
vt 0.358797 0.454028
vt 0.358797 0.454028
vt 0.364434 0.454328
vt 0.363629 0.452527
vt 0.366582 0.451177
vt 0.366985 0.453278
vt 0.610197 0.737305
vt 0.609928 0.737605
vt 0.609123 0.735955
vt 0.609123 0.735805
vt 0.360139 0.455078
vt 0.360005 0.455228
vt 0.358797 0.454178
vt 0.358931 0.454028
vt 0.601606 0.735355
vt 0.601606 0.735505
vt 0.605096 0.737005
vt 0.604962 0.737005
vt 0.351952 0.464981
vt 0.351952 0.464981
vt 0.352354 0.465131
vt 0.352354 0.465131
vt 0.601741 0.737155
vt 0.601606 0.735655
vt 0.602143 0.736855
vt 0.602009 0.736705
vt 0.605767 0.731004
vt 0.607110 0.732954
vt 0.605633 0.733854
vt 0.604291 0.732204
vt 0.366582 0.458379
vt 0.365106 0.458379
vt 0.366448 0.456429
vt 0.367522 0.457029
vt 0.357455 0.460480
vt 0.356113 0.459729
vt 0.355844 0.458679
vt 0.357455 0.459579
vt 0.353965 0.455378
vt 0.354234 0.457929
vt 0.356918 0.455228
vt 0.356784 0.454628
vt 0.601741 0.737155
vt 0.602143 0.736855
vt 0.602412 0.738656
vt 0.602143 0.737155
vt 0.359066 0.455828
vt 0.358663 0.455678
vt 0.358931 0.455078
vt 0.359066 0.455228
vt 0.610331 0.742257
vt 0.612344 0.745407
vt 0.614760 0.743907
vt 0.612210 0.740456
vt 0.365777 0.459879
vt 0.365911 0.460029
vt 0.364032 0.457329
vt 0.364032 0.457329
vt 0.359468 0.455378
vt 0.359602 0.455378
vt 0.359737 0.456429
vt 0.359737 0.456278
vt 0.608318 0.734604
vt 0.608586 0.735205
vt 0.608720 0.735055
vt 0.608586 0.734304
vt 0.597043 0.728153
vt 0.597177 0.728153
vt 0.597177 0.728603
vt 0.597043 0.728603
vt 0.360005 0.455078
vt 0.360005 0.455228
vt 0.360408 0.455978
vt 0.360408 0.455828
vt 0.605499 0.736855
vt 0.607512 0.736405
vt 0.607378 0.735955
vt 0.604828 0.735055
vt 0.602412 0.738656
vt 0.602143 0.737155
vt 0.602412 0.738656
vt 0.602143 0.737155
vt 0.357858 0.461680
vt 0.357858 0.461680
vt 0.359737 0.457929
vt 0.359737 0.457929
vt 0.359066 0.455228
vt 0.359066 0.455228
vt 0.359334 0.454028
vt 0.359334 0.454028
vt 0.360408 0.453728
vt 0.360542 0.453728
vt 0.361347 0.453878
vt 0.361347 0.453878
vt 0.617311 0.746158
vt 0.617311 0.746158
vt 0.618250 0.744657
vt 0.618250 0.744507
vt 0.357858 0.452227
vt 0.358260 0.451927
vt 0.358529 0.452677
vt 0.358260 0.452827
vt 0.602009 0.736705
vt 0.601606 0.735655
vt 0.602009 0.736705
vt 0.601606 0.735655
vt 0.610599 0.738055
vt 0.610197 0.737305
vt 0.609928 0.737605
vt 0.610197 0.738506
vt 0.361213 0.453428
vt 0.361347 0.453878
vt 0.360542 0.453728
vt 0.360408 0.453578
vt 0.359468 0.454178
vt 0.358931 0.453728
vt 0.359334 0.453128
vt 0.359468 0.453278
vt 0.351281 0.448176
vt 0.351281 0.448326
vt 0.353831 0.451327
vt 0.353831 0.451327
vt 0.349133 0.453278
vt 0.349133 0.453278
vt 0.346046 0.454328
vt 0.346046 0.454328
vt 0.357589 0.459879
vt 0.356113 0.459729
vt 0.357858 0.460029
vt 0.357455 0.460480
vt 0.608452 0.735205
vt 0.608586 0.735055
vt 0.609257 0.736105
vt 0.609123 0.736105
vt 0.607512 0.736855
vt 0.608049 0.736555
vt 0.608049 0.736255
vt 0.607512 0.736405
vt 0.366582 0.458379
vt 0.367522 0.456879
vt 0.366314 0.456429
vt 0.365106 0.458379
vt 0.607110 0.734905
vt 0.604962 0.737005
vt 0.608318 0.736105
vt 0.608720 0.735655
vt 0.357992 0.460029
vt 0.357858 0.460029
vt 0.358931 0.460780
vt 0.357455 0.460480
vt 0.608989 0.735655
vt 0.608586 0.736255
vt 0.608720 0.736405
vt 0.609391 0.736105
vt 0.358126 0.448326
vt 0.356247 0.444875
vt 0.353562 0.446376
vt 0.356247 0.450277
vt 0.360676 0.455528
vt 0.360408 0.455978
vt 0.360005 0.455228
vt 0.360139 0.455078
vt 0.611136 0.737755
vt 0.610599 0.738055
vt 0.610197 0.737305
vt 0.610331 0.737305
vt 0.357589 0.454778
vt 0.357589 0.454478
vt 0.359334 0.454028
vt 0.359334 0.454178
vt 0.353965 0.455378
vt 0.356784 0.454628
vt 0.356515 0.454028
vt 0.352891 0.452827
vt 0.357455 0.460480
vt 0.356247 0.459729
vt 0.357858 0.460029
vt 0.357589 0.459879
vt 0.362690 0.445776
vt 0.359871 0.444725
vt 0.358663 0.448476
vt 0.360945 0.449977
vt 0.599190 0.729803
vt 0.598117 0.732204
vt 0.601606 0.735355
vt 0.603351 0.732804
vt 0.346180 0.456578
vt 0.349670 0.456278
vt 0.349133 0.453278
vt 0.346046 0.454328
vt 0.362555 0.457029
vt 0.364166 0.455378
vt 0.360945 0.455078
vt 0.360676 0.455528
vt 0.357455 0.460480
vt 0.357858 0.460029
vt 0.358931 0.460780
vt 0.358126 0.460029
vt 0.608318 0.736105
vt 0.608989 0.735955
vt 0.609123 0.735805
vt 0.608720 0.735655
vt 0.354770 0.455078
vt 0.357589 0.456128
vt 0.355039 0.460180
vt 0.352220 0.458379
vt 0.353562 0.446526
vt 0.356113 0.450277
vt 0.353831 0.451327
vt 0.351281 0.448326
vt 0.603888 0.731004
vt 0.603888 0.730853
vt 0.604291 0.732204
vt 0.604425 0.732354
vt 0.359334 0.453878
vt 0.359334 0.453878
vt 0.357455 0.454178
vt 0.357455 0.454178
vt 0.607378 0.735955
vt 0.607244 0.735955
vt 0.604828 0.735205
vt 0.604828 0.735055
vt 0.359468 0.454178
vt 0.359468 0.454178
vt 0.359468 0.453278
vt 0.359468 0.453278
vt 0.608720 0.735655
vt 0.609123 0.735805
vt 0.609257 0.735505
vt 0.609123 0.735055
vt 0.358931 0.460780
vt 0.358126 0.460029
vt 0.358931 0.460780
vt 0.357992 0.460029
vt 0.364703 0.463781
vt 0.363763 0.461830
vt 0.365911 0.460029
vt 0.366314 0.462280
vt 0.610063 0.732354
vt 0.610063 0.732504
vt 0.608989 0.735655
vt 0.608989 0.735655
vt 0.349938 0.444425
vt 0.349938 0.444425
vt 0.351281 0.448326
vt 0.351281 0.448176
vt 0.608318 0.736105
vt 0.608318 0.736105
vt 0.608989 0.735955
vt 0.608989 0.735955
vt 0.608049 0.736555
vt 0.608049 0.736555
vt 0.609257 0.736255
vt 0.609391 0.736255
vt 0.357589 0.459879
vt 0.356247 0.459729
vt 0.357589 0.459879
vt 0.356113 0.459729
vt 0.610197 0.738506
vt 0.610197 0.738506
vt 0.610331 0.742257
vt 0.610331 0.742257
vt 0.358797 0.454178
vt 0.358797 0.454178
vt 0.360005 0.455228
vt 0.360005 0.455078
vt 0.356918 0.455228
vt 0.356784 0.454628
vt 0.357589 0.454478
vt 0.357589 0.454778
vt 0.361347 0.458379
vt 0.361347 0.458529
vt 0.363361 0.459729
vt 0.363361 0.459579
vt 0.357992 0.457479
vt 0.358663 0.455678
vt 0.358260 0.455528
vt 0.356381 0.457029
vt 0.367790 0.449527
vt 0.368327 0.451627
vt 0.367656 0.449226
vt 0.368193 0.449677
vt 0.357455 0.459579
vt 0.357992 0.457629
vt 0.359737 0.458229
vt 0.359468 0.460029
vt 0.618921 0.729353
vt 0.615297 0.732354
vt 0.613150 0.729803
vt 0.617042 0.727703
vt 0.364434 0.441724
vt 0.366448 0.443075
vt 0.365508 0.447126
vt 0.362690 0.445776
vt 0.364166 0.463781
vt 0.364166 0.463781
vt 0.364569 0.463630
vt 0.364434 0.463630
vt 0.367656 0.448926
vt 0.367656 0.449226
vt 0.367253 0.448176
vt 0.368193 0.449677
vt 0.360810 0.455678
vt 0.360274 0.455978
vt 0.359737 0.455228
vt 0.360005 0.455078
vt 0.360274 0.454778
vt 0.358931 0.453878
vt 0.358931 0.454028
vt 0.360139 0.454928
vt 0.610331 0.737155
vt 0.610331 0.737305
vt 0.609257 0.735655
vt 0.609257 0.735655
vt 0.360810 0.455678
vt 0.360005 0.455078
vt 0.359737 0.455228
vt 0.360274 0.455978
vt 0.610331 0.737155
vt 0.609257 0.735655
vt 0.609123 0.735805
vt 0.610197 0.737305
vt 0.357589 0.456128
vt 0.354770 0.455078
vt 0.358260 0.453428
vt 0.358931 0.453728
vt 0.368058 0.449677
vt 0.368327 0.451627
vt 0.367656 0.449226
vt 0.367656 0.449527
vt 0.602949 0.737155
vt 0.603754 0.738956
vt 0.605767 0.738506
vt 0.605499 0.736855
vt 0.351549 0.442625
vt 0.349938 0.444425
vt 0.351281 0.448176
vt 0.353562 0.446376
vt 0.364434 0.441724
vt 0.362690 0.445776
vt 0.365508 0.446976
vt 0.366448 0.443075
vt 0.360945 0.449977
vt 0.360139 0.452077
vt 0.359468 0.451927
vt 0.358663 0.448476
vt 0.368058 0.449677
vt 0.367656 0.449226
vt 0.367119 0.448176
vt 0.367522 0.448926
vt 0.360274 0.455978
vt 0.359737 0.456429
vt 0.359602 0.455378
vt 0.359737 0.455228
vt 0.608452 0.731904
vt 0.607110 0.732954
vt 0.605767 0.731004
vt 0.607378 0.730103
vt 0.610331 0.742257
vt 0.610331 0.742257
vt 0.612344 0.745407
vt 0.612344 0.745407
vt 0.620263 0.728453
vt 0.620263 0.728453
vt 0.620129 0.728003
vt 0.620129 0.727853
vt 0.367119 0.448176
vt 0.367253 0.448176
vt 0.365508 0.448926
vt 0.365374 0.448926
vt 0.357455 0.456128
vt 0.358931 0.453728
vt 0.358260 0.453428
vt 0.354770 0.455078
vt 0.607915 0.734905
vt 0.607915 0.734755
vt 0.608452 0.735205
vt 0.608452 0.735205
vt 0.609257 0.735955
vt 0.609257 0.736105
vt 0.607915 0.736105
vt 0.608049 0.736105
vt 0.367119 0.448176
vt 0.367522 0.448926
vt 0.367253 0.448176
vt 0.367656 0.448926
vt 0.608049 0.736555
vt 0.609391 0.736255
vt 0.609391 0.736105
vt 0.608049 0.736255
vt 0.359334 0.454028
vt 0.359334 0.454028
vt 0.358529 0.452677
vt 0.358529 0.452527
vt 0.358931 0.460780
vt 0.358931 0.460780
vt 0.359468 0.460029
vt 0.359468 0.459879
vt 0.358663 0.455078
vt 0.358663 0.455078
vt 0.358260 0.455528
vt 0.358260 0.455528
vt 0.351146 0.441274
vt 0.351146 0.441274
vt 0.350878 0.441724
vt 0.350878 0.441724
vt 0.367656 0.449527
vt 0.368327 0.451627
vt 0.367790 0.449527
vt 0.368327 0.451627
vt 0.354234 0.457929
vt 0.354234 0.457929
vt 0.356918 0.455228
vt 0.356918 0.455228
vt 0.358663 0.455678
vt 0.358260 0.455528
vt 0.358663 0.455078
vt 0.358931 0.455078
vt 0.359066 0.455828
vt 0.359066 0.455228
vt 0.358931 0.455078
vt 0.358663 0.455678
vt 0.359602 0.452527
vt 0.359871 0.452677
vt 0.359200 0.454178
vt 0.359066 0.454028
vt 0.361750 0.458529
vt 0.360274 0.455978
vt 0.359737 0.456278
vt 0.359737 0.460180
vt 0.366314 0.457629
vt 0.365106 0.459429
vt 0.366582 0.457329
vt 0.366582 0.458379
vt 0.602949 0.737305
vt 0.605365 0.736855
vt 0.605767 0.738506
vt 0.603754 0.738956
vt 0.599190 0.729953
vt 0.603486 0.732804
vt 0.601606 0.735505
vt 0.598117 0.732354
vt 0.601741 0.737155
vt 0.602949 0.737155
vt 0.602814 0.735205
vt 0.601606 0.735655
vt 0.363495 0.452527
vt 0.362958 0.450427
vt 0.360945 0.452827
vt 0.361079 0.453428
vt 0.366716 0.457179
vt 0.366582 0.457329
vt 0.367522 0.457029
vt 0.366582 0.458379
vt 0.611136 0.737755
vt 0.610331 0.737155
vt 0.610197 0.737305
vt 0.610599 0.738055
vt 0.608049 0.736555
vt 0.608049 0.736255
vt 0.609257 0.736105
vt 0.609257 0.736255
vt 0.358260 0.451777
vt 0.358260 0.451927
vt 0.358126 0.448326
vt 0.358126 0.448326
vt 0.357321 0.452527
vt 0.357992 0.452827
vt 0.358260 0.452827
vt 0.357858 0.452227
vt 0.604962 0.729803
vt 0.605767 0.731004
vt 0.607378 0.730103
vt 0.606170 0.729353
vt 0.362018 0.441274
vt 0.362018 0.441274
vt 0.359737 0.444725
vt 0.359871 0.444725
vt 0.366582 0.458379
vt 0.365106 0.459429
vt 0.366582 0.457329
vt 0.366314 0.457479
vt 0.615431 0.732354
vt 0.613150 0.729803
vt 0.610063 0.732354
vt 0.611539 0.735055
vt 0.604962 0.729803
vt 0.603888 0.731004
vt 0.604425 0.732354
vt 0.605767 0.731004
vt 0.618921 0.729353
vt 0.615431 0.732354
vt 0.617176 0.734755
vt 0.620129 0.731604
vt 0.612210 0.740456
vt 0.614492 0.739106
vt 0.611136 0.737755
vt 0.610599 0.738055
vt 0.366582 0.458379
vt 0.366582 0.457329
vt 0.367522 0.456879
vt 0.366716 0.457179
vt 0.358931 0.455078
vt 0.359334 0.454028
vt 0.359200 0.453878
vt 0.358663 0.455078
vt 0.360274 0.453428
vt 0.358797 0.454028
vt 0.358797 0.454028
vt 0.360408 0.453578
vt 0.616908 0.741956
vt 0.616908 0.741956
vt 0.614626 0.739256
vt 0.614492 0.739106
vt 0.355844 0.458679
vt 0.355844 0.458679
vt 0.356113 0.459729
vt 0.356247 0.459729
vt 0.608183 0.734604
vt 0.608586 0.734304
vt 0.608720 0.735055
vt 0.608586 0.735055
vt 0.602143 0.736855
vt 0.602009 0.737005
vt 0.602143 0.737155
vt 0.602143 0.737155
vt 0.356918 0.455228
vt 0.356918 0.455228
vt 0.357589 0.454778
vt 0.357589 0.454628
vt 0.360139 0.452077
vt 0.359871 0.452677
vt 0.360139 0.452677
vt 0.360676 0.452227
vt 0.367522 0.456879
vt 0.366716 0.457179
vt 0.367522 0.457029
vt 0.366716 0.457179
vt 0.366314 0.456429
vt 0.366448 0.456429
vt 0.364166 0.455528
vt 0.364166 0.455378
vt 0.351683 0.464681
vt 0.351683 0.464681
vt 0.351952 0.464981
vt 0.351952 0.464981
vt 0.353831 0.451327
vt 0.353831 0.451327
vt 0.357321 0.452527
vt 0.357321 0.452527
vt 0.359468 0.451777
vt 0.359468 0.451927
vt 0.359602 0.452527
vt 0.359602 0.452527
vt 0.607110 0.732954
vt 0.608452 0.731904
vt 0.608586 0.734304
vt 0.608183 0.734604
vt 0.366314 0.457479
vt 0.365106 0.459429
vt 0.366314 0.457629
vt 0.365106 0.459429
vt 0.359737 0.457929
vt 0.359737 0.457929
vt 0.359468 0.454178
vt 0.359468 0.454178
vt 0.361079 0.453428
vt 0.360408 0.453578
vt 0.360408 0.453728
vt 0.361347 0.453878
vt 0.357321 0.452527
vt 0.357858 0.452227
vt 0.358260 0.452827
vt 0.357992 0.452978
vt 0.607110 0.732954
vt 0.608318 0.734604
vt 0.608586 0.734304
vt 0.608452 0.731904
vt 0.620263 0.728453
vt 0.620129 0.731604
vt 0.620129 0.728003
vt 0.618921 0.729353
vt 0.357589 0.454628
vt 0.359334 0.454178
vt 0.359334 0.454028
vt 0.357589 0.454478
vt 0.601741 0.737155
vt 0.602949 0.737305
vt 0.603754 0.738956
vt 0.602412 0.738656
vt 0.352623 0.463930
vt 0.355039 0.460180
vt 0.352220 0.458379
vt 0.350744 0.462280
vt 0.357455 0.456128
vt 0.359737 0.457929
vt 0.359468 0.454178
vt 0.358931 0.453728
vt 0.619727 0.727853
vt 0.620129 0.728003
vt 0.617042 0.727703
vt 0.618921 0.729353
vt 0.356381 0.457029
vt 0.357992 0.457629
vt 0.357455 0.459579
vt 0.355844 0.458679
vt 0.609257 0.736105
vt 0.609257 0.736105
vt 0.608720 0.735055
vt 0.608720 0.735055
vt 0.359737 0.455228
vt 0.358797 0.453578
vt 0.358663 0.453578
vt 0.359468 0.455378
vt 0.612210 0.740456
vt 0.610331 0.742257
vt 0.610197 0.738506
vt 0.610599 0.738055
vt 0.618921 0.729353
vt 0.620129 0.731604
vt 0.620129 0.727853
vt 0.620263 0.728453
vt 0.614760 0.743907
vt 0.616908 0.741956
vt 0.614492 0.739106
vt 0.612210 0.740456
vt 0.346180 0.456578
vt 0.347254 0.458529
vt 0.350609 0.458829
vt 0.349670 0.456278
vt 0.352623 0.463930
vt 0.350744 0.462280
vt 0.352220 0.458379
vt 0.355039 0.460180
vt 0.357589 0.456128
vt 0.358931 0.453728
vt 0.359468 0.454178
vt 0.359737 0.457929
vt 0.618921 0.729353
vt 0.620129 0.727853
vt 0.617042 0.727703
vt 0.619727 0.727703
vt 0.359737 0.460180
vt 0.361750 0.458529
vt 0.363763 0.461830
vt 0.361079 0.463030
vt 0.365374 0.448926
vt 0.365508 0.448926
vt 0.362958 0.450427
vt 0.362958 0.450427
vt 0.607110 0.734905
vt 0.608720 0.735655
vt 0.609123 0.735055
vt 0.608318 0.732204
vt 0.609794 0.736705
vt 0.609794 0.736705
vt 0.613687 0.736855
vt 0.613687 0.736855
vt 0.360945 0.452827
vt 0.360945 0.452827
vt 0.360408 0.453428
vt 0.360274 0.453428
vt 0.598117 0.732204
vt 0.598117 0.732354
vt 0.601606 0.735505
vt 0.601606 0.735355
vt 0.617042 0.727703
vt 0.619727 0.727703
vt 0.617042 0.727703
vt 0.619727 0.727853
vt 0.613150 0.729803
vt 0.613150 0.729803
vt 0.610063 0.732504
vt 0.610063 0.732354
vt 0.612344 0.745407
vt 0.612344 0.745407
vt 0.614626 0.747208
vt 0.614626 0.747208
vt 0.609928 0.737605
vt 0.609928 0.737605
vt 0.610197 0.738506
vt 0.610197 0.738506
vt 0.608989 0.735805
vt 0.609123 0.735955
vt 0.609928 0.737605
vt 0.609928 0.737605
vt 0.620263 0.728453
vt 0.620129 0.731604
vt 0.620263 0.728453
vt 0.620129 0.731604
vt 0.357858 0.452227
vt 0.358260 0.452827
vt 0.358529 0.452527
vt 0.358260 0.451777
vt 0.609123 0.735055
vt 0.609123 0.735055
vt 0.608318 0.732204
vt 0.608318 0.732204
vt 0.608318 0.736105
vt 0.608855 0.735655
vt 0.609257 0.735805
vt 0.608989 0.735955
vt 0.607244 0.735055
vt 0.608318 0.732204
vt 0.609123 0.735055
vt 0.608855 0.735655
vt 0.351683 0.464681
vt 0.350744 0.462280
vt 0.351952 0.464981
vt 0.352623 0.463930
vt 0.365106 0.458379
vt 0.366314 0.456429
vt 0.364166 0.455378
vt 0.362555 0.457029
vt 0.364434 0.441724
vt 0.362690 0.445776
vt 0.359737 0.444725
vt 0.362018 0.441274
vt 0.364703 0.463781
vt 0.363629 0.461830
vt 0.361079 0.463030
vt 0.362690 0.464531
vt 0.597580 0.727853
vt 0.597580 0.727853
vt 0.597177 0.728153
vt 0.597043 0.728153
vt 0.352354 0.465131
vt 0.351952 0.464981
vt 0.355039 0.464681
vt 0.352623 0.463930
vt 0.608318 0.732204
vt 0.607244 0.735055
vt 0.603486 0.732804
vt 0.605365 0.729953
vt 0.360676 0.455528
vt 0.360139 0.454928
vt 0.360005 0.455078
vt 0.360408 0.455828
vt 0.608989 0.735655
vt 0.609391 0.736255
vt 0.608720 0.736555
vt 0.608586 0.736255
vt 0.356113 0.450277
vt 0.358126 0.448326
vt 0.358260 0.451927
vt 0.357858 0.452227
vt 0.352623 0.463930
vt 0.350744 0.462280
vt 0.351952 0.464981
vt 0.351683 0.464681
vt 0.360005 0.455078
vt 0.358931 0.453428
vt 0.358797 0.453578
vt 0.359737 0.455228
vt 0.601741 0.737155
vt 0.602412 0.738656
vt 0.603754 0.738956
vt 0.602949 0.737155
vt 0.357455 0.460480
vt 0.357455 0.459579
vt 0.355844 0.458679
vt 0.356247 0.459729
vt 0.611539 0.735055
vt 0.610063 0.732354
vt 0.608989 0.735655
vt 0.609391 0.736105
vt 0.352623 0.463930
vt 0.351952 0.464981
vt 0.355039 0.464681
vt 0.352354 0.465131
vt 0.613687 0.736855
vt 0.611405 0.735055
vt 0.615297 0.732354
vt 0.617176 0.734905
vt 0.603754 0.738956
vt 0.603754 0.738956
vt 0.605767 0.738506
vt 0.605767 0.738506
vt 0.366582 0.457329
vt 0.366582 0.457329
vt 0.366716 0.457179
vt 0.366716 0.457179
vt 0.357992 0.457629
vt 0.356381 0.457029
vt 0.358260 0.455528
vt 0.358663 0.455678
vt 0.608989 0.736705
vt 0.608989 0.736705
vt 0.609794 0.736705
vt 0.609794 0.736705
vt 0.605365 0.736855
vt 0.607378 0.736405
vt 0.607512 0.736855
vt 0.605767 0.738506
vt 0.355039 0.464681
vt 0.352354 0.465131
vt 0.355039 0.464681
vt 0.352354 0.465131
vt 0.358126 0.448326
vt 0.358126 0.448326
vt 0.356247 0.444875
vt 0.356247 0.444875
vt 0.357858 0.460029
vt 0.357858 0.460029
vt 0.357992 0.460029
vt 0.358126 0.460029
vt 0.608989 0.735655
vt 0.608989 0.735655
vt 0.608586 0.736255
vt 0.608586 0.736255
vt 0.345509 0.456278
vt 0.345509 0.456278
vt 0.345777 0.456578
vt 0.345777 0.456578
vt 0.351683 0.464681
vt 0.350744 0.462280
vt 0.351683 0.464681
vt 0.350744 0.462280
vt 0.360005 0.455078
vt 0.360005 0.455078
vt 0.358931 0.453428
vt 0.358931 0.453428
vt 0.604828 0.735055
vt 0.604828 0.735205
vt 0.602680 0.735205
vt 0.602814 0.735205
vn -0.933273 0.356278 0.045462
vn -0.933273 0.356278 0.045462
vn -0.933273 0.356278 0.045462
vn -0.933273 0.356278 0.045462
vn -0.106343 0.916993 0.384467
vn -0.106343 0.916993 0.384467
vn -0.106343 0.916993 0.384467
vn -0.106343 0.916993 0.384467
vn -0.102182 0.989027 0.106699
vn -0.102182 0.989027 0.106699
vn -0.102182 0.989027 0.106699
vn -0.102182 0.989027 0.106699
vn 0.855841 0.447779 -0.258904
vn 0.855656 0.448944 -0.257492
vn 0.855656 0.448944 -0.257492
vn 0.855656 0.448944 -0.257492
vn 0.855468 0.450108 -0.256079
vn 0.855656 0.448944 -0.257492
vn -0.247526 -0.966572 -0.066853
vn -0.247526 -0.966572 -0.066853
vn -0.247526 -0.966572 -0.066853
vn -0.247526 -0.966572 -0.066853
vn -0.472026 -0.874671 0.110196
vn -0.472026 -0.874671 0.110196
vn -0.472026 -0.874671 0.110196
vn -0.472026 -0.874671 0.110196
vn 0.047559 0.968024 0.246306
vn 0.047559 0.968024 0.246306
vn 0.047559 0.968024 0.246306
vn 0.047559 0.968024 0.246306
vn -0.124059 0.990837 -0.053400
vn -0.124059 0.990837 -0.053400
vn -0.124059 0.990837 -0.053400
vn -0.124059 0.990837 -0.053400
vn 0.894011 0.356807 0.270984
vn 0.887606 0.409031 0.211777
vn 0.887606 0.409031 0.211777
vn 0.887606 0.409031 0.211777
vn 0.875632 0.458689 0.151241
vn 0.887606 0.409031 0.211777
vn 0.057170 -0.985509 0.159698
vn 0.057170 -0.985509 0.159698
vn 0.057170 -0.985509 0.159698
vn 0.057170 -0.985509 0.159698
vn 0.461635 -0.203697 -0.863366
vn 0.461635 -0.203697 -0.863366
vn 0.461635 -0.203697 -0.863366
vn 0.461635 -0.203697 -0.863366
vn -0.028404 0.996359 0.080380
vn -0.028404 0.996359 0.080380
vn -0.028404 0.996359 0.080380
vn -0.028404 0.996359 0.080380
vn 0.921320 -0.366143 -0.130800
vn 0.921320 -0.366143 -0.130800
vn 0.921320 -0.366143 -0.130800
vn 0.921320 -0.366143 -0.130800
vn -0.857247 -0.445774 0.257708
vn -0.858250 -0.438779 0.266233
vn -0.858250 -0.438779 0.266233
vn -0.858250 -0.438779 0.266233
vn -0.859148 -0.431729 0.274725
vn -0.858250 -0.438779 0.266233
vn -0.032258 0.989502 0.140875
vn -0.032258 0.989502 0.140875
vn -0.032258 0.989502 0.140875
vn -0.032258 0.989502 0.140875
vn -0.281004 -0.382532 0.880174
vn -0.281004 -0.382532 0.880174
vn -0.281004 -0.382532 0.880174
vn -0.281004 -0.382532 0.880174
vn 0.702382 0.708349 -0.070004
vn 0.702382 0.708349 -0.070004
vn 0.702382 0.708349 -0.070004
vn 0.702382 0.708349 -0.070004
vn -0.904323 0.263133 -0.336096
vn -0.904323 0.263133 -0.336096
vn -0.904323 0.263133 -0.336096
vn -0.904323 0.263133 -0.336096
vn -0.878339 -0.454747 -0.147397
vn -0.891250 -0.399616 -0.214431
vn -0.891250 -0.399616 -0.214431
vn -0.891250 -0.399616 -0.214431
vn -0.897298 -0.341409 -0.279815
vn -0.891250 -0.399616 -0.214431
vn 0.465140 0.881902 0.076767
vn 0.465140 0.881902 0.076767
vn 0.465140 0.881902 0.076767
vn 0.465140 0.881902 0.076767
vn 0.550981 -0.090429 0.829604
vn 0.550981 -0.090429 0.829604
vn 0.550981 -0.090429 0.829604
vn 0.550981 -0.090429 0.829604
vn -0.892050 0.379087 0.246049
vn -0.892050 0.379087 0.246049
vn -0.892050 0.379087 0.246049
vn -0.892050 0.379087 0.246049
vn -0.040665 -0.352592 -0.934893
vn -0.040665 -0.352592 -0.934893
vn -0.040665 -0.352592 -0.934893
vn -0.040665 -0.352592 -0.934893
vn -0.712438 0.586816 0.384811
vn -0.712438 0.586816 0.384811
vn -0.712438 0.586816 0.384811
vn -0.712438 0.586816 0.384811
vn -0.484594 -0.486887 -0.726712
vn -0.484594 -0.486887 -0.726712
vn -0.484594 -0.486887 -0.726712
vn -0.484594 -0.486887 -0.726712
vn 0.863616 0.141339 0.483933
vn 0.834177 0.071017 0.546906
vn 0.834177 0.071017 0.546906
vn 0.834177 0.071017 0.546906
vn 0.796582 -0.000000 0.604531
vn 0.834177 0.071017 0.546906
vn 0.737564 -0.275062 0.616717
vn 0.737564 -0.275062 0.616717
vn 0.737564 -0.275062 0.616717
vn 0.737564 -0.275062 0.616717
vn 0.482425 0.868545 -0.113557
vn 0.482425 0.868545 -0.113557
vn 0.482425 0.868545 -0.113557
vn 0.482425 0.868545 -0.113557
vn -0.524884 0.259858 0.810538
vn -0.524884 0.259858 0.810538
vn -0.524884 0.259858 0.810538
vn -0.524884 0.259858 0.810538
vn 0.272251 0.960963 -0.049290
vn 0.272251 0.960963 -0.049290
vn 0.272251 0.960963 -0.049290
vn 0.272251 0.960963 -0.049290
vn 0.683210 -0.063511 -0.727455
vn 0.677133 -0.072512 -0.732280
vn 0.677133 -0.072512 -0.732280
vn 0.677133 -0.072512 -0.732280
vn 0.670960 -0.081503 -0.737000
vn 0.677133 -0.072512 -0.732280
vn 0.364655 0.898736 -0.243515
vn 0.364655 0.898736 -0.243515
vn 0.364655 0.898736 -0.243515
vn 0.364655 0.898736 -0.243515
vn -0.963980 0.247737 0.096790
vn -0.963980 0.247737 0.096790
vn -0.963980 0.247737 0.096790
vn -0.963980 0.247737 0.096790
vn 0.013844 -0.999860 -0.009440
vn 0.013844 -0.999860 -0.009440
vn 0.013844 -0.999860 -0.009440
vn 0.013844 -0.999860 -0.009440
vn -0.107943 -0.961328 -0.253370
vn -0.107943 -0.961328 -0.253370
vn -0.107943 -0.961328 -0.253370
vn -0.107943 -0.961328 -0.253370
vn -0.750902 -0.657341 0.063626
vn -0.750902 -0.657341 0.063626
vn -0.750902 -0.657341 0.063626
vn -0.750902 -0.657341 0.063626
vn 0.982991 0.165621 0.079359
vn 0.985968 0.152432 0.068060
vn 0.985968 0.152432 0.068060
vn 0.985968 0.152432 0.068060
vn 0.988638 0.139196 0.056739
vn 0.985968 0.152432 0.068060
vn -0.210882 -0.972151 0.102230
vn -0.210882 -0.972151 0.102230
vn -0.210882 -0.972151 0.102230
vn -0.210882 -0.972151 0.102230
vn 0.452613 -0.827441 -0.332390
vn 0.452613 -0.827441 -0.332390
vn 0.452613 -0.827441 -0.332390
vn 0.452613 -0.827441 -0.332390
vn -0.331821 0.907105 -0.258951
vn -0.331821 0.907105 -0.258951
vn -0.331821 0.907105 -0.258951
vn -0.331821 0.907105 -0.258951
vn -0.465732 -0.049169 0.883559
vn -0.465732 -0.049169 0.883559
vn -0.465732 -0.049169 0.883559
vn -0.465732 -0.049169 0.883559
vn 0.821640 0.133421 0.554171
vn 0.850135 0.171906 0.497714
vn 0.850135 0.171906 0.497714
vn 0.850135 0.171906 0.497714
vn 0.873970 0.209449 0.438529
vn 0.850135 0.171906 0.497714
vn -0.686224 -0.723564 0.074515
vn -0.686224 -0.723564 0.074515
vn -0.686224 -0.723564 0.074515
vn -0.686224 -0.723564 0.074515
vn 0.488586 0.863349 -0.126143
vn 0.488586 0.863349 -0.126143
vn 0.488586 0.863349 -0.126143
vn 0.488586 0.863349 -0.126143
vn 0.140990 -0.827164 -0.543986
vn 0.140990 -0.827164 -0.543986
vn 0.140990 -0.827164 -0.543986
vn 0.140990 -0.827164 -0.543986
vn 0.306084 0.948991 -0.075688
vn 0.306084 0.948991 -0.075688
vn 0.306084 0.948991 -0.075688
vn 0.306084 0.948991 -0.075688
vn -0.710115 -0.488420 0.507132
vn -0.710115 -0.488420 0.507132
vn -0.710115 -0.488420 0.507132
vn -0.710115 -0.488420 0.507132
vn -0.337358 -0.122700 -0.933346
vn -0.337358 -0.122700 -0.933346
vn -0.337358 -0.122700 -0.933346
vn -0.337358 -0.122700 -0.933346
vn -0.989478 -0.133027 -0.056895
vn -0.992294 -0.116353 -0.042589
vn -0.992294 -0.116353 -0.042589
vn -0.992294 -0.116353 -0.042589
vn -0.994624 -0.099623 -0.028262
vn -0.992294 -0.116353 -0.042589
vn 0.378742 0.919110 0.108586
vn 0.378742 0.919110 0.108586
vn 0.378742 0.919110 0.108586
vn 0.378742 0.919110 0.108586
vn 0.955021 0.040814 -0.293715
vn 0.955021 0.040814 -0.293715
vn 0.955021 0.040814 -0.293715
vn 0.955021 0.040814 -0.293715
vn 0.391575 0.901399 -0.184796
vn 0.391575 0.901399 -0.184796
vn 0.391575 0.901399 -0.184796
vn 0.391575 0.901399 -0.184796
vn -0.059982 -0.938452 -0.340161
vn -0.059982 -0.938452 -0.340161
vn -0.059982 -0.938452 -0.340161
vn -0.059982 -0.938452 -0.340161
vn -0.874783 -0.201788 -0.440495
vn -0.856537 -0.172957 -0.486241
vn -0.856537 -0.172957 -0.486241
vn -0.856537 -0.172957 -0.486241
vn -0.835501 -0.143562 -0.530404
vn -0.856537 -0.172957 -0.486241
vn 0.394752 0.816552 -0.421205
vn 0.394752 0.816552 -0.421205
vn 0.394752 0.816552 -0.421205
vn 0.394752 0.816552 -0.421205
vn -0.355285 -0.911022 -0.209312
vn -0.355285 -0.911022 -0.209312
vn -0.355285 -0.911022 -0.209312
vn -0.355285 -0.911022 -0.209312
vn -0.437249 0.237950 -0.867291
vn -0.437249 0.237950 -0.867291
vn -0.437249 0.237950 -0.867291
vn -0.437249 0.237950 -0.867291
vn -0.448862 0.134274 -0.883456
vn -0.448862 0.134274 -0.883456
vn -0.448862 0.134274 -0.883456
vn -0.448862 0.134274 -0.883456
vn -0.730332 0.642162 0.232901
vn -0.730332 0.642162 0.232901
vn -0.730332 0.642162 0.232901
vn -0.730332 0.642162 0.232901
vn -0.989313 0.106301 -0.099800
vn -0.989313 0.106301 -0.099800
vn -0.989313 0.106301 -0.099800
vn -0.989313 0.106301 -0.099800
vn 0.763136 -0.502009 -0.406952
vn 0.763136 -0.502009 -0.406952
vn 0.763136 -0.502009 -0.406952
vn 0.763136 -0.502009 -0.406952
vn 0.083897 -0.090088 0.992394
vn 0.083897 -0.090088 0.992394
vn 0.083897 -0.090088 0.992394
vn 0.083897 -0.090088 0.992394
vn 0.608839 -0.057241 0.791226
vn 0.586083 -0.072418 0.807008
vn 0.586083 -0.072418 0.807008
vn 0.586083 -0.072418 0.807008
vn 0.562742 -0.087523 0.821986
vn 0.586083 -0.072418 0.807008
vn 0.417571 0.042388 0.907655
vn 0.417571 0.042388 0.907655
vn 0.417571 0.042388 0.907655
vn 0.417571 0.042388 0.907655
vn -0.563831 -0.822730 -0.072181
vn -0.563831 -0.822730 -0.072181
vn -0.563831 -0.822730 -0.072181
vn -0.563831 -0.822730 -0.072181
vn 0.574679 -0.783208 0.237339
vn 0.574679 -0.783208 0.237339
vn 0.574679 -0.783208 0.237339
vn 0.574679 -0.783208 0.237339
vn -0.864480 0.232300 -0.445771
vn -0.864480 0.232300 -0.445771
vn -0.864480 0.232300 -0.445771
vn -0.864480 0.232300 -0.445771
vn 0.526398 0.754965 -0.391067
vn 0.526398 0.754965 -0.391067
vn 0.526398 0.754965 -0.391067
vn 0.526398 0.754965 -0.391067
vn 0.858421 -0.341141 -0.383062
vn 0.898280 -0.283988 -0.335327
vn 0.898280 -0.283988 -0.335327
vn 0.898280 -0.283988 -0.335327
vn 0.931731 -0.224809 -0.285200
vn 0.898280 -0.283988 -0.335327
vn 0.508748 -0.799953 0.318199
vn 0.508748 -0.799953 0.318199
vn 0.508748 -0.799953 0.318199
vn 0.508748 -0.799953 0.318199
vn -0.614588 -0.219048 0.757825
vn -0.614588 -0.219048 0.757825
vn -0.614588 -0.219048 0.757825
vn -0.614588 -0.219048 0.757825
vn 0.463005 0.879523 -0.109848
vn 0.463005 0.879523 -0.109848
vn 0.463005 0.879523 -0.109848
vn 0.463005 0.879523 -0.109848
vn 0.241265 0.968462 0.062236
vn 0.241265 0.968462 0.062236
vn 0.241265 0.968462 0.062236
vn 0.241265 0.968462 0.062236
vn 0.407732 0.729616 0.549013
vn 0.407732 0.729616 0.549013
vn 0.407732 0.729616 0.549013
vn 0.407732 0.729616 0.549013
vn 0.424273 0.378285 0.822735
vn 0.421868 0.382406 0.822066
vn 0.421868 0.382406 0.822066
vn 0.421868 0.382406 0.822066
vn 0.419453 0.386518 0.821378
vn 0.421868 0.382406 0.822066
vn 0.441566 0.821130 -0.361615
vn 0.441566 0.821130 -0.361615
vn 0.441566 0.821130 -0.361615
vn 0.441566 0.821130 -0.361615
vn 0.278705 0.381311 -0.881434
vn 0.278705 0.381311 -0.881434
vn 0.278705 0.381311 -0.881434
vn 0.278705 0.381311 -0.881434
vn -0.048287 -0.968073 -0.245974
vn -0.048287 -0.968073 -0.245974
vn -0.048287 -0.968073 -0.245974
vn -0.048287 -0.968073 -0.245974
vn 0.128098 -0.990516 0.049696
vn 0.128098 -0.990516 0.049696
vn 0.128098 -0.990516 0.049696
vn 0.128098 -0.990516 0.049696
vn -0.088883 0.493795 0.865024
vn -0.025328 0.517409 0.855363
vn -0.025328 0.517409 0.855363
vn -0.025328 0.517409 0.855363
vn 0.038347 0.538597 0.841690
vn -0.025328 0.517409 0.855363
vn -0.021133 0.349818 0.936579
vn -0.021133 0.349818 0.936579
vn -0.021133 0.349818 0.936579
vn -0.021133 0.349818 0.936579
vn -0.091397 -0.910709 -0.402811
vn -0.091397 -0.910709 -0.402811
vn -0.091397 -0.910709 -0.402811
vn -0.091397 -0.910709 -0.402811
vn 0.506829 0.829487 -0.234683
vn 0.506829 0.829487 -0.234683
vn 0.506829 0.829487 -0.234683
vn 0.506829 0.829487 -0.234683
vn 0.310095 0.950199 -0.031039
vn 0.310095 0.950199 -0.031039
vn 0.310095 0.950199 -0.031039
vn 0.310095 0.950199 -0.031039
vn 0.063597 -0.985855 -0.155064
vn 0.063597 -0.985855 -0.155064
vn 0.063597 -0.985855 -0.155064
vn 0.063597 -0.985855 -0.155064
vn 0.108367 -0.988518 -0.105301
vn 0.108367 -0.988518 -0.105301
vn 0.108367 -0.988518 -0.105301
vn 0.108367 -0.988518 -0.105301
vn -0.418193 -0.382181 -0.824046
vn -0.418522 -0.381625 -0.824137
vn -0.418522 -0.381625 -0.824137
vn -0.418522 -0.381625 -0.824137
vn -0.418850 -0.381069 -0.824228
vn -0.418522 -0.381625 -0.824137
vn 0.210882 0.972151 -0.102230
vn 0.210882 0.972151 -0.102230
vn 0.210882 0.972151 -0.102230
vn 0.210882 0.972151 -0.102230
vn 0.212341 0.913297 0.347563
vn 0.212341 0.913297 0.347563
vn 0.212341 0.913297 0.347563
vn 0.212341 0.913297 0.347563
vn 0.493446 0.805793 0.327428
vn 0.493446 0.805793 0.327428
vn 0.493446 0.805793 0.327428
vn 0.493446 0.805793 0.327428
vn -0.659799 0.438241 -0.610418
vn -0.659799 0.438241 -0.610418
vn -0.659799 0.438241 -0.610418
vn -0.659799 0.438241 -0.610418
vn -0.036788 -0.534876 -0.844129
vn 0.029519 -0.512993 -0.857885
vn 0.029519 -0.512993 -0.857885
vn 0.029519 -0.512993 -0.857885
vn 0.095676 -0.488512 -0.867296
vn 0.029519 -0.512993 -0.857885
vn -0.497841 -0.841584 0.209502
vn -0.497841 -0.841584 0.209502
vn -0.497841 -0.841584 0.209502
vn -0.497841 -0.841584 0.209502
vn -0.119430 -0.970102 0.211277
vn -0.119430 -0.970102 0.211277
vn -0.119430 -0.970102 0.211277
vn -0.119430 -0.970102 0.211277
vn -0.161538 0.000000 -0.986867
vn -0.161538 0.000000 -0.986867
vn -0.161538 0.000000 -0.986867
vn -0.161538 0.000000 -0.986867
vn 0.617061 -0.116547 0.778236
vn 0.617061 -0.116547 0.778236
vn 0.617061 -0.116547 0.778236
vn 0.617061 -0.116547 0.778236
vn -0.404330 -0.593604 -0.695810
vn -0.404330 -0.593604 -0.695810
vn -0.404330 -0.593604 -0.695810
vn -0.404330 -0.593604 -0.695810
vn -0.791379 -0.125284 -0.598350
vn -0.791379 -0.125284 -0.598350
vn -0.791379 -0.125284 -0.598350
vn -0.791379 -0.125284 -0.598350
vn -0.150159 0.246312 -0.957488
vn -0.150159 0.246312 -0.957488
vn -0.150159 0.246312 -0.957488
vn -0.150159 0.246312 -0.957488
vn -0.303469 0.408399 0.860882
vn -0.303469 0.408399 0.860882
vn -0.303469 0.408399 0.860882
vn -0.303469 0.408399 0.860882
vn -0.493531 0.296682 0.817561
vn -0.495320 0.295601 0.816871
vn -0.495320 0.295601 0.816871
vn -0.495320 0.295601 0.816871
vn -0.497106 0.294518 0.816177
vn -0.495320 0.295601 0.816871
vn -0.801128 0.411479 0.434602
vn -0.801128 0.411479 0.434602
vn -0.801128 0.411479 0.434602
vn -0.801128 0.411479 0.434602
vn 0.423478 0.595196 0.682941
vn 0.423478 0.595196 0.682941
vn 0.423478 0.595196 0.682941
vn 0.423478 0.595196 0.682941
vn -0.858943 0.477003 0.186241
vn -0.858943 0.477003 0.186241
vn -0.858943 0.477003 0.186241
vn -0.858943 0.477003 0.186241
vn 0.381158 -0.114146 -0.917436
vn 0.381158 -0.114146 -0.917436
vn 0.381158 -0.114146 -0.917436
vn 0.381158 -0.114146 -0.917436
vn 0.611552 -0.197269 0.766218
vn 0.611552 -0.197269 0.766218
vn 0.611552 -0.197269 0.766218
vn 0.611552 -0.197269 0.766218
vn 0.646057 -0.118993 0.753957
vn 0.650884 -0.140175 0.746124
vn 0.650884 -0.140175 0.746124
vn 0.650884 -0.140175 0.746124
vn 0.655364 -0.161282 0.737893
vn 0.650884 -0.140175 0.746124
vn 0.874078 -0.236880 0.424118
vn 0.874078 -0.236880 0.424118
vn 0.874078 -0.236880 0.424118
vn 0.874078 -0.236880 0.424118
vn 0.667521 0.744260 -0.022206
vn 0.667521 0.744260 -0.022206
vn 0.667521 0.744260 -0.022206
vn 0.667521 0.744260 -0.022206
vn -0.337596 -0.938665 0.070271
vn -0.337596 -0.938665 0.070271
vn -0.337596 -0.938665 0.070271
vn -0.337596 -0.938665 0.070271
vn 0.812383 0.555115 0.178552
vn 0.812383 0.555115 0.178552
vn 0.812383 0.555115 0.178552
vn 0.812383 0.555115 0.178552
vn 0.634164 0.767486 -0.093815
vn 0.634164 0.767486 -0.093815
vn 0.634164 0.767486 -0.093815
vn 0.634164 0.767486 -0.093815
vn -0.501230 0.718096 0.482811
vn -0.501300 0.717611 0.483459
vn -0.501300 0.717611 0.483459
vn -0.501300 0.717611 0.483459
vn -0.501370 0.717125 0.484108
vn -0.501300 0.717611 0.483459
vn -0.123983 0.914655 -0.384753
vn -0.123983 0.914655 -0.384753
vn -0.123983 0.914655 -0.384753
vn -0.123983 0.914655 -0.384753
vn -0.536816 -0.731559 0.420298
vn -0.536816 -0.731559 0.420298
vn -0.536816 -0.731559 0.420298
vn -0.536816 -0.731559 0.420298
vn 0.876139 0.189263 0.443352
vn 0.876139 0.189263 0.443352
vn 0.876139 0.189263 0.443352
vn 0.876139 0.189263 0.443352
vn -0.272188 -0.961022 0.048483
vn -0.272188 -0.961022 0.048483
vn -0.272188 -0.961022 0.048483
vn -0.272188 -0.961022 0.048483
vn -0.712677 0.700858 0.029844
vn -0.678574 0.731336 0.068443
vn -0.678574 0.731336 0.068443
vn -0.678574 0.731336 0.068443
vn -0.642041 0.759195 0.106798
vn -0.678574 0.731336 0.068443
vn -0.290364 0.191490 0.937561
vn -0.290364 0.191490 0.937561
vn -0.290364 0.191490 0.937561
vn -0.290364 0.191490 0.937561
vn -0.812831 -0.554563 -0.178230
vn -0.812831 -0.554563 -0.178230
vn -0.812831 -0.554563 -0.178230
vn -0.812831 -0.554563 -0.178230
vn -0.638353 0.341083 0.690049
vn -0.638353 0.341083 0.690049
vn -0.638353 0.341083 0.690049
vn -0.638353 0.341083 0.690049
vn 0.418036 0.894630 -0.157743
vn 0.418036 0.894630 -0.157743
vn 0.418036 0.894630 -0.157743
vn 0.418036 0.894630 -0.157743
vn 0.197090 0.971731 -0.129976
vn 0.197090 0.971731 -0.129976
vn 0.197090 0.971731 -0.129976
vn 0.197090 0.971731 -0.129976
vn -0.088400 -0.964647 0.248277
vn -0.088400 -0.964647 0.248277
vn -0.088400 -0.964647 0.248277
vn -0.088400 -0.964647 0.248277
vn 0.503945 -0.714699 -0.485020
vn 0.504033 -0.714049 -0.485887
vn 0.504033 -0.714049 -0.485887
vn 0.504033 -0.714049 -0.485887
vn 0.504120 -0.713397 -0.486753
vn 0.504033 -0.714049 -0.485887
vn 0.032301 -0.989490 -0.140947
vn 0.032301 -0.989490 -0.140947
vn 0.032301 -0.989490 -0.140947
vn 0.032301 -0.989490 -0.140947
vn 0.190326 0.975112 -0.113718
vn 0.190326 0.975112 -0.113718
vn 0.190326 0.975112 -0.113718
vn 0.190326 0.975112 -0.113718
vn 0.623053 -0.711973 0.323883
vn 0.623053 -0.711973 0.323883
vn 0.623053 -0.711973 0.323883
vn 0.623053 -0.711973 0.323883
vn 0.794678 -0.554224 0.247633
vn 0.794678 -0.554224 0.247633
vn 0.794678 -0.554224 0.247633
vn 0.794678 -0.554224 0.247633
vn 0.644650 -0.756989 -0.106741
vn 0.682544 -0.727809 -0.066543
vn 0.682544 -0.727809 -0.066543
vn 0.682544 -0.727809 -0.066543
vn 0.717774 -0.695787 -0.026085
vn 0.682544 -0.727809 -0.066543
vn 0.394129 0.917655 -0.050706
vn 0.394129 0.917655 -0.050706
vn 0.394129 0.917655 -0.050706
vn 0.394129 0.917655 -0.050706
vn 0.283085 -0.950070 0.131266
vn 0.283085 -0.950070 0.131266
vn 0.283085 -0.950070 0.131266
vn 0.283085 -0.950070 0.131266
vn -0.656733 -0.725186 0.206901
vn -0.656733 -0.725186 0.206901
vn -0.656733 -0.725186 0.206901
vn -0.656733 -0.725186 0.206901
vn 0.045071 0.996727 0.067114
vn 0.045071 0.996727 0.067114
vn 0.045071 0.996727 0.067114
vn 0.045071 0.996727 0.067114
vn -0.643287 0.031770 0.764965
vn -0.643287 0.031770 0.764965
vn -0.643287 0.031770 0.764965
vn -0.643287 0.031770 0.764965
vn 0.183518 -0.004092 -0.983008
vn 0.183518 -0.004092 -0.983008
vn 0.183518 -0.004092 -0.983008
vn 0.183518 -0.004092 -0.983008
vn 0.804028 -0.096299 -0.586741
vn 0.804028 -0.096299 -0.586741
vn 0.804028 -0.096299 -0.586741
vn 0.804028 -0.096299 -0.586741
vn 0.443967 -0.070315 0.893280
vn 0.443967 -0.070315 0.893280
vn 0.443967 -0.070315 0.893280
vn 0.443967 -0.070315 0.893280
vn -0.956320 0.287997 0.050097
vn -0.956320 0.287997 0.050097
vn -0.956320 0.287997 0.050097
vn -0.956320 0.287997 0.050097
vn -0.668752 0.242039 -0.702985
vn -0.668752 0.242039 -0.702985
vn -0.668752 0.242039 -0.702985
vn -0.668752 0.242039 -0.702985
vn 0.094121 0.963703 -0.249836
vn 0.094121 0.963703 -0.249836
vn 0.094121 0.963703 -0.249836
vn 0.094121 0.963703 -0.249836
vn -0.168390 0.000256 -0.985720
vn -0.168390 0.000256 -0.985720
vn -0.168390 0.000256 -0.985720
vn -0.168390 0.000256 -0.985720
vn 0.151684 0.865645 -0.477128
vn 0.151684 0.865645 -0.477128
vn 0.151684 0.865645 -0.477128
vn 0.151684 0.865645 -0.477128
vn -0.436276 0.273102 0.857367
vn -0.437117 0.276412 0.855877
vn -0.437117 0.276412 0.855877
vn -0.437117 0.276412 0.855877
vn -0.437953 0.279718 0.854374
vn -0.437117 0.276412 0.855877
vn -0.756641 0.500641 0.420539
vn -0.756641 0.500641 0.420539
vn -0.756641 0.500641 0.420539
vn -0.756641 0.500641 0.420539
vn -0.006532 0.200775 0.979616
vn -0.006532 0.200775 0.979616
vn -0.006532 0.200775 0.979616
vn -0.006532 0.200775 0.979616
vn 0.022647 0.960161 -0.278527
vn 0.022647 0.960161 -0.278527
vn 0.022647 0.960161 -0.278527
vn 0.022647 0.960161 -0.278527
vn 0.608615 0.787040 0.100782
vn 0.608615 0.787040 0.100782
vn 0.608615 0.787040 0.100782
vn 0.608615 0.787040 0.100782
vn 0.352669 -0.669804 -0.653443
vn 0.352669 -0.669804 -0.653443
vn 0.352669 -0.669804 -0.653443
vn 0.352669 -0.669804 -0.653443
vn -0.833015 0.532320 -0.150736
vn -0.837414 0.528678 -0.138698
vn -0.837414 0.528678 -0.138698
vn -0.837414 0.528678 -0.138698
vn -0.841665 0.524941 -0.126637
vn -0.837414 0.528678 -0.138698
vn 0.346574 0.728524 -0.590880
vn 0.346574 0.728524 -0.590880
vn 0.346574 0.728524 -0.590880
vn 0.346574 0.728524 -0.590880
vn 0.291494 -0.791234 0.537568
vn 0.291494 -0.791234 0.537568
vn 0.291494 -0.791234 0.537568
vn 0.291494 -0.791234 0.537568
vn -0.017459 0.455805 -0.889909
vn -0.017459 0.455805 -0.889909
vn -0.017459 0.455805 -0.889909
vn -0.017459 0.455805 -0.889909
vn -0.523471 -0.757256 0.390566
vn -0.523471 -0.757256 0.390566
vn -0.523471 -0.757256 0.390566
vn -0.523471 -0.757256 0.390566
vn -0.784078 0.263144 -0.562119
vn -0.783289 0.319409 -0.533326
vn -0.783289 0.319409 -0.533326
vn -0.783289 0.319409 -0.533326
vn -0.779370 0.374398 -0.502403
vn -0.783289 0.319409 -0.533326
vn -0.146613 -0.771691 0.618868
vn -0.146613 -0.771691 0.618868
vn -0.146613 -0.771691 0.618868
vn -0.146613 -0.771691 0.618868
vn 0.325810 0.919434 -0.220205
vn 0.325810 0.919434 -0.220205
vn 0.325810 0.919434 -0.220205
vn 0.325810 0.919434 -0.220205
vn 0.557042 -0.109713 -0.823205
vn 0.557042 -0.109713 -0.823205
vn 0.557042 -0.109713 -0.823205
vn 0.557042 -0.109713 -0.823205
vn 0.092870 -0.906931 -0.410916
vn 0.092870 -0.906931 -0.410916
vn 0.092870 -0.906931 -0.410916
vn 0.092870 -0.906931 -0.410916
vn 0.450738 0.781049 -0.432201
vn 0.450738 0.781049 -0.432201
vn 0.450738 0.781049 -0.432201
vn 0.450738 0.781049 -0.432201
vn 0.046629 -0.943631 0.327698
vn 0.046629 -0.943631 0.327698
vn 0.046629 -0.943631 0.327698
vn 0.046629 -0.943631 0.327698
vn 0.844904 -0.518951 0.129720
vn 0.841477 -0.521973 0.139498
vn 0.841477 -0.521973 0.139498
vn 0.841477 -0.521973 0.139498
vn 0.837952 -0.524936 0.149260
vn 0.841477 -0.521973 0.139498
vn -0.449132 -0.781221 0.433559
vn -0.449132 -0.781221 0.433559
vn -0.449132 -0.781221 0.433559
vn -0.449132 -0.781221 0.433559
vn 0.064691 -0.997299 0.034768
vn 0.064691 -0.997299 0.034768
vn 0.064691 -0.997299 0.034768
vn 0.064691 -0.997299 0.034768
vn -0.702682 -0.707759 0.072898
vn -0.702682 -0.707759 0.072898
vn -0.702682 -0.707759 0.072898
vn -0.702682 -0.707759 0.072898
vn -0.450562 -0.885529 -0.113282
vn -0.450562 -0.885529 -0.113282
vn -0.450562 -0.885529 -0.113282
vn -0.450562 -0.885529 -0.113282
vn 0.781569 -0.370920 0.501566
vn 0.785624 -0.289268 0.546918
vn 0.785624 -0.289268 0.546918
vn 0.785624 -0.289268 0.546918
vn 0.782812 -0.205088 0.587490
vn 0.785624 -0.289268 0.546918
vn -0.628082 -0.323869 0.707547
vn -0.628082 -0.323869 0.707547
vn -0.628082 -0.323869 0.707547
vn -0.628082 -0.323869 0.707547
vn -0.663373 -0.712044 0.230064
vn -0.663373 -0.712044 0.230064
vn -0.663373 -0.712044 0.230064
vn -0.663373 -0.712044 0.230064
vn -0.931888 0.362725 -0.003863
vn -0.931888 0.362725 -0.003863
vn -0.931888 0.362725 -0.003863
vn -0.931888 0.362725 -0.003863
vn -0.917121 0.381214 -0.116467
vn -0.917121 0.381214 -0.116467
vn -0.917121 0.381214 -0.116467
vn -0.917121 0.381214 -0.116467
vn 0.582022 0.733504 -0.351031
vn 0.582022 0.733504 -0.351031
vn 0.582022 0.733504 -0.351031
vn 0.582022 0.733504 -0.351031
vn -0.772751 0.315409 -0.550793
vn -0.772751 0.315409 -0.550793
vn -0.772751 0.315409 -0.550793
vn -0.772751 0.315409 -0.550793
vn -0.619420 0.349042 -0.703199
vn -0.619420 0.349042 -0.703199
vn -0.619420 0.349042 -0.703199
vn -0.619420 0.349042 -0.703199
vn 0.039202 0.264242 -0.963659
vn 0.039202 0.264242 -0.963659
vn 0.039202 0.264242 -0.963659
vn 0.039202 0.264242 -0.963659
vn -0.674336 -0.185944 -0.714629
vn -0.667249 -0.200676 -0.717292
vn -0.667249 -0.200676 -0.717292
vn -0.667249 -0.200676 -0.717292
vn -0.659979 -0.215353 -0.719758
vn -0.667249 -0.200676 -0.717292
vn 0.916595 -0.367293 -0.157955
vn 0.916595 -0.367293 -0.157955
vn 0.916595 -0.367293 -0.157955
vn 0.916595 -0.367293 -0.157955
vn -0.369410 -0.648620 0.665454
vn -0.369410 -0.648620 0.665454
vn -0.369410 -0.648620 0.665454
vn -0.369410 -0.648620 0.665454
vn -0.465213 -0.099645 -0.879572
vn -0.465213 -0.099645 -0.879572
vn -0.465213 -0.099645 -0.879572
vn -0.465213 -0.099645 -0.879572
vn 0.605835 -0.510610 -0.610116
vn 0.605835 -0.510610 -0.610116
vn 0.605835 -0.510610 -0.610116
vn 0.605835 -0.510610 -0.610116
vn -0.412772 0.897190 0.157067
vn -0.412772 0.897190 0.157067
vn -0.412772 0.897190 0.157067
vn -0.412772 0.897190 0.157067
vn -0.847639 0.277108 0.452458
vn -0.864905 0.315759 0.390174
vn -0.864905 0.315759 0.390174
vn -0.864905 0.315759 0.390174
vn -0.877266 0.352619 0.325677
vn -0.864905 0.315759 0.390174
vn 0.645045 0.687106 -0.334368
vn 0.645045 0.687106 -0.334368
vn 0.645045 0.687106 -0.334368
vn 0.645045 0.687106 -0.334368
vn 0.352752 0.665414 -0.657868
vn 0.352752 0.665414 -0.657868
vn 0.352752 0.665414 -0.657868
vn 0.352752 0.665414 -0.657868
vn -0.316130 -0.948076 0.034828
vn -0.316130 -0.948076 0.034828
vn -0.316130 -0.948076 0.034828
vn -0.316130 -0.948076 0.034828
vn 0.029187 -0.997533 0.063848
vn 0.029187 -0.997533 0.063848
vn 0.029187 -0.997533 0.063848
vn 0.029187 -0.997533 0.063848
vn 0.783466 -0.361104 -0.505752
vn 0.783466 -0.361104 -0.505752
vn 0.783466 -0.361104 -0.505752
vn 0.783466 -0.361104 -0.505752
vn 0.689074 0.222353 -0.689736
vn 0.685675 0.219150 -0.694135
vn 0.685675 0.219150 -0.694135
vn 0.685675 0.219150 -0.694135
vn 0.682248 0.215936 -0.698505
vn 0.685675 0.219150 -0.694135
vn 0.352120 0.914170 -0.200761
vn 0.352120 0.914170 -0.200761
vn 0.352120 0.914170 -0.200761
vn 0.352120 0.914170 -0.200761
vn -0.188103 -0.975341 0.115441
vn -0.188103 -0.975341 0.115441
vn -0.188103 -0.975341 0.115441
vn -0.188103 -0.975341 0.115441
vn -0.623040 0.711908 -0.324050
vn -0.623040 0.711908 -0.324050
vn -0.623040 0.711908 -0.324050
vn -0.623040 0.711908 -0.324050
vn 0.631681 -0.386321 -0.672113
vn 0.631681 -0.386321 -0.672113
vn 0.631681 -0.386321 -0.672113
vn 0.631681 -0.386321 -0.672113
vn 0.945117 0.079242 -0.316978
vn 0.931224 0.116391 -0.345362
vn 0.931224 0.116391 -0.345362
vn 0.931224 0.116391 -0.345362
vn 0.915116 0.153262 -0.372925
vn 0.931224 0.116391 -0.345362
vn -0.027048 -0.951950 0.305058
vn -0.027048 -0.951950 0.305058
vn -0.027048 -0.951950 0.305058
vn -0.027048 -0.951950 0.305058
vn -0.283045 0.950165 -0.130661
vn -0.283045 0.950165 -0.130661
vn -0.283045 0.950165 -0.130661
vn -0.283045 0.950165 -0.130661
vn 0.938669 -0.334597 -0.083338
vn 0.938669 -0.334597 -0.083338
vn 0.938669 -0.334597 -0.083338
vn 0.938669 -0.334597 -0.083338
vn -0.656476 -0.754346 0.001027
vn -0.656476 -0.754346 0.001027
vn -0.656476 -0.754346 0.001027
vn -0.656476 -0.754346 0.001027
vn -0.648912 0.203613 -0.733113
vn -0.648912 0.203613 -0.733113
vn -0.648912 0.203613 -0.733113
vn -0.648912 0.203613 -0.733113
vn 0.894694 0.038052 -0.445056
vn 0.894694 0.038052 -0.445056
vn 0.894694 0.038052 -0.445056
vn 0.894694 0.038052 -0.445056
vn -0.678946 -0.207955 0.704122
vn -0.682882 -0.211569 0.699221
vn -0.682882 -0.211569 0.699221
vn -0.682882 -0.211569 0.699221
vn -0.686783 -0.215172 0.694284
vn -0.682882 -0.211569 0.699221
vn -0.845893 -0.477371 0.237872
vn -0.845893 -0.477371 0.237872
vn -0.845893 -0.477371 0.237872
vn -0.845893 -0.477371 0.237872
vn 0.622128 0.752520 0.216034
vn 0.622128 0.752520 0.216034
vn 0.622128 0.752520 0.216034
vn 0.622128 0.752520 0.216034
vn 0.205638 0.953258 -0.221386
vn 0.205638 0.953258 -0.221386
vn 0.205638 0.953258 -0.221386
vn 0.205638 0.953258 -0.221386
vn -0.615063 -0.778069 0.127695
vn -0.615063 -0.778069 0.127695
vn -0.615063 -0.778069 0.127695
vn -0.615063 -0.778069 0.127695
vn -0.916119 -0.143028 0.374526
vn -0.934020 -0.100868 0.342684
vn -0.934020 -0.100868 0.342684
vn -0.934020 -0.100868 0.342684
vn -0.949015 -0.058393 0.309776
vn -0.934020 -0.100868 0.342684
vn -0.450748 0.827722 0.334219
vn -0.450748 0.827722 0.334219
vn -0.450748 0.827722 0.334219
vn -0.450748 0.827722 0.334219
vn -0.488304 -0.863548 0.125876
vn -0.488304 -0.863548 0.125876
vn -0.488304 -0.863548 0.125876
vn -0.488304 -0.863548 0.125876
vn -0.014416 0.992003 -0.125388
vn -0.014416 0.992003 -0.125388
vn -0.014416 0.992003 -0.125388
vn -0.014416 0.992003 -0.125388
vn 0.382739 -0.171224 -0.907851
vn 0.382739 -0.171224 -0.907851
vn 0.382739 -0.171224 -0.907851
vn 0.382739 -0.171224 -0.907851
vn 0.567174 -0.166503 0.806592
vn 0.567174 -0.166503 0.806592
vn 0.567174 -0.166503 0.806592
vn 0.567174 -0.166503 0.806592
vn -0.045148 -0.996561 -0.069477
vn -0.045148 -0.996561 -0.069477
vn -0.045148 -0.996561 -0.069477
vn -0.045148 -0.996561 -0.069477
vn -0.062867 -0.098518 -0.993147
vn -0.062867 -0.098518 -0.993147
vn -0.062867 -0.098518 -0.993147
vn -0.062867 -0.098518 -0.993147
vn 0.617529 0.776235 -0.126955
vn 0.617529 0.776235 -0.126955
vn 0.617529 0.776235 -0.126955
vn 0.617529 0.776235 -0.126955
vn 0.971311 -0.234360 -0.040369
vn 0.952651 -0.302380 0.031992
vn 0.952651 -0.302380 0.031992
vn 0.952651 -0.302380 0.031992
vn 0.924262 -0.367312 0.104027
vn 0.952651 -0.302380 0.031992
vn 0.296565 0.896367 -0.329509
vn 0.296565 0.896367 -0.329509
vn 0.296565 0.896367 -0.329509
vn 0.296565 0.896367 -0.329509
vn -0.805201 -0.246235 0.539462
vn -0.805201 -0.246235 0.539462
vn -0.805201 -0.246235 0.539462
vn -0.805201 -0.246235 0.539462
vn 0.882198 0.096051 0.460977
vn 0.882198 0.096051 0.460977
vn 0.882198 0.096051 0.460977
vn 0.882198 0.096051 0.460977
vn 0.486966 -0.412448 -0.769903
vn 0.486966 -0.412448 -0.769903
vn 0.486966 -0.412448 -0.769903
vn 0.486966 -0.412448 -0.769903
vn 0.144754 0.455317 0.878483
vn 0.144754 0.455317 0.878483
vn 0.144754 0.455317 0.878483
vn 0.144754 0.455317 0.878483
vn 0.138746 -0.137057 -0.980798
vn 0.184244 -0.110165 -0.976687
vn 0.184244 -0.110165 -0.976687
vn 0.184244 -0.110165 -0.976687
vn 0.229225 -0.082963 -0.969832
vn 0.184244 -0.110165 -0.976687
vn 0.398589 0.223882 0.889384
vn 0.398589 0.223882 0.889384
vn 0.398589 0.223882 0.889384
vn 0.398589 0.223882 0.889384
vn -0.126773 -0.936056 0.328219
vn -0.126773 -0.936056 0.328219
vn -0.126773 -0.936056 0.328219
vn -0.126773 -0.936056 0.328219
vn 0.116170 0.939311 -0.322800
vn 0.116170 0.939311 -0.322800
vn 0.116170 0.939311 -0.322800
vn 0.116170 0.939311 -0.322800
vn 0.097880 0.979249 -0.177459
vn 0.097880 0.979249 -0.177459
vn 0.097880 0.979249 -0.177459
vn 0.097880 0.979249 -0.177459
vn 0.489780 0.067348 0.869241
vn 0.489780 0.067348 0.869241
vn 0.489780 0.067348 0.869241
vn 0.489780 0.067348 0.869241
vn 0.608830 -0.577493 -0.543901
vn 0.618386 -0.572728 -0.538127
vn 0.618386 -0.572728 -0.538127
vn 0.618386 -0.572728 -0.538127
vn 0.627851 -0.567879 -0.532275
vn 0.618386 -0.572728 -0.538127
vn -0.157532 -0.857172 0.490346
vn -0.157532 -0.857172 0.490346
vn -0.157532 -0.857172 0.490346
vn -0.157532 -0.857172 0.490346
vn -0.460118 -0.825267 0.327453
vn -0.460118 -0.825267 0.327453
vn -0.460118 -0.825267 0.327453
vn -0.460118 -0.825267 0.327453
vn -0.391808 -0.901204 0.185250
vn -0.391808 -0.901204 0.185250
vn -0.391808 -0.901204 0.185250
vn -0.391808 -0.901204 0.185250
vn 0.652206 0.611166 0.448445
vn 0.652206 0.611166 0.448445
vn 0.652206 0.611166 0.448445
vn 0.652206 0.611166 0.448445
vn 0.766097 -0.642275 0.024023
vn 0.790074 -0.608742 -0.072226
vn 0.790074 -0.608742 -0.072226
vn 0.790074 -0.608742 -0.072226
vn 0.805389 -0.568534 -0.167684
vn 0.790074 -0.608742 -0.072226
vn -0.414733 -0.807336 0.419769
vn -0.414733 -0.807336 0.419769
vn -0.414733 -0.807336 0.419769
vn -0.414733 -0.807336 0.419769
vn -0.198786 -0.971246 0.131018
vn -0.198786 -0.971246 0.131018
vn -0.198786 -0.971246 0.131018
vn -0.198786 -0.971246 0.131018
vn 0.843830 0.517519 -0.141866
vn 0.843830 0.517519 -0.141866
vn 0.843830 0.517519 -0.141866
vn 0.843830 0.517519 -0.141866
vn -0.064684 0.997298 -0.034810
vn -0.064684 0.997298 -0.034810
vn -0.064684 0.997298 -0.034810
vn -0.064684 0.997298 -0.034810
vn -0.236741 -0.969330 -0.065975
vn -0.236741 -0.969330 -0.065975
vn -0.236741 -0.969330 -0.065975
vn -0.236741 -0.969330 -0.065975
vn -0.414271 -0.728744 -0.545264
vn -0.414271 -0.728744 -0.545264
vn -0.414271 -0.728744 -0.545264
vn -0.414271 -0.728744 -0.545264
vn -0.618736 0.575609 0.534640
vn -0.609762 0.580072 0.540099
vn -0.609762 0.580072 0.540099
vn -0.609762 0.580072 0.540099
vn -0.600709 0.584458 0.545488
vn -0.609762 0.580072 0.540099
vn -0.347086 -0.727267 0.592127
vn -0.347086 -0.727267 0.592127
vn -0.347086 -0.727267 0.592127
vn -0.347086 -0.727267 0.592127
vn -0.685792 -0.710854 0.156128
vn -0.685792 -0.710854 0.156128
vn -0.685792 -0.710854 0.156128
vn -0.685792 -0.710854 0.156128
vn 0.014613 -0.457126 0.889282
vn 0.014613 -0.457126 0.889282
vn 0.014613 -0.457126 0.889282
vn 0.014613 -0.457126 0.889282
vn 0.199154 0.964612 -0.172806
vn 0.199154 0.964612 -0.172806
vn 0.199154 0.964612 -0.172806
vn 0.199154 0.964612 -0.172806
vn -0.799160 0.577314 0.167487
vn -0.796413 0.586978 0.145546
vn -0.796413 0.586978 0.145546
vn -0.796413 0.586978 0.145546
vn -0.793201 0.596300 0.123521
vn -0.796413 0.586978 0.145546
vn 0.038002 -0.996712 -0.071563
vn 0.038002 -0.996712 -0.071563
vn 0.038002 -0.996712 -0.071563
vn 0.038002 -0.996712 -0.071563
vn -0.054364 -0.801140 0.596003
vn -0.054364 -0.801140 0.596003
vn -0.054364 -0.801140 0.596003
vn -0.054364 -0.801140 0.596003
vn -0.489739 0.096721 -0.866488
vn -0.489739 0.096721 -0.866488
vn -0.489739 0.096721 -0.866488
vn -0.489739 0.096721 -0.866488
vn 0.425233 -0.187185 -0.885516
vn 0.425233 -0.187185 -0.885516
vn 0.425233 -0.187185 -0.885516
vn 0.425233 -0.187185 -0.885516
vn -0.256782 0.938776 0.229702
vn -0.256782 0.938776 0.229702
vn -0.256782 0.938776 0.229702
vn -0.256782 0.938776 0.229702
vn 0.707207 -0.417045 -0.570904
vn 0.707207 -0.417045 -0.570904
vn 0.707207 -0.417045 -0.570904
vn 0.707207 -0.417045 -0.570904
vn -0.602376 0.166904 0.780568
vn -0.602376 0.166904 0.780568
vn -0.602376 0.166904 0.780568
vn -0.602376 0.166904 0.780568
vn 0.149714 -0.120979 -0.981300
vn 0.149714 -0.120979 -0.981300
vn 0.149714 -0.120979 -0.981300
vn 0.149714 -0.120979 -0.981300
vn 0.658278 -0.690432 0.299956
vn 0.644485 -0.691192 0.326946
vn 0.644485 -0.691192 0.326946
vn 0.644485 -0.691192 0.326946
vn 0.630099 -0.691316 0.353636
vn 0.644485 -0.691192 0.326946
vn -0.046179 0.364942 0.929885
vn -0.046179 0.364942 0.929885
vn -0.046179 0.364942 0.929885
vn -0.046179 0.364942 0.929885
vn -0.509327 0.177818 -0.842001
vn -0.509327 0.177818 -0.842001
vn -0.509327 0.177818 -0.842001
vn -0.509327 0.177818 -0.842001
vn 0.417166 0.764490 -0.491454
vn 0.417166 0.764490 -0.491454
vn 0.417166 0.764490 -0.491454
vn 0.417166 0.764490 -0.491454
vn 0.782212 -0.499467 0.372394
vn 0.782212 -0.499467 0.372394
vn 0.782212 -0.499467 0.372394
vn 0.782212 -0.499467 0.372394
vn -0.645982 -0.762301 0.040053
vn -0.645982 -0.762301 0.040053
vn -0.645982 -0.762301 0.040053
vn -0.645982 -0.762301 0.040053
vn -0.036203 -0.667147 -0.744046
vn -0.004756 -0.669384 -0.742901
vn -0.004756 -0.669384 -0.742901
vn -0.004756 -0.669384 -0.742901
vn 0.026695 -0.670955 -0.741018
vn -0.004756 -0.669384 -0.742901
vn -0.596324 0.797704 -0.089811
vn -0.596324 0.797704 -0.089811
vn -0.596324 0.797704 -0.089811
vn -0.596324 0.797704 -0.089811
vn 0.803925 0.246632 -0.541182
vn 0.803925 0.246632 -0.541182
vn 0.803925 0.246632 -0.541182
vn 0.803925 0.246632 -0.541182
vn 0.353597 0.906742 0.229757
vn 0.353597 0.906742 0.229757
vn 0.353597 0.906742 0.229757
vn 0.353597 0.906742 0.229757
vn 0.623753 0.747712 -0.227724
vn 0.623753 0.747712 -0.227724
vn 0.623753 0.747712 -0.227724
vn 0.623753 0.747712 -0.227724
vn 0.073964 -0.054987 -0.995744
vn 0.073964 -0.054987 -0.995744
vn 0.073964 -0.054987 -0.995744
vn 0.073964 -0.054987 -0.995744
vn 0.702982 -0.433779 0.563606
vn 0.702865 -0.431419 0.565561
vn 0.702865 -0.431419 0.565561
vn 0.702865 -0.431419 0.565561
vn 0.702741 -0.429054 0.567511
vn 0.702865 -0.431419 0.565561
vn 0.156187 0.857800 -0.489678
vn 0.156187 0.857800 -0.489678
vn 0.156187 0.857800 -0.489678
vn 0.156187 0.857800 -0.489678
vn 0.579039 -0.263997 0.771375
vn 0.579039 -0.263997 0.771375
vn 0.579039 -0.263997 0.771375
vn 0.579039 -0.263997 0.771375
vn 0.824795 0.048540 -0.563344
vn 0.824795 0.048540 -0.563344
vn 0.824795 0.048540 -0.563344
vn 0.824795 0.048540 -0.563344
vn -0.954548 -0.263380 -0.139534
vn -0.954548 -0.263380 -0.139534
vn -0.954548 -0.263380 -0.139534
vn -0.954548 -0.263380 -0.139534
vn 0.311135 -0.279220 0.908422
vn 0.381305 -0.269646 0.884250
vn 0.381305 -0.269646 0.884250
vn 0.381305 -0.269646 0.884250
vn 0.449339 -0.258562 0.855126
vn 0.381305 -0.269646 0.884250
vn 0.955416 -0.287243 0.068356
vn 0.955416 -0.287243 0.068356
vn 0.955416 -0.287243 0.068356
vn 0.955416 -0.287243 0.068356
vn 0.055371 0.800550 -0.596702
vn 0.055371 0.800550 -0.596702
vn 0.055371 0.800550 -0.596702
vn 0.055371 0.800550 -0.596702
vn 0.698937 0.713265 -0.052354
vn 0.698937 0.713265 -0.052354
vn 0.698937 0.713265 -0.052354
vn 0.698937 0.713265 -0.052354
vn -0.003830 0.999988 -0.003202
vn -0.003830 0.999988 -0.003202
vn -0.003830 0.999988 -0.003202
vn -0.003830 0.999988 -0.003202
vn 0.000010 0.055041 0.998484
vn 0.000010 0.055041 0.998484
vn 0.000010 0.055041 0.998484
vn 0.000010 0.055041 0.998484
vn -0.759959 0.605116 0.237269
vn -0.759959 0.605116 0.237269
vn -0.759959 0.605116 0.237269
vn -0.759959 0.605116 0.237269
vn -0.701390 0.426009 -0.571462
vn -0.702645 0.451898 -0.549616
vn -0.702645 0.451898 -0.549616
vn -0.702645 0.451898 -0.549616
vn -0.703094 0.477267 -0.527139
vn -0.702645 0.451898 -0.549616
vn 0.845915 0.478018 -0.236489
vn 0.845915 0.478018 -0.236489
vn 0.845915 0.478018 -0.236489
vn 0.845915 0.478018 -0.236489
vn -0.460695 0.674109 -0.577353
vn -0.460695 0.674109 -0.577353
vn -0.460695 0.674109 -0.577353
vn -0.460695 0.674109 -0.577353
vn -0.300389 0.754267 0.583821
vn -0.300389 0.754267 0.583821
vn -0.300389 0.754267 0.583821
vn -0.300389 0.754267 0.583821
vn -0.147748 -0.865247 0.479081
vn -0.147748 -0.865247 0.479081
vn -0.147748 -0.865247 0.479081
vn -0.147748 -0.865247 0.479081
vn -0.457621 0.262746 -0.849440
vn -0.378650 0.275436 -0.883606
vn -0.378650 0.275436 -0.883606
vn -0.378650 0.275436 -0.883606
vn -0.296815 0.286043 -0.911087
vn -0.378650 0.275436 -0.883606
vn 0.431010 0.897514 -0.093266
vn 0.431010 0.897514 -0.093266
vn 0.431010 0.897514 -0.093266
vn 0.431010 0.897514 -0.093266
vn -0.466326 -0.881177 -0.077892
vn -0.466326 -0.881177 -0.077892
vn -0.466326 -0.881177 -0.077892
vn -0.466326 -0.881177 -0.077892
vn 0.205209 -0.361385 -0.909555
vn 0.205209 -0.361385 -0.909555
vn 0.205209 -0.361385 -0.909555
vn 0.205209 -0.361385 -0.909555
vn 0.255050 0.229963 0.939184
vn 0.255050 0.229963 0.939184
vn 0.255050 0.229963 0.939184
vn 0.255050 0.229963 0.939184
vn -0.339091 -0.888801 0.308302
vn -0.339091 -0.888801 0.308302
vn -0.339091 -0.888801 0.308302
vn -0.339091 -0.888801 0.308302
vn 0.897904 -0.000000 0.440192
vn 0.897904 -0.000000 0.440192
vn 0.897904 -0.000000 0.440192
vn 0.897904 -0.000000 0.440192
vn -0.154695 0.158539 0.975159
vn -0.154695 0.158539 0.975159
vn -0.154695 0.158539 0.975159
vn -0.154695 0.158539 0.975159
vn -0.633924 -0.767279 0.097075
vn -0.633924 -0.767279 0.097075
vn -0.633924 -0.767279 0.097075
vn -0.633924 -0.767279 0.097075
vn 0.027240 -0.294750 0.955186
vn -0.054359 -0.291342 0.955073
vn -0.054359 -0.291342 0.955073
vn -0.054359 -0.291342 0.955073
vn -0.135596 -0.285991 0.948590
vn -0.054359 -0.291342 0.955073
vn -0.669430 0.171346 -0.722845
vn -0.669430 0.171346 -0.722845
vn -0.669430 0.171346 -0.722845
vn -0.669430 0.171346 -0.722845
vn -0.465647 0.292458 -0.835249
vn -0.465647 0.292458 -0.835249
vn -0.465647 0.292458 -0.835249
vn -0.465647 0.292458 -0.835249
vn -0.850040 0.399392 0.343393
vn -0.850040 0.399392 0.343393
vn -0.850040 0.399392 0.343393
vn -0.850040 0.399392 0.343393
vn -0.881880 0.358015 -0.306780
vn -0.881880 0.358015 -0.306780
vn -0.881880 0.358015 -0.306780
vn -0.881880 0.358015 -0.306780
vn -0.234262 0.906557 -0.351108
vn -0.234262 0.906557 -0.351108
vn -0.234262 0.906557 -0.351108
vn -0.234262 0.906557 -0.351108
vn 0.614978 -0.786093 0.062127
vn 0.598443 -0.800782 0.024796
vn 0.598443 -0.800782 0.024796
vn 0.598443 -0.800782 0.024796
vn 0.580781 -0.813963 -0.012581
vn 0.598443 -0.800782 0.024796
vn -0.847403 -0.512440 0.138968
vn -0.847403 -0.512440 0.138968
vn -0.847403 -0.512440 0.138968
vn -0.847403 -0.512440 0.138968
vn 0.129230 0.989909 -0.058138
vn 0.129230 0.989909 -0.058138
vn 0.129230 0.989909 -0.058138
vn 0.129230 0.989909 -0.058138
vn 0.656214 0.327509 -0.679795
vn 0.656214 0.327509 -0.679795
vn 0.656214 0.327509 -0.679795
vn 0.656214 0.327509 -0.679795
vn -0.334013 0.168125 0.927453
vn -0.334013 0.168125 0.927453
vn -0.334013 0.168125 0.927453
vn -0.334013 0.168125 0.927453
vn 0.931524 -0.350868 0.095681
vn 0.931524 -0.350868 0.095681
vn 0.931524 -0.350868 0.095681
vn 0.931524 -0.350868 0.095681
vn -0.665784 0.220848 0.712712
vn -0.668200 0.228033 0.708174
vn -0.668200 0.228033 0.708174
vn -0.668200 0.228033 0.708174
vn -0.670563 0.235201 0.703580
vn -0.668200 0.228033 0.708174
vn 0.652704 0.726625 -0.214461
vn 0.652704 0.726625 -0.214461
vn 0.652704 0.726625 -0.214461
vn 0.652704 0.726625 -0.214461
vn -0.370215 -0.928107 0.039473
vn -0.370215 -0.928107 0.039473
vn -0.370215 -0.928107 0.039473
vn -0.370215 -0.928107 0.039473
vn 0.460642 -0.674120 0.577384
vn 0.460642 -0.674120 0.577384
vn 0.460642 -0.674120 0.577384
vn 0.460642 -0.674120 0.577384
vn 0.413701 -0.896480 -0.158664
vn 0.413701 -0.896480 -0.158664
vn 0.413701 -0.896480 -0.158664
vn 0.413701 -0.896480 -0.158664
vn -0.899912 0.305870 0.310809
vn -0.882984 0.322637 0.340947
vn -0.882984 0.322637 0.340947
vn -0.882984 0.322637 0.340947
vn -0.864753 0.338927 0.370581
vn -0.882984 0.322637 0.340947
vn -0.619871 -0.520154 -0.587537
vn -0.619871 -0.520154 -0.587537
vn -0.619871 -0.520154 -0.587537
vn -0.619871 -0.520154 -0.587537
vn -0.324892 -0.919535 0.221136
vn -0.324892 -0.919535 0.221136
vn -0.324892 -0.919535 0.221136
vn -0.324892 -0.919535 0.221136
vn 0.218192 0.964251 0.150377
vn 0.218192 0.964251 0.150377
vn 0.218192 0.964251 0.150377
vn 0.218192 0.964251 0.150377
vn 0.754788 0.555838 -0.348338
vn 0.754788 0.555838 -0.348338
vn 0.754788 0.555838 -0.348338
vn 0.754788 0.555838 -0.348338
vn 0.256237 0.875591 -0.409492
vn 0.256237 0.875591 -0.409492
vn 0.256237 0.875591 -0.409492
vn 0.256237 0.875591 -0.409492
vn -0.417833 -0.762228 0.494392
vn -0.417833 -0.762228 0.494392
vn -0.417833 -0.762228 0.494392
vn -0.417833 -0.762228 0.494392
vn 0.672454 -0.227724 -0.704235
vn 0.671134 -0.223785 -0.706752
vn 0.671134 -0.223785 -0.706752
vn 0.671134 -0.223785 -0.706752
vn 0.669799 -0.219841 -0.709253
vn 0.671134 -0.223785 -0.706752
vn -0.378467 -0.919481 -0.106382
vn -0.378467 -0.919481 -0.106382
vn -0.378467 -0.919481 -0.106382
vn -0.378467 -0.919481 -0.106382
vn -0.414900 -0.902035 -0.119129
vn -0.414900 -0.902035 -0.119129
vn -0.414900 -0.902035 -0.119129
vn -0.414900 -0.902035 -0.119129
vn -0.493446 -0.805793 -0.327428
vn -0.493446 -0.805793 -0.327428
vn -0.493446 -0.805793 -0.327428
vn -0.493446 -0.805793 -0.327428
vn -0.197187 -0.965531 0.169904
vn -0.197187 -0.965531 0.169904
vn -0.197187 -0.965531 0.169904
vn -0.197187 -0.965531 0.169904
vn 0.868862 -0.333842 -0.365551
vn 0.880204 -0.323735 -0.347041
vn 0.880204 -0.323735 -0.347041
vn 0.880204 -0.323735 -0.347041
vn 0.891040 -0.313442 -0.328331
vn 0.880204 -0.323735 -0.347041
vn 0.563533 -0.812403 -0.149773
vn 0.563533 -0.812403 -0.149773
vn 0.563533 -0.812403 -0.149773
vn 0.563533 -0.812403 -0.149773
vn 0.662305 0.712938 -0.230373
vn 0.662305 0.712938 -0.230373
vn 0.662305 0.712938 -0.230373
vn 0.662305 0.712938 -0.230373
vn 0.247276 0.966562 0.067911
vn 0.247276 0.966562 0.067911
vn 0.247276 0.966562 0.067911
vn 0.247276 0.966562 0.067911
vn 0.534240 -0.172808 0.827481
vn 0.534240 -0.172808 0.827481
vn 0.534240 -0.172808 0.827481
vn 0.534240 -0.172808 0.827481
vn 0.895263 -0.411087 -0.171790
vn 0.895263 -0.411087 -0.171790
vn 0.895263 -0.411087 -0.171790
vn 0.895263 -0.411087 -0.171790
vn 0.304381 0.009318 -0.952505
vn 0.304381 0.009318 -0.952505
vn 0.304381 0.009318 -0.952505
vn 0.304381 0.009318 -0.952505
vn -0.551087 -0.077210 -0.830868
vn -0.551087 -0.077210 -0.830868
vn -0.551087 -0.077210 -0.830868
vn -0.551087 -0.077210 -0.830868
vn 0.606540 -0.785771 0.121133
vn 0.606540 -0.785771 0.121133
vn 0.606540 -0.785771 0.121133
vn 0.606540 -0.785771 0.121133
vn -0.986824 0.050948 -0.153569
vn -0.986476 0.049447 -0.156271
vn -0.986476 0.049447 -0.156271
vn -0.986476 0.049447 -0.156271
vn -0.986118 0.047946 -0.158971
vn -0.986476 0.049447 -0.156271
vn -0.291494 0.791234 -0.537568
vn -0.291494 0.791234 -0.537568
vn -0.291494 0.791234 -0.537568
vn -0.291494 0.791234 -0.537568
vn 0.800291 -0.574568 0.171484
vn 0.800291 -0.574568 0.171484
vn 0.800291 -0.574568 0.171484
vn 0.800291 -0.574568 0.171484
vn -0.109575 0.100986 0.988835
vn -0.109575 0.100986 0.988835
vn -0.109575 0.100986 0.988835
vn -0.109575 0.100986 0.988835
vn -0.297001 -0.069107 0.952373
vn -0.297001 -0.069107 0.952373
vn -0.297001 -0.069107 0.952373
vn -0.297001 -0.069107 0.952373
vn -0.627374 0.382738 0.678169
vn -0.627374 0.382738 0.678169
vn -0.627374 0.382738 0.678169
vn -0.627374 0.382738 0.678169
vn -0.367140 -0.268584 0.890545
vn -0.413937 -0.207631 0.886310
vn -0.413937 -0.207631 0.886310
vn -0.413937 -0.207631 0.886310
vn -0.458283 -0.145447 0.876825
vn -0.413937 -0.207631 0.886310
vn 0.693869 -0.399214 0.599312
vn 0.693869 -0.399214 0.599312
vn 0.693869 -0.399214 0.599312
vn 0.693869 -0.399214 0.599312
vn -0.428809 0.148703 0.891073
vn -0.428809 0.148703 0.891073
vn -0.428809 0.148703 0.891073
vn -0.428809 0.148703 0.891073
vn 0.161330 0.768481 -0.619200
vn 0.161330 0.768481 -0.619200
vn 0.161330 0.768481 -0.619200
vn 0.161330 0.768481 -0.619200
vn -0.459041 0.150871 0.875511
vn -0.459041 0.150871 0.875511
vn -0.459041 0.150871 0.875511
vn -0.459041 0.150871 0.875511
vn -0.423363 -0.883436 -0.200760
vn -0.423363 -0.883436 -0.200760
vn -0.423363 -0.883436 -0.200760
vn -0.423363 -0.883436 -0.200760
vn -0.181476 -0.146577 -0.972410
vn -0.196352 -0.152971 -0.968528
vn -0.196352 -0.152971 -0.968528
vn -0.196352 -0.152971 -0.968528
vn -0.211173 -0.159322 -0.964377
vn -0.196352 -0.152971 -0.968528
vn -0.063619 0.985816 0.155303
vn -0.063619 0.985816 0.155303
vn -0.063619 0.985816 0.155303
vn -0.063619 0.985816 0.155303
vn 0.457562 0.826937 -0.326821
vn 0.457562 0.826937 -0.326821
vn 0.457562 0.826937 -0.326821
vn 0.457562 0.826937 -0.326821
vn 0.508719 0.763774 -0.397310
vn 0.508719 0.763774 -0.397310
vn 0.508719 0.763774 -0.397310
vn 0.508719 0.763774 -0.397310
vn -0.966350 0.167292 0.195400
vn -0.966350 0.167292 0.195400
vn -0.966350 0.167292 0.195400
vn -0.966350 0.167292 0.195400
vn 0.246010 -0.318638 -0.915395
vn 0.216623 -0.283855 -0.934078
vn 0.216623 -0.283855 -0.934078
vn 0.216623 -0.283855 -0.934078
vn 0.186710 -0.248383 -0.950497
vn 0.216623 -0.283855 -0.934078
vn 0.658385 0.693255 -0.293131
vn 0.658385 0.693255 -0.293131
vn 0.658385 0.693255 -0.293131
vn 0.658385 0.693255 -0.293131
vn -0.098985 -0.978725 0.179721
vn -0.098985 -0.978725 0.179721
vn -0.098985 -0.978725 0.179721
vn -0.098985 -0.978725 0.179721
vn -0.377875 0.051496 -0.924423
vn -0.377875 0.051496 -0.924423
vn -0.377875 0.051496 -0.924423
vn -0.377875 0.051496 -0.924423
vn -0.663164 -0.689992 0.290043
vn -0.663164 -0.689992 0.290043
vn -0.663164 -0.689992 0.290043
vn -0.663164 -0.689992 0.290043
vn -0.618596 -0.748300 0.239555
vn -0.618596 -0.748300 0.239555
vn -0.618596 -0.748300 0.239555
vn -0.618596 -0.748300 0.239555
vn 0.784606 0.420800 -0.455325
vn 0.784606 0.420800 -0.455325
vn 0.784606 0.420800 -0.455325
vn 0.784606 0.420800 -0.455325
vn 0.212799 0.167145 0.962694
vn 0.199370 0.161506 0.966523
vn 0.199370 0.161506 0.966523
vn 0.199370 0.161506 0.966523
vn 0.185897 0.155831 0.970134
vn 0.199370 0.161506 0.966523
vn -0.630864 -0.669807 -0.391624
vn -0.630864 -0.669807 -0.391624
vn -0.630864 -0.669807 -0.391624
vn -0.630864 -0.669807 -0.391624
vn -0.620588 -0.753569 -0.216804
vn -0.620588 -0.753569 -0.216804
vn -0.620588 -0.753569 -0.216804
vn -0.620588 -0.753569 -0.216804
vn -0.507502 -0.764847 0.396801
vn -0.507502 -0.764847 0.396801
vn -0.507502 -0.764847 0.396801
vn -0.507502 -0.764847 0.396801
vn 0.060266 0.940042 0.335692
vn 0.060266 0.940042 0.335692
vn 0.060266 0.940042 0.335692
vn 0.060266 0.940042 0.335692
vn -0.190939 0.258677 0.946905
vn -0.213663 0.285481 0.934264
vn -0.213663 0.285481 0.934264
vn -0.213663 0.285481 0.934264
vn -0.236090 0.311886 0.920320
vn -0.213663 0.285481 0.934264
vn 0.639553 0.765903 -0.066059
vn 0.639553 0.765903 -0.066059
vn 0.639553 0.765903 -0.066059
vn 0.639553 0.765903 -0.066059
vn 0.708980 0.489159 -0.508007
vn 0.708980 0.489159 -0.508007
vn 0.708980 0.489159 -0.508007
vn 0.708980 0.489159 -0.508007
vn 0.419352 -0.190046 0.887708
vn 0.419352 -0.190046 0.887708
vn 0.419352 -0.190046 0.887708
vn 0.419352 -0.190046 0.887708
vn -0.558487 0.398472 -0.727538
vn -0.558487 0.398472 -0.727538
vn -0.558487 0.398472 -0.727538
vn -0.558487 0.398472 -0.727538
vn 0.935916 -0.317043 -0.153441
vn 0.935916 -0.317043 -0.153441
vn 0.935916 -0.317043 -0.153441
vn 0.935916 -0.317043 -0.153441
vn -0.786878 -0.418360 0.453649
vn -0.786878 -0.418360 0.453649
vn -0.786878 -0.418360 0.453649
vn -0.786878 -0.418360 0.453649
vn 0.268073 0.396771 0.877900
vn 0.268073 0.396771 0.877900
vn 0.268073 0.396771 0.877900
vn 0.268073 0.396771 0.877900
vn 0.593424 -0.244098 -0.766984
vn 0.593424 -0.244098 -0.766984
vn 0.593424 -0.244098 -0.766984
vn 0.593424 -0.244098 -0.766984
vn 0.535019 -0.624631 -0.568850
vn 0.534523 -0.624180 -0.569811
vn 0.534523 -0.624180 -0.569811
vn 0.534523 -0.624180 -0.569811
vn 0.534027 -0.623727 -0.570771
vn 0.534523 -0.624180 -0.569811
vn -0.543149 -0.827340 -0.143171
vn -0.543149 -0.827340 -0.143171
vn -0.543149 -0.827340 -0.143171
vn -0.543149 -0.827340 -0.143171
vn 0.153860 -0.046380 -0.987004
vn 0.153860 -0.046380 -0.987004
vn 0.153860 -0.046380 -0.987004
vn 0.153860 -0.046380 -0.987004
vn -0.635092 0.191108 -0.748423
vn -0.635092 0.191108 -0.748423
vn -0.635092 0.191108 -0.748423
vn -0.635092 0.191108 -0.748423
vn 0.824212 -0.187167 0.534455
vn 0.824212 -0.187167 0.534455
vn 0.824212 -0.187167 0.534455
vn 0.824212 -0.187167 0.534455
vn 0.667616 -0.169915 0.724857
vn 0.667616 -0.169915 0.724857
vn 0.667616 -0.169915 0.724857
vn 0.667616 -0.169915 0.724857
vn -0.708160 -0.321867 -0.628419
vn -0.698985 -0.318910 -0.640091
vn -0.698985 -0.318910 -0.640091
vn -0.698985 -0.318910 -0.640091
vn -0.689650 -0.315880 -0.651615
vn -0.698985 -0.318910 -0.640091
vn -0.862727 0.213851 -0.458225
vn -0.862727 0.213851 -0.458225
vn -0.862727 0.213851 -0.458225
vn -0.862727 0.213851 -0.458225
vn 0.556118 0.827480 0.077517
vn 0.556118 0.827480 0.077517
vn 0.556118 0.827480 0.077517
vn 0.556118 0.827480 0.077517
vn -0.437641 -0.893453 0.101053
vn -0.437641 -0.893453 0.101053
vn -0.437641 -0.893453 0.101053
vn -0.437641 -0.893453 0.101053
vn 0.088508 0.970090 0.226034
vn 0.088508 0.970090 0.226034
vn 0.088508 0.970090 0.226034
vn 0.088508 0.970090 0.226034
vn -0.483592 -0.868268 0.110680
vn -0.483592 -0.868268 0.110680
vn -0.483592 -0.868268 0.110680
vn -0.483592 -0.868268 0.110680
vn -0.912479 0.136004 -0.385856
vn -0.914602 0.133065 -0.381833
vn -0.914602 0.133065 -0.381833
vn -0.914602 0.133065 -0.381833
vn -0.916698 0.130123 -0.377799
vn -0.914602 0.133065 -0.381833
vn 0.631697 0.669886 0.390145
vn 0.631697 0.669886 0.390145
vn 0.631697 0.669886 0.390145
vn 0.631697 0.669886 0.390145
vn 0.414756 0.902066 0.119397
vn 0.414756 0.902066 0.119397
vn 0.414756 0.902066 0.119397
vn 0.414756 0.902066 0.119397
vn -0.875200 -0.187167 -0.446087
vn -0.875200 -0.187167 -0.446087
vn -0.875200 -0.187167 -0.446087
vn -0.875200 -0.187167 -0.446087
vn -0.372938 -0.897301 0.236154
vn -0.372938 -0.897301 0.236154
vn -0.372938 -0.897301 0.236154
vn -0.372938 -0.897301 0.236154
vn -0.636155 0.007533 -0.771524
vn -0.665585 0.048295 -0.744758
vn -0.665585 0.048295 -0.744758
vn -0.665585 0.048295 -0.744758
vn -0.692855 0.088901 -0.715576
vn -0.665585 0.048295 -0.744758
vn -0.757955 -0.557820 0.338142
vn -0.757955 -0.557820 0.338142
vn -0.757955 -0.557820 0.338142
vn -0.757955 -0.557820 0.338142
vn 0.559081 0.820969 0.115927
vn 0.559081 0.820969 0.115927
vn 0.559081 0.820969 0.115927
vn 0.559081 0.820969 0.115927
vn -0.275642 -0.015206 -0.961140
vn -0.275642 -0.015206 -0.961140
vn -0.275642 -0.015206 -0.961140
vn -0.275642 -0.015206 -0.961140
vn 0.281348 -0.952428 0.117147
vn 0.281348 -0.952428 0.117147
vn 0.281348 -0.952428 0.117147
vn 0.281348 -0.952428 0.117147
vn -0.822725 -0.046593 0.566527
vn -0.822725 -0.046593 0.566527
vn -0.822725 -0.046593 0.566527
vn -0.822725 -0.046593 0.566527
vn 0.751411 -0.148191 0.642977
vn 0.751411 -0.148191 0.642977
vn 0.751411 -0.148191 0.642977
vn 0.751411 -0.148191 0.642977
vn 0.917108 -0.128917 0.377217
vn 0.915055 -0.131795 0.381189
vn 0.915055 -0.131795 0.381189
vn 0.915055 -0.131795 0.381189
vn 0.912975 -0.134670 0.385149
vn 0.915055 -0.131795 0.381189
vn -0.607523 -0.787688 -0.102295
vn -0.607523 -0.787688 -0.102295
vn -0.607523 -0.787688 -0.102295
vn -0.607523 -0.787688 -0.102295
vn -0.955042 -0.040855 0.293643
vn -0.955042 -0.040855 0.293643
vn -0.955042 -0.040855 0.293643
vn -0.955042 -0.040855 0.293643
vn -0.203511 -0.954183 0.219359
vn -0.203511 -0.954183 0.219359
vn -0.203511 -0.954183 0.219359
vn -0.203511 -0.954183 0.219359
vn -0.647298 -0.688739 0.326565
vn -0.647298 -0.688739 0.326565
vn -0.647298 -0.688739 0.326565
vn -0.647298 -0.688739 0.326565
vn 0.692711 -0.087999 0.715827
vn 0.665351 -0.047608 0.745011
vn 0.665351 -0.047608 0.745011
vn 0.665351 -0.047608 0.745011
vn 0.635841 -0.007064 0.771787
vn 0.665351 -0.047608 0.745011
vn -0.338252 -0.914906 -0.220300
vn -0.338252 -0.914906 -0.220300
vn -0.338252 -0.914906 -0.220300
vn -0.338252 -0.914906 -0.220300
vn -0.300746 -0.894791 0.330002
vn -0.300746 -0.894791 0.330002
vn -0.300746 -0.894791 0.330002
vn -0.300746 -0.894791 0.330002
vn -0.305366 0.079491 -0.948911
vn -0.305366 0.079491 -0.948911
vn -0.305366 0.079491 -0.948911
vn -0.305366 0.079491 -0.948911
vn 0.302331 -0.164376 0.938923
vn 0.302331 -0.164376 0.938923
vn 0.302331 -0.164376 0.938923
vn 0.302331 -0.164376 0.938923
vn 0.367154 0.887916 -0.277133
vn 0.367154 0.887916 -0.277133
vn 0.367154 0.887916 -0.277133
vn 0.367154 0.887916 -0.277133
vn -0.017999 -0.410394 0.911731
vn -0.017999 -0.410394 0.911731
vn -0.017999 -0.410394 0.911731
vn -0.017999 -0.410394 0.911731
vn -0.928891 0.245885 -0.276952
vn -0.928891 0.245885 -0.276952
vn -0.928891 0.245885 -0.276952
vn -0.928891 0.245885 -0.276952
vn 0.263988 -0.938475 -0.222655
vn 0.263988 -0.938475 -0.222655
vn 0.263988 -0.938475 -0.222655
vn 0.263988 -0.938475 -0.222655
vn -0.281564 -0.328509 -0.901556
vn -0.316519 -0.302975 -0.898901
vn -0.316519 -0.302975 -0.898901
vn -0.316519 -0.302975 -0.898901
vn -0.350878 -0.276871 -0.894554
vn -0.316519 -0.302975 -0.898901
vn 0.590133 -0.100097 -0.801077
vn 0.590133 -0.100097 -0.801077
vn 0.590133 -0.100097 -0.801077
vn 0.590133 -0.100097 -0.801077
vn -0.181069 0.417714 0.890353
vn -0.181069 0.417714 0.890353
vn -0.181069 0.417714 0.890353
vn -0.181069 0.417714 0.890353
vn -0.728236 0.182917 0.660464
vn -0.728236 0.182917 0.660464
vn -0.728236 0.182917 0.660464
vn -0.728236 0.182917 0.660464
vn 0.261174 -0.141987 0.954792
vn 0.261174 -0.141987 0.954792
vn 0.261174 -0.141987 0.954792
vn 0.261174 -0.141987 0.954792
vn 0.492405 0.779063 -0.388071
vn 0.492405 0.779063 -0.388071
vn 0.492405 0.779063 -0.388071
vn 0.492405 0.779063 -0.388071
vn -0.966444 -0.193018 0.169500
vn -0.961286 -0.202991 0.186344
vn -0.961286 -0.202991 0.186344
vn -0.961286 -0.202991 0.186344
vn -0.955734 -0.212881 0.203111
vn -0.961286 -0.202991 0.186344
vn -0.397707 -0.184533 -0.898764
vn -0.397707 -0.184533 -0.898764
vn -0.397707 -0.184533 -0.898764
vn -0.397707 -0.184533 -0.898764
vn -0.104936 -0.993195 0.050527
vn -0.104936 -0.993195 0.050527
vn -0.104936 -0.993195 0.050527
vn -0.104936 -0.993195 0.050527
vn -0.265848 0.951568 -0.154416
vn -0.265848 0.951568 -0.154416
vn -0.265848 0.951568 -0.154416
vn -0.265848 0.951568 -0.154416
vn -0.487672 -0.781962 0.388216
vn -0.487672 -0.781962 0.388216
vn -0.487672 -0.781962 0.388216
vn -0.487672 -0.781962 0.388216
vn -0.170252 0.702999 -0.690512
vn -0.166792 0.703656 -0.690687
vn -0.166792 0.703656 -0.690687
vn -0.166792 0.703656 -0.690687
vn -0.163329 0.704304 -0.690855
vn -0.166792 0.703656 -0.690687
vn -0.244100 -0.880265 0.406876
vn -0.244100 -0.880265 0.406876
vn -0.244100 -0.880265 0.406876
vn -0.244100 -0.880265 0.406876
vn 0.688137 0.303501 0.659056
vn 0.688137 0.303501 0.659056
vn 0.688137 0.303501 0.659056
vn 0.688137 0.303501 0.659056
vn -0.403385 -0.910518 -0.090758
vn -0.403385 -0.910518 -0.090758
vn -0.403385 -0.910518 -0.090758
vn -0.403385 -0.910518 -0.090758
vn -0.586084 -0.484637 0.649332
vn -0.586084 -0.484637 0.649332
vn -0.586084 -0.484637 0.649332
vn -0.586084 -0.484637 0.649332
vn 0.209895 0.456508 -0.864607
vn 0.194936 0.498087 -0.844932
vn 0.194936 0.498087 -0.844932
vn 0.194936 0.498087 -0.844932
vn 0.179521 0.538500 -0.823280
vn 0.194936 0.498087 -0.844932
vn 0.090540 0.910943 0.402474
vn 0.090540 0.910943 0.402474
vn 0.090540 0.910943 0.402474
vn 0.090540 0.910943 0.402474
vn -0.442303 0.183528 -0.877887
vn -0.442303 0.183528 -0.877887
vn -0.442303 0.183528 -0.877887
vn -0.442303 0.183528 -0.877887
vn -0.411825 -0.898892 0.149641
vn -0.411825 -0.898892 0.149641
vn -0.411825 -0.898892 0.149641
vn -0.411825 -0.898892 0.149641
vn 0.750835 0.657434 -0.063459
vn 0.750835 0.657434 -0.063459
vn 0.750835 0.657434 -0.063459
vn 0.750835 0.657434 -0.063459
vn 0.173820 -0.699794 0.692875
vn 0.170453 -0.700432 0.693066
vn 0.170453 -0.700432 0.693066
vn 0.170453 -0.700432 0.693066
vn 0.167083 -0.701063 0.693249
vn 0.170453 -0.700432 0.693066
vn -0.351252 -0.914441 0.201045
vn -0.351252 -0.914441 0.201045
vn -0.351252 -0.914441 0.201045
vn -0.351252 -0.914441 0.201045
vn -0.212341 -0.913297 -0.347563
vn -0.212341 -0.913297 -0.347563
vn -0.212341 -0.913297 -0.347563
vn -0.212341 -0.913297 -0.347563
vn 0.402968 0.910863 0.089141
vn 0.402968 0.910863 0.089141
vn 0.402968 0.910863 0.089141
vn 0.402968 0.910863 0.089141
vn 0.588400 0.485474 -0.646606
vn 0.588400 0.485474 -0.646606
vn 0.588400 0.485474 -0.646606
vn 0.588400 0.485474 -0.646606
vn -0.176831 -0.530340 0.829138
vn -0.200273 -0.467996 0.860738
vn -0.200273 -0.467996 0.860738
vn -0.200273 -0.467996 0.860738
vn -0.222628 -0.403109 0.887660
vn -0.200273 -0.467996 0.860738
vn 0.119472 0.970116 -0.211192
vn 0.119472 0.970116 -0.211192
vn 0.119472 0.970116 -0.211192
vn 0.119472 0.970116 -0.211192
vn 0.988233 -0.147225 0.041486
vn 0.988233 -0.147225 0.041486
vn 0.988233 -0.147225 0.041486
vn 0.988233 -0.147225 0.041486
vn 0.431897 -0.892863 0.127520
vn 0.431897 -0.892863 0.127520
vn 0.431897 -0.892863 0.127520
vn 0.431897 -0.892863 0.127520
vn -0.623219 0.131888 0.770846
vn -0.623219 0.131888 0.770846
vn -0.623219 0.131888 0.770846
vn -0.623219 0.131888 0.770846
vn 0.928722 -0.105826 0.355354
vn 0.928722 -0.105826 0.355354
vn 0.928722 -0.105826 0.355354
vn 0.928722 -0.105826 0.355354
vn 0.283709 0.117140 0.951729
vn 0.283709 0.117140 0.951729
vn 0.283709 0.117140 0.951729
vn 0.283709 0.117140 0.951729
vn 0.335279 0.022559 -0.941849
vn 0.353100 -0.053884 -0.934033
vn 0.353100 -0.053884 -0.934033
vn 0.353100 -0.053884 -0.934033
vn 0.368724 -0.129991 -0.920405
vn 0.353100 -0.053884 -0.934033
vn 0.873330 -0.401140 -0.276371
vn 0.873330 -0.401140 -0.276371
vn 0.873330 -0.401140 -0.276371
vn 0.873330 -0.401140 -0.276371
vn 0.223898 -0.024993 0.974292
vn 0.223898 -0.024993 0.974292
vn 0.223898 -0.024993 0.974292
vn 0.223898 -0.024993 0.974292
vn 0.609032 -0.350769 0.711366
vn 0.609032 -0.350769 0.711366
vn 0.609032 -0.350769 0.711366
vn 0.609032 -0.350769 0.711366
vn 0.432772 -0.188216 0.881637
vn 0.432772 -0.188216 0.881637
vn 0.432772 -0.188216 0.881637
vn 0.432772 -0.188216 0.881637
vn -0.699025 0.496134 -0.514990
vn -0.726546 0.474581 -0.496894
vn -0.726546 0.474581 -0.496894
vn -0.726546 0.474581 -0.496894
vn -0.752941 0.452293 -0.478028
vn -0.726546 0.474581 -0.496894
vn 0.235421 -0.899494 0.368087
vn 0.235421 -0.899494 0.368087
vn 0.235421 -0.899494 0.368087
vn 0.235421 -0.899494 0.368087
vn -0.589852 -0.076944 -0.803837
vn -0.589852 -0.076944 -0.803837
vn -0.589852 -0.076944 -0.803837
vn -0.589852 -0.076944 -0.803837
vn -0.560699 0.820375 0.112257
vn -0.560699 0.820375 0.112257
vn -0.560699 0.820375 0.112257
vn -0.560699 0.820375 0.112257
vn -0.428761 0.894922 -0.123607
vn -0.428761 0.894922 -0.123607
vn -0.428761 0.894922 -0.123607
vn -0.428761 0.894922 -0.123607
vn -0.028345 0.831382 0.554979
vn -0.027288 0.826731 0.561936
vn -0.027288 0.826731 0.561936
vn -0.027288 0.826731 0.561936
vn -0.026229 0.822021 0.568853
vn -0.027288 0.826731 0.561936
vn 0.125690 -0.914168 0.385355
vn 0.125690 -0.914168 0.385355
vn 0.125690 -0.914168 0.385355
vn 0.125690 -0.914168 0.385355
vn 0.687655 0.709126 -0.155791
vn 0.687655 0.709126 -0.155791
vn 0.687655 0.709126 -0.155791
vn 0.687655 0.709126 -0.155791
vn 0.331564 -0.906712 0.260650
vn 0.331564 -0.906712 0.260650
vn 0.331564 -0.906712 0.260650
vn 0.331564 -0.906712 0.260650
vn 0.890677 -0.020323 -0.454182
vn 0.890677 -0.020323 -0.454182
vn 0.890677 -0.020323 -0.454182
vn 0.890677 -0.020323 -0.454182
vn -0.429269 0.867661 0.250785
vn -0.367185 0.890171 0.269761
vn -0.367185 0.890171 0.269761
vn -0.367185 0.890171 0.269761
vn -0.303368 0.908478 0.287463
vn -0.367185 0.890171 0.269761
vn -0.056997 0.985455 -0.160092
vn -0.056997 0.985455 -0.160092
vn -0.056997 0.985455 -0.160092
vn -0.056997 0.985455 -0.160092
vn -0.215586 -0.960023 -0.178545
vn -0.215586 -0.960023 -0.178545
vn -0.215586 -0.960023 -0.178545
vn -0.215586 -0.960023 -0.178545
vn 0.617619 0.517617 0.592131
vn 0.617619 0.517617 0.592131
vn 0.617619 0.517617 0.592131
vn 0.617619 0.517617 0.592131
vn -0.047399 0.943873 -0.326892
vn -0.047399 0.943873 -0.326892
vn -0.047399 0.943873 -0.326892
vn -0.047399 0.943873 -0.326892
vn 0.029974 -0.817244 -0.575511
vn 0.030872 -0.821186 -0.569824
vn 0.030872 -0.821186 -0.569824
vn 0.030872 -0.821186 -0.569824
vn 0.031768 -0.825088 -0.564110
vn 0.030872 -0.821186 -0.569824
vn -0.438427 -0.822538 0.362234
vn -0.438427 -0.822538 0.362234
vn -0.438427 -0.822538 0.362234
vn -0.438427 -0.822538 0.362234
vn -0.692057 -0.301699 -0.655771
vn -0.692057 -0.301699 -0.655771
vn -0.692057 -0.301699 -0.655771
vn -0.692057 -0.301699 -0.655771
vn 0.300148 -0.754620 -0.583490
vn 0.300148 -0.754620 -0.583490
vn 0.300148 -0.754620 -0.583490
vn 0.300148 -0.754620 -0.583490
vn -0.649292 -0.613409 -0.449610
vn -0.649292 -0.613409 -0.449610
vn -0.649292 -0.613409 -0.449610
vn -0.649292 -0.613409 -0.449610
vn 0.311153 -0.905161 -0.289598
vn 0.365017 -0.889662 -0.274344
vn 0.365017 -0.889662 -0.274344
vn 0.365017 -0.889662 -0.274344
vn 0.417649 -0.871160 -0.258164
vn 0.365017 -0.889662 -0.274344
vn 0.354251 0.911287 0.209908
vn 0.354251 0.911287 0.209908
vn 0.354251 0.911287 0.209908
vn 0.354251 0.911287 0.209908
vn -0.664502 0.398771 0.631996
vn -0.664502 0.398771 0.631996
vn -0.664502 0.398771 0.631996
vn -0.664502 0.398771 0.631996
vn -0.487457 -0.301381 -0.819485
vn -0.487457 -0.301381 -0.819485
vn -0.487457 -0.301381 -0.819485
vn -0.487457 -0.301381 -0.819485
vn 0.422604 0.884323 0.198439
vn 0.422604 0.884323 0.198439
vn 0.422604 0.884323 0.198439
vn 0.422604 0.884323 0.198439
vn -0.719451 0.182327 0.670184
vn -0.719451 0.182327 0.670184
vn -0.719451 0.182327 0.670184
vn -0.719451 0.182327 0.670184
vn 0.461512 0.880063 0.111784
vn 0.461512 0.880063 0.111784
vn 0.461512 0.880063 0.111784
vn 0.461512 0.880063 0.111784
vn -0.803020 0.592330 0.065607
vn -0.809431 0.584075 0.060655
vn -0.809431 0.584075 0.060655
vn -0.809431 0.584075 0.060655
vn -0.815733 0.575742 0.055695
vn -0.809431 0.584075 0.060655
vn 0.166957 -0.188561 -0.967766
vn 0.166957 -0.188561 -0.967766
vn 0.166957 -0.188561 -0.967766
vn 0.166957 -0.188561 -0.967766
vn -0.998587 -0.014753 0.051053
vn -0.998587 -0.014753 0.051053
vn -0.998587 -0.014753 0.051053
vn -0.998587 -0.014753 0.051053
vn 0.835560 -0.549388 0.003488
vn 0.835560 -0.549388 0.003488
vn 0.835560 -0.549388 0.003488
vn 0.835560 -0.549388 0.003488
vn -0.360134 0.245378 0.900052
vn -0.360134 0.245378 0.900052
vn -0.360134 0.245378 0.900052
vn -0.360134 0.245378 0.900052
vn 0.099932 0.251837 0.962596
vn 0.094745 0.289743 0.952403
vn 0.094745 0.289743 0.952403
vn 0.094745 0.289743 0.952403
vn 0.089410 0.327195 0.940717
vn 0.094745 0.289743 0.952403
vn 0.169351 -0.359826 -0.917522
vn 0.169351 -0.359826 -0.917522
vn 0.169351 -0.359826 -0.917522
vn 0.169351 -0.359826 -0.917522
vn 0.613539 -0.283268 -0.737108
vn 0.613539 -0.283268 -0.737108
vn 0.613539 -0.283268 -0.737108
vn 0.613539 -0.283268 -0.737108
s 1
g tree_05 group1 samor_4024_187
usemtl samor_4024_187SG
f 1028/618/625 1027/619/626 1026/617/627
f 1026/617/627 1027/619/626 1025/620/628
s 2
f 1358/621/629 1360/622/630 1357/624/631
f 1357/624/631 1360/622/630 1359/623/632
s 3
f 1368/626/633 1367/627/634 1366/625/635
f 1366/625/635 1367/627/634 1365/628/636
s off
f 629/629/637 630/630/638 631/631/639
f 630/630/640 632/632/641 631/631/642
s 4
f 816/634/643 815/635/644 814/633/645
f 814/633/645 815/635/644 813/636/646
s 5
f 1558/637/647 1560/638/648 1557/640/649
f 1557/640/649 1560/638/648 1559/639/650
s 6
f 1078/641/651 1080/642/652 1077/644/653
f 1077/644/653 1080/642/652 1079/643/654
s 7
f 780/646/655 779/647/656 778/645/657
f 778/645/657 779/647/656 777/648/658
s off
f 649/649/659 650/650/660 651/651/661
f 650/650/662 652/652/663 651/651/664
s 8
f 696/654/665 695/655/666 694/653/667
f 694/653/667 695/655/666 693/656/668
s 9
f 1504/658/669 1503/659/670 1502/657/671
f 1502/657/671 1503/659/670 1501/660/672
s 10
f 1396/662/673 1395/663/674 1394/661/675
f 1394/661/675 1395/663/674 1393/664/676
s 11
f 1462/665/677 1464/666/678 1461/668/679
f 1461/668/679 1464/666/678 1463/667/680
s off
f 669/669/681 670/670/682 671/671/683
f 670/670/684 672/672/685 671/671/686
s 12
f 636/674/687 635/675/688 634/673/689
f 634/673/689 635/675/688 633/676/690
s 13
f 2034/677/691 2036/678/692 2033/680/693
f 2033/680/693 2036/678/692 2035/679/694
s 14
f 774/681/695 776/682/696 773/684/697
f 773/684/697 776/682/696 775/683/698
s 15
f 1470/685/699 1472/686/700 1469/688/701
f 1469/688/701 1472/686/700 1471/687/702
s off
f 689/689/703 690/690/704 691/691/705
f 690/690/706 692/692/707 691/691/708
s 16
f 1096/694/709 1095/695/710 1094/693/711
f 1094/693/711 1095/695/710 1093/696/712
s 17
f 1450/697/713 1452/698/714 1449/700/715
f 1449/700/715 1452/698/714 1451/699/716
s 18
f 998/701/717 1000/702/718 997/704/719
f 997/704/719 1000/702/718 999/703/720
s 19
f 1302/705/721 1304/706/722 1301/708/723
f 1301/708/723 1304/706/722 1303/707/724
s 20
f 1772/710/725 1771/711/726 1770/709/727
f 1770/709/727 1771/711/726 1769/712/728
s 21
f 2112/714/729 2111/715/730 2110/713/731
f 2110/713/731 2111/715/730 2109/716/732
s off
f 717/717/733 718/718/734 719/719/735
f 718/718/736 720/720/737 719/719/738
s 22
f 2498/721/739 2500/722/740 2497/724/741
f 2497/724/741 2500/722/740 2499/723/742
s 23
f 1216/726/743 1215/727/744 1214/725/745
f 1214/725/745 1215/727/744 1213/728/746
s 24
f 1758/729/747 1760/730/748 1757/732/749
f 1757/732/749 1760/730/748 1759/731/750
s 25
f 1844/734/751 1843/735/752 1842/733/753
f 1842/733/753 1843/735/752 1841/736/754
s off
f 737/737/755 738/738/756 739/739/757
f 738/738/758 740/740/759 739/739/760
s 26
f 1996/742/761 1995/743/762 1994/741/763
f 1994/741/763 1995/743/762 1993/744/764
s 27
f 2066/745/765 2068/746/766 2065/748/767
f 2065/748/767 2068/746/766 2067/747/768
s 28
f 2204/750/769 2203/751/770 2202/749/771
f 2202/749/771 2203/751/770 2201/752/772
s 29
f 1410/753/773 1412/754/774 1409/756/775
f 1409/756/775 1412/754/774 1411/755/776
s 30
f 1112/758/777 1111/759/778 1110/757/779
f 1110/757/779 1111/759/778 1109/760/780
s off
f 761/761/781 762/762/782 763/763/783
f 762/762/784 764/764/785 763/763/786
s 31
f 968/766/787 967/767/788 966/765/789
f 966/765/789 967/767/788 965/768/790
s 32
f 1882/769/791 1884/770/792 1881/772/793
f 1881/772/793 1884/770/792 1883/771/794
s 33
f 1230/773/795 1232/774/796 1229/776/797
f 1229/776/797 1232/774/796 1231/775/798
s 34
f 736/778/799 735/779/800 734/777/801
f 734/777/801 735/779/800 733/780/802
s off
f 781/781/803 782/782/804 783/783/805
f 782/782/806 784/784/807 783/783/808
s 35
f 1140/786/809 1139/787/810 1138/785/811
f 1138/785/811 1139/787/810 1137/788/812
s 36
f 944/790/813 943/791/814 942/789/815
f 942/789/815 943/791/814 941/792/816
s 37
f 1656/794/817 1655/795/818 1654/793/819
f 1654/793/819 1655/795/818 1653/796/820
s 38
f 1966/797/821 1968/798/822 1965/800/823
f 1965/800/823 1968/798/822 1967/799/824
s 39
f 1600/802/825 1599/803/826 1598/801/827
f 1598/801/827 1599/803/826 1597/804/828
s 40
f 1640/806/829 1639/807/830 1638/805/831
f 1638/805/831 1639/807/830 1637/808/832
s off
f 809/809/833 810/810/834 811/811/835
f 810/810/836 812/812/837 811/811/838
s 41
f 1376/814/839 1375/815/840 1374/813/841
f 1374/813/841 1375/815/840 1373/816/842
s 42
f 1530/817/843 1532/818/844 1529/820/845
f 1529/820/845 1532/818/844 1531/819/846
s 43
f 642/821/847 644/822/848 641/824/849
f 641/824/849 644/822/848 643/823/850
s 44
f 1436/826/851 1435/827/852 1434/825/853
f 1434/825/853 1435/827/852 1433/828/854
s off
f 829/829/855 830/830/856 831/831/857
f 830/830/858 832/832/859 831/831/860
s 45
f 940/834/861 939/835/862 938/833/863
f 938/833/863 939/835/862 937/836/864
s 46
f 2344/838/865 2343/839/866 2342/837/867
f 2342/837/867 2343/839/866 2341/840/868
s 47
f 1906/841/869 1908/842/870 1905/844/871
f 1905/844/871 1908/842/870 1907/843/872
s 48
f 1488/846/873 1487/847/874 1486/845/875
f 1486/845/875 1487/847/874 1485/848/876
s 49
f 1800/850/877 1799/851/878 1798/849/879
f 1798/849/879 1799/851/878 1797/852/880
s 50
f 2096/854/881 2095/855/882 2094/853/883
f 2094/853/883 2095/855/882 2093/856/884
s 51
f 1034/857/885 1036/858/886 1033/860/887
f 1033/860/887 1036/858/886 1035/859/888
s 52
f 1496/862/889 1495/863/890 1494/861/891
f 1494/861/891 1495/863/890 1493/864/892
s off
f 865/865/893 866/866/894 867/867/895
f 866/866/896 868/868/897 867/867/898
s 53
f 1602/869/899 1604/870/900 1601/872/901
f 1601/872/901 1604/870/900 1603/871/902
s 54
f 1860/874/903 1859/875/904 1858/873/905
f 1858/873/905 1859/875/904 1857/876/906
s 55
f 1614/877/907 1616/878/908 1613/880/909
f 1613/880/909 1616/878/908 1615/879/910
s 56
f 1490/881/911 1492/882/912 1489/884/913
f 1489/884/913 1492/882/912 1491/883/914
s 57
f 1236/886/915 1235/887/916 1234/885/917
f 1234/885/917 1235/887/916 1233/888/918
s off
f 889/889/919 890/890/920 891/891/921
f 890/890/922 892/892/923 891/891/924
s 58
f 1808/894/925 1807/895/926 1806/893/927
f 1806/893/927 1807/895/926 1805/896/928
s 59
f 1960/898/929 1959/899/930 1958/897/931
f 1958/897/931 1959/899/930 1957/900/932
s 60
f 1510/901/933 1512/902/934 1509/904/935
f 1509/904/935 1512/902/934 1511/903/936
s 61
f 1818/905/937 1820/906/938 1817/908/939
f 1817/908/939 1820/906/938 1819/907/940
s 62
f 2276/910/941 2275/911/942 2274/909/943
f 2274/909/943 2275/911/942 2273/912/944
s off
f 913/913/945 914/914/946 915/915/947
f 914/914/948 916/916/949 915/915/950
s 63
f 1210/917/951 1212/918/952 1209/920/953
f 1209/920/953 1212/918/952 1211/919/954
s 64
f 1986/921/955 1988/922/956 1985/924/957
f 1985/924/957 1988/922/956 1987/923/958
s 65
f 1126/925/959 1128/926/960 1125/928/961
f 1125/928/961 1128/926/960 1127/927/962
s 66
f 828/930/963 827/931/964 826/929/965
f 826/929/965 827/931/964 825/932/966
s off
f 933/933/967 934/934/968 935/935/969
f 934/934/970 936/936/971 935/935/972
s 67
f 1306/937/973 1308/938/974 1305/940/975
f 1305/940/975 1308/938/974 1307/939/976
s 68
f 1904/942/977 1903/943/978 1902/941/979
f 1902/941/979 1903/943/978 1901/944/980
s 69
f 1660/946/981 1659/947/982 1658/945/983
f 1658/945/983 1659/947/982 1657/948/984
s 70
f 2118/949/985 2120/950/986 2117/952/987
f 2117/952/987 2120/950/986 2119/951/988
s 71
f 1880/954/989 1879/955/990 1878/953/991
f 1878/953/991 1879/955/990 1877/956/992
s 72
f 1416/958/993 1415/959/994 1414/957/995
f 1414/957/995 1415/959/994 1413/960/996
s off
f 961/961/997 962/962/998 963/963/999
f 962/962/1000 964/964/1001 963/963/1002
s 73
f 920/966/1003 919/967/1004 918/965/1005
f 918/965/1005 919/967/1004 917/968/1006
s 74
f 922/969/1007 924/970/1008 921/972/1009
f 921/972/1009 924/970/1008 923/971/1010
s 75
f 926/973/1011 928/974/1012 925/976/1013
f 925/976/1013 928/974/1012 927/975/1014
s 76
f 1622/977/1015 1624/978/1016 1621/980/1017
f 1621/980/1017 1624/978/1016 1623/979/1018
s off
f 981/981/1019 982/982/1020 983/983/1021
f 982/982/1022 984/984/1023 983/983/1024
s 77
f 1708/986/1025 1707/987/1026 1706/985/1027
f 1706/985/1027 1707/987/1026 1705/988/1028
s 78
f 1296/990/1029 1295/991/1030 1294/989/1031
f 1294/989/1031 1295/991/1030 1293/992/1032
s 79
f 722/993/1033 724/994/1034 721/996/1035
f 721/996/1035 724/994/1034 723/995/1036
s 80
f 2504/998/1037 2503/999/1038 2502/997/1039
f 2502/997/1039 2503/999/1038 2501/1000/1040
s 81
f 2308/1002/1041 2307/1003/1042 2306/1001/1043
f 2306/1001/1043 2307/1003/1042 2305/1004/1044
s 82
f 1310/1005/1045 1312/1006/1046 1309/1008/1047
f 1309/1008/1047 1312/1006/1046 1311/1007/1048
s 83
f 1924/1010/1049 1923/1011/1050 1922/1009/1051
f 1922/1009/1051 1923/1011/1050 1921/1012/1052
s 84
f 1336/1014/1053 1335/1015/1054 1334/1013/1055
f 1334/1013/1055 1335/1015/1054 1333/1016/1056
s off
f 1017/1017/1057 1018/1018/1058 1019/1019/1059
f 1018/1018/1060 1020/1020/1061 1019/1019/1062
s 85
f 2370/1021/1063 2372/1022/1064 2369/1024/1065
f 2369/1024/1065 2372/1022/1064 2371/1023/1066
s 86
f 2268/1026/1067 2267/1027/1068 2266/1025/1069
f 2266/1025/1069 2267/1027/1068 2265/1028/1070
s 87
f 2376/1030/1071 2375/1031/1072 2374/1029/1073
f 2374/1029/1073 2375/1031/1072 2373/1032/1074
s 88
f 1794/1033/1075 1796/1034/1076 1793/1036/1077
f 1793/1036/1077 1796/1034/1076 1795/1035/1078
s 89
f 1914/1037/1079 1916/1038/1080 1913/1040/1081
f 1913/1040/1081 1916/1038/1080 1915/1039/1082
s off
f 1041/1041/1083 1042/1042/1084 1043/1043/1085
f 1042/1042/1086 1044/1044/1087 1043/1043/1088
s 90
f 1926/1045/1089 1928/1046/1090 1925/1048/1091
f 1925/1048/1091 1928/1046/1090 1927/1047/1092
s 91
f 1700/1050/1093 1699/1051/1094 1698/1049/1095
f 1698/1049/1095 1699/1051/1094 1697/1052/1096
s 92
f 2014/1053/1097 2016/1054/1098 2013/1056/1099
f 2013/1056/1099 2016/1054/1098 2015/1055/1100
s 93
f 1704/1058/1101 1703/1059/1102 1702/1057/1103
f 1702/1057/1103 1703/1059/1102 1701/1060/1104
s 94
f 1672/1062/1105 1671/1063/1106 1670/1061/1107
f 1670/1061/1107 1671/1063/1106 1669/1064/1108
s off
f 1065/1065/1109 1066/1066/1110 1067/1067/1111
f 1066/1066/1112 1068/1068/1113 1067/1067/1114
s 95
f 2136/1070/1115 2135/1071/1116 2134/1069/1117
f 2134/1069/1117 2135/1071/1116 2133/1072/1118
s 96
f 1596/1074/1119 1595/1075/1120 1594/1073/1121
f 1594/1073/1121 1595/1075/1120 1593/1076/1122
s 97
f 1686/1077/1123 1688/1078/1124 1685/1080/1125
f 1685/1080/1125 1688/1078/1124 1687/1079/1126
s 98
f 1892/1082/1127 1891/1083/1128 1890/1081/1129
f 1890/1081/1129 1891/1083/1128 1889/1084/1130
s off
f 1085/1085/1131 1086/1086/1132 1087/1087/1133
f 1086/1086/1134 1088/1088/1135 1087/1087/1136
s 99
f 876/1090/1137 875/1091/1138 874/1089/1139
f 874/1089/1139 875/1091/1138 873/1092/1140
s 100
f 1752/1094/1141 1751/1095/1142 1750/1093/1143
f 1750/1093/1143 1751/1095/1142 1749/1096/1144
s 101
f 1200/1098/1145 1199/1099/1146 1198/1097/1147
f 1198/1097/1147 1199/1099/1146 1197/1100/1148
s 102
f 1244/1102/1149 1243/1103/1150 1242/1101/1151
f 1242/1101/1151 1243/1103/1150 1241/1104/1152
s 103
f 1400/1106/1153 1399/1107/1154 1398/1105/1155
f 1398/1105/1155 1399/1107/1154 1397/1108/1156
s 104
f 2024/1110/1157 2023/1111/1158 2022/1109/1159
f 2022/1109/1159 2023/1111/1158 2021/1112/1160
s off
f 1113/1113/1161 1114/1114/1162 1115/1115/1163
f 1114/1114/1164 1116/1116/1165 1115/1115/1166
s 105
f 676/1118/1167 675/1119/1168 674/1117/1169
f 674/1117/1169 675/1119/1168 673/1120/1170
s 106
f 2414/1121/1171 2416/1122/1172 2413/1124/1173
f 2413/1124/1173 2416/1122/1172 2415/1123/1174
s 107
f 2190/1125/1175 2192/1126/1176 2189/1128/1177
f 2189/1128/1177 2192/1126/1176 2191/1127/1178
s 108
f 2490/1129/1179 2492/1130/1180 2489/1132/1181
f 2489/1132/1181 2492/1130/1180 2491/1131/1182
s off
f 1133/1133/1183 1134/1134/1184 1135/1135/1185
f 1134/1134/1186 1136/1136/1187 1135/1135/1188
s 109
f 1662/1137/1189 1664/1138/1190 1661/1140/1191
f 1661/1140/1191 1664/1138/1190 1663/1139/1192
s 110
f 2208/1142/1193 2207/1143/1194 2206/1141/1195
f 2206/1141/1195 2207/1143/1194 2205/1144/1196
s 111
f 1562/1145/1197 1564/1146/1198 1561/1148/1199
f 1561/1148/1199 1564/1146/1198 1563/1147/1200
s 112
f 2128/1150/1201 2127/1151/1202 2126/1149/1203
f 2126/1149/1203 2127/1151/1202 2125/1152/1204
s 113
f 2248/1154/1205 2247/1155/1206 2246/1153/1207
f 2246/1153/1207 2247/1155/1206 2245/1156/1208
s 114
f 2354/1157/1209 2356/1158/1210 2353/1160/1211
f 2353/1160/1211 2356/1158/1210 2355/1159/1212
s 115
f 2228/1162/1213 2227/1163/1214 2226/1161/1215
f 2226/1161/1215 2227/1163/1214 2225/1164/1216
s 116
f 1048/1166/1217 1047/1167/1218 1046/1165/1219
f 1046/1165/1219 1047/1167/1218 1045/1168/1220
s 117
f 2088/1170/1221 2087/1171/1222 2086/1169/1223
f 2086/1169/1223 2087/1171/1222 2085/1172/1224
s 118
f 1458/1173/1225 1460/1174/1226 1457/1176/1227
f 1457/1176/1227 1460/1174/1226 1459/1175/1228
s 119
f 1976/1178/1229 1975/1179/1230 1974/1177/1231
f 1974/1177/1231 1975/1179/1230 1973/1180/1232
s 120
f 882/1181/1233 884/1182/1234 881/1184/1235
f 881/1184/1235 884/1182/1234 883/1183/1236
s 121
f 932/1186/1237 931/1187/1238 930/1185/1239
f 930/1185/1239 931/1187/1238 929/1188/1240
s off
f 1193/1189/1241 1194/1190/1242 1195/1191/1243
f 1194/1190/1244 1196/1192/1245 1195/1191/1246
s 122
f 2078/1193/1247 2080/1194/1248 2077/1196/1249
f 2077/1196/1249 2080/1194/1248 2079/1195/1250
s 123
f 2230/1197/1251 2232/1198/1252 2229/1200/1253
f 2229/1200/1253 2232/1198/1252 2231/1199/1254
s 124
f 788/1202/1255 787/1203/1256 786/1201/1257
f 786/1201/1257 787/1203/1256 785/1204/1258
s 125
f 2284/1206/1259 2283/1207/1260 2282/1205/1261
f 2282/1205/1261 2283/1207/1260 2281/1208/1262
s 126
f 2070/1209/1263 2072/1210/1264 2069/1212/1265
f 2069/1212/1265 2072/1210/1264 2071/1211/1266
s off
f 1217/1213/1267 1218/1214/1268 1219/1215/1269
f 1218/1214/1270 1220/1216/1271 1219/1215/1272
s 127
f 1984/1218/1273 1983/1219/1274 1982/1217/1275
f 1982/1217/1275 1983/1219/1274 1981/1220/1276
s 128
f 1274/1221/1277 1276/1222/1278 1273/1224/1279
f 1273/1224/1279 1276/1222/1278 1275/1223/1280
s 129
f 1990/1225/1281 1992/1226/1282 1989/1228/1283
f 1989/1228/1283 1992/1226/1282 1991/1227/1284
s 130
f 1284/1230/1285 1283/1231/1286 1282/1229/1287
f 1282/1229/1287 1283/1231/1286 1281/1232/1288
s off
f 1237/1233/1289 1238/1234/1290 1239/1235/1291
f 1238/1234/1292 1240/1236/1293 1239/1235/1294
s 131
f 950/1237/1295 952/1238/1296 949/1240/1297
f 949/1240/1297 952/1238/1296 951/1239/1298
s 132
f 792/1242/1299 791/1243/1300 790/1241/1301
f 790/1241/1301 791/1243/1300 789/1244/1302
s 133
f 2244/1246/1303 2243/1247/1304 2242/1245/1305
f 2242/1245/1305 2243/1247/1304 2241/1248/1306
s 134
f 1406/1249/1307 1408/1250/1308 1405/1252/1309
f 1405/1252/1309 1408/1250/1308 1407/1251/1310
s 135
f 2412/1254/1311 2411/1255/1312 2410/1253/1313
f 2410/1253/1313 2411/1255/1312 2409/1256/1314
s 136
f 808/1258/1315 807/1259/1316 806/1257/1317
f 806/1257/1317 807/1259/1316 805/1260/1318
s off
f 1265/1261/1319 1266/1262/1320 1267/1263/1321
f 1266/1262/1322 1268/1264/1323 1267/1263/1324
s 137
f 2452/1266/1325 2451/1267/1326 2450/1265/1327
f 2450/1265/1327 2451/1267/1326 2449/1268/1328
s 138
f 1122/1269/1329 1124/1270/1330 1121/1272/1331
f 1121/1272/1331 1124/1270/1330 1123/1271/1332
s 139
f 822/1273/1333 824/1274/1334 821/1276/1335
f 821/1276/1335 824/1274/1334 823/1275/1336
s 140
f 1740/1278/1337 1739/1279/1338 1738/1277/1339
f 1738/1277/1339 1739/1279/1338 1737/1280/1340
s off
f 1285/1281/1341 1286/1282/1342 1287/1283/1343
f 1286/1282/1344 1288/1284/1345 1287/1283/1346
s 141
f 2438/1285/1347 2440/1286/1348 2437/1288/1349
f 2437/1288/1349 2440/1286/1348 2439/1287/1350
s 142
f 2472/1290/1351 2471/1291/1352 2470/1289/1353
f 2470/1289/1353 2471/1291/1352 2469/1292/1354
s 143
f 994/1293/1355 996/1294/1356 993/1296/1357
f 993/1296/1357 996/1294/1356 995/1295/1358
s 144
f 1158/1297/1359 1160/1298/1360 1157/1300/1361
f 1157/1300/1361 1160/1298/1360 1159/1299/1362
s 145
f 1548/1302/1363 1547/1303/1364 1546/1301/1365
f 1546/1301/1365 1547/1303/1364 1545/1304/1366
s 146
f 2478/1305/1367 2480/1306/1368 2477/1308/1369
f 2477/1308/1369 2480/1306/1368 2479/1307/1370
s 147
f 1642/1309/1371 1644/1310/1372 1641/1312/1373
f 1641/1312/1373 1644/1310/1372 1643/1311/1374
s 148
f 1952/1314/1375 1951/1315/1376 1950/1313/1377
f 1950/1313/1377 1951/1315/1376 1949/1316/1378
s off
f 1321/1317/1379 1322/1318/1380 1323/1319/1381
f 1322/1318/1382 1324/1320/1383 1323/1319/1384
s 149
f 1022/1321/1385 1024/1322/1386 1021/1324/1387
f 1021/1324/1387 1024/1322/1386 1023/1323/1388
s 150
f 948/1326/1389 947/1327/1390 946/1325/1391
f 946/1325/1391 947/1327/1390 945/1328/1392
s 151
f 730/1329/1393 732/1330/1394 729/1332/1395
f 729/1332/1395 732/1330/1394 731/1331/1396
s 152
f 1792/1334/1397 1791/1335/1398 1790/1333/1399
f 1790/1333/1399 1791/1335/1398 1789/1336/1400
s 153
f 648/1338/1401 647/1339/1402 646/1337/1403
f 646/1337/1403 647/1339/1402 645/1340/1404
s off
f 1345/1341/1405 1346/1342/1406 1347/1343/1407
f 1346/1342/1408 1348/1344/1409 1347/1343/1410
s 154
f 1084/1346/1411 1083/1347/1412 1082/1345/1413
f 1082/1345/1413 1083/1347/1412 1081/1348/1414
s 155
f 900/1350/1415 899/1351/1416 898/1349/1417
f 898/1349/1417 899/1351/1416 897/1352/1418
s 156
f 2166/1353/1419 2168/1354/1420 2165/1356/1421
f 2165/1356/1421 2168/1354/1420 2167/1355/1422
s 157
f 802/1357/1423 804/1358/1424 801/1360/1425
f 801/1360/1425 804/1358/1424 803/1359/1426
s 158
f 2350/1361/1427 2352/1362/1428 2349/1364/1429
f 2349/1364/1429 2352/1362/1428 2351/1363/1430
s off
f 1369/1365/1431 1370/1366/1432 1371/1367/1433
f 1370/1366/1434 1372/1368/1435 1371/1367/1436
s 159
f 1072/1370/1437 1071/1371/1438 1070/1369/1439
f 1070/1369/1439 1071/1371/1438 1069/1372/1440
s 160
f 2454/1373/1441 2456/1374/1442 2453/1376/1443
f 2453/1376/1443 2456/1374/1442 2455/1375/1444
s 161
f 2142/1377/1445 2144/1378/1446 2141/1380/1447
f 2141/1380/1447 2144/1378/1446 2143/1379/1448
s 162
f 1344/1382/1449 1343/1383/1450 1342/1381/1451
f 1342/1381/1451 1343/1383/1450 1341/1384/1452
s off
f 1389/1385/1453 1390/1386/1454 1391/1387/1455
f 1390/1386/1456 1392/1388/1457 1391/1387/1458
s 163
f 836/1390/1459 835/1391/1460 834/1389/1461
f 834/1389/1461 835/1391/1460 833/1392/1462
s 164
f 2160/1394/1463 2159/1395/1464 2158/1393/1465
f 2158/1393/1465 2159/1395/1464 2157/1396/1466
s 165
f 896/1398/1467 895/1399/1468 894/1397/1469
f 894/1397/1469 895/1399/1468 893/1400/1470
s 166
f 1748/1402/1471 1747/1403/1472 1746/1401/1473
f 1746/1401/1473 1747/1403/1472 1745/1404/1474
s 167
f 1480/1406/1475 1479/1407/1476 1478/1405/1477
f 1478/1405/1477 1479/1407/1476 1477/1408/1478
s 168
f 2256/1410/1479 2255/1411/1480 2254/1409/1481
f 2254/1409/1481 2255/1411/1480 2253/1412/1482
s off
f 1417/1413/1483 1418/1414/1484 1419/1415/1485
f 1418/1414/1486 1420/1416/1487 1419/1415/1488
s 169
f 1576/1418/1489 1575/1419/1490 1574/1417/1491
f 1574/1417/1491 1575/1419/1490 1573/1420/1492
s 170
f 770/1421/1493 772/1422/1494 769/1424/1495
f 769/1424/1495 772/1422/1494 771/1423/1496
s 171
f 2290/1425/1497 2292/1426/1498 2289/1428/1499
f 2289/1428/1499 2292/1426/1498 2291/1427/1500
s 172
f 1588/1430/1501 1587/1431/1502 1586/1429/1503
f 1586/1429/1503 1587/1431/1502 1585/1432/1504
s off
f 1437/1433/1505 1438/1434/1506 1439/1435/1507
f 1438/1434/1508 1440/1436/1509 1439/1435/1510
s 173
f 1834/1437/1511 1836/1438/1512 1833/1440/1513
f 1833/1440/1513 1836/1438/1512 1835/1439/1514
s 174
f 992/1442/1515 991/1443/1516 990/1441/1517
f 990/1441/1517 991/1443/1516 989/1444/1518
s 175
f 754/1445/1519 756/1446/1520 753/1448/1521
f 753/1448/1521 756/1446/1520 755/1447/1522
s 176
f 2214/1449/1523 2216/1450/1524 2213/1452/1525
f 2213/1452/1525 2216/1450/1524 2215/1451/1526
s 177
f 1484/1454/1527 1483/1455/1528 1482/1453/1529
f 1482/1453/1529 1483/1455/1528 1481/1456/1530
s 178
f 2176/1458/1531 2175/1459/1532 2174/1457/1533
f 2174/1457/1533 2175/1459/1532 2173/1460/1534
s 179
f 1164/1462/1535 1163/1463/1536 1162/1461/1537
f 1162/1461/1537 1163/1463/1536 1161/1464/1538
s 180
f 1540/1466/1539 1539/1467/1540 1538/1465/1541
f 1538/1465/1541 1539/1467/1540 1537/1468/1542
s off
f 1473/1469/1543 1474/1470/1544 1475/1471/1545
f 1474/1470/1546 1476/1472/1547 1475/1471/1548
s 181
f 1970/1473/1549 1972/1474/1550 1969/1476/1551
f 1969/1476/1551 1972/1474/1550 1971/1475/1552
s 182
f 2436/1478/1553 2435/1479/1554 2434/1477/1555
f 2434/1477/1555 2435/1479/1554 2433/1480/1556
s 183
f 2104/1482/1557 2103/1483/1558 2102/1481/1559
f 2102/1481/1559 2103/1483/1558 2101/1484/1560
s 184
f 1316/1486/1561 1315/1487/1562 1314/1485/1563
f 1314/1485/1563 1315/1487/1562 1313/1488/1564
s 185
f 1648/1490/1565 1647/1491/1566 1646/1489/1567
f 1646/1489/1567 1647/1491/1566 1645/1492/1568
s off
f 1497/1493/1569 1498/1494/1570 1499/1495/1571
f 1498/1494/1572 1500/1496/1573 1499/1495/1574
s 186
f 1318/1497/1575 1320/1498/1576 1317/1500/1577
f 1317/1500/1577 1320/1498/1576 1319/1499/1578
s 187
f 2052/1502/1579 2051/1503/1580 2050/1501/1581
f 2050/1501/1581 2051/1503/1580 2049/1504/1582
s 188
f 2004/1506/1583 2003/1507/1584 2002/1505/1585
f 2002/1505/1585 2003/1507/1584 2001/1508/1586
s 189
f 2122/1509/1587 2124/1510/1588 2121/1512/1589
f 2121/1512/1589 2124/1510/1588 2123/1511/1590
s 190
f 1636/1514/1591 1635/1515/1592 1634/1513/1593
f 1634/1513/1593 1635/1515/1592 1633/1516/1594
s off
f 1521/1517/1595 1522/1518/1596 1523/1519/1597
f 1522/1518/1598 1524/1520/1599 1523/1519/1600
s 191
f 1272/1522/1601 1271/1523/1602 1270/1521/1603
f 1270/1521/1603 1271/1523/1602 1269/1524/1604
s 192
f 2326/1525/1605 2328/1526/1606 2325/1528/1607
f 2325/1528/1607 2328/1526/1606 2327/1527/1608
s 193
f 682/1529/1609 684/1530/1610 681/1532/1611
f 681/1532/1611 684/1530/1610 683/1531/1612
s 194
f 2296/1534/1613 2295/1535/1614 2294/1533/1615
f 2294/1533/1615 2295/1535/1614 2293/1536/1616
s off
f 1541/1537/1617 1542/1538/1618 1543/1539/1619
f 1542/1538/1620 1544/1540/1621 1543/1539/1622
s 195
f 988/1542/1623 987/1543/1624 986/1541/1625
f 986/1541/1625 987/1543/1624 985/1544/1626
s 196
f 1448/1546/1627 1447/1547/1628 1446/1545/1629
f 1446/1545/1629 1447/1547/1628 1445/1548/1630
s 197
f 1052/1550/1631 1051/1551/1632 1050/1549/1633
f 1050/1549/1633 1051/1551/1632 1049/1552/1634
s 198
f 1074/1553/1635 1076/1554/1636 1073/1556/1637
f 1073/1556/1637 1076/1554/1636 1075/1555/1638
s 199
f 1866/1557/1639 1868/1558/1640 1865/1560/1641
f 1865/1560/1641 1868/1558/1640 1867/1559/1642
s 200
f 2316/1562/1643 2315/1563/1644 2314/1561/1645
f 2314/1561/1645 2315/1563/1644 2313/1564/1646
s off
f 1569/1565/1647 1570/1566/1648 1571/1567/1649
f 1570/1566/1650 1572/1568/1651 1571/1567/1652
s 201
f 2032/1570/1653 2031/1571/1654 2030/1569/1655
f 2030/1569/1655 2031/1571/1654 2029/1572/1656
s 202
f 1426/1573/1657 1428/1574/1658 1425/1576/1659
f 1425/1576/1659 1428/1574/1658 1427/1575/1660
s 203
f 2038/1577/1661 2040/1578/1662 2037/1580/1663
f 2037/1580/1663 2040/1578/1662 2039/1579/1664
s 204
f 2148/1582/1665 2147/1583/1666 2146/1581/1667
f 2146/1581/1667 2147/1583/1666 2145/1584/1668
s off
f 1589/1585/1669 1590/1586/1670 1591/1587/1671
f 1590/1586/1672 1592/1588/1673 1591/1587/1674
s 205
f 1444/1590/1675 1443/1591/1676 1442/1589/1677
f 1442/1589/1677 1443/1591/1676 1441/1592/1678
s 206
f 2056/1594/1679 2055/1595/1680 2054/1593/1681
f 2054/1593/1681 2055/1595/1680 2053/1596/1682
s 207
f 1632/1598/1683 1631/1599/1684 1630/1597/1685
f 1630/1597/1685 1631/1599/1684 1629/1600/1686
s 208
f 880/1602/1687 879/1603/1688 878/1601/1689
f 878/1601/1689 879/1603/1688 877/1604/1690
s 209
f 1356/1606/1691 1355/1607/1692 1354/1605/1693
f 1354/1605/1693 1355/1607/1692 1353/1608/1694
s 210
f 1014/1609/1695 1016/1610/1696 1013/1612/1697
f 1013/1612/1697 1016/1610/1696 1015/1611/1698
s 211
f 860/1614/1699 859/1615/1700 858/1613/1701
f 858/1613/1701 859/1615/1700 857/1616/1702
s 212
f 1192/1618/1703 1191/1619/1704 1190/1617/1705
f 1190/1617/1705 1191/1619/1704 1189/1620/1706
s off
f 1625/1621/1707 1626/1622/1708 1627/1623/1709
f 1626/1622/1710 1628/1624/1711 1627/1623/1712
s 213
f 1328/1626/1713 1327/1627/1714 1326/1625/1715
f 1326/1625/1715 1327/1627/1714 1325/1628/1716
s 214
f 1150/1629/1717 1152/1630/1718 1149/1632/1719
f 1149/1632/1719 1152/1630/1718 1151/1631/1720
s 215
f 912/1634/1721 911/1635/1722 910/1633/1723
f 910/1633/1723 911/1635/1722 909/1636/1724
s 216
f 2506/1637/1725 2508/1638/1726 2505/1640/1727
f 2505/1640/1727 2508/1638/1726 2507/1639/1728
s 217
f 1252/1642/1729 1251/1643/1730 1250/1641/1731
f 1250/1641/1731 1251/1643/1730 1249/1644/1732
s off
f 1649/1645/1733 1650/1646/1734 1651/1647/1735
f 1650/1646/1736 1652/1648/1737 1651/1647/1738
s 218
f 620/1650/1739 619/1651/1740 618/1649/1741
f 618/1649/1741 619/1651/1740 617/1652/1742
s 219
f 2396/1654/1743 2395/1655/1744 2394/1653/1745
f 2394/1653/1745 2395/1655/1744 2393/1656/1746
s 220
f 1852/1658/1747 1851/1659/1748 1850/1657/1749
f 1850/1657/1749 1851/1659/1748 1849/1660/1750
s 221
f 1058/1661/1751 1060/1662/1752 1057/1664/1753
f 1057/1664/1753 1060/1662/1752 1059/1663/1754
s 222
f 728/1666/1755 727/1667/1756 726/1665/1757
f 726/1665/1757 727/1667/1756 725/1668/1758
s off
f 1673/1669/1759 1674/1670/1760 1675/1671/1761
f 1674/1670/1762 1676/1672/1763 1675/1671/1764
s 223
f 1224/1674/1765 1223/1675/1766 1222/1673/1767
f 1222/1673/1767 1223/1675/1766 1221/1676/1768
s 224
f 1936/1678/1769 1935/1679/1770 1934/1677/1771
f 1934/1677/1771 1935/1679/1770 1933/1680/1772
s 225
f 1534/1681/1773 1536/1682/1774 1533/1684/1775
f 1533/1684/1775 1536/1682/1774 1535/1683/1776
s 226
f 2264/1686/1777 2263/1687/1778 2262/1685/1779
f 2262/1685/1779 2263/1687/1778 2261/1688/1780
s off
f 1693/1689/1781 1694/1690/1782 1695/1691/1783
f 1694/1690/1784 1696/1692/1785 1695/1691/1786
s 227
f 2092/1694/1787 2091/1695/1788 2090/1693/1789
f 2090/1693/1789 2091/1695/1788 2089/1696/1790
s 228
f 2008/1698/1791 2007/1699/1792 2006/1697/1793
f 2006/1697/1793 2007/1699/1792 2005/1700/1794
s 229
f 1092/1702/1795 1091/1703/1796 1090/1701/1797
f 1090/1701/1797 1091/1703/1796 1089/1704/1798
s 230
f 2156/1706/1799 2155/1707/1800 2154/1705/1801
f 2154/1705/1801 2155/1707/1800 2153/1708/1802
s 231
f 700/1710/1803 699/1711/1804 698/1709/1805
f 698/1709/1805 699/1711/1804 697/1712/1806
s 232
f 2482/1713/1807 2484/1714/1808 2481/1716/1809
f 2481/1716/1809 2484/1714/1808 2483/1715/1810
s off
f 1721/1717/1811 1722/1718/1812 1723/1719/1813
f 1722/1718/1814 1724/1720/1815 1723/1719/1816
s 233
f 1528/1722/1817 1527/1723/1818 1526/1721/1819
f 1526/1721/1819 1527/1723/1818 1525/1724/1820
s 234
f 2138/1725/1821 2140/1726/1822 2137/1728/1823
f 2137/1728/1823 2140/1726/1822 2139/1727/1824
s 235
f 1838/1729/1825 1840/1730/1826 1837/1732/1827
f 1837/1732/1827 1840/1730/1826 1839/1731/1828
s 236
f 980/1734/1829 979/1735/1830 978/1733/1831
f 978/1733/1831 979/1735/1830 977/1736/1832
s off
f 1741/1737/1833 1742/1738/1834 1743/1739/1835
f 1742/1738/1836 1744/1740/1837 1743/1739/1838
s 237
f 1814/1741/1839 1816/1742/1840 1813/1744/1841
f 1813/1744/1841 1816/1742/1840 1815/1743/1842
s 238
f 1144/1746/1843 1143/1747/1844 1142/1745/1845
f 1142/1745/1845 1143/1747/1844 1141/1748/1846
s 239
f 1298/1749/1847 1300/1750/1848 1297/1752/1849
f 1297/1752/1849 1300/1750/1848 1299/1751/1850
s 240
f 1338/1753/1851 1340/1754/1852 1337/1756/1853
f 1337/1756/1853 1340/1754/1852 1339/1755/1854
s 241
f 1556/1758/1855 1555/1759/1856 1554/1757/1857
f 1554/1757/1857 1555/1759/1856 1553/1760/1858
s 242
f 706/1761/1859 708/1762/1860 705/1764/1861
f 705/1764/1861 708/1762/1860 707/1763/1862
s 243
f 2250/1765/1863 2252/1766/1864 2249/1768/1865
f 2249/1768/1865 2252/1766/1864 2251/1767/1866
s 244
f 1720/1770/1867 1719/1771/1868 1718/1769/1869
f 1718/1769/1869 1719/1771/1868 1717/1772/1870
s off
f 1777/1773/1871 1778/1774/1872 1779/1775/1873
f 1778/1774/1874 1780/1776/1875 1779/1775/1876
s 245
f 2476/1778/1877 2475/1779/1878 2474/1777/1879
f 2474/1777/1879 2475/1779/1878 2473/1780/1880
s 246
f 1940/1782/1881 1939/1783/1882 1938/1781/1883
f 1938/1781/1883 1939/1783/1882 1937/1784/1884
s 247
f 2098/1785/1885 2100/1786/1886 2097/1788/1887
f 2097/1788/1887 2100/1786/1886 2099/1787/1888
s 248
f 1170/1789/1889 1172/1790/1890 1169/1792/1891
f 1169/1792/1891 1172/1790/1890 1171/1791/1892
s 249
f 748/1794/1893 747/1795/1894 746/1793/1895
f 746/1793/1895 747/1795/1894 745/1796/1896
s off
f 1801/1797/1897 1802/1798/1898 1803/1799/1899
f 1802/1798/1900 1804/1800/1901 1803/1799/1902
s 250
f 1100/1802/1903 1099/1803/1904 1098/1801/1905
f 1098/1801/1905 1099/1803/1904 1097/1804/1906
s 251
f 1964/1806/1907 1963/1807/1908 1962/1805/1909
f 1962/1805/1909 1963/1807/1908 1961/1808/1910
s 252
f 2398/1809/1911 2400/1810/1912 2397/1812/1913
f 2397/1812/1913 2400/1810/1912 2399/1811/1914
s 253
f 844/1814/1915 843/1815/1916 842/1813/1917
f 842/1813/1917 843/1815/1916 841/1816/1918
s 254
f 1032/1818/1919 1031/1819/1920 1030/1817/1921
f 1030/1817/1921 1031/1819/1920 1029/1820/1922
s off
f 1825/1821/1923 1826/1822/1924 1827/1823/1925
f 1826/1822/1926 1828/1824/1927 1827/1823/1928
s 255
f 1514/1825/1929 1516/1826/1930 1513/1828/1931
f 1513/1828/1931 1516/1826/1930 1515/1827/1932
s 256
f 1710/1829/1933 1712/1830/1934 1709/1832/1935
f 1709/1832/1935 1712/1830/1934 1711/1831/1936
s 257
f 2186/1833/1937 2188/1834/1938 2185/1836/1939
f 2185/1836/1939 2188/1834/1938 2187/1835/1940
s 258
f 688/1838/1941 687/1839/1942 686/1837/1943
f 686/1837/1943 687/1839/1942 685/1840/1944
s off
f 1845/1841/1945 1846/1842/1946 1847/1843/1947
f 1846/1842/1948 1848/1844/1949 1847/1843/1950
s 259
f 2310/1845/1951 2312/1846/1952 2309/1848/1953
f 2309/1848/1953 2312/1846/1952 2311/1847/1954
s 260
f 840/1850/1955 839/1851/1956 838/1849/1957
f 838/1849/1957 839/1851/1956 837/1852/1958
s 261
f 2116/1854/1959 2115/1855/1960 2114/1853/1961
f 2114/1853/1961 2115/1855/1960 2113/1856/1962
s 262
f 1054/1857/1963 1056/1858/1964 1053/1860/1965
f 1053/1860/1965 1056/1858/1964 1055/1859/1966
s 263
f 906/1861/1967 908/1862/1968 905/1864/1969
f 905/1864/1969 908/1862/1968 907/1863/1970
s 264
f 960/1866/1971 959/1867/1972 958/1865/1973
f 958/1865/1973 959/1867/1972 957/1868/1974
s off
f 1873/1869/1975 1874/1870/1976 1875/1871/1977
f 1874/1870/1978 1876/1872/1979 1875/1871/1980
s 265
f 1424/1874/1981 1423/1875/1982 1422/1873/1983
f 1422/1873/1983 1423/1875/1982 1421/1876/1984
s 266
f 678/1877/1985 680/1878/1986 677/1880/1987
f 677/1880/1987 680/1878/1986 679/1879/1988
s 267
f 974/1881/1989 976/1882/1990 973/1884/1991
f 973/1884/1991 976/1882/1990 975/1883/1992
s 268
f 2196/1886/1993 2195/1887/1994 2194/1885/1995
f 2194/1885/1995 2195/1887/1994 2193/1888/1996
s off
f 1893/1889/1997 1894/1890/1998 1895/1891/1999
f 1894/1890/2000 1896/1892/2001 1895/1891/2002
s 269
f 662/1893/2003 664/1894/2004 661/1896/2005
f 661/1896/2005 664/1894/2004 663/1895/2006
s 270
f 2432/1898/2007 2431/1899/2008 2430/1897/2009
f 2430/1897/2009 2431/1899/2008 2429/1900/2010
s 271
f 768/1902/2011 767/1903/2012 766/1901/2013
f 766/1901/2013 767/1903/2012 765/1904/2014
s 272
f 1606/1905/2015 1608/1906/2016 1605/1908/2017
f 1605/1908/2017 1608/1906/2016 1607/1907/2018
s 273
f 1002/1909/2019 1004/1910/2020 1001/1912/2021
f 1001/1912/2021 1004/1910/2020 1003/1911/2022
s 274
f 1774/1913/2023 1776/1914/2024 1773/1916/2025
f 1773/1916/2025 1776/1914/2024 1775/1915/2026
s 275
f 2488/1918/2027 2487/1919/2028 2486/1917/2029
f 2486/1917/2029 2487/1919/2028 2485/1920/2030
s 276
f 660/1922/2031 659/1923/2032 658/1921/2033
f 658/1921/2033 659/1923/2032 657/1924/2034
s off
f 1929/1925/2035 1930/1926/2036 1931/1927/2037
f 1930/1926/2038 1932/1928/2039 1931/1927/2040
s 277
f 1226/1929/2041 1228/1930/2042 1225/1932/2043
f 1225/1932/2043 1228/1930/2042 1227/1931/2044
s 278
f 2384/1934/2045 2383/1935/2046 2382/1933/2047
f 2382/1933/2047 2383/1935/2046 2381/1936/2048
s 279
f 846/1937/2049 848/1938/2050 845/1940/2051
f 845/1940/2051 848/1938/2050 847/1939/2052
s 280
f 712/1942/2053 711/1943/2054 710/1941/2055
f 710/1941/2055 711/1943/2054 709/1944/2056
s 281
f 1788/1946/2057 1787/1947/2058 1786/1945/2059
f 1786/1945/2059 1787/1947/2058 1785/1948/2060
s off
f 1953/1949/2061 1954/1950/2062 1955/1951/2063
f 1954/1950/2064 1956/1952/2065 1955/1951/2066
s 282
f 1166/1953/2067 1168/1954/2068 1165/1956/2069
f 1165/1956/2069 1168/1954/2068 1167/1955/2070
s 283
f 2218/1957/2071 2220/1958/2072 2217/1960/2073
f 2217/1960/2073 2220/1958/2072 2219/1959/2074
s 284
f 902/1961/2075 904/1962/2076 901/1964/2077
f 901/1964/2077 904/1962/2076 903/1963/2078
s 285
f 2240/1966/2079 2239/1967/2080 2238/1965/2081
f 2238/1965/2081 2239/1967/2080 2237/1968/2082
s 286
f 1872/1970/2083 1871/1971/2084 1870/1969/2085
f 1870/1969/2085 1871/1971/2084 1869/1972/2086
s off
f 1977/1973/2087 1978/1974/2088 1979/1975/2089
f 1978/1974/2090 1980/1976/2091 1979/1975/2092
s 287
f 1832/1978/2093 1831/1979/2094 1830/1977/2095
f 1830/1977/2095 1831/1979/2094 1829/1980/2096
s 288
f 2286/1981/2097 2288/1982/2098 2285/1984/2099
f 2285/1984/2099 2288/1982/2098 2287/1983/2100
s 289
f 1382/1985/2101 1384/1986/2102 1381/1988/2103
f 1381/1988/2103 1384/1986/2102 1383/1987/2104
s 290
f 1352/1990/2105 1351/1991/2106 1350/1989/2107
f 1350/1989/2107 1351/1991/2106 1349/1992/2108
s off
f 1997/1993/2109 1998/1994/2110 1999/1995/2111
f 1998/1994/2112 2000/1996/2113 1999/1995/2114
s 291
f 1206/1997/2115 1208/1998/2116 1205/2000/2117
f 1205/2000/2117 1208/1998/2116 1207/1999/2118
s 292
f 2170/2001/2119 2172/2002/2120 2169/2004/2121
f 2169/2004/2121 2172/2002/2120 2171/2003/2122
s 293
f 1180/2006/2123 1179/2007/2124 1178/2005/2125
f 1178/2005/2125 1179/2007/2124 1177/2008/2126
s 294
f 1254/2009/2127 1256/2010/2128 1253/2012/2129
f 1253/2012/2129 1256/2010/2128 1255/2011/2130
s 295
f 1106/2013/2131 1108/2014/2132 1105/2016/2133
f 1105/2016/2133 1108/2014/2132 1107/2015/2134
s 296
f 2404/2018/2135 2403/2019/2136 2402/2017/2137
f 2402/2017/2137 2403/2019/2136 2401/2020/2138
s off
f 2025/2021/2139 2026/2022/2140 2027/2023/2141
f 2026/2022/2142 2028/2024/2143 2027/2023/2144
s 297
f 1728/2026/2145 1727/2027/2146 1726/2025/2147
f 1726/2025/2147 1727/2027/2146 1725/2028/2148
s 298
f 818/2029/2149 820/2030/2150 817/2032/2151
f 817/2032/2151 820/2030/2150 819/2031/2152
s 299
f 1430/2033/2153 1432/2034/2154 1429/2036/2155
f 1429/2036/2155 1432/2034/2154 1431/2035/2156
s 300
f 1388/2038/2157 1387/2039/2158 1386/2037/2159
f 1386/2037/2159 1387/2039/2158 1385/2040/2160
s off
f 2045/2041/2161 2046/2042/2162 2047/2043/2163
f 2046/2042/2164 2048/2044/2165 2047/2043/2166
s 301
f 1204/2046/2167 1203/2047/2168 1202/2045/2169
f 1202/2045/2169 1203/2047/2168 1201/2048/2170
s 302
f 1552/2050/2171 1551/2051/2172 1550/2049/2173
f 1550/2049/2173 1551/2051/2172 1549/2052/2174
s 303
f 1174/2053/2175 1176/2054/2176 1173/2056/2177
f 1173/2056/2177 1176/2054/2176 1175/2055/2178
s 304
f 2392/2058/2179 2391/2059/2180 2390/2057/2181
f 2390/2057/2181 2391/2059/2180 2389/2060/2182
s 305
f 2062/2061/2183 2064/2062/2184 2061/2064/2185
f 2061/2064/2185 2064/2062/2184 2063/2063/2186
s 306
f 2444/2066/2187 2443/2067/2188 2442/2065/2189
f 2442/2065/2189 2443/2067/2188 2441/2068/2190
s 307
f 1620/2070/2191 1619/2071/2192 1618/2069/2193
f 1618/2069/2193 1619/2071/2192 1617/2072/2194
s 308
f 1762/2073/2195 1764/2074/2196 1761/2076/2197
f 1761/2076/2197 1764/2074/2196 1763/2075/2198
s off
f 2081/2077/2199 2082/2078/2200 2083/2079/2201
f 2082/2078/2202 2084/2080/2203 2083/2079/2204
s 309
f 1714/2081/2205 1716/2082/2206 1713/2084/2207
f 1713/2084/2207 1716/2082/2206 1715/2083/2208
s 310
f 850/2085/2209 852/2086/2210 849/2088/2211
f 849/2088/2211 852/2086/2210 851/2087/2212
s 311
f 1910/2089/2213 1912/2090/2214 1909/2092/2215
f 1909/2092/2215 1912/2090/2214 1911/2091/2216
s 312
f 1946/2093/2217 1948/2094/2218 1945/2096/2219
f 1945/2096/2219 1948/2094/2218 1947/2095/2220
s 313
f 854/2097/2221 856/2098/2222 853/2100/2223
f 853/2100/2223 856/2098/2222 855/2099/2224
s off
f 2105/2101/2225 2106/2102/2226 2107/2103/2227
f 2106/2102/2228 2108/2104/2229 2107/2103/2230
s 314
f 1040/2106/2231 1039/2107/2232 1038/2105/2233
f 1038/2105/2233 1039/2107/2232 1037/2108/2234
s 315
f 1812/2110/2235 1811/2111/2236 1810/2109/2237
f 1810/2109/2237 1811/2111/2236 1809/2112/2238
s 316
f 1862/2113/2239 1864/2114/2240 1861/2116/2241
f 1861/2116/2241 1864/2114/2240 1863/2115/2242
s 317
f 1362/2117/2243 1364/2118/2244 1361/2120/2245
f 1361/2120/2245 1364/2118/2244 1363/2119/2246
s 318
f 1264/2122/2247 1263/2123/2248 1262/2121/2249
f 1262/2121/2249 1263/2123/2248 1261/2124/2250
s off
f 2129/2125/2251 2130/2126/2252 2131/2127/2253
f 2130/2126/2254 2132/2128/2255 2131/2127/2256
s 319
f 1680/2130/2257 1679/2131/2258 1678/2129/2259
f 1678/2129/2259 1679/2131/2258 1677/2132/2260
s 320
f 638/2133/2261 640/2134/2262 637/2136/2263
f 637/2136/2263 640/2134/2262 639/2135/2264
s 321
f 1734/2137/2265 1736/2138/2266 1733/2140/2267
f 1733/2140/2267 1736/2138/2266 1735/2139/2268
s 322
f 2044/2142/2269 2043/2143/2270 2042/2141/2271
f 2042/2141/2271 2043/2143/2270 2041/2144/2272
s off
f 2149/2145/2273 2150/2146/2274 2151/2147/2275
f 2150/2146/2276 2152/2148/2277 2151/2147/2278
s 323
f 1102/2149/2279 1104/2150/2280 1101/2152/2281
f 1101/2152/2281 1104/2150/2280 1103/2151/2282
s 324
f 1666/2153/2283 1668/2154/2284 1665/2156/2285
f 1665/2156/2285 1668/2154/2284 1667/2155/2286
s 325
f 862/2157/2287 864/2158/2288 861/2160/2289
f 861/2160/2289 864/2158/2288 863/2159/2290
s 326
f 798/2161/2291 800/2162/2292 797/2164/2293
f 797/2164/2293 800/2162/2292 799/2163/2294
s 327
f 1582/2165/2295 1584/2166/2296 1581/2168/2297
f 1581/2168/2297 1584/2166/2296 1583/2167/2298
s 328
f 1454/2169/2299 1456/2170/2300 1453/2172/2301
f 1453/2172/2301 1456/2170/2300 1455/2171/2302
s off
f 2177/2173/2303 2178/2174/2304 2179/2175/2305
f 2178/2174/2306 2180/2176/2307 2179/2175/2308
s 329
f 2324/2178/2309 2323/2179/2310 2322/2177/2311
f 2322/2177/2311 2323/2179/2310 2321/2180/2312
s 330
f 1578/2181/2313 1580/2182/2314 1577/2184/2315
f 1577/2184/2315 1580/2182/2314 1579/2183/2316
s 331
f 2330/2185/2317 2332/2186/2318 2329/2188/2319
f 2329/2188/2319 2332/2186/2318 2331/2187/2320
s 332
f 1132/2190/2321 1131/2191/2322 1130/2189/2323
f 1130/2189/2323 1131/2191/2322 1129/2192/2324
s off
f 2197/2193/2325 2198/2194/2326 2199/2195/2327
f 2198/2194/2328 2200/2196/2329 2199/2195/2330
s 333
f 1900/2198/2331 1899/2199/2332 1898/2197/2333
f 1898/2197/2333 1899/2199/2332 1897/2200/2334
s 334
f 2018/2201/2335 2020/2202/2336 2017/2204/2337
f 2017/2204/2337 2020/2202/2336 2019/2203/2338
s 335
f 1146/2205/2339 1148/2206/2340 1145/2208/2341
f 1145/2208/2341 1148/2206/2340 1147/2207/2342
s 336
f 1944/2210/2343 1943/2211/2344 1942/2209/2345
f 1942/2209/2345 1943/2211/2344 1941/2212/2346
s 337
f 1508/2214/2347 1507/2215/2348 1506/2213/2349
f 1506/2213/2349 1507/2215/2348 1505/2216/2350
s 338
f 1766/2217/2351 1768/2218/2352 1765/2220/2353
f 1765/2220/2353 1768/2218/2352 1767/2219/2354
s 339
f 1012/2222/2355 1011/2223/2356 1010/2221/2357
f 1010/2221/2357 1011/2223/2356 1009/2224/2358
s 340
f 1404/2226/2359 1403/2227/2360 1402/2225/2361
f 1402/2225/2361 1403/2227/2360 1401/2228/2362
s off
f 2233/2229/2363 2234/2230/2364 2235/2231/2365
f 2234/2230/2366 2236/2232/2367 2235/2231/2368
s 341
f 2210/2233/2369 2212/2234/2370 2209/2236/2371
f 2209/2236/2371 2212/2234/2370 2211/2235/2372
s 342
f 2520/2238/2373 2519/2239/2374 2518/2237/2375
f 2518/2237/2375 2519/2239/2374 2517/2240/2376
s 343
f 888/2242/2377 887/2243/2378 886/2241/2379
f 886/2241/2379 887/2243/2378 885/2244/2380
s 344
f 1468/2246/2381 1467/2247/2382 1466/2245/2383
f 1466/2245/2383 1467/2247/2382 1465/2248/2384
s 345
f 1520/2250/2385 1519/2251/2386 1518/2249/2387
f 1518/2249/2387 1519/2251/2386 1517/2252/2388
s off
f 2257/2253/2389 2258/2254/2390 2259/2255/2391
f 2258/2254/2392 2260/2256/2393 2259/2255/2394
s 346
f 2512/2258/2395 2511/2259/2396 2510/2257/2397
f 2510/2257/2397 2511/2259/2396 2509/2260/2398
s 347
f 2012/2262/2399 2011/2263/2400 2010/2261/2401
f 2010/2261/2401 2011/2263/2400 2009/2264/2402
s 348
f 750/2265/2403 752/2266/2404 749/2268/2405
f 749/2268/2405 752/2266/2404 751/2267/2406
s 349
f 1568/2270/2407 1567/2271/2408 1566/2269/2409
f 1566/2269/2409 1567/2271/2408 1565/2272/2410
s off
f 2277/2273/2411 2278/2274/2412 2279/2275/2413
f 2278/2274/2414 2280/2276/2415 2279/2275/2416
s 350
f 954/2277/2417 956/2278/2418 953/2280/2419
f 953/2280/2419 956/2278/2418 955/2279/2420
s 351
f 1682/2281/2421 1684/2282/2422 1681/2284/2423
f 1681/2284/2423 1684/2282/2422 1683/2283/2424
s 352
f 2458/2285/2425 2460/2286/2426 2457/2288/2427
f 2457/2288/2427 2460/2286/2426 2459/2287/2428
s 353
f 2464/2290/2429 2463/2291/2430 2462/2289/2431
f 2462/2289/2431 2463/2291/2430 2461/2292/2432
s off
f 2297/2293/2433 2298/2294/2434 2299/2295/2435
f 2298/2294/2436 2300/2296/2437 2299/2295/2438
s 354
f 1856/2298/2439 1855/2299/2440 1854/2297/2441
f 1854/2297/2441 1855/2299/2440 1853/2300/2442
s 355
f 1610/2301/2443 1612/2302/2444 1609/2304/2445
f 1609/2304/2445 1612/2302/2444 1611/2303/2446
s 356
f 1292/2306/2447 1291/2307/2448 1290/2305/2449
f 1290/2305/2449 1291/2307/2448 1289/2308/2450
s 357
f 1064/2310/2451 1063/2311/2452 1062/2309/2453
f 1062/2309/2453 1063/2311/2452 1061/2312/2454
s off
f 2317/2313/2455 2318/2314/2456 2319/2315/2457
f 2318/2314/2458 2320/2316/2459 2319/2315/2460
s 358
f 1120/2318/2461 1119/2319/2462 1118/2317/2463
f 1118/2317/2463 1119/2319/2462 1117/2320/2464
s 359
f 970/2321/2465 972/2322/2466 969/2324/2467
f 969/2324/2467 972/2322/2466 971/2323/2468
s 360
f 2418/2325/2469 2420/2326/2470 2417/2328/2471
f 2417/2328/2471 2420/2326/2470 2419/2327/2472
s 361
f 2424/2330/2473 2423/2331/2474 2422/2329/2475
f 2422/2329/2475 2423/2331/2474 2421/2332/2476
s off
f 2337/2333/2477 2338/2334/2478 2339/2335/2479
f 2338/2334/2480 2340/2336/2481 2339/2335/2482
s 362
f 1248/2338/2483 1247/2339/2484 1246/2337/2485
f 1246/2337/2485 1247/2339/2484 1245/2340/2486
s 363
f 2060/2342/2487 2059/2343/2488 2058/2341/2489
f 2058/2341/2489 2059/2343/2488 2057/2344/2490
s 364
f 668/2346/2491 667/2347/2492 666/2345/2493
f 666/2345/2493 667/2347/2492 665/2348/2494
s 365
f 2362/2349/2495 2364/2350/2496 2361/2352/2497
f 2361/2352/2497 2364/2350/2496 2363/2351/2498
s 366
f 2076/2354/2499 2075/2355/2500 2074/2353/2501
f 2074/2353/2501 2075/2355/2500 2073/2356/2502
s 367
f 702/2357/2503 704/2358/2504 701/2360/2505
f 701/2360/2505 704/2358/2504 703/2359/2506
s off
f 2365/2361/2507 2366/2362/2508 2367/2363/2509
f 2366/2362/2510 2368/2364/2511 2367/2363/2512
s 368
f 2346/2365/2513 2348/2366/2514 2345/2368/2515
f 2345/2368/2515 2348/2366/2514 2347/2367/2516
s 369
f 1184/2370/2517 1183/2371/2518 1182/2369/2519
f 1182/2369/2519 1183/2371/2518 1181/2372/2520
s 370
f 1186/2373/2521 1188/2374/2522 1185/2376/2523
f 1185/2376/2523 1188/2374/2522 1187/2375/2524
s 371
f 1154/2377/2525 1156/2378/2526 1153/2380/2527
f 1153/2380/2527 1156/2378/2526 1155/2379/2528
s off
f 2385/2381/2529 2386/2382/2530 2387/2383/2531
f 2386/2382/2532 2388/2384/2533 2387/2383/2534
s 372
f 796/2386/2535 795/2387/2536 794/2385/2537
f 794/2385/2537 795/2387/2536 793/2388/2538
s 373
f 714/2389/2539 716/2390/2540 713/2392/2541
f 713/2392/2541 716/2390/2540 715/2391/2542
s 374
f 622/2393/2543 624/2394/2544 621/2396/2545
f 621/2396/2545 624/2394/2544 623/2395/2546
s 375
f 628/2398/2547 627/2399/2548 626/2397/2549
f 626/2397/2549 627/2399/2548 625/2400/2550
s off
f 2405/2401/2551 2406/2402/2552 2407/2403/2553
f 2406/2402/2554 2408/2404/2555 2407/2403/2556
s 376
f 2184/2406/2557 2183/2407/2558 2182/2405/2559
f 2182/2405/2559 2183/2407/2558 2181/2408/2560
s 377
f 1378/2409/2561 1380/2410/2562 1377/2412/2563
f 1377/2412/2563 1380/2410/2562 1379/2411/2564
s 378
f 1278/2413/2565 1280/2414/2566 1277/2416/2567
f 1277/2416/2567 1280/2414/2566 1279/2415/2568
s 379
f 744/2418/2569 743/2419/2570 742/2417/2571
f 742/2417/2571 743/2419/2570 741/2420/2572
s off
f 2425/2421/2573 2426/2422/2574 2427/2423/2575
f 2426/2422/2576 2428/2424/2577 2427/2423/2578
s 380
f 656/2426/2579 655/2427/2580 654/2425/2581
f 654/2425/2581 655/2427/2580 653/2428/2582
s 381
f 2164/2430/2583 2163/2431/2584 2162/2429/2585
f 2162/2429/2585 2163/2431/2584 2161/2432/2586
s 382
f 2270/2433/2587 2272/2434/2588 2269/2436/2589
f 2269/2436/2589 2272/2434/2588 2271/2435/2590
s 383
f 760/2438/2591 759/2439/2592 758/2437/2593
f 758/2437/2593 759/2439/2592 757/2440/2594
s off
f 2445/2441/2595 2446/2442/2596 2447/2443/2597
f 2446/2442/2598 2448/2444/2599 2447/2443/2600
s 384
f 1258/2445/2601 1260/2446/2602 1257/2448/2603
f 1257/2448/2603 1260/2446/2602 1259/2447/2604
s 385
f 1730/2449/2605 1732/2450/2606 1729/2452/2607
f 1729/2452/2607 1732/2450/2606 1731/2451/2608
s 386
f 1886/2453/2609 1888/2454/2610 1885/2456/2611
f 1885/2456/2611 1888/2454/2610 1887/2455/2612
s 387
f 2336/2458/2613 2335/2459/2614 2334/2457/2615
f 2334/2457/2615 2335/2459/2614 2333/2460/2616
s off
f 2465/2461/2617 2466/2462/2618 2467/2463/2619
f 2466/2462/2620 2468/2464/2621 2467/2463/2622
s 388
f 2304/2466/2623 2303/2467/2624 2302/2465/2625
f 2302/2465/2625 2303/2467/2624 2301/2468/2626
s 389
f 1756/2470/2627 1755/2471/2628 1754/2469/2629
f 1754/2469/2629 1755/2471/2628 1753/2472/2630
s 390
f 2222/2473/2631 2224/2474/2632 2221/2476/2633
f 2221/2476/2633 2224/2474/2632 2223/2475/2634
s 391
f 1824/2478/2635 1823/2479/2636 1822/2477/2637
f 1822/2477/2637 1823/2479/2636 1821/2480/2638
s 392
f 2378/2481/2639 2380/2482/2640 2377/2484/2641
f 2377/2484/2641 2380/2482/2640 2379/2483/2642
s 393
f 1692/2486/2643 1691/2487/2644 1690/2485/2645
f 1690/2485/2645 1691/2487/2644 1689/2488/2646
s off
f 2493/2489/2647 2494/2490/2648 2495/2491/2649
f 2494/2490/2650 2496/2492/2651 2495/2491/2652
s 394
f 870/2493/2653 872/2494/2654 869/2496/2655
f 869/2496/2655 872/2494/2654 871/2495/2656
s 395
f 1918/2497/2657 1920/2498/2658 1917/2500/2659
f 1917/2500/2659 1920/2498/2658 1919/2499/2660
s 396
f 2360/2502/2661 2359/2503/2662 2358/2501/2663
f 2358/2501/2663 2359/2503/2662 2357/2504/2664
s 397
f 1006/2505/2665 1008/2506/2666 1005/2508/2667
f 1005/2508/2667 1008/2506/2666 1007/2507/2668
s off
f 2513/2509/2669 2514/2510/2670 2515/2511/2671
f 2514/2510/2672 2516/2512/2673 2515/2511/2674
s 398
f 1332/2514/2675 1331/2515/2676 1330/2513/2677
f 1330/2513/2677 1331/2515/2676 1329/2516/2678
s 399
f 1782/2517/2679 1784/2518/2680 1781/2520/2681
f 1781/2520/2681 1784/2518/2680 1783/2519/2682
