# This file uses centimeters as units for non-parametric coordinates.

mtllib tree_04.mtl
g default
v -7.863431 0.319342 -0.243621
v -7.709204 0.215288 -0.186236
v -7.852069 -0.027504 -0.257701
v -7.703102 -0.027504 -0.195622
v -7.709204 0.215288 -0.186236
v -7.645451 0.175348 -0.038826
v -7.703102 -0.027504 -0.195622
v -7.641243 -0.027504 -0.046079
v -7.645451 0.175348 -0.038826
v -7.708994 0.166940 0.111571
v -7.641243 -0.027504 -0.046079
v -7.703102 -0.027504 0.103891
v -7.708994 0.166940 0.111571
v -7.864483 0.251024 0.178983
v -7.703102 -0.027504 0.103891
v -7.852490 -0.027504 0.166610
v -7.864483 0.251024 0.178983
v -8.011977 0.241564 0.115838
v -7.852490 -0.027504 0.166610
v -8.001457 -0.027504 0.104105
v -8.011977 0.241564 0.115838
v -8.071943 0.260483 -0.034346
v -8.001457 -0.027504 0.104105
v -8.062896 -0.027504 -0.045652
v -8.044169 0.314086 -0.031572
v -8.057846 0.722944 -0.026666
v -7.994724 0.372945 -0.156583
v -8.003772 0.722944 -0.155516
v -8.071943 0.260483 -0.034346
v -8.013240 0.319342 -0.181116
v -8.062896 -0.027504 -0.045652
v -8.001247 -0.027504 -0.195622
v -8.013240 0.319342 -0.181116
v -7.863431 0.319342 -0.243621
v -8.001247 -0.027504 -0.195622
v -7.852069 -0.027504 -0.257701
v -7.734242 0.269942 -0.161703
v -7.709204 0.215288 -0.186236
v -7.866587 0.372945 -0.209915
v -7.863431 0.319342 -0.243621
v -7.679326 0.228952 -0.036052
v -7.645451 0.175348 -0.038826
v -7.734242 0.269942 -0.161703
v -7.709204 0.215288 -0.186236
v -7.733611 0.220543 0.092372
v -7.708994 0.166940 0.111571
v -7.679326 0.228952 -0.036052
v -7.645451 0.175348 -0.038826
v -7.867639 0.304627 0.150610
v -7.864483 0.251024 0.178983
v -7.733611 0.220543 0.092372
v -7.708994 0.166940 0.111571
v -7.993251 0.295168 0.096638
v -8.011977 0.241564 0.115838
v -7.867639 0.304627 0.150610
v -7.864483 0.251024 0.178983
v -8.044169 0.314086 -0.031572
v -8.071943 0.260483 -0.034346
v -7.993251 0.295168 0.096638
v -8.011977 0.241564 0.115838
v -7.994724 0.372945 -0.156583
v -8.013240 0.319342 -0.181116
v -8.044169 0.314086 -0.031572
v -8.071943 0.260483 -0.034346
v -7.866587 0.372945 -0.209915
v -7.863431 0.319342 -0.243621
v -7.994724 0.372945 -0.156583
v -8.013240 0.319342 -0.181116
v -7.777165 0.731352 0.076372
v -7.744763 1.149669 0.031146
v -7.880474 0.694565 0.122024
v -7.853542 1.077147 0.085332
v -7.867639 0.304627 0.150610
v -7.881105 0.651472 0.159783
v -7.993251 0.295168 0.096638
v -8.007769 0.668289 0.105598
v -7.679326 0.228952 -0.036052
v -7.697842 0.730301 -0.027306
v -7.733611 0.220543 0.092372
v -7.753179 0.684055 0.104958
v -7.866587 0.372945 -0.209915
v -7.876055 0.737658 -0.209489
v -7.734242 0.269942 -0.161703
v -7.749391 0.725046 -0.155730
v -7.994724 0.372945 -0.156583
v -8.003772 0.722944 -0.155516
v -7.866587 0.372945 -0.209915
v -7.876055 0.737658 -0.209489
v -7.993251 0.295168 0.096638
v -8.007769 0.668289 0.105598
v -8.044169 0.314086 -0.031572
v -8.057846 0.722944 -0.026666
v -7.733611 0.220543 0.092372
v -7.753179 0.684055 0.104958
v -7.867639 0.304627 0.150610
v -7.881105 0.651472 0.159783
v -7.734242 0.269942 -0.161703
v -7.749391 0.725046 -0.155730
v -7.679326 0.228952 -0.036052
v -7.697842 0.730301 -0.027306
v -7.771905 0.792313 -0.135890
v -7.749391 0.725046 -0.155730
v -7.873320 0.804925 -0.179409
v -7.876055 0.737658 -0.209489
v -7.731717 0.777598 -0.031146
v -7.697842 0.730301 -0.027306
v -7.771905 0.792313 -0.135890
v -7.749391 0.725046 -0.155730
v -7.777165 0.731352 0.076372
v -7.753179 0.684055 0.104958
v -7.731717 0.777598 -0.031146
v -7.697842 0.730301 -0.027306
v -7.880474 0.694565 0.122024
v -7.881105 0.651472 0.159783
v -7.777165 0.731352 0.076372
v -7.753179 0.684055 0.104958
v -7.981258 0.711382 0.077652
v -8.007769 0.668289 0.105598
v -7.880474 0.694565 0.122024
v -7.881105 0.651472 0.159783
v -8.019342 0.790211 -0.032212
v -8.057846 0.722944 -0.026666
v -7.981258 0.711382 0.077652
v -8.007769 0.668289 0.105598
v -7.975788 0.790211 -0.135890
v -8.003772 0.722944 -0.155516
v -8.019342 0.790211 -0.032212
v -8.057846 0.722944 -0.026666
v -7.873320 0.804925 -0.179409
v -7.876055 0.737658 -0.209489
v -7.975788 0.790211 -0.135890
v -8.003772 0.722944 -0.155516
v -7.960849 1.165434 -0.076585
v -7.942123 1.449217 -0.101118
v -7.932234 1.093963 -0.153810
v -7.909720 1.383001 -0.181969
v -7.771905 0.792313 -0.135890
v -7.752968 1.033003 -0.164050
v -7.731717 0.777598 -0.031146
v -7.707942 1.070840 -0.064638
v -8.019342 0.790211 -0.032212
v -7.992830 1.110780 -0.069332
v -7.975788 0.790211 -0.135890
v -7.956010 1.039309 -0.164903
v -7.880474 0.694565 0.122024
v -7.853542 1.077147 0.085332
v -7.981258 0.711382 0.077652
v -7.952643 1.110780 0.036906
v -7.731717 0.777598 -0.031146
v -7.707942 1.070840 -0.064638
v -7.777165 0.731352 0.076372
v -7.744763 1.149669 0.031146
v -7.873320 0.804925 -0.179409
v -7.855436 1.033003 -0.205862
v -7.771905 0.792313 -0.135890
v -7.752968 1.033003 -0.164050
v -7.975788 0.790211 -0.135890
v -7.956010 1.039309 -0.164903
v -7.873320 0.804925 -0.179409
v -7.855436 1.033003 -0.205862
v -7.981258 0.711382 0.077652
v -7.952643 1.110780 0.036906
v -8.019342 0.790211 -0.032212
v -7.992830 1.110780 -0.069332
v -7.769380 1.052972 -0.148477
v -7.752968 1.033003 -0.164050
v -7.853542 1.052972 -0.182609
v -7.855436 1.033003 -0.205862
v -7.730455 1.104474 -0.069758
v -7.707942 1.070840 -0.064638
v -7.769380 1.052972 -0.148477
v -7.752968 1.033003 -0.164050
v -7.759280 1.183302 0.007893
v -7.744763 1.149669 0.031146
v -7.730455 1.104474 -0.069758
v -7.707942 1.070840 -0.064638
v -7.844705 1.167537 0.046932
v -7.853542 1.077147 0.085332
v -7.759280 1.183302 0.007893
v -7.744763 1.149669 0.031146
v -7.924870 1.201170 0.006400
v -7.952643 1.110780 0.036906
v -7.844705 1.167537 0.046932
v -7.853542 1.077147 0.085332
v -7.960849 1.165434 -0.076585
v -7.992830 1.110780 -0.069332
v -7.924870 1.201170 0.006400
v -7.952643 1.110780 0.036906
v -7.932234 1.093963 -0.153810
v -7.956010 1.039309 -0.164903
v -7.960849 1.165434 -0.076585
v -7.992830 1.110780 -0.069332
v -7.853542 1.052972 -0.182609
v -7.855436 1.033003 -0.205862
v -7.932234 1.093963 -0.153810
v -7.956010 1.039309 -0.164903
v -7.907406 1.483902 -0.102398
v -7.921082 1.793961 -0.093651
v -7.890153 1.417686 -0.168743
v -7.901304 1.793961 -0.174716
v -7.844705 1.167537 0.046932
v -7.823244 1.548015 0.013227
v -7.924870 1.201170 0.006400
v -7.906775 1.548015 -0.020906
v -7.730455 1.104474 -0.069758
v -7.705838 1.449217 -0.101544
v -7.759280 1.183302 0.007893
v -7.739713 1.548015 -0.021119
v -7.853542 1.052972 -0.182609
v -7.826400 1.383001 -0.215889
v -7.769380 1.052972 -0.148477
v -7.742448 1.383001 -0.181969
v -7.932234 1.093963 -0.153810
v -7.909720 1.383001 -0.181969
v -7.853542 1.052972 -0.182609
v -7.826400 1.383001 -0.215889
v -7.924870 1.201170 0.006400
v -7.906775 1.548015 -0.020906
v -7.960849 1.165434 -0.076585
v -7.942123 1.449217 -0.101118
v -7.759280 1.183302 0.007893
v -7.739713 1.548015 -0.021119
v -7.844705 1.167537 0.046932
v -7.823244 1.548015 0.013227
v -7.769380 1.052972 -0.148477
v -7.742448 1.383001 -0.181969
v -7.730455 1.104474 -0.069758
v -7.705838 1.449217 -0.101544
v -7.765593 1.417686 -0.159143
v -7.742448 1.383001 -0.181969
v -7.825348 1.417686 -0.183249
v -7.826400 1.383001 -0.215889
v -7.739713 1.483902 -0.102611
v -7.705838 1.449217 -0.101544
v -7.765593 1.417686 -0.159143
v -7.742448 1.383001 -0.181969
v -7.763909 1.582700 -0.045866
v -7.739713 1.548015 -0.021119
v -7.739713 1.483902 -0.102611
v -7.705838 1.449217 -0.101544
v -7.823244 1.582700 -0.021546
v -7.823244 1.548015 0.013227
v -7.763909 1.582700 -0.045866
v -7.739713 1.548015 -0.021119
v -7.884893 1.581649 -0.037759
v -7.906775 1.548015 -0.020906
v -7.823244 1.582700 -0.021546
v -7.823244 1.548015 0.013227
v -7.907406 1.483902 -0.102398
v -7.942123 1.449217 -0.101118
v -7.884893 1.581649 -0.037759
v -7.906775 1.548015 -0.020906
v -7.890153 1.417686 -0.168743
v -7.909720 1.383001 -0.181969
v -7.907406 1.483902 -0.102398
v -7.942123 1.449217 -0.101118
v -7.825348 1.417686 -0.183249
v -7.826400 1.383001 -0.215889
v -7.890153 1.417686 -0.168743
v -7.909720 1.383001 -0.181969
v -7.873741 1.814982 -0.137384
v -7.882368 2.075641 -0.110931
v -7.831450 1.854921 -0.146130
v -7.843232 2.086151 -0.126077
v -7.823244 1.582700 -0.021546
v -7.824927 1.715132 -0.018346
v -7.884893 1.581649 -0.037759
v -7.887417 1.741408 -0.033492
v -7.739713 1.483902 -0.102611
v -7.742869 1.760327 -0.098344
v -7.763909 1.582700 -0.045866
v -7.765803 1.715132 -0.042879
v -7.825348 1.417686 -0.183249
v -7.831870 1.846513 -0.171303
v -7.765593 1.417686 -0.159143
v -7.771484 1.843360 -0.149330
v -7.890153 1.417686 -0.168743
v -7.901304 1.793961 -0.174716
v -7.825348 1.417686 -0.183249
v -7.831870 1.846513 -0.171303
v -7.884893 1.581649 -0.037759
v -7.887417 1.741408 -0.033492
v -7.907406 1.483902 -0.102398
v -7.921082 1.793961 -0.093651
v -7.763909 1.582700 -0.045866
v -7.765803 1.715132 -0.042879
v -7.823244 1.582700 -0.021546
v -7.824927 1.715132 -0.018346
v -7.765593 1.417686 -0.159143
v -7.771484 1.843360 -0.149330
v -7.739713 1.483902 -0.102611
v -7.742869 1.760327 -0.098344
v -7.789368 1.843360 -0.131837
v -7.771484 1.843360 -0.149330
v -7.831450 1.854921 -0.146130
v -7.831870 1.846513 -0.171303
v -7.770222 1.801318 -0.095998
v -7.742869 1.760327 -0.098344
v -7.789368 1.843360 -0.131837
v -7.771484 1.843360 -0.149330
v -7.785371 1.756123 -0.058879
v -7.765803 1.715132 -0.042879
v -7.770222 1.801318 -0.095998
v -7.742869 1.760327 -0.098344
v -7.826189 1.756123 -0.041812
v -7.824927 1.715132 -0.018346
v -7.785371 1.756123 -0.058879
v -7.765803 1.715132 -0.042879
v -7.868060 1.782399 -0.056959
v -7.887417 1.741408 -0.033492
v -7.826189 1.756123 -0.041812
v -7.824927 1.715132 -0.018346
v -7.884893 1.814982 -0.096851
v -7.921082 1.793961 -0.093651
v -7.868060 1.782399 -0.056959
v -7.887417 1.741408 -0.033492
v -7.873741 1.814982 -0.137384
v -7.901304 1.793961 -0.174716
v -7.884893 1.814982 -0.096851
v -7.921082 1.793961 -0.093651
v -7.831450 1.854921 -0.146130
v -7.831870 1.846513 -0.171303
v -7.873741 1.814982 -0.137384
v -7.901304 1.793961 -0.174716
v -7.868060 1.782399 -0.056959
v -7.881947 2.075641 -0.030933
v -7.884893 1.814982 -0.096851
v -7.898358 2.070386 -0.071678
v -7.785371 1.756123 -0.058879
v -7.802834 2.096662 -0.029013
v -7.826189 1.756123 -0.041812
v -7.842391 2.086151 -0.013013
v -7.789368 1.843360 -0.131837
v -7.803255 2.096662 -0.109224
v -7.770222 1.801318 -0.095998
v -7.786423 2.100866 -0.068905
v -7.884893 1.814982 -0.096851
v -7.898358 2.070386 -0.071678
v -7.873741 1.814982 -0.137384
v -7.882368 2.075641 -0.110931
v -7.826189 1.756123 -0.041812
v -7.842391 2.086151 -0.013013
v -7.868060 1.782399 -0.056959
v -7.881947 2.075641 -0.030933
v -7.770222 1.801318 -0.095998
v -7.786423 2.100866 -0.068905
v -7.785371 1.756123 -0.058879
v -7.802834 2.096662 -0.029013
v -7.831450 1.854921 -0.146130
v -7.843232 2.086151 -0.126077
v -7.789368 1.843360 -0.131837
v -7.803255 2.096662 -0.109224
v -7.823875 2.120836 -0.091945
v -7.803255 2.096662 -0.109224
v -7.848703 2.114530 -0.102398
v -7.843232 2.086151 -0.126077
v -7.813355 2.123989 -0.066772
v -7.786423 2.100866 -0.068905
v -7.823875 2.120836 -0.091945
v -7.803255 2.096662 -0.109224
v -7.823665 2.120836 -0.041812
v -7.802834 2.096662 -0.029013
v -7.813355 2.123989 -0.066772
v -7.786423 2.100866 -0.068905
v -7.848282 2.114530 -0.031786
v -7.842391 2.086151 -0.013013
v -7.823665 2.120836 -0.041812
v -7.802834 2.096662 -0.029013
v -7.872899 2.108223 -0.042879
v -7.881947 2.075641 -0.030933
v -7.848282 2.114530 -0.031786
v -7.842391 2.086151 -0.013013
v -7.883209 2.105070 -0.068265
v -7.898358 2.070386 -0.071678
v -7.872899 2.108223 -0.042879
v -7.881947 2.075641 -0.030933
v -7.873110 2.108223 -0.093011
v -7.882368 2.075641 -0.110931
v -7.883209 2.105070 -0.068265
v -7.898358 2.070386 -0.071678
v -7.848703 2.114530 -0.102398
v -7.843232 2.086151 -0.126077
v -7.873110 2.108223 -0.093011
v -7.882368 2.075641 -0.110931
v -8.062896 -0.027504 -0.045652
v -8.001247 -0.027504 -0.195622
v -8.001457 -0.027504 0.104105
v -7.852490 -0.027504 0.166610
v -7.852069 -0.027504 -0.257701
v -7.703102 -0.027504 0.103891
v -7.703102 -0.027504 -0.195622
v -7.641243 -0.027504 -0.046079
v -7.883209 2.105070 -0.068265
v -7.873110 2.108223 -0.093011
v -7.872899 2.108223 -0.042879
v -7.848703 2.114530 -0.102398
v -7.848282 2.114530 -0.031786
v -7.823875 2.120836 -0.091945
v -7.823665 2.120836 -0.041812
v -7.813355 2.123989 -0.066772
vt 0.674782 0.299562
vt 0.674782 0.298281
vt 0.675746 0.298747
vt 0.675906 0.299795
vt 0.673337 0.294787
vt 0.671731 0.295020
vt 0.668037 0.292109
vt 0.669161 0.291759
vt 0.666592 0.295136
vt 0.664504 0.293506
vt 0.664825 0.291876
vt 0.667074 0.293623
vt 0.669964 0.292109
vt 0.667877 0.290595
vt 0.667555 0.292225
vt 0.670285 0.294321
vt 0.679279 0.300028
vt 0.679600 0.299096
vt 0.676388 0.297466
vt 0.676228 0.298397
vt 0.670446 0.296068
vt 0.670285 0.297582
vt 0.667234 0.295253
vt 0.667716 0.293972
vt 0.684739 0.304220
vt 0.684257 0.304569
vt 0.684578 0.304569
vt 0.684739 0.304453
vt 0.679921 0.299911
vt 0.679279 0.300726
vt 0.675746 0.298747
vt 0.676549 0.297931
vt 0.672373 0.297931
vt 0.673497 0.296767
vt 0.670446 0.294671
vt 0.669482 0.295952
vt 0.670125 0.292575
vt 0.669964 0.292109
vt 0.670446 0.294671
vt 0.670285 0.294321
vt 0.683936 0.304103
vt 0.684418 0.303754
vt 0.684578 0.304103
vt 0.684418 0.304336
vt 0.673819 0.295369
vt 0.673497 0.296767
vt 0.673979 0.297116
vt 0.674140 0.295952
vt 0.676228 0.297582
vt 0.674782 0.298281
vt 0.671088 0.296301
vt 0.672213 0.295486
vt 0.680885 0.301774
vt 0.680885 0.302590
vt 0.679600 0.301658
vt 0.679761 0.300959
vt 0.680885 0.301774
vt 0.681367 0.301192
vt 0.681688 0.301658
vt 0.681367 0.302007
vt 0.675264 0.300028
vt 0.674782 0.299562
vt 0.675906 0.299795
vt 0.675906 0.300028
vt 0.673497 0.296767
vt 0.672373 0.297931
vt 0.673016 0.298048
vt 0.673979 0.297116
vt 0.679600 0.299096
vt 0.679761 0.299096
vt 0.676549 0.297233
vt 0.676388 0.297466
vt 0.683936 0.304686
vt 0.684257 0.304569
vt 0.682330 0.302939
vt 0.682009 0.303055
vt 0.675425 0.299329
vt 0.676067 0.298281
vt 0.673979 0.297116
vt 0.673016 0.298048
vt 0.679279 0.300028
vt 0.678636 0.300843
vt 0.678958 0.300843
vt 0.679439 0.300144
vt 0.676067 0.298281
vt 0.676388 0.297116
vt 0.674140 0.295952
vt 0.673979 0.297116
vt 0.679279 0.300726
vt 0.679921 0.299911
vt 0.680242 0.300377
vt 0.679761 0.300959
vt 0.679118 0.301658
vt 0.679279 0.300726
vt 0.679761 0.300959
vt 0.679600 0.301658
vt 0.672373 0.297931
vt 0.671249 0.298397
vt 0.672052 0.298397
vt 0.673016 0.298048
vt 0.679279 0.300726
vt 0.679118 0.301658
vt 0.675906 0.299795
vt 0.675746 0.298747
vt 0.675264 0.300028
vt 0.675425 0.299329
vt 0.673016 0.298048
vt 0.672052 0.298397
vt 0.683776 0.304453
vt 0.683936 0.304686
vt 0.682009 0.303055
vt 0.681527 0.302590
vt 0.676388 0.297116
vt 0.676067 0.298281
vt 0.676228 0.298397
vt 0.676388 0.297466
vt 0.684739 0.304220
vt 0.684900 0.303871
vt 0.682973 0.302240
vt 0.682973 0.302706
vt 0.672052 0.298397
vt 0.671249 0.298397
vt 0.670928 0.297466
vt 0.670285 0.297582
vt 0.669161 0.295835
vt 0.666431 0.293739
vt 0.665146 0.294205
vt 0.667395 0.295952
vt 0.667555 0.291526
vt 0.669001 0.291061
vt 0.669161 0.291759
vt 0.668037 0.292109
vt 0.676067 0.298281
vt 0.675425 0.299329
vt 0.675906 0.299329
vt 0.676228 0.298397
vt 0.684900 0.303871
vt 0.684739 0.304220
vt 0.684739 0.304453
vt 0.684900 0.304220
vt 0.669161 0.295835
vt 0.667395 0.295952
vt 0.668037 0.295952
vt 0.669482 0.295952
vt 0.671249 0.298397
vt 0.672373 0.297931
vt 0.669482 0.295952
vt 0.668037 0.295952
vt 0.667074 0.293623
vt 0.667555 0.291526
vt 0.668037 0.292109
vt 0.667716 0.293972
vt 0.667395 0.295952
vt 0.665146 0.294205
vt 0.664504 0.293506
vt 0.666592 0.295136
vt 0.673819 0.295369
vt 0.673337 0.294787
vt 0.669161 0.291759
vt 0.670125 0.292575
vt 0.671731 0.295020
vt 0.673337 0.294787
vt 0.673497 0.295369
vt 0.672213 0.295486
vt 0.680885 0.302590
vt 0.680885 0.301774
vt 0.681367 0.302007
vt 0.681527 0.302590
vt 0.678476 0.301542
vt 0.678636 0.300843
vt 0.675906 0.299329
vt 0.675906 0.300028
vt 0.676388 0.296883
vt 0.676388 0.297116
vt 0.676388 0.297466
vt 0.676549 0.297233
vt 0.675746 0.298747
vt 0.674782 0.298281
vt 0.676549 0.297931
vt 0.676228 0.297582
vt 0.673337 0.294787
vt 0.673819 0.295369
vt 0.674140 0.295952
vt 0.673497 0.295369
vt 0.670446 0.296068
vt 0.671731 0.295020
vt 0.672213 0.295486
vt 0.671088 0.296301
vt 0.676388 0.296883
vt 0.676228 0.297582
vt 0.672213 0.295486
vt 0.673497 0.295369
vt 0.683133 0.302007
vt 0.682973 0.302706
vt 0.682973 0.302706
vt 0.682973 0.302240
vt 0.678958 0.301309
vt 0.681527 0.303288
vt 0.678958 0.300843
vt 0.682170 0.303172
vt 0.666592 0.295136
vt 0.667074 0.293623
vt 0.667716 0.293972
vt 0.667234 0.295253
vt 0.676549 0.297233
vt 0.679761 0.299096
vt 0.676549 0.297931
vt 0.679921 0.299911
vt 0.682973 0.302706
vt 0.683133 0.302007
vt 0.679600 0.299562
vt 0.679439 0.300144
vt 0.676388 0.297116
vt 0.676388 0.296883
vt 0.673497 0.295369
vt 0.674140 0.295952
vt 0.675906 0.299795
vt 0.679118 0.301658
vt 0.675906 0.300028
vt 0.678476 0.301542
vt 0.670285 0.294321
vt 0.669161 0.295835
vt 0.669482 0.295952
vt 0.670446 0.294671
vt 0.676228 0.297582
vt 0.676388 0.296883
vt 0.676549 0.297233
vt 0.676549 0.297931
vt 0.667074 0.293623
vt 0.664825 0.291876
vt 0.666110 0.290362
vt 0.667555 0.291526
vt 0.679921 0.299562
vt 0.679761 0.299096
vt 0.679600 0.299562
vt 0.679600 0.299096
vt 0.680242 0.300377
vt 0.679921 0.299911
vt 0.679921 0.299562
vt 0.679761 0.299096
vt 0.679600 0.299096
vt 0.679279 0.300028
vt 0.679439 0.300144
vt 0.679600 0.299562
vt 0.683936 0.304103
vt 0.683776 0.304453
vt 0.681527 0.302590
vt 0.681367 0.302007
vt 0.678958 0.301309
vt 0.678476 0.301542
vt 0.679600 0.301658
vt 0.679118 0.301658
vt 0.678958 0.300843
vt 0.678636 0.300843
vt 0.678958 0.301309
vt 0.678476 0.301542
vt 0.682170 0.303172
vt 0.682973 0.302706
vt 0.679439 0.300144
vt 0.678958 0.300843
vt 0.675425 0.299329
vt 0.675264 0.300028
vt 0.675906 0.300028
vt 0.675906 0.299329
vt 0.667395 0.295952
vt 0.666592 0.295136
vt 0.667234 0.295253
vt 0.668037 0.295952
vt 0.679921 0.299562
vt 0.682330 0.301192
vt 0.680242 0.300377
vt 0.681367 0.301192
vt 0.670285 0.294321
vt 0.667555 0.292225
vt 0.666431 0.293739
vt 0.669161 0.295835
vt 0.682170 0.303172
vt 0.681527 0.303288
vt 0.682009 0.303055
vt 0.682330 0.302939
vt 0.679600 0.301658
vt 0.680885 0.302590
vt 0.678958 0.301309
vt 0.681527 0.303288
vt 0.667555 0.291526
vt 0.666110 0.290362
vt 0.667395 0.289896
vt 0.669001 0.291061
vt 0.679600 0.299562
vt 0.683133 0.302007
vt 0.679921 0.299562
vt 0.682330 0.301192
vt 0.682491 0.301774
vt 0.682330 0.301192
vt 0.682973 0.302240
vt 0.683133 0.302007
vt 0.681688 0.301658
vt 0.681367 0.301192
vt 0.682491 0.301774
vt 0.682330 0.301192
vt 0.684257 0.304569
vt 0.683936 0.304686
vt 0.684257 0.304686
vt 0.684578 0.304569
vt 0.671731 0.295020
vt 0.670446 0.296068
vt 0.667716 0.293972
vt 0.668037 0.292109
vt 0.682009 0.303055
vt 0.681527 0.303288
vt 0.681527 0.302590
vt 0.680885 0.302590
vt 0.684257 0.304569
vt 0.684739 0.304220
vt 0.682973 0.302706
vt 0.682330 0.302939
vt 0.682973 0.302706
vt 0.682973 0.302706
vt 0.682330 0.302939
vt 0.682170 0.303172
vt 0.673497 0.296767
vt 0.673819 0.295369
vt 0.670125 0.292575
vt 0.670446 0.294671
vt 0.669001 0.291061
vt 0.667395 0.289896
vt 0.667877 0.290595
vt 0.669964 0.292109
vt 0.682973 0.302240
vt 0.684900 0.303871
vt 0.682491 0.301774
vt 0.684739 0.303638
vt 0.684418 0.303754
vt 0.683936 0.304103
vt 0.681367 0.302007
vt 0.681688 0.301658
vt 0.674782 0.299562
vt 0.675264 0.300028
vt 0.672052 0.298397
vt 0.670928 0.297466
vt 0.682491 0.301774
vt 0.684739 0.303638
vt 0.681688 0.301658
vt 0.684418 0.303754
vt 0.670285 0.297582
vt 0.671249 0.298397
vt 0.668037 0.295952
vt 0.667234 0.295253
vt 0.684739 0.303638
vt 0.684900 0.303871
vt 0.684900 0.304220
vt 0.684900 0.304103
vt 0.684418 0.303754
vt 0.684739 0.303638
vt 0.684900 0.304103
vt 0.684578 0.304103
vt 0.683776 0.304453
vt 0.683936 0.304103
vt 0.684418 0.304336
vt 0.684257 0.304569
vt 0.670285 0.297582
vt 0.670446 0.296068
vt 0.671088 0.296301
vt 0.670928 0.297466
vt 0.669001 0.291061
vt 0.669964 0.292109
vt 0.670125 0.292575
vt 0.669161 0.291759
vt 0.678636 0.300843
vt 0.679279 0.300028
vt 0.676228 0.298397
vt 0.675906 0.299329
vt 0.674782 0.298281
vt 0.674782 0.299562
vt 0.670928 0.297466
vt 0.671088 0.296301
vt 0.683936 0.304686
vt 0.683776 0.304453
vt 0.684257 0.304569
vt 0.684257 0.304686
vt 0.665146 0.294205
vt 0.666431 0.293739
vt 0.664504 0.293506
vt 0.664825 0.291876
vt 0.684418 0.304336
vt 0.684900 0.304220
vt 0.684739 0.304453
vt 0.684257 0.304569
vt 0.667555 0.292225
vt 0.667877 0.290595
vt 0.666110 0.290362
vt 0.667395 0.289896
vt 0.684257 0.304686
vt 0.684578 0.304569
vt 0.681367 0.301192
vt 0.680885 0.301774
vt 0.679761 0.300959
vt 0.680242 0.300377
vt 0.684578 0.304103
vt 0.684900 0.304103
vn -0.285601 0.392239 0.874403
vn -0.285601 0.392239 0.874403
vn -0.285601 0.392239 0.874403
vn -0.285601 0.392239 0.874403
vn 0.919418 0.027646 0.392308
vn 0.919418 0.027646 0.392308
vn 0.919418 0.027646 0.392308
vn 0.919418 0.027646 0.392308
vn -0.388119 -0.056428 0.919880
vn -0.388119 -0.056428 0.919880
vn -0.388119 -0.056428 0.919880
vn -0.388119 -0.056428 0.919880
vn 0.379610 0.047615 -0.923921
vn 0.379610 0.047615 -0.923921
vn 0.379610 0.047615 -0.923921
vn 0.379610 0.047615 -0.923921
vn 0.372344 -0.123554 -0.919834
vn 0.372344 -0.123554 -0.919834
vn 0.372344 -0.123554 -0.919834
vn 0.372344 -0.123554 -0.919834
vn -0.394790 -0.038503 0.917964
vn -0.394790 -0.038503 0.917964
vn -0.394790 -0.038503 0.917964
vn -0.394790 -0.038503 0.917964
vn -0.423185 0.527914 -0.736356
vn -0.423185 0.527914 -0.736356
vn -0.423185 0.527914 -0.736356
vn -0.423185 0.527914 -0.736356
vn 0.392965 0.055496 0.917877
vn 0.392965 0.055496 0.917877
vn 0.392965 0.055496 0.917877
vn 0.392965 0.055496 0.917877
vn -0.386396 -0.008066 -0.922298
vn -0.386396 -0.008066 -0.922298
vn -0.386396 -0.008066 -0.922298
vn -0.386396 -0.008066 -0.922298
vn 0.625311 0.539544 -0.563807
vn 0.597400 0.502491 -0.624992
vn 0.597400 0.502491 -0.624992
vn 0.597400 0.502491 -0.624992
vn 0.565967 0.462476 -0.682493
vn 0.597400 0.502491 -0.624992
vn 0.175967 0.571937 0.801202
vn 0.175967 0.571937 0.801202
vn 0.175967 0.571937 0.801202
vn 0.175967 0.571937 0.801202
vn 0.399363 0.369075 -0.839222
vn 0.399363 0.369075 -0.839222
vn 0.399363 0.369075 -0.839222
vn 0.399363 0.369075 -0.839222
vn 0.397035 0.063972 0.915571
vn 0.397035 0.063972 0.915571
vn 0.397035 0.063972 0.915571
vn 0.397035 0.063972 0.915571
vn -0.249879 -0.028185 0.967867
vn -0.249879 -0.028185 0.967867
vn -0.249879 -0.028185 0.967867
vn -0.249879 -0.028185 0.967867
vn 0.337981 0.476787 0.811445
vn 0.337981 0.476787 0.811445
vn 0.337981 0.476787 0.811445
vn 0.337981 0.476787 0.811445
vn -0.857647 0.436329 0.272137
vn -0.857647 0.436329 0.272137
vn -0.857647 0.436329 0.272137
vn -0.857647 0.436329 0.272137
vn -0.401166 0.397885 -0.825078
vn -0.401166 0.397885 -0.825078
vn -0.401166 0.397885 -0.825078
vn -0.401166 0.397885 -0.825078
vn 0.926469 -0.105789 -0.361199
vn 0.926469 -0.105789 -0.361199
vn 0.926469 -0.105789 -0.361199
vn 0.926469 -0.105789 -0.361199
vn -0.946534 -0.008251 -0.322498
vn -0.946534 -0.008251 -0.322498
vn -0.946534 -0.008251 -0.322498
vn -0.946534 -0.008251 -0.322498
vn -0.380277 -0.077114 -0.921652
vn -0.380277 -0.077114 -0.921652
vn -0.380277 -0.077114 -0.921652
vn -0.380277 -0.077114 -0.921652
vn -0.241848 0.559044 -0.793083
vn -0.241848 0.559044 -0.793083
vn -0.241848 0.559044 -0.793083
vn -0.241848 0.559044 -0.793083
vn 0.375266 -0.136277 -0.916844
vn 0.375266 -0.136277 -0.916844
vn 0.375266 -0.136277 -0.916844
vn 0.375266 -0.136277 -0.916844
vn 0.278652 0.679427 0.678772
vn 0.278652 0.679427 0.678772
vn 0.278652 0.679427 0.678772
vn 0.278652 0.679427 0.678772
vn -0.252194 0.639145 0.726562
vn -0.252194 0.639145 0.726562
vn -0.252194 0.639145 0.726562
vn -0.252194 0.639145 0.726562
vn -0.825949 0.444454 -0.346798
vn -0.825949 0.444454 -0.346798
vn -0.825949 0.444454 -0.346798
vn -0.825949 0.444454 -0.346798
vn -0.397201 0.097898 0.912495
vn -0.397201 0.097898 0.912495
vn -0.397201 0.097898 0.912495
vn -0.397201 0.097898 0.912495
vn -0.922945 0.030241 -0.383743
vn -0.922945 0.030241 -0.383743
vn -0.922945 0.030241 -0.383743
vn -0.922945 0.030241 -0.383743
vn -0.931240 -0.079800 0.355561
vn -0.931240 -0.079800 0.355561
vn -0.931240 -0.079800 0.355561
vn -0.931240 -0.079800 0.355561
vn 0.261447 0.720147 -0.642677
vn 0.261447 0.720147 -0.642677
vn 0.261447 0.720147 -0.642677
vn 0.261447 0.720147 -0.642677
vn 0.354699 0.100544 -0.929559
vn 0.354699 0.100544 -0.929559
vn 0.354699 0.100544 -0.929559
vn 0.354699 0.100544 -0.929559
vn -0.697406 0.445491 0.561393
vn -0.636983 0.560037 0.529727
vn -0.636983 0.560037 0.529727
vn -0.636983 0.560037 0.529727
vn -0.565238 0.664629 0.488645
vn -0.636983 0.560037 0.529727
vn -0.925457 -0.015193 -0.378548
vn -0.925457 -0.015193 -0.378548
vn -0.925457 -0.015193 -0.378548
vn -0.925457 -0.015193 -0.378548
vn 0.792950 0.488084 0.364698
vn 0.792950 0.488084 0.364698
vn 0.792950 0.488084 0.364698
vn 0.792950 0.488084 0.364698
vn -0.212647 0.535859 -0.817090
vn -0.212647 0.535859 -0.817090
vn -0.212647 0.535859 -0.817090
vn -0.212647 0.535859 -0.817090
vn 0.145242 0.651611 -0.744519
vn 0.145242 0.651611 -0.744519
vn 0.145242 0.651611 -0.744519
vn 0.145242 0.651611 -0.744519
vn -0.887316 0.431025 -0.163973
vn -0.887316 0.431025 -0.163973
vn -0.887316 0.431025 -0.163973
vn -0.887316 0.431025 -0.163973
vn -0.923876 -0.024489 -0.381908
vn -0.923876 -0.024489 -0.381908
vn -0.923876 -0.024489 -0.381908
vn -0.923876 -0.024489 -0.381908
vn 0.566787 0.459098 0.684092
vn 0.566787 0.459098 0.684092
vn 0.566787 0.459098 0.684092
vn 0.566787 0.459098 0.684092
vn -0.926828 -0.048110 0.372391
vn -0.926828 -0.048110 0.372391
vn -0.926828 -0.048110 0.372391
vn -0.926828 -0.048110 0.372391
vn 0.923679 0.038268 -0.381252
vn 0.923679 0.038268 -0.381252
vn 0.923679 0.038268 -0.381252
vn 0.923679 0.038268 -0.381252
vn 0.655895 0.568977 0.496051
vn 0.655895 0.568977 0.496051
vn 0.655895 0.568977 0.496051
vn 0.655895 0.568977 0.496051
vn -0.001701 0.497010 0.867743
vn -0.001701 0.497010 0.867743
vn -0.001701 0.497010 0.867743
vn -0.001701 0.497010 0.867743
vn -0.923059 0.031214 -0.383391
vn -0.923059 0.031214 -0.383391
vn -0.923059 0.031214 -0.383391
vn -0.923059 0.031214 -0.383391
vn 0.544927 0.600454 -0.585243
vn 0.544927 0.600454 -0.585243
vn 0.544927 0.600454 -0.585243
vn 0.544927 0.600454 -0.585243
vn 0.338347 0.339723 0.877559
vn 0.184670 0.466888 0.864819
vn 0.184670 0.466888 0.864819
vn 0.184670 0.466888 0.864819
vn 0.023616 0.575401 0.817530
vn 0.184670 0.466888 0.864819
vn 0.833496 0.456748 -0.310910
vn 0.833496 0.456748 -0.310910
vn 0.833496 0.456748 -0.310910
vn 0.833496 0.456748 -0.310910
vn 0.154572 0.609542 0.777538
vn 0.154572 0.609542 0.777538
vn 0.154572 0.609542 0.777538
vn 0.154572 0.609542 0.777538
vn 0.924683 -0.031110 0.379465
vn 0.924683 -0.031110 0.379465
vn 0.924683 -0.031110 0.379465
vn 0.924683 -0.031110 0.379465
vn 0.197950 0.970785 -0.135615
vn 0.197950 0.970785 -0.135615
vn 0.197950 0.970785 -0.135615
vn 0.197950 0.970785 -0.135615
vn -0.975508 -0.036912 -0.216844
vn -0.973302 -0.034726 -0.226885
vn -0.973302 -0.034726 -0.226885
vn -0.973302 -0.034726 -0.226885
vn -0.970989 -0.032537 -0.236901
vn -0.973302 -0.034726 -0.226885
vn -0.382244 0.420193 0.822999
vn -0.382244 0.420193 0.822999
vn -0.382244 0.420193 0.822999
vn -0.382244 0.420193 0.822999
vn 0.926175 -0.031489 0.375777
vn 0.920191 -0.024135 0.390725
vn 0.920191 -0.024135 0.390725
vn 0.920191 -0.024135 0.390725
vn 0.913919 -0.016773 0.405550
vn 0.920191 -0.024135 0.390725
vn 0.358652 0.028964 -0.933022
vn 0.358652 0.028964 -0.933022
vn 0.358652 0.028964 -0.933022
vn 0.358652 0.028964 -0.933022
vn 0.921123 -0.116518 -0.371424
vn 0.921123 -0.116518 -0.371424
vn 0.921123 -0.116518 -0.371424
vn 0.921123 -0.116518 -0.371424
vn -0.926455 0.077334 0.368376
vn -0.937376 0.083267 0.338219
vn -0.937376 0.083267 0.338219
vn -0.937376 0.083267 0.338219
vn -0.947301 0.089111 0.307702
vn -0.937376 0.083267 0.338219
vn -0.336125 0.486243 -0.806590
vn -0.336125 0.486243 -0.806590
vn -0.336125 0.486243 -0.806590
vn -0.336125 0.486243 -0.806590
vn 0.878183 0.467158 -0.102750
vn 0.878183 0.467158 -0.102750
vn 0.878183 0.467158 -0.102750
vn 0.878183 0.467158 -0.102750
vn 0.386773 -0.024496 0.921850
vn 0.386773 -0.024496 0.921850
vn 0.386773 -0.024496 0.921850
vn 0.386773 -0.024496 0.921850
vn 0.484867 0.450499 -0.749636
vn 0.402436 0.560092 -0.724115
vn 0.402436 0.560092 -0.724115
vn 0.402436 0.560092 -0.724115
vn 0.312176 0.658788 -0.684504
vn 0.402436 0.560092 -0.724115
vn 0.869329 0.388428 -0.305597
vn 0.765343 0.505837 -0.397969
vn 0.765343 0.505837 -0.397969
vn 0.765343 0.505837 -0.397969
vn 0.636001 0.606487 -0.477155
vn 0.765343 0.505837 -0.397969
vn 0.283733 0.652367 -0.702789
vn 0.283733 0.652367 -0.702789
vn 0.283733 0.652367 -0.702789
vn 0.283733 0.652367 -0.702789
vn -0.390952 -0.099380 0.915030
vn -0.390952 -0.099380 0.915030
vn -0.390952 -0.099380 0.915030
vn -0.390952 -0.099380 0.915030
vn -0.564314 0.541855 -0.622851
vn -0.740522 0.522321 -0.422857
vn -0.740522 0.522321 -0.422857
vn -0.740522 0.522321 -0.422857
vn -0.863836 0.465479 -0.192660
vn -0.740522 0.522321 -0.422857
vn -0.505546 0.541390 -0.671804
vn -0.527364 0.533546 -0.661223
vn -0.527364 0.533546 -0.661223
vn -0.527364 0.533546 -0.661223
vn -0.548840 0.525356 -0.650212
vn -0.527364 0.533546 -0.661223
vn -0.080128 0.004940 -0.996772
vn -0.080128 0.004940 -0.996772
vn -0.080128 0.004940 -0.996772
vn -0.080128 0.004940 -0.996772
vn -0.712190 0.384406 -0.587381
vn -0.712190 0.384406 -0.587381
vn -0.712190 0.384406 -0.587381
vn -0.712190 0.384406 -0.587381
vn -0.823316 0.417060 0.384983
vn -0.823316 0.417060 0.384983
vn -0.823316 0.417060 0.384983
vn -0.823316 0.417060 0.384983
vn 0.922711 0.004585 0.385466
vn 0.922758 0.004546 0.385353
vn 0.922758 0.004546 0.385353
vn 0.922758 0.004546 0.385353
vn 0.922805 0.004507 0.385240
vn 0.922758 0.004546 0.385353
vn -0.384510 0.025081 -0.922780
vn -0.384510 0.025081 -0.922780
vn -0.384510 0.025081 -0.922780
vn -0.384510 0.025081 -0.922780
vn -0.500163 0.856130 -0.129918
vn -0.500163 0.856130 -0.129918
vn -0.500163 0.856130 -0.129918
vn -0.500163 0.856130 -0.129918
vn -0.932051 -0.024385 0.361505
vn -0.912339 -0.038261 0.407643
vn -0.912339 -0.038261 0.407643
vn -0.912339 -0.038261 0.407643
vn -0.890155 -0.052033 0.452677
vn -0.912339 -0.038261 0.407643
vn 0.922649 0.009025 0.385535
vn 0.922649 0.009025 0.385535
vn 0.922649 0.009025 0.385535
vn 0.922649 0.009025 0.385535
vn 0.898770 0.022533 -0.437841
vn 0.891354 0.019924 -0.452870
vn 0.891354 0.019924 -0.452870
vn 0.891354 0.019924 -0.452870
vn 0.883682 0.017309 -0.467768
vn 0.891354 0.019924 -0.452870
vn 0.821470 0.537204 0.191310
vn 0.719899 0.565490 0.402450
vn 0.719899 0.565490 0.402450
vn 0.719899 0.565490 0.402450
vn 0.578233 0.562280 0.591175
vn 0.719899 0.565490 0.402450
vn 0.407350 0.494220 0.767993
vn 0.546550 0.459509 0.700096
vn 0.546550 0.459509 0.700096
vn 0.546550 0.459509 0.700096
vn 0.671982 0.413223 0.614562
vn 0.546550 0.459509 0.700096
vn -0.862996 0.407490 -0.298647
vn -0.862996 0.407490 -0.298647
vn -0.862996 0.407490 -0.298647
vn -0.862996 0.407490 -0.298647
vn 0.394711 -0.008628 0.918765
vn 0.394711 -0.008628 0.918765
vn 0.394711 -0.008628 0.918765
vn 0.394711 -0.008628 0.918765
vn -0.324147 0.661063 0.676701
vn -0.347604 0.624774 0.699163
vn -0.347604 0.624774 0.699163
vn -0.347604 0.624774 0.699163
vn -0.370237 0.587002 0.719967
vn -0.347604 0.624774 0.699163
vn -0.322350 0.075610 -0.943596
vn -0.322350 0.075610 -0.943596
vn -0.322350 0.075610 -0.943596
vn -0.322350 0.075610 -0.943596
vn -0.693553 0.686699 -0.217781
vn -0.653911 0.748298 -0.111584
vn -0.653911 0.748298 -0.111584
vn -0.653911 0.748298 -0.111584
vn -0.603386 0.797442 -0.003530
vn -0.653911 0.748298 -0.111584
vn 0.375250 0.017719 -0.926754
vn 0.375250 0.017719 -0.926754
vn 0.375250 0.017719 -0.926754
vn 0.375250 0.017719 -0.926754
vn 0.921991 0.035493 -0.385581
vn 0.921991 0.035493 -0.385581
vn 0.921991 0.035493 -0.385581
vn 0.921991 0.035493 -0.385581
vn 0.916866 0.085083 -0.390022
vn 0.916580 0.085021 -0.390707
vn 0.916580 0.085021 -0.390707
vn 0.916580 0.085021 -0.390707
vn 0.916294 0.084958 -0.391393
vn 0.916580 0.085021 -0.390707
vn 0.386560 -0.061103 0.920238
vn 0.386560 -0.061103 0.920238
vn 0.386560 -0.061103 0.920238
vn 0.386560 -0.061103 0.920238
vn -0.919378 0.112123 0.377057
vn -0.919378 0.112123 0.377057
vn -0.919378 0.112123 0.377057
vn -0.919378 0.112123 0.377057
vn 0.919589 0.014225 0.392625
vn 0.921906 0.014073 0.387157
vn 0.921906 0.014073 0.387157
vn 0.921906 0.014073 0.387157
vn 0.924191 0.013921 0.381676
vn 0.921906 0.014073 0.387157
vn -0.935527 -0.040100 0.350971
vn -0.935527 -0.040100 0.350971
vn -0.935527 -0.040100 0.350971
vn -0.935527 -0.040100 0.350971
vn 0.592325 0.734240 -0.331727
vn 0.592325 0.734240 -0.331727
vn 0.592325 0.734240 -0.331727
vn 0.592325 0.734240 -0.331727
vn 0.624027 0.704152 0.338762
vn 0.624027 0.704152 0.338762
vn 0.624027 0.704152 0.338762
vn 0.624027 0.704152 0.338762
vn -0.462380 0.418570 0.781668
vn -0.462380 0.418570 0.781668
vn -0.462380 0.418570 0.781668
vn -0.462380 0.418570 0.781668
vn -0.224924 0.635990 0.738191
vn -0.224924 0.635990 0.738191
vn -0.224924 0.635990 0.738191
vn -0.224924 0.635990 0.738191
vn 0.835206 0.507302 -0.212310
vn 0.835206 0.507302 -0.212310
vn 0.835206 0.507302 -0.212310
vn 0.835206 0.507302 -0.212310
vn -0.374029 -0.061791 -0.925356
vn -0.374029 -0.061791 -0.925356
vn -0.374029 -0.061791 -0.925356
vn -0.374029 -0.061791 -0.925356
vn -0.393636 0.118181 0.911638
vn -0.393636 0.118181 0.911638
vn -0.393636 0.118181 0.911638
vn -0.393636 0.118181 0.911638
vn -0.880844 0.356845 0.311088
vn -0.880844 0.356845 0.311088
vn -0.880844 0.356845 0.311088
vn -0.880844 0.356845 0.311088
vn 0.000000 -1.000000 -0.000000
vn 0.000000 -1.000000 -0.000000
vn 0.000000 -1.000000 -0.000000
vn 0.000000 -1.000000 -0.000000
vn 0.000000 -1.000000 -0.000000
vn 0.000000 -1.000000 -0.000000
vn -0.247764 0.968819 0.001261
vn -0.261825 0.965115 0.001246
vn -0.264336 0.964430 0.001257
vn -0.248777 0.968560 0.001265
vn 0.000000 -1.000000 -0.000000
vn 0.000000 -1.000000 -0.000000
vn 0.000000 -1.000000 -0.000000
vn 0.000000 -1.000000 -0.000000
vn 0.000000 -1.000000 -0.000000
vn 0.000000 -1.000000 -0.000000
vn -0.295248 0.955420 0.001239
vn -0.264336 0.964430 0.001257
vn -0.272593 0.962129 0.001144
vn -0.272593 0.962129 0.001144
vn -0.264336 0.964430 0.001257
vn -0.248777 0.968560 0.001265
vn 0.381203 -0.016441 0.924345
vn 0.381203 -0.016441 0.924345
vn 0.381203 -0.016441 0.924345
vn 0.381203 -0.016441 0.924345
vn -0.247764 0.968819 0.001261
vn -0.268834 0.963186 0.001128
vn -0.261825 0.965115 0.001246
vn -0.261825 0.965115 0.001246
vn -0.268834 0.963186 0.001128
vn -0.289779 0.957093 0.001216
vn 0.000000 -1.000000 -0.000000
vn 0.000000 -1.000000 -0.000000
vn 0.000000 -1.000000 -0.000000
vn 0.000000 -1.000000 -0.000000
s 1
g samor_4024_165 tree_04 group1
usemtl samor_4024_165SG
f 184/2/1 183/3/2 182/1/3
f 182/1/3 183/3/2 181/4/4
s 2
f 78/5/5 80/6/6 77/8/7
f 77/8/7 80/6/6 79/7/8
s 3
f 20/10/9 19/11/10 18/9/11
f 18/9/11 19/11/10 17/12/12
s 4
f 4/14/13 3/15/14 2/13/15
f 2/13/15 3/15/14 1/16/16
s 5
f 212/18/17 211/19/18 210/17/19
f 210/17/19 211/19/18 209/20/20
s 6
f 76/22/21 75/23/22 74/21/23
f 74/21/23 75/23/22 73/24/24
s 7
f 384/26/25 383/27/26 382/25/27
f 382/25/27 383/27/26 381/28/28
s 8
f 222/29/29 224/30/30 221/32/31
f 221/32/31 224/30/30 223/31/32
s 9
f 88/34/33 87/35/34 86/33/35
f 86/33/35 87/35/34 85/36/36
s off
f 37/37/37 38/38/38 39/39/39
f 38/38/40 40/40/41 39/39/42
s 10
f 368/42/43 367/43/44 366/41/45
f 366/41/45 367/43/44 365/44/46
s 11
f 102/45/47 104/46/48 101/48/49
f 101/48/49 104/46/48 103/47/50
s 12
f 70/49/51 72/50/52 69/52/53
f 69/52/53 72/50/52 71/51/54
s 13
f 268/54/55 267/55/56 266/53/57
f 266/53/57 267/55/56 265/56/58
s 14
f 308/58/59 307/59/60 306/57/61
f 306/57/61 307/59/60 305/60/62
s 15
f 186/61/63 188/62/64 185/64/65
f 185/64/65 188/62/64 187/63/66
s 16
f 132/66/67 131/67/68 130/65/69
f 130/65/69 131/67/68 129/68/70
s 17
f 228/70/71 227/71/72 226/69/73
f 226/69/73 227/71/72 225/72/74
s 18
f 338/73/75 340/74/76 337/76/77
f 337/76/77 340/74/76 339/75/78
s 19
f 160/78/79 159/79/80 158/77/81
f 158/77/81 159/79/80 157/80/82
s 20
f 260/82/83 259/83/84 258/81/85
f 258/81/85 259/83/84 257/84/86
s 21
f 154/85/87 156/86/88 153/88/89
f 153/88/89 156/86/88 155/87/90
s 22
f 242/89/91 244/90/92 241/92/93
f 241/92/93 244/90/92 243/91/94
s 23
f 246/93/95 248/94/96 245/96/97
f 245/96/97 248/94/96 247/95/98
s 24
f 128/98/99 127/99/100 126/97/101
f 126/97/101 127/99/100 125/100/102
s 25
f 204/102/103 203/103/104 202/101/105
f 202/101/105 203/103/104 201/104/106
s 26
f 142/105/107 144/106/108 141/108/109
f 141/108/109 144/106/108 143/107/110
s 27
f 328/110/111 327/111/112 326/109/113
f 326/109/113 327/111/112 325/112/114
s 28
f 168/114/115 167/115/116 166/113/117
f 166/113/117 167/115/116 165/116/118
s 29
f 350/117/119 352/118/120 349/120/121
f 349/120/121 352/118/120 351/119/122
s off
f 121/121/123 122/122/124 123/123/125
f 122/122/126 124/124/127 123/123/128
s 30
f 30/125/129 32/126/130 29/128/131
f 29/128/131 32/126/130 31/127/132
s 31
f 48/130/133 47/131/134 46/129/135
f 46/129/135 47/131/134 45/132/136
s 32
f 194/133/137 196/134/138 193/136/139
f 193/136/139 196/134/138 195/135/140
s 33
f 356/138/141 355/139/142 354/137/143
f 354/137/143 355/139/142 353/140/144
s 34
f 64/142/145 63/143/146 62/141/147
f 62/141/147 63/143/146 61/144/148
s 35
f 28/146/149 27/147/150 26/145/151
f 26/145/151 27/147/150 25/148/152
s 36
f 52/150/153 51/151/154 50/149/155
f 50/149/155 51/151/154 49/152/156
s 37
f 22/153/157 24/154/158 21/156/159
f 21/156/159 24/154/158 23/155/160
s 38
f 98/157/161 100/158/162 97/160/163
f 97/160/163 100/158/162 99/159/164
s 39
f 110/161/165 112/162/166 109/164/167
f 109/164/167 112/162/166 111/163/168
s 40
f 312/166/169 311/167/170 310/165/171
f 310/165/171 311/167/170 309/168/172
s 41
f 134/169/173 136/170/174 133/172/175
f 133/172/175 136/170/174 135/171/176
s 42
f 172/174/177 171/175/178 170/173/179
f 170/173/179 171/175/178 169/176/180
s off
f 177/177/181 178/178/182 179/179/183
f 178/178/184 180/180/185 179/179/186
s 43
f 106/181/187 108/182/188 105/184/189
f 105/184/189 108/182/188 107/183/190
s 44
f 114/185/191 116/186/192 113/188/193
f 113/188/193 116/186/192 115/187/194
s 45
f 152/190/195 151/191/196 150/189/197
f 150/189/197 151/191/196 149/192/198
s 46
f 294/193/199 296/194/200 293/196/201
f 293/196/201 296/194/200 295/195/202
s off
f 197/197/203 198/198/204 199/199/205
f 198/198/206 200/200/207 199/199/208
s 47
f 54/201/209 56/202/210 53/204/211
f 53/204/211 56/202/210 55/203/212
s off
f 205/205/213 206/206/214 207/207/215
f 206/206/216 208/208/217 207/207/218
s 48
f 274/209/219 276/210/220 273/212/221
f 273/212/221 276/210/220 275/211/222
s 49
f 140/214/223 139/215/224 138/213/225
f 138/213/225 139/215/224 137/216/226
s off
f 217/217/227 218/218/228 219/219/229
f 218/218/230 220/220/231 219/219/232
s 50
f 66/221/233 68/222/234 65/224/235
f 65/224/235 68/222/234 67/223/236
s 51
f 176/226/237 175/227/238 174/225/239
f 174/225/239 175/227/238 173/228/240
s 52
f 14/229/241 16/230/242 13/232/243
f 13/232/243 16/230/242 15/231/244
s off
f 233/233/245 234/234/246 235/235/247
f 234/234/248 236/236/249 235/235/250
f 237/237/251 238/238/252 239/239/253
f 238/238/254 240/240/255 239/239/256
s 53
f 232/242/257 231/243/258 230/241/259
f 230/241/259 231/243/258 229/244/260
s 54
f 344/246/261 343/247/262 342/245/263
f 342/245/263 343/247/262 341/248/264
s off
f 249/249/265 250/250/266 251/251/267
f 250/250/268 252/252/269 251/251/270
f 253/253/271 254/254/272 255/255/273
f 254/254/274 256/256/275 255/255/276
s 55
f 280/258/277 279/259/278 278/257/279
f 278/257/279 279/259/278 277/260/280
s 56
f 190/261/281 192/262/282 189/264/283
f 189/264/283 192/262/282 191/263/284
s 57
f 60/266/285 59/267/286 58/265/287
f 58/265/287 59/267/286 57/268/288
s off
f 269/269/289 270/270/290 271/271/291
f 270/270/292 272/272/293 271/271/294
s 58
f 36/274/295 35/275/296 34/273/297
f 34/273/297 35/275/296 33/276/298
s 59
f 318/277/299 320/278/300 317/280/301
f 317/280/301 320/278/300 319/279/302
s off
f 281/281/303 282/282/304 283/283/305
f 282/282/306 284/284/307 283/283/308
s 60
f 10/285/309 12/286/310 9/288/311
f 9/288/311 12/286/310 11/287/312
s off
f 289/289/313 290/290/314 291/291/315
f 290/290/316 292/292/317 291/291/318
f 297/293/319 298/294/320 299/295/321
f 298/294/322 300/296/323 299/295/324
f 301/297/325 302/298/326 303/299/327
f 302/298/328 304/300/329 303/299/330
s 61
f 378/301/331 380/302/332 377/304/333
f 377/304/333 380/302/332 379/303/334
s 62
f 96/306/335 95/307/336 94/305/337
f 94/305/337 95/307/336 93/308/338
s off
f 313/309/339 314/310/340 315/311/341
f 314/310/342 316/312/343 315/311/344
s 63
f 264/314/345 263/315/346 262/313/347
f 262/313/347 263/315/346 261/316/348
s off
f 321/317/349 322/318/350 323/319/351
f 322/318/352 324/320/353 323/319/354
s 64
f 82/321/355 84/322/356 81/324/357
f 81/324/357 84/322/356 83/323/358
s 65
f 8/326/359 7/327/360 6/325/361
f 6/325/361 7/327/360 5/328/362
s off
f 333/329/363 334/330/364 335/331/365
f 334/330/366 336/332/367 335/331/368
s 66
f 330/333/369 332/334/370 329/336/371
f 329/336/371 332/334/370 331/335/372
s 67
f 164/338/373 163/339/374 162/337/375
f 162/337/375 163/339/374 161/340/376
s off
f 345/341/377 346/342/378 347/343/379
f 346/342/380 348/344/381 347/343/382
s 68
f 92/346/383 91/347/384 90/345/385
f 90/345/385 91/347/384 89/348/386
s 69
f 360/350/387 359/351/388 358/349/389
f 358/349/389 359/351/388 357/352/390
s 70
f 364/354/391 363/355/392 362/353/393
f 362/353/393 363/355/392 361/356/394
s 71
f 370/357/395 372/358/396 369/360/397
f 369/360/397 372/358/396 371/359/398
s 72
f 120/362/399 119/363/400 118/361/401
f 118/361/401 119/363/400 117/364/402
s 73
f 42/365/403 44/366/404 41/368/405
f 41/368/405 44/366/404 43/367/406
s 74
f 214/369/407 216/370/408 213/372/409
f 213/372/409 216/370/408 215/371/410
s 75
f 148/374/411 147/375/412 146/373/413
f 146/373/413 147/375/412 145/376/414
s 76
f 374/377/415 376/378/416 373/380/417
f 373/380/417 376/378/416 375/379/418
s off
f 385/381/419 386/382/420 387/383/421
f 387/383/422 386/382/423 388/384/424
s 77
f 397/385/425 398/386/426 395/388/427
f 395/388/427 398/386/426 396/387/428
s off
f 389/389/429 391/390/430 390/391/431
f 390/391/432 391/390/433 392/392/434
f 393/393/435 395/388/436 394/394/437
f 394/394/438 395/388/439 396/387/440
s 78
f 288/396/441 287/397/442 286/395/443
f 286/395/443 287/397/442 285/398/444
s off
f 397/385/445 399/399/446 398/386/447
f 398/386/448 399/399/449 400/400/450
s 79
f 389/389/451 390/391/452 386/382/453
f 386/382/453 390/391/452 388/384/454
g default
v -6.965185 1.921079 -0.893336
v -6.910535 1.811266 -1.008766
v -6.995088 1.950087 -0.948136
v -6.995088 1.950087 -0.948136
v -7.044583 1.904504 -0.966791
v -6.910535 1.811266 -1.008766
v -6.970341 1.916417 -0.893336
v -6.998182 1.945425 -0.942306
v -6.913628 1.808158 -1.001770
v -6.998182 1.945425 -0.942306
v -6.913628 1.808158 -1.001770
v -7.042521 1.900878 -0.958630
v -8.131406 1.494775 1.182059
v -8.100472 1.329537 1.278833
v -8.062319 1.518603 1.224033
v -8.062319 1.518603 1.224033
v -7.999420 1.472502 1.193718
v -8.100472 1.329537 1.278833
v -8.126250 1.491150 1.176229
v -8.064382 1.515495 1.215872
v -8.102534 1.329019 1.269505
v -8.064382 1.515495 1.215872
v -8.102534 1.329019 1.269505
v -8.007669 1.470430 1.185557
v -8.612949 1.550200 -0.513236
v -8.681004 1.421739 -0.503908
v -8.661413 1.568848 -0.477091
v -8.661413 1.568848 -0.477091
v -8.654195 1.539322 -0.421126
v -8.681004 1.421739 -0.503908
v -8.609856 1.548646 -0.507406
v -8.655226 1.566776 -0.475925
v -8.673786 1.421739 -0.502742
v -8.655226 1.566776 -0.475925
v -8.673786 1.421739 -0.502742
v -8.646977 1.538286 -0.424623
v -7.565309 1.550200 -0.893336
v -7.589026 1.421739 -0.956298
v -7.611711 1.568848 -0.931813
v -7.611711 1.568848 -0.931813
v -7.664299 1.539322 -0.913158
v -7.589026 1.421739 -0.956298
v -7.570465 1.548646 -0.888673
v -7.611711 1.566776 -0.925983
v -7.589026 1.421739 -0.949302
v -7.611711 1.566776 -0.925983
v -7.589026 1.421739 -0.949302
v -7.659143 1.538286 -0.906162
v -6.818763 1.449193 -0.192599
v -6.762050 1.301048 -0.247399
v -6.801234 1.469912 -0.256726
v -6.801234 1.469912 -0.256726
v -6.846604 1.437279 -0.297535
v -6.762050 1.301048 -0.247399
v -6.824950 1.447121 -0.194931
v -6.808452 1.467840 -0.253228
v -6.769268 1.301048 -0.243901
v -6.808452 1.467840 -0.253228
v -6.769268 1.301048 -0.243901
v -6.851760 1.436243 -0.289373
v -8.167496 1.952159 -1.025089
v -8.235551 1.860475 -1.107872
v -8.220084 1.977022 -1.021591
v -8.220084 1.977022 -1.021591
v -8.252049 1.938173 -0.991276
v -8.235551 1.860475 -1.107872
v -8.169558 1.948533 -1.020425
v -8.216991 1.972878 -1.018093
v -8.230396 1.857885 -1.103208
v -8.216991 1.972878 -1.018093
v -8.230396 1.857885 -1.103208
v -8.244831 1.935583 -0.990110
v -8.796492 1.946979 0.435849
v -8.869703 1.851669 0.518632
v -8.784118 1.972360 0.488317
v -8.784118 1.972360 0.488317
v -8.748028 1.932475 0.516300
v -8.869703 1.851669 0.518632
v -8.791336 1.943353 0.437015
v -8.781025 1.967698 0.484819
v -8.865579 1.849079 0.512802
v -8.781025 1.967698 0.484819
v -8.865579 1.849079 0.512802
v -8.748028 1.929885 0.508138
v -7.434354 1.932475 1.025821
v -7.352894 1.828878 1.114434
v -7.375579 1.959928 1.018826
v -7.375579 1.959928 1.018826
v -7.341552 1.916935 0.982681
v -7.352894 1.828878 1.114434
v -7.432292 1.928331 1.021157
v -7.379704 1.955267 1.015328
v -7.358050 1.826288 1.109770
v -7.379704 1.955267 1.015328
v -7.358050 1.826288 1.109770
v -7.349801 1.913828 0.981515
v -6.890943 2.099785 0.545449
v -6.758957 1.977540 0.593253
v -6.849697 2.130346 0.504641
v -6.849697 2.130346 0.504641
v -6.839386 2.086317 0.458002
v -6.758957 1.977540 0.593253
v -6.891974 2.095641 0.540785
v -6.854853 2.125684 0.503475
v -6.766175 1.974432 0.592087
v -6.854853 2.125684 0.503475
v -6.766175 1.974432 0.592087
v -6.846604 2.083209 0.460334
v -8.223178 1.595783 0.425356
v -8.210804 1.503063 0.478990
v -8.212866 1.613395 0.463832
v -8.212866 1.613395 0.463832
v -8.170589 1.603035 0.469662
v -8.210804 1.503063 0.478990
v -8.219053 1.595265 0.424190
v -8.210804 1.612359 0.460334
v -8.207710 1.503581 0.473160
v -8.210804 1.612359 0.460334
v -8.207710 1.503581 0.473160
v -8.170589 1.601999 0.463832
v -8.058195 1.490114 -0.450274
v -8.096347 1.395840 -0.445611
v -8.094285 1.499955 -0.459602
v -8.094285 1.499955 -0.459602
v -8.112845 1.494775 -0.424623
v -8.096347 1.395840 -0.445611
v -8.058195 1.490632 -0.446777
v -8.092223 1.499955 -0.456104
v -8.093254 1.397394 -0.442113
v -8.092223 1.499955 -0.456104
v -8.093254 1.397394 -0.442113
v -8.107690 1.494775 -0.422292
v -7.838562 2.092533 -0.253228
v -7.865372 2.087353 -0.084165
v -7.749884 2.177483 -0.173944
v -7.854029 2.117397 -0.048021
v -7.544687 2.209598 -0.404802
v -7.749884 2.177483 -0.173944
v -7.413732 2.168159 -0.254394
v -7.649863 2.131900 -0.079502
v -7.690077 2.110663 -0.508572
v -7.838562 2.092533 -0.253228
v -7.544687 2.209598 -0.404802
v -7.749884 2.177483 -0.173944
v -7.809690 2.087871 -0.042191
v -7.847842 2.105483 -0.050353
v -7.649863 2.125166 -0.082999
v -7.746790 2.170749 -0.175110
v -7.354957 2.054720 -0.784903
v -7.690077 2.110663 -0.508572
v -7.234313 2.139152 -0.727771
v -7.544687 2.209598 -0.404802
v -7.414763 2.160908 -0.256726
v -7.543655 2.202347 -0.402470
v -7.156977 2.089943 -0.600682
v -7.234313 2.132418 -0.724273
v -7.049739 2.018979 -0.752256
v -7.101296 2.056274 -0.853694
v -7.152853 2.096677 -0.600682
v -7.234313 2.139152 -0.727771
v -6.995088 1.950087 -0.948136
v -7.044583 1.904504 -0.966791
v -7.101296 2.056274 -0.853694
v -7.196161 1.988936 -0.886341
v -7.101296 2.056274 -0.853694
v -7.196161 1.988936 -0.886341
v -7.234313 2.139152 -0.727771
v -7.354957 2.054720 -0.784903
v -6.998182 1.945425 -0.942306
v -6.970341 1.916417 -0.893336
v -7.103358 2.050058 -0.849030
v -7.054894 2.013281 -0.752256
v -7.847842 2.105483 -0.050353
v -7.857122 2.076994 -0.082999
v -7.746790 2.170749 -0.175110
v -7.833406 2.086835 -0.249731
v -7.649863 2.125166 -0.082999
v -7.746790 2.170749 -0.175110
v -7.414763 2.160908 -0.256726
v -7.543655 2.202347 -0.402470
v -7.746790 2.170749 -0.175110
v -7.833406 2.086835 -0.249731
v -7.543655 2.202347 -0.402470
v -7.685953 2.104447 -0.503908
v -7.811752 2.098749 -0.034029
v -7.809690 2.087871 -0.042191
v -7.649863 2.131900 -0.079502
v -7.649863 2.125166 -0.082999
v -7.543655 2.202347 -0.402470
v -7.685953 2.104447 -0.503908
v -7.234313 2.132418 -0.724273
v -7.351863 2.049540 -0.777907
v -7.413732 2.168159 -0.254394
v -7.414763 2.160908 -0.256726
v -7.152853 2.096677 -0.600682
v -7.156977 2.089943 -0.600682
v -7.234313 2.132418 -0.724273
v -7.103358 2.050058 -0.849030
v -7.156977 2.089943 -0.600682
v -7.054894 2.013281 -0.752256
v -7.042521 1.900878 -0.958630
v -6.998182 1.945425 -0.942306
v -7.193067 1.984274 -0.878179
v -7.103358 2.050058 -0.849030
v -7.351863 2.049540 -0.777907
v -7.193067 1.984274 -0.878179
v -7.234313 2.132418 -0.724273
v -7.103358 2.050058 -0.849030
v -7.049739 2.018979 -0.752256
v -7.054894 2.013281 -0.752256
v -6.965185 1.921079 -0.893336
v -6.970341 1.916417 -0.893336
v -7.854029 2.117397 -0.048021
v -7.847842 2.105483 -0.050353
v -7.811752 2.098749 -0.034029
v -7.809690 2.087871 -0.042191
v -7.838562 2.092533 -0.253228
v -7.833406 2.086835 -0.249731
v -7.865372 2.087353 -0.084165
v -7.857122 2.076994 -0.082999
v -7.649863 2.131900 -0.079502
v -7.649863 2.125166 -0.082999
v -7.413732 2.168159 -0.254394
v -7.414763 2.160908 -0.256726
v -7.865372 2.087353 -0.084165
v -7.857122 2.076994 -0.082999
v -7.854029 2.117397 -0.048021
v -7.847842 2.105483 -0.050353
v -7.690077 2.110663 -0.508572
v -7.685953 2.104447 -0.503908
v -7.838562 2.092533 -0.253228
v -7.833406 2.086835 -0.249731
v -6.965185 1.921079 -0.893336
v -6.995088 1.950087 -0.948136
v -7.049739 2.018979 -0.752256
v -7.101296 2.056274 -0.853694
v -7.354957 2.054720 -0.784903
v -7.351863 2.049540 -0.777907
v -7.690077 2.110663 -0.508572
v -7.685953 2.104447 -0.503908
v -7.152853 2.096677 -0.600682
v -7.156977 2.089943 -0.600682
v -7.049739 2.018979 -0.752256
v -7.054894 2.013281 -0.752256
v -7.044583 1.904504 -0.966791
v -7.042521 1.900878 -0.958630
v -7.196161 1.988936 -0.886341
v -7.193067 1.984274 -0.878179
v -7.196161 1.988936 -0.886341
v -7.193067 1.984274 -0.878179
v -7.354957 2.054720 -0.784903
v -7.351863 2.049540 -0.777907
v -6.965185 1.921079 -0.893336
v -6.970341 1.916417 -0.893336
v -6.910535 1.811266 -1.008766
v -6.913628 1.808158 -1.001770
v -6.910535 1.811266 -1.008766
v -6.913628 1.808158 -1.001770
v -7.044583 1.904504 -0.966791
v -7.042521 1.900878 -0.958630
v -7.234313 2.139152 -0.727771
v -7.544687 2.209598 -0.404802
v -7.152853 2.096677 -0.600682
v -7.413732 2.168159 -0.254394
v -7.854029 2.117397 -0.048021
v -7.811752 2.098749 -0.034029
v -7.749884 2.177483 -0.173944
v -7.649863 2.131900 -0.079502
v -7.718949 2.038145 0.136200
v -7.811752 2.083727 -0.034029
v -7.866403 2.136562 0.151357
v -7.850936 2.124648 -0.049187
v -7.907648 2.068188 0.495313
v -7.866403 2.136562 0.151357
v -8.143780 2.036073 0.424190
v -8.032416 2.090979 0.109383
v -7.685953 1.957856 0.463832
v -7.718949 2.038145 0.136200
v -7.907648 2.068188 0.495313
v -7.866403 2.136562 0.151357
v -7.898368 2.084245 -0.037527
v -7.854029 2.109109 -0.046855
v -8.029323 2.082691 0.110549
v -7.868465 2.127756 0.150191
v -7.823095 1.752733 0.896401
v -7.685953 1.957856 0.463832
v -7.986015 1.838201 0.950034
v -7.907648 2.068188 0.495313
v -8.141717 2.027785 0.421858
v -7.909711 2.059900 0.491815
v -8.152029 1.802978 0.863754
v -7.988077 1.831467 0.943039
v -8.148935 1.660532 1.038647
v -8.026230 1.684359 1.113268
v -8.156153 1.809712 0.867252
v -7.986015 1.838201 0.950034
v -8.062319 1.518603 1.224033
v -7.999420 1.472502 1.193718
v -8.026230 1.684359 1.113268
v -7.907648 1.619092 1.059634
v -8.026230 1.684359 1.113268
v -7.907648 1.619092 1.059634
v -7.986015 1.838201 0.950034
v -7.823095 1.752733 0.896401
v -8.064382 1.515495 1.215872
v -8.126250 1.491150 1.176229
v -8.028292 1.678661 1.106272
v -8.143780 1.654834 1.033983
v -7.854029 2.109109 -0.046855
v -7.822064 2.070260 -0.034029
v -7.868465 2.127756 0.150191
v -7.726167 2.031411 0.135034
v -8.029323 2.082691 0.110549
v -7.868465 2.127756 0.150191
v -8.141717 2.027785 0.421858
v -7.909711 2.059900 0.491815
v -7.868465 2.127756 0.150191
v -7.726167 2.031411 0.135034
v -7.909711 2.059900 0.491815
v -7.693171 1.951641 0.460334
v -7.902493 2.098749 -0.042191
v -7.898368 2.084245 -0.037527
v -8.032416 2.090979 0.109383
v -8.029323 2.082691 0.110549
v -7.909711 2.059900 0.491815
v -7.693171 1.951641 0.460334
v -7.988077 1.831467 0.943039
v -7.830313 1.748071 0.890571
v -8.143780 2.036073 0.424190
v -8.141717 2.027785 0.421858
v -8.156153 1.809712 0.867252
v -8.152029 1.802978 0.863754
v -7.988077 1.831467 0.943039
v -8.028292 1.678661 1.106272
v -8.152029 1.802978 0.863754
v -8.143780 1.654834 1.033983
v -8.007669 1.470430 1.185557
v -8.064382 1.515495 1.215872
v -7.915897 1.615985 1.052638
v -8.028292 1.678661 1.106272
v -7.830313 1.748071 0.890571
v -7.915897 1.615985 1.052638
v -7.988077 1.831467 0.943039
v -8.028292 1.678661 1.106272
v -8.148935 1.660532 1.038647
v -8.143780 1.654834 1.033983
v -8.131406 1.494775 1.182059
v -8.126250 1.491150 1.176229
v -7.850936 2.124648 -0.049187
v -7.854029 2.109109 -0.046855
v -7.902493 2.098749 -0.042191
v -7.898368 2.084245 -0.037527
v -7.718949 2.038145 0.136200
v -7.726167 2.031411 0.135034
v -7.811752 2.083727 -0.034029
v -7.822064 2.070260 -0.034029
v -8.032416 2.090979 0.109383
v -8.029323 2.082691 0.110549
v -8.143780 2.036073 0.424190
v -8.141717 2.027785 0.421858
v -7.811752 2.083727 -0.034029
v -7.822064 2.070260 -0.034029
v -7.850936 2.124648 -0.049187
v -7.854029 2.109109 -0.046855
v -7.685953 1.957856 0.463832
v -7.693171 1.951641 0.460334
v -7.718949 2.038145 0.136200
v -7.726167 2.031411 0.135034
v -8.131406 1.494775 1.182059
v -8.062319 1.518603 1.224033
v -8.148935 1.660532 1.038647
v -8.026230 1.684359 1.113268
v -7.823095 1.752733 0.896401
v -7.830313 1.748071 0.890571
v -7.685953 1.957856 0.463832
v -7.693171 1.951641 0.460334
v -8.156153 1.809712 0.867252
v -8.152029 1.802978 0.863754
v -8.148935 1.660532 1.038647
v -8.143780 1.654834 1.033983
v -7.999420 1.472502 1.193718
v -8.007669 1.470430 1.185557
v -7.907648 1.619092 1.059634
v -7.915897 1.615985 1.052638
v -7.907648 1.619092 1.059634
v -7.915897 1.615985 1.052638
v -7.823095 1.752733 0.896401
v -7.830313 1.748071 0.890571
v -8.131406 1.494775 1.182059
v -8.126250 1.491150 1.176229
v -8.100472 1.329537 1.278833
v -8.102534 1.329019 1.269505
v -8.100472 1.329537 1.278833
v -8.102534 1.329019 1.269505
v -7.999420 1.472502 1.193718
v -8.007669 1.470430 1.185557
v -7.986015 1.838201 0.950034
v -7.907648 2.068188 0.495313
v -8.156153 1.809712 0.867252
v -8.143780 2.036073 0.424190
v -7.850936 2.124648 -0.049187
v -7.902493 2.098749 -0.042191
v -7.866403 2.136562 0.151357
v -8.032416 2.090979 0.109383
v -8.012825 2.052130 0.004447
v -7.870527 2.094087 -0.021204
v -7.989108 2.117397 -0.109816
v -7.851967 2.124131 -0.046855
v -8.216991 2.039181 -0.221748
v -7.989108 2.117397 -0.109816
v -8.104596 2.008619 -0.367492
v -7.914866 2.078030 -0.213586
v -8.246894 1.970806 -0.050353
v -8.012825 2.052130 0.004447
v -8.216991 2.039181 -0.221748
v -7.989108 2.117397 -0.109816
v -7.845780 2.090461 -0.080668
v -7.851967 2.111699 -0.049187
v -7.915897 2.071814 -0.210088
v -7.988077 2.110663 -0.110982
v -8.505710 1.779151 -0.241569
v -8.246894 1.970806 -0.050353
v -8.504679 1.830949 -0.376819
v -8.216991 2.039181 -0.221748
v -8.102534 2.002403 -0.365160
v -8.213897 2.033483 -0.221748
v -8.399503 1.802460 -0.468930
v -8.499523 1.826288 -0.375653
v -8.516022 1.683323 -0.500410
v -8.601606 1.701971 -0.435117
v -8.401565 1.806604 -0.473593
v -8.504679 1.830949 -0.376819
v -8.661413 1.568848 -0.477091
v -8.654195 1.539322 -0.421126
v -8.601606 1.701971 -0.435117
v -8.592326 1.663639 -0.333679
v -8.601606 1.701971 -0.435117
v -8.592326 1.663639 -0.333679
v -8.504679 1.830949 -0.376819
v -8.505710 1.779151 -0.241569
v -8.655226 1.566776 -0.475925
v -8.609856 1.548646 -0.507406
v -8.595420 1.698345 -0.433951
v -8.513959 1.679697 -0.495747
v -7.851967 2.111699 -0.049187
v -7.867434 2.083727 -0.027034
v -7.988077 2.110663 -0.110982
v -8.008700 2.046950 -0.000217
v -7.915897 2.071814 -0.210088
v -7.988077 2.110663 -0.110982
v -8.102534 2.002403 -0.365160
v -8.213897 2.033483 -0.221748
v -7.988077 2.110663 -0.110982
v -8.008700 2.046950 -0.000217
v -8.213897 2.033483 -0.221748
v -8.241738 1.965626 -0.053851
v -7.842686 2.101339 -0.084165
v -7.845780 2.090461 -0.080668
v -7.914866 2.078030 -0.213586
v -7.915897 2.071814 -0.210088
v -8.213897 2.033483 -0.221748
v -8.241738 1.965626 -0.053851
v -8.499523 1.826288 -0.375653
v -8.498492 1.775525 -0.245067
v -8.104596 2.008619 -0.367492
v -8.102534 2.002403 -0.365160
v -8.401565 1.806604 -0.473593
v -8.399503 1.802460 -0.468930
v -8.499523 1.826288 -0.375653
v -8.595420 1.698345 -0.433951
v -8.399503 1.802460 -0.468930
v -8.513959 1.679697 -0.495747
v -8.646977 1.538286 -0.424623
v -8.655226 1.566776 -0.475925
v -8.585108 1.661050 -0.337177
v -8.595420 1.698345 -0.433951
v -8.498492 1.775525 -0.245067
v -8.585108 1.661050 -0.337177
v -8.499523 1.826288 -0.375653
v -8.595420 1.698345 -0.433951
v -8.516022 1.683323 -0.500410
v -8.513959 1.679697 -0.495747
v -8.612949 1.550200 -0.513236
v -8.609856 1.548646 -0.507406
v -7.851967 2.124131 -0.046855
v -7.851967 2.111699 -0.049187
v -7.842686 2.101339 -0.084165
v -7.845780 2.090461 -0.080668
v -8.012825 2.052130 0.004447
v -8.008700 2.046950 -0.000217
v -7.870527 2.094087 -0.021204
v -7.867434 2.083727 -0.027034
v -7.914866 2.078030 -0.213586
v -7.915897 2.071814 -0.210088
v -8.104596 2.008619 -0.367492
v -8.102534 2.002403 -0.365160
v -7.870527 2.094087 -0.021204
v -7.867434 2.083727 -0.027034
v -7.851967 2.124131 -0.046855
v -7.851967 2.111699 -0.049187
v -8.246894 1.970806 -0.050353
v -8.241738 1.965626 -0.053851
v -8.012825 2.052130 0.004447
v -8.008700 2.046950 -0.000217
v -8.612949 1.550200 -0.513236
v -8.661413 1.568848 -0.477091
v -8.516022 1.683323 -0.500410
v -8.601606 1.701971 -0.435117
v -8.505710 1.779151 -0.241569
v -8.498492 1.775525 -0.245067
v -8.246894 1.970806 -0.050353
v -8.241738 1.965626 -0.053851
v -8.401565 1.806604 -0.473593
v -8.399503 1.802460 -0.468930
v -8.516022 1.683323 -0.500410
v -8.513959 1.679697 -0.495747
v -8.654195 1.539322 -0.421126
v -8.646977 1.538286 -0.424623
v -8.592326 1.663639 -0.333679
v -8.585108 1.661050 -0.337177
v -8.592326 1.663639 -0.333679
v -8.585108 1.661050 -0.337177
v -8.505710 1.779151 -0.241569
v -8.498492 1.775525 -0.245067
v -8.612949 1.550200 -0.513236
v -8.609856 1.548646 -0.507406
v -8.681004 1.421739 -0.503908
v -8.673786 1.421739 -0.502742
v -8.681004 1.421739 -0.503908
v -8.673786 1.421739 -0.502742
v -8.654195 1.539322 -0.421126
v -8.646977 1.538286 -0.424623
v -8.504679 1.830949 -0.376819
v -8.216991 2.039181 -0.221748
v -8.401565 1.806604 -0.473593
v -8.104596 2.008619 -0.367492
v -7.851967 2.124131 -0.046855
v -7.842686 2.101339 -0.084165
v -7.989108 2.117397 -0.109816
v -7.914866 2.078030 -0.213586
v -7.938583 2.052130 -0.192599
v -7.882901 2.094087 -0.060846
v -7.822064 2.117397 -0.196097
v -7.852998 2.124131 -0.048021
v -7.763289 2.039181 -0.442113
v -7.822064 2.117397 -0.196097
v -7.595213 2.008619 -0.363994
v -7.705545 2.078030 -0.144795
v -7.936520 1.970806 -0.433951
v -7.938583 2.052130 -0.192599
v -7.763289 2.039181 -0.442113
v -7.822064 2.117397 -0.196097
v -7.818970 2.090461 -0.049187
v -7.850936 2.111699 -0.048021
v -7.707607 2.071814 -0.145961
v -7.821032 2.110663 -0.194931
v -7.806596 1.779151 -0.727771
v -7.936520 1.970806 -0.433951
v -7.675642 1.830949 -0.756920
v -7.763289 2.039181 -0.442113
v -7.598306 2.002403 -0.362828
v -7.762257 2.033483 -0.438615
v -7.562216 1.802460 -0.674137
v -7.674610 1.826288 -0.752256
v -7.556029 1.683323 -0.795396
v -7.639552 1.701971 -0.864188
v -7.558091 1.806604 -0.677635
v -7.675642 1.830949 -0.756920
v -7.611711 1.568848 -0.931813
v -7.664299 1.539322 -0.913158
v -7.639552 1.701971 -0.864188
v -7.736479 1.663639 -0.832707
v -7.639552 1.701971 -0.864188
v -7.736479 1.663639 -0.832707
v -7.675642 1.830949 -0.756920
v -7.806596 1.779151 -0.727771
v -7.611711 1.566776 -0.925983
v -7.570465 1.548646 -0.888673
v -7.638520 1.698345 -0.858358
v -7.561185 1.679697 -0.791898
v -7.850936 2.111699 -0.048021
v -7.876714 2.083727 -0.058514
v -7.821032 2.110663 -0.194931
v -7.933427 2.046950 -0.190267
v -7.707607 2.071814 -0.145961
v -7.821032 2.110663 -0.194931
v -7.598306 2.002403 -0.362828
v -7.762257 2.033483 -0.438615
v -7.821032 2.110663 -0.194931
v -7.933427 2.046950 -0.190267
v -7.762257 2.033483 -0.438615
v -7.932396 1.965626 -0.430453
v -7.815877 2.101339 -0.046855
v -7.818970 2.090461 -0.049187
v -7.705545 2.078030 -0.144795
v -7.707607 2.071814 -0.145961
v -7.762257 2.033483 -0.438615
v -7.932396 1.965626 -0.430453
v -7.674610 1.826288 -0.752256
v -7.801441 1.775525 -0.723107
v -7.595213 2.008619 -0.363994
v -7.598306 2.002403 -0.362828
v -7.558091 1.806604 -0.677635
v -7.562216 1.802460 -0.674137
v -7.674610 1.826288 -0.752256
v -7.638520 1.698345 -0.858358
v -7.562216 1.802460 -0.674137
v -7.561185 1.679697 -0.791898
v -7.659143 1.538286 -0.906162
v -7.611711 1.566776 -0.925983
v -7.731323 1.661050 -0.825711
v -7.638520 1.698345 -0.858358
v -7.801441 1.775525 -0.723107
v -7.731323 1.661050 -0.825711
v -7.674610 1.826288 -0.752256
v -7.638520 1.698345 -0.858358
v -7.556029 1.683323 -0.795396
v -7.561185 1.679697 -0.791898
v -7.565309 1.550200 -0.893336
v -7.570465 1.548646 -0.888673
v -7.852998 2.124131 -0.048021
v -7.850936 2.111699 -0.048021
v -7.815877 2.101339 -0.046855
v -7.818970 2.090461 -0.049187
v -7.938583 2.052130 -0.192599
v -7.933427 2.046950 -0.190267
v -7.882901 2.094087 -0.060846
v -7.876714 2.083727 -0.058514
v -7.705545 2.078030 -0.144795
v -7.707607 2.071814 -0.145961
v -7.595213 2.008619 -0.363994
v -7.598306 2.002403 -0.362828
v -7.882901 2.094087 -0.060846
v -7.876714 2.083727 -0.058514
v -7.852998 2.124131 -0.048021
v -7.850936 2.111699 -0.048021
v -7.936520 1.970806 -0.433951
v -7.932396 1.965626 -0.430453
v -7.938583 2.052130 -0.192599
v -7.933427 2.046950 -0.190267
v -7.565309 1.550200 -0.893336
v -7.611711 1.568848 -0.931813
v -7.556029 1.683323 -0.795396
v -7.639552 1.701971 -0.864188
v -7.806596 1.779151 -0.727771
v -7.801441 1.775525 -0.723107
v -7.936520 1.970806 -0.433951
v -7.932396 1.965626 -0.430453
v -7.558091 1.806604 -0.677635
v -7.562216 1.802460 -0.674137
v -7.556029 1.683323 -0.795396
v -7.561185 1.679697 -0.791898
v -7.664299 1.539322 -0.913158
v -7.659143 1.538286 -0.906162
v -7.736479 1.663639 -0.832707
v -7.731323 1.661050 -0.825711
v -7.736479 1.663639 -0.832707
v -7.731323 1.661050 -0.825711
v -7.806596 1.779151 -0.727771
v -7.801441 1.775525 -0.723107
v -7.565309 1.550200 -0.893336
v -7.570465 1.548646 -0.888673
v -7.589026 1.421739 -0.956298
v -7.589026 1.421739 -0.949302
v -7.589026 1.421739 -0.956298
v -7.589026 1.421739 -0.949302
v -7.664299 1.539322 -0.913158
v -7.659143 1.538286 -0.906162
v -7.675642 1.830949 -0.756920
v -7.763289 2.039181 -0.442113
v -7.558091 1.806604 -0.677635
v -7.595213 2.008619 -0.363994
v -7.852998 2.124131 -0.048021
v -7.815877 2.101339 -0.046855
v -7.822064 2.117397 -0.196097
v -7.705545 2.078030 -0.144795
v -7.743697 2.040217 -0.204258
v -7.854029 2.089943 -0.084165
v -7.683891 2.113771 -0.092327
v -7.852998 2.124648 -0.049187
v -7.396202 2.018979 -0.158786
v -7.683891 2.113771 -0.092327
v -7.392078 1.983756 0.041757
v -7.676673 2.069224 0.045255
v -7.490036 1.942317 -0.322020
v -7.743697 2.040217 -0.204258
v -7.396202 2.018979 -0.158786
v -7.683891 2.113771 -0.092327
v -7.834437 2.085799 -0.016540
v -7.850936 2.110663 -0.046855
v -7.677704 2.061972 0.042923
v -7.683891 2.106001 -0.091161
v -7.115732 1.716474 -0.343007
v -7.490036 1.942317 -0.322020
v -7.020867 1.773971 -0.231075
v -7.396202 2.018979 -0.158786
v -7.396202 1.977540 0.040592
v -7.399296 2.012245 -0.155288
v -7.049739 1.741856 -0.079502
v -7.026022 1.768791 -0.227578
v -6.917753 1.603553 -0.135467
v -6.887850 1.624272 -0.249731
v -7.044583 1.747035 -0.078336
v -7.020867 1.773971 -0.231075
v -6.801234 1.469912 -0.256726
v -6.846604 1.437279 -0.297535
v -6.887850 1.624272 -0.249731
v -6.969310 1.581279 -0.326683
v -6.887850 1.624272 -0.249731
v -6.969310 1.581279 -0.326683
v -7.020867 1.773971 -0.231075
v -7.115732 1.716474 -0.343007
v -6.808452 1.467840 -0.253228
v -6.824950 1.447121 -0.194931
v -6.894036 1.620128 -0.246233
v -6.923940 1.599409 -0.137799
v -7.850936 2.110663 -0.046855
v -7.851967 2.078030 -0.077170
v -7.683891 2.106001 -0.091161
v -7.743697 2.034519 -0.197263
v -7.677704 2.061972 0.042923
v -7.683891 2.106001 -0.091161
v -7.396202 1.977540 0.040592
v -7.399296 2.012245 -0.155288
v -7.683891 2.106001 -0.091161
v -7.743697 2.034519 -0.197263
v -7.399296 2.012245 -0.155288
v -7.492098 1.936619 -0.316190
v -7.834437 2.098231 -0.011876
v -7.834437 2.085799 -0.016540
v -7.676673 2.069224 0.045255
v -7.677704 2.061972 0.042923
v -7.399296 2.012245 -0.155288
v -7.492098 1.936619 -0.316190
v -7.026022 1.768791 -0.227578
v -7.118825 1.712330 -0.336011
v -7.392078 1.983756 0.041757
v -7.396202 1.977540 0.040592
v -7.044583 1.747035 -0.078336
v -7.049739 1.741856 -0.079502
v -7.026022 1.768791 -0.227578
v -6.894036 1.620128 -0.246233
v -7.049739 1.741856 -0.079502
v -6.923940 1.599409 -0.137799
v -6.851760 1.436243 -0.289373
v -6.808452 1.467840 -0.253228
v -6.973434 1.578689 -0.319688
v -6.894036 1.620128 -0.246233
v -7.118825 1.712330 -0.336011
v -6.973434 1.578689 -0.319688
v -7.026022 1.768791 -0.227578
v -6.894036 1.620128 -0.246233
v -6.917753 1.603553 -0.135467
v -6.923940 1.599409 -0.137799
v -6.818763 1.449193 -0.192599
v -6.824950 1.447121 -0.194931
v -7.852998 2.124648 -0.049187
v -7.850936 2.110663 -0.046855
v -7.834437 2.098231 -0.011876
v -7.834437 2.085799 -0.016540
v -7.743697 2.040217 -0.204258
v -7.743697 2.034519 -0.197263
v -7.854029 2.089943 -0.084165
v -7.851967 2.078030 -0.077170
v -7.676673 2.069224 0.045255
v -7.677704 2.061972 0.042923
v -7.392078 1.983756 0.041757
v -7.396202 1.977540 0.040592
v -7.854029 2.089943 -0.084165
v -7.851967 2.078030 -0.077170
v -7.852998 2.124648 -0.049187
v -7.850936 2.110663 -0.046855
v -7.490036 1.942317 -0.322020
v -7.492098 1.936619 -0.316190
v -7.743697 2.040217 -0.204258
v -7.743697 2.034519 -0.197263
v -6.818763 1.449193 -0.192599
v -6.801234 1.469912 -0.256726
v -6.917753 1.603553 -0.135467
v -6.887850 1.624272 -0.249731
v -7.115732 1.716474 -0.343007
v -7.118825 1.712330 -0.336011
v -7.490036 1.942317 -0.322020
v -7.492098 1.936619 -0.316190
v -7.044583 1.747035 -0.078336
v -7.049739 1.741856 -0.079502
v -6.917753 1.603553 -0.135467
v -6.923940 1.599409 -0.137799
v -6.846604 1.437279 -0.297535
v -6.851760 1.436243 -0.289373
v -6.969310 1.581279 -0.326683
v -6.973434 1.578689 -0.319688
v -6.969310 1.581279 -0.326683
v -6.973434 1.578689 -0.319688
v -7.115732 1.716474 -0.343007
v -7.118825 1.712330 -0.336011
v -6.818763 1.449193 -0.192599
v -6.824950 1.447121 -0.194931
v -6.762050 1.301048 -0.247399
v -6.769268 1.301048 -0.243901
v -6.762050 1.301048 -0.247399
v -6.769268 1.301048 -0.243901
v -6.846604 1.437279 -0.297535
v -6.851760 1.436243 -0.289373
v -7.020867 1.773971 -0.231075
v -7.396202 2.018979 -0.158786
v -7.044583 1.747035 -0.078336
v -7.392078 1.983756 0.041757
v -7.852998 2.124648 -0.049187
v -7.834437 2.098231 -0.011876
v -7.683891 2.113771 -0.092327
v -7.676673 2.069224 0.045255
v -8.001482 2.096159 -0.131969
v -7.883932 2.092015 -0.051519
v -7.909711 2.167641 -0.171612
v -7.851967 2.116879 -0.046855
v -8.009731 2.194059 -0.409466
v -7.909711 2.167641 -0.171612
v -7.848873 2.159354 -0.454938
v -7.802472 2.129310 -0.212420
v -8.140686 2.111181 -0.337177
v -8.001482 2.096159 -0.131969
v -8.009731 2.194059 -0.409466
v -7.909711 2.167641 -0.171612
v -7.832375 2.092015 -0.078336
v -7.851967 2.107037 -0.052685
v -7.805565 2.123613 -0.213586
v -7.909711 2.161426 -0.173944
v -8.227302 2.064562 -0.691627
v -8.140686 2.111181 -0.337177
v -8.140686 2.135008 -0.761584
v -8.009731 2.194059 -0.409466
v -7.849904 2.153138 -0.453772
v -8.007669 2.187843 -0.409466
v -8.015918 2.094087 -0.773243
v -8.137593 2.129310 -0.760418
v -8.092223 2.034519 -0.909660
v -8.188119 2.065598 -0.907328
v -8.014887 2.099785 -0.776741
v -8.140686 2.135008 -0.761584
v -8.220084 1.977022 -1.021591
v -8.252049 1.938173 -0.991276
v -8.188119 2.065598 -0.907328
v -8.245863 2.009137 -0.847864
v -8.188119 2.065598 -0.907328
v -8.245863 2.009137 -0.847864
v -8.140686 2.135008 -0.761584
v -8.227302 2.064562 -0.691627
v -8.216991 1.972878 -1.018093
v -8.169558 1.948533 -1.020425
v -8.185025 2.060418 -0.904996
v -8.094285 2.029857 -0.906162
v -7.851967 2.107037 -0.052685
v -7.879807 2.083209 -0.057348
v -7.909711 2.161426 -0.173944
v -7.997358 2.091497 -0.135467
v -7.805565 2.123613 -0.213586
v -7.909711 2.161426 -0.173944
v -7.849904 2.153138 -0.453772
v -8.007669 2.187843 -0.409466
v -7.909711 2.161426 -0.173944
v -7.997358 2.091497 -0.135467
v -8.007669 2.187843 -0.409466
v -8.135531 2.106001 -0.338343
v -7.827219 2.101339 -0.073672
v -7.832375 2.092015 -0.078336
v -7.802472 2.129310 -0.212420
v -7.805565 2.123613 -0.213586
v -8.007669 2.187843 -0.409466
v -8.135531 2.106001 -0.338343
v -8.137593 2.129310 -0.760418
v -8.221115 2.059900 -0.691627
v -7.848873 2.159354 -0.454938
v -7.849904 2.153138 -0.453772
v -8.014887 2.099785 -0.776741
v -8.015918 2.094087 -0.773243
v -8.137593 2.129310 -0.760418
v -8.185025 2.060418 -0.904996
v -8.015918 2.094087 -0.773243
v -8.094285 2.029857 -0.906162
v -8.244831 1.935583 -0.990110
v -8.216991 1.972878 -1.018093
v -8.239676 2.005511 -0.846698
v -8.185025 2.060418 -0.904996
v -8.221115 2.059900 -0.691627
v -8.239676 2.005511 -0.846698
v -8.137593 2.129310 -0.760418
v -8.185025 2.060418 -0.904996
v -8.092223 2.034519 -0.909660
v -8.094285 2.029857 -0.906162
v -8.167496 1.952159 -1.025089
v -8.169558 1.948533 -1.020425
v -7.851967 2.116879 -0.046855
v -7.851967 2.107037 -0.052685
v -7.827219 2.101339 -0.073672
v -7.832375 2.092015 -0.078336
v -8.001482 2.096159 -0.131969
v -7.997358 2.091497 -0.135467
v -7.883932 2.092015 -0.051519
v -7.879807 2.083209 -0.057348
v -7.802472 2.129310 -0.212420
v -7.805565 2.123613 -0.213586
v -7.848873 2.159354 -0.454938
v -7.849904 2.153138 -0.453772
v -7.883932 2.092015 -0.051519
v -7.879807 2.083209 -0.057348
v -7.851967 2.116879 -0.046855
v -7.851967 2.107037 -0.052685
v -8.140686 2.111181 -0.337177
v -8.135531 2.106001 -0.338343
v -8.001482 2.096159 -0.131969
v -7.997358 2.091497 -0.135467
v -8.167496 1.952159 -1.025089
v -8.220084 1.977022 -1.021591
v -8.092223 2.034519 -0.909660
v -8.188119 2.065598 -0.907328
v -8.227302 2.064562 -0.691627
v -8.221115 2.059900 -0.691627
v -8.140686 2.111181 -0.337177
v -8.135531 2.106001 -0.338343
v -8.014887 2.099785 -0.776741
v -8.015918 2.094087 -0.773243
v -8.092223 2.034519 -0.909660
v -8.094285 2.029857 -0.906162
v -8.252049 1.938173 -0.991276
v -8.244831 1.935583 -0.990110
v -8.245863 2.009137 -0.847864
v -8.239676 2.005511 -0.846698
v -8.245863 2.009137 -0.847864
v -8.239676 2.005511 -0.846698
v -8.227302 2.064562 -0.691627
v -8.221115 2.059900 -0.691627
v -8.167496 1.952159 -1.025089
v -8.169558 1.948533 -1.020425
v -8.235551 1.860475 -1.107872
v -8.230396 1.857885 -1.103208
v -8.235551 1.860475 -1.107872
v -8.230396 1.857885 -1.103208
v -8.252049 1.938173 -0.991276
v -8.244831 1.935583 -0.990110
v -8.140686 2.135008 -0.761584
v -8.009731 2.194059 -0.409466
v -8.014887 2.099785 -0.776741
v -7.848873 2.159354 -0.454938
v -7.851967 2.116879 -0.046855
v -7.827219 2.101339 -0.073672
v -7.909711 2.167641 -0.171612
v -7.802472 2.129310 -0.212420
v -7.912804 2.095641 0.118710
v -7.849904 2.090979 -0.015374
v -7.968486 2.169195 0.031264
v -7.849904 2.117397 -0.048021
v -8.194306 2.197167 0.172344
v -7.968486 2.169195 0.031264
v -8.267517 2.160908 0.016107
v -8.028292 2.129828 -0.072506
v -8.099441 2.111181 0.293603
v -7.912804 2.095641 0.118710
v -8.194306 2.197167 0.172344
v -7.968486 2.169195 0.031264
v -7.885994 2.091497 -0.063178
v -7.856091 2.106519 -0.046855
v -8.028292 2.124131 -0.069008
v -7.970548 2.162980 0.031264
v -8.445904 2.063008 0.440513
v -8.099441 2.111181 0.293603
v -8.532520 2.136044 0.364726
v -8.194306 2.197167 0.172344
v -8.266485 2.154692 0.017272
v -8.195337 2.190433 0.170012
v -8.565516 2.093569 0.239969
v -8.531489 2.129828 0.361228
v -8.691316 2.031929 0.339075
v -8.673786 2.064044 0.437015
v -8.567579 2.099267 0.238803
v -8.532520 2.136044 0.364726
v -8.784118 1.972360 0.488317
v -8.748028 1.932475 0.516300
v -8.673786 2.064044 0.437015
v -8.602638 2.005511 0.485985
v -8.673786 2.064044 0.437015
v -8.602638 2.005511 0.485985
v -8.532520 2.136044 0.364726
v -8.445904 2.063008 0.440513
v -8.781025 1.967698 0.484819
v -8.791336 1.943353 0.437015
v -8.670693 2.058346 0.433517
v -8.687191 2.026749 0.341407
v -7.856091 2.106519 -0.046855
v -7.856091 2.082174 -0.017706
v -7.970548 2.162980 0.031264
v -7.916929 2.090461 0.114047
v -8.028292 2.124131 -0.069008
v -7.970548 2.162980 0.031264
v -8.266485 2.154692 0.017272
v -8.195337 2.190433 0.170012
v -7.970548 2.162980 0.031264
v -7.916929 2.090461 0.114047
v -8.195337 2.190433 0.170012
v -8.101503 2.105483 0.288939
v -7.882901 2.100821 -0.070174
v -7.885994 2.091497 -0.063178
v -8.028292 2.129828 -0.072506
v -8.028292 2.124131 -0.069008
v -8.195337 2.190433 0.170012
v -8.101503 2.105483 0.288939
v -8.531489 2.129828 0.361228
v -8.446935 2.058346 0.434683
v -8.267517 2.160908 0.016107
v -8.266485 2.154692 0.017272
v -8.567579 2.099267 0.238803
v -8.565516 2.093569 0.239969
v -8.531489 2.129828 0.361228
v -8.670693 2.058346 0.433517
v -8.565516 2.093569 0.239969
v -8.687191 2.026749 0.341407
v -8.748028 1.929885 0.508138
v -8.781025 1.967698 0.484819
v -8.602638 2.001885 0.478990
v -8.670693 2.058346 0.433517
v -8.446935 2.058346 0.434683
v -8.602638 2.001885 0.478990
v -8.531489 2.129828 0.361228
v -8.670693 2.058346 0.433517
v -8.691316 2.031929 0.339075
v -8.687191 2.026749 0.341407
v -8.796492 1.946979 0.435849
v -8.791336 1.943353 0.437015
v -7.849904 2.117397 -0.048021
v -7.856091 2.106519 -0.046855
v -7.882901 2.100821 -0.070174
v -7.885994 2.091497 -0.063178
v -7.912804 2.095641 0.118710
v -7.916929 2.090461 0.114047
v -7.849904 2.090979 -0.015374
v -7.856091 2.082174 -0.017706
v -8.028292 2.129828 -0.072506
v -8.028292 2.124131 -0.069008
v -8.267517 2.160908 0.016107
v -8.266485 2.154692 0.017272
v -7.849904 2.090979 -0.015374
v -7.856091 2.082174 -0.017706
v -7.849904 2.117397 -0.048021
v -7.856091 2.106519 -0.046855
v -8.099441 2.111181 0.293603
v -8.101503 2.105483 0.288939
v -7.912804 2.095641 0.118710
v -7.916929 2.090461 0.114047
v -8.796492 1.946979 0.435849
v -8.784118 1.972360 0.488317
v -8.691316 2.031929 0.339075
v -8.673786 2.064044 0.437015
v -8.445904 2.063008 0.440513
v -8.446935 2.058346 0.434683
v -8.099441 2.111181 0.293603
v -8.101503 2.105483 0.288939
v -8.567579 2.099267 0.238803
v -8.565516 2.093569 0.239969
v -8.691316 2.031929 0.339075
v -8.687191 2.026749 0.341407
v -8.748028 1.932475 0.516300
v -8.748028 1.929885 0.508138
v -8.602638 2.005511 0.485985
v -8.602638 2.001885 0.478990
v -8.602638 2.005511 0.485985
v -8.602638 2.001885 0.478990
v -8.445904 2.063008 0.440513
v -8.446935 2.058346 0.434683
v -8.796492 1.946979 0.435849
v -8.791336 1.943353 0.437015
v -8.869703 1.851669 0.518632
v -8.865579 1.849079 0.512802
v -8.869703 1.851669 0.518632
v -8.865579 1.849079 0.512802
v -8.748028 1.932475 0.516300
v -8.748028 1.929885 0.508138
v -8.532520 2.136044 0.364726
v -8.194306 2.197167 0.172344
v -8.567579 2.099267 0.238803
v -8.267517 2.160908 0.016107
v -7.849904 2.117397 -0.048021
v -7.882901 2.100821 -0.070174
v -7.968486 2.169195 0.031264
v -8.028292 2.129828 -0.072506
v -7.678735 2.094087 0.035928
v -7.815877 2.089425 -0.046855
v -7.778756 2.173857 0.086064
v -7.851967 2.117397 -0.050353
v -7.651925 2.203901 0.346071
v -7.778756 2.173857 0.086064
v -7.829282 2.165052 0.407867
v -7.897337 2.130864 0.138532
v -7.509628 2.110663 0.257459
v -7.678735 2.094087 0.035928
v -7.651925 2.203901 0.346071
v -7.778756 2.173857 0.086064
v -7.872590 2.089425 -0.013042
v -7.851967 2.106001 -0.043357
v -7.894243 2.124648 0.139697
v -7.779787 2.167123 0.088396
v -7.388984 2.058346 0.648053
v -7.509628 2.110663 0.257459
v -7.481787 2.137598 0.733167
v -7.651925 2.203901 0.346071
v -7.827219 2.157800 0.406701
v -7.653988 2.197167 0.347237
v -7.619960 2.091497 0.754154
v -7.484880 2.131382 0.730835
v -7.526126 2.024677 0.901064
v -7.418887 2.059900 0.892903
v -7.622022 2.097713 0.757652
v -7.481787 2.137598 0.733167
v -7.375579 1.959928 1.018826
v -7.341552 1.916935 0.982681
v -7.418887 2.059900 0.892903
v -7.358050 1.996188 0.821780
v -7.418887 2.059900 0.892903
v -7.358050 1.996188 0.821780
v -7.481787 2.137598 0.733167
v -7.388984 2.058346 0.648053
v -7.379704 1.955267 1.015328
v -7.432292 1.928331 1.021157
v -7.423012 2.053684 0.890571
v -7.524064 2.019497 0.897566
v -7.851967 2.106001 -0.043357
v -7.820001 2.079066 -0.039859
v -7.779787 2.167123 0.088396
v -7.683891 2.088389 0.039426
v -7.894243 2.124648 0.139697
v -7.779787 2.167123 0.088396
v -7.827219 2.157800 0.406701
v -7.653988 2.197167 0.347237
v -7.779787 2.167123 0.088396
v -7.683891 2.088389 0.039426
v -7.653988 2.197167 0.347237
v -7.514783 2.104965 0.258625
v -7.878776 2.099785 -0.017706
v -7.872590 2.089425 -0.013042
v -7.897337 2.130864 0.138532
v -7.894243 2.124648 0.139697
v -7.653988 2.197167 0.347237
v -7.514783 2.104965 0.258625
v -7.484880 2.131382 0.730835
v -7.396202 2.053684 0.648053
v -7.829282 2.165052 0.407867
v -7.827219 2.157800 0.406701
v -7.622022 2.097713 0.757652
v -7.619960 2.091497 0.754154
v -7.484880 2.131382 0.730835
v -7.423012 2.053684 0.890571
v -7.619960 2.091497 0.754154
v -7.524064 2.019497 0.897566
v -7.349801 1.913828 0.981515
v -7.379704 1.955267 1.015328
v -7.365268 1.992044 0.821780
v -7.423012 2.053684 0.890571
v -7.396202 2.053684 0.648053
v -7.365268 1.992044 0.821780
v -7.484880 2.131382 0.730835
v -7.423012 2.053684 0.890571
v -7.526126 2.024677 0.901064
v -7.524064 2.019497 0.897566
v -7.434354 1.932475 1.025821
v -7.432292 1.928331 1.021157
v -7.851967 2.117397 -0.050353
v -7.851967 2.106001 -0.043357
v -7.878776 2.099785 -0.017706
v -7.872590 2.089425 -0.013042
v -7.678735 2.094087 0.035928
v -7.683891 2.088389 0.039426
v -7.815877 2.089425 -0.046855
v -7.820001 2.079066 -0.039859
v -7.897337 2.130864 0.138532
v -7.894243 2.124648 0.139697
v -7.829282 2.165052 0.407867
v -7.827219 2.157800 0.406701
v -7.815877 2.089425 -0.046855
v -7.820001 2.079066 -0.039859
v -7.851967 2.117397 -0.050353
v -7.851967 2.106001 -0.043357
v -7.509628 2.110663 0.257459
v -7.514783 2.104965 0.258625
v -7.678735 2.094087 0.035928
v -7.683891 2.088389 0.039426
v -7.434354 1.932475 1.025821
v -7.375579 1.959928 1.018826
v -7.526126 2.024677 0.901064
v -7.418887 2.059900 0.892903
v -7.388984 2.058346 0.648053
v -7.396202 2.053684 0.648053
v -7.509628 2.110663 0.257459
v -7.514783 2.104965 0.258625
v -7.622022 2.097713 0.757652
v -7.619960 2.091497 0.754154
v -7.526126 2.024677 0.901064
v -7.524064 2.019497 0.897566
v -7.341552 1.916935 0.982681
v -7.349801 1.913828 0.981515
v -7.358050 1.996188 0.821780
v -7.365268 1.992044 0.821780
v -7.358050 1.996188 0.821780
v -7.365268 1.992044 0.821780
v -7.388984 2.058346 0.648053
v -7.396202 2.053684 0.648053
v -7.434354 1.932475 1.025821
v -7.432292 1.928331 1.021157
v -7.352894 1.828878 1.114434
v -7.358050 1.826288 1.109770
v -7.352894 1.828878 1.114434
v -7.358050 1.826288 1.109770
v -7.341552 1.916935 0.982681
v -7.349801 1.913828 0.981515
v -7.481787 2.137598 0.733167
v -7.651925 2.203901 0.346071
v -7.622022 2.097713 0.757652
v -7.829282 2.165052 0.407867
v -7.851967 2.117397 -0.050353
v -7.878776 2.099785 -0.017706
v -7.778756 2.173857 0.086064
v -7.897337 2.130864 0.138532
v -7.652956 2.167641 -0.103987
v -7.820001 2.091497 -0.067842
v -7.711731 2.242232 -0.004881
v -7.852998 2.117397 -0.050353
v -7.496223 2.325110 0.095391
v -7.711731 2.242232 -0.004881
v -7.602430 2.283153 0.246965
v -7.774631 2.199757 0.105885
v -7.424043 2.237052 -0.059680
v -7.652956 2.167641 -0.103987
v -7.496223 2.325110 0.095391
v -7.711731 2.242232 -0.004881
v -7.846811 2.090979 -0.007213
v -7.847842 2.106519 -0.044523
v -7.771538 2.194059 0.103553
v -7.710700 2.236534 -0.002549
v -7.101296 2.282117 0.152523
v -7.424043 2.237052 -0.059680
v -7.134292 2.361369 0.273782
v -7.496223 2.325110 0.095391
v -7.600368 2.276419 0.245799
v -7.497254 2.318894 0.096557
v -7.231220 2.309570 0.371722
v -7.137386 2.354635 0.274948
v -7.029116 2.229282 0.477824
v -6.949718 2.269167 0.409032
v -7.231220 2.315786 0.375220
v -7.134292 2.361369 0.273782
v -6.849697 2.130346 0.504641
v -6.839386 2.086317 0.458002
v -6.949718 2.269167 0.409032
v -6.935282 2.204937 0.316922
v -6.949718 2.269167 0.409032
v -6.935282 2.204937 0.316922
v -7.134292 2.361369 0.273782
v -7.101296 2.282117 0.152523
v -6.854853 2.125684 0.503475
v -6.891974 2.095641 0.540785
v -6.953843 2.263469 0.407867
v -7.029116 2.223584 0.473160
v -7.847842 2.106519 -0.044523
v -7.817939 2.081656 -0.059680
v -7.710700 2.236534 -0.002549
v -7.653988 2.162462 -0.098157
v -7.771538 2.194059 0.103553
v -7.710700 2.236534 -0.002549
v -7.600368 2.276419 0.245799
v -7.497254 2.318894 0.096557
v -7.710700 2.236534 -0.002549
v -7.653988 2.162462 -0.098157
v -7.497254 2.318894 0.096557
v -7.427136 2.231354 -0.055017
v -7.855060 2.100303 -0.007213
v -7.846811 2.090979 -0.007213
v -7.774631 2.199757 0.105885
v -7.771538 2.194059 0.103553
v -7.497254 2.318894 0.096557
v -7.427136 2.231354 -0.055017
v -7.137386 2.354635 0.274948
v -7.106452 2.276937 0.157187
v -7.602430 2.283153 0.246965
v -7.600368 2.276419 0.245799
v -7.231220 2.315786 0.375220
v -7.231220 2.309570 0.371722
v -7.137386 2.354635 0.274948
v -6.953843 2.263469 0.407867
v -7.231220 2.309570 0.371722
v -7.029116 2.223584 0.473160
v -6.846604 2.083209 0.460334
v -6.854853 2.125684 0.503475
v -6.941469 2.200275 0.320420
v -6.953843 2.263469 0.407867
v -7.106452 2.276937 0.157187
v -6.941469 2.200275 0.320420
v -7.137386 2.354635 0.274948
v -6.953843 2.263469 0.407867
v -7.029116 2.229282 0.477824
v -7.029116 2.223584 0.473160
v -6.890943 2.099785 0.545449
v -6.891974 2.095641 0.540785
v -7.852998 2.117397 -0.050353
v -7.847842 2.106519 -0.044523
v -7.855060 2.100303 -0.007213
v -7.846811 2.090979 -0.007213
v -7.652956 2.167641 -0.103987
v -7.653988 2.162462 -0.098157
v -7.820001 2.091497 -0.067842
v -7.817939 2.081656 -0.059680
v -7.774631 2.199757 0.105885
v -7.771538 2.194059 0.103553
v -7.602430 2.283153 0.246965
v -7.600368 2.276419 0.245799
v -7.820001 2.091497 -0.067842
v -7.817939 2.081656 -0.059680
v -7.852998 2.117397 -0.050353
v -7.847842 2.106519 -0.044523
v -7.424043 2.237052 -0.059680
v -7.427136 2.231354 -0.055017
v -7.652956 2.167641 -0.103987
v -7.653988 2.162462 -0.098157
v -6.890943 2.099785 0.545449
v -6.849697 2.130346 0.504641
v -7.029116 2.229282 0.477824
v -6.949718 2.269167 0.409032
v -7.101296 2.282117 0.152523
v -7.106452 2.276937 0.157187
v -7.424043 2.237052 -0.059680
v -7.427136 2.231354 -0.055017
v -7.231220 2.315786 0.375220
v -7.231220 2.309570 0.371722
v -7.029116 2.229282 0.477824
v -7.029116 2.223584 0.473160
v -6.839386 2.086317 0.458002
v -6.846604 2.083209 0.460334
v -6.935282 2.204937 0.316922
v -6.941469 2.200275 0.320420
v -6.935282 2.204937 0.316922
v -6.941469 2.200275 0.320420
v -7.101296 2.282117 0.152523
v -7.106452 2.276937 0.157187
v -6.890943 2.099785 0.545449
v -6.891974 2.095641 0.540785
v -6.758957 1.977540 0.593253
v -6.766175 1.974432 0.592087
v -6.758957 1.977540 0.593253
v -6.766175 1.974432 0.592087
v -6.839386 2.086317 0.458002
v -6.846604 2.083209 0.460334
v -7.134292 2.361369 0.273782
v -7.496223 2.325110 0.095391
v -7.231220 2.315786 0.375220
v -7.602430 2.283153 0.246965
v -7.852998 2.117397 -0.050353
v -7.855060 2.100303 -0.007213
v -7.711731 2.242232 -0.004881
v -7.774631 2.199757 0.105885
v -7.839593 2.069224 0.075570
v -7.833406 2.099785 -0.029366
v -7.921053 2.095641 0.037094
v -7.851967 2.116879 -0.048021
v -8.030354 2.011209 0.180506
v -7.921053 2.095641 0.037094
v -8.097378 1.967180 0.077902
v -7.966423 2.052130 -0.031698
v -7.911773 1.992044 0.232974
v -7.839593 2.069224 0.075570
v -8.030354 2.011209 0.180506
v -7.921053 2.095641 0.037094
v -7.866403 2.087353 -0.057348
v -7.850936 2.108073 -0.048021
v -7.964361 2.047986 -0.029366
v -7.920022 2.090979 0.035928
v -8.061288 1.811784 0.388045
v -7.911773 1.992044 0.232974
v -8.158216 1.824216 0.362394
v -8.030354 2.011209 0.180506
v -8.094285 1.963554 0.077902
v -8.028292 2.007065 0.178174
v -8.191212 1.791064 0.273782
v -8.155122 1.821108 0.358897
v -8.218022 1.696273 0.354233
v -8.195337 1.718028 0.425356
v -8.195337 1.793654 0.274948
v -8.158216 1.824216 0.362394
v -8.212866 1.613395 0.463832
v -8.170589 1.603035 0.469662
v -8.195337 1.718028 0.425356
v -8.120063 1.709740 0.437015
v -8.195337 1.718028 0.425356
v -8.120063 1.709740 0.437015
v -8.158216 1.824216 0.362394
v -8.061288 1.811784 0.388045
v -8.210804 1.612359 0.460334
v -8.219053 1.595265 0.424190
v -8.193274 1.715956 0.420692
v -8.212866 1.694719 0.354233
v -7.850936 2.108073 -0.048021
v -7.835468 2.091497 -0.031698
v -7.920022 2.090979 0.035928
v -7.841655 2.064562 0.072072
v -7.964361 2.047986 -0.029366
v -7.920022 2.090979 0.035928
v -8.094285 1.963554 0.077902
v -8.028292 2.007065 0.178174
v -7.920022 2.090979 0.035928
v -7.841655 2.064562 0.072072
v -8.028292 2.007065 0.178174
v -7.911773 1.988418 0.229476
v -7.870527 2.094605 -0.059680
v -7.866403 2.087353 -0.057348
v -7.966423 2.052130 -0.031698
v -7.964361 2.047986 -0.029366
v -8.028292 2.007065 0.178174
v -7.911773 1.988418 0.229476
v -8.155122 1.821108 0.358897
v -8.061288 1.808676 0.382216
v -8.097378 1.967180 0.077902
v -8.094285 1.963554 0.077902
v -8.195337 1.793654 0.274948
v -8.191212 1.791064 0.273782
v -8.155122 1.821108 0.358897
v -8.193274 1.715956 0.420692
v -8.191212 1.791064 0.273782
v -8.212866 1.694719 0.354233
v -8.170589 1.601999 0.463832
v -8.210804 1.612359 0.460334
v -8.120063 1.707150 0.431186
v -8.193274 1.715956 0.420692
v -8.061288 1.808676 0.382216
v -8.120063 1.707150 0.431186
v -8.155122 1.821108 0.358897
v -8.193274 1.715956 0.420692
v -8.218022 1.696273 0.354233
v -8.212866 1.694719 0.354233
v -8.223178 1.595783 0.425356
v -8.219053 1.595265 0.424190
v -7.851967 2.116879 -0.048021
v -7.850936 2.108073 -0.048021
v -7.870527 2.094605 -0.059680
v -7.866403 2.087353 -0.057348
v -7.839593 2.069224 0.075570
v -7.841655 2.064562 0.072072
v -7.833406 2.099785 -0.029366
v -7.835468 2.091497 -0.031698
v -7.966423 2.052130 -0.031698
v -7.964361 2.047986 -0.029366
v -8.097378 1.967180 0.077902
v -8.094285 1.963554 0.077902
v -7.833406 2.099785 -0.029366
v -7.835468 2.091497 -0.031698
v -7.851967 2.116879 -0.048021
v -7.850936 2.108073 -0.048021
v -7.911773 1.992044 0.232974
v -7.911773 1.988418 0.229476
v -7.839593 2.069224 0.075570
v -7.841655 2.064562 0.072072
v -8.223178 1.595783 0.425356
v -8.212866 1.613395 0.463832
v -8.218022 1.696273 0.354233
v -8.195337 1.718028 0.425356
v -8.061288 1.811784 0.388045
v -8.061288 1.808676 0.382216
v -7.911773 1.992044 0.232974
v -7.911773 1.988418 0.229476
v -8.195337 1.793654 0.274948
v -8.191212 1.791064 0.273782
v -8.218022 1.696273 0.354233
v -8.212866 1.694719 0.354233
v -8.170589 1.603035 0.469662
v -8.170589 1.601999 0.463832
v -8.120063 1.709740 0.437015
v -8.120063 1.707150 0.431186
v -8.120063 1.709740 0.437015
v -8.120063 1.707150 0.431186
v -8.061288 1.811784 0.388045
v -8.061288 1.808676 0.382216
v -8.223178 1.595783 0.425356
v -8.219053 1.595265 0.424190
v -8.210804 1.503063 0.478990
v -8.207710 1.503581 0.473160
v -8.210804 1.503063 0.478990
v -8.207710 1.503581 0.473160
v -8.170589 1.603035 0.469662
v -8.170589 1.601999 0.463832
v -8.158216 1.824216 0.362394
v -8.030354 2.011209 0.180506
v -8.195337 1.793654 0.274948
v -8.097378 1.967180 0.077902
v -7.851967 2.116879 -0.048021
v -7.870527 2.094605 -0.059680
v -7.921053 2.095641 0.037094
v -7.966423 2.052130 -0.031698
v -7.950956 2.049022 -0.078336
v -7.871558 2.099267 -0.037527
v -7.895275 2.070260 -0.134301
v -7.851967 2.116361 -0.049187
v -7.965392 1.949051 -0.264888
v -7.895275 2.070260 -0.134301
v -7.856091 1.920561 -0.274216
v -7.821032 2.038145 -0.138965
v -8.046852 1.936101 -0.184437
v -7.950956 2.049022 -0.078336
v -7.965392 1.949051 -0.264888
v -7.895275 2.070260 -0.134301
v -7.837531 2.089425 -0.052685
v -7.851967 2.108591 -0.046855
v -7.822064 2.034519 -0.136633
v -7.894243 2.066116 -0.133135
v -8.103565 1.718028 -0.337177
v -8.046852 1.936101 -0.184437
v -8.050977 1.722172 -0.409466
v -7.965392 1.949051 -0.264888
v -7.856091 1.917453 -0.270718
v -7.963330 1.945943 -0.261390
v -7.965392 1.705596 -0.397807
v -8.048915 1.720618 -0.404802
v -8.012825 1.597855 -0.435117
v -8.078818 1.606661 -0.446777
v -7.964361 1.706632 -0.401304
v -8.050977 1.722172 -0.409466
v -8.094285 1.499955 -0.459602
v -8.112845 1.494775 -0.424623
v -8.078818 1.606661 -0.446777
v -8.112845 1.606143 -0.387313
v -8.078818 1.606661 -0.446777
v -8.112845 1.606143 -0.387313
v -8.050977 1.722172 -0.409466
v -8.103565 1.718028 -0.337177
v -8.092223 1.499955 -0.456104
v -8.058195 1.490632 -0.446777
v -8.075724 1.605625 -0.443279
v -8.013856 1.597337 -0.430453
v -7.851967 2.108591 -0.046855
v -7.868465 2.092015 -0.036361
v -7.894243 2.066116 -0.133135
v -7.947863 2.045396 -0.077170
v -7.822064 2.034519 -0.136633
v -7.894243 2.066116 -0.133135
v -7.856091 1.917453 -0.270718
v -7.963330 1.945943 -0.261390
v -7.894243 2.066116 -0.133135
v -7.947863 2.045396 -0.077170
v -7.963330 1.945943 -0.261390
v -8.042728 1.933511 -0.183271
v -7.834437 2.096159 -0.055017
v -7.837531 2.089425 -0.052685
v -7.821032 2.038145 -0.138965
v -7.822064 2.034519 -0.136633
v -7.963330 1.945943 -0.261390
v -8.042728 1.933511 -0.183271
v -8.048915 1.720618 -0.404802
v -8.099441 1.716474 -0.334845
v -7.856091 1.920561 -0.274216
v -7.856091 1.917453 -0.270718
v -7.964361 1.706632 -0.401304
v -7.965392 1.705596 -0.397807
v -8.048915 1.720618 -0.404802
v -8.075724 1.605625 -0.443279
v -7.965392 1.705596 -0.397807
v -8.013856 1.597337 -0.430453
v -8.107690 1.494775 -0.422292
v -8.092223 1.499955 -0.456104
v -8.108721 1.605625 -0.386147
v -8.075724 1.605625 -0.443279
v -8.099441 1.716474 -0.334845
v -8.108721 1.605625 -0.386147
v -8.048915 1.720618 -0.404802
v -8.075724 1.605625 -0.443279
v -8.012825 1.597855 -0.435117
v -8.013856 1.597337 -0.430453
v -8.058195 1.490114 -0.450274
v -8.058195 1.490632 -0.446777
v -7.851967 2.116361 -0.049187
v -7.851967 2.108591 -0.046855
v -7.834437 2.096159 -0.055017
v -7.837531 2.089425 -0.052685
v -7.950956 2.049022 -0.078336
v -7.947863 2.045396 -0.077170
v -7.871558 2.099267 -0.037527
v -7.868465 2.092015 -0.036361
v -7.821032 2.038145 -0.138965
v -7.822064 2.034519 -0.136633
v -7.856091 1.920561 -0.274216
v -7.856091 1.917453 -0.270718
v -7.871558 2.099267 -0.037527
v -7.868465 2.092015 -0.036361
v -7.851967 2.116361 -0.049187
v -7.851967 2.108591 -0.046855
v -8.046852 1.936101 -0.184437
v -8.042728 1.933511 -0.183271
v -7.950956 2.049022 -0.078336
v -7.947863 2.045396 -0.077170
v -8.058195 1.490114 -0.450274
v -8.094285 1.499955 -0.459602
v -8.012825 1.597855 -0.435117
v -8.078818 1.606661 -0.446777
v -8.103565 1.718028 -0.337177
v -8.099441 1.716474 -0.334845
v -8.046852 1.936101 -0.184437
v -8.042728 1.933511 -0.183271
v -7.964361 1.706632 -0.401304
v -7.965392 1.705596 -0.397807
v -8.012825 1.597855 -0.435117
v -8.013856 1.597337 -0.430453
v -8.112845 1.494775 -0.424623
v -8.107690 1.494775 -0.422292
v -8.112845 1.606143 -0.387313
v -8.108721 1.605625 -0.386147
v -8.112845 1.606143 -0.387313
v -8.108721 1.605625 -0.386147
v -8.103565 1.718028 -0.337177
v -8.099441 1.716474 -0.334845
v -8.058195 1.490114 -0.450274
v -8.058195 1.490632 -0.446777
v -8.096347 1.395840 -0.445611
v -8.093254 1.397394 -0.442113
v -8.096347 1.395840 -0.445611
v -8.093254 1.397394 -0.442113
v -8.112845 1.494775 -0.424623
v -8.107690 1.494775 -0.422292
v -8.050977 1.722172 -0.409466
v -7.965392 1.949051 -0.264888
v -7.964361 1.706632 -0.401304
v -7.856091 1.920561 -0.274216
v -7.851967 2.116361 -0.049187
v -7.834437 2.096159 -0.055017
v -7.895275 2.070260 -0.134301
v -7.821032 2.038145 -0.138965
vt 0.710397 0.588273
vt 0.710667 0.588411
vt 0.710127 0.588721
vt 0.710127 0.588721
vt 0.710667 0.588411
vt 0.709766 0.588652
vt 0.710307 0.588239
vt 0.710127 0.588686
vt 0.710667 0.588342
vt 0.710127 0.588686
vt 0.709766 0.588583
vt 0.710667 0.588342
vt 0.700125 0.573575
vt 0.700305 0.572336
vt 0.700576 0.573300
vt 0.700576 0.573300
vt 0.700305 0.572336
vt 0.701206 0.573334
vt 0.700125 0.573610
vt 0.700576 0.573369
vt 0.700305 0.572405
vt 0.700576 0.573369
vt 0.701116 0.573403
vt 0.700305 0.572405
vt 0.665615 0.585279
vt 0.665165 0.584728
vt 0.665165 0.585175
vt 0.665165 0.585175
vt 0.665165 0.584728
vt 0.665165 0.584728
vt 0.665615 0.585244
vt 0.665255 0.585141
vt 0.665255 0.584728
vt 0.665255 0.585141
vt 0.665255 0.584728
vt 0.665255 0.584728
vt 0.673274 0.586931
vt 0.673094 0.586759
vt 0.673004 0.587241
vt 0.673004 0.587241
vt 0.673094 0.586759
vt 0.672644 0.587034
vt 0.673274 0.586896
vt 0.673004 0.587206
vt 0.673094 0.586724
vt 0.673004 0.587206
vt 0.672644 0.587000
vt 0.673094 0.586724
vt 0.710938 0.581940
vt 0.711208 0.581664
vt 0.711028 0.582422
vt 0.711028 0.582422
vt 0.711208 0.581664
vt 0.710667 0.582559
vt 0.710847 0.581940
vt 0.711028 0.582387
vt 0.711118 0.581664
vt 0.711028 0.582387
vt 0.710667 0.582525
vt 0.711118 0.581664
vt 0.701567 0.589788
vt 0.701206 0.589857
vt 0.701206 0.589926
vt 0.701206 0.589926
vt 0.701206 0.589857
vt 0.700936 0.589581
vt 0.701567 0.589754
vt 0.701206 0.589891
vt 0.701206 0.589822
vt 0.701206 0.589891
vt 0.701026 0.589547
vt 0.701206 0.589822
vt 0.695350 0.581010
vt 0.694719 0.580115
vt 0.695350 0.580735
vt 0.695350 0.580735
vt 0.694719 0.580115
vt 0.695620 0.580356
vt 0.695350 0.580976
vt 0.695350 0.580735
vt 0.694809 0.580115
vt 0.695350 0.580735
vt 0.695620 0.580391
vt 0.694809 0.580115
vt 0.705982 0.575778
vt 0.706523 0.574677
vt 0.706432 0.575916
vt 0.706432 0.575916
vt 0.706523 0.574677
vt 0.706703 0.575985
vt 0.705982 0.575813
vt 0.706432 0.575916
vt 0.706523 0.574711
vt 0.706432 0.575916
vt 0.706703 0.576019
vt 0.706523 0.574711
vt 0.678320 0.579633
vt 0.679311 0.578704
vt 0.678681 0.580047
vt 0.678681 0.580047
vt 0.679311 0.578704
vt 0.678771 0.580184
vt 0.678320 0.579668
vt 0.678681 0.580047
vt 0.679221 0.578738
vt 0.678681 0.580047
vt 0.678681 0.580150
vt 0.679221 0.578738
vt 0.667508 0.579324
vt 0.667598 0.578635
vt 0.667598 0.579152
vt 0.667598 0.579152
vt 0.667598 0.578635
vt 0.667958 0.579048
vt 0.667598 0.579358
vt 0.667598 0.579152
vt 0.667688 0.578670
vt 0.667598 0.579152
vt 0.667958 0.579083
vt 0.667688 0.578670
vt 0.702017 0.584349
vt 0.701747 0.583971
vt 0.701747 0.584487
vt 0.701747 0.584487
vt 0.701747 0.583971
vt 0.701657 0.584246
vt 0.702017 0.584349
vt 0.701747 0.584453
vt 0.701747 0.583936
vt 0.701747 0.584453
vt 0.701657 0.584246
vt 0.701747 0.583936
vt 0.703459 0.585623
vt 0.703189 0.584521
vt 0.704180 0.585451
vt 0.703189 0.584418
vt 0.704180 0.585416
vt 0.705892 0.586931
vt 0.706883 0.585726
vt 0.704901 0.584556
vt 0.702198 0.584177
vt 0.700305 0.583489
vt 0.699855 0.584418
vt 0.701837 0.584693
vt 0.703549 0.584212
vt 0.703279 0.584384
vt 0.704901 0.584556
vt 0.704180 0.585416
vt 0.668048 0.585382
vt 0.666156 0.585588
vt 0.666967 0.585967
vt 0.669039 0.586070
vt 0.670391 0.586208
vt 0.671562 0.587034
vt 0.672553 0.587378
vt 0.671743 0.586483
vt 0.667688 0.579806
vt 0.668048 0.580597
vt 0.667868 0.581114
vt 0.667598 0.580184
vt 0.703009 0.583179
vt 0.701657 0.583385
vt 0.700486 0.581045
vt 0.702378 0.580528
vt 0.701837 0.584590
vt 0.701567 0.584625
vt 0.702017 0.585038
vt 0.702558 0.585107
vt 0.678681 0.580047
vt 0.677960 0.581389
vt 0.677239 0.580769
vt 0.678320 0.579633
vt 0.703279 0.584384
vt 0.703279 0.584487
vt 0.704180 0.585416
vt 0.703549 0.585588
vt 0.670121 0.583798
vt 0.669220 0.582559
vt 0.668769 0.583076
vt 0.669850 0.584074
vt 0.669400 0.583867
vt 0.669670 0.584900
vt 0.668048 0.585416
vt 0.667688 0.584005
vt 0.704180 0.580184
vt 0.704090 0.582766
vt 0.704180 0.582766
vt 0.704180 0.580150
vt 0.703099 0.581492
vt 0.704630 0.578566
vt 0.704540 0.578566
vt 0.703099 0.581527
vt 0.672644 0.583007
vt 0.675617 0.582009
vt 0.675617 0.582043
vt 0.672644 0.583007
vt 0.705802 0.582112
vt 0.706523 0.579048
vt 0.705712 0.578807
vt 0.704630 0.581974
vt 0.669670 0.584900
vt 0.668048 0.585382
vt 0.669039 0.586070
vt 0.670391 0.585313
vt 0.706162 0.577258
vt 0.705802 0.578842
vt 0.704540 0.578566
vt 0.705261 0.577155
vt 0.702648 0.584900
vt 0.702288 0.584659
vt 0.702378 0.584693
vt 0.702648 0.584934
vt 0.703189 0.584418
vt 0.703279 0.584384
vt 0.703549 0.584212
vt 0.703549 0.584212
vt 0.700936 0.582250
vt 0.702648 0.583248
vt 0.702648 0.583248
vt 0.701026 0.582250
vt 0.701927 0.574814
vt 0.702738 0.576398
vt 0.702828 0.576363
vt 0.702017 0.574746
vt 0.673094 0.586724
vt 0.672644 0.587000
vt 0.672644 0.587034
vt 0.673094 0.586759
vt 0.670391 0.586208
vt 0.670211 0.585072
vt 0.670211 0.585107
vt 0.670391 0.586277
vt 0.665165 0.585175
vt 0.665525 0.585451
vt 0.666156 0.585726
vt 0.665615 0.585279
vt 0.702288 0.584659
vt 0.702017 0.584349
vt 0.702017 0.584349
vt 0.702378 0.584693
vt 0.704901 0.584556
vt 0.706883 0.585726
vt 0.706883 0.585726
vt 0.704901 0.584590
vt 0.665525 0.584659
vt 0.666066 0.584556
vt 0.665976 0.584556
vt 0.665525 0.584659
vt 0.709676 0.587895
vt 0.710307 0.588239
vt 0.710397 0.588273
vt 0.709766 0.587929
vt 0.710397 0.588273
vt 0.710307 0.588239
vt 0.710667 0.588411
vt 0.710667 0.588342
vt 0.670571 0.584349
vt 0.670751 0.584384
vt 0.670751 0.584453
vt 0.670481 0.584418
vt 0.670391 0.586277
vt 0.671743 0.586518
vt 0.672553 0.587447
vt 0.671562 0.587103
vt 0.703189 0.584418
vt 0.703549 0.584212
vt 0.704180 0.585451
vt 0.704901 0.584590
vt 0.704180 0.582766
vt 0.703549 0.584143
vt 0.703009 0.583179
vt 0.703279 0.584453
vt 0.704090 0.582766
vt 0.704180 0.580184
vt 0.702378 0.580528
vt 0.703009 0.583144
vt 0.669670 0.584900
vt 0.670391 0.585347
vt 0.669039 0.586105
vt 0.668048 0.585416
vt 0.702918 0.584246
vt 0.703189 0.584384
vt 0.701747 0.583317
vt 0.703009 0.583144
vt 0.702378 0.580528
vt 0.701387 0.576432
vt 0.700125 0.577017
vt 0.700576 0.581045
vt 0.700576 0.581045
vt 0.700125 0.577017
vt 0.700125 0.577017
vt 0.700486 0.581045
vt 0.709406 0.588755
vt 0.708415 0.588445
vt 0.708955 0.587447
vt 0.709766 0.587929
vt 0.710307 0.588239
vt 0.709676 0.587895
vt 0.709406 0.588686
vt 0.710127 0.588686
vt 0.701026 0.582250
vt 0.700305 0.583523
vt 0.697422 0.582146
vt 0.698053 0.581251
vt 0.701567 0.584487
vt 0.701567 0.584625
vt 0.701567 0.584659
vt 0.701567 0.584487
vt 0.703189 0.584384
vt 0.703459 0.584108
vt 0.703009 0.583144
vt 0.704090 0.582766
vt 0.671112 0.585382
vt 0.672013 0.584797
vt 0.672914 0.585795
vt 0.671743 0.586518
vt 0.669490 0.583902
vt 0.667688 0.584005
vt 0.668048 0.585382
vt 0.669670 0.584900
vt 0.695620 0.580391
vt 0.696791 0.580804
vt 0.696791 0.580769
vt 0.695620 0.580356
vt 0.700305 0.583489
vt 0.697422 0.582146
vt 0.697332 0.582835
vt 0.699855 0.584418
vt 0.700305 0.583523
vt 0.699855 0.584453
vt 0.697242 0.582869
vt 0.697422 0.582146
vt 0.668319 0.579668
vt 0.667778 0.579806
vt 0.668048 0.580632
vt 0.668769 0.580356
vt 0.701567 0.584625
vt 0.701837 0.584590
vt 0.701837 0.584625
vt 0.701567 0.584659
vt 0.701567 0.584487
vt 0.701567 0.584659
vt 0.702017 0.585072
vt 0.701837 0.584831
vt 0.702468 0.584384
vt 0.703009 0.584797
vt 0.702558 0.585141
vt 0.701837 0.584625
vt 0.703279 0.584453
vt 0.703189 0.584384
vt 0.702828 0.584315
vt 0.702918 0.584246
vt 0.676788 0.583317
vt 0.674175 0.584728
vt 0.674175 0.584797
vt 0.676788 0.583351
vt 0.704540 0.583489
vt 0.706793 0.582938
vt 0.706793 0.582972
vt 0.704540 0.583489
vt 0.703549 0.584143
vt 0.703459 0.584108
vt 0.703279 0.584453
vt 0.703189 0.584384
vt 0.677960 0.581389
vt 0.677239 0.580769
vt 0.675617 0.582009
vt 0.676518 0.582869
vt 0.672644 0.587034
vt 0.672103 0.587172
vt 0.672824 0.587447
vt 0.673004 0.587241
vt 0.702918 0.585485
vt 0.703729 0.585520
vt 0.703549 0.587206
vt 0.702288 0.587206
vt 0.705982 0.575813
vt 0.705261 0.577155
vt 0.706162 0.577258
vt 0.706432 0.575916
vt 0.709766 0.588583
vt 0.708685 0.588583
vt 0.708685 0.588652
vt 0.709766 0.588652
vt 0.701657 0.584246
vt 0.701567 0.584487
vt 0.701567 0.584487
vt 0.701657 0.584246
vt 0.700125 0.573575
vt 0.700125 0.573610
vt 0.700305 0.572336
vt 0.700305 0.572405
vt 0.694809 0.580115
vt 0.695620 0.580391
vt 0.695620 0.580356
vt 0.694719 0.580115
vt 0.706883 0.584418
vt 0.706793 0.582972
vt 0.709406 0.582525
vt 0.709676 0.583626
vt 0.703279 0.584453
vt 0.702828 0.584315
vt 0.703009 0.583179
vt 0.701657 0.583385
vt 0.669400 0.583867
vt 0.670571 0.584143
vt 0.669670 0.584900
vt 0.670751 0.584453
vt 0.704540 0.583626
vt 0.705802 0.582112
vt 0.704630 0.581974
vt 0.703729 0.583695
vt 0.704180 0.582766
vt 0.703009 0.583179
vt 0.702378 0.580528
vt 0.704180 0.580150
vt 0.670842 0.584521
vt 0.670751 0.584418
vt 0.670391 0.585313
vt 0.669670 0.584900
vt 0.672824 0.587447
vt 0.672553 0.587447
vt 0.673364 0.586793
vt 0.673364 0.586931
vt 0.705892 0.586965
vt 0.706883 0.585726
vt 0.708955 0.587447
vt 0.708415 0.588445
vt 0.701297 0.589685
vt 0.701567 0.589134
vt 0.702558 0.588996
vt 0.702017 0.589478
vt 0.701206 0.573334
vt 0.702017 0.574746
vt 0.700936 0.574642
vt 0.700576 0.573300
vt 0.704630 0.582009
vt 0.703099 0.581527
vt 0.704540 0.578566
vt 0.705802 0.578842
vt 0.666066 0.584556
vt 0.667688 0.584005
vt 0.667688 0.584005
vt 0.665976 0.584556
vt 0.670751 0.584418
vt 0.670571 0.584143
vt 0.669670 0.584900
vt 0.669490 0.583902
vt 0.695350 0.580735
vt 0.696251 0.581423
vt 0.696251 0.581974
vt 0.695350 0.581010
vt 0.677239 0.580769
vt 0.678320 0.579668
vt 0.678320 0.579633
vt 0.677239 0.580769
vt 0.699855 0.584418
vt 0.697332 0.582835
vt 0.697242 0.582869
vt 0.699855 0.584453
vt 0.668319 0.579633
vt 0.668769 0.580322
vt 0.668048 0.580597
vt 0.667688 0.579806
vt 0.670211 0.585072
vt 0.670571 0.584349
vt 0.670481 0.584418
vt 0.670211 0.585107
vt 0.665525 0.584659
vt 0.665525 0.585416
vt 0.666156 0.585588
vt 0.666066 0.584556
vt 0.700125 0.573610
vt 0.700125 0.575227
vt 0.700936 0.574711
vt 0.700576 0.573369
vt 0.706883 0.584384
vt 0.709586 0.583558
vt 0.709406 0.582525
vt 0.706793 0.582938
vt 0.667868 0.581114
vt 0.667688 0.580184
vt 0.667598 0.580184
vt 0.667868 0.581114
vt 0.670751 0.584453
vt 0.670751 0.584418
vt 0.670842 0.584590
vt 0.670842 0.584521
vt 0.670391 0.585313
vt 0.669039 0.586070
vt 0.669039 0.586105
vt 0.670391 0.585347
vt 0.669039 0.586070
vt 0.666967 0.585967
vt 0.666967 0.586036
vt 0.669039 0.586105
vt 0.703279 0.584487
vt 0.703279 0.584384
vt 0.703189 0.584418
vt 0.703189 0.584521
vt 0.702648 0.583248
vt 0.703189 0.584074
vt 0.703279 0.584074
vt 0.702648 0.583248
vt 0.700576 0.573300
vt 0.700936 0.574642
vt 0.700035 0.575227
vt 0.700125 0.573575
vt 0.673004 0.587206
vt 0.672824 0.587413
vt 0.672103 0.587103
vt 0.672644 0.587000
vt 0.670842 0.584521
vt 0.670391 0.585313
vt 0.670391 0.585347
vt 0.670842 0.584590
vt 0.709856 0.583317
vt 0.708955 0.584074
vt 0.708955 0.584143
vt 0.709947 0.583385
vt 0.708685 0.588583
vt 0.707514 0.588377
vt 0.707514 0.588445
vt 0.708685 0.588652
vt 0.665615 0.585279
vt 0.665615 0.585244
vt 0.665165 0.584728
vt 0.665255 0.584728
vt 0.670571 0.584143
vt 0.670751 0.584418
vt 0.670751 0.584453
vt 0.670571 0.584143
vt 0.702738 0.583213
vt 0.703099 0.581492
vt 0.703099 0.581527
vt 0.702738 0.583248
vt 0.670751 0.584453
vt 0.670842 0.584590
vt 0.669670 0.584900
vt 0.670391 0.585347
vt 0.670211 0.585107
vt 0.670481 0.584418
vt 0.671112 0.585382
vt 0.670751 0.584453
vt 0.670211 0.585072
vt 0.670391 0.586208
vt 0.671743 0.586483
vt 0.671112 0.585313
vt 0.710217 0.582250
vt 0.710847 0.581940
vt 0.710938 0.581940
vt 0.710307 0.582250
vt 0.671022 0.584280
vt 0.670751 0.584384
vt 0.671923 0.584762
vt 0.671112 0.585313
vt 0.701206 0.586415
vt 0.702288 0.587206
vt 0.701567 0.589134
vt 0.700846 0.588411
vt 0.704630 0.581974
vt 0.705712 0.578807
vt 0.704630 0.578566
vt 0.703099 0.581492
vt 0.702198 0.584969
vt 0.703009 0.584349
vt 0.703009 0.584349
vt 0.702107 0.584969
vt 0.706432 0.575916
vt 0.706162 0.577258
vt 0.706703 0.577499
vt 0.706703 0.576019
vt 0.667688 0.584005
vt 0.668048 0.585416
vt 0.666066 0.585588
vt 0.665976 0.584556
vt 0.701206 0.589891
vt 0.701387 0.589650
vt 0.700936 0.589065
vt 0.701026 0.589547
vt 0.670751 0.584384
vt 0.670571 0.584349
vt 0.671112 0.585313
vt 0.670211 0.585072
vt 0.711028 0.582422
vt 0.710577 0.583041
vt 0.710307 0.582250
vt 0.710938 0.581940
vt 0.701206 0.589926
vt 0.701297 0.589685
vt 0.702017 0.589478
vt 0.701567 0.589788
vt 0.668319 0.579668
vt 0.668769 0.580356
vt 0.668769 0.580322
vt 0.668319 0.579633
vt 0.665525 0.585416
vt 0.666246 0.585657
vt 0.666967 0.585967
vt 0.666156 0.585588
vt 0.670031 0.582043
vt 0.670751 0.583385
vt 0.670751 0.583385
vt 0.670031 0.582043
vt 0.710577 0.583041
vt 0.709676 0.583626
vt 0.709406 0.582525
vt 0.710307 0.582250
vt 0.671562 0.587034
vt 0.670391 0.586208
vt 0.670391 0.586277
vt 0.671562 0.587103
vt 0.696791 0.580769
vt 0.698053 0.581251
vt 0.697422 0.582146
vt 0.696251 0.581423
vt 0.673274 0.586896
vt 0.673364 0.586896
vt 0.672824 0.587413
vt 0.673004 0.587206
vt 0.670751 0.584453
vt 0.670751 0.584384
vt 0.671022 0.584315
vt 0.671022 0.584280
vt 0.671292 0.583695
vt 0.672644 0.583007
vt 0.672644 0.583007
vt 0.671292 0.583730
vt 0.704811 0.587172
vt 0.703549 0.585588
vt 0.703459 0.585623
vt 0.704811 0.587241
vt 0.665255 0.584728
vt 0.665255 0.584728
vt 0.665165 0.584728
vt 0.665165 0.584728
vt 0.706523 0.579048
vt 0.705802 0.582112
vt 0.705802 0.582146
vt 0.706613 0.579048
vt 0.708955 0.584074
vt 0.706162 0.585141
vt 0.706252 0.585175
vt 0.708955 0.584143
vt 0.701747 0.584453
vt 0.701837 0.584797
vt 0.701567 0.584487
vt 0.701657 0.584246
vt 0.706793 0.582938
vt 0.709406 0.582525
vt 0.709406 0.582525
vt 0.706793 0.582972
vt 0.673274 0.586759
vt 0.673364 0.586896
vt 0.673364 0.586931
vt 0.673364 0.586793
vt 0.670661 0.584349
vt 0.669850 0.584074
vt 0.669850 0.584074
vt 0.670571 0.584418
vt 0.673274 0.586931
vt 0.673274 0.586896
vt 0.673094 0.586759
vt 0.673094 0.586724
vt 0.703279 0.584453
vt 0.703279 0.584384
vt 0.703279 0.584453
vt 0.703279 0.584521
vt 0.704811 0.587241
vt 0.705892 0.586965
vt 0.708415 0.588445
vt 0.707514 0.588445
vt 0.670751 0.584453
vt 0.671022 0.584315
vt 0.671112 0.585382
vt 0.672013 0.584797
vt 0.704180 0.585038
vt 0.703279 0.584521
vt 0.704630 0.584590
vt 0.703279 0.584453
vt 0.703729 0.583695
vt 0.704630 0.581974
vt 0.703099 0.581492
vt 0.702738 0.583213
vt 0.705261 0.577155
vt 0.705982 0.575813
vt 0.705982 0.575778
vt 0.705261 0.577155
vt 0.703369 0.584074
vt 0.703279 0.584384
vt 0.704540 0.583489
vt 0.704630 0.584556
vt 0.701837 0.584625
vt 0.702558 0.585141
vt 0.702017 0.585072
vt 0.701567 0.584659
vt 0.667688 0.584005
vt 0.666066 0.584556
vt 0.666156 0.585588
vt 0.668048 0.585382
vt 0.678050 0.581733
vt 0.677960 0.581389
vt 0.676518 0.582869
vt 0.676788 0.583317
vt 0.698053 0.581251
vt 0.700936 0.582250
vt 0.701026 0.582250
vt 0.698053 0.581251
vt 0.706703 0.577499
vt 0.706613 0.579048
vt 0.705802 0.578842
vt 0.706162 0.577258
vt 0.702017 0.584349
vt 0.702288 0.584659
vt 0.701837 0.584797
vt 0.701747 0.584453
vt 0.703279 0.584384
vt 0.703279 0.584453
vt 0.704630 0.584556
vt 0.704180 0.584969
vt 0.703729 0.583730
vt 0.702738 0.583248
vt 0.703099 0.581527
vt 0.704630 0.582009
vt 0.670751 0.583385
vt 0.670031 0.582043
vt 0.669220 0.582559
vt 0.670121 0.583798
vt 0.702468 0.588927
vt 0.702017 0.589444
vt 0.702017 0.589478
vt 0.702558 0.588996
vt 0.665525 0.585451
vt 0.666066 0.585588
vt 0.666967 0.586036
vt 0.666156 0.585726
vt 0.700936 0.589065
vt 0.700936 0.588411
vt 0.700846 0.588411
vt 0.700846 0.589099
vt 0.701927 0.574814
vt 0.700936 0.574711
vt 0.701387 0.576432
vt 0.702738 0.576398
vt 0.671833 0.584590
vt 0.673545 0.584143
vt 0.672644 0.583007
vt 0.671292 0.583695
vt 0.703549 0.584625
vt 0.703369 0.584969
vt 0.703369 0.585003
vt 0.703549 0.584625
vt 0.704180 0.584969
vt 0.706162 0.585141
vt 0.706883 0.584384
vt 0.704630 0.584556
vt 0.703279 0.584453
vt 0.703279 0.584384
vt 0.703369 0.584074
vt 0.703369 0.584074
vt 0.667688 0.584005
vt 0.669490 0.583902
vt 0.669400 0.583867
vt 0.667688 0.584005
vt 0.672914 0.585761
vt 0.673274 0.586759
vt 0.673364 0.586793
vt 0.672914 0.585795
vt 0.670751 0.584349
vt 0.671833 0.584590
vt 0.671292 0.583695
vt 0.670751 0.584039
vt 0.701747 0.583317
vt 0.700576 0.581045
vt 0.700486 0.581045
vt 0.701657 0.583385
vt 0.696251 0.581940
vt 0.695350 0.580976
vt 0.695350 0.581010
vt 0.696251 0.581974
vt 0.710127 0.588686
vt 0.709406 0.588686
vt 0.708685 0.588583
vt 0.709766 0.588583
vt 0.704180 0.585451
vt 0.704901 0.584590
vt 0.706883 0.585726
vt 0.705892 0.586965
vt 0.700936 0.588411
vt 0.701297 0.586415
vt 0.701206 0.586415
vt 0.700846 0.588411
vt 0.708955 0.587413
vt 0.709676 0.587895
vt 0.709766 0.587929
vt 0.708955 0.587447
vt 0.710938 0.581940
vt 0.710847 0.581940
vt 0.711208 0.581664
vt 0.711118 0.581664
vt 0.670751 0.584039
vt 0.671292 0.583695
vt 0.671292 0.583730
vt 0.670661 0.584074
vt 0.706252 0.585175
vt 0.706883 0.584418
vt 0.709676 0.583626
vt 0.708955 0.584143
vt 0.703279 0.584453
vt 0.703369 0.584074
vt 0.704630 0.584590
vt 0.704540 0.583489
vt 0.702107 0.584969
vt 0.703009 0.584349
vt 0.702918 0.585485
vt 0.703279 0.584418
vt 0.702558 0.584349
vt 0.703099 0.584246
vt 0.703099 0.584280
vt 0.702468 0.584384
vt 0.701657 0.584246
vt 0.701567 0.584487
vt 0.701837 0.584831
vt 0.701747 0.584487
vt 0.703459 0.584487
vt 0.703279 0.584418
vt 0.703729 0.585485
vt 0.702918 0.585485
vt 0.665525 0.584659
vt 0.665976 0.584556
vt 0.666066 0.585588
vt 0.665525 0.585451
vt 0.701297 0.586415
vt 0.700936 0.588411
vt 0.701567 0.589099
vt 0.702288 0.587172
vt 0.704811 0.587172
vt 0.707514 0.588377
vt 0.708415 0.588411
vt 0.705892 0.586931
vt 0.704630 0.584556
vt 0.706883 0.584384
vt 0.706793 0.582938
vt 0.704540 0.583489
vt 0.709406 0.588686
vt 0.709676 0.587895
vt 0.708955 0.587413
vt 0.708415 0.588411
vt 0.667598 0.579152
vt 0.667778 0.579806
vt 0.668319 0.579668
vt 0.667958 0.579083
vt 0.703279 0.584418
vt 0.703009 0.584349
vt 0.702918 0.585485
vt 0.702198 0.584969
vt 0.702648 0.583248
vt 0.700936 0.582250
vt 0.700305 0.583489
vt 0.702198 0.584177
vt 0.702738 0.576398
vt 0.704180 0.580184
vt 0.704180 0.580150
vt 0.702828 0.576363
vt 0.675617 0.582009
vt 0.677239 0.580769
vt 0.677239 0.580769
vt 0.675617 0.582043
vt 0.696251 0.581423
vt 0.697422 0.582146
vt 0.697242 0.582869
vt 0.696251 0.581974
vt 0.674175 0.584797
vt 0.673545 0.584212
vt 0.676518 0.582904
vt 0.676788 0.583351
vt 0.667778 0.579806
vt 0.667688 0.580184
vt 0.667868 0.581114
vt 0.668048 0.580632
vt 0.701747 0.584487
vt 0.701837 0.584831
vt 0.702378 0.584693
vt 0.702017 0.584349
vt 0.706703 0.577499
vt 0.706162 0.577258
vt 0.705712 0.578807
vt 0.706523 0.579048
vt 0.667958 0.579048
vt 0.668319 0.579633
vt 0.667688 0.579806
vt 0.667598 0.579152
vt 0.703279 0.584418
vt 0.703279 0.584418
vt 0.703459 0.584521
vt 0.703459 0.584487
vt 0.670031 0.582043
vt 0.669130 0.582559
vt 0.668048 0.580597
vt 0.668769 0.580322
vt 0.673545 0.584212
vt 0.672644 0.583007
vt 0.675617 0.582043
vt 0.676518 0.582904
vt 0.703459 0.584177
vt 0.703279 0.584349
vt 0.703279 0.584453
vt 0.703549 0.584280
vt 0.668769 0.580356
vt 0.670031 0.582043
vt 0.670031 0.582043
vt 0.668769 0.580322
vt 0.710847 0.581940
vt 0.710217 0.582250
vt 0.710487 0.583007
vt 0.711028 0.582387
vt 0.678771 0.580184
vt 0.678050 0.581768
vt 0.677960 0.581389
vt 0.678681 0.580047
vt 0.702918 0.584246
vt 0.701747 0.583317
vt 0.701657 0.583385
vt 0.702828 0.584315
vt 0.672644 0.587000
vt 0.672103 0.587103
vt 0.672103 0.587172
vt 0.672644 0.587034
vt 0.666967 0.585967
vt 0.666246 0.585657
vt 0.666156 0.585726
vt 0.666967 0.586036
vt 0.701567 0.589788
vt 0.701567 0.589754
vt 0.701206 0.589857
vt 0.701206 0.589822
vt 0.667688 0.578670
vt 0.667958 0.579083
vt 0.667958 0.579048
vt 0.667598 0.578635
vt 0.668048 0.585416
vt 0.669039 0.586105
vt 0.666967 0.586036
vt 0.666066 0.585588
vt 0.703279 0.584418
vt 0.703459 0.584521
vt 0.702918 0.585485
vt 0.703729 0.585520
vt 0.702648 0.583248
vt 0.703279 0.584074
vt 0.702288 0.584212
vt 0.703279 0.584418
vt 0.703009 0.584762
vt 0.702558 0.585107
vt 0.703369 0.584969
vt 0.703549 0.584625
vt 0.667958 0.579083
vt 0.668319 0.579668
vt 0.668319 0.579633
vt 0.667958 0.579048
vt 0.703009 0.584418
vt 0.703189 0.584384
vt 0.701837 0.584693
vt 0.702198 0.584177
vt 0.671743 0.586483
vt 0.672553 0.587378
vt 0.673274 0.586759
vt 0.672914 0.585761
vt 0.702558 0.585107
vt 0.702017 0.585038
vt 0.702648 0.584900
vt 0.703369 0.584969
vt 0.700936 0.582250
vt 0.698053 0.581251
vt 0.697422 0.582146
vt 0.700305 0.583489
vt 0.706703 0.575985
vt 0.706703 0.577499
vt 0.706162 0.577258
vt 0.706432 0.575916
vt 0.706162 0.577258
vt 0.705261 0.577155
vt 0.704630 0.578566
vt 0.705712 0.578807
vt 0.667598 0.579358
vt 0.667688 0.580184
vt 0.667778 0.579806
vt 0.667598 0.579152
vt 0.703189 0.584384
vt 0.703189 0.584074
vt 0.702198 0.584177
vt 0.702648 0.583248
vt 0.703009 0.584418
vt 0.701837 0.584693
vt 0.701837 0.584728
vt 0.703009 0.584521
vt 0.670211 0.585107
vt 0.671112 0.585382
vt 0.671743 0.586518
vt 0.670391 0.586277
vt 0.704630 0.584590
vt 0.704540 0.583489
vt 0.706793 0.582972
vt 0.706883 0.584418
vt 0.700846 0.589099
vt 0.700846 0.588411
vt 0.701567 0.589134
vt 0.701297 0.589685
vt 0.703459 0.584487
vt 0.703729 0.585485
vt 0.703729 0.585520
vt 0.703459 0.584521
vt 0.708685 0.588583
vt 0.709406 0.588686
vt 0.708415 0.588411
vt 0.707514 0.588377
vt 0.667598 0.579152
vt 0.667688 0.579806
vt 0.667598 0.580184
vt 0.667508 0.579324
vt 0.703549 0.585588
vt 0.703279 0.584487
vt 0.703189 0.584521
vt 0.703459 0.585623
vt 0.703009 0.583144
vt 0.702378 0.580528
vt 0.700576 0.581045
vt 0.701747 0.583317
vt 0.703279 0.584418
vt 0.703189 0.584384
vt 0.703009 0.584521
vt 0.703009 0.584418
vt 0.701837 0.584693
vt 0.699855 0.584418
vt 0.699855 0.584453
vt 0.701837 0.584728
vt 0.706162 0.585141
vt 0.704180 0.584969
vt 0.704180 0.585038
vt 0.706252 0.585175
vt 0.672373 0.584831
vt 0.671022 0.584315
vt 0.671022 0.584418
vt 0.672373 0.584900
vt 0.674175 0.584728
vt 0.676788 0.583317
vt 0.676518 0.582869
vt 0.673545 0.584143
vt 0.710127 0.588721
vt 0.709406 0.588755
vt 0.709766 0.587929
vt 0.710397 0.588273
vt 0.702918 0.585485
vt 0.702288 0.587172
vt 0.703549 0.587172
vt 0.703729 0.585485
vt 0.706883 0.585726
vt 0.708955 0.587413
vt 0.708955 0.587447
vt 0.706883 0.585726
vt 0.704630 0.578566
vt 0.705261 0.577155
vt 0.705261 0.577155
vt 0.704540 0.578566
vt 0.702288 0.584212
vt 0.701837 0.584728
vt 0.699855 0.584453
vt 0.700305 0.583523
vt 0.695350 0.581010
vt 0.695350 0.580976
vt 0.694719 0.580115
vt 0.694809 0.580115
vt 0.670661 0.584074
vt 0.671292 0.583730
vt 0.671833 0.584625
vt 0.670751 0.584453
vt 0.702378 0.580528
vt 0.700486 0.581045
vt 0.700125 0.577017
vt 0.701387 0.576398
vt 0.703279 0.584418
vt 0.703009 0.584521
vt 0.702288 0.584212
vt 0.701837 0.584728
vt 0.704540 0.583661
vt 0.703549 0.584280
vt 0.703729 0.583730
vt 0.703279 0.584453
vt 0.709406 0.582525
vt 0.710217 0.582250
vt 0.710307 0.582250
vt 0.709406 0.582525
vt 0.696791 0.580804
vt 0.698053 0.581251
vt 0.698053 0.581251
vt 0.696791 0.580769
vt 0.703099 0.584074
vt 0.703279 0.584349
vt 0.702738 0.583213
vt 0.703729 0.583695
vt 0.671743 0.586518
vt 0.672914 0.585795
vt 0.673364 0.586793
vt 0.672553 0.587447
vt 0.708685 0.588652
vt 0.707514 0.588445
vt 0.708415 0.588445
vt 0.709406 0.588755
vt 0.701837 0.584831
vt 0.702017 0.585072
vt 0.702648 0.584934
vt 0.702378 0.584693
vt 0.670121 0.583798
vt 0.669850 0.584074
vt 0.668769 0.583076
vt 0.669130 0.582559
vt 0.696251 0.581423
vt 0.696251 0.581940
vt 0.697332 0.582835
vt 0.697422 0.582146
vt 0.672373 0.584831
vt 0.674175 0.584728
vt 0.673545 0.584143
vt 0.671833 0.584590
vt 0.703279 0.584349
vt 0.703459 0.584177
vt 0.703729 0.583695
vt 0.704540 0.583626
vt 0.700936 0.589581
vt 0.700846 0.589099
vt 0.701297 0.589685
vt 0.701206 0.589926
vt 0.710667 0.582559
vt 0.709947 0.583385
vt 0.710577 0.583041
vt 0.711028 0.582422
vt 0.710667 0.582525
vt 0.709856 0.583317
vt 0.709947 0.583385
vt 0.710667 0.582559
vt 0.702558 0.585141
vt 0.703369 0.585003
vt 0.702648 0.584934
vt 0.702017 0.585072
vt 0.702288 0.587172
vt 0.701567 0.589099
vt 0.702468 0.588927
vt 0.703549 0.587172
vt 0.700936 0.574711
vt 0.700125 0.575227
vt 0.700125 0.577017
vt 0.701387 0.576432
vt 0.665165 0.584728
vt 0.665525 0.584659
vt 0.665525 0.585451
vt 0.665165 0.585175
vt 0.709856 0.583317
vt 0.710487 0.583007
vt 0.709586 0.583558
vt 0.708955 0.584074
vt 0.704540 0.583661
vt 0.703729 0.583730
vt 0.704630 0.582009
vt 0.705802 0.582146
vt 0.703279 0.584453
vt 0.703279 0.584349
vt 0.703009 0.584143
vt 0.703099 0.584074
vt 0.701567 0.584487
vt 0.701837 0.584797
vt 0.702017 0.585038
vt 0.701567 0.584625
vt 0.672103 0.587172
vt 0.671562 0.587103
vt 0.672553 0.587447
vt 0.672824 0.587447
vt 0.671022 0.584418
vt 0.670751 0.584453
vt 0.671833 0.584625
vt 0.672373 0.584900
vt 0.704180 0.584969
vt 0.703279 0.584453
vt 0.703279 0.584521
vt 0.704180 0.585038
vt 0.671112 0.585313
vt 0.671743 0.586483
vt 0.672914 0.585761
vt 0.671923 0.584762
vt 0.668769 0.583076
vt 0.667868 0.581114
vt 0.667868 0.581114
vt 0.668769 0.583076
vt 0.701026 0.589547
vt 0.700936 0.589065
vt 0.700846 0.589099
vt 0.700936 0.589581
vt 0.703099 0.584074
vt 0.702738 0.583213
vt 0.702738 0.583248
vt 0.703009 0.584143
vt 0.701116 0.573403
vt 0.701927 0.574814
vt 0.702017 0.574746
vt 0.701206 0.573334
vt 0.705982 0.575778
vt 0.705982 0.575813
vt 0.706523 0.574677
vt 0.706523 0.574711
vt 0.711118 0.581664
vt 0.710667 0.582525
vt 0.710667 0.582559
vt 0.711208 0.581664
vt 0.704180 0.580150
vt 0.702378 0.580528
vt 0.701387 0.576398
vt 0.702828 0.576363
vt 0.703279 0.584453
vt 0.703009 0.584143
vt 0.703729 0.583730
vt 0.702738 0.583248
vt 0.671022 0.584315
vt 0.670751 0.584349
vt 0.670751 0.584453
vt 0.671022 0.584418
vt 0.701567 0.589754
vt 0.702017 0.589444
vt 0.701387 0.589650
vt 0.701206 0.589891
vt 0.695350 0.580976
vt 0.696251 0.581940
vt 0.696251 0.581423
vt 0.695350 0.580735
vt 0.671022 0.584315
vt 0.672373 0.584831
vt 0.671833 0.584590
vt 0.670751 0.584349
vt 0.700936 0.589065
vt 0.701387 0.589650
vt 0.701567 0.589099
vt 0.700936 0.588411
vt 0.669850 0.584074
vt 0.668769 0.583076
vt 0.668769 0.583076
vt 0.669850 0.584074
vt 0.703549 0.584212
vt 0.704901 0.584556
vt 0.704901 0.584590
vt 0.703549 0.584212
vt 0.678681 0.580047
vt 0.677960 0.581389
vt 0.678050 0.581733
vt 0.678681 0.580150
vt 0.705892 0.586931
vt 0.708415 0.588411
vt 0.708955 0.587413
vt 0.706883 0.585726
vt 0.707514 0.588377
vt 0.704811 0.587172
vt 0.704811 0.587241
vt 0.707514 0.588445
vt 0.703009 0.584349
vt 0.703279 0.584418
vt 0.703279 0.584418
vt 0.703009 0.584349
vt 0.671833 0.584625
vt 0.671292 0.583730
vt 0.672644 0.583007
vt 0.673545 0.584212
vt 0.711028 0.582387
vt 0.710487 0.583007
vt 0.709856 0.583317
vt 0.710667 0.582525
vt 0.700305 0.572405
vt 0.701116 0.573403
vt 0.701206 0.573334
vt 0.700305 0.572336
vt 0.666246 0.585657
vt 0.665615 0.585244
vt 0.665615 0.585279
vt 0.666156 0.585726
vt 0.679221 0.578738
vt 0.678681 0.580150
vt 0.678771 0.580184
vt 0.679311 0.578704
vt 0.700125 0.575227
vt 0.700125 0.573610
vt 0.700125 0.573575
vt 0.700035 0.575227
vt 0.677960 0.581389
vt 0.676518 0.582904
vt 0.675617 0.582043
vt 0.677239 0.580769
vt 0.670031 0.582043
vt 0.668769 0.580356
vt 0.668048 0.580632
vt 0.669220 0.582559
vt 0.706432 0.575916
vt 0.706162 0.577258
vt 0.705261 0.577155
vt 0.705982 0.575778
vt 0.670751 0.584453
vt 0.670751 0.584349
vt 0.670661 0.584074
vt 0.670751 0.584039
vt 0.703099 0.584246
vt 0.702558 0.584349
vt 0.703009 0.584762
vt 0.703279 0.584384
vt 0.703729 0.585485
vt 0.703549 0.587172
vt 0.703549 0.587206
vt 0.703729 0.585520
vt 0.703189 0.584074
vt 0.703189 0.584384
vt 0.703279 0.584418
vt 0.703279 0.584074
vt 0.673545 0.584143
vt 0.676518 0.582869
vt 0.675617 0.582009
vt 0.672644 0.583007
vt 0.672373 0.584900
vt 0.671833 0.584625
vt 0.673545 0.584212
vt 0.674175 0.584797
vt 0.701837 0.584797
vt 0.702288 0.584659
vt 0.702648 0.584900
vt 0.702017 0.585038
vt 0.665255 0.584728
vt 0.665525 0.584659
vt 0.665525 0.584659
vt 0.665165 0.584728
vt 0.702648 0.583248
vt 0.702288 0.584212
vt 0.700305 0.583523
vt 0.701026 0.582250
vt 0.703369 0.584074
vt 0.704540 0.583489
vt 0.704540 0.583489
vt 0.703369 0.584074
vt 0.678320 0.579633
vt 0.678320 0.579668
vt 0.679311 0.578704
vt 0.679221 0.578738
vt 0.669490 0.583902
vt 0.670571 0.584143
vt 0.670571 0.584143
vt 0.669400 0.583867
vt 0.703369 0.584969
vt 0.702648 0.584900
vt 0.702648 0.584934
vt 0.703369 0.585003
vt 0.710667 0.588342
vt 0.709766 0.588583
vt 0.709766 0.588652
vt 0.710667 0.588411
vt 0.670751 0.583385
vt 0.670842 0.584212
vt 0.670121 0.583798
vt 0.670751 0.584418
vt 0.702107 0.584969
vt 0.702918 0.585485
vt 0.702288 0.587206
vt 0.701206 0.586415
vt 0.704180 0.585038
vt 0.704630 0.584590
vt 0.706883 0.584418
vt 0.706252 0.585175
vt 0.670661 0.584349
vt 0.670751 0.584384
vt 0.669850 0.584074
vt 0.670121 0.583798
vt 0.705802 0.582146
vt 0.704630 0.582009
vt 0.705802 0.578842
vt 0.706613 0.579048
vt 0.702017 0.574746
vt 0.702828 0.576363
vt 0.701387 0.576398
vt 0.700936 0.574642
vt 0.669130 0.582559
vt 0.668769 0.583076
vt 0.667868 0.581114
vt 0.668048 0.580597
vt 0.702198 0.584969
vt 0.701297 0.586415
vt 0.702288 0.587172
vt 0.702918 0.585485
vt 0.706162 0.585141
vt 0.708955 0.584074
vt 0.709586 0.583558
vt 0.706883 0.584384
vt 0.695350 0.580735
vt 0.696251 0.581423
vt 0.696791 0.580804
vt 0.695620 0.580391
vt 0.670751 0.584384
vt 0.670842 0.584177
vt 0.670121 0.583798
vt 0.670751 0.583385
vt 0.702017 0.589444
vt 0.701567 0.589754
vt 0.701567 0.589788
vt 0.702017 0.589478
vt 0.709766 0.588652
vt 0.708685 0.588652
vt 0.709406 0.588755
vt 0.710127 0.588721
vt 0.706703 0.576019
vt 0.706703 0.577499
vt 0.706703 0.577499
vt 0.706703 0.575985
vt 0.672103 0.587103
vt 0.672824 0.587413
vt 0.672553 0.587378
vt 0.671562 0.587034
vt 0.701297 0.586415
vt 0.702198 0.584969
vt 0.702107 0.584969
vt 0.701206 0.586415
vt 0.670751 0.583385
vt 0.670842 0.584177
vt 0.670842 0.584212
vt 0.670751 0.583385
vt 0.665255 0.585141
vt 0.665525 0.585416
vt 0.665525 0.584659
vt 0.665255 0.584728
vt 0.709947 0.583385
vt 0.708955 0.584143
vt 0.709676 0.583626
vt 0.710577 0.583041
vt 0.671923 0.584762
vt 0.672914 0.585761
vt 0.672914 0.585795
vt 0.672013 0.584797
vt 0.670751 0.584418
vt 0.670751 0.584384
vt 0.670571 0.584418
vt 0.670661 0.584349
vt 0.710487 0.583007
vt 0.710217 0.582250
vt 0.709406 0.582525
vt 0.709586 0.583558
vt 0.701747 0.583936
vt 0.701657 0.584246
vt 0.701657 0.584246
vt 0.701747 0.583971
vt 0.670842 0.584212
vt 0.670842 0.584177
vt 0.670751 0.584418
vt 0.670751 0.584384
vt 0.697332 0.582835
vt 0.696251 0.581940
vt 0.696251 0.581974
vt 0.697242 0.582869
vt 0.673364 0.586896
vt 0.673274 0.586896
vt 0.673274 0.586931
vt 0.673364 0.586931
vt 0.701837 0.584590
vt 0.702558 0.584349
vt 0.702468 0.584384
vt 0.701837 0.584625
vt 0.704540 0.583626
vt 0.703459 0.584177
vt 0.703549 0.584280
vt 0.704540 0.583661
vt 0.702558 0.584349
vt 0.701837 0.584590
vt 0.702558 0.585107
vt 0.703009 0.584762
vt 0.706703 0.577499
vt 0.706523 0.579048
vt 0.706613 0.579048
vt 0.706703 0.577499
vt 0.702017 0.584349
vt 0.701747 0.583936
vt 0.701747 0.583971
vt 0.702017 0.584349
vt 0.706523 0.574711
vt 0.706703 0.576019
vt 0.706703 0.575985
vt 0.706523 0.574677
vt 0.678050 0.581768
vt 0.676788 0.583351
vt 0.676518 0.582904
vt 0.677960 0.581389
vt 0.670751 0.584418
vt 0.670571 0.584418
vt 0.670121 0.583798
vt 0.669850 0.584074
vt 0.702468 0.584384
vt 0.703099 0.584280
vt 0.703009 0.584797
vt 0.703279 0.584418
vt 0.678681 0.580150
vt 0.678050 0.581733
vt 0.678050 0.581768
vt 0.678771 0.580184
vt 0.703009 0.584797
vt 0.703549 0.584625
vt 0.703369 0.585003
vt 0.702558 0.585141
vt 0.703369 0.584315
vt 0.703279 0.584384
vt 0.703549 0.584625
vt 0.703009 0.584762
vt 0.704180 0.580184
vt 0.702738 0.576398
vt 0.701387 0.576432
vt 0.702378 0.580528
vt 0.669220 0.582559
vt 0.668048 0.580632
vt 0.667868 0.581114
vt 0.668769 0.583076
vt 0.703549 0.587172
vt 0.702468 0.588927
vt 0.702558 0.588996
vt 0.703549 0.587206
vt 0.703459 0.585623
vt 0.704180 0.585451
vt 0.705892 0.586965
vt 0.704811 0.587241
vt 0.696791 0.580804
vt 0.696251 0.581423
vt 0.697422 0.582146
vt 0.698053 0.581251
vt 0.673004 0.587241
vt 0.672824 0.587447
vt 0.673364 0.586931
vt 0.673274 0.586931
vt 0.667598 0.579358
vt 0.667688 0.578670
vt 0.667598 0.578635
vt 0.667508 0.579324
vt 0.695620 0.580356
vt 0.696791 0.580769
vt 0.696251 0.581423
vt 0.695350 0.580735
vt 0.670751 0.583385
vt 0.670121 0.583798
vt 0.669130 0.582559
vt 0.670031 0.582043
vt 0.678320 0.579668
vt 0.677239 0.580769
vt 0.677960 0.581389
vt 0.678681 0.580047
vt 0.700936 0.574642
vt 0.701387 0.576398
vt 0.700125 0.577017
vt 0.700035 0.575227
vt 0.674175 0.584728
vt 0.672373 0.584831
vt 0.672373 0.584900
vt 0.674175 0.584797
vt 0.705802 0.582112
vt 0.704540 0.583626
vt 0.704540 0.583661
vt 0.705802 0.582146
vt 0.703369 0.584315
vt 0.703549 0.584625
vt 0.703549 0.584625
vt 0.703369 0.584349
vt 0.704090 0.582766
vt 0.703459 0.584108
vt 0.703549 0.584143
vt 0.704180 0.582766
vt 0.667688 0.580184
vt 0.667598 0.579358
vt 0.667508 0.579324
vt 0.667598 0.580184
vt 0.703279 0.584418
vt 0.703279 0.584384
vt 0.703369 0.584349
vt 0.703369 0.584315
vt 0.703549 0.585588
vt 0.704811 0.587172
vt 0.705892 0.586931
vt 0.704180 0.585416
vt 0.701387 0.589650
vt 0.702017 0.589444
vt 0.702468 0.588927
vt 0.701567 0.589099
vt 0.703099 0.584280
vt 0.703099 0.584246
vt 0.703279 0.584418
vt 0.703279 0.584384
vt 0.702288 0.587206
vt 0.703549 0.587206
vt 0.702558 0.588996
vt 0.701567 0.589134
vt 0.700125 0.577017
vt 0.700125 0.575227
vt 0.700035 0.575227
vt 0.700125 0.577017
vt 0.665615 0.585244
vt 0.666246 0.585657
vt 0.665525 0.585416
vt 0.665255 0.585141
vt 0.678050 0.581733
vt 0.676788 0.583317
vt 0.676788 0.583351
vt 0.678050 0.581768
vt 0.672103 0.587103
vt 0.671562 0.587034
vt 0.671562 0.587103
vt 0.672103 0.587172
vt 0.700576 0.573369
vt 0.700936 0.574711
vt 0.701927 0.574814
vt 0.701116 0.573403
vt 0.701206 0.589822
vt 0.701026 0.589547
vt 0.700936 0.589581
vt 0.701206 0.589857
vt 0.672824 0.587413
vt 0.673364 0.586896
vt 0.673274 0.586759
vt 0.672553 0.587378
vt 0.703279 0.584418
vt 0.703369 0.584349
vt 0.703009 0.584797
vt 0.703549 0.584625
vt 0.671022 0.584280
vt 0.671923 0.584762
vt 0.672013 0.584797
vt 0.671022 0.584315
vn 0.814699 0.560747 -0.147743
vn 0.814699 0.560747 -0.147743
vn 0.814699 0.560747 -0.147743
vn -0.014915 0.392552 -0.919609
vn -0.014915 0.392552 -0.919609
vn -0.014915 0.392552 -0.919609
vn -0.817282 -0.560808 0.132454
vn -0.817282 -0.560808 0.132454
vn -0.817282 -0.560808 0.132454
vn 0.038342 -0.377230 0.925325
vn 0.038342 -0.377230 0.925325
vn 0.038342 -0.377230 0.925325
vn -0.570817 0.332754 0.750628
vn -0.570817 0.332754 0.750628
vn -0.570817 0.332754 0.750628
vn 0.512337 0.142097 0.846947
vn 0.512337 0.142097 0.846947
vn 0.512337 0.142097 0.846947
vn 0.598057 -0.332146 -0.729388
vn 0.598057 -0.332146 -0.729388
vn 0.598057 -0.332146 -0.729388
vn -0.544272 -0.127142 -0.829218
vn -0.544272 -0.127142 -0.829218
vn -0.544272 -0.127142 -0.829218
vn -0.527453 0.219844 -0.820647
vn -0.527453 0.219844 -0.820647
vn -0.527453 0.219844 -0.820647
vn -0.979149 0.097960 0.177963
vn -0.979149 0.097960 0.177963
vn -0.979149 0.097960 0.177963
vn 0.495719 -0.218837 0.840460
vn 0.495719 -0.218837 0.840460
vn 0.495719 -0.218837 0.840460
vn 0.974902 -0.086857 -0.204994
vn 0.974902 -0.086857 -0.204994
vn 0.974902 -0.086857 -0.204994
vn 0.673643 0.221249 -0.705163
vn 0.673643 0.221249 -0.705163
vn 0.673643 0.221249 -0.705163
vn -0.379602 0.094638 -0.920296
vn -0.379602 0.094638 -0.920296
vn -0.379602 0.094638 -0.920296
vn -0.705725 -0.218728 0.673876
vn -0.705725 -0.218728 0.673876
vn -0.705725 -0.218728 0.673876
vn 0.424243 -0.078688 0.902123
vn 0.424243 -0.078688 0.902123
vn 0.424243 -0.078688 0.902123
vn 0.917046 0.230757 0.325235
vn 0.917046 0.230757 0.325235
vn 0.917046 0.230757 0.325235
vn 0.623732 0.101924 -0.774964
vn 0.623732 0.101924 -0.774964
vn 0.623732 0.101924 -0.774964
vn -0.910872 -0.233033 -0.340598
vn -0.910872 -0.233033 -0.340598
vn -0.910872 -0.233033 -0.340598
vn -0.595889 -0.095396 0.797381
vn -0.595889 -0.095396 0.797381
vn -0.595889 -0.095396 0.797381
vn 0.213030 0.562923 -0.798584
vn 0.213030 0.562923 -0.798584
vn 0.213030 0.562923 -0.798584
vn -0.837526 0.392532 -0.380091
vn -0.837526 0.392532 -0.380091
vn -0.837526 0.392532 -0.380091
vn -0.247277 -0.557668 0.792377
vn -0.247277 -0.557668 0.792377
vn -0.247277 -0.557668 0.792377
vn 0.856549 -0.367796 0.362008
vn 0.856549 -0.367796 0.362008
vn 0.856549 -0.367796 0.362008
vn -0.822407 0.563441 -0.078614
vn -0.822407 0.563441 -0.078614
vn -0.822407 0.563441 -0.078614
vn -0.246710 0.396997 0.884040
vn -0.246710 0.396997 0.884040
vn -0.246710 0.396997 0.884040
vn 0.821403 -0.560024 0.108029
vn 0.821403 -0.560024 0.108029
vn 0.821403 -0.560024 0.108029
vn 0.217143 -0.368062 -0.904090
vn 0.217143 -0.368062 -0.904090
vn 0.217143 -0.368062 -0.904090
vn -0.166195 0.562240 0.810102
vn -0.166195 0.562240 0.810102
vn -0.166195 0.562240 0.810102
vn 0.855280 0.393770 0.336810
vn 0.855280 0.393770 0.336810
vn 0.855280 0.393770 0.336810
vn 0.196210 -0.557644 -0.806558
vn 0.196210 -0.557644 -0.806558
vn 0.196210 -0.557644 -0.806558
vn -0.872828 -0.375123 -0.312178
vn -0.872828 -0.375123 -0.312178
vn -0.872828 -0.375123 -0.312178
vn 0.289045 0.602876 0.743635
vn 0.289045 0.602876 0.743635
vn 0.289045 0.602876 0.743635
vn 0.888810 0.414716 -0.195005
vn 0.888810 0.414716 -0.195005
vn 0.888810 0.414716 -0.195005
vn -0.271053 -0.599919 -0.752747
vn -0.271053 -0.599919 -0.752747
vn -0.271053 -0.599919 -0.752747
vn -0.892265 -0.395151 0.218444
vn -0.892265 -0.395151 0.218444
vn -0.892265 -0.395151 0.218444
vn -0.967647 0.016501 0.251769
vn -0.967647 0.016501 0.251769
vn -0.967647 0.016501 0.251769
vn -0.103209 0.133482 0.985662
vn -0.103209 0.133482 0.985662
vn -0.103209 0.133482 0.985662
vn 0.974786 0.001412 -0.223139
vn 0.974786 0.001412 -0.223139
vn 0.974786 0.001412 -0.223139
vn 0.056551 -0.115321 -0.991717
vn 0.056551 -0.115321 -0.991717
vn 0.056551 -0.115321 -0.991717
vn 0.213485 -0.134268 -0.967676
vn 0.213485 -0.134268 -0.967676
vn 0.213485 -0.134268 -0.967676
vn -0.879550 -0.046216 -0.473556
vn -0.879550 -0.046216 -0.473556
vn -0.879550 -0.046216 -0.473556
vn -0.227704 0.133864 0.964485
vn -0.227704 0.133864 0.964485
vn -0.227704 0.133864 0.964485
vn 0.905481 0.048413 0.421617
vn 0.905481 0.048413 0.421617
vn 0.905481 0.048413 0.421617
vn -0.651240 0.754627 -0.080152
vn -0.691444 0.697100 -0.189621
vn -0.691444 0.697100 -0.189621
vn -0.691444 0.697100 -0.189621
vn -0.719957 0.627786 -0.295884
vn -0.691444 0.697100 -0.189621
vn -0.103521 -0.958411 -0.265955
vn -0.103521 -0.958411 -0.265955
vn -0.103521 -0.958411 -0.265955
vn -0.103521 -0.958411 -0.265955
vn 0.022761 -0.959154 0.281969
vn 0.022761 -0.959154 0.281969
vn 0.022761 -0.959154 0.281969
vn 0.022761 -0.959154 0.281969
vn -0.080761 -0.557771 -0.826057
vn -0.034757 -0.748589 -0.662123
vn -0.034757 -0.748589 -0.662123
vn -0.034757 -0.748589 -0.662123
vn 0.013520 -0.890447 -0.454886
vn -0.034757 -0.748589 -0.662123
vn 0.340089 -0.796404 0.500081
vn 0.340089 -0.796404 0.500081
vn 0.340089 -0.796404 0.500081
vn 0.340089 -0.796404 0.500081
vn 0.366570 -0.713809 0.596744
vn 0.366570 -0.713809 0.596744
vn 0.366570 -0.713809 0.596744
vn 0.366570 -0.713809 0.596744
vn -0.892597 0.404543 0.199036
vn -0.892597 0.404543 0.199036
vn -0.892597 0.404543 0.199036
vn -0.892597 0.404543 0.199036
vn -0.232637 0.963549 0.132113
vn -0.232637 0.963549 0.132113
vn -0.232637 0.963549 0.132113
vn -0.232637 0.963549 0.132113
vn 0.659337 -0.553850 0.508453
vn 0.659337 -0.553850 0.508453
vn 0.659337 -0.553850 0.508453
vn 0.659337 -0.553850 0.508453
vn 0.250050 0.658468 0.709856
vn 0.250050 0.658468 0.709856
vn 0.250050 0.658468 0.709856
vn 0.250050 0.658468 0.709856
vn 0.750696 -0.588515 0.300176
vn 0.719277 -0.671518 0.178055
vn 0.719277 -0.671518 0.178055
vn 0.719277 -0.671518 0.178055
vn 0.671466 -0.739217 0.051877
vn 0.719277 -0.671518 0.178055
vn 0.602034 -0.797976 0.028113
vn 0.602034 -0.797976 0.028113
vn 0.602034 -0.797976 0.028113
vn 0.602034 -0.797976 0.028113
vn -0.406538 0.850397 0.333994
vn -0.406538 0.850397 0.333994
vn -0.406538 0.850397 0.333994
vn -0.406538 0.850397 0.333994
vn 0.690110 -0.683677 -0.237348
vn 0.690110 -0.683677 -0.237348
vn 0.690110 -0.683677 -0.237348
vn 0.690110 -0.683677 -0.237348
vn -0.820934 -0.395042 0.412322
vn -0.820934 -0.395042 0.412322
vn -0.820934 -0.395042 0.412322
vn -0.820934 -0.395042 0.412322
vn -0.273179 -0.364843 0.890092
vn -0.273179 -0.364843 0.890092
vn -0.273179 -0.364843 0.890092
vn -0.273179 -0.364843 0.890092
vn -0.559126 -0.824630 0.085815
vn -0.559126 -0.824630 0.085815
vn -0.559126 -0.824630 0.085815
vn -0.559126 -0.824630 0.085815
vn 0.105214 -0.927266 0.359317
vn 0.105214 -0.927266 0.359317
vn 0.105214 -0.927266 0.359317
vn 0.105214 -0.927266 0.359317
vn -0.191587 0.837099 0.512406
vn -0.191587 0.837099 0.512406
vn -0.191587 0.837099 0.512406
vn -0.191587 0.837099 0.512406
vn 0.887489 -0.439152 0.139672
vn 0.887489 -0.439152 0.139672
vn 0.887489 -0.439152 0.139672
vn 0.887489 -0.439152 0.139672
vn -0.438976 -0.386706 0.811023
vn -0.433146 -0.494074 0.753840
vn -0.433146 -0.494074 0.753840
vn -0.433146 -0.494074 0.753840
vn -0.420891 -0.594115 0.685477
vn -0.433146 -0.494074 0.753840
vn 0.449585 -0.712164 0.539163
vn 0.449585 -0.712164 0.539163
vn 0.449585 -0.712164 0.539163
vn 0.449585 -0.712164 0.539163
vn 0.610809 -0.738958 -0.284348
vn 0.610809 -0.738958 -0.284348
vn 0.610809 -0.738958 -0.284348
vn 0.610809 -0.738958 -0.284348
vn -0.793208 -0.569718 0.215041
vn -0.793208 -0.569718 0.215041
vn -0.793208 -0.569718 0.215041
vn -0.793208 -0.569718 0.215041
vn -0.783612 -0.590075 0.194329
vn -0.783612 -0.590075 0.194329
vn -0.783612 -0.590075 0.194329
vn -0.783612 -0.590075 0.194329
vn -0.455034 0.434176 -0.777454
vn -0.455034 0.434176 -0.777454
vn -0.455034 0.434176 -0.777454
vn -0.455034 0.434176 -0.777454
vn 0.911425 -0.397298 0.107047
vn 0.911425 -0.397298 0.107047
vn 0.911425 -0.397298 0.107047
vn 0.911425 -0.397298 0.107047
vn 0.591418 -0.347399 0.727694
vn 0.591418 -0.347399 0.727694
vn 0.591418 -0.347399 0.727694
vn 0.591418 -0.347399 0.727694
vn 0.079665 -0.659090 0.747833
vn 0.079665 -0.659090 0.747833
vn 0.079665 -0.659090 0.747833
vn 0.079665 -0.659090 0.747833
vn 0.522445 -0.522473 0.673849
vn 0.522445 -0.522473 0.673849
vn 0.522445 -0.522473 0.673849
vn 0.522445 -0.522473 0.673849
vn 0.468785 -0.518440 0.715165
vn 0.744933 -0.253657 0.617036
vn 0.744933 -0.253657 0.617036
vn 0.744933 -0.253657 0.617036
vn 0.904874 0.050696 0.422650
vn 0.744933 -0.253657 0.617036
vn -0.356132 -0.033666 0.933829
vn -0.356132 -0.033666 0.933829
vn -0.356132 -0.033666 0.933829
vn -0.356132 -0.033666 0.933829
vn -0.361982 0.716017 -0.596899
vn -0.361982 0.716017 -0.596899
vn -0.361982 0.716017 -0.596899
vn -0.361982 0.716017 -0.596899
vn 0.182348 0.820226 0.542199
vn 0.068244 0.856258 0.512020
vn 0.068244 0.856258 0.512020
vn 0.068244 0.856258 0.512020
vn -0.046899 0.879251 0.474044
vn 0.068244 0.856258 0.512020
vn 0.548153 0.832937 -0.075794
vn 0.638398 0.769082 -0.030992
vn 0.638398 0.769082 -0.030992
vn 0.638398 0.769082 -0.030992
vn 0.719560 0.694284 0.014251
vn 0.638398 0.769082 -0.030992
vn -0.514777 -0.837241 -0.184476
vn -0.514777 -0.837241 -0.184476
vn -0.514777 -0.837241 -0.184476
vn -0.514777 -0.837241 -0.184476
vn -0.109909 0.928993 -0.353400
vn -0.109909 0.928993 -0.353400
vn -0.109909 0.928993 -0.353400
vn -0.109909 0.928993 -0.353400
vn 0.507743 -0.739916 0.441272
vn 0.386759 -0.877542 0.283439
vn 0.386759 -0.877542 0.283439
vn 0.386759 -0.877542 0.283439
vn 0.243154 -0.963841 0.109028
vn 0.386759 -0.877542 0.283439
vn 0.296497 -0.861615 -0.411957
vn 0.296497 -0.861615 -0.411957
vn 0.296497 -0.861615 -0.411957
vn 0.296497 -0.861615 -0.411957
vn -0.931901 -0.312916 -0.183423
vn -0.931901 -0.312916 -0.183423
vn -0.931901 -0.312916 -0.183423
vn -0.931901 -0.312916 -0.183423
vn 0.543879 0.838974 -0.017809
vn 0.543879 0.838974 -0.017809
vn 0.543879 0.838974 -0.017809
vn 0.543879 0.838974 -0.017809
vn -0.708303 -0.704759 0.040266
vn -0.708303 -0.704759 0.040266
vn -0.708303 -0.704759 0.040266
vn -0.708303 -0.704759 0.040266
vn 0.140977 0.826130 0.545560
vn 0.140977 0.826130 0.545560
vn 0.140977 0.826130 0.545560
vn 0.140977 0.826130 0.545560
vn -0.428623 -0.345013 0.835014
vn -0.428623 -0.345013 0.835014
vn -0.428623 -0.345013 0.835014
vn -0.428623 -0.345013 0.835014
vn -0.772757 -0.634692 0.003451
vn -0.668803 -0.740787 0.062748
vn -0.668803 -0.740787 0.062748
vn -0.668803 -0.740787 0.062748
vn -0.547742 -0.827933 0.120439
vn -0.668803 -0.740787 0.062748
vn 0.322407 0.928557 -0.183947
vn 0.322407 0.928557 -0.183947
vn 0.322407 0.928557 -0.183947
vn 0.322407 0.928557 -0.183947
vn 0.407207 -0.846894 -0.341984
vn 0.407207 -0.846894 -0.341984
vn 0.407207 -0.846894 -0.341984
vn 0.407207 -0.846894 -0.341984
vn 0.474646 -0.813222 0.336720
vn 0.474646 -0.813222 0.336720
vn 0.474646 -0.813222 0.336720
vn 0.474646 -0.813222 0.336720
vn 0.283621 -0.947123 0.150054
vn 0.283621 -0.947123 0.150054
vn 0.283621 -0.947123 0.150054
vn 0.283621 -0.947123 0.150054
vn -0.281987 0.948131 -0.146732
vn -0.281987 0.948131 -0.146732
vn -0.281987 0.948131 -0.146732
vn -0.281987 0.948131 -0.146732
vn 0.103058 -0.502840 -0.858214
vn 0.103058 -0.502840 -0.858214
vn 0.103058 -0.502840 -0.858214
vn 0.103058 -0.502840 -0.858214
vn -0.519987 -0.394361 0.757689
vn -0.519987 -0.394361 0.757689
vn -0.519987 -0.394361 0.757689
vn -0.519987 -0.394361 0.757689
vn -0.800756 0.320229 -0.506204
vn -0.800756 0.320229 -0.506204
vn -0.800756 0.320229 -0.506204
vn -0.800756 0.320229 -0.506204
vn -0.553294 0.755911 -0.349950
vn -0.553294 0.755911 -0.349950
vn -0.553294 0.755911 -0.349950
vn -0.553294 0.755911 -0.349950
vn -0.066243 -0.135165 -0.988606
vn -0.045627 -0.224742 -0.973350
vn -0.045627 -0.224742 -0.973350
vn -0.045627 -0.224742 -0.973350
vn -0.024614 -0.312368 -0.949642
vn -0.045627 -0.224742 -0.973350
vn 0.433471 -0.751972 -0.496630
vn 0.433471 -0.751972 -0.496630
vn 0.433471 -0.751972 -0.496630
vn 0.433471 -0.751972 -0.496630
vn -0.058521 -0.228455 0.971794
vn -0.058521 -0.228455 0.971794
vn -0.058521 -0.228455 0.971794
vn -0.058521 -0.228455 0.971794
vn 0.207486 -0.158860 -0.965253
vn 0.189150 -0.169155 -0.967269
vn 0.189150 -0.169155 -0.967269
vn 0.189150 -0.169155 -0.967269
vn 0.170730 -0.179375 -0.968853
vn 0.189150 -0.169155 -0.967269
vn -0.067693 -0.848862 -0.524262
vn -0.067693 -0.848862 -0.524262
vn -0.067693 -0.848862 -0.524262
vn -0.067693 -0.848862 -0.524262
vn -0.433954 0.312337 -0.845062
vn -0.433954 0.312337 -0.845062
vn -0.433954 0.312337 -0.845062
vn -0.433954 0.312337 -0.845062
vn 0.278930 0.960057 0.022083
vn 0.278930 0.960057 0.022083
vn 0.278930 0.960057 0.022083
vn 0.278930 0.960057 0.022083
vn 0.235159 -0.702671 -0.671531
vn 0.235159 -0.702671 -0.671531
vn 0.235159 -0.702671 -0.671531
vn 0.235159 -0.702671 -0.671531
vn -0.562173 -0.795597 -0.225803
vn -0.562173 -0.795597 -0.225803
vn -0.562173 -0.795597 -0.225803
vn -0.562173 -0.795597 -0.225803
vn -0.344954 -0.296305 0.890623
vn -0.344954 -0.296305 0.890623
vn -0.344954 -0.296305 0.890623
vn -0.344954 -0.296305 0.890623
vn -0.794549 -0.410684 -0.447247
vn -0.964230 -0.233477 -0.125496
vn -0.964230 -0.233477 -0.125496
vn -0.964230 -0.233477 -0.125496
vn -0.976049 -0.018046 0.216801
vn -0.964230 -0.233477 -0.125496
vn 0.511571 -0.736418 0.442700
vn 0.511571 -0.736418 0.442700
vn 0.511571 -0.736418 0.442700
vn 0.511571 -0.736418 0.442700
vn 0.581168 0.793491 0.180599
vn 0.581168 0.793491 0.180599
vn 0.581168 0.793491 0.180599
vn 0.581168 0.793491 0.180599
vn -0.456643 0.885306 -0.087812
vn -0.344763 0.931287 -0.117658
vn -0.344763 0.931287 -0.117658
vn -0.344763 0.931287 -0.117658
vn -0.227530 0.962813 -0.145676
vn -0.344763 0.931287 -0.117658
vn -0.173481 0.870241 0.461069
vn -0.247727 0.802608 0.542635
vn -0.247727 0.802608 0.542635
vn -0.247727 0.802608 0.542635
vn -0.317827 0.721538 0.615117
vn -0.247727 0.802608 0.542635
vn -0.420895 -0.837042 0.349583
vn -0.420895 -0.837042 0.349583
vn -0.420895 -0.837042 0.349583
vn -0.420895 -0.837042 0.349583
vn 0.510745 0.839549 0.185193
vn 0.510745 0.839549 0.185193
vn 0.510745 0.839549 0.185193
vn 0.510745 0.839549 0.185193
vn -0.535469 -0.745176 0.397475
vn -0.338326 -0.873169 0.350872
vn -0.338326 -0.873169 0.350872
vn -0.338326 -0.873169 0.350872
vn -0.121755 -0.951026 0.284122
vn -0.338326 -0.873169 0.350872
vn 0.556661 0.600612 -0.573929
vn 0.556661 0.600612 -0.573929
vn 0.556661 0.600612 -0.573929
vn 0.556661 0.600612 -0.573929
vn 0.310694 0.948638 0.059629
vn 0.310694 0.948638 0.059629
vn 0.310694 0.948638 0.059629
vn 0.310694 0.948638 0.059629
vn 0.216612 0.839287 -0.498675
vn 0.216612 0.839287 -0.498675
vn 0.216612 0.839287 -0.498675
vn 0.216612 0.839287 -0.498675
vn 0.568073 0.346707 0.746383
vn 0.568073 0.346707 0.746383
vn 0.568073 0.346707 0.746383
vn 0.568073 0.346707 0.746383
vn -0.172583 0.948836 0.264433
vn -0.172583 0.948836 0.264433
vn -0.172583 0.948836 0.264433
vn -0.172583 0.948836 0.264433
vn -0.057566 -0.666628 0.743165
vn -0.057566 -0.666628 0.743165
vn -0.057566 -0.666628 0.743165
vn -0.057566 -0.666628 0.743165
vn 0.303923 -0.689086 -0.657869
vn 0.222718 -0.788634 -0.573109
vn 0.222718 -0.788634 -0.573109
vn 0.222718 -0.788634 -0.573109
vn 0.136238 -0.869500 -0.474773
vn 0.222718 -0.788634 -0.573109
vn -0.681829 0.716167 -0.149045
vn -0.681829 0.716167 -0.149045
vn -0.681829 0.716167 -0.149045
vn -0.681829 0.716167 -0.149045
vn -0.696938 -0.453454 0.555569
vn -0.696938 -0.453454 0.555569
vn -0.696938 -0.453454 0.555569
vn -0.696938 -0.453454 0.555569
vn -0.530676 -0.294139 -0.794899
vn -0.530676 -0.294139 -0.794899
vn -0.530676 -0.294139 -0.794899
vn -0.530676 -0.294139 -0.794899
vn -0.116951 0.507044 0.853949
vn -0.116951 0.507044 0.853949
vn -0.116951 0.507044 0.853949
vn -0.116951 0.507044 0.853949
vn -0.766998 -0.447903 0.459453
vn -0.766998 -0.447903 0.459453
vn -0.766998 -0.447903 0.459453
vn -0.766998 -0.447903 0.459453
vn 0.843655 -0.482309 -0.235851
vn 0.843655 -0.482309 -0.235851
vn 0.843655 -0.482309 -0.235851
vn 0.843655 -0.482309 -0.235851
vn 0.560785 -0.520731 -0.643708
vn 0.560785 -0.520731 -0.643708
vn 0.560785 -0.520731 -0.643708
vn 0.560785 -0.520731 -0.643708
vn -0.581380 -0.792099 -0.185947
vn -0.581380 -0.792099 -0.185947
vn -0.581380 -0.792099 -0.185947
vn -0.581380 -0.792099 -0.185947
vn -0.347934 -0.547966 -0.760707
vn -0.347934 -0.547966 -0.760707
vn -0.347934 -0.547966 -0.760707
vn -0.347934 -0.547966 -0.760707
vn 0.961497 -0.050665 0.270104
vn 0.951974 -0.110858 0.285405
vn 0.951974 -0.110858 0.285405
vn 0.951974 -0.110858 0.285405
vn 0.938693 -0.170614 0.299579
vn 0.951974 -0.110858 0.285405
vn 0.668254 -0.265264 -0.695033
vn 0.668254 -0.265264 -0.695033
vn 0.668254 -0.265264 -0.695033
vn 0.668254 -0.265264 -0.695033
vn 0.508626 -0.337938 -0.791894
vn 0.508626 -0.337938 -0.791894
vn 0.508626 -0.337938 -0.791894
vn 0.508626 -0.337938 -0.791894
vn -0.662785 -0.460466 0.590498
vn -0.662785 -0.460466 0.590498
vn -0.662785 -0.460466 0.590498
vn -0.662785 -0.460466 0.590498
vn 0.653384 -0.677140 0.338483
vn 0.653384 -0.677140 0.338483
vn 0.653384 -0.677140 0.338483
vn 0.653384 -0.677140 0.338483
vn -0.539663 0.535199 0.649866
vn -0.539663 0.535199 0.649866
vn -0.539663 0.535199 0.649866
vn -0.539663 0.535199 0.649866
vn 0.471260 -0.307603 0.826617
vn 0.471260 -0.307603 0.826617
vn 0.471260 -0.307603 0.826617
vn 0.471260 -0.307603 0.826617
vn 0.839091 -0.366631 -0.401880
vn 0.839091 -0.366631 -0.401880
vn 0.839091 -0.366631 -0.401880
vn 0.839091 -0.366631 -0.401880
vn -0.519798 -0.633805 -0.572801
vn -0.519798 -0.633805 -0.572801
vn -0.519798 -0.633805 -0.572801
vn -0.519798 -0.633805 -0.572801
vn -0.522504 -0.796092 -0.305333
vn -0.522504 -0.796092 -0.305333
vn -0.522504 -0.796092 -0.305333
vn -0.522504 -0.796092 -0.305333
vn 0.744282 -0.431326 -0.509904
vn 0.494243 -0.299583 -0.816072
vn 0.494243 -0.299583 -0.816072
vn 0.494243 -0.299583 -0.816072
vn 0.158395 -0.115828 -0.980559
vn 0.494243 -0.299583 -0.816072
vn 0.851245 -0.070972 0.519948
vn 0.851245 -0.070972 0.519948
vn 0.851245 -0.070972 0.519948
vn 0.851245 -0.070972 0.519948
vn -0.898620 -0.346027 0.269716
vn -0.898620 -0.346027 0.269716
vn -0.898620 -0.346027 0.269716
vn -0.898620 -0.346027 0.269716
vn 0.178317 0.858810 -0.480259
vn 0.165165 0.913965 -0.370659
vn 0.165165 0.913965 -0.370659
vn 0.165165 0.913965 -0.370659
vn 0.149499 0.955203 -0.255416
vn 0.165165 0.913965 -0.370659
vn -0.489092 0.869406 -0.070164
vn -0.579207 0.806057 -0.121616
vn -0.579207 0.806057 -0.121616
vn -0.579207 0.806057 -0.121616
vn -0.660761 0.730794 -0.171272
vn -0.579207 0.806057 -0.121616
vn 0.422326 -0.847293 0.322079
vn 0.422326 -0.847293 0.322079
vn 0.422326 -0.847293 0.322079
vn 0.422326 -0.847293 0.322079
vn -0.131702 -0.419534 0.898135
vn -0.131702 -0.419534 0.898135
vn -0.131702 -0.419534 0.898135
vn -0.131702 -0.419534 0.898135
vn -0.507625 -0.739802 -0.441599
vn -0.417489 -0.871907 -0.255893
vn -0.417489 -0.871907 -0.255893
vn -0.417489 -0.871907 -0.255893
vn -0.302278 -0.951642 -0.054817
vn -0.417489 -0.871907 -0.255893
vn -0.558292 0.828110 0.050433
vn -0.558292 0.828110 0.050433
vn -0.558292 0.828110 0.050433
vn -0.558292 0.828110 0.050433
vn 0.180852 -0.946255 -0.268130
vn 0.180852 -0.946255 -0.268130
vn 0.180852 -0.946255 -0.268130
vn 0.180852 -0.946255 -0.268130
vn -0.429359 -0.692318 0.579955
vn -0.429359 -0.692318 0.579955
vn -0.429359 -0.692318 0.579955
vn -0.429359 -0.692318 0.579955
vn -0.831337 -0.534410 -0.152596
vn -0.831337 -0.534410 -0.152596
vn -0.831337 -0.534410 -0.152596
vn -0.831337 -0.534410 -0.152596
vn -0.661137 0.717321 0.219884
vn -0.661137 0.717321 0.219884
vn -0.661137 0.717321 0.219884
vn -0.661137 0.717321 0.219884
vn 0.824582 -0.529990 0.197925
vn 0.824582 -0.529990 0.197925
vn 0.824582 -0.529990 0.197925
vn 0.824582 -0.529990 0.197925
vn 0.699184 -0.699613 0.147250
vn 0.602934 -0.792746 0.089575
vn 0.602934 -0.792746 0.089575
vn 0.602934 -0.792746 0.089575
vn 0.493863 -0.869022 0.029994
vn 0.602934 -0.792746 0.089575
vn 0.834471 0.438279 0.334020
vn 0.834471 0.438279 0.334020
vn 0.834471 0.438279 0.334020
vn 0.834471 0.438279 0.334020
vn 0.256681 0.718139 -0.646832
vn 0.256681 0.718139 -0.646832
vn 0.256681 0.718139 -0.646832
vn 0.256681 0.718139 -0.646832
vn 0.887078 -0.414882 0.202399
vn 0.887078 -0.414882 0.202399
vn 0.887078 -0.414882 0.202399
vn 0.887078 -0.414882 0.202399
vn 0.431237 -0.596808 0.676650
vn 0.431237 -0.596808 0.676650
vn 0.431237 -0.596808 0.676650
vn 0.431237 -0.596808 0.676650
vn 0.897042 -0.384704 0.217527
vn 0.897042 -0.384704 0.217527
vn 0.897042 -0.384704 0.217527
vn 0.897042 -0.384704 0.217527
vn 0.752618 0.603338 0.263722
vn 0.752618 0.603338 0.263722
vn 0.752618 0.603338 0.263722
vn 0.752618 0.603338 0.263722
vn -0.735364 -0.668944 0.108414
vn -0.735364 -0.668944 0.108414
vn -0.735364 -0.668944 0.108414
vn -0.735364 -0.668944 0.108414
vn -0.008228 0.676498 0.736399
vn -0.008228 0.676498 0.736399
vn -0.008228 0.676498 0.736399
vn -0.008228 0.676498 0.736399
vn -0.674879 -0.419169 0.607318
vn -0.674879 -0.419169 0.607318
vn -0.674879 -0.419169 0.607318
vn -0.674879 -0.419169 0.607318
vn -0.034949 -0.005798 0.999372
vn -0.061361 -0.095839 0.993504
vn -0.061361 -0.095839 0.993504
vn -0.061361 -0.095839 0.993504
vn -0.087231 -0.185034 0.978853
vn -0.061361 -0.095839 0.993504
vn -0.453195 -0.412271 0.790346
vn -0.453195 -0.412271 0.790346
vn -0.453195 -0.412271 0.790346
vn -0.453195 -0.412271 0.790346
vn -0.579837 -0.716915 -0.387069
vn -0.579837 -0.716915 -0.387069
vn -0.579837 -0.716915 -0.387069
vn -0.579837 -0.716915 -0.387069
vn 0.074082 -0.575619 0.814355
vn 0.074082 -0.575619 0.814355
vn 0.074082 -0.575619 0.814355
vn 0.074082 -0.575619 0.814355
vn 0.602939 -0.745519 -0.284018
vn 0.602939 -0.745519 -0.284018
vn 0.602939 -0.745519 -0.284018
vn 0.602939 -0.745519 -0.284018
vn -0.416203 -0.631910 -0.653808
vn -0.416203 -0.631910 -0.653808
vn -0.416203 -0.631910 -0.653808
vn -0.416203 -0.631910 -0.653808
vn 0.881455 -0.170823 0.440291
vn 0.881455 -0.170823 0.440291
vn 0.881455 -0.170823 0.440291
vn 0.881455 -0.170823 0.440291
vn 0.125751 -0.296590 0.946689
vn 0.125751 -0.296590 0.946689
vn 0.125751 -0.296590 0.946689
vn 0.125751 -0.296590 0.946689
vn 0.748181 -0.453935 0.483909
vn 0.748181 -0.453935 0.483909
vn 0.748181 -0.453935 0.483909
vn 0.748181 -0.453935 0.483909
vn -0.074175 -0.434416 -0.897653
vn -0.074175 -0.434416 -0.897653
vn -0.074175 -0.434416 -0.897653
vn -0.074175 -0.434416 -0.897653
vn 0.674922 -0.421461 0.605682
vn 0.895093 -0.304482 0.325729
vn 0.895093 -0.304482 0.325729
vn 0.895093 -0.304482 0.325729
vn 0.989474 -0.144714 -0.000000
vn 0.895093 -0.304482 0.325729
vn -0.984331 -0.106336 0.140662
vn -0.984331 -0.106336 0.140662
vn -0.984331 -0.106336 0.140662
vn -0.984331 -0.106336 0.140662
vn -0.287415 0.828290 -0.480966
vn -0.287415 0.828290 -0.480966
vn -0.287415 0.828290 -0.480966
vn -0.287415 0.828290 -0.480966
vn 0.520345 0.851082 0.070001
vn 0.404892 0.910751 0.081207
vn 0.404892 0.910751 0.081207
vn 0.404892 0.910751 0.081207
vn 0.282550 0.954923 0.091031
vn 0.404892 0.910751 0.081207
vn -0.143957 0.860558 -0.488586
vn -0.139260 0.789740 -0.597425
vn -0.139260 0.789740 -0.597425
vn -0.139260 0.789740 -0.597425
vn -0.132212 0.705590 -0.696177
vn -0.139260 0.789740 -0.597425
vn 0.284965 -0.958525 0.005041
vn 0.284965 -0.958525 0.005041
vn 0.284965 -0.958525 0.005041
vn 0.284965 -0.958525 0.005041
vn -0.816537 -0.539645 0.205061
vn -0.816537 -0.539645 0.205061
vn -0.816537 -0.539645 0.205061
vn -0.816537 -0.539645 0.205061
vn 0.145349 -0.724740 -0.673517
vn 0.019550 -0.862582 -0.505539
vn 0.019550 -0.862582 -0.505539
vn 0.019550 -0.862582 -0.505539
vn -0.107482 -0.946045 -0.305691
vn 0.019550 -0.862582 -0.505539
vn -0.659074 0.553510 -0.509165
vn -0.659074 0.553510 -0.509165
vn -0.659074 0.553510 -0.509165
vn -0.659074 0.553510 -0.509165
vn 0.663930 -0.711756 -0.229346
vn 0.663930 -0.711756 -0.229346
vn 0.663930 -0.711756 -0.229346
vn 0.663930 -0.711756 -0.229346
vn -0.634435 -0.689611 0.349182
vn -0.634435 -0.689611 0.349182
vn -0.634435 -0.689611 0.349182
vn -0.634435 -0.689611 0.349182
vn 0.353249 -0.716143 0.601959
vn 0.353249 -0.716143 0.601959
vn 0.353249 -0.716143 0.601959
vn 0.353249 -0.716143 0.601959
vn 0.729793 0.678386 0.084823
vn 0.729793 0.678386 0.084823
vn 0.729793 0.678386 0.084823
vn 0.729793 0.678386 0.084823
vn -0.243163 -0.059339 0.968169
vn -0.243163 -0.059339 0.968169
vn -0.243163 -0.059339 0.968169
vn -0.243163 -0.059339 0.968169
vn 0.171920 -0.673379 0.719031
vn 0.179469 -0.775857 0.604844
vn 0.179469 -0.775857 0.604844
vn 0.179469 -0.775857 0.604844
vn 0.182783 -0.860028 0.476385
vn 0.179469 -0.775857 0.604844
vn -0.278945 0.960273 -0.008087
vn -0.278945 0.960273 -0.008087
vn -0.278945 0.960273 -0.008087
vn -0.278945 0.960273 -0.008087
vn -0.008848 -0.883730 -0.467913
vn -0.008848 -0.883730 -0.467913
vn -0.008848 -0.883730 -0.467913
vn -0.008848 -0.883730 -0.467913
vn 0.849400 -0.447925 -0.279073
vn 0.849400 -0.447925 -0.279073
vn 0.849400 -0.447925 -0.279073
vn 0.849400 -0.447925 -0.279073
vn -0.435856 0.597198 -0.673338
vn -0.435856 0.597198 -0.673338
vn -0.435856 0.597198 -0.673338
vn -0.435856 0.597198 -0.673338
vn -0.545033 -0.768179 0.335918
vn -0.545033 -0.768179 0.335918
vn -0.545033 -0.768179 0.335918
vn -0.545033 -0.768179 0.335918
vn -0.546104 -0.509297 -0.665122
vn -0.546104 -0.509297 -0.665122
vn -0.546104 -0.509297 -0.665122
vn -0.546104 -0.509297 -0.665122
vn 0.412659 -0.909498 -0.050251
vn 0.412659 -0.909498 -0.050251
vn 0.412659 -0.909498 -0.050251
vn 0.412659 -0.909498 -0.050251
vn 0.975243 -0.210984 -0.066237
vn 0.975243 -0.210984 -0.066237
vn 0.975243 -0.210984 -0.066237
vn 0.975243 -0.210984 -0.066237
vn -0.107263 -0.836129 0.537944
vn -0.107263 -0.836129 0.537944
vn -0.107263 -0.836129 0.537944
vn -0.107263 -0.836129 0.537944
vn -0.911364 -0.066664 0.406168
vn -0.913315 -0.104752 0.393551
vn -0.913315 -0.104752 0.393551
vn -0.913315 -0.104752 0.393551
vn -0.913793 -0.142671 0.380300
vn -0.913315 -0.104752 0.393551
vn 0.025188 -0.603528 0.796944
vn 0.025188 -0.603528 0.796944
vn 0.025188 -0.603528 0.796944
vn 0.025188 -0.603528 0.796944
vn 0.833019 -0.415763 0.364993
vn 0.833019 -0.415763 0.364993
vn 0.833019 -0.415763 0.364993
vn 0.833019 -0.415763 0.364993
vn 0.729514 -0.679753 -0.075801
vn 0.729514 -0.679753 -0.075801
vn 0.729514 -0.679753 -0.075801
vn 0.729514 -0.679753 -0.075801
vn -0.896127 -0.252995 -0.364622
vn -0.896127 -0.252995 -0.364622
vn -0.896127 -0.252995 -0.364622
vn -0.896127 -0.252995 -0.364622
vn -0.252056 -0.575563 -0.777943
vn -0.252056 -0.575563 -0.777943
vn -0.252056 -0.575563 -0.777943
vn -0.252056 -0.575563 -0.777943
vn 0.176479 -0.535021 0.826201
vn 0.176479 -0.535021 0.826201
vn 0.176479 -0.535021 0.826201
vn 0.176479 -0.535021 0.826201
vn 0.098523 0.960241 0.261208
vn 0.098523 0.960241 0.261208
vn 0.098523 0.960241 0.261208
vn 0.098523 0.960241 0.261208
vn -0.620841 -0.743513 0.248486
vn -0.620841 -0.743513 0.248486
vn -0.620841 -0.743513 0.248486
vn -0.620841 -0.743513 0.248486
vn 0.610980 -0.457090 0.646353
vn 0.610980 -0.457090 0.646353
vn 0.610980 -0.457090 0.646353
vn 0.610980 -0.457090 0.646353
vn -0.199962 -0.406348 0.891570
vn 0.123645 -0.287865 0.949656
vn 0.123645 -0.287865 0.949656
vn 0.123645 -0.287865 0.949656
vn 0.432151 -0.134224 0.891757
vn 0.123645 -0.287865 0.949656
vn -0.451324 -0.483803 0.749828
vn -0.451324 -0.483803 0.749828
vn -0.451324 -0.483803 0.749828
vn -0.451324 -0.483803 0.749828
vn 0.366789 0.707760 -0.603773
vn 0.366789 0.707760 -0.603773
vn 0.366789 0.707760 -0.603773
vn 0.366789 0.707760 -0.603773
vn 0.183241 0.843007 0.505729
vn 0.124924 0.904204 0.408423
vn 0.124924 0.904204 0.408423
vn 0.124924 0.904204 0.408423
vn 0.064533 0.950378 0.304331
vn 0.124924 0.904204 0.408423
vn -0.350954 0.756563 0.551764
vn -0.464098 0.701223 0.541202
vn -0.464098 0.701223 0.541202
vn -0.464098 0.701223 0.541202
vn -0.569828 0.634680 0.521993
vn -0.464098 0.701223 0.541202
vn -0.429500 -0.055892 0.901336
vn -0.429500 -0.055892 0.901336
vn -0.429500 -0.055892 0.901336
vn -0.429500 -0.055892 0.901336
vn -0.868630 0.165977 -0.466833
vn -0.868630 0.165977 -0.466833
vn -0.868630 0.165977 -0.466833
vn -0.868630 0.165977 -0.466833
vn -0.789136 -0.544777 -0.283695
vn -0.617582 -0.744105 -0.254756
vn -0.617582 -0.744105 -0.254756
vn -0.617582 -0.744105 -0.254756
vn -0.402798 -0.891345 -0.207984
vn -0.617582 -0.744105 -0.254756
vn -0.843131 0.489492 0.222549
vn -0.843131 0.489492 0.222549
vn -0.843131 0.489492 0.222549
vn -0.843131 0.489492 0.222549
vn 0.563489 -0.824459 -0.052420
vn 0.563489 -0.824459 -0.052420
vn 0.563489 -0.824459 -0.052420
vn 0.563489 -0.824459 -0.052420
vn 0.292264 -0.824338 0.484817
vn 0.292264 -0.824338 0.484817
vn 0.292264 -0.824338 0.484817
vn 0.292264 -0.824338 0.484817
vn -0.321353 -0.920973 -0.220321
vn -0.321353 -0.920973 -0.220321
vn -0.321353 -0.920973 -0.220321
vn -0.321353 -0.920973 -0.220321
vn -0.552166 -0.833685 0.009075
vn -0.552166 -0.833685 0.009075
vn -0.552166 -0.833685 0.009075
vn -0.552166 -0.833685 0.009075
vn 0.041817 -0.346443 -0.937138
vn 0.041817 -0.346443 -0.937138
vn 0.041817 -0.346443 -0.937138
vn 0.041817 -0.346443 -0.937138
vn 0.595216 -0.588340 -0.547334
vn 0.470556 -0.672189 -0.571611
vn 0.470556 -0.672189 -0.571611
vn 0.470556 -0.672189 -0.571611
vn 0.334998 -0.740470 -0.582650
vn 0.470556 -0.672189 -0.571611
vn -0.390815 -0.836010 -0.385163
vn -0.390815 -0.836010 -0.385163
vn -0.390815 -0.836010 -0.385163
vn -0.390815 -0.836010 -0.385163
vn 0.653622 -0.742966 -0.144153
vn 0.653622 -0.742966 -0.144153
vn 0.653622 -0.742966 -0.144153
vn 0.653622 -0.742966 -0.144153
vn -0.549352 -0.471046 0.690165
vn -0.549352 -0.471046 0.690165
vn -0.549352 -0.471046 0.690165
vn -0.549352 -0.471046 0.690165
vn -0.527215 0.838311 -0.138851
vn -0.527215 0.838311 -0.138851
vn -0.527215 0.838311 -0.138851
vn -0.527215 0.838311 -0.138851
vn 0.162400 0.867860 -0.469517
vn 0.162400 0.867860 -0.469517
vn 0.162400 0.867860 -0.469517
vn 0.162400 0.867860 -0.469517
vn 0.896222 -0.402586 -0.186307
vn 0.896222 -0.402586 -0.186307
vn 0.896222 -0.402586 -0.186307
vn 0.896222 -0.402586 -0.186307
vn 0.225534 0.069074 -0.971784
vn 0.225534 0.069074 -0.971784
vn 0.225534 0.069074 -0.971784
vn 0.225534 0.069074 -0.971784
vn -0.736042 -0.672028 -0.081367
vn -0.736042 -0.672028 -0.081367
vn -0.736042 -0.672028 -0.081367
vn -0.736042 -0.672028 -0.081367
vn -0.078864 0.337093 0.938163
vn -0.078864 0.337093 0.938163
vn -0.078864 0.337093 0.938163
vn -0.078864 0.337093 0.938163
vn 0.522195 -0.434641 0.733758
vn 0.484111 -0.511716 0.709777
vn 0.484111 -0.511716 0.709777
vn 0.484111 -0.511716 0.709777
vn 0.442172 -0.584715 0.680141
vn 0.484111 -0.511716 0.709777
vn -0.133413 0.724476 0.676266
vn -0.133413 0.724476 0.676266
vn -0.133413 0.724476 0.676266
vn -0.133413 0.724476 0.676266
vn -0.172719 0.963288 0.205534
vn -0.172719 0.963288 0.205534
vn -0.172719 0.963288 0.205534
vn -0.172719 0.963288 0.205534
vn -0.298757 -0.475925 -0.827188
vn -0.298757 -0.475925 -0.827188
vn -0.298757 -0.475925 -0.827188
vn -0.298757 -0.475925 -0.827188
vn 0.845232 -0.427016 0.321310
vn 0.845232 -0.427016 0.321310
vn 0.845232 -0.427016 0.321310
vn 0.845232 -0.427016 0.321310
vn -0.834500 -0.427411 -0.347750
vn -0.834500 -0.427411 -0.347750
vn -0.834500 -0.427411 -0.347750
vn -0.834500 -0.427411 -0.347750
vn 0.862978 0.459051 -0.211045
vn 0.862978 0.459051 -0.211045
vn 0.862978 0.459051 -0.211045
vn 0.862978 0.459051 -0.211045
vn -0.694945 -0.370858 -0.616049
vn -0.694945 -0.370858 -0.616049
vn -0.694945 -0.370858 -0.616049
vn -0.694945 -0.370858 -0.616049
vn -0.692708 -0.631576 0.348233
vn -0.692708 -0.631576 0.348233
vn -0.692708 -0.631576 0.348233
vn -0.692708 -0.631576 0.348233
vn 0.625234 -0.441380 -0.643635
vn 0.625234 -0.441380 -0.643635
vn 0.625234 -0.441380 -0.643635
vn 0.625234 -0.441380 -0.643635
vn 0.828701 -0.555823 -0.065685
vn 0.873412 -0.226399 -0.431155
vn 0.873412 -0.226399 -0.431155
vn 0.873412 -0.226399 -0.431155
vn 0.704934 0.158287 -0.691385
vn 0.873412 -0.226399 -0.431155
vn 0.909318 -0.330976 0.252182
vn 0.909318 -0.330976 0.252182
vn 0.909318 -0.330976 0.252182
vn 0.909318 -0.330976 0.252182
vn -0.342665 0.797678 -0.496276
vn -0.342665 0.797678 -0.496276
vn -0.342665 0.797678 -0.496276
vn -0.342665 0.797678 -0.496276
vn 0.578761 0.813064 0.062950
vn 0.498043 0.852682 0.157756
vn 0.498043 0.852682 0.157756
vn 0.498043 0.852682 0.157756
vn 0.408822 0.877742 0.249869
vn 0.498043 0.852682 0.157756
vn 0.600323 0.757927 0.255262
vn 0.608834 0.695354 0.381842
vn 0.608834 0.695354 0.381842
vn 0.608834 0.695354 0.381842
vn 0.605162 0.618867 0.500781
vn 0.608834 0.695354 0.381842
vn -0.190309 -0.685838 0.702430
vn -0.190309 -0.685838 0.702430
vn -0.190309 -0.685838 0.702430
vn -0.190309 -0.685838 0.702430
vn 0.909882 -0.396793 0.121123
vn 0.909882 -0.396793 0.121123
vn 0.909882 -0.396793 0.121123
vn 0.909882 -0.396793 0.121123
vn -0.161810 -0.560479 0.812208
vn -0.159284 -0.750188 0.641752
vn -0.159284 -0.750188 0.641752
vn -0.159284 -0.750188 0.641752
vn -0.146396 -0.891098 0.429550
vn -0.159284 -0.750188 0.641752
vn -0.414589 -0.795913 0.441180
vn -0.414589 -0.795913 0.441180
vn -0.414589 -0.795913 0.441180
vn -0.414589 -0.795913 0.441180
vn -0.109184 -0.484349 0.868035
vn -0.109184 -0.484349 0.868035
vn -0.109184 -0.484349 0.868035
vn -0.109184 -0.484349 0.868035
vn -0.142854 -0.824630 -0.547338
vn -0.142854 -0.824630 -0.547338
vn -0.142854 -0.824630 -0.547338
vn -0.142854 -0.824630 -0.547338
vn 0.820371 0.544952 0.173260
vn 0.820371 0.544952 0.173260
vn 0.820371 0.544952 0.173260
vn 0.820371 0.544952 0.173260
vn 0.201671 -0.834577 -0.512650
vn 0.201671 -0.834577 -0.512650
vn 0.201671 -0.834577 -0.512650
vn 0.201671 -0.834577 -0.512650
vn 0.963843 -0.201096 -0.174832
vn 0.963843 -0.201096 -0.174832
vn 0.963843 -0.201096 -0.174832
vn 0.963843 -0.201096 -0.174832
vn -0.632283 -0.594620 -0.496633
vn -0.636333 -0.674834 -0.373737
vn -0.636333 -0.674834 -0.373737
vn -0.636333 -0.674834 -0.373737
vn -0.626667 -0.740502 -0.242786
vn -0.636333 -0.674834 -0.373737
vn -0.094652 -0.548838 -0.830553
vn -0.094652 -0.548838 -0.830553
vn -0.094652 -0.548838 -0.830553
vn -0.094652 -0.548838 -0.830553
vn -0.417148 0.849561 -0.322854
vn -0.417148 0.849561 -0.322854
vn -0.417148 0.849561 -0.322854
vn -0.417148 0.849561 -0.322854
vn 0.322213 0.921711 0.215936
vn 0.322213 0.921711 0.215936
vn 0.322213 0.921711 0.215936
vn 0.322213 0.921711 0.215936
vn -0.722965 0.678910 -0.128070
vn -0.722965 0.678910 -0.128070
vn -0.722965 0.678910 -0.128070
vn -0.722965 0.678910 -0.128070
vn 0.867404 -0.494497 0.055524
vn 0.867404 -0.494497 0.055524
vn 0.867404 -0.494497 0.055524
vn 0.867404 -0.494497 0.055524
vn 0.205465 -0.670368 0.713015
vn 0.205465 -0.670368 0.713015
vn 0.205465 -0.670368 0.713015
vn 0.205465 -0.670368 0.713015
vn -0.955909 0.217704 0.197085
vn -0.955909 0.217704 0.197085
vn -0.955909 0.217704 0.197085
vn -0.955909 0.217704 0.197085
vn -0.729489 -0.669377 -0.140643
vn -0.729489 -0.669377 -0.140643
vn -0.729489 -0.669377 -0.140643
vn -0.729489 -0.669377 -0.140643
vn 0.235677 -0.962894 -0.131498
vn 0.235677 -0.962894 -0.131498
vn 0.235677 -0.962894 -0.131498
vn 0.235677 -0.962894 -0.131498
vn 0.642189 -0.433049 -0.632505
vn 0.621144 -0.518849 -0.587346
vn 0.621144 -0.518849 -0.587346
vn 0.621144 -0.518849 -0.587346
vn 0.593986 -0.599541 -0.536406
vn 0.621144 -0.518849 -0.587346
vn -0.361560 -0.363314 -0.858649
vn -0.361560 -0.363314 -0.858649
vn -0.361560 -0.363314 -0.858649
vn -0.361560 -0.363314 -0.858649
vn -0.518594 -0.592081 -0.616847
vn -0.518594 -0.592081 -0.616847
vn -0.518594 -0.592081 -0.616847
vn -0.518594 -0.592081 -0.616847
vn 0.169311 -0.688319 -0.705373
vn 0.169311 -0.688319 -0.705373
vn 0.169311 -0.688319 -0.705373
vn 0.169311 -0.688319 -0.705373
vn -0.166374 -0.864630 0.474061
vn -0.166374 -0.864630 0.474061
vn -0.166374 -0.864630 0.474061
vn -0.166374 -0.864630 0.474061
vn 0.697032 0.715505 -0.046896
vn 0.697032 0.715505 -0.046896
vn 0.697032 0.715505 -0.046896
vn 0.697032 0.715505 -0.046896
vn -0.283232 -0.958795 -0.022165
vn -0.283232 -0.958795 -0.022165
vn -0.283232 -0.958795 -0.022165
vn -0.283232 -0.958795 -0.022165
vn 0.708712 -0.359938 0.606772
vn 0.708712 -0.359938 0.606772
vn 0.708712 -0.359938 0.606772
vn 0.708712 -0.359938 0.606772
vn -0.820176 -0.485340 0.302912
vn -0.820176 -0.485340 0.302912
vn -0.820176 -0.485340 0.302912
vn -0.820176 -0.485340 0.302912
vn -0.021255 0.960205 -0.278486
vn -0.021255 0.960205 -0.278486
vn -0.021255 0.960205 -0.278486
vn -0.021255 0.960205 -0.278486
vn -0.202570 -0.548823 -0.811023
vn -0.553509 -0.237498 -0.798262
vn -0.553509 -0.237498 -0.798262
vn -0.553509 -0.237498 -0.798262
vn -0.782541 0.126134 -0.609688
vn -0.553509 -0.237498 -0.798262
vn -0.762917 0.645091 0.042612
vn -0.762917 0.645091 0.042612
vn -0.762917 0.645091 0.042612
vn -0.762917 0.645091 0.042612
vn -0.293702 0.862273 0.412584
vn -0.293702 0.862273 0.412584
vn -0.293702 0.862273 0.412584
vn -0.293702 0.862273 0.412584
vn -0.026026 0.818618 -0.573749
vn 0.078917 0.856218 -0.510552
vn 0.078917 0.856218 -0.510552
vn 0.078917 0.856218 -0.510552
vn 0.182563 0.879758 -0.438971
vn 0.078917 0.856218 -0.510552
vn 0.318345 0.757436 -0.570042
vn 0.434420 0.700449 -0.566260
vn 0.434420 0.700449 -0.566260
vn 0.434420 0.700449 -0.566260
vn 0.543225 0.631741 -0.553002
vn 0.434420 0.700449 -0.566260
vn 0.015131 -0.362920 0.931698
vn 0.015131 -0.362920 0.931698
vn 0.015131 -0.362920 0.931698
vn 0.015131 -0.362920 0.931698
vn 0.418557 -0.777129 0.469980
vn 0.418557 -0.777129 0.469980
vn 0.418557 -0.777129 0.469980
vn 0.418557 -0.777129 0.469980
vn 0.797888 -0.552718 0.240579
vn 0.627121 -0.746935 0.220924
vn 0.627121 -0.746935 0.220924
vn 0.627121 -0.746935 0.220924
vn 0.414169 -0.890907 0.186409
vn 0.627121 -0.746935 0.220924
vn 0.407732 0.797777 -0.444192
vn 0.407732 0.797777 -0.444192
vn 0.407732 0.797777 -0.444192
vn 0.407732 0.797777 -0.444192
vn -0.195173 0.682586 -0.704261
vn -0.195173 0.682586 -0.704261
vn -0.195173 0.682586 -0.704261
vn -0.195173 0.682586 -0.704261
vn 0.167532 0.248277 -0.954092
vn 0.167532 0.248277 -0.954092
vn 0.167532 0.248277 -0.954092
vn 0.167532 0.248277 -0.954092
vn -0.599837 0.799683 -0.026504
vn -0.599837 0.799683 -0.026504
vn -0.599837 0.799683 -0.026504
vn -0.599837 0.799683 -0.026504
vn 0.533373 -0.833448 0.144492
vn 0.533373 -0.833448 0.144492
vn 0.533373 -0.833448 0.144492
vn 0.533373 -0.833448 0.144492
vn 0.094284 -0.802754 0.588810
vn 0.094284 -0.802754 0.588810
vn 0.094284 -0.802754 0.588810
vn 0.094284 -0.802754 0.588810
vn -0.560736 -0.590012 0.580914
vn -0.435359 -0.672647 0.598338
vn -0.435359 -0.672647 0.598338
vn -0.435359 -0.672647 0.598338
vn -0.300033 -0.739912 0.602089
vn -0.435359 -0.672647 0.598338
vn -0.810224 0.543019 -0.220608
vn -0.810224 0.543019 -0.220608
vn -0.810224 0.543019 -0.220608
vn -0.810224 0.543019 -0.220608
vn 0.533524 0.311166 -0.786465
vn 0.533524 0.311166 -0.786465
vn 0.533524 0.311166 -0.786465
vn 0.533524 0.311166 -0.786465
vn -0.596074 -0.615407 -0.515724
vn -0.596074 -0.615407 -0.515724
vn -0.596074 -0.615407 -0.515724
vn -0.596074 -0.615407 -0.515724
vn 0.112777 0.481688 -0.869056
vn 0.112777 0.481688 -0.869056
vn 0.112777 0.481688 -0.869056
vn 0.112777 0.481688 -0.869056
vn -0.194491 -0.946897 0.256044
vn -0.194491 -0.946897 0.256044
vn -0.194491 -0.946897 0.256044
vn -0.194491 -0.946897 0.256044
vn 0.445914 -0.687917 -0.572653
vn 0.445914 -0.687917 -0.572653
vn 0.445914 -0.687917 -0.572653
vn 0.445914 -0.687917 -0.572653
vn -0.920451 0.309282 0.238985
vn -0.920451 0.309282 0.238985
vn -0.920451 0.309282 0.238985
vn -0.920451 0.309282 0.238985
vn -0.487837 -0.478324 0.730220
vn -0.487837 -0.478324 0.730220
vn -0.487837 -0.478324 0.730220
vn -0.487837 -0.478324 0.730220
vn 0.417301 0.840604 -0.345319
vn 0.417301 0.840604 -0.345319
vn 0.417301 0.840604 -0.345319
vn 0.417301 0.840604 -0.345319
vn -0.570202 -0.429789 -0.700108
vn -0.530691 -0.508698 -0.677934
vn -0.530691 -0.508698 -0.677934
vn -0.530691 -0.508698 -0.677934
vn -0.486786 -0.583395 -0.650146
vn -0.530691 -0.508698 -0.677934
vn 0.798932 -0.324438 0.506406
vn 0.798932 -0.324438 0.506406
vn 0.798932 -0.324438 0.506406
vn 0.798932 -0.324438 0.506406
vn -0.405263 0.488592 -0.772683
vn -0.405263 0.488592 -0.772683
vn -0.405263 0.488592 -0.772683
vn -0.405263 0.488592 -0.772683
vn -0.334931 0.449510 -0.828108
vn -0.334931 0.449510 -0.828108
vn -0.334931 0.449510 -0.828108
vn -0.334931 0.449510 -0.828108
vn -0.730843 -0.487697 -0.477515
vn -0.730843 -0.487697 -0.477515
vn -0.730843 -0.487697 -0.477515
vn -0.730843 -0.487697 -0.477515
vn -0.326252 -0.927517 0.182408
vn -0.326252 -0.927517 0.182408
vn -0.326252 -0.927517 0.182408
vn -0.326252 -0.927517 0.182408
vn -0.532349 -0.486710 -0.692617
vn -0.532349 -0.486710 -0.692617
vn -0.532349 -0.486710 -0.692617
vn -0.532349 -0.486710 -0.692617
vn -0.443872 -0.797165 0.409274
vn -0.443872 -0.797165 0.409274
vn -0.443872 -0.797165 0.409274
vn -0.443872 -0.797165 0.409274
vn -0.876523 -0.481254 -0.010112
vn -0.876523 -0.481254 -0.010112
vn -0.876523 -0.481254 -0.010112
vn -0.876523 -0.481254 -0.010112
vn 0.580185 -0.717230 -0.385961
vn 0.580185 -0.717230 -0.385961
vn 0.580185 -0.717230 -0.385961
vn 0.580185 -0.717230 -0.385961
vn -0.827877 -0.547783 0.120639
vn -0.851505 -0.244997 0.463590
vn -0.851505 -0.244997 0.463590
vn -0.851505 -0.244997 0.463590
vn -0.696442 0.109203 0.709256
vn -0.851505 -0.244997 0.463590
vn -0.526574 -0.550533 -0.647792
vn -0.526574 -0.550533 -0.647792
vn -0.526574 -0.550533 -0.647792
vn -0.526574 -0.550533 -0.647792
vn 0.485078 0.734131 0.475132
vn 0.485078 0.734131 0.475132
vn 0.485078 0.734131 0.475132
vn 0.485078 0.734131 0.475132
vn -0.574341 0.818053 -0.030346
vn -0.500558 0.856095 -0.128618
vn -0.500558 0.856095 -0.128618
vn -0.500558 0.856095 -0.128618
vn -0.418492 0.879970 -0.224762
vn -0.500558 0.856095 -0.128618
vn -0.689408 -0.554875 -0.465651
vn -0.689408 -0.554875 -0.465651
vn -0.689408 -0.554875 -0.465651
vn -0.689408 -0.554875 -0.465651
vn -0.274372 -0.701408 0.657835
vn -0.274372 -0.701408 0.657835
vn -0.274372 -0.701408 0.657835
vn -0.274372 -0.701408 0.657835
vn 0.690361 -0.705253 0.161309
vn 0.690361 -0.705253 0.161309
vn 0.690361 -0.705253 0.161309
vn 0.690361 -0.705253 0.161309
vn 0.351993 -0.415748 0.838603
vn 0.351993 -0.415748 0.838603
vn 0.351993 -0.415748 0.838603
vn 0.351993 -0.415748 0.838603
vn 0.729697 -0.672837 0.121790
vn 0.729697 -0.672837 0.121790
vn 0.729697 -0.672837 0.121790
vn 0.729697 -0.672837 0.121790
vn -0.357712 -0.477000 -0.802816
vn -0.357712 -0.477000 -0.802816
vn -0.357712 -0.477000 -0.802816
vn -0.357712 -0.477000 -0.802816
vn 0.324795 -0.482569 0.813409
vn 0.324795 -0.482569 0.813409
vn 0.324795 -0.482569 0.813409
vn 0.324795 -0.482569 0.813409
vn -0.863848 -0.445431 0.235282
vn -0.863848 -0.445431 0.235282
vn -0.863848 -0.445431 0.235282
vn -0.863848 -0.445431 0.235282
vn -0.316592 -0.946365 -0.064523
vn -0.316592 -0.946365 -0.064523
vn -0.316592 -0.946365 -0.064523
vn -0.316592 -0.946365 -0.064523
vn -0.486384 -0.755295 -0.439272
vn -0.486384 -0.755295 -0.439272
vn -0.486384 -0.755295 -0.439272
vn -0.486384 -0.755295 -0.439272
vn 0.252927 -0.472696 0.844149
vn 0.252927 -0.472696 0.844149
vn 0.252927 -0.472696 0.844149
vn 0.252927 -0.472696 0.844149
vn -0.408911 0.911641 0.041257
vn -0.408911 0.911641 0.041257
vn -0.408911 0.911641 0.041257
vn -0.408911 0.911641 0.041257
vn -0.513089 -0.306092 0.801902
vn -0.513089 -0.306092 0.801902
vn -0.513089 -0.306092 0.801902
vn -0.513089 -0.306092 0.801902
vn 0.700128 -0.652744 -0.289389
vn 0.700128 -0.652744 -0.289389
vn 0.700128 -0.652744 -0.289389
vn 0.700128 -0.652744 -0.289389
vn 0.689816 -0.451208 -0.566185
vn 0.689816 -0.451208 -0.566185
vn 0.689816 -0.451208 -0.566185
vn 0.689816 -0.451208 -0.566185
vn 0.241417 -0.675788 -0.696440
vn 0.241417 -0.675788 -0.696440
vn 0.241417 -0.675788 -0.696440
vn 0.241417 -0.675788 -0.696440
vn -0.804442 -0.435707 -0.403773
vn -0.804442 -0.435707 -0.403773
vn -0.804442 -0.435707 -0.403773
vn -0.804442 -0.435707 -0.403773
vn 0.075080 0.854299 0.514331
vn 0.075080 0.854299 0.514331
vn 0.075080 0.854299 0.514331
vn 0.075080 0.854299 0.514331
vn 0.128046 -0.721336 -0.680646
vn 0.128046 -0.721336 -0.680646
vn 0.128046 -0.721336 -0.680646
vn 0.128046 -0.721336 -0.680646
vn -0.220487 0.716792 0.661509
vn -0.220487 0.716792 0.661509
vn -0.220487 0.716792 0.661509
vn -0.220487 0.716792 0.661509
vn -0.818740 -0.519312 -0.244908
vn -0.774509 -0.582404 -0.246862
vn -0.774509 -0.582404 -0.246862
vn -0.774509 -0.582404 -0.246862
vn -0.725677 -0.642036 -0.247350
vn -0.774509 -0.582404 -0.246862
vn 0.561414 -0.825731 -0.054619
vn 0.561414 -0.825731 -0.054619
vn 0.561414 -0.825731 -0.054619
vn 0.561414 -0.825731 -0.054619
vn 0.924134 -0.317229 -0.212937
vn 0.924134 -0.317229 -0.212937
vn 0.924134 -0.317229 -0.212937
vn 0.924134 -0.317229 -0.212937
vn 0.790404 -0.473264 -0.388951
vn 0.790404 -0.473264 -0.388951
vn 0.790404 -0.473264 -0.388951
vn 0.790404 -0.473264 -0.388951
vn 0.175786 -0.961059 -0.213227
vn 0.175786 -0.961059 -0.213227
vn 0.175786 -0.961059 -0.213227
vn 0.175786 -0.961059 -0.213227
vn -0.096153 0.808084 -0.581168
vn -0.096153 0.808084 -0.581168
vn -0.096153 0.808084 -0.581168
vn -0.096153 0.808084 -0.581168
vn -0.176488 -0.248366 0.952453
vn -0.176488 -0.248366 0.952453
vn -0.176488 -0.248366 0.952453
vn -0.176488 -0.248366 0.952453
vn 0.204915 -0.631830 0.747530
vn 0.204915 -0.631830 0.747530
vn 0.204915 -0.631830 0.747530
vn 0.204915 -0.631830 0.747530
vn 0.386730 0.840727 0.378970
vn 0.386730 0.840727 0.378970
vn 0.386730 0.840727 0.378970
vn 0.386730 0.840727 0.378970
vn -0.374043 -0.281172 0.883762
vn -0.374043 -0.281172 0.883762
vn -0.374043 -0.281172 0.883762
vn -0.374043 -0.281172 0.883762
vn -0.657843 -0.484904 0.576290
vn -0.491989 -0.175271 0.852776
vn -0.491989 -0.175271 0.852776
vn -0.491989 -0.175271 0.852776
vn -0.227823 0.169386 0.958856
vn -0.491989 -0.175271 0.852776
vn 0.281967 -0.456912 0.843639
vn 0.281967 -0.456912 0.843639
vn 0.281967 -0.456912 0.843639
vn 0.281967 -0.456912 0.843639
vn 0.907099 -0.412184 -0.085295
vn 0.907099 -0.412184 -0.085295
vn 0.907099 -0.412184 -0.085295
vn 0.907099 -0.412184 -0.085295
vn -0.613936 -0.697815 -0.368967
vn -0.613936 -0.697815 -0.368967
vn -0.613936 -0.697815 -0.368967
vn -0.613936 -0.697815 -0.368967
vn 0.171349 0.943153 0.284785
vn 0.241411 0.895373 0.374203
vn 0.241411 0.895373 0.374203
vn 0.241411 0.895373 0.374203
vn 0.307806 0.833996 0.457938
vn 0.241411 0.895373 0.374203
vn -0.435881 0.840658 0.321406
vn -0.435881 0.840658 0.321406
vn -0.435881 0.840658 0.321406
vn -0.435881 0.840658 0.321406
vn 0.110010 0.838771 -0.533254
vn 0.110010 0.838771 -0.533254
vn 0.110010 0.838771 -0.533254
vn 0.110010 0.838771 -0.533254
vn 0.435497 -0.619235 0.653368
vn 0.474290 -0.754456 0.453703
vn 0.474290 -0.754456 0.453703
vn 0.474290 -0.754456 0.453703
vn 0.484789 -0.844668 0.226971
vn 0.474290 -0.754456 0.453703
vn 0.553958 0.828391 -0.083059
vn 0.553958 0.828391 -0.083059
vn 0.553958 0.828391 -0.083059
vn 0.553958 0.828391 -0.083059
vn 0.537977 0.515982 0.666591
vn 0.537977 0.515982 0.666591
vn 0.537977 0.515982 0.666591
vn 0.537977 0.515982 0.666591
vn -0.757977 0.633312 0.156166
vn -0.757977 0.633312 0.156166
vn -0.757977 0.633312 0.156166
vn -0.757977 0.633312 0.156166
vn 0.441060 -0.837096 -0.323629
vn 0.441060 -0.837096 -0.323629
vn 0.441060 -0.837096 -0.323629
vn 0.441060 -0.837096 -0.323629
vn -0.365078 -0.706641 0.606116
vn -0.365078 -0.706641 0.606116
vn -0.365078 -0.706641 0.606116
vn -0.365078 -0.706641 0.606116
vn 0.062156 -0.529034 -0.846322
vn 0.062156 -0.529034 -0.846322
vn 0.062156 -0.529034 -0.846322
vn 0.062156 -0.529034 -0.846322
vn -0.368566 -0.803795 -0.466984
vn -0.287631 -0.884880 -0.366410
vn -0.287631 -0.884880 -0.366410
vn -0.287631 -0.884880 -0.366410
vn -0.200012 -0.945400 -0.257321
vn -0.287631 -0.884880 -0.366410
vn 0.821558 -0.551187 -0.145725
vn 0.821558 -0.551187 -0.145725
vn 0.821558 -0.551187 -0.145725
vn 0.821558 -0.551187 -0.145725
vn -0.146957 0.548604 -0.823066
vn -0.146957 0.548604 -0.823066
vn -0.146957 0.548604 -0.823066
vn -0.146957 0.548604 -0.823066
vn 0.410246 -0.801706 -0.434702
vn 0.410246 -0.801706 -0.434702
vn 0.410246 -0.801706 -0.434702
vn 0.410246 -0.801706 -0.434702
vn 0.416878 -0.476482 0.774066
vn 0.416878 -0.476482 0.774066
vn 0.416878 -0.476482 0.774066
vn 0.416878 -0.476482 0.774066
vn -0.593063 -0.724772 0.350686
vn -0.593063 -0.724772 0.350686
vn -0.593063 -0.724772 0.350686
vn -0.593063 -0.724772 0.350686
vn 0.950802 -0.308575 -0.027514
vn 0.950802 -0.308575 -0.027514
vn 0.950802 -0.308575 -0.027514
vn 0.950802 -0.308575 -0.027514
vn 0.912612 -0.309530 -0.267077
vn 0.912612 -0.309530 -0.267077
vn 0.912612 -0.309530 -0.267077
vn 0.912612 -0.309530 -0.267077
vn 0.491780 0.481618 -0.725394
vn 0.491780 0.481618 -0.725394
vn 0.491780 0.481618 -0.725394
vn 0.491780 0.481618 -0.725394
vn 0.795951 -0.331560 0.506489
vn 0.795951 -0.331560 0.506489
vn 0.795951 -0.331560 0.506489
vn 0.795951 -0.331560 0.506489
vn 0.481682 0.056404 -0.874529
vn 0.494041 0.033461 -0.868795
vn 0.494041 0.033461 -0.868795
vn 0.494041 0.033461 -0.868795
vn 0.506048 0.010494 -0.862441
vn 0.494041 0.033461 -0.868795
vn -0.752366 -0.598875 -0.274399
vn -0.752366 -0.598875 -0.274399
vn -0.752366 -0.598875 -0.274399
vn -0.752366 -0.598875 -0.274399
vn -0.542064 -0.251159 0.801926
vn -0.542064 -0.251159 0.801926
vn -0.542064 -0.251159 0.801926
vn -0.542064 -0.251159 0.801926
vn 0.716867 0.017727 -0.696985
vn 0.742943 0.053841 -0.667186
vn 0.742943 0.053841 -0.667186
vn 0.742943 0.053841 -0.667186
vn 0.766885 0.089801 -0.635471
vn 0.742943 0.053841 -0.667186
vn -0.396607 -0.465385 -0.791277
vn -0.396607 -0.465385 -0.791277
vn -0.396607 -0.465385 -0.791277
vn -0.396607 -0.465385 -0.791277
vn 0.681196 -0.464779 0.565644
vn 0.681196 -0.464779 0.565644
vn 0.681196 -0.464779 0.565644
vn 0.681196 -0.464779 0.565644
vn -0.521543 -0.308410 0.795535
vn -0.521543 -0.308410 0.795535
vn -0.521543 -0.308410 0.795535
vn -0.521543 -0.308410 0.795535
vn 0.406587 -0.665465 -0.625974
vn 0.406587 -0.665465 -0.625974
vn 0.406587 -0.665465 -0.625974
vn 0.406587 -0.665465 -0.625974
vn 0.556448 -0.754583 0.347807
vn 0.556448 -0.754583 0.347807
vn 0.556448 -0.754583 0.347807
vn 0.556448 -0.754583 0.347807
vn 0.483688 -0.793697 -0.368905
vn 0.483688 -0.793697 -0.368905
vn 0.483688 -0.793697 -0.368905
vn 0.483688 -0.793697 -0.368905
vn 0.897355 -0.361576 -0.253016
vn 0.897355 -0.361576 -0.253016
vn 0.897355 -0.361576 -0.253016
vn 0.897355 -0.361576 -0.253016
vn 0.526606 -0.721820 -0.449069
vn 0.526606 -0.721820 -0.449069
vn 0.526606 -0.721820 -0.449069
vn 0.526606 -0.721820 -0.449069
vn 0.630892 0.698599 -0.337541
vn 0.630892 0.698599 -0.337541
vn 0.630892 0.698599 -0.337541
vn 0.630892 0.698599 -0.337541
vn -0.629492 0.700527 -0.336158
vn -0.544928 0.785654 -0.292918
vn -0.544928 0.785654 -0.292918
vn -0.544928 0.785654 -0.292918
vn -0.451499 0.858001 -0.244913
vn -0.544928 0.785654 -0.292918
vn -0.475426 0.867949 -0.143649
vn -0.579886 0.808509 -0.100233
vn -0.579886 0.808509 -0.100233
vn -0.579886 0.808509 -0.100233
vn -0.674876 0.735865 -0.055180
vn -0.579886 0.808509 -0.100233
vn 0.119177 -0.719401 -0.684295
vn 0.119177 -0.719401 -0.684295
vn 0.119177 -0.719401 -0.684295
vn 0.119177 -0.719401 -0.684295
vn 0.184172 0.690386 -0.699605
vn 0.184172 0.690386 -0.699605
vn 0.184172 0.690386 -0.699605
vn 0.184172 0.690386 -0.699605
vn -0.724390 -0.630461 0.278889
vn -0.537625 -0.729510 0.422817
vn -0.537625 -0.729510 0.422817
vn -0.537625 -0.729510 0.422817
vn -0.315696 -0.780844 0.539090
vn -0.537625 -0.729510 0.422817
vn -0.487976 -0.732081 -0.475328
vn -0.487976 -0.732081 -0.475328
vn -0.487976 -0.732081 -0.475328
vn -0.487976 -0.732081 -0.475328
vn 0.759064 -0.632035 -0.156059
vn 0.759064 -0.632035 -0.156059
vn 0.759064 -0.632035 -0.156059
vn 0.759064 -0.632035 -0.156059
vn 0.868029 -0.302878 -0.393434
vn 0.868029 -0.302878 -0.393434
vn 0.868029 -0.302878 -0.393434
vn 0.868029 -0.302878 -0.393434
vn -0.479281 0.840270 -0.253449
vn -0.479281 0.840270 -0.253449
vn -0.479281 0.840270 -0.253449
vn -0.479281 0.840270 -0.253449
vn 0.003865 -0.670653 -0.741761
vn 0.003865 -0.670653 -0.741761
vn 0.003865 -0.670653 -0.741761
vn 0.003865 -0.670653 -0.741761
vn 0.650367 0.437418 -0.621038
vn 0.650367 0.437418 -0.621038
vn 0.650367 0.437418 -0.621038
vn 0.650367 0.437418 -0.621038
vn -0.579856 -0.449554 -0.679462
vn -0.579856 -0.449554 -0.679462
vn -0.579856 -0.449554 -0.679462
vn -0.579856 -0.449554 -0.679462
vn -0.088862 0.545099 0.833649
vn -0.088862 0.545099 0.833649
vn -0.088862 0.545099 0.833649
vn -0.088862 0.545099 0.833649
vn 0.001090 0.884002 0.467482
vn 0.001090 0.884002 0.467482
vn 0.001090 0.884002 0.467482
vn 0.001090 0.884002 0.467482
vn -0.240878 -0.651521 -0.719373
vn -0.240878 -0.651521 -0.719373
vn -0.240878 -0.651521 -0.719373
vn -0.240878 -0.651521 -0.719373
vn -0.438376 0.689525 0.576526
vn -0.438376 0.689525 0.576526
vn -0.438376 0.689525 0.576526
vn -0.438376 0.689525 0.576526
vn 0.334769 -0.716041 -0.612548
vn 0.334769 -0.716041 -0.612548
vn 0.334769 -0.716041 -0.612548
vn 0.334769 -0.716041 -0.612548
vn 0.593662 -0.696329 -0.403349
vn 0.593662 -0.696329 -0.403349
vn 0.593662 -0.696329 -0.403349
vn 0.593662 -0.696329 -0.403349
vn 0.932652 -0.205451 0.296563
vn 0.932652 -0.205451 0.296563
vn 0.932652 -0.205451 0.296563
vn 0.932652 -0.205451 0.296563
vn 0.658632 -0.558453 -0.504315
vn 0.658632 -0.558453 -0.504315
vn 0.658632 -0.558453 -0.504315
vn 0.658632 -0.558453 -0.504315
vn -0.230299 -0.552474 -0.801084
vn -0.230299 -0.552474 -0.801084
vn -0.230299 -0.552474 -0.801084
vn -0.230299 -0.552474 -0.801084
vn 0.544876 0.241037 0.803126
vn 0.510092 0.165068 0.844132
vn 0.510092 0.165068 0.844132
vn 0.510092 0.165068 0.844132
vn 0.470889 0.087669 0.877826
vn 0.510092 0.165068 0.844132
vn 0.483859 -0.836205 0.258149
vn 0.483859 -0.836205 0.258149
vn 0.483859 -0.836205 0.258149
vn 0.483859 -0.836205 0.258149
vn -0.230886 -0.834269 0.500686
vn -0.230886 -0.834269 0.500686
vn -0.230886 -0.834269 0.500686
vn -0.230886 -0.834269 0.500686
vn 0.302446 0.275714 0.912419
vn 0.303781 0.274732 0.912272
vn 0.303781 0.274732 0.912272
vn 0.303781 0.274732 0.912272
vn 0.305114 0.273749 0.912122
vn 0.303781 0.274732 0.912272
vn 0.186671 0.949285 -0.253008
vn 0.186671 0.949285 -0.253008
vn 0.186671 0.949285 -0.253008
vn 0.186671 0.949285 -0.253008
vn -0.848603 -0.417531 -0.324871
vn -0.848603 -0.417531 -0.324871
vn -0.848603 -0.417531 -0.324871
vn -0.848603 -0.417531 -0.324871
vn 0.445467 -0.418345 0.791547
vn 0.445467 -0.418345 0.791547
vn 0.445467 -0.418345 0.791547
vn 0.445467 -0.418345 0.791547
vn 0.235195 -0.766559 -0.597554
vn 0.235195 -0.766559 -0.597554
vn 0.235195 -0.766559 -0.597554
vn 0.235195 -0.766559 -0.597554
vn -0.699298 -0.664390 0.263759
vn -0.699298 -0.664390 0.263759
vn -0.699298 -0.664390 0.263759
vn -0.699298 -0.664390 0.263759
vn -0.595098 -0.336769 -0.729689
vn -0.595098 -0.336769 -0.729689
vn -0.595098 -0.336769 -0.729689
vn -0.595098 -0.336769 -0.729689
vn -0.520149 -0.738076 0.429755
vn -0.520149 -0.738076 0.429755
vn -0.520149 -0.738076 0.429755
vn -0.520149 -0.738076 0.429755
vn -0.571237 -0.594919 0.565473
vn -0.571237 -0.594919 0.565473
vn -0.571237 -0.594919 0.565473
vn -0.571237 -0.594919 0.565473
vn 0.513530 0.617531 -0.595770
vn 0.418988 0.717855 -0.555997
vn 0.418988 0.717855 -0.555997
vn 0.418988 0.717855 -0.555997
vn 0.315821 0.803402 -0.504780
vn 0.418988 0.717855 -0.555997
vn 0.587051 -0.329450 0.739482
vn 0.587051 -0.329450 0.739482
vn 0.587051 -0.329450 0.739482
vn 0.587051 -0.329450 0.739482
s off
g tree_04 group1 samor_4024_186
usemtl samor_4024_186SG
f 401/401/455 402/402/456 403/403/457
f 404/404/458 406/405/459 405/406/460
f 407/407/461 408/408/462 409/409/463
f 410/410/464 412/411/465 411/412/466
f 413/413/467 414/414/468 415/415/469
f 416/416/470 418/417/471 417/418/472
f 419/419/473 420/420/474 421/421/475
f 422/422/476 424/423/477 423/424/478
f 425/425/479 426/426/480 427/427/481
f 428/428/482 430/429/483 429/430/484
f 431/431/485 432/432/486 433/433/487
f 434/434/488 436/435/489 435/436/490
f 437/437/491 438/438/492 439/439/493
f 440/440/494 442/441/495 441/442/496
f 443/443/497 444/444/498 445/445/499
f 446/446/500 448/447/501 447/448/502
f 449/449/503 450/450/504 451/451/505
f 452/452/506 454/453/507 453/454/508
f 455/455/509 456/456/510 457/457/511
f 458/458/512 460/459/513 459/460/514
f 461/461/515 462/462/516 463/463/517
f 464/464/518 466/465/519 465/466/520
f 467/467/521 468/468/522 469/469/523
f 470/470/524 472/471/525 471/472/526
f 473/473/527 474/474/528 475/475/529
f 476/476/530 478/477/531 477/478/532
f 479/479/533 480/480/534 481/481/535
f 482/482/536 484/483/537 483/484/538
f 485/485/539 486/486/540 487/487/541
f 488/488/542 490/489/543 489/490/544
f 491/491/545 492/492/546 493/493/547
f 494/494/548 496/495/549 495/496/550
f 497/497/551 498/498/552 499/499/553
f 500/500/554 502/501/555 501/502/556
f 503/503/557 504/504/558 505/505/559
f 506/506/560 508/507/561 507/508/562
f 509/509/563 510/510/564 511/511/565
f 512/512/566 514/513/567 513/514/568
f 515/515/569 516/516/570 517/517/571
f 518/518/572 520/519/573 519/520/574
f 521/521/575 522/522/576 523/523/577
f 524/524/578 526/525/579 525/526/580
f 527/527/581 528/528/582 529/529/583
f 530/530/584 532/531/585 531/532/586
f 533/533/587 534/534/588 535/535/589
f 534/534/590 536/536/591 535/535/592
s 1
f 580/538/593 579/539/594 578/537/595
f 578/537/595 579/539/594 577/540/596
s 2
f 1396/542/597 1395/543/598 1394/541/599
f 1394/541/599 1395/543/598 1393/544/600
s off
f 545/545/601 546/546/602 547/547/603
f 546/546/604 548/548/605 547/547/606
s 3
f 828/550/607 827/551/608 826/549/609
f 826/549/609 827/551/608 825/552/610
s 4
f 998/553/611 1000/554/612 997/556/613
f 997/556/613 1000/554/612 999/555/614
s 5
f 1782/557/615 1784/558/616 1781/560/617
f 1781/560/617 1784/558/616 1783/559/618
s 6
f 676/562/619 675/563/620 674/561/621
f 674/561/621 675/563/620 673/564/622
s 7
f 1950/565/623 1952/566/624 1949/568/625
f 1949/568/625 1952/566/624 1951/567/626
s 8
f 1724/570/627 1723/571/628 1722/569/629
f 1722/569/629 1723/571/628 1721/572/630
s off
f 573/573/631 574/574/632 575/575/633
f 574/574/634 576/576/635 575/575/636
s 9
f 1804/578/637 1803/579/638 1802/577/639
f 1802/577/639 1803/579/638 1801/580/640
s 10
f 814/581/641 816/582/642 813/584/643
f 813/584/643 816/582/642 815/583/644
s 11
f 768/586/645 767/587/646 766/585/647
f 766/585/647 767/587/646 765/588/648
s 12
f 1548/590/649 1547/591/650 1546/589/651
f 1546/589/651 1547/591/650 1545/592/652
s 13
f 1682/593/653 1684/594/654 1681/596/655
f 1681/596/655 1684/594/654 1683/595/656
s 14
f 1542/597/657 1544/598/658 1541/600/659
f 1541/600/659 1544/598/658 1543/599/660
s 15
f 852/602/661 851/603/662 850/601/663
f 850/601/663 851/603/662 849/604/664
s 16
f 1510/605/665 1512/606/666 1509/608/667
f 1509/608/667 1512/606/666 1511/607/668
s 17
f 2002/609/669 2004/610/670 2001/612/671
f 2001/612/671 2004/610/670 2003/611/672
s off
f 613/613/673 614/614/674 615/615/675
f 614/614/676 616/616/677 615/615/678
s 18
f 1448/618/679 1447/619/680 1446/617/681
f 1446/617/681 1447/619/680 1445/620/682
s 19
f 786/621/683 788/622/684 785/624/685
f 785/624/685 788/622/684 787/623/686
s 20
f 1068/626/687 1067/627/688 1066/625/689
f 1066/625/689 1067/627/688 1065/628/690
s 21
f 1040/630/691 1039/631/692 1038/629/693
f 1038/629/693 1039/631/692 1037/632/694
s 22
f 906/633/695 908/634/696 905/636/697
f 905/636/697 908/634/696 907/635/698
s 23
f 1970/637/699 1972/638/700 1969/640/701
f 1969/640/701 1972/638/700 1971/639/702
s 24
f 624/642/703 623/643/704 622/641/705
f 622/641/705 623/643/704 621/644/706
s 25
f 922/645/707 924/646/708 921/648/709
f 921/648/709 924/646/708 923/647/710
s 26
f 612/650/711 611/651/712 610/649/713
f 610/649/713 611/651/712 609/652/714
s off
f 653/653/715 654/654/716 655/655/717
f 654/654/718 656/656/719 655/655/720
s 27
f 1034/657/721 1036/658/722 1033/660/723
f 1033/660/723 1036/658/722 1035/659/724
s 28
f 958/661/725 960/662/726 957/664/727
f 957/664/727 960/662/726 959/663/728
s off
f 665/665/729 666/666/730 667/667/731
f 666/666/732 668/668/733 667/667/734
f 669/669/735 670/670/736 671/671/737
f 670/670/738 672/672/739 671/671/740
s 29
f 718/673/741 720/674/742 717/676/743
f 717/676/743 720/674/742 719/675/744
s 30
f 812/678/745 811/679/746 810/677/747
f 810/677/747 811/679/746 809/680/748
s off
f 681/681/749 682/682/750 683/683/751
f 682/682/752 684/684/753 683/683/754
s 31
f 692/686/755 691/687/756 690/685/757
f 690/685/757 691/687/756 689/688/758
s 32
f 732/690/759 731/691/760 730/689/761
f 730/689/761 731/691/760 729/692/762
s 33
f 558/693/763 560/694/764 557/696/765
f 557/696/765 560/694/764 559/695/766
s 34
f 572/698/767 571/699/768 570/697/769
f 570/697/769 571/699/768 569/700/770
s 35
f 1366/701/771 1368/702/772 1365/704/773
f 1365/704/773 1368/702/772 1367/703/774
s 36
f 2012/706/775 2011/707/776 2010/705/777
f 2010/705/777 2011/707/776 2009/708/778
s off
f 709/709/779 710/710/780 711/711/781
f 710/710/782 712/712/783 711/711/784
s 37
f 948/714/785 947/715/786 946/713/787
f 946/713/787 947/715/786 945/716/788
s 38
f 854/717/789 856/718/790 853/720/791
f 853/720/791 856/718/790 855/719/792
s 39
f 1462/721/793 1464/722/794 1461/724/795
f 1461/724/795 1464/722/794 1463/723/796
s 40
f 1372/726/797 1371/727/798 1370/725/799
f 1370/725/799 1371/727/798 1369/728/800
s 41
f 1480/730/801 1479/731/802 1478/729/803
f 1478/729/803 1479/731/802 1477/732/804
s 42
f 1832/734/805 1831/735/806 1830/733/807
f 1830/733/807 1831/735/806 1829/736/808
s 43
f 2000/738/809 1999/739/810 1998/737/811
f 1998/737/811 1999/739/810 1997/740/812
s 44
f 1928/742/813 1927/743/814 1926/741/815
f 1926/741/815 1927/743/814 1925/744/816
s 45
f 1902/745/817 1904/746/818 1901/748/819
f 1901/748/819 1904/746/818 1903/747/820
s off
f 749/749/821 750/750/822 751/751/823
f 750/750/824 752/752/825 751/751/826
s 46
f 1728/754/827 1727/755/828 1726/753/829
f 1726/753/829 1727/755/828 1725/756/830
s 47
f 1166/757/831 1168/758/832 1165/760/833
f 1165/760/833 1168/758/832 1167/759/834
s off
f 761/761/835 762/762/836 763/763/837
f 762/762/838 764/764/839 763/763/840
s 48
f 1686/765/841 1688/766/842 1685/768/843
f 1685/768/843 1688/766/842 1687/767/844
s 49
f 972/770/845 971/771/846 970/769/847
f 970/769/847 971/771/846 969/772/848
s 50
f 1220/774/849 1219/775/850 1218/773/851
f 1218/773/851 1219/775/850 1217/776/852
s 51
f 1524/778/853 1523/779/854 1522/777/855
f 1522/777/855 1523/779/854 1521/780/856
s 52
f 646/781/857 648/782/858 645/784/859
f 645/784/859 648/782/858 647/783/860
s 53
f 2008/786/861 2007/787/862 2006/785/863
f 2006/785/863 2007/787/862 2005/788/864
s off
f 789/789/865 790/790/866 791/791/867
f 790/790/868 792/792/869 791/791/870
s 54
f 1476/794/871 1475/795/872 1474/793/873
f 1474/793/873 1475/795/872 1473/796/874
s 55
f 1208/798/875 1207/799/876 1206/797/877
f 1206/797/877 1207/799/876 1205/800/878
s off
f 801/801/879 802/802/880 803/803/881
f 802/802/882 804/804/883 803/803/884
f 805/805/885 806/806/886 807/807/887
f 806/806/888 808/808/889 807/807/890
s 56
f 1534/809/891 1536/810/892 1533/812/893
f 1533/812/893 1536/810/892 1535/811/894
s 57
f 678/813/895 680/814/896 677/816/897
f 677/816/897 680/814/896 679/815/898
s off
f 817/817/899 818/818/900 819/819/901
f 818/818/902 820/820/903 819/819/904
s 58
f 966/821/905 968/822/906 965/824/907
f 965/824/907 968/822/906 967/823/908
s 59
f 664/826/909 663/827/910 662/825/911
f 662/825/911 663/827/910 661/828/912
s 60
f 1238/829/913 1240/830/914 1237/832/915
f 1237/832/915 1240/830/914 1239/831/916
s 61
f 700/834/917 699/835/918 698/833/919
f 698/833/919 699/835/918 697/836/920
s 62
f 1616/838/921 1615/839/922 1614/837/923
f 1614/837/923 1615/839/922 1613/840/924
s 63
f 912/842/925 911/843/926 910/841/927
f 910/841/927 911/843/926 909/844/928
s off
f 845/845/929 846/846/930 847/847/931
f 846/846/932 848/848/933 847/847/934
s 64
f 1450/849/935 1452/850/936 1449/852/937
f 1449/852/937 1452/850/936 1451/851/938
s 65
f 1700/854/939 1699/855/940 1698/853/941
f 1698/853/941 1699/855/940 1697/856/942
s 66
f 1412/858/943 1411/859/944 1410/857/945
f 1410/857/945 1411/859/944 1409/860/946
s 67
f 1792/862/947 1791/863/948 1790/861/949
f 1790/861/949 1791/863/948 1789/864/950
s 68
f 1028/866/951 1027/867/952 1026/865/953
f 1026/865/953 1027/867/952 1025/868/954
s 69
f 880/870/955 879/871/956 878/869/957
f 878/869/957 879/871/956 877/872/958
s 70
f 708/874/959 707/875/960 706/873/961
f 706/873/961 707/875/960 705/876/962
s 71
f 1100/878/963 1099/879/964 1098/877/965
f 1098/877/965 1099/879/964 1097/880/966
s 72
f 1868/882/967 1867/883/968 1866/881/969
f 1866/881/969 1867/883/968 1865/884/970
s off
f 885/885/971 886/886/972 887/887/973
f 886/886/974 888/888/975 887/887/976
s 73
f 894/889/977 896/890/978 893/892/979
f 893/892/979 896/890/978 895/891/980
s 74
f 868/894/981 867/895/982 866/893/983
f 866/893/983 867/895/982 865/896/984
s 75
f 626/897/985 628/898/986 625/900/987
f 625/900/987 628/898/986 627/899/988
s 76
f 1436/902/989 1435/903/990 1434/901/991
f 1434/901/991 1435/903/990 1433/904/992
s 77
f 770/905/993 772/906/994 769/908/995
f 769/908/995 772/906/994 771/907/996
s 78
f 1010/909/997 1012/910/998 1009/912/999
f 1009/912/999 1012/910/998 1011/911/1000
s 79
f 858/913/1001 860/914/1002 857/916/1003
f 857/916/1003 860/914/1002 859/915/1004
s 80
f 1194/917/1005 1196/918/1006 1193/920/1007
f 1193/920/1007 1196/918/1006 1195/919/1008
s 81
f 650/921/1009 652/922/1010 649/924/1011
f 649/924/1011 652/922/1010 651/923/1012
s off
f 925/925/1013 926/926/1014 927/927/1015
f 926/926/1016 928/928/1017 927/927/1018
s 82
f 898/929/1019 900/930/1020 897/932/1021
f 897/932/1021 900/930/1020 899/931/1022
s 83
f 1574/933/1023 1576/934/1024 1573/936/1025
f 1573/936/1025 1576/934/1024 1575/935/1026
s off
f 937/937/1027 938/938/1028 939/939/1029
f 938/938/1030 940/940/1031 939/939/1032
f 941/941/1033 942/942/1034 943/943/1035
f 942/942/1036 944/944/1037 943/943/1038
s 84
f 990/945/1039 992/946/1040 989/948/1041
f 989/948/1041 992/946/1040 991/947/1042
s 85
f 1154/949/1043 1156/950/1044 1153/952/1045
f 1153/952/1045 1156/950/1044 1155/951/1046
s off
f 953/953/1047 954/954/1048 955/955/1049
f 954/954/1050 956/956/1051 955/955/1052
s 86
f 1230/957/1053 1232/958/1054 1229/960/1055
f 1229/960/1055 1232/958/1054 1231/959/1056
s 87
f 1508/962/1057 1507/963/1058 1506/961/1059
f 1506/961/1059 1507/963/1058 1505/964/1060
s 88
f 1300/966/1061 1299/967/1062 1298/965/1063
f 1298/965/1063 1299/967/1062 1297/968/1064
s 89
f 1554/969/1065 1556/970/1066 1553/972/1067
f 1553/972/1067 1556/970/1066 1555/971/1068
s 90
f 822/973/1069 824/974/1070 821/976/1071
f 821/976/1071 824/974/1070 823/975/1072
s 91
f 1282/977/1073 1284/978/1074 1281/980/1075
f 1281/980/1075 1284/978/1074 1283/979/1076
s off
f 981/981/1077 982/982/1078 983/983/1079
f 982/982/1080 984/984/1081 983/983/1082
s 92
f 1178/985/1083 1180/986/1084 1177/988/1085
f 1177/988/1085 1180/986/1084 1179/987/1086
s 93
f 1314/989/1087 1316/990/1088 1313/992/1089
f 1313/992/1089 1316/990/1088 1315/991/1090
s 94
f 1874/993/1091 1876/994/1092 1873/996/1093
f 1873/996/1093 1876/994/1092 1875/995/1094
s 95
f 870/997/1095 872/998/1096 869/1000/1097
f 869/1000/1097 872/998/1096 871/999/1098
s 96
f 1856/1002/1099 1855/1003/1100 1854/1001/1101
f 1854/1001/1101 1855/1003/1100 1853/1004/1102
s 97
f 1102/1005/1103 1104/1006/1104 1101/1008/1105
f 1101/1008/1105 1104/1006/1104 1103/1007/1106
s 98
f 1046/1009/1107 1048/1010/1108 1045/1012/1109
f 1045/1012/1109 1048/1010/1108 1047/1011/1110
s 99
f 1384/1014/1111 1383/1015/1112 1382/1013/1113
f 1382/1013/1113 1383/1015/1112 1381/1016/1114
s 100
f 980/1018/1115 979/1019/1116 978/1017/1117
f 978/1017/1117 979/1019/1116 977/1020/1118
s off
f 1021/1021/1119 1022/1022/1120 1023/1023/1121
f 1022/1022/1122 1024/1024/1123 1023/1023/1124
s 101
f 1710/1025/1125 1712/1026/1126 1709/1028/1127
f 1709/1028/1127 1712/1026/1126 1711/1027/1128
s 102
f 632/1030/1129 631/1031/1130 630/1029/1131
f 630/1029/1131 631/1031/1130 629/1032/1132
s 103
f 932/1034/1133 931/1035/1134 930/1033/1135
f 930/1033/1135 931/1035/1134 929/1036/1136
s 104
f 1592/1038/1137 1591/1039/1138 1590/1037/1139
f 1590/1037/1139 1591/1039/1138 1589/1040/1140
s 105
f 1182/1041/1141 1184/1042/1142 1181/1044/1143
f 1181/1044/1143 1184/1042/1142 1183/1043/1144
s 106
f 1962/1045/1145 1964/1046/1146 1961/1048/1147
f 1961/1048/1147 1964/1046/1146 1963/1047/1148
s 107
f 1138/1049/1149 1140/1050/1150 1137/1052/1151
f 1137/1052/1151 1140/1050/1150 1139/1051/1152
s 108
f 1052/1054/1153 1051/1055/1154 1050/1053/1155
f 1050/1053/1155 1051/1055/1154 1049/1056/1156
s 109
f 1810/1057/1157 1812/1058/1158 1809/1060/1159
f 1809/1060/1159 1812/1058/1158 1811/1059/1160
s off
f 1061/1061/1161 1062/1062/1162 1063/1063/1163
f 1062/1062/1164 1064/1064/1165 1063/1063/1166
s 110
f 1170/1065/1167 1172/1066/1168 1169/1068/1169
f 1169/1068/1169 1172/1066/1168 1171/1067/1170
s 111
f 550/1069/1171 552/1070/1172 549/1072/1173
f 549/1072/1173 552/1070/1172 551/1071/1174
s off
f 1073/1073/1175 1074/1074/1176 1075/1075/1177
f 1074/1074/1178 1076/1076/1179 1075/1075/1180
f 1077/1077/1181 1078/1078/1182 1079/1079/1183
f 1078/1078/1184 1080/1080/1185 1079/1079/1186
s 112
f 1532/1082/1187 1531/1083/1188 1530/1081/1189
f 1530/1081/1189 1531/1083/1188 1529/1084/1190
s 113
f 1564/1086/1191 1563/1087/1192 1562/1085/1193
f 1562/1085/1193 1563/1087/1192 1561/1088/1194
s off
f 1089/1089/1195 1090/1090/1196 1091/1091/1197
f 1090/1090/1198 1092/1092/1199 1091/1091/1200
s 114
f 1910/1093/1201 1912/1094/1202 1909/1096/1203
f 1909/1096/1203 1912/1094/1202 1911/1095/1204
s 115
f 862/1097/1205 864/1098/1206 861/1100/1207
f 861/1100/1207 864/1098/1206 863/1099/1208
s 116
f 1696/1102/1209 1695/1103/1210 1694/1101/1211
f 1694/1101/1211 1695/1103/1210 1693/1104/1212
s 117
f 1454/1105/1213 1456/1106/1214 1453/1108/1215
f 1453/1108/1215 1456/1106/1214 1455/1107/1216
s 118
f 1520/1110/1217 1519/1111/1218 1518/1109/1219
f 1518/1109/1219 1519/1111/1218 1517/1112/1220
s 119
f 1932/1114/1221 1931/1115/1222 1930/1113/1223
f 1930/1113/1223 1931/1115/1222 1929/1116/1224
s off
f 1117/1117/1225 1118/1118/1226 1119/1119/1227
f 1118/1118/1228 1120/1120/1229 1119/1119/1230
s 120
f 1492/1122/1231 1491/1123/1232 1490/1121/1233
f 1490/1121/1233 1491/1123/1232 1489/1124/1234
s 121
f 1806/1125/1235 1808/1126/1236 1805/1128/1237
f 1805/1128/1237 1808/1126/1236 1807/1127/1238
s 122
f 1322/1129/1239 1324/1130/1240 1321/1132/1241
f 1321/1132/1241 1324/1130/1240 1323/1131/1242
s 123
f 830/1133/1243 832/1134/1244 829/1136/1245
f 829/1136/1245 832/1134/1244 831/1135/1246
s 124
f 1330/1137/1247 1332/1138/1248 1329/1140/1249
f 1329/1140/1249 1332/1138/1248 1331/1139/1250
s 125
f 744/1142/1251 743/1143/1252 742/1141/1253
f 742/1141/1253 743/1143/1252 741/1144/1254
s 126
f 1668/1146/1255 1667/1147/1256 1666/1145/1257
f 1666/1145/1257 1667/1147/1256 1665/1148/1258
s 127
f 1984/1150/1259 1983/1151/1260 1982/1149/1261
f 1982/1149/1261 1983/1151/1260 1981/1152/1262
s 128
f 1126/1153/1263 1128/1154/1264 1125/1156/1265
f 1125/1156/1265 1128/1154/1264 1127/1155/1266
s off
f 1157/1157/1267 1158/1158/1268 1159/1159/1269
f 1158/1158/1270 1160/1160/1271 1159/1159/1272
s 129
f 904/1162/1273 903/1163/1274 902/1161/1275
f 902/1161/1275 903/1163/1274 901/1164/1276
s 130
f 1004/1166/1277 1003/1167/1278 1002/1165/1279
f 1002/1165/1279 1003/1167/1278 1001/1168/1280
s 131
f 1636/1170/1281 1635/1171/1282 1634/1169/1283
f 1634/1169/1283 1635/1171/1282 1633/1172/1284
s 132
f 758/1173/1285 760/1174/1286 757/1176/1287
f 757/1176/1287 760/1174/1286 759/1175/1288
s 133
f 1428/1178/1289 1427/1179/1290 1426/1177/1291
f 1426/1177/1291 1427/1179/1290 1425/1180/1292
s 134
f 602/1181/1293 604/1182/1294 601/1184/1295
f 601/1184/1295 604/1182/1294 603/1183/1296
s 135
f 540/1186/1297 539/1187/1298 538/1185/1299
f 538/1185/1299 539/1187/1298 537/1188/1300
s 136
f 1320/1190/1301 1319/1191/1302 1318/1189/1303
f 1318/1189/1303 1319/1191/1302 1317/1192/1304
s 137
f 642/1193/1305 644/1194/1306 641/1196/1307
f 641/1196/1307 644/1194/1306 643/1195/1308
s off
f 1197/1197/1309 1198/1198/1310 1199/1199/1311
f 1198/1198/1312 1200/1200/1313 1199/1199/1314
s 138
f 1674/1201/1315 1676/1202/1316 1673/1204/1317
f 1673/1204/1317 1676/1202/1316 1675/1203/1318
s 139
f 1094/1205/1319 1096/1206/1320 1093/1208/1321
f 1093/1208/1321 1096/1206/1320 1095/1207/1322
s off
f 1209/1209/1323 1210/1210/1324 1211/1211/1325
f 1210/1210/1326 1212/1212/1327 1211/1211/1328
f 1213/1213/1329 1214/1214/1330 1215/1215/1331
f 1214/1214/1332 1216/1216/1333 1215/1215/1334
s 140
f 1980/1218/1335 1979/1219/1336 1978/1217/1337
f 1978/1217/1337 1979/1219/1336 1977/1220/1338
s 141
f 1924/1222/1339 1923/1223/1340 1922/1221/1341
f 1922/1221/1341 1923/1223/1340 1921/1224/1342
s off
f 1225/1225/1343 1226/1226/1344 1227/1227/1345
f 1226/1226/1346 1228/1228/1347 1227/1227/1348
s 142
f 840/1230/1349 839/1231/1350 838/1229/1351
f 838/1229/1351 839/1231/1350 837/1232/1352
s 143
f 1270/1233/1353 1272/1234/1354 1269/1236/1355
f 1269/1236/1355 1272/1234/1354 1271/1235/1356
s 144
f 590/1237/1357 592/1238/1358 589/1240/1359
f 589/1240/1359 592/1238/1358 591/1239/1360
s 145
f 1124/1242/1361 1123/1243/1362 1122/1241/1363
f 1122/1241/1363 1123/1243/1362 1121/1244/1364
s 146
f 598/1245/1365 600/1246/1366 597/1248/1367
f 597/1248/1367 600/1246/1366 599/1247/1368
s 147
f 1826/1249/1369 1828/1250/1370 1825/1252/1371
f 1825/1252/1371 1828/1250/1370 1827/1251/1372
s off
f 1253/1253/1373 1254/1254/1374 1255/1255/1375
f 1254/1254/1376 1256/1256/1377 1255/1255/1378
s 148
f 1398/1257/1379 1400/1258/1380 1397/1260/1381
f 1397/1260/1381 1400/1258/1380 1399/1259/1382
s 149
f 774/1261/1383 776/1262/1384 773/1264/1385
f 773/1264/1385 776/1262/1384 775/1263/1386
s 150
f 1732/1266/1387 1731/1267/1388 1730/1265/1389
f 1730/1265/1389 1731/1267/1388 1729/1268/1390
s 151
f 1374/1269/1391 1376/1270/1392 1373/1272/1393
f 1373/1272/1393 1376/1270/1392 1375/1271/1394
s 152
f 1638/1273/1395 1640/1274/1396 1637/1276/1397
f 1637/1276/1397 1640/1274/1396 1639/1275/1398
s 153
f 1822/1277/1399 1824/1278/1400 1821/1280/1401
f 1821/1280/1401 1824/1278/1400 1823/1279/1402
s 154
f 1994/1281/1403 1996/1282/1404 1993/1284/1405
f 1993/1284/1405 1996/1282/1404 1995/1283/1406
s 155
f 1560/1286/1407 1559/1287/1408 1558/1285/1409
f 1558/1285/1409 1559/1287/1408 1557/1288/1410
s 156
f 1788/1290/1411 1787/1291/1412 1786/1289/1413
f 1786/1289/1413 1787/1291/1412 1785/1292/1414
s off
f 1293/1293/1415 1294/1294/1416 1295/1295/1417
f 1294/1294/1418 1296/1296/1419 1295/1295/1420
s 157
f 1774/1297/1421 1776/1298/1422 1773/1300/1423
f 1773/1300/1423 1776/1298/1422 1775/1299/1424
s 158
f 1752/1302/1425 1751/1303/1426 1750/1301/1427
f 1750/1301/1427 1751/1303/1426 1749/1304/1428
s 159
f 1578/1305/1429 1580/1306/1430 1577/1308/1431
f 1577/1308/1431 1580/1306/1430 1579/1307/1432
s 160
f 1864/1310/1433 1863/1311/1434 1862/1309/1435
f 1862/1309/1435 1863/1311/1434 1861/1312/1436
s 161
f 1116/1314/1437 1115/1315/1438 1114/1313/1439
f 1114/1313/1439 1115/1315/1438 1113/1316/1440
s 162
f 1652/1318/1441 1651/1319/1442 1650/1317/1443
f 1650/1317/1443 1651/1319/1442 1649/1320/1444
s 163
f 724/1322/1445 723/1323/1446 722/1321/1447
f 722/1321/1447 723/1323/1446 721/1324/1448
s 164
f 1054/1325/1449 1056/1326/1450 1053/1328/1451
f 1053/1328/1451 1056/1326/1450 1055/1327/1452
s 165
f 916/1330/1453 915/1331/1454 914/1329/1455
f 914/1329/1455 915/1331/1454 913/1332/1456
s off
f 1333/1333/1457 1334/1334/1458 1335/1335/1459
f 1334/1334/1460 1336/1336/1461 1335/1335/1462
s 166
f 1884/1338/1463 1883/1339/1464 1882/1337/1465
f 1882/1337/1465 1883/1339/1464 1881/1340/1466
s 167
f 936/1342/1467 935/1343/1468 934/1341/1469
f 934/1341/1469 935/1343/1468 933/1344/1470
s off
f 1345/1345/1471 1346/1346/1472 1347/1347/1473
f 1346/1346/1474 1348/1348/1475 1347/1347/1476
f 1349/1349/1477 1350/1350/1478 1351/1351/1479
f 1350/1350/1480 1352/1352/1481 1351/1351/1482
s 168
f 1940/1354/1483 1939/1355/1484 1938/1353/1485
f 1938/1353/1485 1939/1355/1484 1937/1356/1486
s 169
f 1870/1357/1487 1872/1358/1488 1869/1360/1489
f 1869/1360/1489 1872/1358/1488 1871/1359/1490
s off
f 1361/1361/1491 1362/1362/1492 1363/1363/1493
f 1362/1362/1494 1364/1364/1495 1363/1363/1496
s 170
f 964/1366/1497 963/1367/1498 962/1365/1499
f 962/1365/1499 963/1367/1498 961/1368/1500
s 171
f 1916/1370/1501 1915/1371/1502 1914/1369/1503
f 1914/1369/1503 1915/1371/1502 1913/1372/1504
s 172
f 1406/1373/1505 1408/1374/1506 1405/1376/1507
f 1405/1376/1507 1408/1374/1506 1407/1375/1508
s 173
f 1516/1378/1509 1515/1379/1510 1514/1377/1511
f 1514/1377/1511 1515/1379/1510 1513/1380/1512
s 174
f 1550/1381/1513 1552/1382/1514 1549/1384/1515
f 1549/1384/1515 1552/1382/1514 1551/1383/1516
s 175
f 1796/1386/1517 1795/1387/1518 1794/1385/1519
f 1794/1385/1519 1795/1387/1518 1793/1388/1520
s off
f 1389/1389/1521 1390/1390/1522 1391/1391/1523
f 1390/1390/1524 1392/1392/1525 1391/1391/1526
s 176
f 1402/1393/1527 1404/1394/1528 1401/1396/1529
f 1401/1396/1529 1404/1394/1528 1403/1395/1530
s 177
f 950/1397/1531 952/1398/1532 949/1400/1533
f 949/1400/1533 952/1398/1532 951/1399/1534
s 178
f 1084/1402/1535 1083/1403/1536 1082/1401/1537
f 1082/1401/1537 1083/1403/1536 1081/1404/1538
s 179
f 1248/1406/1539 1247/1407/1540 1246/1405/1541
f 1246/1405/1541 1247/1407/1540 1245/1408/1542
s 180
f 1268/1410/1543 1267/1411/1544 1266/1409/1545
f 1266/1409/1545 1267/1411/1544 1265/1412/1546
s 181
f 608/1414/1547 607/1415/1548 606/1413/1549
f 606/1413/1549 607/1415/1548 605/1416/1550
s 182
f 1858/1417/1551 1860/1418/1552 1857/1420/1553
f 1857/1420/1553 1860/1418/1552 1859/1419/1554
s 183
f 620/1422/1555 619/1423/1556 618/1421/1557
f 618/1421/1557 619/1423/1556 617/1424/1558
s 184
f 716/1426/1559 715/1427/1560 714/1425/1561
f 714/1425/1561 715/1427/1560 713/1428/1562
s off
f 1429/1429/1563 1430/1430/1564 1431/1431/1565
f 1430/1430/1566 1432/1432/1567 1431/1431/1568
s 185
f 1438/1433/1569 1440/1434/1570 1437/1436/1571
f 1437/1436/1571 1440/1434/1570 1439/1435/1572
s 186
f 1176/1438/1573 1175/1439/1574 1174/1437/1575
f 1174/1437/1575 1175/1439/1574 1173/1440/1576
s 187
f 1708/1442/1577 1707/1443/1578 1706/1441/1579
f 1706/1441/1579 1707/1443/1578 1705/1444/1580
s 188
f 1678/1445/1581 1680/1446/1582 1677/1448/1583
f 1677/1448/1583 1680/1446/1582 1679/1447/1584
s 189
f 634/1449/1585 636/1450/1586 633/1452/1587
f 633/1452/1587 636/1450/1586 635/1451/1588
s 190
f 1260/1454/1589 1259/1455/1590 1258/1453/1591
f 1258/1453/1591 1259/1455/1590 1257/1456/1592
s 191
f 596/1458/1593 595/1459/1594 594/1457/1595
f 594/1457/1595 595/1459/1594 593/1460/1596
s 192
f 1596/1462/1597 1595/1463/1598 1594/1461/1599
f 1594/1461/1599 1595/1463/1598 1593/1464/1600
s 193
f 1356/1466/1601 1355/1467/1602 1354/1465/1603
f 1354/1465/1603 1355/1467/1602 1353/1468/1604
s off
f 1469/1469/1605 1470/1470/1606 1471/1471/1607
f 1470/1470/1608 1472/1472/1609 1471/1471/1610
s 194
f 1754/1473/1611 1756/1474/1612 1753/1476/1613
f 1753/1476/1613 1756/1474/1612 1755/1475/1614
s 195
f 800/1478/1615 799/1479/1616 798/1477/1617
f 798/1477/1617 799/1479/1616 797/1480/1618
s off
f 1481/1481/1619 1482/1482/1620 1483/1483/1621
f 1482/1482/1622 1484/1484/1623 1483/1483/1624
f 1485/1485/1625 1486/1486/1626 1487/1487/1627
f 1486/1486/1628 1488/1488/1629 1487/1487/1630
s 196
f 1188/1490/1631 1187/1491/1632 1186/1489/1633
f 1186/1489/1633 1187/1491/1632 1185/1492/1634
s 197
f 1466/1493/1635 1468/1494/1636 1465/1496/1637
f 1465/1496/1637 1468/1494/1636 1467/1495/1638
s off
f 1497/1497/1639 1498/1498/1640 1499/1499/1641
f 1498/1498/1642 1500/1500/1643 1499/1499/1644
s 198
f 1072/1502/1645 1071/1503/1646 1070/1501/1647
f 1070/1501/1647 1071/1503/1646 1069/1504/1648
s 199
f 568/1506/1649 567/1507/1650 566/1505/1651
f 566/1505/1651 567/1507/1650 565/1508/1652
s 200
f 1918/1509/1653 1920/1510/1654 1917/1512/1655
f 1917/1512/1655 1920/1510/1654 1919/1511/1656
s 201
f 1764/1514/1657 1763/1515/1658 1762/1513/1659
f 1762/1513/1659 1763/1515/1658 1761/1516/1660
s 202
f 1414/1517/1661 1416/1518/1662 1413/1520/1663
f 1413/1520/1663 1416/1518/1662 1415/1519/1664
s 203
f 1670/1521/1665 1672/1522/1666 1669/1524/1667
f 1669/1524/1667 1672/1522/1666 1671/1523/1668
s off
f 1525/1525/1669 1526/1526/1670 1527/1527/1671
f 1526/1526/1672 1528/1528/1673 1527/1527/1674
s 204
f 1244/1530/1675 1243/1531/1676 1242/1529/1677
f 1242/1529/1677 1243/1531/1676 1241/1532/1678
s 205
f 1108/1534/1679 1107/1535/1680 1106/1533/1681
f 1106/1533/1681 1107/1535/1680 1105/1536/1682
s 206
f 1192/1538/1683 1191/1539/1684 1190/1537/1685
f 1190/1537/1685 1191/1539/1684 1189/1540/1686
s 207
f 2024/1542/1687 2023/1543/1688 2022/1541/1689
f 2022/1541/1689 2023/1543/1688 2021/1544/1690
s 208
f 1236/1546/1691 1235/1547/1692 1234/1545/1693
f 1234/1545/1693 1235/1547/1692 1233/1548/1694
s 209
f 734/1549/1695 736/1550/1696 733/1552/1697
f 733/1552/1697 736/1550/1696 735/1551/1698
s 210
f 836/1554/1699 835/1555/1700 834/1553/1701
f 834/1553/1701 835/1555/1700 833/1556/1702
s 211
f 1152/1558/1703 1151/1559/1704 1150/1557/1705
f 1150/1557/1705 1151/1559/1704 1149/1560/1706
s 212
f 1494/1561/1707 1496/1562/1708 1493/1564/1709
f 1493/1564/1709 1496/1562/1708 1495/1563/1710
s off
f 1565/1565/1711 1566/1566/1712 1567/1567/1713
f 1566/1566/1714 1568/1568/1715 1567/1567/1716
s 213
f 1968/1570/1717 1967/1571/1718 1966/1569/1719
f 1966/1569/1719 1967/1571/1718 1965/1572/1720
s 214
f 976/1574/1721 975/1575/1722 974/1573/1723
f 974/1573/1723 975/1575/1722 973/1576/1724
s 215
f 1624/1578/1725 1623/1579/1726 1622/1577/1727
f 1622/1577/1727 1623/1579/1726 1621/1580/1728
s 216
f 1164/1582/1729 1163/1583/1730 1162/1581/1731
f 1162/1581/1731 1163/1583/1730 1161/1584/1732
s 217
f 988/1586/1733 987/1587/1734 986/1585/1735
f 986/1585/1735 987/1587/1734 985/1588/1736
s 218
f 1820/1590/1737 1819/1591/1738 1818/1589/1739
f 1818/1589/1739 1819/1591/1738 1817/1592/1740
s 219
f 1326/1593/1741 1328/1594/1742 1325/1596/1743
f 1325/1596/1743 1328/1594/1742 1327/1595/1744
s 220
f 1540/1598/1745 1539/1599/1746 1538/1597/1747
f 1538/1597/1747 1539/1599/1746 1537/1600/1748
s 221
f 782/1601/1749 784/1602/1750 781/1604/1751
f 781/1604/1751 784/1602/1750 783/1603/1752
s off
f 1605/1605/1753 1606/1606/1754 1607/1607/1755
f 1606/1606/1756 1608/1608/1757 1607/1607/1758
s 222
f 1204/1610/1759 1203/1611/1760 1202/1609/1761
f 1202/1609/1761 1203/1611/1760 1201/1612/1762
s 223
f 686/1613/1763 688/1614/1764 685/1616/1765
f 685/1616/1765 688/1614/1764 687/1615/1766
s off
f 1617/1617/1767 1618/1618/1768 1619/1619/1769
f 1618/1618/1770 1620/1620/1771 1619/1619/1772
s 224
f 1714/1621/1773 1716/1622/1774 1713/1624/1775
f 1713/1624/1775 1716/1622/1774 1715/1623/1776
s 225
f 1252/1626/1777 1251/1627/1778 1250/1625/1779
f 1250/1625/1779 1251/1627/1778 1249/1628/1780
s 226
f 1388/1630/1781 1387/1631/1782 1386/1629/1783
f 1386/1629/1783 1387/1631/1782 1385/1632/1784
s 227
f 1664/1634/1785 1663/1635/1786 1662/1633/1787
f 1662/1633/1787 1663/1635/1786 1661/1636/1788
s 228
f 1288/1638/1789 1287/1639/1790 1286/1637/1791
f 1286/1637/1791 1287/1639/1790 1285/1640/1792
s 229
f 1848/1642/1793 1847/1643/1794 1846/1641/1795
f 1846/1641/1795 1847/1643/1794 1845/1644/1796
s 230
f 588/1646/1797 587/1647/1798 586/1645/1799
f 586/1645/1799 587/1647/1798 585/1648/1800
s 231
f 1692/1650/1801 1691/1651/1802 1690/1649/1803
f 1690/1649/1803 1691/1651/1802 1689/1652/1804
s 232
f 556/1654/1805 555/1655/1806 554/1653/1807
f 554/1653/1807 555/1655/1806 553/1656/1808
s 233
f 640/1658/1809 639/1659/1810 638/1657/1811
f 638/1657/1811 639/1659/1810 637/1660/1812
s 234
f 1306/1661/1813 1308/1662/1814 1305/1664/1815
f 1305/1664/1815 1308/1662/1814 1307/1663/1816
s 235
f 1628/1666/1817 1627/1667/1818 1626/1665/1819
f 1626/1665/1819 1627/1667/1818 1625/1668/1820
s 236
f 1146/1669/1821 1148/1670/1822 1145/1672/1823
f 1145/1672/1823 1148/1670/1822 1147/1671/1824
s 237
f 796/1674/1825 795/1675/1826 794/1673/1827
f 794/1673/1827 795/1675/1826 793/1676/1828
s 238
f 884/1678/1829 883/1679/1830 882/1677/1831
f 882/1677/1831 883/1679/1830 881/1680/1832
s 239
f 1748/1682/1833 1747/1683/1834 1746/1681/1835
f 1746/1681/1835 1747/1683/1834 1745/1684/1836
s 240
f 748/1686/1837 747/1687/1838 746/1685/1839
f 746/1685/1839 747/1687/1838 745/1688/1840
s 241
f 1646/1689/1841 1648/1690/1842 1645/1692/1843
f 1645/1692/1843 1648/1690/1842 1647/1691/1844
s 242
f 1814/1693/1845 1816/1694/1846 1813/1696/1847
f 1813/1696/1847 1816/1694/1846 1815/1695/1848
s 243
f 1586/1697/1849 1588/1698/1850 1585/1700/1851
f 1585/1700/1851 1588/1698/1850 1587/1699/1852
s off
f 1701/1701/1853 1702/1702/1854 1703/1703/1855
f 1702/1702/1856 1704/1704/1857 1703/1703/1858
s 244
f 1936/1706/1859 1935/1707/1860 1934/1705/1861
f 1934/1705/1861 1935/1707/1860 1933/1708/1862
s 245
f 1302/1709/1863 1304/1710/1864 1301/1712/1865
f 1301/1712/1865 1304/1710/1864 1303/1711/1866
s 246
f 1442/1713/1867 1444/1714/1868 1441/1716/1869
f 1441/1716/1869 1444/1714/1868 1443/1715/1870
s 247
f 1644/1718/1871 1643/1719/1872 1642/1717/1873
f 1642/1717/1873 1643/1719/1872 1641/1720/1874
s 248
f 1630/1721/1875 1632/1722/1876 1629/1724/1877
f 1629/1724/1877 1632/1722/1876 1631/1723/1878
s 249
f 1958/1725/1879 1960/1726/1880 1957/1728/1881
f 1957/1728/1881 1960/1726/1880 1959/1727/1882
s 250
f 918/1729/1883 920/1730/1884 917/1732/1885
f 917/1732/1885 920/1730/1884 919/1731/1886
s 251
f 1358/1733/1887 1360/1734/1888 1357/1736/1889
f 1357/1736/1889 1360/1734/1888 1359/1735/1890
s 252
f 1130/1737/1891 1132/1738/1892 1129/1740/1893
f 1129/1740/1893 1132/1738/1892 1131/1739/1894
s off
f 1741/1741/1895 1742/1742/1896 1743/1743/1897
f 1742/1742/1898 1744/1744/1899 1743/1743/1900
s 253
f 892/1746/1901 891/1747/1902 890/1745/1903
f 890/1745/1903 891/1747/1902 889/1748/1904
s 254
f 1956/1750/1905 1955/1751/1906 1954/1749/1907
f 1954/1749/1907 1955/1751/1906 1953/1752/1908
s 255
f 660/1754/1909 659/1755/1910 658/1753/1911
f 658/1753/1911 659/1755/1910 657/1756/1912
s off
f 1757/1757/1913 1758/1758/1914 1759/1759/1915
f 1758/1758/1916 1760/1760/1917 1759/1759/1918
s 256
f 1222/1761/1919 1224/1762/1920 1221/1764/1921
f 1221/1764/1921 1224/1762/1920 1223/1763/1922
s 257
f 1086/1765/1923 1088/1766/1924 1085/1768/1925
f 1085/1768/1925 1088/1766/1924 1087/1767/1926
s off
f 1769/1769/1927 1770/1770/1928 1771/1771/1929
f 1770/1770/1930 1772/1772/1931 1771/1771/1932
s 258
f 1502/1773/1933 1504/1774/1934 1501/1776/1935
f 1501/1776/1935 1504/1774/1934 1503/1775/1936
s 259
f 704/1778/1937 703/1779/1938 702/1777/1939
f 702/1777/1939 703/1779/1938 701/1780/1940
s 260
f 1888/1782/1941 1887/1783/1942 1886/1781/1943
f 1886/1781/1943 1887/1783/1942 1885/1784/1944
s 261
f 1262/1785/1945 1264/1786/1946 1261/1788/1947
f 1261/1788/1947 1264/1786/1946 1263/1787/1948
s 262
f 1134/1789/1949 1136/1790/1950 1133/1792/1951
f 1133/1792/1951 1136/1790/1950 1135/1791/1952
s 263
f 1418/1793/1953 1420/1794/1954 1417/1796/1955
f 1417/1796/1955 1420/1794/1954 1419/1795/1956
s off
f 1797/1797/1957 1798/1798/1958 1799/1799/1959
f 1798/1798/1960 1800/1800/1961 1799/1799/1962
s 264
f 1292/1802/1963 1291/1803/1964 1290/1801/1965
f 1290/1801/1965 1291/1803/1964 1289/1804/1966
s 265
f 564/1806/1967 563/1807/1968 562/1805/1969
f 562/1805/1969 563/1807/1968 561/1808/1970
s 266
f 1598/1809/1971 1600/1810/1972 1597/1812/1973
f 1597/1812/1973 1600/1810/1972 1599/1811/1974
s 267
f 1016/1814/1975 1015/1815/1976 1014/1813/1977
f 1014/1813/1977 1015/1815/1976 1013/1816/1978
s 268
f 1312/1818/1979 1311/1819/1980 1310/1817/1981
f 1310/1817/1981 1311/1819/1980 1309/1820/1982
s 269
f 1844/1822/1983 1843/1823/1984 1842/1821/1985
f 1842/1821/1985 1843/1823/1984 1841/1824/1986
s 270
f 874/1825/1987 876/1826/1988 873/1828/1989
f 873/1828/1989 876/1826/1988 875/1827/1990
s 271
f 1112/1830/1991 1111/1831/1992 1110/1829/1993
f 1110/1829/1993 1111/1831/1992 1109/1832/1994
s 272
f 1032/1834/1995 1031/1835/1996 1030/1833/1997
f 1030/1833/1997 1031/1835/1996 1029/1836/1998
s off
f 1837/1837/1999 1838/1838/2000 1839/1839/2001
f 1838/1838/2002 1840/1840/2003 1839/1839/2004
s 273
f 1142/1841/2005 1144/1842/2006 1141/1844/2007
f 1141/1844/2007 1144/1842/2006 1143/1843/2008
s 274
f 2020/1846/2009 2019/1847/2010 2018/1845/2011
f 2018/1845/2011 2019/1847/2010 2017/1848/2012
s off
f 1849/1849/2013 1850/1850/2014 1851/1851/2015
f 1850/1850/2016 1852/1852/2017 1851/1851/2018
s 275
f 1460/1854/2019 1459/1855/2020 1458/1853/2021
f 1458/1853/2021 1459/1855/2020 1457/1856/2022
s 276
f 1018/1857/2023 1020/1858/2024 1017/1860/2025
f 1017/1860/2025 1020/1858/2024 1019/1859/2026
s 277
f 1992/1862/2027 1991/1863/2028 1990/1861/2029
f 1990/1861/2029 1991/1863/2028 1989/1864/2030
s 278
f 1572/1866/2031 1571/1867/2032 1570/1865/2033
f 1570/1865/2033 1571/1867/2032 1569/1868/2034
s 279
f 1942/1869/2035 1944/1870/2036 1941/1872/2037
f 1941/1872/2037 1944/1870/2036 1943/1871/2038
s 280
f 1602/1873/2039 1604/1874/2040 1601/1876/2041
f 1601/1876/2041 1604/1874/2040 1603/1875/2042
s 281
f 2014/1877/2043 2016/1878/2044 2013/1880/2045
f 2013/1880/2045 2016/1878/2044 2015/1879/2046
s 282
f 1612/1882/2047 1611/1883/2048 1610/1881/2049
f 1610/1881/2049 1611/1883/2048 1609/1884/2050
s 283
f 1656/1886/2051 1655/1887/2052 1654/1885/2053
f 1654/1885/2053 1655/1887/2052 1653/1888/2054
s off
f 1889/1889/2055 1890/1890/2056 1891/1891/2057
f 1890/1890/2058 1892/1892/2059 1891/1891/2060
f 1893/1893/2061 1894/1894/2062 1895/1895/2063
f 1894/1894/2064 1896/1896/2065 1895/1895/2066
s 284
f 1734/1897/2067 1736/1898/2068 1733/1900/2069
f 1733/1900/2069 1736/1898/2068 1735/1899/2070
s 285
f 1900/1902/2071 1899/1903/2072 1898/1901/2073
f 1898/1901/2073 1899/1903/2072 1897/1904/2074
s off
f 1905/1905/2075 1906/1906/2076 1907/1907/2077
f 1906/1906/2078 1908/1908/2079 1907/1907/2080
s 286
f 726/1909/2081 728/1910/2082 725/1912/2083
f 725/1912/2083 728/1910/2082 727/1911/2084
s 287
f 1780/1914/2085 1779/1915/2086 1778/1913/2087
f 1778/1913/2087 1779/1915/2086 1777/1916/2088
s 288
f 1274/1917/2089 1276/1918/2090 1273/1920/2091
f 1273/1920/2091 1276/1918/2090 1275/1919/2092
s 289
f 542/1921/2093 544/1922/2094 541/1924/2095
f 541/1924/2095 544/1922/2094 543/1923/2096
s 290
f 1424/1926/2097 1423/1927/2098 1422/1925/2099
f 1422/1925/2099 1423/1927/2098 1421/1928/2100
s 291
f 1042/1929/2101 1044/1930/2102 1041/1932/2103
f 1041/1932/2103 1044/1930/2102 1043/1931/2104
s 292
f 1878/1933/2105 1880/1934/2106 1877/1936/2107
f 1877/1936/2107 1880/1934/2106 1879/1935/2108
s 293
f 1380/1938/2109 1379/1939/2110 1378/1937/2111
f 1378/1937/2111 1379/1939/2110 1377/1940/2112
s 294
f 1766/1941/2113 1768/1942/2114 1765/1944/2115
f 1765/1944/2115 1768/1942/2114 1767/1943/2116
s 295
f 1658/1945/2117 1660/1946/2118 1657/1948/2119
f 1657/1948/2119 1660/1946/2118 1659/1947/2120
s 296
f 694/1949/2121 696/1950/2122 693/1952/2123
f 693/1952/2123 696/1950/2122 695/1951/2124
s 297
f 1720/1954/2125 1719/1955/2126 1718/1953/2127
f 1718/1953/2127 1719/1955/2126 1717/1956/2128
s 298
f 1584/1958/2129 1583/1959/2130 1582/1957/2131
f 1582/1957/2131 1583/1959/2130 1581/1960/2132
s 299
f 1948/1962/2133 1947/1963/2134 1946/1961/2135
f 1946/1961/2135 1947/1963/2134 1945/1964/2136
s 300
f 756/1966/2137 755/1967/2138 754/1965/2139
f 754/1965/2139 755/1967/2138 753/1968/2140
s 301
f 1836/1970/2141 1835/1971/2142 1834/1969/2143
f 1834/1969/2143 1835/1971/2142 1833/1972/2144
s off
f 1973/1973/2145 1974/1974/2146 1975/1975/2147
f 1974/1974/2148 1976/1976/2149 1975/1975/2150
s 302
f 582/1977/2151 584/1978/2152 581/1980/2153
f 581/1980/2153 584/1978/2152 583/1979/2154
s 303
f 1278/1981/2155 1280/1982/2156 1277/1984/2157
f 1277/1984/2157 1280/1982/2156 1279/1983/2158
s off
f 1985/1985/2159 1986/1986/2160 1987/1987/2161
f 1986/1986/2162 1988/1988/2163 1987/1987/2164
s 304
f 1344/1990/2165 1343/1991/2166 1342/1989/2167
f 1342/1989/2167 1343/1991/2166 1341/1992/2168
s 305
f 780/1994/2169 779/1995/2170 778/1993/2171
f 778/1993/2171 779/1995/2170 777/1996/2172
s 306
f 844/1998/2173 843/1999/2174 842/1997/2175
f 842/1997/2175 843/1999/2174 841/2000/2176
s 307
f 1738/2001/2177 1740/2002/2178 1737/2004/2179
f 1737/2004/2179 1740/2002/2178 1739/2003/2180
s 308
f 1058/2005/2181 1060/2006/2182 1057/2008/2183
f 1057/2008/2183 1060/2006/2182 1059/2007/2184
s 309
f 738/2009/2185 740/2010/2186 737/2012/2187
f 737/2012/2187 740/2010/2186 739/2011/2188
s 310
f 1340/2014/2189 1339/2015/2190 1338/2013/2191
f 1338/2013/2191 1339/2015/2190 1337/2016/2192
s 311
f 1006/2017/2193 1008/2018/2194 1005/2020/2195
f 1005/2020/2195 1008/2018/2194 1007/2019/2196
s off
f 2025/2021/2197 2026/2022/2198 2027/2023/2199
f 2026/2022/2200 2028/2024/2201 2027/2023/2202
s 312
f 996/2026/2203 995/2027/2204 994/2025/2205
f 994/2025/2205 995/2027/2204 993/2028/2206
