# This file uses centimeters as units for non-parametric coordinates.

mtllib cha_dog_body.mtl
g default
v 0.093465 -0.484488 -0.027082
v 0.078315 -0.484488 -0.046006
v 0.058808 -0.484488 -0.061938
v 0.037771 -0.484488 -0.072730
v 0.000106 -0.484488 -0.077287
v -0.037560 -0.484488 -0.072730
v -0.058597 -0.484488 -0.061938
v -0.078104 -0.484488 -0.046006
v -0.093254 -0.484488 -0.027082
v -0.101249 -0.484488 -0.007309
v -0.100155 -0.484488 0.011742
v -0.089670 -0.484488 0.028965
v -0.071407 -0.484488 0.043195
v -0.048483 -0.484488 0.052905
v 0.000106 -0.484488 0.056808
v 0.048694 -0.484488 0.052905
v 0.071618 -0.484488 0.043195
v 0.089881 -0.484488 0.028965
v 0.100366 -0.484488 0.011742
v 0.101460 -0.484488 -0.007309
v 0.155989 -0.472990 -0.036310
v 0.120183 -0.472990 -0.073123
v 0.082611 -0.472990 -0.105201
v 0.047267 -0.472990 -0.126637
v 0.000106 -0.472990 -0.135122
v -0.047056 -0.472990 -0.126637
v -0.082400 -0.472990 -0.105201
v -0.119972 -0.472990 -0.073123
v -0.155778 -0.472990 -0.036310
v -0.175864 -0.472990 -0.001552
v -0.172499 -0.472990 0.030252
v -0.145684 -0.472990 0.060746
v -0.105958 -0.472990 0.088674
v -0.060668 -0.472990 0.109184
v 0.000106 -0.472990 0.117620
v 0.060878 -0.472990 0.109184
v 0.106169 -0.472990 0.088674
v 0.145895 -0.472990 0.060746
v 0.172710 -0.472990 0.030252
v 0.176075 -0.472990 -0.001552
v 0.197194 -0.454141 -0.046305
v 0.150508 -0.454141 -0.096754
v 0.103502 -0.454141 -0.141784
v 0.059855 -0.454141 -0.171838
v 0.000106 -0.454141 -0.183739
v -0.059644 -0.454141 -0.171838
v -0.103291 -0.454141 -0.141784
v -0.150297 -0.454141 -0.096754
v -0.196983 -0.454141 -0.046305
v -0.219667 -0.454141 -0.000000
v -0.213424 -0.454141 0.044035
v -0.176702 -0.454141 0.086857
v -0.121382 -0.454141 0.128027
v -0.063699 -0.454141 0.158395
v 0.000106 -0.454141 0.169994
v 0.063910 -0.454141 0.158395
v 0.121593 -0.454141 0.128027
v 0.176913 -0.454141 0.086857
v 0.213635 -0.454141 0.044035
v 0.219878 -0.454141 -0.000000
v 0.228477 -0.428406 -0.057317
v 0.177651 -0.428406 -0.116778
v 0.126979 -0.428406 -0.169970
v 0.070903 -0.428406 -0.205137
v 0.000106 -0.428406 -0.218224
v -0.070692 -0.428406 -0.205137
v -0.126768 -0.428406 -0.169970
v -0.177440 -0.428406 -0.116778
v -0.228266 -0.428406 -0.057317
v -0.251324 -0.428406 0.000000
v -0.234088 -0.428406 0.057012
v -0.188184 -0.428406 0.111772
v -0.130009 -0.428406 0.163339
v -0.070692 -0.428406 0.200269
v 0.000106 -0.428406 0.214598
v 0.070903 -0.428406 0.200269
v 0.130220 -0.428406 0.163339
v 0.188395 -0.428406 0.111772
v 0.234299 -0.428406 0.057012
v 0.251535 -0.428406 0.000000
v 0.252520 -0.396419 -0.068585
v 0.201325 -0.396419 -0.134074
v 0.146887 -0.396419 -0.191154
v 0.079965 -0.396419 -0.227113
v 0.000106 -0.396419 -0.239791
v -0.079754 -0.396419 -0.227113
v -0.146676 -0.396419 -0.191154
v -0.201114 -0.396419 -0.134074
v -0.252309 -0.396419 -0.068585
v -0.276262 -0.396419 -0.000000
v -0.252309 -0.396419 0.068585
v -0.201187 -0.396419 0.132947
v -0.146676 -0.396419 0.190847
v -0.079754 -0.396419 0.233065
v 0.000106 -0.396419 0.249442
v 0.079965 -0.396419 0.233065
v 0.146887 -0.396419 0.190847
v 0.201398 -0.396419 0.132947
v 0.252520 -0.396419 0.068585
v 0.276472 -0.396419 -0.000000
v 0.264287 -0.358966 -0.078470
v 0.221285 -0.358966 -0.149757
v 0.162074 -0.358966 -0.207302
v 0.087027 -0.358966 -0.241094
v 0.000106 -0.358966 -0.252180
v -0.086816 -0.358966 -0.241094
v -0.161863 -0.358966 -0.207302
v -0.221074 -0.358966 -0.149757
v -0.264077 -0.358966 -0.078470
v -0.284739 -0.358966 0.000000
v -0.264077 -0.358966 0.078470
v -0.221074 -0.358966 0.149917
v -0.162090 -0.358966 0.212181
v -0.086866 -0.358966 0.257367
v 0.000106 -0.358966 0.274561
v 0.087077 -0.358966 0.257367
v 0.162301 -0.358966 0.212181
v 0.221285 -0.358966 0.149917
v 0.264287 -0.358966 0.078470
v 0.284950 -0.358966 0.000000
v 0.275138 -0.316970 -0.086423
v 0.234830 -0.316970 -0.162829
v 0.171142 -0.316970 -0.218545
v 0.091198 -0.316970 -0.249250
v 0.000106 -0.316970 -0.260025
v -0.090987 -0.316970 -0.249250
v -0.170931 -0.316970 -0.218545
v -0.234619 -0.316970 -0.162829
v -0.274927 -0.316970 -0.086423
v -0.289576 -0.316970 -0.000000
v -0.274927 -0.316970 0.086423
v -0.235401 -0.316970 0.164386
v -0.172480 -0.316970 0.228981
v -0.092089 -0.316970 0.274587
v 0.000106 -0.316970 0.291074
v 0.092300 -0.316970 0.274587
v 0.172691 -0.316970 0.228981
v 0.235612 -0.316970 0.164386
v 0.275138 -0.316970 0.086423
v 0.289787 -0.316970 -0.000000
v 0.283058 -0.271466 -0.091819
v 0.240316 -0.271466 -0.169912
v 0.174203 -0.271466 -0.226369
v 0.092085 -0.271466 -0.255251
v 0.000106 -0.271466 -0.266601
v -0.091874 -0.271466 -0.255251
v -0.173992 -0.271466 -0.226369
v -0.240105 -0.271466 -0.169912
v -0.282847 -0.271466 -0.091819
v -0.296731 -0.271466 0.000000
v -0.283062 -0.271466 0.092247
v -0.241586 -0.271466 0.176092
v -0.175797 -0.271466 0.243133
v -0.093669 -0.271466 0.284401
v 0.000106 -0.271466 0.296335
v 0.093880 -0.271466 0.284401
v 0.176008 -0.271466 0.243133
v 0.241797 -0.271466 0.176092
v 0.283273 -0.271466 0.092247
v 0.296942 -0.271466 0.000000
v 0.282573 -0.223573 -0.093634
v 0.238657 -0.223573 -0.171302
v 0.172283 -0.223573 -0.229675
v 0.090392 -0.223573 -0.257563
v 0.000106 -0.223573 -0.267407
v -0.090181 -0.223573 -0.257563
v -0.172072 -0.223573 -0.229675
v -0.238446 -0.223573 -0.171302
v -0.282362 -0.223573 -0.093634
v -0.296816 -0.223573 0.000000
v -0.282896 -0.223573 0.096066
v -0.238932 -0.223573 0.184620
v -0.172285 -0.223573 0.253724
v -0.090793 -0.223573 0.286117
v 0.000106 -0.223573 0.291952
v 0.091004 -0.223573 0.286117
v 0.172496 -0.223573 0.253724
v 0.239143 -0.223573 0.184620
v 0.283107 -0.223573 0.096066
v 0.297027 -0.223573 0.000000
v 0.274940 -0.174471 -0.092591
v 0.231400 -0.174471 -0.168707
v 0.166819 -0.174471 -0.227176
v 0.087089 -0.174471 -0.250181
v 0.000106 -0.174471 -0.259797
v -0.086878 -0.174471 -0.250181
v -0.166607 -0.174471 -0.227176
v -0.231189 -0.174471 -0.168707
v -0.274729 -0.174471 -0.092591
v -0.289647 -0.174471 0.000000
v -0.274401 -0.174471 0.098212
v -0.229107 -0.174471 0.189295
v -0.163585 -0.174471 0.255920
v -0.084653 -0.174471 0.281251
v 0.000106 -0.174471 0.281963
v 0.084864 -0.174471 0.281251
v 0.163796 -0.174471 0.255920
v 0.229318 -0.174471 0.189295
v 0.274612 -0.174471 0.098212
v 0.289858 -0.174471 0.000000
v 0.261850 -0.125370 -0.089903
v 0.220297 -0.125370 -0.164057
v 0.159175 -0.125370 -0.217228
v 0.083190 -0.125370 -0.236408
v 0.000106 -0.125370 -0.245698
v -0.082979 -0.125370 -0.236408
v -0.158964 -0.125370 -0.217228
v -0.220086 -0.125370 -0.164057
v -0.261639 -0.125370 -0.089903
v -0.276406 -0.125370 -0.000000
v -0.259638 -0.125370 0.098180
v -0.214711 -0.125370 0.189175
v -0.152115 -0.125370 0.250367
v -0.077295 -0.125370 0.269808
v 0.000106 -0.125370 0.266065
v 0.077506 -0.125370 0.269808
v 0.152326 -0.125370 0.250367
v 0.214922 -0.125370 0.189175
v 0.259849 -0.125370 0.098180
v 0.276617 -0.125370 -0.000000
v 0.244868 -0.077477 -0.086503
v 0.206719 -0.077477 -0.157949
v 0.150325 -0.077477 -0.202950
v 0.079172 -0.077477 -0.219911
v 0.000106 -0.077477 -0.228320
v -0.078961 -0.077477 -0.219911
v -0.150114 -0.077477 -0.202950
v -0.206508 -0.077477 -0.157949
v -0.244657 -0.077477 -0.086503
v -0.258232 -0.077477 0.000047
v -0.241047 -0.077477 0.095362
v -0.198393 -0.077477 0.183207
v -0.140237 -0.077477 0.237472
v -0.070563 -0.077477 0.249316
v 0.000106 -0.077477 0.242031
v 0.070774 -0.077477 0.249316
v 0.140448 -0.077477 0.237472
v 0.198604 -0.077477 0.183207
v 0.241258 -0.077477 0.095362
v 0.258443 -0.077477 0.000047
v 0.224925 -0.031973 -0.082410
v 0.191177 -0.031973 -0.149663
v 0.140194 -0.031973 -0.188244
v 0.074411 -0.031973 -0.202534
v 0.000106 -0.031973 -0.209318
v -0.074200 -0.031973 -0.202534
v -0.139983 -0.031973 -0.188244
v -0.190966 -0.031973 -0.149663
v -0.224714 -0.031973 -0.082410
v -0.236310 -0.031973 0.000080
v -0.220415 -0.031973 0.089450
v -0.181888 -0.031973 0.169650
v -0.129148 -0.031973 0.215039
v -0.065224 -0.031973 0.222385
v 0.000106 -0.031973 0.214938
v 0.065435 -0.031973 0.222385
v 0.129359 -0.031973 0.215039
v 0.182099 -0.031973 0.169650
v 0.220626 -0.031973 0.089450
v 0.236521 -0.031973 0.000080
v 0.202159 0.010023 -0.076744
v 0.173012 0.010023 -0.139328
v 0.127502 0.010023 -0.174262
v 0.067982 0.010023 -0.187100
v 0.000106 0.010023 -0.191514
v -0.067771 0.010023 -0.187100
v -0.127291 0.010023 -0.174262
v -0.172801 0.010023 -0.139328
v -0.201948 0.010023 -0.076744
v -0.211481 0.010023 0.000036
v -0.198292 0.010023 0.079803
v -0.165152 0.010023 0.147412
v -0.118159 0.010023 0.185815
v -0.060554 0.010023 0.192938
v 0.000106 0.010023 0.188331
v 0.060765 0.010023 0.192938
v 0.118370 0.010023 0.185815
v 0.165363 0.010023 0.147412
v 0.198503 0.010023 0.079803
v 0.211691 0.010023 0.000036
v 0.175682 0.047476 -0.068394
v 0.151044 0.047476 -0.125788
v 0.111438 0.047476 -0.158989
v 0.059118 0.047476 -0.172422
v 0.000106 0.047476 -0.175889
v -0.058907 0.047476 -0.172422
v -0.111227 0.047476 -0.158989
v -0.150833 0.047476 -0.125788
v -0.175471 0.047476 -0.068394
v -0.183393 0.047476 0.000000
v -0.173499 0.047476 0.065670
v -0.146189 0.047476 0.119755
v -0.105575 0.047476 0.152947
v -0.054725 0.047476 0.162558
v 0.000106 0.047476 0.161983
v 0.054936 0.047476 0.162558
v 0.105786 0.047476 0.152947
v 0.146400 0.047476 0.119755
v 0.173710 0.047476 0.065670
v 0.183604 0.047476 0.000000
v 0.145163 0.079463 -0.057012
v 0.124926 0.079463 -0.107407
v 0.091790 0.079463 -0.139271
v 0.047781 0.079463 -0.153980
v 0.000106 0.079463 -0.157823
v -0.047570 0.079463 -0.153980
v -0.091579 0.079463 -0.139271
v -0.124715 0.079463 -0.107407
v -0.144952 0.079463 -0.057012
v -0.151705 0.079463 -0.001046
v -0.144619 0.079463 0.049606
v -0.123127 0.079463 0.090721
v -0.089476 0.079463 0.118715
v -0.046246 0.079463 0.130737
v 0.000106 0.079463 0.133409
v 0.046457 0.079463 0.130737
v 0.089687 0.079463 0.118715
v 0.123338 0.079463 0.090721
v 0.144830 0.079463 0.049606
v 0.151916 0.079463 -0.001046
v 0.111374 0.105198 -0.044192
v 0.095200 0.105198 -0.083759
v 0.069102 0.105198 -0.112466
v 0.034804 0.105198 -0.127820
v 0.000106 0.105198 -0.132600
v -0.034593 0.105198 -0.127820
v -0.068891 0.105198 -0.112466
v -0.094989 0.105198 -0.083759
v -0.111163 0.105198 -0.044192
v -0.116624 0.105198 -0.003211
v -0.111163 0.105198 0.033697
v -0.094989 0.105198 0.063465
v -0.068823 0.105198 0.084702
v -0.034593 0.105198 0.096929
v 0.000106 0.105198 0.100912
v 0.034804 0.105198 0.096929
v 0.069034 0.105198 0.084702
v 0.095200 0.105198 0.063465
v 0.111374 0.105198 0.033697
v 0.116835 0.105198 -0.003211
v 0.074606 0.124047 -0.031840
v 0.063133 0.124047 -0.057253
v 0.044875 0.124047 -0.078470
v 0.021242 0.124047 -0.091752
v 0.000106 0.124047 -0.096133
v -0.021031 0.124047 -0.091752
v -0.044664 0.124047 -0.078470
v -0.062922 0.124047 -0.057253
v -0.074395 0.124047 -0.031840
v -0.078302 0.124047 -0.005576
v -0.074395 0.124047 0.018601
v -0.062922 0.124047 0.038594
v -0.044664 0.124047 0.053241
v -0.021031 0.124047 0.062138
v 0.000106 0.124047 0.065305
v 0.021242 0.124047 0.062138
v 0.044875 0.124047 0.053241
v 0.063133 0.124047 0.038594
v 0.074606 0.124047 0.018601
v 0.078513 0.124047 -0.005576
v 0.035170 0.135545 -0.019959
v 0.029109 0.135545 -0.031829
v 0.019581 0.135545 -0.041591
v 0.007424 0.135545 -0.047947
v 0.000106 0.135545 -0.050148
v -0.007213 0.135545 -0.047947
v -0.019370 0.135545 -0.041591
v -0.028898 0.135545 -0.031829
v -0.034959 0.135545 -0.019959
v -0.037036 0.135545 -0.007327
v -0.034959 0.135545 0.004744
v -0.028898 0.135545 0.015155
v -0.019370 0.135545 0.023111
v -0.007213 0.135545 0.028121
v 0.000106 0.135545 0.029892
v 0.007424 0.135545 0.028121
v 0.019581 0.135545 0.023111
v 0.029109 0.135545 0.015155
v 0.035170 0.135545 0.004744
v 0.037247 0.135545 -0.007327
v 0.000106 -0.488352 -0.011160
v 0.000106 0.139409 -0.007825
vt 0.940686 0.147044
vt 0.877556 0.159863
vt 1.008152 0.144232
vt 1.064424 0.147169
vt -0.128967 0.091591
vt -0.128967 0.147862
vt -0.047327 0.094632
vt -0.064384 0.147169
vt 0.002200 0.095915
vt -0.008112 0.144232
vt 0.053753 0.098260
vt 0.059354 0.147044
vt 0.101699 0.101351
vt 0.122484 0.159862
vt 0.143161 0.102719
vt 0.167355 0.170121
vt 0.180092 0.099598
vt 0.203790 0.167446
vt 0.217591 0.090824
vt 0.247071 0.150725
vt 0.262013 0.077558
vt 0.307758 0.130240
vt 0.385809 0.114757
vt 0.500020 0.105907
vt 0.614232 0.114757
vt 0.692282 0.130240
vt 0.752969 0.150725
vt 0.796251 0.167446
vt 0.832685 0.170122
vt 0.941994 0.187648
vt 0.874393 0.202262
vt 1.011964 0.187887
vt 1.066870 0.194308
vt -0.128966 0.196252
vt -0.066830 0.194308
vt -0.011924 0.187887
vt 0.058046 0.187648
vt 0.125647 0.202262
vt 0.172369 0.212341
vt 0.213078 0.209027
vt 0.263334 0.190770
vt 0.336027 0.170761
vt 0.416478 0.163207
vt 0.500020 0.161552
vt 0.583562 0.163208
vt 0.664013 0.170761
vt 0.736706 0.190770
vt 0.786962 0.209027
vt 0.827671 0.212341
vt 0.941960 0.227810
vt 0.875485 0.240616
vt 1.008365 0.229989
vt 1.066566 0.234772
vt -0.128966 0.236111
vt -0.066526 0.234772
vt -0.008325 0.229989
vt 0.058080 0.227810
vt 0.124555 0.240616
vt 0.174022 0.248685
vt 0.221509 0.239711
vt 0.281028 0.221390
vt 0.356217 0.210585
vt 0.427134 0.211454
vt 0.500020 0.212460
vt 0.572907 0.211454
vt 0.643823 0.210585
vt 0.719012 0.221390
vt 0.778531 0.239711
vt 0.826018 0.248685
vt 0.941828 0.268965
vt 0.878153 0.278498
vt 1.004882 0.270553
vt 1.065085 0.271674
vt -0.128966 0.271562
vt -0.065045 0.271674
vt -0.004842 0.270553
vt 0.058212 0.268965
vt 0.121887 0.278498
vt 0.175058 0.284837
vt 0.227815 0.273958
vt 0.292041 0.258123
vt 0.361062 0.255303
vt 0.429894 0.257549
vt 0.500020 0.259076
vt 0.570146 0.257549
vt 0.638978 0.255303
vt 0.707999 0.258123
vt 0.772225 0.273958
vt 0.824982 0.284837
vt 0.942383 0.312161
vt 0.882237 0.314576
vt 1.002710 0.311698
vt 1.063367 0.309157
vt -0.128966 0.307334
vt -0.063327 0.309157
vt -0.002670 0.311698
vt 0.057657 0.312161
vt 0.117803 0.314576
vt 0.175369 0.317236
vt 0.233118 0.310191
vt 0.295543 0.303190
vt 0.362470 0.301067
vt 0.431181 0.302400
vt 0.500020 0.303616
vt 0.568859 0.302400
vt 0.637570 0.301067
vt 0.704497 0.303190
vt 0.766922 0.310191
vt 0.824671 0.317236
vt 0.944031 0.356406
vt 0.884903 0.355892
vt 1.002231 0.354204
vt 1.062417 0.349692
vt -0.128966 0.347579
vt -0.062377 0.349692
vt -0.002191 0.354204
vt 0.056009 0.356405
vt 0.115137 0.355892
vt 0.175539 0.354639
vt 0.236762 0.352100
vt 0.299026 0.349773
vt 0.364377 0.347974
vt 0.431826 0.348283
vt 0.500020 0.348579
vt 0.568215 0.348283
vt 0.635663 0.347974
vt 0.701014 0.349773
vt 0.763278 0.352100
vt 0.824501 0.354639
vt 0.945581 0.401329
vt 0.886452 0.401158
vt 1.003687 0.399576
vt 1.063205 0.395572
vt -0.128966 0.394226
vt -0.063165 0.395572
vt -0.003647 0.399576
vt 0.054459 0.401328
vt 0.113588 0.401158
vt 0.175779 0.399582
vt 0.239199 0.398454
vt 0.303539 0.397509
vt 0.368740 0.396762
vt 0.433079 0.395842
vt 0.500020 0.394506
vt 0.566961 0.395842
vt 0.631300 0.396762
vt 0.696501 0.397509
vt 0.760841 0.398454
vt 0.824261 0.399582
vt 0.946980 0.448754
vt 0.887690 0.448770
vt 1.006028 0.448146
vt 1.064846 0.445993
vt -0.128966 0.445101
vt -0.064806 0.445993
vt -0.005988 0.448146
vt 0.053060 0.448754
vt 0.112350 0.448770
vt 0.175782 0.447894
vt 0.241732 0.447418
vt 0.309384 0.447221
vt 0.375015 0.447482
vt 0.435371 0.445964
vt 0.500020 0.444252
vt 0.564669 0.445964
vt 0.625025 0.447482
vt 0.690656 0.447221
vt 0.758308 0.447418
vt 0.824258 0.447894
vt 0.948617 0.500000
vt 0.888881 0.500000
vt 1.008091 0.500000
vt 1.065427 0.500000
vt -0.128966 0.500000
vt -0.065387 0.500000
vt -0.008052 0.500000
vt 0.051423 0.500000
vt 0.111159 0.500000
vt 0.175541 0.500000
vt 0.244813 0.500000
vt 0.315987 0.500000
vt 0.380742 0.500000
vt 0.438432 0.500000
vt 0.500020 0.500000
vt 0.561608 0.500000
vt 0.619299 0.500000
vt 0.684053 0.500000
vt 0.755227 0.500000
vt 0.824499 0.500000
vt 0.950910 0.554595
vt 0.890477 0.554915
vt 1.008549 0.555057
vt 1.064975 0.558475
vt -0.128966 0.559378
vt -0.064936 0.558475
vt -0.008509 0.555057
vt 0.049130 0.554595
vt 0.109563 0.554915
vt 0.175064 0.555866
vt 0.247951 0.556665
vt 0.322232 0.555865
vt 0.385290 0.555113
vt 0.441094 0.557929
vt 0.500020 0.561349
vt 0.558946 0.557929
vt 0.614750 0.555113
vt 0.677808 0.555865
vt 0.752089 0.556665
vt 0.824976 0.555866
vt 0.953743 0.610117
vt 0.892845 0.611775
vt 1.007954 0.611973
vt 1.063865 0.618954
vt -0.128966 0.620984
vt -0.063825 0.618954
vt -0.007914 0.611973
vt 0.046297 0.610117
vt 0.107195 0.611775
vt 0.174365 0.614165
vt 0.250329 0.615962
vt 0.326587 0.613445
vt 0.387561 0.612273
vt 0.441500 0.619878
vt 0.500020 0.628249
vt 0.558540 0.619878
vt 0.612479 0.612273
vt 0.673453 0.613445
vt 0.749711 0.615962
vt 0.825675 0.614165
vt 0.956601 0.663878
vt 0.895970 0.667797
vt 1.007934 0.666896
vt 1.062954 0.676952
vt -0.128966 0.680489
vt -0.062914 0.676952
vt -0.007894 0.666896
vt 0.043439 0.663879
vt 0.104070 0.667797
vt 0.173361 0.672403
vt 0.251152 0.674766
vt 0.326890 0.671035
vt 0.385411 0.671363
vt 0.439068 0.684323
vt 0.500020 0.696697
vt 0.560972 0.684323
vt 0.614629 0.671363
vt 0.673150 0.671035
vt 0.748888 0.674766
vt 0.826679 0.672403
vt 0.960059 0.714247
vt 0.899407 0.720936
vt 1.010125 0.716756
vt 1.063973 0.727444
vt -0.128966 0.732504
vt -0.063933 0.727444
vt -0.010085 0.716757
vt 0.039981 0.714248
vt 0.100633 0.720936
vt 0.171895 0.727896
vt 0.249224 0.730293
vt 0.321166 0.727881
vt 0.379070 0.730807
vt 0.434424 0.746580
vt 0.500020 0.759437
vt 0.565616 0.746580
vt 0.620970 0.730807
vt 0.678874 0.727881
vt 0.750816 0.730293
vt 0.828145 0.727896
vt 0.964415 0.761824
vt 0.902793 0.771236
vt 1.014759 0.761772
vt 1.067769 0.769751
vt -0.128966 0.774345
vt -0.067729 0.769751
vt -0.014719 0.761772
vt 0.035625 0.761825
vt 0.097247 0.771237
vt 0.169778 0.779611
vt 0.242953 0.782237
vt 0.310427 0.782887
vt 0.369512 0.788180
vt 0.429026 0.803153
vt 0.500020 0.813275
vt 0.571014 0.803153
vt 0.630528 0.788180
vt 0.689613 0.782887
vt 0.757087 0.782237
vt 0.830262 0.779611
vt 0.969366 0.808397
vt 0.906175 0.819501
vt 1.021341 0.804555
vt 1.073783 0.807877
vt -0.128967 0.810247
vt -0.073743 0.807877
vt -0.021302 0.804556
vt 0.030674 0.808398
vt 0.093865 0.819501
vt 0.165143 0.827758
vt 0.233220 0.831160
vt 0.296471 0.834928
vt 0.357897 0.842077
vt 0.424072 0.854222
vt 0.500020 0.860562
vt 0.575968 0.854222
vt 0.642143 0.842077
vt 0.703569 0.834928
vt 0.766821 0.831160
vt 0.834897 0.827758
vt 0.974999 0.855271
vt 0.911643 0.865467
vt 1.029320 0.848223
vt 1.081116 0.846447
vt -0.128967 0.845903
vt -0.081076 0.846447
vt -0.029281 0.848223
vt 0.025041 0.855271
vt 0.088397 0.865467
vt 0.155439 0.872852
vt 0.219796 0.877852
vt 0.280788 0.883709
vt 0.344657 0.892300
vt 0.420280 0.901446
vt 0.500020 0.904573
vt 0.579760 0.901446
vt 0.655383 0.892300
vt 0.719252 0.883708
vt 0.780244 0.877851
vt 0.844601 0.872852
vt 0.984654 0.901466
vt 0.925850 0.909027
vt 1.039125 0.894094
vt 1.089679 0.889222
vt -0.128967 0.887062
vt -0.089639 0.889222
vt -0.039085 0.894094
vt 0.015386 0.901466
vt 0.074190 0.909027
vt 0.135428 0.915732
vt 0.196633 0.922035
vt 0.258734 0.929227
vt 0.328437 0.937655
vt 0.416469 0.944948
vt 0.500020 0.946303
vt 0.583571 0.944948
vt 0.671603 0.937655
vt 0.741306 0.929227
vt 0.803407 0.922035
vt 0.864612 0.915732
vt -0.128967 0.934596
vt -0.105595 0.936343
vt -0.062019 0.939799
vt -0.016908 0.944480
vt 0.030129 0.949965
vt 0.079300 0.956067
vt 0.131389 0.962810
vt 0.190297 0.970298
vt 0.269192 0.978156
vt 0.401529 0.984104
vt -0.128967 0.025928
vt -0.128967 0.977435
vt 1.129006 0.091591
vt 1.129006 0.147862
vt 1.129006 0.196252
vt 1.129006 0.236111
vt 1.129006 0.271562
vt 1.129006 0.307334
vt 1.129006 0.347579
vt 1.129006 0.394226
vt 1.129006 0.445101
vt 1.129006 0.500000
vt 1.129006 0.559378
vt 1.129006 0.620984
vt 1.129006 0.680489
vt 1.129006 0.732504
vt 1.129006 0.774345
vt 1.129006 0.810247
vt 1.129006 0.845903
vt 1.129006 0.887062
vt 0.898341 0.101351
vt 0.946287 0.098260
vt 0.997839 0.095915
vt 1.047367 0.094632
vt 0.319534 0.062786
vt 0.500021 0.043209
vt 0.680506 0.062786
vt 0.738027 0.077558
vt 0.782449 0.090825
vt 0.819948 0.099598
vt 1.129006 0.025928
vt 0.856879 0.102719
vt 1.016948 0.944480
vt 1.062058 0.939799
vt 1.105634 0.936343
vt 1.129006 0.934596
vt 0.500021 0.984172
vt 1.659502 0.984104
vt 0.598513 0.984104
vt 0.730848 0.978155
vt 0.809743 0.970298
vt 0.868650 0.962810
vt 0.920739 0.956067
vt 0.969910 0.949965
vt 1.129006 0.977435
vn 0.094017 -0.990933 -0.095988
vn 0.229411 -0.942326 -0.243705
vn 0.102360 -0.992127 -0.072157
vn 0.255279 -0.945755 -0.200946
vn 0.071401 -0.991754 -0.106419
vn 0.203890 -0.942152 -0.266042
vn 0.041391 -0.990470 -0.131359
vn 0.108383 -0.953315 -0.281858
vn 0.000000 -0.991050 -0.133489
vn -0.000000 -0.956926 -0.290331
vn -0.041391 -0.990470 -0.131359
vn -0.108383 -0.953315 -0.281858
vn -0.071401 -0.991754 -0.106419
vn -0.203890 -0.942152 -0.266042
vn -0.094017 -0.990932 -0.095988
vn -0.229412 -0.942326 -0.243706
vn -0.102361 -0.992127 -0.072158
vn -0.255279 -0.945755 -0.200946
vn -0.101263 -0.994541 -0.025192
vn -0.280904 -0.956950 -0.073065
vn -0.095934 -0.994699 0.037022
vn -0.258023 -0.957781 0.126806
vn -0.081086 -0.993307 0.082256
vn -0.195879 -0.955312 0.221383
vn -0.060717 -0.992372 0.107287
vn -0.160386 -0.950158 0.267348
vn -0.025113 -0.991907 0.124459
vn -0.085134 -0.956176 0.280141
vn -0.000000 -0.991865 0.127297
vn -0.000000 -0.963038 0.269367
vn 0.025113 -0.991907 0.124459
vn 0.085134 -0.956176 0.280141
vn 0.060718 -0.992372 0.107287
vn 0.160386 -0.950159 0.267348
vn 0.081086 -0.993307 0.082257
vn 0.195879 -0.955312 0.221383
vn 0.095934 -0.994699 0.037022
vn 0.258023 -0.957781 0.126806
vn 0.101262 -0.994541 -0.025192
vn 0.280904 -0.956951 -0.073064
vn 0.381035 -0.846346 -0.372170
vn 0.444582 -0.837344 -0.318122
vn 0.315331 -0.867240 -0.385306
vn 0.186580 -0.869007 -0.458274
vn 0.000000 -0.871127 -0.491057
vn -0.186581 -0.869007 -0.458274
vn -0.315331 -0.867240 -0.385306
vn -0.381035 -0.846346 -0.372170
vn -0.444581 -0.837344 -0.318122
vn -0.530510 -0.842176 -0.096434
vn -0.516101 -0.817401 0.255921
vn -0.402520 -0.811577 0.423463
vn -0.290969 -0.853470 0.432350
vn -0.154431 -0.889961 0.429092
vn -0.000000 -0.902394 0.430912
vn 0.154431 -0.889961 0.429092
vn 0.290969 -0.853470 0.432349
vn 0.402520 -0.811577 0.423463
vn 0.516101 -0.817401 0.255921
vn 0.530510 -0.842175 -0.096433
vn 0.504610 -0.730147 -0.460711
vn 0.601214 -0.703599 -0.378801
vn 0.423058 -0.731649 -0.534520
vn 0.248898 -0.696418 -0.673091
vn 0.000000 -0.686815 -0.726833
vn -0.248898 -0.696418 -0.673092
vn -0.423058 -0.731649 -0.534520
vn -0.504609 -0.730147 -0.460711
vn -0.601213 -0.703600 -0.378801
vn -0.739797 -0.671943 -0.034552
vn -0.687671 -0.616062 0.384158
vn -0.536553 -0.656844 0.529780
vn -0.402467 -0.748157 0.527523
vn -0.227349 -0.787102 0.573397
vn -0.000000 -0.799330 0.600893
vn 0.227349 -0.787102 0.573396
vn 0.402467 -0.748157 0.527523
vn 0.536554 -0.656843 0.529780
vn 0.687673 -0.616060 0.384158
vn 0.739798 -0.671941 -0.034552
vn 0.612108 -0.597585 -0.517896
vn 0.770182 -0.486537 -0.412434
vn 0.484026 -0.577394 -0.657522
vn 0.269436 -0.485160 -0.831880
vn -0.000000 -0.435172 -0.900347
vn -0.269436 -0.485160 -0.831880
vn -0.484026 -0.577394 -0.657522
vn -0.612107 -0.597585 -0.517897
vn -0.770181 -0.486537 -0.412436
vn -0.909839 -0.414961 0.000000
vn -0.787148 -0.452628 0.418958
vn -0.620142 -0.582049 0.525968
vn -0.490741 -0.636907 0.594578
vn -0.285325 -0.640364 0.713109
vn 0.000000 -0.644453 0.764644
vn 0.285325 -0.640364 0.713109
vn 0.490741 -0.636907 0.594579
vn 0.620142 -0.582049 0.525968
vn 0.787148 -0.452627 0.418958
vn 0.909839 -0.414961 0.000001
vn 0.867112 -0.334857 -0.368765
vn 0.694082 -0.469049 -0.546116
vn 0.509085 -0.407849 -0.757952
vn 0.260583 -0.297135 -0.918590
vn -0.000000 -0.252101 -0.967701
vn -0.260583 -0.297135 -0.918590
vn -0.509085 -0.407849 -0.757952
vn -0.694082 -0.469050 -0.546116
vn -0.867112 -0.334856 -0.368767
vn -0.982779 -0.184784 -0.000000
vn -0.866507 -0.336230 0.368938
vn -0.703029 -0.490053 0.515363
vn -0.546647 -0.494132 0.676025
vn -0.315444 -0.473463 0.822392
vn 0.000000 -0.461068 0.887365
vn 0.315444 -0.473462 0.822392
vn 0.546648 -0.494132 0.676025
vn 0.703029 -0.490053 0.515362
vn 0.866508 -0.336230 0.368937
vn 0.982779 -0.184784 0.000001
vn 0.916425 -0.248537 -0.313679
vn 0.749546 -0.296748 -0.591711
vn 0.506830 -0.256663 -0.822951
vn 0.237226 -0.180048 -0.954624
vn -0.000000 -0.162993 -0.986627
vn -0.237226 -0.180048 -0.954624
vn -0.506830 -0.256663 -0.822951
vn -0.749546 -0.296748 -0.591711
vn -0.916424 -0.248537 -0.313681
vn -0.986662 -0.162781 -0.000000
vn -0.917048 -0.253619 0.307736
vn -0.771358 -0.333596 0.541960
vn -0.579291 -0.344916 0.738550
vn -0.318750 -0.303473 0.897944
vn 0.000000 -0.252061 0.967711
vn 0.318750 -0.303473 0.897943
vn 0.579291 -0.344915 0.738550
vn 0.771359 -0.333596 0.541959
vn 0.917048 -0.253619 0.307735
vn 0.986662 -0.162780 0.000001
vn 0.945200 -0.095579 -0.312187
vn 0.774725 -0.087406 -0.626228
vn 0.505995 -0.100509 -0.856660
vn 0.223027 -0.086429 -0.970973
vn -0.000000 -0.083104 -0.996541
vn -0.223027 -0.086429 -0.970973
vn -0.505995 -0.100508 -0.856660
vn -0.774725 -0.087406 -0.626228
vn -0.945200 -0.095579 -0.312189
vn -0.996731 -0.080791 -0.000780
vn -0.949383 -0.109470 0.294430
vn -0.809414 -0.149542 0.567879
vn -0.591529 -0.194876 0.782379
vn -0.282393 -0.119495 0.951827
vn 0.000000 -0.029468 0.999566
vn 0.282394 -0.119495 0.951827
vn 0.591529 -0.194876 0.782379
vn 0.809414 -0.149541 0.567879
vn 0.949383 -0.109470 0.294429
vn 0.996731 -0.080791 -0.000779
vn 0.943919 0.076670 -0.321151
vn 0.772732 0.075399 -0.630238
vn 0.505830 0.034579 -0.861940
vn 0.207450 0.055599 -0.976664
vn -0.000000 0.068958 -0.997619
vn -0.207451 0.055598 -0.976664
vn -0.505831 0.034580 -0.861939
vn -0.772731 0.075399 -0.630239
vn -0.943919 0.076671 -0.321153
vn -0.997323 0.073082 -0.002220
vn -0.952554 0.066125 0.297101
vn -0.818739 0.026730 0.573544
vn -0.574166 -0.024740 0.818365
vn -0.216222 0.049323 0.975098
vn 0.000000 0.128824 0.991667
vn 0.216222 0.049323 0.975097
vn 0.574167 -0.024741 0.818365
vn 0.818739 0.026730 0.573543
vn 0.952554 0.066125 0.297100
vn 0.997323 0.073083 -0.002219
vn 0.924395 0.205772 -0.321173
vn 0.764889 0.186586 -0.616547
vn 0.482931 0.174163 -0.858164
vn 0.180965 0.213439 -0.960050
vn -0.000000 0.214364 -0.976754
vn -0.180966 0.213440 -0.960050
vn -0.482931 0.174163 -0.858164
vn -0.764889 0.186585 -0.616547
vn -0.924394 0.205773 -0.321175
vn -0.978795 0.204841 0.000114
vn -0.930497 0.210682 0.299649
vn -0.805936 0.173093 0.566133
vn -0.532439 0.141735 0.834518
vn -0.153357 0.180062 0.971627
vn 0.000000 0.237943 0.971279
vn 0.153357 0.180062 0.971627
vn 0.532439 0.141734 0.834518
vn 0.805936 0.173093 0.566132
vn 0.930497 0.210682 0.299648
vn 0.978795 0.204842 0.000115
vn 0.902455 0.297344 -0.311709
vn 0.753233 0.263077 -0.602853
vn 0.441355 0.283726 -0.851296
vn 0.164629 0.303405 -0.938532
vn -0.000000 0.306069 -0.952009
vn -0.164629 0.303405 -0.938532
vn -0.441355 0.283726 -0.851296
vn -0.753232 0.263077 -0.602853
vn -0.902454 0.297345 -0.311710
vn -0.951060 0.308929 0.006939
vn -0.901036 0.315044 0.298129
vn -0.781887 0.283744 0.555106
vn -0.481688 0.274414 0.832270
vn -0.090824 0.315737 0.944490
vn 0.000000 0.366375 0.930467
vn 0.090824 0.315738 0.944490
vn 0.481688 0.274414 0.832270
vn 0.781887 0.283744 0.555105
vn 0.901037 0.315042 0.298129
vn 0.951060 0.308928 0.006940
vn 0.882022 0.369436 -0.292497
vn 0.735981 0.328162 -0.592150
vn 0.405638 0.342658 -0.847374
vn 0.153649 0.347479 -0.925014
vn -0.000000 0.358413 -0.933563
vn -0.153649 0.347479 -0.925014
vn -0.405639 0.342658 -0.847374
vn -0.735981 0.328162 -0.592150
vn -0.882021 0.369437 -0.292498
vn -0.919545 0.392695 0.015083
vn -0.874385 0.390105 0.288564
vn -0.750256 0.380729 0.540520
vn -0.419507 0.413826 0.807937
vn -0.027274 0.452607 0.891293
vn 0.000000 0.478137 0.878285
vn 0.027274 0.452607 0.891293
vn 0.419507 0.413826 0.807937
vn 0.750257 0.380728 0.540519
vn 0.874386 0.390104 0.288563
vn 0.919546 0.392693 0.015083
vn 0.856265 0.442764 -0.266026
vn 0.715564 0.401098 -0.571916
vn 0.383356 0.379037 -0.842240
vn 0.140297 0.365365 -0.920231
vn -0.000000 0.381609 -0.924324
vn -0.140297 0.365365 -0.920231
vn -0.383356 0.379037 -0.842240
vn -0.715564 0.401098 -0.571916
vn -0.856265 0.442765 -0.266027
vn -0.885400 0.464527 0.016790
vn -0.845477 0.459639 0.271846
vn -0.708023 0.478520 0.519348
vn -0.360197 0.533784 0.765070
vn 0.001209 0.541328 0.840810
vn -0.000000 0.530869 0.847454
vn -0.001209 0.541328 0.840811
vn 0.360197 0.533784 0.765070
vn 0.708023 0.478520 0.519348
vn 0.845477 0.459639 0.271846
vn 0.885400 0.464527 0.016791
vn 0.815183 0.531613 -0.229923
vn 0.685168 0.497669 -0.531855
vn 0.373247 0.438110 -0.817769
vn 0.132502 0.381215 -0.914942
vn -0.000000 0.386556 -0.922266
vn -0.132503 0.381215 -0.914942
vn -0.373248 0.438110 -0.817769
vn -0.685168 0.497669 -0.531855
vn -0.815182 0.531613 -0.229924
vn -0.838003 0.545499 0.013447
vn -0.800482 0.544160 0.251233
vn -0.653241 0.583652 0.482314
vn -0.313993 0.631106 0.709305
vn -0.015084 0.602694 0.797830
vn 0.000000 0.566985 0.823728
vn 0.015084 0.602694 0.797830
vn 0.313993 0.631106 0.709305
vn 0.653241 0.583652 0.482314
vn 0.800482 0.544160 0.251232
vn 0.838003 0.545500 0.013448
vn 0.626386 0.629448 -0.459823
vn 0.738605 0.647571 -0.187390
vn 0.368582 0.555885 -0.745076
vn 0.138075 0.462402 -0.875854
vn 0.000000 0.437306 -0.899313
vn -0.138075 0.462402 -0.875854
vn -0.368583 0.555885 -0.745076
vn -0.626386 0.629447 -0.459823
vn -0.738604 0.647571 -0.187391
vn -0.763238 0.646037 0.010231
vn -0.728023 0.649015 0.220820
vn -0.582479 0.687474 0.433702
vn -0.293545 0.714100 0.635526
vn -0.058204 0.670738 0.739407
vn -0.000000 0.629778 0.776775
vn 0.058205 0.670738 0.739407
vn 0.293545 0.714100 0.635526
vn 0.582479 0.687474 0.433702
vn 0.728024 0.649015 0.220819
vn 0.763238 0.646036 0.010231
vn 0.538967 0.759867 -0.363478
vn 0.634945 0.756869 -0.154900
vn 0.345723 0.715317 -0.607287
vn 0.147557 0.636981 -0.756626
vn 0.000000 0.598995 -0.800753
vn -0.147557 0.636981 -0.756626
vn -0.345723 0.715317 -0.607287
vn -0.538967 0.759867 -0.363478
vn -0.634945 0.756869 -0.154900
vn -0.660390 0.750919 0.002323
vn -0.624466 0.758721 0.185429
vn -0.495216 0.783438 0.375480
vn -0.276227 0.792793 0.543302
vn -0.097772 0.757143 0.645891
vn -0.000000 0.728231 0.685331
vn 0.097772 0.757143 0.645890
vn 0.276227 0.792793 0.543302
vn 0.495216 0.783438 0.375480
vn 0.624466 0.758721 0.185430
vn 0.660390 0.750919 0.002324
vn 0.433465 0.860106 -0.268934
vn 0.509775 0.850318 -0.130726
vn 0.293164 0.853084 -0.431629
vn 0.145721 0.821122 -0.551837
vn -0.000000 0.802585 -0.596538
vn -0.145721 0.821122 -0.551837
vn -0.293164 0.853084 -0.431628
vn -0.433465 0.860106 -0.268934
vn -0.509775 0.850317 -0.130726
vn -0.526638 0.850088 -0.001649
vn -0.495107 0.855722 0.150362
vn -0.391105 0.866076 0.311368
vn -0.241042 0.862226 0.445495
vn -0.112389 0.844457 0.523699
vn 0.000000 0.832265 0.554379
vn 0.112389 0.844457 0.523699
vn 0.241042 0.862226 0.445495
vn 0.391105 0.866076 0.311368
vn 0.495106 0.855723 0.150362
vn 0.526638 0.850088 -0.001649
vn 0.304819 0.934586 -0.183399
vn 0.350416 0.930799 -0.104024
vn 0.217464 0.936720 -0.274345
vn 0.122660 0.933696 -0.336403
vn -0.000000 0.933456 -0.358691
vn -0.122660 0.933696 -0.336403
vn -0.217464 0.936720 -0.274346
vn -0.304819 0.934586 -0.183400
vn -0.350416 0.930799 -0.104025
vn -0.371309 0.928497 -0.004872
vn -0.345443 0.931635 0.112805
vn -0.278378 0.930786 0.236946
vn -0.178739 0.926462 0.331241
vn -0.095119 0.919162 0.382223
vn 0.000000 0.916233 0.400646
vn 0.095119 0.919161 0.382224
vn 0.178739 0.926462 0.331242
vn 0.278378 0.930786 0.236946
vn 0.345443 0.931635 0.112806
vn 0.371309 0.928497 -0.004871
vn 0.169034 0.979028 -0.113722
vn 0.190147 0.979694 -0.063590
vn 0.122328 0.980633 -0.152952
vn 0.080066 0.981586 -0.173431
vn -0.000000 0.980781 -0.195114
vn -0.080066 0.981586 -0.173431
vn -0.122329 0.980633 -0.152952
vn -0.169034 0.979028 -0.113722
vn -0.190147 0.979694 -0.063589
vn -0.207455 0.978236 -0.004109
vn -0.197451 0.977786 0.070348
vn -0.154905 0.978095 0.139048
vn -0.104845 0.976207 0.189809
vn -0.065063 0.974987 0.212524
vn 0.000000 0.975292 0.220920
vn 0.065063 0.974987 0.212524
vn 0.104845 0.976207 0.189809
vn 0.154905 0.978095 0.139048
vn 0.197451 0.977785 0.070348
vn 0.207455 0.978236 -0.004109
vn -0.000000 -0.999995 0.003127
vn 0.000000 1.000000 -0.000081
s 1
g pSphere5 cha_dog_body
usemtl lambert19SG
f 2/381/1 22/1/2 1/380/3
f 1/380/3 22/1/2 21/2/4
f 3/382/5 23/3/6 2/381/1
f 2/381/1 23/3/6 22/1/2
f 3/382/5 4/383/7 23/3/6
f 23/3/6 4/383/7 24/4/8
f 4/383/7 5/362/9 24/4/8
f 24/4/8 5/362/9 25/363/10
f 6/7/11 26/8/12 5/5/9
f 5/5/9 26/8/12 25/6/10
f 7/9/13 27/10/14 6/7/11
f 6/7/11 27/10/14 26/8/12
f 7/9/13 8/11/15 27/10/14
f 27/10/14 8/11/15 28/12/16
f 8/11/15 9/13/17 28/12/16
f 28/12/16 9/13/17 29/14/18
f 9/13/17 10/15/19 29/14/18
f 29/14/18 10/15/19 30/16/20
f 10/15/19 11/17/21 30/16/20
f 30/16/20 11/17/21 31/18/22
f 12/19/23 32/20/24 11/17/21
f 11/17/21 32/20/24 31/18/22
f 13/21/25 33/22/26 12/19/23
f 12/19/23 33/22/26 32/20/24
f 14/384/27 34/23/28 13/21/25
f 13/21/25 34/23/28 33/22/26
f 14/384/27 15/385/29 34/23/28
f 34/23/28 15/385/29 35/24/30
f 16/386/31 36/25/32 15/385/29
f 15/385/29 36/25/32 35/24/30
f 16/386/31 17/387/33 36/25/32
f 36/25/32 17/387/33 37/26/34
f 17/387/33 18/388/35 37/26/34
f 37/26/34 18/388/35 38/27/36
f 18/388/35 19/389/37 38/27/36
f 38/27/36 19/389/37 39/28/38
f 20/391/39 40/29/40 19/389/37
f 19/389/37 40/29/40 39/28/38
f 1/380/3 21/2/4 20/391/39
f 20/391/39 21/2/4 40/29/40
f 22/1/2 42/30/41 21/2/4
f 21/2/4 42/30/41 41/31/42
f 22/1/2 23/3/6 42/30/41
f 42/30/41 23/3/6 43/32/43
f 23/3/6 24/4/8 43/32/43
f 43/32/43 24/4/8 44/33/44
f 24/4/8 25/363/10 44/33/44
f 44/33/44 25/363/10 45/364/45
f 26/8/12 46/35/46 25/6/10
f 25/6/10 46/35/46 45/34/45
f 27/10/14 47/36/47 26/8/12
f 26/8/12 47/36/47 46/35/46
f 28/12/16 48/37/48 27/10/14
f 27/10/14 48/37/48 47/36/47
f 28/12/16 29/14/18 48/37/48
f 48/37/48 29/14/18 49/38/49
f 29/14/18 30/16/20 49/38/49
f 49/38/49 30/16/20 50/39/50
f 30/16/20 31/18/22 50/39/50
f 50/39/50 31/18/22 51/40/51
f 32/20/24 52/41/52 31/18/22
f 31/18/22 52/41/52 51/40/51
f 32/20/24 33/22/26 52/41/52
f 52/41/52 33/22/26 53/42/53
f 33/22/26 34/23/28 53/42/53
f 53/42/53 34/23/28 54/43/54
f 34/23/28 35/24/30 54/43/54
f 54/43/54 35/24/30 55/44/55
f 36/25/32 56/45/56 35/24/30
f 35/24/30 56/45/56 55/44/55
f 37/26/34 57/46/57 36/25/32
f 36/25/32 57/46/57 56/45/56
f 38/27/36 58/47/58 37/26/34
f 37/26/34 58/47/58 57/46/57
f 38/27/36 39/28/38 58/47/58
f 58/47/58 39/28/38 59/48/59
f 40/29/40 60/49/60 39/28/38
f 39/28/38 60/49/60 59/48/59
f 21/2/4 41/31/42 40/29/40
f 40/29/40 41/31/42 60/49/60
f 42/30/41 62/50/61 41/31/42
f 41/31/42 62/50/61 61/51/62
f 43/32/43 63/52/63 42/30/41
f 42/30/41 63/52/63 62/50/61
f 43/32/43 44/33/44 63/52/63
f 63/52/63 44/33/44 64/53/64
f 44/33/44 45/364/45 64/53/64
f 64/53/64 45/364/45 65/365/65
f 46/35/46 66/55/66 45/34/45
f 45/34/45 66/55/66 65/54/65
f 47/36/47 67/56/67 46/35/46
f 46/35/46 67/56/67 66/55/66
f 47/36/47 48/37/48 67/56/67
f 67/56/67 48/37/48 68/57/68
f 48/37/48 49/38/49 68/57/68
f 68/57/68 49/38/49 69/58/69
f 49/38/49 50/39/50 69/58/69
f 69/58/69 50/39/50 70/59/70
f 50/39/50 51/40/51 70/59/70
f 70/59/70 51/40/51 71/60/71
f 51/40/51 52/41/52 71/60/71
f 71/60/71 52/41/52 72/61/72
f 52/41/52 53/42/53 72/61/72
f 72/61/72 53/42/53 73/62/73
f 53/42/53 54/43/54 73/62/73
f 73/62/73 54/43/54 74/63/74
f 54/43/54 55/44/55 74/63/74
f 74/63/74 55/44/55 75/64/75
f 56/45/56 76/65/76 55/44/55
f 55/44/55 76/65/76 75/64/75
f 57/46/57 77/66/77 56/45/56
f 56/45/56 77/66/77 76/65/76
f 58/47/58 78/67/78 57/46/57
f 57/46/57 78/67/78 77/66/77
f 59/48/59 79/68/79 58/47/58
f 58/47/58 79/68/79 78/67/78
f 60/49/60 80/69/80 59/48/59
f 59/48/59 80/69/80 79/68/79
f 41/31/42 61/51/62 60/49/60
f 60/49/60 61/51/62 80/69/80
f 62/50/61 82/70/81 61/51/62
f 61/51/62 82/70/81 81/71/82
f 63/52/63 83/72/83 62/50/61
f 62/50/61 83/72/83 82/70/81
f 64/53/64 84/73/84 63/52/63
f 63/52/63 84/73/84 83/72/83
f 65/365/65 85/366/85 64/53/64
f 64/53/64 85/366/85 84/73/84
f 65/54/65 66/55/66 85/74/85
f 85/74/85 66/55/66 86/75/86
f 66/55/66 67/56/67 86/75/86
f 86/75/86 67/56/67 87/76/87
f 67/56/67 68/57/68 87/76/87
f 87/76/87 68/57/68 88/77/88
f 68/57/68 69/58/69 88/77/88
f 88/77/88 69/58/69 89/78/89
f 69/58/69 70/59/70 89/78/89
f 89/78/89 70/59/70 90/79/90
f 71/60/71 91/80/91 70/59/70
f 70/59/70 91/80/91 90/79/90
f 71/60/71 72/61/72 91/80/91
f 91/80/91 72/61/72 92/81/92
f 72/61/72 73/62/73 92/81/92
f 92/81/92 73/62/73 93/82/93
f 73/62/73 74/63/74 93/82/93
f 93/82/93 74/63/74 94/83/94
f 74/63/74 75/64/75 94/83/94
f 94/83/94 75/64/75 95/84/95
f 76/65/76 96/85/96 75/64/75
f 75/64/75 96/85/96 95/84/95
f 77/66/77 97/86/97 76/65/76
f 76/65/76 97/86/97 96/85/96
f 78/67/78 98/87/98 77/66/77
f 77/66/77 98/87/98 97/86/97
f 79/68/79 99/88/99 78/67/78
f 78/67/78 99/88/99 98/87/98
f 79/68/79 80/69/80 99/88/99
f 99/88/99 80/69/80 100/89/100
f 61/51/62 81/71/82 80/69/80
f 80/69/80 81/71/82 100/89/100
f 81/71/82 82/70/81 101/91/101
f 101/91/101 82/70/81 102/90/102
f 83/72/83 103/92/103 82/70/81
f 82/70/81 103/92/103 102/90/102
f 84/73/84 104/93/104 83/72/83
f 83/72/83 104/93/104 103/92/103
f 85/366/85 105/367/105 84/73/84
f 84/73/84 105/367/105 104/93/104
f 85/74/85 86/75/86 105/94/105
f 105/94/105 86/75/86 106/95/106
f 86/75/86 87/76/87 106/95/106
f 106/95/106 87/76/87 107/96/107
f 87/76/87 88/77/88 107/96/107
f 107/96/107 88/77/88 108/97/108
f 89/78/89 109/98/109 88/77/88
f 88/77/88 109/98/109 108/97/108
f 90/79/90 110/99/110 89/78/89
f 89/78/89 110/99/110 109/98/109
f 90/79/90 91/80/91 110/99/110
f 110/99/110 91/80/91 111/100/111
f 91/80/91 92/81/92 111/100/111
f 111/100/111 92/81/92 112/101/112
f 92/81/92 93/82/93 112/101/112
f 112/101/112 93/82/93 113/102/113
f 93/82/93 94/83/94 113/102/113
f 113/102/113 94/83/94 114/103/114
f 94/83/94 95/84/95 114/103/114
f 114/103/114 95/84/95 115/104/115
f 96/85/96 116/105/116 95/84/95
f 95/84/95 116/105/116 115/104/115
f 97/86/97 117/106/117 96/85/96
f 96/85/96 117/106/117 116/105/116
f 98/87/98 118/107/118 97/86/97
f 97/86/97 118/107/118 117/106/117
f 99/88/99 119/108/119 98/87/98
f 98/87/98 119/108/119 118/107/118
f 100/89/100 120/109/120 99/88/99
f 99/88/99 120/109/120 119/108/119
f 100/89/100 81/71/82 120/109/120
f 120/109/120 81/71/82 101/91/101
f 101/91/101 102/90/102 121/111/121
f 121/111/121 102/90/102 122/110/122
f 103/92/103 123/112/123 102/90/102
f 102/90/102 123/112/123 122/110/122
f 104/93/104 124/113/124 103/92/103
f 103/92/103 124/113/124 123/112/123
f 105/367/105 125/368/125 104/93/104
f 104/93/104 125/368/125 124/113/124
f 105/94/105 106/95/106 125/114/125
f 125/114/125 106/95/106 126/115/126
f 106/95/106 107/96/107 126/115/126
f 126/115/126 107/96/107 127/116/127
f 107/96/107 108/97/108 127/116/127
f 127/116/127 108/97/108 128/117/128
f 109/98/109 129/118/129 108/97/108
f 108/97/108 129/118/129 128/117/128
f 110/99/110 130/119/130 109/98/109
f 109/98/109 130/119/130 129/118/129
f 110/99/110 111/100/111 130/119/130
f 130/119/130 111/100/111 131/120/131
f 111/100/111 112/101/112 131/120/131
f 131/120/131 112/101/112 132/121/132
f 112/101/112 113/102/113 132/121/132
f 132/121/132 113/102/113 133/122/133
f 113/102/113 114/103/114 133/122/133
f 133/122/133 114/103/114 134/123/134
f 114/103/114 115/104/115 134/123/134
f 134/123/134 115/104/115 135/124/135
f 116/105/116 136/125/136 115/104/115
f 115/104/115 136/125/136 135/124/135
f 117/106/117 137/126/137 116/105/116
f 116/105/116 137/126/137 136/125/136
f 118/107/118 138/127/138 117/106/117
f 117/106/117 138/127/138 137/126/137
f 119/108/119 139/128/139 118/107/118
f 118/107/118 139/128/139 138/127/138
f 120/109/120 140/129/140 119/108/119
f 119/108/119 140/129/140 139/128/139
f 120/109/120 101/91/101 140/129/140
f 140/129/140 101/91/101 121/111/121
f 121/111/121 122/110/122 141/131/141
f 141/131/141 122/110/122 142/130/142
f 122/110/122 123/112/123 142/130/142
f 142/130/142 123/112/123 143/132/143
f 123/112/123 124/113/124 143/132/143
f 143/132/143 124/113/124 144/133/144
f 124/113/124 125/368/125 144/133/144
f 144/133/144 125/368/125 145/369/145
f 126/115/126 146/135/146 125/114/125
f 125/114/125 146/135/146 145/134/145
f 127/116/127 147/136/147 126/115/126
f 126/115/126 147/136/147 146/135/146
f 128/117/128 148/137/148 127/116/127
f 127/116/127 148/137/148 147/136/147
f 129/118/129 149/138/149 128/117/128
f 128/117/128 149/138/149 148/137/148
f 130/119/130 150/139/150 129/118/129
f 129/118/129 150/139/150 149/138/149
f 130/119/130 131/120/131 150/139/150
f 150/139/150 131/120/131 151/140/151
f 131/120/131 132/121/132 151/140/151
f 151/140/151 132/121/132 152/141/152
f 132/121/132 133/122/133 152/141/152
f 152/141/152 133/122/133 153/142/153
f 133/122/133 134/123/134 153/142/153
f 153/142/153 134/123/134 154/143/154
f 134/123/134 135/124/135 154/143/154
f 154/143/154 135/124/135 155/144/155
f 136/125/136 156/145/156 135/124/135
f 135/124/135 156/145/156 155/144/155
f 137/126/137 157/146/157 136/125/136
f 136/125/136 157/146/157 156/145/156
f 138/127/138 158/147/158 137/126/137
f 137/126/137 158/147/158 157/146/157
f 139/128/139 159/148/159 138/127/138
f 138/127/138 159/148/159 158/147/158
f 140/129/140 160/149/160 139/128/139
f 139/128/139 160/149/160 159/148/159
f 140/129/140 121/111/121 160/149/160
f 160/149/160 121/111/121 141/131/141
f 141/131/141 142/130/142 161/151/161
f 161/151/161 142/130/142 162/150/162
f 142/130/142 143/132/143 162/150/162
f 162/150/162 143/132/143 163/152/163
f 143/132/143 144/133/144 163/152/163
f 163/152/163 144/133/144 164/153/164
f 144/133/144 145/369/145 164/153/164
f 164/153/164 145/369/145 165/370/165
f 146/135/146 166/155/166 145/134/145
f 145/134/145 166/155/166 165/154/165
f 147/136/147 167/156/167 146/135/146
f 146/135/146 167/156/167 166/155/166
f 148/137/148 168/157/168 147/136/147
f 147/136/147 168/157/168 167/156/167
f 149/138/149 169/158/169 148/137/148
f 148/137/148 169/158/169 168/157/168
f 150/139/150 170/159/170 149/138/149
f 149/138/149 170/159/170 169/158/169
f 150/139/150 151/140/151 170/159/170
f 170/159/170 151/140/151 171/160/171
f 151/140/151 152/141/152 171/160/171
f 171/160/171 152/141/152 172/161/172
f 152/141/152 153/142/153 172/161/172
f 172/161/172 153/142/153 173/162/173
f 153/142/153 154/143/154 173/162/173
f 173/162/173 154/143/154 174/163/174
f 154/143/154 155/144/155 174/163/174
f 174/163/174 155/144/155 175/164/175
f 156/145/156 176/165/176 155/144/155
f 155/144/155 176/165/176 175/164/175
f 157/146/157 177/166/177 156/145/156
f 156/145/156 177/166/177 176/165/176
f 158/147/158 178/167/178 157/146/157
f 157/146/157 178/167/178 177/166/177
f 159/148/159 179/168/179 158/147/158
f 158/147/158 179/168/179 178/167/178
f 160/149/160 180/169/180 159/148/159
f 159/148/159 180/169/180 179/168/179
f 160/149/160 141/131/141 180/169/180
f 180/169/180 141/131/141 161/151/161
f 161/151/161 162/150/162 181/171/181
f 181/171/181 162/150/162 182/170/182
f 162/150/162 163/152/163 182/170/182
f 182/170/182 163/152/163 183/172/183
f 163/152/163 164/153/164 183/172/183
f 183/172/183 164/153/164 184/173/184
f 164/153/164 165/370/165 184/173/184
f 184/173/184 165/370/165 185/371/185
f 166/155/166 186/175/186 165/154/165
f 165/154/165 186/175/186 185/174/185
f 167/156/167 187/176/187 166/155/166
f 166/155/166 187/176/187 186/175/186
f 168/157/168 188/177/188 167/156/167
f 167/156/167 188/177/188 187/176/187
f 169/158/169 189/178/189 168/157/168
f 168/157/168 189/178/189 188/177/188
f 170/159/170 190/179/190 169/158/169
f 169/158/169 190/179/190 189/178/189
f 170/159/170 171/160/171 190/179/190
f 190/179/190 171/160/171 191/180/191
f 171/160/171 172/161/172 191/180/191
f 191/180/191 172/161/172 192/181/192
f 172/161/172 173/162/173 192/181/192
f 192/181/192 173/162/173 193/182/193
f 173/162/173 174/163/174 193/182/193
f 193/182/193 174/163/174 194/183/194
f 174/163/174 175/164/175 194/183/194
f 194/183/194 175/164/175 195/184/195
f 176/165/176 196/185/196 175/164/175
f 175/164/175 196/185/196 195/184/195
f 177/166/177 197/186/197 176/165/176
f 176/165/176 197/186/197 196/185/196
f 178/167/178 198/187/198 177/166/177
f 177/166/177 198/187/198 197/186/197
f 179/168/179 199/188/199 178/167/178
f 178/167/178 199/188/199 198/187/198
f 180/169/180 200/189/200 179/168/179
f 179/168/179 200/189/200 199/188/199
f 180/169/180 161/151/161 200/189/200
f 200/189/200 161/151/161 181/171/181
f 181/171/181 182/170/182 201/191/201
f 201/191/201 182/170/182 202/190/202
f 182/170/182 183/172/183 202/190/202
f 202/190/202 183/172/183 203/192/203
f 183/172/183 184/173/184 203/192/203
f 203/192/203 184/173/184 204/193/204
f 184/173/184 185/371/185 204/193/204
f 204/193/204 185/371/185 205/372/205
f 186/175/186 206/195/206 185/174/185
f 185/174/185 206/195/206 205/194/205
f 187/176/187 207/196/207 186/175/186
f 186/175/186 207/196/207 206/195/206
f 188/177/188 208/197/208 187/176/187
f 187/176/187 208/197/208 207/196/207
f 189/178/189 209/198/209 188/177/188
f 188/177/188 209/198/209 208/197/208
f 190/179/190 210/199/210 189/178/189
f 189/178/189 210/199/210 209/198/209
f 190/179/190 191/180/191 210/199/210
f 210/199/210 191/180/191 211/200/211
f 191/180/191 192/181/192 211/200/211
f 211/200/211 192/181/192 212/201/212
f 192/181/192 193/182/193 212/201/212
f 212/201/212 193/182/193 213/202/213
f 193/182/193 194/183/194 213/202/213
f 213/202/213 194/183/194 214/203/214
f 194/183/194 195/184/195 214/203/214
f 214/203/214 195/184/195 215/204/215
f 196/185/196 216/205/216 195/184/195
f 195/184/195 216/205/216 215/204/215
f 197/186/197 217/206/217 196/185/196
f 196/185/196 217/206/217 216/205/216
f 198/187/198 218/207/218 197/186/197
f 197/186/197 218/207/218 217/206/217
f 199/188/199 219/208/219 198/187/198
f 198/187/198 219/208/219 218/207/218
f 200/189/200 220/209/220 199/188/199
f 199/188/199 220/209/220 219/208/219
f 200/189/200 181/171/181 220/209/220
f 220/209/220 181/171/181 201/191/201
f 201/191/201 202/190/202 221/211/221
f 221/211/221 202/190/202 222/210/222
f 202/190/202 203/192/203 222/210/222
f 222/210/222 203/192/203 223/212/223
f 203/192/203 204/193/204 223/212/223
f 223/212/223 204/193/204 224/213/224
f 204/193/204 205/372/205 224/213/224
f 224/213/224 205/372/205 225/373/225
f 206/195/206 226/215/226 205/194/205
f 205/194/205 226/215/226 225/214/225
f 207/196/207 227/216/227 206/195/206
f 206/195/206 227/216/227 226/215/226
f 208/197/208 228/217/228 207/196/207
f 207/196/207 228/217/228 227/216/227
f 209/198/209 229/218/229 208/197/208
f 208/197/208 229/218/229 228/217/228
f 210/199/210 230/219/230 209/198/209
f 209/198/209 230/219/230 229/218/229
f 210/199/210 211/200/211 230/219/230
f 230/219/230 211/200/211 231/220/231
f 211/200/211 212/201/212 231/220/231
f 231/220/231 212/201/212 232/221/232
f 212/201/212 213/202/213 232/221/232
f 232/221/232 213/202/213 233/222/233
f 213/202/213 214/203/214 233/222/233
f 233/222/233 214/203/214 234/223/234
f 214/203/214 215/204/215 234/223/234
f 234/223/234 215/204/215 235/224/235
f 216/205/216 236/225/236 215/204/215
f 215/204/215 236/225/236 235/224/235
f 217/206/217 237/226/237 216/205/216
f 216/205/216 237/226/237 236/225/236
f 218/207/218 238/227/238 217/206/217
f 217/206/217 238/227/238 237/226/237
f 219/208/219 239/228/239 218/207/218
f 218/207/218 239/228/239 238/227/238
f 220/209/220 240/229/240 219/208/219
f 219/208/219 240/229/240 239/228/239
f 220/209/220 201/191/201 240/229/240
f 240/229/240 201/191/201 221/211/221
f 221/211/221 222/210/222 241/231/241
f 241/231/241 222/210/222 242/230/242
f 222/210/222 223/212/223 242/230/242
f 242/230/242 223/212/223 243/232/243
f 223/212/223 224/213/224 243/232/243
f 243/232/243 224/213/224 244/233/244
f 224/213/224 225/373/225 244/233/244
f 244/233/244 225/373/225 245/374/245
f 226/215/226 246/235/246 225/214/225
f 225/214/225 246/235/246 245/234/245
f 227/216/227 247/236/247 226/215/226
f 226/215/226 247/236/247 246/235/246
f 228/217/228 248/237/248 227/216/227
f 227/216/227 248/237/248 247/236/247
f 229/218/229 249/238/249 228/217/228
f 228/217/228 249/238/249 248/237/248
f 230/219/230 250/239/250 229/218/229
f 229/218/229 250/239/250 249/238/249
f 230/219/230 231/220/231 250/239/250
f 250/239/250 231/220/231 251/240/251
f 232/221/232 252/241/252 231/220/231
f 231/220/231 252/241/252 251/240/251
f 233/222/233 253/242/253 232/221/232
f 232/221/232 253/242/253 252/241/252
f 233/222/233 234/223/234 253/242/253
f 253/242/253 234/223/234 254/243/254
f 234/223/234 235/224/235 254/243/254
f 254/243/254 235/224/235 255/244/255
f 236/225/236 256/245/256 235/224/235
f 235/224/235 256/245/256 255/244/255
f 237/226/237 257/246/257 236/225/236
f 236/225/236 257/246/257 256/245/256
f 237/226/237 238/227/238 257/246/257
f 257/246/257 238/227/238 258/247/258
f 238/227/238 239/228/239 258/247/258
f 258/247/258 239/228/239 259/248/259
f 240/229/240 260/249/260 239/228/239
f 239/228/239 260/249/260 259/248/259
f 240/229/240 221/211/221 260/249/260
f 260/249/260 221/211/221 241/231/241
f 241/231/241 242/230/242 261/251/261
f 261/251/261 242/230/242 262/250/262
f 242/230/242 243/232/243 262/250/262
f 262/250/262 243/232/243 263/252/263
f 243/232/243 244/233/244 263/252/263
f 263/252/263 244/233/244 264/253/264
f 244/233/244 245/374/245 264/253/264
f 264/253/264 245/374/245 265/375/265
f 246/235/246 266/255/266 245/234/245
f 245/234/245 266/255/266 265/254/265
f 247/236/247 267/256/267 246/235/246
f 246/235/246 267/256/267 266/255/266
f 248/237/248 268/257/268 247/236/247
f 247/236/247 268/257/268 267/256/267
f 249/238/249 269/258/269 248/237/248
f 248/237/248 269/258/269 268/257/268
f 250/239/250 270/259/270 249/238/249
f 249/238/249 270/259/270 269/258/269
f 251/240/251 271/260/271 250/239/250
f 250/239/250 271/260/271 270/259/270
f 252/241/252 272/261/272 251/240/251
f 251/240/251 272/261/272 271/260/271
f 253/242/253 273/262/273 252/241/252
f 252/241/252 273/262/273 272/261/272
f 253/242/253 254/243/254 273/262/273
f 273/262/273 254/243/254 274/263/274
f 254/243/254 255/244/255 274/263/274
f 274/263/274 255/244/255 275/264/275
f 256/245/256 276/265/276 255/244/255
f 255/244/255 276/265/276 275/264/275
f 257/246/257 277/266/277 256/245/256
f 256/245/256 277/266/277 276/265/276
f 257/246/257 258/247/258 277/266/277
f 277/266/277 258/247/258 278/267/278
f 258/247/258 259/248/259 278/267/278
f 278/267/278 259/248/259 279/268/279
f 259/248/259 260/249/260 279/268/279
f 279/268/279 260/249/260 280/269/280
f 260/249/260 241/231/241 280/269/280
f 280/269/280 241/231/241 261/251/261
f 262/250/262 282/270/281 261/251/261
f 261/251/261 282/270/281 281/271/282
f 262/250/262 263/252/263 282/270/281
f 282/270/281 263/252/263 283/272/283
f 263/252/263 264/253/264 283/272/283
f 283/272/283 264/253/264 284/273/284
f 264/253/264 265/375/265 284/273/284
f 284/273/284 265/375/265 285/376/285
f 266/255/266 286/275/286 265/254/265
f 265/254/265 286/275/286 285/274/285
f 267/256/267 287/276/287 266/255/266
f 266/255/266 287/276/287 286/275/286
f 268/257/268 288/277/288 267/256/267
f 267/256/267 288/277/288 287/276/287
f 268/257/268 269/258/269 288/277/288
f 288/277/288 269/258/269 289/278/289
f 269/258/269 270/259/270 289/278/289
f 289/278/289 270/259/270 290/279/290
f 271/260/271 291/280/291 270/259/270
f 270/259/270 291/280/291 290/279/290
f 272/261/272 292/281/292 271/260/271
f 271/260/271 292/281/292 291/280/291
f 273/262/273 293/282/293 272/261/272
f 272/261/272 293/282/293 292/281/292
f 273/262/273 274/263/274 293/282/293
f 293/282/293 274/263/274 294/283/294
f 274/263/274 275/264/275 294/283/294
f 294/283/294 275/264/275 295/284/295
f 276/265/276 296/285/296 275/264/275
f 275/264/275 296/285/296 295/284/295
f 277/266/277 297/286/297 276/265/276
f 276/265/276 297/286/297 296/285/296
f 277/266/277 278/267/278 297/286/297
f 297/286/297 278/267/278 298/287/298
f 278/267/278 279/268/279 298/287/298
f 298/287/298 279/268/279 299/288/299
f 279/268/279 280/269/280 299/288/299
f 299/288/299 280/269/280 300/289/300
f 261/251/261 281/271/282 280/269/280
f 280/269/280 281/271/282 300/289/300
f 282/270/281 302/290/301 281/271/282
f 281/271/282 302/290/301 301/291/302
f 282/270/281 283/272/283 302/290/301
f 302/290/301 283/272/283 303/292/303
f 283/272/283 284/273/284 303/292/303
f 303/292/303 284/273/284 304/293/304
f 284/273/284 285/376/285 304/293/304
f 304/293/304 285/376/285 305/377/305
f 286/275/286 306/295/306 285/274/285
f 285/274/285 306/295/306 305/294/305
f 287/276/287 307/296/307 286/275/286
f 286/275/286 307/296/307 306/295/306
f 288/277/288 308/297/308 287/276/287
f 287/276/287 308/297/308 307/296/307
f 288/277/288 289/278/289 308/297/308
f 308/297/308 289/278/289 309/298/309
f 289/278/289 290/279/290 309/298/309
f 309/298/309 290/279/290 310/299/310
f 291/280/291 311/300/311 290/279/290
f 290/279/290 311/300/311 310/299/310
f 292/281/292 312/301/312 291/280/291
f 291/280/291 312/301/312 311/300/311
f 293/282/293 313/302/313 292/281/292
f 292/281/292 313/302/313 312/301/312
f 293/282/293 294/283/294 313/302/313
f 313/302/313 294/283/294 314/303/314
f 294/283/294 295/284/295 314/303/314
f 314/303/314 295/284/295 315/304/315
f 296/285/296 316/305/316 295/284/295
f 295/284/295 316/305/316 315/304/315
f 297/286/297 317/306/317 296/285/296
f 296/285/296 317/306/317 316/305/316
f 297/286/297 298/287/298 317/306/317
f 317/306/317 298/287/298 318/307/318
f 298/287/298 299/288/299 318/307/318
f 318/307/318 299/288/299 319/308/319
f 299/288/299 300/289/300 319/308/319
f 319/308/319 300/289/300 320/309/320
f 281/271/282 301/291/302 300/289/300
f 300/289/300 301/291/302 320/309/320
f 302/290/301 322/310/321 301/291/302
f 301/291/302 322/310/321 321/311/322
f 302/290/301 303/292/303 322/310/321
f 322/310/321 303/292/303 323/312/323
f 303/292/303 304/293/304 323/312/323
f 323/312/323 304/293/304 324/313/324
f 304/293/304 305/377/305 324/313/324
f 324/313/324 305/377/305 325/378/325
f 306/295/306 326/315/326 305/294/305
f 305/294/305 326/315/326 325/314/325
f 307/296/307 327/316/327 306/295/306
f 306/295/306 327/316/327 326/315/326
f 308/297/308 328/317/328 307/296/307
f 307/296/307 328/317/328 327/316/327
f 308/297/308 309/298/309 328/317/328
f 328/317/328 309/298/309 329/318/329
f 309/298/309 310/299/310 329/318/329
f 329/318/329 310/299/310 330/319/330
f 311/300/311 331/320/331 310/299/310
f 310/299/310 331/320/331 330/319/330
f 312/301/312 332/321/332 311/300/311
f 311/300/311 332/321/332 331/320/331
f 313/302/313 333/322/333 312/301/312
f 312/301/312 333/322/333 332/321/332
f 313/302/313 314/303/314 333/322/333
f 333/322/333 314/303/314 334/323/334
f 314/303/314 315/304/315 334/323/334
f 334/323/334 315/304/315 335/324/335
f 316/305/316 336/325/336 315/304/315
f 315/304/315 336/325/336 335/324/335
f 317/306/317 337/326/337 316/305/316
f 316/305/316 337/326/337 336/325/336
f 317/306/317 318/307/318 337/326/337
f 337/326/337 318/307/318 338/327/338
f 318/307/318 319/308/319 338/327/338
f 338/327/338 319/308/319 339/328/339
f 319/308/319 320/309/320 339/328/339
f 339/328/339 320/309/320 340/329/340
f 301/291/302 321/311/322 320/309/320
f 320/309/320 321/311/322 340/329/340
f 322/310/321 342/330/341 321/311/322
f 321/311/322 342/330/341 341/331/342
f 323/312/323 343/332/343 322/310/321
f 322/310/321 343/332/343 342/330/341
f 323/312/323 324/313/324 343/332/343
f 343/332/343 324/313/324 344/333/344
f 324/313/324 325/378/325 344/333/344
f 344/333/344 325/378/325 345/379/345
f 326/315/326 346/335/346 325/314/325
f 325/314/325 346/335/346 345/334/345
f 327/316/327 347/336/347 326/315/326
f 326/315/326 347/336/347 346/335/346
f 327/316/327 328/317/328 347/336/347
f 347/336/347 328/317/328 348/337/348
f 328/317/328 329/318/329 348/337/348
f 348/337/348 329/318/329 349/338/349
f 330/319/330 350/339/350 329/318/329
f 329/318/329 350/339/350 349/338/349
f 331/320/331 351/340/351 330/319/330
f 330/319/330 351/340/351 350/339/350
f 332/321/332 352/341/352 331/320/331
f 331/320/331 352/341/352 351/340/351
f 332/321/332 333/322/333 352/341/352
f 352/341/352 333/322/333 353/342/353
f 333/322/333 334/323/334 353/342/353
f 353/342/353 334/323/334 354/343/354
f 334/323/334 335/324/335 354/343/354
f 354/343/354 335/324/335 355/344/355
f 336/325/336 356/345/356 335/324/335
f 335/324/335 356/345/356 355/344/355
f 337/326/337 357/346/357 336/325/336
f 336/325/336 357/346/357 356/345/356
f 338/327/338 358/347/358 337/326/337
f 337/326/337 358/347/358 357/346/357
f 338/327/338 339/328/339 358/347/358
f 358/347/358 339/328/339 359/348/359
f 339/328/339 340/329/340 359/348/359
f 359/348/359 340/329/340 360/349/360
f 340/329/340 321/311/322 360/349/360
f 360/349/360 321/311/322 341/331/342
f 342/330/341 362/392/361 341/331/342
f 341/331/342 362/392/361 361/403/362
f 343/332/343 363/393/363 342/330/341
f 342/330/341 363/393/363 362/392/361
f 344/333/344 364/394/364 343/332/343
f 343/332/343 364/394/364 363/393/363
f 345/379/345 365/395/365 344/333/344
f 344/333/344 365/395/365 364/394/364
f 345/334/345 346/335/346 365/350/365
f 365/350/365 346/335/346 366/351/366
f 346/335/346 347/336/347 366/351/366
f 366/351/366 347/336/347 367/352/367
f 347/336/347 348/337/348 367/352/367
f 367/352/367 348/337/348 368/353/368
f 348/337/348 349/338/349 368/353/368
f 368/353/368 349/338/349 369/354/369
f 350/339/350 370/355/370 349/338/349
f 349/338/349 370/355/370 369/354/369
f 351/340/351 371/356/371 350/339/350
f 350/339/350 371/356/371 370/355/370
f 351/340/351 352/341/352 371/356/371
f 371/356/371 352/341/352 372/357/372
f 352/341/352 353/342/353 372/357/372
f 372/357/372 353/342/353 373/358/373
f 353/342/353 354/343/354 373/358/373
f 373/358/373 354/343/354 374/359/374
f 354/343/354 355/344/355 374/359/374
f 374/359/374 355/344/355 375/396/375
f 356/345/356 376/398/376 355/344/355
f 355/344/355 376/398/376 375/396/375
f 357/346/357 377/399/377 356/345/356
f 356/345/356 377/399/377 376/398/376
f 358/347/358 378/400/378 357/346/357
f 357/346/357 378/400/378 377/399/377
f 359/348/359 379/401/379 358/347/358
f 358/347/358 379/401/379 378/400/378
f 359/348/359 360/349/360 379/401/379
f 379/401/379 360/349/360 380/402/380
f 360/349/360 341/331/342 380/402/380
f 380/402/380 341/331/342 361/403/362
f 2/381/1 1/380/3 381/390/381
f 3/382/5 2/381/1 381/390/381
f 4/383/7 3/382/5 381/390/381
f 5/362/9 4/383/7 381/390/381
f 6/7/11 5/5/9 381/360/381
f 7/9/13 6/7/11 381/360/381
f 8/11/15 7/9/13 381/360/381
f 9/13/17 8/11/15 381/360/381
f 10/15/19 9/13/17 381/360/381
f 11/17/21 10/15/19 381/360/381
f 12/19/23 11/17/21 381/360/381
f 13/21/25 12/19/23 381/360/381
f 14/384/27 13/21/25 381/360/381
f 15/385/29 14/384/27 381/390/381
f 16/386/31 15/385/29 381/390/381
f 17/387/33 16/386/31 381/390/381
f 18/388/35 17/387/33 381/390/381
f 19/389/37 18/388/35 381/390/381
f 20/391/39 19/389/37 381/390/381
f 1/380/3 20/391/39 381/390/381
f 361/403/362 362/392/361 382/404/382
f 362/392/361 363/393/363 382/404/382
f 363/393/363 364/394/364 382/404/382
f 364/394/364 365/395/365 382/404/382
f 365/350/365 366/351/366 382/361/382
f 366/351/366 367/352/367 382/361/382
f 367/352/367 368/353/368 382/361/382
f 368/353/368 369/354/369 382/361/382
f 369/354/369 370/355/370 382/361/382
f 370/355/370 371/356/371 382/361/382
f 371/356/371 372/357/372 382/361/382
f 372/357/372 373/358/373 382/361/382
f 373/358/373 374/359/374 382/361/382
f 374/397/374 375/396/375 382/404/382
f 375/396/375 376/398/376 382/404/382
f 376/398/376 377/399/377 382/404/382
f 377/399/377 378/400/378 382/404/382
f 378/400/378 379/401/379 382/404/382
f 379/401/379 380/402/380 382/404/382
f 380/402/380 361/403/362 382/404/382
g default
v 0.111147 0.152766 -0.033034
v 0.094547 0.149467 -0.067396
v 0.068693 0.146849 -0.093889
v 0.036114 0.145168 -0.110576
v 0.000000 0.144589 -0.116266
v -0.036114 0.145168 -0.110576
v -0.068693 0.146849 -0.093889
v -0.094547 0.149467 -0.067396
v -0.111147 0.152766 -0.033034
v -0.117990 0.156423 0.006392
v -0.120808 0.160080 0.046478
v -0.114626 0.162137 0.083952
v -0.088953 0.151885 0.120909
v -0.042347 0.127704 0.156043
v -0.000000 0.117663 0.169157
v 0.042347 0.127704 0.156042
v 0.088953 0.151885 0.120909
v 0.114626 0.162137 0.083952
v 0.120808 0.160080 0.046478
v 0.117990 0.156423 0.006392
v 0.113262 0.171648 -0.037354
v 0.096347 0.168286 -0.071397
v 0.070000 0.165618 -0.097780
v 0.036801 0.163905 -0.114609
v 0.000000 0.163315 -0.120408
v -0.036801 0.163905 -0.114609
v -0.070000 0.165618 -0.097780
v -0.096347 0.168286 -0.071397
v -0.113262 0.171648 -0.037354
v -0.119798 0.176593 0.001446
v -0.121838 0.184576 0.040121
v -0.115301 0.190465 0.075639
v -0.089611 0.183382 0.109076
v -0.043039 0.159090 0.141219
v -0.000000 0.147523 0.154326
v 0.043039 0.159090 0.141219
v 0.089611 0.183382 0.109076
v 0.115301 0.190465 0.075639
v 0.121838 0.184576 0.040121
v 0.119798 0.176593 0.001446
v 0.119286 0.187516 -0.041951
v 0.101471 0.183975 -0.076908
v 0.073723 0.181166 -0.104513
v 0.038758 0.179362 -0.122237
v 0.000000 0.178740 -0.128344
v -0.038758 0.179362 -0.122237
v -0.073723 0.181166 -0.104513
v -0.101471 0.183975 -0.076908
v -0.119286 0.187516 -0.041951
v -0.125654 0.192634 -0.002157
v -0.126631 0.203632 0.037165
v -0.119839 0.212799 0.072652
v -0.093713 0.209935 0.103929
v -0.045633 0.190629 0.131740
v -0.000000 0.181416 0.143071
v 0.045633 0.190629 0.131740
v 0.093713 0.209935 0.103929
v 0.119839 0.212799 0.072652
v 0.126631 0.203632 0.037165
v 0.125654 0.192634 -0.002157
v 0.128300 0.197954 -0.046130
v 0.109139 0.194146 -0.083543
v 0.079294 0.191124 -0.113235
v 0.041687 0.189184 -0.132298
v 0.000000 0.188515 -0.138867
v -0.041687 0.189184 -0.132298
v -0.079294 0.191124 -0.113235
v -0.109139 0.194146 -0.083543
v -0.128300 0.197954 -0.046130
v -0.134903 0.202471 -0.004158
v -0.134374 0.214151 0.037621
v -0.127355 0.225647 0.074889
v -0.100510 0.226837 0.106064
v -0.049690 0.215783 0.130164
v -0.000000 0.212227 0.138766
v 0.049690 0.215784 0.130164
v 0.100510 0.226836 0.106064
v 0.127355 0.225647 0.074889
v 0.134374 0.214151 0.037621
v 0.134903 0.202471 -0.004158
v 0.138934 0.201374 -0.049951
v 0.118184 0.197250 -0.090465
v 0.085866 0.193978 -0.122617
v 0.045142 0.191877 -0.143260
v 0.000000 0.191153 -0.150374
v -0.045142 0.191877 -0.143260
v -0.085866 0.193978 -0.122617
v -0.118184 0.197250 -0.090465
v -0.138934 0.201374 -0.049951
v -0.146084 0.205945 -0.004868
v -0.143841 0.215606 0.040512
v -0.136615 0.227928 0.080819
v -0.108974 0.231634 0.113795
v -0.054735 0.224278 0.137800
v -0.000000 0.224223 0.145439
v 0.054735 0.224279 0.137800
v 0.108974 0.231634 0.113795
v 0.136615 0.227928 0.080819
v 0.143841 0.215606 0.040512
v 0.146084 0.205945 -0.004868
v 0.149568 0.197255 -0.053005
v 0.127230 0.192815 -0.096620
v 0.092438 0.189292 -0.131233
v 0.048597 0.187030 -0.153456
v 0.000000 0.186251 -0.161113
v -0.048597 0.187030 -0.153456
v -0.092438 0.189292 -0.131233
v -0.127230 0.192815 -0.096620
v -0.149568 0.197255 -0.053005
v -0.157265 0.202176 -0.004657
v -0.153573 0.209450 0.044749
v -0.146252 0.220956 0.088679
v -0.118424 0.225037 0.124778
v -0.060151 0.213565 0.152900
v -0.000000 0.210006 0.162912
v 0.060151 0.213565 0.152901
v 0.118424 0.225037 0.124778
v 0.146252 0.220956 0.088679
v 0.153573 0.209450 0.044749
v 0.157265 0.202176 -0.004657
v 0.158582 0.186223 -0.054826
v 0.134898 0.181516 -0.101070
v 0.098009 0.177781 -0.137769
v 0.051527 0.175382 -0.161331
v 0.000000 0.174556 -0.169450
v -0.051527 0.175382 -0.161331
v -0.098009 0.177781 -0.137769
v -0.134898 0.181516 -0.101070
v -0.158582 0.186223 -0.054826
v -0.166743 0.191441 -0.003392
v -0.162075 0.197382 0.049581
v -0.154938 0.206789 0.097115
v -0.127219 0.210645 0.136658
v -0.065111 0.191053 0.171943
v -0.000000 0.177633 0.188119
v 0.065111 0.191053 0.171942
v 0.127220 0.210645 0.136658
v 0.154938 0.206789 0.097115
v 0.162075 0.197382 0.049581
v 0.166743 0.191441 -0.003392
v 0.164606 0.169959 -0.055138
v 0.140022 0.165073 -0.103138
v 0.101732 0.161196 -0.141231
v 0.053484 0.158706 -0.165689
v 0.000000 0.157848 -0.174116
v -0.053484 0.158706 -0.165689
v -0.101732 0.161196 -0.141231
v -0.140022 0.165073 -0.103138
v -0.164606 0.169959 -0.055138
v -0.173077 0.175374 -0.001400
v -0.168045 0.180937 0.054562
v -0.161519 0.187671 0.105072
v -0.134038 0.190946 0.147837
v -0.068881 0.165356 0.190560
v -0.000000 0.144048 0.212714
v 0.068881 0.165356 0.190560
v 0.134038 0.190946 0.147837
v 0.161519 0.187671 0.105072
v 0.168045 0.180937 0.054562
v 0.173077 0.175374 -0.001400
v 0.166721 0.150938 -0.053892
v 0.141821 0.145989 -0.102510
v 0.103039 0.142062 -0.141092
v 0.054171 0.139541 -0.165864
v 0.000000 0.138672 -0.174400
v -0.054171 0.139541 -0.165864
v -0.103039 0.142062 -0.141092
v -0.141821 0.145989 -0.102509
v -0.166721 0.150938 -0.053892
v -0.175301 0.156423 0.001434
v -0.170611 0.161908 0.059370
v -0.165108 0.166857 0.111760
v -0.137792 0.168231 0.157183
v -0.070818 0.138233 0.206547
v -0.000000 0.116799 0.230675
v 0.070818 0.138233 0.206547
v 0.137792 0.168231 0.157183
v 0.165108 0.166857 0.111760
v 0.170611 0.161908 0.059370
v 0.175301 0.156423 0.001434
v 0.164606 0.132056 -0.050950
v 0.140022 0.127170 -0.099280
v 0.101732 0.123293 -0.137373
v 0.053484 0.120803 -0.161831
v 0.000000 0.119946 -0.170258
v -0.053484 0.120803 -0.161831
v -0.101732 0.123293 -0.137373
v -0.140022 0.127170 -0.099280
v -0.164606 0.132056 -0.050950
v -0.173077 0.137472 0.005028
v -0.169475 0.142765 0.063575
v -0.165162 0.146330 0.116468
v -0.137748 0.143596 0.164430
v -0.070508 0.106702 0.219992
v -0.000000 0.086045 0.244540
v 0.070508 0.106702 0.219992
v 0.137748 0.143596 0.164430
v 0.165162 0.146330 0.116467
v 0.169475 0.142765 0.063575
v 0.173077 0.137472 0.005028
v 0.158582 0.116188 -0.046400
v 0.134898 0.111481 -0.093941
v 0.098009 0.107745 -0.130641
v 0.051526 0.105347 -0.154203
v 0.000000 0.104521 -0.162322
v -0.051526 0.105347 -0.154203
v -0.098009 0.107745 -0.130641
v -0.134898 0.111481 -0.093941
v -0.158582 0.116188 -0.046400
v -0.166743 0.121405 0.009042
v -0.164897 0.126211 0.066630
v -0.161546 0.127866 0.118957
v -0.133729 0.118249 0.169575
v -0.067895 0.070610 0.229708
v -0.000000 0.044924 0.254348
v 0.067895 0.070611 0.229708
v 0.133729 0.118249 0.169575
v 0.161546 0.127866 0.118957
v 0.164897 0.126211 0.066630
v 0.166743 0.121405 0.009042
v 0.149568 0.105749 -0.040869
v 0.127230 0.101310 -0.086777
v 0.092438 0.097787 -0.121919
v 0.048597 0.095525 -0.144142
v 0.000000 0.094746 -0.151799
v -0.048597 0.095525 -0.144142
v -0.092438 0.097787 -0.121919
v -0.127230 0.101310 -0.086777
v -0.149568 0.105749 -0.040869
v -0.157265 0.110670 0.012666
v -0.157566 0.114144 0.068157
v -0.154605 0.113148 0.119249
v -0.126381 0.095585 0.171872
v -0.063359 0.037198 0.232387
v -0.000000 0.006847 0.254054
v 0.063359 0.037198 0.232387
v 0.126381 0.095586 0.171871
v 0.154605 0.113148 0.119248
v 0.157566 0.114144 0.068157
v 0.157265 0.110670 0.012666
v 0.138934 0.102329 -0.035424
v 0.118184 0.098206 -0.078995
v 0.085866 0.094933 -0.112308
v 0.045142 0.092832 -0.133179
v 0.000000 0.092108 -0.140292
v -0.045142 0.092832 -0.133179
v -0.085866 0.094933 -0.112308
v -0.118184 0.098206 -0.078995
v -0.138934 0.102329 -0.035424
v -0.146084 0.106901 0.015290
v -0.148475 0.107982 0.067910
v -0.145237 0.103820 0.117396
v -0.117309 0.080204 0.170248
v -0.057805 0.019917 0.226811
v -0.000000 -0.007921 0.244940
v 0.057805 0.019917 0.226811
v 0.117309 0.080204 0.170248
v 0.145237 0.103820 0.117396
v 0.148475 0.107982 0.067910
v 0.146084 0.106901 0.015290
v 0.128300 0.106449 -0.031230
v 0.109139 0.102641 -0.072009
v 0.079294 0.099619 -0.103235
v 0.041687 0.097678 -0.122812
v 0.000000 0.097010 -0.129553
v -0.041687 0.097678 -0.122812
v -0.079294 0.099619 -0.103235
v -0.109139 0.102641 -0.072009
v -0.128300 0.106449 -0.031230
v -0.135383 0.110375 0.016116
v -0.138857 0.108952 0.065661
v -0.134871 0.102357 0.113141
v -0.107453 0.077466 0.164084
v -0.052141 0.025905 0.215326
v -0.000000 0.004583 0.231808
v 0.052141 0.025905 0.215326
v 0.107453 0.077466 0.164084
v 0.134871 0.102357 0.113141
v 0.138857 0.108952 0.065661
v 0.135383 0.110375 0.016116
v 0.119286 0.117481 -0.029287
v 0.101471 0.113940 -0.067339
v 0.073723 0.111130 -0.096472
v 0.038758 0.109326 -0.114778
v 0.000000 0.108705 -0.121043
v -0.038758 0.109326 -0.114778
v -0.073723 0.111130 -0.096472
v -0.101471 0.113940 -0.067339
v -0.119286 0.117481 -0.029287
v -0.126413 0.120298 0.014863
v -0.130136 0.118328 0.061092
v -0.125261 0.111864 0.105820
v -0.098525 0.091283 0.152744
v -0.047193 0.054611 0.197967
v -0.000000 0.041267 0.213104
v 0.047193 0.054611 0.197967
v 0.098525 0.091283 0.152744
v 0.125261 0.111864 0.105820
v 0.130136 0.118328 0.061092
v 0.126413 0.120298 0.014863
v 0.113262 0.133745 -0.030020
v 0.096347 0.130383 -0.065754
v 0.070000 0.127715 -0.093236
v 0.036801 0.126003 -0.110579
v 0.000000 0.125412 -0.116442
v -0.036801 0.126003 -0.110579
v -0.070000 0.127715 -0.093236
v -0.096347 0.130383 -0.065754
v -0.113262 0.133745 -0.030020
v -0.120336 0.136302 0.011385
v -0.123745 0.136133 0.054304
v -0.118105 0.133328 0.095332
v -0.092031 0.119091 0.136957
v -0.043769 0.092880 0.176056
v -0.000000 0.083762 0.189497
v 0.043769 0.092881 0.176056
v 0.092031 0.119091 0.136957
v 0.118105 0.133328 0.095332
v 0.123745 0.136133 0.054304
v 0.120336 0.136302 0.011385
vt 0.000000 1.000000
vt 0.050000 1.000000
vt 0.100000 1.000000
vt 0.150000 1.000000
vt 0.200000 1.000000
vt 0.250000 1.000000
vt 0.300000 1.000000
vt 0.350000 1.000000
vt 0.400000 1.000000
vt 0.450000 1.000000
vt 0.500000 1.000000
vt 0.550000 1.000000
vt 0.600000 1.000000
vt 0.650000 1.000000
vt 0.700000 1.000000
vt 0.750000 1.000000
vt 0.800000 1.000000
vt 0.850000 1.000000
vt 0.900000 1.000000
vt 0.950000 1.000000
vt 1.000000 1.000000
vt 0.000000 0.937500
vt 0.050000 0.937500
vt 0.100000 0.937500
vt 0.150000 0.937500
vt 0.200000 0.937500
vt 0.250000 0.937500
vt 0.300000 0.937500
vt 0.350000 0.937500
vt 0.400000 0.937500
vt 0.450000 0.937500
vt 0.500000 0.937500
vt 0.550000 0.937500
vt 0.600000 0.937500
vt 0.650000 0.937500
vt 0.700000 0.937500
vt 0.750000 0.937500
vt 0.800000 0.937500
vt 0.850000 0.937500
vt 0.900000 0.937500
vt 0.950000 0.937500
vt 1.000000 0.937500
vt 0.000000 0.875000
vt 0.050000 0.875000
vt 0.100000 0.875000
vt 0.150000 0.875000
vt 0.200000 0.875000
vt 0.250000 0.875000
vt 0.300000 0.875000
vt 0.350000 0.875000
vt 0.400000 0.875000
vt 0.450000 0.875000
vt 0.500000 0.875000
vt 0.550000 0.875000
vt 0.600000 0.875000
vt 0.650000 0.875000
vt 0.700000 0.875000
vt 0.750000 0.875000
vt 0.800000 0.875000
vt 0.850000 0.875000
vt 0.900000 0.875000
vt 0.950000 0.875000
vt 1.000000 0.875000
vt 0.000000 0.812500
vt 0.050000 0.812500
vt 0.100000 0.812500
vt 0.150000 0.812500
vt 0.200000 0.812500
vt 0.250000 0.812500
vt 0.300000 0.812500
vt 0.350000 0.812500
vt 0.400000 0.812500
vt 0.450000 0.812500
vt 0.500000 0.812500
vt 0.550000 0.812500
vt 0.600000 0.812500
vt 0.650000 0.812500
vt 0.700000 0.812500
vt 0.750000 0.812500
vt 0.800000 0.812500
vt 0.850000 0.812500
vt 0.900000 0.812500
vt 0.950000 0.812500
vt 1.000000 0.812500
vt 0.000000 0.750000
vt 0.050000 0.750000
vt 0.100000 0.750000
vt 0.150000 0.750000
vt 0.200000 0.750000
vt 0.250000 0.750000
vt 0.300000 0.750000
vt 0.350000 0.750000
vt 0.400000 0.750000
vt 0.450000 0.750000
vt 0.500000 0.750000
vt 0.550000 0.750000
vt 0.600000 0.750000
vt 0.650000 0.750000
vt 0.700000 0.750000
vt 0.750000 0.750000
vt 0.800000 0.750000
vt 0.850000 0.750000
vt 0.900000 0.750000
vt 0.950000 0.750000
vt 1.000000 0.750000
vt 0.000000 0.687500
vt 0.050000 0.687500
vt 0.100000 0.687500
vt 0.150000 0.687500
vt 0.200000 0.687500
vt 0.250000 0.687500
vt 0.300000 0.687500
vt 0.350000 0.687500
vt 0.400000 0.687500
vt 0.450000 0.687500
vt 0.500000 0.687500
vt 0.550000 0.687500
vt 0.600000 0.687500
vt 0.650000 0.687500
vt 0.700000 0.687500
vt 0.750000 0.687500
vt 0.800000 0.687500
vt 0.850000 0.687500
vt 0.900000 0.687500
vt 0.950000 0.687500
vt 1.000000 0.687500
vt 0.000000 0.625000
vt 0.050000 0.625000
vt 0.100000 0.625000
vt 0.150000 0.625000
vt 0.200000 0.625000
vt 0.250000 0.625000
vt 0.300000 0.625000
vt 0.350000 0.625000
vt 0.400000 0.625000
vt 0.450000 0.625000
vt 0.500000 0.625000
vt 0.550000 0.625000
vt 0.600000 0.625000
vt 0.650000 0.625000
vt 0.700000 0.625000
vt 0.750000 0.625000
vt 0.800000 0.625000
vt 0.850000 0.625000
vt 0.900000 0.625000
vt 0.950000 0.625000
vt 1.000000 0.625000
vt 0.000000 0.562500
vt 0.050000 0.562500
vt 0.100000 0.562500
vt 0.150000 0.562500
vt 0.200000 0.562500
vt 0.250000 0.562500
vt 0.300000 0.562500
vt 0.350000 0.562500
vt 0.400000 0.562500
vt 0.450000 0.562500
vt 0.500000 0.562500
vt 0.550000 0.562500
vt 0.600000 0.562500
vt 0.650000 0.562500
vt 0.700000 0.562500
vt 0.750000 0.562500
vt 0.800000 0.562500
vt 0.850000 0.562500
vt 0.900000 0.562500
vt 0.950000 0.562500
vt 1.000000 0.562500
vt 0.000000 0.500000
vt 0.050000 0.500000
vt 0.100000 0.500000
vt 0.150000 0.500000
vt 0.200000 0.500000
vt 0.250000 0.500000
vt 0.300000 0.500000
vt 0.350000 0.500000
vt 0.400000 0.500000
vt 0.450000 0.500000
vt 0.500000 0.500000
vt 0.550000 0.500000
vt 0.600000 0.500000
vt 0.650000 0.500000
vt 0.700000 0.500000
vt 0.750000 0.500000
vt 0.800000 0.500000
vt 0.850000 0.500000
vt 0.900000 0.500000
vt 0.950000 0.500000
vt 1.000000 0.500000
vt 0.000000 0.437500
vt 0.050000 0.437500
vt 0.100000 0.437500
vt 0.150000 0.437500
vt 0.200000 0.437500
vt 0.250000 0.437500
vt 0.300000 0.437500
vt 0.350000 0.437500
vt 0.400000 0.437500
vt 0.450000 0.437500
vt 0.500000 0.437500
vt 0.550000 0.437500
vt 0.600000 0.437500
vt 0.650000 0.437500
vt 0.700000 0.437500
vt 0.750000 0.437500
vt 0.800000 0.437500
vt 0.850000 0.437500
vt 0.900000 0.437500
vt 0.950000 0.437500
vt 1.000000 0.437500
vt 0.000000 0.375000
vt 0.050000 0.375000
vt 0.100000 0.375000
vt 0.150000 0.375000
vt 0.200000 0.375000
vt 0.250000 0.375000
vt 0.300000 0.375000
vt 0.350000 0.375000
vt 0.400000 0.375000
vt 0.450000 0.375000
vt 0.500000 0.375000
vt 0.550000 0.375000
vt 0.600000 0.375000
vt 0.650000 0.375000
vt 0.700000 0.375000
vt 0.750000 0.375000
vt 0.800000 0.375000
vt 0.850000 0.375000
vt 0.900000 0.375000
vt 0.950000 0.375000
vt 1.000000 0.375000
vt 0.000000 0.312500
vt 0.050000 0.312500
vt 0.100000 0.312500
vt 0.150000 0.312500
vt 0.200000 0.312500
vt 0.250000 0.312500
vt 0.300000 0.312500
vt 0.350000 0.312500
vt 0.400000 0.312500
vt 0.450000 0.312500
vt 0.500000 0.312500
vt 0.550000 0.312500
vt 0.600000 0.312500
vt 0.650000 0.312500
vt 0.700000 0.312500
vt 0.750000 0.312500
vt 0.800000 0.312500
vt 0.850000 0.312500
vt 0.900000 0.312500
vt 0.950000 0.312500
vt 1.000000 0.312500
vt 0.000000 0.250000
vt 0.050000 0.250000
vt 0.100000 0.250000
vt 0.150000 0.250000
vt 0.200000 0.250000
vt 0.250000 0.250000
vt 0.300000 0.250000
vt 0.350000 0.250000
vt 0.400000 0.250000
vt 0.450000 0.250000
vt 0.500000 0.250000
vt 0.550000 0.250000
vt 0.600000 0.250000
vt 0.650000 0.250000
vt 0.700000 0.250000
vt 0.750000 0.250000
vt 0.800000 0.250000
vt 0.850000 0.250000
vt 0.900000 0.250000
vt 0.950000 0.250000
vt 1.000000 0.250000
vt 0.000000 0.187500
vt 0.050000 0.187500
vt 0.100000 0.187500
vt 0.150000 0.187500
vt 0.200000 0.187500
vt 0.250000 0.187500
vt 0.300000 0.187500
vt 0.350000 0.187500
vt 0.400000 0.187500
vt 0.450000 0.187500
vt 0.500000 0.187500
vt 0.550000 0.187500
vt 0.600000 0.187500
vt 0.650000 0.187500
vt 0.700000 0.187500
vt 0.750000 0.187500
vt 0.800000 0.187500
vt 0.850000 0.187500
vt 0.900000 0.187500
vt 0.950000 0.187500
vt 1.000000 0.187500
vt 0.000000 0.125000
vt 0.050000 0.125000
vt 0.100000 0.125000
vt 0.150000 0.125000
vt 0.200000 0.125000
vt 0.250000 0.125000
vt 0.300000 0.125000
vt 0.350000 0.125000
vt 0.400000 0.125000
vt 0.450000 0.125000
vt 0.500000 0.125000
vt 0.550000 0.125000
vt 0.600000 0.125000
vt 0.650000 0.125000
vt 0.700000 0.125000
vt 0.750000 0.125000
vt 0.800000 0.125000
vt 0.850000 0.125000
vt 0.900000 0.125000
vt 0.950000 0.125000
vt 1.000000 0.125000
vt 0.000000 0.062500
vt 0.050000 0.062500
vt 0.100000 0.062500
vt 0.150000 0.062500
vt 0.200000 0.062500
vt 0.250000 0.062500
vt 0.300000 0.062500
vt 0.350000 0.062500
vt 0.400000 0.062500
vt 0.450000 0.062500
vt 0.500000 0.062500
vt 0.550000 0.062500
vt 0.600000 0.062500
vt 0.650000 0.062500
vt 0.700000 0.062500
vt 0.750000 0.062500
vt 0.800000 0.062500
vt 0.850000 0.062500
vt 0.900000 0.062500
vt 0.950000 0.062500
vt 1.000000 0.062500
vt 0.000000 0.000000
vt 0.050000 0.000000
vt 0.100000 0.000000
vt 0.150000 0.000000
vt 0.200000 0.000000
vt 0.250000 0.000000
vt 0.300000 0.000000
vt 0.350000 0.000000
vt 0.400000 0.000000
vt 0.450000 0.000000
vt 0.500000 0.000000
vt 0.550000 0.000000
vt 0.600000 0.000000
vt 0.650000 0.000000
vt 0.700000 0.000000
vt 0.750000 0.000000
vt 0.800000 0.000000
vt 0.850000 0.000000
vt 0.900000 0.000000
vt 0.950000 0.000000
vt 1.000000 0.000000
vn -0.953938 0.055234 0.294874
vn -0.921553 0.286297 0.262247
vn -0.819925 0.084439 0.566210
vn -0.786980 0.310902 0.532919
vn -0.594638 0.095995 0.798242
vn -0.571151 0.325204 0.753677
vn -0.309859 0.101222 0.945379
vn -0.298299 0.334461 0.893954
vn 0.000610 0.104553 0.994519
vn 0.002200 0.339679 0.940539
vn 0.310440 0.100777 0.945236
vn 0.301870 0.334802 0.892627
vn 0.594638 0.095995 0.798242
vn 0.572651 0.323842 0.753125
vn 0.819925 0.084439 0.566210
vn 0.786980 0.310902 0.532919
vn 0.953938 0.055234 0.294875
vn 0.921553 0.286297 0.262248
vn 0.993569 0.011265 0.112661
vn 0.973523 0.219224 0.064755
vn 0.997786 -0.052514 -0.040813
vn 0.989724 0.120977 -0.076237
vn 0.895021 -0.184762 -0.405956
vn 0.908186 0.008473 -0.418482
vn 0.570793 -0.347624 -0.743877
vn 0.616246 -0.170901 -0.768787
vn 0.290672 -0.452151 -0.843249
vn 0.318993 -0.331410 -0.887925
vn -0.000001 -0.487137 -0.873325
vn -0.000001 -0.386231 -0.922402
vn -0.290673 -0.452152 -0.843248
vn -0.318994 -0.331407 -0.887926
vn -0.570793 -0.347624 -0.743877
vn -0.616245 -0.170901 -0.768788
vn -0.895022 -0.184762 -0.405955
vn -0.908185 0.008473 -0.418483
vn -0.997786 -0.052514 -0.040813
vn -0.989724 0.120976 -0.076236
vn -0.993570 0.011265 0.112660
vn -0.973523 0.219224 0.064753
vn -0.811678 0.548212 0.201600
vn -0.690114 0.572104 0.443216
vn -0.501008 0.586268 0.636617
vn -0.260641 0.599999 0.756351
vn 0.003414 0.604124 0.796883
vn 0.267135 0.599785 0.754252
vn 0.504708 0.587407 0.632633
vn 0.692326 0.569808 0.442722
vn 0.811678 0.548211 0.201601
vn 0.863130 0.504654 -0.018207
vn 0.903262 0.394748 -0.168200
vn 0.838583 0.312233 -0.446418
vn 0.630988 0.123125 -0.765960
vn 0.345982 -0.141779 -0.927467
vn -0.000000 -0.234476 -0.972122
vn -0.345981 -0.141783 -0.927467
vn -0.630983 0.123127 -0.765964
vn -0.838585 0.312230 -0.446416
vn -0.903263 0.394748 -0.168197
vn -0.863130 0.504653 -0.018209
vn -0.519697 0.850612 0.079834
vn -0.446779 0.861942 0.239678
vn -0.320917 0.876270 0.359392
vn -0.167304 0.884100 0.436321
vn 0.002687 0.886741 0.462260
vn 0.172414 0.883932 0.434669
vn 0.325265 0.875950 0.356250
vn 0.446276 0.863576 0.234677
vn 0.523544 0.848205 0.080310
vn 0.543750 0.831280 -0.115369
vn 0.494981 0.826631 -0.267723
vn 0.434557 0.813156 -0.387217
vn 0.483000 0.682086 -0.549062
vn 0.356681 0.284587 -0.889825
vn -0.000003 0.085150 -0.996368
vn -0.356683 0.284576 -0.889828
vn -0.482998 0.682080 -0.549073
vn -0.434565 0.813151 -0.387219
vn -0.494981 0.826631 -0.267722
vn -0.543750 0.831280 -0.115370
vn 0.035462 0.991262 -0.127055
vn 0.041517 0.992549 -0.114557
vn 0.025684 0.990281 -0.136690
vn 0.013391 0.989654 -0.142847
vn -0.000212 0.989443 -0.144924
vn -0.013795 0.989667 -0.142717
vn -0.026027 0.990306 -0.136442
vn -0.035711 0.991296 -0.126714
vn -0.041648 0.992564 -0.114377
vn -0.047715 0.984574 -0.168339
vn -0.313875 0.931603 -0.183299
vn -0.340045 0.939066 -0.050252
vn -0.051342 0.982074 0.181367
vn 0.042620 0.975048 0.217866
vn -0.000008 0.977246 0.212111
vn -0.042600 0.975039 0.217908
vn 0.051339 0.982075 0.181364
vn 0.340053 0.939063 -0.050249
vn 0.313877 0.931602 -0.183300
vn 0.047714 0.984574 -0.168339
vn 0.485326 0.758557 -0.434798
vn 0.568779 0.777967 -0.266941
vn 0.351639 0.745134 -0.566680
vn 0.183532 0.736551 -0.651006
vn -0.002542 0.733648 -0.679525
vn -0.188366 0.736709 -0.649444
vn -0.355752 0.745436 -0.563707
vn -0.488314 0.758973 -0.430707
vn -0.569976 0.777874 -0.264650
vn -0.606706 0.783257 -0.135702
vn -0.726115 0.685885 -0.048147
vn -0.691183 0.702809 0.168302
vn -0.326175 0.796758 0.508710
vn -0.127700 0.722522 0.679452
vn -0.000001 0.671445 0.741055
vn 0.127704 0.722518 0.679455
vn 0.326173 0.796755 0.508717
vn 0.691185 0.702808 0.168299
vn 0.726117 0.685884 -0.048146
vn 0.606706 0.783258 -0.135702
vn 0.702441 0.438151 -0.560893
vn 0.826987 0.462542 -0.319606
vn 0.509337 0.418716 -0.751833
vn 0.266375 0.406275 -0.874062
vn -0.002661 0.402046 -0.915616
vn -0.271437 0.406441 -0.872426
vn -0.513643 0.419033 -0.748721
vn -0.705570 0.438586 -0.556609
vn -0.828152 0.462159 -0.317131
vn -0.870869 0.483367 -0.089122
vn -0.890585 0.453689 0.032007
vn -0.827519 0.499032 0.257253
vn -0.448936 0.621905 0.641631
vn -0.164356 0.617983 0.768820
vn 0.000000 0.600930 0.799302
vn 0.164356 0.617985 0.768818
vn 0.448939 0.621902 0.641632
vn 0.827519 0.499033 0.257252
vn 0.890585 0.453689 0.032008
vn 0.870870 0.483367 -0.089121
vn 0.786389 0.170893 -0.593622
vn 0.925474 0.198177 -0.322835
vn 0.570752 0.149127 -0.807467
vn 0.299245 0.135174 -0.944553
vn -0.001554 0.130399 -0.991460
vn -0.302201 0.135271 -0.943598
vn -0.573266 0.149312 -0.805650
vn -0.788216 0.171148 -0.591121
vn -0.926103 0.197671 -0.321341
vn -0.973051 0.223373 -0.057242
vn -0.965962 0.248289 0.072590
vn -0.897342 0.331808 0.290999
vn -0.537377 0.472950 0.698243
vn -0.215864 0.545363 0.809927
vn -0.000000 0.565733 0.824589
vn 0.215863 0.545363 0.809927
vn 0.537375 0.472951 0.698245
vn 0.897342 0.331809 0.290998
vn 0.965962 0.248290 0.072590
vn 0.973051 0.223373 -0.057241
vn 0.809017 -0.059520 -0.584764
vn 0.951630 -0.034144 -0.305342
vn 0.587785 -0.081922 -0.804859
vn 0.309017 -0.096305 -0.946168
vn -0.000000 -0.101261 -0.994860
vn -0.309017 -0.096305 -0.946168
vn -0.587786 -0.081922 -0.804858
vn -0.809273 -0.059804 -0.584380
vn -0.951764 -0.034428 -0.304894
vn -0.999402 -0.005635 -0.034124
vn -0.994755 0.056334 0.085378
vn -0.937774 0.165420 0.305313
vn -0.623141 0.309159 0.718412
vn -0.308217 0.427556 0.849822
vn 0.000000 0.464681 0.885478
vn 0.308218 0.427556 0.849822
vn 0.623142 0.309159 0.718411
vn 0.937774 0.165418 0.305313
vn 0.994755 0.056334 0.085377
vn 0.999402 -0.005635 -0.034123
vn 0.788643 -0.286997 -0.543760
vn 0.925333 -0.268057 -0.268151
vn 0.573266 -0.308573 -0.759045
vn 0.302200 -0.322614 -0.896992
vn 0.001553 -0.327485 -0.944855
vn -0.299245 -0.322711 -0.897948
vn -0.570752 -0.308757 -0.760862
vn -0.787605 -0.287751 -0.544865
vn -0.925332 -0.268056 -0.268152
vn -0.971995 -0.234583 -0.014026
vn -0.986657 -0.141429 0.080655
vn -0.951418 -0.025012 0.306885
vn -0.698156 0.131006 0.703858
vn -0.406520 0.274505 0.871429
vn 0.000000 0.300411 0.953810
vn 0.406520 0.274505 0.871429
vn 0.698156 0.131006 0.703858
vn 0.951418 -0.025018 0.306883
vn 0.986657 -0.141430 0.080654
vn 0.971995 -0.234583 -0.014025
vn 0.704264 -0.547546 -0.451891
vn 0.823660 -0.529908 -0.201944
vn 0.513643 -0.561291 -0.648940
vn 0.271437 -0.573883 -0.772645
vn 0.002661 -0.578279 -0.815835
vn -0.266375 -0.574049 -0.774281
vn -0.509735 -0.563242 -0.650330
vn -0.703981 -0.546488 -0.453609
vn -0.823660 -0.529908 -0.201945
vn -0.868579 -0.495496 0.007370
vn -0.925609 -0.372962 0.064396
vn -0.926630 -0.251757 0.279241
vn -0.761975 -0.060491 0.644775
vn -0.494507 0.099845 0.863420
vn 0.000000 0.109139 0.994027
vn 0.494507 0.099844 0.863420
vn 0.761975 -0.060489 0.644775
vn 0.926630 -0.251753 0.279244
vn 0.925610 -0.372961 0.064397
vn 0.868579 -0.495497 0.007371
vn 0.483410 -0.837014 -0.256362
vn 0.566858 -0.819028 -0.088685
vn 0.354766 -0.845409 -0.399279
vn 0.188366 -0.852452 -0.487693
vn 0.002542 -0.855514 -0.517774
vn -0.183202 -0.854595 -0.485906
vn -0.354738 -0.843808 -0.402677
vn -0.483410 -0.837014 -0.256362
vn -0.566859 -0.819028 -0.088685
vn -0.598776 -0.800216 0.033471
vn -0.752794 -0.657809 0.024261
vn -0.828814 -0.527203 0.187416
vn -0.811668 -0.306694 0.497126
vn -0.590146 -0.156581 0.791966
vn 0.000000 -0.176595 0.984284
vn 0.590146 -0.156580 0.791966
vn 0.811669 -0.306695 0.497124
vn 0.828814 -0.527203 0.187414
vn 0.752795 -0.657808 0.024262
vn 0.598776 -0.800216 0.033472
vn 0.039407 -0.996693 0.071061
vn 0.048715 -0.995471 0.081630
vn 0.026730 -0.997647 0.063129
vn 0.013485 -0.998181 0.058766
vn 0.000957 -0.998030 0.062724
vn -0.014190 -0.998464 0.053554
vn -0.026730 -0.997647 0.063129
vn -0.039407 -0.996693 0.071061
vn -0.048715 -0.995471 0.081630
vn -0.058808 -0.996719 0.055613
vn -0.297816 -0.953724 -0.041419
vn -0.538295 -0.842363 -0.025763
vn -0.718142 -0.690461 0.086810
vn -0.628513 -0.746139 0.219653
vn -0.000001 -0.962795 0.270234
vn 0.628514 -0.746136 0.219662
vn 0.718143 -0.690459 0.086812
vn 0.538295 -0.842363 -0.025763
vn 0.297816 -0.953724 -0.041419
vn 0.058808 -0.996719 0.055614
vn -0.446623 -0.810681 0.378581
vn -0.518440 -0.824775 0.225755
vn -0.326709 -0.796545 0.508701
vn -0.173872 -0.783962 0.595964
vn 0.000000 -0.779062 0.626947
vn 0.173873 -0.783962 0.595963
vn 0.326709 -0.796545 0.508701
vn 0.446623 -0.810681 0.378581
vn 0.518440 -0.824776 0.225755
vn 0.554600 -0.828296 0.079653
vn 0.444727 -0.892398 -0.076441
vn 0.127033 -0.933536 -0.335221
vn -0.057232 -0.821147 -0.567840
vn 0.000565 -0.665741 -0.746183
vn -0.000001 -0.584398 -0.811467
vn -0.000566 -0.665741 -0.746183
vn 0.057230 -0.821146 -0.567842
vn -0.127043 -0.933534 -0.335224
vn -0.444730 -0.892397 -0.076440
vn -0.554601 -0.828296 0.079653
vn -0.711707 -0.466540 0.525179
vn -0.827589 -0.482218 0.287336
vn -0.517706 -0.450046 0.727625
vn -0.272302 -0.438784 0.856341
vn -0.002002 -0.437131 0.899395
vn 0.271527 -0.436789 0.857606
vn 0.517707 -0.450046 0.727625
vn 0.711707 -0.466540 0.525179
vn 0.827589 -0.482217 0.287336
vn 0.865978 -0.487389 0.111956
vn 0.855120 -0.514557 -0.063249
vn 0.661015 -0.616630 -0.427582
vn 0.369422 -0.602019 -0.707885
vn 0.217501 -0.518040 -0.827241
vn -0.000001 -0.476909 -0.878952
vn -0.217502 -0.518038 -0.827242
vn -0.369421 -0.602019 -0.707885
vn -0.661016 -0.616629 -0.427582
vn -0.855119 -0.514559 -0.063248
vn -0.865978 -0.487389 0.111955
vn -0.933665 -0.188730 0.304386
vn -0.806161 -0.162966 0.568811
vn -0.585567 -0.146403 0.797294
vn -0.305479 -0.137575 0.942208
vn -0.002117 -0.138513 0.990358
vn 0.304242 -0.139174 0.942373
vn 0.585567 -0.146403 0.797294
vn 0.806161 -0.162967 0.568811
vn 0.933665 -0.188729 0.304386
vn 0.971867 -0.199913 0.124536
vn 0.970879 -0.236053 -0.040910
vn 0.835819 -0.363110 -0.411774
vn 0.508184 -0.468481 -0.722686
vn 0.270627 -0.496118 -0.825002
vn 0.000000 -0.500289 -0.865858
vn -0.270626 -0.496119 -0.825001
vn -0.508181 -0.468485 -0.722686
vn -0.835818 -0.363111 -0.411775
vn -0.970878 -0.236054 -0.040910
vn -0.971867 -0.199914 0.124535
s 1
g cha_dog_body pTorus1
usemtl lambert5SG
f 383/405/383 403/426/384 384/406/385
f 384/406/385 403/426/384 404/427/386
f 384/406/385 404/427/386 385/407/387
f 385/407/387 404/427/386 405/428/388
f 385/407/387 405/428/388 386/408/389
f 386/408/389 405/428/388 406/429/390
f 387/409/391 386/408/389 407/430/392
f 407/430/392 386/408/389 406/429/390
f 388/410/393 387/409/391 408/431/394
f 408/431/394 387/409/391 407/430/392
f 389/411/395 388/410/393 409/432/396
f 409/432/396 388/410/393 408/431/394
f 390/412/397 389/411/395 410/433/398
f 410/433/398 389/411/395 409/432/396
f 391/413/399 390/412/397 411/434/400
f 411/434/400 390/412/397 410/433/398
f 392/414/401 391/413/399 412/435/402
f 412/435/402 391/413/399 411/434/400
f 393/415/403 392/414/401 413/436/404
f 413/436/404 392/414/401 412/435/402
f 394/416/405 393/415/403 414/437/406
f 414/437/406 393/415/403 413/436/404
f 395/417/407 394/416/405 415/438/408
f 415/438/408 394/416/405 414/437/406
f 396/418/409 395/417/407 416/439/410
f 416/439/410 395/417/407 415/438/408
f 397/419/411 396/418/409 417/440/412
f 417/440/412 396/418/409 416/439/410
f 397/419/411 417/440/412 398/420/413
f 398/420/413 417/440/412 418/441/414
f 398/420/413 418/441/414 399/421/415
f 399/421/415 418/441/414 419/442/416
f 399/421/415 419/442/416 400/422/417
f 400/422/417 419/442/416 420/443/418
f 400/422/417 420/443/418 401/423/419
f 401/423/419 420/443/418 421/444/420
f 401/423/419 421/444/420 402/424/421
f 402/424/421 421/444/420 422/445/422
f 402/424/421 422/445/422 383/425/383
f 383/425/383 422/445/422 403/446/384
f 403/426/384 423/447/423 404/427/386
f 404/427/386 423/447/423 424/448/424
f 404/427/386 424/448/424 405/428/388
f 405/428/388 424/448/424 425/449/425
f 406/429/390 405/428/388 426/450/426
f 426/450/426 405/428/388 425/449/425
f 407/430/392 406/429/390 427/451/427
f 427/451/427 406/429/390 426/450/426
f 408/431/394 407/430/392 428/452/428
f 428/452/428 407/430/392 427/451/427
f 409/432/396 408/431/394 429/453/429
f 429/453/429 408/431/394 428/452/428
f 410/433/398 409/432/396 430/454/430
f 430/454/430 409/432/396 429/453/429
f 411/434/400 410/433/398 431/455/431
f 431/455/431 410/433/398 430/454/430
f 412/435/402 411/434/400 432/456/432
f 432/456/432 411/434/400 431/455/431
f 413/436/404 412/435/402 433/457/433
f 433/457/433 412/435/402 432/456/432
f 414/437/406 413/436/404 434/458/434
f 434/458/434 413/436/404 433/457/433
f 415/438/408 414/437/406 435/459/435
f 435/459/435 414/437/406 434/458/434
f 416/439/410 415/438/408 436/460/436
f 436/460/436 415/438/408 435/459/435
f 417/440/412 416/439/410 437/461/437
f 437/461/437 416/439/410 436/460/436
f 417/440/412 437/461/437 418/441/414
f 418/441/414 437/461/437 438/462/438
f 418/441/414 438/462/438 419/442/416
f 419/442/416 438/462/438 439/463/439
f 419/442/416 439/463/439 420/443/418
f 420/443/418 439/463/439 440/464/440
f 420/443/418 440/464/440 421/444/420
f 421/444/420 440/464/440 441/465/441
f 421/444/420 441/465/441 422/445/422
f 422/445/422 441/465/441 442/466/442
f 422/445/422 442/466/442 403/446/384
f 403/446/384 442/466/442 423/467/423
f 423/447/423 443/468/443 424/448/424
f 424/448/424 443/468/443 444/469/444
f 425/449/425 424/448/424 445/470/445
f 445/470/445 424/448/424 444/469/444
f 426/450/426 425/449/425 446/471/446
f 446/471/446 425/449/425 445/470/445
f 427/451/427 426/450/426 447/472/447
f 447/472/447 426/450/426 446/471/446
f 428/452/428 427/451/427 448/473/448
f 448/473/448 427/451/427 447/472/447
f 429/453/429 428/452/428 449/474/449
f 449/474/449 428/452/428 448/473/448
f 430/454/430 429/453/429 450/475/450
f 450/475/450 429/453/429 449/474/449
f 431/455/431 430/454/430 451/476/451
f 451/476/451 430/454/430 450/475/450
f 432/456/432 431/455/431 452/477/452
f 452/477/452 431/455/431 451/476/451
f 432/456/432 452/477/452 433/457/433
f 433/457/433 452/477/452 453/478/453
f 433/457/433 453/478/453 434/458/434
f 434/458/434 453/478/453 454/479/454
f 435/459/435 434/458/434 455/480/455
f 455/480/455 434/458/434 454/479/454
f 436/460/436 435/459/435 456/481/456
f 456/481/456 435/459/435 455/480/455
f 437/461/437 436/460/436 457/482/457
f 457/482/457 436/460/436 456/481/456
f 437/461/437 457/482/457 438/462/438
f 438/462/438 457/482/457 458/483/458
f 438/462/438 458/483/458 439/463/439
f 439/463/439 458/483/458 459/484/459
f 439/463/439 459/484/459 440/464/440
f 440/464/440 459/484/459 460/485/460
f 441/465/441 440/464/440 461/486/461
f 461/486/461 440/464/440 460/485/460
f 442/466/442 441/465/441 462/487/462
f 462/487/462 441/465/441 461/486/461
f 442/466/442 462/487/462 423/467/423
f 423/467/423 462/487/462 443/488/443
f 444/469/444 443/468/443 464/490/463
f 464/490/463 443/468/443 463/489/464
f 445/470/445 444/469/444 465/491/465
f 465/491/465 444/469/444 464/490/463
f 446/471/446 445/470/445 466/492/466
f 466/492/466 445/470/445 465/491/465
f 447/472/447 446/471/446 467/493/467
f 467/493/467 446/471/446 466/492/466
f 448/473/448 447/472/447 468/494/468
f 468/494/468 447/472/447 467/493/467
f 449/474/449 448/473/448 469/495/469
f 469/495/469 448/473/448 468/494/468
f 450/475/450 449/474/449 470/496/470
f 470/496/470 449/474/449 469/495/469
f 451/476/451 450/475/450 471/497/471
f 471/497/471 450/475/450 470/496/470
f 452/477/452 451/476/451 472/498/472
f 472/498/472 451/476/451 471/497/471
f 452/477/452 472/498/472 453/478/453
f 453/478/453 472/498/472 473/499/473
f 453/478/453 473/499/473 454/479/454
f 454/479/454 473/499/473 474/500/474
f 455/480/455 454/479/454 475/501/475
f 475/501/475 454/479/454 474/500/474
f 456/481/456 455/480/455 476/502/476
f 476/502/476 455/480/455 475/501/475
f 457/482/457 456/481/456 477/503/477
f 477/503/477 456/481/456 476/502/476
f 457/482/457 477/503/477 458/483/458
f 458/483/458 477/503/477 478/504/478
f 458/483/458 478/504/478 459/484/459
f 459/484/459 478/504/478 479/505/479
f 459/484/459 479/505/479 460/485/460
f 460/485/460 479/505/479 480/506/480
f 461/486/461 460/485/460 481/507/481
f 481/507/481 460/485/460 480/506/480
f 462/487/462 461/486/461 482/508/482
f 482/508/482 461/486/461 481/507/481
f 462/487/462 482/508/482 443/488/443
f 443/488/443 482/508/482 463/509/464
f 464/490/463 463/489/464 484/511/483
f 484/511/483 463/489/464 483/510/484
f 465/491/465 464/490/463 485/512/485
f 485/512/485 464/490/463 484/511/483
f 466/492/466 465/491/465 486/513/486
f 486/513/486 465/491/465 485/512/485
f 467/493/467 466/492/466 487/514/487
f 487/514/487 466/492/466 486/513/486
f 468/494/468 467/493/467 488/515/488
f 488/515/488 467/493/467 487/514/487
f 469/495/469 468/494/468 489/516/489
f 489/516/489 468/494/468 488/515/488
f 470/496/470 469/495/469 490/517/490
f 490/517/490 469/495/469 489/516/489
f 471/497/471 470/496/470 491/518/491
f 491/518/491 470/496/470 490/517/490
f 472/498/472 471/497/471 492/519/492
f 492/519/492 471/497/471 491/518/491
f 472/498/472 492/519/492 473/499/473
f 473/499/473 492/519/492 493/520/493
f 473/499/473 493/520/493 474/500/474
f 474/500/474 493/520/493 494/521/494
f 474/500/474 494/521/494 475/501/475
f 475/501/475 494/521/494 495/522/495
f 476/502/476 475/501/475 496/523/496
f 496/523/496 475/501/475 495/522/495
f 477/503/477 476/502/476 497/524/497
f 497/524/497 476/502/476 496/523/496
f 477/503/477 497/524/497 478/504/478
f 478/504/478 497/524/497 498/525/498
f 478/504/478 498/525/498 479/505/479
f 479/505/479 498/525/498 499/526/499
f 480/506/480 479/505/479 500/527/500
f 500/527/500 479/505/479 499/526/499
f 481/507/481 480/506/480 501/528/501
f 501/528/501 480/506/480 500/527/500
f 482/508/482 481/507/481 502/529/502
f 502/529/502 481/507/481 501/528/501
f 482/508/482 502/529/502 463/509/464
f 463/509/464 502/529/502 483/530/484
f 484/511/483 483/510/484 504/532/503
f 504/532/503 483/510/484 503/531/504
f 485/512/485 484/511/483 505/533/505
f 505/533/505 484/511/483 504/532/503
f 486/513/486 485/512/485 506/534/506
f 506/534/506 485/512/485 505/533/505
f 487/514/487 486/513/486 507/535/507
f 507/535/507 486/513/486 506/534/506
f 488/515/488 487/514/487 508/536/508
f 508/536/508 487/514/487 507/535/507
f 489/516/489 488/515/488 509/537/509
f 509/537/509 488/515/488 508/536/508
f 490/517/490 489/516/489 510/538/510
f 510/538/510 489/516/489 509/537/509
f 491/518/491 490/517/490 511/539/511
f 511/539/511 490/517/490 510/538/510
f 491/518/491 511/539/511 492/519/492
f 492/519/492 511/539/511 512/540/512
f 492/519/492 512/540/512 493/520/493
f 493/520/493 512/540/512 513/541/513
f 493/520/493 513/541/513 494/521/494
f 494/521/494 513/541/513 514/542/514
f 494/521/494 514/542/514 495/522/495
f 495/522/495 514/542/514 515/543/515
f 495/522/495 515/543/515 496/523/496
f 496/523/496 515/543/515 516/544/516
f 496/523/496 516/544/516 497/524/497
f 497/524/497 516/544/516 517/545/517
f 498/525/498 497/524/497 518/546/518
f 518/546/518 497/524/497 517/545/517
f 499/526/499 498/525/498 519/547/519
f 519/547/519 498/525/498 518/546/518
f 500/527/500 499/526/499 520/548/520
f 520/548/520 499/526/499 519/547/519
f 501/528/501 500/527/500 521/549/521
f 521/549/521 500/527/500 520/548/520
f 502/529/502 501/528/501 522/550/522
f 522/550/522 501/528/501 521/549/521
f 483/530/484 502/529/502 503/551/504
f 503/551/504 502/529/502 522/550/522
f 504/532/503 503/531/504 524/553/523
f 524/553/523 503/531/504 523/552/524
f 505/533/505 504/532/503 525/554/525
f 525/554/525 504/532/503 524/553/523
f 506/534/506 505/533/505 526/555/526
f 526/555/526 505/533/505 525/554/525
f 507/535/507 506/534/506 527/556/527
f 527/556/527 506/534/506 526/555/526
f 508/536/508 507/535/507 528/557/528
f 528/557/528 507/535/507 527/556/527
f 509/537/509 508/536/508 529/558/529
f 529/558/529 508/536/508 528/557/528
f 510/538/510 509/537/509 530/559/530
f 530/559/530 509/537/509 529/558/529
f 511/539/511 510/538/510 531/560/531
f 531/560/531 510/538/510 530/559/530
f 511/539/511 531/560/531 512/540/512
f 512/540/512 531/560/531 532/561/532
f 512/540/512 532/561/532 513/541/513
f 513/541/513 532/561/532 533/562/533
f 513/541/513 533/562/533 514/542/514
f 514/542/514 533/562/533 534/563/534
f 514/542/514 534/563/534 515/543/515
f 515/543/515 534/563/534 535/564/535
f 515/543/515 535/564/535 516/544/516
f 516/544/516 535/564/535 536/565/536
f 516/544/516 536/565/536 517/545/517
f 517/545/517 536/565/536 537/566/537
f 518/546/518 517/545/517 538/567/538
f 538/567/538 517/545/517 537/566/537
f 519/547/519 518/546/518 539/568/539
f 539/568/539 518/546/518 538/567/538
f 520/548/520 519/547/519 540/569/540
f 540/569/540 519/547/519 539/568/539
f 521/549/521 520/548/520 541/570/541
f 541/570/541 520/548/520 540/569/540
f 522/550/522 521/549/521 542/571/542
f 542/571/542 521/549/521 541/570/541
f 503/551/504 522/550/522 523/572/524
f 523/572/524 522/550/522 542/571/542
f 524/553/523 523/552/524 544/574/543
f 544/574/543 523/552/524 543/573/544
f 525/554/525 524/553/523 545/575/545
f 545/575/545 524/553/523 544/574/543
f 526/555/526 525/554/525 546/576/546
f 546/576/546 525/554/525 545/575/545
f 527/556/527 526/555/526 547/577/547
f 547/577/547 526/555/526 546/576/546
f 528/557/528 527/556/527 548/578/548
f 548/578/548 527/556/527 547/577/547
f 529/558/529 528/557/528 549/579/549
f 549/579/549 528/557/528 548/578/548
f 530/559/530 529/558/529 550/580/550
f 550/580/550 529/558/529 549/579/549
f 531/560/531 530/559/530 551/581/551
f 551/581/551 530/559/530 550/580/550
f 531/560/531 551/581/551 532/561/532
f 532/561/532 551/581/551 552/582/552
f 532/561/532 552/582/552 533/562/533
f 533/562/533 552/582/552 553/583/553
f 533/562/533 553/583/553 534/563/534
f 534/563/534 553/583/553 554/584/554
f 534/563/534 554/584/554 535/564/535
f 535/564/535 554/584/554 555/585/555
f 535/564/535 555/585/555 536/565/536
f 536/565/536 555/585/555 556/586/556
f 536/565/536 556/586/556 537/566/537
f 537/566/537 556/586/556 557/587/557
f 538/567/538 537/566/537 558/588/558
f 558/588/558 537/566/537 557/587/557
f 539/568/539 538/567/538 559/589/559
f 559/589/559 538/567/538 558/588/558
f 540/569/540 539/568/539 560/590/560
f 560/590/560 539/568/539 559/589/559
f 541/570/541 540/569/540 561/591/561
f 561/591/561 540/569/540 560/590/560
f 542/571/542 541/570/541 562/592/562
f 562/592/562 541/570/541 561/591/561
f 523/572/524 542/571/542 543/593/544
f 543/593/544 542/571/542 562/592/562
f 544/574/543 543/573/544 564/595/563
f 564/595/563 543/573/544 563/594/564
f 545/575/545 544/574/543 565/596/565
f 565/596/565 544/574/543 564/595/563
f 546/576/546 545/575/545 566/597/566
f 566/597/566 545/575/545 565/596/565
f 547/577/547 546/576/546 567/598/567
f 567/598/567 546/576/546 566/597/566
f 548/578/548 547/577/547 568/599/568
f 568/599/568 547/577/547 567/598/567
f 549/579/549 548/578/548 569/600/569
f 569/600/569 548/578/548 568/599/568
f 550/580/550 549/579/549 570/601/570
f 570/601/570 549/579/549 569/600/569
f 550/580/550 570/601/570 551/581/551
f 551/581/551 570/601/570 571/602/571
f 551/581/551 571/602/571 552/582/552
f 552/582/552 571/602/571 572/603/572
f 552/582/552 572/603/572 553/583/553
f 553/583/553 572/603/572 573/604/573
f 553/583/553 573/604/573 554/584/554
f 554/584/554 573/604/573 574/605/574
f 554/584/554 574/605/574 555/585/555
f 555/585/555 574/605/574 575/606/575
f 555/585/555 575/606/575 556/586/556
f 556/586/556 575/606/575 576/607/576
f 556/586/556 576/607/576 557/587/557
f 557/587/557 576/607/576 577/608/577
f 558/588/558 557/587/557 578/609/578
f 578/609/578 557/587/557 577/608/577
f 559/589/559 558/588/558 579/610/579
f 579/610/579 558/588/558 578/609/578
f 560/590/560 559/589/559 580/611/580
f 580/611/580 559/589/559 579/610/579
f 561/591/561 560/590/560 581/612/581
f 581/612/581 560/590/560 580/611/580
f 562/592/562 561/591/561 582/613/582
f 582/613/582 561/591/561 581/612/581
f 543/593/544 562/592/562 563/614/564
f 563/614/564 562/592/562 582/613/582
f 564/595/563 563/594/564 584/616/583
f 584/616/583 563/594/564 583/615/584
f 565/596/565 564/595/563 585/617/585
f 585/617/585 564/595/563 584/616/583
f 566/597/566 565/596/565 586/618/586
f 586/618/586 565/596/565 585/617/585
f 567/598/567 566/597/566 587/619/587
f 587/619/587 566/597/566 586/618/586
f 568/599/568 567/598/567 588/620/588
f 588/620/588 567/598/567 587/619/587
f 569/600/569 568/599/568 589/621/589
f 589/621/589 568/599/568 588/620/588
f 570/601/570 569/600/569 590/622/590
f 590/622/590 569/600/569 589/621/589
f 570/601/570 590/622/590 571/602/571
f 571/602/571 590/622/590 591/623/591
f 571/602/571 591/623/591 572/603/572
f 572/603/572 591/623/591 592/624/592
f 572/603/572 592/624/592 573/604/573
f 573/604/573 592/624/592 593/625/593
f 573/604/573 593/625/593 574/605/574
f 574/605/574 593/625/593 594/626/594
f 574/605/574 594/626/594 575/606/575
f 575/606/575 594/626/594 595/627/595
f 575/606/575 595/627/595 576/607/576
f 576/607/576 595/627/595 596/628/596
f 576/607/576 596/628/596 577/608/577
f 577/608/577 596/628/596 597/629/597
f 578/609/578 577/608/577 598/630/598
f 598/630/598 577/608/577 597/629/597
f 579/610/579 578/609/578 599/631/599
f 599/631/599 578/609/578 598/630/598
f 580/611/580 579/610/579 600/632/600
f 600/632/600 579/610/579 599/631/599
f 581/612/581 580/611/580 601/633/601
f 601/633/601 580/611/580 600/632/600
f 582/613/582 581/612/581 602/634/602
f 602/634/602 581/612/581 601/633/601
f 563/614/564 582/613/582 583/635/584
f 583/635/584 582/613/582 602/634/602
f 584/616/583 583/615/584 604/637/603
f 604/637/603 583/615/584 603/636/604
f 585/617/585 584/616/583 605/638/605
f 605/638/605 584/616/583 604/637/603
f 586/618/586 585/617/585 606/639/606
f 606/639/606 585/617/585 605/638/605
f 587/619/587 586/618/586 607/640/607
f 607/640/607 586/618/586 606/639/606
f 588/620/588 587/619/587 608/641/608
f 608/641/608 587/619/587 607/640/607
f 589/621/589 588/620/588 609/642/609
f 609/642/609 588/620/588 608/641/608
f 589/621/589 609/642/609 590/622/590
f 590/622/590 609/642/609 610/643/610
f 590/622/590 610/643/610 591/623/591
f 591/623/591 610/643/610 611/644/611
f 591/623/591 611/644/611 592/624/592
f 592/624/592 611/644/611 612/645/612
f 592/624/592 612/645/612 593/625/593
f 593/625/593 612/645/612 613/646/613
f 593/625/593 613/646/613 594/626/594
f 594/626/594 613/646/613 614/647/614
f 594/626/594 614/647/614 595/627/595
f 595/627/595 614/647/614 615/648/615
f 595/627/595 615/648/615 596/628/596
f 596/628/596 615/648/615 616/649/616
f 596/628/596 616/649/616 597/629/597
f 597/629/597 616/649/616 617/650/617
f 598/630/598 597/629/597 618/651/618
f 618/651/618 597/629/597 617/650/617
f 599/631/599 598/630/598 619/652/619
f 619/652/619 598/630/598 618/651/618
f 600/632/600 599/631/599 620/653/620
f 620/653/620 599/631/599 619/652/619
f 601/633/601 600/632/600 621/654/621
f 621/654/621 600/632/600 620/653/620
f 602/634/602 601/633/601 622/655/622
f 622/655/622 601/633/601 621/654/621
f 583/635/584 602/634/602 603/656/604
f 603/656/604 602/634/602 622/655/622
f 604/637/603 603/636/604 624/658/623
f 624/658/623 603/636/604 623/657/624
f 605/638/605 604/637/603 625/659/625
f 625/659/625 604/637/603 624/658/623
f 606/639/606 605/638/605 626/660/626
f 626/660/626 605/638/605 625/659/625
f 607/640/607 606/639/606 627/661/627
f 627/661/627 606/639/606 626/660/626
f 608/641/608 607/640/607 628/662/628
f 628/662/628 607/640/607 627/661/627
f 608/641/608 628/662/628 609/642/609
f 609/642/609 628/662/628 629/663/629
f 609/642/609 629/663/629 610/643/610
f 610/643/610 629/663/629 630/664/630
f 610/643/610 630/664/630 611/644/611
f 611/644/611 630/664/630 631/665/631
f 611/644/611 631/665/631 612/645/612
f 612/645/612 631/665/631 632/666/632
f 612/645/612 632/666/632 613/646/613
f 613/646/613 632/666/632 633/667/633
f 614/647/614 613/646/613 634/668/634
f 634/668/634 613/646/613 633/667/633
f 614/647/614 634/668/634 615/648/615
f 615/648/615 634/668/634 635/669/635
f 615/648/615 635/669/635 616/649/616
f 616/649/616 635/669/635 636/670/636
f 616/649/616 636/670/636 617/650/617
f 617/650/617 636/670/636 637/671/637
f 618/651/618 617/650/617 638/672/638
f 638/672/638 617/650/617 637/671/637
f 619/652/619 618/651/618 639/673/639
f 639/673/639 618/651/618 638/672/638
f 620/653/620 619/652/619 640/674/640
f 640/674/640 619/652/619 639/673/639
f 620/653/620 640/674/640 621/654/621
f 621/654/621 640/674/640 641/675/641
f 622/655/622 621/654/621 642/676/642
f 642/676/642 621/654/621 641/675/641
f 603/656/604 622/655/622 623/677/624
f 623/677/624 622/655/622 642/676/642
f 624/658/623 623/657/624 644/679/643
f 644/679/643 623/657/624 643/678/644
f 625/659/625 624/658/623 645/680/645
f 645/680/645 624/658/623 644/679/643
f 626/660/626 625/659/625 646/681/646
f 646/681/646 625/659/625 645/680/645
f 627/661/627 626/660/626 647/682/647
f 647/682/647 626/660/626 646/681/646
f 627/661/627 647/682/647 628/662/628
f 628/662/628 647/682/647 648/683/648
f 628/662/628 648/683/648 629/663/629
f 629/663/629 648/683/648 649/684/649
f 629/663/629 649/684/649 630/664/630
f 630/664/630 649/684/649 650/685/650
f 630/664/630 650/685/650 631/665/631
f 631/665/631 650/685/650 651/686/651
f 631/665/631 651/686/651 632/666/632
f 632/666/632 651/686/651 652/687/652
f 633/667/633 632/666/632 653/688/653
f 653/688/653 632/666/632 652/687/652
f 634/668/634 633/667/633 654/689/654
f 654/689/654 633/667/633 653/688/653
f 634/668/634 654/689/654 635/669/635
f 635/669/635 654/689/654 655/690/655
f 636/670/636 635/669/635 656/691/656
f 656/691/656 635/669/635 655/690/655
f 637/671/637 636/670/636 657/692/657
f 657/692/657 636/670/636 656/691/656
f 637/671/637 657/692/657 638/672/638
f 638/672/638 657/692/657 658/693/658
f 638/672/638 658/693/658 639/673/639
f 639/673/639 658/693/658 659/694/659
f 640/674/640 639/673/639 660/695/660
f 660/695/660 639/673/639 659/694/659
f 640/674/640 660/695/660 641/675/641
f 641/675/641 660/695/660 661/696/661
f 641/675/641 661/696/661 642/676/642
f 642/676/642 661/696/661 662/697/662
f 623/677/624 642/676/642 643/698/644
f 643/698/644 642/676/642 662/697/662
f 644/679/643 643/678/644 664/700/663
f 664/700/663 643/678/644 663/699/664
f 645/680/645 644/679/643 665/701/665
f 665/701/665 644/679/643 664/700/663
f 646/681/646 645/680/645 666/702/666
f 666/702/666 645/680/645 665/701/665
f 647/682/647 646/681/646 667/703/667
f 667/703/667 646/681/646 666/702/666
f 647/682/647 667/703/667 648/683/648
f 648/683/648 667/703/667 668/704/668
f 648/683/648 668/704/668 649/684/649
f 649/684/649 668/704/668 669/705/669
f 649/684/649 669/705/669 650/685/650
f 650/685/650 669/705/669 670/706/670
f 650/685/650 670/706/670 651/686/651
f 651/686/651 670/706/670 671/707/671
f 652/687/652 651/686/651 672/708/672
f 672/708/672 651/686/651 671/707/671
f 653/688/653 652/687/652 673/709/673
f 673/709/673 652/687/652 672/708/672
f 654/689/654 653/688/653 674/710/674
f 674/710/674 653/688/653 673/709/673
f 655/690/655 654/689/654 675/711/675
f 675/711/675 654/689/654 674/710/674
f 656/691/656 655/690/655 676/712/676
f 676/712/676 655/690/655 675/711/675
f 657/692/657 656/691/656 677/713/677
f 677/713/677 656/691/656 676/712/676
f 657/692/657 677/713/677 658/693/658
f 658/693/658 677/713/677 678/714/678
f 658/693/658 678/714/678 659/694/659
f 659/694/659 678/714/678 679/715/679
f 659/694/659 679/715/679 660/695/660
f 660/695/660 679/715/679 680/716/680
f 660/695/660 680/716/680 661/696/661
f 661/696/661 680/716/680 681/717/681
f 661/696/661 681/717/681 662/697/662
f 662/697/662 681/717/681 682/718/682
f 662/697/662 682/718/682 643/698/644
f 643/698/644 682/718/682 663/719/664
f 663/699/664 683/720/683 664/700/663
f 664/700/663 683/720/683 684/721/684
f 664/700/663 684/721/684 665/701/665
f 665/701/665 684/721/684 685/722/685
f 665/701/665 685/722/685 666/702/666
f 666/702/666 685/722/685 686/723/686
f 667/703/667 666/702/666 687/724/687
f 687/724/687 666/702/666 686/723/686
f 668/704/668 667/703/667 688/725/688
f 688/725/688 667/703/667 687/724/687
f 669/705/669 668/704/668 689/726/689
f 689/726/689 668/704/668 688/725/688
f 670/706/670 669/705/669 690/727/690
f 690/727/690 669/705/669 689/726/689
f 671/707/671 670/706/670 691/728/691
f 691/728/691 670/706/670 690/727/690
f 672/708/672 671/707/671 692/729/692
f 692/729/692 671/707/671 691/728/691
f 673/709/673 672/708/672 693/730/693
f 693/730/693 672/708/672 692/729/692
f 674/710/674 673/709/673 694/731/694
f 694/731/694 673/709/673 693/730/693
f 675/711/675 674/710/674 695/732/695
f 695/732/695 674/710/674 694/731/694
f 676/712/676 675/711/675 696/733/696
f 696/733/696 675/711/675 695/732/695
f 677/713/677 676/712/676 697/734/697
f 697/734/697 676/712/676 696/733/696
f 677/713/677 697/734/697 678/714/678
f 678/714/678 697/734/697 698/735/698
f 678/714/678 698/735/698 679/715/679
f 679/715/679 698/735/698 699/736/699
f 679/715/679 699/736/699 680/716/680
f 680/716/680 699/736/699 700/737/700
f 680/716/680 700/737/700 681/717/681
f 681/717/681 700/737/700 701/738/701
f 681/717/681 701/738/701 682/718/682
f 682/718/682 701/738/701 702/739/702
f 682/718/682 702/739/702 663/719/664
f 663/719/664 702/739/702 683/740/683
f 683/720/683 383/741/383 684/721/684
f 684/721/684 383/741/383 384/742/385
f 684/721/684 384/742/385 685/722/685
f 685/722/685 384/742/385 385/743/387
f 685/722/685 385/743/387 686/723/686
f 686/723/686 385/743/387 386/744/389
f 686/723/686 386/744/389 687/724/687
f 687/724/687 386/744/389 387/745/391
f 688/725/688 687/724/687 388/746/393
f 388/746/393 687/724/687 387/745/391
f 689/726/689 688/725/688 389/747/395
f 389/747/395 688/725/688 388/746/393
f 690/727/690 689/726/689 390/748/397
f 390/748/397 689/726/689 389/747/395
f 691/728/691 690/727/690 391/749/399
f 391/749/399 690/727/690 390/748/397
f 692/729/692 691/728/691 392/750/401
f 392/750/401 691/728/691 391/749/399
f 693/730/693 692/729/692 393/751/403
f 393/751/403 692/729/692 392/750/401
f 694/731/694 693/730/693 394/752/405
f 394/752/405 693/730/693 393/751/403
f 695/732/695 694/731/694 395/753/407
f 395/753/407 694/731/694 394/752/405
f 696/733/696 695/732/695 396/754/409
f 396/754/409 695/732/695 395/753/407
f 697/734/697 696/733/696 397/755/411
f 397/755/411 696/733/696 396/754/409
f 697/734/697 397/755/411 698/735/698
f 698/735/698 397/755/411 398/756/413
f 698/735/698 398/756/413 699/736/699
f 699/736/699 398/756/413 399/757/415
f 699/736/699 399/757/415 700/737/700
f 700/737/700 399/757/415 400/758/417
f 700/737/700 400/758/417 701/738/701
f 701/738/701 400/758/417 401/759/419
f 701/738/701 401/759/419 702/739/702
f 702/739/702 401/759/419 402/760/421
f 702/739/702 402/760/421 683/740/683
f 683/740/683 402/760/421 383/761/383
g default
v 0.071359 0.049822 -0.222905
v 0.073150 0.049529 -0.224428
v 0.077366 0.048906 -0.228065
v 0.081530 0.047099 -0.230688
v 0.085691 0.045047 -0.233110
v 0.089849 0.042752 -0.235331
v 0.094029 0.039236 -0.236581
v 0.095805 0.037770 -0.237135
v 0.032144 0.081495 -0.184492
v 0.059060 0.071450 -0.202780
v 0.073531 0.069789 -0.215652
v 0.087174 0.063921 -0.224291
v 0.099393 0.057897 -0.231403
v 0.113014 0.050324 -0.238634
v 0.127348 0.037785 -0.242529
v 0.154184 0.021332 -0.255528
v 0.023881 0.098193 -0.164326
v 0.043984 0.090013 -0.177433
v 0.071195 0.088745 -0.203146
v 0.095064 0.081378 -0.220616
v 0.110892 0.073575 -0.229830
v 0.134651 0.057463 -0.240083
v 0.161558 0.032051 -0.245871
v 0.181617 0.020433 -0.256140
v 0.017035 0.113527 -0.144443
v 0.039154 0.103318 -0.157883
v 0.071638 0.101549 -0.188371
v 0.101935 0.097893 -0.215175
v 0.123374 0.087324 -0.227654
v 0.153388 0.061248 -0.235956
v 0.185515 0.031165 -0.243077
v 0.207617 0.019574 -0.255376
v 0.026088 0.110983 -0.125652
v 0.042896 0.114128 -0.144728
v 0.077331 0.110517 -0.175636
v 0.110074 0.109258 -0.206794
v 0.134475 0.097229 -0.220997
v 0.166845 0.066388 -0.227741
v 0.200945 0.036212 -0.236725
v 0.229163 0.010870 -0.243857
v 0.036207 0.129384 -0.124937
v 0.058326 0.119175 -0.138377
v 0.090810 0.117406 -0.168865
v 0.121107 0.113749 -0.195669
v 0.142545 0.103181 -0.208147
v 0.172559 0.077105 -0.216449
v 0.204687 0.047022 -0.223570
v 0.226788 0.035431 -0.235870
v 0.062224 0.129907 -0.125313
v 0.082326 0.121727 -0.138420
v 0.109538 0.120459 -0.164133
v 0.133407 0.113092 -0.181603
v 0.149235 0.105289 -0.190817
v 0.172994 0.089177 -0.201070
v 0.199901 0.063765 -0.206858
v 0.219960 0.052147 -0.217127
v 0.089658 0.129065 -0.125972
v 0.114280 0.120152 -0.142925
v 0.130121 0.117815 -0.156594
v 0.144418 0.111625 -0.165614
v 0.157177 0.105335 -0.173041
v 0.171453 0.097439 -0.180653
v 0.187157 0.084224 -0.185345
v 0.211698 0.068902 -0.197008
v 0.140018 0.117127 -0.140143
v 0.143401 0.116128 -0.142656
v 0.150205 0.114230 -0.147800
v 0.156934 0.111158 -0.151916
v 0.163659 0.107843 -0.155831
v 0.170382 0.104283 -0.159544
v 0.177149 0.099492 -0.162300
v 0.180515 0.097163 -0.163715
v 0.139550 0.115549 -0.138399
v 0.143003 0.114515 -0.140953
v 0.149957 0.112543 -0.146185
v 0.156836 0.109397 -0.150388
v 0.163711 0.106007 -0.154390
v 0.170584 0.102374 -0.158191
v 0.177502 0.097508 -0.161034
v 0.180938 0.095145 -0.162491
v 0.089691 0.127240 -0.124520
v 0.114765 0.118103 -0.141736
v 0.130701 0.115720 -0.155461
v 0.144597 0.109727 -0.164247
v 0.156953 0.103636 -0.171439
v 0.170828 0.095938 -0.178818
v 0.186626 0.082677 -0.183565
v 0.211620 0.067131 -0.195492
v 0.062304 0.128058 -0.123888
v 0.082393 0.119911 -0.137009
v 0.109569 0.118657 -0.162700
v 0.133384 0.111293 -0.180119
v 0.149212 0.103490 -0.189332
v 0.172918 0.087428 -0.199573
v 0.199790 0.062037 -0.205344
v 0.219835 0.050399 -0.215583
v 0.036378 0.127568 -0.123629
v 0.058424 0.117317 -0.136963
v 0.090867 0.115619 -0.167469
v 0.121113 0.111937 -0.194201
v 0.142493 0.101397 -0.206646
v 0.172458 0.075397 -0.214961
v 0.204543 0.045283 -0.222015
v 0.226629 0.033778 -0.234370
v 0.026040 0.109422 -0.124337
v 0.043006 0.112264 -0.143322
v 0.077398 0.108737 -0.174256
v 0.110051 0.107460 -0.205309
v 0.134452 0.095431 -0.219513
v 0.166734 0.064696 -0.226256
v 0.200789 0.034480 -0.235163
v 0.228993 0.009370 -0.242471
v 0.017207 0.111711 -0.143135
v 0.039253 0.101460 -0.156469
v 0.071696 0.099762 -0.186975
v 0.101942 0.096080 -0.213708
v 0.123322 0.085540 -0.226153
v 0.153286 0.059540 -0.234467
v 0.185372 0.029426 -0.241522
v 0.207458 0.017921 -0.253876
v 0.023961 0.096345 -0.162901
v 0.044050 0.088198 -0.176022
v 0.071226 0.086944 -0.201713
v 0.095041 0.079580 -0.219132
v 0.110870 0.071776 -0.228346
v 0.134575 0.055714 -0.238586
v 0.161447 0.030323 -0.244357
v 0.181492 0.018685 -0.254597
v 0.032177 0.079669 -0.183040
v 0.059685 0.069332 -0.201672
v 0.074313 0.067594 -0.214636
v 0.087419 0.061991 -0.222963
v 0.099102 0.056231 -0.229763
v 0.112187 0.048923 -0.236682
v 0.126678 0.036306 -0.240668
v 0.154105 0.019560 -0.254011
v 0.070752 0.048311 -0.221081
v 0.072625 0.047978 -0.222651
v 0.077043 0.047256 -0.226406
v 0.081407 0.045350 -0.229146
v 0.085768 0.043200 -0.231684
v 0.090126 0.040806 -0.234022
v 0.094508 0.037190 -0.235388
v 0.096366 0.035684 -0.235991
v -0.071359 0.049822 -0.222905
v -0.073150 0.049529 -0.224428
v -0.077366 0.048906 -0.228065
v -0.081530 0.047099 -0.230688
v -0.085691 0.045047 -0.233110
v -0.089849 0.042752 -0.235331
v -0.094029 0.039236 -0.236581
v -0.095805 0.037770 -0.237135
v -0.032144 0.081495 -0.184492
v -0.059060 0.071450 -0.202780
v -0.073531 0.069789 -0.215652
v -0.087174 0.063921 -0.224291
v -0.099393 0.057897 -0.231403
v -0.113014 0.050324 -0.238634
v -0.127348 0.037785 -0.242529
v -0.154184 0.021332 -0.255528
v -0.023881 0.098193 -0.164326
v -0.043984 0.090013 -0.177433
v -0.071195 0.088745 -0.203147
v -0.095064 0.081378 -0.220616
v -0.110892 0.073575 -0.229830
v -0.134651 0.057463 -0.240083
v -0.161558 0.032051 -0.245871
v -0.181617 0.020433 -0.256140
v -0.017035 0.113527 -0.144443
v -0.039154 0.103318 -0.157883
v -0.071638 0.101549 -0.188371
v -0.101935 0.097893 -0.215175
v -0.123374 0.087324 -0.227654
v -0.153388 0.061248 -0.235956
v -0.185515 0.031165 -0.243077
v -0.207617 0.019574 -0.255376
v -0.026088 0.110983 -0.125652
v -0.042896 0.114128 -0.144728
v -0.077331 0.110517 -0.175636
v -0.110074 0.109258 -0.206794
v -0.134475 0.097229 -0.220997
v -0.166845 0.066388 -0.227741
v -0.200945 0.036212 -0.236725
v -0.229163 0.010870 -0.243857
v -0.036207 0.129384 -0.124937
v -0.058326 0.119175 -0.138377
v -0.090810 0.117406 -0.168865
v -0.121107 0.113749 -0.195669
v -0.142545 0.103181 -0.208147
v -0.172559 0.077105 -0.216449
v -0.204687 0.047022 -0.223570
v -0.226788 0.035431 -0.235870
v -0.062224 0.129907 -0.125313
v -0.082326 0.121727 -0.138420
v -0.109538 0.120459 -0.164133
v -0.133407 0.113092 -0.181603
v -0.149235 0.105289 -0.190817
v -0.172994 0.089177 -0.201070
v -0.199901 0.063765 -0.206858
v -0.219960 0.052147 -0.217127
v -0.089658 0.129065 -0.125972
v -0.114280 0.120152 -0.142925
v -0.130121 0.117815 -0.156594
v -0.144418 0.111625 -0.165614
v -0.157177 0.105335 -0.173041
v -0.171453 0.097439 -0.180653
v -0.187157 0.084224 -0.185345
v -0.211698 0.068902 -0.197008
v -0.140018 0.117127 -0.140143
v -0.143401 0.116128 -0.142656
v -0.150205 0.114230 -0.147800
v -0.156934 0.111158 -0.151916
v -0.163659 0.107843 -0.155830
v -0.170382 0.104283 -0.159544
v -0.177149 0.099492 -0.162300
v -0.180515 0.097163 -0.163715
v -0.139550 0.115549 -0.138399
v -0.143003 0.114515 -0.140953
v -0.149957 0.112543 -0.146185
v -0.156836 0.109397 -0.150388
v -0.163711 0.106007 -0.154390
v -0.170584 0.102374 -0.158191
v -0.177502 0.097508 -0.161034
v -0.180938 0.095145 -0.162491
v -0.089691 0.127240 -0.124520
v -0.114765 0.118103 -0.141736
v -0.130701 0.115720 -0.155461
v -0.144597 0.109727 -0.164247
v -0.156953 0.103636 -0.171439
v -0.170828 0.095938 -0.178818
v -0.186626 0.082677 -0.183565
v -0.211620 0.067131 -0.195492
v -0.062304 0.128058 -0.123888
v -0.082393 0.119911 -0.137009
v -0.109569 0.118657 -0.162700
v -0.133384 0.111293 -0.180119
v -0.149212 0.103490 -0.189332
v -0.172918 0.087428 -0.199573
v -0.199790 0.062037 -0.205344
v -0.219835 0.050399 -0.215583
v -0.036378 0.127568 -0.123629
v -0.058424 0.117317 -0.136963
v -0.090867 0.115619 -0.167469
v -0.121113 0.111937 -0.194201
v -0.142493 0.101397 -0.206646
v -0.172458 0.075397 -0.214961
v -0.204543 0.045283 -0.222015
v -0.226629 0.033778 -0.234370
v -0.026040 0.109422 -0.124337
v -0.043006 0.112264 -0.143322
v -0.077398 0.108737 -0.174256
v -0.110051 0.107460 -0.205309
v -0.134452 0.095431 -0.219513
v -0.166734 0.064696 -0.226256
v -0.200789 0.034480 -0.235163
v -0.228993 0.009370 -0.242471
v -0.017207 0.111711 -0.143135
v -0.039253 0.101460 -0.156469
v -0.071696 0.099762 -0.186975
v -0.101942 0.096080 -0.213708
v -0.123322 0.085540 -0.226153
v -0.153286 0.059540 -0.234467
v -0.185372 0.029426 -0.241522
v -0.207458 0.017921 -0.253876
v -0.023961 0.096345 -0.162901
v -0.044050 0.088198 -0.176022
v -0.071226 0.086944 -0.201713
v -0.095041 0.079580 -0.219132
v -0.110870 0.071776 -0.228346
v -0.134575 0.055714 -0.238586
v -0.161447 0.030323 -0.244357
v -0.181492 0.018685 -0.254597
v -0.032177 0.079669 -0.183040
v -0.059685 0.069332 -0.201672
v -0.074313 0.067594 -0.214636
v -0.087419 0.061991 -0.222963
v -0.099102 0.056231 -0.229763
v -0.112187 0.048923 -0.236682
v -0.126678 0.036306 -0.240668
v -0.154105 0.019560 -0.254011
v -0.070752 0.048311 -0.221081
v -0.072625 0.047978 -0.222651
v -0.077043 0.047256 -0.226406
v -0.081407 0.045350 -0.229146
v -0.085768 0.043200 -0.231684
v -0.090126 0.040806 -0.234022
v -0.094508 0.037190 -0.235388
v -0.096366 0.035684 -0.235991
vt 0.375000 0.000000
vt 0.410714 0.000000
vt 0.446429 0.000000
vt 0.482143 0.000000
vt 0.517857 0.000000
vt 0.553571 0.000000
vt 0.589286 0.000000
vt 0.625000 0.000000
vt 0.375000 0.031250
vt 0.410714 0.031250
vt 0.446429 0.031250
vt 0.482143 0.031250
vt 0.517857 0.031250
vt 0.553571 0.031250
vt 0.589286 0.031250
vt 0.625000 0.031250
vt 0.375000 0.062500
vt 0.410714 0.062500
vt 0.446429 0.062500
vt 0.482143 0.062500
vt 0.517857 0.062500
vt 0.553571 0.062500
vt 0.589286 0.062500
vt 0.625000 0.062500
vt 0.375000 0.093750
vt 0.410714 0.093750
vt 0.446429 0.093750
vt 0.482143 0.093750
vt 0.517857 0.093750
vt 0.553571 0.093750
vt 0.589286 0.093750
vt 0.625000 0.093750
vt 0.375000 0.125000
vt 0.410714 0.125000
vt 0.446429 0.125000
vt 0.482143 0.125000
vt 0.517857 0.125000
vt 0.553571 0.125000
vt 0.589286 0.125000
vt 0.625000 0.125000
vt 0.375000 0.156250
vt 0.410714 0.156250
vt 0.446429 0.156250
vt 0.482143 0.156250
vt 0.517857 0.156250
vt 0.553571 0.156250
vt 0.589286 0.156250
vt 0.625000 0.156250
vt 0.375000 0.187500
vt 0.410714 0.187500
vt 0.446429 0.187500
vt 0.482143 0.187500
vt 0.517857 0.187500
vt 0.553571 0.187500
vt 0.589286 0.187500
vt 0.625000 0.187500
vt 0.375000 0.218750
vt 0.410714 0.218750
vt 0.446429 0.218750
vt 0.482143 0.218750
vt 0.517857 0.218750
vt 0.553571 0.218750
vt 0.589286 0.218750
vt 0.625000 0.218750
vt 0.375000 0.250000
vt 0.410714 0.250000
vt 0.446429 0.250000
vt 0.482143 0.250000
vt 0.517857 0.250000
vt 0.553571 0.250000
vt 0.589286 0.250000
vt 0.625000 0.250000
vt 0.375000 0.500000
vt 0.410714 0.500000
vt 0.446429 0.500000
vt 0.482143 0.500000
vt 0.517857 0.500000
vt 0.553571 0.500000
vt 0.589286 0.500000
vt 0.625000 0.500000
vt 0.375000 0.531250
vt 0.410714 0.531250
vt 0.446429 0.531250
vt 0.482143 0.531250
vt 0.517857 0.531250
vt 0.553571 0.531250
vt 0.589286 0.531250
vt 0.625000 0.531250
vt 0.375000 0.562500
vt 0.410714 0.562500
vt 0.446429 0.562500
vt 0.482143 0.562500
vt 0.517857 0.562500
vt 0.553571 0.562500
vt 0.589286 0.562500
vt 0.625000 0.562500
vt 0.375000 0.593750
vt 0.410714 0.593750
vt 0.446429 0.593750
vt 0.482143 0.593750
vt 0.517857 0.593750
vt 0.553571 0.593750
vt 0.589286 0.593750
vt 0.625000 0.593750
vt 0.375000 0.625000
vt 0.410714 0.625000
vt 0.446429 0.625000
vt 0.482143 0.625000
vt 0.517857 0.625000
vt 0.553571 0.625000
vt 0.589286 0.625000
vt 0.625000 0.625000
vt 0.375000 0.656250
vt 0.410714 0.656250
vt 0.446429 0.656250
vt 0.482143 0.656250
vt 0.517857 0.656250
vt 0.553571 0.656250
vt 0.589286 0.656250
vt 0.625000 0.656250
vt 0.375000 0.687500
vt 0.410714 0.687500
vt 0.446429 0.687500
vt 0.482143 0.687500
vt 0.517857 0.687500
vt 0.553571 0.687500
vt 0.589286 0.687500
vt 0.625000 0.687500
vt 0.375000 0.718750
vt 0.410714 0.718750
vt 0.446429 0.718750
vt 0.482143 0.718750
vt 0.517857 0.718750
vt 0.553571 0.718750
vt 0.589286 0.718750
vt 0.625000 0.718750
vt 0.375000 0.750000
vt 0.410714 0.750000
vt 0.446429 0.750000
vt 0.482143 0.750000
vt 0.517857 0.750000
vt 0.553571 0.750000
vt 0.589286 0.750000
vt 0.625000 0.750000
vt 0.375000 1.000000
vt 0.410714 1.000000
vt 0.446429 1.000000
vt 0.482143 1.000000
vt 0.517857 1.000000
vt 0.553571 1.000000
vt 0.589286 1.000000
vt 0.625000 1.000000
vt 0.875000 0.000000
vt 0.875000 0.031250
vt 0.875000 0.062500
vt 0.875000 0.093750
vt 0.875000 0.125000
vt 0.875000 0.156250
vt 0.875000 0.187500
vt 0.875000 0.218750
vt 0.875000 0.250000
vt 0.125000 0.000000
vt 0.125000 0.031250
vt 0.125000 0.062500
vt 0.125000 0.093750
vt 0.125000 0.125000
vt 0.125000 0.156250
vt 0.125000 0.187500
vt 0.125000 0.218750
vt 0.125000 0.250000
vt 0.375000 0.000000
vt 0.410714 0.000000
vt 0.375000 0.031250
vt 0.410714 0.031250
vt 0.446429 0.000000
vt 0.446429 0.031250
vt 0.482143 0.000000
vt 0.482143 0.031250
vt 0.517857 0.000000
vt 0.517857 0.031250
vt 0.553571 0.000000
vt 0.553571 0.031250
vt 0.589286 0.000000
vt 0.589286 0.031250
vt 0.625000 0.000000
vt 0.625000 0.031250
vt 0.410714 0.062500
vt 0.375000 0.062500
vt 0.446429 0.062500
vt 0.482143 0.062500
vt 0.517857 0.062500
vt 0.553571 0.062500
vt 0.589286 0.062500
vt 0.625000 0.062500
vt 0.410714 0.093750
vt 0.375000 0.093750
vt 0.446429 0.093750
vt 0.482143 0.093750
vt 0.517857 0.093750
vt 0.553571 0.093750
vt 0.589286 0.093750
vt 0.625000 0.093750
vt 0.410714 0.125000
vt 0.375000 0.125000
vt 0.446429 0.125000
vt 0.482143 0.125000
vt 0.517857 0.125000
vt 0.553571 0.125000
vt 0.589286 0.125000
vt 0.625000 0.125000
vt 0.410714 0.156250
vt 0.375000 0.156250
vt 0.446429 0.156250
vt 0.482143 0.156250
vt 0.517857 0.156250
vt 0.553571 0.156250
vt 0.589286 0.156250
vt 0.625000 0.156250
vt 0.375000 0.187500
vt 0.410714 0.187500
vt 0.446429 0.187500
vt 0.482143 0.187500
vt 0.517857 0.187500
vt 0.553571 0.187500
vt 0.589286 0.187500
vt 0.625000 0.187500
vt 0.375000 0.218750
vt 0.410714 0.218750
vt 0.446429 0.218750
vt 0.482143 0.218750
vt 0.517857 0.218750
vt 0.553571 0.218750
vt 0.589286 0.218750
vt 0.625000 0.218750
vt 0.410714 0.250000
vt 0.375000 0.250000
vt 0.446429 0.250000
vt 0.482143 0.250000
vt 0.517857 0.250000
vt 0.553571 0.250000
vt 0.589286 0.250000
vt 0.625000 0.250000
vt 0.410714 0.500000
vt 0.375000 0.500000
vt 0.446429 0.500000
vt 0.482143 0.500000
vt 0.517857 0.500000
vt 0.553571 0.500000
vt 0.589286 0.500000
vt 0.625000 0.500000
vt 0.375000 0.531250
vt 0.410714 0.531250
vt 0.446429 0.531250
vt 0.482143 0.531250
vt 0.517857 0.531250
vt 0.553571 0.531250
vt 0.589286 0.531250
vt 0.625000 0.531250
vt 0.410714 0.562500
vt 0.375000 0.562500
vt 0.446429 0.562500
vt 0.482143 0.562500
vt 0.517857 0.562500
vt 0.553571 0.562500
vt 0.589286 0.562500
vt 0.625000 0.562500
vt 0.410714 0.593750
vt 0.375000 0.593750
vt 0.446429 0.593750
vt 0.482143 0.593750
vt 0.517857 0.593750
vt 0.553571 0.593750
vt 0.589286 0.593750
vt 0.625000 0.593750
vt 0.410714 0.625000
vt 0.375000 0.625000
vt 0.446429 0.625000
vt 0.482143 0.625000
vt 0.517857 0.625000
vt 0.553571 0.625000
vt 0.589286 0.625000
vt 0.625000 0.625000
vt 0.410714 0.656250
vt 0.375000 0.656250
vt 0.446429 0.656250
vt 0.482143 0.656250
vt 0.517857 0.656250
vt 0.553571 0.656250
vt 0.589286 0.656250
vt 0.625000 0.656250
vt 0.375000 0.687500
vt 0.410714 0.687500
vt 0.446429 0.687500
vt 0.482143 0.687500
vt 0.517857 0.687500
vt 0.553571 0.687500
vt 0.589286 0.687500
vt 0.625000 0.687500
vt 0.375000 0.718750
vt 0.410714 0.718750
vt 0.446429 0.718750
vt 0.482143 0.718750
vt 0.517857 0.718750
vt 0.553571 0.718750
vt 0.589286 0.718750
vt 0.625000 0.718750
vt 0.410714 0.750000
vt 0.375000 0.750000
vt 0.446429 0.750000
vt 0.482143 0.750000
vt 0.517857 0.750000
vt 0.553571 0.750000
vt 0.589286 0.750000
vt 0.625000 0.750000
vt 0.375000 1.000000
vt 0.410714 1.000000
vt 0.446429 1.000000
vt 0.482143 1.000000
vt 0.517857 1.000000
vt 0.553571 1.000000
vt 0.589286 1.000000
vt 0.625000 1.000000
vt 0.875000 0.000000
vt 0.875000 0.031250
vt 0.875000 0.062500
vt 0.875000 0.093750
vt 0.875000 0.125000
vt 0.875000 0.156250
vt 0.875000 0.187500
vt 0.875000 0.218750
vt 0.875000 0.250000
vt 0.125000 0.000000
vt 0.125000 0.031250
vt 0.125000 0.062500
vt 0.125000 0.093750
vt 0.125000 0.125000
vt 0.125000 0.156250
vt 0.125000 0.187500
vt 0.125000 0.218750
vt 0.125000 0.250000
vn -0.625152 0.153990 -0.765162
vn -0.332457 0.541850 -0.771926
vn -0.209939 0.673179 -0.709053
vn -0.546262 0.434260 -0.716252
vn -0.579091 0.344584 -0.738861
vn -0.546845 0.397614 -0.736793
vn -0.321334 0.430767 -0.843318
vn -0.317079 0.436231 -0.842119
vn -0.267513 0.404344 -0.874610
vn -0.264180 0.409993 -0.872992
vn -0.175901 0.145821 -0.973548
vn -0.149851 0.201903 -0.967874
vn -0.142476 0.448198 -0.882507
vn -0.112047 0.220200 -0.968998
vn -0.301883 -0.005391 -0.953330
vn -0.046734 0.592727 -0.804046
vn -0.364178 0.700795 -0.613401
vn -0.055179 0.786732 -0.614823
vn -0.470219 0.541993 -0.696518
vn -0.478932 0.437285 -0.761187
vn -0.161428 0.280869 -0.946073
vn -0.050476 0.335066 -0.940842
vn 0.081644 0.481013 -0.872904
vn 0.052479 0.733660 -0.677487
vn -0.250173 0.820299 -0.514318
vn 0.361055 0.926119 -0.109282
vn -0.315183 0.785840 -0.532086
vn -0.379906 0.655293 -0.652889
vn 0.027531 0.454534 -0.890304
vn 0.181544 0.540962 -0.821220
vn 0.178886 0.616181 -0.767021
vn 0.393826 0.907301 -0.147327
vn -0.346951 0.865101 -0.362250
vn -0.181529 0.842796 -0.506698
vn -0.315459 0.864036 -0.392335
vn -0.018052 0.785320 -0.618827
vn 0.037476 0.756149 -0.653326
vn 0.333206 0.544257 -0.769908
vn 0.307939 0.567276 -0.763788
vn 0.169361 0.676664 -0.716549
vn -0.180300 0.878091 -0.443225
vn -0.386076 0.308160 -0.869473
vn -0.163242 0.911513 -0.377487
vn -0.009698 0.960642 -0.277620
vn 0.397736 0.759513 -0.514729
vn 0.333488 0.666635 -0.666621
vn 0.246471 0.672081 -0.698254
vn -0.337489 0.302422 -0.891427
vn -0.033089 0.805003 -0.592347
vn -0.069852 0.950862 -0.301632
vn 0.066037 0.986271 -0.151355
vn 0.177288 0.979636 -0.094249
vn 0.494780 0.823028 -0.278958
vn 0.485897 0.779288 -0.395745
vn 0.389151 0.724582 -0.568808
vn 0.074569 0.751930 -0.655012
vn 0.053730 0.897045 -0.438662
vn 0.097372 0.990959 -0.092298
vn 0.157139 0.987157 -0.028774
vn 0.280619 0.930151 -0.236797
vn 0.331304 0.905119 -0.266453
vn 0.552579 0.792213 -0.258950
vn 0.523996 0.780641 -0.340628
vn 0.222092 0.814045 -0.536662
vn 0.136005 0.946766 -0.291782
vn 0.196101 0.972878 -0.122693
vn 0.161582 0.979011 -0.124215
vn 0.286311 0.925781 -0.246890
vn 0.319740 0.909280 -0.266414
vn 0.476086 0.823966 -0.307283
vn 0.339429 0.846481 -0.410192
vn 0.464258 0.840681 -0.278784
vn 0.606409 0.501566 0.617008
vn 0.606411 0.501566 0.617007
vn 0.606409 0.501566 0.617008
vn 0.606411 0.501566 0.617007
vn 0.606409 0.501570 0.617005
vn 0.606409 0.501567 0.617008
vn 0.606408 0.501572 0.617005
vn 0.606409 0.501567 0.617008
vn 0.606408 0.501570 0.617006
vn 0.606408 0.501575 0.617002
vn 0.606410 0.501566 0.617007
vn 0.606411 0.501568 0.617005
vn 0.606411 0.501577 0.616997
vn 0.606406 0.501568 0.617010
vn 0.606404 0.501572 0.617008
vn 0.606405 0.501568 0.617011
vn -0.189968 -0.972250 0.136536
vn -0.130900 -0.944203 0.302234
vn -0.052168 -0.896206 0.440560
vn -0.095727 -0.990632 0.097391
vn -0.154862 -0.978038 0.139497
vn -0.161300 -0.986701 0.020071
vn -0.285750 -0.925566 0.248344
vn -0.280885 -0.930603 0.234696
vn -0.318533 -0.909426 0.267359
vn -0.333077 -0.904921 0.264910
vn -0.466011 -0.824648 0.320608
vn -0.557599 -0.791333 0.250748
vn -0.331491 -0.845316 0.418992
vn -0.520481 -0.781236 0.344630
vn -0.455300 -0.841446 0.290983
vn -0.220586 -0.813179 0.538592
vn 0.069177 -0.950879 0.301734
vn 0.032326 -0.805395 0.591856
vn -0.066632 -0.986654 0.148574
vn -0.177189 -0.979612 0.094684
vn -0.493666 -0.823686 0.278988
vn -0.488026 -0.778915 0.393855
vn -0.388909 -0.725051 0.568375
vn -0.074905 -0.752518 0.654298
vn 0.181496 -0.874835 0.449135
vn 0.377828 -0.318361 0.869421
vn 0.161997 -0.911271 0.378605
vn 0.009902 -0.960842 0.276922
vn -0.396979 -0.760526 0.513817
vn -0.332183 -0.667649 0.666257
vn -0.241011 -0.670928 0.701262
vn 0.334363 -0.312757 0.889036
vn 0.344373 -0.865075 0.364763
vn 0.176711 -0.841565 0.510434
vn 0.316612 -0.864104 0.391256
vn 0.019350 -0.784151 0.620268
vn -0.038776 -0.757324 0.651888
vn -0.334347 -0.543193 0.770165
vn -0.306469 -0.568585 0.763406
vn -0.165032 -0.679676 0.714706
vn 0.244087 -0.823066 0.512819
vn -0.356992 -0.926138 0.121756
vn 0.313870 -0.785655 0.533134
vn 0.379146 -0.654577 0.654047
vn -0.027729 -0.453882 0.890630
vn -0.180310 -0.542034 0.820784
vn -0.180393 -0.620789 0.762941
vn -0.386579 -0.909054 0.155493
vn 0.055583 -0.786159 0.615519
vn 0.363702 -0.700277 0.614274
vn 0.472604 -0.539717 0.696671
vn 0.477807 -0.437405 0.761825
vn 0.161315 -0.281276 0.945971
vn 0.051376 -0.332057 0.941859
vn -0.080552 -0.481267 0.872865
vn -0.051675 -0.733303 0.677935
vn 0.207538 -0.675680 0.707379
vn 0.540680 -0.441089 0.716314
vn 0.553565 -0.386606 0.737632
vn 0.319631 -0.434199 0.842204
vn 0.264515 -0.407216 0.874189
vn 0.155553 -0.190395 0.969305
vn 0.109311 -0.228432 0.967404
vn 0.044581 -0.595343 0.802234
vn 0.322499 -0.552711 0.768443
vn 0.612977 -0.179403 0.769463
vn 0.563682 -0.369237 0.738869
vn 0.317852 -0.433223 0.843379
vn 0.266359 -0.407792 0.873360
vn 0.164615 -0.172504 0.971156
vn 0.135777 -0.460660 0.877130
vn 0.292428 -0.021359 0.956049
vn -0.606405 -0.501570 -0.617010
vn -0.606405 -0.501570 -0.617010
vn -0.606405 -0.501568 -0.617010
vn -0.606409 -0.501567 -0.617008
vn -0.606409 -0.501570 -0.617006
vn -0.606407 -0.501567 -0.617009
vn -0.606408 -0.501569 -0.617007
vn -0.606409 -0.501569 -0.617006
vn -0.606410 -0.501568 -0.617006
vn -0.606410 -0.501569 -0.617005
vn -0.606411 -0.501569 -0.617004
vn -0.606410 -0.501566 -0.617007
vn -0.606402 -0.501574 -0.617009
vn -0.606411 -0.501573 -0.617001
vn -0.606401 -0.501575 -0.617009
vn -0.606404 -0.501570 -0.617010
vn -0.386504 -0.521258 -0.760858
vn -0.386496 -0.570719 -0.724500
vn -0.301636 -0.575873 -0.759859
vn -0.261576 -0.624664 -0.735781
vn -0.029601 -0.653057 -0.756730
vn -0.013938 -0.666641 -0.745249
vn 0.001356 -0.663205 -0.748437
vn 0.098622 -0.673835 -0.732270
vn 0.790825 -0.461286 -0.402257
vn 0.790821 -0.461310 -0.402237
vn 0.983960 0.058436 0.168545
vn 0.963861 0.132887 0.230897
vn 0.959520 0.138510 0.245228
vn 0.955705 0.161904 0.245795
vn 0.881002 0.280607 0.380914
vn 0.863632 0.338719 0.373376
vn 0.815350 0.370547 0.444859
vn 0.812605 0.417261 0.406899
vn -0.782679 -0.325945 -0.530257
vn -0.838422 -0.311237 -0.447415
vn -0.786753 -0.373387 -0.491531
vn -0.861704 -0.328804 -0.386464
vn -0.956138 -0.196285 -0.217422
vn -0.960106 -0.207595 -0.187352
vn -0.965096 -0.187465 -0.182883
vn -0.932247 0.149469 0.329508
vn -0.794820 0.404800 0.452105
vn -0.794816 0.404937 0.451988
vn -0.584115 0.437417 0.683722
vn -0.004412 0.607125 0.794594
vn 0.012498 0.596856 0.802251
vn 0.029169 0.618669 0.785110
vn 0.222345 0.605308 0.764307
vn 0.257610 0.637479 0.726125
vn 0.342819 0.603493 0.719911
vn 0.344724 0.647923 0.679236
vn 0.625144 0.154005 -0.765165
vn 0.241908 0.642138 -0.727419
vn 0.345035 0.529841 -0.774738
vn 0.544766 0.435037 -0.716919
vn 0.572398 0.348875 -0.742056
vn 0.546523 0.398209 -0.736711
vn 0.316859 0.429771 -0.845516
vn 0.323006 0.426380 -0.844907
vn 0.263227 0.400701 -0.877582
vn 0.257671 0.418678 -0.870812
vn 0.175385 0.131367 -0.975696
vn 0.150096 0.201475 -0.967925
vn 0.139531 0.454546 -0.879727
vn 0.109084 0.224976 -0.968239
vn 0.301879 -0.005377 -0.953331
vn 0.017904 0.633286 -0.773710
vn 0.365060 0.699900 -0.613899
vn 0.063844 0.788783 -0.611346
vn 0.469849 0.542252 -0.696566
vn 0.475851 0.442950 -0.759843
vn 0.165178 0.275198 -0.947092
vn 0.061488 0.355998 -0.932462
vn -0.082679 0.482716 -0.871866
vn -0.065681 0.745529 -0.663229
vn 0.221514 0.836271 -0.501580
vn -0.342497 0.928752 -0.141826
vn 0.316219 0.785107 -0.532553
vn 0.364905 0.676170 -0.640030
vn -0.009121 0.435458 -0.900163
vn -0.187206 0.519324 -0.833821
vn -0.169570 0.606411 -0.776860
vn -0.401471 0.906226 -0.132576
vn 0.331677 0.867262 -0.371276
vn 0.185292 0.840145 -0.509728
vn 0.315330 0.863870 -0.392805
vn 0.038611 0.793879 -0.606849
vn -0.029041 0.760306 -0.648916
vn -0.333183 0.544035 -0.770075
vn -0.311247 0.568788 -0.761318
vn -0.168143 0.674571 -0.718806
vn 0.210060 0.862084 -0.461179
vn 0.367929 0.341449 -0.864893
vn 0.160675 0.908862 -0.384907
vn 0.028191 0.953961 -0.298603
vn -0.411985 0.767182 -0.491631
vn -0.332667 0.666340 -0.667325
vn -0.259578 0.674090 -0.691536
vn 0.342964 0.293078 -0.892458
vn 0.022989 0.814533 -0.579661
vn 0.068488 0.951677 -0.299366
vn -0.061703 0.987767 -0.143212
vn -0.173538 0.979681 -0.100542
vn -0.497667 0.823229 -0.273170
vn -0.486207 0.779182 -0.395573
vn -0.388912 0.724313 -0.569313
vn -0.064040 0.755550 -0.651953
vn -0.093153 0.925133 -0.368037
vn -0.097858 0.990631 -0.095258
vn -0.156685 0.987206 -0.029568
vn -0.287220 0.930546 -0.227132
vn -0.325525 0.904190 -0.276539
vn -0.552847 0.792179 -0.258481
vn -0.522448 0.780607 -0.343075
vn -0.198992 0.805891 -0.557622
vn -0.140791 0.950176 -0.278105
vn -0.196102 0.972878 -0.122688
vn -0.166091 0.974528 -0.150692
vn -0.290045 0.924493 -0.247361
vn -0.322261 0.907362 -0.269892
vn -0.492556 0.817602 -0.298186
vn -0.337168 0.846378 -0.412265
vn -0.464259 0.840680 -0.278783
vn -0.606411 0.501568 0.617005
vn -0.606413 0.501569 0.617002
vn -0.606405 0.501569 0.617011
vn -0.606405 0.501568 0.617011
vn -0.606410 0.501571 0.617003
vn -0.606407 0.501572 0.617006
vn -0.606411 0.501569 0.617005
vn -0.606407 0.501565 0.617011
vn -0.606411 0.501566 0.617006
vn -0.606408 0.501572 0.617004
vn -0.606411 0.501563 0.617009
vn -0.606408 0.501570 0.617006
vn -0.606409 0.501575 0.617001
vn -0.606400 0.501571 0.617014
vn -0.606405 0.501570 0.617009
vn -0.606400 0.501571 0.617014
vn 0.189970 -0.972251 0.136529
vn 0.089959 -0.923114 0.373857
vn 0.135491 -0.947663 0.289098
vn 0.095830 -0.990210 0.101488
vn 0.160242 -0.973177 0.165074
vn 0.160897 -0.986752 0.020797
vn 0.289644 -0.924297 0.248560
vn 0.287396 -0.930966 0.225180
vn 0.320808 -0.907534 0.271045
vn 0.327404 -0.904024 0.274860
vn 0.482094 -0.818479 0.312534
vn 0.557848 -0.791294 0.250319
vn 0.329288 -0.845194 0.420971
vn 0.519348 -0.781158 0.346512
vn 0.455304 -0.841445 0.290979
vn 0.198752 -0.805332 0.558514
vn -0.067741 -0.951895 0.298842
vn -0.022192 -0.815355 0.578536
vn 0.062625 -0.988003 0.141165
vn 0.173422 -0.979652 0.101032
vn 0.496580 -0.823873 0.273206
vn 0.488331 -0.778811 0.393683
vn 0.388502 -0.724800 0.568973
vn 0.063915 -0.756777 0.650541
vn -0.212759 -0.854014 0.474757
vn -0.355769 -0.357884 0.863335
vn -0.159619 -0.908954 0.385130
vn -0.028469 -0.954161 0.297937
vn 0.411265 -0.768102 0.490796
vn 0.331385 -0.667335 0.666970
vn 0.255482 -0.673785 0.693356
vn -0.340743 -0.301929 0.890356
vn -0.329522 -0.867562 0.372493
vn -0.180435 -0.838902 0.513505
vn -0.316474 -0.863925 0.391763
vn -0.040523 -0.792100 0.609045
vn 0.030126 -0.761260 0.647746
vn 0.334322 -0.542955 0.770343
vn 0.309618 -0.570906 0.760397
vn 0.163732 -0.677532 0.717037
vn -0.212106 -0.841844 0.496296
vn 0.333597 -0.928631 0.162352
vn -0.314893 -0.784916 0.533619
vn -0.364080 -0.675380 0.641333
vn 0.009260 -0.434771 0.900494
vn 0.185563 -0.522391 0.832271
vn 0.170394 -0.608356 0.775158
vn 0.395636 -0.907940 0.138263
vn -0.064294 -0.788664 0.611454
vn -0.364934 -0.699185 0.614787
vn -0.472237 -0.539977 0.696719
vn -0.474696 -0.443065 0.760498
vn -0.165079 -0.275567 0.947002
vn -0.061453 -0.351005 0.934355
vn 0.081655 -0.483328 0.871623
vn 0.064984 -0.745440 0.663397
vn -0.237475 -0.646508 0.725006
vn -0.538619 -0.442554 0.716963
vn -0.553284 -0.387117 0.737575
vn -0.325388 -0.424561 0.844909
vn -0.258085 -0.415769 0.872083
vn -0.155766 -0.190022 0.969344
vn -0.107213 -0.231715 0.966858
vn -0.016975 -0.633595 0.773478
vn -0.334474 -0.541560 0.771259
vn -0.612976 -0.179405 0.769464
vn -0.556013 -0.373812 0.742371
vn -0.313845 -0.431851 0.845580
vn -0.261739 -0.404701 0.876191
vn -0.164178 -0.155005 0.974176
vn -0.132954 -0.466745 0.874341
vn -0.292425 -0.021365 0.956050
vn 0.606409 -0.501573 -0.617003
vn 0.606403 -0.501567 -0.617014
vn 0.606409 -0.501573 -0.617003
vn 0.606413 -0.501564 -0.617006
vn 0.606406 -0.501567 -0.617011
vn 0.606411 -0.501566 -0.617007
vn 0.606409 -0.501566 -0.617009
vn 0.606405 -0.501569 -0.617011
vn 0.606412 -0.501567 -0.617005
vn 0.606403 -0.501570 -0.617012
vn 0.606409 -0.501563 -0.617011
vn 0.606416 -0.501566 -0.617002
vn 0.606391 -0.501581 -0.617014
vn 0.606410 -0.501568 -0.617005
vn 0.606390 -0.501582 -0.617014
vn 0.606411 -0.501563 -0.617009
vn 0.386504 -0.521260 -0.760856
vn 0.349715 -0.563211 -0.748661
vn 0.386587 -0.563720 -0.729911
vn 0.172436 -0.642376 -0.746739
vn 0.033686 -0.651653 -0.757769
vn 0.007709 -0.668001 -0.744120
vn -0.001293 -0.663664 -0.748030
vn -0.104620 -0.673734 -0.731530
vn -0.790750 -0.461348 -0.402334
vn -0.798790 -0.454620 -0.394025
vn -0.984288 0.057086 0.167085
vn -0.963851 0.132812 0.230982
vn -0.960081 0.136666 0.244063
vn -0.955214 0.163590 0.246586
vn -0.901851 0.251653 0.351193
vn -0.850388 0.356138 0.387307
vn -0.815317 0.371718 0.443941
vn -0.812605 0.417264 0.406895
vn 0.782680 -0.325951 -0.530253
vn 0.786617 -0.370999 -0.493552
vn 0.863010 -0.294696 -0.410327
vn 0.837005 -0.351985 -0.418963
vn 0.956854 -0.195624 -0.214851
vn 0.959586 -0.207723 -0.189860
vn 0.965111 -0.187283 -0.182991
vn 0.939158 0.138034 0.314531
vn 0.794819 0.404802 0.452104
vn 0.794529 0.405176 0.452279
vn 0.498108 0.475382 0.725190
vn 0.005024 0.607428 0.794359
vn -0.018809 0.600522 0.799387
vn -0.017806 0.615142 0.788215
vn -0.295269 0.596507 0.746321
vn -0.176696 0.633412 0.753371
vn -0.343098 0.608658 0.715415
vn -0.344725 0.647921 0.679237
s 1
g cha_dog_body pCube1
usemtl lambert18SG
f 703/762/703 704/763/704 711/770/705
f 711/770/705 704/763/704 712/771/706
f 704/763/704 705/764/707 712/771/706
f 712/771/706 705/764/707 713/772/708
f 705/764/707 706/765/709 713/772/708
f 713/772/708 706/765/709 714/773/710
f 706/765/709 707/766/711 714/773/710
f 714/773/710 707/766/711 715/774/712
f 708/767/713 716/775/714 707/766/711
f 707/766/711 716/775/714 715/774/712
f 709/768/715 717/776/716 708/767/713
f 708/767/713 717/776/716 716/775/714
f 710/769/717 718/777/718 709/768/715
f 709/768/715 718/777/718 717/776/716
f 712/771/706 720/779/719 711/770/705
f 711/770/705 720/779/719 719/778/720
f 712/771/706 713/772/708 720/779/719
f 720/779/719 713/772/708 721/780/721
f 713/772/708 714/773/710 721/780/721
f 721/780/721 714/773/710 722/781/722
f 714/773/710 715/774/712 722/781/722
f 722/781/722 715/774/712 723/782/723
f 716/775/714 724/783/724 715/774/712
f 715/774/712 724/783/724 723/782/723
f 717/776/716 725/784/725 716/775/714
f 716/775/714 725/784/725 724/783/724
f 717/776/716 718/777/718 725/784/725
f 725/784/725 718/777/718 726/785/726
f 720/779/719 728/787/727 719/778/720
f 719/778/720 728/787/727 727/786/728
f 721/780/721 729/788/729 720/779/719
f 720/779/719 729/788/729 728/787/727
f 721/780/721 722/781/722 729/788/729
f 729/788/729 722/781/722 730/789/730
f 722/781/722 723/782/723 730/789/730
f 730/789/730 723/782/723 731/790/731
f 724/783/724 732/791/732 723/782/723
f 723/782/723 732/791/732 731/790/731
f 724/783/724 725/784/725 732/791/732
f 732/791/732 725/784/725 733/792/733
f 725/784/725 726/785/726 733/792/733
f 733/792/733 726/785/726 734/793/734
f 736/795/735 735/794/736 728/787/727
f 727/786/728 728/787/727 735/794/736
f 729/788/729 737/796/737 728/787/727
f 728/787/727 737/796/737 736/795/735
f 729/788/729 730/789/730 737/796/737
f 737/796/737 730/789/730 738/797/738
f 730/789/730 731/790/731 738/797/738
f 738/797/738 731/790/731 739/798/739
f 732/791/732 740/799/740 731/790/731
f 731/790/731 740/799/740 739/798/739
f 732/791/732 733/792/733 740/799/740
f 740/799/740 733/792/733 741/800/741
f 741/800/741 733/792/733 742/801/742
f 733/792/733 734/793/734 742/801/742
f 736/795/735 744/803/743 735/794/736
f 735/794/736 744/803/743 743/802/744
f 736/795/735 737/796/737 744/803/743
f 744/803/743 737/796/737 745/804/745
f 738/797/738 746/805/746 737/796/737
f 737/796/737 746/805/746 745/804/745
f 738/797/738 739/798/739 746/805/746
f 746/805/746 739/798/739 747/806/747
f 739/798/739 740/799/740 747/806/747
f 747/806/747 740/799/740 748/807/748
f 741/800/741 749/808/749 740/799/740
f 740/799/740 749/808/749 748/807/748
f 741/800/741 742/801/742 749/808/749
f 742/801/742 750/809/750 749/808/749
f 743/802/744 744/803/743 751/810/751
f 751/810/751 744/803/743 752/811/752
f 744/803/743 745/804/745 752/811/752
f 752/811/752 745/804/745 753/812/753
f 746/805/746 754/813/754 745/804/745
f 745/804/745 754/813/754 753/812/753
f 746/805/746 747/806/747 754/813/754
f 754/813/754 747/806/747 755/814/755
f 747/806/747 748/807/748 755/814/755
f 755/814/755 748/807/748 756/815/756
f 749/808/749 757/816/757 748/807/748
f 748/807/748 757/816/757 756/815/756
f 750/809/750 758/817/758 749/808/749
f 749/808/749 758/817/758 757/816/757
f 751/810/751 752/811/752 759/818/759
f 759/818/759 752/811/752 760/819/760
f 753/812/753 761/820/761 752/811/752
f 752/811/752 761/820/761 760/819/760
f 754/813/754 762/821/762 753/812/753
f 753/812/753 762/821/762 761/820/761
f 754/813/754 755/814/755 762/821/762
f 762/821/762 755/814/755 763/822/763
f 755/814/755 756/815/756 763/822/763
f 763/822/763 756/815/756 764/823/764
f 756/815/756 757/816/757 764/823/764
f 764/823/764 757/816/757 765/824/765
f 758/817/758 766/825/766 757/816/757
f 757/816/757 766/825/766 765/824/765
f 760/819/760 768/827/767 759/818/759
f 759/818/759 768/827/767 767/826/768
f 761/820/761 769/828/769 760/819/760
f 760/819/760 769/828/769 768/827/767
f 762/821/762 770/829/770 761/820/761
f 761/820/761 770/829/770 769/828/769
f 762/821/762 763/822/763 770/829/770
f 770/829/770 763/822/763 771/830/771
f 763/822/763 764/823/764 771/830/771
f 771/830/771 764/823/764 772/831/772
f 764/823/764 765/824/765 772/831/772
f 772/831/772 765/824/765 773/832/773
f 765/824/765 766/825/766 773/832/773
f 773/832/773 766/825/766 774/833/774
s 5
f 768/827/775 776/835/776 767/826/777
f 767/826/777 776/835/776 775/834/778
f 769/828/779 777/836/780 768/827/775
f 768/827/775 777/836/780 776/835/776
f 770/829/781 778/837/782 769/828/779
f 769/828/779 778/837/782 777/836/780
f 770/829/781 771/830/783 778/837/782
f 778/837/782 771/830/783 779/838/784
f 771/830/783 772/831/785 779/838/784
f 779/838/784 772/831/785 780/839/786
f 772/831/785 773/832/787 780/839/786
f 780/839/786 773/832/787 781/840/788
f 773/832/787 774/833/789 781/840/788
f 781/840/788 774/833/789 782/841/790
s 8
f 775/834/791 776/835/792 783/842/793
f 783/842/793 776/835/792 784/843/794
f 776/835/792 777/836/795 784/843/794
f 784/843/794 777/836/795 785/844/796
f 777/836/795 778/837/797 785/844/796
f 785/844/796 778/837/797 786/845/798
f 778/837/797 779/838/799 786/845/798
f 786/845/798 779/838/799 787/846/800
f 780/839/801 788/847/802 779/838/799
f 779/838/799 788/847/802 787/846/800
f 781/840/803 789/848/804 780/839/801
f 780/839/801 789/848/804 788/847/802
f 782/841/805 790/849/806 781/840/803
f 781/840/803 790/849/806 789/848/804
f 784/843/794 792/851/807 783/842/793
f 783/842/793 792/851/807 791/850/808
f 784/843/794 785/844/796 792/851/807
f 792/851/807 785/844/796 793/852/809
f 785/844/796 786/845/798 793/852/809
f 793/852/809 786/845/798 794/853/810
f 786/845/798 787/846/800 794/853/810
f 794/853/810 787/846/800 795/854/811
f 788/847/802 796/855/812 787/846/800
f 787/846/800 796/855/812 795/854/811
f 789/848/804 797/856/813 788/847/802
f 788/847/802 797/856/813 796/855/812
f 789/848/804 790/849/806 797/856/813
f 797/856/813 790/849/806 798/857/814
f 792/851/807 800/859/815 791/850/808
f 791/850/808 800/859/815 799/858/816
f 793/852/809 801/860/817 792/851/807
f 792/851/807 801/860/817 800/859/815
f 793/852/809 794/853/810 801/860/817
f 801/860/817 794/853/810 802/861/818
f 794/853/810 795/854/811 802/861/818
f 802/861/818 795/854/811 803/862/819
f 796/855/812 804/863/820 795/854/811
f 795/854/811 804/863/820 803/862/819
f 796/855/812 797/856/813 804/863/820
f 804/863/820 797/856/813 805/864/821
f 797/856/813 798/857/814 805/864/821
f 805/864/821 798/857/814 806/865/822
f 808/867/823 807/866/824 800/859/815
f 799/858/816 800/859/815 807/866/824
f 801/860/817 809/868/825 800/859/815
f 800/859/815 809/868/825 808/867/823
f 801/860/817 802/861/818 809/868/825
f 809/868/825 802/861/818 810/869/826
f 802/861/818 803/862/819 810/869/826
f 810/869/826 803/862/819 811/870/827
f 804/863/820 812/871/828 803/862/819
f 803/862/819 812/871/828 811/870/827
f 804/863/820 805/864/821 812/871/828
f 812/871/828 805/864/821 813/872/829
f 813/872/829 805/864/821 814/873/830
f 805/864/821 806/865/822 814/873/830
f 808/867/823 816/875/831 807/866/824
f 807/866/824 816/875/831 815/874/832
f 808/867/823 809/868/825 816/875/831
f 816/875/831 809/868/825 817/876/833
f 810/869/826 818/877/834 809/868/825
f 809/868/825 818/877/834 817/876/833
f 810/869/826 811/870/827 818/877/834
f 818/877/834 811/870/827 819/878/835
f 811/870/827 812/871/828 819/878/835
f 819/878/835 812/871/828 820/879/836
f 813/872/829 821/880/837 812/871/828
f 812/871/828 821/880/837 820/879/836
f 813/872/829 814/873/830 821/880/837
f 814/873/830 822/881/838 821/880/837
f 815/874/832 816/875/831 823/882/839
f 823/882/839 816/875/831 824/883/840
f 816/875/831 817/876/833 824/883/840
f 824/883/840 817/876/833 825/884/841
f 818/877/834 826/885/842 817/876/833
f 817/876/833 826/885/842 825/884/841
f 818/877/834 819/878/835 826/885/842
f 826/885/842 819/878/835 827/886/843
f 819/878/835 820/879/836 827/886/843
f 827/886/843 820/879/836 828/887/844
f 821/880/837 829/888/845 820/879/836
f 820/879/836 829/888/845 828/887/844
f 822/881/838 830/889/846 821/880/837
f 821/880/837 830/889/846 829/888/845
f 823/882/839 824/883/840 831/890/847
f 831/890/847 824/883/840 832/891/848
f 825/884/841 833/892/849 824/883/840
f 824/883/840 833/892/849 832/891/848
f 826/885/842 834/893/850 825/884/841
f 825/884/841 834/893/850 833/892/849
f 826/885/842 827/886/843 834/893/850
f 834/893/850 827/886/843 835/894/851
f 827/886/843 828/887/844 835/894/851
f 835/894/851 828/887/844 836/895/852
f 828/887/844 829/888/845 836/895/852
f 836/895/852 829/888/845 837/896/853
f 830/889/846 838/897/854 829/888/845
f 829/888/845 838/897/854 837/896/853
f 832/891/848 840/899/855 831/890/847
f 831/890/847 840/899/855 839/898/856
f 833/892/849 841/900/857 832/891/848
f 832/891/848 841/900/857 840/899/855
f 834/893/850 842/901/858 833/892/849
f 833/892/849 842/901/858 841/900/857
f 834/893/850 835/894/851 842/901/858
f 842/901/858 835/894/851 843/902/859
f 835/894/851 836/895/852 843/902/859
f 843/902/859 836/895/852 844/903/860
f 836/895/852 837/896/853 844/903/860
f 844/903/860 837/896/853 845/904/861
f 837/896/853 838/897/854 845/904/861
f 845/904/861 838/897/854 846/905/862
s 12
f 839/898/863 840/899/864 703/906/865
f 703/906/865 840/899/864 704/907/866
f 840/899/864 841/900/867 704/907/866
f 704/907/866 841/900/867 705/908/868
f 841/900/867 842/901/869 705/908/868
f 705/908/868 842/901/869 706/909/870
f 842/901/869 843/902/871 706/909/870
f 706/909/870 843/902/871 707/910/872
f 844/903/873 708/911/874 843/902/871
f 843/902/871 708/911/874 707/910/872
f 845/904/875 709/912/876 844/903/873
f 844/903/873 709/912/876 708/911/874
f 846/905/877 710/913/878 845/904/875
f 845/904/875 710/913/878 709/912/876
s 15
f 710/769/879 846/914/880 718/777/881
f 718/777/881 846/914/880 838/915/882
f 718/777/881 838/915/882 726/785/883
f 726/785/883 838/915/882 830/916/884
f 726/785/883 830/916/884 734/793/885
f 734/793/885 830/916/884 822/917/886
f 734/793/885 822/917/886 742/801/887
f 742/801/887 822/917/886 814/918/888
f 814/918/888 806/919/889 742/801/887
f 742/801/887 806/919/889 750/809/890
f 806/919/889 798/920/891 750/809/890
f 750/809/890 798/920/891 758/817/892
f 798/920/891 790/921/893 758/817/892
f 758/817/892 790/921/893 766/825/894
f 790/921/893 782/922/895 766/825/894
f 766/825/894 782/922/895 774/833/896
s 16
f 703/762/897 711/770/898 839/923/899
f 839/923/899 711/770/898 831/924/900
f 711/770/898 719/778/901 831/924/900
f 831/924/900 719/778/901 823/925/902
f 719/778/901 727/786/903 823/925/902
f 823/925/902 727/786/903 815/926/904
f 727/786/903 735/794/905 815/926/904
f 815/926/904 735/794/905 807/927/906
f 807/927/906 735/794/905 799/928/907
f 799/928/907 735/794/905 743/802/908
f 799/928/907 743/802/908 791/929/909
f 791/929/909 743/802/908 751/810/910
f 791/929/909 751/810/910 783/930/911
f 783/930/911 751/810/910 759/818/912
f 783/930/911 759/818/912 775/931/913
f 775/931/913 759/818/912 767/826/914
s 17
f 847/932/915 855/934/916 848/933/917
f 855/934/916 856/935/918 848/933/917
f 848/933/917 856/935/918 849/936/919
f 856/935/918 857/937/920 849/936/919
f 849/936/919 857/937/920 850/938/921
f 857/937/920 858/939/922 850/938/921
f 850/938/921 858/939/922 851/940/923
f 858/939/922 859/941/924 851/940/923
f 852/942/925 851/940/923 860/943/926
f 851/940/923 859/941/924 860/943/926
f 853/944/927 852/942/925 861/945/928
f 852/942/925 860/943/926 861/945/928
f 854/946/929 853/944/927 862/947/930
f 853/944/927 861/945/928 862/947/930
f 856/935/918 855/934/916 864/948/931
f 855/934/916 863/949/932 864/948/931
f 856/935/918 864/948/931 857/937/920
f 864/948/931 865/950/933 857/937/920
f 857/937/920 865/950/933 858/939/922
f 865/950/933 866/951/934 858/939/922
f 858/939/922 866/951/934 859/941/924
f 866/951/934 867/952/935 859/941/924
f 860/943/926 859/941/924 868/953/936
f 859/941/924 867/952/935 868/953/936
f 861/945/928 860/943/926 869/954/937
f 860/943/926 868/953/936 869/954/937
f 861/945/928 869/954/937 862/947/930
f 869/954/937 870/955/938 862/947/930
f 864/948/931 863/949/932 872/956/939
f 863/949/932 871/957/940 872/956/939
f 865/950/933 864/948/931 873/958/941
f 864/948/931 872/956/939 873/958/941
f 865/950/933 873/958/941 866/951/934
f 873/958/941 874/959/942 866/951/934
f 866/951/934 874/959/942 867/952/935
f 874/959/942 875/960/943 867/952/935
f 868/953/936 867/952/935 876/961/944
f 867/952/935 875/960/943 876/961/944
f 868/953/936 876/961/944 869/954/937
f 876/961/944 877/962/945 869/954/937
f 869/954/937 877/962/945 870/955/938
f 877/962/945 878/963/946 870/955/938
f 880/964/947 872/956/939 879/965/948
f 871/957/940 879/965/948 872/956/939
f 873/958/941 872/956/939 881/966/949
f 872/956/939 880/964/947 881/966/949
f 873/958/941 881/966/949 874/959/942
f 881/966/949 882/967/950 874/959/942
f 874/959/942 882/967/950 875/960/943
f 882/967/950 883/968/951 875/960/943
f 876/961/944 875/960/943 884/969/952
f 875/960/943 883/968/951 884/969/952
f 876/961/944 884/969/952 877/962/945
f 884/969/952 885/970/953 877/962/945
f 885/970/953 886/971/954 877/962/945
f 877/962/945 886/971/954 878/963/946
f 880/964/947 879/965/948 888/972/955
f 879/965/948 887/973/956 888/972/955
f 880/964/947 888/972/955 881/966/949
f 888/972/955 889/974/957 881/966/949
f 882/967/950 881/966/949 890/975/958
f 881/966/949 889/974/957 890/975/958
f 882/967/950 890/975/958 883/968/951
f 890/975/958 891/976/959 883/968/951
f 883/968/951 891/976/959 884/969/952
f 891/976/959 892/977/960 884/969/952
f 885/970/953 884/969/952 893/978/961
f 884/969/952 892/977/960 893/978/961
f 885/970/953 893/978/961 886/971/954
f 886/971/954 893/978/961 894/979/962
f 887/973/956 895/980/963 888/972/955
f 895/980/963 896/981/964 888/972/955
f 888/972/955 896/981/964 889/974/957
f 896/981/964 897/982/965 889/974/957
f 890/975/958 889/974/957 898/983/966
f 889/974/957 897/982/965 898/983/966
f 890/975/958 898/983/966 891/976/959
f 898/983/966 899/984/967 891/976/959
f 891/976/959 899/984/967 892/977/960
f 899/984/967 900/985/968 892/977/960
f 893/978/961 892/977/960 901/986/969
f 892/977/960 900/985/968 901/986/969
f 894/979/962 893/978/961 902/987/970
f 893/978/961 901/986/969 902/987/970
f 895/980/963 903/988/971 896/981/964
f 903/988/971 904/989/972 896/981/964
f 897/982/965 896/981/964 905/990/973
f 896/981/964 904/989/972 905/990/973
f 898/983/966 897/982/965 906/991/974
f 897/982/965 905/990/973 906/991/974
f 898/983/966 906/991/974 899/984/967
f 906/991/974 907/992/975 899/984/967
f 899/984/967 907/992/975 900/985/968
f 907/992/975 908/993/976 900/985/968
f 900/985/968 908/993/976 901/986/969
f 908/993/976 909/994/977 901/986/969
f 902/987/970 901/986/969 910/995/978
f 901/986/969 909/994/977 910/995/978
f 904/989/972 903/988/971 912/996/979
f 903/988/971 911/997/980 912/996/979
f 905/990/973 904/989/972 913/998/981
f 904/989/972 912/996/979 913/998/981
f 906/991/974 905/990/973 914/999/982
f 905/990/973 913/998/981 914/999/982
f 906/991/974 914/999/982 907/992/975
f 914/999/982 915/1000/983 907/992/975
f 907/992/975 915/1000/983 908/993/976
f 915/1000/983 916/1001/984 908/993/976
f 908/993/976 916/1001/984 909/994/977
f 916/1001/984 917/1002/985 909/994/977
f 909/994/977 917/1002/985 910/995/978
f 917/1002/985 918/1003/986 910/995/978
s 19
f 912/996/987 911/997/988 920/1004/989
f 911/997/988 919/1005/990 920/1004/989
f 913/998/991 912/996/987 921/1006/992
f 912/996/987 920/1004/989 921/1006/992
f 914/999/993 913/998/991 922/1007/994
f 913/998/991 921/1006/992 922/1007/994
f 914/999/993 922/1007/994 915/1000/995
f 922/1007/994 923/1008/996 915/1000/995
f 915/1000/995 923/1008/996 916/1001/997
f 923/1008/996 924/1009/998 916/1001/997
f 916/1001/997 924/1009/998 917/1002/999
f 924/1009/998 925/1010/1000 917/1002/999
f 917/1002/999 925/1010/1000 918/1003/1001
f 925/1010/1000 926/1011/1002 918/1003/1001
s 20
f 919/1005/1003 927/1012/1004 920/1004/1005
f 927/1012/1004 928/1013/1006 920/1004/1005
f 920/1004/1005 928/1013/1006 921/1006/1007
f 928/1013/1006 929/1014/1008 921/1006/1007
f 921/1006/1007 929/1014/1008 922/1007/1009
f 929/1014/1008 930/1015/1010 922/1007/1009
f 922/1007/1009 930/1015/1010 923/1008/1011
f 930/1015/1010 931/1016/1012 923/1008/1011
f 924/1009/1013 923/1008/1011 932/1017/1014
f 923/1008/1011 931/1016/1012 932/1017/1014
f 925/1010/1015 924/1009/1013 933/1018/1016
f 924/1009/1013 932/1017/1014 933/1018/1016
f 926/1011/1017 925/1010/1015 934/1019/1018
f 925/1010/1015 933/1018/1016 934/1019/1018
f 928/1013/1006 927/1012/1004 936/1020/1019
f 927/1012/1004 935/1021/1020 936/1020/1019
f 928/1013/1006 936/1020/1019 929/1014/1008
f 936/1020/1019 937/1022/1021 929/1014/1008
f 929/1014/1008 937/1022/1021 930/1015/1010
f 937/1022/1021 938/1023/1022 930/1015/1010
f 930/1015/1010 938/1023/1022 931/1016/1012
f 938/1023/1022 939/1024/1023 931/1016/1012
f 932/1017/1014 931/1016/1012 940/1025/1024
f 931/1016/1012 939/1024/1023 940/1025/1024
f 933/1018/1016 932/1017/1014 941/1026/1025
f 932/1017/1014 940/1025/1024 941/1026/1025
f 933/1018/1016 941/1026/1025 934/1019/1018
f 941/1026/1025 942/1027/1026 934/1019/1018
f 936/1020/1019 935/1021/1020 944/1028/1027
f 935/1021/1020 943/1029/1028 944/1028/1027
f 937/1022/1021 936/1020/1019 945/1030/1029
f 936/1020/1019 944/1028/1027 945/1030/1029
f 937/1022/1021 945/1030/1029 938/1023/1022
f 945/1030/1029 946/1031/1030 938/1023/1022
f 938/1023/1022 946/1031/1030 939/1024/1023
f 946/1031/1030 947/1032/1031 939/1024/1023
f 940/1025/1024 939/1024/1023 948/1033/1032
f 939/1024/1023 947/1032/1031 948/1033/1032
f 940/1025/1024 948/1033/1032 941/1026/1025
f 948/1033/1032 949/1034/1033 941/1026/1025
f 941/1026/1025 949/1034/1033 942/1027/1026
f 949/1034/1033 950/1035/1034 942/1027/1026
f 952/1036/1035 944/1028/1027 951/1037/1036
f 943/1029/1028 951/1037/1036 944/1028/1027
f 945/1030/1029 944/1028/1027 953/1038/1037
f 944/1028/1027 952/1036/1035 953/1038/1037
f 945/1030/1029 953/1038/1037 946/1031/1030
f 953/1038/1037 954/1039/1038 946/1031/1030
f 946/1031/1030 954/1039/1038 947/1032/1031
f 954/1039/1038 955/1040/1039 947/1032/1031
f 948/1033/1032 947/1032/1031 956/1041/1040
f 947/1032/1031 955/1040/1039 956/1041/1040
f 948/1033/1032 956/1041/1040 949/1034/1033
f 956/1041/1040 957/1042/1041 949/1034/1033
f 957/1042/1041 958/1043/1042 949/1034/1033
f 949/1034/1033 958/1043/1042 950/1035/1034
f 952/1036/1035 951/1037/1036 960/1044/1043
f 951/1037/1036 959/1045/1044 960/1044/1043
f 952/1036/1035 960/1044/1043 953/1038/1037
f 960/1044/1043 961/1046/1045 953/1038/1037
f 954/1039/1038 953/1038/1037 962/1047/1046
f 953/1038/1037 961/1046/1045 962/1047/1046
f 954/1039/1038 962/1047/1046 955/1040/1039
f 962/1047/1046 963/1048/1047 955/1040/1039
f 955/1040/1039 963/1048/1047 956/1041/1040
f 963/1048/1047 964/1049/1048 956/1041/1040
f 957/1042/1041 956/1041/1040 965/1050/1049
f 956/1041/1040 964/1049/1048 965/1050/1049
f 957/1042/1041 965/1050/1049 958/1043/1042
f 958/1043/1042 965/1050/1049 966/1051/1050
f 959/1045/1044 967/1052/1051 960/1044/1043
f 967/1052/1051 968/1053/1052 960/1044/1043
f 960/1044/1043 968/1053/1052 961/1046/1045
f 968/1053/1052 969/1054/1053 961/1046/1045
f 962/1047/1046 961/1046/1045 970/1055/1054
f 961/1046/1045 969/1054/1053 970/1055/1054
f 962/1047/1046 970/1055/1054 963/1048/1047
f 970/1055/1054 971/1056/1055 963/1048/1047
f 963/1048/1047 971/1056/1055 964/1049/1048
f 971/1056/1055 972/1057/1056 964/1049/1048
f 965/1050/1049 964/1049/1048 973/1058/1057
f 964/1049/1048 972/1057/1056 973/1058/1057
f 966/1051/1050 965/1050/1049 974/1059/1058
f 965/1050/1049 973/1058/1057 974/1059/1058
f 967/1052/1051 975/1060/1059 968/1053/1052
f 975/1060/1059 976/1061/1060 968/1053/1052
f 969/1054/1053 968/1053/1052 977/1062/1061
f 968/1053/1052 976/1061/1060 977/1062/1061
f 970/1055/1054 969/1054/1053 978/1063/1062
f 969/1054/1053 977/1062/1061 978/1063/1062
f 970/1055/1054 978/1063/1062 971/1056/1055
f 978/1063/1062 979/1064/1063 971/1056/1055
f 971/1056/1055 979/1064/1063 972/1057/1056
f 979/1064/1063 980/1065/1064 972/1057/1056
f 972/1057/1056 980/1065/1064 973/1058/1057
f 980/1065/1064 981/1066/1065 973/1058/1057
f 974/1059/1058 973/1058/1057 982/1067/1066
f 973/1058/1057 981/1066/1065 982/1067/1066
f 976/1061/1060 975/1060/1059 984/1068/1067
f 975/1060/1059 983/1069/1068 984/1068/1067
f 977/1062/1061 976/1061/1060 985/1070/1069
f 976/1061/1060 984/1068/1067 985/1070/1069
f 978/1063/1062 977/1062/1061 986/1071/1070
f 977/1062/1061 985/1070/1069 986/1071/1070
f 978/1063/1062 986/1071/1070 979/1064/1063
f 986/1071/1070 987/1072/1071 979/1064/1063
f 979/1064/1063 987/1072/1071 980/1065/1064
f 987/1072/1071 988/1073/1072 980/1065/1064
f 980/1065/1064 988/1073/1072 981/1066/1065
f 988/1073/1072 989/1074/1073 981/1066/1065
f 981/1066/1065 989/1074/1073 982/1067/1066
f 989/1074/1073 990/1075/1074 982/1067/1066
s 22
f 983/1069/1075 847/1076/1076 984/1068/1077
f 847/1076/1076 848/1077/1078 984/1068/1077
f 984/1068/1077 848/1077/1078 985/1070/1079
f 848/1077/1078 849/1078/1080 985/1070/1079
f 985/1070/1079 849/1078/1080 986/1071/1081
f 849/1078/1080 850/1079/1082 986/1071/1081
f 986/1071/1081 850/1079/1082 987/1072/1083
f 850/1079/1082 851/1080/1084 987/1072/1083
f 988/1073/1085 987/1072/1083 852/1081/1086
f 987/1072/1083 851/1080/1084 852/1081/1086
f 989/1074/1087 988/1073/1085 853/1082/1088
f 988/1073/1085 852/1081/1086 853/1082/1088
f 990/1075/1089 989/1074/1087 854/1083/1090
f 989/1074/1087 853/1082/1088 854/1083/1090
s 23
f 854/946/1091 862/947/1092 990/1084/1093
f 862/947/1092 982/1085/1094 990/1084/1093
f 862/947/1092 870/955/1095 982/1085/1094
f 870/955/1095 974/1086/1096 982/1085/1094
f 870/955/1095 878/963/1097 974/1086/1096
f 878/963/1097 966/1087/1098 974/1086/1096
f 878/963/1097 886/971/1099 966/1087/1098
f 886/971/1099 958/1088/1100 966/1087/1098
f 958/1088/1100 886/971/1099 950/1089/1101
f 886/971/1099 894/979/1102 950/1089/1101
f 950/1089/1101 894/979/1102 942/1090/1103
f 894/979/1102 902/987/1104 942/1090/1103
f 942/1090/1103 902/987/1104 934/1091/1105
f 902/987/1104 910/995/1106 934/1091/1105
f 934/1091/1105 910/995/1106 926/1092/1107
f 910/995/1106 918/1003/1108 926/1092/1107
s 24
f 847/932/1109 983/1093/1110 855/934/1111
f 983/1093/1110 975/1094/1112 855/934/1111
f 855/934/1111 975/1094/1112 863/949/1113
f 975/1094/1112 967/1095/1114 863/949/1113
f 863/949/1113 967/1095/1114 871/957/1115
f 967/1095/1114 959/1096/1116 871/957/1115
f 871/957/1115 959/1096/1116 879/965/1117
f 959/1096/1116 951/1097/1118 879/965/1117
f 951/1097/1118 943/1098/1119 879/965/1117
f 943/1098/1119 887/973/1120 879/965/1117
f 943/1098/1119 935/1099/1121 887/973/1120
f 935/1099/1121 895/980/1122 887/973/1120
f 935/1099/1121 927/1100/1123 895/980/1122
f 927/1100/1123 903/988/1124 895/980/1122
f 927/1100/1123 919/1101/1125 903/988/1124
f 919/1101/1125 911/997/1126 903/988/1124
