# This file uses centimeters as units for non-parametric coordinates.

mtllib cha_dog_head.mtl
g default
v 0.089655 -0.082450 -0.031139
v 0.078989 -0.082450 -0.048448
v 0.062662 -0.082450 -0.062530
v 0.042574 -0.082450 -0.071827
v 0.000000 -0.082450 -0.075406
v -0.042574 -0.082450 -0.071827
v -0.062662 -0.082450 -0.062530
v -0.078989 -0.082450 -0.048448
v -0.089655 -0.082450 -0.031139
v -0.093364 -0.082450 -0.012403
v -0.089655 -0.082450 0.005995
v -0.078989 -0.082450 0.022329
v -0.062662 -0.082450 0.035173
v -0.042574 -0.082450 0.043339
v -0.000000 -0.082450 0.045983
v 0.042574 -0.082450 0.043339
v 0.062662 -0.082450 0.035173
v 0.078989 -0.082450 0.022329
v 0.089655 -0.082450 0.005995
v 0.093364 -0.082450 -0.012403
v 0.157689 -0.069632 -0.045504
v 0.134771 -0.069632 -0.080068
v 0.100939 -0.069632 -0.108815
v 0.060432 -0.069632 -0.128097
v 0.000000 -0.069632 -0.135382
v -0.060432 -0.069632 -0.128097
v -0.100939 -0.069632 -0.108814
v -0.134771 -0.069632 -0.080068
v -0.157689 -0.069632 -0.045504
v -0.165819 -0.069632 -0.008904
v -0.157689 -0.069632 0.026492
v -0.134771 -0.069632 0.057965
v -0.100939 -0.069632 0.082816
v -0.060432 -0.069632 0.098746
v -0.000000 -0.069632 0.104137
v 0.060432 -0.069632 0.098746
v 0.100939 -0.069632 0.082816
v 0.134771 -0.069632 0.057965
v 0.157689 -0.069632 0.026492
v 0.165819 -0.069632 -0.008904
v 0.224555 -0.048620 -0.057492
v 0.187991 -0.048620 -0.108263
v 0.135005 -0.048620 -0.151646
v 0.074895 -0.048620 -0.181051
v 0.000000 -0.048620 -0.191946
v -0.074895 -0.048620 -0.181051
v -0.135005 -0.048620 -0.151646
v -0.187991 -0.048620 -0.108263
v -0.224555 -0.048620 -0.057492
v -0.237525 -0.048620 -0.004873
v -0.224555 -0.048620 0.045816
v -0.187991 -0.048620 0.091035
v -0.135005 -0.048620 0.127134
v -0.074895 -0.048620 0.150545
v -0.000000 -0.048620 0.158640
v 0.074895 -0.048620 0.150545
v 0.135005 -0.048620 0.127134
v 0.187991 -0.048620 0.091035
v 0.224555 -0.048620 0.045816
v 0.237525 -0.048620 -0.004873
v 0.284422 -0.019932 -0.068217
v 0.235475 -0.019932 -0.132985
v 0.164334 -0.019932 -0.189915
v 0.085847 -0.019932 -0.228903
v 0.000000 -0.019932 -0.242955
v -0.085847 -0.019932 -0.228903
v -0.164334 -0.019932 -0.189914
v -0.235475 -0.019932 -0.132985
v -0.284422 -0.019932 -0.068217
v -0.301760 -0.019932 -0.001821
v -0.284422 -0.019932 0.062520
v -0.235475 -0.019932 0.120545
v -0.164334 -0.019932 0.167314
v -0.085847 -0.019932 0.198205
v -0.000000 -0.019932 0.217659
v 0.085847 -0.019932 0.198205
v 0.164334 -0.019932 0.167314
v 0.235475 -0.019932 0.120545
v 0.284422 -0.019932 0.062520
v 0.301760 -0.019932 -0.001821
v 0.333436 0.015727 -0.078425
v 0.274107 0.015727 -0.154527
v 0.187874 0.015727 -0.222892
v 0.093655 0.015727 -0.270148
v 0.000000 0.015727 -0.286687
v -0.093655 0.015727 -0.270148
v -0.187874 0.015727 -0.222892
v -0.274107 0.015727 -0.154527
v -0.333436 0.015727 -0.078425
v -0.354370 0.015727 -0.000356
v -0.333436 0.015727 0.076387
v -0.274107 0.015727 0.145919
v -0.187874 0.015727 0.202413
v -0.093655 0.015727 0.257264
v -0.000000 0.015727 0.297721
v 0.093655 0.015727 0.257276
v 0.187874 0.015727 0.202421
v 0.274107 0.015727 0.145919
v 0.333436 0.015727 0.076387
v 0.354370 0.015727 -0.000356
v 0.370276 0.057479 -0.087983
v 0.302806 0.057479 -0.172864
v 0.205080 0.057479 -0.250031
v 0.099122 0.057479 -0.303776
v 0.000000 0.057479 -0.322428
v -0.099122 0.057479 -0.303776
v -0.205080 0.057479 -0.250031
v -0.302806 0.057479 -0.172864
v -0.370276 0.057479 -0.087983
v -0.394114 0.057479 0.000000
v -0.370276 0.057479 0.087477
v -0.302806 0.057479 0.166940
v -0.205080 0.057479 0.232796
v -0.099122 0.057479 0.338921
v -0.000000 0.057479 0.408322
v 0.099122 0.057479 0.338921
v 0.205080 0.057479 0.232796
v 0.302806 0.057479 0.166940
v 0.370276 0.057479 0.087477
v 0.394114 0.057479 0.000000
v 0.396044 0.104294 -0.096342
v 0.322072 0.104294 -0.187621
v 0.216264 0.104294 -0.270981
v 0.102959 0.104294 -0.330689
v 0.000000 0.104294 -0.351177
v -0.102959 0.104294 -0.330689
v -0.216264 0.104294 -0.270981
v -0.322072 0.104294 -0.187621
v -0.396044 0.104294 -0.096342
v -0.422168 0.104294 0.000000
v -0.396044 0.104294 0.096342
v -0.322072 0.104294 0.183810
v -0.216264 0.104294 0.259150
v -0.102959 0.104294 0.373794
v -0.000000 0.104294 0.460309
v 0.102959 0.104294 0.373794
v 0.216264 0.104294 0.259150
v 0.322072 0.104294 0.183810
v 0.396044 0.104294 0.096342
v 0.422167 0.104294 0.000000
v 0.411805 0.155022 -0.102835
v 0.333427 0.155022 -0.198347
v 0.222241 0.155022 -0.286683
v 0.105729 0.155095 -0.350980
v 0.000000 0.155022 -0.372844
v -0.105729 0.155095 -0.350980
v -0.222241 0.155022 -0.286683
v -0.333427 0.155022 -0.198347
v -0.411805 0.155022 -0.102835
v -0.439584 0.155022 0.000000
v -0.411805 0.155022 0.102835
v -0.333427 0.155022 0.196136
v -0.222241 0.155022 0.275346
v -0.132794 0.155022 0.396519
v -0.000000 0.155022 0.471655
v 0.132794 0.155022 0.396519
v 0.222241 0.155022 0.275346
v 0.333427 0.155022 0.196136
v 0.411805 0.155022 0.102835
v 0.439584 0.155022 0.000000
v 0.418525 0.208411 -0.106796
v 0.337826 0.208411 -0.204735
v 0.224517 0.208941 -0.297286
v 0.107792 0.209328 -0.364410
v 0.000000 0.209030 -0.387275
v -0.107792 0.209328 -0.364410
v -0.224517 0.208941 -0.297286
v -0.337826 0.208411 -0.204737
v -0.418525 0.208411 -0.106796
v -0.447325 0.208411 0.000000
v -0.418525 0.208411 0.106796
v -0.337826 0.208411 0.203605
v -0.224517 0.208411 0.285568
v -0.131529 0.208411 0.372061
v -0.000000 0.208411 0.467729
v 0.131529 0.208411 0.372061
v 0.224517 0.208411 0.285568
v 0.337826 0.208411 0.203605
v 0.418525 0.208411 0.106796
v 0.447322 0.208411 0.000000
v 0.416864 0.263149 -0.108127
v 0.336037 0.263463 -0.207495
v 0.223853 0.265183 -0.302460
v 0.108919 0.265815 -0.370813
v 0.000000 0.265203 -0.394314
v -0.108919 0.265815 -0.370813
v -0.223853 0.265183 -0.302460
v -0.336037 0.263463 -0.207495
v -0.416864 0.263149 -0.108127
v -0.445954 0.263149 0.000000
v -0.416864 0.263149 0.108127
v -0.336037 0.263149 0.206489
v -0.225802 0.263149 0.312066
v -0.110460 0.263149 0.355685
v -0.000000 0.263176 0.412259
v 0.110460 0.263149 0.355685
v 0.225802 0.263149 0.312066
v 0.336037 0.263149 0.206489
v 0.416864 0.263149 0.108127
v 0.445954 0.263149 0.000000
v 0.407110 0.317886 -0.106796
v 0.328535 0.319368 -0.206550
v 0.220541 0.322400 -0.301846
v 0.107784 0.323386 -0.370019
v 0.000000 0.322434 -0.393567
v -0.107784 0.323386 -0.370019
v -0.220541 0.322400 -0.301846
v -0.328534 0.319368 -0.206550
v -0.407110 0.317886 -0.106796
v -0.435623 0.317886 0.000000
v -0.407110 0.317886 0.106796
v -0.328534 0.317886 0.204955
v -0.238078 0.318158 0.276720
v -0.097723 0.318267 0.350484
v -0.000000 0.334566 0.372460
v 0.097723 0.318267 0.350484
v 0.238077 0.318158 0.276720
v 0.328534 0.317886 0.204955
v 0.407110 0.317886 0.106796
v 0.435622 0.317886 0.000000
v 0.389333 0.371711 -0.102835
v 0.315460 0.374842 -0.201634
v 0.213756 0.379417 -0.294634
v 0.104446 0.380763 -0.361148
v 0.000000 0.379490 -0.384154
v -0.104446 0.380767 -0.361148
v -0.213757 0.379417 -0.294634
v -0.315478 0.374841 -0.201632
v -0.389333 0.371711 -0.102835
v -0.416314 0.371276 0.000000
v -0.389333 0.371276 0.102835
v -0.315478 0.372039 0.199381
v -0.213757 0.373349 0.284567
v -0.104406 0.373560 0.342599
v -0.000000 0.373265 0.362516
v 0.104406 0.373560 0.342599
v 0.213756 0.373349 0.284567
v 0.315460 0.372040 0.199382
v 0.389333 0.371276 0.102835
v 0.416314 0.371276 0.000000
v 0.363398 0.423869 -0.096818
v 0.296061 0.428963 -0.192377
v 0.201934 0.434618 -0.280605
v 0.098895 0.436316 -0.343167
v 0.000000 0.434841 -0.364880
v -0.098895 0.436316 -0.343167
v -0.201934 0.434618 -0.280605
v -0.296061 0.428979 -0.192377
v -0.363398 0.423885 -0.096818
v -0.387971 0.422361 -0.000000
v -0.363398 0.423168 0.096850
v -0.296061 0.425482 0.189832
v -0.201934 0.427602 0.271219
v -0.098895 0.427839 0.326428
v -0.000000 0.427200 0.345354
v 0.098895 0.427839 0.326428
v 0.201934 0.427602 0.271219
v 0.296060 0.425482 0.189832
v 0.363398 0.423168 0.096852
v 0.387971 0.422361 -0.000000
v 0.328573 0.475451 -0.089464
v 0.269140 0.481780 -0.178773
v 0.184572 0.487427 -0.259567
v 0.091142 0.488598 -0.315983
v 0.000000 0.486877 -0.335608
v -0.091142 0.488598 -0.315983
v -0.184572 0.487427 -0.259567
v -0.269140 0.481780 -0.178773
v -0.328573 0.475451 -0.089464
v -0.350105 0.472676 0.000204
v -0.328573 0.473711 0.089745
v -0.269140 0.477012 0.176409
v -0.184572 0.479581 0.251325
v -0.091142 0.479780 0.301756
v -0.000000 0.478935 0.319096
v 0.091142 0.479780 0.301756
v 0.184572 0.479581 0.251325
v 0.269140 0.477012 0.176409
v 0.328573 0.473711 0.089745
v 0.350105 0.472676 0.000204
v 0.284954 0.525852 -0.080372
v 0.234531 0.532083 -0.160592
v 0.162019 0.536862 -0.231146
v 0.081238 0.537381 -0.279596
v 0.000000 0.535337 -0.296585
v -0.081238 0.537381 -0.279596
v -0.162019 0.536862 -0.231145
v -0.234531 0.532083 -0.160592
v -0.284954 0.525852 -0.080372
v -0.303056 0.522411 0.001100
v -0.284954 0.522919 0.081658
v -0.234531 0.525758 0.159088
v -0.162019 0.528020 0.224973
v -0.081238 0.528002 0.268864
v -0.000000 0.527028 0.284051
v 0.081238 0.528002 0.268864
v 0.162019 0.528020 0.224973
v 0.234531 0.525758 0.159088
v 0.284954 0.522919 0.081658
v 0.303056 0.522411 0.001100
v 0.233537 0.572906 -0.069018
v 0.193358 0.577783 -0.137121
v 0.135018 0.581061 -0.195479
v 0.069249 0.581079 -0.234723
v 0.000000 0.579071 -0.248550
v -0.069249 0.581079 -0.234723
v -0.135018 0.581061 -0.195479
v -0.193358 0.577783 -0.137121
v -0.233537 0.572906 -0.069018
v -0.247880 0.569602 0.002122
v -0.233537 0.569201 0.072301
v -0.193358 0.570583 0.137700
v -0.135018 0.571643 0.192362
v -0.069249 0.571375 0.228377
v -0.000000 0.570378 0.240926
v 0.069249 0.571375 0.228377
v 0.135018 0.571643 0.192362
v 0.193358 0.570583 0.137700
v 0.233537 0.569201 0.072301
v 0.247880 0.569602 0.002122
v 0.176843 0.613204 -0.054523
v 0.147560 0.616165 -0.108279
v 0.104876 0.617876 -0.152741
v 0.055189 0.617636 -0.182288
v 0.000000 0.615961 -0.192710
v -0.055189 0.617636 -0.182288
v -0.104876 0.617876 -0.152741
v -0.147560 0.616165 -0.108279
v -0.176843 0.613204 -0.054523
v -0.187221 0.610669 0.003026
v -0.176843 0.609493 0.059892
v -0.147560 0.609257 0.111798
v -0.104876 0.608965 0.153775
v -0.055189 0.608217 0.181142
v -0.000000 0.607261 0.190728
v 0.055189 0.608217 0.181142
v 0.104876 0.608965 0.153775
v 0.147560 0.609257 0.111798
v 0.176843 0.609493 0.059892
v 0.187221 0.610669 0.003026
v 0.118178 0.639523 -0.036865
v 0.099960 0.641057 -0.074093
v 0.072711 0.642068 -0.104199
v 0.039336 0.642160 -0.123879
v 0.000000 0.641125 -0.130739
v -0.039336 0.642160 -0.123879
v -0.072711 0.642068 -0.104199
v -0.099960 0.641057 -0.074093
v -0.118178 0.639523 -0.036865
v -0.124605 0.637953 0.003694
v -0.118178 0.636660 0.043889
v -0.099960 0.635698 0.080167
v -0.072711 0.634943 0.109080
v -0.039336 0.634223 0.127765
v -0.000000 0.633349 0.134230
v 0.039336 0.634223 0.127765
v 0.072711 0.634943 0.109080
v 0.099960 0.635698 0.080167
v 0.118178 0.636660 0.043889
v 0.124605 0.637953 0.003694
v 0.060844 0.648822 -0.016844
v 0.052177 0.649475 -0.035857
v 0.038791 0.649870 -0.051055
v 0.022110 0.649856 -0.060877
v 0.000000 0.649201 -0.064293
v -0.022110 0.649844 -0.060877
v -0.038791 0.649870 -0.051054
v -0.052177 0.649475 -0.035857
v -0.060844 0.648822 -0.016844
v -0.063844 0.648080 0.004094
v -0.060844 0.647339 0.024930
v -0.052177 0.646678 0.043680
v -0.038791 0.646084 0.058552
v -0.022110 0.645514 0.068112
v -0.000000 0.644811 0.071427
v 0.022110 0.645514 0.068112
v 0.038791 0.646084 0.058552
v 0.052177 0.646678 0.043680
v 0.060844 0.647339 0.024930
v 0.063844 0.648080 0.004094
v 0.000000 -0.086758 -0.014331
v 0.000000 0.648571 0.004229
vt 0.874850 0.159922
vt 0.839852 0.156688
vt 0.911944 0.161527
vt 0.949270 0.162151
vt 0.000427 0.110842
vt 0.000254 0.160636
vt 0.052024 0.113565
vt 0.051196 0.162381
vt 0.078444 0.113059
vt 0.088460 0.161913
vt 0.104273 0.110584
vt 0.125464 0.160442
vt 0.128654 0.105860
vt 0.160357 0.157307
vt 0.150939 0.098406
vt 0.192130 0.150166
vt 0.170839 0.087780
vt 0.222222 0.136833
vt 0.188048 0.073923
vt 0.254212 0.116888
vt 0.201757 0.057256
vt 0.293511 0.092328
vt 0.208196 0.038755
vt 0.350235 0.066824
vt 0.007412 0.007787
vt 0.498620 0.044494
vt 0.648587 0.066233
vt 0.705999 0.091623
vt 0.745606 0.116155
vt 0.777762 0.136111
vt 0.807971 0.149481
vt 0.863029 0.207895
vt 0.822958 0.208354
vt 0.907372 0.207327
vt 0.950889 0.208400
vt 0.000161 0.208244
vt 0.049410 0.208623
vt 0.092873 0.207730
vt 0.137126 0.208451
vt 0.177097 0.209011
vt 0.211740 0.204328
vt 0.244577 0.190564
vt 0.281292 0.166979
vt 0.329243 0.137762
vt 0.394937 0.111952
vt 0.499338 0.096766
vt 0.604116 0.111505
vt 0.670220 0.137119
vt 0.718427 0.166260
vt 0.755285 0.189831
vt 0.788222 0.203615
vt 0.855978 0.252850
vt 0.813628 0.256155
vt 0.905063 0.250516
vt 0.952862 0.252230
vt 0.000101 0.253334
vt 0.047327 0.252445
vt 0.095083 0.250928
vt 0.144088 0.253428
vt 0.186353 0.256830
vt 0.221838 0.254114
vt 0.255736 0.240802
vt 0.294836 0.215977
vt 0.347004 0.184594
vt 0.415017 0.160066
vt 0.499580 0.156367
vt 0.584252 0.159694
vt 0.652519 0.183994
vt 0.704882 0.215273
vt 0.744094 0.240069
vt 0.778070 0.253391
vt 0.852145 0.294680
vt 0.808643 0.299279
vt 0.904144 0.291733
vt 0.954786 0.294148
vt 0.000059 0.296116
vt 0.045323 0.294354
vt 0.095932 0.292149
vt 0.147864 0.295268
vt 0.191297 0.299964
vt 0.227272 0.298204
vt 0.262224 0.285766
vt 0.303126 0.261623
vt 0.357927 0.230909
vt 0.431967 0.219494
vt 0.499717 0.231718
vt 0.567469 0.219198
vt 0.641654 0.230342
vt 0.696607 0.260930
vt 0.737598 0.285035
vt 0.772611 0.297477
vt 0.850429 0.334375
vt 0.806169 0.338873
vt 0.904176 0.331833
vt 0.956346 0.334911
vt 0.000025 0.337387
vt 0.043699 0.335110
vt 0.095844 0.332249
vt 0.149538 0.334967
vt 0.193745 0.339562
vt 0.230405 0.338019
vt 0.266521 0.326686
vt 0.309092 0.304611
vt 0.366188 0.277155
vt 0.447367 0.290437
vt 0.499800 0.312364
vt 0.552209 0.290200
vt 0.633451 0.276609
vt 0.690658 0.303927
vt 0.733300 0.325956
vt 0.769464 0.337290
vt 0.849953 0.373255
vt 0.805013 0.376792
vt 0.904756 0.371782
vt 0.957551 0.375727
vt 0.999995 0.378333
vt 0.042438 0.375921
vt 0.095216 0.372196
vt 0.149981 0.373850
vt 0.194882 0.377483
vt 0.232462 0.375724
vt 0.269790 0.365743
vt 0.313939 0.346613
vt 0.373398 0.324380
vt 0.451263 0.337567
vt 0.499836 0.359148
vt 0.548386 0.337346
vt 0.626288 0.323856
vt 0.685830 0.345937
vt 0.730033 0.365015
vt 0.767398 0.374994
vt 0.850004 0.412491
vt 0.804507 0.414321
vt 0.905783 0.412617
vt 0.958333 0.416968
vt 0.999969 0.419217
vt 0.041605 0.417158
vt 0.094146 0.413027
vt 0.149901 0.413085
vt 0.195371 0.415013
vt 0.233955 0.412808
vt 0.272361 0.404451
vt 0.317842 0.389152
vt 0.377876 0.371690
vt 0.442422 0.384963
vt 0.499860 0.395326
vt 0.557293 0.384704
vt 0.621856 0.371181
vt 0.681947 0.388483
vt 0.727467 0.403724
vt 0.765900 0.412077
vt 0.850238 0.452670
vt 0.804223 0.452274
vt 0.906812 0.454997
vt 0.958632 0.459039
vt 0.999945 0.460488
vt 0.041257 0.459227
vt 0.093075 0.455403
vt 0.149637 0.453264
vt 0.195639 0.452967
vt 0.235065 0.450233
vt 0.274366 0.443767
vt 0.320885 0.432997
vt 0.381307 0.421115
vt 0.439484 0.422879
vt 0.499883 0.432080
vt 0.560277 0.422607
vt 0.618470 0.420617
vt 0.678926 0.432334
vt 0.725469 0.443041
vt 0.764785 0.449501
vt 0.850721 0.494269
vt 0.804040 0.491121
vt 0.907580 0.498883
vt 0.958573 0.501782
vt 0.999920 0.502156
vt 0.041268 0.501971
vt 0.092264 0.499286
vt 0.149126 0.494862
vt 0.195807 0.491814
vt 0.235880 0.488521
vt 0.275867 0.484192
vt 0.323259 0.478425
vt 0.389726 0.472807
vt 0.446367 0.469305
vt 0.499906 0.470181
vt 0.553445 0.469062
vt 0.610095 0.472337
vt 0.676575 0.477766
vt 0.723974 0.483467
vt 0.763966 0.487788
vt 0.851358 0.537437
vt 0.803923 0.531083
vt 0.907967 0.543622
vt 0.958638 0.545007
vt 0.999896 0.544186
vt 0.041154 0.545196
vt 0.091834 0.544024
vt 0.148460 0.538028
vt 0.195909 0.531777
vt 0.236430 0.527975
vt 0.276902 0.525941
vt 0.325060 0.525209
vt 0.375388 0.524693
vt 0.451791 0.522195
vt 0.499944 0.535961
vt 0.548079 0.521976
vt 0.624478 0.524175
vt 0.674798 0.524554
vt 0.722948 0.525216
vt 0.763412 0.527242
vt 0.852089 0.581785
vt 0.803886 0.572643
vt 0.908092 0.588829
vt 0.958730 0.588611
vt 0.999870 0.586620
vt 0.041012 0.588802
vt 0.091663 0.589230
vt 0.147701 0.582371
vt 0.195929 0.573337
vt 0.236707 0.568894
vt 0.277487 0.569156
vt 0.326470 0.573475
vt 0.387288 0.576919
vt 0.447906 0.575462
vt 0.499966 0.573669
vt 0.552024 0.575226
vt 0.612626 0.576441
vt 0.673410 0.572826
vt 0.722372 0.568431
vt 0.763131 0.568161
vt 0.853050 0.627405
vt 0.804195 0.616446
vt 0.908464 0.634273
vt 0.958760 0.632633
vt 0.999842 0.629721
vt 0.040926 0.632821
vt 0.091240 0.634673
vt 0.146700 0.628004
vt 0.195602 0.617151
vt 0.236670 0.611973
vt 0.277860 0.614928
vt 0.327735 0.623836
vt 0.388271 0.630420
vt 0.448351 0.629345
vt 0.500000 0.626956
vt 0.551644 0.629110
vt 0.611696 0.629945
vt 0.672180 0.623186
vt 0.722008 0.614203
vt 0.763163 0.611239
vt 0.854686 0.675484
vt 0.805350 0.664657
vt 0.909310 0.680754
vt 0.958714 0.677422
vt 0.999810 0.673884
vt 0.040907 0.677610
vt 0.090335 0.681151
vt 0.145019 0.676067
vt 0.194422 0.665349
vt 0.236344 0.659997
vt 0.278489 0.664801
vt 0.329221 0.676387
vt 0.389363 0.684537
vt 0.448516 0.683640
vt 0.500041 0.681050
vt 0.551557 0.683406
vt 0.610667 0.684065
vt 0.670732 0.675739
vt 0.721393 0.664076
vt 0.763483 0.659263
vt 0.857331 0.726221
vt 0.807553 0.717935
vt 0.910592 0.728823
vt 0.958543 0.724247
vt 0.999769 0.720421
vt 0.040998 0.724436
vt 0.088978 0.729214
vt 0.142314 0.726796
vt 0.192185 0.718625
vt 0.235864 0.714439
vt 0.279589 0.719924
vt 0.331161 0.731447
vt 0.390549 0.739130
vt 0.448326 0.738238
vt 0.500091 0.735887
vt 0.551843 0.738002
vt 0.609562 0.738662
vt 0.668844 0.730804
vt 0.720312 0.719200
vt 0.763954 0.713705
vt 0.860981 0.778947
vt 0.811104 0.775100
vt 0.912317 0.778300
vt 0.958256 0.773195
vt 0.999713 0.769775
vt 0.041175 0.773385
vt 0.087150 0.778684
vt 0.138578 0.779512
vt 0.188578 0.775783
vt 0.234736 0.774194
vt 0.281180 0.779297
vt 0.333472 0.788372
vt 0.391646 0.793888
vt 0.447690 0.793038
vt 0.500162 0.791368
vt 0.552613 0.792800
vt 0.608577 0.793423
vt 0.666608 0.787734
vt 0.718750 0.778574
vt 0.765068 0.773460
vt 0.865808 0.832251
vt 0.816162 0.833184
vt 0.914228 0.828885
vt 0.957930 0.824048
vt 0.999628 0.821505
vt 0.041336 0.824239
vt 0.085083 0.829262
vt 0.133613 0.832801
vt 0.183423 0.833858
vt 0.232141 0.835404
vt 0.281775 0.839732
vt 0.335399 0.845309
vt 0.391897 0.848165
vt 0.446417 0.847568
vt 0.500276 0.846795
vt 0.554098 0.847323
vt 0.608501 0.847701
vt 0.664802 0.844675
vt 0.718202 0.839009
vt 0.767631 0.834671
vt 0.871910 0.883635
vt 0.823961 0.887828
vt 0.916593 0.879101
vt 0.957697 0.875409
vt 0.999481 0.874020
vt 0.041283 0.875600
vt 0.082448 0.879468
vt 0.127263 0.884166
vt 0.175430 0.888487
vt 0.225661 0.892486
vt 0.278031 0.896447
vt 0.332945 0.899647
vt 0.388718 0.901078
vt 0.443264 0.901237
vt 0.500499 0.901401
vt 0.557657 0.900977
vt 0.612001 0.900602
vt 0.667460 0.899007
vt 0.722004 0.895720
vt 0.774025 0.891757
vt 0.882783 0.933709
vt 0.840345 0.938136
vt 0.921675 0.930037
vt 0.957743 0.927697
vt 0.999129 0.927251
vt 0.040557 0.927884
vt 0.076706 0.930382
vt 0.115757 0.934202
vt 0.158480 0.938757
vt 0.205374 0.943491
vt 0.256645 0.947891
vt 0.311944 0.951532
vt 0.370043 0.954172
vt 0.429273 0.955912
vt 0.501286 0.957200
vt 0.572944 0.955591
vt 0.631525 0.953632
vt 0.688802 0.950849
vt 0.743292 0.947154
vt 0.793910 0.942781
vt 0.000888 0.059666
vt 0.996165 0.984384
vt 1.000427 0.110842
vt 1.000254 0.160636
vt 1.000161 0.208244
vt 1.000101 0.253334
vt 1.000059 0.296116
vt 1.000025 0.337387
vt 1.043699 0.335110
vt 1.042438 0.375921
vt 1.041605 0.417158
vt 1.041257 0.459227
vt 1.041268 0.501971
vt 1.041155 0.545196
vt 1.041012 0.588802
vt 1.040926 0.632821
vt 1.040907 0.677610
vt 1.040998 0.724436
vt 1.041175 0.773385
vt 1.041336 0.824239
vt 1.041283 0.875600
vt 0.871926 0.105331
vt 0.896377 0.110139
vt 0.922273 0.112714
vt 0.948753 0.113331
vt 1.007412 0.007787
vt 0.792439 0.038048
vt 0.798696 0.056557
vt 0.812389 0.073246
vt 0.829628 0.087136
vt 1.000888 0.059666
vt 0.849578 0.097811
vt 1.040557 0.927884
vt 1.076706 0.930382
vt 1.115757 0.934202
vt 1.158480 0.938757
vt 1.205374 0.943491
vt 1.256645 0.947891
vt 1.311944 0.951532
vt 1.370043 0.954172
vt 1.429273 0.955912
vt 1.501286 0.957200
vn 0.097629 -0.991231 -0.089043
vn 0.206430 -0.958842 -0.194959
vn 0.111716 -0.992506 -0.049522
vn 0.234029 -0.965799 -0.111636
vn 0.073846 -0.990095 -0.119412
vn 0.158256 -0.954852 -0.251421
vn 0.031308 -0.988443 -0.148325
vn 0.074424 -0.955756 -0.284590
vn -0.000000 -0.989615 -0.143745
vn -0.000000 -0.955019 -0.296544
vn -0.031309 -0.988443 -0.148325
vn -0.074424 -0.955756 -0.284590
vn -0.073846 -0.990095 -0.119411
vn -0.158256 -0.954852 -0.251421
vn -0.097629 -0.991231 -0.089043
vn -0.206430 -0.958842 -0.194959
vn -0.111715 -0.992506 -0.049522
vn -0.234029 -0.965799 -0.111637
vn -0.118794 -0.992919 -0.000489
vn -0.241207 -0.970473 -0.000716
vn -0.108316 -0.992887 0.049417
vn -0.223273 -0.968215 0.112737
vn -0.091816 -0.991614 0.090946
vn -0.187689 -0.961482 0.200813
vn -0.067035 -0.990159 0.122851
vn -0.137427 -0.955793 0.259947
vn -0.026423 -0.988018 0.152060
vn -0.061222 -0.953654 0.294613
vn 0.000000 -0.989301 0.145888
vn 0.000000 -0.954639 0.297767
vn 0.026423 -0.988018 0.152060
vn 0.061222 -0.953654 0.294613
vn 0.067035 -0.990159 0.122851
vn 0.137427 -0.955793 0.259948
vn 0.091815 -0.991614 0.090946
vn 0.187689 -0.961482 0.200813
vn 0.108316 -0.992887 0.049416
vn 0.223273 -0.968215 0.112737
vn 0.118794 -0.992919 -0.000489
vn 0.241207 -0.970473 -0.000716
vn 0.304186 -0.904412 -0.299181
vn 0.345160 -0.921970 -0.175603
vn 0.239060 -0.896253 -0.373606
vn 0.131842 -0.895159 -0.425803
vn -0.000000 -0.902630 -0.430418
vn -0.131843 -0.895159 -0.425803
vn -0.239060 -0.896253 -0.373606
vn -0.304186 -0.904412 -0.299181
vn -0.345160 -0.921970 -0.175603
vn -0.357688 -0.933841 -0.000367
vn -0.328398 -0.927309 0.179593
vn -0.271650 -0.910925 0.310519
vn -0.201799 -0.898091 0.390782
vn -0.100035 -0.896291 0.432038
vn 0.000000 -0.907181 0.420740
vn 0.100035 -0.896290 0.432038
vn 0.201799 -0.898091 0.390782
vn 0.271650 -0.910925 0.310519
vn 0.328398 -0.927309 0.179593
vn 0.357688 -0.933841 -0.000367
vn 0.406713 -0.817230 -0.408314
vn 0.470711 -0.846988 -0.247068
vn 0.322175 -0.802863 -0.501612
vn 0.186273 -0.808487 -0.558258
vn -0.000000 -0.820445 -0.571726
vn -0.186273 -0.808486 -0.558258
vn -0.322175 -0.802863 -0.501612
vn -0.406713 -0.817230 -0.408314
vn -0.470711 -0.846988 -0.247069
vn -0.497944 -0.867209 0.000365
vn -0.452631 -0.854666 0.254305
vn -0.364367 -0.828309 0.425606
vn -0.267628 -0.813222 0.516764
vn -0.170131 -0.854135 0.491436
vn -0.000014 -0.898718 0.438528
vn 0.170122 -0.854161 0.491393
vn 0.267614 -0.813247 0.516732
vn 0.364371 -0.828314 0.425595
vn 0.452631 -0.854666 0.254304
vn 0.497945 -0.867209 0.000365
vn 0.506716 -0.692170 -0.513946
vn 0.604072 -0.729331 -0.321206
vn 0.397547 -0.677509 -0.618819
vn 0.237035 -0.689732 -0.684166
vn -0.000000 -0.708423 -0.705788
vn -0.237035 -0.689733 -0.684166
vn -0.397547 -0.677509 -0.618819
vn -0.506716 -0.692170 -0.513945
vn -0.604072 -0.729331 -0.321206
vn -0.656455 -0.754365 0.000729
vn -0.590046 -0.736556 0.330652
vn -0.461580 -0.707491 0.535163
vn -0.358261 -0.714026 0.601511
vn -0.272774 -0.851652 0.447530
vn -0.000017 -0.919062 0.394113
vn 0.272767 -0.851649 0.447540
vn 0.358287 -0.714020 0.601503
vn 0.461592 -0.707489 0.535157
vn 0.590046 -0.736556 0.330652
vn 0.656455 -0.754364 0.000730
vn 0.590294 -0.536938 -0.602703
vn 0.722284 -0.573304 -0.386819
vn 0.459796 -0.527675 -0.714246
vn 0.281618 -0.555524 -0.782358
vn 0.000000 -0.581212 -0.813752
vn -0.281618 -0.555524 -0.782358
vn -0.459796 -0.527675 -0.714245
vn -0.590294 -0.536938 -0.602702
vn -0.722283 -0.573304 -0.386820
vn -0.802996 -0.595985 0.000380
vn -0.713926 -0.577954 0.395321
vn -0.550589 -0.557019 0.621757
vn -0.482908 -0.613442 0.624891
vn -0.422337 -0.745068 0.516242
vn 0.000000 -0.835939 0.548823
vn 0.422344 -0.745050 0.516261
vn 0.482934 -0.613400 0.624912
vn 0.550589 -0.557019 0.621757
vn 0.713926 -0.577954 0.395321
vn 0.802995 -0.595985 0.000381
vn 0.647317 -0.374139 -0.664078
vn 0.807140 -0.400199 -0.434010
vn 0.506876 -0.377000 -0.775209
vn 0.318642 -0.424903 -0.847304
vn -0.000000 -0.452850 -0.891587
vn -0.318642 -0.424903 -0.847304
vn -0.506876 -0.376999 -0.775209
vn -0.647317 -0.374139 -0.664078
vn -0.807140 -0.400199 -0.434011
vn -0.910391 -0.413750 0.000000
vn -0.802987 -0.402163 0.439861
vn -0.617154 -0.392819 0.681773
vn -0.596189 -0.403921 0.693835
vn -0.549803 -0.538638 0.638424
vn 0.000000 -0.480941 0.876753
vn 0.549804 -0.538638 0.638424
vn 0.596189 -0.403921 0.693835
vn 0.617154 -0.392819 0.681772
vn 0.802987 -0.402162 0.439861
vn 0.910391 -0.413750 0.000001
vn 0.680843 -0.216750 -0.699623
vn 0.859420 -0.226904 -0.458161
vn 0.540603 -0.243990 -0.805120
vn 0.347408 -0.296973 -0.889446
vn -0.000000 -0.320945 -0.947098
vn -0.347408 -0.296973 -0.889446
vn -0.540600 -0.243992 -0.805121
vn -0.680843 -0.216766 -0.699618
vn -0.858540 -0.227520 -0.459504
vn -0.973019 -0.230718 -0.001823
vn -0.857344 -0.226769 0.462100
vn -0.656472 -0.231084 0.718084
vn -0.642674 -0.238321 0.728130
vn -0.663727 -0.168227 0.728811
vn 0.000000 -0.136478 0.990643
vn 0.663727 -0.168227 0.728811
vn 0.642675 -0.238321 0.728130
vn 0.656472 -0.231084 0.718084
vn 0.856440 -0.227383 0.463474
vn 0.973024 -0.230696 0.001819
vn 0.881914 -0.062480 -0.467252
vn 0.698589 -0.077412 -0.711323
vn 0.565819 -0.124306 -0.815105
vn 0.367616 -0.171201 -0.914084
vn 0.000000 -0.188226 -0.982126
vn -0.367616 -0.171201 -0.914084
vn -0.565816 -0.124304 -0.815108
vn -0.698588 -0.077412 -0.711324
vn -0.881283 -0.061941 -0.468513
vn -0.998345 -0.057484 -0.001643
vn -0.880433 -0.063340 0.469921
vn -0.676457 -0.085562 0.731495
vn -0.636154 -0.245490 0.731466
vn -0.572829 0.321488 0.753997
vn -0.000000 0.458599 0.888644
vn 0.572829 0.321488 0.753997
vn 0.636154 -0.245490 0.731466
vn 0.676457 -0.085562 0.731495
vn 0.879789 -0.062804 0.471197
vn 0.998345 -0.057489 0.001639
vn 0.880322 0.089884 -0.465784
vn 0.708736 0.046668 -0.703929
vn 0.584107 -0.011168 -0.811600
vn 0.379529 -0.044203 -0.924123
vn 0.000170 -0.054825 -0.998496
vn -0.380226 -0.044664 -0.923814
vn -0.584107 -0.011168 -0.811600
vn -0.708734 0.046683 -0.703930
vn -0.880322 0.089888 -0.465783
vn -0.994468 0.105042 0.000000
vn -0.879348 0.089785 0.467638
vn -0.703441 0.040446 0.709602
vn -0.590102 0.071923 0.804119
vn -0.388747 0.290387 0.874386
vn 0.000000 0.588421 0.808555
vn 0.388747 0.290387 0.874386
vn 0.590102 0.071923 0.804119
vn 0.703441 0.040446 0.709602
vn 0.879349 0.089784 0.467638
vn 0.994470 0.105025 0.000001
vn 0.861924 0.234805 -0.449393
vn 0.713990 0.166444 -0.680085
vn 0.593432 0.108149 -0.797585
vn 0.381817 0.091003 -0.919747
vn -0.000028 0.087439 -0.996170
vn -0.382380 0.091434 -0.919470
vn -0.593423 0.108133 -0.797594
vn -0.714005 0.166358 -0.680089
vn -0.861923 0.234806 -0.449394
vn -0.965589 0.260074 0.000000
vn -0.859979 0.236322 0.452314
vn -0.700528 0.180115 0.690521
vn -0.570068 0.244157 0.784480
vn -0.369155 0.209353 0.905481
vn -0.000000 0.407275 0.913305
vn 0.369155 0.209354 0.905481
vn 0.570077 0.244181 0.784467
vn 0.700510 0.180202 0.690516
vn 0.859980 0.236320 0.452314
vn 0.965588 0.260075 0.000001
vn 0.829555 0.372358 -0.416160
vn 0.710767 0.291803 -0.640048
vn 0.590213 0.242723 -0.769893
vn 0.375148 0.240282 -0.895281
vn 0.000001 0.243177 -0.969982
vn -0.375147 0.240282 -0.895281
vn -0.590193 0.242728 -0.769906
vn -0.710789 0.291761 -0.640042
vn -0.829590 0.372310 -0.416131
vn -0.913138 0.407650 0.000410
vn -0.825328 0.374835 0.422294
vn -0.689297 0.300199 0.659356
vn -0.535085 0.206765 0.819105
vn -0.343599 0.193762 0.918910
vn -0.000000 0.255346 0.966850
vn 0.343600 0.193762 0.918910
vn 0.535098 0.206758 0.819098
vn 0.689281 0.300198 0.659373
vn 0.825310 0.374843 0.422323
vn 0.913139 0.407649 0.000410
vn 0.785823 0.497372 -0.367564
vn 0.692230 0.422595 -0.585005
vn 0.570021 0.387439 -0.724546
vn 0.356159 0.394202 -0.847204
vn 0.000003 0.404654 -0.914470
vn -0.356159 0.394211 -0.847200
vn -0.570005 0.387448 -0.724554
vn -0.692178 0.422672 -0.585011
vn -0.785845 0.497372 -0.367517
vn -0.843532 0.537078 0.001344
vn -0.779289 0.499954 0.377829
vn -0.668093 0.425509 0.610404
vn -0.528835 0.380323 0.758741
vn -0.318771 0.370658 0.872352
vn -0.000000 0.374731 0.927134
vn 0.318771 0.370658 0.872352
vn 0.528837 0.380319 0.758742
vn 0.668135 0.425433 0.610411
vn 0.779285 0.499935 0.377861
vn 0.843524 0.537090 0.001322
vn 0.733944 0.603588 -0.311459
vn 0.655657 0.547363 -0.520105
vn 0.532171 0.524771 -0.664387
vn 0.323900 0.538131 -0.778141
vn 0.000000 0.552922 -0.833233
vn -0.323899 0.538131 -0.778141
vn -0.532171 0.524771 -0.664387
vn -0.655622 0.547416 -0.520091
vn -0.733900 0.603655 -0.311434
vn -0.770162 0.637837 0.003913
vn -0.723940 0.606925 0.327952
vn -0.630948 0.549256 0.547926
vn -0.496527 0.514475 0.699126
vn -0.293866 0.509476 0.808750
vn -0.000000 0.516175 0.856483
vn 0.293866 0.509476 0.808750
vn 0.496527 0.514475 0.699125
vn 0.630948 0.549256 0.547926
vn 0.723938 0.606929 0.327951
vn 0.770171 0.637825 0.003890
vn 0.672102 0.695718 -0.253486
vn 0.601132 0.661270 -0.448735
vn 0.479633 0.649721 -0.589758
vn 0.281099 0.663702 -0.693169
vn -0.000000 0.676928 -0.736050
vn -0.281100 0.663702 -0.693168
vn -0.479633 0.649721 -0.589758
vn -0.601132 0.661270 -0.448735
vn -0.672102 0.695718 -0.253487
vn -0.696313 0.717663 0.010390
vn -0.660748 0.696035 0.280977
vn -0.578563 0.658312 0.481550
vn -0.453943 0.634119 0.625962
vn -0.262277 0.636498 0.725315
vn 0.000000 0.641861 0.766821
vn 0.262277 0.636498 0.725315
vn 0.453943 0.634119 0.625962
vn 0.578563 0.658312 0.481550
vn 0.660747 0.696035 0.280977
vn 0.696312 0.717664 0.010391
vn 0.595386 0.778773 -0.197555
vn 0.528128 0.763721 -0.371229
vn 0.412291 0.761541 -0.500071
vn 0.230126 0.773026 -0.591163
vn -0.000000 0.780904 -0.624651
vn -0.230126 0.773026 -0.591163
vn -0.412291 0.761541 -0.500071
vn -0.528128 0.763721 -0.371229
vn -0.595385 0.778774 -0.197555
vn -0.614730 0.788530 0.018114
vn -0.585267 0.774922 0.238661
vn -0.511327 0.753514 0.413232
vn -0.397374 0.742698 0.538974
vn -0.225874 0.744852 0.627835
vn 0.000000 0.750105 0.661318
vn 0.225874 0.744852 0.627835
vn 0.397373 0.742698 0.538974
vn 0.511327 0.753514 0.413232
vn 0.585267 0.774922 0.238661
vn 0.614730 0.788530 0.018115
vn 0.480628 0.866081 -0.137481
vn 0.424416 0.862105 -0.276849
vn 0.319284 0.868769 -0.378549
vn 0.167901 0.873590 -0.456782
vn -0.000000 0.875743 -0.482778
vn -0.167901 0.873590 -0.456782
vn -0.319284 0.868769 -0.378549
vn -0.424416 0.862106 -0.276848
vn -0.480628 0.866081 -0.137481
vn -0.498377 0.866571 0.025959
vn -0.473476 0.859723 0.191563
vn -0.410560 0.850554 0.328632
vn -0.312551 0.847119 0.429770
vn -0.171157 0.849028 0.499856
vn 0.000000 0.851828 0.523821
vn 0.171158 0.849028 0.499856
vn 0.312551 0.847118 0.429770
vn 0.410560 0.850554 0.328632
vn 0.473476 0.859723 0.191563
vn 0.498378 0.866571 0.025960
vn 0.296934 0.952927 -0.061329
vn 0.252252 0.958368 -0.133789
vn 0.192172 0.959557 -0.205721
vn 0.087629 0.962446 -0.256941
vn -0.000000 0.961433 -0.275040
vn -0.087625 0.962457 -0.256903
vn -0.192145 0.959567 -0.205700
vn -0.252252 0.958368 -0.133789
vn -0.296934 0.952927 -0.061329
vn -0.317485 0.947710 0.032392
vn -0.293844 0.947426 0.126649
vn -0.251869 0.945585 0.205988
vn -0.183225 0.947672 0.261432
vn -0.093257 0.946080 0.310218
vn 0.000000 0.945899 0.324462
vn 0.093257 0.946080 0.310218
vn 0.183225 0.947672 0.261432
vn 0.251869 0.945585 0.205988
vn 0.293844 0.947426 0.126649
vn 0.317485 0.947710 0.032392
vn 0.079627 0.996685 -0.016695
vn 0.094031 0.995520 0.009941
vn 0.052640 0.997760 -0.041273
vn 0.008386 0.998091 -0.061191
vn -0.000186 0.997568 -0.069694
vn -0.008442 0.998090 -0.061204
vn -0.052411 0.997766 -0.041427
vn -0.079627 0.996685 -0.016695
vn -0.094031 0.995520 0.009941
vn -0.092109 0.995122 0.035340
vn -0.094260 0.993711 0.060450
vn -0.080413 0.993057 0.085853
vn -0.055163 0.992614 0.108045
vn -0.014300 0.992054 0.124995
vn 0.000000 0.991289 0.131705
vn 0.014300 0.992055 0.124994
vn 0.055163 0.992614 0.108045
vn 0.080413 0.993057 0.085855
vn 0.094260 0.993711 0.060451
vn 0.092109 0.995122 0.035341
vn -0.000000 -1.000000 -0.000438
vn -0.000009 0.999426 0.033886
s 1
g pSphere1 cha_dog_head
usemtl lambert20SG
f 2/394/1 22/1/2 1/393/3
f 1/393/3 22/1/2 21/2/4
f 3/395/5 23/3/6 2/394/1
f 2/394/1 23/3/6 22/1/2
f 4/396/7 24/4/8 3/395/5
f 3/395/5 24/4/8 23/3/6
f 5/374/9 25/375/10 4/396/7
f 4/396/7 25/375/10 24/4/8
f 5/5/9 6/7/11 25/6/10
f 25/6/10 6/7/11 26/8/12
f 6/7/11 7/9/13 26/8/12
f 26/8/12 7/9/13 27/10/14
f 7/9/13 8/11/15 27/10/14
f 27/10/14 8/11/15 28/12/16
f 8/11/15 9/13/17 28/12/16
f 28/12/16 9/13/17 29/14/18
f 9/13/17 10/15/19 29/14/18
f 29/14/18 10/15/19 30/16/20
f 11/17/21 31/18/22 10/15/19
f 10/15/19 31/18/22 30/16/20
f 12/19/23 32/20/24 11/17/21
f 11/17/21 32/20/24 31/18/22
f 13/21/25 33/22/26 12/19/23
f 12/19/23 33/22/26 32/20/24
f 14/23/27 34/24/28 13/21/25
f 13/21/25 34/24/28 33/22/26
f 15/25/29 35/26/30 14/23/27
f 14/23/27 35/26/30 34/24/28
f 15/397/29 16/398/31 35/26/30
f 35/26/30 16/398/31 36/27/32
f 16/398/31 17/399/33 36/27/32
f 36/27/32 17/399/33 37/28/34
f 17/399/33 18/400/35 37/28/34
f 37/28/34 18/400/35 38/29/36
f 18/400/35 19/401/37 38/29/36
f 38/29/36 19/401/37 39/30/38
f 19/401/37 20/403/39 39/30/38
f 39/30/38 20/403/39 40/31/40
f 1/393/3 21/2/4 20/403/39
f 20/403/39 21/2/4 40/31/40
f 22/1/2 42/32/41 21/2/4
f 21/2/4 42/32/41 41/33/42
f 23/3/6 43/34/43 22/1/2
f 22/1/2 43/34/43 42/32/41
f 24/4/8 44/35/44 23/3/6
f 23/3/6 44/35/44 43/34/43
f 24/4/8 25/375/10 44/35/44
f 44/35/44 25/375/10 45/376/45
f 26/8/12 46/37/46 25/6/10
f 25/6/10 46/37/46 45/36/45
f 26/8/12 27/10/14 46/37/46
f 46/37/46 27/10/14 47/38/47
f 27/10/14 28/12/16 47/38/47
f 47/38/47 28/12/16 48/39/48
f 28/12/16 29/14/18 48/39/48
f 48/39/48 29/14/18 49/40/49
f 29/14/18 30/16/20 49/40/49
f 49/40/49 30/16/20 50/41/50
f 31/18/22 51/42/51 30/16/20
f 30/16/20 51/42/51 50/41/50
f 32/20/24 52/43/52 31/18/22
f 31/18/22 52/43/52 51/42/51
f 33/22/26 53/44/53 32/20/24
f 32/20/24 53/44/53 52/43/52
f 34/24/28 54/45/54 33/22/26
f 33/22/26 54/45/54 53/44/53
f 35/26/30 55/46/55 34/24/28
f 34/24/28 55/46/55 54/45/54
f 35/26/30 36/27/32 55/46/55
f 55/46/55 36/27/32 56/47/56
f 36/27/32 37/28/34 56/47/56
f 56/47/56 37/28/34 57/48/57
f 37/28/34 38/29/36 57/48/57
f 57/48/57 38/29/36 58/49/58
f 38/29/36 39/30/38 58/49/58
f 58/49/58 39/30/38 59/50/59
f 39/30/38 40/31/40 59/50/59
f 59/50/59 40/31/40 60/51/60
f 21/2/4 41/33/42 40/31/40
f 40/31/40 41/33/42 60/51/60
f 42/32/41 62/52/61 41/33/42
f 41/33/42 62/52/61 61/53/62
f 43/34/43 63/54/63 42/32/41
f 42/32/41 63/54/63 62/52/61
f 43/34/43 44/35/44 63/54/63
f 63/54/63 44/35/44 64/55/64
f 44/35/44 45/376/45 64/55/64
f 64/55/64 45/376/45 65/377/65
f 46/37/46 66/57/66 45/36/45
f 45/36/45 66/57/66 65/56/65
f 47/38/47 67/58/67 46/37/46
f 46/37/46 67/58/67 66/57/66
f 47/38/47 48/39/48 67/58/67
f 67/58/67 48/39/48 68/59/68
f 48/39/48 49/40/49 68/59/68
f 68/59/68 49/40/49 69/60/69
f 49/40/49 50/41/50 69/60/69
f 69/60/69 50/41/50 70/61/70
f 51/42/51 71/62/71 50/41/50
f 50/41/50 71/62/71 70/61/70
f 52/43/52 72/63/72 51/42/51
f 51/42/51 72/63/72 71/62/71
f 53/44/53 73/64/73 52/43/52
f 52/43/52 73/64/73 72/63/72
f 54/45/54 74/65/74 53/44/53
f 53/44/53 74/65/74 73/64/73
f 54/45/54 55/46/55 74/65/74
f 74/65/74 55/46/55 75/66/75
f 56/47/56 76/67/76 55/46/55
f 55/46/55 76/67/76 75/66/75
f 56/47/56 57/48/57 76/67/76
f 76/67/76 57/48/57 77/68/77
f 57/48/57 58/49/58 77/68/77
f 77/68/77 58/49/58 78/69/78
f 58/49/58 59/50/59 78/69/78
f 78/69/78 59/50/59 79/70/79
f 59/50/59 60/51/60 79/70/79
f 79/70/79 60/51/60 80/71/80
f 41/33/42 61/53/62 60/51/60
f 60/51/60 61/53/62 80/71/80
f 62/52/61 82/72/81 61/53/62
f 61/53/62 82/72/81 81/73/82
f 63/54/63 83/74/83 62/52/61
f 62/52/61 83/74/83 82/72/81
f 63/54/63 64/55/64 83/74/83
f 83/74/83 64/55/64 84/75/84
f 64/55/64 65/377/65 84/75/84
f 84/75/84 65/377/65 85/378/85
f 66/57/66 86/77/86 65/56/65
f 65/56/65 86/77/86 85/76/85
f 67/58/67 87/78/87 66/57/66
f 66/57/66 87/78/87 86/77/86
f 67/58/67 68/59/68 87/78/87
f 87/78/87 68/59/68 88/79/88
f 68/59/68 69/60/69 88/79/88
f 88/79/88 69/60/69 89/80/89
f 69/60/69 70/61/70 89/80/89
f 89/80/89 70/61/70 90/81/90
f 71/62/71 91/82/91 70/61/70
f 70/61/70 91/82/91 90/81/90
f 72/63/72 92/83/92 71/62/71
f 71/62/71 92/83/92 91/82/91
f 73/64/73 93/84/93 72/63/72
f 72/63/72 93/84/93 92/83/92
f 73/64/73 74/65/74 93/84/93
f 93/84/93 74/65/74 94/85/94
f 74/65/74 75/66/75 94/85/94
f 94/85/94 75/66/75 95/86/95
f 76/67/76 96/87/96 75/66/75
f 75/66/75 96/87/96 95/86/95
f 77/68/77 97/88/97 76/67/76
f 76/67/76 97/88/97 96/87/96
f 77/68/77 78/69/78 97/88/97
f 97/88/97 78/69/78 98/89/98
f 78/69/78 79/70/79 98/89/98
f 98/89/98 79/70/79 99/90/99
f 79/70/79 80/71/80 99/90/99
f 99/90/99 80/71/80 100/91/100
f 61/53/62 81/73/82 80/71/80
f 80/71/80 81/73/82 100/91/100
f 82/72/81 102/92/101 81/73/82
f 81/73/82 102/92/101 101/93/102
f 83/74/83 103/94/103 82/72/81
f 82/72/81 103/94/103 102/92/101
f 83/74/83 84/75/84 103/94/103
f 103/94/103 84/75/84 104/95/104
f 84/75/84 85/378/85 104/95/104
f 104/95/104 85/378/85 105/379/105
f 86/77/86 106/97/106 85/76/85
f 85/76/85 106/97/106 105/96/105
f 87/78/87 107/98/107 86/77/86
f 86/77/86 107/98/107 106/97/106
f 87/78/87 88/79/88 107/98/107
f 107/98/107 88/79/88 108/99/108
f 88/79/88 89/80/89 108/99/108
f 108/99/108 89/80/89 109/100/109
f 89/80/89 90/81/90 109/100/109
f 109/100/109 90/81/90 110/101/110
f 91/82/91 111/102/111 90/81/90
f 90/81/90 111/102/111 110/101/110
f 92/83/92 112/103/112 91/82/91
f 91/82/91 112/103/112 111/102/111
f 93/84/93 113/104/113 92/83/92
f 92/83/92 113/104/113 112/103/112
f 93/84/93 94/85/94 113/104/113
f 113/104/113 94/85/94 114/105/114
f 94/85/94 95/86/95 114/105/114
f 114/105/114 95/86/95 115/106/115
f 96/87/96 116/107/116 95/86/95
f 95/86/95 116/107/116 115/106/115
f 97/88/97 117/108/117 96/87/96
f 96/87/96 117/108/117 116/107/116
f 97/88/97 98/89/98 117/108/117
f 117/108/117 98/89/98 118/109/118
f 98/89/98 99/90/99 118/109/118
f 118/109/118 99/90/99 119/110/119
f 99/90/99 100/91/100 119/110/119
f 119/110/119 100/91/100 120/111/120
f 81/73/82 101/93/102 100/91/100
f 100/91/100 101/93/102 120/111/120
f 102/92/101 122/112/121 101/93/102
f 101/93/102 122/112/121 121/113/122
f 103/94/103 123/114/123 102/92/101
f 102/92/101 123/114/123 122/112/121
f 103/94/103 104/95/104 123/114/123
f 123/114/123 104/95/104 124/115/124
f 104/95/104 105/379/105 124/115/124
f 124/115/124 105/379/105 125/116/125
f 106/380/106 126/381/126 105/379/105
f 105/379/105 126/381/126 125/116/125
f 107/98/107 127/118/127 106/97/106
f 106/97/106 127/118/127 126/117/126
f 107/98/107 108/99/108 127/118/127
f 127/118/127 108/99/108 128/119/128
f 108/99/108 109/100/109 128/119/128
f 128/119/128 109/100/109 129/120/129
f 109/100/109 110/101/110 129/120/129
f 129/120/129 110/101/110 130/121/130
f 111/102/111 131/122/131 110/101/110
f 110/101/110 131/122/131 130/121/130
f 112/103/112 132/123/132 111/102/111
f 111/102/111 132/123/132 131/122/131
f 113/104/113 133/124/133 112/103/112
f 112/103/112 133/124/133 132/123/132
f 113/104/113 114/105/114 133/124/133
f 133/124/133 114/105/114 134/125/134
f 114/105/114 115/106/115 134/125/134
f 134/125/134 115/106/115 135/126/135
f 116/107/116 136/127/136 115/106/115
f 115/106/115 136/127/136 135/126/135
f 117/108/117 137/128/137 116/107/116
f 116/107/116 137/128/137 136/127/136
f 117/108/117 118/109/118 137/128/137
f 137/128/137 118/109/118 138/129/138
f 118/109/118 119/110/119 138/129/138
f 138/129/138 119/110/119 139/130/139
f 119/110/119 120/111/120 139/130/139
f 139/130/139 120/111/120 140/131/140
f 101/93/102 121/113/122 120/111/120
f 120/111/120 121/113/122 140/131/140
f 122/112/121 142/132/141 121/113/122
f 121/113/122 142/132/141 141/133/142
f 122/112/121 123/114/123 142/132/141
f 142/132/141 123/114/123 143/134/143
f 123/114/123 124/115/124 143/134/143
f 143/134/143 124/115/124 144/135/144
f 124/115/124 125/116/125 144/135/144
f 144/135/144 125/116/125 145/136/145
f 126/381/126 146/382/146 125/116/125
f 125/116/125 146/382/146 145/136/145
f 127/118/127 147/138/147 126/117/126
f 126/117/126 147/138/147 146/137/146
f 128/119/128 148/139/148 127/118/127
f 127/118/127 148/139/148 147/138/147
f 128/119/128 129/120/129 148/139/148
f 148/139/148 129/120/129 149/140/149
f 129/120/129 130/121/130 149/140/149
f 149/140/149 130/121/130 150/141/150
f 131/122/131 151/142/151 130/121/130
f 130/121/130 151/142/151 150/141/150
f 132/123/132 152/143/152 131/122/131
f 131/122/131 152/143/152 151/142/151
f 132/123/132 133/124/133 152/143/152
f 152/143/152 133/124/133 153/144/153
f 133/124/133 134/125/134 153/144/153
f 153/144/153 134/125/134 154/145/154
f 135/126/135 155/146/155 134/125/134
f 134/125/134 155/146/155 154/145/154
f 135/126/135 136/127/136 155/146/155
f 155/146/155 136/127/136 156/147/156
f 137/128/137 157/148/157 136/127/136
f 136/127/136 157/148/157 156/147/156
f 138/129/138 158/149/158 137/128/137
f 137/128/137 158/149/158 157/148/157
f 138/129/138 139/130/139 158/149/158
f 158/149/158 139/130/139 159/150/159
f 139/130/139 140/131/140 159/150/159
f 159/150/159 140/131/140 160/151/160
f 121/113/122 141/133/142 140/131/140
f 140/131/140 141/133/142 160/151/160
f 141/133/142 142/132/141 161/153/161
f 161/153/161 142/132/141 162/152/162
f 142/132/141 143/134/143 162/152/162
f 162/152/162 143/134/143 163/154/163
f 143/134/143 144/135/144 163/154/163
f 163/154/163 144/135/144 164/155/164
f 144/135/144 145/136/145 164/155/164
f 164/155/164 145/136/145 165/156/165
f 146/382/146 166/383/166 145/136/145
f 145/136/145 166/383/166 165/156/165
f 147/138/147 167/158/167 146/137/146
f 146/137/146 167/158/167 166/157/166
f 148/139/148 168/159/168 147/138/147
f 147/138/147 168/159/168 167/158/167
f 149/140/149 169/160/169 148/139/148
f 148/139/148 169/160/169 168/159/168
f 149/140/149 150/141/150 169/160/169
f 169/160/169 150/141/150 170/161/170
f 150/141/150 151/142/151 170/161/170
f 170/161/170 151/142/151 171/162/171
f 151/142/151 152/143/152 171/162/171
f 171/162/171 152/143/152 172/163/172
f 152/143/152 153/144/153 172/163/172
f 172/163/172 153/144/153 173/164/173
f 154/145/154 174/165/174 153/144/153
f 153/144/153 174/165/174 173/164/173
f 155/146/155 175/166/175 154/145/154
f 154/145/154 175/166/175 174/165/174
f 155/146/155 156/147/156 175/166/175
f 175/166/175 156/147/156 176/167/176
f 156/147/156 157/148/157 176/167/176
f 176/167/176 157/148/157 177/168/177
f 158/149/158 178/169/178 157/148/157
f 157/148/157 178/169/178 177/168/177
f 159/150/159 179/170/179 158/149/158
f 158/149/158 179/170/179 178/169/178
f 159/150/159 160/151/160 179/170/179
f 179/170/179 160/151/160 180/171/180
f 160/151/160 141/133/142 180/171/180
f 180/171/180 141/133/142 161/153/161
f 161/153/161 162/152/162 181/173/181
f 181/173/181 162/152/162 182/172/182
f 162/152/162 163/154/163 182/172/182
f 182/172/182 163/154/163 183/174/183
f 163/154/163 164/155/164 183/174/183
f 183/174/183 164/155/164 184/175/184
f 164/155/164 165/156/165 184/175/184
f 184/175/184 165/156/165 185/176/185
f 166/383/166 186/384/186 165/156/165
f 165/156/165 186/384/186 185/176/185
f 167/158/167 187/178/187 166/157/166
f 166/157/166 187/178/187 186/177/186
f 168/159/168 188/179/188 167/158/167
f 167/158/167 188/179/188 187/178/187
f 169/160/169 189/180/189 168/159/168
f 168/159/168 189/180/189 188/179/188
f 170/161/170 190/181/190 169/160/169
f 169/160/169 190/181/190 189/180/189
f 170/161/170 171/162/171 190/181/190
f 190/181/190 171/162/171 191/182/191
f 171/162/171 172/163/172 191/182/191
f 191/182/191 172/163/172 192/183/192
f 172/163/172 173/164/173 192/183/192
f 192/183/192 173/164/173 193/184/193
f 173/164/173 174/165/174 193/184/193
f 193/184/193 174/165/174 194/185/194
f 175/166/175 195/186/195 174/165/174
f 174/165/174 195/186/195 194/185/194
f 175/166/175 176/167/176 195/186/195
f 195/186/195 176/167/176 196/187/196
f 177/168/177 197/188/197 176/167/176
f 176/167/176 197/188/197 196/187/196
f 178/169/178 198/189/198 177/168/177
f 177/168/177 198/189/198 197/188/197
f 179/170/179 199/190/199 178/169/178
f 178/169/178 199/190/199 198/189/198
f 180/171/180 200/191/200 179/170/179
f 179/170/179 200/191/200 199/190/199
f 180/171/180 161/153/161 200/191/200
f 200/191/200 161/153/161 181/173/181
f 181/173/181 182/172/182 201/193/201
f 201/193/201 182/172/182 202/192/202
f 182/172/182 183/174/183 202/192/202
f 202/192/202 183/174/183 203/194/203
f 183/174/183 184/175/184 203/194/203
f 203/194/203 184/175/184 204/195/204
f 184/175/184 185/176/185 204/195/204
f 204/195/204 185/176/185 205/196/205
f 185/176/185 186/384/186 205/196/205
f 205/196/205 186/384/186 206/385/206
f 187/178/187 207/198/207 186/177/186
f 186/177/186 207/198/207 206/197/206
f 188/179/188 208/199/208 187/178/187
f 187/178/187 208/199/208 207/198/207
f 189/180/189 209/200/209 188/179/188
f 188/179/188 209/200/209 208/199/208
f 190/181/190 210/201/210 189/180/189
f 189/180/189 210/201/210 209/200/209
f 190/181/190 191/182/191 210/201/210
f 210/201/210 191/182/191 211/202/211
f 191/182/191 192/183/192 211/202/211
f 211/202/211 192/183/192 212/203/212
f 193/184/193 213/204/213 192/183/192
f 192/183/192 213/204/213 212/203/212
f 194/185/194 214/205/214 193/184/193
f 193/184/193 214/205/214 213/204/213
f 194/185/194 195/186/195 214/205/214
f 214/205/214 195/186/195 215/206/215
f 196/187/196 216/207/216 195/186/195
f 195/186/195 216/207/216 215/206/215
f 196/187/196 197/188/197 216/207/216
f 216/207/216 197/188/197 217/208/217
f 197/188/197 198/189/198 217/208/217
f 217/208/217 198/189/198 218/209/218
f 199/190/199 219/210/219 198/189/198
f 198/189/198 219/210/219 218/209/218
f 200/191/200 220/211/220 199/190/199
f 199/190/199 220/211/220 219/210/219
f 200/191/200 181/173/181 220/211/220
f 220/211/220 181/173/181 201/193/201
f 201/193/201 202/192/202 221/213/221
f 221/213/221 202/192/202 222/212/222
f 202/192/202 203/194/203 222/212/222
f 222/212/222 203/194/203 223/214/223
f 203/194/203 204/195/204 223/214/223
f 223/214/223 204/195/204 224/215/224
f 205/196/205 225/216/225 204/195/204
f 204/195/204 225/216/225 224/215/224
f 205/196/205 206/385/206 225/216/225
f 225/216/225 206/385/206 226/386/226
f 207/198/207 227/218/227 206/197/206
f 206/197/206 227/218/227 226/217/226
f 208/199/208 228/219/228 207/198/207
f 207/198/207 228/219/228 227/218/227
f 209/200/209 229/220/229 208/199/208
f 208/199/208 229/220/229 228/219/228
f 210/201/210 230/221/230 209/200/209
f 209/200/209 230/221/230 229/220/229
f 210/201/210 211/202/211 230/221/230
f 230/221/230 211/202/211 231/222/231
f 211/202/211 212/203/212 231/222/231
f 231/222/231 212/203/212 232/223/232
f 212/203/212 213/204/213 232/223/232
f 232/223/232 213/204/213 233/224/233
f 213/204/213 214/205/214 233/224/233
f 233/224/233 214/205/214 234/225/234
f 215/206/215 235/226/235 214/205/214
f 214/205/214 235/226/235 234/225/234
f 215/206/215 216/207/216 235/226/235
f 235/226/235 216/207/216 236/227/236
f 217/208/217 237/228/237 216/207/216
f 216/207/216 237/228/237 236/227/236
f 218/209/218 238/229/238 217/208/217
f 217/208/217 238/229/238 237/228/237
f 219/210/219 239/230/239 218/209/218
f 218/209/218 239/230/239 238/229/238
f 220/211/220 240/231/240 219/210/219
f 219/210/219 240/231/240 239/230/239
f 220/211/220 201/193/201 240/231/240
f 240/231/240 201/193/201 221/213/221
f 221/213/221 222/212/222 241/233/241
f 241/233/241 222/212/222 242/232/242
f 222/212/222 223/214/223 242/232/242
f 242/232/242 223/214/223 243/234/243
f 224/215/224 244/235/244 223/214/223
f 223/214/223 244/235/244 243/234/243
f 225/216/225 245/236/245 224/215/224
f 224/215/224 245/236/245 244/235/244
f 225/216/225 226/386/226 245/236/245
f 245/236/245 226/386/226 246/387/246
f 226/217/226 227/218/227 246/237/246
f 246/237/246 227/218/227 247/238/247
f 228/219/228 248/239/248 227/218/227
f 227/218/227 248/239/248 247/238/247
f 229/220/229 249/240/249 228/219/228
f 228/219/228 249/240/249 248/239/248
f 230/221/230 250/241/250 229/220/229
f 229/220/229 250/241/250 249/240/249
f 230/221/230 231/222/231 250/241/250
f 250/241/250 231/222/231 251/242/251
f 231/222/231 232/223/232 251/242/251
f 251/242/251 232/223/232 252/243/252
f 232/223/232 233/224/233 252/243/252
f 252/243/252 233/224/233 253/244/253
f 233/224/233 234/225/234 253/244/253
f 253/244/253 234/225/234 254/245/254
f 235/226/235 255/246/255 234/225/234
f 234/225/234 255/246/255 254/245/254
f 235/226/235 236/227/236 255/246/255
f 255/246/255 236/227/236 256/247/256
f 237/228/237 257/248/257 236/227/236
f 236/227/236 257/248/257 256/247/256
f 238/229/238 258/249/258 237/228/237
f 237/228/237 258/249/258 257/248/257
f 239/230/239 259/250/259 238/229/238
f 238/229/238 259/250/259 258/249/258
f 240/231/240 260/251/260 239/230/239
f 239/230/239 260/251/260 259/250/259
f 240/231/240 221/213/221 260/251/260
f 260/251/260 221/213/221 241/233/241
f 241/233/241 242/232/242 261/253/261
f 261/253/261 242/232/242 262/252/262
f 242/232/242 243/234/243 262/252/262
f 262/252/262 243/234/243 263/254/263
f 244/235/244 264/255/264 243/234/243
f 243/234/243 264/255/264 263/254/263
f 245/236/245 265/256/265 244/235/244
f 244/235/244 265/256/265 264/255/264
f 245/236/245 246/387/246 265/256/265
f 265/256/265 246/387/246 266/388/266
f 246/237/246 247/238/247 266/257/266
f 266/257/266 247/238/247 267/258/267
f 248/239/248 268/259/268 247/238/247
f 247/238/247 268/259/268 267/258/267
f 249/240/249 269/260/269 248/239/248
f 248/239/248 269/260/269 268/259/268
f 250/241/250 270/261/270 249/240/249
f 249/240/249 270/261/270 269/260/269
f 250/241/250 251/242/251 270/261/270
f 270/261/270 251/242/251 271/262/271
f 251/242/251 252/243/252 271/262/271
f 271/262/271 252/243/252 272/263/272
f 252/243/252 253/244/253 272/263/272
f 272/263/272 253/244/253 273/264/273
f 253/244/253 254/245/254 273/264/273
f 273/264/273 254/245/254 274/265/274
f 255/246/255 275/266/275 254/245/254
f 254/245/254 275/266/275 274/265/274
f 255/246/255 256/247/256 275/266/275
f 275/266/275 256/247/256 276/267/276
f 257/248/257 277/268/277 256/247/256
f 256/247/256 277/268/277 276/267/276
f 258/249/258 278/269/278 257/248/257
f 257/248/257 278/269/278 277/268/277
f 259/250/259 279/270/279 258/249/258
f 258/249/258 279/270/279 278/269/278
f 260/251/260 280/271/280 259/250/259
f 259/250/259 280/271/280 279/270/279
f 260/251/260 241/233/241 280/271/280
f 280/271/280 241/233/241 261/253/261
f 261/253/261 262/252/262 281/273/281
f 281/273/281 262/252/262 282/272/282
f 262/252/262 263/254/263 282/272/282
f 282/272/282 263/254/263 283/274/283
f 264/255/264 284/275/284 263/254/263
f 263/254/263 284/275/284 283/274/283
f 265/256/265 285/276/285 264/255/264
f 264/255/264 285/276/285 284/275/284
f 265/256/265 266/388/266 285/276/285
f 285/276/285 266/388/266 286/389/286
f 266/257/266 267/258/267 286/277/286
f 286/277/286 267/258/267 287/278/287
f 268/259/268 288/279/288 267/258/267
f 267/258/267 288/279/288 287/278/287
f 269/260/269 289/280/289 268/259/268
f 268/259/268 289/280/289 288/279/288
f 270/261/270 290/281/290 269/260/269
f 269/260/269 290/281/290 289/280/289
f 270/261/270 271/262/271 290/281/290
f 290/281/290 271/262/271 291/282/291
f 271/262/271 272/263/272 291/282/291
f 291/282/291 272/263/272 292/283/292
f 272/263/272 273/264/273 292/283/292
f 292/283/292 273/264/273 293/284/293
f 273/264/273 274/265/274 293/284/293
f 293/284/293 274/265/274 294/285/294
f 275/266/275 295/286/295 274/265/274
f 274/265/274 295/286/295 294/285/294
f 275/266/275 276/267/276 295/286/295
f 295/286/295 276/267/276 296/287/296
f 277/268/277 297/288/297 276/267/276
f 276/267/276 297/288/297 296/287/296
f 278/269/278 298/289/298 277/268/277
f 277/268/277 298/289/298 297/288/297
f 279/270/279 299/290/299 278/269/278
f 278/269/278 299/290/299 298/289/298
f 280/271/280 300/291/300 279/270/279
f 279/270/279 300/291/300 299/290/299
f 280/271/280 261/253/261 300/291/300
f 300/291/300 261/253/261 281/273/281
f 281/273/281 282/272/282 301/293/301
f 301/293/301 282/272/282 302/292/302
f 282/272/282 283/274/283 302/292/302
f 302/292/302 283/274/283 303/294/303
f 284/275/284 304/295/304 283/274/283
f 283/274/283 304/295/304 303/294/303
f 285/276/285 305/296/305 284/275/284
f 284/275/284 305/296/305 304/295/304
f 285/276/285 286/389/286 305/296/305
f 305/296/305 286/389/286 306/390/306
f 286/277/286 287/278/287 306/297/306
f 306/297/306 287/278/287 307/298/307
f 288/279/288 308/299/308 287/278/287
f 287/278/287 308/299/308 307/298/307
f 289/280/289 309/300/309 288/279/288
f 288/279/288 309/300/309 308/299/308
f 290/281/290 310/301/310 289/280/289
f 289/280/289 310/301/310 309/300/309
f 290/281/290 291/282/291 310/301/310
f 310/301/310 291/282/291 311/302/311
f 291/282/291 292/283/292 311/302/311
f 311/302/311 292/283/292 312/303/312
f 292/283/292 293/284/293 312/303/312
f 312/303/312 293/284/293 313/304/313
f 294/285/294 314/305/314 293/284/293
f 293/284/293 314/305/314 313/304/313
f 295/286/295 315/306/315 294/285/294
f 294/285/294 315/306/315 314/305/314
f 295/286/295 296/287/296 315/306/315
f 315/306/315 296/287/296 316/307/316
f 296/287/296 297/288/297 316/307/316
f 316/307/316 297/288/297 317/308/317
f 298/289/298 318/309/318 297/288/297
f 297/288/297 318/309/318 317/308/317
f 299/290/299 319/310/319 298/289/298
f 298/289/298 319/310/319 318/309/318
f 300/291/300 320/311/320 299/290/299
f 299/290/299 320/311/320 319/310/319
f 300/291/300 281/273/281 320/311/320
f 320/311/320 281/273/281 301/293/301
f 301/293/301 302/292/302 321/313/321
f 321/313/321 302/292/302 322/312/322
f 302/292/302 303/294/303 322/312/322
f 322/312/322 303/294/303 323/314/323
f 304/295/304 324/315/324 303/294/303
f 303/294/303 324/315/324 323/314/323
f 305/296/305 325/316/325 304/295/304
f 304/295/304 325/316/325 324/315/324
f 305/296/305 306/390/306 325/316/325
f 325/316/325 306/390/306 326/391/326
f 306/297/306 307/298/307 326/317/326
f 326/317/326 307/298/307 327/318/327
f 308/299/308 328/319/328 307/298/307
f 307/298/307 328/319/328 327/318/327
f 309/300/309 329/320/329 308/299/308
f 308/299/308 329/320/329 328/319/328
f 310/301/310 330/321/330 309/300/309
f 309/300/309 330/321/330 329/320/329
f 310/301/310 311/302/311 330/321/330
f 330/321/330 311/302/311 331/322/331
f 311/302/311 312/303/312 331/322/331
f 331/322/331 312/303/312 332/323/332
f 312/303/312 313/304/313 332/323/332
f 332/323/332 313/304/313 333/324/333
f 314/305/314 334/325/334 313/304/313
f 313/304/313 334/325/334 333/324/333
f 315/306/315 335/326/335 314/305/314
f 314/305/314 335/326/335 334/325/334
f 315/306/315 316/307/316 335/326/335
f 335/326/335 316/307/316 336/327/336
f 316/307/316 317/308/317 336/327/336
f 336/327/336 317/308/317 337/328/337
f 318/309/318 338/329/338 317/308/317
f 317/308/317 338/329/338 337/328/337
f 319/310/319 339/330/339 318/309/318
f 318/309/318 339/330/339 338/329/338
f 320/311/320 340/331/340 319/310/319
f 319/310/319 340/331/340 339/330/339
f 320/311/320 301/293/301 340/331/340
f 340/331/340 301/293/301 321/313/321
f 321/313/321 322/312/322 341/333/341
f 341/333/341 322/312/322 342/332/342
f 323/314/323 343/334/343 322/312/322
f 322/312/322 343/334/343 342/332/342
f 324/315/324 344/335/344 323/314/323
f 323/314/323 344/335/344 343/334/343
f 325/316/325 345/336/345 324/315/324
f 324/315/324 345/336/345 344/335/344
f 325/316/325 326/391/326 345/336/345
f 345/336/345 326/391/326 346/392/346
f 326/317/326 327/318/327 346/337/346
f 346/337/346 327/318/327 347/338/347
f 327/318/327 328/319/328 347/338/347
f 347/338/347 328/319/328 348/339/348
f 329/320/329 349/340/349 328/319/328
f 328/319/328 349/340/349 348/339/348
f 330/321/330 350/341/350 329/320/329
f 329/320/329 350/341/350 349/340/349
f 330/321/330 331/322/331 350/341/350
f 350/341/350 331/322/331 351/342/351
f 331/322/331 332/323/332 351/342/351
f 351/342/351 332/323/332 352/343/352
f 332/323/332 333/324/333 352/343/352
f 352/343/352 333/324/333 353/344/353
f 334/325/334 354/345/354 333/324/333
f 333/324/333 354/345/354 353/344/353
f 335/326/335 355/346/355 334/325/334
f 334/325/334 355/346/355 354/345/354
f 335/326/335 336/327/336 355/346/355
f 355/346/355 336/327/336 356/347/356
f 336/327/336 337/328/337 356/347/356
f 356/347/356 337/328/337 357/348/357
f 338/329/338 358/349/358 337/328/337
f 337/328/337 358/349/358 357/348/357
f 339/330/339 359/350/359 338/329/338
f 338/329/338 359/350/359 358/349/358
f 340/331/340 360/351/360 339/330/339
f 339/330/339 360/351/360 359/350/359
f 340/331/340 321/313/321 360/351/360
f 360/351/360 321/313/321 341/333/341
f 342/332/342 362/352/361 341/333/341
f 341/333/341 362/352/361 361/353/362
f 343/334/343 363/354/363 342/332/342
f 342/332/342 363/354/363 362/352/361
f 344/335/344 364/355/364 343/334/343
f 343/334/343 364/355/364 363/354/363
f 345/336/345 365/356/365 344/335/344
f 344/335/344 365/356/365 364/355/364
f 345/336/345 346/392/346 365/356/365
f 365/356/365 346/392/346 366/404/366
f 346/337/346 347/338/347 366/357/366
f 366/357/366 347/338/347 367/358/367
f 347/338/347 348/339/348 367/358/367
f 367/358/367 348/339/348 368/359/368
f 348/339/348 349/340/349 368/359/368
f 368/359/368 349/340/349 369/360/369
f 349/340/349 350/341/350 369/360/369
f 369/360/369 350/341/350 370/361/370
f 351/342/351 371/362/371 350/341/350
f 350/341/350 371/362/371 370/361/370
f 352/343/352 372/363/372 351/342/351
f 351/342/351 372/363/372 371/362/371
f 353/344/353 373/364/373 352/343/352
f 352/343/352 373/364/373 372/363/372
f 354/345/354 374/365/374 353/344/353
f 353/344/353 374/365/374 373/364/373
f 355/346/355 375/366/375 354/345/354
f 354/345/354 375/366/375 374/365/374
f 355/346/355 356/347/356 375/366/375
f 375/366/375 356/347/356 376/367/376
f 356/347/356 357/348/357 376/367/376
f 376/367/376 357/348/357 377/368/377
f 357/348/357 358/349/358 377/368/377
f 377/368/377 358/349/358 378/369/378
f 358/349/358 359/350/359 378/369/378
f 378/369/378 359/350/359 379/370/379
f 359/350/359 360/351/360 379/370/379
f 379/370/379 360/351/360 380/371/380
f 341/333/341 361/353/362 360/351/360
f 360/351/360 361/353/362 380/371/380
f 2/394/1 1/393/3 381/402/381
f 3/395/5 2/394/1 381/402/381
f 4/396/7 3/395/5 381/402/381
f 5/374/9 4/396/7 381/402/381
f 6/7/11 5/5/9 381/372/381
f 7/9/13 6/7/11 381/372/381
f 8/11/15 7/9/13 381/372/381
f 9/13/17 8/11/15 381/372/381
f 10/15/19 9/13/17 381/372/381
f 11/17/21 10/15/19 381/372/381
f 12/19/23 11/17/21 381/372/381
f 13/21/25 12/19/23 381/372/381
f 14/23/27 13/21/25 381/372/381
f 15/25/29 14/23/27 381/372/381
f 16/398/31 15/397/29 381/402/381
f 17/399/33 16/398/31 381/402/381
f 18/400/35 17/399/33 381/402/381
f 19/401/37 18/400/35 381/402/381
f 20/403/39 19/401/37 381/402/381
f 1/393/3 20/403/39 381/402/381
f 361/353/362 362/352/361 382/373/382
f 362/352/361 363/354/363 382/373/382
f 363/354/363 364/355/364 382/373/382
f 364/355/364 365/356/365 382/373/382
f 365/356/365 366/404/366 382/373/382
f 366/404/366 367/405/367 382/373/382
f 367/405/367 368/406/368 382/373/382
f 368/406/368 369/407/369 382/373/382
f 369/407/369 370/408/370 382/373/382
f 370/408/370 371/409/371 382/373/382
f 371/409/371 372/410/372 382/373/382
f 372/410/372 373/411/373 382/373/382
f 373/411/373 374/412/374 382/373/382
f 374/412/374 375/413/375 382/373/382
f 375/366/375 376/367/376 382/373/382
f 376/367/376 377/368/377 382/373/382
f 377/368/377 378/369/378 382/373/382
f 378/369/378 379/370/379 382/373/382
f 379/370/379 380/371/380 382/373/382
f 380/371/380 361/353/362 382/373/382
g default
v 0.517211 0.408771 -0.005467
v 0.516603 0.407926 -0.010399
v 0.515656 0.406609 -0.014313
v 0.514463 0.404950 -0.016825
v 0.513141 0.403111 -0.017691
v 0.511818 0.401272 -0.016825
v 0.510625 0.399613 -0.014313
v 0.509678 0.398297 -0.010399
v 0.509071 0.397452 -0.005467
v 0.508861 0.397160 0.000000
v 0.509071 0.397452 0.005467
v 0.509678 0.398297 0.010399
v 0.510625 0.399613 0.014313
v 0.511818 0.401272 0.016825
v 0.513141 0.403111 0.017691
v 0.514463 0.404950 0.016825
v 0.515656 0.406609 0.014313
v 0.516603 0.407926 0.010399
v 0.517211 0.408771 0.005467
v 0.517420 0.409062 0.000000
v 0.514471 0.419116 -0.010799
v 0.513270 0.417447 -0.020541
v 0.511400 0.414846 -0.028273
v 0.509043 0.411569 -0.033237
v 0.506431 0.407936 -0.034947
v 0.503819 0.404304 -0.033237
v 0.501462 0.401027 -0.028273
v 0.499592 0.398426 -0.020541
v 0.498391 0.396756 -0.010799
v 0.497977 0.396181 0.000000
v 0.498391 0.396756 0.010799
v 0.499592 0.398426 0.020541
v 0.501462 0.401027 0.028273
v 0.503819 0.404304 0.033237
v 0.506431 0.407936 0.034947
v 0.509043 0.411569 0.033237
v 0.511400 0.414846 0.028273
v 0.513270 0.417447 0.020541
v 0.514471 0.419116 0.010799
v 0.514885 0.419692 0.000000
v 0.507244 0.432271 -0.015866
v 0.505480 0.429818 -0.030178
v 0.502732 0.425997 -0.041537
v 0.499270 0.421183 -0.048829
v 0.495432 0.415846 -0.051342
v 0.491594 0.410509 -0.048829
v 0.488132 0.405695 -0.041537
v 0.485385 0.401874 -0.030178
v 0.483620 0.399421 -0.015866
v 0.483013 0.398576 0.000000
v 0.483620 0.399421 0.015866
v 0.485385 0.401874 0.030178
v 0.488132 0.405695 0.041537
v 0.491594 0.410509 0.048829
v 0.495432 0.415846 0.051342
v 0.499270 0.421183 0.048829
v 0.502732 0.425997 0.041537
v 0.505480 0.429818 0.030178
v 0.507244 0.432271 0.015866
v 0.507852 0.433116 0.000000
v 0.495708 0.447911 -0.020541
v 0.493424 0.444735 -0.039072
v 0.489866 0.439788 -0.053778
v 0.485384 0.433555 -0.063220
v 0.480415 0.426645 -0.066473
v 0.475446 0.419736 -0.063220
v 0.470963 0.413503 -0.053778
v 0.467406 0.408556 -0.039072
v 0.465122 0.405380 -0.020541
v 0.464335 0.404286 0.000000
v 0.465122 0.405380 0.020541
v 0.467406 0.408556 0.039072
v 0.470963 0.413503 0.053778
v 0.475446 0.419736 0.063220
v 0.480415 0.426645 0.066473
v 0.485384 0.433555 0.063220
v 0.489866 0.439788 0.053778
v 0.493424 0.444735 0.039072
v 0.495708 0.447911 0.020541
v 0.496495 0.449005 0.000000
v 0.480146 0.465652 -0.024711
v 0.477398 0.461831 -0.047004
v 0.473119 0.455880 -0.064695
v 0.467726 0.448381 -0.076054
v 0.461749 0.440069 -0.079967
v 0.455771 0.431757 -0.076054
v 0.450379 0.424258 -0.064695
v 0.446099 0.418307 -0.047004
v 0.443351 0.414486 -0.024711
v 0.442405 0.413170 0.000000
v 0.443351 0.414486 0.024711
v 0.446099 0.418307 0.047004
v 0.450379 0.424258 0.064695
v 0.455771 0.431757 0.076054
v 0.461749 0.440069 0.079967
v 0.467726 0.448381 0.076054
v 0.473119 0.455880 0.064695
v 0.477398 0.461831 0.047004
v 0.480146 0.465652 0.024711
v 0.481093 0.466968 0.000000
v 0.460942 0.485055 -0.028273
v 0.457798 0.480684 -0.053778
v 0.452902 0.473875 -0.074019
v 0.446733 0.465296 -0.087015
v 0.439893 0.455786 -0.091493
v 0.433054 0.446275 -0.087015
v 0.426885 0.437696 -0.074019
v 0.421988 0.430887 -0.053778
v 0.418845 0.426516 -0.028273
v 0.417761 0.425010 0.000000
v 0.418845 0.426516 0.028273
v 0.421988 0.430887 0.053778
v 0.426885 0.437696 0.074019
v 0.433054 0.446275 0.087015
v 0.439893 0.455786 0.091493
v 0.446733 0.465296 0.087015
v 0.452902 0.473875 0.074019
v 0.457798 0.480684 0.053778
v 0.460942 0.485055 0.028273
v 0.462025 0.486562 0.000000
v 0.438569 0.505645 -0.031138
v 0.435107 0.500830 -0.059228
v 0.429714 0.493332 -0.081520
v 0.422920 0.483883 -0.095833
v 0.415387 0.473409 -0.100765
v 0.407855 0.462935 -0.095833
v 0.401060 0.453486 -0.081520
v 0.395668 0.445987 -0.059228
v 0.392205 0.441173 -0.031138
v 0.391012 0.439514 0.000000
v 0.392205 0.441173 0.031138
v 0.395668 0.445987 0.059228
v 0.401060 0.453486 0.081520
v 0.407855 0.462935 0.095833
v 0.415387 0.473409 0.100765
v 0.422919 0.483883 0.095833
v 0.429714 0.493332 0.081520
v 0.435107 0.500830 0.059228
v 0.438569 0.505645 0.031138
v 0.439762 0.507304 0.000000
v 0.413578 0.526913 -0.033237
v 0.409882 0.521774 -0.063220
v 0.404126 0.513770 -0.087015
v 0.396873 0.503685 -0.102292
v 0.388834 0.492504 -0.107556
v 0.380794 0.481325 -0.102292
v 0.373541 0.471239 -0.087015
v 0.367785 0.463235 -0.063220
v 0.364089 0.458096 -0.033237
v 0.362816 0.456325 0.000000
v 0.364089 0.458096 0.033237
v 0.367785 0.463235 0.063220
v 0.373541 0.471239 0.087015
v 0.380794 0.481325 0.102292
v 0.388834 0.492504 0.107556
v 0.396873 0.503685 0.102292
v 0.404126 0.513770 0.087015
v 0.409882 0.521774 0.063220
v 0.413578 0.526913 0.033237
v 0.414851 0.528684 0.000000
v 0.386583 0.548336 -0.034517
v 0.382746 0.542999 -0.065655
v 0.376768 0.534687 -0.090366
v 0.369236 0.524213 -0.106232
v 0.360886 0.512602 -0.111699
v 0.352536 0.500992 -0.106232
v 0.345004 0.490518 -0.090366
v 0.339027 0.482205 -0.065655
v 0.335189 0.476869 -0.034517
v 0.333866 0.475030 0.000000
v 0.335189 0.476869 0.034517
v 0.339027 0.482205 0.065655
v 0.345004 0.490518 0.090366
v 0.352536 0.500992 0.106232
v 0.360886 0.512602 0.111699
v 0.369236 0.524213 0.106232
v 0.376768 0.534687 0.090366
v 0.382746 0.542999 0.065655
v 0.386583 0.548336 0.034517
v 0.387906 0.550175 0.000000
v 0.358251 0.569387 -0.034947
v 0.354365 0.563984 -0.066473
v 0.348313 0.555568 -0.091493
v 0.340687 0.544963 -0.107556
v 0.332233 0.533208 -0.113091
v 0.323779 0.521452 -0.107556
v 0.316153 0.510848 -0.091493
v 0.310101 0.502432 -0.066473
v 0.306215 0.497028 -0.034947
v 0.304877 0.495167 0.000000
v 0.306215 0.497028 0.034947
v 0.310101 0.502432 0.066473
v 0.316153 0.510848 0.091493
v 0.323780 0.521452 0.107556
v 0.332233 0.533208 0.113091
v 0.340687 0.544963 0.107556
v 0.348313 0.555568 0.091493
v 0.354365 0.563984 0.066473
v 0.358251 0.569387 0.034947
v 0.359590 0.571249 0.000000
v 0.329277 0.589547 -0.034517
v 0.325440 0.584210 -0.065655
v 0.319462 0.575898 -0.090366
v 0.311930 0.565423 -0.106232
v 0.303580 0.553813 -0.111699
v 0.295231 0.542202 -0.106232
v 0.287698 0.531728 -0.090366
v 0.281721 0.523416 -0.065655
v 0.277883 0.518079 -0.034517
v 0.276560 0.516240 0.000000
v 0.277883 0.518079 0.034517
v 0.281721 0.523416 0.065655
v 0.287698 0.531728 0.090366
v 0.295231 0.542202 0.106232
v 0.303580 0.553813 0.111699
v 0.311930 0.565423 0.106232
v 0.319462 0.575898 0.090366
v 0.325440 0.584210 0.065655
v 0.329277 0.589547 0.034517
v 0.330600 0.591386 0.000000
v 0.300377 0.608319 -0.033237
v 0.296682 0.603180 -0.063220
v 0.290926 0.595176 -0.087015
v 0.283673 0.585091 -0.102292
v 0.275633 0.573911 -0.107556
v 0.267593 0.562731 -0.102292
v 0.260340 0.552645 -0.087015
v 0.254584 0.544641 -0.063220
v 0.250888 0.539502 -0.033237
v 0.249615 0.537731 0.000000
v 0.250888 0.539502 0.033237
v 0.254584 0.544641 0.063220
v 0.260340 0.552645 0.087015
v 0.267593 0.562731 0.102292
v 0.275633 0.573911 0.107556
v 0.283673 0.585091 0.102292
v 0.290926 0.595176 0.087015
v 0.296682 0.603180 0.063220
v 0.300377 0.608319 0.033237
v 0.301651 0.610090 0.000000
v 0.272261 0.625242 -0.031138
v 0.268799 0.620428 -0.059228
v 0.263406 0.612929 -0.081520
v 0.256611 0.603480 -0.095833
v 0.249079 0.593006 -0.100765
v 0.241547 0.582532 -0.095833
v 0.234752 0.573083 -0.081520
v 0.229359 0.565585 -0.059228
v 0.225897 0.560770 -0.031138
v 0.224704 0.559111 0.000000
v 0.225897 0.560770 0.031138
v 0.229359 0.565585 0.059228
v 0.234752 0.573083 0.081520
v 0.241547 0.582532 0.095833
v 0.249079 0.593006 0.100765
v 0.256611 0.603480 0.095833
v 0.263406 0.612929 0.081520
v 0.268799 0.620428 0.059228
v 0.272261 0.625242 0.031138
v 0.273454 0.626901 0.000000
v 0.245622 0.639899 -0.028273
v 0.242478 0.635528 -0.053778
v 0.237582 0.628719 -0.074019
v 0.231412 0.620140 -0.087015
v 0.224573 0.610629 -0.091493
v 0.217734 0.601119 -0.087015
v 0.211564 0.592540 -0.074019
v 0.206668 0.585731 -0.053778
v 0.203524 0.581360 -0.028273
v 0.202441 0.579854 0.000000
v 0.203524 0.581360 0.028273
v 0.206668 0.585731 0.053778
v 0.211564 0.592540 0.074019
v 0.217734 0.601119 0.087015
v 0.224573 0.610629 0.091493
v 0.231412 0.620140 0.087015
v 0.237582 0.628719 0.074019
v 0.242478 0.635528 0.053778
v 0.245622 0.639899 0.028273
v 0.246705 0.641405 0.000000
v 0.221115 0.651929 -0.024711
v 0.218367 0.648108 -0.047004
v 0.214088 0.642157 -0.064695
v 0.208695 0.634659 -0.076054
v 0.202718 0.626346 -0.079967
v 0.196740 0.618034 -0.076054
v 0.191348 0.610535 -0.064695
v 0.187068 0.604585 -0.047004
v 0.184320 0.600764 -0.024711
v 0.183374 0.599447 0.000000
v 0.184320 0.600764 0.024711
v 0.187068 0.604585 0.047004
v 0.191348 0.610535 0.064695
v 0.196740 0.618034 0.076054
v 0.202718 0.626346 0.079967
v 0.208695 0.634659 0.076054
v 0.214088 0.642157 0.064695
v 0.218367 0.648108 0.047004
v 0.221115 0.651929 0.024711
v 0.222062 0.653245 0.000000
v 0.199344 0.661035 -0.020541
v 0.197060 0.657859 -0.039072
v 0.193503 0.652913 -0.053778
v 0.189020 0.646679 -0.063220
v 0.184051 0.639770 -0.066473
v 0.179083 0.632860 -0.063220
v 0.174600 0.626627 -0.053778
v 0.171043 0.621680 -0.039072
v 0.168759 0.618504 -0.020541
v 0.167972 0.617410 0.000000
v 0.168759 0.618504 0.020541
v 0.171043 0.621680 0.039072
v 0.174600 0.626627 0.053778
v 0.179083 0.632860 0.063220
v 0.184051 0.639770 0.066473
v 0.189020 0.646679 0.063220
v 0.193503 0.652913 0.053778
v 0.197060 0.657859 0.039072
v 0.199344 0.661035 0.020541
v 0.200131 0.662130 0.000000
v 0.180846 0.666994 -0.015866
v 0.179082 0.664541 -0.030178
v 0.176334 0.660721 -0.041537
v 0.172872 0.655906 -0.048829
v 0.169034 0.650569 -0.051342
v 0.165196 0.645232 -0.048829
v 0.161734 0.640418 -0.041537
v 0.158986 0.636597 -0.030178
v 0.157222 0.634144 -0.015866
v 0.156614 0.633299 0.000000
v 0.157222 0.634144 0.015866
v 0.158986 0.636597 0.030178
v 0.161734 0.640418 0.041537
v 0.165196 0.645232 0.048829
v 0.169034 0.650569 0.051342
v 0.172872 0.655906 0.048829
v 0.176334 0.660721 0.041537
v 0.179082 0.664541 0.030178
v 0.180846 0.666994 0.015866
v 0.181454 0.667840 0.000000
v 0.166075 0.669659 -0.010799
v 0.164874 0.667989 -0.020541
v 0.163004 0.665389 -0.028273
v 0.160647 0.662111 -0.033237
v 0.158035 0.658479 -0.034947
v 0.155423 0.654846 -0.033237
v 0.153066 0.651569 -0.028273
v 0.151196 0.648969 -0.020541
v 0.149995 0.647299 -0.010799
v 0.149582 0.646724 0.000000
v 0.149995 0.647299 0.010799
v 0.151196 0.648969 0.020541
v 0.153066 0.651569 0.028273
v 0.155423 0.654846 0.033237
v 0.158035 0.658479 0.034947
v 0.160647 0.662111 0.033237
v 0.163004 0.665389 0.028273
v 0.164874 0.667989 0.020541
v 0.166075 0.669659 0.010799
v 0.166489 0.670234 0.000000
v 0.155396 0.668964 -0.005467
v 0.154788 0.668118 -0.010399
v 0.153841 0.666802 -0.014313
v 0.152648 0.665143 -0.016825
v 0.151326 0.663304 -0.017691
v 0.150003 0.661465 -0.016825
v 0.148810 0.659806 -0.014313
v 0.147863 0.658490 -0.010399
v 0.147255 0.657644 -0.005467
v 0.147046 0.657353 0.000000
v 0.147255 0.657644 0.005467
v 0.147863 0.658490 0.010399
v 0.148810 0.659806 0.014313
v 0.150003 0.661465 0.016825
v 0.151326 0.663304 0.017691
v 0.152648 0.665143 0.016825
v 0.153841 0.666802 0.014313
v 0.154788 0.668118 0.010399
v 0.155396 0.668964 0.005467
v 0.155605 0.669255 0.000000
v 0.515396 0.401490 0.000000
v 0.149071 0.664926 0.000000
v -0.517211 0.408771 -0.005467
v -0.516603 0.407926 -0.010399
v -0.515656 0.406609 -0.014313
v -0.514463 0.404950 -0.016825
v -0.513141 0.403111 -0.017691
v -0.511818 0.401272 -0.016825
v -0.510625 0.399613 -0.014313
v -0.509679 0.398297 -0.010399
v -0.509071 0.397452 -0.005467
v -0.508861 0.397160 0.000000
v -0.509071 0.397452 0.005467
v -0.509679 0.398297 0.010399
v -0.510625 0.399613 0.014313
v -0.511818 0.401272 0.016825
v -0.513141 0.403111 0.017691
v -0.514463 0.404950 0.016825
v -0.515656 0.406609 0.014313
v -0.516603 0.407926 0.010399
v -0.517211 0.408771 0.005467
v -0.517420 0.409062 0.000000
v -0.514471 0.419116 -0.010799
v -0.513270 0.417447 -0.020541
v -0.511400 0.414846 -0.028273
v -0.509043 0.411569 -0.033237
v -0.506431 0.407936 -0.034947
v -0.503819 0.404304 -0.033237
v -0.501462 0.401027 -0.028273
v -0.499592 0.398426 -0.020541
v -0.498391 0.396756 -0.010799
v -0.497977 0.396181 -0.000000
v -0.498391 0.396756 0.010799
v -0.499592 0.398426 0.020541
v -0.501462 0.401027 0.028273
v -0.503819 0.404304 0.033237
v -0.506431 0.407936 0.034947
v -0.509043 0.411569 0.033237
v -0.511400 0.414846 0.028273
v -0.513270 0.417447 0.020541
v -0.514471 0.419116 0.010799
v -0.514885 0.419692 -0.000000
v -0.507244 0.432271 -0.015866
v -0.505480 0.429818 -0.030178
v -0.502732 0.425997 -0.041537
v -0.499270 0.421183 -0.048829
v -0.495432 0.415846 -0.051342
v -0.491594 0.410509 -0.048829
v -0.488132 0.405695 -0.041537
v -0.485385 0.401874 -0.030178
v -0.483621 0.399421 -0.015866
v -0.483013 0.398576 -0.000000
v -0.483621 0.399421 0.015866
v -0.485385 0.401874 0.030178
v -0.488132 0.405695 0.041537
v -0.491594 0.410509 0.048829
v -0.495432 0.415846 0.051342
v -0.499270 0.421183 0.048829
v -0.502732 0.425997 0.041537
v -0.505480 0.429818 0.030178
v -0.507244 0.432271 0.015866
v -0.507852 0.433116 -0.000000
v -0.495708 0.447911 -0.020541
v -0.493424 0.444735 -0.039072
v -0.489866 0.439788 -0.053778
v -0.485384 0.433555 -0.063220
v -0.480415 0.426645 -0.066473
v -0.475446 0.419736 -0.063220
v -0.470963 0.413503 -0.053778
v -0.467406 0.408556 -0.039072
v -0.465122 0.405380 -0.020541
v -0.464335 0.404286 0.000000
v -0.465122 0.405380 0.020541
v -0.467406 0.408556 0.039072
v -0.470963 0.413503 0.053778
v -0.475446 0.419736 0.063220
v -0.480415 0.426645 0.066473
v -0.485384 0.433555 0.063220
v -0.489866 0.439788 0.053778
v -0.493424 0.444735 0.039072
v -0.495708 0.447911 0.020541
v -0.496495 0.449006 0.000000
v -0.480146 0.465652 -0.024711
v -0.477398 0.461831 -0.047004
v -0.473119 0.455880 -0.064695
v -0.467726 0.448381 -0.076054
v -0.461749 0.440069 -0.079967
v -0.455771 0.431757 -0.076054
v -0.450379 0.424258 -0.064695
v -0.446099 0.418307 -0.047004
v -0.443351 0.414486 -0.024711
v -0.442405 0.413170 -0.000000
v -0.443351 0.414486 0.024711
v -0.446099 0.418307 0.047004
v -0.450379 0.424258 0.064695
v -0.455771 0.431757 0.076054
v -0.461749 0.440069 0.079967
v -0.467726 0.448381 0.076054
v -0.473119 0.455880 0.064695
v -0.477398 0.461831 0.047004
v -0.480146 0.465652 0.024711
v -0.481093 0.466968 -0.000000
v -0.460942 0.485055 -0.028273
v -0.457799 0.480684 -0.053778
v -0.452902 0.473875 -0.074019
v -0.446733 0.465296 -0.087015
v -0.439893 0.455786 -0.091493
v -0.433054 0.446275 -0.087015
v -0.426885 0.437696 -0.074019
v -0.421988 0.430888 -0.053778
v -0.418845 0.426516 -0.028273
v -0.417761 0.425010 -0.000000
v -0.418845 0.426516 0.028273
v -0.421988 0.430888 0.053778
v -0.426885 0.437696 0.074019
v -0.433054 0.446275 0.087015
v -0.439893 0.455786 0.091493
v -0.446733 0.465296 0.087015
v -0.452902 0.473875 0.074019
v -0.457798 0.480684 0.053778
v -0.460942 0.485055 0.028273
v -0.462025 0.486562 0.000000
v -0.438569 0.505645 -0.031138
v -0.435107 0.500830 -0.059228
v -0.429714 0.493332 -0.081520
v -0.422919 0.483883 -0.095833
v -0.415387 0.473409 -0.100765
v -0.407855 0.462935 -0.095833
v -0.401060 0.453486 -0.081520
v -0.395668 0.445987 -0.059228
v -0.392205 0.441173 -0.031138
v -0.391012 0.439514 0.000000
v -0.392205 0.441173 0.031138
v -0.395668 0.445987 0.059228
v -0.401060 0.453486 0.081520
v -0.407855 0.462935 0.095833
v -0.415387 0.473409 0.100765
v -0.422919 0.483883 0.095833
v -0.429714 0.493332 0.081520
v -0.435107 0.500830 0.059228
v -0.438569 0.505645 0.031138
v -0.439762 0.507304 0.000000
v -0.413578 0.526913 -0.033237
v -0.409882 0.521774 -0.063220
v -0.404126 0.513770 -0.087015
v -0.396873 0.503685 -0.102292
v -0.388833 0.492504 -0.107556
v -0.380794 0.481325 -0.102292
v -0.373541 0.471239 -0.087015
v -0.367785 0.463235 -0.063220
v -0.364089 0.458096 -0.033237
v -0.362816 0.456325 -0.000000
v -0.364089 0.458096 0.033237
v -0.367785 0.463235 0.063220
v -0.373541 0.471239 0.087015
v -0.380794 0.481325 0.102292
v -0.388833 0.492504 0.107556
v -0.396873 0.503685 0.102292
v -0.404126 0.513770 0.087015
v -0.409882 0.521774 0.063220
v -0.413578 0.526913 0.033237
v -0.414851 0.528684 0.000000
v -0.386583 0.548336 -0.034517
v -0.382746 0.542999 -0.065655
v -0.376768 0.534687 -0.090366
v -0.369236 0.524213 -0.106232
v -0.360886 0.512602 -0.111699
v -0.352537 0.500992 -0.106232
v -0.345004 0.490518 -0.090366
v -0.339027 0.482205 -0.065655
v -0.335189 0.476869 -0.034517
v -0.333866 0.475030 -0.000000
v -0.335189 0.476869 0.034517
v -0.339027 0.482205 0.065655
v -0.345004 0.490518 0.090366
v -0.352537 0.500992 0.106232
v -0.360886 0.512602 0.111699
v -0.369236 0.524213 0.106232
v -0.376768 0.534687 0.090366
v -0.382745 0.542999 0.065655
v -0.386583 0.548336 0.034517
v -0.387906 0.550175 -0.000000
v -0.358251 0.569387 -0.034947
v -0.354365 0.563984 -0.066473
v -0.348313 0.555568 -0.091493
v -0.340687 0.544963 -0.107556
v -0.332233 0.533208 -0.113091
v -0.323779 0.521452 -0.107556
v -0.316153 0.510848 -0.091493
v -0.310101 0.502432 -0.066473
v -0.306215 0.497028 -0.034947
v -0.304877 0.495167 0.000000
v -0.306215 0.497028 0.034947
v -0.310101 0.502432 0.066473
v -0.316153 0.510848 0.091493
v -0.323780 0.521452 0.107556
v -0.332233 0.533208 0.113091
v -0.340687 0.544963 0.107556
v -0.348313 0.555568 0.091493
v -0.354365 0.563983 0.066473
v -0.358251 0.569387 0.034947
v -0.359590 0.571249 -0.000000
v -0.329277 0.589547 -0.034517
v -0.325440 0.584210 -0.065655
v -0.319462 0.575898 -0.090366
v -0.311930 0.565423 -0.106232
v -0.303580 0.553813 -0.111699
v -0.295231 0.542202 -0.106232
v -0.287698 0.531728 -0.090366
v -0.281721 0.523416 -0.065655
v -0.277883 0.518079 -0.034517
v -0.276560 0.516240 -0.000000
v -0.277883 0.518079 0.034517
v -0.281721 0.523416 0.065655
v -0.287698 0.531728 0.090366
v -0.295231 0.542202 0.106232
v -0.303580 0.553813 0.111699
v -0.311930 0.565423 0.106232
v -0.319462 0.575898 0.090366
v -0.325440 0.584210 0.065655
v -0.329277 0.589547 0.034517
v -0.330600 0.591386 0.000000
v -0.300377 0.608319 -0.033237
v -0.296682 0.603180 -0.063220
v -0.290926 0.595176 -0.087015
v -0.283673 0.585091 -0.102292
v -0.275633 0.573911 -0.107556
v -0.267593 0.562731 -0.102292
v -0.260340 0.552645 -0.087015
v -0.254584 0.544641 -0.063220
v -0.250889 0.539502 -0.033237
v -0.249615 0.537731 -0.000000
v -0.250889 0.539502 0.033237
v -0.254584 0.544641 0.063220
v -0.260340 0.552645 0.087015
v -0.267593 0.562731 0.102292
v -0.275633 0.573911 0.107556
v -0.283673 0.585091 0.102292
v -0.290926 0.595176 0.087015
v -0.296682 0.603180 0.063220
v -0.300377 0.608319 0.033237
v -0.301650 0.610090 0.000000
v -0.272261 0.625242 -0.031138
v -0.268799 0.620428 -0.059228
v -0.263406 0.612929 -0.081520
v -0.256611 0.603480 -0.095833
v -0.249079 0.593006 -0.100765
v -0.241547 0.582532 -0.095833
v -0.234752 0.573083 -0.081520
v -0.229359 0.565585 -0.059228
v -0.225897 0.560770 -0.031138
v -0.224704 0.559111 -0.000000
v -0.225897 0.560770 0.031138
v -0.229359 0.565585 0.059228
v -0.234752 0.573083 0.081520
v -0.241547 0.582532 0.095833
v -0.249079 0.593006 0.100765
v -0.256611 0.603480 0.095833
v -0.263406 0.612929 0.081520
v -0.268799 0.620428 0.059228
v -0.272261 0.625242 0.031138
v -0.273454 0.626901 0.000000
v -0.245622 0.639899 -0.028273
v -0.242478 0.635528 -0.053778
v -0.237582 0.628719 -0.074019
v -0.231412 0.620140 -0.087015
v -0.224573 0.610630 -0.091493
v -0.217734 0.601119 -0.087015
v -0.211564 0.592540 -0.074019
v -0.206668 0.585731 -0.053778
v -0.203524 0.581360 -0.028273
v -0.202441 0.579854 0.000000
v -0.203524 0.581360 0.028273
v -0.206668 0.585731 0.053778
v -0.211564 0.592540 0.074019
v -0.217734 0.601119 0.087015
v -0.224573 0.610630 0.091493
v -0.231412 0.620140 0.087015
v -0.237582 0.628719 0.074019
v -0.242478 0.635528 0.053778
v -0.245622 0.639899 0.028273
v -0.246705 0.641405 0.000000
v -0.221115 0.651929 -0.024711
v -0.218367 0.648108 -0.047004
v -0.214088 0.642157 -0.064695
v -0.208695 0.634659 -0.076054
v -0.202718 0.626346 -0.079967
v -0.196740 0.618034 -0.076054
v -0.191347 0.610535 -0.064695
v -0.187068 0.604585 -0.047004
v -0.184320 0.600764 -0.024711
v -0.183374 0.599447 0.000000
v -0.184320 0.600764 0.024711
v -0.187068 0.604585 0.047004
v -0.191347 0.610535 0.064695
v -0.196740 0.618034 0.076054
v -0.202718 0.626346 0.079967
v -0.208695 0.634659 0.076054
v -0.214088 0.642157 0.064695
v -0.218367 0.648108 0.047004
v -0.221115 0.651929 0.024711
v -0.222062 0.653245 0.000000
v -0.199344 0.661035 -0.020541
v -0.197060 0.657859 -0.039072
v -0.193503 0.652913 -0.053778
v -0.189020 0.646679 -0.063220
v -0.184051 0.639770 -0.066473
v -0.179083 0.632860 -0.063220
v -0.174600 0.626627 -0.053778
v -0.171043 0.621680 -0.039072
v -0.168759 0.618504 -0.020541
v -0.167972 0.617410 0.000000
v -0.168759 0.618504 0.020541
v -0.171043 0.621680 0.039072
v -0.174600 0.626627 0.053778
v -0.179083 0.632860 0.063220
v -0.184051 0.639770 0.066473
v -0.189020 0.646679 0.063220
v -0.193503 0.652913 0.053778
v -0.197060 0.657859 0.039072
v -0.199344 0.661035 0.020541
v -0.200131 0.662130 0.000000
v -0.180846 0.666994 -0.015866
v -0.179082 0.664541 -0.030178
v -0.176334 0.660721 -0.041537
v -0.172872 0.655906 -0.048829
v -0.169034 0.650569 -0.051342
v -0.165196 0.645232 -0.048829
v -0.161734 0.640418 -0.041537
v -0.158986 0.636597 -0.030178
v -0.157222 0.634144 -0.015866
v -0.156614 0.633299 0.000000
v -0.157222 0.634144 0.015866
v -0.158986 0.636597 0.030178
v -0.161734 0.640418 0.041537
v -0.165196 0.645232 0.048829
v -0.169034 0.650569 0.051342
v -0.172872 0.655906 0.048829
v -0.176334 0.660721 0.041537
v -0.179082 0.664541 0.030178
v -0.180846 0.666994 0.015866
v -0.181454 0.667840 0.000000
v -0.166075 0.669659 -0.010799
v -0.164874 0.667989 -0.020541
v -0.163004 0.665389 -0.028273
v -0.160647 0.662111 -0.033237
v -0.158035 0.658479 -0.034947
v -0.155423 0.654846 -0.033237
v -0.153066 0.651569 -0.028273
v -0.151196 0.648969 -0.020541
v -0.149995 0.647299 -0.010799
v -0.149582 0.646724 -0.000000
v -0.149995 0.647299 0.010799
v -0.151196 0.648969 0.020541
v -0.153066 0.651569 0.028273
v -0.155423 0.654846 0.033237
v -0.158035 0.658479 0.034947
v -0.160647 0.662111 0.033237
v -0.163004 0.665389 0.028273
v -0.164874 0.667989 0.020541
v -0.166075 0.669659 0.010799
v -0.166489 0.670234 0.000000
v -0.155396 0.668964 -0.005467
v -0.154788 0.668118 -0.010399
v -0.153841 0.666802 -0.014313
v -0.152648 0.665143 -0.016825
v -0.151326 0.663304 -0.017691
v -0.150003 0.661465 -0.016825
v -0.148810 0.659806 -0.014313
v -0.147863 0.658490 -0.010399
v -0.147255 0.657644 -0.005467
v -0.147046 0.657353 -0.000000
v -0.147255 0.657644 0.005467
v -0.147863 0.658490 0.010399
v -0.148810 0.659806 0.014313
v -0.150003 0.661465 0.016825
v -0.151326 0.663304 0.017691
v -0.152648 0.665143 0.016825
v -0.153841 0.666802 0.014313
v -0.154788 0.668118 0.010399
v -0.155396 0.668964 0.005467
v -0.155605 0.669255 -0.000000
v -0.515396 0.401490 0.000000
v -0.149071 0.664926 -0.000000
vt 0.000000 0.050000
vt 0.050000 0.050000
vt 0.100000 0.050000
vt 0.150000 0.050000
vt 0.200000 0.050000
vt 0.250000 0.050000
vt 0.300000 0.050000
vt 0.350000 0.050000
vt 0.400000 0.050000
vt 0.450000 0.050000
vt 0.500000 0.050000
vt 0.550000 0.050000
vt 0.600000 0.050000
vt 0.650000 0.050000
vt 0.700000 0.050000
vt 0.750000 0.050000
vt 0.800000 0.050000
vt 0.850000 0.050000
vt 0.900000 0.050000
vt 0.950000 0.050000
vt 1.000000 0.050000
vt 0.000000 0.100000
vt 0.050000 0.100000
vt 0.100000 0.100000
vt 0.150000 0.100000
vt 0.200000 0.100000
vt 0.250000 0.100000
vt 0.300000 0.100000
vt 0.350000 0.100000
vt 0.400000 0.100000
vt 0.450000 0.100000
vt 0.500000 0.100000
vt 0.550000 0.100000
vt 0.600000 0.100000
vt 0.650000 0.100000
vt 0.700000 0.100000
vt 0.750000 0.100000
vt 0.800000 0.100000
vt 0.850000 0.100000
vt 0.900000 0.100000
vt 0.950000 0.100000
vt 1.000000 0.100000
vt 0.000000 0.150000
vt 0.050000 0.150000
vt 0.100000 0.150000
vt 0.150000 0.150000
vt 0.200000 0.150000
vt 0.250000 0.150000
vt 0.300000 0.150000
vt 0.350000 0.150000
vt 0.400000 0.150000
vt 0.450000 0.150000
vt 0.500000 0.150000
vt 0.550000 0.150000
vt 0.600000 0.150000
vt 0.650000 0.150000
vt 0.700000 0.150000
vt 0.750000 0.150000
vt 0.800000 0.150000
vt 0.850000 0.150000
vt 0.900000 0.150000
vt 0.950000 0.150000
vt 1.000000 0.150000
vt 0.000000 0.200000
vt 0.050000 0.200000
vt 0.100000 0.200000
vt 0.150000 0.200000
vt 0.200000 0.200000
vt 0.250000 0.200000
vt 0.300000 0.200000
vt 0.350000 0.200000
vt 0.400000 0.200000
vt 0.450000 0.200000
vt 0.500000 0.200000
vt 0.550000 0.200000
vt 0.600000 0.200000
vt 0.650000 0.200000
vt 0.700000 0.200000
vt 0.750000 0.200000
vt 0.800000 0.200000
vt 0.850000 0.200000
vt 0.900000 0.200000
vt 0.950000 0.200000
vt 1.000000 0.200000
vt 0.000000 0.250000
vt 0.050000 0.250000
vt 0.100000 0.250000
vt 0.150000 0.250000
vt 0.200000 0.250000
vt 0.250000 0.250000
vt 0.300000 0.250000
vt 0.350000 0.250000
vt 0.400000 0.250000
vt 0.450000 0.250000
vt 0.500000 0.250000
vt 0.550000 0.250000
vt 0.600000 0.250000
vt 0.650000 0.250000
vt 0.700000 0.250000
vt 0.750000 0.250000
vt 0.800000 0.250000
vt 0.850000 0.250000
vt 0.900000 0.250000
vt 0.950000 0.250000
vt 1.000000 0.250000
vt 0.000000 0.300000
vt 0.050000 0.300000
vt 0.100000 0.300000
vt 0.150000 0.300000
vt 0.200000 0.300000
vt 0.250000 0.300000
vt 0.300000 0.300000
vt 0.350000 0.300000
vt 0.400000 0.300000
vt 0.450000 0.300000
vt 0.500000 0.300000
vt 0.550000 0.300000
vt 0.600000 0.300000
vt 0.650000 0.300000
vt 0.700000 0.300000
vt 0.750000 0.300000
vt 0.800000 0.300000
vt 0.850000 0.300000
vt 0.900000 0.300000
vt 0.950000 0.300000
vt 1.000000 0.300000
vt 0.000000 0.350000
vt 0.050000 0.350000
vt 0.100000 0.350000
vt 0.150000 0.350000
vt 0.200000 0.350000
vt 0.250000 0.350000
vt 0.300000 0.350000
vt 0.350000 0.350000
vt 0.400000 0.350000
vt 0.450000 0.350000
vt 0.500000 0.350000
vt 0.550000 0.350000
vt 0.600000 0.350000
vt 0.650000 0.350000
vt 0.700000 0.350000
vt 0.750000 0.350000
vt 0.800000 0.350000
vt 0.850000 0.350000
vt 0.900000 0.350000
vt 0.950000 0.350000
vt 1.000000 0.350000
vt 0.000000 0.400000
vt 0.050000 0.400000
vt 0.100000 0.400000
vt 0.150000 0.400000
vt 0.200000 0.400000
vt 0.250000 0.400000
vt 0.300000 0.400000
vt 0.350000 0.400000
vt 0.400000 0.400000
vt 0.450000 0.400000
vt 0.500000 0.400000
vt 0.550000 0.400000
vt 0.600000 0.400000
vt 0.650000 0.400000
vt 0.700000 0.400000
vt 0.750000 0.400000
vt 0.800000 0.400000
vt 0.850000 0.400000
vt 0.900000 0.400000
vt 0.950000 0.400000
vt 1.000000 0.400000
vt 0.000000 0.450000
vt 0.050000 0.450000
vt 0.100000 0.450000
vt 0.150000 0.450000
vt 0.200000 0.450000
vt 0.250000 0.450000
vt 0.300000 0.450000
vt 0.350000 0.450000
vt 0.400000 0.450000
vt 0.450000 0.450000
vt 0.500000 0.450000
vt 0.550000 0.450000
vt 0.600000 0.450000
vt 0.650000 0.450000
vt 0.700000 0.450000
vt 0.750000 0.450000
vt 0.800000 0.450000
vt 0.850000 0.450000
vt 0.900000 0.450000
vt 0.950000 0.450000
vt 1.000000 0.450000
vt 0.000000 0.500000
vt 0.050000 0.500000
vt 0.100000 0.500000
vt 0.150000 0.500000
vt 0.200000 0.500000
vt 0.250000 0.500000
vt 0.300000 0.500000
vt 0.350000 0.500000
vt 0.400000 0.500000
vt 0.450000 0.500000
vt 0.500000 0.500000
vt 0.550000 0.500000
vt 0.600000 0.500000
vt 0.650000 0.500000
vt 0.700000 0.500000
vt 0.750000 0.500000
vt 0.800000 0.500000
vt 0.850000 0.500000
vt 0.900000 0.500000
vt 0.950000 0.500000
vt 1.000000 0.500000
vt 0.000000 0.550000
vt 0.050000 0.550000
vt 0.100000 0.550000
vt 0.150000 0.550000
vt 0.200000 0.550000
vt 0.250000 0.550000
vt 0.300000 0.550000
vt 0.350000 0.550000
vt 0.400000 0.550000
vt 0.450000 0.550000
vt 0.500000 0.550000
vt 0.550000 0.550000
vt 0.600000 0.550000
vt 0.650000 0.550000
vt 0.700000 0.550000
vt 0.750000 0.550000
vt 0.800000 0.550000
vt 0.850000 0.550000
vt 0.900000 0.550000
vt 0.950000 0.550000
vt 1.000000 0.550000
vt 0.000000 0.600000
vt 0.050000 0.600000
vt 0.100000 0.600000
vt 0.150000 0.600000
vt 0.200000 0.600000
vt 0.250000 0.600000
vt 0.300000 0.600000
vt 0.350000 0.600000
vt 0.400000 0.600000
vt 0.450000 0.600000
vt 0.500000 0.600000
vt 0.550000 0.600000
vt 0.600000 0.600000
vt 0.650000 0.600000
vt 0.700000 0.600000
vt 0.750000 0.600000
vt 0.800000 0.600000
vt 0.850000 0.600000
vt 0.900000 0.600000
vt 0.950000 0.600000
vt 1.000000 0.600000
vt 0.000000 0.650000
vt 0.050000 0.650000
vt 0.100000 0.650000
vt 0.150000 0.650000
vt 0.200000 0.650000
vt 0.250000 0.650000
vt 0.300000 0.650000
vt 0.350000 0.650000
vt 0.400000 0.650000
vt 0.450000 0.650000
vt 0.500000 0.650000
vt 0.550000 0.650000
vt 0.600000 0.650000
vt 0.650000 0.650000
vt 0.700000 0.650000
vt 0.750000 0.650000
vt 0.800000 0.650000
vt 0.850000 0.650000
vt 0.900000 0.650000
vt 0.950000 0.650000
vt 1.000000 0.650000
vt 0.000000 0.700000
vt 0.050000 0.700000
vt 0.100000 0.700000
vt 0.150000 0.700000
vt 0.200000 0.700000
vt 0.250000 0.700000
vt 0.300000 0.700000
vt 0.350000 0.700000
vt 0.400000 0.700000
vt 0.450000 0.700000
vt 0.500000 0.700000
vt 0.550000 0.700000
vt 0.600000 0.700000
vt 0.650000 0.700000
vt 0.700000 0.700000
vt 0.750000 0.700000
vt 0.800000 0.700000
vt 0.850000 0.700000
vt 0.900000 0.700000
vt 0.950000 0.700000
vt 1.000000 0.700000
vt 0.000000 0.750000
vt 0.050000 0.750000
vt 0.100000 0.750000
vt 0.150000 0.750000
vt 0.200000 0.750000
vt 0.250000 0.750000
vt 0.300000 0.750000
vt 0.350000 0.750000
vt 0.400000 0.750000
vt 0.450000 0.750000
vt 0.500000 0.750000
vt 0.550000 0.750000
vt 0.600000 0.750000
vt 0.650000 0.750000
vt 0.700000 0.750000
vt 0.750000 0.750000
vt 0.800000 0.750000
vt 0.850000 0.750000
vt 0.900000 0.750000
vt 0.950000 0.750000
vt 1.000000 0.750000
vt 0.000000 0.800000
vt 0.050000 0.800000
vt 0.100000 0.800000
vt 0.150000 0.800000
vt 0.200000 0.800000
vt 0.250000 0.800000
vt 0.300000 0.800000
vt 0.350000 0.800000
vt 0.400000 0.800000
vt 0.450000 0.800000
vt 0.500000 0.800000
vt 0.550000 0.800000
vt 0.600000 0.800000
vt 0.650000 0.800000
vt 0.700000 0.800000
vt 0.750000 0.800000
vt 0.800000 0.800000
vt 0.850000 0.800000
vt 0.900000 0.800000
vt 0.950000 0.800000
vt 1.000000 0.800000
vt 0.000000 0.850000
vt 0.050000 0.850000
vt 0.100000 0.850000
vt 0.150000 0.850000
vt 0.200000 0.850000
vt 0.250000 0.850000
vt 0.300000 0.850000
vt 0.350000 0.850000
vt 0.400000 0.850000
vt 0.450000 0.850000
vt 0.500000 0.850000
vt 0.550000 0.850000
vt 0.600000 0.850000
vt 0.650000 0.850000
vt 0.700000 0.850000
vt 0.750000 0.850000
vt 0.800000 0.850000
vt 0.850000 0.850000
vt 0.900000 0.850000
vt 0.950000 0.850000
vt 1.000000 0.850000
vt 0.000000 0.900000
vt 0.050000 0.900000
vt 0.100000 0.900000
vt 0.150000 0.900000
vt 0.200000 0.900000
vt 0.250000 0.900000
vt 0.300000 0.900000
vt 0.350000 0.900000
vt 0.400000 0.900000
vt 0.450000 0.900000
vt 0.500000 0.900000
vt 0.550000 0.900000
vt 0.600000 0.900000
vt 0.650000 0.900000
vt 0.700000 0.900000
vt 0.750000 0.900000
vt 0.800000 0.900000
vt 0.850000 0.900000
vt 0.900000 0.900000
vt 0.950000 0.900000
vt 1.000000 0.900000
vt 0.000000 0.950000
vt 0.050000 0.950000
vt 0.100000 0.950000
vt 0.150000 0.950000
vt 0.200000 0.950000
vt 0.250000 0.950000
vt 0.300000 0.950000
vt 0.350000 0.950000
vt 0.400000 0.950000
vt 0.450000 0.950000
vt 0.500000 0.950000
vt 0.550000 0.950000
vt 0.600000 0.950000
vt 0.650000 0.950000
vt 0.700000 0.950000
vt 0.750000 0.950000
vt 0.800000 0.950000
vt 0.850000 0.950000
vt 0.900000 0.950000
vt 0.950000 0.950000
vt 1.000000 0.950000
vt 0.025000 0.000000
vt 0.075000 0.000000
vt 0.125000 0.000000
vt 0.175000 0.000000
vt 0.225000 0.000000
vt 0.275000 0.000000
vt 0.325000 0.000000
vt 0.375000 0.000000
vt 0.425000 0.000000
vt 0.475000 0.000000
vt 0.525000 0.000000
vt 0.575000 0.000000
vt 0.625000 0.000000
vt 0.675000 0.000000
vt 0.725000 0.000000
vt 0.775000 0.000000
vt 0.825000 0.000000
vt 0.875000 0.000000
vt 0.925000 0.000000
vt 0.975000 0.000000
vt 0.025000 1.000000
vt 0.075000 1.000000
vt 0.125000 1.000000
vt 0.175000 1.000000
vt 0.225000 1.000000
vt 0.275000 1.000000
vt 0.325000 1.000000
vt 0.375000 1.000000
vt 0.425000 1.000000
vt 0.475000 1.000000
vt 0.525000 1.000000
vt 0.575000 1.000000
vt 0.625000 1.000000
vt 0.675000 1.000000
vt 0.725000 1.000000
vt 0.775000 1.000000
vt 0.825000 1.000000
vt 0.875000 1.000000
vt 0.925000 1.000000
vt 0.975000 1.000000
vt 0.000000 0.050000
vt 0.050000 0.050000
vt 0.000000 0.100000
vt 0.050000 0.100000
vt 0.100000 0.050000
vt 0.100000 0.100000
vt 0.150000 0.050000
vt 0.150000 0.100000
vt 0.200000 0.050000
vt 0.200000 0.100000
vt 0.250000 0.050000
vt 0.250000 0.100000
vt 0.300000 0.050000
vt 0.300000 0.100000
vt 0.350000 0.050000
vt 0.350000 0.100000
vt 0.400000 0.050000
vt 0.400000 0.100000
vt 0.450000 0.050000
vt 0.450000 0.100000
vt 0.500000 0.050000
vt 0.500000 0.100000
vt 0.550000 0.050000
vt 0.550000 0.100000
vt 0.600000 0.050000
vt 0.600000 0.100000
vt 0.650000 0.050000
vt 0.650000 0.100000
vt 0.700000 0.050000
vt 0.700000 0.100000
vt 0.750000 0.050000
vt 0.750000 0.100000
vt 0.800000 0.050000
vt 0.800000 0.100000
vt 0.850000 0.050000
vt 0.850000 0.100000
vt 0.900000 0.050000
vt 0.900000 0.100000
vt 0.950000 0.050000
vt 0.950000 0.100000
vt 1.000000 0.050000
vt 1.000000 0.100000
vt 0.000000 0.150000
vt 0.050000 0.150000
vt 0.100000 0.150000
vt 0.150000 0.150000
vt 0.200000 0.150000
vt 0.250000 0.150000
vt 0.300000 0.150000
vt 0.350000 0.150000
vt 0.400000 0.150000
vt 0.450000 0.150000
vt 0.500000 0.150000
vt 0.550000 0.150000
vt 0.600000 0.150000
vt 0.650000 0.150000
vt 0.700000 0.150000
vt 0.750000 0.150000
vt 0.800000 0.150000
vt 0.850000 0.150000
vt 0.900000 0.150000
vt 0.950000 0.150000
vt 1.000000 0.150000
vt 0.000000 0.200000
vt 0.050000 0.200000
vt 0.100000 0.200000
vt 0.150000 0.200000
vt 0.200000 0.200000
vt 0.250000 0.200000
vt 0.300000 0.200000
vt 0.350000 0.200000
vt 0.400000 0.200000
vt 0.450000 0.200000
vt 0.500000 0.200000
vt 0.550000 0.200000
vt 0.600000 0.200000
vt 0.650000 0.200000
vt 0.700000 0.200000
vt 0.750000 0.200000
vt 0.800000 0.200000
vt 0.850000 0.200000
vt 0.900000 0.200000
vt 0.950000 0.200000
vt 1.000000 0.200000
vt 0.000000 0.250000
vt 0.050000 0.250000
vt 0.100000 0.250000
vt 0.150000 0.250000
vt 0.200000 0.250000
vt 0.250000 0.250000
vt 0.300000 0.250000
vt 0.350000 0.250000
vt 0.400000 0.250000
vt 0.450000 0.250000
vt 0.500000 0.250000
vt 0.550000 0.250000
vt 0.600000 0.250000
vt 0.650000 0.250000
vt 0.700000 0.250000
vt 0.750000 0.250000
vt 0.800000 0.250000
vt 0.850000 0.250000
vt 0.900000 0.250000
vt 0.950000 0.250000
vt 1.000000 0.250000
vt 0.000000 0.300000
vt 0.050000 0.300000
vt 0.100000 0.300000
vt 0.150000 0.300000
vt 0.200000 0.300000
vt 0.250000 0.300000
vt 0.300000 0.300000
vt 0.350000 0.300000
vt 0.400000 0.300000
vt 0.450000 0.300000
vt 0.500000 0.300000
vt 0.550000 0.300000
vt 0.600000 0.300000
vt 0.650000 0.300000
vt 0.700000 0.300000
vt 0.750000 0.300000
vt 0.800000 0.300000
vt 0.850000 0.300000
vt 0.900000 0.300000
vt 0.950000 0.300000
vt 1.000000 0.300000
vt 0.000000 0.350000
vt 0.050000 0.350000
vt 0.100000 0.350000
vt 0.150000 0.350000
vt 0.200000 0.350000
vt 0.250000 0.350000
vt 0.300000 0.350000
vt 0.350000 0.350000
vt 0.400000 0.350000
vt 0.450000 0.350000
vt 0.500000 0.350000
vt 0.550000 0.350000
vt 0.600000 0.350000
vt 0.650000 0.350000
vt 0.700000 0.350000
vt 0.750000 0.350000
vt 0.800000 0.350000
vt 0.850000 0.350000
vt 0.900000 0.350000
vt 0.950000 0.350000
vt 1.000000 0.350000
vt 0.000000 0.400000
vt 0.050000 0.400000
vt 0.100000 0.400000
vt 0.150000 0.400000
vt 0.200000 0.400000
vt 0.250000 0.400000
vt 0.300000 0.400000
vt 0.350000 0.400000
vt 0.400000 0.400000
vt 0.450000 0.400000
vt 0.500000 0.400000
vt 0.550000 0.400000
vt 0.600000 0.400000
vt 0.650000 0.400000
vt 0.700000 0.400000
vt 0.750000 0.400000
vt 0.800000 0.400000
vt 0.850000 0.400000
vt 0.900000 0.400000
vt 0.950000 0.400000
vt 1.000000 0.400000
vt 0.000000 0.450000
vt 0.050000 0.450000
vt 0.100000 0.450000
vt 0.150000 0.450000
vt 0.200000 0.450000
vt 0.250000 0.450000
vt 0.300000 0.450000
vt 0.350000 0.450000
vt 0.400000 0.450000
vt 0.450000 0.450000
vt 0.500000 0.450000
vt 0.550000 0.450000
vt 0.600000 0.450000
vt 0.650000 0.450000
vt 0.700000 0.450000
vt 0.750000 0.450000
vt 0.800000 0.450000
vt 0.850000 0.450000
vt 0.900000 0.450000
vt 0.950000 0.450000
vt 1.000000 0.450000
vt 0.000000 0.500000
vt 0.050000 0.500000
vt 0.100000 0.500000
vt 0.150000 0.500000
vt 0.200000 0.500000
vt 0.250000 0.500000
vt 0.300000 0.500000
vt 0.350000 0.500000
vt 0.400000 0.500000
vt 0.450000 0.500000
vt 0.500000 0.500000
vt 0.550000 0.500000
vt 0.600000 0.500000
vt 0.650000 0.500000
vt 0.700000 0.500000
vt 0.750000 0.500000
vt 0.800000 0.500000
vt 0.850000 0.500000
vt 0.900000 0.500000
vt 0.950000 0.500000
vt 1.000000 0.500000
vt 0.000000 0.550000
vt 0.050000 0.550000
vt 0.100000 0.550000
vt 0.150000 0.550000
vt 0.200000 0.550000
vt 0.250000 0.550000
vt 0.300000 0.550000
vt 0.350000 0.550000
vt 0.400000 0.550000
vt 0.450000 0.550000
vt 0.500000 0.550000
vt 0.550000 0.550000
vt 0.600000 0.550000
vt 0.650000 0.550000
vt 0.700000 0.550000
vt 0.750000 0.550000
vt 0.800000 0.550000
vt 0.850000 0.550000
vt 0.900000 0.550000
vt 0.950000 0.550000
vt 1.000000 0.550000
vt 0.000000 0.600000
vt 0.050000 0.600000
vt 0.100000 0.600000
vt 0.150000 0.600000
vt 0.200000 0.600000
vt 0.250000 0.600000
vt 0.300000 0.600000
vt 0.350000 0.600000
vt 0.400000 0.600000
vt 0.450000 0.600000
vt 0.500000 0.600000
vt 0.550000 0.600000
vt 0.600000 0.600000
vt 0.650000 0.600000
vt 0.700000 0.600000
vt 0.750000 0.600000
vt 0.800000 0.600000
vt 0.850000 0.600000
vt 0.900000 0.600000
vt 0.950000 0.600000
vt 1.000000 0.600000
vt 0.000000 0.650000
vt 0.050000 0.650000
vt 0.100000 0.650000
vt 0.150000 0.650000
vt 0.200000 0.650000
vt 0.250000 0.650000
vt 0.300000 0.650000
vt 0.350000 0.650000
vt 0.400000 0.650000
vt 0.450000 0.650000
vt 0.500000 0.650000
vt 0.550000 0.650000
vt 0.600000 0.650000
vt 0.650000 0.650000
vt 0.700000 0.650000
vt 0.750000 0.650000
vt 0.800000 0.650000
vt 0.850000 0.650000
vt 0.900000 0.650000
vt 0.950000 0.650000
vt 1.000000 0.650000
vt 0.000000 0.700000
vt 0.050000 0.700000
vt 0.100000 0.700000
vt 0.150000 0.700000
vt 0.200000 0.700000
vt 0.250000 0.700000
vt 0.300000 0.700000
vt 0.350000 0.700000
vt 0.400000 0.700000
vt 0.450000 0.700000
vt 0.500000 0.700000
vt 0.550000 0.700000
vt 0.600000 0.700000
vt 0.650000 0.700000
vt 0.700000 0.700000
vt 0.750000 0.700000
vt 0.800000 0.700000
vt 0.850000 0.700000
vt 0.900000 0.700000
vt 0.950000 0.700000
vt 1.000000 0.700000
vt 0.000000 0.750000
vt 0.050000 0.750000
vt 0.100000 0.750000
vt 0.150000 0.750000
vt 0.200000 0.750000
vt 0.250000 0.750000
vt 0.300000 0.750000
vt 0.350000 0.750000
vt 0.400000 0.750000
vt 0.450000 0.750000
vt 0.500000 0.750000
vt 0.550000 0.750000
vt 0.600000 0.750000
vt 0.650000 0.750000
vt 0.700000 0.750000
vt 0.750000 0.750000
vt 0.800000 0.750000
vt 0.850000 0.750000
vt 0.900000 0.750000
vt 0.950000 0.750000
vt 1.000000 0.750000
vt 0.000000 0.800000
vt 0.050000 0.800000
vt 0.100000 0.800000
vt 0.150000 0.800000
vt 0.200000 0.800000
vt 0.250000 0.800000
vt 0.300000 0.800000
vt 0.350000 0.800000
vt 0.400000 0.800000
vt 0.450000 0.800000
vt 0.500000 0.800000
vt 0.550000 0.800000
vt 0.600000 0.800000
vt 0.650000 0.800000
vt 0.700000 0.800000
vt 0.750000 0.800000
vt 0.800000 0.800000
vt 0.850000 0.800000
vt 0.900000 0.800000
vt 0.950000 0.800000
vt 1.000000 0.800000
vt 0.000000 0.850000
vt 0.050000 0.850000
vt 0.100000 0.850000
vt 0.150000 0.850000
vt 0.200000 0.850000
vt 0.250000 0.850000
vt 0.300000 0.850000
vt 0.350000 0.850000
vt 0.400000 0.850000
vt 0.450000 0.850000
vt 0.500000 0.850000
vt 0.550000 0.850000
vt 0.600000 0.850000
vt 0.650000 0.850000
vt 0.700000 0.850000
vt 0.750000 0.850000
vt 0.800000 0.850000
vt 0.850000 0.850000
vt 0.900000 0.850000
vt 0.950000 0.850000
vt 1.000000 0.850000
vt 0.000000 0.900000
vt 0.050000 0.900000
vt 0.100000 0.900000
vt 0.150000 0.900000
vt 0.200000 0.900000
vt 0.250000 0.900000
vt 0.300000 0.900000
vt 0.350000 0.900000
vt 0.400000 0.900000
vt 0.450000 0.900000
vt 0.500000 0.900000
vt 0.550000 0.900000
vt 0.600000 0.900000
vt 0.650000 0.900000
vt 0.700000 0.900000
vt 0.750000 0.900000
vt 0.800000 0.900000
vt 0.850000 0.900000
vt 0.900000 0.900000
vt 0.950000 0.900000
vt 1.000000 0.900000
vt 0.000000 0.950000
vt 0.050000 0.950000
vt 0.100000 0.950000
vt 0.150000 0.950000
vt 0.200000 0.950000
vt 0.250000 0.950000
vt 0.300000 0.950000
vt 0.350000 0.950000
vt 0.400000 0.950000
vt 0.450000 0.950000
vt 0.500000 0.950000
vt 0.550000 0.950000
vt 0.600000 0.950000
vt 0.650000 0.950000
vt 0.700000 0.950000
vt 0.750000 0.950000
vt 0.800000 0.950000
vt 0.850000 0.950000
vt 0.900000 0.950000
vt 0.950000 0.950000
vt 1.000000 0.950000
vt 0.025000 0.000000
vt 0.075000 0.000000
vt 0.125000 0.000000
vt 0.175000 0.000000
vt 0.225000 0.000000
vt 0.275000 0.000000
vt 0.325000 0.000000
vt 0.375000 0.000000
vt 0.425000 0.000000
vt 0.475000 0.000000
vt 0.525000 0.000000
vt 0.575000 0.000000
vt 0.625000 0.000000
vt 0.675000 0.000000
vt 0.725000 0.000000
vt 0.775000 0.000000
vt 0.825000 0.000000
vt 0.875000 0.000000
vt 0.925000 0.000000
vt 0.975000 0.000000
vt 0.025000 1.000000
vt 0.075000 1.000000
vt 0.125000 1.000000
vt 0.175000 1.000000
vt 0.225000 1.000000
vt 0.275000 1.000000
vt 0.325000 1.000000
vt 0.375000 1.000000
vt 0.425000 1.000000
vt 0.475000 1.000000
vt 0.525000 1.000000
vt 0.575000 1.000000
vt 0.625000 1.000000
vt 0.675000 1.000000
vt 0.725000 1.000000
vt 0.775000 1.000000
vt 0.825000 1.000000
vt 0.875000 1.000000
vt 0.925000 1.000000
vt 0.975000 1.000000
vn 0.995782 0.047815 -0.078300
vn 0.986655 -0.025328 -0.160840
vn 0.923930 0.367114 -0.107617
vn 0.928669 0.292456 -0.228130
vn 0.958824 -0.154139 -0.238533
vn 0.921579 0.140847 -0.361737
vn 0.893367 -0.334905 -0.299556
vn 0.861138 -0.120280 -0.493937
vn 0.776036 -0.540294 -0.325348
vn 0.682470 -0.468414 -0.561091
vn 0.620673 -0.722420 -0.304752
vn 0.411133 -0.759903 -0.503506
vn 0.467316 -0.848930 -0.246848
vn 0.175819 -0.910783 -0.373581
vn 0.348902 -0.921554 -0.170313
vn 0.027358 -0.970629 -0.239022
vn 0.276934 -0.956848 -0.088028
vn -0.049985 -0.991817 -0.117476
vn 0.251526 -0.967838 -0.004862
vn -0.074846 -0.997184 -0.004744
vn 0.271589 -0.959222 0.078312
vn -0.053974 -0.992727 0.107614
vn 0.338028 -0.927293 0.160827
vn 0.018306 -0.973459 0.228127
vn 0.451271 -0.859917 0.238530
vn 0.159785 -0.918483 0.361742
vn 0.601816 -0.740327 0.299557
vn 0.388094 -0.778080 0.493938
vn 0.759187 -0.563722 0.325348
vn 0.661258 -0.497909 0.561092
vn 0.882391 -0.358486 0.304753
vn 0.851241 -0.147901 0.503502
vn 0.953513 -0.172851 0.246852
vn 0.919381 0.123201 0.373578
vn 0.984677 -0.037458 0.170320
vn 0.928865 0.282978 0.239024
vn 0.995233 0.042000 0.088021
vn 0.924339 0.363038 0.117479
vn 0.997565 0.069580 0.004865
vn 0.921514 0.388317 0.004746
vn 0.844123 0.522816 -0.118831
vn 0.850320 0.459930 -0.255774
vn 0.848156 0.321275 -0.421206
vn 0.790258 0.044466 -0.611158
vn 0.571806 -0.387287 -0.723220
vn 0.231646 -0.746439 -0.623834
vn -0.021631 -0.900549 -0.434216
vn -0.158842 -0.950686 -0.266392
vn -0.224248 -0.966103 -0.127894
vn -0.244338 -0.969681 -0.004285
vn -0.226981 -0.966622 0.118831
vn -0.165393 -0.952485 0.255770
vn -0.034632 -0.906303 0.421207
vn 0.209361 -0.763314 0.611163
vn 0.549137 -0.418810 0.723220
vn 0.781352 0.017969 0.623831
vn 0.846839 0.307117 0.434215
vn 0.850700 0.453148 0.266394
vn 0.844501 0.520058 0.127896
vn 0.841497 0.540244 0.004284
vn 0.782430 0.610225 -0.124214
vn 0.785661 0.557114 -0.269000
vn 0.779299 0.434269 -0.451777
vn 0.714182 0.164180 -0.680433
vn 0.464563 -0.311555 -0.828924
vn 0.090455 -0.714450 -0.693815
vn -0.154004 -0.872338 -0.464015
vn -0.273559 -0.920692 -0.278372
vn -0.327643 -0.935536 -0.131994
vn -0.343799 -0.939036 -0.003649
vn -0.329478 -0.935957 0.124214
vn -0.278102 -0.922118 0.268994
vn -0.163666 -0.876988 0.451780
vn 0.071653 -0.729300 0.680432
vn 0.443202 -0.341259 0.828924
vn 0.706089 0.141629 0.693816
vn 0.777965 0.423629 0.464014
vn 0.785756 0.552354 0.278376
vn 0.782615 0.608351 0.131996
vn 0.780790 0.624784 0.003648
vn 0.734704 0.666332 -0.127321
vn 0.734006 0.620391 -0.276316
vn 0.720565 0.510660 -0.469055
vn 0.643416 0.252752 -0.722587
vn 0.367720 -0.244862 -0.897120
vn -0.020097 -0.677801 -0.734971
vn -0.247875 -0.841744 -0.479609
vn -0.351436 -0.892060 -0.284116
vn -0.396633 -0.908189 -0.133701
vn -0.409864 -0.912142 -0.002979
vn -0.397858 -0.908570 0.127320
vn -0.354530 -0.893286 0.276313
vn -0.254778 -0.845620 0.469058
vn -0.034834 -0.690400 0.722589
vn 0.349164 -0.270664 0.897120
vn 0.636162 0.234773 0.734969
vn 0.719087 0.502884 0.479606
vn 0.733828 0.617068 0.284120
vn 0.734732 0.665051 0.133700
vn 0.734271 0.678850 0.002982
vn 0.696030 0.706265 -0.129353
vn 0.691363 0.665703 -0.280815
vn 0.670194 0.566402 -0.479613
vn 0.579368 0.321042 -0.749176
vn 0.281505 -0.186531 -0.941255
vn -0.109030 -0.641164 -0.759619
vn -0.318903 -0.812425 -0.488126
vn -0.409004 -0.866230 -0.286986
vn -0.447221 -0.884275 -0.134353
vn -0.458217 -0.888837 -0.002330
vn -0.448020 -0.884617 0.129350
vn -0.411056 -0.867281 0.280814
vn -0.323657 -0.815609 0.479613
vn -0.119961 -0.651419 0.749175
vn 0.266421 -0.207507 0.941255
vn 0.573126 0.307422 0.759618
vn 0.668688 0.560880 0.488129
vn 0.691021 0.663422 0.286987
vn 0.695962 0.705397 0.134353
vn 0.696788 0.717273 0.002332
vn 0.663049 0.737060 -0.130796
vn 0.654555 0.700728 -0.283793
vn 0.625660 0.609882 -0.486408
vn 0.520813 0.376176 -0.766320
vn 0.203951 -0.134678 -0.969673
vn -0.183285 -0.605618 -0.774360
vn -0.375948 -0.784743 -0.492789
vn -0.454680 -0.842682 -0.288361
vn -0.487218 -0.862864 -0.134481
vn -0.496429 -0.868076 -0.001713
vn -0.487714 -0.863150 0.130796
vn -0.455975 -0.843533 0.283795
vn -0.379047 -0.787229 0.486410
vn -0.190863 -0.613453 0.766320
vn 0.192587 -0.150480 0.969673
vn 0.515795 0.366494 0.774363
vn 0.624291 0.606152 0.492788
vn 0.654159 0.699232 0.288359
vn 0.662934 0.736501 0.134480
vn 0.664944 0.746891 0.001714
vn 0.633507 0.762414 -0.131886
vn 0.621314 0.729560 -0.285852
vn 0.584800 0.645790 -0.490880
vn 0.465966 0.422699 -0.777304
vn 0.132653 -0.087406 -0.987301
vn -0.247735 -0.570922 -0.782736
vn -0.424281 -0.758185 -0.495118
vn -0.493154 -0.820584 -0.288862
vn -0.520876 -0.843000 -0.134309
vn -0.528591 -0.848876 -0.001125
vn -0.521151 -0.843213 0.131888
vn -0.493884 -0.821198 0.285852
vn -0.426092 -0.759923 0.490879
vn -0.252420 -0.576264 0.777306
vn 0.125079 -0.097938 0.987301
vn 0.462393 0.416557 0.782735
vn 0.583728 0.643523 0.495116
vn 0.620964 0.728671 0.288862
vn 0.633394 0.762085 0.134310
vn 0.636509 0.771269 0.001127
vn 0.605795 0.784469 -0.132742
vn 0.589951 0.754602 -0.287287
vn 0.545829 0.676964 -0.493752
vn 0.413040 0.463616 -0.783874
vn 0.065358 -0.043010 -0.996935
vn -0.305874 -0.536372 -0.786604
vn -0.467250 -0.731981 -0.495864
vn -0.527296 -0.799102 -0.288781
vn -0.550763 -0.823845 -0.133941
vn -0.557170 -0.830399 -0.000558
vn -0.550877 -0.823963 0.132742
vn -0.527606 -0.799437 0.287286
vn -0.468047 -0.732898 0.493753
vn -0.308054 -0.539115 0.783873
vn 0.061575 -0.048269 0.996935
vn 0.411134 0.460676 0.786605
vn 0.545212 0.675917 0.495863
vn 0.589735 0.754200 0.288782
vn 0.605723 0.784321 0.133942
vn 0.609894 0.792483 0.000558
vn 0.578620 0.804611 -0.133418
vn 0.559059 0.777411 -0.288247
vn 0.507167 0.705252 -0.495380
vn 0.360281 0.500997 -0.786892
vn -0.000002 -0.000003 -1.000000
vn -0.360283 -0.500997 -0.786892
vn -0.507170 -0.705252 -0.495377
vn -0.559061 -0.777409 -0.288246
vn -0.578621 -0.804610 -0.133418
vn -0.583840 -0.811869 -0.000001
vn -0.578621 -0.804610 0.133419
vn -0.559061 -0.777409 0.288247
vn -0.507170 -0.705251 0.495379
vn -0.360283 -0.500998 0.786891
vn -0.000002 -0.000002 1.000000
vn 0.360283 0.501000 0.786889
vn 0.507168 0.705252 0.495379
vn 0.559059 0.777410 0.288248
vn 0.578620 0.804611 0.133417
vn 0.583841 0.811868 0.000000
vn 0.550762 0.823845 -0.133943
vn 0.527296 0.799102 -0.288782
vn 0.467250 0.731980 -0.495865
vn 0.305873 0.536370 -0.786606
vn -0.065356 0.043012 -0.996935
vn -0.413042 -0.463616 -0.783873
vn -0.545831 -0.676963 -0.493752
vn -0.589951 -0.754601 -0.287288
vn -0.605796 -0.784468 -0.132743
vn -0.609894 -0.792483 0.000557
vn -0.605722 -0.784322 0.133944
vn -0.589733 -0.754201 0.288782
vn -0.545212 -0.675917 0.495864
vn -0.411135 -0.460676 0.786604
vn -0.061573 0.048272 0.996935
vn 0.308053 0.539114 0.783874
vn 0.468047 0.732897 0.493755
vn 0.527605 0.799436 0.287288
vn 0.550875 0.823963 0.132743
vn 0.557171 0.830397 -0.000557
vn 0.520876 0.843000 -0.134309
vn 0.493154 0.820584 -0.288862
vn 0.424281 0.758183 -0.495120
vn 0.247738 0.570925 -0.782733
vn -0.132654 0.087405 -0.987301
vn -0.465966 -0.422698 -0.777304
vn -0.584800 -0.645791 -0.490880
vn -0.621314 -0.729560 -0.285852
vn -0.633507 -0.762413 -0.131888
vn -0.636509 -0.771268 0.001126
vn -0.633393 -0.762086 0.134309
vn -0.620964 -0.728672 0.288861
vn -0.583729 -0.643521 0.495117
vn -0.462391 -0.416555 0.782737
vn -0.125079 0.097938 0.987301
vn 0.252423 0.576267 0.777302
vn 0.426093 0.759921 0.490881
vn 0.493885 0.821198 0.285850
vn 0.521150 0.843213 0.131890
vn 0.528588 0.848878 -0.001125
vn 0.487219 0.862863 -0.134478
vn 0.454680 0.842682 -0.288363
vn 0.375949 0.784743 -0.492789
vn 0.183282 0.605617 -0.774362
vn -0.203949 0.134681 -0.969673
vn -0.520812 -0.376178 -0.766319
vn -0.625660 -0.609883 -0.486409
vn -0.654555 -0.700728 -0.283793
vn -0.663049 -0.737061 -0.130798
vn -0.664946 -0.746889 0.001714
vn -0.662935 -0.736500 0.134480
vn -0.654160 -0.699229 0.288362
vn -0.624290 -0.606152 0.492789
vn -0.515795 -0.366498 0.774361
vn -0.192585 0.150482 0.969673
vn 0.190860 0.613452 0.766322
vn 0.379047 0.787229 0.486409
vn 0.455975 0.843533 0.283794
vn 0.487715 0.863149 0.130797
vn 0.496427 0.868077 -0.001714
vn 0.447224 0.884274 -0.134350
vn 0.409005 0.866229 -0.286987
vn 0.318900 0.812423 -0.488131
vn 0.109033 0.641164 -0.759618
vn -0.281508 0.186528 -0.941255
vn -0.579368 -0.321045 -0.749175
vn -0.670193 -0.566405 -0.479611
vn -0.691362 -0.665704 -0.280814
vn -0.696032 -0.706263 -0.129351
vn -0.696788 -0.717274 0.002330
vn -0.695962 -0.705398 0.134353
vn -0.691020 -0.663423 0.286987
vn -0.668687 -0.560884 0.488126
vn -0.573125 -0.307421 0.759618
vn -0.266423 0.207504 0.941255
vn 0.119960 0.651417 0.749176
vn 0.323655 0.815608 0.479615
vn 0.411058 0.867279 0.280816
vn 0.448023 0.884616 0.129348
vn 0.458218 0.888837 -0.002331
vn 0.396635 0.908188 -0.133696
vn 0.351432 0.892060 -0.284120
vn 0.247879 0.841745 -0.479606
vn 0.020095 0.677799 -0.734973
vn -0.367718 0.244864 -0.897120
vn -0.643416 -0.252752 -0.722587
vn -0.720565 -0.510661 -0.469053
vn -0.734005 -0.620393 -0.276313
vn -0.734705 -0.666332 -0.127320
vn -0.734269 -0.678852 0.002978
vn -0.734734 -0.665048 0.133703
vn -0.733827 -0.617071 0.284116
vn -0.719087 -0.502884 0.479605
vn -0.636162 -0.234772 0.734969
vn -0.349163 0.270667 0.897120
vn 0.034835 0.690399 0.722589
vn 0.254778 0.845619 0.469059
vn 0.354527 0.893287 0.276313
vn 0.397857 0.908570 0.127317
vn 0.409864 0.912142 -0.002979
vn 0.327641 0.935537 -0.131995
vn 0.273553 0.920693 -0.278376
vn 0.154003 0.872338 -0.464014
vn -0.090459 0.714446 -0.693819
vn -0.464565 0.311549 -0.828925
vn -0.714183 -0.164181 -0.680431
vn -0.779299 -0.434268 -0.451779
vn -0.785661 -0.557117 -0.268994
vn -0.782430 -0.610225 -0.124214
vn -0.780791 -0.624781 0.003649
vn -0.782615 -0.608351 0.131995
vn -0.785755 -0.552357 0.278370
vn -0.777966 -0.423626 0.464015
vn -0.706089 -0.141629 0.693815
vn -0.443205 0.341252 0.828925
vn -0.071655 0.729296 0.680435
vn 0.163667 0.876988 0.451781
vn 0.278100 0.922119 0.268994
vn 0.329476 0.935957 0.124213
vn 0.343802 0.939035 -0.003644
vn 0.224243 0.966104 -0.127899
vn 0.158845 0.950687 -0.266389
vn 0.021638 0.900551 -0.434211
vn -0.231642 0.746442 -0.623832
vn -0.571804 0.387291 -0.723219
vn -0.790257 -0.044463 -0.611161
vn -0.848156 -0.321274 -0.421207
vn -0.850321 -0.459932 -0.255767
vn -0.844122 -0.522817 -0.118831
vn -0.841498 -0.540243 0.004286
vn -0.844500 -0.520061 0.127893
vn -0.850701 -0.453149 0.266391
vn -0.846839 -0.307118 0.434215
vn -0.781351 -0.017965 0.623833
vn -0.549136 0.418811 0.723220
vn -0.209356 0.763318 0.611160
vn 0.034637 0.906305 0.421202
vn 0.165394 0.952485 0.255767
vn 0.226982 0.966622 0.118834
vn 0.244339 0.969680 -0.004282
vn 0.049983 0.991816 -0.117481
vn -0.027354 0.970629 -0.239021
vn -0.175822 0.910782 -0.373581
vn -0.411135 0.759902 -0.503504
vn -0.682471 0.468412 -0.561091
vn -0.861136 0.120283 -0.493940
vn -0.921580 -0.140846 -0.361735
vn -0.928668 -0.292462 -0.228127
vn -0.923929 -0.367116 -0.107615
vn -0.921512 -0.388320 0.004743
vn -0.924337 -0.363043 0.117476
vn -0.928865 -0.282981 0.239022
vn -0.919381 -0.123194 0.373578
vn -0.851240 0.147901 0.503503
vn -0.661257 0.497913 0.561090
vn -0.388096 0.778079 0.493938
vn -0.159784 0.918484 0.361741
vn -0.018304 0.973459 0.228129
vn 0.053973 0.992726 0.107618
vn 0.074847 0.997184 -0.004743
vn -0.276933 0.956849 -0.088027
vn -0.348898 0.921555 -0.170312
vn -0.467324 0.848924 -0.246852
vn -0.620675 0.722418 -0.304753
vn -0.776037 0.540292 -0.325347
vn -0.893370 0.334899 -0.299553
vn -0.958823 0.154141 -0.238536
vn -0.986655 0.025340 -0.160838
vn -0.995782 -0.047817 -0.078305
vn -0.997565 -0.069572 0.004866
vn -0.995233 -0.042002 0.088017
vn -0.984676 0.037474 0.170320
vn -0.953512 0.172854 0.246854
vn -0.882392 0.358482 0.304753
vn -0.759191 0.563718 0.325347
vn -0.601816 0.740326 0.299558
vn -0.451277 0.859914 0.238531
vn -0.338028 0.927293 0.160828
vn -0.271589 0.959222 0.078310
vn -0.251531 0.967837 -0.004861
vn 0.811867 -0.583842 0.000000
vn -0.811868 0.583841 -0.000000
vn -0.996542 0.029758 -0.077574
vn -0.927937 0.356254 -0.109615
vn -0.986441 -0.042135 -0.158617
vn -0.932108 0.279216 -0.230680
vn -0.956821 -0.168571 -0.236806
vn -0.922414 0.123511 -0.365920
vn -0.885939 -0.349227 -0.305208
vn -0.852336 -0.144797 -0.502550
vn -0.750076 -0.569725 -0.335856
vn -0.654076 -0.503917 -0.564139
vn -0.591073 -0.752711 -0.289930
vn -0.397141 -0.781514 -0.481160
vn -0.464002 -0.857518 -0.222181
vn -0.186478 -0.915738 -0.355878
vn -0.365984 -0.917887 -0.153428
vn -0.044204 -0.972101 -0.230360
vn -0.300825 -0.950173 -0.081701
vn 0.033460 -0.992911 -0.114058
vn -0.271372 -0.962460 -0.005367
vn 0.059862 -0.998199 -0.003887
vn -0.286221 -0.955365 0.073182
vn 0.038425 -0.993521 0.106952
vn -0.348606 -0.925245 0.149650
vn -0.036703 -0.973692 0.224894
vn -0.452904 -0.863540 0.221761
vn -0.178996 -0.918480 0.352639
vn -0.585878 -0.756880 0.289620
vn -0.391622 -0.785023 0.479969
vn -0.745822 -0.575687 0.335162
vn -0.649798 -0.509363 0.564192
vn -0.881842 -0.358756 0.306021
vn -0.849424 -0.152713 0.505132
vn -0.953990 -0.179939 0.239845
vn -0.921556 0.116166 0.370459
vn -0.985106 -0.052332 0.163792
vn -0.932302 0.274089 0.235984
vn -0.996161 0.023704 0.084272
vn -0.928257 0.353663 0.115160
vn -0.998698 0.050886 0.003629
vn -0.925569 0.378568 0.002801
vn -0.847440 0.516782 -0.121583
vn -0.853500 0.451692 -0.259831
vn -0.849572 0.308279 -0.428010
vn -0.782544 0.021267 -0.622232
vn -0.547612 -0.421372 -0.722888
vn -0.225684 -0.764748 -0.603512
vn 0.013993 -0.906485 -0.422007
vn 0.149288 -0.953877 -0.260446
vn 0.214935 -0.968613 -0.124867
vn 0.235188 -0.971946 -0.002622
vn 0.217036 -0.968793 0.119733
vn 0.153107 -0.954551 0.255717
vn 0.018766 -0.908131 0.418266
vn -0.221261 -0.767574 0.601560
vn -0.543884 -0.426066 0.722951
vn -0.780312 0.015170 0.625206
vn -0.849084 0.303545 0.432338
vn -0.853664 0.448812 0.264246
vn -0.847633 0.515442 0.125848
vn -0.844717 0.535209 0.002099
vn -0.784671 0.606774 -0.126952
vn -0.787809 0.552021 -0.273186
vn -0.780045 0.425239 -0.459023
vn -0.707024 0.145232 -0.692116
vn -0.444807 -0.341660 -0.827899
vn -0.087278 -0.730207 -0.677628
vn 0.149192 -0.877835 -0.455135
vn 0.267937 -0.923681 -0.273902
vn 0.322149 -0.937803 -0.129405
vn 0.338233 -0.941060 -0.001863
vn 0.323223 -0.937941 0.125670
vn 0.270069 -0.924151 0.270200
vn 0.152247 -0.879034 0.451797
vn -0.083941 -0.732525 0.675545
vn -0.441776 -0.345539 0.827911
vn -0.705249 0.140742 0.694849
vn -0.779588 0.422136 0.462649
vn -0.787819 0.550274 0.276658
vn -0.784741 0.605993 0.130204
vn -0.782961 0.622069 0.001587
vn -0.736121 0.664297 -0.129750
vn -0.735263 0.617192 -0.280110
vn -0.720528 0.504481 -0.475751
vn -0.636583 0.238184 -0.733506
vn -0.351885 -0.269982 -0.896263
vn 0.021735 -0.690918 -0.722606
vn 0.244607 -0.846382 -0.473080
vn 0.347855 -0.894530 -0.280737
vn 0.393166 -0.910002 -0.131590
vn 0.406308 -0.913735 -0.001352
vn 0.393776 -0.910131 0.128848
vn 0.349121 -0.894918 0.277916
vn 0.246583 -0.847331 0.470348
vn 0.024173 -0.692810 0.720715
vn -0.349503 -0.273084 0.896255
vn -0.635148 0.234937 0.735793
vn -0.720072 0.502405 0.478629
vn -0.735177 0.616073 0.282789
vn -0.736123 0.663808 0.132223
vn -0.735673 0.677336 0.001202
vn -0.696862 0.705071 -0.131370
vn -0.691966 0.663711 -0.284027
vn -0.669547 0.562266 -0.485350
vn -0.572902 0.310356 -0.758593
vn -0.269201 -0.206410 -0.940705
vn 0.109401 -0.651676 -0.750566
vn 0.316410 -0.816169 -0.483479
vn 0.406546 -0.868196 -0.284529
vn 0.444911 -0.885684 -0.132731
vn 0.455850 -0.890056 -0.000980
vn 0.445266 -0.885803 0.130731
vn 0.407313 -0.868522 0.282429
vn 0.317684 -0.816927 0.481359
vn 0.111133 -0.653184 0.749000
vn -0.267390 -0.208800 0.940694
vn -0.571756 0.308059 0.760391
vn -0.669116 0.560877 0.487546
vn -0.691831 0.662985 0.286043
vn -0.696827 0.704759 0.133217
vn -0.697653 0.716435 0.000895
vn -0.663453 0.736415 -0.132374
vn -0.654684 0.699564 -0.286356
vn -0.624589 0.607272 -0.491029
vn -0.514831 0.368852 -0.773884
vn -0.194912 -0.149391 -0.969377
vn 0.182483 -0.613621 -0.768225
vn 0.373850 -0.787641 -0.489752
vn 0.452889 -0.844202 -0.286731
vn 0.485618 -0.863942 -0.133338
vn 0.494814 -0.868999 -0.000682
vn 0.485825 -0.864041 0.131937
vn 0.453344 -0.844462 0.285241
vn 0.374645 -0.788223 0.488206
vn 0.183651 -0.614763 0.767032
vn -0.193608 -0.151127 0.969369
vn -0.513959 0.367299 0.775202
vn -0.624215 0.606372 0.492614
vn -0.654539 0.699106 0.287803
vn -0.663403 0.736221 0.133695
vn -0.665415 0.746474 0.000638
vn -0.633581 0.762156 -0.133016
vn -0.621086 0.729009 -0.287747
vn -0.583444 0.644386 -0.494327
vn -0.460597 0.418337 -0.782844
vn -0.126714 -0.097097 -0.987176
vn 0.245849 -0.576514 -0.779224
vn 0.422388 -0.760277 -0.493525
vn 0.491796 -0.821703 -0.287995
vn 0.519754 -0.843799 -0.133636
vn 0.527492 -0.849560 -0.000434
vn 0.519863 -0.843873 0.132744
vn 0.492044 -0.821889 0.287038
vn 0.422838 -0.760681 0.492516
vn 0.246556 -0.577289 0.778426
vn -0.125870 -0.098231 0.987171
vn -0.459996 0.417386 0.783705
vn -0.583161 0.643856 0.495351
vn -0.620963 0.728744 0.288681
vn -0.633532 0.762047 0.133871
vn -0.636662 0.771143 0.000412
vn -0.605586 0.784515 -0.133424
vn -0.589436 0.754538 -0.288509
vn -0.544288 0.676563 -0.495997
vn -0.408398 0.461932 -0.787293
vn -0.062414 -0.047819 -0.996904
vn 0.302977 -0.539584 -0.785528
vn 0.465478 -0.733281 -0.495610
vn 0.526257 -0.799841 -0.288631
vn 0.549995 -0.824393 -0.133725
vn 0.556455 -0.830878 -0.000211
vn 0.550038 -0.824434 0.133291
vn 0.526357 -0.799945 0.288162
vn 0.465671 -0.733495 0.495112
vn 0.303300 -0.539982 0.785129
vn -0.061997 -0.048377 0.996903
vn -0.408079 0.461490 0.787717
vn -0.544125 0.676324 0.496502
vn -0.589359 0.754422 0.288969
vn -0.605556 0.784466 0.133843
vn -0.609766 0.792581 0.000203
vn -0.578143 0.804915 -0.133650
vn -0.558285 0.777764 -0.288791
vn -0.505500 0.705735 -0.496395
vn -0.356468 0.501811 -0.788109
vn 0.000001 -0.000000 -1.000000
vn 0.356469 -0.501810 -0.788110
vn 0.505503 -0.705735 -0.496391
vn 0.558287 -0.777764 -0.288789
vn 0.578143 -0.804915 -0.133652
vn 0.583434 -0.812161 -0.000002
vn 0.578141 -0.804917 0.133648
vn 0.558283 -0.777767 0.288789
vn 0.505494 -0.705739 0.496396
vn 0.356454 -0.501812 0.788115
vn -0.000000 -0.000001 1.000000
vn -0.356452 0.501809 0.788118
vn -0.505494 0.705739 0.496394
vn -0.558283 0.777768 0.288787
vn -0.578141 0.804917 0.133647
vn -0.583434 0.812161 -0.000003
vn -0.549993 0.824394 -0.133725
vn -0.526256 0.799841 -0.288633
vn -0.465479 0.733280 -0.495611
vn -0.302978 0.539584 -0.785527
vn 0.062413 0.047818 -0.996904
vn 0.408399 -0.461932 -0.787292
vn 0.544288 -0.676564 -0.495996
vn 0.589435 -0.754539 -0.288510
vn 0.605586 -0.784515 -0.133424
vn 0.609766 -0.792581 0.000202
vn 0.605557 -0.784466 0.133842
vn 0.589358 -0.754423 0.288969
vn 0.544123 -0.676325 0.496502
vn 0.408079 -0.461489 0.787718
vn 0.061997 0.048378 0.996903
vn -0.303300 0.539984 0.785128
vn -0.465670 0.733495 0.495113
vn -0.526357 0.799944 0.288164
vn -0.550037 0.824435 0.133291
vn -0.556454 0.830878 -0.000211
vn -0.519755 0.843799 -0.133635
vn -0.491797 0.821703 -0.287994
vn -0.422388 0.760276 -0.493526
vn -0.245848 0.576512 -0.779226
vn 0.126714 0.097098 -0.987176
vn 0.460597 -0.418337 -0.782844
vn 0.583444 -0.644387 -0.494327
vn 0.621086 -0.729009 -0.287748
vn 0.633580 -0.762156 -0.133017
vn 0.636662 -0.771143 0.000412
vn 0.633533 -0.762047 0.133869
vn 0.620963 -0.728744 0.288682
vn 0.583160 -0.643854 0.495354
vn 0.459995 -0.417386 0.783705
vn 0.125869 0.098232 0.987172
vn -0.246556 0.577290 0.778426
vn -0.422838 0.760681 0.492516
vn -0.492044 0.821890 0.287036
vn -0.519863 0.843873 0.132744
vn -0.527492 0.849560 -0.000433
vn -0.485620 0.863941 -0.133338
vn -0.452889 0.844202 -0.286731
vn -0.373850 0.787642 -0.489751
vn -0.182482 0.613623 -0.768223
vn 0.194912 0.149391 -0.969377
vn 0.514831 -0.368853 -0.773884
vn 0.624588 -0.607273 -0.491029
vn 0.654684 -0.699564 -0.286354
vn 0.663453 -0.736415 -0.132373
vn 0.665415 -0.746473 0.000640
vn 0.663404 -0.736220 0.133695
vn 0.654539 -0.699106 0.287801
vn 0.624215 -0.606372 0.492614
vn 0.513958 -0.367300 0.775202
vn 0.193608 0.151128 0.969369
vn -0.183650 0.614762 0.767033
vn -0.374644 0.788223 0.488208
vn -0.453346 0.844462 0.285239
vn -0.485827 0.864040 0.131937
vn -0.494814 0.868998 -0.000683
vn -0.444912 0.885684 -0.132729
vn -0.406545 0.868195 -0.284533
vn -0.316410 0.816168 -0.483482
vn -0.109401 0.651676 -0.750567
vn 0.269201 0.206410 -0.940705
vn 0.572900 -0.310356 -0.758594
vn 0.669547 -0.562268 -0.485346
vn 0.691966 -0.663712 -0.284024
vn 0.696864 -0.705069 -0.131370
vn 0.697653 -0.716435 0.000894
vn 0.696827 -0.704759 0.133217
vn 0.691831 -0.662986 0.286041
vn 0.669116 -0.560879 0.487544
vn 0.571756 -0.308059 0.760391
vn 0.267389 0.208800 0.940694
vn -0.111132 0.653184 0.748999
vn -0.317684 0.816926 0.481362
vn -0.407313 0.868521 0.282430
vn -0.445268 0.885803 0.130729
vn -0.455851 0.890056 -0.000977
vn -0.393166 0.910003 -0.131589
vn -0.347853 0.894529 -0.280741
vn -0.244607 0.846381 -0.473083
vn -0.021731 0.690914 -0.722610
vn 0.351883 0.269984 -0.896263
vn 0.636587 -0.238182 -0.733503
vn 0.720530 -0.504481 -0.475747
vn 0.735265 -0.617193 -0.280104
vn 0.736122 -0.664297 -0.129749
vn 0.735673 -0.677336 0.001201
vn 0.736122 -0.663808 0.132225
vn 0.735176 -0.616075 0.282786
vn 0.720072 -0.502406 0.478627
vn 0.635150 -0.234937 0.735791
vn 0.349503 0.273085 0.896254
vn -0.024171 0.692807 0.720718
vn -0.246582 0.847330 0.470350
vn -0.349120 0.894917 0.277919
vn -0.393775 0.910132 0.128843
vn -0.406307 0.913736 -0.001354
vn -0.322149 0.937803 -0.129402
vn -0.267936 0.923682 -0.273902
vn -0.149196 0.877836 -0.455132
vn 0.087277 0.730205 -0.677631
vn 0.444808 0.341657 -0.827899
vn 0.707026 -0.145231 -0.692115
vn 0.780045 -0.425235 -0.459027
vn 0.787809 -0.552022 -0.273183
vn 0.784672 -0.606773 -0.126952
vn 0.782961 -0.622069 0.001585
vn 0.784742 -0.605992 0.130204
vn 0.787821 -0.550271 0.276660
vn 0.779590 -0.422130 0.462651
vn 0.705252 -0.140741 0.694847
vn 0.441779 0.345538 0.827910
vn 0.083942 0.732522 0.675548
vn -0.152245 0.879034 0.451796
vn -0.270067 0.924152 0.270198
vn -0.323222 0.937942 0.125667
vn -0.338236 0.941060 -0.001860
vn -0.214931 0.968614 -0.124869
vn -0.149288 0.953877 -0.260446
vn -0.013994 0.906487 -0.422002
vn 0.225687 0.764746 -0.603514
vn 0.547620 0.421368 -0.722884
vn 0.782543 -0.021271 -0.622233
vn 0.849572 -0.308276 -0.428011
vn 0.853500 -0.451695 -0.259826
vn 0.847438 -0.516784 -0.121588
vn 0.844718 -0.535208 0.002098
vn 0.847633 -0.515442 0.125850
vn 0.853662 -0.448818 0.264240
vn 0.849083 -0.303542 0.432343
vn 0.780308 -0.015173 0.625211
vn 0.543883 0.426064 0.722953
vn 0.221260 0.767576 0.601557
vn -0.018765 0.908131 0.418265
vn -0.153108 0.954550 0.255721
vn -0.217037 0.968792 0.119734
vn -0.235190 0.971946 -0.002622
vn -0.033459 0.992910 -0.114064
vn 0.044205 0.972100 -0.230366
vn 0.186486 0.915737 -0.355878
vn 0.397147 0.781515 -0.481154
vn 0.654075 0.503920 -0.564136
vn 0.852331 0.144806 -0.502556
vn 0.922414 -0.123510 -0.365920
vn 0.932106 -0.279223 -0.230680
vn 0.927936 -0.356258 -0.109618
vn 0.925567 -0.378572 0.002799
vn 0.928255 -0.353668 0.115161
vn 0.932301 -0.274085 0.235991
vn 0.921556 -0.116164 0.370459
vn 0.849422 0.152718 0.505133
vn 0.649795 0.509364 0.564194
vn 0.391626 0.785024 0.479965
vn 0.178986 0.918485 0.352632
vn 0.036701 0.973691 0.224896
vn -0.038425 0.993521 0.106954
vn -0.059862 0.998199 -0.003887
vn 0.300827 0.950173 -0.081700
vn 0.365988 0.917885 -0.153426
vn 0.464009 0.857515 -0.222177
vn 0.591078 0.752706 -0.289933
vn 0.750071 0.569733 -0.335854
vn 0.885940 0.349229 -0.305205
vn 0.956821 0.168572 -0.236804
vn 0.986441 0.042143 -0.158614
vn 0.996542 -0.029751 -0.077582
vn 0.998698 -0.050880 0.003623
vn 0.996161 -0.023693 0.084276
vn 0.985106 0.052338 0.163786
vn 0.953994 0.179925 0.239837
vn 0.881842 0.358755 0.306021
vn 0.745818 0.575692 0.335162
vn 0.585888 0.756871 0.289622
vn 0.452902 0.863540 0.221763
vn 0.348607 0.925245 0.149653
vn 0.286229 0.955362 0.073185
vn 0.271372 0.962460 -0.005367
vn -0.778628 -0.627485 -0.000000
vn 0.778627 0.627487 -0.000000
s 1
g cha_dog_head pSphere8
usemtl lambert22SG
f 383/414/383 384/415/384 403/435/385
f 403/435/385 384/415/384 404/436/386
f 384/415/384 385/416/387 404/436/386
f 404/436/386 385/416/387 405/437/388
f 385/416/387 386/417/389 405/437/388
f 405/437/388 386/417/389 406/438/390
f 386/417/389 387/418/391 406/438/390
f 406/438/390 387/418/391 407/439/392
f 387/418/391 388/419/393 407/439/392
f 407/439/392 388/419/393 408/440/394
f 388/419/393 389/420/395 408/440/394
f 408/440/394 389/420/395 409/441/396
f 389/420/395 390/421/397 409/441/396
f 409/441/396 390/421/397 410/442/398
f 390/421/397 391/422/399 410/442/398
f 410/442/398 391/422/399 411/443/400
f 391/422/399 392/423/401 411/443/400
f 411/443/400 392/423/401 412/444/402
f 392/423/401 393/424/403 412/444/402
f 412/444/402 393/424/403 413/445/404
f 393/424/403 394/425/405 413/445/404
f 413/445/404 394/425/405 414/446/406
f 394/425/405 395/426/407 414/446/406
f 414/446/406 395/426/407 415/447/408
f 395/426/407 396/427/409 415/447/408
f 415/447/408 396/427/409 416/448/410
f 396/427/409 397/428/411 416/448/410
f 416/448/410 397/428/411 417/449/412
f 397/428/411 398/429/413 417/449/412
f 417/449/412 398/429/413 418/450/414
f 398/429/413 399/430/415 418/450/414
f 418/450/414 399/430/415 419/451/416
f 399/430/415 400/431/417 419/451/416
f 419/451/416 400/431/417 420/452/418
f 400/431/417 401/432/419 420/452/418
f 420/452/418 401/432/419 421/453/420
f 401/432/419 402/433/421 421/453/420
f 421/453/420 402/433/421 422/454/422
f 402/433/421 383/434/383 422/454/422
f 422/454/422 383/434/383 403/455/385
f 403/435/385 404/436/386 423/456/423
f 423/456/423 404/436/386 424/457/424
f 404/436/386 405/437/388 424/457/424
f 424/457/424 405/437/388 425/458/425
f 405/437/388 406/438/390 425/458/425
f 425/458/425 406/438/390 426/459/426
f 406/438/390 407/439/392 426/459/426
f 426/459/426 407/439/392 427/460/427
f 407/439/392 408/440/394 427/460/427
f 427/460/427 408/440/394 428/461/428
f 408/440/394 409/441/396 428/461/428
f 428/461/428 409/441/396 429/462/429
f 409/441/396 410/442/398 429/462/429
f 429/462/429 410/442/398 430/463/430
f 410/442/398 411/443/400 430/463/430
f 430/463/430 411/443/400 431/464/431
f 411/443/400 412/444/402 431/464/431
f 431/464/431 412/444/402 432/465/432
f 412/444/402 413/445/404 432/465/432
f 432/465/432 413/445/404 433/466/433
f 413/445/404 414/446/406 433/466/433
f 433/466/433 414/446/406 434/467/434
f 414/446/406 415/447/408 434/467/434
f 434/467/434 415/447/408 435/468/435
f 415/447/408 416/448/410 435/468/435
f 435/468/435 416/448/410 436/469/436
f 416/448/410 417/449/412 436/469/436
f 436/469/436 417/449/412 437/470/437
f 417/449/412 418/450/414 437/470/437
f 437/470/437 418/450/414 438/471/438
f 418/450/414 419/451/416 438/471/438
f 438/471/438 419/451/416 439/472/439
f 419/451/416 420/452/418 439/472/439
f 439/472/439 420/452/418 440/473/440
f 420/452/418 421/453/420 440/473/440
f 440/473/440 421/453/420 441/474/441
f 421/453/420 422/454/422 441/474/441
f 441/474/441 422/454/422 442/475/442
f 422/454/422 403/455/385 442/475/442
f 442/475/442 403/455/385 423/476/423
f 423/456/423 424/457/424 443/477/443
f 443/477/443 424/457/424 444/478/444
f 424/457/424 425/458/425 444/478/444
f 444/478/444 425/458/425 445/479/445
f 425/458/425 426/459/426 445/479/445
f 445/479/445 426/459/426 446/480/446
f 426/459/426 427/460/427 446/480/446
f 446/480/446 427/460/427 447/481/447
f 427/460/427 428/461/428 447/481/447
f 447/481/447 428/461/428 448/482/448
f 428/461/428 429/462/429 448/482/448
f 448/482/448 429/462/429 449/483/449
f 429/462/429 430/463/430 449/483/449
f 449/483/449 430/463/430 450/484/450
f 430/463/430 431/464/431 450/484/450
f 450/484/450 431/464/431 451/485/451
f 431/464/431 432/465/432 451/485/451
f 451/485/451 432/465/432 452/486/452
f 432/465/432 433/466/433 452/486/452
f 452/486/452 433/466/433 453/487/453
f 433/466/433 434/467/434 453/487/453
f 453/487/453 434/467/434 454/488/454
f 434/467/434 435/468/435 454/488/454
f 454/488/454 435/468/435 455/489/455
f 435/468/435 436/469/436 455/489/455
f 455/489/455 436/469/436 456/490/456
f 436/469/436 437/470/437 456/490/456
f 456/490/456 437/470/437 457/491/457
f 437/470/437 438/471/438 457/491/457
f 457/491/457 438/471/438 458/492/458
f 438/471/438 439/472/439 458/492/458
f 458/492/458 439/472/439 459/493/459
f 439/472/439 440/473/440 459/493/459
f 459/493/459 440/473/440 460/494/460
f 440/473/440 441/474/441 460/494/460
f 460/494/460 441/474/441 461/495/461
f 441/474/441 442/475/442 461/495/461
f 461/495/461 442/475/442 462/496/462
f 442/475/442 423/476/423 462/496/462
f 462/496/462 423/476/423 443/497/443
f 443/477/443 444/478/444 463/498/463
f 463/498/463 444/478/444 464/499/464
f 444/478/444 445/479/445 464/499/464
f 464/499/464 445/479/445 465/500/465
f 445/479/445 446/480/446 465/500/465
f 465/500/465 446/480/446 466/501/466
f 446/480/446 447/481/447 466/501/466
f 466/501/466 447/481/447 467/502/467
f 447/481/447 448/482/448 467/502/467
f 467/502/467 448/482/448 468/503/468
f 448/482/448 449/483/449 468/503/468
f 468/503/468 449/483/449 469/504/469
f 449/483/449 450/484/450 469/504/469
f 469/504/469 450/484/450 470/505/470
f 450/484/450 451/485/451 470/505/470
f 470/505/470 451/485/451 471/506/471
f 451/485/451 452/486/452 471/506/471
f 471/506/471 452/486/452 472/507/472
f 452/486/452 453/487/453 472/507/472
f 472/507/472 453/487/453 473/508/473
f 453/487/453 454/488/454 473/508/473
f 473/508/473 454/488/454 474/509/474
f 454/488/454 455/489/455 474/509/474
f 474/509/474 455/489/455 475/510/475
f 455/489/455 456/490/456 475/510/475
f 475/510/475 456/490/456 476/511/476
f 456/490/456 457/491/457 476/511/476
f 476/511/476 457/491/457 477/512/477
f 457/491/457 458/492/458 477/512/477
f 477/512/477 458/492/458 478/513/478
f 458/492/458 459/493/459 478/513/478
f 478/513/478 459/493/459 479/514/479
f 459/493/459 460/494/460 479/514/479
f 479/514/479 460/494/460 480/515/480
f 460/494/460 461/495/461 480/515/480
f 480/515/480 461/495/461 481/516/481
f 461/495/461 462/496/462 481/516/481
f 481/516/481 462/496/462 482/517/482
f 462/496/462 443/497/443 482/517/482
f 482/517/482 443/497/443 463/518/463
f 463/498/463 464/499/464 483/519/483
f 483/519/483 464/499/464 484/520/484
f 464/499/464 465/500/465 484/520/484
f 484/520/484 465/500/465 485/521/485
f 465/500/465 466/501/466 485/521/485
f 485/521/485 466/501/466 486/522/486
f 466/501/466 467/502/467 486/522/486
f 486/522/486 467/502/467 487/523/487
f 467/502/467 468/503/468 487/523/487
f 487/523/487 468/503/468 488/524/488
f 468/503/468 469/504/469 488/524/488
f 488/524/488 469/504/469 489/525/489
f 469/504/469 470/505/470 489/525/489
f 489/525/489 470/505/470 490/526/490
f 470/505/470 471/506/471 490/526/490
f 490/526/490 471/506/471 491/527/491
f 471/506/471 472/507/472 491/527/491
f 491/527/491 472/507/472 492/528/492
f 472/507/472 473/508/473 492/528/492
f 492/528/492 473/508/473 493/529/493
f 473/508/473 474/509/474 493/529/493
f 493/529/493 474/509/474 494/530/494
f 474/509/474 475/510/475 494/530/494
f 494/530/494 475/510/475 495/531/495
f 475/510/475 476/511/476 495/531/495
f 495/531/495 476/511/476 496/532/496
f 476/511/476 477/512/477 496/532/496
f 496/532/496 477/512/477 497/533/497
f 477/512/477 478/513/478 497/533/497
f 497/533/497 478/513/478 498/534/498
f 478/513/478 479/514/479 498/534/498
f 498/534/498 479/514/479 499/535/499
f 479/514/479 480/515/480 499/535/499
f 499/535/499 480/515/480 500/536/500
f 480/515/480 481/516/481 500/536/500
f 500/536/500 481/516/481 501/537/501
f 481/516/481 482/517/482 501/537/501
f 501/537/501 482/517/482 502/538/502
f 482/517/482 463/518/463 502/538/502
f 502/538/502 463/518/463 483/539/483
f 483/519/483 484/520/484 503/540/503
f 503/540/503 484/520/484 504/541/504
f 484/520/484 485/521/485 504/541/504
f 504/541/504 485/521/485 505/542/505
f 485/521/485 486/522/486 505/542/505
f 505/542/505 486/522/486 506/543/506
f 486/522/486 487/523/487 506/543/506
f 506/543/506 487/523/487 507/544/507
f 487/523/487 488/524/488 507/544/507
f 507/544/507 488/524/488 508/545/508
f 488/524/488 489/525/489 508/545/508
f 508/545/508 489/525/489 509/546/509
f 489/525/489 490/526/490 509/546/509
f 509/546/509 490/526/490 510/547/510
f 490/526/490 491/527/491 510/547/510
f 510/547/510 491/527/491 511/548/511
f 491/527/491 492/528/492 511/548/511
f 511/548/511 492/528/492 512/549/512
f 492/528/492 493/529/493 512/549/512
f 512/549/512 493/529/493 513/550/513
f 493/529/493 494/530/494 513/550/513
f 513/550/513 494/530/494 514/551/514
f 494/530/494 495/531/495 514/551/514
f 514/551/514 495/531/495 515/552/515
f 495/531/495 496/532/496 515/552/515
f 515/552/515 496/532/496 516/553/516
f 496/532/496 497/533/497 516/553/516
f 516/553/516 497/533/497 517/554/517
f 497/533/497 498/534/498 517/554/517
f 517/554/517 498/534/498 518/555/518
f 498/534/498 499/535/499 518/555/518
f 518/555/518 499/535/499 519/556/519
f 499/535/499 500/536/500 519/556/519
f 519/556/519 500/536/500 520/557/520
f 500/536/500 501/537/501 520/557/520
f 520/557/520 501/537/501 521/558/521
f 501/537/501 502/538/502 521/558/521
f 521/558/521 502/538/502 522/559/522
f 502/538/502 483/539/483 522/559/522
f 522/559/522 483/539/483 503/560/503
f 503/540/503 504/541/504 523/561/523
f 523/561/523 504/541/504 524/562/524
f 504/541/504 505/542/505 524/562/524
f 524/562/524 505/542/505 525/563/525
f 505/542/505 506/543/506 525/563/525
f 525/563/525 506/543/506 526/564/526
f 506/543/506 507/544/507 526/564/526
f 526/564/526 507/544/507 527/565/527
f 507/544/507 508/545/508 527/565/527
f 527/565/527 508/545/508 528/566/528
f 508/545/508 509/546/509 528/566/528
f 528/566/528 509/546/509 529/567/529
f 509/546/509 510/547/510 529/567/529
f 529/567/529 510/547/510 530/568/530
f 510/547/510 511/548/511 530/568/530
f 530/568/530 511/548/511 531/569/531
f 511/548/511 512/549/512 531/569/531
f 531/569/531 512/549/512 532/570/532
f 512/549/512 513/550/513 532/570/532
f 532/570/532 513/550/513 533/571/533
f 513/550/513 514/551/514 533/571/533
f 533/571/533 514/551/514 534/572/534
f 514/551/514 515/552/515 534/572/534
f 534/572/534 515/552/515 535/573/535
f 515/552/515 516/553/516 535/573/535
f 535/573/535 516/553/516 536/574/536
f 516/553/516 517/554/517 536/574/536
f 536/574/536 517/554/517 537/575/537
f 517/554/517 518/555/518 537/575/537
f 537/575/537 518/555/518 538/576/538
f 518/555/518 519/556/519 538/576/538
f 538/576/538 519/556/519 539/577/539
f 519/556/519 520/557/520 539/577/539
f 539/577/539 520/557/520 540/578/540
f 520/557/520 521/558/521 540/578/540
f 540/578/540 521/558/521 541/579/541
f 521/558/521 522/559/522 541/579/541
f 541/579/541 522/559/522 542/580/542
f 522/559/522 503/560/503 542/580/542
f 542/580/542 503/560/503 523/581/523
f 523/561/523 524/562/524 543/582/543
f 543/582/543 524/562/524 544/583/544
f 524/562/524 525/563/525 544/583/544
f 544/583/544 525/563/525 545/584/545
f 525/563/525 526/564/526 545/584/545
f 545/584/545 526/564/526 546/585/546
f 526/564/526 527/565/527 546/585/546
f 546/585/546 527/565/527 547/586/547
f 527/565/527 528/566/528 547/586/547
f 547/586/547 528/566/528 548/587/548
f 528/566/528 529/567/529 548/587/548
f 548/587/548 529/567/529 549/588/549
f 529/567/529 530/568/530 549/588/549
f 549/588/549 530/568/530 550/589/550
f 530/568/530 531/569/531 550/589/550
f 550/589/550 531/569/531 551/590/551
f 531/569/531 532/570/532 551/590/551
f 551/590/551 532/570/532 552/591/552
f 532/570/532 533/571/533 552/591/552
f 552/591/552 533/571/533 553/592/553
f 533/571/533 534/572/534 553/592/553
f 553/592/553 534/572/534 554/593/554
f 534/572/534 535/573/535 554/593/554
f 554/593/554 535/573/535 555/594/555
f 535/573/535 536/574/536 555/594/555
f 555/594/555 536/574/536 556/595/556
f 536/574/536 537/575/537 556/595/556
f 556/595/556 537/575/537 557/596/557
f 537/575/537 538/576/538 557/596/557
f 557/596/557 538/576/538 558/597/558
f 538/576/538 539/577/539 558/597/558
f 558/597/558 539/577/539 559/598/559
f 539/577/539 540/578/540 559/598/559
f 559/598/559 540/578/540 560/599/560
f 540/578/540 541/579/541 560/599/560
f 560/599/560 541/579/541 561/600/561
f 541/579/541 542/580/542 561/600/561
f 561/600/561 542/580/542 562/601/562
f 542/580/542 523/581/523 562/601/562
f 562/601/562 523/581/523 543/602/543
f 543/582/543 544/583/544 563/603/563
f 563/603/563 544/583/544 564/604/564
f 544/583/544 545/584/545 564/604/564
f 564/604/564 545/584/545 565/605/565
f 545/584/545 546/585/546 565/605/565
f 565/605/565 546/585/546 566/606/566
f 546/585/546 547/586/547 566/606/566
f 566/606/566 547/586/547 567/607/567
f 547/586/547 548/587/548 567/607/567
f 567/607/567 548/587/548 568/608/568
f 548/587/548 549/588/549 568/608/568
f 568/608/568 549/588/549 569/609/569
f 549/588/549 550/589/550 569/609/569
f 569/609/569 550/589/550 570/610/570
f 550/589/550 551/590/551 570/610/570
f 570/610/570 551/590/551 571/611/571
f 551/590/551 552/591/552 571/611/571
f 571/611/571 552/591/552 572/612/572
f 552/591/552 553/592/553 572/612/572
f 572/612/572 553/592/553 573/613/573
f 553/592/553 554/593/554 573/613/573
f 573/613/573 554/593/554 574/614/574
f 554/593/554 555/594/555 574/614/574
f 574/614/574 555/594/555 575/615/575
f 555/594/555 556/595/556 575/615/575
f 575/615/575 556/595/556 576/616/576
f 556/595/556 557/596/557 576/616/576
f 576/616/576 557/596/557 577/617/577
f 557/596/557 558/597/558 577/617/577
f 577/617/577 558/597/558 578/618/578
f 558/597/558 559/598/559 578/618/578
f 578/618/578 559/598/559 579/619/579
f 559/598/559 560/599/560 579/619/579
f 579/619/579 560/599/560 580/620/580
f 560/599/560 561/600/561 580/620/580
f 580/620/580 561/600/561 581/621/581
f 561/600/561 562/601/562 581/621/581
f 581/621/581 562/601/562 582/622/582
f 562/601/562 543/602/543 582/622/582
f 582/622/582 543/602/543 563/623/563
f 563/603/563 564/604/564 583/624/583
f 583/624/583 564/604/564 584/625/584
f 564/604/564 565/605/565 584/625/584
f 584/625/584 565/605/565 585/626/585
f 565/605/565 566/606/566 585/626/585
f 585/626/585 566/606/566 586/627/586
f 566/606/566 567/607/567 586/627/586
f 586/627/586 567/607/567 587/628/587
f 567/607/567 568/608/568 587/628/587
f 587/628/587 568/608/568 588/629/588
f 568/608/568 569/609/569 588/629/588
f 588/629/588 569/609/569 589/630/589
f 569/609/569 570/610/570 589/630/589
f 589/630/589 570/610/570 590/631/590
f 570/610/570 571/611/571 590/631/590
f 590/631/590 571/611/571 591/632/591
f 571/611/571 572/612/572 591/632/591
f 591/632/591 572/612/572 592/633/592
f 572/612/572 573/613/573 592/633/592
f 592/633/592 573/613/573 593/634/593
f 573/613/573 574/614/574 593/634/593
f 593/634/593 574/614/574 594/635/594
f 574/614/574 575/615/575 594/635/594
f 594/635/594 575/615/575 595/636/595
f 575/615/575 576/616/576 595/636/595
f 595/636/595 576/616/576 596/637/596
f 576/616/576 577/617/577 596/637/596
f 596/637/596 577/617/577 597/638/597
f 577/617/577 578/618/578 597/638/597
f 597/638/597 578/618/578 598/639/598
f 578/618/578 579/619/579 598/639/598
f 598/639/598 579/619/579 599/640/599
f 579/619/579 580/620/580 599/640/599
f 599/640/599 580/620/580 600/641/600
f 580/620/580 581/621/581 600/641/600
f 600/641/600 581/621/581 601/642/601
f 581/621/581 582/622/582 601/642/601
f 601/642/601 582/622/582 602/643/602
f 582/622/582 563/623/563 602/643/602
f 602/643/602 563/623/563 583/644/583
f 583/624/583 584/625/584 603/645/603
f 603/645/603 584/625/584 604/646/604
f 584/625/584 585/626/585 604/646/604
f 604/646/604 585/626/585 605/647/605
f 585/626/585 586/627/586 605/647/605
f 605/647/605 586/627/586 606/648/606
f 586/627/586 587/628/587 606/648/606
f 606/648/606 587/628/587 607/649/607
f 587/628/587 588/629/588 607/649/607
f 607/649/607 588/629/588 608/650/608
f 588/629/588 589/630/589 608/650/608
f 608/650/608 589/630/589 609/651/609
f 589/630/589 590/631/590 609/651/609
f 609/651/609 590/631/590 610/652/610
f 590/631/590 591/632/591 610/652/610
f 610/652/610 591/632/591 611/653/611
f 591/632/591 592/633/592 611/653/611
f 611/653/611 592/633/592 612/654/612
f 592/633/592 593/634/593 612/654/612
f 612/654/612 593/634/593 613/655/613
f 593/634/593 594/635/594 613/655/613
f 613/655/613 594/635/594 614/656/614
f 594/635/594 595/636/595 614/656/614
f 614/656/614 595/636/595 615/657/615
f 595/636/595 596/637/596 615/657/615
f 615/657/615 596/637/596 616/658/616
f 596/637/596 597/638/597 616/658/616
f 616/658/616 597/638/597 617/659/617
f 597/638/597 598/639/598 617/659/617
f 617/659/617 598/639/598 618/660/618
f 598/639/598 599/640/599 618/660/618
f 618/660/618 599/640/599 619/661/619
f 599/640/599 600/641/600 619/661/619
f 619/661/619 600/641/600 620/662/620
f 600/641/600 601/642/601 620/662/620
f 620/662/620 601/642/601 621/663/621
f 601/642/601 602/643/602 621/663/621
f 621/663/621 602/643/602 622/664/622
f 602/643/602 583/644/583 622/664/622
f 622/664/622 583/644/583 603/665/603
f 603/645/603 604/646/604 623/666/623
f 623/666/623 604/646/604 624/667/624
f 604/646/604 605/647/605 624/667/624
f 624/667/624 605/647/605 625/668/625
f 605/647/605 606/648/606 625/668/625
f 625/668/625 606/648/606 626/669/626
f 606/648/606 607/649/607 626/669/626
f 626/669/626 607/649/607 627/670/627
f 607/649/607 608/650/608 627/670/627
f 627/670/627 608/650/608 628/671/628
f 608/650/608 609/651/609 628/671/628
f 628/671/628 609/651/609 629/672/629
f 609/651/609 610/652/610 629/672/629
f 629/672/629 610/652/610 630/673/630
f 610/652/610 611/653/611 630/673/630
f 630/673/630 611/653/611 631/674/631
f 611/653/611 612/654/612 631/674/631
f 631/674/631 612/654/612 632/675/632
f 612/654/612 613/655/613 632/675/632
f 632/675/632 613/655/613 633/676/633
f 613/655/613 614/656/614 633/676/633
f 633/676/633 614/656/614 634/677/634
f 614/656/614 615/657/615 634/677/634
f 634/677/634 615/657/615 635/678/635
f 615/657/615 616/658/616 635/678/635
f 635/678/635 616/658/616 636/679/636
f 616/658/616 617/659/617 636/679/636
f 636/679/636 617/659/617 637/680/637
f 617/659/617 618/660/618 637/680/637
f 637/680/637 618/660/618 638/681/638
f 618/660/618 619/661/619 638/681/638
f 638/681/638 619/661/619 639/682/639
f 619/661/619 620/662/620 639/682/639
f 639/682/639 620/662/620 640/683/640
f 620/662/620 621/663/621 640/683/640
f 640/683/640 621/663/621 641/684/641
f 621/663/621 622/664/622 641/684/641
f 641/684/641 622/664/622 642/685/642
f 622/664/622 603/665/603 642/685/642
f 642/685/642 603/665/603 623/686/623
f 623/666/623 624/667/624 643/687/643
f 643/687/643 624/667/624 644/688/644
f 624/667/624 625/668/625 644/688/644
f 644/688/644 625/668/625 645/689/645
f 625/668/625 626/669/626 645/689/645
f 645/689/645 626/669/626 646/690/646
f 626/669/626 627/670/627 646/690/646
f 646/690/646 627/670/627 647/691/647
f 627/670/627 628/671/628 647/691/647
f 647/691/647 628/671/628 648/692/648
f 628/671/628 629/672/629 648/692/648
f 648/692/648 629/672/629 649/693/649
f 629/672/629 630/673/630 649/693/649
f 649/693/649 630/673/630 650/694/650
f 630/673/630 631/674/631 650/694/650
f 650/694/650 631/674/631 651/695/651
f 631/674/631 632/675/632 651/695/651
f 651/695/651 632/675/632 652/696/652
f 632/675/632 633/676/633 652/696/652
f 652/696/652 633/676/633 653/697/653
f 633/676/633 634/677/634 653/697/653
f 653/697/653 634/677/634 654/698/654
f 634/677/634 635/678/635 654/698/654
f 654/698/654 635/678/635 655/699/655
f 635/678/635 636/679/636 655/699/655
f 655/699/655 636/679/636 656/700/656
f 636/679/636 637/680/637 656/700/656
f 656/700/656 637/680/637 657/701/657
f 637/680/637 638/681/638 657/701/657
f 657/701/657 638/681/638 658/702/658
f 638/681/638 639/682/639 658/702/658
f 658/702/658 639/682/639 659/703/659
f 639/682/639 640/683/640 659/703/659
f 659/703/659 640/683/640 660/704/660
f 640/683/640 641/684/641 660/704/660
f 660/704/660 641/684/641 661/705/661
f 641/684/641 642/685/642 661/705/661
f 661/705/661 642/685/642 662/706/662
f 642/685/642 623/686/623 662/706/662
f 662/706/662 623/686/623 643/707/643
f 643/687/643 644/688/644 663/708/663
f 663/708/663 644/688/644 664/709/664
f 644/688/644 645/689/645 664/709/664
f 664/709/664 645/689/645 665/710/665
f 645/689/645 646/690/646 665/710/665
f 665/710/665 646/690/646 666/711/666
f 646/690/646 647/691/647 666/711/666
f 666/711/666 647/691/647 667/712/667
f 647/691/647 648/692/648 667/712/667
f 667/712/667 648/692/648 668/713/668
f 648/692/648 649/693/649 668/713/668
f 668/713/668 649/693/649 669/714/669
f 649/693/649 650/694/650 669/714/669
f 669/714/669 650/694/650 670/715/670
f 650/694/650 651/695/651 670/715/670
f 670/715/670 651/695/651 671/716/671
f 651/695/651 652/696/652 671/716/671
f 671/716/671 652/696/652 672/717/672
f 652/696/652 653/697/653 672/717/672
f 672/717/672 653/697/653 673/718/673
f 653/697/653 654/698/654 673/718/673
f 673/718/673 654/698/654 674/719/674
f 654/698/654 655/699/655 674/719/674
f 674/719/674 655/699/655 675/720/675
f 655/699/655 656/700/656 675/720/675
f 675/720/675 656/700/656 676/721/676
f 656/700/656 657/701/657 676/721/676
f 676/721/676 657/701/657 677/722/677
f 657/701/657 658/702/658 677/722/677
f 677/722/677 658/702/658 678/723/678
f 658/702/658 659/703/659 678/723/678
f 678/723/678 659/703/659 679/724/679
f 659/703/659 660/704/660 679/724/679
f 679/724/679 660/704/660 680/725/680
f 660/704/660 661/705/661 680/725/680
f 680/725/680 661/705/661 681/726/681
f 661/705/661 662/706/662 681/726/681
f 681/726/681 662/706/662 682/727/682
f 662/706/662 643/707/643 682/727/682
f 682/727/682 643/707/643 663/728/663
f 663/708/663 664/709/664 683/729/683
f 683/729/683 664/709/664 684/730/684
f 664/709/664 665/710/665 684/730/684
f 684/730/684 665/710/665 685/731/685
f 665/710/665 666/711/666 685/731/685
f 685/731/685 666/711/666 686/732/686
f 666/711/666 667/712/667 686/732/686
f 686/732/686 667/712/667 687/733/687
f 667/712/667 668/713/668 687/733/687
f 687/733/687 668/713/668 688/734/688
f 668/713/668 669/714/669 688/734/688
f 688/734/688 669/714/669 689/735/689
f 669/714/669 670/715/670 689/735/689
f 689/735/689 670/715/670 690/736/690
f 670/715/670 671/716/671 690/736/690
f 690/736/690 671/716/671 691/737/691
f 671/716/671 672/717/672 691/737/691
f 691/737/691 672/717/672 692/738/692
f 672/717/672 673/718/673 692/738/692
f 692/738/692 673/718/673 693/739/693
f 673/718/673 674/719/674 693/739/693
f 693/739/693 674/719/674 694/740/694
f 674/719/674 675/720/675 694/740/694
f 694/740/694 675/720/675 695/741/695
f 675/720/675 676/721/676 695/741/695
f 695/741/695 676/721/676 696/742/696
f 676/721/676 677/722/677 696/742/696
f 696/742/696 677/722/677 697/743/697
f 677/722/677 678/723/678 697/743/697
f 697/743/697 678/723/678 698/744/698
f 678/723/678 679/724/679 698/744/698
f 698/744/698 679/724/679 699/745/699
f 679/724/679 680/725/680 699/745/699
f 699/745/699 680/725/680 700/746/700
f 680/725/680 681/726/681 700/746/700
f 700/746/700 681/726/681 701/747/701
f 681/726/681 682/727/682 701/747/701
f 701/747/701 682/727/682 702/748/702
f 682/727/682 663/728/663 702/748/702
f 702/748/702 663/728/663 683/749/683
f 683/729/683 684/730/684 703/750/703
f 703/750/703 684/730/684 704/751/704
f 684/730/684 685/731/685 704/751/704
f 704/751/704 685/731/685 705/752/705
f 685/731/685 686/732/686 705/752/705
f 705/752/705 686/732/686 706/753/706
f 686/732/686 687/733/687 706/753/706
f 706/753/706 687/733/687 707/754/707
f 687/733/687 688/734/688 707/754/707
f 707/754/707 688/734/688 708/755/708
f 688/734/688 689/735/689 708/755/708
f 708/755/708 689/735/689 709/756/709
f 689/735/689 690/736/690 709/756/709
f 709/756/709 690/736/690 710/757/710
f 690/736/690 691/737/691 710/757/710
f 710/757/710 691/737/691 711/758/711
f 691/737/691 692/738/692 711/758/711
f 711/758/711 692/738/692 712/759/712
f 692/738/692 693/739/693 712/759/712
f 712/759/712 693/739/693 713/760/713
f 693/739/693 694/740/694 713/760/713
f 713/760/713 694/740/694 714/761/714
f 694/740/694 695/741/695 714/761/714
f 714/761/714 695/741/695 715/762/715
f 695/741/695 696/742/696 715/762/715
f 715/762/715 696/742/696 716/763/716
f 696/742/696 697/743/697 716/763/716
f 716/763/716 697/743/697 717/764/717
f 697/743/697 698/744/698 717/764/717
f 717/764/717 698/744/698 718/765/718
f 698/744/698 699/745/699 718/765/718
f 718/765/718 699/745/699 719/766/719
f 699/745/699 700/746/700 719/766/719
f 719/766/719 700/746/700 720/767/720
f 700/746/700 701/747/701 720/767/720
f 720/767/720 701/747/701 721/768/721
f 701/747/701 702/748/702 721/768/721
f 721/768/721 702/748/702 722/769/722
f 702/748/702 683/749/683 722/769/722
f 722/769/722 683/749/683 703/770/703
f 703/750/703 704/751/704 723/771/723
f 723/771/723 704/751/704 724/772/724
f 704/751/704 705/752/705 724/772/724
f 724/772/724 705/752/705 725/773/725
f 705/752/705 706/753/706 725/773/725
f 725/773/725 706/753/706 726/774/726
f 706/753/706 707/754/707 726/774/726
f 726/774/726 707/754/707 727/775/727
f 707/754/707 708/755/708 727/775/727
f 727/775/727 708/755/708 728/776/728
f 708/755/708 709/756/709 728/776/728
f 728/776/728 709/756/709 729/777/729
f 709/756/709 710/757/710 729/777/729
f 729/777/729 710/757/710 730/778/730
f 710/757/710 711/758/711 730/778/730
f 730/778/730 711/758/711 731/779/731
f 711/758/711 712/759/712 731/779/731
f 731/779/731 712/759/712 732/780/732
f 712/759/712 713/760/713 732/780/732
f 732/780/732 713/760/713 733/781/733
f 713/760/713 714/761/714 733/781/733
f 733/781/733 714/761/714 734/782/734
f 714/761/714 715/762/715 734/782/734
f 734/782/734 715/762/715 735/783/735
f 715/762/715 716/763/716 735/783/735
f 735/783/735 716/763/716 736/784/736
f 716/763/716 717/764/717 736/784/736
f 736/784/736 717/764/717 737/785/737
f 717/764/717 718/765/718 737/785/737
f 737/785/737 718/765/718 738/786/738
f 718/765/718 719/766/719 738/786/738
f 738/786/738 719/766/719 739/787/739
f 719/766/719 720/767/720 739/787/739
f 739/787/739 720/767/720 740/788/740
f 720/767/720 721/768/721 740/788/740
f 740/788/740 721/768/721 741/789/741
f 721/768/721 722/769/722 741/789/741
f 741/789/741 722/769/722 742/790/742
f 722/769/722 703/770/703 742/790/742
f 742/790/742 703/770/703 723/791/723
f 723/771/723 724/772/724 743/792/743
f 743/792/743 724/772/724 744/793/744
f 724/772/724 725/773/725 744/793/744
f 744/793/744 725/773/725 745/794/745
f 725/773/725 726/774/726 745/794/745
f 745/794/745 726/774/726 746/795/746
f 726/774/726 727/775/727 746/795/746
f 746/795/746 727/775/727 747/796/747
f 727/775/727 728/776/728 747/796/747
f 747/796/747 728/776/728 748/797/748
f 728/776/728 729/777/729 748/797/748
f 748/797/748 729/777/729 749/798/749
f 729/777/729 730/778/730 749/798/749
f 749/798/749 730/778/730 750/799/750
f 730/778/730 731/779/731 750/799/750
f 750/799/750 731/779/731 751/800/751
f 731/779/731 732/780/732 751/800/751
f 751/800/751 732/780/732 752/801/752
f 732/780/732 733/781/733 752/801/752
f 752/801/752 733/781/733 753/802/753
f 733/781/733 734/782/734 753/802/753
f 753/802/753 734/782/734 754/803/754
f 734/782/734 735/783/735 754/803/754
f 754/803/754 735/783/735 755/804/755
f 735/783/735 736/784/736 755/804/755
f 755/804/755 736/784/736 756/805/756
f 736/784/736 737/785/737 756/805/756
f 756/805/756 737/785/737 757/806/757
f 737/785/737 738/786/738 757/806/757
f 757/806/757 738/786/738 758/807/758
f 738/786/738 739/787/739 758/807/758
f 758/807/758 739/787/739 759/808/759
f 739/787/739 740/788/740 759/808/759
f 759/808/759 740/788/740 760/809/760
f 740/788/740 741/789/741 760/809/760
f 760/809/760 741/789/741 761/810/761
f 741/789/741 742/790/742 761/810/761
f 761/810/761 742/790/742 762/811/762
f 742/790/742 723/791/723 762/811/762
f 762/811/762 723/791/723 743/812/743
f 384/415/384 383/414/383 763/813/763
f 385/416/387 384/415/384 763/814/763
f 386/417/389 385/416/387 763/815/763
f 387/418/391 386/417/389 763/816/763
f 388/419/393 387/418/391 763/817/763
f 389/420/395 388/419/393 763/818/763
f 390/421/397 389/420/395 763/819/763
f 391/422/399 390/421/397 763/820/763
f 392/423/401 391/422/399 763/821/763
f 393/424/403 392/423/401 763/822/763
f 394/425/405 393/424/403 763/823/763
f 395/426/407 394/425/405 763/824/763
f 396/427/409 395/426/407 763/825/763
f 397/428/411 396/427/409 763/826/763
f 398/429/413 397/428/411 763/827/763
f 399/430/415 398/429/413 763/828/763
f 400/431/417 399/430/415 763/829/763
f 401/432/419 400/431/417 763/830/763
f 402/433/421 401/432/419 763/831/763
f 383/434/383 402/433/421 763/832/763
f 743/792/743 744/793/744 764/833/764
f 744/793/744 745/794/745 764/834/764
f 745/794/745 746/795/746 764/835/764
f 746/795/746 747/796/747 764/836/764
f 747/796/747 748/797/748 764/837/764
f 748/797/748 749/798/749 764/838/764
f 749/798/749 750/799/750 764/839/764
f 750/799/750 751/800/751 764/840/764
f 751/800/751 752/801/752 764/841/764
f 752/801/752 753/802/753 764/842/764
f 753/802/753 754/803/754 764/843/764
f 754/803/754 755/804/755 764/844/764
f 755/804/755 756/805/756 764/845/764
f 756/805/756 757/806/757 764/846/764
f 757/806/757 758/807/758 764/847/764
f 758/807/758 759/808/759 764/848/764
f 759/808/759 760/809/760 764/849/764
f 760/809/760 761/810/761 764/850/764
f 761/810/761 762/811/762 764/851/764
f 762/811/762 743/812/743 764/852/764
s 2
f 765/853/765 785/855/766 766/854/767
f 785/855/766 786/856/768 766/854/767
f 766/854/767 786/856/768 767/857/769
f 786/856/768 787/858/770 767/857/769
f 767/857/769 787/858/770 768/859/771
f 787/858/770 788/860/772 768/859/771
f 768/859/771 788/860/772 769/861/773
f 788/860/772 789/862/774 769/861/773
f 769/861/773 789/862/774 770/863/775
f 789/862/774 790/864/776 770/863/775
f 770/863/775 790/864/776 771/865/777
f 790/864/776 791/866/778 771/865/777
f 771/865/777 791/866/778 772/867/779
f 791/866/778 792/868/780 772/867/779
f 772/867/779 792/868/780 773/869/781
f 792/868/780 793/870/782 773/869/781
f 773/869/781 793/870/782 774/871/783
f 793/870/782 794/872/784 774/871/783
f 774/871/783 794/872/784 775/873/785
f 794/872/784 795/874/786 775/873/785
f 775/873/785 795/874/786 776/875/787
f 795/874/786 796/876/788 776/875/787
f 776/875/787 796/876/788 777/877/789
f 796/876/788 797/878/790 777/877/789
f 777/877/789 797/878/790 778/879/791
f 797/878/790 798/880/792 778/879/791
f 778/879/791 798/880/792 779/881/793
f 798/880/792 799/882/794 779/881/793
f 779/881/793 799/882/794 780/883/795
f 799/882/794 800/884/796 780/883/795
f 780/883/795 800/884/796 781/885/797
f 800/884/796 801/886/798 781/885/797
f 781/885/797 801/886/798 782/887/799
f 801/886/798 802/888/800 782/887/799
f 782/887/799 802/888/800 783/889/801
f 802/888/800 803/890/802 783/889/801
f 783/889/801 803/890/802 784/891/803
f 803/890/802 804/892/804 784/891/803
f 784/891/803 804/892/804 765/893/765
f 804/892/804 785/894/766 765/893/765
f 785/855/766 805/895/805 786/856/768
f 805/895/805 806/896/806 786/856/768
f 786/856/768 806/896/806 787/858/770
f 806/896/806 807/897/807 787/858/770
f 787/858/770 807/897/807 788/860/772
f 807/897/807 808/898/808 788/860/772
f 788/860/772 808/898/808 789/862/774
f 808/898/808 809/899/809 789/862/774
f 789/862/774 809/899/809 790/864/776
f 809/899/809 810/900/810 790/864/776
f 790/864/776 810/900/810 791/866/778
f 810/900/810 811/901/811 791/866/778
f 791/866/778 811/901/811 792/868/780
f 811/901/811 812/902/812 792/868/780
f 792/868/780 812/902/812 793/870/782
f 812/902/812 813/903/813 793/870/782
f 793/870/782 813/903/813 794/872/784
f 813/903/813 814/904/814 794/872/784
f 794/872/784 814/904/814 795/874/786
f 814/904/814 815/905/815 795/874/786
f 795/874/786 815/905/815 796/876/788
f 815/905/815 816/906/816 796/876/788
f 796/876/788 816/906/816 797/878/790
f 816/906/816 817/907/817 797/878/790
f 797/878/790 817/907/817 798/880/792
f 817/907/817 818/908/818 798/880/792
f 798/880/792 818/908/818 799/882/794
f 818/908/818 819/909/819 799/882/794
f 799/882/794 819/909/819 800/884/796
f 819/909/819 820/910/820 800/884/796
f 800/884/796 820/910/820 801/886/798
f 820/910/820 821/911/821 801/886/798
f 801/886/798 821/911/821 802/888/800
f 821/911/821 822/912/822 802/888/800
f 802/888/800 822/912/822 803/890/802
f 822/912/822 823/913/823 803/890/802
f 803/890/802 823/913/823 804/892/804
f 823/913/823 824/914/824 804/892/804
f 804/892/804 824/914/824 785/894/766
f 824/914/824 805/915/805 785/894/766
f 805/895/805 825/916/825 806/896/806
f 825/916/825 826/917/826 806/896/806
f 806/896/806 826/917/826 807/897/807
f 826/917/826 827/918/827 807/897/807
f 807/897/807 827/918/827 808/898/808
f 827/918/827 828/919/828 808/898/808
f 808/898/808 828/919/828 809/899/809
f 828/919/828 829/920/829 809/899/809
f 809/899/809 829/920/829 810/900/810
f 829/920/829 830/921/830 810/900/810
f 810/900/810 830/921/830 811/901/811
f 830/921/830 831/922/831 811/901/811
f 811/901/811 831/922/831 812/902/812
f 831/922/831 832/923/832 812/902/812
f 812/902/812 832/923/832 813/903/813
f 832/923/832 833/924/833 813/903/813
f 813/903/813 833/924/833 814/904/814
f 833/924/833 834/925/834 814/904/814
f 814/904/814 834/925/834 815/905/815
f 834/925/834 835/926/835 815/905/815
f 815/905/815 835/926/835 816/906/816
f 835/926/835 836/927/836 816/906/816
f 816/906/816 836/927/836 817/907/817
f 836/927/836 837/928/837 817/907/817
f 817/907/817 837/928/837 818/908/818
f 837/928/837 838/929/838 818/908/818
f 818/908/818 838/929/838 819/909/819
f 838/929/838 839/930/839 819/909/819
f 819/909/819 839/930/839 820/910/820
f 839/930/839 840/931/840 820/910/820
f 820/910/820 840/931/840 821/911/821
f 840/931/840 841/932/841 821/911/821
f 821/911/821 841/932/841 822/912/822
f 841/932/841 842/933/842 822/912/822
f 822/912/822 842/933/842 823/913/823
f 842/933/842 843/934/843 823/913/823
f 823/913/823 843/934/843 824/914/824
f 843/934/843 844/935/844 824/914/824
f 824/914/824 844/935/844 805/915/805
f 844/935/844 825/936/825 805/915/805
f 825/916/825 845/937/845 826/917/826
f 845/937/845 846/938/846 826/917/826
f 826/917/826 846/938/846 827/918/827
f 846/938/846 847/939/847 827/918/827
f 827/918/827 847/939/847 828/919/828
f 847/939/847 848/940/848 828/919/828
f 828/919/828 848/940/848 829/920/829
f 848/940/848 849/941/849 829/920/829
f 829/920/829 849/941/849 830/921/830
f 849/941/849 850/942/850 830/921/830
f 830/921/830 850/942/850 831/922/831
f 850/942/850 851/943/851 831/922/831
f 831/922/831 851/943/851 832/923/832
f 851/943/851 852/944/852 832/923/832
f 832/923/832 852/944/852 833/924/833
f 852/944/852 853/945/853 833/924/833
f 833/924/833 853/945/853 834/925/834
f 853/945/853 854/946/854 834/925/834
f 834/925/834 854/946/854 835/926/835
f 854/946/854 855/947/855 835/926/835
f 835/926/835 855/947/855 836/927/836
f 855/947/855 856/948/856 836/927/836
f 836/927/836 856/948/856 837/928/837
f 856/948/856 857/949/857 837/928/837
f 837/928/837 857/949/857 838/929/838
f 857/949/857 858/950/858 838/929/838
f 838/929/838 858/950/858 839/930/839
f 858/950/858 859/951/859 839/930/839
f 839/930/839 859/951/859 840/931/840
f 859/951/859 860/952/860 840/931/840
f 840/931/840 860/952/860 841/932/841
f 860/952/860 861/953/861 841/932/841
f 841/932/841 861/953/861 842/933/842
f 861/953/861 862/954/862 842/933/842
f 842/933/842 862/954/862 843/934/843
f 862/954/862 863/955/863 843/934/843
f 843/934/843 863/955/863 844/935/844
f 863/955/863 864/956/864 844/935/844
f 844/935/844 864/956/864 825/936/825
f 864/956/864 845/957/845 825/936/825
f 845/937/845 865/958/865 846/938/846
f 865/958/865 866/959/866 846/938/846
f 846/938/846 866/959/866 847/939/847
f 866/959/866 867/960/867 847/939/847
f 847/939/847 867/960/867 848/940/848
f 867/960/867 868/961/868 848/940/848
f 848/940/848 868/961/868 849/941/849
f 868/961/868 869/962/869 849/941/849
f 849/941/849 869/962/869 850/942/850
f 869/962/869 870/963/870 850/942/850
f 850/942/850 870/963/870 851/943/851
f 870/963/870 871/964/871 851/943/851
f 851/943/851 871/964/871 852/944/852
f 871/964/871 872/965/872 852/944/852
f 852/944/852 872/965/872 853/945/853
f 872/965/872 873/966/873 853/945/853
f 853/945/853 873/966/873 854/946/854
f 873/966/873 874/967/874 854/946/854
f 854/946/854 874/967/874 855/947/855
f 874/967/874 875/968/875 855/947/855
f 855/947/855 875/968/875 856/948/856
f 875/968/875 876/969/876 856/948/856
f 856/948/856 876/969/876 857/949/857
f 876/969/876 877/970/877 857/949/857
f 857/949/857 877/970/877 858/950/858
f 877/970/877 878/971/878 858/950/858
f 858/950/858 878/971/878 859/951/859
f 878/971/878 879/972/879 859/951/859
f 859/951/859 879/972/879 860/952/860
f 879/972/879 880/973/880 860/952/860
f 860/952/860 880/973/880 861/953/861
f 880/973/880 881/974/881 861/953/861
f 861/953/861 881/974/881 862/954/862
f 881/974/881 882/975/882 862/954/862
f 862/954/862 882/975/882 863/955/863
f 882/975/882 883/976/883 863/955/863
f 863/955/863 883/976/883 864/956/864
f 883/976/883 884/977/884 864/956/864
f 864/956/864 884/977/884 845/957/845
f 884/977/884 865/978/865 845/957/845
f 865/958/865 885/979/885 866/959/866
f 885/979/885 886/980/886 866/959/866
f 866/959/866 886/980/886 867/960/867
f 886/980/886 887/981/887 867/960/867
f 867/960/867 887/981/887 868/961/868
f 887/981/887 888/982/888 868/961/868
f 868/961/868 888/982/888 869/962/869
f 888/982/888 889/983/889 869/962/869
f 869/962/869 889/983/889 870/963/870
f 889/983/889 890/984/890 870/963/870
f 870/963/870 890/984/890 871/964/871
f 890/984/890 891/985/891 871/964/871
f 871/964/871 891/985/891 872/965/872
f 891/985/891 892/986/892 872/965/872
f 872/965/872 892/986/892 873/966/873
f 892/986/892 893/987/893 873/966/873
f 873/966/873 893/987/893 874/967/874
f 893/987/893 894/988/894 874/967/874
f 874/967/874 894/988/894 875/968/875
f 894/988/894 895/989/895 875/968/875
f 875/968/875 895/989/895 876/969/876
f 895/989/895 896/990/896 876/969/876
f 876/969/876 896/990/896 877/970/877
f 896/990/896 897/991/897 877/970/877
f 877/970/877 897/991/897 878/971/878
f 897/991/897 898/992/898 878/971/878
f 878/971/878 898/992/898 879/972/879
f 898/992/898 899/993/899 879/972/879
f 879/972/879 899/993/899 880/973/880
f 899/993/899 900/994/900 880/973/880
f 880/973/880 900/994/900 881/974/881
f 900/994/900 901/995/901 881/974/881
f 881/974/881 901/995/901 882/975/882
f 901/995/901 902/996/902 882/975/882
f 882/975/882 902/996/902 883/976/883
f 902/996/902 903/997/903 883/976/883
f 883/976/883 903/997/903 884/977/884
f 903/997/903 904/998/904 884/977/884
f 884/977/884 904/998/904 865/978/865
f 904/998/904 885/999/885 865/978/865
f 885/979/885 905/1000/905 886/980/886
f 905/1000/905 906/1001/906 886/980/886
f 886/980/886 906/1001/906 887/981/887
f 906/1001/906 907/1002/907 887/981/887
f 887/981/887 907/1002/907 888/982/888
f 907/1002/907 908/1003/908 888/982/888
f 888/982/888 908/1003/908 889/983/889
f 908/1003/908 909/1004/909 889/983/889
f 889/983/889 909/1004/909 890/984/890
f 909/1004/909 910/1005/910 890/984/890
f 890/984/890 910/1005/910 891/985/891
f 910/1005/910 911/1006/911 891/985/891
f 891/985/891 911/1006/911 892/986/892
f 911/1006/911 912/1007/912 892/986/892
f 892/986/892 912/1007/912 893/987/893
f 912/1007/912 913/1008/913 893/987/893
f 893/987/893 913/1008/913 894/988/894
f 913/1008/913 914/1009/914 894/988/894
f 894/988/894 914/1009/914 895/989/895
f 914/1009/914 915/1010/915 895/989/895
f 895/989/895 915/1010/915 896/990/896
f 915/1010/915 916/1011/916 896/990/896
f 896/990/896 916/1011/916 897/991/897
f 916/1011/916 917/1012/917 897/991/897
f 897/991/897 917/1012/917 898/992/898
f 917/1012/917 918/1013/918 898/992/898
f 898/992/898 918/1013/918 899/993/899
f 918/1013/918 919/1014/919 899/993/899
f 899/993/899 919/1014/919 900/994/900
f 919/1014/919 920/1015/920 900/994/900
f 900/994/900 920/1015/920 901/995/901
f 920/1015/920 921/1016/921 901/995/901
f 901/995/901 921/1016/921 902/996/902
f 921/1016/921 922/1017/922 902/996/902
f 902/996/902 922/1017/922 903/997/903
f 922/1017/922 923/1018/923 903/997/903
f 903/997/903 923/1018/923 904/998/904
f 923/1018/923 924/1019/924 904/998/904
f 904/998/904 924/1019/924 885/999/885
f 924/1019/924 905/1020/905 885/999/885
f 905/1000/905 925/1021/925 906/1001/906
f 925/1021/925 926/1022/926 906/1001/906
f 906/1001/906 926/1022/926 907/1002/907
f 926/1022/926 927/1023/927 907/1002/907
f 907/1002/907 927/1023/927 908/1003/908
f 927/1023/927 928/1024/928 908/1003/908
f 908/1003/908 928/1024/928 909/1004/909
f 928/1024/928 929/1025/929 909/1004/909
f 909/1004/909 929/1025/929 910/1005/910
f 929/1025/929 930/1026/930 910/1005/910
f 910/1005/910 930/1026/930 911/1006/911
f 930/1026/930 931/1027/931 911/1006/911
f 911/1006/911 931/1027/931 912/1007/912
f 931/1027/931 932/1028/932 912/1007/912
f 912/1007/912 932/1028/932 913/1008/913
f 932/1028/932 933/1029/933 913/1008/913
f 913/1008/913 933/1029/933 914/1009/914
f 933/1029/933 934/1030/934 914/1009/914
f 914/1009/914 934/1030/934 915/1010/915
f 934/1030/934 935/1031/935 915/1010/915
f 915/1010/915 935/1031/935 916/1011/916
f 935/1031/935 936/1032/936 916/1011/916
f 916/1011/916 936/1032/936 917/1012/917
f 936/1032/936 937/1033/937 917/1012/917
f 917/1012/917 937/1033/937 918/1013/918
f 937/1033/937 938/1034/938 918/1013/918
f 918/1013/918 938/1034/938 919/1014/919
f 938/1034/938 939/1035/939 919/1014/919
f 919/1014/919 939/1035/939 920/1015/920
f 939/1035/939 940/1036/940 920/1015/920
f 920/1015/920 940/1036/940 921/1016/921
f 940/1036/940 941/1037/941 921/1016/921
f 921/1016/921 941/1037/941 922/1017/922
f 941/1037/941 942/1038/942 922/1017/922
f 922/1017/922 942/1038/942 923/1018/923
f 942/1038/942 943/1039/943 923/1018/923
f 923/1018/923 943/1039/943 924/1019/924
f 943/1039/943 944/1040/944 924/1019/924
f 924/1019/924 944/1040/944 905/1020/905
f 944/1040/944 925/1041/925 905/1020/905
f 925/1021/925 945/1042/945 926/1022/926
f 945/1042/945 946/1043/946 926/1022/926
f 926/1022/926 946/1043/946 927/1023/927
f 946/1043/946 947/1044/947 927/1023/927
f 927/1023/927 947/1044/947 928/1024/928
f 947/1044/947 948/1045/948 928/1024/928
f 928/1024/928 948/1045/948 929/1025/929
f 948/1045/948 949/1046/949 929/1025/929
f 929/1025/929 949/1046/949 930/1026/930
f 949/1046/949 950/1047/950 930/1026/930
f 930/1026/930 950/1047/950 931/1027/931
f 950/1047/950 951/1048/951 931/1027/931
f 931/1027/931 951/1048/951 932/1028/932
f 951/1048/951 952/1049/952 932/1028/932
f 932/1028/932 952/1049/952 933/1029/933
f 952/1049/952 953/1050/953 933/1029/933
f 933/1029/933 953/1050/953 934/1030/934
f 953/1050/953 954/1051/954 934/1030/934
f 934/1030/934 954/1051/954 935/1031/935
f 954/1051/954 955/1052/955 935/1031/935
f 935/1031/935 955/1052/955 936/1032/936
f 955/1052/955 956/1053/956 936/1032/936
f 936/1032/936 956/1053/956 937/1033/937
f 956/1053/956 957/1054/957 937/1033/937
f 937/1033/937 957/1054/957 938/1034/938
f 957/1054/957 958/1055/958 938/1034/938
f 938/1034/938 958/1055/958 939/1035/939
f 958/1055/958 959/1056/959 939/1035/939
f 939/1035/939 959/1056/959 940/1036/940
f 959/1056/959 960/1057/960 940/1036/940
f 940/1036/940 960/1057/960 941/1037/941
f 960/1057/960 961/1058/961 941/1037/941
f 941/1037/941 961/1058/961 942/1038/942
f 961/1058/961 962/1059/962 942/1038/942
f 942/1038/942 962/1059/962 943/1039/943
f 962/1059/962 963/1060/963 943/1039/943
f 943/1039/943 963/1060/963 944/1040/944
f 963/1060/963 964/1061/964 944/1040/944
f 944/1040/944 964/1061/964 925/1041/925
f 964/1061/964 945/1062/945 925/1041/925
f 945/1042/945 965/1063/965 946/1043/946
f 965/1063/965 966/1064/966 946/1043/946
f 946/1043/946 966/1064/966 947/1044/947
f 966/1064/966 967/1065/967 947/1044/947
f 947/1044/947 967/1065/967 948/1045/948
f 967/1065/967 968/1066/968 948/1045/948
f 948/1045/948 968/1066/968 949/1046/949
f 968/1066/968 969/1067/969 949/1046/949
f 949/1046/949 969/1067/969 950/1047/950
f 969/1067/969 970/1068/970 950/1047/950
f 950/1047/950 970/1068/970 951/1048/951
f 970/1068/970 971/1069/971 951/1048/951
f 951/1048/951 971/1069/971 952/1049/952
f 971/1069/971 972/1070/972 952/1049/952
f 952/1049/952 972/1070/972 953/1050/953
f 972/1070/972 973/1071/973 953/1050/953
f 953/1050/953 973/1071/973 954/1051/954
f 973/1071/973 974/1072/974 954/1051/954
f 954/1051/954 974/1072/974 955/1052/955
f 974/1072/974 975/1073/975 955/1052/955
f 955/1052/955 975/1073/975 956/1053/956
f 975/1073/975 976/1074/976 956/1053/956
f 956/1053/956 976/1074/976 957/1054/957
f 976/1074/976 977/1075/977 957/1054/957
f 957/1054/957 977/1075/977 958/1055/958
f 977/1075/977 978/1076/978 958/1055/958
f 958/1055/958 978/1076/978 959/1056/959
f 978/1076/978 979/1077/979 959/1056/959
f 959/1056/959 979/1077/979 960/1057/960
f 979/1077/979 980/1078/980 960/1057/960
f 960/1057/960 980/1078/980 961/1058/961
f 980/1078/980 981/1079/981 961/1058/961
f 961/1058/961 981/1079/981 962/1059/962
f 981/1079/981 982/1080/982 962/1059/962
f 962/1059/962 982/1080/982 963/1060/963
f 982/1080/982 983/1081/983 963/1060/963
f 963/1060/963 983/1081/983 964/1061/964
f 983/1081/983 984/1082/984 964/1061/964
f 964/1061/964 984/1082/984 945/1062/945
f 984/1082/984 965/1083/965 945/1062/945
f 965/1063/965 985/1084/985 966/1064/966
f 985/1084/985 986/1085/986 966/1064/966
f 966/1064/966 986/1085/986 967/1065/967
f 986/1085/986 987/1086/987 967/1065/967
f 967/1065/967 987/1086/987 968/1066/968
f 987/1086/987 988/1087/988 968/1066/968
f 968/1066/968 988/1087/988 969/1067/969
f 988/1087/988 989/1088/989 969/1067/969
f 969/1067/969 989/1088/989 970/1068/970
f 989/1088/989 990/1089/990 970/1068/970
f 970/1068/970 990/1089/990 971/1069/971
f 990/1089/990 991/1090/991 971/1069/971
f 971/1069/971 991/1090/991 972/1070/972
f 991/1090/991 992/1091/992 972/1070/972
f 972/1070/972 992/1091/992 973/1071/973
f 992/1091/992 993/1092/993 973/1071/973
f 973/1071/973 993/1092/993 974/1072/974
f 993/1092/993 994/1093/994 974/1072/974
f 974/1072/974 994/1093/994 975/1073/975
f 994/1093/994 995/1094/995 975/1073/975
f 975/1073/975 995/1094/995 976/1074/976
f 995/1094/995 996/1095/996 976/1074/976
f 976/1074/976 996/1095/996 977/1075/977
f 996/1095/996 997/1096/997 977/1075/977
f 977/1075/977 997/1096/997 978/1076/978
f 997/1096/997 998/1097/998 978/1076/978
f 978/1076/978 998/1097/998 979/1077/979
f 998/1097/998 999/1098/999 979/1077/979
f 979/1077/979 999/1098/999 980/1078/980
f 999/1098/999 1000/1099/1000 980/1078/980
f 980/1078/980 1000/1099/1000 981/1079/981
f 1000/1099/1000 1001/1100/1001 981/1079/981
f 981/1079/981 1001/1100/1001 982/1080/982
f 1001/1100/1001 1002/1101/1002 982/1080/982
f 982/1080/982 1002/1101/1002 983/1081/983
f 1002/1101/1002 1003/1102/1003 983/1081/983
f 983/1081/983 1003/1102/1003 984/1082/984
f 1003/1102/1003 1004/1103/1004 984/1082/984
f 984/1082/984 1004/1103/1004 965/1083/965
f 1004/1103/1004 985/1104/985 965/1083/965
f 985/1084/985 1005/1105/1005 986/1085/986
f 1005/1105/1005 1006/1106/1006 986/1085/986
f 986/1085/986 1006/1106/1006 987/1086/987
f 1006/1106/1006 1007/1107/1007 987/1086/987
f 987/1086/987 1007/1107/1007 988/1087/988
f 1007/1107/1007 1008/1108/1008 988/1087/988
f 988/1087/988 1008/1108/1008 989/1088/989
f 1008/1108/1008 1009/1109/1009 989/1088/989
f 989/1088/989 1009/1109/1009 990/1089/990
f 1009/1109/1009 1010/1110/1010 990/1089/990
f 990/1089/990 1010/1110/1010 991/1090/991
f 1010/1110/1010 1011/1111/1011 991/1090/991
f 991/1090/991 1011/1111/1011 992/1091/992
f 1011/1111/1011 1012/1112/1012 992/1091/992
f 992/1091/992 1012/1112/1012 993/1092/993
f 1012/1112/1012 1013/1113/1013 993/1092/993
f 993/1092/993 1013/1113/1013 994/1093/994
f 1013/1113/1013 1014/1114/1014 994/1093/994
f 994/1093/994 1014/1114/1014 995/1094/995
f 1014/1114/1014 1015/1115/1015 995/1094/995
f 995/1094/995 1015/1115/1015 996/1095/996
f 1015/1115/1015 1016/1116/1016 996/1095/996
f 996/1095/996 1016/1116/1016 997/1096/997
f 1016/1116/1016 1017/1117/1017 997/1096/997
f 997/1096/997 1017/1117/1017 998/1097/998
f 1017/1117/1017 1018/1118/1018 998/1097/998
f 998/1097/998 1018/1118/1018 999/1098/999
f 1018/1118/1018 1019/1119/1019 999/1098/999
f 999/1098/999 1019/1119/1019 1000/1099/1000
f 1019/1119/1019 1020/1120/1020 1000/1099/1000
f 1000/1099/1000 1020/1120/1020 1001/1100/1001
f 1020/1120/1020 1021/1121/1021 1001/1100/1001
f 1001/1100/1001 1021/1121/1021 1002/1101/1002
f 1021/1121/1021 1022/1122/1022 1002/1101/1002
f 1002/1101/1002 1022/1122/1022 1003/1102/1003
f 1022/1122/1022 1023/1123/1023 1003/1102/1003
f 1003/1102/1003 1023/1123/1023 1004/1103/1004
f 1023/1123/1023 1024/1124/1024 1004/1103/1004
f 1004/1103/1004 1024/1124/1024 985/1104/985
f 1024/1124/1024 1005/1125/1005 985/1104/985
f 1005/1105/1005 1025/1126/1025 1006/1106/1006
f 1025/1126/1025 1026/1127/1026 1006/1106/1006
f 1006/1106/1006 1026/1127/1026 1007/1107/1007
f 1026/1127/1026 1027/1128/1027 1007/1107/1007
f 1007/1107/1007 1027/1128/1027 1008/1108/1008
f 1027/1128/1027 1028/1129/1028 1008/1108/1008
f 1008/1108/1008 1028/1129/1028 1009/1109/1009
f 1028/1129/1028 1029/1130/1029 1009/1109/1009
f 1009/1109/1009 1029/1130/1029 1010/1110/1010
f 1029/1130/1029 1030/1131/1030 1010/1110/1010
f 1010/1110/1010 1030/1131/1030 1011/1111/1011
f 1030/1131/1030 1031/1132/1031 1011/1111/1011
f 1011/1111/1011 1031/1132/1031 1012/1112/1012
f 1031/1132/1031 1032/1133/1032 1012/1112/1012
f 1012/1112/1012 1032/1133/1032 1013/1113/1013
f 1032/1133/1032 1033/1134/1033 1013/1113/1013
f 1013/1113/1013 1033/1134/1033 1014/1114/1014
f 1033/1134/1033 1034/1135/1034 1014/1114/1014
f 1014/1114/1014 1034/1135/1034 1015/1115/1015
f 1034/1135/1034 1035/1136/1035 1015/1115/1015
f 1015/1115/1015 1035/1136/1035 1016/1116/1016
f 1035/1136/1035 1036/1137/1036 1016/1116/1016
f 1016/1116/1016 1036/1137/1036 1017/1117/1017
f 1036/1137/1036 1037/1138/1037 1017/1117/1017
f 1017/1117/1017 1037/1138/1037 1018/1118/1018
f 1037/1138/1037 1038/1139/1038 1018/1118/1018
f 1018/1118/1018 1038/1139/1038 1019/1119/1019
f 1038/1139/1038 1039/1140/1039 1019/1119/1019
f 1019/1119/1019 1039/1140/1039 1020/1120/1020
f 1039/1140/1039 1040/1141/1040 1020/1120/1020
f 1020/1120/1020 1040/1141/1040 1021/1121/1021
f 1040/1141/1040 1041/1142/1041 1021/1121/1021
f 1021/1121/1021 1041/1142/1041 1022/1122/1022
f 1041/1142/1041 1042/1143/1042 1022/1122/1022
f 1022/1122/1022 1042/1143/1042 1023/1123/1023
f 1042/1143/1042 1043/1144/1043 1023/1123/1023
f 1023/1123/1023 1043/1144/1043 1024/1124/1024
f 1043/1144/1043 1044/1145/1044 1024/1124/1024
f 1024/1124/1024 1044/1145/1044 1005/1125/1005
f 1044/1145/1044 1025/1146/1025 1005/1125/1005
f 1025/1126/1025 1045/1147/1045 1026/1127/1026
f 1045/1147/1045 1046/1148/1046 1026/1127/1026
f 1026/1127/1026 1046/1148/1046 1027/1128/1027
f 1046/1148/1046 1047/1149/1047 1027/1128/1027
f 1027/1128/1027 1047/1149/1047 1028/1129/1028
f 1047/1149/1047 1048/1150/1048 1028/1129/1028
f 1028/1129/1028 1048/1150/1048 1029/1130/1029
f 1048/1150/1048 1049/1151/1049 1029/1130/1029
f 1029/1130/1029 1049/1151/1049 1030/1131/1030
f 1049/1151/1049 1050/1152/1050 1030/1131/1030
f 1030/1131/1030 1050/1152/1050 1031/1132/1031
f 1050/1152/1050 1051/1153/1051 1031/1132/1031
f 1031/1132/1031 1051/1153/1051 1032/1133/1032
f 1051/1153/1051 1052/1154/1052 1032/1133/1032
f 1032/1133/1032 1052/1154/1052 1033/1134/1033
f 1052/1154/1052 1053/1155/1053 1033/1134/1033
f 1033/1134/1033 1053/1155/1053 1034/1135/1034
f 1053/1155/1053 1054/1156/1054 1034/1135/1034
f 1034/1135/1034 1054/1156/1054 1035/1136/1035
f 1054/1156/1054 1055/1157/1055 1035/1136/1035
f 1035/1136/1035 1055/1157/1055 1036/1137/1036
f 1055/1157/1055 1056/1158/1056 1036/1137/1036
f 1036/1137/1036 1056/1158/1056 1037/1138/1037
f 1056/1158/1056 1057/1159/1057 1037/1138/1037
f 1037/1138/1037 1057/1159/1057 1038/1139/1038
f 1057/1159/1057 1058/1160/1058 1038/1139/1038
f 1038/1139/1038 1058/1160/1058 1039/1140/1039
f 1058/1160/1058 1059/1161/1059 1039/1140/1039
f 1039/1140/1039 1059/1161/1059 1040/1141/1040
f 1059/1161/1059 1060/1162/1060 1040/1141/1040
f 1040/1141/1040 1060/1162/1060 1041/1142/1041
f 1060/1162/1060 1061/1163/1061 1041/1142/1041
f 1041/1142/1041 1061/1163/1061 1042/1143/1042
f 1061/1163/1061 1062/1164/1062 1042/1143/1042
f 1042/1143/1042 1062/1164/1062 1043/1144/1043
f 1062/1164/1062 1063/1165/1063 1043/1144/1043
f 1043/1144/1043 1063/1165/1063 1044/1145/1044
f 1063/1165/1063 1064/1166/1064 1044/1145/1044
f 1044/1145/1044 1064/1166/1064 1025/1146/1025
f 1064/1166/1064 1045/1167/1045 1025/1146/1025
f 1045/1147/1045 1065/1168/1065 1046/1148/1046
f 1065/1168/1065 1066/1169/1066 1046/1148/1046
f 1046/1148/1046 1066/1169/1066 1047/1149/1047
f 1066/1169/1066 1067/1170/1067 1047/1149/1047
f 1047/1149/1047 1067/1170/1067 1048/1150/1048
f 1067/1170/1067 1068/1171/1068 1048/1150/1048
f 1048/1150/1048 1068/1171/1068 1049/1151/1049
f 1068/1171/1068 1069/1172/1069 1049/1151/1049
f 1049/1151/1049 1069/1172/1069 1050/1152/1050
f 1069/1172/1069 1070/1173/1070 1050/1152/1050
f 1050/1152/1050 1070/1173/1070 1051/1153/1051
f 1070/1173/1070 1071/1174/1071 1051/1153/1051
f 1051/1153/1051 1071/1174/1071 1052/1154/1052
f 1071/1174/1071 1072/1175/1072 1052/1154/1052
f 1052/1154/1052 1072/1175/1072 1053/1155/1053
f 1072/1175/1072 1073/1176/1073 1053/1155/1053
f 1053/1155/1053 1073/1176/1073 1054/1156/1054
f 1073/1176/1073 1074/1177/1074 1054/1156/1054
f 1054/1156/1054 1074/1177/1074 1055/1157/1055
f 1074/1177/1074 1075/1178/1075 1055/1157/1055
f 1055/1157/1055 1075/1178/1075 1056/1158/1056
f 1075/1178/1075 1076/1179/1076 1056/1158/1056
f 1056/1158/1056 1076/1179/1076 1057/1159/1057
f 1076/1179/1076 1077/1180/1077 1057/1159/1057
f 1057/1159/1057 1077/1180/1077 1058/1160/1058
f 1077/1180/1077 1078/1181/1078 1058/1160/1058
f 1058/1160/1058 1078/1181/1078 1059/1161/1059
f 1078/1181/1078 1079/1182/1079 1059/1161/1059
f 1059/1161/1059 1079/1182/1079 1060/1162/1060
f 1079/1182/1079 1080/1183/1080 1060/1162/1060
f 1060/1162/1060 1080/1183/1080 1061/1163/1061
f 1080/1183/1080 1081/1184/1081 1061/1163/1061
f 1061/1163/1061 1081/1184/1081 1062/1164/1062
f 1081/1184/1081 1082/1185/1082 1062/1164/1062
f 1062/1164/1062 1082/1185/1082 1063/1165/1063
f 1082/1185/1082 1083/1186/1083 1063/1165/1063
f 1063/1165/1063 1083/1186/1083 1064/1166/1064
f 1083/1186/1083 1084/1187/1084 1064/1166/1064
f 1064/1166/1064 1084/1187/1084 1045/1167/1045
f 1084/1187/1084 1065/1188/1065 1045/1167/1045
f 1065/1168/1065 1085/1189/1085 1066/1169/1066
f 1085/1189/1085 1086/1190/1086 1066/1169/1066
f 1066/1169/1066 1086/1190/1086 1067/1170/1067
f 1086/1190/1086 1087/1191/1087 1067/1170/1067
f 1067/1170/1067 1087/1191/1087 1068/1171/1068
f 1087/1191/1087 1088/1192/1088 1068/1171/1068
f 1068/1171/1068 1088/1192/1088 1069/1172/1069
f 1088/1192/1088 1089/1193/1089 1069/1172/1069
f 1069/1172/1069 1089/1193/1089 1070/1173/1070
f 1089/1193/1089 1090/1194/1090 1070/1173/1070
f 1070/1173/1070 1090/1194/1090 1071/1174/1071
f 1090/1194/1090 1091/1195/1091 1071/1174/1071
f 1071/1174/1071 1091/1195/1091 1072/1175/1072
f 1091/1195/1091 1092/1196/1092 1072/1175/1072
f 1072/1175/1072 1092/1196/1092 1073/1176/1073
f 1092/1196/1092 1093/1197/1093 1073/1176/1073
f 1073/1176/1073 1093/1197/1093 1074/1177/1074
f 1093/1197/1093 1094/1198/1094 1074/1177/1074
f 1074/1177/1074 1094/1198/1094 1075/1178/1075
f 1094/1198/1094 1095/1199/1095 1075/1178/1075
f 1075/1178/1075 1095/1199/1095 1076/1179/1076
f 1095/1199/1095 1096/1200/1096 1076/1179/1076
f 1076/1179/1076 1096/1200/1096 1077/1180/1077
f 1096/1200/1096 1097/1201/1097 1077/1180/1077
f 1077/1180/1077 1097/1201/1097 1078/1181/1078
f 1097/1201/1097 1098/1202/1098 1078/1181/1078
f 1078/1181/1078 1098/1202/1098 1079/1182/1079
f 1098/1202/1098 1099/1203/1099 1079/1182/1079
f 1079/1182/1079 1099/1203/1099 1080/1183/1080
f 1099/1203/1099 1100/1204/1100 1080/1183/1080
f 1080/1183/1080 1100/1204/1100 1081/1184/1081
f 1100/1204/1100 1101/1205/1101 1081/1184/1081
f 1081/1184/1081 1101/1205/1101 1082/1185/1082
f 1101/1205/1101 1102/1206/1102 1082/1185/1082
f 1082/1185/1082 1102/1206/1102 1083/1186/1083
f 1102/1206/1102 1103/1207/1103 1083/1186/1083
f 1083/1186/1083 1103/1207/1103 1084/1187/1084
f 1103/1207/1103 1104/1208/1104 1084/1187/1084
f 1084/1187/1084 1104/1208/1104 1065/1188/1065
f 1104/1208/1104 1085/1209/1085 1065/1188/1065
f 1085/1189/1085 1105/1210/1105 1086/1190/1086
f 1105/1210/1105 1106/1211/1106 1086/1190/1086
f 1086/1190/1086 1106/1211/1106 1087/1191/1087
f 1106/1211/1106 1107/1212/1107 1087/1191/1087
f 1087/1191/1087 1107/1212/1107 1088/1192/1088
f 1107/1212/1107 1108/1213/1108 1088/1192/1088
f 1088/1192/1088 1108/1213/1108 1089/1193/1089
f 1108/1213/1108 1109/1214/1109 1089/1193/1089
f 1089/1193/1089 1109/1214/1109 1090/1194/1090
f 1109/1214/1109 1110/1215/1110 1090/1194/1090
f 1090/1194/1090 1110/1215/1110 1091/1195/1091
f 1110/1215/1110 1111/1216/1111 1091/1195/1091
f 1091/1195/1091 1111/1216/1111 1092/1196/1092
f 1111/1216/1111 1112/1217/1112 1092/1196/1092
f 1092/1196/1092 1112/1217/1112 1093/1197/1093
f 1112/1217/1112 1113/1218/1113 1093/1197/1093
f 1093/1197/1093 1113/1218/1113 1094/1198/1094
f 1113/1218/1113 1114/1219/1114 1094/1198/1094
f 1094/1198/1094 1114/1219/1114 1095/1199/1095
f 1114/1219/1114 1115/1220/1115 1095/1199/1095
f 1095/1199/1095 1115/1220/1115 1096/1200/1096
f 1115/1220/1115 1116/1221/1116 1096/1200/1096
f 1096/1200/1096 1116/1221/1116 1097/1201/1097
f 1116/1221/1116 1117/1222/1117 1097/1201/1097
f 1097/1201/1097 1117/1222/1117 1098/1202/1098
f 1117/1222/1117 1118/1223/1118 1098/1202/1098
f 1098/1202/1098 1118/1223/1118 1099/1203/1099
f 1118/1223/1118 1119/1224/1119 1099/1203/1099
f 1099/1203/1099 1119/1224/1119 1100/1204/1100
f 1119/1224/1119 1120/1225/1120 1100/1204/1100
f 1100/1204/1100 1120/1225/1120 1101/1205/1101
f 1120/1225/1120 1121/1226/1121 1101/1205/1101
f 1101/1205/1101 1121/1226/1121 1102/1206/1102
f 1121/1226/1121 1122/1227/1122 1102/1206/1102
f 1102/1206/1102 1122/1227/1122 1103/1207/1103
f 1122/1227/1122 1123/1228/1123 1103/1207/1103
f 1103/1207/1103 1123/1228/1123 1104/1208/1104
f 1123/1228/1123 1124/1229/1124 1104/1208/1104
f 1104/1208/1104 1124/1229/1124 1085/1209/1085
f 1124/1229/1124 1105/1230/1105 1085/1209/1085
f 1105/1210/1105 1125/1231/1125 1106/1211/1106
f 1125/1231/1125 1126/1232/1126 1106/1211/1106
f 1106/1211/1106 1126/1232/1126 1107/1212/1107
f 1126/1232/1126 1127/1233/1127 1107/1212/1107
f 1107/1212/1107 1127/1233/1127 1108/1213/1108
f 1127/1233/1127 1128/1234/1128 1108/1213/1108
f 1108/1213/1108 1128/1234/1128 1109/1214/1109
f 1128/1234/1128 1129/1235/1129 1109/1214/1109
f 1109/1214/1109 1129/1235/1129 1110/1215/1110
f 1129/1235/1129 1130/1236/1130 1110/1215/1110
f 1110/1215/1110 1130/1236/1130 1111/1216/1111
f 1130/1236/1130 1131/1237/1131 1111/1216/1111
f 1111/1216/1111 1131/1237/1131 1112/1217/1112
f 1131/1237/1131 1132/1238/1132 1112/1217/1112
f 1112/1217/1112 1132/1238/1132 1113/1218/1113
f 1132/1238/1132 1133/1239/1133 1113/1218/1113
f 1113/1218/1113 1133/1239/1133 1114/1219/1114
f 1133/1239/1133 1134/1240/1134 1114/1219/1114
f 1114/1219/1114 1134/1240/1134 1115/1220/1115
f 1134/1240/1134 1135/1241/1135 1115/1220/1115
f 1115/1220/1115 1135/1241/1135 1116/1221/1116
f 1135/1241/1135 1136/1242/1136 1116/1221/1116
f 1116/1221/1116 1136/1242/1136 1117/1222/1117
f 1136/1242/1136 1137/1243/1137 1117/1222/1117
f 1117/1222/1117 1137/1243/1137 1118/1223/1118
f 1137/1243/1137 1138/1244/1138 1118/1223/1118
f 1118/1223/1118 1138/1244/1138 1119/1224/1119
f 1138/1244/1138 1139/1245/1139 1119/1224/1119
f 1119/1224/1119 1139/1245/1139 1120/1225/1120
f 1139/1245/1139 1140/1246/1140 1120/1225/1120
f 1120/1225/1120 1140/1246/1140 1121/1226/1121
f 1140/1246/1140 1141/1247/1141 1121/1226/1121
f 1121/1226/1121 1141/1247/1141 1122/1227/1122
f 1141/1247/1141 1142/1248/1142 1122/1227/1122
f 1122/1227/1122 1142/1248/1142 1123/1228/1123
f 1142/1248/1142 1143/1249/1143 1123/1228/1123
f 1123/1228/1123 1143/1249/1143 1124/1229/1124
f 1143/1249/1143 1144/1250/1144 1124/1229/1124
f 1124/1229/1124 1144/1250/1144 1105/1230/1105
f 1144/1250/1144 1125/1251/1125 1105/1230/1105
f 766/854/767 1145/1252/1145 765/853/765
f 767/857/769 1145/1253/1145 766/854/767
f 768/859/771 1145/1254/1145 767/857/769
f 769/861/773 1145/1255/1145 768/859/771
f 770/863/775 1145/1256/1145 769/861/773
f 771/865/777 1145/1257/1145 770/863/775
f 772/867/779 1145/1258/1145 771/865/777
f 773/869/781 1145/1259/1145 772/867/779
f 774/871/783 1145/1260/1145 773/869/781
f 775/873/785 1145/1261/1145 774/871/783
f 776/875/787 1145/1262/1145 775/873/785
f 777/877/789 1145/1263/1145 776/875/787
f 778/879/791 1145/1264/1145 777/877/789
f 779/881/793 1145/1265/1145 778/879/791
f 780/883/795 1145/1266/1145 779/881/793
f 781/885/797 1145/1267/1145 780/883/795
f 782/887/799 1145/1268/1145 781/885/797
f 783/889/801 1145/1269/1145 782/887/799
f 784/891/803 1145/1270/1145 783/889/801
f 765/893/765 1145/1271/1145 784/891/803
f 1125/1231/1125 1146/1272/1146 1126/1232/1126
f 1126/1232/1126 1146/1273/1146 1127/1233/1127
f 1127/1233/1127 1146/1274/1146 1128/1234/1128
f 1128/1234/1128 1146/1275/1146 1129/1235/1129
f 1129/1235/1129 1146/1276/1146 1130/1236/1130
f 1130/1236/1130 1146/1277/1146 1131/1237/1131
f 1131/1237/1131 1146/1278/1146 1132/1238/1132
f 1132/1238/1132 1146/1279/1146 1133/1239/1133
f 1133/1239/1133 1146/1280/1146 1134/1240/1134
f 1134/1240/1134 1146/1281/1146 1135/1241/1135
f 1135/1241/1135 1146/1282/1146 1136/1242/1136
f 1136/1242/1136 1146/1283/1146 1137/1243/1137
f 1137/1243/1137 1146/1284/1146 1138/1244/1138
f 1138/1244/1138 1146/1285/1146 1139/1245/1139
f 1139/1245/1139 1146/1286/1146 1140/1246/1140
f 1140/1246/1140 1146/1287/1146 1141/1247/1141
f 1141/1247/1141 1146/1288/1146 1142/1248/1142
f 1142/1248/1142 1146/1289/1146 1143/1249/1143
f 1143/1249/1143 1146/1290/1146 1144/1250/1144
f 1144/1250/1144 1146/1291/1146 1125/1251/1125
g default
v -0.011750 0.259920 0.431615
v -0.008993 0.260331 0.429001
v -0.004867 0.260942 0.426610
v -0.000000 0.261653 0.424764
v 0.004867 0.260942 0.426610
v 0.008993 0.260331 0.429001
v 0.011750 0.259920 0.431615
v 0.012718 0.259774 0.434208
v 0.011750 0.259920 0.436553
v 0.008993 0.260331 0.438368
v 0.004867 0.260942 0.439327
v 0.000000 0.261653 0.439143
v -0.004867 0.260942 0.439327
v -0.008993 0.260331 0.438368
v -0.011750 0.259920 0.436553
v -0.012718 0.259774 0.434208
v -0.023099 0.257515 0.431185
v -0.017679 0.258305 0.426597
v -0.009568 0.259464 0.422089
v -0.000000 0.260796 0.418160
v 0.009568 0.259464 0.422089
v 0.017679 0.258305 0.426597
v 0.023099 0.257515 0.431185
v 0.025002 0.257235 0.435790
v 0.023099 0.257515 0.440349
v 0.017679 0.258305 0.444410
v 0.009568 0.259464 0.447110
v 0.000000 0.260796 0.447517
v -0.009568 0.259464 0.447110
v -0.017679 0.258305 0.444410
v -0.023099 0.257515 0.440349
v -0.025002 0.257235 0.435790
v -0.033662 0.254661 0.430054
v -0.025764 0.255743 0.424030
v -0.013943 0.257315 0.417757
v -0.000000 0.259098 0.411744
v 0.013943 0.257315 0.417757
v 0.025764 0.255743 0.424030
v 0.033662 0.254661 0.430054
v 0.036435 0.254275 0.436321
v 0.033662 0.254661 0.443188
v 0.025764 0.255743 0.449992
v 0.013943 0.257315 0.455102
v 0.000000 0.259026 0.456737
v -0.013943 0.257315 0.455102
v -0.025764 0.255743 0.449992
v -0.033662 0.254661 0.443188
v -0.036435 0.254275 0.436321
v -0.043078 0.251162 0.428326
v -0.032971 0.252415 0.421287
v -0.017844 0.254218 0.413657
v -0.000000 0.256235 0.405778
v 0.017844 0.254218 0.413657
v 0.032971 0.252415 0.421287
v 0.043078 0.251162 0.428326
v 0.046628 0.250713 0.436066
v 0.043078 0.251162 0.445364
v 0.032971 0.252415 0.455228
v 0.017844 0.253346 0.463767
v 0.000000 0.254585 0.467506
v -0.017844 0.253346 0.463767
v -0.032971 0.252415 0.455228
v -0.043078 0.251162 0.445364
v -0.046628 0.250713 0.436066
v -0.051028 0.246738 0.426413
v -0.039055 0.248029 0.418708
v -0.021137 0.249869 0.410151
v -0.000000 0.251899 0.400766
v 0.021136 0.249869 0.410151
v 0.039055 0.248029 0.418708
v 0.051028 0.246738 0.426413
v 0.055232 0.246272 0.435450
v 0.051028 0.246738 0.447128
v 0.039055 0.247643 0.460301
v 0.021136 0.246823 0.473345
v 0.000000 0.247016 0.479147
v -0.021136 0.246823 0.473345
v -0.039055 0.247643 0.460301
v -0.051028 0.246738 0.447128
v -0.055232 0.246272 0.435450
v -0.057240 0.241118 0.424806
v -0.043809 0.242328 0.416756
v -0.023710 0.244031 0.407687
v -0.000000 0.245881 0.397214
v 0.023709 0.244031 0.407687
v 0.043809 0.242328 0.416755
v 0.057240 0.241118 0.424806
v 0.061956 0.240679 0.434866
v 0.057240 0.241118 0.448584
v 0.043809 0.241024 0.465102
v 0.023710 0.237690 0.482577
v 0.000000 0.235911 0.490036
v -0.023710 0.237690 0.482577
v -0.043809 0.241024 0.465102
v -0.057240 0.241118 0.448584
v -0.061956 0.240679 0.434866
v -0.061502 0.234136 0.423862
v -0.047072 0.235172 0.415759
v -0.025475 0.236612 0.406535
v -0.000000 0.238148 0.395387
v 0.025475 0.236612 0.406535
v 0.047072 0.235172 0.415759
v 0.061502 0.234136 0.423862
v 0.066570 0.233758 0.434554
v 0.061502 0.234136 0.449703
v 0.047072 0.232622 0.469040
v 0.025475 0.225608 0.490014
v 0.000000 0.220497 0.498927
v -0.025475 0.225608 0.490014
v -0.047072 0.232622 0.469040
v -0.061502 0.234136 0.449703
v -0.066570 0.233758 0.434554
v -0.063671 0.225791 0.423682
v -0.048731 0.226600 0.415738
v -0.026373 0.227708 0.406615
v -0.000000 0.228862 0.395190
v 0.026373 0.227708 0.406615
v 0.048731 0.226600 0.415738
v 0.063671 0.225791 0.423682
v 0.068917 0.225493 0.434554
v 0.063671 0.225791 0.450380
v 0.048731 0.222667 0.471465
v 0.026373 0.210637 0.494611
v 0.000000 0.201564 0.504480
v -0.026373 0.210637 0.494611
v -0.048731 0.222667 0.471465
v -0.063671 0.225791 0.450380
v -0.068917 0.225493 0.434554
v -0.063671 0.216277 0.424087
v -0.048731 0.216846 0.416380
v -0.026373 0.217607 0.407500
v -0.000000 0.218373 0.396195
v 0.026373 0.217607 0.407500
v 0.048731 0.216846 0.416380
v 0.063671 0.216277 0.424087
v 0.068917 0.216066 0.434810
v 0.063671 0.216277 0.450507
v 0.048731 0.211638 0.471876
v 0.026373 0.194899 0.495565
v 0.000000 0.185113 0.505669
v -0.026373 0.194899 0.495565
v -0.048731 0.211638 0.471876
v -0.063671 0.216277 0.450507
v -0.068917 0.216066 0.434810
v -0.061502 0.205965 0.424708
v -0.047072 0.206311 0.417179
v -0.025475 0.206757 0.408601
v -0.000000 0.207177 0.397830
v 0.025475 0.206757 0.408601
v 0.047072 0.206311 0.417179
v 0.061502 0.205965 0.424708
v 0.066570 0.205834 0.435043
v 0.061502 0.205965 0.449980
v 0.047072 0.199708 0.470054
v 0.025475 0.181904 0.492583
v 0.000000 0.173006 0.502133
v -0.025475 0.181904 0.492583
v -0.047072 0.199708 0.470054
v -0.061502 0.205965 0.449980
v -0.066570 0.205834 0.435043
v -0.057240 0.195357 0.425152
v -0.043809 0.195521 0.417686
v -0.023710 0.195713 0.409462
v -0.000000 0.195861 0.399653
v 0.023709 0.195713 0.409462
v 0.043809 0.195521 0.417686
v 0.057240 0.195357 0.425152
v 0.061956 0.195293 0.435004
v 0.057240 0.194902 0.448664
v 0.043809 0.187627 0.466223
v 0.023710 0.171884 0.485990
v 0.000000 0.164531 0.494313
v -0.023710 0.171884 0.485990
v -0.043809 0.187627 0.466223
v -0.057240 0.194902 0.448664
v -0.061956 0.195293 0.435004
v -0.051028 0.185030 0.425186
v -0.039055 0.185075 0.417765
v -0.021137 0.185075 0.410019
v -0.000000 0.185075 0.401588
v 0.021136 0.185075 0.410019
v 0.039055 0.185075 0.417765
v 0.051028 0.185030 0.425186
v 0.055232 0.184827 0.434433
v 0.051028 0.183098 0.446338
v 0.039055 0.176291 0.460720
v 0.021136 0.164110 0.476631
v 0.000000 0.158485 0.483312
v -0.021136 0.164110 0.476631
v -0.039055 0.176291 0.460720
v -0.051028 0.183098 0.446338
v -0.055232 0.184799 0.434425
v -0.043078 0.175518 0.424825
v -0.032971 0.175637 0.417717
v -0.017844 0.175637 0.410773
v -0.000000 0.175637 0.404060
v 0.017844 0.175637 0.410773
v 0.032971 0.175637 0.417717
v 0.043078 0.175518 0.424825
v 0.046628 0.174357 0.433004
v 0.043078 0.171602 0.442937
v 0.032971 0.166307 0.454099
v 0.017844 0.157994 0.465616
v 0.000000 0.154106 0.470542
v -0.017844 0.157994 0.465616
v -0.032971 0.166307 0.454099
v -0.043078 0.171602 0.442937
v -0.046628 0.174357 0.433004
v -0.033662 0.166806 0.424098
v -0.025764 0.167649 0.418051
v -0.013943 0.167896 0.412389
v -0.000000 0.167940 0.407562
v 0.013943 0.167896 0.412389
v 0.025764 0.167649 0.418050
v 0.033662 0.166806 0.424098
v 0.036435 0.164925 0.430904
v 0.033662 0.161859 0.438724
v 0.025764 0.158004 0.446860
v 0.013943 0.153279 0.454068
v 0.000000 0.151041 0.457313
v -0.013943 0.153279 0.454068
v -0.025764 0.158004 0.446860
v -0.033662 0.161859 0.438724
v -0.036435 0.164925 0.430904
v -0.023099 0.159287 0.423421
v -0.017679 0.160495 0.418843
v -0.009568 0.161104 0.414895
v -0.000000 0.161283 0.411905
v 0.009568 0.161104 0.414895
v 0.017679 0.160495 0.418843
v 0.023099 0.159287 0.423421
v 0.025002 0.157347 0.428539
v 0.023099 0.154766 0.434073
v 0.017679 0.152007 0.439380
v 0.009568 0.149839 0.443376
v 0.000000 0.148907 0.444800
v -0.009568 0.149839 0.443347
v -0.017679 0.152007 0.439380
v -0.023099 0.154766 0.434073
v -0.025002 0.157347 0.428539
v -0.011750 0.153658 0.423458
v -0.008993 0.154591 0.420832
v -0.004867 0.155151 0.418729
v -0.000000 0.155336 0.417404
v 0.004867 0.155151 0.418729
v 0.008993 0.154591 0.420832
v 0.011750 0.153658 0.423458
v 0.012718 0.152403 0.426373
v 0.011750 0.150967 0.429299
v 0.008993 0.149600 0.431852
v 0.004867 0.148605 0.433562
v 0.000000 0.148240 0.433995
v -0.004867 0.148605 0.433562
v -0.008993 0.149600 0.431852
v -0.011750 0.150967 0.429299
v -0.012718 0.152403 0.426373
v 0.000000 0.261908 0.431649
v -0.000000 0.150681 0.424688
vt 0.000000 0.058824
vt 0.062500 0.058824
vt 0.125000 0.058824
vt 0.187500 0.058824
vt 0.250000 0.058824
vt 0.312500 0.058824
vt 0.375000 0.058824
vt 0.437500 0.058824
vt 0.500000 0.058824
vt 0.562500 0.058824
vt 0.625000 0.058824
vt 0.687500 0.058824
vt 0.750000 0.058824
vt 0.812500 0.058824
vt 0.875000 0.058824
vt 0.937500 0.058824
vt 1.000000 0.058824
vt 0.000000 0.117647
vt 0.062500 0.117647
vt 0.125000 0.117647
vt 0.187500 0.117647
vt 0.250000 0.117647
vt 0.312500 0.117647
vt 0.375000 0.117647
vt 0.437500 0.117647
vt 0.500000 0.117647
vt 0.562500 0.117647
vt 0.625000 0.117647
vt 0.687500 0.117647
vt 0.750000 0.117647
vt 0.812500 0.117647
vt 0.875000 0.117647
vt 0.937500 0.117647
vt 1.000000 0.117647
vt 0.000000 0.176471
vt 0.062500 0.176471
vt 0.125000 0.176471
vt 0.187500 0.176471
vt 0.250000 0.176471
vt 0.312500 0.176471
vt 0.375000 0.176471
vt 0.437500 0.176471
vt 0.500000 0.176471
vt 0.562500 0.176471
vt 0.625000 0.176471
vt 0.687500 0.176471
vt 0.750000 0.176471
vt 0.812500 0.176471
vt 0.875000 0.176471
vt 0.937500 0.176471
vt 1.000000 0.176471
vt 0.000000 0.235294
vt 0.062500 0.235294
vt 0.125000 0.235294
vt 0.187500 0.235294
vt 0.250000 0.235294
vt 0.312500 0.235294
vt 0.375000 0.235294
vt 0.437500 0.235294
vt 0.500000 0.235294
vt 0.562500 0.235294
vt 0.625000 0.235294
vt 0.687500 0.235294
vt 0.750000 0.235294
vt 0.812500 0.235294
vt 0.875000 0.235294
vt 0.937500 0.235294
vt 1.000000 0.235294
vt 0.000000 0.294118
vt 0.062500 0.294118
vt 0.125000 0.294118
vt 0.187500 0.294118
vt 0.250000 0.294118
vt 0.312500 0.294118
vt 0.375000 0.294118
vt 0.437500 0.294118
vt 0.500000 0.294118
vt 0.562500 0.294118
vt 0.625000 0.294118
vt 0.687500 0.294118
vt 0.750000 0.294118
vt 0.812500 0.294118
vt 0.875000 0.294118
vt 0.937500 0.294118
vt 1.000000 0.294118
vt 0.000000 0.352941
vt 0.062500 0.352941
vt 0.125000 0.352941
vt 0.187500 0.352941
vt 0.250000 0.352941
vt 0.312500 0.352941
vt 0.375000 0.352941
vt 0.437500 0.352941
vt 0.500000 0.352941
vt 0.562500 0.352941
vt 0.625000 0.352941
vt 0.687500 0.352941
vt 0.750000 0.352941
vt 0.812500 0.352941
vt 0.875000 0.352941
vt 0.937500 0.352941
vt 1.000000 0.352941
vt 0.000000 0.411765
vt 0.062500 0.411765
vt 0.125000 0.411765
vt 0.187500 0.411765
vt 0.250000 0.411765
vt 0.312500 0.411765
vt 0.375000 0.411765
vt 0.437500 0.411765
vt 0.500000 0.411765
vt 0.562500 0.411765
vt 0.625000 0.411765
vt 0.687500 0.411765
vt 0.750000 0.411765
vt 0.812500 0.411765
vt 0.875000 0.411765
vt 0.937500 0.411765
vt 1.000000 0.411765
vt 0.000000 0.470588
vt 0.062500 0.470588
vt 0.125000 0.470588
vt 0.187500 0.470588
vt 0.250000 0.470588
vt 0.312500 0.470588
vt 0.375000 0.470588
vt 0.437500 0.470588
vt 0.500000 0.470588
vt 0.562500 0.470588
vt 0.625000 0.470588
vt 0.687500 0.470588
vt 0.750000 0.470588
vt 0.812500 0.470588
vt 0.875000 0.470588
vt 0.937500 0.470588
vt 1.000000 0.470588
vt 0.000000 0.529412
vt 0.062500 0.529412
vt 0.125000 0.529412
vt 0.187500 0.529412
vt 0.250000 0.529412
vt 0.312500 0.529412
vt 0.375000 0.529412
vt 0.437500 0.529412
vt 0.500000 0.529412
vt 0.562500 0.529412
vt 0.625000 0.529412
vt 0.687500 0.529412
vt 0.750000 0.529412
vt 0.812500 0.529412
vt 0.875000 0.529412
vt 0.937500 0.529412
vt 1.000000 0.529412
vt 0.000000 0.588235
vt 0.062500 0.588235
vt 0.125000 0.588235
vt 0.187500 0.588235
vt 0.250000 0.588235
vt 0.312500 0.588235
vt 0.375000 0.588235
vt 0.437500 0.588235
vt 0.500000 0.588235
vt 0.562500 0.588235
vt 0.625000 0.588235
vt 0.687500 0.588235
vt 0.750000 0.588235
vt 0.812500 0.588235
vt 0.875000 0.588235
vt 0.937500 0.588235
vt 1.000000 0.588235
vt 0.000000 0.647059
vt 0.062500 0.647059
vt 0.125000 0.647059
vt 0.187500 0.647059
vt 0.250000 0.647059
vt 0.312500 0.647059
vt 0.375000 0.647059
vt 0.437500 0.647059
vt 0.500000 0.647059
vt 0.562500 0.647059
vt 0.625000 0.647059
vt 0.687500 0.647059
vt 0.750000 0.647059
vt 0.812500 0.647059
vt 0.875000 0.647059
vt 0.937500 0.647059
vt 1.000000 0.647059
vt 0.000000 0.705882
vt 0.062500 0.705882
vt 0.125000 0.705882
vt 0.187500 0.705882
vt 0.250000 0.705882
vt 0.312500 0.705882
vt 0.375000 0.705882
vt 0.437500 0.705882
vt 0.500000 0.705882
vt 0.562500 0.705882
vt 0.625000 0.705882
vt 0.687500 0.705882
vt 0.750000 0.705882
vt 0.812500 0.705882
vt 0.875000 0.705882
vt 0.937500 0.705882
vt 1.000000 0.705882
vt 0.000000 0.764706
vt 0.062500 0.764706
vt 0.125000 0.764706
vt 0.187500 0.764706
vt 0.250000 0.764706
vt 0.312500 0.764706
vt 0.375000 0.764706
vt 0.437500 0.764706
vt 0.500000 0.764706
vt 0.562500 0.764706
vt 0.625000 0.764706
vt 0.687500 0.764706
vt 0.750000 0.764706
vt 0.812500 0.764706
vt 0.875000 0.764706
vt 0.937500 0.764706
vt 1.000000 0.764706
vt 0.000000 0.823529
vt 0.062500 0.823529
vt 0.125000 0.823529
vt 0.187500 0.823529
vt 0.250000 0.823529
vt 0.312500 0.823529
vt 0.375000 0.823529
vt 0.437500 0.823529
vt 0.500000 0.823529
vt 0.562500 0.823529
vt 0.625000 0.823529
vt 0.687500 0.823529
vt 0.750000 0.823529
vt 0.812500 0.823529
vt 0.875000 0.823529
vt 0.937500 0.823529
vt 1.000000 0.823529
vt 0.000000 0.882353
vt 0.062500 0.882353
vt 0.125000 0.882353
vt 0.187500 0.882353
vt 0.250000 0.882353
vt 0.312500 0.882353
vt 0.375000 0.882353
vt 0.437500 0.882353
vt 0.500000 0.882353
vt 0.562500 0.882353
vt 0.625000 0.882353
vt 0.687500 0.882353
vt 0.750000 0.882353
vt 0.812500 0.882353
vt 0.875000 0.882353
vt 0.937500 0.882353
vt 1.000000 0.882353
vt 0.000000 0.941176
vt 0.062500 0.941176
vt 0.125000 0.941176
vt 0.187500 0.941176
vt 0.250000 0.941176
vt 0.312500 0.941176
vt 0.375000 0.941176
vt 0.437500 0.941176
vt 0.500000 0.941176
vt 0.562500 0.941176
vt 0.625000 0.941176
vt 0.687500 0.941176
vt 0.750000 0.941176
vt 0.812500 0.941176
vt 0.875000 0.941176
vt 0.937500 0.941176
vt 1.000000 0.941176
vt 0.031250 0.000000
vt 0.093750 0.000000
vt 0.156250 0.000000
vt 0.218750 0.000000
vt 0.281250 0.000000
vt 0.343750 0.000000
vt 0.406250 0.000000
vt 0.468750 0.000000
vt 0.531250 0.000000
vt 0.593750 0.000000
vt 0.656250 0.000000
vt 0.718750 0.000000
vt 0.781250 0.000000
vt 0.843750 0.000000
vt 0.906250 0.000000
vt 0.968750 0.000000
vt 0.031250 1.000000
vt 0.093750 1.000000
vt 0.156250 1.000000
vt 0.218750 1.000000
vt 0.281250 1.000000
vt 0.343750 1.000000
vt 0.406250 1.000000
vt 0.468750 1.000000
vt 0.531250 1.000000
vt 0.593750 1.000000
vt 0.656250 1.000000
vt 0.718750 1.000000
vt 0.781250 1.000000
vt 0.843750 1.000000
vt 0.906250 1.000000
vt 0.968750 1.000000
vn -0.187903 0.979853 -0.067675
vn -0.227772 0.962365 -0.148235
vn -0.190986 0.980879 -0.037425
vn -0.233844 0.968604 -0.084403
vn -0.179943 0.980020 -0.084743
vn -0.218567 0.957972 -0.185790
vn -0.000000 0.995727 -0.092341
vn -0.000000 0.976815 -0.214086
vn 0.179943 0.980020 -0.084744
vn 0.218566 0.957972 -0.185791
vn 0.187902 0.979854 -0.067676
vn 0.227773 0.962365 -0.148234
vn 0.190986 0.980879 -0.037425
vn 0.233844 0.968604 -0.084403
vn 0.189925 0.981798 -0.000331
vn 0.234141 0.972202 0.000452
vn 0.180430 0.983001 0.033978
vn 0.220037 0.972815 0.072213
vn 0.166471 0.984379 0.057317
vn 0.195025 0.973820 0.116788
vn 0.148274 0.986329 0.071906
vn 0.157592 0.976805 0.144968
vn 0.000000 0.997622 0.068921
vn -0.000000 0.988172 0.153351
vn -0.148274 0.986329 0.071907
vn -0.157593 0.976805 0.144968
vn -0.166472 0.984379 0.057318
vn -0.195025 0.973820 0.116788
vn -0.180430 0.983001 0.033980
vn -0.220036 0.972815 0.072214
vn -0.189925 0.981798 -0.000330
vn -0.234141 0.972202 0.000452
vn -0.275388 0.924941 -0.262003
vn -0.289472 0.944344 -0.156273
vn -0.267399 0.908250 -0.321839
vn -0.000000 0.927748 -0.373207
vn 0.267399 0.908249 -0.321841
vn 0.275389 0.924941 -0.262003
vn 0.289471 0.944344 -0.156273
vn 0.302124 0.953267 0.001544
vn 0.283321 0.950670 0.126315
vn 0.237252 0.947485 0.214437
vn 0.180835 0.942199 0.282062
vn -0.000000 0.950282 0.311390
vn -0.180835 0.942199 0.282062
vn -0.237252 0.947485 0.214437
vn -0.283321 0.950670 0.126316
vn -0.302124 0.953267 0.001545
vn -0.334580 0.842902 -0.421393
vn -0.370194 0.890546 -0.264358
vn -0.325497 0.803057 -0.499150
vn -0.000000 0.817028 -0.576597
vn 0.325497 0.803057 -0.499150
vn 0.334579 0.842902 -0.421394
vn 0.370194 0.890545 -0.264358
vn 0.412010 0.911176 0.002390
vn 0.385188 0.898799 0.209261
vn 0.309849 0.893226 0.325793
vn 0.218012 0.875268 0.431713
vn 0.000000 0.874789 0.484504
vn -0.218012 0.875268 0.431713
vn -0.309849 0.893226 0.325793
vn -0.385188 0.898799 0.209261
vn -0.412010 0.911176 0.002391
vn -0.396211 0.681268 -0.615541
vn -0.479046 0.775609 -0.411030
vn -0.379708 0.612163 -0.693597
vn -0.000001 0.615058 -0.788482
vn 0.379708 0.612164 -0.693598
vn 0.396210 0.681268 -0.615542
vn 0.479046 0.775609 -0.411031
vn 0.572598 0.819834 0.001764
vn 0.522787 0.793388 0.311816
vn 0.414723 0.779641 0.469217
vn 0.273095 0.770569 0.575884
vn 0.000000 0.764822 0.644242
vn -0.273094 0.770569 0.575884
vn -0.414722 0.779641 0.469217
vn -0.522787 0.793388 0.311816
vn -0.572598 0.819834 0.001765
vn -0.434779 0.438006 -0.786840
vn -0.592660 0.572061 -0.567010
vn -0.406910 0.356773 -0.840914
vn -0.000001 0.352204 -0.935923
vn 0.406909 0.356772 -0.840915
vn 0.434778 0.438006 -0.786841
vn 0.592660 0.572060 -0.567011
vn 0.761736 0.647887 -0.000693
vn 0.674200 0.617072 0.405804
vn 0.528684 0.615269 0.584754
vn 0.343335 0.609208 0.714833
vn 0.000000 0.589439 0.807813
vn -0.343335 0.609208 0.714833
vn -0.528683 0.615269 0.584754
vn -0.674199 0.617073 0.405804
vn -0.761737 0.647887 -0.000692
vn -0.436385 0.188402 -0.879814
vn -0.666959 0.310678 -0.677233
vn -0.403701 0.124466 -0.906385
vn -0.000001 0.116920 -0.993141
vn 0.403701 0.124466 -0.906385
vn 0.436384 0.188402 -0.879814
vn 0.666959 0.310678 -0.677234
vn 0.917769 0.397109 -0.002224
vn 0.798763 0.383204 0.463823
vn 0.640751 0.397633 0.656754
vn 0.421502 0.391684 0.817875
vn 0.000000 0.372314 0.928107
vn -0.421502 0.391684 0.817875
vn -0.640750 0.397633 0.656755
vn -0.798763 0.383205 0.463823
vn -0.917769 0.397108 -0.002222
vn -0.419292 0.007512 -0.907820
vn -0.687649 0.070167 -0.722645
vn -0.389432 -0.027356 -0.920649
vn -0.000000 -0.038593 -0.999255
vn 0.389432 -0.027356 -0.920649
vn 0.419291 0.007512 -0.907821
vn 0.687648 0.070167 -0.722646
vn 0.992195 0.124680 -0.001997
vn 0.864869 0.132484 0.484200
vn 0.725453 0.159846 0.669453
vn 0.500319 0.163874 0.850192
vn 0.000000 0.160543 0.987029
vn -0.500318 0.163874 0.850192
vn -0.725453 0.159846 0.669453
vn -0.864868 0.132484 0.484201
vn -0.992195 0.124680 -0.001996
vn -0.405444 -0.096712 -0.908989
vn -0.676930 -0.109280 -0.727890
vn -0.378593 -0.102863 -0.919830
vn -0.000000 -0.118971 -0.992898
vn 0.378592 -0.102862 -0.919830
vn 0.405443 -0.096712 -0.908990
vn 0.676929 -0.109280 -0.727891
vn 0.993209 -0.116317 0.002444
vn 0.877597 -0.093037 0.470284
vn 0.779351 -0.073677 0.622241
vn 0.583863 -0.075868 0.808299
vn 0.000000 -0.111501 0.993764
vn -0.583863 -0.075868 0.808299
vn -0.779350 -0.073677 0.622241
vn -0.877597 -0.093037 0.470285
vn -0.993209 -0.116317 0.002445
vn -0.659134 -0.237082 -0.713677
vn -0.404856 -0.152061 -0.901648
vn -0.376562 -0.129678 -0.917270
vn -0.000001 -0.148151 -0.988965
vn 0.376561 -0.129678 -0.917271
vn 0.404855 -0.152061 -0.901648
vn 0.659133 -0.237082 -0.713678
vn 0.950529 -0.310600 0.004632
vn 0.856436 -0.280020 0.433713
vn 0.802043 -0.272537 0.531460
vn 0.636392 -0.352468 0.686128
vn 0.000000 -0.481988 0.876178
vn -0.636392 -0.352468 0.686128
vn -0.802043 -0.272537 0.531461
vn -0.856435 -0.280020 0.433713
vn -0.950529 -0.310600 0.004634
vn -0.648325 -0.334461 -0.683966
vn -0.417944 -0.187446 -0.888925
vn -0.380415 -0.139937 -0.914167
vn -0.000001 -0.163287 -0.986579
vn 0.380414 -0.139937 -0.914168
vn 0.417943 -0.187446 -0.888925
vn 0.648297 -0.334657 -0.683898
vn 0.886660 -0.462419 0.001392
vn 0.822264 -0.425409 0.378034
vn 0.789706 -0.432189 0.435404
vn 0.613742 -0.597223 0.516378
vn 0.000000 -0.786631 0.617424
vn -0.613742 -0.597223 0.516378
vn -0.789706 -0.432189 0.435405
vn -0.822263 -0.425344 0.378109
vn -0.886872 -0.462013 0.001451
vn -0.637753 -0.424407 -0.642767
vn -0.437618 -0.242910 -0.865728
vn -0.382192 -0.174224 -0.907510
vn -0.000001 -0.203139 -0.979150
vn 0.382191 -0.174224 -0.907511
vn 0.437617 -0.242910 -0.865729
vn 0.638229 -0.424517 -0.642221
vn 0.820955 -0.570374 -0.026590
vn 0.782285 -0.543854 0.303731
vn 0.741989 -0.570003 0.352915
vn 0.535088 -0.753897 0.381209
vn 0.000000 -0.904347 0.426799
vn -0.535088 -0.753897 0.381209
vn -0.741989 -0.570003 0.352915
vn -0.782137 -0.543903 0.304025
vn -0.820816 -0.570570 -0.026668
vn -0.605965 -0.513656 -0.607424
vn -0.446447 -0.343236 -0.826362
vn -0.371869 -0.274961 -0.886628
vn -0.000001 -0.309868 -0.950780
vn 0.371868 -0.274961 -0.886629
vn 0.446447 -0.343236 -0.826362
vn 0.605965 -0.513656 -0.607424
vn 0.747304 -0.656576 -0.102197
vn 0.721008 -0.659909 0.211348
vn 0.662020 -0.694224 0.282457
vn 0.437333 -0.851608 0.288970
vn 0.000000 -0.954261 0.298974
vn -0.437333 -0.851608 0.288970
vn -0.662020 -0.694224 0.282457
vn -0.721008 -0.659909 0.211348
vn -0.747043 -0.656873 -0.102199
vn -0.544768 -0.600476 -0.585369
vn -0.423010 -0.471561 -0.773752
vn -0.338848 -0.421262 -0.841261
vn -0.000001 -0.458326 -0.888784
vn 0.338848 -0.421261 -0.841262
vn 0.423009 -0.471561 -0.773753
vn 0.544768 -0.600476 -0.585369
vn 0.648544 -0.731736 -0.209648
vn 0.627066 -0.773557 0.091641
vn 0.551700 -0.808421 0.205141
vn 0.330162 -0.914666 0.233193
vn -0.000088 -0.971509 0.237001
vn -0.330024 -0.914747 0.233072
vn -0.551699 -0.808421 0.205141
vn -0.627066 -0.773557 0.091642
vn -0.648544 -0.731736 -0.209647
vn -0.447526 -0.689606 -0.569354
vn -0.364319 -0.599067 -0.713015
vn -0.281028 -0.567362 -0.774031
vn -0.000001 -0.594064 -0.804418
vn 0.281027 -0.567361 -0.774032
vn 0.364318 -0.599067 -0.713016
vn 0.447526 -0.689606 -0.569354
vn 0.511673 -0.799963 -0.313449
vn 0.493725 -0.867003 -0.067393
vn 0.405483 -0.910967 0.075650
vn 0.217564 -0.966949 0.132953
vn -0.000186 -0.991250 0.132000
vn -0.217518 -0.966978 0.132811
vn -0.405469 -0.910966 0.075742
vn -0.493725 -0.867003 -0.067392
vn -0.511673 -0.799963 -0.313448
vn -0.292156 -0.800947 -0.522618
vn -0.245651 -0.755777 -0.607006
vn -0.188132 -0.739222 -0.646650
vn -0.000000 -0.757664 -0.652645
vn 0.188131 -0.739222 -0.646651
vn 0.245651 -0.755778 -0.607005
vn 0.292155 -0.800946 -0.522619
vn 0.323240 -0.863435 -0.387293
vn 0.298979 -0.921215 -0.248945
vn 0.230490 -0.962891 -0.140415
vn 0.124351 -0.989505 -0.073597
vn -0.000000 -0.996929 -0.078314
vn -0.124332 -0.989505 -0.073624
vn -0.230461 -0.962875 -0.140569
vn -0.298979 -0.921215 -0.248945
vn -0.323241 -0.863435 -0.387292
vn 0.000000 0.999992 -0.004041
vn -0.000000 -0.913100 -0.407737
s 1
g cha_dog_head pSphere3
usemtl cha_fox_head:lambert5SG
f 1148/1293/1147 1164/1310/1148 1147/1292/1149
f 1147/1292/1149 1164/1310/1148 1163/1309/1150
f 1149/1294/1151 1165/1311/1152 1148/1293/1147
f 1148/1293/1147 1165/1311/1152 1164/1310/1148
f 1150/1295/1153 1166/1312/1154 1149/1294/1151
f 1149/1294/1151 1166/1312/1154 1165/1311/1152
f 1150/1295/1153 1151/1296/1155 1166/1312/1154
f 1166/1312/1154 1151/1296/1155 1167/1313/1156
f 1151/1296/1155 1152/1297/1157 1167/1313/1156
f 1167/1313/1156 1152/1297/1157 1168/1314/1158
f 1152/1297/1157 1153/1298/1159 1168/1314/1158
f 1168/1314/1158 1153/1298/1159 1169/1315/1160
f 1153/1298/1159 1154/1299/1161 1169/1315/1160
f 1169/1315/1160 1154/1299/1161 1170/1316/1162
f 1155/1300/1163 1171/1317/1164 1154/1299/1161
f 1154/1299/1161 1171/1317/1164 1170/1316/1162
f 1156/1301/1165 1172/1318/1166 1155/1300/1163
f 1155/1300/1163 1172/1318/1166 1171/1317/1164
f 1157/1302/1167 1173/1319/1168 1156/1301/1165
f 1156/1301/1165 1173/1319/1168 1172/1318/1166
f 1158/1303/1169 1174/1320/1170 1157/1302/1167
f 1157/1302/1167 1174/1320/1170 1173/1319/1168
f 1158/1303/1169 1159/1304/1171 1174/1320/1170
f 1174/1320/1170 1159/1304/1171 1175/1321/1172
f 1159/1304/1171 1160/1305/1173 1175/1321/1172
f 1175/1321/1172 1160/1305/1173 1176/1322/1174
f 1160/1305/1173 1161/1306/1175 1176/1322/1174
f 1176/1322/1174 1161/1306/1175 1177/1323/1176
f 1161/1306/1175 1162/1307/1177 1177/1323/1176
f 1177/1323/1176 1162/1307/1177 1178/1324/1178
f 1147/1308/1149 1163/1325/1150 1162/1307/1177
f 1162/1307/1177 1163/1325/1150 1178/1324/1178
f 1164/1310/1148 1180/1327/1179 1163/1309/1150
f 1163/1309/1150 1180/1327/1179 1179/1326/1180
f 1165/1311/1152 1181/1328/1181 1164/1310/1148
f 1164/1310/1148 1181/1328/1181 1180/1327/1179
f 1166/1312/1154 1182/1329/1182 1165/1311/1152
f 1165/1311/1152 1182/1329/1182 1181/1328/1181
f 1166/1312/1154 1167/1313/1156 1182/1329/1182
f 1182/1329/1182 1167/1313/1156 1183/1330/1183
f 1167/1313/1156 1168/1314/1158 1183/1330/1183
f 1183/1330/1183 1168/1314/1158 1184/1331/1184
f 1168/1314/1158 1169/1315/1160 1184/1331/1184
f 1184/1331/1184 1169/1315/1160 1185/1332/1185
f 1169/1315/1160 1170/1316/1162 1185/1332/1185
f 1185/1332/1185 1170/1316/1162 1186/1333/1186
f 1171/1317/1164 1187/1334/1187 1170/1316/1162
f 1170/1316/1162 1187/1334/1187 1186/1333/1186
f 1172/1318/1166 1188/1335/1188 1171/1317/1164
f 1171/1317/1164 1188/1335/1188 1187/1334/1187
f 1173/1319/1168 1189/1336/1189 1172/1318/1166
f 1172/1318/1166 1189/1336/1189 1188/1335/1188
f 1174/1320/1170 1190/1337/1190 1173/1319/1168
f 1173/1319/1168 1190/1337/1190 1189/1336/1189
f 1174/1320/1170 1175/1321/1172 1190/1337/1190
f 1190/1337/1190 1175/1321/1172 1191/1338/1191
f 1175/1321/1172 1176/1322/1174 1191/1338/1191
f 1191/1338/1191 1176/1322/1174 1192/1339/1192
f 1176/1322/1174 1177/1323/1176 1192/1339/1192
f 1192/1339/1192 1177/1323/1176 1193/1340/1193
f 1177/1323/1176 1178/1324/1178 1193/1340/1193
f 1193/1340/1193 1178/1324/1178 1194/1341/1194
f 1163/1325/1150 1179/1342/1180 1178/1324/1178
f 1178/1324/1178 1179/1342/1180 1194/1341/1194
f 1180/1327/1179 1196/1344/1195 1179/1326/1180
f 1179/1326/1180 1196/1344/1195 1195/1343/1196
f 1181/1328/1181 1197/1345/1197 1180/1327/1179
f 1180/1327/1179 1197/1345/1197 1196/1344/1195
f 1182/1329/1182 1198/1346/1198 1181/1328/1181
f 1181/1328/1181 1198/1346/1198 1197/1345/1197
f 1182/1329/1182 1183/1330/1183 1198/1346/1198
f 1198/1346/1198 1183/1330/1183 1199/1347/1199
f 1183/1330/1183 1184/1331/1184 1199/1347/1199
f 1199/1347/1199 1184/1331/1184 1200/1348/1200
f 1184/1331/1184 1185/1332/1185 1200/1348/1200
f 1200/1348/1200 1185/1332/1185 1201/1349/1201
f 1185/1332/1185 1186/1333/1186 1201/1349/1201
f 1201/1349/1201 1186/1333/1186 1202/1350/1202
f 1187/1334/1187 1203/1351/1203 1186/1333/1186
f 1186/1333/1186 1203/1351/1203 1202/1350/1202
f 1188/1335/1188 1204/1352/1204 1187/1334/1187
f 1187/1334/1187 1204/1352/1204 1203/1351/1203
f 1189/1336/1189 1205/1353/1205 1188/1335/1188
f 1188/1335/1188 1205/1353/1205 1204/1352/1204
f 1190/1337/1190 1206/1354/1206 1189/1336/1189
f 1189/1336/1189 1206/1354/1206 1205/1353/1205
f 1190/1337/1190 1191/1338/1191 1206/1354/1206
f 1206/1354/1206 1191/1338/1191 1207/1355/1207
f 1191/1338/1191 1192/1339/1192 1207/1355/1207
f 1207/1355/1207 1192/1339/1192 1208/1356/1208
f 1192/1339/1192 1193/1340/1193 1208/1356/1208
f 1208/1356/1208 1193/1340/1193 1209/1357/1209
f 1193/1340/1193 1194/1341/1194 1209/1357/1209
f 1209/1357/1209 1194/1341/1194 1210/1358/1210
f 1179/1342/1180 1195/1359/1196 1194/1341/1194
f 1194/1341/1194 1195/1359/1196 1210/1358/1210
f 1196/1344/1195 1212/1361/1211 1195/1343/1196
f 1195/1343/1196 1212/1361/1211 1211/1360/1212
f 1197/1345/1197 1213/1362/1213 1196/1344/1195
f 1196/1344/1195 1213/1362/1213 1212/1361/1211
f 1198/1346/1198 1214/1363/1214 1197/1345/1197
f 1197/1345/1197 1214/1363/1214 1213/1362/1213
f 1198/1346/1198 1199/1347/1199 1214/1363/1214
f 1214/1363/1214 1199/1347/1199 1215/1364/1215
f 1199/1347/1199 1200/1348/1200 1215/1364/1215
f 1215/1364/1215 1200/1348/1200 1216/1365/1216
f 1200/1348/1200 1201/1349/1201 1216/1365/1216
f 1216/1365/1216 1201/1349/1201 1217/1366/1217
f 1201/1349/1201 1202/1350/1202 1217/1366/1217
f 1217/1366/1217 1202/1350/1202 1218/1367/1218
f 1203/1351/1203 1219/1368/1219 1202/1350/1202
f 1202/1350/1202 1219/1368/1219 1218/1367/1218
f 1204/1352/1204 1220/1369/1220 1203/1351/1203
f 1203/1351/1203 1220/1369/1220 1219/1368/1219
f 1204/1352/1204 1205/1353/1205 1220/1369/1220
f 1220/1369/1220 1205/1353/1205 1221/1370/1221
f 1205/1353/1205 1206/1354/1206 1221/1370/1221
f 1221/1370/1221 1206/1354/1206 1222/1371/1222
f 1207/1355/1207 1223/1372/1223 1206/1354/1206
f 1206/1354/1206 1223/1372/1223 1222/1371/1222
f 1208/1356/1208 1224/1373/1224 1207/1355/1207
f 1207/1355/1207 1224/1373/1224 1223/1372/1223
f 1208/1356/1208 1209/1357/1209 1224/1373/1224
f 1224/1373/1224 1209/1357/1209 1225/1374/1225
f 1209/1357/1209 1210/1358/1210 1225/1374/1225
f 1225/1374/1225 1210/1358/1210 1226/1375/1226
f 1195/1359/1196 1211/1376/1212 1210/1358/1210
f 1210/1358/1210 1211/1376/1212 1226/1375/1226
f 1212/1361/1211 1228/1378/1227 1211/1360/1212
f 1211/1360/1212 1228/1378/1227 1227/1377/1228
f 1213/1362/1213 1229/1379/1229 1212/1361/1211
f 1212/1361/1211 1229/1379/1229 1228/1378/1227
f 1214/1363/1214 1230/1380/1230 1213/1362/1213
f 1213/1362/1213 1230/1380/1230 1229/1379/1229
f 1214/1363/1214 1215/1364/1215 1230/1380/1230
f 1230/1380/1230 1215/1364/1215 1231/1381/1231
f 1215/1364/1215 1216/1365/1216 1231/1381/1231
f 1231/1381/1231 1216/1365/1216 1232/1382/1232
f 1216/1365/1216 1217/1366/1217 1232/1382/1232
f 1232/1382/1232 1217/1366/1217 1233/1383/1233
f 1217/1366/1217 1218/1367/1218 1233/1383/1233
f 1233/1383/1233 1218/1367/1218 1234/1384/1234
f 1219/1368/1219 1235/1385/1235 1218/1367/1218
f 1218/1367/1218 1235/1385/1235 1234/1384/1234
f 1220/1369/1220 1236/1386/1236 1219/1368/1219
f 1219/1368/1219 1236/1386/1236 1235/1385/1235
f 1220/1369/1220 1221/1370/1221 1236/1386/1236
f 1236/1386/1236 1221/1370/1221 1237/1387/1237
f 1221/1370/1221 1222/1371/1222 1237/1387/1237
f 1237/1387/1237 1222/1371/1222 1238/1388/1238
f 1223/1372/1223 1239/1389/1239 1222/1371/1222
f 1222/1371/1222 1239/1389/1239 1238/1388/1238
f 1224/1373/1224 1240/1390/1240 1223/1372/1223
f 1223/1372/1223 1240/1390/1240 1239/1389/1239
f 1224/1373/1224 1225/1374/1225 1240/1390/1240
f 1240/1390/1240 1225/1374/1225 1241/1391/1241
f 1225/1374/1225 1226/1375/1226 1241/1391/1241
f 1241/1391/1241 1226/1375/1226 1242/1392/1242
f 1211/1376/1212 1227/1393/1228 1226/1375/1226
f 1226/1375/1226 1227/1393/1228 1242/1392/1242
f 1228/1378/1227 1244/1395/1243 1227/1377/1228
f 1227/1377/1228 1244/1395/1243 1243/1394/1244
f 1229/1379/1229 1245/1396/1245 1228/1378/1227
f 1228/1378/1227 1245/1396/1245 1244/1395/1243
f 1230/1380/1230 1246/1397/1246 1229/1379/1229
f 1229/1379/1229 1246/1397/1246 1245/1396/1245
f 1230/1380/1230 1231/1381/1231 1246/1397/1246
f 1246/1397/1246 1231/1381/1231 1247/1398/1247
f 1231/1381/1231 1232/1382/1232 1247/1398/1247
f 1247/1398/1247 1232/1382/1232 1248/1399/1248
f 1232/1382/1232 1233/1383/1233 1248/1399/1248
f 1248/1399/1248 1233/1383/1233 1249/1400/1249
f 1233/1383/1233 1234/1384/1234 1249/1400/1249
f 1249/1400/1249 1234/1384/1234 1250/1401/1250
f 1235/1385/1235 1251/1402/1251 1234/1384/1234
f 1234/1384/1234 1251/1402/1251 1250/1401/1250
f 1236/1386/1236 1252/1403/1252 1235/1385/1235
f 1235/1385/1235 1252/1403/1252 1251/1402/1251
f 1236/1386/1236 1237/1387/1237 1252/1403/1252
f 1252/1403/1252 1237/1387/1237 1253/1404/1253
f 1237/1387/1237 1238/1388/1238 1253/1404/1253
f 1253/1404/1253 1238/1388/1238 1254/1405/1254
f 1239/1389/1239 1255/1406/1255 1238/1388/1238
f 1238/1388/1238 1255/1406/1255 1254/1405/1254
f 1240/1390/1240 1256/1407/1256 1239/1389/1239
f 1239/1389/1239 1256/1407/1256 1255/1406/1255
f 1240/1390/1240 1241/1391/1241 1256/1407/1256
f 1256/1407/1256 1241/1391/1241 1257/1408/1257
f 1241/1391/1241 1242/1392/1242 1257/1408/1257
f 1257/1408/1257 1242/1392/1242 1258/1409/1258
f 1227/1393/1228 1243/1410/1244 1242/1392/1242
f 1242/1392/1242 1243/1410/1244 1258/1409/1258
f 1244/1395/1243 1260/1412/1259 1243/1394/1244
f 1243/1394/1244 1260/1412/1259 1259/1411/1260
f 1245/1396/1245 1261/1413/1261 1244/1395/1243
f 1244/1395/1243 1261/1413/1261 1260/1412/1259
f 1246/1397/1246 1262/1414/1262 1245/1396/1245
f 1245/1396/1245 1262/1414/1262 1261/1413/1261
f 1246/1397/1246 1247/1398/1247 1262/1414/1262
f 1262/1414/1262 1247/1398/1247 1263/1415/1263
f 1247/1398/1247 1248/1399/1248 1263/1415/1263
f 1263/1415/1263 1248/1399/1248 1264/1416/1264
f 1248/1399/1248 1249/1400/1249 1264/1416/1264
f 1264/1416/1264 1249/1400/1249 1265/1417/1265
f 1249/1400/1249 1250/1401/1250 1265/1417/1265
f 1265/1417/1265 1250/1401/1250 1266/1418/1266
f 1251/1402/1251 1267/1419/1267 1250/1401/1250
f 1250/1401/1250 1267/1419/1267 1266/1418/1266
f 1251/1402/1251 1252/1403/1252 1267/1419/1267
f 1267/1419/1267 1252/1403/1252 1268/1420/1268
f 1252/1403/1252 1253/1404/1253 1268/1420/1268
f 1268/1420/1268 1253/1404/1253 1269/1421/1269
f 1253/1404/1253 1254/1405/1254 1269/1421/1269
f 1269/1421/1269 1254/1405/1254 1270/1422/1270
f 1255/1406/1255 1271/1423/1271 1254/1405/1254
f 1254/1405/1254 1271/1423/1271 1270/1422/1270
f 1256/1407/1256 1272/1424/1272 1255/1406/1255
f 1255/1406/1255 1272/1424/1272 1271/1423/1271
f 1257/1408/1257 1273/1425/1273 1256/1407/1256
f 1256/1407/1256 1273/1425/1273 1272/1424/1272
f 1257/1408/1257 1258/1409/1258 1273/1425/1273
f 1273/1425/1273 1258/1409/1258 1274/1426/1274
f 1243/1410/1244 1259/1427/1260 1258/1409/1258
f 1258/1409/1258 1259/1427/1260 1274/1426/1274
f 1260/1412/1259 1276/1429/1275 1259/1411/1260
f 1259/1411/1260 1276/1429/1275 1275/1428/1276
f 1261/1413/1261 1277/1430/1277 1260/1412/1259
f 1260/1412/1259 1277/1430/1277 1276/1429/1275
f 1262/1414/1262 1278/1431/1278 1261/1413/1261
f 1261/1413/1261 1278/1431/1278 1277/1430/1277
f 1262/1414/1262 1263/1415/1263 1278/1431/1278
f 1278/1431/1278 1263/1415/1263 1279/1432/1279
f 1263/1415/1263 1264/1416/1264 1279/1432/1279
f 1279/1432/1279 1264/1416/1264 1280/1433/1280
f 1264/1416/1264 1265/1417/1265 1280/1433/1280
f 1280/1433/1280 1265/1417/1265 1281/1434/1281
f 1265/1417/1265 1266/1418/1266 1281/1434/1281
f 1281/1434/1281 1266/1418/1266 1282/1435/1282
f 1266/1418/1266 1267/1419/1267 1282/1435/1282
f 1282/1435/1282 1267/1419/1267 1283/1436/1283
f 1267/1419/1267 1268/1420/1268 1283/1436/1283
f 1283/1436/1283 1268/1420/1268 1284/1437/1284
f 1268/1420/1268 1269/1421/1269 1284/1437/1284
f 1284/1437/1284 1269/1421/1269 1285/1438/1285
f 1269/1421/1269 1270/1422/1270 1285/1438/1285
f 1285/1438/1285 1270/1422/1270 1286/1439/1286
f 1271/1423/1271 1287/1440/1287 1270/1422/1270
f 1270/1422/1270 1287/1440/1287 1286/1439/1286
f 1272/1424/1272 1288/1441/1288 1271/1423/1271
f 1271/1423/1271 1288/1441/1288 1287/1440/1287
f 1273/1425/1273 1289/1442/1289 1272/1424/1272
f 1272/1424/1272 1289/1442/1289 1288/1441/1288
f 1274/1426/1274 1290/1443/1290 1273/1425/1273
f 1273/1425/1273 1290/1443/1290 1289/1442/1289
f 1259/1427/1260 1275/1444/1276 1274/1426/1274
f 1274/1426/1274 1275/1444/1276 1290/1443/1290
f 1275/1428/1276 1276/1429/1275 1291/1445/1291
f 1291/1445/1291 1276/1429/1275 1292/1446/1292
f 1276/1429/1275 1277/1430/1277 1292/1446/1292
f 1292/1446/1292 1277/1430/1277 1293/1447/1293
f 1278/1431/1278 1294/1448/1294 1277/1430/1277
f 1277/1430/1277 1294/1448/1294 1293/1447/1293
f 1278/1431/1278 1279/1432/1279 1294/1448/1294
f 1294/1448/1294 1279/1432/1279 1295/1449/1295
f 1280/1433/1280 1296/1450/1296 1279/1432/1279
f 1279/1432/1279 1296/1450/1296 1295/1449/1295
f 1281/1434/1281 1297/1451/1297 1280/1433/1280
f 1280/1433/1280 1297/1451/1297 1296/1450/1296
f 1282/1435/1282 1298/1452/1298 1281/1434/1281
f 1281/1434/1281 1298/1452/1298 1297/1451/1297
f 1282/1435/1282 1283/1436/1283 1298/1452/1298
f 1298/1452/1298 1283/1436/1283 1299/1453/1299
f 1283/1436/1283 1284/1437/1284 1299/1453/1299
f 1299/1453/1299 1284/1437/1284 1300/1454/1300
f 1284/1437/1284 1285/1438/1285 1300/1454/1300
f 1300/1454/1300 1285/1438/1285 1301/1455/1301
f 1285/1438/1285 1286/1439/1286 1301/1455/1301
f 1301/1455/1301 1286/1439/1286 1302/1456/1302
f 1287/1440/1287 1303/1457/1303 1286/1439/1286
f 1286/1439/1286 1303/1457/1303 1302/1456/1302
f 1288/1441/1288 1304/1458/1304 1287/1440/1287
f 1287/1440/1287 1304/1458/1304 1303/1457/1303
f 1289/1442/1289 1305/1459/1305 1288/1441/1288
f 1288/1441/1288 1305/1459/1305 1304/1458/1304
f 1290/1443/1290 1306/1460/1306 1289/1442/1289
f 1289/1442/1289 1306/1460/1306 1305/1459/1305
f 1290/1443/1290 1275/1444/1276 1306/1460/1306
f 1306/1460/1306 1275/1444/1276 1291/1461/1291
f 1291/1445/1291 1292/1446/1292 1307/1462/1307
f 1307/1462/1307 1292/1446/1292 1308/1463/1308
f 1292/1446/1292 1293/1447/1293 1308/1463/1308
f 1308/1463/1308 1293/1447/1293 1309/1464/1309
f 1293/1447/1293 1294/1448/1294 1309/1464/1309
f 1309/1464/1309 1294/1448/1294 1310/1465/1310
f 1295/1449/1295 1311/1466/1311 1294/1448/1294
f 1294/1448/1294 1311/1466/1311 1310/1465/1310
f 1296/1450/1296 1312/1467/1312 1295/1449/1295
f 1295/1449/1295 1312/1467/1312 1311/1466/1311
f 1297/1451/1297 1313/1468/1313 1296/1450/1296
f 1296/1450/1296 1313/1468/1313 1312/1467/1312
f 1298/1452/1298 1314/1469/1314 1297/1451/1297
f 1297/1451/1297 1314/1469/1314 1313/1468/1313
f 1298/1452/1298 1299/1453/1299 1314/1469/1314
f 1314/1469/1314 1299/1453/1299 1315/1470/1315
f 1299/1453/1299 1300/1454/1300 1315/1470/1315
f 1315/1470/1315 1300/1454/1300 1316/1471/1316
f 1300/1454/1300 1301/1455/1301 1316/1471/1316
f 1316/1471/1316 1301/1455/1301 1317/1472/1317
f 1301/1455/1301 1302/1456/1302 1317/1472/1317
f 1317/1472/1317 1302/1456/1302 1318/1473/1318
f 1303/1457/1303 1319/1474/1319 1302/1456/1302
f 1302/1456/1302 1319/1474/1319 1318/1473/1318
f 1304/1458/1304 1320/1475/1320 1303/1457/1303
f 1303/1457/1303 1320/1475/1320 1319/1474/1319
f 1305/1459/1305 1321/1476/1321 1304/1458/1304
f 1304/1458/1304 1321/1476/1321 1320/1475/1320
f 1306/1460/1306 1322/1477/1322 1305/1459/1305
f 1305/1459/1305 1322/1477/1322 1321/1476/1321
f 1306/1460/1306 1291/1461/1291 1322/1477/1322
f 1322/1477/1322 1291/1461/1291 1307/1478/1307
f 1307/1462/1307 1308/1463/1308 1323/1479/1323
f 1323/1479/1323 1308/1463/1308 1324/1480/1324
f 1308/1463/1308 1309/1464/1309 1324/1480/1324
f 1324/1480/1324 1309/1464/1309 1325/1481/1325
f 1309/1464/1309 1310/1465/1310 1325/1481/1325
f 1325/1481/1325 1310/1465/1310 1326/1482/1326
f 1311/1466/1311 1327/1483/1327 1310/1465/1310
f 1310/1465/1310 1327/1483/1327 1326/1482/1326
f 1312/1467/1312 1328/1484/1328 1311/1466/1311
f 1311/1466/1311 1328/1484/1328 1327/1483/1327
f 1313/1468/1313 1329/1485/1329 1312/1467/1312
f 1312/1467/1312 1329/1485/1329 1328/1484/1328
f 1314/1469/1314 1330/1486/1330 1313/1468/1313
f 1313/1468/1313 1330/1486/1330 1329/1485/1329
f 1314/1469/1314 1315/1470/1315 1330/1486/1330
f 1330/1486/1330 1315/1470/1315 1331/1487/1331
f 1315/1470/1315 1316/1471/1316 1331/1487/1331
f 1331/1487/1331 1316/1471/1316 1332/1488/1332
f 1316/1471/1316 1317/1472/1317 1332/1488/1332
f 1332/1488/1332 1317/1472/1317 1333/1489/1333
f 1318/1473/1318 1334/1490/1334 1317/1472/1317
f 1317/1472/1317 1334/1490/1334 1333/1489/1333
f 1318/1473/1318 1319/1474/1319 1334/1490/1334
f 1334/1490/1334 1319/1474/1319 1335/1491/1335
f 1320/1475/1320 1336/1492/1336 1319/1474/1319
f 1319/1474/1319 1336/1492/1336 1335/1491/1335
f 1321/1476/1321 1337/1493/1337 1320/1475/1320
f 1320/1475/1320 1337/1493/1337 1336/1492/1336
f 1322/1477/1322 1338/1494/1338 1321/1476/1321
f 1321/1476/1321 1338/1494/1338 1337/1493/1337
f 1322/1477/1322 1307/1478/1307 1338/1494/1338
f 1338/1494/1338 1307/1478/1307 1323/1495/1323
f 1323/1479/1323 1324/1480/1324 1339/1496/1339
f 1339/1496/1339 1324/1480/1324 1340/1497/1340
f 1324/1480/1324 1325/1481/1325 1340/1497/1340
f 1340/1497/1340 1325/1481/1325 1341/1498/1341
f 1325/1481/1325 1326/1482/1326 1341/1498/1341
f 1341/1498/1341 1326/1482/1326 1342/1499/1342
f 1327/1483/1327 1343/1500/1343 1326/1482/1326
f 1326/1482/1326 1343/1500/1343 1342/1499/1342
f 1328/1484/1328 1344/1501/1344 1327/1483/1327
f 1327/1483/1327 1344/1501/1344 1343/1500/1343
f 1329/1485/1329 1345/1502/1345 1328/1484/1328
f 1328/1484/1328 1345/1502/1345 1344/1501/1344
f 1330/1486/1330 1346/1503/1346 1329/1485/1329
f 1329/1485/1329 1346/1503/1346 1345/1502/1345
f 1330/1486/1330 1331/1487/1331 1346/1503/1346
f 1346/1503/1346 1331/1487/1331 1347/1504/1347
f 1331/1487/1331 1332/1488/1332 1347/1504/1347
f 1347/1504/1347 1332/1488/1332 1348/1505/1348
f 1332/1488/1332 1333/1489/1333 1348/1505/1348
f 1348/1505/1348 1333/1489/1333 1349/1506/1349
f 1334/1490/1334 1350/1507/1350 1333/1489/1333
f 1333/1489/1333 1350/1507/1350 1349/1506/1349
f 1334/1490/1334 1335/1491/1335 1350/1507/1350
f 1350/1507/1350 1335/1491/1335 1351/1508/1351
f 1336/1492/1336 1352/1509/1352 1335/1491/1335
f 1335/1491/1335 1352/1509/1352 1351/1508/1351
f 1337/1493/1337 1353/1510/1353 1336/1492/1336
f 1336/1492/1336 1353/1510/1353 1352/1509/1352
f 1338/1494/1338 1354/1511/1354 1337/1493/1337
f 1337/1493/1337 1354/1511/1354 1353/1510/1353
f 1338/1494/1338 1323/1495/1323 1354/1511/1354
f 1354/1511/1354 1323/1495/1323 1339/1512/1339
f 1339/1496/1339 1340/1497/1340 1355/1513/1355
f 1355/1513/1355 1340/1497/1340 1356/1514/1356
f 1340/1497/1340 1341/1498/1341 1356/1514/1356
f 1356/1514/1356 1341/1498/1341 1357/1515/1357
f 1341/1498/1341 1342/1499/1342 1357/1515/1357
f 1357/1515/1357 1342/1499/1342 1358/1516/1358
f 1343/1500/1343 1359/1517/1359 1342/1499/1342
f 1342/1499/1342 1359/1517/1359 1358/1516/1358
f 1344/1501/1344 1360/1518/1360 1343/1500/1343
f 1343/1500/1343 1360/1518/1360 1359/1517/1359
f 1345/1502/1345 1361/1519/1361 1344/1501/1344
f 1344/1501/1344 1361/1519/1361 1360/1518/1360
f 1346/1503/1346 1362/1520/1362 1345/1502/1345
f 1345/1502/1345 1362/1520/1362 1361/1519/1361
f 1346/1503/1346 1347/1504/1347 1362/1520/1362
f 1362/1520/1362 1347/1504/1347 1363/1521/1363
f 1347/1504/1347 1348/1505/1348 1363/1521/1363
f 1363/1521/1363 1348/1505/1348 1364/1522/1364
f 1348/1505/1348 1349/1506/1349 1364/1522/1364
f 1364/1522/1364 1349/1506/1349 1365/1523/1365
f 1350/1507/1350 1366/1524/1366 1349/1506/1349
f 1349/1506/1349 1366/1524/1366 1365/1523/1365
f 1350/1507/1350 1351/1508/1351 1366/1524/1366
f 1366/1524/1366 1351/1508/1351 1367/1525/1367
f 1352/1509/1352 1368/1526/1368 1351/1508/1351
f 1351/1508/1351 1368/1526/1368 1367/1525/1367
f 1353/1510/1353 1369/1527/1369 1352/1509/1352
f 1352/1509/1352 1369/1527/1369 1368/1526/1368
f 1354/1511/1354 1370/1528/1370 1353/1510/1353
f 1353/1510/1353 1370/1528/1370 1369/1527/1369
f 1354/1511/1354 1339/1512/1339 1370/1528/1370
f 1370/1528/1370 1339/1512/1339 1355/1529/1355
f 1355/1513/1355 1356/1514/1356 1371/1530/1371
f 1371/1530/1371 1356/1514/1356 1372/1531/1372
f 1356/1514/1356 1357/1515/1357 1372/1531/1372
f 1372/1531/1372 1357/1515/1357 1373/1532/1373
f 1357/1515/1357 1358/1516/1358 1373/1532/1373
f 1373/1532/1373 1358/1516/1358 1374/1533/1374
f 1359/1517/1359 1375/1534/1375 1358/1516/1358
f 1358/1516/1358 1375/1534/1375 1374/1533/1374
f 1360/1518/1360 1376/1535/1376 1359/1517/1359
f 1359/1517/1359 1376/1535/1376 1375/1534/1375
f 1361/1519/1361 1377/1536/1377 1360/1518/1360
f 1360/1518/1360 1377/1536/1377 1376/1535/1376
f 1362/1520/1362 1378/1537/1378 1361/1519/1361
f 1361/1519/1361 1378/1537/1378 1377/1536/1377
f 1362/1520/1362 1363/1521/1363 1378/1537/1378
f 1378/1537/1378 1363/1521/1363 1379/1538/1379
f 1363/1521/1363 1364/1522/1364 1379/1538/1379
f 1379/1538/1379 1364/1522/1364 1380/1539/1380
f 1364/1522/1364 1365/1523/1365 1380/1539/1380
f 1380/1539/1380 1365/1523/1365 1381/1540/1381
f 1365/1523/1365 1366/1524/1366 1381/1540/1381
f 1381/1540/1381 1366/1524/1366 1382/1541/1382
f 1367/1525/1367 1383/1542/1383 1366/1524/1366
f 1366/1524/1366 1383/1542/1383 1382/1541/1382
f 1368/1526/1368 1384/1543/1384 1367/1525/1367
f 1367/1525/1367 1384/1543/1384 1383/1542/1383
f 1369/1527/1369 1385/1544/1385 1368/1526/1368
f 1368/1526/1368 1385/1544/1385 1384/1543/1384
f 1370/1528/1370 1386/1545/1386 1369/1527/1369
f 1369/1527/1369 1386/1545/1386 1385/1544/1385
f 1370/1528/1370 1355/1529/1355 1386/1545/1386
f 1386/1545/1386 1355/1529/1355 1371/1546/1371
f 1371/1530/1371 1372/1531/1372 1387/1547/1387
f 1387/1547/1387 1372/1531/1372 1388/1548/1388
f 1372/1531/1372 1373/1532/1373 1388/1548/1388
f 1388/1548/1388 1373/1532/1373 1389/1549/1389
f 1373/1532/1373 1374/1533/1374 1389/1549/1389
f 1389/1549/1389 1374/1533/1374 1390/1550/1390
f 1375/1534/1375 1391/1551/1391 1374/1533/1374
f 1374/1533/1374 1391/1551/1391 1390/1550/1390
f 1376/1535/1376 1392/1552/1392 1375/1534/1375
f 1375/1534/1375 1392/1552/1392 1391/1551/1391
f 1377/1536/1377 1393/1553/1393 1376/1535/1376
f 1376/1535/1376 1393/1553/1393 1392/1552/1392
f 1378/1537/1378 1394/1554/1394 1377/1536/1377
f 1377/1536/1377 1394/1554/1394 1393/1553/1393
f 1378/1537/1378 1379/1538/1379 1394/1554/1394
f 1394/1554/1394 1379/1538/1379 1395/1555/1395
f 1379/1538/1379 1380/1539/1380 1395/1555/1395
f 1395/1555/1395 1380/1539/1380 1396/1556/1396
f 1380/1539/1380 1381/1540/1381 1396/1556/1396
f 1396/1556/1396 1381/1540/1381 1397/1557/1397
f 1381/1540/1381 1382/1541/1382 1397/1557/1397
f 1397/1557/1397 1382/1541/1382 1398/1558/1398
f 1383/1542/1383 1399/1559/1399 1382/1541/1382
f 1382/1541/1382 1399/1559/1399 1398/1558/1398
f 1384/1543/1384 1400/1560/1400 1383/1542/1383
f 1383/1542/1383 1400/1560/1400 1399/1559/1399
f 1385/1544/1385 1401/1561/1401 1384/1543/1384
f 1384/1543/1384 1401/1561/1401 1400/1560/1400
f 1386/1545/1386 1402/1562/1402 1385/1544/1385
f 1385/1544/1385 1402/1562/1402 1401/1561/1401
f 1386/1545/1386 1371/1546/1371 1402/1562/1402
f 1402/1562/1402 1371/1546/1371 1387/1563/1387
f 1148/1293/1147 1147/1292/1149 1403/1564/1403
f 1149/1294/1151 1148/1293/1147 1403/1565/1403
f 1150/1295/1153 1149/1294/1151 1403/1566/1403
f 1151/1296/1155 1150/1295/1153 1403/1567/1403
f 1152/1297/1157 1151/1296/1155 1403/1568/1403
f 1153/1298/1159 1152/1297/1157 1403/1569/1403
f 1154/1299/1161 1153/1298/1159 1403/1570/1403
f 1155/1300/1163 1154/1299/1161 1403/1571/1403
f 1156/1301/1165 1155/1300/1163 1403/1572/1403
f 1157/1302/1167 1156/1301/1165 1403/1573/1403
f 1158/1303/1169 1157/1302/1167 1403/1574/1403
f 1159/1304/1171 1158/1303/1169 1403/1575/1403
f 1160/1305/1173 1159/1304/1171 1403/1576/1403
f 1161/1306/1175 1160/1305/1173 1403/1577/1403
f 1162/1307/1177 1161/1306/1175 1403/1578/1403
f 1147/1308/1149 1162/1307/1177 1403/1579/1403
f 1387/1547/1387 1388/1548/1388 1404/1580/1404
f 1388/1548/1388 1389/1549/1389 1404/1581/1404
f 1389/1549/1389 1390/1550/1390 1404/1582/1404
f 1390/1550/1390 1391/1551/1391 1404/1583/1404
f 1391/1551/1391 1392/1552/1392 1404/1584/1404
f 1392/1552/1392 1393/1553/1393 1404/1585/1404
f 1393/1553/1393 1394/1554/1394 1404/1586/1404
f 1394/1554/1394 1395/1555/1395 1404/1587/1404
f 1395/1555/1395 1396/1556/1396 1404/1588/1404
f 1396/1556/1396 1397/1557/1397 1404/1589/1404
f 1397/1557/1397 1398/1558/1398 1404/1590/1404
f 1398/1558/1398 1399/1559/1399 1404/1591/1404
f 1399/1559/1399 1400/1560/1400 1404/1592/1404
f 1400/1560/1400 1401/1561/1401 1404/1593/1404
f 1401/1561/1401 1402/1562/1402 1404/1594/1404
f 1402/1562/1402 1387/1563/1387 1404/1595/1404
g default
v 0.019583 0.064854 0.415326
v 0.016617 0.065627 0.411812
v 0.012034 0.066598 0.409097
v 0.006310 0.067396 0.407395
v 0.000000 0.067704 0.406816
v -0.006310 0.067396 0.407395
v -0.012034 0.066598 0.409097
v -0.016617 0.065627 0.411812
v -0.019583 0.064854 0.415326
v -0.020611 0.064562 0.419319
v -0.019583 0.064854 0.423391
v -0.016596 0.066010 0.427158
v -0.011981 0.067945 0.430230
v -0.006269 0.069394 0.432204
v -0.000000 0.069933 0.432883
v 0.006269 0.069394 0.432204
v 0.011981 0.067945 0.430230
v 0.016596 0.066010 0.427158
v 0.019583 0.064854 0.423391
v 0.020611 0.064562 0.419319
v 0.040250 0.055882 0.409382
v 0.033990 0.058174 0.402334
v 0.024456 0.061214 0.397069
v 0.012749 0.063845 0.393897
v 0.000000 0.064893 0.392850
v -0.012749 0.063845 0.393897
v -0.024456 0.061214 0.397069
v -0.033990 0.058174 0.402334
v -0.040250 0.055882 0.409382
v -0.042434 0.055044 0.417555
v -0.040197 0.056299 0.426006
v -0.033741 0.060477 0.433838
v -0.024088 0.065893 0.440058
v -0.012446 0.071143 0.444045
v -0.000000 0.073197 0.445402
v 0.012446 0.071143 0.444045
v 0.024088 0.065893 0.440058
v 0.033741 0.060477 0.433838
v 0.040197 0.056299 0.426006
v 0.042434 0.055044 0.417555
v 0.061587 0.048668 0.403187
v 0.051912 0.051607 0.392377
v 0.037201 0.055989 0.384442
v 0.019297 0.060193 0.379841
v 0.000000 0.061953 0.378373
v -0.019297 0.060193 0.379841
v -0.037201 0.055989 0.384442
v -0.051912 0.051607 0.392377
v -0.061587 0.048668 0.403187
v -0.064954 0.047678 0.415731
v -0.061433 0.049473 0.428633
v -0.051329 0.055205 0.440420
v -0.036230 0.064230 0.449651
v -0.018425 0.074283 0.455392
v -0.000000 0.078548 0.457296
v 0.018425 0.074283 0.455392
v 0.036230 0.064230 0.449651
v 0.051329 0.055205 0.440420
v 0.061433 0.049473 0.428633
v 0.064954 0.047678 0.415731
v 0.081653 0.049145 0.397969
v 0.069077 0.050913 0.383229
v 0.049616 0.054569 0.372280
v 0.025727 0.058921 0.366003
v 0.000000 0.060955 0.364055
v -0.025727 0.058921 0.366003
v -0.049616 0.054569 0.372280
v -0.069077 0.050913 0.383229
v -0.081653 0.049145 0.397969
v -0.085969 0.048715 0.414722
v -0.081547 0.049564 0.431637
v -0.068389 0.054110 0.446987
v -0.048001 0.064900 0.458916
v -0.024071 0.079063 0.466028
v -0.000000 0.085854 0.468273
v 0.024071 0.079063 0.466028
v 0.048001 0.064900 0.458916
v 0.068389 0.054110 0.446987
v 0.081547 0.049564 0.431637
v 0.085969 0.048715 0.414722
v 0.098538 0.058408 0.394346
v 0.083821 0.058408 0.376040
v 0.060717 0.059349 0.361812
v 0.031640 0.062096 0.353467
v 0.000000 0.063718 0.350871
v -0.031640 0.062096 0.353467
v -0.060717 0.059349 0.361812
v -0.083821 0.058408 0.376040
v -0.098538 0.058408 0.394346
v -0.103609 0.058408 0.414638
v -0.098538 0.058408 0.434930
v -0.083570 0.059349 0.453259
v -0.058905 0.068673 0.467544
v -0.029230 0.085691 0.475696
v -0.000000 0.094936 0.478063
v 0.029230 0.085691 0.475696
v 0.058905 0.068673 0.467544
v 0.083570 0.059349 0.453259
v 0.098538 0.058408 0.434930
v 0.103609 0.058408 0.414638
v 0.112739 0.070443 0.391422
v 0.095902 0.070443 0.370478
v 0.069677 0.070443 0.353856
v 0.036597 0.070723 0.343295
v 0.000000 0.071389 0.339890
v -0.036597 0.070723 0.343295
v -0.069677 0.070443 0.353857
v -0.095902 0.070443 0.370478
v -0.112739 0.070443 0.391422
v -0.118541 0.070443 0.414638
v -0.112739 0.070443 0.437854
v -0.095902 0.070443 0.458798
v -0.068389 0.076012 0.475154
v -0.033736 0.094268 0.484113
v -0.000000 0.105568 0.486424
v 0.033736 0.094268 0.484113
v 0.068389 0.076012 0.475154
v 0.095902 0.070443 0.458798
v 0.112739 0.070443 0.437854
v 0.118541 0.070443 0.414638
v 0.124165 0.083938 0.389069
v 0.105621 0.083938 0.366002
v 0.076738 0.083938 0.347697
v 0.040344 0.083938 0.335944
v 0.000000 0.083938 0.331894
v -0.040344 0.083938 0.335944
v -0.076738 0.083938 0.347697
v -0.105621 0.083938 0.366002
v -0.124165 0.083938 0.389069
v -0.130555 0.083938 0.414638
v -0.124165 0.083938 0.440207
v -0.105621 0.083938 0.463274
v -0.076020 0.086633 0.481387
v -0.037429 0.104740 0.491002
v -0.000000 0.117491 0.493151
v 0.037429 0.104740 0.491002
v 0.076020 0.086633 0.481387
v 0.105621 0.083938 0.463274
v 0.124165 0.083938 0.440207
v 0.130554 0.083938 0.414638
v 0.132533 0.098560 0.387345
v 0.112739 0.098560 0.362724
v 0.081910 0.098560 0.343185
v 0.043063 0.098560 0.330640
v 0.000000 0.098560 0.326317
v -0.043063 0.098560 0.330640
v -0.081910 0.098560 0.343185
v -0.112739 0.098560 0.362724
v -0.132533 0.098560 0.387345
v -0.139353 0.098560 0.414638
v -0.132533 0.098560 0.441931
v -0.112739 0.098560 0.466552
v -0.081530 0.099827 0.485975
v -0.040172 0.116908 0.496114
v -0.000000 0.130409 0.498078
v 0.040172 0.116909 0.496114
v 0.081530 0.099827 0.485975
v 0.112739 0.098560 0.466552
v 0.132533 0.098560 0.441931
v 0.139353 0.098560 0.414638
v 0.137638 0.113950 0.386294
v 0.117082 0.113950 0.360725
v 0.085065 0.113950 0.340433
v 0.044721 0.113950 0.327405
v 0.000000 0.113950 0.322915
v -0.044721 0.113950 0.327405
v -0.085065 0.113950 0.340433
v -0.117082 0.113950 0.360725
v -0.137638 0.113950 0.386294
v -0.144721 0.113950 0.414638
v -0.137638 0.113950 0.442982
v -0.117082 0.113950 0.468551
v -0.084849 0.114604 0.488773
v -0.041860 0.130451 0.499261
v -0.000000 0.144006 0.501083
v 0.041860 0.130451 0.499261
v 0.084849 0.114604 0.488773
v 0.117082 0.113950 0.468551
v 0.137638 0.113950 0.442982
v 0.144721 0.113950 0.414638
v 0.139353 0.129728 0.385941
v 0.118541 0.129728 0.360053
v 0.086125 0.129728 0.339508
v 0.045279 0.129728 0.326317
v 0.000000 0.129728 0.321772
v -0.045279 0.129728 0.326317
v -0.086125 0.129728 0.339508
v -0.118541 0.129728 0.360053
v -0.139353 0.129728 0.385941
v -0.146525 0.129728 0.414638
v -0.139353 0.129728 0.443335
v -0.118541 0.129728 0.469223
v -0.085956 0.130205 0.489712
v -0.042430 0.144962 0.500324
v -0.000000 0.157946 0.502093
v 0.042430 0.144962 0.500324
v 0.085956 0.130205 0.489712
v 0.118541 0.129728 0.469223
v 0.139353 0.129728 0.443335
v 0.146525 0.129728 0.414638
v 0.137638 0.145507 0.386294
v 0.117082 0.145507 0.360725
v 0.085065 0.145507 0.340433
v 0.044721 0.145507 0.327405
v 0.000000 0.145507 0.322915
v -0.044721 0.145507 0.327405
v -0.085065 0.145507 0.340433
v -0.117082 0.145507 0.360725
v -0.137638 0.145507 0.386294
v -0.144721 0.145507 0.414638
v -0.137638 0.145507 0.442982
v -0.117082 0.145507 0.468551
v -0.084849 0.146081 0.488773
v -0.041860 0.159989 0.499261
v -0.000000 0.171886 0.501083
v 0.041860 0.159989 0.499261
v 0.084849 0.146081 0.488773
v 0.117082 0.145507 0.468551
v 0.137638 0.145507 0.442982
v 0.144721 0.145507 0.414638
v 0.132533 0.160897 0.387345
v 0.112739 0.160897 0.362724
v 0.081910 0.160897 0.343185
v 0.043063 0.160897 0.330640
v 0.000000 0.160897 0.326317
v -0.043063 0.160897 0.330640
v -0.081910 0.160897 0.343185
v -0.112739 0.160897 0.362724
v -0.132533 0.160897 0.387345
v -0.139353 0.160897 0.414638
v -0.132533 0.160897 0.441931
v -0.112739 0.160897 0.466552
v -0.081530 0.161875 0.485975
v -0.040172 0.175060 0.496114
v -0.000000 0.185482 0.498078
v 0.040172 0.175061 0.496114
v 0.081530 0.161875 0.485975
v 0.112739 0.160897 0.466552
v 0.132533 0.160897 0.441931
v 0.139353 0.160897 0.414638
v 0.124165 0.175519 0.389069
v 0.105621 0.175519 0.366002
v 0.076738 0.175519 0.347697
v 0.040344 0.175519 0.335944
v 0.000000 0.175519 0.331894
v -0.040344 0.175519 0.335944
v -0.076738 0.175519 0.347697
v -0.105621 0.175519 0.366002
v -0.124165 0.175519 0.389069
v -0.130555 0.175519 0.414638
v -0.124165 0.175519 0.440207
v -0.105621 0.175519 0.463274
v -0.076020 0.177357 0.481387
v -0.037429 0.189705 0.491002
v -0.000000 0.198401 0.493151
v 0.037429 0.189705 0.491002
v 0.076020 0.177357 0.481387
v 0.105621 0.175519 0.463274
v 0.124165 0.175519 0.440207
v 0.130554 0.175519 0.414638
v 0.112739 0.189014 0.391422
v 0.095902 0.189014 0.370478
v 0.069677 0.189014 0.353856
v 0.036597 0.189184 0.343295
v 0.000000 0.189588 0.339890
v -0.036597 0.189184 0.343295
v -0.069677 0.189014 0.353857
v -0.095902 0.189014 0.370478
v -0.112739 0.189014 0.391422
v -0.118541 0.189014 0.414638
v -0.112739 0.189014 0.437854
v -0.095902 0.189014 0.458798
v -0.068389 0.192393 0.475154
v -0.033736 0.203468 0.484113
v -0.000000 0.210323 0.486424
v 0.033736 0.203468 0.484113
v 0.068389 0.192393 0.475154
v 0.095902 0.189014 0.458798
v 0.112739 0.189014 0.437854
v 0.118541 0.189014 0.414638
v 0.098538 0.201049 0.394346
v 0.083821 0.201049 0.376040
v 0.060717 0.201562 0.361812
v 0.031640 0.203059 0.353467
v 0.000000 0.203943 0.350871
v -0.031640 0.203059 0.353467
v -0.060717 0.201562 0.361812
v -0.083821 0.201049 0.376040
v -0.098538 0.201049 0.394346
v -0.103609 0.201049 0.414638
v -0.098538 0.201049 0.434930
v -0.083570 0.201562 0.453259
v -0.058905 0.206644 0.467544
v -0.029230 0.215918 0.475696
v -0.000000 0.220956 0.478063
v 0.029230 0.215918 0.475696
v 0.058905 0.206644 0.467544
v 0.083570 0.201562 0.453259
v 0.098538 0.201049 0.434930
v 0.103609 0.201049 0.414638
v 0.081653 0.211832 0.397969
v 0.069077 0.212709 0.383229
v 0.049616 0.214522 0.372280
v 0.025727 0.216680 0.366003
v 0.000000 0.217689 0.364055
v -0.025727 0.216680 0.366003
v -0.049616 0.214522 0.372280
v -0.069077 0.212709 0.383229
v -0.081653 0.211832 0.397969
v -0.085969 0.211619 0.414722
v -0.081547 0.212040 0.431637
v -0.068389 0.214295 0.446987
v -0.048001 0.219646 0.458916
v -0.024071 0.226669 0.466028
v -0.000000 0.230037 0.468273
v 0.024071 0.226669 0.466028
v 0.048001 0.219646 0.458916
v 0.068389 0.214295 0.446987
v 0.081547 0.212040 0.431637
v 0.085969 0.211619 0.414722
v 0.061587 0.223638 0.403187
v 0.051912 0.224986 0.392377
v 0.037201 0.226996 0.384442
v 0.019297 0.228924 0.379841
v 0.000000 0.229732 0.378373
v -0.019297 0.228924 0.379841
v -0.037201 0.226996 0.384442
v -0.051912 0.224986 0.392377
v -0.061587 0.223638 0.403187
v -0.064954 0.223184 0.415731
v -0.061433 0.224007 0.428633
v -0.051329 0.226636 0.440420
v -0.036230 0.230776 0.449651
v -0.018425 0.235387 0.455392
v -0.000000 0.237343 0.457296
v 0.018425 0.235387 0.455392
v 0.036230 0.230776 0.449651
v 0.051329 0.226636 0.440420
v 0.061433 0.224007 0.428633
v 0.064954 0.223184 0.415731
v 0.040250 0.235205 0.409382
v 0.033990 0.236196 0.402334
v 0.024456 0.237511 0.397069
v 0.012749 0.238649 0.393897
v 0.000000 0.239102 0.392850
v -0.012749 0.238649 0.393897
v -0.024456 0.237511 0.397069
v -0.033990 0.236196 0.402334
v -0.040250 0.235205 0.409382
v -0.042434 0.234843 0.417555
v -0.040197 0.235385 0.426006
v -0.033741 0.237192 0.433838
v -0.024088 0.239535 0.440058
v -0.012446 0.241806 0.444045
v -0.000000 0.242694 0.445402
v 0.012446 0.241806 0.444045
v 0.024088 0.239535 0.440058
v 0.033741 0.237192 0.433838
v 0.040197 0.235385 0.426006
v 0.042434 0.234843 0.417555
v 0.019583 0.243840 0.415326
v 0.016617 0.244163 0.411812
v 0.012034 0.244568 0.409097
v 0.006310 0.244900 0.407395
v 0.000000 0.245029 0.406816
v -0.006310 0.244900 0.407395
v -0.012034 0.244568 0.409097
v -0.016617 0.244163 0.411812
v -0.019583 0.243840 0.415326
v -0.020611 0.243718 0.419319
v -0.019583 0.243840 0.423391
v -0.016596 0.244323 0.427158
v -0.011981 0.245129 0.430230
v -0.006269 0.245734 0.432204
v -0.000000 0.245959 0.432883
v 0.006269 0.245734 0.432204
v 0.011981 0.245129 0.430230
v 0.016596 0.244323 0.427158
v 0.019583 0.243840 0.423391
v 0.020611 0.243718 0.419319
v 0.000000 0.068836 0.420049
v 0.000000 0.247056 0.420049
vt 0.000000 0.050000
vt 0.050000 0.050000
vt 0.100000 0.050000
vt 0.150000 0.050000
vt 0.200000 0.050000
vt 0.250000 0.050000
vt 0.300000 0.050000
vt 0.350000 0.050000
vt 0.400000 0.050000
vt 0.450000 0.050000
vt 0.500000 0.050000
vt 0.550000 0.050000
vt 0.600000 0.050000
vt 0.650000 0.050000
vt 0.700000 0.050000
vt 0.750000 0.050000
vt 0.800000 0.050000
vt 0.850000 0.050000
vt 0.900000 0.050000
vt 0.950000 0.050000
vt 1.000000 0.050000
vt 0.000000 0.100000
vt 0.050000 0.100000
vt 0.100000 0.100000
vt 0.150000 0.100000
vt 0.200000 0.100000
vt 0.250000 0.100000
vt 0.300000 0.100000
vt 0.350000 0.100000
vt 0.400000 0.100000
vt 0.450000 0.100000
vt 0.500000 0.100000
vt 0.550000 0.100000
vt 0.600000 0.100000
vt 0.650000 0.100000
vt 0.700000 0.100000
vt 0.750000 0.100000
vt 0.800000 0.100000
vt 0.850000 0.100000
vt 0.900000 0.100000
vt 0.950000 0.100000
vt 1.000000 0.100000
vt 0.000000 0.150000
vt 0.050000 0.150000
vt 0.100000 0.150000
vt 0.150000 0.150000
vt 0.200000 0.150000
vt 0.250000 0.150000
vt 0.300000 0.150000
vt 0.350000 0.150000
vt 0.400000 0.150000
vt 0.450000 0.150000
vt 0.500000 0.150000
vt 0.550000 0.150000
vt 0.600000 0.150000
vt 0.650000 0.150000
vt 0.700000 0.150000
vt 0.750000 0.150000
vt 0.800000 0.150000
vt 0.850000 0.150000
vt 0.900000 0.150000
vt 0.950000 0.150000
vt 1.000000 0.150000
vt 0.000000 0.200000
vt 0.050000 0.200000
vt 0.100000 0.200000
vt 0.150000 0.200000
vt 0.200000 0.200000
vt 0.250000 0.200000
vt 0.300000 0.200000
vt 0.350000 0.200000
vt 0.400000 0.200000
vt 0.450000 0.200000
vt 0.500000 0.200000
vt 0.550000 0.200000
vt 0.600000 0.200000
vt 0.650000 0.200000
vt 0.700000 0.200000
vt 0.750000 0.200000
vt 0.800000 0.200000
vt 0.850000 0.200000
vt 0.900000 0.200000
vt 0.950000 0.200000
vt 1.000000 0.200000
vt 0.000000 0.250000
vt 0.050000 0.250000
vt 0.100000 0.250000
vt 0.150000 0.250000
vt 0.200000 0.250000
vt 0.250000 0.250000
vt 0.300000 0.250000
vt 0.350000 0.250000
vt 0.400000 0.250000
vt 0.450000 0.250000
vt 0.500000 0.250000
vt 0.550000 0.250000
vt 0.600000 0.250000
vt 0.650000 0.250000
vt 0.700000 0.250000
vt 0.750000 0.250000
vt 0.800000 0.250000
vt 0.850000 0.250000
vt 0.900000 0.250000
vt 0.950000 0.250000
vt 1.000000 0.250000
vt 0.000000 0.300000
vt 0.050000 0.300000
vt 0.100000 0.300000
vt 0.150000 0.300000
vt 0.200000 0.300000
vt 0.250000 0.300000
vt 0.300000 0.300000
vt 0.350000 0.300000
vt 0.400000 0.300000
vt 0.450000 0.300000
vt 0.500000 0.300000
vt 0.550000 0.300000
vt 0.600000 0.300000
vt 0.650000 0.300000
vt 0.700000 0.300000
vt 0.750000 0.300000
vt 0.800000 0.300000
vt 0.850000 0.300000
vt 0.900000 0.300000
vt 0.950000 0.300000
vt 1.000000 0.300000
vt 0.000000 0.350000
vt 0.050000 0.350000
vt 0.100000 0.350000
vt 0.150000 0.350000
vt 0.200000 0.350000
vt 0.250000 0.350000
vt 0.300000 0.350000
vt 0.350000 0.350000
vt 0.400000 0.350000
vt 0.450000 0.350000
vt 0.500000 0.350000
vt 0.550000 0.350000
vt 0.600000 0.350000
vt 0.650000 0.350000
vt 0.700000 0.350000
vt 0.750000 0.350000
vt 0.800000 0.350000
vt 0.850000 0.350000
vt 0.900000 0.350000
vt 0.950000 0.350000
vt 1.000000 0.350000
vt 0.000000 0.400000
vt 0.050000 0.400000
vt 0.100000 0.400000
vt 0.150000 0.400000
vt 0.200000 0.400000
vt 0.250000 0.400000
vt 0.300000 0.400000
vt 0.350000 0.400000
vt 0.400000 0.400000
vt 0.450000 0.400000
vt 0.500000 0.400000
vt 0.550000 0.400000
vt 0.600000 0.400000
vt 0.650000 0.400000
vt 0.700000 0.400000
vt 0.750000 0.400000
vt 0.800000 0.400000
vt 0.850000 0.400000
vt 0.900000 0.400000
vt 0.950000 0.400000
vt 1.000000 0.400000
vt 0.000000 0.450000
vt 0.050000 0.450000
vt 0.100000 0.450000
vt 0.150000 0.450000
vt 0.200000 0.450000
vt 0.250000 0.450000
vt 0.300000 0.450000
vt 0.350000 0.450000
vt 0.400000 0.450000
vt 0.450000 0.450000
vt 0.500000 0.450000
vt 0.550000 0.450000
vt 0.600000 0.450000
vt 0.650000 0.450000
vt 0.700000 0.450000
vt 0.750000 0.450000
vt 0.800000 0.450000
vt 0.850000 0.450000
vt 0.900000 0.450000
vt 0.950000 0.450000
vt 1.000000 0.450000
vt 0.000000 0.500000
vt 0.050000 0.500000
vt 0.100000 0.500000
vt 0.150000 0.500000
vt 0.200000 0.500000
vt 0.250000 0.500000
vt 0.300000 0.500000
vt 0.350000 0.500000
vt 0.400000 0.500000
vt 0.450000 0.500000
vt 0.500000 0.500000
vt 0.550000 0.500000
vt 0.600000 0.500000
vt 0.650000 0.500000
vt 0.700000 0.500000
vt 0.750000 0.500000
vt 0.800000 0.500000
vt 0.850000 0.500000
vt 0.900000 0.500000
vt 0.950000 0.500000
vt 1.000000 0.500000
vt 0.000000 0.550000
vt 0.050000 0.550000
vt 0.100000 0.550000
vt 0.150000 0.550000
vt 0.200000 0.550000
vt 0.250000 0.550000
vt 0.300000 0.550000
vt 0.350000 0.550000
vt 0.400000 0.550000
vt 0.450000 0.550000
vt 0.500000 0.550000
vt 0.550000 0.550000
vt 0.600000 0.550000
vt 0.650000 0.550000
vt 0.700000 0.550000
vt 0.750000 0.550000
vt 0.800000 0.550000
vt 0.850000 0.550000
vt 0.900000 0.550000
vt 0.950000 0.550000
vt 1.000000 0.550000
vt 0.000000 0.600000
vt 0.050000 0.600000
vt 0.100000 0.600000
vt 0.150000 0.600000
vt 0.200000 0.600000
vt 0.250000 0.600000
vt 0.300000 0.600000
vt 0.350000 0.600000
vt 0.400000 0.600000
vt 0.450000 0.600000
vt 0.500000 0.600000
vt 0.550000 0.600000
vt 0.600000 0.600000
vt 0.650000 0.600000
vt 0.700000 0.600000
vt 0.750000 0.600000
vt 0.800000 0.600000
vt 0.850000 0.600000
vt 0.900000 0.600000
vt 0.950000 0.600000
vt 1.000000 0.600000
vt 0.000000 0.650000
vt 0.050000 0.650000
vt 0.100000 0.650000
vt 0.150000 0.650000
vt 0.200000 0.650000
vt 0.250000 0.650000
vt 0.300000 0.650000
vt 0.350000 0.650000
vt 0.400000 0.650000
vt 0.450000 0.650000
vt 0.500000 0.650000
vt 0.550000 0.650000
vt 0.600000 0.650000
vt 0.650000 0.650000
vt 0.700000 0.650000
vt 0.750000 0.650000
vt 0.800000 0.650000
vt 0.850000 0.650000
vt 0.900000 0.650000
vt 0.950000 0.650000
vt 1.000000 0.650000
vt 0.000000 0.700000
vt 0.050000 0.700000
vt 0.100000 0.700000
vt 0.150000 0.700000
vt 0.200000 0.700000
vt 0.250000 0.700000
vt 0.300000 0.700000
vt 0.350000 0.700000
vt 0.400000 0.700000
vt 0.450000 0.700000
vt 0.500000 0.700000
vt 0.550000 0.700000
vt 0.600000 0.700000
vt 0.650000 0.700000
vt 0.700000 0.700000
vt 0.750000 0.700000
vt 0.800000 0.700000
vt 0.850000 0.700000
vt 0.900000 0.700000
vt 0.950000 0.700000
vt 1.000000 0.700000
vt 0.000000 0.750000
vt 0.050000 0.750000
vt 0.100000 0.750000
vt 0.150000 0.750000
vt 0.200000 0.750000
vt 0.250000 0.750000
vt 0.300000 0.750000
vt 0.350000 0.750000
vt 0.400000 0.750000
vt 0.450000 0.750000
vt 0.500000 0.750000
vt 0.550000 0.750000
vt 0.600000 0.750000
vt 0.650000 0.750000
vt 0.700000 0.750000
vt 0.750000 0.750000
vt 0.800000 0.750000
vt 0.850000 0.750000
vt 0.900000 0.750000
vt 0.950000 0.750000
vt 1.000000 0.750000
vt 0.000000 0.800000
vt 0.050000 0.800000
vt 0.100000 0.800000
vt 0.150000 0.800000
vt 0.200000 0.800000
vt 0.250000 0.800000
vt 0.300000 0.800000
vt 0.350000 0.800000
vt 0.400000 0.800000
vt 0.450000 0.800000
vt 0.500000 0.800000
vt 0.550000 0.800000
vt 0.600000 0.800000
vt 0.650000 0.800000
vt 0.700000 0.800000
vt 0.750000 0.800000
vt 0.800000 0.800000
vt 0.850000 0.800000
vt 0.900000 0.800000
vt 0.950000 0.800000
vt 1.000000 0.800000
vt 0.000000 0.850000
vt 0.050000 0.850000
vt 0.100000 0.850000
vt 0.150000 0.850000
vt 0.200000 0.850000
vt 0.250000 0.850000
vt 0.300000 0.850000
vt 0.350000 0.850000
vt 0.400000 0.850000
vt 0.450000 0.850000
vt 0.500000 0.850000
vt 0.550000 0.850000
vt 0.600000 0.850000
vt 0.650000 0.850000
vt 0.700000 0.850000
vt 0.750000 0.850000
vt 0.800000 0.850000
vt 0.850000 0.850000
vt 0.900000 0.850000
vt 0.950000 0.850000
vt 1.000000 0.850000
vt 0.000000 0.900000
vt 0.050000 0.900000
vt 0.100000 0.900000
vt 0.150000 0.900000
vt 0.200000 0.900000
vt 0.250000 0.900000
vt 0.300000 0.900000
vt 0.350000 0.900000
vt 0.400000 0.900000
vt 0.450000 0.900000
vt 0.500000 0.900000
vt 0.550000 0.900000
vt 0.600000 0.900000
vt 0.650000 0.900000
vt 0.700000 0.900000
vt 0.750000 0.900000
vt 0.800000 0.900000
vt 0.850000 0.900000
vt 0.900000 0.900000
vt 0.950000 0.900000
vt 1.000000 0.900000
vt 0.000000 0.950000
vt 0.050000 0.950000
vt 0.100000 0.950000
vt 0.150000 0.950000
vt 0.200000 0.950000
vt 0.250000 0.950000
vt 0.300000 0.950000
vt 0.350000 0.950000
vt 0.400000 0.950000
vt 0.450000 0.950000
vt 0.500000 0.950000
vt 0.550000 0.950000
vt 0.600000 0.950000
vt 0.650000 0.950000
vt 0.700000 0.950000
vt 0.750000 0.950000
vt 0.800000 0.950000
vt 0.850000 0.950000
vt 0.900000 0.950000
vt 0.950000 0.950000
vt 1.000000 0.950000
vt 0.025000 0.000000
vt 0.075000 0.000000
vt 0.125000 0.000000
vt 0.175000 0.000000
vt 0.225000 0.000000
vt 0.275000 0.000000
vt 0.325000 0.000000
vt 0.375000 0.000000
vt 0.425000 0.000000
vt 0.475000 0.000000
vt 0.525000 0.000000
vt 0.575000 0.000000
vt 0.625000 0.000000
vt 0.675000 0.000000
vt 0.725000 0.000000
vt 0.775000 0.000000
vt 0.825000 0.000000
vt 0.875000 0.000000
vt 0.925000 0.000000
vt 0.975000 0.000000
vt 0.025000 1.000000
vt 0.075000 1.000000
vt 0.125000 1.000000
vt 0.175000 1.000000
vt 0.225000 1.000000
vt 0.275000 1.000000
vt 0.325000 1.000000
vt 0.375000 1.000000
vt 0.425000 1.000000
vt 0.475000 1.000000
vt 0.525000 1.000000
vt 0.575000 1.000000
vt 0.625000 1.000000
vt 0.675000 1.000000
vt 0.725000 1.000000
vt 0.775000 1.000000
vt 0.825000 1.000000
vt 0.875000 1.000000
vt 0.925000 1.000000
vt 0.975000 1.000000
vn -0.281862 -0.957946 0.053792
vn -0.346313 -0.936893 0.047938
vn -0.321695 -0.946631 0.020055
vn -0.349177 -0.936950 0.014136
vn -0.218533 -0.971079 0.096170
vn -0.294311 -0.949183 0.111504
vn -0.116787 -0.983587 0.137537
vn -0.170570 -0.969206 0.177609
vn 0.000000 -0.988955 0.148217
vn 0.000000 -0.979080 0.203473
vn 0.116787 -0.983587 0.137537
vn 0.170570 -0.969206 0.177609
vn 0.218533 -0.971079 0.096170
vn 0.294311 -0.949183 0.111504
vn 0.281862 -0.957946 0.053794
vn 0.346313 -0.936893 0.047939
vn 0.321695 -0.946631 0.020053
vn 0.349177 -0.936950 0.014136
vn 0.321637 -0.946828 0.008135
vn 0.345145 -0.938248 0.023774
vn 0.309328 -0.949157 0.058459
vn 0.353950 -0.927985 0.116459
vn 0.294483 -0.944245 0.147243
vn 0.365644 -0.905605 0.214905
vn 0.242084 -0.959248 0.145733
vn 0.331629 -0.910163 0.248245
vn 0.172339 -0.971154 0.164803
vn 0.243929 -0.915484 0.319981
vn 0.000000 -0.985595 0.169121
vn -0.000000 -0.943886 0.330272
vn -0.126053 -0.978240 0.164792
vn -0.244108 -0.919687 0.307549
vn -0.256009 -0.947362 0.192260
vn -0.338972 -0.909978 0.238826
vn -0.294484 -0.944245 0.147245
vn -0.365643 -0.905605 0.214905
vn -0.309328 -0.949157 0.058457
vn -0.353950 -0.927985 0.116459
vn -0.321637 -0.946828 0.008135
vn -0.345145 -0.938248 0.023776
vn -0.195743 -0.978942 -0.057943
vn -0.145388 -0.987153 -0.066263
vn -0.242637 -0.970116 -0.001069
vn -0.164472 -0.982380 0.088757
vn 0.000000 -0.991525 0.129916
vn 0.164472 -0.982380 0.088757
vn 0.242637 -0.970117 -0.001068
vn 0.195743 -0.978942 -0.057943
vn 0.145389 -0.987153 -0.066263
vn 0.117033 -0.992975 0.017453
vn 0.165894 -0.971179 0.171144
vn 0.268175 -0.911725 0.311192
vn 0.318526 -0.866498 0.384346
vn 0.256506 -0.850634 0.458941
vn 0.000000 -0.874050 0.485835
vn -0.256506 -0.850634 0.458941
vn -0.318526 -0.866499 0.384346
vn -0.268175 -0.911725 0.311192
vn -0.165895 -0.971179 0.171144
vn -0.117033 -0.992975 0.017453
vn 0.236407 -0.953223 -0.188354
vn 0.104713 -0.951775 -0.288373
vn -0.037510 -0.959559 -0.278997
vn -0.077065 -0.984049 -0.160340
vn -0.000000 -0.996145 -0.087725
vn 0.077065 -0.984049 -0.160340
vn 0.037510 -0.959559 -0.278997
vn -0.104713 -0.951775 -0.288372
vn -0.236407 -0.953223 -0.188354
vn -0.289685 -0.957079 0.009075
vn -0.228016 -0.937158 0.264091
vn -0.004906 -0.894407 0.447227
vn 0.197676 -0.824749 0.529824
vn 0.227693 -0.778065 0.585467
vn 0.000000 -0.779980 0.625804
vn -0.227693 -0.778065 0.585467
vn -0.197676 -0.824749 0.529824
vn 0.004906 -0.894407 0.447228
vn 0.228016 -0.937158 0.264091
vn 0.289685 -0.957079 0.009075
vn 0.508665 -0.819225 -0.264821
vn 0.368136 -0.805623 -0.464162
vn 0.182934 -0.819242 -0.543486
vn 0.046484 -0.872585 -0.486245
vn -0.000000 -0.889398 -0.457133
vn -0.046484 -0.872585 -0.486245
vn -0.182934 -0.819242 -0.543486
vn -0.363764 -0.807181 -0.464902
vn -0.506570 -0.818254 -0.271750
vn -0.560027 -0.828472 -0.001894
vn -0.488744 -0.823603 0.287763
vn -0.254200 -0.802493 0.539803
vn 0.047237 -0.759205 0.649135
vn 0.171967 -0.688088 0.704955
vn 0.000000 -0.667199 0.744879
vn -0.171967 -0.688088 0.704955
vn -0.047237 -0.759205 0.649135
vn 0.254200 -0.802493 0.539803
vn 0.485188 -0.824575 0.290979
vn 0.560018 -0.828459 0.006039
vn 0.639949 -0.697817 -0.321740
vn 0.500710 -0.648894 -0.572910
vn 0.318880 -0.621553 -0.715533
vn 0.143748 -0.641739 -0.753331
vn -0.000000 -0.661925 -0.749570
vn -0.143748 -0.641739 -0.753331
vn -0.316490 -0.622671 -0.715622
vn -0.496911 -0.646132 -0.579304
vn -0.636161 -0.696255 -0.332457
vn -0.693451 -0.720477 -0.006222
vn -0.636084 -0.700149 0.324327
vn -0.430319 -0.652804 0.623436
vn -0.095443 -0.645146 0.758075
vn 0.101470 -0.576444 0.810812
vn 0.000000 -0.541126 0.840941
vn -0.101470 -0.576444 0.810812
vn 0.095444 -0.645146 0.758075
vn 0.426808 -0.653254 0.625375
vn 0.634111 -0.697779 0.333179
vn 0.693451 -0.720477 0.006223
vn 0.736649 -0.564562 -0.372314
vn 0.567934 -0.510827 -0.645373
vn 0.372753 -0.462392 -0.804518
vn 0.181882 -0.438670 -0.880050
vn 0.001169 -0.441461 -0.897280
vn -0.179491 -0.438400 -0.880675
vn -0.369155 -0.460500 -0.807258
vn -0.562891 -0.509359 -0.650928
vn -0.733066 -0.563336 -0.381139
vn -0.807727 -0.589533 -0.005299
vn -0.736649 -0.564562 0.372316
vn -0.537458 -0.512470 0.669711
vn -0.206249 -0.496656 0.843086
vn 0.028299 -0.444818 0.895174
vn 0.000000 -0.406282 0.913748
vn -0.028299 -0.444817 0.895174
vn 0.206249 -0.496656 0.843086
vn 0.534195 -0.511414 0.673121
vn 0.733066 -0.563336 0.381139
vn 0.807727 -0.589533 0.005301
vn 0.817165 -0.399969 -0.415051
vn 0.616686 -0.354450 -0.702897
vn 0.398848 -0.314972 -0.861227
vn 0.194679 -0.291086 -0.936680
vn 0.001655 -0.283203 -0.959059
vn -0.191267 -0.290815 -0.937467
vn -0.395175 -0.314418 -0.863121
vn -0.612885 -0.353661 -0.706608
vn -0.814291 -0.399268 -0.421326
vn -0.906437 -0.422323 -0.003893
vn -0.817164 -0.399969 0.415052
vn -0.605002 -0.356750 0.711830
vn -0.285822 -0.335255 0.897725
vn -0.038626 -0.300149 0.953110
vn 0.000000 -0.266177 0.963924
vn 0.038626 -0.300149 0.953110
vn 0.285822 -0.335255 0.897725
vn 0.602974 -0.356028 0.713909
vn 0.814291 -0.399268 0.421326
vn 0.906437 -0.422323 0.003895
vn 0.871227 -0.208078 -0.444598
vn 0.647465 -0.181688 -0.740120
vn 0.413858 -0.159705 -0.896223
vn 0.200391 -0.146755 -0.968662
vn 0.000844 -0.142553 -0.989787
vn -0.198640 -0.146683 -0.969034
vn -0.411939 -0.159555 -0.897133
vn -0.645414 -0.181467 -0.741964
vn -0.869605 -0.207872 -0.447857
vn -0.975137 -0.221593 -0.002071
vn -0.871226 -0.208078 0.444599
vn -0.643189 -0.183022 0.743512
vn -0.340251 -0.173251 0.924236
vn -0.096187 -0.149306 0.984101
vn 0.000000 -0.123504 0.992344
vn 0.096187 -0.149306 0.984101
vn 0.340251 -0.173251 0.924236
vn 0.642172 -0.182530 0.744512
vn 0.869605 -0.207873 0.447857
vn 0.975137 -0.221593 0.002073
vn 0.889875 -0.000001 -0.456204
vn 0.657367 0.000000 -0.753571
vn 0.418262 0.000000 -0.908327
vn 0.201698 -0.000000 -0.979448
vn -0.000000 0.000000 -1.000000
vn -0.201698 0.000000 -0.979448
vn -0.418262 -0.000000 -0.908326
vn -0.657367 -0.000000 -0.753570
vn -0.889875 0.000000 -0.456205
vn -1.000000 0.000000 0.000000
vn -0.889875 0.000000 0.456205
vn -0.655620 -0.000647 0.755091
vn -0.375477 -0.011009 0.926766
vn -0.144818 0.002035 0.989456
vn 0.000000 0.019570 0.999808
vn 0.144818 0.002035 0.989456
vn 0.375477 -0.011009 0.926766
vn 0.655620 -0.000245 0.755091
vn 0.889875 -0.000000 0.456205
vn 1.000000 0.000001 0.000001
vn 0.869606 0.207872 -0.447855
vn 0.645413 0.181467 -0.741964
vn 0.411939 0.159555 -0.897133
vn 0.198640 0.146683 -0.969034
vn -0.000845 0.142553 -0.989787
vn -0.200392 0.146755 -0.968662
vn -0.413858 0.159705 -0.896223
vn -0.647466 0.181687 -0.740120
vn -0.871226 0.208078 -0.444599
vn -0.975137 0.221593 0.002071
vn -0.869605 0.207872 0.447857
vn -0.644588 0.180928 0.742813
vn -0.396032 0.149852 0.905927
vn -0.186114 0.149879 0.971029
vn -0.000000 0.161126 0.986934
vn 0.186114 0.149879 0.971029
vn 0.396032 0.149852 0.905927
vn 0.645573 0.181427 0.741835
vn 0.871226 0.208078 0.444599
vn 0.975137 0.221593 -0.002070
vn 0.814291 0.399268 -0.421325
vn 0.612885 0.353662 -0.706608
vn 0.395175 0.314418 -0.863121
vn 0.191266 0.290816 -0.937466
vn -0.001655 0.283203 -0.959059
vn -0.194679 0.291086 -0.936680
vn -0.398848 0.314972 -0.861227
vn -0.616686 0.354450 -0.702897
vn -0.817164 0.399969 -0.415052
vn -0.906437 0.422323 0.003893
vn -0.814291 0.399268 0.421326
vn -0.613261 0.352717 0.706755
vn -0.406207 0.304547 0.861538
vn -0.221328 0.291358 0.930658
vn -0.000000 0.299273 0.954167
vn 0.221328 0.291358 0.930658
vn 0.406207 0.304548 0.861537
vn 0.615066 0.353464 0.704810
vn 0.817164 0.399968 0.415052
vn 0.906437 0.422323 -0.003892
vn 0.733066 0.563336 -0.381138
vn 0.562891 0.509359 -0.650928
vn 0.368626 0.460367 -0.807575
vn 0.179409 0.430446 -0.884606
vn -0.001158 0.420815 -0.907146
vn -0.181765 0.430710 -0.883997
vn -0.372177 0.462233 -0.804876
vn -0.567934 0.510827 -0.645373
vn -0.736649 0.564562 -0.372315
vn -0.807727 0.589533 0.005299
vn -0.733066 0.563336 0.381139
vn -0.567033 0.507666 0.648651
vn -0.411445 0.446350 0.794660
vn -0.250311 0.424170 0.870301
vn 0.000000 0.432055 0.901847
vn 0.250311 0.424171 0.870301
vn 0.411445 0.446350 0.794660
vn 0.569328 0.508704 0.645822
vn 0.736649 0.564562 0.372316
vn 0.807727 0.589533 -0.005298
vn 0.636161 0.696256 -0.332456
vn 0.499448 0.644073 -0.579415
vn 0.333291 0.593071 -0.732928
vn 0.163503 0.560098 -0.812131
vn 0.000000 0.550442 -0.834873
vn -0.163503 0.560098 -0.812131
vn -0.335245 0.592483 -0.732513
vn -0.503127 0.646807 -0.573152
vn -0.639948 0.697817 -0.321741
vn -0.693451 0.720477 0.006222
vn -0.636161 0.696256 0.332457
vn -0.516343 0.638879 0.570284
vn -0.417559 0.570130 0.707528
vn -0.271004 0.546646 0.792297
vn -0.000000 0.557432 0.830223
vn 0.271004 0.546646 0.792297
vn 0.417559 0.570130 0.707528
vn 0.518106 0.638478 0.569133
vn 0.638058 0.698598 0.323795
vn 0.693451 0.720477 -0.006221
vn 0.534832 0.797779 -0.278394
vn 0.433074 0.749314 -0.500973
vn 0.301353 0.696958 -0.650719
vn 0.153751 0.660726 -0.734712
vn -0.000000 0.649190 -0.760627
vn -0.153751 0.660726 -0.734712
vn -0.301353 0.696959 -0.650719
vn -0.435391 0.749031 -0.499386
vn -0.536860 0.798686 -0.271813
vn -0.577260 0.816531 0.006937
vn -0.540641 0.793959 0.278094
vn -0.482625 0.734302 0.477360
vn -0.424540 0.672813 0.605879
vn -0.280042 0.658040 0.698970
vn -0.000000 0.673282 0.739386
vn 0.280043 0.658040 0.698970
vn 0.424540 0.672812 0.605879
vn 0.482625 0.734303 0.477360
vn 0.542622 0.793582 0.275298
vn 0.577274 0.816551 -0.000689
vn 0.470972 0.850944 -0.232548
vn 0.397478 0.811008 -0.429275
vn 0.289431 0.766855 -0.572856
vn 0.150896 0.736642 -0.659233
vn -0.000000 0.726862 -0.686784
vn -0.150896 0.736642 -0.659233
vn -0.289431 0.766855 -0.572855
vn -0.397478 0.811008 -0.429275
vn -0.470972 0.850944 -0.232549
vn -0.501614 0.865079 0.004762
vn -0.493327 0.842082 0.218004
vn -0.474530 0.793503 0.381017
vn -0.421479 0.757176 0.499040
vn -0.273184 0.758708 0.591383
vn 0.000000 0.777251 0.629191
vn 0.273184 0.758708 0.591382
vn 0.421479 0.757175 0.499040
vn 0.474530 0.793503 0.381017
vn 0.493327 0.842082 0.218004
vn 0.501614 0.865079 0.004763
vn 0.446362 0.873775 -0.193075
vn 0.382072 0.850061 -0.362515
vn 0.280530 0.823621 -0.492901
vn 0.146988 0.804620 -0.575310
vn -0.000000 0.798787 -0.601614
vn -0.146988 0.804620 -0.575310
vn -0.280531 0.823621 -0.492901
vn -0.382072 0.850061 -0.362515
vn -0.446362 0.873775 -0.193075
vn -0.475323 0.879811 0.000899
vn -0.476758 0.864223 0.160685
vn -0.455877 0.841582 0.289682
vn -0.395804 0.831123 0.390608
vn -0.245807 0.847943 0.469650
vn 0.000000 0.866435 0.499290
vn 0.245807 0.847943 0.469650
vn 0.395804 0.831122 0.390608
vn 0.455877 0.841582 0.289682
vn 0.476758 0.864223 0.160685
vn 0.475322 0.879811 0.000899
vn 0.403760 0.903047 -0.146574
vn 0.343286 0.896070 -0.281449
vn 0.252023 0.884858 -0.391804
vn 0.131208 0.877187 -0.461873
vn -0.000000 0.875764 -0.482740
vn -0.131208 0.877188 -0.461873
vn -0.252023 0.884858 -0.391803
vn -0.343286 0.896070 -0.281450
vn -0.403760 0.903047 -0.146575
vn -0.427507 0.904011 -0.001554
vn -0.425594 0.898463 0.107863
vn -0.396902 0.896679 0.196049
vn -0.330179 0.903727 0.272505
vn -0.190561 0.924397 0.330418
vn 0.000000 0.937026 0.349258
vn 0.190561 0.924397 0.330418
vn 0.330179 0.903727 0.272505
vn 0.396902 0.896679 0.196049
vn 0.425594 0.898463 0.107863
vn 0.427507 0.904011 -0.001554
vn 0.244651 0.954569 -0.170132
vn 0.280713 0.956152 -0.083502
vn 0.170911 0.956044 -0.238263
vn 0.087655 0.954728 -0.284274
vn -0.000000 0.956845 -0.290598
vn -0.087655 0.954728 -0.284274
vn -0.170911 0.956044 -0.238264
vn -0.244651 0.954569 -0.170131
vn -0.280713 0.956153 -0.083501
vn -0.293610 0.955921 0.002869
vn -0.283818 0.956856 0.062239
vn -0.257993 0.961454 0.095111
vn -0.207224 0.969623 0.129962
vn -0.106880 0.979295 0.171924
vn -0.000001 0.984027 0.178020
vn 0.106881 0.979295 0.171925
vn 0.207225 0.969622 0.129962
vn 0.257993 0.961454 0.095110
vn 0.283818 0.956856 0.062239
vn 0.293609 0.955921 0.002868
vn -0.000000 -0.997497 0.070710
vn 0.000000 0.999669 -0.025734
s 1
g cha_dog_head pSphere11
usemtl lambert13SG
f 1406/1597/1405 1426/1618/1406 1405/1596/1407
f 1405/1596/1407 1426/1618/1406 1425/1617/1408
f 1407/1598/1409 1427/1619/1410 1406/1597/1405
f 1406/1597/1405 1427/1619/1410 1426/1618/1406
f 1408/1599/1411 1428/1620/1412 1407/1598/1409
f 1407/1598/1409 1428/1620/1412 1427/1619/1410
f 1409/1600/1413 1429/1621/1414 1408/1599/1411
f 1408/1599/1411 1429/1621/1414 1428/1620/1412
f 1409/1600/1413 1410/1601/1415 1429/1621/1414
f 1429/1621/1414 1410/1601/1415 1430/1622/1416
f 1410/1601/1415 1411/1602/1417 1430/1622/1416
f 1430/1622/1416 1411/1602/1417 1431/1623/1418
f 1411/1602/1417 1412/1603/1419 1431/1623/1418
f 1431/1623/1418 1412/1603/1419 1432/1624/1420
f 1412/1603/1419 1413/1604/1421 1432/1624/1420
f 1432/1624/1420 1413/1604/1421 1433/1625/1422
f 1414/1605/1423 1434/1626/1424 1413/1604/1421
f 1413/1604/1421 1434/1626/1424 1433/1625/1422
f 1415/1606/1425 1435/1627/1426 1414/1605/1423
f 1414/1605/1423 1435/1627/1426 1434/1626/1424
f 1416/1607/1427 1436/1628/1428 1415/1606/1425
f 1415/1606/1425 1436/1628/1428 1435/1627/1426
f 1417/1608/1429 1437/1629/1430 1416/1607/1427
f 1416/1607/1427 1437/1629/1430 1436/1628/1428
f 1417/1608/1429 1418/1609/1431 1437/1629/1430
f 1437/1629/1430 1418/1609/1431 1438/1630/1432
f 1418/1609/1431 1419/1610/1433 1438/1630/1432
f 1438/1630/1432 1419/1610/1433 1439/1631/1434
f 1420/1611/1435 1440/1632/1436 1419/1610/1433
f 1419/1610/1433 1440/1632/1436 1439/1631/1434
f 1420/1611/1435 1421/1612/1437 1440/1632/1436
f 1440/1632/1436 1421/1612/1437 1441/1633/1438
f 1421/1612/1437 1422/1613/1439 1441/1633/1438
f 1441/1633/1438 1422/1613/1439 1442/1634/1440
f 1422/1613/1439 1423/1614/1441 1442/1634/1440
f 1442/1634/1440 1423/1614/1441 1443/1635/1442
f 1423/1614/1441 1424/1615/1443 1443/1635/1442
f 1443/1635/1442 1424/1615/1443 1444/1636/1444
f 1424/1615/1443 1405/1616/1407 1444/1636/1444
f 1444/1636/1444 1405/1616/1407 1425/1637/1408
f 1426/1618/1406 1446/1639/1445 1425/1617/1408
f 1425/1617/1408 1446/1639/1445 1445/1638/1446
f 1427/1619/1410 1447/1640/1447 1426/1618/1406
f 1426/1618/1406 1447/1640/1447 1446/1639/1445
f 1428/1620/1412 1448/1641/1448 1427/1619/1410
f 1427/1619/1410 1448/1641/1448 1447/1640/1447
f 1429/1621/1414 1449/1642/1449 1428/1620/1412
f 1428/1620/1412 1449/1642/1449 1448/1641/1448
f 1429/1621/1414 1430/1622/1416 1449/1642/1449
f 1449/1642/1449 1430/1622/1416 1450/1643/1450
f 1430/1622/1416 1431/1623/1418 1450/1643/1450
f 1450/1643/1450 1431/1623/1418 1451/1644/1451
f 1431/1623/1418 1432/1624/1420 1451/1644/1451
f 1451/1644/1451 1432/1624/1420 1452/1645/1452
f 1432/1624/1420 1433/1625/1422 1452/1645/1452
f 1452/1645/1452 1433/1625/1422 1453/1646/1453
f 1434/1626/1424 1454/1647/1454 1433/1625/1422
f 1433/1625/1422 1454/1647/1454 1453/1646/1453
f 1435/1627/1426 1455/1648/1455 1434/1626/1424
f 1434/1626/1424 1455/1648/1455 1454/1647/1454
f 1436/1628/1428 1456/1649/1456 1435/1627/1426
f 1435/1627/1426 1456/1649/1456 1455/1648/1455
f 1437/1629/1430 1457/1650/1457 1436/1628/1428
f 1436/1628/1428 1457/1650/1457 1456/1649/1456
f 1437/1629/1430 1438/1630/1432 1457/1650/1457
f 1457/1650/1457 1438/1630/1432 1458/1651/1458
f 1438/1630/1432 1439/1631/1434 1458/1651/1458
f 1458/1651/1458 1439/1631/1434 1459/1652/1459
f 1440/1632/1436 1460/1653/1460 1439/1631/1434
f 1439/1631/1434 1460/1653/1460 1459/1652/1459
f 1441/1633/1438 1461/1654/1461 1440/1632/1436
f 1440/1632/1436 1461/1654/1461 1460/1653/1460
f 1441/1633/1438 1442/1634/1440 1461/1654/1461
f 1461/1654/1461 1442/1634/1440 1462/1655/1462
f 1442/1634/1440 1443/1635/1442 1462/1655/1462
f 1462/1655/1462 1443/1635/1442 1463/1656/1463
f 1443/1635/1442 1444/1636/1444 1463/1656/1463
f 1463/1656/1463 1444/1636/1444 1464/1657/1464
f 1444/1636/1444 1425/1637/1408 1464/1657/1464
f 1464/1657/1464 1425/1637/1408 1445/1658/1446
f 1445/1638/1446 1446/1639/1445 1465/1659/1465
f 1465/1659/1465 1446/1639/1445 1466/1660/1466
f 1447/1640/1447 1467/1661/1467 1446/1639/1445
f 1446/1639/1445 1467/1661/1467 1466/1660/1466
f 1448/1641/1448 1468/1662/1468 1447/1640/1447
f 1447/1640/1447 1468/1662/1468 1467/1661/1467
f 1449/1642/1449 1469/1663/1469 1448/1641/1448
f 1448/1641/1448 1469/1663/1469 1468/1662/1468
f 1449/1642/1449 1450/1643/1450 1469/1663/1469
f 1469/1663/1469 1450/1643/1450 1470/1664/1470
f 1450/1643/1450 1451/1644/1451 1470/1664/1470
f 1470/1664/1470 1451/1644/1451 1471/1665/1471
f 1451/1644/1451 1452/1645/1452 1471/1665/1471
f 1471/1665/1471 1452/1645/1452 1472/1666/1472
f 1453/1646/1453 1473/1667/1473 1452/1645/1452
f 1452/1645/1452 1473/1667/1473 1472/1666/1472
f 1454/1647/1454 1474/1668/1474 1453/1646/1453
f 1453/1646/1453 1474/1668/1474 1473/1667/1473
f 1455/1648/1455 1475/1669/1475 1454/1647/1454
f 1454/1647/1454 1475/1669/1475 1474/1668/1474
f 1456/1649/1456 1476/1670/1476 1455/1648/1455
f 1455/1648/1455 1476/1670/1476 1475/1669/1475
f 1457/1650/1457 1477/1671/1477 1456/1649/1456
f 1456/1649/1456 1477/1671/1477 1476/1670/1476
f 1457/1650/1457 1458/1651/1458 1477/1671/1477
f 1477/1671/1477 1458/1651/1458 1478/1672/1478
f 1458/1651/1458 1459/1652/1459 1478/1672/1478
f 1478/1672/1478 1459/1652/1459 1479/1673/1479
f 1460/1653/1460 1480/1674/1480 1459/1652/1459
f 1459/1652/1459 1480/1674/1480 1479/1673/1479
f 1461/1654/1461 1481/1675/1481 1460/1653/1460
f 1460/1653/1460 1481/1675/1481 1480/1674/1480
f 1461/1654/1461 1462/1655/1462 1481/1675/1481
f 1481/1675/1481 1462/1655/1462 1482/1676/1482
f 1462/1655/1462 1463/1656/1463 1482/1676/1482
f 1482/1676/1482 1463/1656/1463 1483/1677/1483
f 1463/1656/1463 1464/1657/1464 1483/1677/1483
f 1483/1677/1483 1464/1657/1464 1484/1678/1484
f 1464/1657/1464 1445/1658/1446 1484/1678/1484
f 1484/1678/1484 1445/1658/1446 1465/1679/1465
f 1465/1659/1465 1466/1660/1466 1485/1680/1485
f 1485/1680/1485 1466/1660/1466 1486/1681/1486
f 1466/1660/1466 1467/1661/1467 1486/1681/1486
f 1486/1681/1486 1467/1661/1467 1487/1682/1487
f 1467/1661/1467 1468/1662/1468 1487/1682/1487
f 1487/1682/1487 1468/1662/1468 1488/1683/1488
f 1469/1663/1469 1489/1684/1489 1468/1662/1468
f 1468/1662/1468 1489/1684/1489 1488/1683/1488
f 1469/1663/1469 1470/1664/1470 1489/1684/1489
f 1489/1684/1489 1470/1664/1470 1490/1685/1490
f 1471/1665/1471 1491/1686/1491 1470/1664/1470
f 1470/1664/1470 1491/1686/1491 1490/1685/1490
f 1472/1666/1472 1492/1687/1492 1471/1665/1471
f 1471/1665/1471 1492/1687/1492 1491/1686/1491
f 1473/1667/1473 1493/1688/1493 1472/1666/1472
f 1472/1666/1472 1493/1688/1493 1492/1687/1492
f 1474/1668/1474 1494/1689/1494 1473/1667/1473
f 1473/1667/1473 1494/1689/1494 1493/1688/1493
f 1474/1668/1474 1475/1669/1475 1494/1689/1494
f 1494/1689/1494 1475/1669/1475 1495/1690/1495
f 1475/1669/1475 1476/1670/1476 1495/1690/1495
f 1495/1690/1495 1476/1670/1476 1496/1691/1496
f 1476/1670/1476 1477/1671/1477 1496/1691/1496
f 1496/1691/1496 1477/1671/1477 1497/1692/1497
f 1477/1671/1477 1478/1672/1478 1497/1692/1497
f 1497/1692/1497 1478/1672/1478 1498/1693/1498
f 1478/1672/1478 1479/1673/1479 1498/1693/1498
f 1498/1693/1498 1479/1673/1479 1499/1694/1499
f 1480/1674/1480 1500/1695/1500 1479/1673/1479
f 1479/1673/1479 1500/1695/1500 1499/1694/1499
f 1481/1675/1481 1501/1696/1501 1480/1674/1480
f 1480/1674/1480 1501/1696/1501 1500/1695/1500
f 1482/1676/1482 1502/1697/1502 1481/1675/1481
f 1481/1675/1481 1502/1697/1502 1501/1696/1501
f 1483/1677/1483 1503/1698/1503 1482/1676/1482
f 1482/1676/1482 1503/1698/1503 1502/1697/1502
f 1484/1678/1484 1504/1699/1504 1483/1677/1483
f 1483/1677/1483 1504/1699/1504 1503/1698/1503
f 1484/1678/1484 1465/1679/1465 1504/1699/1504
f 1504/1699/1504 1465/1679/1465 1485/1700/1485
f 1485/1680/1485 1486/1681/1486 1505/1701/1505
f 1505/1701/1505 1486/1681/1486 1506/1702/1506
f 1486/1681/1486 1487/1682/1487 1506/1702/1506
f 1506/1702/1506 1487/1682/1487 1507/1703/1507
f 1487/1682/1487 1488/1683/1488 1507/1703/1507
f 1507/1703/1507 1488/1683/1488 1508/1704/1508
f 1488/1683/1488 1489/1684/1489 1508/1704/1508
f 1508/1704/1508 1489/1684/1489 1509/1705/1509
f 1490/1685/1490 1510/1706/1510 1489/1684/1489
f 1489/1684/1489 1510/1706/1510 1509/1705/1509
f 1491/1686/1491 1511/1707/1511 1490/1685/1490
f 1490/1685/1490 1511/1707/1511 1510/1706/1510
f 1492/1687/1492 1512/1708/1512 1491/1686/1491
f 1491/1686/1491 1512/1708/1512 1511/1707/1511
f 1492/1687/1492 1493/1688/1493 1512/1708/1512
f 1512/1708/1512 1493/1688/1493 1513/1709/1513
f 1493/1688/1493 1494/1689/1494 1513/1709/1513
f 1513/1709/1513 1494/1689/1494 1514/1710/1514
f 1494/1689/1494 1495/1690/1495 1514/1710/1514
f 1514/1710/1514 1495/1690/1495 1515/1711/1515
f 1495/1690/1495 1496/1691/1496 1515/1711/1515
f 1515/1711/1515 1496/1691/1496 1516/1712/1516
f 1496/1691/1496 1497/1692/1497 1516/1712/1516
f 1516/1712/1516 1497/1692/1497 1517/1713/1517
f 1497/1692/1497 1498/1693/1498 1517/1713/1517
f 1517/1713/1517 1498/1693/1498 1518/1714/1518
f 1498/1693/1498 1499/1694/1499 1518/1714/1518
f 1518/1714/1518 1499/1694/1499 1519/1715/1519
f 1500/1695/1500 1520/1716/1520 1499/1694/1499
f 1499/1694/1499 1520/1716/1520 1519/1715/1519
f 1501/1696/1501 1521/1717/1521 1500/1695/1500
f 1500/1695/1500 1521/1717/1521 1520/1716/1520
f 1502/1697/1502 1522/1718/1522 1501/1696/1501
f 1501/1696/1501 1522/1718/1522 1521/1717/1521
f 1503/1698/1503 1523/1719/1523 1502/1697/1502
f 1502/1697/1502 1523/1719/1523 1522/1718/1522
f 1503/1698/1503 1504/1699/1504 1523/1719/1523
f 1523/1719/1523 1504/1699/1504 1524/1720/1524
f 1504/1699/1504 1485/1700/1485 1524/1720/1524
f 1524/1720/1524 1485/1700/1485 1505/1721/1505
f 1505/1701/1505 1506/1702/1506 1525/1722/1525
f 1525/1722/1525 1506/1702/1506 1526/1723/1526
f 1506/1702/1506 1507/1703/1507 1526/1723/1526
f 1526/1723/1526 1507/1703/1507 1527/1724/1527
f 1507/1703/1507 1508/1704/1508 1527/1724/1527
f 1527/1724/1527 1508/1704/1508 1528/1725/1528
f 1508/1704/1508 1509/1705/1509 1528/1725/1528
f 1528/1725/1528 1509/1705/1509 1529/1726/1529
f 1510/1706/1510 1530/1727/1530 1509/1705/1509
f 1509/1705/1509 1530/1727/1530 1529/1726/1529
f 1511/1707/1511 1531/1728/1531 1510/1706/1510
f 1510/1706/1510 1531/1728/1531 1530/1727/1530
f 1511/1707/1511 1512/1708/1512 1531/1728/1531
f 1531/1728/1531 1512/1708/1512 1532/1729/1532
f 1512/1708/1512 1513/1709/1513 1532/1729/1532
f 1532/1729/1532 1513/1709/1513 1533/1730/1533
f 1513/1709/1513 1514/1710/1514 1533/1730/1533
f 1533/1730/1533 1514/1710/1514 1534/1731/1534
f 1514/1710/1514 1515/1711/1515 1534/1731/1534
f 1534/1731/1534 1515/1711/1515 1535/1732/1535
f 1515/1711/1515 1516/1712/1516 1535/1732/1535
f 1535/1732/1535 1516/1712/1516 1536/1733/1536
f 1516/1712/1516 1517/1713/1517 1536/1733/1536
f 1536/1733/1536 1517/1713/1517 1537/1734/1537
f 1517/1713/1517 1518/1714/1518 1537/1734/1537
f 1537/1734/1537 1518/1714/1518 1538/1735/1538
f 1518/1714/1518 1519/1715/1519 1538/1735/1538
f 1538/1735/1538 1519/1715/1519 1539/1736/1539
f 1520/1716/1520 1540/1737/1540 1519/1715/1519
f 1519/1715/1519 1540/1737/1540 1539/1736/1539
f 1521/1717/1521 1541/1738/1541 1520/1716/1520
f 1520/1716/1520 1541/1738/1541 1540/1737/1540
f 1522/1718/1522 1542/1739/1542 1521/1717/1521
f 1521/1717/1521 1542/1739/1542 1541/1738/1541
f 1522/1718/1522 1523/1719/1523 1542/1739/1542
f 1542/1739/1542 1523/1719/1523 1543/1740/1543
f 1523/1719/1523 1524/1720/1524 1543/1740/1543
f 1543/1740/1543 1524/1720/1524 1544/1741/1544
f 1524/1720/1524 1505/1721/1505 1544/1741/1544
f 1544/1741/1544 1505/1721/1505 1525/1742/1525
f 1525/1722/1525 1526/1723/1526 1545/1743/1545
f 1545/1743/1545 1526/1723/1526 1546/1744/1546
f 1526/1723/1526 1527/1724/1527 1546/1744/1546
f 1546/1744/1546 1527/1724/1527 1547/1745/1547
f 1527/1724/1527 1528/1725/1528 1547/1745/1547
f 1547/1745/1547 1528/1725/1528 1548/1746/1548
f 1528/1725/1528 1529/1726/1529 1548/1746/1548
f 1548/1746/1548 1529/1726/1529 1549/1747/1549
f 1529/1726/1529 1530/1727/1530 1549/1747/1549
f 1549/1747/1549 1530/1727/1530 1550/1748/1550
f 1530/1727/1530 1531/1728/1531 1550/1748/1550
f 1550/1748/1550 1531/1728/1531 1551/1749/1551
f 1531/1728/1531 1532/1729/1532 1551/1749/1551
f 1551/1749/1551 1532/1729/1532 1552/1750/1552
f 1532/1729/1532 1533/1730/1533 1552/1750/1552
f 1552/1750/1552 1533/1730/1533 1553/1751/1553
f 1533/1730/1533 1534/1731/1534 1553/1751/1553
f 1553/1751/1553 1534/1731/1534 1554/1752/1554
f 1534/1731/1534 1535/1732/1535 1554/1752/1554
f 1554/1752/1554 1535/1732/1535 1555/1753/1555
f 1535/1732/1535 1536/1733/1536 1555/1753/1555
f 1555/1753/1555 1536/1733/1536 1556/1754/1556
f 1536/1733/1536 1537/1734/1537 1556/1754/1556
f 1556/1754/1556 1537/1734/1537 1557/1755/1557
f 1537/1734/1537 1538/1735/1538 1557/1755/1557
f 1557/1755/1557 1538/1735/1538 1558/1756/1558
f 1538/1735/1538 1539/1736/1539 1558/1756/1558
f 1558/1756/1558 1539/1736/1539 1559/1757/1559
f 1540/1737/1540 1560/1758/1560 1539/1736/1539
f 1539/1736/1539 1560/1758/1560 1559/1757/1559
f 1541/1738/1541 1561/1759/1561 1540/1737/1540
f 1540/1737/1540 1561/1759/1561 1560/1758/1560
f 1542/1739/1542 1562/1760/1562 1541/1738/1541
f 1541/1738/1541 1562/1760/1562 1561/1759/1561
f 1542/1739/1542 1543/1740/1543 1562/1760/1562
f 1562/1760/1562 1543/1740/1543 1563/1761/1563
f 1543/1740/1543 1544/1741/1544 1563/1761/1563
f 1563/1761/1563 1544/1741/1544 1564/1762/1564
f 1544/1741/1544 1525/1742/1525 1564/1762/1564
f 1564/1762/1564 1525/1742/1525 1545/1763/1545
f 1545/1743/1545 1546/1744/1546 1565/1764/1565
f 1565/1764/1565 1546/1744/1546 1566/1765/1566
f 1546/1744/1546 1547/1745/1547 1566/1765/1566
f 1566/1765/1566 1547/1745/1547 1567/1766/1567
f 1547/1745/1547 1548/1746/1548 1567/1766/1567
f 1567/1766/1567 1548/1746/1548 1568/1767/1568
f 1548/1746/1548 1549/1747/1549 1568/1767/1568
f 1568/1767/1568 1549/1747/1549 1569/1768/1569
f 1549/1747/1549 1550/1748/1550 1569/1768/1569
f 1569/1768/1569 1550/1748/1550 1570/1769/1570
f 1550/1748/1550 1551/1749/1551 1570/1769/1570
f 1570/1769/1570 1551/1749/1551 1571/1770/1571
f 1551/1749/1551 1552/1750/1552 1571/1770/1571
f 1571/1770/1571 1552/1750/1552 1572/1771/1572
f 1552/1750/1552 1553/1751/1553 1572/1771/1572
f 1572/1771/1572 1553/1751/1553 1573/1772/1573
f 1553/1751/1553 1554/1752/1554 1573/1772/1573
f 1573/1772/1573 1554/1752/1554 1574/1773/1574
f 1554/1752/1554 1555/1753/1555 1574/1773/1574
f 1574/1773/1574 1555/1753/1555 1575/1774/1575
f 1555/1753/1555 1556/1754/1556 1575/1774/1575
f 1575/1774/1575 1556/1754/1556 1576/1775/1576
f 1556/1754/1556 1557/1755/1557 1576/1775/1576
f 1576/1775/1576 1557/1755/1557 1577/1776/1577
f 1557/1755/1557 1558/1756/1558 1577/1776/1577
f 1577/1776/1577 1558/1756/1558 1578/1777/1578
f 1558/1756/1558 1559/1757/1559 1578/1777/1578
f 1578/1777/1578 1559/1757/1559 1579/1778/1579
f 1560/1758/1560 1580/1779/1580 1559/1757/1559
f 1559/1757/1559 1580/1779/1580 1579/1778/1579
f 1561/1759/1561 1581/1780/1581 1560/1758/1560
f 1560/1758/1560 1581/1780/1581 1580/1779/1580
f 1562/1760/1562 1582/1781/1582 1561/1759/1561
f 1561/1759/1561 1582/1781/1582 1581/1780/1581
f 1562/1760/1562 1563/1761/1563 1582/1781/1582
f 1582/1781/1582 1563/1761/1563 1583/1782/1583
f 1563/1761/1563 1564/1762/1564 1583/1782/1583
f 1583/1782/1583 1564/1762/1564 1584/1783/1584
f 1564/1762/1564 1545/1763/1545 1584/1783/1584
f 1584/1783/1584 1545/1763/1545 1565/1784/1565
f 1565/1764/1565 1566/1765/1566 1585/1785/1585
f 1585/1785/1585 1566/1765/1566 1586/1786/1586
f 1566/1765/1566 1567/1766/1567 1586/1786/1586
f 1586/1786/1586 1567/1766/1567 1587/1787/1587
f 1567/1766/1567 1568/1767/1568 1587/1787/1587
f 1587/1787/1587 1568/1767/1568 1588/1788/1588
f 1568/1767/1568 1569/1768/1569 1588/1788/1588
f 1588/1788/1588 1569/1768/1569 1589/1789/1589
f 1569/1768/1569 1570/1769/1570 1589/1789/1589
f 1589/1789/1589 1570/1769/1570 1590/1790/1590
f 1570/1769/1570 1571/1770/1571 1590/1790/1590
f 1590/1790/1590 1571/1770/1571 1591/1791/1591
f 1571/1770/1571 1572/1771/1572 1591/1791/1591
f 1591/1791/1591 1572/1771/1572 1592/1792/1592
f 1572/1771/1572 1573/1772/1573 1592/1792/1592
f 1592/1792/1592 1573/1772/1573 1593/1793/1593
f 1573/1772/1573 1574/1773/1574 1593/1793/1593
f 1593/1793/1593 1574/1773/1574 1594/1794/1594
f 1574/1773/1574 1575/1774/1575 1594/1794/1594
f 1594/1794/1594 1575/1774/1575 1595/1795/1595
f 1575/1774/1575 1576/1775/1576 1595/1795/1595
f 1595/1795/1595 1576/1775/1576 1596/1796/1596
f 1576/1775/1576 1577/1776/1577 1596/1796/1596
f 1596/1796/1596 1577/1776/1577 1597/1797/1597
f 1577/1776/1577 1578/1777/1578 1597/1797/1597
f 1597/1797/1597 1578/1777/1578 1598/1798/1598
f 1578/1777/1578 1579/1778/1579 1598/1798/1598
f 1598/1798/1598 1579/1778/1579 1599/1799/1599
f 1580/1779/1580 1600/1800/1600 1579/1778/1579
f 1579/1778/1579 1600/1800/1600 1599/1799/1599
f 1581/1780/1581 1601/1801/1601 1580/1779/1580
f 1580/1779/1580 1601/1801/1601 1600/1800/1600
f 1582/1781/1582 1602/1802/1602 1581/1780/1581
f 1581/1780/1581 1602/1802/1602 1601/1801/1601
f 1582/1781/1582 1583/1782/1583 1602/1802/1602
f 1602/1802/1602 1583/1782/1583 1603/1803/1603
f 1583/1782/1583 1584/1783/1584 1603/1803/1603
f 1603/1803/1603 1584/1783/1584 1604/1804/1604
f 1584/1783/1584 1565/1784/1565 1604/1804/1604
f 1604/1804/1604 1565/1784/1565 1585/1805/1585
f 1585/1785/1585 1586/1786/1586 1605/1806/1605
f 1605/1806/1605 1586/1786/1586 1606/1807/1606
f 1586/1786/1586 1587/1787/1587 1606/1807/1606
f 1606/1807/1606 1587/1787/1587 1607/1808/1607
f 1587/1787/1587 1588/1788/1588 1607/1808/1607
f 1607/1808/1607 1588/1788/1588 1608/1809/1608
f 1588/1788/1588 1589/1789/1589 1608/1809/1608
f 1608/1809/1608 1589/1789/1589 1609/1810/1609
f 1589/1789/1589 1590/1790/1590 1609/1810/1609
f 1609/1810/1609 1590/1790/1590 1610/1811/1610
f 1590/1790/1590 1591/1791/1591 1610/1811/1610
f 1610/1811/1610 1591/1791/1591 1611/1812/1611
f 1591/1791/1591 1592/1792/1592 1611/1812/1611
f 1611/1812/1611 1592/1792/1592 1612/1813/1612
f 1592/1792/1592 1593/1793/1593 1612/1813/1612
f 1612/1813/1612 1593/1793/1593 1613/1814/1613
f 1593/1793/1593 1594/1794/1594 1613/1814/1613
f 1613/1814/1613 1594/1794/1594 1614/1815/1614
f 1594/1794/1594 1595/1795/1595 1614/1815/1614
f 1614/1815/1614 1595/1795/1595 1615/1816/1615
f 1595/1795/1595 1596/1796/1596 1615/1816/1615
f 1615/1816/1615 1596/1796/1596 1616/1817/1616
f 1596/1796/1596 1597/1797/1597 1616/1817/1616
f 1616/1817/1616 1597/1797/1597 1617/1818/1617
f 1597/1797/1597 1598/1798/1598 1617/1818/1617
f 1617/1818/1617 1598/1798/1598 1618/1819/1618
f 1598/1798/1598 1599/1799/1599 1618/1819/1618
f 1618/1819/1618 1599/1799/1599 1619/1820/1619
f 1600/1800/1600 1620/1821/1620 1599/1799/1599
f 1599/1799/1599 1620/1821/1620 1619/1820/1619
f 1601/1801/1601 1621/1822/1621 1600/1800/1600
f 1600/1800/1600 1621/1822/1621 1620/1821/1620
f 1602/1802/1602 1622/1823/1622 1601/1801/1601
f 1601/1801/1601 1622/1823/1622 1621/1822/1621
f 1602/1802/1602 1603/1803/1603 1622/1823/1622
f 1622/1823/1622 1603/1803/1603 1623/1824/1623
f 1603/1803/1603 1604/1804/1604 1623/1824/1623
f 1623/1824/1623 1604/1804/1604 1624/1825/1624
f 1604/1804/1604 1585/1805/1585 1624/1825/1624
f 1624/1825/1624 1585/1805/1585 1605/1826/1605
f 1605/1806/1605 1606/1807/1606 1625/1827/1625
f 1625/1827/1625 1606/1807/1606 1626/1828/1626
f 1606/1807/1606 1607/1808/1607 1626/1828/1626
f 1626/1828/1626 1607/1808/1607 1627/1829/1627
f 1607/1808/1607 1608/1809/1608 1627/1829/1627
f 1627/1829/1627 1608/1809/1608 1628/1830/1628
f 1608/1809/1608 1609/1810/1609 1628/1830/1628
f 1628/1830/1628 1609/1810/1609 1629/1831/1629
f 1609/1810/1609 1610/1811/1610 1629/1831/1629
f 1629/1831/1629 1610/1811/1610 1630/1832/1630
f 1610/1811/1610 1611/1812/1611 1630/1832/1630
f 1630/1832/1630 1611/1812/1611 1631/1833/1631
f 1611/1812/1611 1612/1813/1612 1631/1833/1631
f 1631/1833/1631 1612/1813/1612 1632/1834/1632
f 1612/1813/1612 1613/1814/1613 1632/1834/1632
f 1632/1834/1632 1613/1814/1613 1633/1835/1633
f 1613/1814/1613 1614/1815/1614 1633/1835/1633
f 1633/1835/1633 1614/1815/1614 1634/1836/1634
f 1614/1815/1614 1615/1816/1615 1634/1836/1634
f 1634/1836/1634 1615/1816/1615 1635/1837/1635
f 1615/1816/1615 1616/1817/1616 1635/1837/1635
f 1635/1837/1635 1616/1817/1616 1636/1838/1636
f 1616/1817/1616 1617/1818/1617 1636/1838/1636
f 1636/1838/1636 1617/1818/1617 1637/1839/1637
f 1617/1818/1617 1618/1819/1618 1637/1839/1637
f 1637/1839/1637 1618/1819/1618 1638/1840/1638
f 1618/1819/1618 1619/1820/1619 1638/1840/1638
f 1638/1840/1638 1619/1820/1619 1639/1841/1639
f 1620/1821/1620 1640/1842/1640 1619/1820/1619
f 1619/1820/1619 1640/1842/1640 1639/1841/1639
f 1621/1822/1621 1641/1843/1641 1620/1821/1620
f 1620/1821/1620 1641/1843/1641 1640/1842/1640
f 1622/1823/1622 1642/1844/1642 1621/1822/1621
f 1621/1822/1621 1642/1844/1642 1641/1843/1641
f 1622/1823/1622 1623/1824/1623 1642/1844/1642
f 1642/1844/1642 1623/1824/1623 1643/1845/1643
f 1623/1824/1623 1624/1825/1624 1643/1845/1643
f 1643/1845/1643 1624/1825/1624 1644/1846/1644
f 1624/1825/1624 1605/1826/1605 1644/1846/1644
f 1644/1846/1644 1605/1826/1605 1625/1847/1625
f 1625/1827/1625 1626/1828/1626 1645/1848/1645
f 1645/1848/1645 1626/1828/1626 1646/1849/1646
f 1626/1828/1626 1627/1829/1627 1646/1849/1646
f 1646/1849/1646 1627/1829/1627 1647/1850/1647
f 1627/1829/1627 1628/1830/1628 1647/1850/1647
f 1647/1850/1647 1628/1830/1628 1648/1851/1648
f 1628/1830/1628 1629/1831/1629 1648/1851/1648
f 1648/1851/1648 1629/1831/1629 1649/1852/1649
f 1629/1831/1629 1630/1832/1630 1649/1852/1649
f 1649/1852/1649 1630/1832/1630 1650/1853/1650
f 1630/1832/1630 1631/1833/1631 1650/1853/1650
f 1650/1853/1650 1631/1833/1631 1651/1854/1651
f 1631/1833/1631 1632/1834/1632 1651/1854/1651
f 1651/1854/1651 1632/1834/1632 1652/1855/1652
f 1632/1834/1632 1633/1835/1633 1652/1855/1652
f 1652/1855/1652 1633/1835/1633 1653/1856/1653
f 1633/1835/1633 1634/1836/1634 1653/1856/1653
f 1653/1856/1653 1634/1836/1634 1654/1857/1654
f 1634/1836/1634 1635/1837/1635 1654/1857/1654
f 1654/1857/1654 1635/1837/1635 1655/1858/1655
f 1635/1837/1635 1636/1838/1636 1655/1858/1655
f 1655/1858/1655 1636/1838/1636 1656/1859/1656
f 1636/1838/1636 1637/1839/1637 1656/1859/1656
f 1656/1859/1656 1637/1839/1637 1657/1860/1657
f 1637/1839/1637 1638/1840/1638 1657/1860/1657
f 1657/1860/1657 1638/1840/1638 1658/1861/1658
f 1638/1840/1638 1639/1841/1639 1658/1861/1658
f 1658/1861/1658 1639/1841/1639 1659/1862/1659
f 1640/1842/1640 1660/1863/1660 1639/1841/1639
f 1639/1841/1639 1660/1863/1660 1659/1862/1659
f 1641/1843/1641 1661/1864/1661 1640/1842/1640
f 1640/1842/1640 1661/1864/1661 1660/1863/1660
f 1642/1844/1642 1662/1865/1662 1641/1843/1641
f 1641/1843/1641 1662/1865/1662 1661/1864/1661
f 1642/1844/1642 1643/1845/1643 1662/1865/1662
f 1662/1865/1662 1643/1845/1643 1663/1866/1663
f 1643/1845/1643 1644/1846/1644 1663/1866/1663
f 1663/1866/1663 1644/1846/1644 1664/1867/1664
f 1644/1846/1644 1625/1847/1625 1664/1867/1664
f 1664/1867/1664 1625/1847/1625 1645/1868/1645
f 1645/1848/1645 1646/1849/1646 1665/1869/1665
f 1665/1869/1665 1646/1849/1646 1666/1870/1666
f 1646/1849/1646 1647/1850/1647 1666/1870/1666
f 1666/1870/1666 1647/1850/1647 1667/1871/1667
f 1647/1850/1647 1648/1851/1648 1667/1871/1667
f 1667/1871/1667 1648/1851/1648 1668/1872/1668
f 1648/1851/1648 1649/1852/1649 1668/1872/1668
f 1668/1872/1668 1649/1852/1649 1669/1873/1669
f 1650/1853/1650 1670/1874/1670 1649/1852/1649
f 1649/1852/1649 1670/1874/1670 1669/1873/1669
f 1651/1854/1651 1671/1875/1671 1650/1853/1650
f 1650/1853/1650 1671/1875/1671 1670/1874/1670
f 1651/1854/1651 1652/1855/1652 1671/1875/1671
f 1671/1875/1671 1652/1855/1652 1672/1876/1672
f 1652/1855/1652 1653/1856/1653 1672/1876/1672
f 1672/1876/1672 1653/1856/1653 1673/1877/1673
f 1653/1856/1653 1654/1857/1654 1673/1877/1673
f 1673/1877/1673 1654/1857/1654 1674/1878/1674
f 1654/1857/1654 1655/1858/1655 1674/1878/1674
f 1674/1878/1674 1655/1858/1655 1675/1879/1675
f 1655/1858/1655 1656/1859/1656 1675/1879/1675
f 1675/1879/1675 1656/1859/1656 1676/1880/1676
f 1656/1859/1656 1657/1860/1657 1676/1880/1676
f 1676/1880/1676 1657/1860/1657 1677/1881/1677
f 1657/1860/1657 1658/1861/1658 1677/1881/1677
f 1677/1881/1677 1658/1861/1658 1678/1882/1678
f 1658/1861/1658 1659/1862/1659 1678/1882/1678
f 1678/1882/1678 1659/1862/1659 1679/1883/1679
f 1660/1863/1660 1680/1884/1680 1659/1862/1659
f 1659/1862/1659 1680/1884/1680 1679/1883/1679
f 1661/1864/1661 1681/1885/1681 1660/1863/1660
f 1660/1863/1660 1681/1885/1681 1680/1884/1680
f 1662/1865/1662 1682/1886/1682 1661/1864/1661
f 1661/1864/1661 1682/1886/1682 1681/1885/1681
f 1662/1865/1662 1663/1866/1663 1682/1886/1682
f 1682/1886/1682 1663/1866/1663 1683/1887/1683
f 1663/1866/1663 1664/1867/1664 1683/1887/1683
f 1683/1887/1683 1664/1867/1664 1684/1888/1684
f 1664/1867/1664 1645/1868/1645 1684/1888/1684
f 1684/1888/1684 1645/1868/1645 1665/1889/1665
f 1665/1869/1665 1666/1870/1666 1685/1890/1685
f 1685/1890/1685 1666/1870/1666 1686/1891/1686
f 1666/1870/1666 1667/1871/1667 1686/1891/1686
f 1686/1891/1686 1667/1871/1667 1687/1892/1687
f 1667/1871/1667 1668/1872/1668 1687/1892/1687
f 1687/1892/1687 1668/1872/1668 1688/1893/1688
f 1668/1872/1668 1669/1873/1669 1688/1893/1688
f 1688/1893/1688 1669/1873/1669 1689/1894/1689
f 1670/1874/1670 1690/1895/1690 1669/1873/1669
f 1669/1873/1669 1690/1895/1690 1689/1894/1689
f 1671/1875/1671 1691/1896/1691 1670/1874/1670
f 1670/1874/1670 1691/1896/1691 1690/1895/1690
f 1672/1876/1672 1692/1897/1692 1671/1875/1671
f 1671/1875/1671 1692/1897/1692 1691/1896/1691
f 1672/1876/1672 1673/1877/1673 1692/1897/1692
f 1692/1897/1692 1673/1877/1673 1693/1898/1693
f 1673/1877/1673 1674/1878/1674 1693/1898/1693
f 1693/1898/1693 1674/1878/1674 1694/1899/1694
f 1674/1878/1674 1675/1879/1675 1694/1899/1694
f 1694/1899/1694 1675/1879/1675 1695/1900/1695
f 1675/1879/1675 1676/1880/1676 1695/1900/1695
f 1695/1900/1695 1676/1880/1676 1696/1901/1696
f 1676/1880/1676 1677/1881/1677 1696/1901/1696
f 1696/1901/1696 1677/1881/1677 1697/1902/1697
f 1677/1881/1677 1678/1882/1678 1697/1902/1697
f 1697/1902/1697 1678/1882/1678 1698/1903/1698
f 1678/1882/1678 1679/1883/1679 1698/1903/1698
f 1698/1903/1698 1679/1883/1679 1699/1904/1699
f 1680/1884/1680 1700/1905/1700 1679/1883/1679
f 1679/1883/1679 1700/1905/1700 1699/1904/1699
f 1681/1885/1681 1701/1906/1701 1680/1884/1680
f 1680/1884/1680 1701/1906/1701 1700/1905/1700
f 1682/1886/1682 1702/1907/1702 1681/1885/1681
f 1681/1885/1681 1702/1907/1702 1701/1906/1701
f 1683/1887/1683 1703/1908/1703 1682/1886/1682
f 1682/1886/1682 1703/1908/1703 1702/1907/1702
f 1683/1887/1683 1684/1888/1684 1703/1908/1703
f 1703/1908/1703 1684/1888/1684 1704/1909/1704
f 1684/1888/1684 1665/1889/1665 1704/1909/1704
f 1704/1909/1704 1665/1889/1665 1685/1910/1685
f 1685/1890/1685 1686/1891/1686 1705/1911/1705
f 1705/1911/1705 1686/1891/1686 1706/1912/1706
f 1686/1891/1686 1687/1892/1687 1706/1912/1706
f 1706/1912/1706 1687/1892/1687 1707/1913/1707
f 1687/1892/1687 1688/1893/1688 1707/1913/1707
f 1707/1913/1707 1688/1893/1688 1708/1914/1708
f 1688/1893/1688 1689/1894/1689 1708/1914/1708
f 1708/1914/1708 1689/1894/1689 1709/1915/1709
f 1690/1895/1690 1710/1916/1710 1689/1894/1689
f 1689/1894/1689 1710/1916/1710 1709/1915/1709
f 1691/1896/1691 1711/1917/1711 1690/1895/1690
f 1690/1895/1690 1711/1917/1711 1710/1916/1710
f 1692/1897/1692 1712/1918/1712 1691/1896/1691
f 1691/1896/1691 1712/1918/1712 1711/1917/1711
f 1693/1898/1693 1713/1919/1713 1692/1897/1692
f 1692/1897/1692 1713/1919/1713 1712/1918/1712
f 1693/1898/1693 1694/1899/1694 1713/1919/1713
f 1713/1919/1713 1694/1899/1694 1714/1920/1714
f 1694/1899/1694 1695/1900/1695 1714/1920/1714
f 1714/1920/1714 1695/1900/1695 1715/1921/1715
f 1695/1900/1695 1696/1901/1696 1715/1921/1715
f 1715/1921/1715 1696/1901/1696 1716/1922/1716
f 1696/1901/1696 1697/1902/1697 1716/1922/1716
f 1716/1922/1716 1697/1902/1697 1717/1923/1717
f 1697/1902/1697 1698/1903/1698 1717/1923/1717
f 1717/1923/1717 1698/1903/1698 1718/1924/1718
f 1698/1903/1698 1699/1904/1699 1718/1924/1718
f 1718/1924/1718 1699/1904/1699 1719/1925/1719
f 1700/1905/1700 1720/1926/1720 1699/1904/1699
f 1699/1904/1699 1720/1926/1720 1719/1925/1719
f 1701/1906/1701 1721/1927/1721 1700/1905/1700
f 1700/1905/1700 1721/1927/1721 1720/1926/1720
f 1702/1907/1702 1722/1928/1722 1701/1906/1701
f 1701/1906/1701 1722/1928/1722 1721/1927/1721
f 1703/1908/1703 1723/1929/1723 1702/1907/1702
f 1702/1907/1702 1723/1929/1723 1722/1928/1722
f 1704/1909/1704 1724/1930/1724 1703/1908/1703
f 1703/1908/1703 1724/1930/1724 1723/1929/1723
f 1685/1910/1685 1705/1931/1705 1704/1909/1704
f 1704/1909/1704 1705/1931/1705 1724/1930/1724
f 1705/1911/1705 1706/1912/1706 1725/1932/1725
f 1725/1932/1725 1706/1912/1706 1726/1933/1726
f 1706/1912/1706 1707/1913/1707 1726/1933/1726
f 1726/1933/1726 1707/1913/1707 1727/1934/1727
f 1707/1913/1707 1708/1914/1708 1727/1934/1727
f 1727/1934/1727 1708/1914/1708 1728/1935/1728
f 1708/1914/1708 1709/1915/1709 1728/1935/1728
f 1728/1935/1728 1709/1915/1709 1729/1936/1729
f 1710/1916/1710 1730/1937/1730 1709/1915/1709
f 1709/1915/1709 1730/1937/1730 1729/1936/1729
f 1711/1917/1711 1731/1938/1731 1710/1916/1710
f 1710/1916/1710 1731/1938/1731 1730/1937/1730
f 1712/1918/1712 1732/1939/1732 1711/1917/1711
f 1711/1917/1711 1732/1939/1732 1731/1938/1731
f 1713/1919/1713 1733/1940/1733 1712/1918/1712
f 1712/1918/1712 1733/1940/1733 1732/1939/1732
f 1713/1919/1713 1714/1920/1714 1733/1940/1733
f 1733/1940/1733 1714/1920/1714 1734/1941/1734
f 1714/1920/1714 1715/1921/1715 1734/1941/1734
f 1734/1941/1734 1715/1921/1715 1735/1942/1735
f 1715/1921/1715 1716/1922/1716 1735/1942/1735
f 1735/1942/1735 1716/1922/1716 1736/1943/1736
f 1716/1922/1716 1717/1923/1717 1736/1943/1736
f 1736/1943/1736 1717/1923/1717 1737/1944/1737
f 1717/1923/1717 1718/1924/1718 1737/1944/1737
f 1737/1944/1737 1718/1924/1718 1738/1945/1738
f 1718/1924/1718 1719/1925/1719 1738/1945/1738
f 1738/1945/1738 1719/1925/1719 1739/1946/1739
f 1720/1926/1720 1740/1947/1740 1719/1925/1719
f 1719/1925/1719 1740/1947/1740 1739/1946/1739
f 1721/1927/1721 1741/1948/1741 1720/1926/1720
f 1720/1926/1720 1741/1948/1741 1740/1947/1740
f 1722/1928/1722 1742/1949/1742 1721/1927/1721
f 1721/1927/1721 1742/1949/1742 1741/1948/1741
f 1723/1929/1723 1743/1950/1743 1722/1928/1722
f 1722/1928/1722 1743/1950/1743 1742/1949/1742
f 1724/1930/1724 1744/1951/1744 1723/1929/1723
f 1723/1929/1723 1744/1951/1744 1743/1950/1743
f 1705/1931/1705 1725/1952/1725 1724/1930/1724
f 1724/1930/1724 1725/1952/1725 1744/1951/1744
f 1725/1932/1725 1726/1933/1726 1745/1953/1745
f 1745/1953/1745 1726/1933/1726 1746/1954/1746
f 1726/1933/1726 1727/1934/1727 1746/1954/1746
f 1746/1954/1746 1727/1934/1727 1747/1955/1747
f 1727/1934/1727 1728/1935/1728 1747/1955/1747
f 1747/1955/1747 1728/1935/1728 1748/1956/1748
f 1728/1935/1728 1729/1936/1729 1748/1956/1748
f 1748/1956/1748 1729/1936/1729 1749/1957/1749
f 1730/1937/1730 1750/1958/1750 1729/1936/1729
f 1729/1936/1729 1750/1958/1750 1749/1957/1749
f 1731/1938/1731 1751/1959/1751 1730/1937/1730
f 1730/1937/1730 1751/1959/1751 1750/1958/1750
f 1732/1939/1732 1752/1960/1752 1731/1938/1731
f 1731/1938/1731 1752/1960/1752 1751/1959/1751
f 1733/1940/1733 1753/1961/1753 1732/1939/1732
f 1732/1939/1732 1753/1961/1753 1752/1960/1752
f 1733/1940/1733 1734/1941/1734 1753/1961/1753
f 1753/1961/1753 1734/1941/1734 1754/1962/1754
f 1734/1941/1734 1735/1942/1735 1754/1962/1754
f 1754/1962/1754 1735/1942/1735 1755/1963/1755
f 1735/1942/1735 1736/1943/1736 1755/1963/1755
f 1755/1963/1755 1736/1943/1736 1756/1964/1756
f 1736/1943/1736 1737/1944/1737 1756/1964/1756
f 1756/1964/1756 1737/1944/1737 1757/1965/1757
f 1737/1944/1737 1738/1945/1738 1757/1965/1757
f 1757/1965/1757 1738/1945/1738 1758/1966/1758
f 1738/1945/1738 1739/1946/1739 1758/1966/1758
f 1758/1966/1758 1739/1946/1739 1759/1967/1759
f 1740/1947/1740 1760/1968/1760 1739/1946/1739
f 1739/1946/1739 1760/1968/1760 1759/1967/1759
f 1741/1948/1741 1761/1969/1761 1740/1947/1740
f 1740/1947/1740 1761/1969/1761 1760/1968/1760
f 1742/1949/1742 1762/1970/1762 1741/1948/1741
f 1741/1948/1741 1762/1970/1762 1761/1969/1761
f 1743/1950/1743 1763/1971/1763 1742/1949/1742
f 1742/1949/1742 1763/1971/1763 1762/1970/1762
f 1744/1951/1744 1764/1972/1764 1743/1950/1743
f 1743/1950/1743 1764/1972/1764 1763/1971/1763
f 1725/1952/1725 1745/1973/1745 1744/1951/1744
f 1744/1951/1744 1745/1973/1745 1764/1972/1764
f 1746/1954/1746 1766/1975/1765 1745/1953/1745
f 1745/1953/1745 1766/1975/1765 1765/1974/1766
f 1746/1954/1746 1747/1955/1747 1766/1975/1765
f 1766/1975/1765 1747/1955/1747 1767/1976/1767
f 1747/1955/1747 1748/1956/1748 1767/1976/1767
f 1767/1976/1767 1748/1956/1748 1768/1977/1768
f 1748/1956/1748 1749/1957/1749 1768/1977/1768
f 1768/1977/1768 1749/1957/1749 1769/1978/1769
f 1750/1958/1750 1770/1979/1770 1749/1957/1749
f 1749/1957/1749 1770/1979/1770 1769/1978/1769
f 1751/1959/1751 1771/1980/1771 1750/1958/1750
f 1750/1958/1750 1771/1980/1771 1770/1979/1770
f 1752/1960/1752 1772/1981/1772 1751/1959/1751
f 1751/1959/1751 1772/1981/1772 1771/1980/1771
f 1752/1960/1752 1753/1961/1753 1772/1981/1772
f 1772/1981/1772 1753/1961/1753 1773/1982/1773
f 1753/1961/1753 1754/1962/1754 1773/1982/1773
f 1773/1982/1773 1754/1962/1754 1774/1983/1774
f 1754/1962/1754 1755/1963/1755 1774/1983/1774
f 1774/1983/1774 1755/1963/1755 1775/1984/1775
f 1755/1963/1755 1756/1964/1756 1775/1984/1775
f 1775/1984/1775 1756/1964/1756 1776/1985/1776
f 1756/1964/1756 1757/1965/1757 1776/1985/1776
f 1776/1985/1776 1757/1965/1757 1777/1986/1777
f 1757/1965/1757 1758/1966/1758 1777/1986/1777
f 1777/1986/1777 1758/1966/1758 1778/1987/1778
f 1758/1966/1758 1759/1967/1759 1778/1987/1778
f 1778/1987/1778 1759/1967/1759 1779/1988/1779
f 1760/1968/1760 1780/1989/1780 1759/1967/1759
f 1759/1967/1759 1780/1989/1780 1779/1988/1779
f 1761/1969/1761 1781/1990/1781 1760/1968/1760
f 1760/1968/1760 1781/1990/1781 1780/1989/1780
f 1762/1970/1762 1782/1991/1782 1761/1969/1761
f 1761/1969/1761 1782/1991/1782 1781/1990/1781
f 1763/1971/1763 1783/1992/1783 1762/1970/1762
f 1762/1970/1762 1783/1992/1783 1782/1991/1782
f 1764/1972/1764 1784/1993/1784 1763/1971/1763
f 1763/1971/1763 1784/1993/1784 1783/1992/1783
f 1745/1973/1745 1765/1994/1766 1764/1972/1764
f 1764/1972/1764 1765/1994/1766 1784/1993/1784
f 1406/1597/1405 1405/1596/1407 1785/1995/1785
f 1407/1598/1409 1406/1597/1405 1785/1996/1785
f 1408/1599/1411 1407/1598/1409 1785/1997/1785
f 1409/1600/1413 1408/1599/1411 1785/1998/1785
f 1410/1601/1415 1409/1600/1413 1785/1999/1785
f 1411/1602/1417 1410/1601/1415 1785/2000/1785
f 1412/1603/1419 1411/1602/1417 1785/2001/1785
f 1413/1604/1421 1412/1603/1419 1785/2002/1785
f 1414/1605/1423 1413/1604/1421 1785/2003/1785
f 1415/1606/1425 1414/1605/1423 1785/2004/1785
f 1416/1607/1427 1415/1606/1425 1785/2005/1785
f 1417/1608/1429 1416/1607/1427 1785/2006/1785
f 1418/1609/1431 1417/1608/1429 1785/2007/1785
f 1419/1610/1433 1418/1609/1431 1785/2008/1785
f 1420/1611/1435 1419/1610/1433 1785/2009/1785
f 1421/1612/1437 1420/1611/1435 1785/2010/1785
f 1422/1613/1439 1421/1612/1437 1785/2011/1785
f 1423/1614/1441 1422/1613/1439 1785/2012/1785
f 1424/1615/1443 1423/1614/1441 1785/2013/1785
f 1405/1616/1407 1424/1615/1443 1785/2014/1785
f 1765/1974/1766 1766/1975/1765 1786/2015/1786
f 1766/1975/1765 1767/1976/1767 1786/2016/1786
f 1767/1976/1767 1768/1977/1768 1786/2017/1786
f 1768/1977/1768 1769/1978/1769 1786/2018/1786
f 1769/1978/1769 1770/1979/1770 1786/2019/1786
f 1770/1979/1770 1771/1980/1771 1786/2020/1786
f 1771/1980/1771 1772/1981/1772 1786/2021/1786
f 1772/1981/1772 1773/1982/1773 1786/2022/1786
f 1773/1982/1773 1774/1983/1774 1786/2023/1786
f 1774/1983/1774 1775/1984/1775 1786/2024/1786
f 1775/1984/1775 1776/1985/1776 1786/2025/1786
f 1776/1985/1776 1777/1986/1777 1786/2026/1786
f 1777/1986/1777 1778/1987/1778 1786/2027/1786
f 1778/1987/1778 1779/1988/1779 1786/2028/1786
f 1779/1988/1779 1780/1989/1780 1786/2029/1786
f 1780/1989/1780 1781/1990/1781 1786/2030/1786
f 1781/1990/1781 1782/1991/1782 1786/2031/1786
f 1782/1991/1782 1783/1992/1783 1786/2032/1786
f 1783/1992/1783 1784/1993/1784 1786/2033/1786
f 1784/1993/1784 1765/1994/1766 1786/2034/1786
g default
v 0.191540 0.550168 -0.004207
v 0.189157 0.550168 -0.007774
v 0.185590 0.550168 -0.010157
v 0.181383 0.550168 -0.010994
v 0.177176 0.550168 -0.010157
v 0.173609 0.550168 -0.007774
v 0.171226 0.550168 -0.004207
v 0.170389 0.550168 -0.000000
v 0.171226 0.550168 0.004207
v 0.173609 0.550168 0.007774
v 0.177176 0.550168 0.010157
v 0.181383 0.550168 0.010994
v 0.185590 0.550168 0.010157
v 0.189157 0.550168 0.007774
v 0.191540 0.550168 0.004207
v 0.192377 0.550168 0.000000
v 0.201307 0.553375 -0.008253
v 0.196632 0.553375 -0.015249
v 0.189636 0.553375 -0.019924
v 0.181383 0.553375 -0.021566
v 0.173130 0.553375 -0.019924
v 0.166134 0.553375 -0.015249
v 0.161459 0.553375 -0.008253
v 0.159817 0.553375 -0.000000
v 0.161459 0.553375 0.008253
v 0.166134 0.553375 0.015249
v 0.173130 0.553375 0.019924
v 0.181383 0.553375 0.021566
v 0.189636 0.553375 0.019924
v 0.196632 0.553375 0.015249
v 0.201307 0.553375 0.008253
v 0.202949 0.553375 0.000000
v 0.210308 0.558583 -0.011981
v 0.203522 0.558583 -0.022139
v 0.193364 0.558583 -0.028925
v 0.181383 0.558583 -0.031309
v 0.169402 0.558583 -0.028925
v 0.159244 0.558583 -0.022139
v 0.152457 0.558583 -0.011981
v 0.150074 0.558583 -0.000000
v 0.152457 0.558583 0.011981
v 0.159244 0.558583 0.022139
v 0.169402 0.558583 0.028925
v 0.181383 0.558583 0.031309
v 0.193364 0.558583 0.028925
v 0.203521 0.558583 0.022139
v 0.210308 0.558583 0.011981
v 0.212692 0.558583 0.000000
v 0.218198 0.565591 -0.015249
v 0.209560 0.565591 -0.028177
v 0.196632 0.565591 -0.036815
v 0.181383 0.565591 -0.039848
v 0.166134 0.565591 -0.036815
v 0.153206 0.565591 -0.028177
v 0.144568 0.565591 -0.015249
v 0.141535 0.565591 -0.000000
v 0.144568 0.565591 0.015249
v 0.153206 0.565591 0.028177
v 0.166134 0.565591 0.036815
v 0.181383 0.565591 0.039848
v 0.196632 0.565591 0.036815
v 0.209560 0.565591 0.028177
v 0.218198 0.565591 0.015249
v 0.221231 0.565591 0.000000
v 0.224673 0.574131 -0.017931
v 0.214516 0.574131 -0.033133
v 0.199314 0.574131 -0.043290
v 0.181383 0.574131 -0.046857
v 0.163452 0.574131 -0.043290
v 0.148250 0.574131 -0.033133
v 0.138093 0.574131 -0.017931
v 0.134526 0.574131 -0.000000
v 0.138093 0.574131 0.017931
v 0.148250 0.574131 0.033133
v 0.163452 0.574131 0.043290
v 0.181383 0.574131 0.046857
v 0.199314 0.574131 0.043290
v 0.214516 0.574131 0.033133
v 0.224673 0.574131 0.017931
v 0.228240 0.574131 0.000000
v 0.229484 0.583874 -0.019924
v 0.218198 0.583874 -0.036815
v 0.201307 0.583874 -0.048101
v 0.181383 0.583874 -0.052064
v 0.161459 0.583874 -0.048101
v 0.144568 0.583874 -0.036815
v 0.133282 0.583874 -0.019924
v 0.129318 0.583874 -0.000000
v 0.133282 0.583874 0.019924
v 0.144568 0.583874 0.036815
v 0.161459 0.583874 0.048101
v 0.181383 0.583874 0.052064
v 0.201307 0.583874 0.048101
v 0.218198 0.583874 0.036815
v 0.229484 0.583874 0.019924
v 0.233447 0.583874 0.000000
v 0.232447 0.594445 -0.021151
v 0.220466 0.594445 -0.039083
v 0.202534 0.594445 -0.051064
v 0.181383 0.594445 -0.055271
v 0.160232 0.594445 -0.051064
v 0.142300 0.594445 -0.039083
v 0.130319 0.594445 -0.021151
v 0.126112 0.594445 -0.000000
v 0.130319 0.594445 0.021151
v 0.142300 0.594445 0.039083
v 0.160231 0.594445 0.051064
v 0.181383 0.594445 0.055271
v 0.202534 0.594445 0.051064
v 0.220466 0.594445 0.039083
v 0.232447 0.594445 0.021151
v 0.236654 0.594445 0.000000
v 0.233447 0.605440 -0.021566
v 0.221231 0.605440 -0.039848
v 0.202949 0.605440 -0.052064
v 0.181383 0.605440 -0.056354
v 0.159817 0.605440 -0.052064
v 0.141535 0.605440 -0.039848
v 0.129318 0.605440 -0.021566
v 0.125029 0.605440 -0.000000
v 0.129318 0.605440 0.021566
v 0.141535 0.605440 0.039848
v 0.159817 0.605440 0.052064
v 0.181383 0.605440 0.056354
v 0.202949 0.605440 0.052064
v 0.221231 0.605440 0.039848
v 0.233447 0.605440 0.021566
v 0.237737 0.605440 0.000000
v 0.232447 0.616434 -0.021151
v 0.220466 0.616434 -0.039083
v 0.202534 0.616434 -0.051064
v 0.181383 0.616434 -0.055271
v 0.160232 0.616434 -0.051064
v 0.142300 0.616434 -0.039083
v 0.130319 0.616434 -0.021151
v 0.126112 0.616434 -0.000000
v 0.130319 0.616434 0.021151
v 0.142300 0.616434 0.039083
v 0.160231 0.616434 0.051064
v 0.181383 0.616434 0.055271
v 0.202534 0.616434 0.051064
v 0.220466 0.616434 0.039083
v 0.232447 0.616434 0.021151
v 0.236654 0.616434 0.000000
v 0.229484 0.627005 -0.019924
v 0.218198 0.627005 -0.036815
v 0.201307 0.627005 -0.048101
v 0.181383 0.627005 -0.052064
v 0.161459 0.627005 -0.048101
v 0.144568 0.627005 -0.036815
v 0.133282 0.627005 -0.019924
v 0.129318 0.627005 -0.000000
v 0.133282 0.627005 0.019924
v 0.144568 0.627005 0.036815
v 0.161459 0.627005 0.048101
v 0.181383 0.627005 0.052064
v 0.201307 0.627005 0.048101
v 0.218198 0.627005 0.036815
v 0.229484 0.627005 0.019924
v 0.233447 0.627005 0.000000
v 0.224673 0.636748 -0.017931
v 0.214516 0.636748 -0.033133
v 0.199314 0.636748 -0.043290
v 0.181383 0.636748 -0.046857
v 0.163452 0.636748 -0.043290
v 0.148250 0.636748 -0.033133
v 0.138093 0.636748 -0.017931
v 0.134526 0.636748 -0.000000
v 0.138093 0.636748 0.017931
v 0.148250 0.636748 0.033133
v 0.163452 0.636748 0.043290
v 0.181383 0.636748 0.046857
v 0.199314 0.636748 0.043290
v 0.214516 0.636748 0.033133
v 0.224673 0.636748 0.017931
v 0.228240 0.636748 0.000000
v 0.218198 0.645288 -0.015249
v 0.209560 0.645288 -0.028177
v 0.196632 0.645288 -0.036815
v 0.181383 0.645288 -0.039848
v 0.166134 0.645288 -0.036815
v 0.153206 0.645288 -0.028177
v 0.144568 0.645288 -0.015249
v 0.141535 0.645288 -0.000000
v 0.144568 0.645288 0.015249
v 0.153206 0.645288 0.028177
v 0.166134 0.645288 0.036815
v 0.181383 0.645288 0.039848
v 0.196632 0.645288 0.036815
v 0.209560 0.645288 0.028177
v 0.218198 0.645288 0.015249
v 0.221231 0.645288 0.000000
v 0.210308 0.652296 -0.011981
v 0.203522 0.652296 -0.022139
v 0.193364 0.652296 -0.028925
v 0.181383 0.652296 -0.031309
v 0.169402 0.652296 -0.028925
v 0.159244 0.652296 -0.022139
v 0.152457 0.652296 -0.011981
v 0.150074 0.652296 -0.000000
v 0.152457 0.652296 0.011981
v 0.159244 0.652296 0.022139
v 0.169402 0.652296 0.028925
v 0.181383 0.652296 0.031309
v 0.193364 0.652296 0.028925
v 0.203521 0.652296 0.022139
v 0.210308 0.652296 0.011981
v 0.212692 0.652296 0.000000
v 0.201307 0.657504 -0.008253
v 0.196632 0.657504 -0.015249
v 0.189636 0.657504 -0.019924
v 0.181383 0.657504 -0.021566
v 0.173130 0.657504 -0.019924
v 0.166134 0.657504 -0.015249
v 0.161459 0.657504 -0.008253
v 0.159817 0.657504 -0.000000
v 0.161459 0.657504 0.008253
v 0.166134 0.657504 0.015249
v 0.173130 0.657504 0.019924
v 0.181383 0.657504 0.021566
v 0.189636 0.657504 0.019924
v 0.196632 0.657504 0.015249
v 0.201307 0.657504 0.008253
v 0.202949 0.657504 0.000000
v 0.191540 0.660711 -0.004207
v 0.189157 0.660711 -0.007774
v 0.185590 0.660711 -0.010157
v 0.181383 0.660711 -0.010994
v 0.177176 0.660711 -0.010157
v 0.173609 0.660711 -0.007774
v 0.171226 0.660711 -0.004207
v 0.170389 0.660711 -0.000000
v 0.171226 0.660711 0.004207
v 0.173609 0.660711 0.007774
v 0.177176 0.660711 0.010157
v 0.181383 0.660711 0.010994
v 0.185590 0.660711 0.010157
v 0.189157 0.660711 0.007774
v 0.191540 0.660711 0.004207
v 0.192377 0.660711 0.000000
v 0.181383 0.549085 0.000000
v 0.181383 0.661794 0.000000
v -0.191540 0.550168 -0.004207
v -0.189157 0.550168 -0.007774
v -0.185590 0.550168 -0.010157
v -0.181383 0.550168 -0.010994
v -0.177176 0.550168 -0.010157
v -0.173609 0.550168 -0.007774
v -0.171226 0.550168 -0.004207
v -0.170389 0.550168 -0.000000
v -0.171226 0.550168 0.004207
v -0.173609 0.550168 0.007774
v -0.177176 0.550168 0.010157
v -0.181383 0.550168 0.010994
v -0.185590 0.550168 0.010157
v -0.189157 0.550168 0.007774
v -0.191540 0.550168 0.004207
v -0.192377 0.550168 0.000000
v -0.201307 0.553375 -0.008253
v -0.196632 0.553375 -0.015249
v -0.189636 0.553375 -0.019924
v -0.181383 0.553375 -0.021566
v -0.173130 0.553375 -0.019924
v -0.166134 0.553375 -0.015249
v -0.161459 0.553375 -0.008253
v -0.159817 0.553375 -0.000000
v -0.161459 0.553375 0.008253
v -0.166134 0.553375 0.015249
v -0.173130 0.553375 0.019924
v -0.181383 0.553375 0.021566
v -0.189636 0.553375 0.019924
v -0.196632 0.553375 0.015249
v -0.201307 0.553375 0.008253
v -0.202949 0.553375 0.000000
v -0.210308 0.558583 -0.011981
v -0.203522 0.558583 -0.022139
v -0.193364 0.558583 -0.028925
v -0.181383 0.558583 -0.031309
v -0.169402 0.558583 -0.028925
v -0.159244 0.558583 -0.022139
v -0.152457 0.558583 -0.011981
v -0.150074 0.558583 -0.000000
v -0.152457 0.558583 0.011981
v -0.159244 0.558583 0.022139
v -0.169402 0.558583 0.028925
v -0.181383 0.558583 0.031309
v -0.193364 0.558583 0.028925
v -0.203522 0.558583 0.022139
v -0.210308 0.558583 0.011981
v -0.212692 0.558583 0.000000
v -0.218198 0.565591 -0.015249
v -0.209560 0.565591 -0.028177
v -0.196632 0.565591 -0.036815
v -0.181383 0.565591 -0.039848
v -0.166134 0.565591 -0.036815
v -0.153206 0.565591 -0.028177
v -0.144568 0.565591 -0.015249
v -0.141535 0.565591 -0.000000
v -0.144568 0.565591 0.015249
v -0.153206 0.565591 0.028177
v -0.166134 0.565591 0.036815
v -0.181383 0.565591 0.039848
v -0.196632 0.565591 0.036815
v -0.209560 0.565591 0.028177
v -0.218198 0.565591 0.015249
v -0.221231 0.565591 0.000000
v -0.224673 0.574131 -0.017931
v -0.214516 0.574131 -0.033133
v -0.199314 0.574131 -0.043290
v -0.181383 0.574131 -0.046857
v -0.163452 0.574131 -0.043290
v -0.148250 0.574131 -0.033133
v -0.138093 0.574131 -0.017931
v -0.134526 0.574131 -0.000000
v -0.138093 0.574131 0.017931
v -0.148250 0.574131 0.033133
v -0.163452 0.574131 0.043290
v -0.181383 0.574131 0.046857
v -0.199314 0.574131 0.043290
v -0.214516 0.574131 0.033133
v -0.224673 0.574131 0.017931
v -0.228240 0.574131 -0.000000
v -0.229484 0.583874 -0.019924
v -0.218198 0.583874 -0.036815
v -0.201307 0.583874 -0.048101
v -0.181383 0.583874 -0.052064
v -0.161459 0.583874 -0.048101
v -0.144568 0.583874 -0.036815
v -0.133282 0.583874 -0.019924
v -0.129318 0.583874 -0.000000
v -0.133282 0.583874 0.019924
v -0.144568 0.583874 0.036815
v -0.161459 0.583874 0.048101
v -0.181383 0.583874 0.052064
v -0.201307 0.583874 0.048101
v -0.218198 0.583874 0.036815
v -0.229484 0.583874 0.019924
v -0.233447 0.583874 -0.000000
v -0.232447 0.594445 -0.021151
v -0.220466 0.594445 -0.039083
v -0.202534 0.594445 -0.051064
v -0.181383 0.594445 -0.055271
v -0.160232 0.594445 -0.051064
v -0.142300 0.594445 -0.039083
v -0.130319 0.594445 -0.021151
v -0.126112 0.594445 -0.000000
v -0.130319 0.594445 0.021151
v -0.142300 0.594445 0.039083
v -0.160231 0.594445 0.051064
v -0.181383 0.594445 0.055271
v -0.202534 0.594445 0.051064
v -0.220466 0.594445 0.039083
v -0.232447 0.594445 0.021151
v -0.236654 0.594445 0.000000
v -0.233447 0.605440 -0.021566
v -0.221231 0.605440 -0.039848
v -0.202949 0.605440 -0.052064
v -0.181383 0.605440 -0.056354
v -0.159817 0.605440 -0.052064
v -0.141535 0.605440 -0.039848
v -0.129318 0.605440 -0.021566
v -0.125029 0.605440 -0.000000
v -0.129318 0.605440 0.021566
v -0.141535 0.605440 0.039848
v -0.159817 0.605440 0.052064
v -0.181383 0.605440 0.056354
v -0.202949 0.605440 0.052064
v -0.221231 0.605440 0.039848
v -0.233447 0.605440 0.021566
v -0.237737 0.605440 0.000000
v -0.232447 0.616434 -0.021151
v -0.220466 0.616434 -0.039083
v -0.202534 0.616434 -0.051064
v -0.181383 0.616434 -0.055271
v -0.160232 0.616434 -0.051064
v -0.142300 0.616434 -0.039083
v -0.130319 0.616434 -0.021151
v -0.126112 0.616434 -0.000000
v -0.130319 0.616434 0.021151
v -0.142300 0.616434 0.039083
v -0.160231 0.616434 0.051064
v -0.181383 0.616434 0.055271
v -0.202534 0.616434 0.051064
v -0.220466 0.616434 0.039083
v -0.232447 0.616434 0.021151
v -0.236654 0.616434 -0.000000
v -0.229484 0.627005 -0.019924
v -0.218198 0.627005 -0.036815
v -0.201307 0.627005 -0.048101
v -0.181383 0.627005 -0.052064
v -0.161459 0.627005 -0.048101
v -0.144568 0.627005 -0.036815
v -0.133282 0.627005 -0.019924
v -0.129318 0.627005 -0.000000
v -0.133282 0.627005 0.019924
v -0.144568 0.627005 0.036815
v -0.161459 0.627005 0.048101
v -0.181383 0.627005 0.052064
v -0.201307 0.627005 0.048101
v -0.218198 0.627005 0.036815
v -0.229484 0.627005 0.019924
v -0.233447 0.627005 0.000000
v -0.224673 0.636748 -0.017931
v -0.214516 0.636748 -0.033133
v -0.199314 0.636748 -0.043290
v -0.181383 0.636748 -0.046857
v -0.163452 0.636748 -0.043290
v -0.148250 0.636748 -0.033133
v -0.138093 0.636748 -0.017931
v -0.134526 0.636748 -0.000000
v -0.138093 0.636748 0.017931
v -0.148250 0.636748 0.033133
v -0.163452 0.636748 0.043290
v -0.181383 0.636748 0.046857
v -0.199314 0.636748 0.043290
v -0.214516 0.636748 0.033133
v -0.224673 0.636748 0.017931
v -0.228240 0.636748 0.000000
v -0.218198 0.645288 -0.015249
v -0.209560 0.645288 -0.028177
v -0.196632 0.645288 -0.036815
v -0.181383 0.645288 -0.039848
v -0.166134 0.645288 -0.036815
v -0.153206 0.645288 -0.028177
v -0.144568 0.645288 -0.015249
v -0.141535 0.645288 -0.000000
v -0.144568 0.645288 0.015249
v -0.153206 0.645288 0.028177
v -0.166134 0.645288 0.036815
v -0.181383 0.645288 0.039848
v -0.196632 0.645288 0.036815
v -0.209560 0.645288 0.028177
v -0.218198 0.645288 0.015249
v -0.221231 0.645288 0.000000
v -0.210308 0.652296 -0.011981
v -0.203522 0.652296 -0.022139
v -0.193364 0.652296 -0.028925
v -0.181383 0.652296 -0.031309
v -0.169402 0.652296 -0.028925
v -0.159244 0.652296 -0.022139
v -0.152457 0.652296 -0.011981
v -0.150074 0.652296 -0.000000
v -0.152457 0.652296 0.011981
v -0.159244 0.652296 0.022139
v -0.169402 0.652296 0.028925
v -0.181383 0.652296 0.031309
v -0.193364 0.652296 0.028925
v -0.203522 0.652296 0.022139
v -0.210308 0.652296 0.011981
v -0.212692 0.652296 -0.000000
v -0.201307 0.657504 -0.008253
v -0.196632 0.657504 -0.015249
v -0.189636 0.657504 -0.019924
v -0.181383 0.657504 -0.021566
v -0.173130 0.657504 -0.019924
v -0.166134 0.657504 -0.015249
v -0.161459 0.657504 -0.008253
v -0.159817 0.657504 -0.000000
v -0.161459 0.657504 0.008253
v -0.166134 0.657504 0.015249
v -0.173130 0.657504 0.019924
v -0.181383 0.657504 0.021566
v -0.189636 0.657504 0.019924
v -0.196632 0.657504 0.015249
v -0.201307 0.657504 0.008253
v -0.202949 0.657504 -0.000000
v -0.191540 0.660711 -0.004207
v -0.189157 0.660711 -0.007774
v -0.185590 0.660711 -0.010157
v -0.181383 0.660711 -0.010994
v -0.177176 0.660711 -0.010157
v -0.173609 0.660711 -0.007774
v -0.171226 0.660711 -0.004207
v -0.170389 0.660711 -0.000000
v -0.171226 0.660711 0.004207
v -0.173609 0.660711 0.007774
v -0.177176 0.660711 0.010157
v -0.181383 0.660711 0.010994
v -0.185590 0.660711 0.010157
v -0.189157 0.660711 0.007774
v -0.191540 0.660711 0.004207
v -0.192377 0.660711 -0.000000
v -0.181383 0.549085 0.000000
v -0.181383 0.661794 -0.000000
vt 0.000000 0.062500
vt 0.062500 0.062500
vt 0.125000 0.062500
vt 0.187500 0.062500
vt 0.250000 0.062500
vt 0.312500 0.062500
vt 0.375000 0.062500
vt 0.437500 0.062500
vt 0.500000 0.062500
vt 0.562500 0.062500
vt 0.625000 0.062500
vt 0.687500 0.062500
vt 0.750000 0.062500
vt 0.812500 0.062500
vt 0.875000 0.062500
vt 0.937500 0.062500
vt 1.000000 0.062500
vt 0.000000 0.125000
vt 0.062500 0.125000
vt 0.125000 0.125000
vt 0.187500 0.125000
vt 0.250000 0.125000
vt 0.312500 0.125000
vt 0.375000 0.125000
vt 0.437500 0.125000
vt 0.500000 0.125000
vt 0.562500 0.125000
vt 0.625000 0.125000
vt 0.687500 0.125000
vt 0.750000 0.125000
vt 0.812500 0.125000
vt 0.875000 0.125000
vt 0.937500 0.125000
vt 1.000000 0.125000
vt 0.000000 0.187500
vt 0.062500 0.187500
vt 0.125000 0.187500
vt 0.187500 0.187500
vt 0.250000 0.187500
vt 0.312500 0.187500
vt 0.375000 0.187500
vt 0.437500 0.187500
vt 0.500000 0.187500
vt 0.562500 0.187500
vt 0.625000 0.187500
vt 0.687500 0.187500
vt 0.750000 0.187500
vt 0.812500 0.187500
vt 0.875000 0.187500
vt 0.937500 0.187500
vt 1.000000 0.187500
vt 0.000000 0.250000
vt 0.062500 0.250000
vt 0.125000 0.250000
vt 0.187500 0.250000
vt 0.250000 0.250000
vt 0.312500 0.250000
vt 0.375000 0.250000
vt 0.437500 0.250000
vt 0.500000 0.250000
vt 0.562500 0.250000
vt 0.625000 0.250000
vt 0.687500 0.250000
vt 0.750000 0.250000
vt 0.812500 0.250000
vt 0.875000 0.250000
vt 0.937500 0.250000
vt 1.000000 0.250000
vt 0.000000 0.312500
vt 0.062500 0.312500
vt 0.125000 0.312500
vt 0.187500 0.312500
vt 0.250000 0.312500
vt 0.312500 0.312500
vt 0.375000 0.312500
vt 0.437500 0.312500
vt 0.500000 0.312500
vt 0.562500 0.312500
vt 0.625000 0.312500
vt 0.687500 0.312500
vt 0.750000 0.312500
vt 0.812500 0.312500
vt 0.875000 0.312500
vt 0.937500 0.312500
vt 1.000000 0.312500
vt 0.000000 0.375000
vt 0.062500 0.375000
vt 0.125000 0.375000
vt 0.187500 0.375000
vt 0.250000 0.375000
vt 0.312500 0.375000
vt 0.375000 0.375000
vt 0.437500 0.375000
vt 0.500000 0.375000
vt 0.562500 0.375000
vt 0.625000 0.375000
vt 0.687500 0.375000
vt 0.750000 0.375000
vt 0.812500 0.375000
vt 0.875000 0.375000
vt 0.937500 0.375000
vt 1.000000 0.375000
vt 0.000000 0.437500
vt 0.062500 0.437500
vt 0.125000 0.437500
vt 0.187500 0.437500
vt 0.250000 0.437500
vt 0.312500 0.437500
vt 0.375000 0.437500
vt 0.437500 0.437500
vt 0.500000 0.437500
vt 0.562500 0.437500
vt 0.625000 0.437500
vt 0.687500 0.437500
vt 0.750000 0.437500
vt 0.812500 0.437500
vt 0.875000 0.437500
vt 0.937500 0.437500
vt 1.000000 0.437500
vt 0.000000 0.500000
vt 0.062500 0.500000
vt 0.125000 0.500000
vt 0.187500 0.500000
vt 0.250000 0.500000
vt 0.312500 0.500000
vt 0.375000 0.500000
vt 0.437500 0.500000
vt 0.500000 0.500000
vt 0.562500 0.500000
vt 0.625000 0.500000
vt 0.687500 0.500000
vt 0.750000 0.500000
vt 0.812500 0.500000
vt 0.875000 0.500000
vt 0.937500 0.500000
vt 1.000000 0.500000
vt 0.000000 0.562500
vt 0.062500 0.562500
vt 0.125000 0.562500
vt 0.187500 0.562500
vt 0.250000 0.562500
vt 0.312500 0.562500
vt 0.375000 0.562500
vt 0.437500 0.562500
vt 0.500000 0.562500
vt 0.562500 0.562500
vt 0.625000 0.562500
vt 0.687500 0.562500
vt 0.750000 0.562500
vt 0.812500 0.562500
vt 0.875000 0.562500
vt 0.937500 0.562500
vt 1.000000 0.562500
vt 0.000000 0.625000
vt 0.062500 0.625000
vt 0.125000 0.625000
vt 0.187500 0.625000
vt 0.250000 0.625000
vt 0.312500 0.625000
vt 0.375000 0.625000
vt 0.437500 0.625000
vt 0.500000 0.625000
vt 0.562500 0.625000
vt 0.625000 0.625000
vt 0.687500 0.625000
vt 0.750000 0.625000
vt 0.812500 0.625000
vt 0.875000 0.625000
vt 0.937500 0.625000
vt 1.000000 0.625000
vt 0.000000 0.687500
vt 0.062500 0.687500
vt 0.125000 0.687500
vt 0.187500 0.687500
vt 0.250000 0.687500
vt 0.312500 0.687500
vt 0.375000 0.687500
vt 0.437500 0.687500
vt 0.500000 0.687500
vt 0.562500 0.687500
vt 0.625000 0.687500
vt 0.687500 0.687500
vt 0.750000 0.687500
vt 0.812500 0.687500
vt 0.875000 0.687500
vt 0.937500 0.687500
vt 1.000000 0.687500
vt 0.000000 0.750000
vt 0.062500 0.750000
vt 0.125000 0.750000
vt 0.187500 0.750000
vt 0.250000 0.750000
vt 0.312500 0.750000
vt 0.375000 0.750000
vt 0.437500 0.750000
vt 0.500000 0.750000
vt 0.562500 0.750000
vt 0.625000 0.750000
vt 0.687500 0.750000
vt 0.750000 0.750000
vt 0.812500 0.750000
vt 0.875000 0.750000
vt 0.937500 0.750000
vt 1.000000 0.750000
vt 0.000000 0.812500
vt 0.062500 0.812500
vt 0.125000 0.812500
vt 0.187500 0.812500
vt 0.250000 0.812500
vt 0.312500 0.812500
vt 0.375000 0.812500
vt 0.437500 0.812500
vt 0.500000 0.812500
vt 0.562500 0.812500
vt 0.625000 0.812500
vt 0.687500 0.812500
vt 0.750000 0.812500
vt 0.812500 0.812500
vt 0.875000 0.812500
vt 0.937500 0.812500
vt 1.000000 0.812500
vt 0.000000 0.875000
vt 0.062500 0.875000
vt 0.125000 0.875000
vt 0.187500 0.875000
vt 0.250000 0.875000
vt 0.312500 0.875000
vt 0.375000 0.875000
vt 0.437500 0.875000
vt 0.500000 0.875000
vt 0.562500 0.875000
vt 0.625000 0.875000
vt 0.687500 0.875000
vt 0.750000 0.875000
vt 0.812500 0.875000
vt 0.875000 0.875000
vt 0.937500 0.875000
vt 1.000000 0.875000
vt 0.000000 0.937500
vt 0.062500 0.937500
vt 0.125000 0.937500
vt 0.187500 0.937500
vt 0.250000 0.937500
vt 0.312500 0.937500
vt 0.375000 0.937500
vt 0.437500 0.937500
vt 0.500000 0.937500
vt 0.562500 0.937500
vt 0.625000 0.937500
vt 0.687500 0.937500
vt 0.750000 0.937500
vt 0.812500 0.937500
vt 0.875000 0.937500
vt 0.937500 0.937500
vt 1.000000 0.937500
vt 0.031250 0.000000
vt 0.093750 0.000000
vt 0.156250 0.000000
vt 0.218750 0.000000
vt 0.281250 0.000000
vt 0.343750 0.000000
vt 0.406250 0.000000
vt 0.468750 0.000000
vt 0.531250 0.000000
vt 0.593750 0.000000
vt 0.656250 0.000000
vt 0.718750 0.000000
vt 0.781250 0.000000
vt 0.843750 0.000000
vt 0.906250 0.000000
vt 0.968750 0.000000
vt 0.031250 1.000000
vt 0.093750 1.000000
vt 0.156250 1.000000
vt 0.218750 1.000000
vt 0.281250 1.000000
vt 0.343750 1.000000
vt 0.406250 1.000000
vt 0.468750 1.000000
vt 0.531250 1.000000
vt 0.593750 1.000000
vt 0.656250 1.000000
vt 0.718750 1.000000
vt 0.781250 1.000000
vt 0.843750 1.000000
vt 0.906250 1.000000
vt 0.968750 1.000000
vt 0.000000 0.062500
vt 0.062500 0.062500
vt 0.000000 0.125000
vt 0.062500 0.125000
vt 0.125000 0.062500
vt 0.125000 0.125000
vt 0.187500 0.062500
vt 0.187500 0.125000
vt 0.250000 0.062500
vt 0.250000 0.125000
vt 0.312500 0.062500
vt 0.312500 0.125000
vt 0.375000 0.062500
vt 0.375000 0.125000
vt 0.437500 0.062500
vt 0.437500 0.125000
vt 0.500000 0.062500
vt 0.500000 0.125000
vt 0.562500 0.062500
vt 0.562500 0.125000
vt 0.625000 0.062500
vt 0.625000 0.125000
vt 0.687500 0.062500
vt 0.687500 0.125000
vt 0.750000 0.062500
vt 0.750000 0.125000
vt 0.812500 0.062500
vt 0.812500 0.125000
vt 0.875000 0.062500
vt 0.875000 0.125000
vt 0.937500 0.062500
vt 0.937500 0.125000
vt 1.000000 0.062500
vt 1.000000 0.125000
vt 0.000000 0.187500
vt 0.062500 0.187500
vt 0.125000 0.187500
vt 0.187500 0.187500
vt 0.250000 0.187500
vt 0.312500 0.187500
vt 0.375000 0.187500
vt 0.437500 0.187500
vt 0.500000 0.187500
vt 0.562500 0.187500
vt 0.625000 0.187500
vt 0.687500 0.187500
vt 0.750000 0.187500
vt 0.812500 0.187500
vt 0.875000 0.187500
vt 0.937500 0.187500
vt 1.000000 0.187500
vt 0.000000 0.250000
vt 0.062500 0.250000
vt 0.125000 0.250000
vt 0.187500 0.250000
vt 0.250000 0.250000
vt 0.312500 0.250000
vt 0.375000 0.250000
vt 0.437500 0.250000
vt 0.500000 0.250000
vt 0.562500 0.250000
vt 0.625000 0.250000
vt 0.687500 0.250000
vt 0.750000 0.250000
vt 0.812500 0.250000
vt 0.875000 0.250000
vt 0.937500 0.250000
vt 1.000000 0.250000
vt 0.000000 0.312500
vt 0.062500 0.312500
vt 0.125000 0.312500
vt 0.187500 0.312500
vt 0.250000 0.312500
vt 0.312500 0.312500
vt 0.375000 0.312500
vt 0.437500 0.312500
vt 0.500000 0.312500
vt 0.562500 0.312500
vt 0.625000 0.312500
vt 0.687500 0.312500
vt 0.750000 0.312500
vt 0.812500 0.312500
vt 0.875000 0.312500
vt 0.937500 0.312500
vt 1.000000 0.312500
vt 0.000000 0.375000
vt 0.062500 0.375000
vt 0.125000 0.375000
vt 0.187500 0.375000
vt 0.250000 0.375000
vt 0.312500 0.375000
vt 0.375000 0.375000
vt 0.437500 0.375000
vt 0.500000 0.375000
vt 0.562500 0.375000
vt 0.625000 0.375000
vt 0.687500 0.375000
vt 0.750000 0.375000
vt 0.812500 0.375000
vt 0.875000 0.375000
vt 0.937500 0.375000
vt 1.000000 0.375000
vt 0.000000 0.437500
vt 0.062500 0.437500
vt 0.125000 0.437500
vt 0.187500 0.437500
vt 0.250000 0.437500
vt 0.312500 0.437500
vt 0.375000 0.437500
vt 0.437500 0.437500
vt 0.500000 0.437500
vt 0.562500 0.437500
vt 0.625000 0.437500
vt 0.687500 0.437500
vt 0.750000 0.437500
vt 0.812500 0.437500
vt 0.875000 0.437500
vt 0.937500 0.437500
vt 1.000000 0.437500
vt 0.000000 0.500000
vt 0.062500 0.500000
vt 0.125000 0.500000
vt 0.187500 0.500000
vt 0.250000 0.500000
vt 0.312500 0.500000
vt 0.375000 0.500000
vt 0.437500 0.500000
vt 0.500000 0.500000
vt 0.562500 0.500000
vt 0.625000 0.500000
vt 0.687500 0.500000
vt 0.750000 0.500000
vt 0.812500 0.500000
vt 0.875000 0.500000
vt 0.937500 0.500000
vt 1.000000 0.500000
vt 0.000000 0.562500
vt 0.062500 0.562500
vt 0.125000 0.562500
vt 0.187500 0.562500
vt 0.250000 0.562500
vt 0.312500 0.562500
vt 0.375000 0.562500
vt 0.437500 0.562500
vt 0.500000 0.562500
vt 0.562500 0.562500
vt 0.625000 0.562500
vt 0.687500 0.562500
vt 0.750000 0.562500
vt 0.812500 0.562500
vt 0.875000 0.562500
vt 0.937500 0.562500
vt 1.000000 0.562500
vt 0.000000 0.625000
vt 0.062500 0.625000
vt 0.125000 0.625000
vt 0.187500 0.625000
vt 0.250000 0.625000
vt 0.312500 0.625000
vt 0.375000 0.625000
vt 0.437500 0.625000
vt 0.500000 0.625000
vt 0.562500 0.625000
vt 0.625000 0.625000
vt 0.687500 0.625000
vt 0.750000 0.625000
vt 0.812500 0.625000
vt 0.875000 0.625000
vt 0.937500 0.625000
vt 1.000000 0.625000
vt 0.000000 0.687500
vt 0.062500 0.687500
vt 0.125000 0.687500
vt 0.187500 0.687500
vt 0.250000 0.687500
vt 0.312500 0.687500
vt 0.375000 0.687500
vt 0.437500 0.687500
vt 0.500000 0.687500
vt 0.562500 0.687500
vt 0.625000 0.687500
vt 0.687500 0.687500
vt 0.750000 0.687500
vt 0.812500 0.687500
vt 0.875000 0.687500
vt 0.937500 0.687500
vt 1.000000 0.687500
vt 0.000000 0.750000
vt 0.062500 0.750000
vt 0.125000 0.750000
vt 0.187500 0.750000
vt 0.250000 0.750000
vt 0.312500 0.750000
vt 0.375000 0.750000
vt 0.437500 0.750000
vt 0.500000 0.750000
vt 0.562500 0.750000
vt 0.625000 0.750000
vt 0.687500 0.750000
vt 0.750000 0.750000
vt 0.812500 0.750000
vt 0.875000 0.750000
vt 0.937500 0.750000
vt 1.000000 0.750000
vt 0.000000 0.812500
vt 0.062500 0.812500
vt 0.125000 0.812500
vt 0.187500 0.812500
vt 0.250000 0.812500
vt 0.312500 0.812500
vt 0.375000 0.812500
vt 0.437500 0.812500
vt 0.500000 0.812500
vt 0.562500 0.812500
vt 0.625000 0.812500
vt 0.687500 0.812500
vt 0.750000 0.812500
vt 0.812500 0.812500
vt 0.875000 0.812500
vt 0.937500 0.812500
vt 1.000000 0.812500
vt 0.000000 0.875000
vt 0.062500 0.875000
vt 0.125000 0.875000
vt 0.187500 0.875000
vt 0.250000 0.875000
vt 0.312500 0.875000
vt 0.375000 0.875000
vt 0.437500 0.875000
vt 0.500000 0.875000
vt 0.562500 0.875000
vt 0.625000 0.875000
vt 0.687500 0.875000
vt 0.750000 0.875000
vt 0.812500 0.875000
vt 0.875000 0.875000
vt 0.937500 0.875000
vt 1.000000 0.875000
vt 0.000000 0.937500
vt 0.062500 0.937500
vt 0.125000 0.937500
vt 0.187500 0.937500
vt 0.250000 0.937500
vt 0.312500 0.937500
vt 0.375000 0.937500
vt 0.437500 0.937500
vt 0.500000 0.937500
vt 0.562500 0.937500
vt 0.625000 0.937500
vt 0.687500 0.937500
vt 0.750000 0.937500
vt 0.812500 0.937500
vt 0.875000 0.937500
vt 0.937500 0.937500
vt 1.000000 0.937500
vt 0.031250 0.000000
vt 0.093750 0.000000
vt 0.156250 0.000000
vt 0.218750 0.000000
vt 0.281250 0.000000
vt 0.343750 0.000000
vt 0.406250 0.000000
vt 0.468750 0.000000
vt 0.531250 0.000000
vt 0.593750 0.000000
vt 0.656250 0.000000
vt 0.718750 0.000000
vt 0.781250 0.000000
vt 0.843750 0.000000
vt 0.906250 0.000000
vt 0.968750 0.000000
vt 0.031250 1.000000
vt 0.093750 1.000000
vt 0.156250 1.000000
vt 0.218750 1.000000
vt 0.281250 1.000000
vt 0.343750 1.000000
vt 0.406250 1.000000
vt 0.468750 1.000000
vt 0.531250 1.000000
vt 0.593750 1.000000
vt 0.656250 1.000000
vt 0.718750 1.000000
vt 0.781250 1.000000
vt 0.843750 1.000000
vt 0.906250 1.000000
vt 0.968750 1.000000
vn 0.201075 -0.976540 -0.077064
vn 0.156278 -0.976540 -0.148145
vn 0.373295 -0.916086 -0.146413
vn 0.288850 -0.916086 -0.278121
vn 0.087689 -0.976540 -0.196674
vn 0.160430 -0.916086 -0.367489
vn 0.005751 -0.976540 -0.215260
vn 0.007586 -0.916086 -0.400909
vn -0.077063 -0.976540 -0.201075
vn -0.146412 -0.916086 -0.373295
vn -0.148145 -0.976540 -0.156279
vn -0.278121 -0.916086 -0.288850
vn -0.196674 -0.976540 -0.087689
vn -0.367489 -0.916086 -0.160430
vn -0.215260 -0.976540 -0.005751
vn -0.400909 -0.916086 -0.007586
vn -0.201075 -0.976540 0.077063
vn -0.373295 -0.916086 0.146412
vn -0.156278 -0.976540 0.148145
vn -0.288850 -0.916086 0.278122
vn -0.087689 -0.976540 0.196674
vn -0.160430 -0.916086 0.367489
vn -0.005751 -0.976540 0.215260
vn -0.007586 -0.916086 0.400909
vn 0.077064 -0.976540 0.201075
vn 0.146413 -0.916086 0.373295
vn 0.148145 -0.976540 0.156279
vn 0.278122 -0.916086 0.288850
vn 0.196674 -0.976540 0.087689
vn 0.367489 -0.916086 0.160430
vn 0.215260 -0.976540 0.005751
vn 0.400910 -0.916086 0.007586
vn 0.529757 -0.821670 -0.210277
vn 0.408962 -0.821670 -0.397000
vn 0.225906 -0.821670 -0.523283
vn 0.008458 -0.821670 -0.569901
vn -0.210277 -0.821670 -0.529757
vn -0.397000 -0.821670 -0.408962
vn -0.523283 -0.821670 -0.225906
vn -0.569901 -0.821670 -0.008458
vn -0.529757 -0.821670 0.210277
vn -0.408962 -0.821670 0.397000
vn -0.225906 -0.821670 0.523283
vn -0.008458 -0.821670 0.569901
vn 0.210278 -0.821670 0.529757
vn 0.397000 -0.821670 0.408962
vn 0.523283 -0.821670 0.225906
vn 0.569901 -0.821670 0.008458
vn 0.665640 -0.696903 -0.266925
vn 0.512824 -0.696903 -0.501336
vn 0.281934 -0.696903 -0.659423
vn 0.008123 -0.696903 -0.717119
vn -0.266925 -0.696903 -0.665640
vn -0.501336 -0.696903 -0.512824
vn -0.659423 -0.696903 -0.281934
vn -0.717119 -0.696904 -0.008123
vn -0.665640 -0.696903 0.266925
vn -0.512823 -0.696903 0.501336
vn -0.281934 -0.696903 0.659423
vn -0.008123 -0.696904 0.717119
vn 0.266925 -0.696903 0.665640
vn 0.501336 -0.696904 0.512823
vn 0.659423 -0.696904 0.281934
vn 0.717119 -0.696903 0.008122
vn 0.776346 -0.546434 -0.314160
vn 0.597027 -0.546434 -0.587341
vn 0.326815 -0.546433 -0.771105
vn 0.006849 -0.546433 -0.837475
vn -0.314160 -0.546433 -0.776347
vn -0.587341 -0.546433 -0.597027
vn -0.771105 -0.546433 -0.326815
vn -0.837475 -0.546433 -0.006848
vn -0.776347 -0.546433 0.314160
vn -0.597027 -0.546433 0.587342
vn -0.326815 -0.546433 0.771105
vn -0.006848 -0.546433 0.837475
vn 0.314161 -0.546433 0.776346
vn 0.587341 -0.546433 0.597027
vn 0.771106 -0.546433 0.326814
vn 0.837475 -0.546433 0.006848
vn 0.858012 -0.375845 -0.350081
vn 0.658729 -0.375845 -0.651779
vn 0.359161 -0.375845 -0.854251
vn 0.004914 -0.375845 -0.926670
vn -0.350081 -0.375845 -0.858011
vn -0.651780 -0.375845 -0.658729
vn -0.854251 -0.375845 -0.359161
vn -0.926670 -0.375845 -0.004914
vn -0.858011 -0.375845 0.350081
vn -0.658729 -0.375844 0.651780
vn -0.359161 -0.375845 0.854251
vn -0.004914 -0.375845 0.926670
vn 0.350081 -0.375845 0.858011
vn 0.651780 -0.375845 0.658729
vn 0.854251 -0.375845 0.359160
vn 0.926669 -0.375845 0.004914
vn 0.907769 -0.191437 -0.373240
vn 0.695836 -0.191437 -0.692217
vn 0.377969 -0.191438 -0.905810
vn 0.002560 -0.191438 -0.981501
vn -0.373240 -0.191437 -0.907769
vn -0.692217 -0.191438 -0.695836
vn -0.905810 -0.191437 -0.377969
vn -0.981501 -0.191438 -0.002560
vn -0.907768 -0.191437 0.373240
vn -0.695836 -0.191438 0.692217
vn -0.377969 -0.191438 0.905810
vn -0.002559 -0.191438 0.981502
vn 0.373240 -0.191438 0.907769
vn 0.692217 -0.191437 0.695836
vn 0.905810 -0.191438 0.377969
vn 0.981501 -0.191437 0.002559
vn 0.923880 0.000000 -0.382683
vn 0.707107 0.000000 -0.707106
vn 0.382684 -0.000000 -0.923879
vn 0.000001 0.000000 -1.000000
vn -0.382683 0.000000 -0.923880
vn -0.707106 -0.000000 -0.707107
vn -0.923879 0.000000 -0.382684
vn -1.000000 -0.000000 -0.000000
vn -0.923879 -0.000000 0.382684
vn -0.707107 0.000000 0.707106
vn -0.382684 0.000000 0.923879
vn -0.000000 0.000000 1.000000
vn 0.382683 0.000000 0.923880
vn 0.707107 0.000000 0.707107
vn 0.923880 -0.000000 0.382683
vn 1.000000 -0.000000 -0.000000
vn 0.905810 0.191436 -0.377968
vn 0.692218 0.191436 -0.695835
vn 0.373241 0.191437 -0.907768
vn -0.002558 0.191437 -0.981502
vn -0.377968 0.191436 -0.905810
vn -0.695836 0.191437 -0.692217
vn -0.907768 0.191437 -0.373241
vn -0.981502 0.191437 0.002559
vn -0.905810 0.191437 0.377969
vn -0.692217 0.191437 0.695836
vn -0.373240 0.191437 0.907768
vn 0.002559 0.191437 0.981502
vn 0.377968 0.191437 0.905810
vn 0.695836 0.191436 0.692217
vn 0.907769 0.191437 0.373240
vn 0.981502 0.191436 -0.002559
vn 0.854251 0.375844 -0.359160
vn 0.651780 0.375845 -0.658728
vn 0.350082 0.375844 -0.858011
vn -0.004913 0.375845 -0.926670
vn -0.359160 0.375845 -0.854251
vn -0.658728 0.375845 -0.651780
vn -0.858011 0.375844 -0.350082
vn -0.926670 0.375845 0.004913
vn -0.854251 0.375845 0.359161
vn -0.651780 0.375844 0.658729
vn -0.350082 0.375844 0.858011
vn 0.004913 0.375844 0.926670
vn 0.359160 0.375844 0.854251
vn 0.658729 0.375845 0.651780
vn 0.858012 0.375844 0.350082
vn 0.926670 0.375845 -0.004913
vn 0.771104 0.546436 -0.326814
vn 0.587340 0.546436 -0.597025
vn 0.314161 0.546436 -0.776345
vn -0.006848 0.546436 -0.837473
vn -0.326813 0.546436 -0.771104
vn -0.597025 0.546435 -0.587341
vn -0.776345 0.546435 -0.314161
vn -0.837473 0.546435 0.006848
vn -0.771103 0.546436 0.326814
vn -0.587341 0.546435 0.597025
vn -0.314160 0.546436 0.776345
vn 0.006848 0.546436 0.837473
vn 0.326814 0.546436 0.771103
vn 0.597025 0.546436 0.587340
vn 0.776345 0.546435 0.314160
vn 0.837473 0.546436 -0.006848
vn 0.659423 0.696903 -0.281934
vn 0.501336 0.696903 -0.512823
vn 0.266926 0.696904 -0.665640
vn -0.008122 0.696903 -0.717119
vn -0.281934 0.696903 -0.659423
vn -0.512823 0.696903 -0.501337
vn -0.665640 0.696903 -0.266926
vn -0.717119 0.696903 0.008123
vn -0.659424 0.696903 0.281934
vn -0.501337 0.696903 0.512823
vn -0.266925 0.696903 0.665640
vn 0.008122 0.696904 0.717119
vn 0.281934 0.696904 0.659423
vn 0.512823 0.696903 0.501336
vn 0.665640 0.696904 0.266925
vn 0.717119 0.696903 -0.008122
vn 0.523285 0.821669 -0.225906
vn 0.397001 0.821669 -0.408963
vn 0.210278 0.821669 -0.529758
vn -0.008458 0.821669 -0.569902
vn -0.225906 0.821669 -0.523285
vn -0.408962 0.821669 -0.397002
vn -0.529758 0.821669 -0.210278
vn -0.569902 0.821669 0.008458
vn -0.523285 0.821669 0.225906
vn -0.397001 0.821669 0.408963
vn -0.210278 0.821669 0.529758
vn 0.008458 0.821669 0.569903
vn 0.225906 0.821669 0.523284
vn 0.408962 0.821669 0.397001
vn 0.529758 0.821669 0.210278
vn 0.569902 0.821669 -0.008458
vn 0.367490 0.916086 -0.160430
vn 0.278122 0.916086 -0.288850
vn 0.146413 0.916086 -0.373296
vn -0.007586 0.916086 -0.400910
vn -0.160430 0.916086 -0.367490
vn -0.288850 0.916086 -0.278122
vn -0.373296 0.916086 -0.146413
vn -0.400910 0.916086 0.007586
vn -0.367490 0.916086 0.160430
vn -0.278122 0.916086 0.288850
vn -0.146413 0.916086 0.373296
vn 0.007586 0.916086 0.400910
vn 0.160430 0.916086 0.367490
vn 0.288851 0.916086 0.278122
vn 0.373296 0.916086 0.146413
vn 0.400910 0.916086 -0.007586
vn 0.196673 0.976540 -0.087689
vn 0.148145 0.976540 -0.156277
vn 0.077063 0.976540 -0.201074
vn -0.005750 0.976540 -0.215259
vn -0.087689 0.976540 -0.196673
vn -0.156277 0.976540 -0.148145
vn -0.201074 0.976540 -0.077063
vn -0.215259 0.976540 0.005750
vn -0.196673 0.976540 0.087689
vn -0.148145 0.976540 0.156278
vn -0.077063 0.976540 0.201074
vn 0.005751 0.976540 0.215259
vn 0.087689 0.976540 0.196673
vn 0.156277 0.976540 0.148145
vn 0.201074 0.976540 0.077064
vn 0.215259 0.976540 -0.005751
vn -0.000000 -1.000000 0.000000
vn 0.000000 1.000000 0.000000
vn -0.201075 -0.976540 -0.077063
vn -0.373295 -0.916086 -0.146413
vn -0.156278 -0.976540 -0.148145
vn -0.288851 -0.916086 -0.278122
vn -0.087689 -0.976540 -0.196673
vn -0.160430 -0.916086 -0.367489
vn -0.005751 -0.976540 -0.215261
vn -0.007586 -0.916086 -0.400910
vn 0.077063 -0.976540 -0.201076
vn 0.146412 -0.916086 -0.373295
vn 0.148145 -0.976540 -0.156278
vn 0.278121 -0.916086 -0.288850
vn 0.196673 -0.976540 -0.087689
vn 0.367490 -0.916086 -0.160430
vn 0.215260 -0.976540 -0.005751
vn 0.400909 -0.916086 -0.007587
vn 0.201075 -0.976540 0.077063
vn 0.373295 -0.916086 0.146412
vn 0.156278 -0.976540 0.148146
vn 0.288850 -0.916086 0.278122
vn 0.087689 -0.976540 0.196674
vn 0.160430 -0.916086 0.367488
vn 0.005751 -0.976540 0.215260
vn 0.007586 -0.916086 0.400909
vn -0.077063 -0.976540 0.201075
vn -0.146413 -0.916086 0.373296
vn -0.148146 -0.976540 0.156279
vn -0.278122 -0.916086 0.288850
vn -0.196675 -0.976540 0.087689
vn -0.367489 -0.916086 0.160430
vn -0.215260 -0.976540 0.005751
vn -0.400909 -0.916086 0.007587
vn -0.529757 -0.821669 -0.210277
vn -0.408962 -0.821669 -0.397001
vn -0.225906 -0.821669 -0.523284
vn -0.008458 -0.821670 -0.569901
vn 0.210278 -0.821669 -0.529757
vn 0.397000 -0.821669 -0.408962
vn 0.523283 -0.821670 -0.225905
vn 0.569902 -0.821669 -0.008458
vn 0.529757 -0.821669 0.210278
vn 0.408962 -0.821669 0.397000
vn 0.225906 -0.821670 0.523283
vn 0.008458 -0.821669 0.569901
vn -0.210278 -0.821669 0.529757
vn -0.397001 -0.821669 0.408963
vn -0.523283 -0.821670 0.225906
vn -0.569902 -0.821669 0.008458
vn -0.665640 -0.696903 -0.266925
vn -0.512823 -0.696903 -0.501336
vn -0.281934 -0.696903 -0.659423
vn -0.008123 -0.696903 -0.717119
vn 0.266925 -0.696903 -0.665640
vn 0.501337 -0.696902 -0.512824
vn 0.659423 -0.696903 -0.281934
vn 0.717120 -0.696903 -0.008122
vn 0.665640 -0.696904 0.266925
vn 0.512823 -0.696904 0.501336
vn 0.281934 -0.696903 0.659423
vn 0.008123 -0.696903 0.717119
vn -0.266926 -0.696903 0.665640
vn -0.501336 -0.696903 0.512824
vn -0.659423 -0.696904 0.281933
vn -0.717120 -0.696903 0.008123
vn -0.776346 -0.546434 -0.314160
vn -0.597027 -0.546434 -0.587341
vn -0.326815 -0.546433 -0.771105
vn -0.006849 -0.546433 -0.837475
vn 0.314160 -0.546433 -0.776347
vn 0.587341 -0.546433 -0.597027
vn 0.771105 -0.546433 -0.326815
vn 0.837474 -0.546434 -0.006848
vn 0.776346 -0.546434 0.314160
vn 0.597027 -0.546432 0.587342
vn 0.326815 -0.546433 0.771105
vn 0.006848 -0.546433 0.837475
vn -0.314161 -0.546433 0.776346
vn -0.587341 -0.546434 0.597026
vn -0.771105 -0.546433 0.326814
vn -0.837474 -0.546434 0.006848
vn -0.858011 -0.375846 -0.350081
vn -0.658729 -0.375844 -0.651780
vn -0.359161 -0.375845 -0.854251
vn -0.004914 -0.375844 -0.926670
vn 0.350081 -0.375845 -0.858012
vn 0.651779 -0.375846 -0.658729
vn 0.854251 -0.375843 -0.359161
vn 0.926669 -0.375847 -0.004914
vn 0.858011 -0.375845 0.350082
vn 0.658729 -0.375844 0.651781
vn 0.359161 -0.375844 0.854251
vn 0.004914 -0.375845 0.926670
vn -0.350082 -0.375845 0.858011
vn -0.651780 -0.375844 0.658729
vn -0.854250 -0.375846 0.359160
vn -0.926669 -0.375847 0.004914
vn -0.907768 -0.191438 -0.373240
vn -0.695836 -0.191436 -0.692217
vn -0.377969 -0.191437 -0.905810
vn -0.002560 -0.191438 -0.981501
vn 0.373240 -0.191438 -0.907769
vn 0.692217 -0.191439 -0.695836
vn 0.905810 -0.191437 -0.377969
vn 0.981501 -0.191439 -0.002560
vn 0.907768 -0.191437 0.373241
vn 0.695836 -0.191438 0.692217
vn 0.377969 -0.191438 0.905810
vn 0.002559 -0.191437 0.981502
vn -0.373240 -0.191438 0.907768
vn -0.692217 -0.191436 0.695836
vn -0.905810 -0.191439 0.377969
vn -0.981501 -0.191438 0.002559
vn -0.923880 0.000000 -0.382683
vn -0.707107 0.000001 -0.707107
vn -0.382684 -0.000000 -0.923879
vn -0.000001 -0.000000 -1.000000
vn 0.382683 0.000001 -0.923880
vn 0.707106 -0.000001 -0.707107
vn 0.923879 -0.000000 -0.382684
vn 1.000000 -0.000001 -0.000000
vn 0.923879 0.000001 0.382684
vn 0.707107 -0.000000 0.707107
vn 0.382684 0.000000 0.923879
vn 0.000000 -0.000000 1.000000
vn -0.382684 -0.000000 0.923879
vn -0.707107 0.000001 0.707107
vn -0.923880 -0.000001 0.382683
vn -1.000000 0.000000 -0.000000
vn -0.905810 0.191436 -0.377968
vn -0.692218 0.191436 -0.695835
vn -0.373241 0.191436 -0.907768
vn 0.002558 0.191436 -0.981502
vn 0.377968 0.191438 -0.905810
vn 0.695836 0.191436 -0.692217
vn 0.907768 0.191437 -0.373241
vn 0.981502 0.191434 0.002558
vn 0.905810 0.191437 0.377969
vn 0.692217 0.191437 0.695836
vn 0.373240 0.191438 0.907768
vn -0.002559 0.191436 0.981502
vn -0.377968 0.191436 0.905810
vn -0.695836 0.191437 0.692217
vn -0.907769 0.191435 0.373240
vn -0.981502 0.191435 -0.002559
vn -0.854251 0.375846 -0.359160
vn -0.651780 0.375844 -0.658729
vn -0.350082 0.375845 -0.858011
vn 0.004913 0.375844 -0.926670
vn 0.359160 0.375846 -0.854251
vn 0.658728 0.375844 -0.651780
vn 0.858011 0.375845 -0.350082
vn 0.926670 0.375844 0.004913
vn 0.854251 0.375845 0.359161
vn 0.651781 0.375844 0.658729
vn 0.350082 0.375845 0.858011
vn -0.004913 0.375844 0.926670
vn -0.359161 0.375844 0.854251
vn -0.658729 0.375845 0.651780
vn -0.858011 0.375845 0.350082
vn -0.926670 0.375844 -0.004913
vn -0.771103 0.546437 -0.326813
vn -0.587341 0.546435 -0.597025
vn -0.314161 0.546435 -0.776345
vn 0.006848 0.546435 -0.837474
vn 0.326814 0.546436 -0.771104
vn 0.597025 0.546435 -0.587341
vn 0.776345 0.546435 -0.314160
vn 0.837473 0.546436 0.006848
vn 0.771103 0.546436 0.326814
vn 0.587341 0.546435 0.597025
vn 0.314160 0.546436 0.776345
vn -0.006848 0.546435 0.837473
vn -0.326814 0.546437 0.771103
vn -0.597025 0.546436 0.587340
vn -0.776345 0.546436 0.314160
vn -0.837473 0.546436 -0.006848
vn -0.659423 0.696904 -0.281933
vn -0.501337 0.696903 -0.512824
vn -0.266926 0.696903 -0.665640
vn 0.008122 0.696904 -0.717119
vn 0.281933 0.696903 -0.659423
vn 0.512823 0.696903 -0.501337
vn 0.665640 0.696903 -0.266925
vn 0.717117 0.696905 0.008122
vn 0.659422 0.696904 0.281933
vn 0.501337 0.696903 0.512823
vn 0.266926 0.696903 0.665640
vn -0.008122 0.696903 0.717119
vn -0.281934 0.696904 0.659423
vn -0.512823 0.696904 0.501336
vn -0.665641 0.696903 0.266925
vn -0.717119 0.696903 -0.008122
vn -0.523284 0.821669 -0.225906
vn -0.397001 0.821669 -0.408962
vn -0.210278 0.821669 -0.529758
vn 0.008458 0.821669 -0.569903
vn 0.225906 0.821669 -0.523285
vn 0.408962 0.821669 -0.397001
vn 0.529758 0.821668 -0.210278
vn 0.569901 0.821670 0.008458
vn 0.523285 0.821668 0.225906
vn 0.397002 0.821669 0.408963
vn 0.210277 0.821670 0.529757
vn -0.008458 0.821669 0.569902
vn -0.225906 0.821669 0.523285
vn -0.408962 0.821669 0.397001
vn -0.529758 0.821669 0.210278
vn -0.569903 0.821668 -0.008458
vn -0.367490 0.916086 -0.160430
vn -0.278122 0.916086 -0.288851
vn -0.146413 0.916086 -0.373295
vn 0.007586 0.916086 -0.400910
vn 0.160430 0.916086 -0.367490
vn 0.288850 0.916086 -0.278122
vn 0.373296 0.916086 -0.146412
vn 0.400909 0.916086 0.007586
vn 0.367490 0.916086 0.160429
vn 0.278123 0.916085 0.288851
vn 0.146413 0.916086 0.373296
vn -0.007586 0.916085 0.400911
vn -0.160431 0.916086 0.367490
vn -0.288851 0.916086 0.278122
vn -0.373296 0.916086 0.146413
vn -0.400910 0.916086 -0.007586
vn -0.196673 0.976540 -0.087689
vn -0.148145 0.976540 -0.156277
vn -0.077063 0.976540 -0.201074
vn 0.005750 0.976540 -0.215260
vn 0.087689 0.976540 -0.196673
vn 0.156277 0.976540 -0.148145
vn 0.201074 0.976540 -0.077063
vn 0.215260 0.976540 0.005750
vn 0.196673 0.976540 0.087689
vn 0.148145 0.976540 0.156277
vn 0.077063 0.976540 0.201074
vn -0.005751 0.976540 0.215259
vn -0.087688 0.976540 0.196672
vn -0.156277 0.976540 0.148145
vn -0.201074 0.976540 0.077063
vn -0.215259 0.976540 -0.005751
vn 0.000000 -1.000000 0.000000
vn -0.000000 1.000000 0.000000
s 1
g cha_dog_head pSphere9
usemtl lambert21SG
f 1787/2035/1787 1788/2036/1788 1803/2052/1789
f 1803/2052/1789 1788/2036/1788 1804/2053/1790
f 1788/2036/1788 1789/2037/1791 1804/2053/1790
f 1804/2053/1790 1789/2037/1791 1805/2054/1792
f 1789/2037/1791 1790/2038/1793 1805/2054/1792
f 1805/2054/1792 1790/2038/1793 1806/2055/1794
f 1790/2038/1793 1791/2039/1795 1806/2055/1794
f 1806/2055/1794 1791/2039/1795 1807/2056/1796
f 1791/2039/1795 1792/2040/1797 1807/2056/1796
f 1807/2056/1796 1792/2040/1797 1808/2057/1798
f 1792/2040/1797 1793/2041/1799 1808/2057/1798
f 1808/2057/1798 1793/2041/1799 1809/2058/1800
f 1793/2041/1799 1794/2042/1801 1809/2058/1800
f 1809/2058/1800 1794/2042/1801 1810/2059/1802
f 1794/2042/1801 1795/2043/1803 1810/2059/1802
f 1810/2059/1802 1795/2043/1803 1811/2060/1804
f 1795/2043/1803 1796/2044/1805 1811/2060/1804
f 1811/2060/1804 1796/2044/1805 1812/2061/1806
f 1796/2044/1805 1797/2045/1807 1812/2061/1806
f 1812/2061/1806 1797/2045/1807 1813/2062/1808
f 1797/2045/1807 1798/2046/1809 1813/2062/1808
f 1813/2062/1808 1798/2046/1809 1814/2063/1810
f 1798/2046/1809 1799/2047/1811 1814/2063/1810
f 1814/2063/1810 1799/2047/1811 1815/2064/1812
f 1799/2047/1811 1800/2048/1813 1815/2064/1812
f 1815/2064/1812 1800/2048/1813 1816/2065/1814
f 1800/2048/1813 1801/2049/1815 1816/2065/1814
f 1816/2065/1814 1801/2049/1815 1817/2066/1816
f 1801/2049/1815 1802/2050/1817 1817/2066/1816
f 1817/2066/1816 1802/2050/1817 1818/2067/1818
f 1802/2050/1817 1787/2051/1787 1818/2067/1818
f 1818/2067/1818 1787/2051/1787 1803/2068/1789
f 1803/2052/1789 1804/2053/1790 1819/2069/1819
f 1819/2069/1819 1804/2053/1790 1820/2070/1820
f 1804/2053/1790 1805/2054/1792 1820/2070/1820
f 1820/2070/1820 1805/2054/1792 1821/2071/1821
f 1805/2054/1792 1806/2055/1794 1821/2071/1821
f 1821/2071/1821 1806/2055/1794 1822/2072/1822
f 1806/2055/1794 1807/2056/1796 1822/2072/1822
f 1822/2072/1822 1807/2056/1796 1823/2073/1823
f 1807/2056/1796 1808/2057/1798 1823/2073/1823
f 1823/2073/1823 1808/2057/1798 1824/2074/1824
f 1808/2057/1798 1809/2058/1800 1824/2074/1824
f 1824/2074/1824 1809/2058/1800 1825/2075/1825
f 1809/2058/1800 1810/2059/1802 1825/2075/1825
f 1825/2075/1825 1810/2059/1802 1826/2076/1826
f 1810/2059/1802 1811/2060/1804 1826/2076/1826
f 1826/2076/1826 1811/2060/1804 1827/2077/1827
f 1811/2060/1804 1812/2061/1806 1827/2077/1827
f 1827/2077/1827 1812/2061/1806 1828/2078/1828
f 1812/2061/1806 1813/2062/1808 1828/2078/1828
f 1828/2078/1828 1813/2062/1808 1829/2079/1829
f 1813/2062/1808 1814/2063/1810 1829/2079/1829
f 1829/2079/1829 1814/2063/1810 1830/2080/1830
f 1814/2063/1810 1815/2064/1812 1830/2080/1830
f 1830/2080/1830 1815/2064/1812 1831/2081/1831
f 1815/2064/1812 1816/2065/1814 1831/2081/1831
f 1831/2081/1831 1816/2065/1814 1832/2082/1832
f 1816/2065/1814 1817/2066/1816 1832/2082/1832
f 1832/2082/1832 1817/2066/1816 1833/2083/1833
f 1817/2066/1816 1818/2067/1818 1833/2083/1833
f 1833/2083/1833 1818/2067/1818 1834/2084/1834
f 1818/2067/1818 1803/2068/1789 1834/2084/1834
f 1834/2084/1834 1803/2068/1789 1819/2085/1819
f 1819/2069/1819 1820/2070/1820 1835/2086/1835
f 1835/2086/1835 1820/2070/1820 1836/2087/1836
f 1820/2070/1820 1821/2071/1821 1836/2087/1836
f 1836/2087/1836 1821/2071/1821 1837/2088/1837
f 1821/2071/1821 1822/2072/1822 1837/2088/1837
f 1837/2088/1837 1822/2072/1822 1838/2089/1838
f 1822/2072/1822 1823/2073/1823 1838/2089/1838
f 1838/2089/1838 1823/2073/1823 1839/2090/1839
f 1823/2073/1823 1824/2074/1824 1839/2090/1839
f 1839/2090/1839 1824/2074/1824 1840/2091/1840
f 1824/2074/1824 1825/2075/1825 1840/2091/1840
f 1840/2091/1840 1825/2075/1825 1841/2092/1841
f 1825/2075/1825 1826/2076/1826 1841/2092/1841
f 1841/2092/1841 1826/2076/1826 1842/2093/1842
f 1826/2076/1826 1827/2077/1827 1842/2093/1842
f 1842/2093/1842 1827/2077/1827 1843/2094/1843
f 1827/2077/1827 1828/2078/1828 1843/2094/1843
f 1843/2094/1843 1828/2078/1828 1844/2095/1844
f 1828/2078/1828 1829/2079/1829 1844/2095/1844
f 1844/2095/1844 1829/2079/1829 1845/2096/1845
f 1829/2079/1829 1830/2080/1830 1845/2096/1845
f 1845/2096/1845 1830/2080/1830 1846/2097/1846
f 1830/2080/1830 1831/2081/1831 1846/2097/1846
f 1846/2097/1846 1831/2081/1831 1847/2098/1847
f 1831/2081/1831 1832/2082/1832 1847/2098/1847
f 1847/2098/1847 1832/2082/1832 1848/2099/1848
f 1832/2082/1832 1833/2083/1833 1848/2099/1848
f 1848/2099/1848 1833/2083/1833 1849/2100/1849
f 1833/2083/1833 1834/2084/1834 1849/2100/1849
f 1849/2100/1849 1834/2084/1834 1850/2101/1850
f 1834/2084/1834 1819/2085/1819 1850/2101/1850
f 1850/2101/1850 1819/2085/1819 1835/2102/1835
f 1835/2086/1835 1836/2087/1836 1851/2103/1851
f 1851/2103/1851 1836/2087/1836 1852/2104/1852
f 1836/2087/1836 1837/2088/1837 1852/2104/1852
f 1852/2104/1852 1837/2088/1837 1853/2105/1853
f 1837/2088/1837 1838/2089/1838 1853/2105/1853
f 1853/2105/1853 1838/2089/1838 1854/2106/1854
f 1838/2089/1838 1839/2090/1839 1854/2106/1854
f 1854/2106/1854 1839/2090/1839 1855/2107/1855
f 1839/2090/1839 1840/2091/1840 1855/2107/1855
f 1855/2107/1855 1840/2091/1840 1856/2108/1856
f 1840/2091/1840 1841/2092/1841 1856/2108/1856
f 1856/2108/1856 1841/2092/1841 1857/2109/1857
f 1841/2092/1841 1842/2093/1842 1857/2109/1857
f 1857/2109/1857 1842/2093/1842 1858/2110/1858
f 1842/2093/1842 1843/2094/1843 1858/2110/1858
f 1858/2110/1858 1843/2094/1843 1859/2111/1859
f 1843/2094/1843 1844/2095/1844 1859/2111/1859
f 1859/2111/1859 1844/2095/1844 1860/2112/1860
f 1844/2095/1844 1845/2096/1845 1860/2112/1860
f 1860/2112/1860 1845/2096/1845 1861/2113/1861
f 1845/2096/1845 1846/2097/1846 1861/2113/1861
f 1861/2113/1861 1846/2097/1846 1862/2114/1862
f 1846/2097/1846 1847/2098/1847 1862/2114/1862
f 1862/2114/1862 1847/2098/1847 1863/2115/1863
f 1847/2098/1847 1848/2099/1848 1863/2115/1863
f 1863/2115/1863 1848/2099/1848 1864/2116/1864
f 1848/2099/1848 1849/2100/1849 1864/2116/1864
f 1864/2116/1864 1849/2100/1849 1865/2117/1865
f 1849/2100/1849 1850/2101/1850 1865/2117/1865
f 1865/2117/1865 1850/2101/1850 1866/2118/1866
f 1850/2101/1850 1835/2102/1835 1866/2118/1866
f 1866/2118/1866 1835/2102/1835 1851/2119/1851
f 1851/2103/1851 1852/2104/1852 1867/2120/1867
f 1867/2120/1867 1852/2104/1852 1868/2121/1868
f 1852/2104/1852 1853/2105/1853 1868/2121/1868
f 1868/2121/1868 1853/2105/1853 1869/2122/1869
f 1853/2105/1853 1854/2106/1854 1869/2122/1869
f 1869/2122/1869 1854/2106/1854 1870/2123/1870
f 1854/2106/1854 1855/2107/1855 1870/2123/1870
f 1870/2123/1870 1855/2107/1855 1871/2124/1871
f 1855/2107/1855 1856/2108/1856 1871/2124/1871
f 1871/2124/1871 1856/2108/1856 1872/2125/1872
f 1856/2108/1856 1857/2109/1857 1872/2125/1872
f 1872/2125/1872 1857/2109/1857 1873/2126/1873
f 1857/2109/1857 1858/2110/1858 1873/2126/1873
f 1873/2126/1873 1858/2110/1858 1874/2127/1874
f 1858/2110/1858 1859/2111/1859 1874/2127/1874
f 1874/2127/1874 1859/2111/1859 1875/2128/1875
f 1859/2111/1859 1860/2112/1860 1875/2128/1875
f 1875/2128/1875 1860/2112/1860 1876/2129/1876
f 1860/2112/1860 1861/2113/1861 1876/2129/1876
f 1876/2129/1876 1861/2113/1861 1877/2130/1877
f 1861/2113/1861 1862/2114/1862 1877/2130/1877
f 1877/2130/1877 1862/2114/1862 1878/2131/1878
f 1862/2114/1862 1863/2115/1863 1878/2131/1878
f 1878/2131/1878 1863/2115/1863 1879/2132/1879
f 1863/2115/1863 1864/2116/1864 1879/2132/1879
f 1879/2132/1879 1864/2116/1864 1880/2133/1880
f 1864/2116/1864 1865/2117/1865 1880/2133/1880
f 1880/2133/1880 1865/2117/1865 1881/2134/1881
f 1865/2117/1865 1866/2118/1866 1881/2134/1881
f 1881/2134/1881 1866/2118/1866 1882/2135/1882
f 1866/2118/1866 1851/2119/1851 1882/2135/1882
f 1882/2135/1882 1851/2119/1851 1867/2136/1867
f 1867/2120/1867 1868/2121/1868 1883/2137/1883
f 1883/2137/1883 1868/2121/1868 1884/2138/1884
f 1868/2121/1868 1869/2122/1869 1884/2138/1884
f 1884/2138/1884 1869/2122/1869 1885/2139/1885
f 1869/2122/1869 1870/2123/1870 1885/2139/1885
f 1885/2139/1885 1870/2123/1870 1886/2140/1886
f 1870/2123/1870 1871/2124/1871 1886/2140/1886
f 1886/2140/1886 1871/2124/1871 1887/2141/1887
f 1871/2124/1871 1872/2125/1872 1887/2141/1887
f 1887/2141/1887 1872/2125/1872 1888/2142/1888
f 1872/2125/1872 1873/2126/1873 1888/2142/1888
f 1888/2142/1888 1873/2126/1873 1889/2143/1889
f 1873/2126/1873 1874/2127/1874 1889/2143/1889
f 1889/2143/1889 1874/2127/1874 1890/2144/1890
f 1874/2127/1874 1875/2128/1875 1890/2144/1890
f 1890/2144/1890 1875/2128/1875 1891/2145/1891
f 1875/2128/1875 1876/2129/1876 1891/2145/1891
f 1891/2145/1891 1876/2129/1876 1892/2146/1892
f 1876/2129/1876 1877/2130/1877 1892/2146/1892
f 1892/2146/1892 1877/2130/1877 1893/2147/1893
f 1877/2130/1877 1878/2131/1878 1893/2147/1893
f 1893/2147/1893 1878/2131/1878 1894/2148/1894
f 1878/2131/1878 1879/2132/1879 1894/2148/1894
f 1894/2148/1894 1879/2132/1879 1895/2149/1895
f 1879/2132/1879 1880/2133/1880 1895/2149/1895
f 1895/2149/1895 1880/2133/1880 1896/2150/1896
f 1880/2133/1880 1881/2134/1881 1896/2150/1896
f 1896/2150/1896 1881/2134/1881 1897/2151/1897
f 1881/2134/1881 1882/2135/1882 1897/2151/1897
f 1897/2151/1897 1882/2135/1882 1898/2152/1898
f 1882/2135/1882 1867/2136/1867 1898/2152/1898
f 1898/2152/1898 1867/2136/1867 1883/2153/1883
f 1883/2137/1883 1884/2138/1884 1899/2154/1899
f 1899/2154/1899 1884/2138/1884 1900/2155/1900
f 1884/2138/1884 1885/2139/1885 1900/2155/1900
f 1900/2155/1900 1885/2139/1885 1901/2156/1901
f 1885/2139/1885 1886/2140/1886 1901/2156/1901
f 1901/2156/1901 1886/2140/1886 1902/2157/1902
f 1886/2140/1886 1887/2141/1887 1902/2157/1902
f 1902/2157/1902 1887/2141/1887 1903/2158/1903
f 1887/2141/1887 1888/2142/1888 1903/2158/1903
f 1903/2158/1903 1888/2142/1888 1904/2159/1904
f 1888/2142/1888 1889/2143/1889 1904/2159/1904
f 1904/2159/1904 1889/2143/1889 1905/2160/1905
f 1889/2143/1889 1890/2144/1890 1905/2160/1905
f 1905/2160/1905 1890/2144/1890 1906/2161/1906
f 1890/2144/1890 1891/2145/1891 1906/2161/1906
f 1906/2161/1906 1891/2145/1891 1907/2162/1907
f 1891/2145/1891 1892/2146/1892 1907/2162/1907
f 1907/2162/1907 1892/2146/1892 1908/2163/1908
f 1892/2146/1892 1893/2147/1893 1908/2163/1908
f 1908/2163/1908 1893/2147/1893 1909/2164/1909
f 1893/2147/1893 1894/2148/1894 1909/2164/1909
f 1909/2164/1909 1894/2148/1894 1910/2165/1910
f 1894/2148/1894 1895/2149/1895 1910/2165/1910
f 1910/2165/1910 1895/2149/1895 1911/2166/1911
f 1895/2149/1895 1896/2150/1896 1911/2166/1911
f 1911/2166/1911 1896/2150/1896 1912/2167/1912
f 1896/2150/1896 1897/2151/1897 1912/2167/1912
f 1912/2167/1912 1897/2151/1897 1913/2168/1913
f 1897/2151/1897 1898/2152/1898 1913/2168/1913
f 1913/2168/1913 1898/2152/1898 1914/2169/1914
f 1898/2152/1898 1883/2153/1883 1914/2169/1914
f 1914/2169/1914 1883/2153/1883 1899/2170/1899
f 1899/2154/1899 1900/2155/1900 1915/2171/1915
f 1915/2171/1915 1900/2155/1900 1916/2172/1916
f 1900/2155/1900 1901/2156/1901 1916/2172/1916
f 1916/2172/1916 1901/2156/1901 1917/2173/1917
f 1901/2156/1901 1902/2157/1902 1917/2173/1917
f 1917/2173/1917 1902/2157/1902 1918/2174/1918
f 1902/2157/1902 1903/2158/1903 1918/2174/1918
f 1918/2174/1918 1903/2158/1903 1919/2175/1919
f 1903/2158/1903 1904/2159/1904 1919/2175/1919
f 1919/2175/1919 1904/2159/1904 1920/2176/1920
f 1904/2159/1904 1905/2160/1905 1920/2176/1920
f 1920/2176/1920 1905/2160/1905 1921/2177/1921
f 1905/2160/1905 1906/2161/1906 1921/2177/1921
f 1921/2177/1921 1906/2161/1906 1922/2178/1922
f 1906/2161/1906 1907/2162/1907 1922/2178/1922
f 1922/2178/1922 1907/2162/1907 1923/2179/1923
f 1907/2162/1907 1908/2163/1908 1923/2179/1923
f 1923/2179/1923 1908/2163/1908 1924/2180/1924
f 1908/2163/1908 1909/2164/1909 1924/2180/1924
f 1924/2180/1924 1909/2164/1909 1925/2181/1925
f 1909/2164/1909 1910/2165/1910 1925/2181/1925
f 1925/2181/1925 1910/2165/1910 1926/2182/1926
f 1910/2165/1910 1911/2166/1911 1926/2182/1926
f 1926/2182/1926 1911/2166/1911 1927/2183/1927
f 1911/2166/1911 1912/2167/1912 1927/2183/1927
f 1927/2183/1927 1912/2167/1912 1928/2184/1928
f 1912/2167/1912 1913/2168/1913 1928/2184/1928
f 1928/2184/1928 1913/2168/1913 1929/2185/1929
f 1913/2168/1913 1914/2169/1914 1929/2185/1929
f 1929/2185/1929 1914/2169/1914 1930/2186/1930
f 1914/2169/1914 1899/2170/1899 1930/2186/1930
f 1930/2186/1930 1899/2170/1899 1915/2187/1915
f 1915/2171/1915 1916/2172/1916 1931/2188/1931
f 1931/2188/1931 1916/2172/1916 1932/2189/1932
f 1916/2172/1916 1917/2173/1917 1932/2189/1932
f 1932/2189/1932 1917/2173/1917 1933/2190/1933
f 1917/2173/1917 1918/2174/1918 1933/2190/1933
f 1933/2190/1933 1918/2174/1918 1934/2191/1934
f 1918/2174/1918 1919/2175/1919 1934/2191/1934
f 1934/2191/1934 1919/2175/1919 1935/2192/1935
f 1919/2175/1919 1920/2176/1920 1935/2192/1935
f 1935/2192/1935 1920/2176/1920 1936/2193/1936
f 1920/2176/1920 1921/2177/1921 1936/2193/1936
f 1936/2193/1936 1921/2177/1921 1937/2194/1937
f 1921/2177/1921 1922/2178/1922 1937/2194/1937
f 1937/2194/1937 1922/2178/1922 1938/2195/1938
f 1922/2178/1922 1923/2179/1923 1938/2195/1938
f 1938/2195/1938 1923/2179/1923 1939/2196/1939
f 1923/2179/1923 1924/2180/1924 1939/2196/1939
f 1939/2196/1939 1924/2180/1924 1940/2197/1940
f 1924/2180/1924 1925/2181/1925 1940/2197/1940
f 1940/2197/1940 1925/2181/1925 1941/2198/1941
f 1925/2181/1925 1926/2182/1926 1941/2198/1941
f 1941/2198/1941 1926/2182/1926 1942/2199/1942
f 1926/2182/1926 1927/2183/1927 1942/2199/1942
f 1942/2199/1942 1927/2183/1927 1943/2200/1943
f 1927/2183/1927 1928/2184/1928 1943/2200/1943
f 1943/2200/1943 1928/2184/1928 1944/2201/1944
f 1928/2184/1928 1929/2185/1929 1944/2201/1944
f 1944/2201/1944 1929/2185/1929 1945/2202/1945
f 1929/2185/1929 1930/2186/1930 1945/2202/1945
f 1945/2202/1945 1930/2186/1930 1946/2203/1946
f 1930/2186/1930 1915/2187/1915 1946/2203/1946
f 1946/2203/1946 1915/2187/1915 1931/2204/1931
f 1931/2188/1931 1932/2189/1932 1947/2205/1947
f 1947/2205/1947 1932/2189/1932 1948/2206/1948
f 1932/2189/1932 1933/2190/1933 1948/2206/1948
f 1948/2206/1948 1933/2190/1933 1949/2207/1949
f 1933/2190/1933 1934/2191/1934 1949/2207/1949
f 1949/2207/1949 1934/2191/1934 1950/2208/1950
f 1934/2191/1934 1935/2192/1935 1950/2208/1950
f 1950/2208/1950 1935/2192/1935 1951/2209/1951
f 1935/2192/1935 1936/2193/1936 1951/2209/1951
f 1951/2209/1951 1936/2193/1936 1952/2210/1952
f 1936/2193/1936 1937/2194/1937 1952/2210/1952
f 1952/2210/1952 1937/2194/1937 1953/2211/1953
f 1937/2194/1937 1938/2195/1938 1953/2211/1953
f 1953/2211/1953 1938/2195/1938 1954/2212/1954
f 1938/2195/1938 1939/2196/1939 1954/2212/1954
f 1954/2212/1954 1939/2196/1939 1955/2213/1955
f 1939/2196/1939 1940/2197/1940 1955/2213/1955
f 1955/2213/1955 1940/2197/1940 1956/2214/1956
f 1940/2197/1940 1941/2198/1941 1956/2214/1956
f 1956/2214/1956 1941/2198/1941 1957/2215/1957
f 1941/2198/1941 1942/2199/1942 1957/2215/1957
f 1957/2215/1957 1942/2199/1942 1958/2216/1958
f 1942/2199/1942 1943/2200/1943 1958/2216/1958
f 1958/2216/1958 1943/2200/1943 1959/2217/1959
f 1943/2200/1943 1944/2201/1944 1959/2217/1959
f 1959/2217/1959 1944/2201/1944 1960/2218/1960
f 1944/2201/1944 1945/2202/1945 1960/2218/1960
f 1960/2218/1960 1945/2202/1945 1961/2219/1961
f 1945/2202/1945 1946/2203/1946 1961/2219/1961
f 1961/2219/1961 1946/2203/1946 1962/2220/1962
f 1946/2203/1946 1931/2204/1931 1962/2220/1962
f 1962/2220/1962 1931/2204/1931 1947/2221/1947
f 1947/2205/1947 1948/2206/1948 1963/2222/1963
f 1963/2222/1963 1948/2206/1948 1964/2223/1964
f 1948/2206/1948 1949/2207/1949 1964/2223/1964
f 1964/2223/1964 1949/2207/1949 1965/2224/1965
f 1949/2207/1949 1950/2208/1950 1965/2224/1965
f 1965/2224/1965 1950/2208/1950 1966/2225/1966
f 1950/2208/1950 1951/2209/1951 1966/2225/1966
f 1966/2225/1966 1951/2209/1951 1967/2226/1967
f 1951/2209/1951 1952/2210/1952 1967/2226/1967
f 1967/2226/1967 1952/2210/1952 1968/2227/1968
f 1952/2210/1952 1953/2211/1953 1968/2227/1968
f 1968/2227/1968 1953/2211/1953 1969/2228/1969
f 1953/2211/1953 1954/2212/1954 1969/2228/1969
f 1969/2228/1969 1954/2212/1954 1970/2229/1970
f 1954/2212/1954 1955/2213/1955 1970/2229/1970
f 1970/2229/1970 1955/2213/1955 1971/2230/1971
f 1955/2213/1955 1956/2214/1956 1971/2230/1971
f 1971/2230/1971 1956/2214/1956 1972/2231/1972
f 1956/2214/1956 1957/2215/1957 1972/2231/1972
f 1972/2231/1972 1957/2215/1957 1973/2232/1973
f 1957/2215/1957 1958/2216/1958 1973/2232/1973
f 1973/2232/1973 1958/2216/1958 1974/2233/1974
f 1958/2216/1958 1959/2217/1959 1974/2233/1974
f 1974/2233/1974 1959/2217/1959 1975/2234/1975
f 1959/2217/1959 1960/2218/1960 1975/2234/1975
f 1975/2234/1975 1960/2218/1960 1976/2235/1976
f 1960/2218/1960 1961/2219/1961 1976/2235/1976
f 1976/2235/1976 1961/2219/1961 1977/2236/1977
f 1961/2219/1961 1962/2220/1962 1977/2236/1977
f 1977/2236/1977 1962/2220/1962 1978/2237/1978
f 1962/2220/1962 1947/2221/1947 1978/2237/1978
f 1978/2237/1978 1947/2221/1947 1963/2238/1963
f 1963/2222/1963 1964/2223/1964 1979/2239/1979
f 1979/2239/1979 1964/2223/1964 1980/2240/1980
f 1964/2223/1964 1965/2224/1965 1980/2240/1980
f 1980/2240/1980 1965/2224/1965 1981/2241/1981
f 1965/2224/1965 1966/2225/1966 1981/2241/1981
f 1981/2241/1981 1966/2225/1966 1982/2242/1982
f 1966/2225/1966 1967/2226/1967 1982/2242/1982
f 1982/2242/1982 1967/2226/1967 1983/2243/1983
f 1967/2226/1967 1968/2227/1968 1983/2243/1983
f 1983/2243/1983 1968/2227/1968 1984/2244/1984
f 1968/2227/1968 1969/2228/1969 1984/2244/1984
f 1984/2244/1984 1969/2228/1969 1985/2245/1985
f 1969/2228/1969 1970/2229/1970 1985/2245/1985
f 1985/2245/1985 1970/2229/1970 1986/2246/1986
f 1970/2229/1970 1971/2230/1971 1986/2246/1986
f 1986/2246/1986 1971/2230/1971 1987/2247/1987
f 1971/2230/1971 1972/2231/1972 1987/2247/1987
f 1987/2247/1987 1972/2231/1972 1988/2248/1988
f 1972/2231/1972 1973/2232/1973 1988/2248/1988
f 1988/2248/1988 1973/2232/1973 1989/2249/1989
f 1973/2232/1973 1974/2233/1974 1989/2249/1989
f 1989/2249/1989 1974/2233/1974 1990/2250/1990
f 1974/2233/1974 1975/2234/1975 1990/2250/1990
f 1990/2250/1990 1975/2234/1975 1991/2251/1991
f 1975/2234/1975 1976/2235/1976 1991/2251/1991
f 1991/2251/1991 1976/2235/1976 1992/2252/1992
f 1976/2235/1976 1977/2236/1977 1992/2252/1992
f 1992/2252/1992 1977/2236/1977 1993/2253/1993
f 1977/2236/1977 1978/2237/1978 1993/2253/1993
f 1993/2253/1993 1978/2237/1978 1994/2254/1994
f 1978/2237/1978 1963/2238/1963 1994/2254/1994
f 1994/2254/1994 1963/2238/1963 1979/2255/1979
f 1979/2239/1979 1980/2240/1980 1995/2256/1995
f 1995/2256/1995 1980/2240/1980 1996/2257/1996
f 1980/2240/1980 1981/2241/1981 1996/2257/1996
f 1996/2257/1996 1981/2241/1981 1997/2258/1997
f 1981/2241/1981 1982/2242/1982 1997/2258/1997
f 1997/2258/1997 1982/2242/1982 1998/2259/1998
f 1982/2242/1982 1983/2243/1983 1998/2259/1998
f 1998/2259/1998 1983/2243/1983 1999/2260/1999
f 1983/2243/1983 1984/2244/1984 1999/2260/1999
f 1999/2260/1999 1984/2244/1984 2000/2261/2000
f 1984/2244/1984 1985/2245/1985 2000/2261/2000
f 2000/2261/2000 1985/2245/1985 2001/2262/2001
f 1985/2245/1985 1986/2246/1986 2001/2262/2001
f 2001/2262/2001 1986/2246/1986 2002/2263/2002
f 1986/2246/1986 1987/2247/1987 2002/2263/2002
f 2002/2263/2002 1987/2247/1987 2003/2264/2003
f 1987/2247/1987 1988/2248/1988 2003/2264/2003
f 2003/2264/2003 1988/2248/1988 2004/2265/2004
f 1988/2248/1988 1989/2249/1989 2004/2265/2004
f 2004/2265/2004 1989/2249/1989 2005/2266/2005
f 1989/2249/1989 1990/2250/1990 2005/2266/2005
f 2005/2266/2005 1990/2250/1990 2006/2267/2006
f 1990/2250/1990 1991/2251/1991 2006/2267/2006
f 2006/2267/2006 1991/2251/1991 2007/2268/2007
f 1991/2251/1991 1992/2252/1992 2007/2268/2007
f 2007/2268/2007 1992/2252/1992 2008/2269/2008
f 1992/2252/1992 1993/2253/1993 2008/2269/2008
f 2008/2269/2008 1993/2253/1993 2009/2270/2009
f 1993/2253/1993 1994/2254/1994 2009/2270/2009
f 2009/2270/2009 1994/2254/1994 2010/2271/2010
f 1994/2254/1994 1979/2255/1979 2010/2271/2010
f 2010/2271/2010 1979/2255/1979 1995/2272/1995
f 1995/2256/1995 1996/2257/1996 2011/2273/2011
f 2011/2273/2011 1996/2257/1996 2012/2274/2012
f 1996/2257/1996 1997/2258/1997 2012/2274/2012
f 2012/2274/2012 1997/2258/1997 2013/2275/2013
f 1997/2258/1997 1998/2259/1998 2013/2275/2013
f 2013/2275/2013 1998/2259/1998 2014/2276/2014
f 1998/2259/1998 1999/2260/1999 2014/2276/2014
f 2014/2276/2014 1999/2260/1999 2015/2277/2015
f 1999/2260/1999 2000/2261/2000 2015/2277/2015
f 2015/2277/2015 2000/2261/2000 2016/2278/2016
f 2000/2261/2000 2001/2262/2001 2016/2278/2016
f 2016/2278/2016 2001/2262/2001 2017/2279/2017
f 2001/2262/2001 2002/2263/2002 2017/2279/2017
f 2017/2279/2017 2002/2263/2002 2018/2280/2018
f 2002/2263/2002 2003/2264/2003 2018/2280/2018
f 2018/2280/2018 2003/2264/2003 2019/2281/2019
f 2003/2264/2003 2004/2265/2004 2019/2281/2019
f 2019/2281/2019 2004/2265/2004 2020/2282/2020
f 2004/2265/2004 2005/2266/2005 2020/2282/2020
f 2020/2282/2020 2005/2266/2005 2021/2283/2021
f 2005/2266/2005 2006/2267/2006 2021/2283/2021
f 2021/2283/2021 2006/2267/2006 2022/2284/2022
f 2006/2267/2006 2007/2268/2007 2022/2284/2022
f 2022/2284/2022 2007/2268/2007 2023/2285/2023
f 2007/2268/2007 2008/2269/2008 2023/2285/2023
f 2023/2285/2023 2008/2269/2008 2024/2286/2024
f 2008/2269/2008 2009/2270/2009 2024/2286/2024
f 2024/2286/2024 2009/2270/2009 2025/2287/2025
f 2009/2270/2009 2010/2271/2010 2025/2287/2025
f 2025/2287/2025 2010/2271/2010 2026/2288/2026
f 2010/2271/2010 1995/2272/1995 2026/2288/2026
f 2026/2288/2026 1995/2272/1995 2011/2289/2011
f 1788/2036/1788 1787/2035/1787 2027/2290/2027
f 1789/2037/1791 1788/2036/1788 2027/2291/2027
f 1790/2038/1793 1789/2037/1791 2027/2292/2027
f 1791/2039/1795 1790/2038/1793 2027/2293/2027
f 1792/2040/1797 1791/2039/1795 2027/2294/2027
f 1793/2041/1799 1792/2040/1797 2027/2295/2027
f 1794/2042/1801 1793/2041/1799 2027/2296/2027
f 1795/2043/1803 1794/2042/1801 2027/2297/2027
f 1796/2044/1805 1795/2043/1803 2027/2298/2027
f 1797/2045/1807 1796/2044/1805 2027/2299/2027
f 1798/2046/1809 1797/2045/1807 2027/2300/2027
f 1799/2047/1811 1798/2046/1809 2027/2301/2027
f 1800/2048/1813 1799/2047/1811 2027/2302/2027
f 1801/2049/1815 1800/2048/1813 2027/2303/2027
f 1802/2050/1817 1801/2049/1815 2027/2304/2027
f 1787/2051/1787 1802/2050/1817 2027/2305/2027
f 2011/2273/2011 2012/2274/2012 2028/2306/2028
f 2012/2274/2012 2013/2275/2013 2028/2307/2028
f 2013/2275/2013 2014/2276/2014 2028/2308/2028
f 2014/2276/2014 2015/2277/2015 2028/2309/2028
f 2015/2277/2015 2016/2278/2016 2028/2310/2028
f 2016/2278/2016 2017/2279/2017 2028/2311/2028
f 2017/2279/2017 2018/2280/2018 2028/2312/2028
f 2018/2280/2018 2019/2281/2019 2028/2313/2028
f 2019/2281/2019 2020/2282/2020 2028/2314/2028
f 2020/2282/2020 2021/2283/2021 2028/2315/2028
f 2021/2283/2021 2022/2284/2022 2028/2316/2028
f 2022/2284/2022 2023/2285/2023 2028/2317/2028
f 2023/2285/2023 2024/2286/2024 2028/2318/2028
f 2024/2286/2024 2025/2287/2025 2028/2319/2028
f 2025/2287/2025 2026/2288/2026 2028/2320/2028
f 2026/2288/2026 2011/2289/2011 2028/2321/2028
s 2
f 2029/2322/2029 2045/2324/2030 2030/2323/2031
f 2045/2324/2030 2046/2325/2032 2030/2323/2031
f 2030/2323/2031 2046/2325/2032 2031/2326/2033
f 2046/2325/2032 2047/2327/2034 2031/2326/2033
f 2031/2326/2033 2047/2327/2034 2032/2328/2035
f 2047/2327/2034 2048/2329/2036 2032/2328/2035
f 2032/2328/2035 2048/2329/2036 2033/2330/2037
f 2048/2329/2036 2049/2331/2038 2033/2330/2037
f 2033/2330/2037 2049/2331/2038 2034/2332/2039
f 2049/2331/2038 2050/2333/2040 2034/2332/2039
f 2034/2332/2039 2050/2333/2040 2035/2334/2041
f 2050/2333/2040 2051/2335/2042 2035/2334/2041
f 2035/2334/2041 2051/2335/2042 2036/2336/2043
f 2051/2335/2042 2052/2337/2044 2036/2336/2043
f 2036/2336/2043 2052/2337/2044 2037/2338/2045
f 2052/2337/2044 2053/2339/2046 2037/2338/2045
f 2037/2338/2045 2053/2339/2046 2038/2340/2047
f 2053/2339/2046 2054/2341/2048 2038/2340/2047
f 2038/2340/2047 2054/2341/2048 2039/2342/2049
f 2054/2341/2048 2055/2343/2050 2039/2342/2049
f 2039/2342/2049 2055/2343/2050 2040/2344/2051
f 2055/2343/2050 2056/2345/2052 2040/2344/2051
f 2040/2344/2051 2056/2345/2052 2041/2346/2053
f 2056/2345/2052 2057/2347/2054 2041/2346/2053
f 2041/2346/2053 2057/2347/2054 2042/2348/2055
f 2057/2347/2054 2058/2349/2056 2042/2348/2055
f 2042/2348/2055 2058/2349/2056 2043/2350/2057
f 2058/2349/2056 2059/2351/2058 2043/2350/2057
f 2043/2350/2057 2059/2351/2058 2044/2352/2059
f 2059/2351/2058 2060/2353/2060 2044/2352/2059
f 2044/2352/2059 2060/2353/2060 2029/2354/2029
f 2060/2353/2060 2045/2355/2030 2029/2354/2029
f 2045/2324/2030 2061/2356/2061 2046/2325/2032
f 2061/2356/2061 2062/2357/2062 2046/2325/2032
f 2046/2325/2032 2062/2357/2062 2047/2327/2034
f 2062/2357/2062 2063/2358/2063 2047/2327/2034
f 2047/2327/2034 2063/2358/2063 2048/2329/2036
f 2063/2358/2063 2064/2359/2064 2048/2329/2036
f 2048/2329/2036 2064/2359/2064 2049/2331/2038
f 2064/2359/2064 2065/2360/2065 2049/2331/2038
f 2049/2331/2038 2065/2360/2065 2050/2333/2040
f 2065/2360/2065 2066/2361/2066 2050/2333/2040
f 2050/2333/2040 2066/2361/2066 2051/2335/2042
f 2066/2361/2066 2067/2362/2067 2051/2335/2042
f 2051/2335/2042 2067/2362/2067 2052/2337/2044
f 2067/2362/2067 2068/2363/2068 2052/2337/2044
f 2052/2337/2044 2068/2363/2068 2053/2339/2046
f 2068/2363/2068 2069/2364/2069 2053/2339/2046
f 2053/2339/2046 2069/2364/2069 2054/2341/2048
f 2069/2364/2069 2070/2365/2070 2054/2341/2048
f 2054/2341/2048 2070/2365/2070 2055/2343/2050
f 2070/2365/2070 2071/2366/2071 2055/2343/2050
f 2055/2343/2050 2071/2366/2071 2056/2345/2052
f 2071/2366/2071 2072/2367/2072 2056/2345/2052
f 2056/2345/2052 2072/2367/2072 2057/2347/2054
f 2072/2367/2072 2073/2368/2073 2057/2347/2054
f 2057/2347/2054 2073/2368/2073 2058/2349/2056
f 2073/2368/2073 2074/2369/2074 2058/2349/2056
f 2058/2349/2056 2074/2369/2074 2059/2351/2058
f 2074/2369/2074 2075/2370/2075 2059/2351/2058
f 2059/2351/2058 2075/2370/2075 2060/2353/2060
f 2075/2370/2075 2076/2371/2076 2060/2353/2060
f 2060/2353/2060 2076/2371/2076 2045/2355/2030
f 2076/2371/2076 2061/2372/2061 2045/2355/2030
f 2061/2356/2061 2077/2373/2077 2062/2357/2062
f 2077/2373/2077 2078/2374/2078 2062/2357/2062
f 2062/2357/2062 2078/2374/2078 2063/2358/2063
f 2078/2374/2078 2079/2375/2079 2063/2358/2063
f 2063/2358/2063 2079/2375/2079 2064/2359/2064
f 2079/2375/2079 2080/2376/2080 2064/2359/2064
f 2064/2359/2064 2080/2376/2080 2065/2360/2065
f 2080/2376/2080 2081/2377/2081 2065/2360/2065
f 2065/2360/2065 2081/2377/2081 2066/2361/2066
f 2081/2377/2081 2082/2378/2082 2066/2361/2066
f 2066/2361/2066 2082/2378/2082 2067/2362/2067
f 2082/2378/2082 2083/2379/2083 2067/2362/2067
f 2067/2362/2067 2083/2379/2083 2068/2363/2068
f 2083/2379/2083 2084/2380/2084 2068/2363/2068
f 2068/2363/2068 2084/2380/2084 2069/2364/2069
f 2084/2380/2084 2085/2381/2085 2069/2364/2069
f 2069/2364/2069 2085/2381/2085 2070/2365/2070
f 2085/2381/2085 2086/2382/2086 2070/2365/2070
f 2070/2365/2070 2086/2382/2086 2071/2366/2071
f 2086/2382/2086 2087/2383/2087 2071/2366/2071
f 2071/2366/2071 2087/2383/2087 2072/2367/2072
f 2087/2383/2087 2088/2384/2088 2072/2367/2072
f 2072/2367/2072 2088/2384/2088 2073/2368/2073
f 2088/2384/2088 2089/2385/2089 2073/2368/2073
f 2073/2368/2073 2089/2385/2089 2074/2369/2074
f 2089/2385/2089 2090/2386/2090 2074/2369/2074
f 2074/2369/2074 2090/2386/2090 2075/2370/2075
f 2090/2386/2090 2091/2387/2091 2075/2370/2075
f 2075/2370/2075 2091/2387/2091 2076/2371/2076
f 2091/2387/2091 2092/2388/2092 2076/2371/2076
f 2076/2371/2076 2092/2388/2092 2061/2372/2061
f 2092/2388/2092 2077/2389/2077 2061/2372/2061
f 2077/2373/2077 2093/2390/2093 2078/2374/2078
f 2093/2390/2093 2094/2391/2094 2078/2374/2078
f 2078/2374/2078 2094/2391/2094 2079/2375/2079
f 2094/2391/2094 2095/2392/2095 2079/2375/2079
f 2079/2375/2079 2095/2392/2095 2080/2376/2080
f 2095/2392/2095 2096/2393/2096 2080/2376/2080
f 2080/2376/2080 2096/2393/2096 2081/2377/2081
f 2096/2393/2096 2097/2394/2097 2081/2377/2081
f 2081/2377/2081 2097/2394/2097 2082/2378/2082
f 2097/2394/2097 2098/2395/2098 2082/2378/2082
f 2082/2378/2082 2098/2395/2098 2083/2379/2083
f 2098/2395/2098 2099/2396/2099 2083/2379/2083
f 2083/2379/2083 2099/2396/2099 2084/2380/2084
f 2099/2396/2099 2100/2397/2100 2084/2380/2084
f 2084/2380/2084 2100/2397/2100 2085/2381/2085
f 2100/2397/2100 2101/2398/2101 2085/2381/2085
f 2085/2381/2085 2101/2398/2101 2086/2382/2086
f 2101/2398/2101 2102/2399/2102 2086/2382/2086
f 2086/2382/2086 2102/2399/2102 2087/2383/2087
f 2102/2399/2102 2103/2400/2103 2087/2383/2087
f 2087/2383/2087 2103/2400/2103 2088/2384/2088
f 2103/2400/2103 2104/2401/2104 2088/2384/2088
f 2088/2384/2088 2104/2401/2104 2089/2385/2089
f 2104/2401/2104 2105/2402/2105 2089/2385/2089
f 2089/2385/2089 2105/2402/2105 2090/2386/2090
f 2105/2402/2105 2106/2403/2106 2090/2386/2090
f 2090/2386/2090 2106/2403/2106 2091/2387/2091
f 2106/2403/2106 2107/2404/2107 2091/2387/2091
f 2091/2387/2091 2107/2404/2107 2092/2388/2092
f 2107/2404/2107 2108/2405/2108 2092/2388/2092
f 2092/2388/2092 2108/2405/2108 2077/2389/2077
f 2108/2405/2108 2093/2406/2093 2077/2389/2077
f 2093/2390/2093 2109/2407/2109 2094/2391/2094
f 2109/2407/2109 2110/2408/2110 2094/2391/2094
f 2094/2391/2094 2110/2408/2110 2095/2392/2095
f 2110/2408/2110 2111/2409/2111 2095/2392/2095
f 2095/2392/2095 2111/2409/2111 2096/2393/2096
f 2111/2409/2111 2112/2410/2112 2096/2393/2096
f 2096/2393/2096 2112/2410/2112 2097/2394/2097
f 2112/2410/2112 2113/2411/2113 2097/2394/2097
f 2097/2394/2097 2113/2411/2113 2098/2395/2098
f 2113/2411/2113 2114/2412/2114 2098/2395/2098
f 2098/2395/2098 2114/2412/2114 2099/2396/2099
f 2114/2412/2114 2115/2413/2115 2099/2396/2099
f 2099/2396/2099 2115/2413/2115 2100/2397/2100
f 2115/2413/2115 2116/2414/2116 2100/2397/2100
f 2100/2397/2100 2116/2414/2116 2101/2398/2101
f 2116/2414/2116 2117/2415/2117 2101/2398/2101
f 2101/2398/2101 2117/2415/2117 2102/2399/2102
f 2117/2415/2117 2118/2416/2118 2102/2399/2102
f 2102/2399/2102 2118/2416/2118 2103/2400/2103
f 2118/2416/2118 2119/2417/2119 2103/2400/2103
f 2103/2400/2103 2119/2417/2119 2104/2401/2104
f 2119/2417/2119 2120/2418/2120 2104/2401/2104
f 2104/2401/2104 2120/2418/2120 2105/2402/2105
f 2120/2418/2120 2121/2419/2121 2105/2402/2105
f 2105/2402/2105 2121/2419/2121 2106/2403/2106
f 2121/2419/2121 2122/2420/2122 2106/2403/2106
f 2106/2403/2106 2122/2420/2122 2107/2404/2107
f 2122/2420/2122 2123/2421/2123 2107/2404/2107
f 2107/2404/2107 2123/2421/2123 2108/2405/2108
f 2123/2421/2123 2124/2422/2124 2108/2405/2108
f 2108/2405/2108 2124/2422/2124 2093/2406/2093
f 2124/2422/2124 2109/2423/2109 2093/2406/2093
f 2109/2407/2109 2125/2424/2125 2110/2408/2110
f 2125/2424/2125 2126/2425/2126 2110/2408/2110
f 2110/2408/2110 2126/2425/2126 2111/2409/2111
f 2126/2425/2126 2127/2426/2127 2111/2409/2111
f 2111/2409/2111 2127/2426/2127 2112/2410/2112
f 2127/2426/2127 2128/2427/2128 2112/2410/2112
f 2112/2410/2112 2128/2427/2128 2113/2411/2113
f 2128/2427/2128 2129/2428/2129 2113/2411/2113
f 2113/2411/2113 2129/2428/2129 2114/2412/2114
f 2129/2428/2129 2130/2429/2130 2114/2412/2114
f 2114/2412/2114 2130/2429/2130 2115/2413/2115
f 2130/2429/2130 2131/2430/2131 2115/2413/2115
f 2115/2413/2115 2131/2430/2131 2116/2414/2116
f 2131/2430/2131 2132/2431/2132 2116/2414/2116
f 2116/2414/2116 2132/2431/2132 2117/2415/2117
f 2132/2431/2132 2133/2432/2133 2117/2415/2117
f 2117/2415/2117 2133/2432/2133 2118/2416/2118
f 2133/2432/2133 2134/2433/2134 2118/2416/2118
f 2118/2416/2118 2134/2433/2134 2119/2417/2119
f 2134/2433/2134 2135/2434/2135 2119/2417/2119
f 2119/2417/2119 2135/2434/2135 2120/2418/2120
f 2135/2434/2135 2136/2435/2136 2120/2418/2120
f 2120/2418/2120 2136/2435/2136 2121/2419/2121
f 2136/2435/2136 2137/2436/2137 2121/2419/2121
f 2121/2419/2121 2137/2436/2137 2122/2420/2122
f 2137/2436/2137 2138/2437/2138 2122/2420/2122
f 2122/2420/2122 2138/2437/2138 2123/2421/2123
f 2138/2437/2138 2139/2438/2139 2123/2421/2123
f 2123/2421/2123 2139/2438/2139 2124/2422/2124
f 2139/2438/2139 2140/2439/2140 2124/2422/2124
f 2124/2422/2124 2140/2439/2140 2109/2423/2109
f 2140/2439/2140 2125/2440/2125 2109/2423/2109
f 2125/2424/2125 2141/2441/2141 2126/2425/2126
f 2141/2441/2141 2142/2442/2142 2126/2425/2126
f 2126/2425/2126 2142/2442/2142 2127/2426/2127
f 2142/2442/2142 2143/2443/2143 2127/2426/2127
f 2127/2426/2127 2143/2443/2143 2128/2427/2128
f 2143/2443/2143 2144/2444/2144 2128/2427/2128
f 2128/2427/2128 2144/2444/2144 2129/2428/2129
f 2144/2444/2144 2145/2445/2145 2129/2428/2129
f 2129/2428/2129 2145/2445/2145 2130/2429/2130
f 2145/2445/2145 2146/2446/2146 2130/2429/2130
f 2130/2429/2130 2146/2446/2146 2131/2430/2131
f 2146/2446/2146 2147/2447/2147 2131/2430/2131
f 2131/2430/2131 2147/2447/2147 2132/2431/2132
f 2147/2447/2147 2148/2448/2148 2132/2431/2132
f 2132/2431/2132 2148/2448/2148 2133/2432/2133
f 2148/2448/2148 2149/2449/2149 2133/2432/2133
f 2133/2432/2133 2149/2449/2149 2134/2433/2134
f 2149/2449/2149 2150/2450/2150 2134/2433/2134
f 2134/2433/2134 2150/2450/2150 2135/2434/2135
f 2150/2450/2150 2151/2451/2151 2135/2434/2135
f 2135/2434/2135 2151/2451/2151 2136/2435/2136
f 2151/2451/2151 2152/2452/2152 2136/2435/2136
f 2136/2435/2136 2152/2452/2152 2137/2436/2137
f 2152/2452/2152 2153/2453/2153 2137/2436/2137
f 2137/2436/2137 2153/2453/2153 2138/2437/2138
f 2153/2453/2153 2154/2454/2154 2138/2437/2138
f 2138/2437/2138 2154/2454/2154 2139/2438/2139
f 2154/2454/2154 2155/2455/2155 2139/2438/2139
f 2139/2438/2139 2155/2455/2155 2140/2439/2140
f 2155/2455/2155 2156/2456/2156 2140/2439/2140
f 2140/2439/2140 2156/2456/2156 2125/2440/2125
f 2156/2456/2156 2141/2457/2141 2125/2440/2125
f 2141/2441/2141 2157/2458/2157 2142/2442/2142
f 2157/2458/2157 2158/2459/2158 2142/2442/2142
f 2142/2442/2142 2158/2459/2158 2143/2443/2143
f 2158/2459/2158 2159/2460/2159 2143/2443/2143
f 2143/2443/2143 2159/2460/2159 2144/2444/2144
f 2159/2460/2159 2160/2461/2160 2144/2444/2144
f 2144/2444/2144 2160/2461/2160 2145/2445/2145
f 2160/2461/2160 2161/2462/2161 2145/2445/2145
f 2145/2445/2145 2161/2462/2161 2146/2446/2146
f 2161/2462/2161 2162/2463/2162 2146/2446/2146
f 2146/2446/2146 2162/2463/2162 2147/2447/2147
f 2162/2463/2162 2163/2464/2163 2147/2447/2147
f 2147/2447/2147 2163/2464/2163 2148/2448/2148
f 2163/2464/2163 2164/2465/2164 2148/2448/2148
f 2148/2448/2148 2164/2465/2164 2149/2449/2149
f 2164/2465/2164 2165/2466/2165 2149/2449/2149
f 2149/2449/2149 2165/2466/2165 2150/2450/2150
f 2165/2466/2165 2166/2467/2166 2150/2450/2150
f 2150/2450/2150 2166/2467/2166 2151/2451/2151
f 2166/2467/2166 2167/2468/2167 2151/2451/2151
f 2151/2451/2151 2167/2468/2167 2152/2452/2152
f 2167/2468/2167 2168/2469/2168 2152/2452/2152
f 2152/2452/2152 2168/2469/2168 2153/2453/2153
f 2168/2469/2168 2169/2470/2169 2153/2453/2153
f 2153/2453/2153 2169/2470/2169 2154/2454/2154
f 2169/2470/2169 2170/2471/2170 2154/2454/2154
f 2154/2454/2154 2170/2471/2170 2155/2455/2155
f 2170/2471/2170 2171/2472/2171 2155/2455/2155
f 2155/2455/2155 2171/2472/2171 2156/2456/2156
f 2171/2472/2171 2172/2473/2172 2156/2456/2156
f 2156/2456/2156 2172/2473/2172 2141/2457/2141
f 2172/2473/2172 2157/2474/2157 2141/2457/2141
f 2157/2458/2157 2173/2475/2173 2158/2459/2158
f 2173/2475/2173 2174/2476/2174 2158/2459/2158
f 2158/2459/2158 2174/2476/2174 2159/2460/2159
f 2174/2476/2174 2175/2477/2175 2159/2460/2159
f 2159/2460/2159 2175/2477/2175 2160/2461/2160
f 2175/2477/2175 2176/2478/2176 2160/2461/2160
f 2160/2461/2160 2176/2478/2176 2161/2462/2161
f 2176/2478/2176 2177/2479/2177 2161/2462/2161
f 2161/2462/2161 2177/2479/2177 2162/2463/2162
f 2177/2479/2177 2178/2480/2178 2162/2463/2162
f 2162/2463/2162 2178/2480/2178 2163/2464/2163
f 2178/2480/2178 2179/2481/2179 2163/2464/2163
f 2163/2464/2163 2179/2481/2179 2164/2465/2164
f 2179/2481/2179 2180/2482/2180 2164/2465/2164
f 2164/2465/2164 2180/2482/2180 2165/2466/2165
f 2180/2482/2180 2181/2483/2181 2165/2466/2165
f 2165/2466/2165 2181/2483/2181 2166/2467/2166
f 2181/2483/2181 2182/2484/2182 2166/2467/2166
f 2166/2467/2166 2182/2484/2182 2167/2468/2167
f 2182/2484/2182 2183/2485/2183 2167/2468/2167
f 2167/2468/2167 2183/2485/2183 2168/2469/2168
f 2183/2485/2183 2184/2486/2184 2168/2469/2168
f 2168/2469/2168 2184/2486/2184 2169/2470/2169
f 2184/2486/2184 2185/2487/2185 2169/2470/2169
f 2169/2470/2169 2185/2487/2185 2170/2471/2170
f 2185/2487/2185 2186/2488/2186 2170/2471/2170
f 2170/2471/2170 2186/2488/2186 2171/2472/2171
f 2186/2488/2186 2187/2489/2187 2171/2472/2171
f 2171/2472/2171 2187/2489/2187 2172/2473/2172
f 2187/2489/2187 2188/2490/2188 2172/2473/2172
f 2172/2473/2172 2188/2490/2188 2157/2474/2157
f 2188/2490/2188 2173/2491/2173 2157/2474/2157
f 2173/2475/2173 2189/2492/2189 2174/2476/2174
f 2189/2492/2189 2190/2493/2190 2174/2476/2174
f 2174/2476/2174 2190/2493/2190 2175/2477/2175
f 2190/2493/2190 2191/2494/2191 2175/2477/2175
f 2175/2477/2175 2191/2494/2191 2176/2478/2176
f 2191/2494/2191 2192/2495/2192 2176/2478/2176
f 2176/2478/2176 2192/2495/2192 2177/2479/2177
f 2192/2495/2192 2193/2496/2193 2177/2479/2177
f 2177/2479/2177 2193/2496/2193 2178/2480/2178
f 2193/2496/2193 2194/2497/2194 2178/2480/2178
f 2178/2480/2178 2194/2497/2194 2179/2481/2179
f 2194/2497/2194 2195/2498/2195 2179/2481/2179
f 2179/2481/2179 2195/2498/2195 2180/2482/2180
f 2195/2498/2195 2196/2499/2196 2180/2482/2180
f 2180/2482/2180 2196/2499/2196 2181/2483/2181
f 2196/2499/2196 2197/2500/2197 2181/2483/2181
f 2181/2483/2181 2197/2500/2197 2182/2484/2182
f 2197/2500/2197 2198/2501/2198 2182/2484/2182
f 2182/2484/2182 2198/2501/2198 2183/2485/2183
f 2198/2501/2198 2199/2502/2199 2183/2485/2183
f 2183/2485/2183 2199/2502/2199 2184/2486/2184
f 2199/2502/2199 2200/2503/2200 2184/2486/2184
f 2184/2486/2184 2200/2503/2200 2185/2487/2185
f 2200/2503/2200 2201/2504/2201 2185/2487/2185
f 2185/2487/2185 2201/2504/2201 2186/2488/2186
f 2201/2504/2201 2202/2505/2202 2186/2488/2186
f 2186/2488/2186 2202/2505/2202 2187/2489/2187
f 2202/2505/2202 2203/2506/2203 2187/2489/2187
f 2187/2489/2187 2203/2506/2203 2188/2490/2188
f 2203/2506/2203 2204/2507/2204 2188/2490/2188
f 2188/2490/2188 2204/2507/2204 2173/2491/2173
f 2204/2507/2204 2189/2508/2189 2173/2491/2173
f 2189/2492/2189 2205/2509/2205 2190/2493/2190
f 2205/2509/2205 2206/2510/2206 2190/2493/2190
f 2190/2493/2190 2206/2510/2206 2191/2494/2191
f 2206/2510/2206 2207/2511/2207 2191/2494/2191
f 2191/2494/2191 2207/2511/2207 2192/2495/2192
f 2207/2511/2207 2208/2512/2208 2192/2495/2192
f 2192/2495/2192 2208/2512/2208 2193/2496/2193
f 2208/2512/2208 2209/2513/2209 2193/2496/2193
f 2193/2496/2193 2209/2513/2209 2194/2497/2194
f 2209/2513/2209 2210/2514/2210 2194/2497/2194
f 2194/2497/2194 2210/2514/2210 2195/2498/2195
f 2210/2514/2210 2211/2515/2211 2195/2498/2195
f 2195/2498/2195 2211/2515/2211 2196/2499/2196
f 2211/2515/2211 2212/2516/2212 2196/2499/2196
f 2196/2499/2196 2212/2516/2212 2197/2500/2197
f 2212/2516/2212 2213/2517/2213 2197/2500/2197
f 2197/2500/2197 2213/2517/2213 2198/2501/2198
f 2213/2517/2213 2214/2518/2214 2198/2501/2198
f 2198/2501/2198 2214/2518/2214 2199/2502/2199
f 2214/2518/2214 2215/2519/2215 2199/2502/2199
f 2199/2502/2199 2215/2519/2215 2200/2503/2200
f 2215/2519/2215 2216/2520/2216 2200/2503/2200
f 2200/2503/2200 2216/2520/2216 2201/2504/2201
f 2216/2520/2216 2217/2521/2217 2201/2504/2201
f 2201/2504/2201 2217/2521/2217 2202/2505/2202
f 2217/2521/2217 2218/2522/2218 2202/2505/2202
f 2202/2505/2202 2218/2522/2218 2203/2506/2203
f 2218/2522/2218 2219/2523/2219 2203/2506/2203
f 2203/2506/2203 2219/2523/2219 2204/2507/2204
f 2219/2523/2219 2220/2524/2220 2204/2507/2204
f 2204/2507/2204 2220/2524/2220 2189/2508/2189
f 2220/2524/2220 2205/2525/2205 2189/2508/2189
f 2205/2509/2205 2221/2526/2221 2206/2510/2206
f 2221/2526/2221 2222/2527/2222 2206/2510/2206
f 2206/2510/2206 2222/2527/2222 2207/2511/2207
f 2222/2527/2222 2223/2528/2223 2207/2511/2207
f 2207/2511/2207 2223/2528/2223 2208/2512/2208
f 2223/2528/2223 2224/2529/2224 2208/2512/2208
f 2208/2512/2208 2224/2529/2224 2209/2513/2209
f 2224/2529/2224 2225/2530/2225 2209/2513/2209
f 2209/2513/2209 2225/2530/2225 2210/2514/2210
f 2225/2530/2225 2226/2531/2226 2210/2514/2210
f 2210/2514/2210 2226/2531/2226 2211/2515/2211
f 2226/2531/2226 2227/2532/2227 2211/2515/2211
f 2211/2515/2211 2227/2532/2227 2212/2516/2212
f 2227/2532/2227 2228/2533/2228 2212/2516/2212
f 2212/2516/2212 2228/2533/2228 2213/2517/2213
f 2228/2533/2228 2229/2534/2229 2213/2517/2213
f 2213/2517/2213 2229/2534/2229 2214/2518/2214
f 2229/2534/2229 2230/2535/2230 2214/2518/2214
f 2214/2518/2214 2230/2535/2230 2215/2519/2215
f 2230/2535/2230 2231/2536/2231 2215/2519/2215
f 2215/2519/2215 2231/2536/2231 2216/2520/2216
f 2231/2536/2231 2232/2537/2232 2216/2520/2216
f 2216/2520/2216 2232/2537/2232 2217/2521/2217
f 2232/2537/2232 2233/2538/2233 2217/2521/2217
f 2217/2521/2217 2233/2538/2233 2218/2522/2218
f 2233/2538/2233 2234/2539/2234 2218/2522/2218
f 2218/2522/2218 2234/2539/2234 2219/2523/2219
f 2234/2539/2234 2235/2540/2235 2219/2523/2219
f 2219/2523/2219 2235/2540/2235 2220/2524/2220
f 2235/2540/2235 2236/2541/2236 2220/2524/2220
f 2220/2524/2220 2236/2541/2236 2205/2525/2205
f 2236/2541/2236 2221/2542/2221 2205/2525/2205
f 2221/2526/2221 2237/2543/2237 2222/2527/2222
f 2237/2543/2237 2238/2544/2238 2222/2527/2222
f 2222/2527/2222 2238/2544/2238 2223/2528/2223
f 2238/2544/2238 2239/2545/2239 2223/2528/2223
f 2223/2528/2223 2239/2545/2239 2224/2529/2224
f 2239/2545/2239 2240/2546/2240 2224/2529/2224
f 2224/2529/2224 2240/2546/2240 2225/2530/2225
f 2240/2546/2240 2241/2547/2241 2225/2530/2225
f 2225/2530/2225 2241/2547/2241 2226/2531/2226
f 2241/2547/2241 2242/2548/2242 2226/2531/2226
f 2226/2531/2226 2242/2548/2242 2227/2532/2227
f 2242/2548/2242 2243/2549/2243 2227/2532/2227
f 2227/2532/2227 2243/2549/2243 2228/2533/2228
f 2243/2549/2243 2244/2550/2244 2228/2533/2228
f 2228/2533/2228 2244/2550/2244 2229/2534/2229
f 2244/2550/2244 2245/2551/2245 2229/2534/2229
f 2229/2534/2229 2245/2551/2245 2230/2535/2230
f 2245/2551/2245 2246/2552/2246 2230/2535/2230
f 2230/2535/2230 2246/2552/2246 2231/2536/2231
f 2246/2552/2246 2247/2553/2247 2231/2536/2231
f 2231/2536/2231 2247/2553/2247 2232/2537/2232
f 2247/2553/2247 2248/2554/2248 2232/2537/2232
f 2232/2537/2232 2248/2554/2248 2233/2538/2233
f 2248/2554/2248 2249/2555/2249 2233/2538/2233
f 2233/2538/2233 2249/2555/2249 2234/2539/2234
f 2249/2555/2249 2250/2556/2250 2234/2539/2234
f 2234/2539/2234 2250/2556/2250 2235/2540/2235
f 2250/2556/2250 2251/2557/2251 2235/2540/2235
f 2235/2540/2235 2251/2557/2251 2236/2541/2236
f 2251/2557/2251 2252/2558/2252 2236/2541/2236
f 2236/2541/2236 2252/2558/2252 2221/2542/2221
f 2252/2558/2252 2237/2559/2237 2221/2542/2221
f 2237/2543/2237 2253/2560/2253 2238/2544/2238
f 2253/2560/2253 2254/2561/2254 2238/2544/2238
f 2238/2544/2238 2254/2561/2254 2239/2545/2239
f 2254/2561/2254 2255/2562/2255 2239/2545/2239
f 2239/2545/2239 2255/2562/2255 2240/2546/2240
f 2255/2562/2255 2256/2563/2256 2240/2546/2240
f 2240/2546/2240 2256/2563/2256 2241/2547/2241
f 2256/2563/2256 2257/2564/2257 2241/2547/2241
f 2241/2547/2241 2257/2564/2257 2242/2548/2242
f 2257/2564/2257 2258/2565/2258 2242/2548/2242
f 2242/2548/2242 2258/2565/2258 2243/2549/2243
f 2258/2565/2258 2259/2566/2259 2243/2549/2243
f 2243/2549/2243 2259/2566/2259 2244/2550/2244
f 2259/2566/2259 2260/2567/2260 2244/2550/2244
f 2244/2550/2244 2260/2567/2260 2245/2551/2245
f 2260/2567/2260 2261/2568/2261 2245/2551/2245
f 2245/2551/2245 2261/2568/2261 2246/2552/2246
f 2261/2568/2261 2262/2569/2262 2246/2552/2246
f 2246/2552/2246 2262/2569/2262 2247/2553/2247
f 2262/2569/2262 2263/2570/2263 2247/2553/2247
f 2247/2553/2247 2263/2570/2263 2248/2554/2248
f 2263/2570/2263 2264/2571/2264 2248/2554/2248
f 2248/2554/2248 2264/2571/2264 2249/2555/2249
f 2264/2571/2264 2265/2572/2265 2249/2555/2249
f 2249/2555/2249 2265/2572/2265 2250/2556/2250
f 2265/2572/2265 2266/2573/2266 2250/2556/2250
f 2250/2556/2250 2266/2573/2266 2251/2557/2251
f 2266/2573/2266 2267/2574/2267 2251/2557/2251
f 2251/2557/2251 2267/2574/2267 2252/2558/2252
f 2267/2574/2267 2268/2575/2268 2252/2558/2252
f 2252/2558/2252 2268/2575/2268 2237/2559/2237
f 2268/2575/2268 2253/2576/2253 2237/2559/2237
f 2030/2323/2031 2269/2577/2269 2029/2322/2029
f 2031/2326/2033 2269/2578/2269 2030/2323/2031
f 2032/2328/2035 2269/2579/2269 2031/2326/2033
f 2033/2330/2037 2269/2580/2269 2032/2328/2035
f 2034/2332/2039 2269/2581/2269 2033/2330/2037
f 2035/2334/2041 2269/2582/2269 2034/2332/2039
f 2036/2336/2043 2269/2583/2269 2035/2334/2041
f 2037/2338/2045 2269/2584/2269 2036/2336/2043
f 2038/2340/2047 2269/2585/2269 2037/2338/2045
f 2039/2342/2049 2269/2586/2269 2038/2340/2047
f 2040/2344/2051 2269/2587/2269 2039/2342/2049
f 2041/2346/2053 2269/2588/2269 2040/2344/2051
f 2042/2348/2055 2269/2589/2269 2041/2346/2053
f 2043/2350/2057 2269/2590/2269 2042/2348/2055
f 2044/2352/2059 2269/2591/2269 2043/2350/2057
f 2029/2354/2029 2269/2592/2269 2044/2352/2059
f 2253/2560/2253 2270/2593/2270 2254/2561/2254
f 2254/2561/2254 2270/2594/2270 2255/2562/2255
f 2255/2562/2255 2270/2595/2270 2256/2563/2256
f 2256/2563/2256 2270/2596/2270 2257/2564/2257
f 2257/2564/2257 2270/2597/2270 2258/2565/2258
f 2258/2565/2258 2270/2598/2270 2259/2566/2259
f 2259/2566/2259 2270/2599/2270 2260/2567/2260
f 2260/2567/2260 2270/2600/2270 2261/2568/2261
f 2261/2568/2261 2270/2601/2270 2262/2569/2262
f 2262/2569/2262 2270/2602/2270 2263/2570/2263
f 2263/2570/2263 2270/2603/2270 2264/2571/2264
f 2264/2571/2264 2270/2604/2270 2265/2572/2265
f 2265/2572/2265 2270/2605/2270 2266/2573/2266
f 2266/2573/2266 2270/2606/2270 2267/2574/2267
f 2267/2574/2267 2270/2607/2270 2268/2575/2268
f 2268/2575/2268 2270/2608/2270 2253/2576/2253
g default
v 0.202879 0.210140 0.331985
v 0.201151 0.209906 0.331417
v 0.198929 0.209774 0.331409
v 0.196433 0.209756 0.331962
v 0.193907 0.209855 0.333021
v 0.191596 0.210060 0.334483
v 0.189729 0.210351 0.336204
v 0.188486 0.210700 0.338017
v 0.187992 0.211072 0.339743
v 0.188292 0.211432 0.341214
v 0.189359 0.211744 0.342286
v 0.191087 0.211978 0.342854
v 0.193308 0.212110 0.342862
v 0.195805 0.212128 0.342310
v 0.198331 0.212029 0.341251
v 0.200642 0.211825 0.339789
v 0.202509 0.211534 0.338067
v 0.203751 0.211185 0.336255
v 0.204246 0.210812 0.334528
v 0.203946 0.210452 0.333057
v 0.209336 0.211680 0.326421
v 0.205922 0.211219 0.325299
v 0.201535 0.210958 0.325283
v 0.196604 0.210923 0.326375
v 0.191612 0.211117 0.328467
v 0.187049 0.211521 0.331354
v 0.183359 0.212096 0.334755
v 0.180906 0.212786 0.338336
v 0.179928 0.213522 0.341746
v 0.180522 0.214233 0.344652
v 0.182629 0.214850 0.346770
v 0.186044 0.215311 0.347891
v 0.190431 0.215572 0.347907
v 0.195362 0.215607 0.346816
v 0.200353 0.215413 0.344724
v 0.204917 0.215008 0.341836
v 0.208606 0.214433 0.338436
v 0.211060 0.213744 0.334855
v 0.212037 0.213008 0.331445
v 0.211444 0.212297 0.328538
v 0.215378 0.214744 0.320762
v 0.210362 0.214067 0.319114
v 0.203916 0.213684 0.319090
v 0.196672 0.213632 0.320694
v 0.189339 0.213917 0.323767
v 0.182634 0.214511 0.328009
v 0.177214 0.215356 0.333005
v 0.173609 0.216369 0.338266
v 0.172173 0.217450 0.343276
v 0.173045 0.218495 0.347546
v 0.176141 0.219401 0.350657
v 0.181157 0.220078 0.352305
v 0.187603 0.220461 0.352328
v 0.194847 0.220513 0.350725
v 0.202180 0.220228 0.347651
v 0.208885 0.219634 0.343409
v 0.214305 0.218789 0.338413
v 0.217910 0.217776 0.333153
v 0.219346 0.216695 0.328142
v 0.218474 0.215650 0.323873
v 0.220855 0.219257 0.315147
v 0.214360 0.218380 0.313013
v 0.206015 0.217884 0.312983
v 0.196636 0.217817 0.315059
v 0.187142 0.218186 0.319038
v 0.178461 0.218955 0.324530
v 0.171443 0.220049 0.330999
v 0.166777 0.221360 0.337810
v 0.164917 0.222761 0.344297
v 0.166046 0.224113 0.349825
v 0.170055 0.225286 0.353852
v 0.176549 0.226163 0.355986
v 0.184894 0.226659 0.356016
v 0.194273 0.226726 0.353940
v 0.203768 0.226357 0.349961
v 0.212449 0.225588 0.344469
v 0.219466 0.224494 0.338000
v 0.224133 0.223182 0.331189
v 0.225993 0.221782 0.324702
v 0.224863 0.220430 0.319174
v 0.225632 0.225107 0.309714
v 0.217819 0.224052 0.307148
v 0.207780 0.223455 0.307111
v 0.196497 0.223375 0.309609
v 0.185075 0.223819 0.314395
v 0.174632 0.224744 0.321003
v 0.166190 0.226060 0.328784
v 0.160576 0.227637 0.336978
v 0.158339 0.229322 0.344782
v 0.159698 0.230949 0.351432
v 0.164520 0.232359 0.356277
v 0.172333 0.233415 0.358844
v 0.182372 0.234012 0.358880
v 0.193655 0.234092 0.356383
v 0.205077 0.233648 0.351596
v 0.215520 0.232723 0.344989
v 0.223961 0.231407 0.337207
v 0.229576 0.229829 0.329014
v 0.231813 0.228145 0.321210
v 0.230454 0.226518 0.314560
v 0.229592 0.232151 0.304598
v 0.220653 0.230943 0.301662
v 0.209167 0.230260 0.301620
v 0.196258 0.230168 0.304478
v 0.183190 0.230677 0.309954
v 0.171242 0.231735 0.317514
v 0.161584 0.233241 0.326417
v 0.155160 0.235045 0.335791
v 0.152601 0.236973 0.344720
v 0.154155 0.238835 0.352328
v 0.159672 0.240448 0.357872
v 0.168611 0.241655 0.360809
v 0.180097 0.242338 0.360850
v 0.193006 0.242430 0.357993
v 0.206074 0.241922 0.352516
v 0.218022 0.240864 0.344956
v 0.227681 0.239358 0.336054
v 0.234104 0.237553 0.326679
v 0.236664 0.235626 0.317751
v 0.235109 0.233764 0.310142
v 0.232638 0.240214 0.299925
v 0.222793 0.238884 0.296691
v 0.210143 0.238132 0.296645
v 0.195926 0.238031 0.299792
v 0.181533 0.238590 0.305823
v 0.168374 0.239756 0.314149
v 0.157737 0.241414 0.323954
v 0.150663 0.243402 0.334279
v 0.147843 0.245525 0.344112
v 0.149556 0.247575 0.352492
v 0.155632 0.249352 0.358598
v 0.165477 0.250682 0.361832
v 0.178127 0.251434 0.361877
v 0.192344 0.251536 0.358730
v 0.206736 0.250976 0.352699
v 0.219895 0.249810 0.344373
v 0.230533 0.248152 0.334568
v 0.237607 0.246164 0.324243
v 0.240426 0.244041 0.314410
v 0.238714 0.241991 0.306030
v 0.234694 0.249099 0.295808
v 0.224186 0.247679 0.292356
v 0.210683 0.246876 0.292308
v 0.195507 0.246768 0.295667
v 0.180145 0.247366 0.302105
v 0.166099 0.248610 0.310992
v 0.154745 0.250380 0.321458
v 0.147194 0.252501 0.332478
v 0.144185 0.254767 0.342974
v 0.146012 0.256956 0.351918
v 0.152498 0.258853 0.358436
v 0.163006 0.260272 0.361888
v 0.176509 0.261075 0.361936
v 0.191684 0.261183 0.358577
v 0.207047 0.260586 0.352139
v 0.221093 0.259341 0.343252
v 0.232447 0.257572 0.332786
v 0.239998 0.255450 0.321766
v 0.243007 0.253184 0.311270
v 0.241180 0.250995 0.302325
v 0.235710 0.258586 0.292351
v 0.224797 0.257112 0.288766
v 0.210774 0.256278 0.288715
v 0.195014 0.256166 0.292204
v 0.179060 0.256786 0.298890
v 0.164473 0.258079 0.308119
v 0.152681 0.259916 0.318988
v 0.144839 0.262120 0.330433
v 0.141714 0.264473 0.341333
v 0.143612 0.266746 0.350622
v 0.150348 0.268716 0.357390
v 0.161261 0.270190 0.360975
v 0.175284 0.271024 0.361026
v 0.191043 0.271136 0.357538
v 0.206998 0.270515 0.350851
v 0.221584 0.269223 0.341622
v 0.233376 0.267385 0.330753
v 0.241218 0.265182 0.319308
v 0.244343 0.262829 0.308408
v 0.242445 0.260556 0.299119
v 0.235660 0.268442 0.289637
v 0.224611 0.266950 0.286008
v 0.210413 0.266105 0.285956
v 0.194457 0.265992 0.289488
v 0.178304 0.266620 0.296258
v 0.163535 0.267928 0.305602
v 0.151597 0.269789 0.316607
v 0.143657 0.272020 0.328194
v 0.140493 0.274403 0.339230
v 0.142415 0.276704 0.348635
v 0.149234 0.278698 0.355488
v 0.160283 0.280191 0.359117
v 0.174481 0.281035 0.359169
v 0.190437 0.281148 0.355637
v 0.206590 0.280520 0.348867
v 0.221359 0.279212 0.339523
v 0.233297 0.277351 0.328518
v 0.241237 0.275120 0.316931
v 0.244401 0.272738 0.305895
v 0.242479 0.270436 0.296490
v 0.234547 0.278425 0.287734
v 0.223634 0.276951 0.284150
v 0.209611 0.276117 0.284099
v 0.193851 0.276004 0.287587
v 0.177897 0.276625 0.294273
v 0.163310 0.277917 0.303503
v 0.151518 0.279755 0.314372
v 0.143676 0.281958 0.325817
v 0.140551 0.284312 0.336717
v 0.142449 0.286584 0.346006
v 0.149184 0.288554 0.352774
v 0.160098 0.290028 0.356359
v 0.174120 0.290862 0.356410
v 0.189880 0.290974 0.352921
v 0.205835 0.290354 0.346235
v 0.220421 0.289062 0.337006
v 0.232213 0.287224 0.326137
v 0.240055 0.285020 0.314692
v 0.243180 0.282667 0.303792
v 0.241282 0.280394 0.294503
v 0.232396 0.288287 0.286689
v 0.221888 0.286868 0.283237
v 0.208385 0.286065 0.283188
v 0.193210 0.285957 0.286547
v 0.177847 0.286554 0.292986
v 0.163802 0.287799 0.301873
v 0.152447 0.289569 0.312338
v 0.144896 0.291690 0.323359
v 0.141887 0.293956 0.333855
v 0.143715 0.296145 0.342799
v 0.150200 0.298042 0.349317
v 0.160709 0.299461 0.352768
v 0.174211 0.300264 0.352817
v 0.189387 0.300372 0.349458
v 0.204749 0.299774 0.343020
v 0.218795 0.298530 0.334133
v 0.230149 0.296760 0.323667
v 0.237700 0.294639 0.312647
v 0.240710 0.292373 0.302151
v 0.238882 0.290184 0.293206
v 0.229263 0.297788 0.286527
v 0.219418 0.296458 0.283293
v 0.206767 0.295706 0.283248
v 0.192550 0.295605 0.286394
v 0.178158 0.296164 0.292426
v 0.164999 0.297330 0.300752
v 0.154361 0.298988 0.310557
v 0.147287 0.300976 0.320882
v 0.144468 0.303099 0.330715
v 0.146180 0.305149 0.339095
v 0.152256 0.306926 0.345200
v 0.162101 0.308256 0.348434
v 0.174751 0.309008 0.348480
v 0.188968 0.309109 0.345333
v 0.203361 0.308550 0.339302
v 0.216520 0.307384 0.330976
v 0.227157 0.305726 0.321171
v 0.234232 0.303738 0.310846
v 0.237051 0.301615 0.301013
v 0.235338 0.299565 0.292633
v 0.225222 0.306692 0.287253
v 0.216283 0.305485 0.284316
v 0.204797 0.304802 0.284275
v 0.191888 0.304710 0.287132
v 0.178820 0.305218 0.292609
v 0.166872 0.306277 0.300168
v 0.157213 0.307782 0.309071
v 0.150790 0.309587 0.318446
v 0.148230 0.311514 0.327374
v 0.149785 0.313376 0.334983
v 0.155302 0.314989 0.340527
v 0.164241 0.316197 0.343463
v 0.175727 0.316880 0.343505
v 0.188636 0.316972 0.340647
v 0.201704 0.316464 0.335171
v 0.213652 0.315405 0.327611
v 0.223311 0.313900 0.318708
v 0.229734 0.312095 0.309334
v 0.232294 0.310167 0.300405
v 0.230739 0.308306 0.292796
v 0.220375 0.314781 0.288848
v 0.212562 0.313725 0.286281
v 0.202522 0.313128 0.286245
v 0.191240 0.313048 0.288742
v 0.179818 0.313492 0.293529
v 0.169375 0.314418 0.300136
v 0.160933 0.315733 0.307918
v 0.155318 0.317311 0.316111
v 0.153081 0.318996 0.323915
v 0.154440 0.320623 0.330565
v 0.159262 0.322033 0.335411
v 0.167075 0.323088 0.337977
v 0.177114 0.323685 0.338014
v 0.188397 0.323766 0.335516
v 0.199819 0.323321 0.330729
v 0.210262 0.322396 0.324122
v 0.218704 0.321080 0.316341
v 0.224318 0.319503 0.308147
v 0.226555 0.317818 0.300343
v 0.225197 0.316191 0.293693
v 0.214840 0.321855 0.291272
v 0.208345 0.320977 0.289139
v 0.200000 0.320481 0.289109
v 0.190621 0.320414 0.291185
v 0.181126 0.320784 0.295164
v 0.172446 0.321553 0.300656
v 0.165428 0.322646 0.307125
v 0.160761 0.323958 0.313936
v 0.158902 0.325358 0.320423
v 0.160031 0.326711 0.325951
v 0.164039 0.327883 0.329978
v 0.170534 0.328760 0.332112
v 0.178879 0.329256 0.332142
v 0.188258 0.329323 0.330066
v 0.197753 0.328954 0.326087
v 0.206433 0.328185 0.320594
v 0.213451 0.327091 0.314126
v 0.218118 0.325780 0.307315
v 0.219977 0.324380 0.300828
v 0.218848 0.323027 0.295300
v 0.208753 0.327740 0.294468
v 0.203737 0.327062 0.292820
v 0.197291 0.326679 0.292797
v 0.190047 0.326627 0.294400
v 0.182714 0.326912 0.297474
v 0.176009 0.327506 0.301716
v 0.170589 0.328351 0.306712
v 0.166984 0.329364 0.311972
v 0.165548 0.330446 0.316983
v 0.166420 0.331490 0.321252
v 0.169516 0.332396 0.324363
v 0.174533 0.333073 0.326011
v 0.180978 0.333457 0.326034
v 0.188222 0.333508 0.324431
v 0.195556 0.333223 0.321358
v 0.202260 0.332629 0.317116
v 0.207680 0.331784 0.312120
v 0.211285 0.330771 0.306859
v 0.212721 0.329690 0.301849
v 0.211849 0.328645 0.297579
v 0.202265 0.332291 0.298355
v 0.198851 0.331830 0.297234
v 0.194463 0.331569 0.297218
v 0.189533 0.331534 0.298309
v 0.184541 0.331728 0.300401
v 0.179977 0.332132 0.303289
v 0.176288 0.332707 0.306689
v 0.173834 0.333396 0.310270
v 0.172857 0.334133 0.313680
v 0.173451 0.334844 0.316586
v 0.175558 0.335460 0.318704
v 0.178972 0.335921 0.319826
v 0.183360 0.336182 0.319842
v 0.188290 0.336217 0.318750
v 0.193282 0.336023 0.316658
v 0.197846 0.335619 0.313771
v 0.201535 0.335044 0.310370
v 0.203988 0.334354 0.306789
v 0.204966 0.333618 0.303379
v 0.204372 0.332907 0.300473
v 0.195535 0.335396 0.302838
v 0.193807 0.335162 0.302271
v 0.191586 0.335030 0.302263
v 0.189090 0.335013 0.302815
v 0.186563 0.335111 0.303874
v 0.184252 0.335316 0.305336
v 0.182385 0.335607 0.307057
v 0.181143 0.335956 0.308870
v 0.180648 0.336328 0.310597
v 0.180948 0.336688 0.312068
v 0.182015 0.337000 0.313140
v 0.183744 0.337234 0.313708
v 0.185965 0.337366 0.313716
v 0.188461 0.337384 0.313163
v 0.190988 0.337285 0.312104
v 0.193298 0.337081 0.310642
v 0.195166 0.336790 0.308921
v 0.196408 0.336441 0.307108
v 0.196903 0.336068 0.305382
v 0.196602 0.335708 0.303910
v 0.196165 0.210161 0.337317
v 0.188729 0.336979 0.307807
v -0.202879 0.210140 0.331985
v -0.201151 0.209906 0.331417
v -0.198929 0.209774 0.331409
v -0.196433 0.209757 0.331962
v -0.193906 0.209855 0.333021
v -0.191596 0.210060 0.334483
v -0.189729 0.210351 0.336204
v -0.188486 0.210700 0.338017
v -0.187991 0.211072 0.339743
v -0.188292 0.211432 0.341214
v -0.189359 0.211744 0.342286
v -0.191087 0.211978 0.342854
v -0.193308 0.212110 0.342862
v -0.195805 0.212128 0.342310
v -0.198331 0.212029 0.341251
v -0.200642 0.211825 0.339789
v -0.202509 0.211534 0.338067
v -0.203751 0.211185 0.336255
v -0.204246 0.210812 0.334528
v -0.203946 0.210452 0.333057
v -0.209336 0.211680 0.326421
v -0.205922 0.211219 0.325299
v -0.201535 0.210958 0.325283
v -0.196604 0.210923 0.326375
v -0.191612 0.211117 0.328467
v -0.187049 0.211521 0.331354
v -0.183359 0.212096 0.334755
v -0.180906 0.212786 0.338336
v -0.179928 0.213522 0.341746
v -0.180522 0.214233 0.344652
v -0.182629 0.214850 0.346770
v -0.186044 0.215311 0.347891
v -0.190431 0.215572 0.347907
v -0.195362 0.215607 0.346816
v -0.200353 0.215413 0.344724
v -0.204917 0.215008 0.341836
v -0.208606 0.214433 0.338436
v -0.211060 0.213744 0.334855
v -0.212037 0.213008 0.331445
v -0.211444 0.212297 0.328538
v -0.215378 0.214744 0.320761
v -0.210362 0.214067 0.319114
v -0.203916 0.213684 0.319090
v -0.196672 0.213632 0.320694
v -0.189339 0.213917 0.323767
v -0.182634 0.214511 0.328009
v -0.177214 0.215356 0.333005
v -0.173609 0.216369 0.338266
v -0.172173 0.217451 0.343276
v -0.173045 0.218495 0.347546
v -0.176141 0.219401 0.350657
v -0.181157 0.220078 0.352305
v -0.187603 0.220461 0.352328
v -0.194847 0.220513 0.350725
v -0.202180 0.220228 0.347651
v -0.208885 0.219634 0.343409
v -0.214305 0.218789 0.338413
v -0.217910 0.217776 0.333153
v -0.219346 0.216695 0.328142
v -0.218474 0.215650 0.323873
v -0.220855 0.219257 0.315147
v -0.214360 0.218380 0.313013
v -0.206015 0.217884 0.312983
v -0.196636 0.217817 0.315059
v -0.187142 0.218186 0.319038
v -0.178461 0.218955 0.324530
v -0.171444 0.220049 0.330999
v -0.166777 0.221360 0.337810
v -0.164917 0.222761 0.344297
v -0.166046 0.224113 0.349825
v -0.170055 0.225286 0.353852
v -0.176549 0.226163 0.355986
v -0.184894 0.226659 0.356016
v -0.194273 0.226726 0.353940
v -0.203768 0.226357 0.349961
v -0.212449 0.225587 0.344469
v -0.219466 0.224494 0.338000
v -0.224133 0.223182 0.331189
v -0.225993 0.221782 0.324702
v -0.224863 0.220429 0.319174
v -0.225632 0.225107 0.309714
v -0.217819 0.224052 0.307148
v -0.207780 0.223455 0.307111
v -0.196497 0.223375 0.309609
v -0.185075 0.223819 0.314395
v -0.174632 0.224744 0.321003
v -0.166190 0.226060 0.328784
v -0.160576 0.227637 0.336978
v -0.158339 0.229322 0.344782
v -0.159698 0.230949 0.351432
v -0.164520 0.232359 0.356277
v -0.172333 0.233415 0.358844
v -0.182372 0.234012 0.358880
v -0.193655 0.234092 0.356383
v -0.205077 0.233648 0.351596
v -0.215519 0.232723 0.344989
v -0.223961 0.231407 0.337207
v -0.229576 0.229829 0.329014
v -0.231813 0.228145 0.321210
v -0.230454 0.226518 0.314560
v -0.229592 0.232151 0.304598
v -0.220653 0.230943 0.301662
v -0.209167 0.230260 0.301620
v -0.196258 0.230168 0.304478
v -0.183190 0.230677 0.309954
v -0.171242 0.231735 0.317514
v -0.161584 0.233241 0.326417
v -0.155160 0.235045 0.335791
v -0.152601 0.236973 0.344720
v -0.154155 0.238835 0.352328
v -0.159672 0.240448 0.357872
v -0.168611 0.241655 0.360809
v -0.180097 0.242338 0.360850
v -0.193006 0.242430 0.357993
v -0.206074 0.241922 0.352516
v -0.218022 0.240864 0.344956
v -0.227681 0.239358 0.336054
v -0.234104 0.237553 0.326679
v -0.236664 0.235626 0.317751
v -0.235109 0.233764 0.310142
v -0.232638 0.240214 0.299925
v -0.222793 0.238884 0.296691
v -0.210143 0.238132 0.296645
v -0.195926 0.238031 0.299792
v -0.181533 0.238590 0.305823
v -0.168374 0.239756 0.314149
v -0.157737 0.241414 0.323954
v -0.150663 0.243402 0.334279
v -0.147843 0.245525 0.344112
v -0.149556 0.247575 0.352492
v -0.155632 0.249352 0.358598
v -0.165477 0.250682 0.361832
v -0.178127 0.251434 0.361877
v -0.192344 0.251536 0.358730
v -0.206736 0.250976 0.352699
v -0.219895 0.249810 0.344373
v -0.230533 0.248152 0.334568
v -0.237607 0.246164 0.324243
v -0.240426 0.244041 0.314410
v -0.238714 0.241991 0.306030
v -0.234694 0.249099 0.295808
v -0.224186 0.247679 0.292356
v -0.210683 0.246876 0.292308
v -0.195507 0.246768 0.295666
v -0.180145 0.247366 0.302105
v -0.166099 0.248610 0.310992
v -0.154745 0.250380 0.321458
v -0.147194 0.252502 0.332478
v -0.144185 0.254768 0.342974
v -0.146012 0.256956 0.351918
v -0.152498 0.258853 0.358436
v -0.163006 0.260272 0.361888
v -0.176509 0.261075 0.361936
v -0.191684 0.261183 0.358577
v -0.207047 0.260586 0.352139
v -0.221093 0.259341 0.343252
v -0.232447 0.257572 0.332786
v -0.239998 0.255450 0.321766
v -0.243007 0.253184 0.311270
v -0.241180 0.250995 0.302325
v -0.235710 0.258586 0.292351
v -0.224797 0.257112 0.288766
v -0.210774 0.256278 0.288715
v -0.195014 0.256166 0.292204
v -0.179060 0.256786 0.298890
v -0.164473 0.258079 0.308119
v -0.152681 0.259916 0.318988
v -0.144839 0.262120 0.330433
v -0.141714 0.264473 0.341333
v -0.143612 0.266746 0.350622
v -0.150348 0.268716 0.357390
v -0.161261 0.270190 0.360975
v -0.175284 0.271024 0.361026
v -0.191043 0.271136 0.357538
v -0.206998 0.270515 0.350851
v -0.221584 0.269223 0.341622
v -0.233376 0.267385 0.330753
v -0.241218 0.265182 0.319308
v -0.244343 0.262829 0.308408
v -0.242445 0.260556 0.299119
v -0.235660 0.268442 0.289637
v -0.224611 0.266950 0.286008
v -0.210413 0.266105 0.285956
v -0.194457 0.265992 0.289488
v -0.178304 0.266620 0.296258
v -0.163535 0.267928 0.305602
v -0.151597 0.269789 0.316607
v -0.143657 0.272020 0.328194
v -0.140493 0.274403 0.339230
v -0.142415 0.276704 0.348635
v -0.149234 0.278698 0.355488
v -0.160283 0.280191 0.359117
v -0.174481 0.281035 0.359168
v -0.190437 0.281148 0.355637
v -0.206590 0.280520 0.348867
v -0.221359 0.279212 0.339523
v -0.233297 0.277351 0.328518
v -0.241237 0.275120 0.316931
v -0.244401 0.272738 0.305895
v -0.242479 0.270436 0.296490
v -0.234547 0.278425 0.287734
v -0.223633 0.276951 0.284150
v -0.209611 0.276117 0.284099
v -0.193851 0.276004 0.287587
v -0.177897 0.276625 0.294273
v -0.163310 0.277917 0.303503
v -0.151518 0.279755 0.314372
v -0.143676 0.281958 0.325817
v -0.140551 0.284312 0.336717
v -0.142449 0.286584 0.346006
v -0.149184 0.288554 0.352774
v -0.160098 0.290028 0.356359
v -0.174120 0.290862 0.356410
v -0.189880 0.290975 0.352921
v -0.205834 0.290354 0.346235
v -0.220421 0.289062 0.337006
v -0.232213 0.287224 0.326137
v -0.240055 0.285020 0.314692
v -0.243180 0.282667 0.303792
v -0.241282 0.280394 0.294503
v -0.232396 0.288287 0.286689
v -0.221888 0.286868 0.283237
v -0.208385 0.286065 0.283188
v -0.193210 0.285957 0.286547
v -0.177847 0.286554 0.292986
v -0.163802 0.287799 0.301873
v -0.152447 0.289569 0.312338
v -0.144896 0.291690 0.323359
v -0.141887 0.293956 0.333855
v -0.143715 0.296145 0.342799
v -0.150200 0.298042 0.349317
v -0.160709 0.299461 0.352768
v -0.174211 0.300264 0.352817
v -0.189387 0.300372 0.349458
v -0.204749 0.299774 0.343020
v -0.218795 0.298530 0.334133
v -0.230149 0.296760 0.323667
v -0.237700 0.294639 0.312647
v -0.240710 0.292373 0.302151
v -0.238882 0.290184 0.293206
v -0.229263 0.297788 0.286527
v -0.219418 0.296458 0.283293
v -0.206767 0.295706 0.283248
v -0.192550 0.295605 0.286394
v -0.178158 0.296164 0.292426
v -0.164999 0.297330 0.300752
v -0.154361 0.298988 0.310557
v -0.147287 0.300976 0.320882
v -0.144468 0.303099 0.330715
v -0.146180 0.305149 0.339095
v -0.152256 0.306926 0.345200
v -0.162101 0.308256 0.348434
v -0.174751 0.309008 0.348480
v -0.188968 0.309109 0.345333
v -0.203361 0.308550 0.339302
v -0.216520 0.307384 0.330976
v -0.227157 0.305726 0.321171
v -0.234232 0.303738 0.310846
v -0.237051 0.301615 0.301013
v -0.235338 0.299565 0.292633
v -0.225222 0.306692 0.287253
v -0.216283 0.305485 0.284316
v -0.204797 0.304802 0.284275
v -0.191888 0.304710 0.287132
v -0.178820 0.305218 0.292609
v -0.166872 0.306277 0.300168
v -0.157213 0.307782 0.309071
v -0.150790 0.309587 0.318446
v -0.148230 0.311514 0.327374
v -0.149785 0.313376 0.334983
v -0.155302 0.314989 0.340527
v -0.164241 0.316197 0.343463
v -0.175727 0.316880 0.343505
v -0.188636 0.316972 0.340647
v -0.201704 0.316464 0.335171
v -0.213652 0.315405 0.327611
v -0.223311 0.313900 0.318708
v -0.229734 0.312095 0.309334
v -0.232294 0.310167 0.300405
v -0.230739 0.308306 0.292796
v -0.220375 0.314781 0.288848
v -0.212562 0.313725 0.286281
v -0.202522 0.313128 0.286245
v -0.191240 0.313048 0.288742
v -0.179818 0.313492 0.293529
v -0.169375 0.314418 0.300136
v -0.160933 0.315733 0.307918
v -0.155318 0.317311 0.316111
v -0.153081 0.318996 0.323915
v -0.154440 0.320623 0.330565
v -0.159262 0.322033 0.335411
v -0.167075 0.323088 0.337977
v -0.177114 0.323685 0.338013
v -0.188397 0.323766 0.335516
v -0.199819 0.323321 0.330729
v -0.210262 0.322396 0.324122
v -0.218704 0.321080 0.316341
v -0.224318 0.319503 0.308147
v -0.226555 0.317818 0.300343
v -0.225197 0.316191 0.293693
v -0.214840 0.321855 0.291272
v -0.208345 0.320977 0.289139
v -0.200000 0.320481 0.289109
v -0.190621 0.320414 0.291185
v -0.181126 0.320784 0.295164
v -0.172446 0.321553 0.300656
v -0.165428 0.322646 0.307125
v -0.160761 0.323958 0.313936
v -0.158902 0.325358 0.320423
v -0.160031 0.326711 0.325951
v -0.164039 0.327883 0.329978
v -0.170534 0.328760 0.332112
v -0.178879 0.329256 0.332142
v -0.188258 0.329323 0.330066
v -0.197753 0.328954 0.326087
v -0.206433 0.328185 0.320595
v -0.213451 0.327091 0.314126
v -0.218118 0.325780 0.307315
v -0.219977 0.324380 0.300828
v -0.218848 0.323027 0.295300
v -0.208753 0.327740 0.294468
v -0.203737 0.327062 0.292820
v -0.197291 0.326679 0.292797
v -0.190047 0.326627 0.294400
v -0.182714 0.326912 0.297474
v -0.176009 0.327506 0.301716
v -0.170589 0.328351 0.306712
v -0.166984 0.329364 0.311972
v -0.165548 0.330446 0.316983
v -0.166420 0.331490 0.321252
v -0.169516 0.332396 0.324363
v -0.174533 0.333073 0.326011
v -0.180978 0.333457 0.326034
v -0.188222 0.333508 0.324431
v -0.195556 0.333223 0.321358
v -0.202260 0.332629 0.317116
v -0.207680 0.331784 0.312120
v -0.211285 0.330771 0.306859
v -0.212721 0.329690 0.301849
v -0.211849 0.328645 0.297579
v -0.202265 0.332291 0.298355
v -0.198851 0.331830 0.297234
v -0.194463 0.331569 0.297218
v -0.189533 0.331534 0.298309
v -0.184541 0.331728 0.300401
v -0.179977 0.332132 0.303289
v -0.176288 0.332707 0.306689
v -0.173834 0.333396 0.310270
v -0.172857 0.334133 0.313680
v -0.173451 0.334844 0.316586
v -0.175558 0.335460 0.318704
v -0.178972 0.335921 0.319826
v -0.183360 0.336182 0.319842
v -0.188290 0.336217 0.318750
v -0.193282 0.336023 0.316658
v -0.197846 0.335619 0.313771
v -0.201535 0.335044 0.310370
v -0.203988 0.334354 0.306789
v -0.204966 0.333618 0.303379
v -0.204372 0.332907 0.300473
v -0.195535 0.335396 0.302838
v -0.193807 0.335162 0.302271
v -0.191586 0.335030 0.302263
v -0.189090 0.335013 0.302815
v -0.186563 0.335111 0.303874
v -0.184252 0.335316 0.305336
v -0.182385 0.335607 0.307057
v -0.181143 0.335956 0.308870
v -0.180648 0.336328 0.310597
v -0.180948 0.336688 0.312068
v -0.182015 0.337000 0.313140
v -0.183744 0.337234 0.313708
v -0.185965 0.337366 0.313716
v -0.188461 0.337384 0.313163
v -0.190988 0.337285 0.312104
v -0.193298 0.337081 0.310642
v -0.195166 0.336790 0.308921
v -0.196408 0.336441 0.307108
v -0.196903 0.336068 0.305382
v -0.196602 0.335708 0.303910
v -0.196165 0.210161 0.337317
v -0.188729 0.336979 0.307807
vt 0.000000 0.050000
vt 0.050000 0.050000
vt 0.100000 0.050000
vt 0.150000 0.050000
vt 0.200000 0.050000
vt 0.250000 0.050000
vt 0.300000 0.050000
vt 0.350000 0.050000
vt 0.400000 0.050000
vt 0.450000 0.050000
vt 0.500000 0.050000
vt 0.550000 0.050000
vt 0.600000 0.050000
vt 0.650000 0.050000
vt 0.700000 0.050000
vt 0.750000 0.050000
vt 0.800000 0.050000
vt 0.850000 0.050000
vt 0.900000 0.050000
vt 0.950000 0.050000
vt 1.000000 0.050000
vt 0.000000 0.100000
vt 0.050000 0.100000
vt 0.100000 0.100000
vt 0.150000 0.100000
vt 0.200000 0.100000
vt 0.250000 0.100000
vt 0.300000 0.100000
vt 0.350000 0.100000
vt 0.400000 0.100000
vt 0.450000 0.100000
vt 0.500000 0.100000
vt 0.550000 0.100000
vt 0.600000 0.100000
vt 0.650000 0.100000
vt 0.700000 0.100000
vt 0.750000 0.100000
vt 0.800000 0.100000
vt 0.850000 0.100000
vt 0.900000 0.100000
vt 0.950000 0.100000
vt 1.000000 0.100000
vt 0.000000 0.150000
vt 0.050000 0.150000
vt 0.100000 0.150000
vt 0.150000 0.150000
vt 0.200000 0.150000
vt 0.250000 0.150000
vt 0.300000 0.150000
vt 0.350000 0.150000
vt 0.400000 0.150000
vt 0.450000 0.150000
vt 0.500000 0.150000
vt 0.550000 0.150000
vt 0.600000 0.150000
vt 0.650000 0.150000
vt 0.700000 0.150000
vt 0.750000 0.150000
vt 0.800000 0.150000
vt 0.850000 0.150000
vt 0.900000 0.150000
vt 0.950000 0.150000
vt 1.000000 0.150000
vt 0.000000 0.200000
vt 0.050000 0.200000
vt 0.100000 0.200000
vt 0.150000 0.200000
vt 0.200000 0.200000
vt 0.250000 0.200000
vt 0.300000 0.200000
vt 0.350000 0.200000
vt 0.400000 0.200000
vt 0.450000 0.200000
vt 0.500000 0.200000
vt 0.550000 0.200000
vt 0.600000 0.200000
vt 0.650000 0.200000
vt 0.700000 0.200000
vt 0.750000 0.200000
vt 0.800000 0.200000
vt 0.850000 0.200000
vt 0.900000 0.200000
vt 0.950000 0.200000
vt 1.000000 0.200000
vt 0.000000 0.250000
vt 0.050000 0.250000
vt 0.100000 0.250000
vt 0.150000 0.250000
vt 0.200000 0.250000
vt 0.250000 0.250000
vt 0.300000 0.250000
vt 0.350000 0.250000
vt 0.400000 0.250000
vt 0.450000 0.250000
vt 0.500000 0.250000
vt 0.550000 0.250000
vt 0.600000 0.250000
vt 0.650000 0.250000
vt 0.700000 0.250000
vt 0.750000 0.250000
vt 0.800000 0.250000
vt 0.850000 0.250000
vt 0.900000 0.250000
vt 0.950000 0.250000
vt 1.000000 0.250000
vt 0.000000 0.300000
vt 0.050000 0.300000
vt 0.100000 0.300000
vt 0.150000 0.300000
vt 0.200000 0.300000
vt 0.250000 0.300000
vt 0.300000 0.300000
vt 0.350000 0.300000
vt 0.400000 0.300000
vt 0.450000 0.300000
vt 0.500000 0.300000
vt 0.550000 0.300000
vt 0.600000 0.300000
vt 0.650000 0.300000
vt 0.700000 0.300000
vt 0.750000 0.300000
vt 0.800000 0.300000
vt 0.850000 0.300000
vt 0.900000 0.300000
vt 0.950000 0.300000
vt 1.000000 0.300000
vt 0.000000 0.350000
vt 0.050000 0.350000
vt 0.100000 0.350000
vt 0.150000 0.350000
vt 0.200000 0.350000
vt 0.250000 0.350000
vt 0.300000 0.350000
vt 0.350000 0.350000
vt 0.400000 0.350000
vt 0.450000 0.350000
vt 0.500000 0.350000
vt 0.550000 0.350000
vt 0.600000 0.350000
vt 0.650000 0.350000
vt 0.700000 0.350000
vt 0.750000 0.350000
vt 0.800000 0.350000
vt 0.850000 0.350000
vt 0.900000 0.350000
vt 0.950000 0.350000
vt 1.000000 0.350000
vt 0.000000 0.400000
vt 0.050000 0.400000
vt 0.100000 0.400000
vt 0.150000 0.400000
vt 0.200000 0.400000
vt 0.250000 0.400000
vt 0.300000 0.400000
vt 0.350000 0.400000
vt 0.400000 0.400000
vt 0.450000 0.400000
vt 0.500000 0.400000
vt 0.550000 0.400000
vt 0.600000 0.400000
vt 0.650000 0.400000
vt 0.700000 0.400000
vt 0.750000 0.400000
vt 0.800000 0.400000
vt 0.850000 0.400000
vt 0.900000 0.400000
vt 0.950000 0.400000
vt 1.000000 0.400000
vt 0.000000 0.450000
vt 0.050000 0.450000
vt 0.100000 0.450000
vt 0.150000 0.450000
vt 0.200000 0.450000
vt 0.250000 0.450000
vt 0.300000 0.450000
vt 0.350000 0.450000
vt 0.400000 0.450000
vt 0.450000 0.450000
vt 0.500000 0.450000
vt 0.550000 0.450000
vt 0.600000 0.450000
vt 0.650000 0.450000
vt 0.700000 0.450000
vt 0.750000 0.450000
vt 0.800000 0.450000
vt 0.850000 0.450000
vt 0.900000 0.450000
vt 0.950000 0.450000
vt 1.000000 0.450000
vt 0.000000 0.500000
vt 0.050000 0.500000
vt 0.100000 0.500000
vt 0.150000 0.500000
vt 0.200000 0.500000
vt 0.250000 0.500000
vt 0.300000 0.500000
vt 0.350000 0.500000
vt 0.400000 0.500000
vt 0.450000 0.500000
vt 0.500000 0.500000
vt 0.550000 0.500000
vt 0.600000 0.500000
vt 0.650000 0.500000
vt 0.700000 0.500000
vt 0.750000 0.500000
vt 0.800000 0.500000
vt 0.850000 0.500000
vt 0.900000 0.500000
vt 0.950000 0.500000
vt 1.000000 0.500000
vt 0.000000 0.550000
vt 0.050000 0.550000
vt 0.100000 0.550000
vt 0.150000 0.550000
vt 0.200000 0.550000
vt 0.250000 0.550000
vt 0.300000 0.550000
vt 0.350000 0.550000
vt 0.400000 0.550000
vt 0.450000 0.550000
vt 0.500000 0.550000
vt 0.550000 0.550000
vt 0.600000 0.550000
vt 0.650000 0.550000
vt 0.700000 0.550000
vt 0.750000 0.550000
vt 0.800000 0.550000
vt 0.850000 0.550000
vt 0.900000 0.550000
vt 0.950000 0.550000
vt 1.000000 0.550000
vt 0.000000 0.600000
vt 0.050000 0.600000
vt 0.100000 0.600000
vt 0.150000 0.600000
vt 0.200000 0.600000
vt 0.250000 0.600000
vt 0.300000 0.600000
vt 0.350000 0.600000
vt 0.400000 0.600000
vt 0.450000 0.600000
vt 0.500000 0.600000
vt 0.550000 0.600000
vt 0.600000 0.600000
vt 0.650000 0.600000
vt 0.700000 0.600000
vt 0.750000 0.600000
vt 0.800000 0.600000
vt 0.850000 0.600000
vt 0.900000 0.600000
vt 0.950000 0.600000
vt 1.000000 0.600000
vt 0.000000 0.650000
vt 0.050000 0.650000
vt 0.100000 0.650000
vt 0.150000 0.650000
vt 0.200000 0.650000
vt 0.250000 0.650000
vt 0.300000 0.650000
vt 0.350000 0.650000
vt 0.400000 0.650000
vt 0.450000 0.650000
vt 0.500000 0.650000
vt 0.550000 0.650000
vt 0.600000 0.650000
vt 0.650000 0.650000
vt 0.700000 0.650000
vt 0.750000 0.650000
vt 0.800000 0.650000
vt 0.850000 0.650000
vt 0.900000 0.650000
vt 0.950000 0.650000
vt 1.000000 0.650000
vt 0.000000 0.700000
vt 0.050000 0.700000
vt 0.100000 0.700000
vt 0.150000 0.700000
vt 0.200000 0.700000
vt 0.250000 0.700000
vt 0.300000 0.700000
vt 0.350000 0.700000
vt 0.400000 0.700000
vt 0.450000 0.700000
vt 0.500000 0.700000
vt 0.550000 0.700000
vt 0.600000 0.700000
vt 0.650000 0.700000
vt 0.700000 0.700000
vt 0.750000 0.700000
vt 0.800000 0.700000
vt 0.850000 0.700000
vt 0.900000 0.700000
vt 0.950000 0.700000
vt 1.000000 0.700000
vt 0.000000 0.750000
vt 0.050000 0.750000
vt 0.100000 0.750000
vt 0.150000 0.750000
vt 0.200000 0.750000
vt 0.250000 0.750000
vt 0.300000 0.750000
vt 0.350000 0.750000
vt 0.400000 0.750000
vt 0.450000 0.750000
vt 0.500000 0.750000
vt 0.550000 0.750000
vt 0.600000 0.750000
vt 0.650000 0.750000
vt 0.700000 0.750000
vt 0.750000 0.750000
vt 0.800000 0.750000
vt 0.850000 0.750000
vt 0.900000 0.750000
vt 0.950000 0.750000
vt 1.000000 0.750000
vt 0.000000 0.800000
vt 0.050000 0.800000
vt 0.100000 0.800000
vt 0.150000 0.800000
vt 0.200000 0.800000
vt 0.250000 0.800000
vt 0.300000 0.800000
vt 0.350000 0.800000
vt 0.400000 0.800000
vt 0.450000 0.800000
vt 0.500000 0.800000
vt 0.550000 0.800000
vt 0.600000 0.800000
vt 0.650000 0.800000
vt 0.700000 0.800000
vt 0.750000 0.800000
vt 0.800000 0.800000
vt 0.850000 0.800000
vt 0.900000 0.800000
vt 0.950000 0.800000
vt 1.000000 0.800000
vt 0.000000 0.850000
vt 0.050000 0.850000
vt 0.100000 0.850000
vt 0.150000 0.850000
vt 0.200000 0.850000
vt 0.250000 0.850000
vt 0.300000 0.850000
vt 0.350000 0.850000
vt 0.400000 0.850000
vt 0.450000 0.850000
vt 0.500000 0.850000
vt 0.550000 0.850000
vt 0.600000 0.850000
vt 0.650000 0.850000
vt 0.700000 0.850000
vt 0.750000 0.850000
vt 0.800000 0.850000
vt 0.850000 0.850000
vt 0.900000 0.850000
vt 0.950000 0.850000
vt 1.000000 0.850000
vt 0.000000 0.900000
vt 0.050000 0.900000
vt 0.100000 0.900000
vt 0.150000 0.900000
vt 0.200000 0.900000
vt 0.250000 0.900000
vt 0.300000 0.900000
vt 0.350000 0.900000
vt 0.400000 0.900000
vt 0.450000 0.900000
vt 0.500000 0.900000
vt 0.550000 0.900000
vt 0.600000 0.900000
vt 0.650000 0.900000
vt 0.700000 0.900000
vt 0.750000 0.900000
vt 0.800000 0.900000
vt 0.850000 0.900000
vt 0.900000 0.900000
vt 0.950000 0.900000
vt 1.000000 0.900000
vt 0.000000 0.950000
vt 0.050000 0.950000
vt 0.100000 0.950000
vt 0.150000 0.950000
vt 0.200000 0.950000
vt 0.250000 0.950000
vt 0.300000 0.950000
vt 0.350000 0.950000
vt 0.400000 0.950000
vt 0.450000 0.950000
vt 0.500000 0.950000
vt 0.550000 0.950000
vt 0.600000 0.950000
vt 0.650000 0.950000
vt 0.700000 0.950000
vt 0.750000 0.950000
vt 0.800000 0.950000
vt 0.850000 0.950000
vt 0.900000 0.950000
vt 0.950000 0.950000
vt 1.000000 0.950000
vt 0.025000 0.000000
vt 0.075000 0.000000
vt 0.125000 0.000000
vt 0.175000 0.000000
vt 0.225000 0.000000
vt 0.275000 0.000000
vt 0.325000 0.000000
vt 0.375000 0.000000
vt 0.425000 0.000000
vt 0.475000 0.000000
vt 0.525000 0.000000
vt 0.575000 0.000000
vt 0.625000 0.000000
vt 0.675000 0.000000
vt 0.725000 0.000000
vt 0.775000 0.000000
vt 0.825000 0.000000
vt 0.875000 0.000000
vt 0.925000 0.000000
vt 0.975000 0.000000
vt 0.025000 1.000000
vt 0.075000 1.000000
vt 0.125000 1.000000
vt 0.175000 1.000000
vt 0.225000 1.000000
vt 0.275000 1.000000
vt 0.325000 1.000000
vt 0.375000 1.000000
vt 0.425000 1.000000
vt 0.475000 1.000000
vt 0.525000 1.000000
vt 0.575000 1.000000
vt 0.625000 1.000000
vt 0.675000 1.000000
vt 0.725000 1.000000
vt 0.775000 1.000000
vt 0.825000 1.000000
vt 0.875000 1.000000
vt 0.925000 1.000000
vt 0.975000 1.000000
vt 0.000000 0.050000
vt 0.050000 0.050000
vt 0.000000 0.100000
vt 0.050000 0.100000
vt 0.100000 0.050000
vt 0.100000 0.100000
vt 0.150000 0.050000
vt 0.150000 0.100000
vt 0.200000 0.050000
vt 0.200000 0.100000
vt 0.250000 0.050000
vt 0.250000 0.100000
vt 0.300000 0.050000
vt 0.300000 0.100000
vt 0.350000 0.050000
vt 0.350000 0.100000
vt 0.400000 0.050000
vt 0.400000 0.100000
vt 0.450000 0.050000
vt 0.450000 0.100000
vt 0.500000 0.050000
vt 0.500000 0.100000
vt 0.550000 0.050000
vt 0.550000 0.100000
vt 0.600000 0.050000
vt 0.600000 0.100000
vt 0.650000 0.050000
vt 0.650000 0.100000
vt 0.700000 0.050000
vt 0.700000 0.100000
vt 0.750000 0.050000
vt 0.750000 0.100000
vt 0.800000 0.050000
vt 0.800000 0.100000
vt 0.850000 0.050000
vt 0.850000 0.100000
vt 0.900000 0.050000
vt 0.900000 0.100000
vt 0.950000 0.050000
vt 0.950000 0.100000
vt 1.000000 0.050000
vt 1.000000 0.100000
vt 0.000000 0.150000
vt 0.050000 0.150000
vt 0.100000 0.150000
vt 0.150000 0.150000
vt 0.200000 0.150000
vt 0.250000 0.150000
vt 0.300000 0.150000
vt 0.350000 0.150000
vt 0.400000 0.150000
vt 0.450000 0.150000
vt 0.500000 0.150000
vt 0.550000 0.150000
vt 0.600000 0.150000
vt 0.650000 0.150000
vt 0.700000 0.150000
vt 0.750000 0.150000
vt 0.800000 0.150000
vt 0.850000 0.150000
vt 0.900000 0.150000
vt 0.950000 0.150000
vt 1.000000 0.150000
vt 0.000000 0.200000
vt 0.050000 0.200000
vt 0.100000 0.200000
vt 0.150000 0.200000
vt 0.200000 0.200000
vt 0.250000 0.200000
vt 0.300000 0.200000
vt 0.350000 0.200000
vt 0.400000 0.200000
vt 0.450000 0.200000
vt 0.500000 0.200000
vt 0.550000 0.200000
vt 0.600000 0.200000
vt 0.650000 0.200000
vt 0.700000 0.200000
vt 0.750000 0.200000
vt 0.800000 0.200000
vt 0.850000 0.200000
vt 0.900000 0.200000
vt 0.950000 0.200000
vt 1.000000 0.200000
vt 0.000000 0.250000
vt 0.050000 0.250000
vt 0.100000 0.250000
vt 0.150000 0.250000
vt 0.200000 0.250000
vt 0.250000 0.250000
vt 0.300000 0.250000
vt 0.350000 0.250000
vt 0.400000 0.250000
vt 0.450000 0.250000
vt 0.500000 0.250000
vt 0.550000 0.250000
vt 0.600000 0.250000
vt 0.650000 0.250000
vt 0.700000 0.250000
vt 0.750000 0.250000
vt 0.800000 0.250000
vt 0.850000 0.250000
vt 0.900000 0.250000
vt 0.950000 0.250000
vt 1.000000 0.250000
vt 0.000000 0.300000
vt 0.050000 0.300000
vt 0.100000 0.300000
vt 0.150000 0.300000
vt 0.200000 0.300000
vt 0.250000 0.300000
vt 0.300000 0.300000
vt 0.350000 0.300000
vt 0.400000 0.300000
vt 0.450000 0.300000
vt 0.500000 0.300000
vt 0.550000 0.300000
vt 0.600000 0.300000
vt 0.650000 0.300000
vt 0.700000 0.300000
vt 0.750000 0.300000
vt 0.800000 0.300000
vt 0.850000 0.300000
vt 0.900000 0.300000
vt 0.950000 0.300000
vt 1.000000 0.300000
vt 0.000000 0.350000
vt 0.050000 0.350000
vt 0.100000 0.350000
vt 0.150000 0.350000
vt 0.200000 0.350000
vt 0.250000 0.350000
vt 0.300000 0.350000
vt 0.350000 0.350000
vt 0.400000 0.350000
vt 0.450000 0.350000
vt 0.500000 0.350000
vt 0.550000 0.350000
vt 0.600000 0.350000
vt 0.650000 0.350000
vt 0.700000 0.350000
vt 0.750000 0.350000
vt 0.800000 0.350000
vt 0.850000 0.350000
vt 0.900000 0.350000
vt 0.950000 0.350000
vt 1.000000 0.350000
vt 0.000000 0.400000
vt 0.050000 0.400000
vt 0.100000 0.400000
vt 0.150000 0.400000
vt 0.200000 0.400000
vt 0.250000 0.400000
vt 0.300000 0.400000
vt 0.350000 0.400000
vt 0.400000 0.400000
vt 0.450000 0.400000
vt 0.500000 0.400000
vt 0.550000 0.400000
vt 0.600000 0.400000
vt 0.650000 0.400000
vt 0.700000 0.400000
vt 0.750000 0.400000
vt 0.800000 0.400000
vt 0.850000 0.400000
vt 0.900000 0.400000
vt 0.950000 0.400000
vt 1.000000 0.400000
vt 0.000000 0.450000
vt 0.050000 0.450000
vt 0.100000 0.450000
vt 0.150000 0.450000
vt 0.200000 0.450000
vt 0.250000 0.450000
vt 0.300000 0.450000
vt 0.350000 0.450000
vt 0.400000 0.450000
vt 0.450000 0.450000
vt 0.500000 0.450000
vt 0.550000 0.450000
vt 0.600000 0.450000
vt 0.650000 0.450000
vt 0.700000 0.450000
vt 0.750000 0.450000
vt 0.800000 0.450000
vt 0.850000 0.450000
vt 0.900000 0.450000
vt 0.950000 0.450000
vt 1.000000 0.450000
vt 0.000000 0.500000
vt 0.050000 0.500000
vt 0.100000 0.500000
vt 0.150000 0.500000
vt 0.200000 0.500000
vt 0.250000 0.500000
vt 0.300000 0.500000
vt 0.350000 0.500000
vt 0.400000 0.500000
vt 0.450000 0.500000
vt 0.500000 0.500000
vt 0.550000 0.500000
vt 0.600000 0.500000
vt 0.650000 0.500000
vt 0.700000 0.500000
vt 0.750000 0.500000
vt 0.800000 0.500000
vt 0.850000 0.500000
vt 0.900000 0.500000
vt 0.950000 0.500000
vt 1.000000 0.500000
vt 0.000000 0.550000
vt 0.050000 0.550000
vt 0.100000 0.550000
vt 0.150000 0.550000
vt 0.200000 0.550000
vt 0.250000 0.550000
vt 0.300000 0.550000
vt 0.350000 0.550000
vt 0.400000 0.550000
vt 0.450000 0.550000
vt 0.500000 0.550000
vt 0.550000 0.550000
vt 0.600000 0.550000
vt 0.650000 0.550000
vt 0.700000 0.550000
vt 0.750000 0.550000
vt 0.800000 0.550000
vt 0.850000 0.550000
vt 0.900000 0.550000
vt 0.950000 0.550000
vt 1.000000 0.550000
vt 0.000000 0.600000
vt 0.050000 0.600000
vt 0.100000 0.600000
vt 0.150000 0.600000
vt 0.200000 0.600000
vt 0.250000 0.600000
vt 0.300000 0.600000
vt 0.350000 0.600000
vt 0.400000 0.600000
vt 0.450000 0.600000
vt 0.500000 0.600000
vt 0.550000 0.600000
vt 0.600000 0.600000
vt 0.650000 0.600000
vt 0.700000 0.600000
vt 0.750000 0.600000
vt 0.800000 0.600000
vt 0.850000 0.600000
vt 0.900000 0.600000
vt 0.950000 0.600000
vt 1.000000 0.600000
vt 0.000000 0.650000
vt 0.050000 0.650000
vt 0.100000 0.650000
vt 0.150000 0.650000
vt 0.200000 0.650000
vt 0.250000 0.650000
vt 0.300000 0.650000
vt 0.350000 0.650000
vt 0.400000 0.650000
vt 0.450000 0.650000
vt 0.500000 0.650000
vt 0.550000 0.650000
vt 0.600000 0.650000
vt 0.650000 0.650000
vt 0.700000 0.650000
vt 0.750000 0.650000
vt 0.800000 0.650000
vt 0.850000 0.650000
vt 0.900000 0.650000
vt 0.950000 0.650000
vt 1.000000 0.650000
vt 0.000000 0.700000
vt 0.050000 0.700000
vt 0.100000 0.700000
vt 0.150000 0.700000
vt 0.200000 0.700000
vt 0.250000 0.700000
vt 0.300000 0.700000
vt 0.350000 0.700000
vt 0.400000 0.700000
vt 0.450000 0.700000
vt 0.500000 0.700000
vt 0.550000 0.700000
vt 0.600000 0.700000
vt 0.650000 0.700000
vt 0.700000 0.700000
vt 0.750000 0.700000
vt 0.800000 0.700000
vt 0.850000 0.700000
vt 0.900000 0.700000
vt 0.950000 0.700000
vt 1.000000 0.700000
vt 0.000000 0.750000
vt 0.050000 0.750000
vt 0.100000 0.750000
vt 0.150000 0.750000
vt 0.200000 0.750000
vt 0.250000 0.750000
vt 0.300000 0.750000
vt 0.350000 0.750000
vt 0.400000 0.750000
vt 0.450000 0.750000
vt 0.500000 0.750000
vt 0.550000 0.750000
vt 0.600000 0.750000
vt 0.650000 0.750000
vt 0.700000 0.750000
vt 0.750000 0.750000
vt 0.800000 0.750000
vt 0.850000 0.750000
vt 0.900000 0.750000
vt 0.950000 0.750000
vt 1.000000 0.750000
vt 0.000000 0.800000
vt 0.050000 0.800000
vt 0.100000 0.800000
vt 0.150000 0.800000
vt 0.200000 0.800000
vt 0.250000 0.800000
vt 0.300000 0.800000
vt 0.350000 0.800000
vt 0.400000 0.800000
vt 0.450000 0.800000
vt 0.500000 0.800000
vt 0.550000 0.800000
vt 0.600000 0.800000
vt 0.650000 0.800000
vt 0.700000 0.800000
vt 0.750000 0.800000
vt 0.800000 0.800000
vt 0.850000 0.800000
vt 0.900000 0.800000
vt 0.950000 0.800000
vt 1.000000 0.800000
vt 0.000000 0.850000
vt 0.050000 0.850000
vt 0.100000 0.850000
vt 0.150000 0.850000
vt 0.200000 0.850000
vt 0.250000 0.850000
vt 0.300000 0.850000
vt 0.350000 0.850000
vt 0.400000 0.850000
vt 0.450000 0.850000
vt 0.500000 0.850000
vt 0.550000 0.850000
vt 0.600000 0.850000
vt 0.650000 0.850000
vt 0.700000 0.850000
vt 0.750000 0.850000
vt 0.800000 0.850000
vt 0.850000 0.850000
vt 0.900000 0.850000
vt 0.950000 0.850000
vt 1.000000 0.850000
vt 0.000000 0.900000
vt 0.050000 0.900000
vt 0.100000 0.900000
vt 0.150000 0.900000
vt 0.200000 0.900000
vt 0.250000 0.900000
vt 0.300000 0.900000
vt 0.350000 0.900000
vt 0.400000 0.900000
vt 0.450000 0.900000
vt 0.500000 0.900000
vt 0.550000 0.900000
vt 0.600000 0.900000
vt 0.650000 0.900000
vt 0.700000 0.900000
vt 0.750000 0.900000
vt 0.800000 0.900000
vt 0.850000 0.900000
vt 0.900000 0.900000
vt 0.950000 0.900000
vt 1.000000 0.900000
vt 0.000000 0.950000
vt 0.050000 0.950000
vt 0.100000 0.950000
vt 0.150000 0.950000
vt 0.200000 0.950000
vt 0.250000 0.950000
vt 0.300000 0.950000
vt 0.350000 0.950000
vt 0.400000 0.950000
vt 0.450000 0.950000
vt 0.500000 0.950000
vt 0.550000 0.950000
vt 0.600000 0.950000
vt 0.650000 0.950000
vt 0.700000 0.950000
vt 0.750000 0.950000
vt 0.800000 0.950000
vt 0.850000 0.950000
vt 0.900000 0.950000
vt 0.950000 0.950000
vt 1.000000 0.950000
vt 0.025000 0.000000
vt 0.075000 0.000000
vt 0.125000 0.000000
vt 0.175000 0.000000
vt 0.225000 0.000000
vt 0.275000 0.000000
vt 0.325000 0.000000
vt 0.375000 0.000000
vt 0.425000 0.000000
vt 0.475000 0.000000
vt 0.525000 0.000000
vt 0.575000 0.000000
vt 0.625000 0.000000
vt 0.675000 0.000000
vt 0.725000 0.000000
vt 0.775000 0.000000
vt 0.825000 0.000000
vt 0.875000 0.000000
vt 0.925000 0.000000
vt 0.975000 0.000000
vt 0.025000 1.000000
vt 0.075000 1.000000
vt 0.125000 1.000000
vt 0.175000 1.000000
vt 0.225000 1.000000
vt 0.275000 1.000000
vt 0.325000 1.000000
vt 0.375000 1.000000
vt 0.425000 1.000000
vt 0.475000 1.000000
vt 0.525000 1.000000
vt 0.575000 1.000000
vt 0.625000 1.000000
vt 0.675000 1.000000
vt 0.725000 1.000000
vt 0.775000 1.000000
vt 0.825000 1.000000
vt 0.875000 1.000000
vt 0.925000 1.000000
vt 0.975000 1.000000
vn 0.172255 -0.983997 0.045581
vn 0.101061 -0.994477 -0.028329
vn 0.266255 -0.956452 -0.119616
vn 0.131341 -0.960028 -0.247177
vn 0.026890 -0.996707 -0.076502
vn -0.001827 -0.946997 -0.321237
vn -0.042814 -0.994515 -0.095434
vn -0.120581 -0.931208 -0.343965
vn -0.102286 -0.991153 -0.084574
vn -0.220194 -0.921099 -0.321077
vn -0.147207 -0.988071 -0.045234
vn -0.298431 -0.919492 -0.255876
vn -0.173899 -0.984562 0.019914
vn -0.351328 -0.924384 -0.148600
vn -0.179118 -0.978091 0.106091
vn -0.371057 -0.928610 0.000084
vn -0.160905 -0.965379 0.205313
vn -0.347235 -0.920049 0.181486
vn -0.119994 -0.944332 0.306331
vn -0.274388 -0.887011 0.371379
vn -0.060858 -0.915994 0.396550
vn -0.161565 -0.829179 0.535125
vn 0.009124 -0.884922 0.465650
vn -0.030419 -0.761272 0.647719
vn 0.081844 -0.857471 0.507982
vn 0.098524 -0.702311 0.705020
vn 0.150316 -0.839474 0.522195
vn 0.214162 -0.665072 0.715412
vn 0.209317 -0.834662 0.509436
vn 0.312605 -0.655084 0.687854
vn 0.254639 -0.844246 0.471601
vn 0.391842 -0.673672 0.626599
vn 0.282451 -0.866832 0.410881
vn 0.447703 -0.719379 0.531090
vn 0.289143 -0.898395 0.330579
vn 0.471602 -0.786385 0.398986
vn 0.272187 -0.932762 0.236368
vn 0.451667 -0.861222 0.233010
vn 0.231826 -0.962991 0.137494
vn 0.380535 -0.923418 0.049913
vn 0.345555 -0.898240 -0.271582
vn 0.152433 -0.889151 -0.431480
vn -0.025951 -0.859719 -0.510107
vn -0.176735 -0.832641 -0.524856
vn -0.301593 -0.817769 -0.490199
vn -0.403861 -0.817507 -0.410584
vn -0.482096 -0.829704 -0.281380
vn -0.525301 -0.845779 -0.093368
vn -0.510390 -0.846164 0.153326
vn -0.415035 -0.805218 0.423522
vn -0.250723 -0.719221 0.647966
vn -0.063993 -0.619349 0.782504
vn 0.107943 -0.538744 0.835526
vn 0.254364 -0.491406 0.832958
vn 0.377654 -0.479563 0.792084
vn 0.481283 -0.503024 0.717868
vn 0.563695 -0.562073 0.605245
vn 0.613250 -0.654347 0.442442
vn 0.604845 -0.764901 0.221557
vn 0.512543 -0.857884 -0.036526
vn 0.408669 -0.817556 -0.405699
vn 0.165380 -0.798722 -0.578526
vn -0.045314 -0.760107 -0.648216
vn -0.215651 -0.728345 -0.650391
vn -0.355574 -0.711668 -0.605884
vn -0.474145 -0.711299 -0.518883
vn -0.573529 -0.725533 -0.380350
vn -0.642615 -0.746870 -0.170972
vn -0.646803 -0.752599 0.123451
vn -0.538221 -0.704421 0.462719
vn -0.325831 -0.595303 0.734472
vn -0.090678 -0.475501 0.875029
vn 0.112572 -0.387058 0.915158
vn 0.278221 -0.338916 0.898737
vn 0.416535 -0.328126 0.847839
vn 0.536541 -0.352934 0.766525
vn 0.640430 -0.415558 0.645880
vn 0.716835 -0.519049 0.465548
vn 0.729231 -0.653251 0.203681
vn 0.624768 -0.771653 -0.119235
vn 0.456286 -0.722015 -0.520094
vn 0.172184 -0.700552 -0.692517
vn -0.060631 -0.661019 -0.747915
vn -0.242707 -0.630014 -0.737683
vn -0.391658 -0.613563 -0.685671
vn -0.521084 -0.611948 -0.594972
vn -0.636617 -0.623811 -0.453409
vn -0.729224 -0.643080 -0.233838
vn -0.756690 -0.647078 0.093331
vn -0.642192 -0.590141 0.489207
vn -0.386684 -0.465113 0.796333
vn -0.111259 -0.338611 0.934325
vn 0.114230 -0.253193 0.960648
vn 0.291947 -0.209881 0.933122
vn 0.439450 -0.201591 0.875354
vn 0.570195 -0.225715 0.789892
vn 0.689944 -0.285771 0.665065
vn 0.789752 -0.389299 0.474065
vn 0.825923 -0.533786 0.181448
vn 0.716074 -0.669948 -0.195980
vn 0.490153 -0.617493 -0.615185
vn 0.174644 -0.601041 -0.779903
vn -0.072854 -0.566957 -0.820520
vn -0.261965 -0.540067 -0.799814
vn -0.416405 -0.524963 -0.742308
vn -0.553032 -0.521462 -0.649794
vn -0.680332 -0.528236 -0.508050
vn -0.792138 -0.539947 -0.284560
vn -0.842359 -0.535128 0.063794
vn -0.726680 -0.467096 0.503744
vn -0.434373 -0.333882 0.836566
vn -0.126990 -0.211752 0.969038
vn 0.114071 -0.136068 0.984110
vn 0.299508 -0.100244 0.948813
vn 0.452751 -0.094970 0.886565
vn 0.590489 -0.117414 0.798459
vn 0.721370 -0.171708 0.670926
vn 0.839514 -0.268097 0.472590
vn 0.897859 -0.411534 0.156490
vn 0.786742 -0.557335 -0.265359
vn 0.512241 -0.507847 -0.692605
vn 0.174044 -0.502791 -0.846706
vn -0.082808 -0.478367 -0.874247
vn -0.276046 -0.457474 -0.845290
vn -0.433819 -0.444286 -0.783844
vn -0.575194 -0.438571 -0.690512
vn -0.710778 -0.438761 -0.549802
vn -0.837146 -0.439379 -0.325781
vn -0.906780 -0.420131 0.035209
vn -0.792310 -0.338886 0.507346
vn -0.470471 -0.204557 0.858378
vn -0.139010 -0.094741 0.985749
vn 0.112753 -0.032379 0.993095
vn 0.303166 -0.005075 0.952924
vn 0.460034 -0.002871 0.887897
vn 0.602268 -0.023173 0.797958
vn 0.740619 -0.070234 0.668244
vn 0.872015 -0.155352 0.464173
vn 0.948376 -0.289333 0.129884
vn 0.837824 -0.437394 -0.326707
vn 0.524268 -0.395234 -0.754276
vn 0.171199 -0.406238 -0.897587
vn -0.091101 -0.394082 -0.914549
vn -0.286572 -0.380204 -0.879387
vn -0.446276 -0.369220 -0.815178
vn -0.590675 -0.361128 -0.721589
vn -0.731811 -0.353944 -0.582389
vn -0.868411 -0.341342 -0.359649
vn -0.952705 -0.303800 0.007650
vn -0.840069 -0.208035 0.501005
vn -0.496498 -0.078401 0.864490
vn -0.148202 0.014003 0.988858
vn 0.110609 0.061380 0.991967
vn 0.304177 0.079946 0.949255
vn 0.463280 0.079192 0.882666
vn 0.608256 0.061227 0.791376
vn 0.751270 0.022020 0.659628
vn 0.891333 -0.049621 0.450624
vn 0.980394 -0.168449 0.102240
vn 0.870600 -0.312704 -0.379832
vn 0.527512 -0.280583 -0.801875
vn 0.166564 -0.310674 -0.935809
vn -0.098167 -0.312357 -0.944879
vn -0.294523 -0.306058 -0.905309
vn -0.455159 -0.297423 -0.839267
vn -0.601277 -0.286871 -0.745769
vn -0.745749 -0.271880 -0.608226
vn -0.888651 -0.244841 -0.387753
vn -0.982228 -0.186729 -0.018966
vn -0.870897 -0.076214 0.485521
vn -0.513661 0.044354 0.856846
vn -0.155182 0.116494 0.980993
vn 0.107785 0.148343 0.983045
vn 0.303188 0.158311 0.939689
vn 0.463523 0.154750 0.872467
vn 0.609934 0.139213 0.780129
vn 0.755354 0.108063 0.646345
vn 0.900018 0.050981 0.432862
vn 0.996058 -0.049145 0.073850
vn 0.886214 -0.185009 -0.424732
vn 0.522753 -0.164014 -0.836558
vn 0.160344 -0.214783 -0.963409
vn -0.104305 -0.231204 -0.967298
vn -0.300469 -0.232843 -0.924934
vn -0.461231 -0.226656 -0.857842
vn -0.607979 -0.213582 -0.764686
vn -0.753860 -0.190520 -0.628806
vn -0.899400 -0.148408 -0.411164
vn -0.996621 -0.068851 -0.044789
vn -0.885447 0.055459 0.461419
vn -0.522754 0.164016 0.836557
vn -0.160343 0.214780 0.963410
vn 0.104307 0.231203 0.967298
vn 0.300467 0.232844 0.924934
vn 0.461230 0.226658 0.857842
vn 0.607979 0.213585 0.764685
vn 0.753860 0.190517 0.628808
vn 0.899401 0.148407 0.411162
vn 0.996621 0.068853 0.044789
vn 0.885448 -0.055457 -0.461417
vn 0.510277 -0.045200 -0.858822
vn 0.152532 -0.116905 -0.981360
vn -0.109693 -0.148499 -0.982810
vn -0.304673 -0.158330 -0.939205
vn -0.464814 -0.154673 -0.871794
vn -0.611171 -0.139021 -0.779194
vn -0.756613 -0.107706 -0.644931
vn -0.901183 -0.050332 -0.430506
vn -0.996283 0.050220 -0.069991
vn -0.883945 0.186124 0.428952
vn -0.524106 0.281072 0.803935
vn -0.163897 0.310764 0.936250
vn 0.100089 0.312320 0.944690
vn 0.296015 0.305990 0.904845
vn 0.456451 0.297345 0.838593
vn 0.602507 0.286767 0.744815
vn 0.746997 0.271718 0.606766
vn 0.889798 0.244513 0.385321
vn 0.982433 0.186012 0.015022
vn 0.868630 0.075100 -0.489737
vn 0.489897 0.076363 -0.868429
vn 0.142963 -0.015159 -0.989612
vn -0.114413 -0.061908 -0.991502
vn -0.307154 -0.080085 -0.948284
vn -0.465867 -0.079030 -0.881319
vn -0.610729 -0.060750 -0.789506
vn -0.753761 -0.021098 -0.656810
vn -0.893580 0.051248 -0.445969
vn -0.980724 0.170923 -0.094688
vn -0.866141 0.314897 0.388123
vn -0.517582 0.395886 0.758540
vn -0.165884 0.406124 0.898636
vn 0.094953 0.393834 0.914264
vn 0.289571 0.379985 0.878499
vn 0.448863 0.369055 0.813831
vn 0.593125 0.361004 0.719638
vn 0.734254 0.353804 0.579391
vn 0.870583 0.340991 0.354698
vn 0.952955 0.302713 -0.015524
vn 0.835610 0.205844 -0.509297
vn 0.460995 0.201060 -0.864325
vn 0.131303 0.092511 -0.987016
vn -0.118445 0.031263 -0.992468
vn -0.307647 0.004720 -0.951489
vn -0.463924 0.003117 -0.885870
vn -0.605952 0.024042 -0.795138
vn -0.744256 0.071931 -0.664009
vn -0.875139 0.158258 -0.457260
vn -0.948557 0.293430 -0.118902
vn -0.831343 0.440578 0.338761
vn -0.502589 0.508404 0.699235
vn -0.166173 0.502218 0.848625
vn 0.088601 0.477729 0.874028
vn 0.280576 0.457021 0.844043
vn 0.437708 0.444040 0.781819
vn 0.578834 0.438508 0.687505
vn 0.714312 0.438814 0.545161
vn 0.840105 0.439272 0.318218
vn 0.906790 0.418969 -0.046870
vn 0.785829 0.335701 -0.519400
vn 0.422559 0.328833 -0.844579
vn 0.117036 0.208189 -0.971061
vn -0.121604 0.134147 -0.983472
vn -0.305491 0.099562 -0.946975
vn -0.457930 0.095297 -0.883865
vn -0.595324 0.118776 -0.794658
vn -0.725981 0.174390 -0.665237
vn -0.843164 0.272512 -0.463477
vn -0.897529 0.417298 -0.142492
vn -0.778526 0.561371 0.280643
vn -0.478062 0.617829 0.624295
vn -0.164412 0.599855 0.783034
vn 0.080567 0.565798 0.820599
vn 0.268034 0.539311 0.798312
vn 0.421583 0.524641 0.739608
vn 0.557783 0.521541 0.645658
vn 0.684764 0.528629 0.501647
vn 0.795511 0.540276 0.274343
vn 0.841750 0.534073 -0.078887
vn 0.718466 0.463059 -0.519021
vn 0.373305 0.458676 -0.806387
vn 0.099468 0.333605 -0.937451
vn -0.123462 0.250291 -0.960266
vn -0.299384 0.208751 -0.931017
vn -0.445854 0.201992 -0.872017
vn -0.576028 0.227670 -0.785084
vn -0.695217 0.289581 -0.657888
vn -0.793403 0.395275 -0.462892
vn -0.824674 0.540982 -0.165077
vn -0.706571 0.674618 0.213656
vn -0.442543 0.722187 0.531603
vn -0.159994 0.698774 0.697221
vn 0.070136 0.659291 0.748610
vn 0.250273 0.628910 0.736095
vn 0.398062 0.613163 0.682332
vn 0.526784 0.612224 0.589644
vn 0.641616 0.624634 0.445154
vn 0.732478 0.643892 0.221084
vn 0.755075 0.646146 -0.111164
vn 0.632690 0.585474 -0.506877
vn 0.311950 0.588039 -0.746255
vn 0.077750 0.469282 -0.879619
vn -0.123165 0.383162 -0.915433
vn -0.286914 0.337298 -0.896610
vn -0.423963 0.328591 -0.843969
vn -0.543056 0.355505 -0.760727
vn -0.645840 0.420459 -0.637263
vn -0.719817 0.526264 -0.452670
vn -0.726772 0.661233 -0.185942
vn -0.614646 0.776628 0.138058
vn -0.394371 0.817809 0.419117
vn -0.151969 0.796637 0.585043
vn 0.056264 0.757930 0.649905
vn 0.224519 0.726932 0.648969
vn 0.363001 0.711202 0.602014
vn 0.480484 0.711762 0.512377
vn 0.578582 0.726704 0.370329
vn 0.645110 0.747960 0.156167
vn 0.643937 0.751629 -0.142822
vn 0.528104 0.699448 -0.481538
vn 0.237648 0.712134 -0.660597
vn 0.051082 0.612740 -0.788632
vn -0.119157 0.534236 -0.836895
vn -0.263801 0.489404 -0.831200
vn -0.385617 0.480059 -0.787936
vn -0.487884 0.506031 -0.711268
vn -0.568504 0.567587 -0.595524
vn -0.614928 0.661870 -0.428709
vn -0.601252 0.772585 -0.203985
vn -0.502744 0.862700 0.054748
vn -0.332110 0.898930 0.285705
vn -0.139030 0.887388 0.439560
vn 0.037557 0.857545 0.513037
vn 0.186382 0.831127 0.523917
vn 0.309557 0.817269 0.486051
vn 0.410255 0.818009 0.403177
vn 0.486514 0.830871 0.270106
vn 0.526483 0.846630 0.077680
vn 0.506419 0.844879 -0.172390
vn 0.405238 0.800402 -0.441746
vn 0.150745 0.823489 -0.546939
vn 0.019091 0.755650 -0.654697
vn -0.109003 0.698168 -0.707587
vn -0.223266 0.663117 -0.714443
vn -0.320158 0.655560 -0.683915
vn -0.397614 0.676558 -0.619817
vn -0.451152 0.724398 -0.521257
vn -0.471781 0.792727 -0.386014
vn -0.447605 0.867333 -0.217676
vn -0.372213 0.927509 -0.034426
vn -0.255171 0.957782 0.132446
vn -0.119646 0.959344 0.255625
vn 0.012629 0.945598 0.325092
vn 0.129866 0.930049 0.343722
vn 0.227751 0.920625 0.317142
vn 0.304023 0.919720 0.248362
vn 0.354452 0.924914 0.137473
vn 0.370867 0.928573 -0.014522
vn 0.342921 0.918299 -0.197819
vn 0.266059 0.882920 -0.386865
vn 0.053063 0.912385 -0.405879
vn -0.017651 0.881391 -0.472057
vn -0.090162 0.854792 -0.511079
vn -0.157800 0.838184 -0.522060
vn -0.215392 0.835042 -0.506271
vn -0.258866 0.846276 -0.465624
vn -0.284384 0.870161 -0.402425
vn -0.288405 0.902410 -0.320124
vn -0.268637 0.936633 -0.224838
vn -0.225721 0.965989 -0.126156
vn -0.164363 0.985749 -0.035819
vn -0.092389 0.995094 0.035383
vn -0.018374 0.996604 0.080267
vn 0.050371 0.994137 0.095681
vn 0.108361 0.990774 0.081398
vn 0.151342 0.987717 0.038873
vn 0.175674 0.984020 -0.029040
vn 0.178218 0.976986 -0.117202
vn 0.157234 0.963359 -0.217293
vn 0.113901 0.941337 -0.317665
vn 0.057010 -0.972394 0.226273
vn -0.057013 0.972393 -0.226279
vn -0.174563 -0.984119 0.032202
vn -0.267366 -0.954325 -0.133338
vn -0.092170 -0.995073 -0.036541
vn -0.122317 -0.959256 -0.254689
vn -0.017208 -0.997187 -0.072954
vn 0.010653 -0.948028 -0.318009
vn 0.047776 -0.995212 -0.085271
vn 0.124821 -0.933636 -0.335772
vn 0.101900 -0.991854 -0.076429
vn 0.219552 -0.923264 -0.315248
vn 0.145531 -0.988108 -0.049628
vn 0.295971 -0.919029 -0.260358
vn 0.174775 -0.984588 0.006354
vn 0.349776 -0.923058 -0.160065
vn 0.179771 -0.979252 0.093533
vn 0.370812 -0.928625 -0.012448
vn 0.162216 -0.967215 0.195400
vn 0.348909 -0.921304 0.171642
vn 0.126200 -0.944206 0.304220
vn 0.280160 -0.885754 0.370067
vn 0.063385 -0.910460 0.408711
vn 0.163066 -0.821327 0.546655
vn -0.017956 -0.880836 0.473081
vn 0.021440 -0.756199 0.653991
vn -0.091814 -0.858398 0.504702
vn -0.107951 -0.703606 0.702343
vn -0.155893 -0.844130 0.512974
vn -0.219526 -0.670496 0.708691
vn -0.209575 -0.839338 0.501587
vn -0.313227 -0.660332 0.682532
vn -0.252992 -0.843166 0.474411
vn -0.389871 -0.672673 0.628897
vn -0.283163 -0.860865 0.422764
vn -0.446050 -0.713671 0.540105
vn -0.290098 -0.893580 0.342576
vn -0.471344 -0.780777 0.410149
vn -0.273731 -0.929783 0.246119
vn -0.453581 -0.857593 0.242484
vn -0.238046 -0.961229 0.139189
vn -0.386300 -0.920991 0.050469
vn -0.345874 -0.894056 -0.284664
vn -0.144405 -0.887475 -0.437647
vn 0.032876 -0.861027 -0.507496
vn 0.179572 -0.835662 -0.519059
vn 0.300411 -0.820606 -0.486167
vn 0.400643 -0.817977 -0.412794
vn 0.479318 -0.828399 -0.289844
vn 0.524200 -0.845209 -0.104100
vn 0.512220 -0.846675 0.144123
vn 0.420623 -0.802696 0.422794
vn 0.251561 -0.709650 0.658114
vn 0.055860 -0.614034 0.787300
vn -0.115774 -0.540120 0.833587
vn -0.258666 -0.496415 0.828652
vn -0.378119 -0.484688 0.788736
vn -0.479081 -0.504093 0.718590
vn -0.561063 -0.558277 0.611175
vn -0.612047 -0.649374 0.451344
vn -0.606692 -0.760958 0.229931
vn -0.517997 -0.854582 -0.036991
vn -0.408624 -0.811839 -0.417066
vn -0.159317 -0.796756 -0.582922
vn 0.049704 -0.761575 -0.646168
vn 0.216819 -0.731258 -0.646723
vn 0.354071 -0.714394 -0.603552
vn 0.471324 -0.712520 -0.519778
vn 0.570607 -0.725251 -0.385251
vn 0.640988 -0.746429 -0.178826
vn 0.648192 -0.752592 0.115984
vn 0.543336 -0.700744 0.462325
vn 0.326369 -0.584913 0.742536
vn 0.084218 -0.470719 0.878254
vn -0.118186 -0.388486 0.913844
vn -0.281038 -0.343022 0.896300
vn -0.416736 -0.332319 0.846106
vn -0.534984 -0.355008 0.766656
vn -0.638090 -0.414524 0.648854
vn -0.715234 -0.515947 0.471423
vn -0.730417 -0.649978 0.209808
vn -0.629461 -0.767622 -0.120565
vn -0.456194 -0.715493 -0.529109
vn -0.168739 -0.698766 -0.695164
vn 0.062292 -0.662562 -0.746412
vn 0.242278 -0.632532 -0.735666
vn 0.389948 -0.615855 -0.684590
vn 0.519000 -0.613393 -0.595305
vn 0.634483 -0.624373 -0.455620
vn 0.727713 -0.643186 -0.238212
vn 0.757474 -0.646814 0.088682
vn 0.646251 -0.585542 0.489387
vn 0.387180 -0.454772 0.802044
vn 0.107019 -0.334831 0.936181
vn -0.117411 -0.254673 0.959873
vn -0.293206 -0.213058 0.932007
vn -0.439289 -0.204730 0.874706
vn -0.569349 -0.227886 0.789880
vn -0.688711 -0.286549 0.666008
vn -0.788582 -0.388588 0.476591
vn -0.826411 -0.532049 0.184304
vn -0.719280 -0.665763 -0.198485
vn -0.490222 -0.610956 -0.621623
vn -0.174172 -0.599656 -0.781074
vn 0.071908 -0.568446 -0.819572
vn 0.260206 -0.542098 -0.799013
vn 0.414583 -0.526756 -0.742057
vn 0.551645 -0.522802 -0.649897
vn 0.679287 -0.529162 -0.508485
vn 0.791394 -0.540484 -0.285607
vn 0.842707 -0.534698 0.062786
vn 0.729089 -0.461879 0.505071
vn 0.434988 -0.324284 0.840015
vn 0.125288 -0.209089 0.969837
vn -0.114842 -0.137515 0.983819
vn -0.299334 -0.102595 0.948617
vn -0.452218 -0.097193 0.886596
vn -0.590166 -0.119280 0.798421
vn -0.721318 -0.173288 0.670575
vn -0.839433 -0.269289 0.472054
vn -0.897962 -0.411756 0.155309
vn -0.787834 -0.553761 -0.269568
vn -0.512600 -0.502118 -0.696505
vn -0.176589 -0.501818 -0.846756
vn 0.079618 -0.479635 -0.873848
vn 0.273317 -0.459000 -0.845350
vn 0.431975 -0.445603 -0.784115
vn 0.574374 -0.439644 -0.690512
vn 0.710767 -0.439658 -0.549100
vn 0.837513 -0.439964 -0.324043
vn 0.906994 -0.419402 0.038264
vn 0.792632 -0.333388 0.510478
vn 0.471288 -0.196288 0.859860
vn 0.139994 -0.093107 0.985765
vn -0.111284 -0.033662 0.993218
vn -0.301781 -0.006706 0.953354
vn -0.459171 -0.004340 0.888337
vn -0.602273 -0.024593 0.797912
vn -0.741506 -0.071943 0.667078
vn -0.873202 -0.157590 0.461176
vn -0.948482 -0.291369 0.124448
vn -0.836481 -0.435185 -0.333035
vn -0.525002 -0.391150 -0.755893
vn -0.176363 -0.405574 -0.896886
vn 0.086260 -0.394968 -0.914636
vn 0.283262 -0.381225 -0.880017
vn 0.444492 -0.370100 -0.815753
vn 0.590299 -0.361863 -0.721528
vn 0.732650 -0.354546 -0.580965
vn 0.869913 -0.341567 -0.355786
vn 0.953039 -0.302493 0.014639
vn 0.838134 -0.202676 0.506413
vn 0.497552 -0.072026 0.864439
vn 0.151808 0.014800 0.988299
vn -0.107201 0.060399 0.992401
vn -0.301842 0.078954 0.950083
vn -0.462153 0.078337 0.883333
vn -0.608440 0.060282 0.791307
vn -0.752777 0.020568 0.657954
vn -0.893576 -0.052095 0.445878
vn -0.980746 -0.171660 0.093115
vn -0.867012 -0.312405 -0.388192
vn -0.528668 -0.278877 -0.801710
vn -0.173396 -0.310224 -0.934716
vn 0.092470 -0.312760 -0.945320
vn 0.291015 -0.306592 -0.906262
vn 0.453512 -0.297903 -0.839989
vn 0.601248 -0.287233 -0.745653
vn 0.747216 -0.272023 -0.606359
vn 0.891071 -0.244383 -0.382452
vn 0.982775 -0.184595 -0.008829
vn 0.866983 -0.071518 0.493179
vn 0.514966 0.048286 0.855850
vn 0.160998 0.116692 0.980032
vn -0.102915 0.147789 0.983650
vn -0.300193 0.157890 0.940721
vn -0.462206 0.154405 0.873226
vn -0.610188 0.138730 0.780016
vn -0.757174 0.107078 0.644377
vn -0.902877 0.048892 0.427109
vn -0.996659 -0.052655 0.062432
vn -0.881236 -0.186752 -0.434220
vn -0.524353 -0.165085 -0.835345
vn -0.167482 -0.214580 -0.962240
vn 0.098632 -0.231132 -0.967910
vn 0.297127 -0.232930 -0.925991
vn 0.459804 -0.226754 -0.858582
vn 0.608226 -0.213543 -0.764500
vn 0.755722 -0.190101 -0.626695
vn 0.902346 -0.147085 -0.405138
vn 0.997284 -0.065849 -0.032998
vn 0.880441 0.058882 0.470485
vn 0.524311 0.165102 0.835368
vn 0.167454 0.214593 0.962242
vn -0.098648 0.231129 0.967909
vn -0.297133 0.232924 0.925990
vn -0.459805 0.226748 0.858583
vn -0.608225 0.213549 0.764499
vn -0.755718 0.190107 0.626698
vn -0.902342 0.147095 0.405144
vn -0.997282 0.065856 0.033026
vn -0.880469 -0.058889 -0.470433
vn -0.512381 -0.048944 -0.857362
vn -0.158683 -0.117146 -0.980355
vn 0.104872 -0.148080 -0.983399
vn 0.301851 -0.158025 -0.940167
vn 0.463703 -0.154399 -0.872434
vn 0.611638 -0.138547 -0.778912
vn 0.758628 -0.106659 -0.642734
vn 0.904154 -0.048121 -0.424489
vn 0.996834 0.053807 -0.058537
vn 0.879244 0.187731 0.437821
vn 0.525935 0.279276 0.803366
vn 0.170972 0.310283 0.935143
vn -0.094484 0.312682 0.945147
vn -0.292699 0.306494 0.905753
vn -0.455015 0.297820 0.839205
vn -0.602683 0.287168 0.744518
vn -0.748637 0.271939 0.604642
vn -0.892294 0.244169 0.379728
vn -0.982906 0.184041 0.004890
vn -0.865068 0.070679 -0.496650
vn -0.492639 0.070467 -0.867376
vn -0.147339 -0.016111 -0.988955
vn 0.111086 -0.061371 -0.991914
vn 0.305191 -0.079484 -0.948968
vn 0.465190 -0.078392 -0.881733
vn 0.611370 -0.059798 -0.789082
vn 0.755671 -0.019382 -0.654665
vn 0.896018 0.054199 -0.440698
vn 0.980930 0.174500 -0.085597
vn 0.863162 0.314440 0.395068
vn 0.519777 0.391643 0.759241
vn 0.171621 0.405280 0.897939
vn -0.090306 0.394464 0.914463
vn -0.286685 0.380805 0.879090
vn -0.447537 0.369868 0.814192
vn -0.593176 0.361845 0.719173
vn -0.735425 0.354686 0.577363
vn -0.872167 0.341637 0.350155
vn -0.953067 0.301924 -0.022480
vn -0.834408 0.201192 -0.513113
vn -0.464582 0.193729 -0.864079
vn -0.133687 0.090623 -0.986871
vn 0.117031 0.031618 -0.992625
vn 0.306889 0.005469 -0.951730
vn 0.463838 0.004099 -0.885911
vn 0.606727 0.025529 -0.794501
vn 0.745761 0.074326 -0.662054
vn 0.876506 0.161636 -0.453443
vn 0.948304 0.296289 -0.113719
vn 0.830995 0.438234 0.342634
vn 0.505358 0.502483 0.701516
vn 0.169769 0.500856 0.848718
vn -0.085705 0.478345 0.873980
vn -0.278589 0.457989 0.844177
vn -0.436658 0.445132 0.781785
vn -0.578706 0.439800 0.686786
vn -0.714750 0.440357 0.543340
vn -0.840413 0.440798 0.315282
vn -0.906506 0.419255 -0.049710
vn -0.787345 0.331458 -0.519830
vn -0.427188 0.320814 -0.845334
vn -0.117591 0.205270 -0.971615
vn 0.122306 0.133996 -0.983406
vn 0.306294 0.100220 -0.946647
vn 0.458652 0.096556 -0.883355
vn 0.596185 0.120847 -0.793700
vn 0.726723 0.177435 -0.663619
vn 0.843021 0.275879 -0.461742
vn 0.896883 0.418843 -0.142023
vn 0.781075 0.557615 0.281047
vn 0.481690 0.611098 0.628120
vn 0.165710 0.597883 0.784268
vn -0.079969 0.566071 0.820468
vn -0.267481 0.540173 0.797914
vn -0.421055 0.525902 0.739013
vn -0.557420 0.523271 0.644569
vn -0.684181 0.530801 0.500148
vn -0.794297 0.542486 0.273498
vn -0.841181 0.535211 -0.077219
vn -0.722613 0.459701 -0.516241
vn -0.379079 0.450697 -0.808190
vn -0.098564 0.329751 -0.938909
vn 0.126277 0.249387 -0.960135
vn 0.302103 0.208951 -0.930093
vn 0.447696 0.203337 -0.870760
vn 0.576923 0.230327 -0.783651
vn 0.694774 0.293158 -0.656771
vn 0.791492 0.398115 -0.463729
vn 0.823853 0.540888 -0.169428
vn 0.711773 0.670049 0.210748
vn 0.447272 0.715475 0.536697
vn 0.159300 0.696293 0.699857
vn -0.072066 0.658974 0.748705
vn -0.251726 0.629312 0.735256
vn -0.398433 0.614363 0.681035
vn -0.526137 0.614324 0.588036
vn -0.639693 0.627351 0.444099
vn -0.729640 0.646548 0.222712
vn -0.754413 0.647938 -0.105062
vn -0.639092 0.583310 -0.501310
vn -0.318771 0.580733 -0.749089
vn -0.075808 0.464858 -0.882134
vn 0.127905 0.381467 -0.915491
vn 0.291797 0.336636 -0.895283
vn 0.427359 0.329564 -0.841874
vn 0.543937 0.358577 -0.758654
vn 0.643772 0.424293 -0.636814
vn 0.716112 0.528147 -0.456337
vn 0.726021 0.659552 -0.194638
vn 0.621907 0.771828 0.132337
vn 0.400252 0.811846 0.425094
vn 0.149831 0.794022 0.589135
vn -0.060590 0.757029 0.650566
vn -0.228468 0.726514 0.648058
vn -0.364853 0.711914 0.600051
vn -0.479550 0.714013 0.510115
vn -0.575021 0.729772 0.369843
vn -0.640706 0.750831 0.160465
vn -0.643367 0.753953 -0.132790
vn -0.536170 0.698608 -0.473781
vn -0.245119 0.705956 -0.664487
vn -0.048429 0.608365 -0.792178
vn 0.125489 0.532052 -0.837361
vn 0.270735 0.487799 -0.829912
vn 0.391066 0.479865 -0.785364
vn 0.488795 0.508932 -0.708568
vn 0.564505 0.571188 -0.595885
vn 0.609679 0.662557 -0.435098
vn 0.600716 0.769718 -0.216044
vn 0.511248 0.858146 0.047021
vn 0.338859 0.894294 0.292254
vn 0.136013 0.885249 0.444785
vn -0.043859 0.856408 0.514434
vn -0.192853 0.829930 0.523473
vn -0.313671 0.816906 0.484021
vn -0.409231 0.819898 0.400370
vn -0.481159 0.833914 0.270323
vn -0.520761 0.849510 0.084508
vn -0.506012 0.847669 -0.159405
vn -0.414202 0.800803 -0.432609
vn -0.158226 0.818619 -0.552112
vn -0.015738 0.751874 -0.659118
vn 0.116370 0.696246 -0.708308
vn 0.231789 0.661001 -0.713688
vn 0.327549 0.653970 -0.681934
vn 0.398804 0.678204 -0.617248
vn 0.445387 0.727023 -0.522559
vn 0.465515 0.792257 -0.394491
vn 0.447236 0.863900 -0.231639
vn 0.381061 0.923549 -0.043017
vn 0.262184 0.954873 0.139558
vn 0.115997 0.958228 0.261428
vn -0.020180 0.944863 0.326845
vn -0.138294 0.928716 0.344038
vn -0.234325 0.919308 0.316171
vn -0.303519 0.920534 0.245953
vn -0.347625 0.927335 0.138588
vn -0.364285 0.931269 -0.005802
vn -0.342606 0.921422 -0.183308
vn -0.275144 0.884228 -0.377408
vn -0.060123 0.908843 -0.412782
vn 0.021764 0.878307 -0.477602
vn 0.097816 0.853670 -0.511546
vn 0.167233 0.835757 -0.523013
vn 0.223901 0.832866 -0.506165
vn 0.259050 0.847511 -0.463268
vn 0.277138 0.871651 -0.404252
vn 0.281758 0.901133 -0.329501
vn 0.268444 0.933162 -0.239053
vn 0.234421 0.962809 -0.134333
vn 0.171174 0.984849 -0.027796
vn 0.088112 0.995233 0.041801
vn 0.010581 0.996618 0.081493
vn -0.060078 0.993377 0.097942
vn -0.116494 0.989793 0.082088
vn -0.150383 0.987959 0.036368
vn -0.167748 0.985447 -0.027466
vn -0.171371 0.979297 -0.107745
vn -0.157045 0.966547 -0.202789
vn -0.122687 0.943100 -0.309047
vn -0.057209 -0.972436 0.226041
vn 0.057212 0.972435 -0.226047
s 1
g cha_dog_head pSphere10
usemtl lambert23SG
f 2271/2609/2271 2272/2610/2272 2291/2630/2273
f 2291/2630/2273 2272/2610/2272 2292/2631/2274
f 2272/2610/2272 2273/2611/2275 2292/2631/2274
f 2292/2631/2274 2273/2611/2275 2293/2632/2276
f 2273/2611/2275 2274/2612/2277 2293/2632/2276
f 2293/2632/2276 2274/2612/2277 2294/2633/2278
f 2274/2612/2277 2275/2613/2279 2294/2633/2278
f 2294/2633/2278 2275/2613/2279 2295/2634/2280
f 2275/2613/2279 2276/2614/2281 2295/2634/2280
f 2295/2634/2280 2276/2614/2281 2296/2635/2282
f 2276/2614/2281 2277/2615/2283 2296/2635/2282
f 2296/2635/2282 2277/2615/2283 2297/2636/2284
f 2277/2615/2283 2278/2616/2285 2297/2636/2284
f 2297/2636/2284 2278/2616/2285 2298/2637/2286
f 2278/2616/2285 2279/2617/2287 2298/2637/2286
f 2298/2637/2286 2279/2617/2287 2299/2638/2288
f 2279/2617/2287 2280/2618/2289 2299/2638/2288
f 2299/2638/2288 2280/2618/2289 2300/2639/2290
f 2280/2618/2289 2281/2619/2291 2300/2639/2290
f 2300/2639/2290 2281/2619/2291 2301/2640/2292
f 2281/2619/2291 2282/2620/2293 2301/2640/2292
f 2301/2640/2292 2282/2620/2293 2302/2641/2294
f 2282/2620/2293 2283/2621/2295 2302/2641/2294
f 2302/2641/2294 2283/2621/2295 2303/2642/2296
f 2283/2621/2295 2284/2622/2297 2303/2642/2296
f 2303/2642/2296 2284/2622/2297 2304/2643/2298
f 2284/2622/2297 2285/2623/2299 2304/2643/2298
f 2304/2643/2298 2285/2623/2299 2305/2644/2300
f 2285/2623/2299 2286/2624/2301 2305/2644/2300
f 2305/2644/2300 2286/2624/2301 2306/2645/2302
f 2286/2624/2301 2287/2625/2303 2306/2645/2302
f 2306/2645/2302 2287/2625/2303 2307/2646/2304
f 2287/2625/2303 2288/2626/2305 2307/2646/2304
f 2307/2646/2304 2288/2626/2305 2308/2647/2306
f 2288/2626/2305 2289/2627/2307 2308/2647/2306
f 2308/2647/2306 2289/2627/2307 2309/2648/2308
f 2289/2627/2307 2290/2628/2309 2309/2648/2308
f 2309/2648/2308 2290/2628/2309 2310/2649/2310
f 2290/2628/2309 2271/2629/2271 2310/2649/2310
f 2310/2649/2310 2271/2629/2271 2291/2650/2273
f 2291/2630/2273 2292/2631/2274 2311/2651/2311
f 2311/2651/2311 2292/2631/2274 2312/2652/2312
f 2292/2631/2274 2293/2632/2276 2312/2652/2312
f 2312/2652/2312 2293/2632/2276 2313/2653/2313
f 2293/2632/2276 2294/2633/2278 2313/2653/2313
f 2313/2653/2313 2294/2633/2278 2314/2654/2314
f 2294/2633/2278 2295/2634/2280 2314/2654/2314
f 2314/2654/2314 2295/2634/2280 2315/2655/2315
f 2295/2634/2280 2296/2635/2282 2315/2655/2315
f 2315/2655/2315 2296/2635/2282 2316/2656/2316
f 2296/2635/2282 2297/2636/2284 2316/2656/2316
f 2316/2656/2316 2297/2636/2284 2317/2657/2317
f 2297/2636/2284 2298/2637/2286 2317/2657/2317
f 2317/2657/2317 2298/2637/2286 2318/2658/2318
f 2298/2637/2286 2299/2638/2288 2318/2658/2318
f 2318/2658/2318 2299/2638/2288 2319/2659/2319
f 2299/2638/2288 2300/2639/2290 2319/2659/2319
f 2319/2659/2319 2300/2639/2290 2320/2660/2320
f 2300/2639/2290 2301/2640/2292 2320/2660/2320
f 2320/2660/2320 2301/2640/2292 2321/2661/2321
f 2301/2640/2292 2302/2641/2294 2321/2661/2321
f 2321/2661/2321 2302/2641/2294 2322/2662/2322
f 2302/2641/2294 2303/2642/2296 2322/2662/2322
f 2322/2662/2322 2303/2642/2296 2323/2663/2323
f 2303/2642/2296 2304/2643/2298 2323/2663/2323
f 2323/2663/2323 2304/2643/2298 2324/2664/2324
f 2304/2643/2298 2305/2644/2300 2324/2664/2324
f 2324/2664/2324 2305/2644/2300 2325/2665/2325
f 2305/2644/2300 2306/2645/2302 2325/2665/2325
f 2325/2665/2325 2306/2645/2302 2326/2666/2326
f 2306/2645/2302 2307/2646/2304 2326/2666/2326
f 2326/2666/2326 2307/2646/2304 2327/2667/2327
f 2307/2646/2304 2308/2647/2306 2327/2667/2327
f 2327/2667/2327 2308/2647/2306 2328/2668/2328
f 2308/2647/2306 2309/2648/2308 2328/2668/2328
f 2328/2668/2328 2309/2648/2308 2329/2669/2329
f 2309/2648/2308 2310/2649/2310 2329/2669/2329
f 2329/2669/2329 2310/2649/2310 2330/2670/2330
f 2310/2649/2310 2291/2650/2273 2330/2670/2330
f 2330/2670/2330 2291/2650/2273 2311/2671/2311
f 2311/2651/2311 2312/2652/2312 2331/2672/2331
f 2331/2672/2331 2312/2652/2312 2332/2673/2332
f 2312/2652/2312 2313/2653/2313 2332/2673/2332
f 2332/2673/2332 2313/2653/2313 2333/2674/2333
f 2313/2653/2313 2314/2654/2314 2333/2674/2333
f 2333/2674/2333 2314/2654/2314 2334/2675/2334
f 2314/2654/2314 2315/2655/2315 2334/2675/2334
f 2334/2675/2334 2315/2655/2315 2335/2676/2335
f 2315/2655/2315 2316/2656/2316 2335/2676/2335
f 2335/2676/2335 2316/2656/2316 2336/2677/2336
f 2316/2656/2316 2317/2657/2317 2336/2677/2336
f 2336/2677/2336 2317/2657/2317 2337/2678/2337
f 2317/2657/2317 2318/2658/2318 2337/2678/2337
f 2337/2678/2337 2318/2658/2318 2338/2679/2338
f 2318/2658/2318 2319/2659/2319 2338/2679/2338
f 2338/2679/2338 2319/2659/2319 2339/2680/2339
f 2319/2659/2319 2320/2660/2320 2339/2680/2339
f 2339/2680/2339 2320/2660/2320 2340/2681/2340
f 2320/2660/2320 2321/2661/2321 2340/2681/2340
f 2340/2681/2340 2321/2661/2321 2341/2682/2341
f 2321/2661/2321 2322/2662/2322 2341/2682/2341
f 2341/2682/2341 2322/2662/2322 2342/2683/2342
f 2322/2662/2322 2323/2663/2323 2342/2683/2342
f 2342/2683/2342 2323/2663/2323 2343/2684/2343
f 2323/2663/2323 2324/2664/2324 2343/2684/2343
f 2343/2684/2343 2324/2664/2324 2344/2685/2344
f 2324/2664/2324 2325/2665/2325 2344/2685/2344
f 2344/2685/2344 2325/2665/2325 2345/2686/2345
f 2325/2665/2325 2326/2666/2326 2345/2686/2345
f 2345/2686/2345 2326/2666/2326 2346/2687/2346
f 2326/2666/2326 2327/2667/2327 2346/2687/2346
f 2346/2687/2346 2327/2667/2327 2347/2688/2347
f 2327/2667/2327 2328/2668/2328 2347/2688/2347
f 2347/2688/2347 2328/2668/2328 2348/2689/2348
f 2328/2668/2328 2329/2669/2329 2348/2689/2348
f 2348/2689/2348 2329/2669/2329 2349/2690/2349
f 2329/2669/2329 2330/2670/2330 2349/2690/2349
f 2349/2690/2349 2330/2670/2330 2350/2691/2350
f 2330/2670/2330 2311/2671/2311 2350/2691/2350
f 2350/2691/2350 2311/2671/2311 2331/2692/2331
f 2331/2672/2331 2332/2673/2332 2351/2693/2351
f 2351/2693/2351 2332/2673/2332 2352/2694/2352
f 2332/2673/2332 2333/2674/2333 2352/2694/2352
f 2352/2694/2352 2333/2674/2333 2353/2695/2353
f 2333/2674/2333 2334/2675/2334 2353/2695/2353
f 2353/2695/2353 2334/2675/2334 2354/2696/2354
f 2334/2675/2334 2335/2676/2335 2354/2696/2354
f 2354/2696/2354 2335/2676/2335 2355/2697/2355
f 2335/2676/2335 2336/2677/2336 2355/2697/2355
f 2355/2697/2355 2336/2677/2336 2356/2698/2356
f 2336/2677/2336 2337/2678/2337 2356/2698/2356
f 2356/2698/2356 2337/2678/2337 2357/2699/2357
f 2337/2678/2337 2338/2679/2338 2357/2699/2357
f 2357/2699/2357 2338/2679/2338 2358/2700/2358
f 2338/2679/2338 2339/2680/2339 2358/2700/2358
f 2358/2700/2358 2339/2680/2339 2359/2701/2359
f 2339/2680/2339 2340/2681/2340 2359/2701/2359
f 2359/2701/2359 2340/2681/2340 2360/2702/2360
f 2340/2681/2340 2341/2682/2341 2360/2702/2360
f 2360/2702/2360 2341/2682/2341 2361/2703/2361
f 2341/2682/2341 2342/2683/2342 2361/2703/2361
f 2361/2703/2361 2342/2683/2342 2362/2704/2362
f 2342/2683/2342 2343/2684/2343 2362/2704/2362
f 2362/2704/2362 2343/2684/2343 2363/2705/2363
f 2343/2684/2343 2344/2685/2344 2363/2705/2363
f 2363/2705/2363 2344/2685/2344 2364/2706/2364
f 2344/2685/2344 2345/2686/2345 2364/2706/2364
f 2364/2706/2364 2345/2686/2345 2365/2707/2365
f 2345/2686/2345 2346/2687/2346 2365/2707/2365
f 2365/2707/2365 2346/2687/2346 2366/2708/2366
f 2346/2687/2346 2347/2688/2347 2366/2708/2366
f 2366/2708/2366 2347/2688/2347 2367/2709/2367
f 2347/2688/2347 2348/2689/2348 2367/2709/2367
f 2367/2709/2367 2348/2689/2348 2368/2710/2368
f 2348/2689/2348 2349/2690/2349 2368/2710/2368
f 2368/2710/2368 2349/2690/2349 2369/2711/2369
f 2349/2690/2349 2350/2691/2350 2369/2711/2369
f 2369/2711/2369 2350/2691/2350 2370/2712/2370
f 2350/2691/2350 2331/2692/2331 2370/2712/2370
f 2370/2712/2370 2331/2692/2331 2351/2713/2351
f 2351/2693/2351 2352/2694/2352 2371/2714/2371
f 2371/2714/2371 2352/2694/2352 2372/2715/2372
f 2352/2694/2352 2353/2695/2353 2372/2715/2372
f 2372/2715/2372 2353/2695/2353 2373/2716/2373
f 2353/2695/2353 2354/2696/2354 2373/2716/2373
f 2373/2716/2373 2354/2696/2354 2374/2717/2374
f 2354/2696/2354 2355/2697/2355 2374/2717/2374
f 2374/2717/2374 2355/2697/2355 2375/2718/2375
f 2355/2697/2355 2356/2698/2356 2375/2718/2375
f 2375/2718/2375 2356/2698/2356 2376/2719/2376
f 2356/2698/2356 2357/2699/2357 2376/2719/2376
f 2376/2719/2376 2357/2699/2357 2377/2720/2377
f 2357/2699/2357 2358/2700/2358 2377/2720/2377
f 2377/2720/2377 2358/2700/2358 2378/2721/2378
f 2358/2700/2358 2359/2701/2359 2378/2721/2378
f 2378/2721/2378 2359/2701/2359 2379/2722/2379
f 2359/2701/2359 2360/2702/2360 2379/2722/2379
f 2379/2722/2379 2360/2702/2360 2380/2723/2380
f 2360/2702/2360 2361/2703/2361 2380/2723/2380
f 2380/2723/2380 2361/2703/2361 2381/2724/2381
f 2361/2703/2361 2362/2704/2362 2381/2724/2381
f 2381/2724/2381 2362/2704/2362 2382/2725/2382
f 2362/2704/2362 2363/2705/2363 2382/2725/2382
f 2382/2725/2382 2363/2705/2363 2383/2726/2383
f 2363/2705/2363 2364/2706/2364 2383/2726/2383
f 2383/2726/2383 2364/2706/2364 2384/2727/2384
f 2364/2706/2364 2365/2707/2365 2384/2727/2384
f 2384/2727/2384 2365/2707/2365 2385/2728/2385
f 2365/2707/2365 2366/2708/2366 2385/2728/2385
f 2385/2728/2385 2366/2708/2366 2386/2729/2386
f 2366/2708/2366 2367/2709/2367 2386/2729/2386
f 2386/2729/2386 2367/2709/2367 2387/2730/2387
f 2367/2709/2367 2368/2710/2368 2387/2730/2387
f 2387/2730/2387 2368/2710/2368 2388/2731/2388
f 2368/2710/2368 2369/2711/2369 2388/2731/2388
f 2388/2731/2388 2369/2711/2369 2389/2732/2389
f 2369/2711/2369 2370/2712/2370 2389/2732/2389
f 2389/2732/2389 2370/2712/2370 2390/2733/2390
f 2370/2712/2370 2351/2713/2351 2390/2733/2390
f 2390/2733/2390 2351/2713/2351 2371/2734/2371
f 2371/2714/2371 2372/2715/2372 2391/2735/2391
f 2391/2735/2391 2372/2715/2372 2392/2736/2392
f 2372/2715/2372 2373/2716/2373 2392/2736/2392
f 2392/2736/2392 2373/2716/2373 2393/2737/2393
f 2373/2716/2373 2374/2717/2374 2393/2737/2393
f 2393/2737/2393 2374/2717/2374 2394/2738/2394
f 2374/2717/2374 2375/2718/2375 2394/2738/2394
f 2394/2738/2394 2375/2718/2375 2395/2739/2395
f 2375/2718/2375 2376/2719/2376 2395/2739/2395
f 2395/2739/2395 2376/2719/2376 2396/2740/2396
f 2376/2719/2376 2377/2720/2377 2396/2740/2396
f 2396/2740/2396 2377/2720/2377 2397/2741/2397
f 2377/2720/2377 2378/2721/2378 2397/2741/2397
f 2397/2741/2397 2378/2721/2378 2398/2742/2398
f 2378/2721/2378 2379/2722/2379 2398/2742/2398
f 2398/2742/2398 2379/2722/2379 2399/2743/2399
f 2379/2722/2379 2380/2723/2380 2399/2743/2399
f 2399/2743/2399 2380/2723/2380 2400/2744/2400
f 2380/2723/2380 2381/2724/2381 2400/2744/2400
f 2400/2744/2400 2381/2724/2381 2401/2745/2401
f 2381/2724/2381 2382/2725/2382 2401/2745/2401
f 2401/2745/2401 2382/2725/2382 2402/2746/2402
f 2382/2725/2382 2383/2726/2383 2402/2746/2402
f 2402/2746/2402 2383/2726/2383 2403/2747/2403
f 2383/2726/2383 2384/2727/2384 2403/2747/2403
f 2403/2747/2403 2384/2727/2384 2404/2748/2404
f 2384/2727/2384 2385/2728/2385 2404/2748/2404
f 2404/2748/2404 2385/2728/2385 2405/2749/2405
f 2385/2728/2385 2386/2729/2386 2405/2749/2405
f 2405/2749/2405 2386/2729/2386 2406/2750/2406
f 2386/2729/2386 2387/2730/2387 2406/2750/2406
f 2406/2750/2406 2387/2730/2387 2407/2751/2407
f 2387/2730/2387 2388/2731/2388 2407/2751/2407
f 2407/2751/2407 2388/2731/2388 2408/2752/2408
f 2388/2731/2388 2389/2732/2389 2408/2752/2408
f 2408/2752/2408 2389/2732/2389 2409/2753/2409
f 2389/2732/2389 2390/2733/2390 2409/2753/2409
f 2409/2753/2409 2390/2733/2390 2410/2754/2410
f 2390/2733/2390 2371/2734/2371 2410/2754/2410
f 2410/2754/2410 2371/2734/2371 2391/2755/2391
f 2391/2735/2391 2392/2736/2392 2411/2756/2411
f 2411/2756/2411 2392/2736/2392 2412/2757/2412
f 2392/2736/2392 2393/2737/2393 2412/2757/2412
f 2412/2757/2412 2393/2737/2393 2413/2758/2413
f 2393/2737/2393 2394/2738/2394 2413/2758/2413
f 2413/2758/2413 2394/2738/2394 2414/2759/2414
f 2394/2738/2394 2395/2739/2395 2414/2759/2414
f 2414/2759/2414 2395/2739/2395 2415/2760/2415
f 2395/2739/2395 2396/2740/2396 2415/2760/2415
f 2415/2760/2415 2396/2740/2396 2416/2761/2416
f 2396/2740/2396 2397/2741/2397 2416/2761/2416
f 2416/2761/2416 2397/2741/2397 2417/2762/2417
f 2397/2741/2397 2398/2742/2398 2417/2762/2417
f 2417/2762/2417 2398/2742/2398 2418/2763/2418
f 2398/2742/2398 2399/2743/2399 2418/2763/2418
f 2418/2763/2418 2399/2743/2399 2419/2764/2419
f 2399/2743/2399 2400/2744/2400 2419/2764/2419
f 2419/2764/2419 2400/2744/2400 2420/2765/2420
f 2400/2744/2400 2401/2745/2401 2420/2765/2420
f 2420/2765/2420 2401/2745/2401 2421/2766/2421
f 2401/2745/2401 2402/2746/2402 2421/2766/2421
f 2421/2766/2421 2402/2746/2402 2422/2767/2422
f 2402/2746/2402 2403/2747/2403 2422/2767/2422
f 2422/2767/2422 2403/2747/2403 2423/2768/2423
f 2403/2747/2403 2404/2748/2404 2423/2768/2423
f 2423/2768/2423 2404/2748/2404 2424/2769/2424
f 2404/2748/2404 2405/2749/2405 2424/2769/2424
f 2424/2769/2424 2405/2749/2405 2425/2770/2425
f 2405/2749/2405 2406/2750/2406 2425/2770/2425
f 2425/2770/2425 2406/2750/2406 2426/2771/2426
f 2406/2750/2406 2407/2751/2407 2426/2771/2426
f 2426/2771/2426 2407/2751/2407 2427/2772/2427
f 2407/2751/2407 2408/2752/2408 2427/2772/2427
f 2427/2772/2427 2408/2752/2408 2428/2773/2428
f 2408/2752/2408 2409/2753/2409 2428/2773/2428
f 2428/2773/2428 2409/2753/2409 2429/2774/2429
f 2409/2753/2409 2410/2754/2410 2429/2774/2429
f 2429/2774/2429 2410/2754/2410 2430/2775/2430
f 2410/2754/2410 2391/2755/2391 2430/2775/2430
f 2430/2775/2430 2391/2755/2391 2411/2776/2411
f 2411/2756/2411 2412/2757/2412 2431/2777/2431
f 2431/2777/2431 2412/2757/2412 2432/2778/2432
f 2412/2757/2412 2413/2758/2413 2432/2778/2432
f 2432/2778/2432 2413/2758/2413 2433/2779/2433
f 2413/2758/2413 2414/2759/2414 2433/2779/2433
f 2433/2779/2433 2414/2759/2414 2434/2780/2434
f 2414/2759/2414 2415/2760/2415 2434/2780/2434
f 2434/2780/2434 2415/2760/2415 2435/2781/2435
f 2415/2760/2415 2416/2761/2416 2435/2781/2435
f 2435/2781/2435 2416/2761/2416 2436/2782/2436
f 2416/2761/2416 2417/2762/2417 2436/2782/2436
f 2436/2782/2436 2417/2762/2417 2437/2783/2437
f 2417/2762/2417 2418/2763/2418 2437/2783/2437
f 2437/2783/2437 2418/2763/2418 2438/2784/2438
f 2418/2763/2418 2419/2764/2419 2438/2784/2438
f 2438/2784/2438 2419/2764/2419 2439/2785/2439
f 2419/2764/2419 2420/2765/2420 2439/2785/2439
f 2439/2785/2439 2420/2765/2420 2440/2786/2440
f 2420/2765/2420 2421/2766/2421 2440/2786/2440
f 2440/2786/2440 2421/2766/2421 2441/2787/2441
f 2421/2766/2421 2422/2767/2422 2441/2787/2441
f 2441/2787/2441 2422/2767/2422 2442/2788/2442
f 2422/2767/2422 2423/2768/2423 2442/2788/2442
f 2442/2788/2442 2423/2768/2423 2443/2789/2443
f 2423/2768/2423 2424/2769/2424 2443/2789/2443
f 2443/2789/2443 2424/2769/2424 2444/2790/2444
f 2424/2769/2424 2425/2770/2425 2444/2790/2444
f 2444/2790/2444 2425/2770/2425 2445/2791/2445
f 2425/2770/2425 2426/2771/2426 2445/2791/2445
f 2445/2791/2445 2426/2771/2426 2446/2792/2446
f 2426/2771/2426 2427/2772/2427 2446/2792/2446
f 2446/2792/2446 2427/2772/2427 2447/2793/2447
f 2427/2772/2427 2428/2773/2428 2447/2793/2447
f 2447/2793/2447 2428/2773/2428 2448/2794/2448
f 2428/2773/2428 2429/2774/2429 2448/2794/2448
f 2448/2794/2448 2429/2774/2429 2449/2795/2449
f 2429/2774/2429 2430/2775/2430 2449/2795/2449
f 2449/2795/2449 2430/2775/2430 2450/2796/2450
f 2430/2775/2430 2411/2776/2411 2450/2796/2450
f 2450/2796/2450 2411/2776/2411 2431/2797/2431
f 2431/2777/2431 2432/2778/2432 2451/2798/2451
f 2451/2798/2451 2432/2778/2432 2452/2799/2452
f 2432/2778/2432 2433/2779/2433 2452/2799/2452
f 2452/2799/2452 2433/2779/2433 2453/2800/2453
f 2433/2779/2433 2434/2780/2434 2453/2800/2453
f 2453/2800/2453 2434/2780/2434 2454/2801/2454
f 2434/2780/2434 2435/2781/2435 2454/2801/2454
f 2454/2801/2454 2435/2781/2435 2455/2802/2455
f 2435/2781/2435 2436/2782/2436 2455/2802/2455
f 2455/2802/2455 2436/2782/2436 2456/2803/2456
f 2436/2782/2436 2437/2783/2437 2456/2803/2456
f 2456/2803/2456 2437/2783/2437 2457/2804/2457
f 2437/2783/2437 2438/2784/2438 2457/2804/2457
f 2457/2804/2457 2438/2784/2438 2458/2805/2458
f 2438/2784/2438 2439/2785/2439 2458/2805/2458
f 2458/2805/2458 2439/2785/2439 2459/2806/2459
f 2439/2785/2439 2440/2786/2440 2459/2806/2459
f 2459/2806/2459 2440/2786/2440 2460/2807/2460
f 2440/2786/2440 2441/2787/2441 2460/2807/2460
f 2460/2807/2460 2441/2787/2441 2461/2808/2461
f 2441/2787/2441 2442/2788/2442 2461/2808/2461
f 2461/2808/2461 2442/2788/2442 2462/2809/2462
f 2442/2788/2442 2443/2789/2443 2462/2809/2462
f 2462/2809/2462 2443/2789/2443 2463/2810/2463
f 2443/2789/2443 2444/2790/2444 2463/2810/2463
f 2463/2810/2463 2444/2790/2444 2464/2811/2464
f 2444/2790/2444 2445/2791/2445 2464/2811/2464
f 2464/2811/2464 2445/2791/2445 2465/2812/2465
f 2445/2791/2445 2446/2792/2446 2465/2812/2465
f 2465/2812/2465 2446/2792/2446 2466/2813/2466
f 2446/2792/2446 2447/2793/2447 2466/2813/2466
f 2466/2813/2466 2447/2793/2447 2467/2814/2467
f 2447/2793/2447 2448/2794/2448 2467/2814/2467
f 2467/2814/2467 2448/2794/2448 2468/2815/2468
f 2448/2794/2448 2449/2795/2449 2468/2815/2468
f 2468/2815/2468 2449/2795/2449 2469/2816/2469
f 2449/2795/2449 2450/2796/2450 2469/2816/2469
f 2469/2816/2469 2450/2796/2450 2470/2817/2470
f 2450/2796/2450 2431/2797/2431 2470/2817/2470
f 2470/2817/2470 2431/2797/2431 2451/2818/2451
f 2451/2798/2451 2452/2799/2452 2471/2819/2471
f 2471/2819/2471 2452/2799/2452 2472/2820/2472
f 2452/2799/2452 2453/2800/2453 2472/2820/2472
f 2472/2820/2472 2453/2800/2453 2473/2821/2473
f 2453/2800/2453 2454/2801/2454 2473/2821/2473
f 2473/2821/2473 2454/2801/2454 2474/2822/2474
f 2454/2801/2454 2455/2802/2455 2474/2822/2474
f 2474/2822/2474 2455/2802/2455 2475/2823/2475
f 2455/2802/2455 2456/2803/2456 2475/2823/2475
f 2475/2823/2475 2456/2803/2456 2476/2824/2476
f 2456/2803/2456 2457/2804/2457 2476/2824/2476
f 2476/2824/2476 2457/2804/2457 2477/2825/2477
f 2457/2804/2457 2458/2805/2458 2477/2825/2477
f 2477/2825/2477 2458/2805/2458 2478/2826/2478
f 2458/2805/2458 2459/2806/2459 2478/2826/2478
f 2478/2826/2478 2459/2806/2459 2479/2827/2479
f 2459/2806/2459 2460/2807/2460 2479/2827/2479
f 2479/2827/2479 2460/2807/2460 2480/2828/2480
f 2460/2807/2460 2461/2808/2461 2480/2828/2480
f 2480/2828/2480 2461/2808/2461 2481/2829/2481
f 2461/2808/2461 2462/2809/2462 2481/2829/2481
f 2481/2829/2481 2462/2809/2462 2482/2830/2482
f 2462/2809/2462 2463/2810/2463 2482/2830/2482
f 2482/2830/2482 2463/2810/2463 2483/2831/2483
f 2463/2810/2463 2464/2811/2464 2483/2831/2483
f 2483/2831/2483 2464/2811/2464 2484/2832/2484
f 2464/2811/2464 2465/2812/2465 2484/2832/2484
f 2484/2832/2484 2465/2812/2465 2485/2833/2485
f 2465/2812/2465 2466/2813/2466 2485/2833/2485
f 2485/2833/2485 2466/2813/2466 2486/2834/2486
f 2466/2813/2466 2467/2814/2467 2486/2834/2486
f 2486/2834/2486 2467/2814/2467 2487/2835/2487
f 2467/2814/2467 2468/2815/2468 2487/2835/2487
f 2487/2835/2487 2468/2815/2468 2488/2836/2488
f 2468/2815/2468 2469/2816/2469 2488/2836/2488
f 2488/2836/2488 2469/2816/2469 2489/2837/2489
f 2469/2816/2469 2470/2817/2470 2489/2837/2489
f 2489/2837/2489 2470/2817/2470 2490/2838/2490
f 2470/2817/2470 2451/2818/2451 2490/2838/2490
f 2490/2838/2490 2451/2818/2451 2471/2839/2471
f 2471/2819/2471 2472/2820/2472 2491/2840/2491
f 2491/2840/2491 2472/2820/2472 2492/2841/2492
f 2472/2820/2472 2473/2821/2473 2492/2841/2492
f 2492/2841/2492 2473/2821/2473 2493/2842/2493
f 2473/2821/2473 2474/2822/2474 2493/2842/2493
f 2493/2842/2493 2474/2822/2474 2494/2843/2494
f 2474/2822/2474 2475/2823/2475 2494/2843/2494
f 2494/2843/2494 2475/2823/2475 2495/2844/2495
f 2475/2823/2475 2476/2824/2476 2495/2844/2495
f 2495/2844/2495 2476/2824/2476 2496/2845/2496
f 2476/2824/2476 2477/2825/2477 2496/2845/2496
f 2496/2845/2496 2477/2825/2477 2497/2846/2497
f 2477/2825/2477 2478/2826/2478 2497/2846/2497
f 2497/2846/2497 2478/2826/2478 2498/2847/2498
f 2478/2826/2478 2479/2827/2479 2498/2847/2498
f 2498/2847/2498 2479/2827/2479 2499/2848/2499
f 2479/2827/2479 2480/2828/2480 2499/2848/2499
f 2499/2848/2499 2480/2828/2480 2500/2849/2500
f 2480/2828/2480 2481/2829/2481 2500/2849/2500
f 2500/2849/2500 2481/2829/2481 2501/2850/2501
f 2481/2829/2481 2482/2830/2482 2501/2850/2501
f 2501/2850/2501 2482/2830/2482 2502/2851/2502
f 2482/2830/2482 2483/2831/2483 2502/2851/2502
f 2502/2851/2502 2483/2831/2483 2503/2852/2503
f 2483/2831/2483 2484/2832/2484 2503/2852/2503
f 2503/2852/2503 2484/2832/2484 2504/2853/2504
f 2484/2832/2484 2485/2833/2485 2504/2853/2504
f 2504/2853/2504 2485/2833/2485 2505/2854/2505
f 2485/2833/2485 2486/2834/2486 2505/2854/2505
f 2505/2854/2505 2486/2834/2486 2506/2855/2506
f 2486/2834/2486 2487/2835/2487 2506/2855/2506
f 2506/2855/2506 2487/2835/2487 2507/2856/2507
f 2487/2835/2487 2488/2836/2488 2507/2856/2507
f 2507/2856/2507 2488/2836/2488 2508/2857/2508
f 2488/2836/2488 2489/2837/2489 2508/2857/2508
f 2508/2857/2508 2489/2837/2489 2509/2858/2509
f 2489/2837/2489 2490/2838/2490 2509/2858/2509
f 2509/2858/2509 2490/2838/2490 2510/2859/2510
f 2490/2838/2490 2471/2839/2471 2510/2859/2510
f 2510/2859/2510 2471/2839/2471 2491/2860/2491
f 2491/2840/2491 2492/2841/2492 2511/2861/2511
f 2511/2861/2511 2492/2841/2492 2512/2862/2512
f 2492/2841/2492 2493/2842/2493 2512/2862/2512
f 2512/2862/2512 2493/2842/2493 2513/2863/2513
f 2493/2842/2493 2494/2843/2494 2513/2863/2513
f 2513/2863/2513 2494/2843/2494 2514/2864/2514
f 2494/2843/2494 2495/2844/2495 2514/2864/2514
f 2514/2864/2514 2495/2844/2495 2515/2865/2515
f 2495/2844/2495 2496/2845/2496 2515/2865/2515
f 2515/2865/2515 2496/2845/2496 2516/2866/2516
f 2496/2845/2496 2497/2846/2497 2516/2866/2516
f 2516/2866/2516 2497/2846/2497 2517/2867/2517
f 2497/2846/2497 2498/2847/2498 2517/2867/2517
f 2517/2867/2517 2498/2847/2498 2518/2868/2518
f 2498/2847/2498 2499/2848/2499 2518/2868/2518
f 2518/2868/2518 2499/2848/2499 2519/2869/2519
f 2499/2848/2499 2500/2849/2500 2519/2869/2519
f 2519/2869/2519 2500/2849/2500 2520/2870/2520
f 2500/2849/2500 2501/2850/2501 2520/2870/2520
f 2520/2870/2520 2501/2850/2501 2521/2871/2521
f 2501/2850/2501 2502/2851/2502 2521/2871/2521
f 2521/2871/2521 2502/2851/2502 2522/2872/2522
f 2502/2851/2502 2503/2852/2503 2522/2872/2522
f 2522/2872/2522 2503/2852/2503 2523/2873/2523
f 2503/2852/2503 2504/2853/2504 2523/2873/2523
f 2523/2873/2523 2504/2853/2504 2524/2874/2524
f 2504/2853/2504 2505/2854/2505 2524/2874/2524
f 2524/2874/2524 2505/2854/2505 2525/2875/2525
f 2505/2854/2505 2506/2855/2506 2525/2875/2525
f 2525/2875/2525 2506/2855/2506 2526/2876/2526
f 2506/2855/2506 2507/2856/2507 2526/2876/2526
f 2526/2876/2526 2507/2856/2507 2527/2877/2527
f 2507/2856/2507 2508/2857/2508 2527/2877/2527
f 2527/2877/2527 2508/2857/2508 2528/2878/2528
f 2508/2857/2508 2509/2858/2509 2528/2878/2528
f 2528/2878/2528 2509/2858/2509 2529/2879/2529
f 2509/2858/2509 2510/2859/2510 2529/2879/2529
f 2529/2879/2529 2510/2859/2510 2530/2880/2530
f 2510/2859/2510 2491/2860/2491 2530/2880/2530
f 2530/2880/2530 2491/2860/2491 2511/2881/2511
f 2511/2861/2511 2512/2862/2512 2531/2882/2531
f 2531/2882/2531 2512/2862/2512 2532/2883/2532
f 2512/2862/2512 2513/2863/2513 2532/2883/2532
f 2532/2883/2532 2513/2863/2513 2533/2884/2533
f 2513/2863/2513 2514/2864/2514 2533/2884/2533
f 2533/2884/2533 2514/2864/2514 2534/2885/2534
f 2514/2864/2514 2515/2865/2515 2534/2885/2534
f 2534/2885/2534 2515/2865/2515 2535/2886/2535
f 2515/2865/2515 2516/2866/2516 2535/2886/2535
f 2535/2886/2535 2516/2866/2516 2536/2887/2536
f 2516/2866/2516 2517/2867/2517 2536/2887/2536
f 2536/2887/2536 2517/2867/2517 2537/2888/2537
f 2517/2867/2517 2518/2868/2518 2537/2888/2537
f 2537/2888/2537 2518/2868/2518 2538/2889/2538
f 2518/2868/2518 2519/2869/2519 2538/2889/2538
f 2538/2889/2538 2519/2869/2519 2539/2890/2539
f 2519/2869/2519 2520/2870/2520 2539/2890/2539
f 2539/2890/2539 2520/2870/2520 2540/2891/2540
f 2520/2870/2520 2521/2871/2521 2540/2891/2540
f 2540/2891/2540 2521/2871/2521 2541/2892/2541
f 2521/2871/2521 2522/2872/2522 2541/2892/2541
f 2541/2892/2541 2522/2872/2522 2542/2893/2542
f 2522/2872/2522 2523/2873/2523 2542/2893/2542
f 2542/2893/2542 2523/2873/2523 2543/2894/2543
f 2523/2873/2523 2524/2874/2524 2543/2894/2543
f 2543/2894/2543 2524/2874/2524 2544/2895/2544
f 2524/2874/2524 2525/2875/2525 2544/2895/2544
f 2544/2895/2544 2525/2875/2525 2545/2896/2545
f 2525/2875/2525 2526/2876/2526 2545/2896/2545
f 2545/2896/2545 2526/2876/2526 2546/2897/2546
f 2526/2876/2526 2527/2877/2527 2546/2897/2546
f 2546/2897/2546 2527/2877/2527 2547/2898/2547
f 2527/2877/2527 2528/2878/2528 2547/2898/2547
f 2547/2898/2547 2528/2878/2528 2548/2899/2548
f 2528/2878/2528 2529/2879/2529 2548/2899/2548
f 2548/2899/2548 2529/2879/2529 2549/2900/2549
f 2529/2879/2529 2530/2880/2530 2549/2900/2549
f 2549/2900/2549 2530/2880/2530 2550/2901/2550
f 2530/2880/2530 2511/2881/2511 2550/2901/2550
f 2550/2901/2550 2511/2881/2511 2531/2902/2531
f 2531/2882/2531 2532/2883/2532 2551/2903/2551
f 2551/2903/2551 2532/2883/2532 2552/2904/2552
f 2532/2883/2532 2533/2884/2533 2552/2904/2552
f 2552/2904/2552 2533/2884/2533 2553/2905/2553
f 2533/2884/2533 2534/2885/2534 2553/2905/2553
f 2553/2905/2553 2534/2885/2534 2554/2906/2554
f 2534/2885/2534 2535/2886/2535 2554/2906/2554
f 2554/2906/2554 2535/2886/2535 2555/2907/2555
f 2535/2886/2535 2536/2887/2536 2555/2907/2555
f 2555/2907/2555 2536/2887/2536 2556/2908/2556
f 2536/2887/2536 2537/2888/2537 2556/2908/2556
f 2556/2908/2556 2537/2888/2537 2557/2909/2557
f 2537/2888/2537 2538/2889/2538 2557/2909/2557
f 2557/2909/2557 2538/2889/2538 2558/2910/2558
f 2538/2889/2538 2539/2890/2539 2558/2910/2558
f 2558/2910/2558 2539/2890/2539 2559/2911/2559
f 2539/2890/2539 2540/2891/2540 2559/2911/2559
f 2559/2911/2559 2540/2891/2540 2560/2912/2560
f 2540/2891/2540 2541/2892/2541 2560/2912/2560
f 2560/2912/2560 2541/2892/2541 2561/2913/2561
f 2541/2892/2541 2542/2893/2542 2561/2913/2561
f 2561/2913/2561 2542/2893/2542 2562/2914/2562
f 2542/2893/2542 2543/2894/2543 2562/2914/2562
f 2562/2914/2562 2543/2894/2543 2563/2915/2563
f 2543/2894/2543 2544/2895/2544 2563/2915/2563
f 2563/2915/2563 2544/2895/2544 2564/2916/2564
f 2544/2895/2544 2545/2896/2545 2564/2916/2564
f 2564/2916/2564 2545/2896/2545 2565/2917/2565
f 2545/2896/2545 2546/2897/2546 2565/2917/2565
f 2565/2917/2565 2546/2897/2546 2566/2918/2566
f 2546/2897/2546 2547/2898/2547 2566/2918/2566
f 2566/2918/2566 2547/2898/2547 2567/2919/2567
f 2547/2898/2547 2548/2899/2548 2567/2919/2567
f 2567/2919/2567 2548/2899/2548 2568/2920/2568
f 2548/2899/2548 2549/2900/2549 2568/2920/2568
f 2568/2920/2568 2549/2900/2549 2569/2921/2569
f 2549/2900/2549 2550/2901/2550 2569/2921/2569
f 2569/2921/2569 2550/2901/2550 2570/2922/2570
f 2550/2901/2550 2531/2902/2531 2570/2922/2570
f 2570/2922/2570 2531/2902/2531 2551/2923/2551
f 2551/2903/2551 2552/2904/2552 2571/2924/2571
f 2571/2924/2571 2552/2904/2552 2572/2925/2572
f 2552/2904/2552 2553/2905/2553 2572/2925/2572
f 2572/2925/2572 2553/2905/2553 2573/2926/2573
f 2553/2905/2553 2554/2906/2554 2573/2926/2573
f 2573/2926/2573 2554/2906/2554 2574/2927/2574
f 2554/2906/2554 2555/2907/2555 2574/2927/2574
f 2574/2927/2574 2555/2907/2555 2575/2928/2575
f 2555/2907/2555 2556/2908/2556 2575/2928/2575
f 2575/2928/2575 2556/2908/2556 2576/2929/2576
f 2556/2908/2556 2557/2909/2557 2576/2929/2576
f 2576/2929/2576 2557/2909/2557 2577/2930/2577
f 2557/2909/2557 2558/2910/2558 2577/2930/2577
f 2577/2930/2577 2558/2910/2558 2578/2931/2578
f 2558/2910/2558 2559/2911/2559 2578/2931/2578
f 2578/2931/2578 2559/2911/2559 2579/2932/2579
f 2559/2911/2559 2560/2912/2560 2579/2932/2579
f 2579/2932/2579 2560/2912/2560 2580/2933/2580
f 2560/2912/2560 2561/2913/2561 2580/2933/2580
f 2580/2933/2580 2561/2913/2561 2581/2934/2581
f 2561/2913/2561 2562/2914/2562 2581/2934/2581
f 2581/2934/2581 2562/2914/2562 2582/2935/2582
f 2562/2914/2562 2563/2915/2563 2582/2935/2582
f 2582/2935/2582 2563/2915/2563 2583/2936/2583
f 2563/2915/2563 2564/2916/2564 2583/2936/2583
f 2583/2936/2583 2564/2916/2564 2584/2937/2584
f 2564/2916/2564 2565/2917/2565 2584/2937/2584
f 2584/2937/2584 2565/2917/2565 2585/2938/2585
f 2565/2917/2565 2566/2918/2566 2585/2938/2585
f 2585/2938/2585 2566/2918/2566 2586/2939/2586
f 2566/2918/2566 2567/2919/2567 2586/2939/2586
f 2586/2939/2586 2567/2919/2567 2587/2940/2587
f 2567/2919/2567 2568/2920/2568 2587/2940/2587
f 2587/2940/2587 2568/2920/2568 2588/2941/2588
f 2568/2920/2568 2569/2921/2569 2588/2941/2588
f 2588/2941/2588 2569/2921/2569 2589/2942/2589
f 2569/2921/2569 2570/2922/2570 2589/2942/2589
f 2589/2942/2589 2570/2922/2570 2590/2943/2590
f 2570/2922/2570 2551/2923/2551 2590/2943/2590
f 2590/2943/2590 2551/2923/2551 2571/2944/2571
f 2571/2924/2571 2572/2925/2572 2591/2945/2591
f 2591/2945/2591 2572/2925/2572 2592/2946/2592
f 2572/2925/2572 2573/2926/2573 2592/2946/2592
f 2592/2946/2592 2573/2926/2573 2593/2947/2593
f 2573/2926/2573 2574/2927/2574 2593/2947/2593
f 2593/2947/2593 2574/2927/2574 2594/2948/2594
f 2574/2927/2574 2575/2928/2575 2594/2948/2594
f 2594/2948/2594 2575/2928/2575 2595/2949/2595
f 2575/2928/2575 2576/2929/2576 2595/2949/2595
f 2595/2949/2595 2576/2929/2576 2596/2950/2596
f 2576/2929/2576 2577/2930/2577 2596/2950/2596
f 2596/2950/2596 2577/2930/2577 2597/2951/2597
f 2577/2930/2577 2578/2931/2578 2597/2951/2597
f 2597/2951/2597 2578/2931/2578 2598/2952/2598
f 2578/2931/2578 2579/2932/2579 2598/2952/2598
f 2598/2952/2598 2579/2932/2579 2599/2953/2599
f 2579/2932/2579 2580/2933/2580 2599/2953/2599
f 2599/2953/2599 2580/2933/2580 2600/2954/2600
f 2580/2933/2580 2581/2934/2581 2600/2954/2600
f 2600/2954/2600 2581/2934/2581 2601/2955/2601
f 2581/2934/2581 2582/2935/2582 2601/2955/2601
f 2601/2955/2601 2582/2935/2582 2602/2956/2602
f 2582/2935/2582 2583/2936/2583 2602/2956/2602
f 2602/2956/2602 2583/2936/2583 2603/2957/2603
f 2583/2936/2583 2584/2937/2584 2603/2957/2603
f 2603/2957/2603 2584/2937/2584 2604/2958/2604
f 2584/2937/2584 2585/2938/2585 2604/2958/2604
f 2604/2958/2604 2585/2938/2585 2605/2959/2605
f 2585/2938/2585 2586/2939/2586 2605/2959/2605
f 2605/2959/2605 2586/2939/2586 2606/2960/2606
f 2586/2939/2586 2587/2940/2587 2606/2960/2606
f 2606/2960/2606 2587/2940/2587 2607/2961/2607
f 2587/2940/2587 2588/2941/2588 2607/2961/2607
f 2607/2961/2607 2588/2941/2588 2608/2962/2608
f 2588/2941/2588 2589/2942/2589 2608/2962/2608
f 2608/2962/2608 2589/2942/2589 2609/2963/2609
f 2589/2942/2589 2590/2943/2590 2609/2963/2609
f 2609/2963/2609 2590/2943/2590 2610/2964/2610
f 2590/2943/2590 2571/2944/2571 2610/2964/2610
f 2610/2964/2610 2571/2944/2571 2591/2965/2591
f 2591/2945/2591 2592/2946/2592 2611/2966/2611
f 2611/2966/2611 2592/2946/2592 2612/2967/2612
f 2592/2946/2592 2593/2947/2593 2612/2967/2612
f 2612/2967/2612 2593/2947/2593 2613/2968/2613
f 2593/2947/2593 2594/2948/2594 2613/2968/2613
f 2613/2968/2613 2594/2948/2594 2614/2969/2614
f 2594/2948/2594 2595/2949/2595 2614/2969/2614
f 2614/2969/2614 2595/2949/2595 2615/2970/2615
f 2595/2949/2595 2596/2950/2596 2615/2970/2615
f 2615/2970/2615 2596/2950/2596 2616/2971/2616
f 2596/2950/2596 2597/2951/2597 2616/2971/2616
f 2616/2971/2616 2597/2951/2597 2617/2972/2617
f 2597/2951/2597 2598/2952/2598 2617/2972/2617
f 2617/2972/2617 2598/2952/2598 2618/2973/2618
f 2598/2952/2598 2599/2953/2599 2618/2973/2618
f 2618/2973/2618 2599/2953/2599 2619/2974/2619
f 2599/2953/2599 2600/2954/2600 2619/2974/2619
f 2619/2974/2619 2600/2954/2600 2620/2975/2620
f 2600/2954/2600 2601/2955/2601 2620/2975/2620
f 2620/2975/2620 2601/2955/2601 2621/2976/2621
f 2601/2955/2601 2602/2956/2602 2621/2976/2621
f 2621/2976/2621 2602/2956/2602 2622/2977/2622
f 2602/2956/2602 2603/2957/2603 2622/2977/2622
f 2622/2977/2622 2603/2957/2603 2623/2978/2623
f 2603/2957/2603 2604/2958/2604 2623/2978/2623
f 2623/2978/2623 2604/2958/2604 2624/2979/2624
f 2604/2958/2604 2605/2959/2605 2624/2979/2624
f 2624/2979/2624 2605/2959/2605 2625/2980/2625
f 2605/2959/2605 2606/2960/2606 2625/2980/2625
f 2625/2980/2625 2606/2960/2606 2626/2981/2626
f 2606/2960/2606 2607/2961/2607 2626/2981/2626
f 2626/2981/2626 2607/2961/2607 2627/2982/2627
f 2607/2961/2607 2608/2962/2608 2627/2982/2627
f 2627/2982/2627 2608/2962/2608 2628/2983/2628
f 2608/2962/2608 2609/2963/2609 2628/2983/2628
f 2628/2983/2628 2609/2963/2609 2629/2984/2629
f 2609/2963/2609 2610/2964/2610 2629/2984/2629
f 2629/2984/2629 2610/2964/2610 2630/2985/2630
f 2610/2964/2610 2591/2965/2591 2630/2985/2630
f 2630/2985/2630 2591/2965/2591 2611/2986/2611
f 2611/2966/2611 2612/2967/2612 2631/2987/2631
f 2631/2987/2631 2612/2967/2612 2632/2988/2632
f 2612/2967/2612 2613/2968/2613 2632/2988/2632
f 2632/2988/2632 2613/2968/2613 2633/2989/2633
f 2613/2968/2613 2614/2969/2614 2633/2989/2633
f 2633/2989/2633 2614/2969/2614 2634/2990/2634
f 2614/2969/2614 2615/2970/2615 2634/2990/2634
f 2634/2990/2634 2615/2970/2615 2635/2991/2635
f 2615/2970/2615 2616/2971/2616 2635/2991/2635
f 2635/2991/2635 2616/2971/2616 2636/2992/2636
f 2616/2971/2616 2617/2972/2617 2636/2992/2636
f 2636/2992/2636 2617/2972/2617 2637/2993/2637
f 2617/2972/2617 2618/2973/2618 2637/2993/2637
f 2637/2993/2637 2618/2973/2618 2638/2994/2638
f 2618/2973/2618 2619/2974/2619 2638/2994/2638
f 2638/2994/2638 2619/2974/2619 2639/2995/2639
f 2619/2974/2619 2620/2975/2620 2639/2995/2639
f 2639/2995/2639 2620/2975/2620 2640/2996/2640
f 2620/2975/2620 2621/2976/2621 2640/2996/2640
f 2640/2996/2640 2621/2976/2621 2641/2997/2641
f 2621/2976/2621 2622/2977/2622 2641/2997/2641
f 2641/2997/2641 2622/2977/2622 2642/2998/2642
f 2622/2977/2622 2623/2978/2623 2642/2998/2642
f 2642/2998/2642 2623/2978/2623 2643/2999/2643
f 2623/2978/2623 2624/2979/2624 2643/2999/2643
f 2643/2999/2643 2624/2979/2624 2644/3000/2644
f 2624/2979/2624 2625/2980/2625 2644/3000/2644
f 2644/3000/2644 2625/2980/2625 2645/3001/2645
f 2625/2980/2625 2626/2981/2626 2645/3001/2645
f 2645/3001/2645 2626/2981/2626 2646/3002/2646
f 2626/2981/2626 2627/2982/2627 2646/3002/2646
f 2646/3002/2646 2627/2982/2627 2647/3003/2647
f 2627/2982/2627 2628/2983/2628 2647/3003/2647
f 2647/3003/2647 2628/2983/2628 2648/3004/2648
f 2628/2983/2628 2629/2984/2629 2648/3004/2648
f 2648/3004/2648 2629/2984/2629 2649/3005/2649
f 2629/2984/2629 2630/2985/2630 2649/3005/2649
f 2649/3005/2649 2630/2985/2630 2650/3006/2650
f 2630/2985/2630 2611/2986/2611 2650/3006/2650
f 2650/3006/2650 2611/2986/2611 2631/3007/2631
f 2272/2610/2272 2271/2609/2271 2651/3008/2651
f 2273/2611/2275 2272/2610/2272 2651/3009/2651
f 2274/2612/2277 2273/2611/2275 2651/3010/2651
f 2275/2613/2279 2274/2612/2277 2651/3011/2651
f 2276/2614/2281 2275/2613/2279 2651/3012/2651
f 2277/2615/2283 2276/2614/2281 2651/3013/2651
f 2278/2616/2285 2277/2615/2283 2651/3014/2651
f 2279/2617/2287 2278/2616/2285 2651/3015/2651
f 2280/2618/2289 2279/2617/2287 2651/3016/2651
f 2281/2619/2291 2280/2618/2289 2651/3017/2651
f 2282/2620/2293 2281/2619/2291 2651/3018/2651
f 2283/2621/2295 2282/2620/2293 2651/3019/2651
f 2284/2622/2297 2283/2621/2295 2651/3020/2651
f 2285/2623/2299 2284/2622/2297 2651/3021/2651
f 2286/2624/2301 2285/2623/2299 2651/3022/2651
f 2287/2625/2303 2286/2624/2301 2651/3023/2651
f 2288/2626/2305 2287/2625/2303 2651/3024/2651
f 2289/2627/2307 2288/2626/2305 2651/3025/2651
f 2290/2628/2309 2289/2627/2307 2651/3026/2651
f 2271/2629/2271 2290/2628/2309 2651/3027/2651
f 2631/2987/2631 2632/2988/2632 2652/3028/2652
f 2632/2988/2632 2633/2989/2633 2652/3029/2652
f 2633/2989/2633 2634/2990/2634 2652/3030/2652
f 2634/2990/2634 2635/2991/2635 2652/3031/2652
f 2635/2991/2635 2636/2992/2636 2652/3032/2652
f 2636/2992/2636 2637/2993/2637 2652/3033/2652
f 2637/2993/2637 2638/2994/2638 2652/3034/2652
f 2638/2994/2638 2639/2995/2639 2652/3035/2652
f 2639/2995/2639 2640/2996/2640 2652/3036/2652
f 2640/2996/2640 2641/2997/2641 2652/3037/2652
f 2641/2997/2641 2642/2998/2642 2652/3038/2652
f 2642/2998/2642 2643/2999/2643 2652/3039/2652
f 2643/2999/2643 2644/3000/2644 2652/3040/2652
f 2644/3000/2644 2645/3001/2645 2652/3041/2652
f 2645/3001/2645 2646/3002/2646 2652/3042/2652
f 2646/3002/2646 2647/3003/2647 2652/3043/2652
f 2647/3003/2647 2648/3004/2648 2652/3044/2652
f 2648/3004/2648 2649/3005/2649 2652/3045/2652
f 2649/3005/2649 2650/3006/2650 2652/3046/2652
f 2650/3006/2650 2631/3007/2631 2652/3047/2652
s 2
f 2653/3048/2653 2673/3050/2654 2654/3049/2655
f 2673/3050/2654 2674/3051/2656 2654/3049/2655
f 2654/3049/2655 2674/3051/2656 2655/3052/2657
f 2674/3051/2656 2675/3053/2658 2655/3052/2657
f 2655/3052/2657 2675/3053/2658 2656/3054/2659
f 2675/3053/2658 2676/3055/2660 2656/3054/2659
f 2656/3054/2659 2676/3055/2660 2657/3056/2661
f 2676/3055/2660 2677/3057/2662 2657/3056/2661
f 2657/3056/2661 2677/3057/2662 2658/3058/2663
f 2677/3057/2662 2678/3059/2664 2658/3058/2663
f 2658/3058/2663 2678/3059/2664 2659/3060/2665
f 2678/3059/2664 2679/3061/2666 2659/3060/2665
f 2659/3060/2665 2679/3061/2666 2660/3062/2667
f 2679/3061/2666 2680/3063/2668 2660/3062/2667
f 2660/3062/2667 2680/3063/2668 2661/3064/2669
f 2680/3063/2668 2681/3065/2670 2661/3064/2669
f 2661/3064/2669 2681/3065/2670 2662/3066/2671
f 2681/3065/2670 2682/3067/2672 2662/3066/2671
f 2662/3066/2671 2682/3067/2672 2663/3068/2673
f 2682/3067/2672 2683/3069/2674 2663/3068/2673
f 2663/3068/2673 2683/3069/2674 2664/3070/2675
f 2683/3069/2674 2684/3071/2676 2664/3070/2675
f 2664/3070/2675 2684/3071/2676 2665/3072/2677
f 2684/3071/2676 2685/3073/2678 2665/3072/2677
f 2665/3072/2677 2685/3073/2678 2666/3074/2679
f 2685/3073/2678 2686/3075/2680 2666/3074/2679
f 2666/3074/2679 2686/3075/2680 2667/3076/2681
f 2686/3075/2680 2687/3077/2682 2667/3076/2681
f 2667/3076/2681 2687/3077/2682 2668/3078/2683
f 2687/3077/2682 2688/3079/2684 2668/3078/2683
f 2668/3078/2683 2688/3079/2684 2669/3080/2685
f 2688/3079/2684 2689/3081/2686 2669/3080/2685
f 2669/3080/2685 2689/3081/2686 2670/3082/2687
f 2689/3081/2686 2690/3083/2688 2670/3082/2687
f 2670/3082/2687 2690/3083/2688 2671/3084/2689
f 2690/3083/2688 2691/3085/2690 2671/3084/2689
f 2671/3084/2689 2691/3085/2690 2672/3086/2691
f 2691/3085/2690 2692/3087/2692 2672/3086/2691
f 2672/3086/2691 2692/3087/2692 2653/3088/2653
f 2692/3087/2692 2673/3089/2654 2653/3088/2653
f 2673/3050/2654 2693/3090/2693 2674/3051/2656
f 2693/3090/2693 2694/3091/2694 2674/3051/2656
f 2674/3051/2656 2694/3091/2694 2675/3053/2658
f 2694/3091/2694 2695/3092/2695 2675/3053/2658
f 2675/3053/2658 2695/3092/2695 2676/3055/2660
f 2695/3092/2695 2696/3093/2696 2676/3055/2660
f 2676/3055/2660 2696/3093/2696 2677/3057/2662
f 2696/3093/2696 2697/3094/2697 2677/3057/2662
f 2677/3057/2662 2697/3094/2697 2678/3059/2664
f 2697/3094/2697 2698/3095/2698 2678/3059/2664
f 2678/3059/2664 2698/3095/2698 2679/3061/2666
f 2698/3095/2698 2699/3096/2699 2679/3061/2666
f 2679/3061/2666 2699/3096/2699 2680/3063/2668
f 2699/3096/2699 2700/3097/2700 2680/3063/2668
f 2680/3063/2668 2700/3097/2700 2681/3065/2670
f 2700/3097/2700 2701/3098/2701 2681/3065/2670
f 2681/3065/2670 2701/3098/2701 2682/3067/2672
f 2701/3098/2701 2702/3099/2702 2682/3067/2672
f 2682/3067/2672 2702/3099/2702 2683/3069/2674
f 2702/3099/2702 2703/3100/2703 2683/3069/2674
f 2683/3069/2674 2703/3100/2703 2684/3071/2676
f 2703/3100/2703 2704/3101/2704 2684/3071/2676
f 2684/3071/2676 2704/3101/2704 2685/3073/2678
f 2704/3101/2704 2705/3102/2705 2685/3073/2678
f 2685/3073/2678 2705/3102/2705 2686/3075/2680
f 2705/3102/2705 2706/3103/2706 2686/3075/2680
f 2686/3075/2680 2706/3103/2706 2687/3077/2682
f 2706/3103/2706 2707/3104/2707 2687/3077/2682
f 2687/3077/2682 2707/3104/2707 2688/3079/2684
f 2707/3104/2707 2708/3105/2708 2688/3079/2684
f 2688/3079/2684 2708/3105/2708 2689/3081/2686
f 2708/3105/2708 2709/3106/2709 2689/3081/2686
f 2689/3081/2686 2709/3106/2709 2690/3083/2688
f 2709/3106/2709 2710/3107/2710 2690/3083/2688
f 2690/3083/2688 2710/3107/2710 2691/3085/2690
f 2710/3107/2710 2711/3108/2711 2691/3085/2690
f 2691/3085/2690 2711/3108/2711 2692/3087/2692
f 2711/3108/2711 2712/3109/2712 2692/3087/2692
f 2692/3087/2692 2712/3109/2712 2673/3089/2654
f 2712/3109/2712 2693/3110/2693 2673/3089/2654
f 2693/3090/2693 2713/3111/2713 2694/3091/2694
f 2713/3111/2713 2714/3112/2714 2694/3091/2694
f 2694/3091/2694 2714/3112/2714 2695/3092/2695
f 2714/3112/2714 2715/3113/2715 2695/3092/2695
f 2695/3092/2695 2715/3113/2715 2696/3093/2696
f 2715/3113/2715 2716/3114/2716 2696/3093/2696
f 2696/3093/2696 2716/3114/2716 2697/3094/2697
f 2716/3114/2716 2717/3115/2717 2697/3094/2697
f 2697/3094/2697 2717/3115/2717 2698/3095/2698
f 2717/3115/2717 2718/3116/2718 2698/3095/2698
f 2698/3095/2698 2718/3116/2718 2699/3096/2699
f 2718/3116/2718 2719/3117/2719 2699/3096/2699
f 2699/3096/2699 2719/3117/2719 2700/3097/2700
f 2719/3117/2719 2720/3118/2720 2700/3097/2700
f 2700/3097/2700 2720/3118/2720 2701/3098/2701
f 2720/3118/2720 2721/3119/2721 2701/3098/2701
f 2701/3098/2701 2721/3119/2721 2702/3099/2702
f 2721/3119/2721 2722/3120/2722 2702/3099/2702
f 2702/3099/2702 2722/3120/2722 2703/3100/2703
f 2722/3120/2722 2723/3121/2723 2703/3100/2703
f 2703/3100/2703 2723/3121/2723 2704/3101/2704
f 2723/3121/2723 2724/3122/2724 2704/3101/2704
f 2704/3101/2704 2724/3122/2724 2705/3102/2705
f 2724/3122/2724 2725/3123/2725 2705/3102/2705
f 2705/3102/2705 2725/3123/2725 2706/3103/2706
f 2725/3123/2725 2726/3124/2726 2706/3103/2706
f 2706/3103/2706 2726/3124/2726 2707/3104/2707
f 2726/3124/2726 2727/3125/2727 2707/3104/2707
f 2707/3104/2707 2727/3125/2727 2708/3105/2708
f 2727/3125/2727 2728/3126/2728 2708/3105/2708
f 2708/3105/2708 2728/3126/2728 2709/3106/2709
f 2728/3126/2728 2729/3127/2729 2709/3106/2709
f 2709/3106/2709 2729/3127/2729 2710/3107/2710
f 2729/3127/2729 2730/3128/2730 2710/3107/2710
f 2710/3107/2710 2730/3128/2730 2711/3108/2711
f 2730/3128/2730 2731/3129/2731 2711/3108/2711
f 2711/3108/2711 2731/3129/2731 2712/3109/2712
f 2731/3129/2731 2732/3130/2732 2712/3109/2712
f 2712/3109/2712 2732/3130/2732 2693/3110/2693
f 2732/3130/2732 2713/3131/2713 2693/3110/2693
f 2713/3111/2713 2733/3132/2733 2714/3112/2714
f 2733/3132/2733 2734/3133/2734 2714/3112/2714
f 2714/3112/2714 2734/3133/2734 2715/3113/2715
f 2734/3133/2734 2735/3134/2735 2715/3113/2715
f 2715/3113/2715 2735/3134/2735 2716/3114/2716
f 2735/3134/2735 2736/3135/2736 2716/3114/2716
f 2716/3114/2716 2736/3135/2736 2717/3115/2717
f 2736/3135/2736 2737/3136/2737 2717/3115/2717
f 2717/3115/2717 2737/3136/2737 2718/3116/2718
f 2737/3136/2737 2738/3137/2738 2718/3116/2718
f 2718/3116/2718 2738/3137/2738 2719/3117/2719
f 2738/3137/2738 2739/3138/2739 2719/3117/2719
f 2719/3117/2719 2739/3138/2739 2720/3118/2720
f 2739/3138/2739 2740/3139/2740 2720/3118/2720
f 2720/3118/2720 2740/3139/2740 2721/3119/2721
f 2740/3139/2740 2741/3140/2741 2721/3119/2721
f 2721/3119/2721 2741/3140/2741 2722/3120/2722
f 2741/3140/2741 2742/3141/2742 2722/3120/2722
f 2722/3120/2722 2742/3141/2742 2723/3121/2723
f 2742/3141/2742 2743/3142/2743 2723/3121/2723
f 2723/3121/2723 2743/3142/2743 2724/3122/2724
f 2743/3142/2743 2744/3143/2744 2724/3122/2724
f 2724/3122/2724 2744/3143/2744 2725/3123/2725
f 2744/3143/2744 2745/3144/2745 2725/3123/2725
f 2725/3123/2725 2745/3144/2745 2726/3124/2726
f 2745/3144/2745 2746/3145/2746 2726/3124/2726
f 2726/3124/2726 2746/3145/2746 2727/3125/2727
f 2746/3145/2746 2747/3146/2747 2727/3125/2727
f 2727/3125/2727 2747/3146/2747 2728/3126/2728
f 2747/3146/2747 2748/3147/2748 2728/3126/2728
f 2728/3126/2728 2748/3147/2748 2729/3127/2729
f 2748/3147/2748 2749/3148/2749 2729/3127/2729
f 2729/3127/2729 2749/3148/2749 2730/3128/2730
f 2749/3148/2749 2750/3149/2750 2730/3128/2730
f 2730/3128/2730 2750/3149/2750 2731/3129/2731
f 2750/3149/2750 2751/3150/2751 2731/3129/2731
f 2731/3129/2731 2751/3150/2751 2732/3130/2732
f 2751/3150/2751 2752/3151/2752 2732/3130/2732
f 2732/3130/2732 2752/3151/2752 2713/3131/2713
f 2752/3151/2752 2733/3152/2733 2713/3131/2713
f 2733/3132/2733 2753/3153/2753 2734/3133/2734
f 2753/3153/2753 2754/3154/2754 2734/3133/2734
f 2734/3133/2734 2754/3154/2754 2735/3134/2735
f 2754/3154/2754 2755/3155/2755 2735/3134/2735
f 2735/3134/2735 2755/3155/2755 2736/3135/2736
f 2755/3155/2755 2756/3156/2756 2736/3135/2736
f 2736/3135/2736 2756/3156/2756 2737/3136/2737
f 2756/3156/2756 2757/3157/2757 2737/3136/2737
f 2737/3136/2737 2757/3157/2757 2738/3137/2738
f 2757/3157/2757 2758/3158/2758 2738/3137/2738
f 2738/3137/2738 2758/3158/2758 2739/3138/2739
f 2758/3158/2758 2759/3159/2759 2739/3138/2739
f 2739/3138/2739 2759/3159/2759 2740/3139/2740
f 2759/3159/2759 2760/3160/2760 2740/3139/2740
f 2740/3139/2740 2760/3160/2760 2741/3140/2741
f 2760/3160/2760 2761/3161/2761 2741/3140/2741
f 2741/3140/2741 2761/3161/2761 2742/3141/2742
f 2761/3161/2761 2762/3162/2762 2742/3141/2742
f 2742/3141/2742 2762/3162/2762 2743/3142/2743
f 2762/3162/2762 2763/3163/2763 2743/3142/2743
f 2743/3142/2743 2763/3163/2763 2744/3143/2744
f 2763/3163/2763 2764/3164/2764 2744/3143/2744
f 2744/3143/2744 2764/3164/2764 2745/3144/2745
f 2764/3164/2764 2765/3165/2765 2745/3144/2745
f 2745/3144/2745 2765/3165/2765 2746/3145/2746
f 2765/3165/2765 2766/3166/2766 2746/3145/2746
f 2746/3145/2746 2766/3166/2766 2747/3146/2747
f 2766/3166/2766 2767/3167/2767 2747/3146/2747
f 2747/3146/2747 2767/3167/2767 2748/3147/2748
f 2767/3167/2767 2768/3168/2768 2748/3147/2748
f 2748/3147/2748 2768/3168/2768 2749/3148/2749
f 2768/3168/2768 2769/3169/2769 2749/3148/2749
f 2749/3148/2749 2769/3169/2769 2750/3149/2750
f 2769/3169/2769 2770/3170/2770 2750/3149/2750
f 2750/3149/2750 2770/3170/2770 2751/3150/2751
f 2770/3170/2770 2771/3171/2771 2751/3150/2751
f 2751/3150/2751 2771/3171/2771 2752/3151/2752
f 2771/3171/2771 2772/3172/2772 2752/3151/2752
f 2752/3151/2752 2772/3172/2772 2733/3152/2733
f 2772/3172/2772 2753/3173/2753 2733/3152/2733
f 2753/3153/2753 2773/3174/2773 2754/3154/2754
f 2773/3174/2773 2774/3175/2774 2754/3154/2754
f 2754/3154/2754 2774/3175/2774 2755/3155/2755
f 2774/3175/2774 2775/3176/2775 2755/3155/2755
f 2755/3155/2755 2775/3176/2775 2756/3156/2756
f 2775/3176/2775 2776/3177/2776 2756/3156/2756
f 2756/3156/2756 2776/3177/2776 2757/3157/2757
f 2776/3177/2776 2777/3178/2777 2757/3157/2757
f 2757/3157/2757 2777/3178/2777 2758/3158/2758
f 2777/3178/2777 2778/3179/2778 2758/3158/2758
f 2758/3158/2758 2778/3179/2778 2759/3159/2759
f 2778/3179/2778 2779/3180/2779 2759/3159/2759
f 2759/3159/2759 2779/3180/2779 2760/3160/2760
f 2779/3180/2779 2780/3181/2780 2760/3160/2760
f 2760/3160/2760 2780/3181/2780 2761/3161/2761
f 2780/3181/2780 2781/3182/2781 2761/3161/2761
f 2761/3161/2761 2781/3182/2781 2762/3162/2762
f 2781/3182/2781 2782/3183/2782 2762/3162/2762
f 2762/3162/2762 2782/3183/2782 2763/3163/2763
f 2782/3183/2782 2783/3184/2783 2763/3163/2763
f 2763/3163/2763 2783/3184/2783 2764/3164/2764
f 2783/3184/2783 2784/3185/2784 2764/3164/2764
f 2764/3164/2764 2784/3185/2784 2765/3165/2765
f 2784/3185/2784 2785/3186/2785 2765/3165/2765
f 2765/3165/2765 2785/3186/2785 2766/3166/2766
f 2785/3186/2785 2786/3187/2786 2766/3166/2766
f 2766/3166/2766 2786/3187/2786 2767/3167/2767
f 2786/3187/2786 2787/3188/2787 2767/3167/2767
f 2767/3167/2767 2787/3188/2787 2768/3168/2768
f 2787/3188/2787 2788/3189/2788 2768/3168/2768
f 2768/3168/2768 2788/3189/2788 2769/3169/2769
f 2788/3189/2788 2789/3190/2789 2769/3169/2769
f 2769/3169/2769 2789/3190/2789 2770/3170/2770
f 2789/3190/2789 2790/3191/2790 2770/3170/2770
f 2770/3170/2770 2790/3191/2790 2771/3171/2771
f 2790/3191/2790 2791/3192/2791 2771/3171/2771
f 2771/3171/2771 2791/3192/2791 2772/3172/2772
f 2791/3192/2791 2792/3193/2792 2772/3172/2772
f 2772/3172/2772 2792/3193/2792 2753/3173/2753
f 2792/3193/2792 2773/3194/2773 2753/3173/2753
f 2773/3174/2773 2793/3195/2793 2774/3175/2774
f 2793/3195/2793 2794/3196/2794 2774/3175/2774
f 2774/3175/2774 2794/3196/2794 2775/3176/2775
f 2794/3196/2794 2795/3197/2795 2775/3176/2775
f 2775/3176/2775 2795/3197/2795 2776/3177/2776
f 2795/3197/2795 2796/3198/2796 2776/3177/2776
f 2776/3177/2776 2796/3198/2796 2777/3178/2777
f 2796/3198/2796 2797/3199/2797 2777/3178/2777
f 2777/3178/2777 2797/3199/2797 2778/3179/2778
f 2797/3199/2797 2798/3200/2798 2778/3179/2778
f 2778/3179/2778 2798/3200/2798 2779/3180/2779
f 2798/3200/2798 2799/3201/2799 2779/3180/2779
f 2779/3180/2779 2799/3201/2799 2780/3181/2780
f 2799/3201/2799 2800/3202/2800 2780/3181/2780
f 2780/3181/2780 2800/3202/2800 2781/3182/2781
f 2800/3202/2800 2801/3203/2801 2781/3182/2781
f 2781/3182/2781 2801/3203/2801 2782/3183/2782
f 2801/3203/2801 2802/3204/2802 2782/3183/2782
f 2782/3183/2782 2802/3204/2802 2783/3184/2783
f 2802/3204/2802 2803/3205/2803 2783/3184/2783
f 2783/3184/2783 2803/3205/2803 2784/3185/2784
f 2803/3205/2803 2804/3206/2804 2784/3185/2784
f 2784/3185/2784 2804/3206/2804 2785/3186/2785
f 2804/3206/2804 2805/3207/2805 2785/3186/2785
f 2785/3186/2785 2805/3207/2805 2786/3187/2786
f 2805/3207/2805 2806/3208/2806 2786/3187/2786
f 2786/3187/2786 2806/3208/2806 2787/3188/2787
f 2806/3208/2806 2807/3209/2807 2787/3188/2787
f 2787/3188/2787 2807/3209/2807 2788/3189/2788
f 2807/3209/2807 2808/3210/2808 2788/3189/2788
f 2788/3189/2788 2808/3210/2808 2789/3190/2789
f 2808/3210/2808 2809/3211/2809 2789/3190/2789
f 2789/3190/2789 2809/3211/2809 2790/3191/2790
f 2809/3211/2809 2810/3212/2810 2790/3191/2790
f 2790/3191/2790 2810/3212/2810 2791/3192/2791
f 2810/3212/2810 2811/3213/2811 2791/3192/2791
f 2791/3192/2791 2811/3213/2811 2792/3193/2792
f 2811/3213/2811 2812/3214/2812 2792/3193/2792
f 2792/3193/2792 2812/3214/2812 2773/3194/2773
f 2812/3214/2812 2793/3215/2793 2773/3194/2773
f 2793/3195/2793 2813/3216/2813 2794/3196/2794
f 2813/3216/2813 2814/3217/2814 2794/3196/2794
f 2794/3196/2794 2814/3217/2814 2795/3197/2795
f 2814/3217/2814 2815/3218/2815 2795/3197/2795
f 2795/3197/2795 2815/3218/2815 2796/3198/2796
f 2815/3218/2815 2816/3219/2816 2796/3198/2796
f 2796/3198/2796 2816/3219/2816 2797/3199/2797
f 2816/3219/2816 2817/3220/2817 2797/3199/2797
f 2797/3199/2797 2817/3220/2817 2798/3200/2798
f 2817/3220/2817 2818/3221/2818 2798/3200/2798
f 2798/3200/2798 2818/3221/2818 2799/3201/2799
f 2818/3221/2818 2819/3222/2819 2799/3201/2799
f 2799/3201/2799 2819/3222/2819 2800/3202/2800
f 2819/3222/2819 2820/3223/2820 2800/3202/2800
f 2800/3202/2800 2820/3223/2820 2801/3203/2801
f 2820/3223/2820 2821/3224/2821 2801/3203/2801
f 2801/3203/2801 2821/3224/2821 2802/3204/2802
f 2821/3224/2821 2822/3225/2822 2802/3204/2802
f 2802/3204/2802 2822/3225/2822 2803/3205/2803
f 2822/3225/2822 2823/3226/2823 2803/3205/2803
f 2803/3205/2803 2823/3226/2823 2804/3206/2804
f 2823/3226/2823 2824/3227/2824 2804/3206/2804
f 2804/3206/2804 2824/3227/2824 2805/3207/2805
f 2824/3227/2824 2825/3228/2825 2805/3207/2805
f 2805/3207/2805 2825/3228/2825 2806/3208/2806
f 2825/3228/2825 2826/3229/2826 2806/3208/2806
f 2806/3208/2806 2826/3229/2826 2807/3209/2807
f 2826/3229/2826 2827/3230/2827 2807/3209/2807
f 2807/3209/2807 2827/3230/2827 2808/3210/2808
f 2827/3230/2827 2828/3231/2828 2808/3210/2808
f 2808/3210/2808 2828/3231/2828 2809/3211/2809
f 2828/3231/2828 2829/3232/2829 2809/3211/2809
f 2809/3211/2809 2829/3232/2829 2810/3212/2810
f 2829/3232/2829 2830/3233/2830 2810/3212/2810
f 2810/3212/2810 2830/3233/2830 2811/3213/2811
f 2830/3233/2830 2831/3234/2831 2811/3213/2811
f 2811/3213/2811 2831/3234/2831 2812/3214/2812
f 2831/3234/2831 2832/3235/2832 2812/3214/2812
f 2812/3214/2812 2832/3235/2832 2793/3215/2793
f 2832/3235/2832 2813/3236/2813 2793/3215/2793
f 2813/3216/2813 2833/3237/2833 2814/3217/2814
f 2833/3237/2833 2834/3238/2834 2814/3217/2814
f 2814/3217/2814 2834/3238/2834 2815/3218/2815
f 2834/3238/2834 2835/3239/2835 2815/3218/2815
f 2815/3218/2815 2835/3239/2835 2816/3219/2816
f 2835/3239/2835 2836/3240/2836 2816/3219/2816
f 2816/3219/2816 2836/3240/2836 2817/3220/2817
f 2836/3240/2836 2837/3241/2837 2817/3220/2817
f 2817/3220/2817 2837/3241/2837 2818/3221/2818
f 2837/3241/2837 2838/3242/2838 2818/3221/2818
f 2818/3221/2818 2838/3242/2838 2819/3222/2819
f 2838/3242/2838 2839/3243/2839 2819/3222/2819
f 2819/3222/2819 2839/3243/2839 2820/3223/2820
f 2839/3243/2839 2840/3244/2840 2820/3223/2820
f 2820/3223/2820 2840/3244/2840 2821/3224/2821
f 2840/3244/2840 2841/3245/2841 2821/3224/2821
f 2821/3224/2821 2841/3245/2841 2822/3225/2822
f 2841/3245/2841 2842/3246/2842 2822/3225/2822
f 2822/3225/2822 2842/3246/2842 2823/3226/2823
f 2842/3246/2842 2843/3247/2843 2823/3226/2823
f 2823/3226/2823 2843/3247/2843 2824/3227/2824
f 2843/3247/2843 2844/3248/2844 2824/3227/2824
f 2824/3227/2824 2844/3248/2844 2825/3228/2825
f 2844/3248/2844 2845/3249/2845 2825/3228/2825
f 2825/3228/2825 2845/3249/2845 2826/3229/2826
f 2845/3249/2845 2846/3250/2846 2826/3229/2826
f 2826/3229/2826 2846/3250/2846 2827/3230/2827
f 2846/3250/2846 2847/3251/2847 2827/3230/2827
f 2827/3230/2827 2847/3251/2847 2828/3231/2828
f 2847/3251/2847 2848/3252/2848 2828/3231/2828
f 2828/3231/2828 2848/3252/2848 2829/3232/2829
f 2848/3252/2848 2849/3253/2849 2829/3232/2829
f 2829/3232/2829 2849/3253/2849 2830/3233/2830
f 2849/3253/2849 2850/3254/2850 2830/3233/2830
f 2830/3233/2830 2850/3254/2850 2831/3234/2831
f 2850/3254/2850 2851/3255/2851 2831/3234/2831
f 2831/3234/2831 2851/3255/2851 2832/3235/2832
f 2851/3255/2851 2852/3256/2852 2832/3235/2832
f 2832/3235/2832 2852/3256/2852 2813/3236/2813
f 2852/3256/2852 2833/3257/2833 2813/3236/2813
f 2833/3237/2833 2853/3258/2853 2834/3238/2834
f 2853/3258/2853 2854/3259/2854 2834/3238/2834
f 2834/3238/2834 2854/3259/2854 2835/3239/2835
f 2854/3259/2854 2855/3260/2855 2835/3239/2835
f 2835/3239/2835 2855/3260/2855 2836/3240/2836
f 2855/3260/2855 2856/3261/2856 2836/3240/2836
f 2836/3240/2836 2856/3261/2856 2837/3241/2837
f 2856/3261/2856 2857/3262/2857 2837/3241/2837
f 2837/3241/2837 2857/3262/2857 2838/3242/2838
f 2857/3262/2857 2858/3263/2858 2838/3242/2838
f 2838/3242/2838 2858/3263/2858 2839/3243/2839
f 2858/3263/2858 2859/3264/2859 2839/3243/2839
f 2839/3243/2839 2859/3264/2859 2840/3244/2840
f 2859/3264/2859 2860/3265/2860 2840/3244/2840
f 2840/3244/2840 2860/3265/2860 2841/3245/2841
f 2860/3265/2860 2861/3266/2861 2841/3245/2841
f 2841/3245/2841 2861/3266/2861 2842/3246/2842
f 2861/3266/2861 2862/3267/2862 2842/3246/2842
f 2842/3246/2842 2862/3267/2862 2843/3247/2843
f 2862/3267/2862 2863/3268/2863 2843/3247/2843
f 2843/3247/2843 2863/3268/2863 2844/3248/2844
f 2863/3268/2863 2864/3269/2864 2844/3248/2844
f 2844/3248/2844 2864/3269/2864 2845/3249/2845
f 2864/3269/2864 2865/3270/2865 2845/3249/2845
f 2845/3249/2845 2865/3270/2865 2846/3250/2846
f 2865/3270/2865 2866/3271/2866 2846/3250/2846
f 2846/3250/2846 2866/3271/2866 2847/3251/2847
f 2866/3271/2866 2867/3272/2867 2847/3251/2847
f 2847/3251/2847 2867/3272/2867 2848/3252/2848
f 2867/3272/2867 2868/3273/2868 2848/3252/2848
f 2848/3252/2848 2868/3273/2868 2849/3253/2849
f 2868/3273/2868 2869/3274/2869 2849/3253/2849
f 2849/3253/2849 2869/3274/2869 2850/3254/2850
f 2869/3274/2869 2870/3275/2870 2850/3254/2850
f 2850/3254/2850 2870/3275/2870 2851/3255/2851
f 2870/3275/2870 2871/3276/2871 2851/3255/2851
f 2851/3255/2851 2871/3276/2871 2852/3256/2852
f 2871/3276/2871 2872/3277/2872 2852/3256/2852
f 2852/3256/2852 2872/3277/2872 2833/3257/2833
f 2872/3277/2872 2853/3278/2853 2833/3257/2833
f 2853/3258/2853 2873/3279/2873 2854/3259/2854
f 2873/3279/2873 2874/3280/2874 2854/3259/2854
f 2854/3259/2854 2874/3280/2874 2855/3260/2855
f 2874/3280/2874 2875/3281/2875 2855/3260/2855
f 2855/3260/2855 2875/3281/2875 2856/3261/2856
f 2875/3281/2875 2876/3282/2876 2856/3261/2856
f 2856/3261/2856 2876/3282/2876 2857/3262/2857
f 2876/3282/2876 2877/3283/2877 2857/3262/2857
f 2857/3262/2857 2877/3283/2877 2858/3263/2858
f 2877/3283/2877 2878/3284/2878 2858/3263/2858
f 2858/3263/2858 2878/3284/2878 2859/3264/2859
f 2878/3284/2878 2879/3285/2879 2859/3264/2859
f 2859/3264/2859 2879/3285/2879 2860/3265/2860
f 2879/3285/2879 2880/3286/2880 2860/3265/2860
f 2860/3265/2860 2880/3286/2880 2861/3266/2861
f 2880/3286/2880 2881/3287/2881 2861/3266/2861
f 2861/3266/2861 2881/3287/2881 2862/3267/2862
f 2881/3287/2881 2882/3288/2882 2862/3267/2862
f 2862/3267/2862 2882/3288/2882 2863/3268/2863
f 2882/3288/2882 2883/3289/2883 2863/3268/2863
f 2863/3268/2863 2883/3289/2883 2864/3269/2864
f 2883/3289/2883 2884/3290/2884 2864/3269/2864
f 2864/3269/2864 2884/3290/2884 2865/3270/2865
f 2884/3290/2884 2885/3291/2885 2865/3270/2865
f 2865/3270/2865 2885/3291/2885 2866/3271/2866
f 2885/3291/2885 2886/3292/2886 2866/3271/2866
f 2866/3271/2866 2886/3292/2886 2867/3272/2867
f 2886/3292/2886 2887/3293/2887 2867/3272/2867
f 2867/3272/2867 2887/3293/2887 2868/3273/2868
f 2887/3293/2887 2888/3294/2888 2868/3273/2868
f 2868/3273/2868 2888/3294/2888 2869/3274/2869
f 2888/3294/2888 2889/3295/2889 2869/3274/2869
f 2869/3274/2869 2889/3295/2889 2870/3275/2870
f 2889/3295/2889 2890/3296/2890 2870/3275/2870
f 2870/3275/2870 2890/3296/2890 2871/3276/2871
f 2890/3296/2890 2891/3297/2891 2871/3276/2871
f 2871/3276/2871 2891/3297/2891 2872/3277/2872
f 2891/3297/2891 2892/3298/2892 2872/3277/2872
f 2872/3277/2872 2892/3298/2892 2853/3278/2853
f 2892/3298/2892 2873/3299/2873 2853/3278/2853
f 2873/3279/2873 2893/3300/2893 2874/3280/2874
f 2893/3300/2893 2894/3301/2894 2874/3280/2874
f 2874/3280/2874 2894/3301/2894 2875/3281/2875
f 2894/3301/2894 2895/3302/2895 2875/3281/2875
f 2875/3281/2875 2895/3302/2895 2876/3282/2876
f 2895/3302/2895 2896/3303/2896 2876/3282/2876
f 2876/3282/2876 2896/3303/2896 2877/3283/2877
f 2896/3303/2896 2897/3304/2897 2877/3283/2877
f 2877/3283/2877 2897/3304/2897 2878/3284/2878
f 2897/3304/2897 2898/3305/2898 2878/3284/2878
f 2878/3284/2878 2898/3305/2898 2879/3285/2879
f 2898/3305/2898 2899/3306/2899 2879/3285/2879
f 2879/3285/2879 2899/3306/2899 2880/3286/2880
f 2899/3306/2899 2900/3307/2900 2880/3286/2880
f 2880/3286/2880 2900/3307/2900 2881/3287/2881
f 2900/3307/2900 2901/3308/2901 2881/3287/2881
f 2881/3287/2881 2901/3308/2901 2882/3288/2882
f 2901/3308/2901 2902/3309/2902 2882/3288/2882
f 2882/3288/2882 2902/3309/2902 2883/3289/2883
f 2902/3309/2902 2903/3310/2903 2883/3289/2883
f 2883/3289/2883 2903/3310/2903 2884/3290/2884
f 2903/3310/2903 2904/3311/2904 2884/3290/2884
f 2884/3290/2884 2904/3311/2904 2885/3291/2885
f 2904/3311/2904 2905/3312/2905 2885/3291/2885
f 2885/3291/2885 2905/3312/2905 2886/3292/2886
f 2905/3312/2905 2906/3313/2906 2886/3292/2886
f 2886/3292/2886 2906/3313/2906 2887/3293/2887
f 2906/3313/2906 2907/3314/2907 2887/3293/2887
f 2887/3293/2887 2907/3314/2907 2888/3294/2888
f 2907/3314/2907 2908/3315/2908 2888/3294/2888
f 2888/3294/2888 2908/3315/2908 2889/3295/2889
f 2908/3315/2908 2909/3316/2909 2889/3295/2889
f 2889/3295/2889 2909/3316/2909 2890/3296/2890
f 2909/3316/2909 2910/3317/2910 2890/3296/2890
f 2890/3296/2890 2910/3317/2910 2891/3297/2891
f 2910/3317/2910 2911/3318/2911 2891/3297/2891
f 2891/3297/2891 2911/3318/2911 2892/3298/2892
f 2911/3318/2911 2912/3319/2912 2892/3298/2892
f 2892/3298/2892 2912/3319/2912 2873/3299/2873
f 2912/3319/2912 2893/3320/2893 2873/3299/2873
f 2893/3300/2893 2913/3321/2913 2894/3301/2894
f 2913/3321/2913 2914/3322/2914 2894/3301/2894
f 2894/3301/2894 2914/3322/2914 2895/3302/2895
f 2914/3322/2914 2915/3323/2915 2895/3302/2895
f 2895/3302/2895 2915/3323/2915 2896/3303/2896
f 2915/3323/2915 2916/3324/2916 2896/3303/2896
f 2896/3303/2896 2916/3324/2916 2897/3304/2897
f 2916/3324/2916 2917/3325/2917 2897/3304/2897
f 2897/3304/2897 2917/3325/2917 2898/3305/2898
f 2917/3325/2917 2918/3326/2918 2898/3305/2898
f 2898/3305/2898 2918/3326/2918 2899/3306/2899
f 2918/3326/2918 2919/3327/2919 2899/3306/2899
f 2899/3306/2899 2919/3327/2919 2900/3307/2900
f 2919/3327/2919 2920/3328/2920 2900/3307/2900
f 2900/3307/2900 2920/3328/2920 2901/3308/2901
f 2920/3328/2920 2921/3329/2921 2901/3308/2901
f 2901/3308/2901 2921/3329/2921 2902/3309/2902
f 2921/3329/2921 2922/3330/2922 2902/3309/2902
f 2902/3309/2902 2922/3330/2922 2903/3310/2903
f 2922/3330/2922 2923/3331/2923 2903/3310/2903
f 2903/3310/2903 2923/3331/2923 2904/3311/2904
f 2923/3331/2923 2924/3332/2924 2904/3311/2904
f 2904/3311/2904 2924/3332/2924 2905/3312/2905
f 2924/3332/2924 2925/3333/2925 2905/3312/2905
f 2905/3312/2905 2925/3333/2925 2906/3313/2906
f 2925/3333/2925 2926/3334/2926 2906/3313/2906
f 2906/3313/2906 2926/3334/2926 2907/3314/2907
f 2926/3334/2926 2927/3335/2927 2907/3314/2907
f 2907/3314/2907 2927/3335/2927 2908/3315/2908
f 2927/3335/2927 2928/3336/2928 2908/3315/2908
f 2908/3315/2908 2928/3336/2928 2909/3316/2909
f 2928/3336/2928 2929/3337/2929 2909/3316/2909
f 2909/3316/2909 2929/3337/2929 2910/3317/2910
f 2929/3337/2929 2930/3338/2930 2910/3317/2910
f 2910/3317/2910 2930/3338/2930 2911/3318/2911
f 2930/3338/2930 2931/3339/2931 2911/3318/2911
f 2911/3318/2911 2931/3339/2931 2912/3319/2912
f 2931/3339/2931 2932/3340/2932 2912/3319/2912
f 2912/3319/2912 2932/3340/2932 2893/3320/2893
f 2932/3340/2932 2913/3341/2913 2893/3320/2893
f 2913/3321/2913 2933/3342/2933 2914/3322/2914
f 2933/3342/2933 2934/3343/2934 2914/3322/2914
f 2914/3322/2914 2934/3343/2934 2915/3323/2915
f 2934/3343/2934 2935/3344/2935 2915/3323/2915
f 2915/3323/2915 2935/3344/2935 2916/3324/2916
f 2935/3344/2935 2936/3345/2936 2916/3324/2916
f 2916/3324/2916 2936/3345/2936 2917/3325/2917
f 2936/3345/2936 2937/3346/2937 2917/3325/2917
f 2917/3325/2917 2937/3346/2937 2918/3326/2918
f 2937/3346/2937 2938/3347/2938 2918/3326/2918
f 2918/3326/2918 2938/3347/2938 2919/3327/2919
f 2938/3347/2938 2939/3348/2939 2919/3327/2919
f 2919/3327/2919 2939/3348/2939 2920/3328/2920
f 2939/3348/2939 2940/3349/2940 2920/3328/2920
f 2920/3328/2920 2940/3349/2940 2921/3329/2921
f 2940/3349/2940 2941/3350/2941 2921/3329/2921
f 2921/3329/2921 2941/3350/2941 2922/3330/2922
f 2941/3350/2941 2942/3351/2942 2922/3330/2922
f 2922/3330/2922 2942/3351/2942 2923/3331/2923
f 2942/3351/2942 2943/3352/2943 2923/3331/2923
f 2923/3331/2923 2943/3352/2943 2924/3332/2924
f 2943/3352/2943 2944/3353/2944 2924/3332/2924
f 2924/3332/2924 2944/3353/2944 2925/3333/2925
f 2944/3353/2944 2945/3354/2945 2925/3333/2925
f 2925/3333/2925 2945/3354/2945 2926/3334/2926
f 2945/3354/2945 2946/3355/2946 2926/3334/2926
f 2926/3334/2926 2946/3355/2946 2927/3335/2927
f 2946/3355/2946 2947/3356/2947 2927/3335/2927
f 2927/3335/2927 2947/3356/2947 2928/3336/2928
f 2947/3356/2947 2948/3357/2948 2928/3336/2928
f 2928/3336/2928 2948/3357/2948 2929/3337/2929
f 2948/3357/2948 2949/3358/2949 2929/3337/2929
f 2929/3337/2929 2949/3358/2949 2930/3338/2930
f 2949/3358/2949 2950/3359/2950 2930/3338/2930
f 2930/3338/2930 2950/3359/2950 2931/3339/2931
f 2950/3359/2950 2951/3360/2951 2931/3339/2931
f 2931/3339/2931 2951/3360/2951 2932/3340/2932
f 2951/3360/2951 2952/3361/2952 2932/3340/2932
f 2932/3340/2932 2952/3361/2952 2913/3341/2913
f 2952/3361/2952 2933/3362/2933 2913/3341/2913
f 2933/3342/2933 2953/3363/2953 2934/3343/2934
f 2953/3363/2953 2954/3364/2954 2934/3343/2934
f 2934/3343/2934 2954/3364/2954 2935/3344/2935
f 2954/3364/2954 2955/3365/2955 2935/3344/2935
f 2935/3344/2935 2955/3365/2955 2936/3345/2936
f 2955/3365/2955 2956/3366/2956 2936/3345/2936
f 2936/3345/2936 2956/3366/2956 2937/3346/2937
f 2956/3366/2956 2957/3367/2957 2937/3346/2937
f 2937/3346/2937 2957/3367/2957 2938/3347/2938
f 2957/3367/2957 2958/3368/2958 2938/3347/2938
f 2938/3347/2938 2958/3368/2958 2939/3348/2939
f 2958/3368/2958 2959/3369/2959 2939/3348/2939
f 2939/3348/2939 2959/3369/2959 2940/3349/2940
f 2959/3369/2959 2960/3370/2960 2940/3349/2940
f 2940/3349/2940 2960/3370/2960 2941/3350/2941
f 2960/3370/2960 2961/3371/2961 2941/3350/2941
f 2941/3350/2941 2961/3371/2961 2942/3351/2942
f 2961/3371/2961 2962/3372/2962 2942/3351/2942
f 2942/3351/2942 2962/3372/2962 2943/3352/2943
f 2962/3372/2962 2963/3373/2963 2943/3352/2943
f 2943/3352/2943 2963/3373/2963 2944/3353/2944
f 2963/3373/2963 2964/3374/2964 2944/3353/2944
f 2944/3353/2944 2964/3374/2964 2945/3354/2945
f 2964/3374/2964 2965/3375/2965 2945/3354/2945
f 2945/3354/2945 2965/3375/2965 2946/3355/2946
f 2965/3375/2965 2966/3376/2966 2946/3355/2946
f 2946/3355/2946 2966/3376/2966 2947/3356/2947
f 2966/3376/2966 2967/3377/2967 2947/3356/2947
f 2947/3356/2947 2967/3377/2967 2948/3357/2948
f 2967/3377/2967 2968/3378/2968 2948/3357/2948
f 2948/3357/2948 2968/3378/2968 2949/3358/2949
f 2968/3378/2968 2969/3379/2969 2949/3358/2949
f 2949/3358/2949 2969/3379/2969 2950/3359/2950
f 2969/3379/2969 2970/3380/2970 2950/3359/2950
f 2950/3359/2950 2970/3380/2970 2951/3360/2951
f 2970/3380/2970 2971/3381/2971 2951/3360/2951
f 2951/3360/2951 2971/3381/2971 2952/3361/2952
f 2971/3381/2971 2972/3382/2972 2952/3361/2952
f 2952/3361/2952 2972/3382/2972 2933/3362/2933
f 2972/3382/2972 2953/3383/2953 2933/3362/2933
f 2953/3363/2953 2973/3384/2973 2954/3364/2954
f 2973/3384/2973 2974/3385/2974 2954/3364/2954
f 2954/3364/2954 2974/3385/2974 2955/3365/2955
f 2974/3385/2974 2975/3386/2975 2955/3365/2955
f 2955/3365/2955 2975/3386/2975 2956/3366/2956
f 2975/3386/2975 2976/3387/2976 2956/3366/2956
f 2956/3366/2956 2976/3387/2976 2957/3367/2957
f 2976/3387/2976 2977/3388/2977 2957/3367/2957
f 2957/3367/2957 2977/3388/2977 2958/3368/2958
f 2977/3388/2977 2978/3389/2978 2958/3368/2958
f 2958/3368/2958 2978/3389/2978 2959/3369/2959
f 2978/3389/2978 2979/3390/2979 2959/3369/2959
f 2959/3369/2959 2979/3390/2979 2960/3370/2960
f 2979/3390/2979 2980/3391/2980 2960/3370/2960
f 2960/3370/2960 2980/3391/2980 2961/3371/2961
f 2980/3391/2980 2981/3392/2981 2961/3371/2961
f 2961/3371/2961 2981/3392/2981 2962/3372/2962
f 2981/3392/2981 2982/3393/2982 2962/3372/2962
f 2962/3372/2962 2982/3393/2982 2963/3373/2963
f 2982/3393/2982 2983/3394/2983 2963/3373/2963
f 2963/3373/2963 2983/3394/2983 2964/3374/2964
f 2983/3394/2983 2984/3395/2984 2964/3374/2964
f 2964/3374/2964 2984/3395/2984 2965/3375/2965
f 2984/3395/2984 2985/3396/2985 2965/3375/2965
f 2965/3375/2965 2985/3396/2985 2966/3376/2966
f 2985/3396/2985 2986/3397/2986 2966/3376/2966
f 2966/3376/2966 2986/3397/2986 2967/3377/2967
f 2986/3397/2986 2987/3398/2987 2967/3377/2967
f 2967/3377/2967 2987/3398/2987 2968/3378/2968
f 2987/3398/2987 2988/3399/2988 2968/3378/2968
f 2968/3378/2968 2988/3399/2988 2969/3379/2969
f 2988/3399/2988 2989/3400/2989 2969/3379/2969
f 2969/3379/2969 2989/3400/2989 2970/3380/2970
f 2989/3400/2989 2990/3401/2990 2970/3380/2970
f 2970/3380/2970 2990/3401/2990 2971/3381/2971
f 2990/3401/2990 2991/3402/2991 2971/3381/2971
f 2971/3381/2971 2991/3402/2991 2972/3382/2972
f 2991/3402/2991 2992/3403/2992 2972/3382/2972
f 2972/3382/2972 2992/3403/2992 2953/3383/2953
f 2992/3403/2992 2973/3404/2973 2953/3383/2953
f 2973/3384/2973 2993/3405/2993 2974/3385/2974
f 2993/3405/2993 2994/3406/2994 2974/3385/2974
f 2974/3385/2974 2994/3406/2994 2975/3386/2975
f 2994/3406/2994 2995/3407/2995 2975/3386/2975
f 2975/3386/2975 2995/3407/2995 2976/3387/2976
f 2995/3407/2995 2996/3408/2996 2976/3387/2976
f 2976/3387/2976 2996/3408/2996 2977/3388/2977
f 2996/3408/2996 2997/3409/2997 2977/3388/2977
f 2977/3388/2977 2997/3409/2997 2978/3389/2978
f 2997/3409/2997 2998/3410/2998 2978/3389/2978
f 2978/3389/2978 2998/3410/2998 2979/3390/2979
f 2998/3410/2998 2999/3411/2999 2979/3390/2979
f 2979/3390/2979 2999/3411/2999 2980/3391/2980
f 2999/3411/2999 3000/3412/3000 2980/3391/2980
f 2980/3391/2980 3000/3412/3000 2981/3392/2981
f 3000/3412/3000 3001/3413/3001 2981/3392/2981
f 2981/3392/2981 3001/3413/3001 2982/3393/2982
f 3001/3413/3001 3002/3414/3002 2982/3393/2982
f 2982/3393/2982 3002/3414/3002 2983/3394/2983
f 3002/3414/3002 3003/3415/3003 2983/3394/2983
f 2983/3394/2983 3003/3415/3003 2984/3395/2984
f 3003/3415/3003 3004/3416/3004 2984/3395/2984
f 2984/3395/2984 3004/3416/3004 2985/3396/2985
f 3004/3416/3004 3005/3417/3005 2985/3396/2985
f 2985/3396/2985 3005/3417/3005 2986/3397/2986
f 3005/3417/3005 3006/3418/3006 2986/3397/2986
f 2986/3397/2986 3006/3418/3006 2987/3398/2987
f 3006/3418/3006 3007/3419/3007 2987/3398/2987
f 2987/3398/2987 3007/3419/3007 2988/3399/2988
f 3007/3419/3007 3008/3420/3008 2988/3399/2988
f 2988/3399/2988 3008/3420/3008 2989/3400/2989
f 3008/3420/3008 3009/3421/3009 2989/3400/2989
f 2989/3400/2989 3009/3421/3009 2990/3401/2990
f 3009/3421/3009 3010/3422/3010 2990/3401/2990
f 2990/3401/2990 3010/3422/3010 2991/3402/2991
f 3010/3422/3010 3011/3423/3011 2991/3402/2991
f 2991/3402/2991 3011/3423/3011 2992/3403/2992
f 3011/3423/3011 3012/3424/3012 2992/3403/2992
f 2992/3403/2992 3012/3424/3012 2973/3404/2973
f 3012/3424/3012 2993/3425/2993 2973/3404/2973
f 2993/3405/2993 3013/3426/3013 2994/3406/2994
f 3013/3426/3013 3014/3427/3014 2994/3406/2994
f 2994/3406/2994 3014/3427/3014 2995/3407/2995
f 3014/3427/3014 3015/3428/3015 2995/3407/2995
f 2995/3407/2995 3015/3428/3015 2996/3408/2996
f 3015/3428/3015 3016/3429/3016 2996/3408/2996
f 2996/3408/2996 3016/3429/3016 2997/3409/2997
f 3016/3429/3016 3017/3430/3017 2997/3409/2997
f 2997/3409/2997 3017/3430/3017 2998/3410/2998
f 3017/3430/3017 3018/3431/3018 2998/3410/2998
f 2998/3410/2998 3018/3431/3018 2999/3411/2999
f 3018/3431/3018 3019/3432/3019 2999/3411/2999
f 2999/3411/2999 3019/3432/3019 3000/3412/3000
f 3019/3432/3019 3020/3433/3020 3000/3412/3000
f 3000/3412/3000 3020/3433/3020 3001/3413/3001
f 3020/3433/3020 3021/3434/3021 3001/3413/3001
f 3001/3413/3001 3021/3434/3021 3002/3414/3002
f 3021/3434/3021 3022/3435/3022 3002/3414/3002
f 3002/3414/3002 3022/3435/3022 3003/3415/3003
f 3022/3435/3022 3023/3436/3023 3003/3415/3003
f 3003/3415/3003 3023/3436/3023 3004/3416/3004
f 3023/3436/3023 3024/3437/3024 3004/3416/3004
f 3004/3416/3004 3024/3437/3024 3005/3417/3005
f 3024/3437/3024 3025/3438/3025 3005/3417/3005
f 3005/3417/3005 3025/3438/3025 3006/3418/3006
f 3025/3438/3025 3026/3439/3026 3006/3418/3006
f 3006/3418/3006 3026/3439/3026 3007/3419/3007
f 3026/3439/3026 3027/3440/3027 3007/3419/3007
f 3007/3419/3007 3027/3440/3027 3008/3420/3008
f 3027/3440/3027 3028/3441/3028 3008/3420/3008
f 3008/3420/3008 3028/3441/3028 3009/3421/3009
f 3028/3441/3028 3029/3442/3029 3009/3421/3009
f 3009/3421/3009 3029/3442/3029 3010/3422/3010
f 3029/3442/3029 3030/3443/3030 3010/3422/3010
f 3010/3422/3010 3030/3443/3030 3011/3423/3011
f 3030/3443/3030 3031/3444/3031 3011/3423/3011
f 3011/3423/3011 3031/3444/3031 3012/3424/3012
f 3031/3444/3031 3032/3445/3032 3012/3424/3012
f 3012/3424/3012 3032/3445/3032 2993/3425/2993
f 3032/3445/3032 3013/3446/3013 2993/3425/2993
f 2654/3049/2655 3033/3447/3033 2653/3048/2653
f 2655/3052/2657 3033/3448/3033 2654/3049/2655
f 2656/3054/2659 3033/3449/3033 2655/3052/2657
f 2657/3056/2661 3033/3450/3033 2656/3054/2659
f 2658/3058/2663 3033/3451/3033 2657/3056/2661
f 2659/3060/2665 3033/3452/3033 2658/3058/2663
f 2660/3062/2667 3033/3453/3033 2659/3060/2665
f 2661/3064/2669 3033/3454/3033 2660/3062/2667
f 2662/3066/2671 3033/3455/3033 2661/3064/2669
f 2663/3068/2673 3033/3456/3033 2662/3066/2671
f 2664/3070/2675 3033/3457/3033 2663/3068/2673
f 2665/3072/2677 3033/3458/3033 2664/3070/2675
f 2666/3074/2679 3033/3459/3033 2665/3072/2677
f 2667/3076/2681 3033/3460/3033 2666/3074/2679
f 2668/3078/2683 3033/3461/3033 2667/3076/2681
f 2669/3080/2685 3033/3462/3033 2668/3078/2683
f 2670/3082/2687 3033/3463/3033 2669/3080/2685
f 2671/3084/2689 3033/3464/3033 2670/3082/2687
f 2672/3086/2691 3033/3465/3033 2671/3084/2689
f 2653/3088/2653 3033/3466/3033 2672/3086/2691
f 3013/3426/3013 3034/3467/3034 3014/3427/3014
f 3014/3427/3014 3034/3468/3034 3015/3428/3015
f 3015/3428/3015 3034/3469/3034 3016/3429/3016
f 3016/3429/3016 3034/3470/3034 3017/3430/3017
f 3017/3430/3017 3034/3471/3034 3018/3431/3018
f 3018/3431/3018 3034/3472/3034 3019/3432/3019
f 3019/3432/3019 3034/3473/3034 3020/3433/3020
f 3020/3433/3020 3034/3474/3034 3021/3434/3021
f 3021/3434/3021 3034/3475/3034 3022/3435/3022
f 3022/3435/3022 3034/3476/3034 3023/3436/3023
f 3023/3436/3023 3034/3477/3034 3024/3437/3024
f 3024/3437/3024 3034/3478/3034 3025/3438/3025
f 3025/3438/3025 3034/3479/3034 3026/3439/3026
f 3026/3439/3026 3034/3480/3034 3027/3440/3027
f 3027/3440/3027 3034/3481/3034 3028/3441/3028
f 3028/3441/3028 3034/3482/3034 3029/3442/3029
f 3029/3442/3029 3034/3483/3034 3030/3443/3030
f 3030/3443/3030 3034/3484/3034 3031/3444/3031
f 3031/3444/3031 3034/3485/3034 3032/3445/3032
f 3032/3445/3032 3034/3486/3034 3013/3446/3013
g default
v 0.198007 0.377719 0.288567
v 0.196106 0.377118 0.288460
v 0.193653 0.376329 0.289055
v 0.190925 0.375349 0.290292
v 0.188223 0.374201 0.292050
v 0.185824 0.372971 0.294158
v 0.183951 0.371806 0.296408
v 0.182753 0.370891 0.298581
v 0.182309 0.370399 0.300465
v 0.182633 0.370443 0.301874
v 0.183682 0.371040 0.302670
v 0.185355 0.372129 0.302776
v 0.187513 0.373551 0.302182
v 0.190007 0.375033 0.300945
v 0.192613 0.376386 0.299187
v 0.195103 0.377421 0.297079
v 0.197215 0.378075 0.294829
v 0.198708 0.378356 0.292655
v 0.199380 0.378360 0.290772
v 0.199138 0.378139 0.289363
v 0.205721 0.379415 0.281689
v 0.201803 0.378577 0.281479
v 0.196734 0.377497 0.282653
v 0.191149 0.375982 0.285096
v 0.185732 0.373885 0.288569
v 0.181073 0.371284 0.292733
v 0.177569 0.368561 0.297178
v 0.175425 0.366277 0.301471
v 0.174712 0.364955 0.305192
v 0.175411 0.364914 0.307975
v 0.177412 0.366246 0.309548
v 0.180521 0.368819 0.309758
v 0.184546 0.372138 0.308584
v 0.189234 0.375577 0.306141
v 0.194299 0.378428 0.302667
v 0.199309 0.380275 0.298504
v 0.203710 0.381075 0.294058
v 0.206899 0.381119 0.289765
v 0.208421 0.380706 0.286045
v 0.208016 0.380118 0.283262
v 0.213163 0.380785 0.275154
v 0.207290 0.379806 0.274845
v 0.199635 0.378666 0.276570
v 0.191200 0.376932 0.280160
v 0.183141 0.374068 0.285262
v 0.176397 0.370030 0.291379
v 0.171479 0.365536 0.297910
v 0.168537 0.361735 0.304218
v 0.167606 0.359542 0.309683
v 0.168666 0.359411 0.313771
v 0.171558 0.361470 0.316083
v 0.175987 0.365546 0.316392
v 0.181647 0.370966 0.314667
v 0.188253 0.376622 0.311077
v 0.195570 0.381078 0.305974
v 0.203055 0.383524 0.299858
v 0.209803 0.384095 0.293326
v 0.214740 0.383616 0.287019
v 0.217115 0.382713 0.281554
v 0.216567 0.381748 0.277465
v 0.219765 0.382621 0.269123
v 0.212176 0.381322 0.268723
v 0.202160 0.380070 0.270956
v 0.191047 0.378236 0.275604
v 0.180507 0.374755 0.282211
v 0.171882 0.369300 0.290129
v 0.165706 0.363071 0.298586
v 0.162002 0.357925 0.306752
v 0.160782 0.355117 0.313828
v 0.162128 0.355002 0.319121
v 0.165901 0.357608 0.322114
v 0.171627 0.362904 0.322514
v 0.178782 0.370292 0.320280
v 0.187065 0.378193 0.315633
v 0.196394 0.384271 0.309026
v 0.206230 0.387130 0.301107
v 0.215235 0.387290 0.292651
v 0.221801 0.386300 0.284485
v 0.224884 0.385112 0.277409
v 0.224146 0.383922 0.272116
v 0.225094 0.385457 0.263744
v 0.216134 0.383529 0.263263
v 0.204143 0.381898 0.265950
v 0.190662 0.379932 0.271541
v 0.177897 0.375927 0.279489
v 0.167607 0.369181 0.289015
v 0.160289 0.361449 0.299188
v 0.155775 0.355383 0.309012
v 0.154137 0.352369 0.317524
v 0.155668 0.352420 0.323892
v 0.160295 0.355368 0.327493
v 0.167347 0.361386 0.327973
v 0.175937 0.370312 0.325287
v 0.185676 0.380300 0.319696
v 0.196751 0.387930 0.311748
v 0.208731 0.391051 0.302222
v 0.219790 0.390762 0.292049
v 0.227706 0.389533 0.282225
v 0.231251 0.388456 0.273713
v 0.230277 0.387211 0.267344
v 0.228930 0.389413 0.259150
v 0.218965 0.386592 0.258600
v 0.205454 0.384279 0.261674
v 0.190026 0.382042 0.268071
v 0.175365 0.377579 0.277164
v 0.163648 0.369742 0.288064
v 0.155280 0.360882 0.299703
v 0.149907 0.354390 0.310942
v 0.147747 0.351557 0.320681
v 0.149370 0.351891 0.327967
v 0.154804 0.354960 0.332087
v 0.163156 0.361239 0.332636
v 0.173112 0.371176 0.329563
v 0.184099 0.382938 0.323166
v 0.196632 0.391962 0.314073
v 0.210477 0.395238 0.303173
v 0.223286 0.394573 0.291534
v 0.232214 0.393441 0.280295
v 0.235987 0.392817 0.270555
v 0.234731 0.391695 0.263270
v 0.231244 0.394251 0.255454
v 0.220600 0.390435 0.254849
v 0.206026 0.387231 0.258234
v 0.189129 0.384563 0.265279
v 0.172967 0.379682 0.275294
v 0.160078 0.371017 0.287298
v 0.150767 0.361464 0.300117
v 0.144543 0.354969 0.312495
v 0.141833 0.352558 0.323221
v 0.143487 0.353213 0.331246
v 0.149628 0.356259 0.335783
v 0.159161 0.362457 0.336388
v 0.170341 0.372940 0.333003
v 0.182354 0.386082 0.325958
v 0.196041 0.396271 0.315943
v 0.211405 0.399628 0.303939
v 0.225600 0.398708 0.291120
v 0.235218 0.397923 0.278742
v 0.239039 0.397951 0.268016
v 0.237499 0.397052 0.259991
v 0.232135 0.399518 0.252747
v 0.221069 0.394812 0.252101
v 0.205845 0.390679 0.255715
v 0.187980 0.387466 0.263234
v 0.170755 0.382198 0.273924
v 0.156971 0.373006 0.286737
v 0.146862 0.363175 0.300420
v 0.139886 0.356956 0.313632
v 0.136699 0.355015 0.325082
v 0.138417 0.355816 0.333647
v 0.145046 0.358907 0.338490
v 0.155526 0.364869 0.339136
v 0.167678 0.375589 0.335522
v 0.180470 0.389685 0.328002
v 0.194991 0.400748 0.317313
v 0.211479 0.404144 0.304500
v 0.226661 0.403094 0.290817
v 0.236709 0.402725 0.277604
v 0.240482 0.403410 0.266155
v 0.238765 0.402609 0.257590
v 0.231810 0.404594 0.251096
v 0.220454 0.399415 0.250425
v 0.204945 0.394477 0.254178
v 0.186602 0.390687 0.261987
v 0.168778 0.385081 0.273088
v 0.154399 0.375670 0.286395
v 0.143690 0.365914 0.300605
v 0.136144 0.360100 0.314326
v 0.132698 0.358377 0.326216
v 0.134482 0.359209 0.335112
v 0.141366 0.362419 0.340141
v 0.152425 0.368237 0.340812
v 0.165204 0.379028 0.337059
v 0.178482 0.393680 0.329250
v 0.193509 0.405285 0.318148
v 0.210686 0.408696 0.304842
v 0.226459 0.407592 0.290632
v 0.236734 0.407551 0.276911
v 0.240479 0.408636 0.265020
v 0.238695 0.407804 0.256125
v 0.230321 0.409259 0.250541
v 0.218869 0.403919 0.249862
v 0.203385 0.398449 0.253661
v 0.185033 0.394142 0.261568
v 0.167077 0.388271 0.272808
v 0.152429 0.378938 0.286280
v 0.141367 0.369529 0.300667
v 0.133508 0.364114 0.314559
v 0.129973 0.362466 0.326598
v 0.131779 0.363309 0.335604
v 0.138750 0.366559 0.340696
v 0.149992 0.372349 0.341375
v 0.162991 0.383147 0.337576
v 0.176436 0.397978 0.329669
v 0.191631 0.409769 0.318429
v 0.209041 0.413182 0.304957
v 0.225009 0.412067 0.290570
v 0.235353 0.412154 0.276677
v 0.239098 0.413352 0.264639
v 0.237291 0.412510 0.255633
v 0.227704 0.413399 0.251096
v 0.216348 0.408220 0.250425
v 0.200839 0.403283 0.254178
v 0.182496 0.399492 0.261987
v 0.164672 0.393886 0.273088
v 0.150293 0.384475 0.286395
v 0.139584 0.374719 0.300605
v 0.132038 0.368905 0.314326
v 0.128592 0.367182 0.326216
v 0.130376 0.368014 0.335112
v 0.137261 0.371224 0.340141
v 0.148319 0.377042 0.340812
v 0.161098 0.387834 0.337059
v 0.174376 0.402485 0.329250
v 0.189403 0.414090 0.318148
v 0.206580 0.417501 0.304842
v 0.222353 0.416397 0.290632
v 0.232629 0.416356 0.276911
v 0.236373 0.417441 0.265020
v 0.234589 0.416609 0.256125
v 0.224025 0.416911 0.252747
v 0.212959 0.412206 0.252101
v 0.197735 0.408072 0.255715
v 0.179869 0.404859 0.263234
v 0.162645 0.399592 0.273924
v 0.148860 0.390399 0.286737
v 0.138752 0.380568 0.300420
v 0.131776 0.374349 0.313632
v 0.128588 0.372408 0.325082
v 0.130306 0.373209 0.333647
v 0.136935 0.376301 0.338490
v 0.147416 0.382262 0.339136
v 0.159568 0.392983 0.335522
v 0.172359 0.407078 0.328002
v 0.186881 0.418142 0.317313
v 0.203368 0.421538 0.304500
v 0.218551 0.420487 0.290817
v 0.228599 0.420118 0.277604
v 0.232372 0.420803 0.266155
v 0.230654 0.420002 0.257590
v 0.219328 0.419804 0.255454
v 0.208685 0.415988 0.254849
v 0.194110 0.412785 0.258234
v 0.177213 0.410117 0.265279
v 0.161051 0.405235 0.275294
v 0.148162 0.396570 0.287298
v 0.138851 0.387017 0.300117
v 0.132628 0.380522 0.312495
v 0.129918 0.378112 0.323221
v 0.131572 0.378767 0.331246
v 0.137713 0.381812 0.335783
v 0.147245 0.388010 0.336388
v 0.158425 0.398494 0.333003
v 0.170438 0.411635 0.325958
v 0.184125 0.421824 0.315943
v 0.199490 0.425182 0.303939
v 0.213684 0.424261 0.291120
v 0.223302 0.423476 0.278742
v 0.227123 0.423505 0.268016
v 0.225583 0.422605 0.259991
v 0.213502 0.422497 0.259150
v 0.203538 0.419676 0.258600
v 0.190027 0.417363 0.261674
v 0.174598 0.415126 0.268071
v 0.159938 0.410663 0.277164
v 0.148220 0.402826 0.288064
v 0.139853 0.393966 0.299703
v 0.134480 0.387474 0.310942
v 0.132319 0.384641 0.320681
v 0.133943 0.384975 0.327967
v 0.139377 0.388044 0.332087
v 0.147729 0.394323 0.332636
v 0.157684 0.404261 0.329563
v 0.168672 0.416022 0.323166
v 0.181205 0.425047 0.314073
v 0.195050 0.428322 0.303173
v 0.207858 0.427657 0.291534
v 0.216787 0.426525 0.280295
v 0.220560 0.425901 0.270555
v 0.219304 0.424779 0.263270
v 0.206535 0.425257 0.263744
v 0.197575 0.423329 0.263263
v 0.185583 0.421698 0.265950
v 0.172103 0.419732 0.271541
v 0.159338 0.415727 0.279489
v 0.149048 0.408981 0.289015
v 0.141730 0.401249 0.299188
v 0.137216 0.395183 0.309012
v 0.135578 0.392169 0.317524
v 0.137109 0.392221 0.323892
v 0.141735 0.395168 0.327493
v 0.148788 0.401187 0.327973
v 0.157378 0.410113 0.325287
v 0.167117 0.420101 0.319696
v 0.178192 0.427730 0.311748
v 0.190172 0.430852 0.302222
v 0.201231 0.430562 0.292049
v 0.209147 0.429333 0.282225
v 0.212692 0.428256 0.273713
v 0.211717 0.427011 0.267344
v 0.198531 0.428157 0.269123
v 0.190942 0.426858 0.268723
v 0.180925 0.425606 0.270957
v 0.169813 0.423773 0.275604
v 0.159273 0.420291 0.282210
v 0.150648 0.414836 0.290129
v 0.144472 0.408607 0.298586
v 0.140768 0.403462 0.306752
v 0.139548 0.400653 0.313828
v 0.140894 0.400538 0.319121
v 0.144667 0.403144 0.322114
v 0.150393 0.408440 0.322514
v 0.157548 0.415828 0.320280
v 0.165831 0.423730 0.315633
v 0.175160 0.429808 0.309026
v 0.184996 0.432666 0.301107
v 0.194001 0.432827 0.292651
v 0.200567 0.431837 0.284485
v 0.203650 0.430648 0.277409
v 0.202913 0.429458 0.272116
v 0.189777 0.430936 0.275154
v 0.183904 0.429957 0.274845
v 0.176249 0.428817 0.276570
v 0.167814 0.427083 0.280160
v 0.159755 0.424219 0.285262
v 0.153011 0.420181 0.291379
v 0.148093 0.415688 0.297910
v 0.145151 0.411886 0.304217
v 0.144220 0.409693 0.309683
v 0.145280 0.409562 0.313771
v 0.148172 0.411621 0.316083
v 0.152601 0.415697 0.316392
v 0.158261 0.421117 0.314667
v 0.164867 0.426773 0.311077
v 0.172184 0.431229 0.305974
v 0.179670 0.433675 0.299858
v 0.186417 0.434246 0.293326
v 0.191355 0.433768 0.287019
v 0.193729 0.432864 0.281554
v 0.193181 0.431899 0.277465
v 0.180759 0.432946 0.281689
v 0.176841 0.432108 0.281479
v 0.171772 0.431028 0.282653
v 0.166187 0.429514 0.285096
v 0.160770 0.427416 0.288569
v 0.156111 0.424815 0.292733
v 0.152607 0.422092 0.297178
v 0.150463 0.419808 0.301471
v 0.149750 0.418486 0.305192
v 0.150449 0.418445 0.307975
v 0.152450 0.419777 0.309548
v 0.155559 0.422350 0.309758
v 0.159584 0.425669 0.308584
v 0.164272 0.429108 0.306141
v 0.169337 0.431959 0.302667
v 0.174347 0.433807 0.298504
v 0.178749 0.434606 0.294058
v 0.181937 0.434651 0.289765
v 0.183459 0.434237 0.286045
v 0.183054 0.433649 0.283262
v 0.172083 0.433312 0.288567
v 0.170183 0.432711 0.288460
v 0.167729 0.431923 0.289055
v 0.165001 0.430942 0.290292
v 0.162299 0.429794 0.292050
v 0.159901 0.428564 0.294158
v 0.158027 0.427399 0.296408
v 0.156829 0.426484 0.298581
v 0.156385 0.425992 0.300465
v 0.156709 0.426036 0.301873
v 0.157758 0.426633 0.302670
v 0.159432 0.427722 0.302776
v 0.161590 0.429144 0.302182
v 0.164084 0.430626 0.300945
v 0.166689 0.431980 0.299187
v 0.169179 0.433014 0.297079
v 0.171291 0.433668 0.294829
v 0.172785 0.433949 0.292655
v 0.173456 0.433953 0.290772
v 0.173215 0.433732 0.289363
v 0.190553 0.375004 0.295618
v 0.164306 0.431290 0.295618
v -0.198007 0.377719 0.288567
v -0.196106 0.377118 0.288460
v -0.193653 0.376329 0.289055
v -0.190925 0.375349 0.290292
v -0.188223 0.374201 0.292050
v -0.185824 0.372971 0.294158
v -0.183951 0.371806 0.296408
v -0.182753 0.370891 0.298581
v -0.182309 0.370399 0.300465
v -0.182633 0.370443 0.301874
v -0.183682 0.371040 0.302670
v -0.185355 0.372129 0.302776
v -0.187513 0.373551 0.302182
v -0.190007 0.375033 0.300945
v -0.192613 0.376386 0.299187
v -0.195103 0.377422 0.297079
v -0.197215 0.378075 0.294829
v -0.198708 0.378356 0.292655
v -0.199380 0.378360 0.290772
v -0.199138 0.378139 0.289363
v -0.205721 0.379415 0.281689
v -0.201803 0.378577 0.281479
v -0.196734 0.377497 0.282653
v -0.191149 0.375982 0.285096
v -0.185732 0.373885 0.288569
v -0.181073 0.371284 0.292733
v -0.177569 0.368561 0.297178
v -0.175425 0.366277 0.301471
v -0.174712 0.364955 0.305192
v -0.175411 0.364914 0.307975
v -0.177412 0.366246 0.309548
v -0.180521 0.368819 0.309758
v -0.184546 0.372138 0.308584
v -0.189234 0.375577 0.306141
v -0.194299 0.378428 0.302667
v -0.199309 0.380275 0.298504
v -0.203710 0.381075 0.294058
v -0.206899 0.381119 0.289765
v -0.208421 0.380706 0.286045
v -0.208016 0.380118 0.283262
v -0.213163 0.380785 0.275154
v -0.207290 0.379806 0.274845
v -0.199635 0.378666 0.276570
v -0.191200 0.376932 0.280160
v -0.183141 0.374068 0.285262
v -0.176397 0.370030 0.291379
v -0.171479 0.365536 0.297910
v -0.168537 0.361735 0.304217
v -0.167606 0.359542 0.309683
v -0.168666 0.359411 0.313771
v -0.171558 0.361470 0.316083
v -0.175987 0.365546 0.316392
v -0.181647 0.370966 0.314667
v -0.188253 0.376622 0.311077
v -0.195570 0.381078 0.305974
v -0.203055 0.383524 0.299858
v -0.209803 0.384095 0.293326
v -0.214740 0.383616 0.287019
v -0.217115 0.382713 0.281554
v -0.216567 0.381748 0.277465
v -0.219765 0.382621 0.269123
v -0.212176 0.381322 0.268723
v -0.202159 0.380070 0.270957
v -0.191047 0.378236 0.275604
v -0.180507 0.374755 0.282211
v -0.171882 0.369300 0.290130
v -0.165706 0.363071 0.298586
v -0.162002 0.357925 0.306752
v -0.160782 0.355117 0.313828
v -0.162128 0.355002 0.319121
v -0.165901 0.357608 0.322114
v -0.171627 0.362904 0.322514
v -0.178782 0.370292 0.320280
v -0.187065 0.378193 0.315633
v -0.196394 0.384271 0.309026
v -0.206230 0.387130 0.301107
v -0.215235 0.387290 0.292651
v -0.221801 0.386300 0.284485
v -0.224884 0.385112 0.277409
v -0.224147 0.383922 0.272116
v -0.225094 0.385457 0.263744
v -0.216134 0.383529 0.263263
v -0.204143 0.381898 0.265950
v -0.190662 0.379932 0.271541
v -0.177897 0.375927 0.279489
v -0.167607 0.369181 0.289015
v -0.160289 0.361449 0.299188
v -0.155775 0.355383 0.309012
v -0.154137 0.352369 0.317524
v -0.155668 0.352420 0.323892
v -0.160295 0.355368 0.327493
v -0.167347 0.361387 0.327973
v -0.175937 0.370312 0.325287
v -0.185676 0.380300 0.319696
v -0.196751 0.387930 0.311748
v -0.208731 0.391051 0.302222
v -0.219790 0.390762 0.292049
v -0.227706 0.389533 0.282225
v -0.231251 0.388456 0.273713
v -0.230276 0.387211 0.267344
v -0.228930 0.389413 0.259150
v -0.218965 0.386592 0.258600
v -0.205454 0.384279 0.261674
v -0.190026 0.382042 0.268071
v -0.175365 0.377579 0.277164
v -0.163648 0.369741 0.288064
v -0.155280 0.360882 0.299703
v -0.149907 0.354390 0.310942
v -0.147747 0.351557 0.320681
v -0.149370 0.351891 0.327967
v -0.154804 0.354960 0.332087
v -0.163156 0.361239 0.332636
v -0.173112 0.371176 0.329563
v -0.184099 0.382938 0.323166
v -0.196632 0.391963 0.314073
v -0.210477 0.395238 0.303173
v -0.223286 0.394573 0.291534
v -0.232214 0.393441 0.280295
v -0.235987 0.392817 0.270555
v -0.234731 0.391695 0.263270
v -0.231244 0.394251 0.255454
v -0.220600 0.390435 0.254849
v -0.206026 0.387231 0.258234
v -0.189129 0.384563 0.265279
v -0.172967 0.379682 0.275294
v -0.160078 0.371017 0.287298
v -0.150767 0.361464 0.300117
v -0.144543 0.354969 0.312495
v -0.141833 0.352558 0.323221
v -0.143487 0.353213 0.331246
v -0.149628 0.356259 0.335783
v -0.159161 0.362457 0.336388
v -0.170341 0.372940 0.333003
v -0.182354 0.386082 0.325958
v -0.196041 0.396271 0.315943
v -0.211405 0.399628 0.303939
v -0.225600 0.398708 0.291120
v -0.235218 0.397923 0.278742
v -0.239039 0.397951 0.268016
v -0.237499 0.397052 0.259991
v -0.232135 0.399518 0.252747
v -0.221069 0.394812 0.252101
v -0.205845 0.390679 0.255715
v -0.187980 0.387466 0.263234
v -0.170755 0.382198 0.273924
v -0.156971 0.373006 0.286737
v -0.146862 0.363175 0.300420
v -0.139886 0.356956 0.313632
v -0.136699 0.355015 0.325082
v -0.138417 0.355816 0.333647
v -0.145046 0.358907 0.338490
v -0.155526 0.364869 0.339136
v -0.167678 0.375589 0.335522
v -0.180470 0.389685 0.328002
v -0.194991 0.400748 0.317313
v -0.211479 0.404144 0.304500
v -0.226661 0.403094 0.290817
v -0.236709 0.402725 0.277604
v -0.240482 0.403410 0.266155
v -0.238765 0.402609 0.257590
v -0.231810 0.404594 0.251096
v -0.220454 0.399415 0.250425
v -0.204945 0.394477 0.254178
v -0.186602 0.390687 0.261987
v -0.168778 0.385081 0.273088
v -0.154399 0.375670 0.286395
v -0.143690 0.365914 0.300605
v -0.136144 0.360100 0.314326
v -0.132698 0.358377 0.326216
v -0.134482 0.359209 0.335112
v -0.141366 0.362419 0.340141
v -0.152425 0.368237 0.340812
v -0.165204 0.379028 0.337059
v -0.178482 0.393680 0.329250
v -0.193509 0.405285 0.318148
v -0.210686 0.408696 0.304842
v -0.226459 0.407592 0.290632
v -0.236734 0.407551 0.276911
v -0.240479 0.408636 0.265020
v -0.238695 0.407804 0.256125
v -0.230321 0.409259 0.250541
v -0.218869 0.403919 0.249862
v -0.203385 0.398449 0.253661
v -0.185033 0.394142 0.261568
v -0.167077 0.388271 0.272808
v -0.152429 0.378938 0.286280
v -0.141367 0.369529 0.300667
v -0.133508 0.364114 0.314559
v -0.129973 0.362466 0.326598
v -0.131779 0.363309 0.335604
v -0.138750 0.366559 0.340696
v -0.149992 0.372349 0.341375
v -0.162991 0.383147 0.337576
v -0.176436 0.397978 0.329669
v -0.191631 0.409769 0.318429
v -0.209041 0.413182 0.304957
v -0.225009 0.412067 0.290570
v -0.235353 0.412154 0.276677
v -0.239098 0.413352 0.264639
v -0.237291 0.412510 0.255633
v -0.227704 0.413399 0.251096
v -0.216348 0.408220 0.250425
v -0.200839 0.403283 0.254178
v -0.182496 0.399492 0.261987
v -0.164672 0.393886 0.273088
v -0.150293 0.384476 0.286395
v -0.139584 0.374719 0.300605
v -0.132038 0.368905 0.314326
v -0.128592 0.367182 0.326216
v -0.130376 0.368014 0.335112
v -0.137261 0.371224 0.340141
v -0.148319 0.377042 0.340812
v -0.161098 0.387834 0.337059
v -0.174376 0.402485 0.329250
v -0.189403 0.414090 0.318148
v -0.206580 0.417501 0.304842
v -0.222353 0.416397 0.290632
v -0.232629 0.416356 0.276911
v -0.236373 0.417441 0.265020
v -0.234589 0.416609 0.256125
v -0.224025 0.416911 0.252747
v -0.212959 0.412206 0.252101
v -0.197735 0.408072 0.255715
v -0.179869 0.404859 0.263234
v -0.162645 0.399592 0.273924
v -0.148860 0.390399 0.286737
v -0.138752 0.380568 0.300420
v -0.131776 0.374349 0.313632
v -0.128588 0.372408 0.325082
v -0.130306 0.373209 0.333647
v -0.136935 0.376301 0.338490
v -0.147416 0.382262 0.339136
v -0.159568 0.392983 0.335522
v -0.172359 0.407078 0.328002
v -0.186880 0.418142 0.317313
v -0.203368 0.421538 0.304500
v -0.218551 0.420487 0.290817
v -0.228599 0.420119 0.277604
v -0.232372 0.420803 0.266155
v -0.230654 0.420002 0.257590
v -0.219328 0.419804 0.255454
v -0.208685 0.415988 0.254849
v -0.194110 0.412785 0.258234
v -0.177213 0.410117 0.265279
v -0.161051 0.405235 0.275294
v -0.148162 0.396570 0.287298
v -0.138851 0.387017 0.300117
v -0.132628 0.380522 0.312495
v -0.129918 0.378112 0.323221
v -0.131572 0.378767 0.331246
v -0.137713 0.381812 0.335783
v -0.147245 0.388010 0.336388
v -0.158425 0.398494 0.333003
v -0.170438 0.411635 0.325958
v -0.184125 0.421824 0.315943
v -0.199490 0.425182 0.303939
v -0.213684 0.424261 0.291120
v -0.223302 0.423476 0.278742
v -0.227123 0.423505 0.268016
v -0.225583 0.422605 0.259991
v -0.213502 0.422497 0.259150
v -0.203538 0.419676 0.258600
v -0.190027 0.417363 0.261674
v -0.174598 0.415126 0.268071
v -0.159938 0.410663 0.277164
v -0.148220 0.402826 0.288064
v -0.139853 0.393966 0.299703
v -0.134480 0.387474 0.310942
v -0.132319 0.384641 0.320681
v -0.133943 0.384975 0.327967
v -0.139377 0.388044 0.332087
v -0.147729 0.394323 0.332636
v -0.157684 0.404261 0.329563
v -0.168672 0.416022 0.323166
v -0.181205 0.425047 0.314073
v -0.195050 0.428322 0.303173
v -0.207858 0.427657 0.291534
v -0.216787 0.426525 0.280295
v -0.220560 0.425901 0.270555
v -0.219304 0.424779 0.263270
v -0.206535 0.425257 0.263744
v -0.197575 0.423329 0.263263
v -0.185583 0.421698 0.265950
v -0.172103 0.419732 0.271541
v -0.159338 0.415727 0.279489
v -0.149048 0.408981 0.289015
v -0.141730 0.401249 0.299188
v -0.137216 0.395183 0.309012
v -0.135578 0.392169 0.317524
v -0.137109 0.392221 0.323892
v -0.141735 0.395168 0.327493
v -0.148788 0.401187 0.327973
v -0.157378 0.410113 0.325287
v -0.167117 0.420101 0.319696
v -0.178192 0.427730 0.311748
v -0.190172 0.430851 0.302222
v -0.201231 0.430562 0.292049
v -0.209147 0.429333 0.282225
v -0.212692 0.428256 0.273713
v -0.211717 0.427011 0.267344
v -0.198531 0.428157 0.269123
v -0.190942 0.426858 0.268723
v -0.180926 0.425606 0.270957
v -0.169813 0.423773 0.275604
v -0.159273 0.420291 0.282210
v -0.150648 0.414836 0.290130
v -0.144472 0.408607 0.298586
v -0.140768 0.403462 0.306752
v -0.139548 0.400653 0.313828
v -0.140894 0.400538 0.319121
v -0.144667 0.403144 0.322114
v -0.150393 0.408440 0.322514
v -0.157548 0.415828 0.320280
v -0.165831 0.423730 0.315633
v -0.175160 0.429808 0.309026
v -0.184996 0.432666 0.301107
v -0.194001 0.432827 0.292651
v -0.200567 0.431837 0.284485
v -0.203650 0.430648 0.277409
v -0.202913 0.429458 0.272116
v -0.189777 0.430936 0.275154
v -0.183904 0.429957 0.274845
v -0.176249 0.428817 0.276570
v -0.167814 0.427083 0.280160
v -0.159755 0.424219 0.285262
v -0.153011 0.420181 0.291379
v -0.148093 0.415688 0.297910
v -0.145151 0.411886 0.304217
v -0.144220 0.409693 0.309683
v -0.145280 0.409562 0.313771
v -0.148172 0.411621 0.316083
v -0.152601 0.415697 0.316392
v -0.158261 0.421117 0.314667
v -0.164867 0.426773 0.311077
v -0.172184 0.431229 0.305974
v -0.179670 0.433675 0.299858
v -0.186417 0.434246 0.293326
v -0.191355 0.433768 0.287019
v -0.193729 0.432864 0.281554
v -0.193181 0.431899 0.277465
v -0.180759 0.432946 0.281689
v -0.176841 0.432108 0.281479
v -0.171772 0.431028 0.282653
v -0.166187 0.429514 0.285096
v -0.160770 0.427416 0.288569
v -0.156111 0.424815 0.292733
v -0.152607 0.422092 0.297178
v -0.150463 0.419808 0.301471
v -0.149750 0.418486 0.305192
v -0.150449 0.418445 0.307975
v -0.152450 0.419777 0.309548
v -0.155559 0.422350 0.309758
v -0.159584 0.425669 0.308584
v -0.164272 0.429108 0.306141
v -0.169337 0.431959 0.302667
v -0.174347 0.433807 0.298504
v -0.178749 0.434606 0.294058
v -0.181937 0.434651 0.289765
v -0.183459 0.434237 0.286045
v -0.183054 0.433649 0.283262
v -0.172083 0.433312 0.288567
v -0.170183 0.432711 0.288460
v -0.167729 0.431923 0.289055
v -0.165001 0.430942 0.290292
v -0.162299 0.429794 0.292050
v -0.159901 0.428564 0.294158
v -0.158027 0.427399 0.296408
v -0.156829 0.426484 0.298581
v -0.156385 0.425992 0.300465
v -0.156709 0.426036 0.301873
v -0.157758 0.426633 0.302670
v -0.159432 0.427722 0.302776
v -0.161589 0.429144 0.302182
v -0.164083 0.430626 0.300945
v -0.166689 0.431980 0.299187
v -0.169179 0.433014 0.297079
v -0.171291 0.433668 0.294829
v -0.172785 0.433949 0.292655
v -0.173456 0.433953 0.290772
v -0.173215 0.433732 0.289363
v -0.190553 0.375004 0.295618
v -0.164306 0.431290 0.295618
vt 0.000000 0.050000
vt 0.050000 0.050000
vt 0.100000 0.050000
vt 0.150000 0.050000
vt 0.200000 0.050000
vt 0.250000 0.050000
vt 0.300000 0.050000
vt 0.350000 0.050000
vt 0.400000 0.050000
vt 0.450000 0.050000
vt 0.500000 0.050000
vt 0.550000 0.050000
vt 0.600000 0.050000
vt 0.650000 0.050000
vt 0.700000 0.050000
vt 0.750000 0.050000
vt 0.800000 0.050000
vt 0.850000 0.050000
vt 0.900000 0.050000
vt 0.950000 0.050000
vt 1.000000 0.050000
vt 0.000000 0.100000
vt 0.050000 0.100000
vt 0.100000 0.100000
vt 0.150000 0.100000
vt 0.200000 0.100000
vt 0.250000 0.100000
vt 0.300000 0.100000
vt 0.350000 0.100000
vt 0.400000 0.100000
vt 0.450000 0.100000
vt 0.500000 0.100000
vt 0.550000 0.100000
vt 0.600000 0.100000
vt 0.650000 0.100000
vt 0.700000 0.100000
vt 0.750000 0.100000
vt 0.800000 0.100000
vt 0.850000 0.100000
vt 0.900000 0.100000
vt 0.950000 0.100000
vt 1.000000 0.100000
vt 0.000000 0.150000
vt 0.050000 0.150000
vt 0.100000 0.150000
vt 0.150000 0.150000
vt 0.200000 0.150000
vt 0.250000 0.150000
vt 0.300000 0.150000
vt 0.350000 0.150000
vt 0.400000 0.150000
vt 0.450000 0.150000
vt 0.500000 0.150000
vt 0.550000 0.150000
vt 0.600000 0.150000
vt 0.650000 0.150000
vt 0.700000 0.150000
vt 0.750000 0.150000
vt 0.800000 0.150000
vt 0.850000 0.150000
vt 0.900000 0.150000
vt 0.950000 0.150000
vt 1.000000 0.150000
vt 0.000000 0.200000
vt 0.050000 0.200000
vt 0.100000 0.200000
vt 0.150000 0.200000
vt 0.200000 0.200000
vt 0.250000 0.200000
vt 0.300000 0.200000
vt 0.350000 0.200000
vt 0.400000 0.200000
vt 0.450000 0.200000
vt 0.500000 0.200000
vt 0.550000 0.200000
vt 0.600000 0.200000
vt 0.650000 0.200000
vt 0.700000 0.200000
vt 0.750000 0.200000
vt 0.800000 0.200000
vt 0.850000 0.200000
vt 0.900000 0.200000
vt 0.950000 0.200000
vt 1.000000 0.200000
vt 0.000000 0.250000
vt 0.050000 0.250000
vt 0.100000 0.250000
vt 0.150000 0.250000
vt 0.200000 0.250000
vt 0.250000 0.250000
vt 0.300000 0.250000
vt 0.350000 0.250000
vt 0.400000 0.250000
vt 0.450000 0.250000
vt 0.500000 0.250000
vt 0.550000 0.250000
vt 0.600000 0.250000
vt 0.650000 0.250000
vt 0.700000 0.250000
vt 0.750000 0.250000
vt 0.800000 0.250000
vt 0.850000 0.250000
vt 0.900000 0.250000
vt 0.950000 0.250000
vt 1.000000 0.250000
vt 0.000000 0.300000
vt 0.050000 0.300000
vt 0.100000 0.300000
vt 0.150000 0.300000
vt 0.200000 0.300000
vt 0.250000 0.300000
vt 0.300000 0.300000
vt 0.350000 0.300000
vt 0.400000 0.300000
vt 0.450000 0.300000
vt 0.500000 0.300000
vt 0.550000 0.300000
vt 0.600000 0.300000
vt 0.650000 0.300000
vt 0.700000 0.300000
vt 0.750000 0.300000
vt 0.800000 0.300000
vt 0.850000 0.300000
vt 0.900000 0.300000
vt 0.950000 0.300000
vt 1.000000 0.300000
vt 0.000000 0.350000
vt 0.050000 0.350000
vt 0.100000 0.350000
vt 0.150000 0.350000
vt 0.200000 0.350000
vt 0.250000 0.350000
vt 0.300000 0.350000
vt 0.350000 0.350000
vt 0.400000 0.350000
vt 0.450000 0.350000
vt 0.500000 0.350000
vt 0.550000 0.350000
vt 0.600000 0.350000
vt 0.650000 0.350000
vt 0.700000 0.350000
vt 0.750000 0.350000
vt 0.800000 0.350000
vt 0.850000 0.350000
vt 0.900000 0.350000
vt 0.950000 0.350000
vt 1.000000 0.350000
vt 0.000000 0.400000
vt 0.050000 0.400000
vt 0.100000 0.400000
vt 0.150000 0.400000
vt 0.200000 0.400000
vt 0.250000 0.400000
vt 0.300000 0.400000
vt 0.350000 0.400000
vt 0.400000 0.400000
vt 0.450000 0.400000
vt 0.500000 0.400000
vt 0.550000 0.400000
vt 0.600000 0.400000
vt 0.650000 0.400000
vt 0.700000 0.400000
vt 0.750000 0.400000
vt 0.800000 0.400000
vt 0.850000 0.400000
vt 0.900000 0.400000
vt 0.950000 0.400000
vt 1.000000 0.400000
vt 0.000000 0.450000
vt 0.050000 0.450000
vt 0.100000 0.450000
vt 0.150000 0.450000
vt 0.200000 0.450000
vt 0.250000 0.450000
vt 0.300000 0.450000
vt 0.350000 0.450000
vt 0.400000 0.450000
vt 0.450000 0.450000
vt 0.500000 0.450000
vt 0.550000 0.450000
vt 0.600000 0.450000
vt 0.650000 0.450000
vt 0.700000 0.450000
vt 0.750000 0.450000
vt 0.800000 0.450000
vt 0.850000 0.450000
vt 0.900000 0.450000
vt 0.950000 0.450000
vt 1.000000 0.450000
vt 0.000000 0.500000
vt 0.050000 0.500000
vt 0.100000 0.500000
vt 0.150000 0.500000
vt 0.200000 0.500000
vt 0.250000 0.500000
vt 0.300000 0.500000
vt 0.350000 0.500000
vt 0.400000 0.500000
vt 0.450000 0.500000
vt 0.500000 0.500000
vt 0.550000 0.500000
vt 0.600000 0.500000
vt 0.650000 0.500000
vt 0.700000 0.500000
vt 0.750000 0.500000
vt 0.800000 0.500000
vt 0.850000 0.500000
vt 0.900000 0.500000
vt 0.950000 0.500000
vt 1.000000 0.500000
vt 0.000000 0.550000
vt 0.050000 0.550000
vt 0.100000 0.550000
vt 0.150000 0.550000
vt 0.200000 0.550000
vt 0.250000 0.550000
vt 0.300000 0.550000
vt 0.350000 0.550000
vt 0.400000 0.550000
vt 0.450000 0.550000
vt 0.500000 0.550000
vt 0.550000 0.550000
vt 0.600000 0.550000
vt 0.650000 0.550000
vt 0.700000 0.550000
vt 0.750000 0.550000
vt 0.800000 0.550000
vt 0.850000 0.550000
vt 0.900000 0.550000
vt 0.950000 0.550000
vt 1.000000 0.550000
vt 0.000000 0.600000
vt 0.050000 0.600000
vt 0.100000 0.600000
vt 0.150000 0.600000
vt 0.200000 0.600000
vt 0.250000 0.600000
vt 0.300000 0.600000
vt 0.350000 0.600000
vt 0.400000 0.600000
vt 0.450000 0.600000
vt 0.500000 0.600000
vt 0.550000 0.600000
vt 0.600000 0.600000
vt 0.650000 0.600000
vt 0.700000 0.600000
vt 0.750000 0.600000
vt 0.800000 0.600000
vt 0.850000 0.600000
vt 0.900000 0.600000
vt 0.950000 0.600000
vt 1.000000 0.600000
vt 0.000000 0.650000
vt 0.050000 0.650000
vt 0.100000 0.650000
vt 0.150000 0.650000
vt 0.200000 0.650000
vt 0.250000 0.650000
vt 0.300000 0.650000
vt 0.350000 0.650000
vt 0.400000 0.650000
vt 0.450000 0.650000
vt 0.500000 0.650000
vt 0.550000 0.650000
vt 0.600000 0.650000
vt 0.650000 0.650000
vt 0.700000 0.650000
vt 0.750000 0.650000
vt 0.800000 0.650000
vt 0.850000 0.650000
vt 0.900000 0.650000
vt 0.950000 0.650000
vt 1.000000 0.650000
vt 0.000000 0.700000
vt 0.050000 0.700000
vt 0.100000 0.700000
vt 0.150000 0.700000
vt 0.200000 0.700000
vt 0.250000 0.700000
vt 0.300000 0.700000
vt 0.350000 0.700000
vt 0.400000 0.700000
vt 0.450000 0.700000
vt 0.500000 0.700000
vt 0.550000 0.700000
vt 0.600000 0.700000
vt 0.650000 0.700000
vt 0.700000 0.700000
vt 0.750000 0.700000
vt 0.800000 0.700000
vt 0.850000 0.700000
vt 0.900000 0.700000
vt 0.950000 0.700000
vt 1.000000 0.700000
vt 0.000000 0.750000
vt 0.050000 0.750000
vt 0.100000 0.750000
vt 0.150000 0.750000
vt 0.200000 0.750000
vt 0.250000 0.750000
vt 0.300000 0.750000
vt 0.350000 0.750000
vt 0.400000 0.750000
vt 0.450000 0.750000
vt 0.500000 0.750000
vt 0.550000 0.750000
vt 0.600000 0.750000
vt 0.650000 0.750000
vt 0.700000 0.750000
vt 0.750000 0.750000
vt 0.800000 0.750000
vt 0.850000 0.750000
vt 0.900000 0.750000
vt 0.950000 0.750000
vt 1.000000 0.750000
vt 0.000000 0.800000
vt 0.050000 0.800000
vt 0.100000 0.800000
vt 0.150000 0.800000
vt 0.200000 0.800000
vt 0.250000 0.800000
vt 0.300000 0.800000
vt 0.350000 0.800000
vt 0.400000 0.800000
vt 0.450000 0.800000
vt 0.500000 0.800000
vt 0.550000 0.800000
vt 0.600000 0.800000
vt 0.650000 0.800000
vt 0.700000 0.800000
vt 0.750000 0.800000
vt 0.800000 0.800000
vt 0.850000 0.800000
vt 0.900000 0.800000
vt 0.950000 0.800000
vt 1.000000 0.800000
vt 0.000000 0.850000
vt 0.050000 0.850000
vt 0.100000 0.850000
vt 0.150000 0.850000
vt 0.200000 0.850000
vt 0.250000 0.850000
vt 0.300000 0.850000
vt 0.350000 0.850000
vt 0.400000 0.850000
vt 0.450000 0.850000
vt 0.500000 0.850000
vt 0.550000 0.850000
vt 0.600000 0.850000
vt 0.650000 0.850000
vt 0.700000 0.850000
vt 0.750000 0.850000
vt 0.800000 0.850000
vt 0.850000 0.850000
vt 0.900000 0.850000
vt 0.950000 0.850000
vt 1.000000 0.850000
vt 0.000000 0.900000
vt 0.050000 0.900000
vt 0.100000 0.900000
vt 0.150000 0.900000
vt 0.200000 0.900000
vt 0.250000 0.900000
vt 0.300000 0.900000
vt 0.350000 0.900000
vt 0.400000 0.900000
vt 0.450000 0.900000
vt 0.500000 0.900000
vt 0.550000 0.900000
vt 0.600000 0.900000
vt 0.650000 0.900000
vt 0.700000 0.900000
vt 0.750000 0.900000
vt 0.800000 0.900000
vt 0.850000 0.900000
vt 0.900000 0.900000
vt 0.950000 0.900000
vt 1.000000 0.900000
vt 0.000000 0.950000
vt 0.050000 0.950000
vt 0.100000 0.950000
vt 0.150000 0.950000
vt 0.200000 0.950000
vt 0.250000 0.950000
vt 0.300000 0.950000
vt 0.350000 0.950000
vt 0.400000 0.950000
vt 0.450000 0.950000
vt 0.500000 0.950000
vt 0.550000 0.950000
vt 0.600000 0.950000
vt 0.650000 0.950000
vt 0.700000 0.950000
vt 0.750000 0.950000
vt 0.800000 0.950000
vt 0.850000 0.950000
vt 0.900000 0.950000
vt 0.950000 0.950000
vt 1.000000 0.950000
vt 0.025000 0.000000
vt 0.075000 0.000000
vt 0.125000 0.000000
vt 0.175000 0.000000
vt 0.225000 0.000000
vt 0.275000 0.000000
vt 0.325000 0.000000
vt 0.375000 0.000000
vt 0.425000 0.000000
vt 0.475000 0.000000
vt 0.525000 0.000000
vt 0.575000 0.000000
vt 0.625000 0.000000
vt 0.675000 0.000000
vt 0.725000 0.000000
vt 0.775000 0.000000
vt 0.825000 0.000000
vt 0.875000 0.000000
vt 0.925000 0.000000
vt 0.975000 0.000000
vt 0.025000 1.000000
vt 0.075000 1.000000
vt 0.125000 1.000000
vt 0.175000 1.000000
vt 0.225000 1.000000
vt 0.275000 1.000000
vt 0.325000 1.000000
vt 0.375000 1.000000
vt 0.425000 1.000000
vt 0.475000 1.000000
vt 0.525000 1.000000
vt 0.575000 1.000000
vt 0.625000 1.000000
vt 0.675000 1.000000
vt 0.725000 1.000000
vt 0.775000 1.000000
vt 0.825000 1.000000
vt 0.875000 1.000000
vt 0.925000 1.000000
vt 0.975000 1.000000
vt 0.050000 0.050000
vt 0.050000 0.100000
vt 0.000000 0.050000
vt 0.000000 0.100000
vt 0.100000 0.050000
vt 0.100000 0.100000
vt 0.150000 0.050000
vt 0.150000 0.100000
vt 0.200000 0.050000
vt 0.200000 0.100000
vt 0.250000 0.050000
vt 0.250000 0.100000
vt 0.300000 0.050000
vt 0.300000 0.100000
vt 0.350000 0.050000
vt 0.350000 0.100000
vt 0.400000 0.050000
vt 0.400000 0.100000
vt 0.450000 0.050000
vt 0.450000 0.100000
vt 0.500000 0.050000
vt 0.500000 0.100000
vt 0.550000 0.050000
vt 0.550000 0.100000
vt 0.600000 0.050000
vt 0.600000 0.100000
vt 0.650000 0.050000
vt 0.650000 0.100000
vt 0.700000 0.050000
vt 0.700000 0.100000
vt 0.750000 0.050000
vt 0.750000 0.100000
vt 0.800000 0.050000
vt 0.800000 0.100000
vt 0.850000 0.050000
vt 0.850000 0.100000
vt 0.900000 0.050000
vt 0.900000 0.100000
vt 0.950000 0.050000
vt 0.950000 0.100000
vt 1.000000 0.050000
vt 1.000000 0.100000
vt 0.050000 0.150000
vt 0.000000 0.150000
vt 0.100000 0.150000
vt 0.150000 0.150000
vt 0.200000 0.150000
vt 0.250000 0.150000
vt 0.300000 0.150000
vt 0.350000 0.150000
vt 0.400000 0.150000
vt 0.450000 0.150000
vt 0.500000 0.150000
vt 0.550000 0.150000
vt 0.600000 0.150000
vt 0.650000 0.150000
vt 0.700000 0.150000
vt 0.750000 0.150000
vt 0.800000 0.150000
vt 0.850000 0.150000
vt 0.900000 0.150000
vt 0.950000 0.150000
vt 1.000000 0.150000
vt 0.050000 0.200000
vt 0.000000 0.200000
vt 0.100000 0.200000
vt 0.150000 0.200000
vt 0.200000 0.200000
vt 0.250000 0.200000
vt 0.300000 0.200000
vt 0.350000 0.200000
vt 0.400000 0.200000
vt 0.450000 0.200000
vt 0.500000 0.200000
vt 0.550000 0.200000
vt 0.600000 0.200000
vt 0.650000 0.200000
vt 0.700000 0.200000
vt 0.750000 0.200000
vt 0.800000 0.200000
vt 0.850000 0.200000
vt 0.900000 0.200000
vt 0.950000 0.200000
vt 1.000000 0.200000
vt 0.000000 0.250000
vt 0.050000 0.250000
vt 0.100000 0.250000
vt 0.150000 0.250000
vt 0.200000 0.250000
vt 0.250000 0.250000
vt 0.300000 0.250000
vt 0.350000 0.250000
vt 0.400000 0.250000
vt 0.450000 0.250000
vt 0.500000 0.250000
vt 0.550000 0.250000
vt 0.600000 0.250000
vt 0.650000 0.250000
vt 0.700000 0.250000
vt 0.750000 0.250000
vt 0.800000 0.250000
vt 0.850000 0.250000
vt 0.900000 0.250000
vt 0.950000 0.250000
vt 1.000000 0.250000
vt 0.000000 0.300000
vt 0.050000 0.300000
vt 0.100000 0.300000
vt 0.150000 0.300000
vt 0.200000 0.300000
vt 0.250000 0.300000
vt 0.300000 0.300000
vt 0.350000 0.300000
vt 0.400000 0.300000
vt 0.450000 0.300000
vt 0.500000 0.300000
vt 0.550000 0.300000
vt 0.600000 0.300000
vt 0.650000 0.300000
vt 0.700000 0.300000
vt 0.750000 0.300000
vt 0.800000 0.300000
vt 0.850000 0.300000
vt 0.900000 0.300000
vt 0.950000 0.300000
vt 1.000000 0.300000
vt 0.000000 0.350000
vt 0.050000 0.350000
vt 0.100000 0.350000
vt 0.150000 0.350000
vt 0.200000 0.350000
vt 0.250000 0.350000
vt 0.300000 0.350000
vt 0.350000 0.350000
vt 0.400000 0.350000
vt 0.450000 0.350000
vt 0.500000 0.350000
vt 0.550000 0.350000
vt 0.600000 0.350000
vt 0.650000 0.350000
vt 0.700000 0.350000
vt 0.750000 0.350000
vt 0.800000 0.350000
vt 0.850000 0.350000
vt 0.900000 0.350000
vt 0.950000 0.350000
vt 1.000000 0.350000
vt 0.000000 0.400000
vt 0.050000 0.400000
vt 0.100000 0.400000
vt 0.150000 0.400000
vt 0.200000 0.400000
vt 0.250000 0.400000
vt 0.300000 0.400000
vt 0.350000 0.400000
vt 0.400000 0.400000
vt 0.450000 0.400000
vt 0.500000 0.400000
vt 0.550000 0.400000
vt 0.600000 0.400000
vt 0.650000 0.400000
vt 0.700000 0.400000
vt 0.750000 0.400000
vt 0.800000 0.400000
vt 0.850000 0.400000
vt 0.900000 0.400000
vt 0.950000 0.400000
vt 1.000000 0.400000
vt 0.000000 0.450000
vt 0.050000 0.450000
vt 0.100000 0.450000
vt 0.150000 0.450000
vt 0.200000 0.450000
vt 0.250000 0.450000
vt 0.300000 0.450000
vt 0.350000 0.450000
vt 0.400000 0.450000
vt 0.450000 0.450000
vt 0.500000 0.450000
vt 0.550000 0.450000
vt 0.600000 0.450000
vt 0.650000 0.450000
vt 0.700000 0.450000
vt 0.750000 0.450000
vt 0.800000 0.450000
vt 0.850000 0.450000
vt 0.900000 0.450000
vt 0.950000 0.450000
vt 1.000000 0.450000
vt 0.000000 0.500000
vt 0.050000 0.500000
vt 0.100000 0.500000
vt 0.150000 0.500000
vt 0.200000 0.500000
vt 0.250000 0.500000
vt 0.300000 0.500000
vt 0.350000 0.500000
vt 0.400000 0.500000
vt 0.450000 0.500000
vt 0.500000 0.500000
vt 0.550000 0.500000
vt 0.600000 0.500000
vt 0.650000 0.500000
vt 0.700000 0.500000
vt 0.750000 0.500000
vt 0.800000 0.500000
vt 0.850000 0.500000
vt 0.900000 0.500000
vt 0.950000 0.500000
vt 1.000000 0.500000
vt 0.000000 0.550000
vt 0.050000 0.550000
vt 0.100000 0.550000
vt 0.150000 0.550000
vt 0.200000 0.550000
vt 0.250000 0.550000
vt 0.300000 0.550000
vt 0.350000 0.550000
vt 0.400000 0.550000
vt 0.450000 0.550000
vt 0.500000 0.550000
vt 0.550000 0.550000
vt 0.600000 0.550000
vt 0.650000 0.550000
vt 0.700000 0.550000
vt 0.750000 0.550000
vt 0.800000 0.550000
vt 0.850000 0.550000
vt 0.900000 0.550000
vt 0.950000 0.550000
vt 1.000000 0.550000
vt 0.000000 0.600000
vt 0.050000 0.600000
vt 0.100000 0.600000
vt 0.150000 0.600000
vt 0.200000 0.600000
vt 0.250000 0.600000
vt 0.300000 0.600000
vt 0.350000 0.600000
vt 0.400000 0.600000
vt 0.450000 0.600000
vt 0.500000 0.600000
vt 0.550000 0.600000
vt 0.600000 0.600000
vt 0.650000 0.600000
vt 0.700000 0.600000
vt 0.750000 0.600000
vt 0.800000 0.600000
vt 0.850000 0.600000
vt 0.900000 0.600000
vt 0.950000 0.600000
vt 1.000000 0.600000
vt 0.000000 0.650000
vt 0.050000 0.650000
vt 0.100000 0.650000
vt 0.150000 0.650000
vt 0.200000 0.650000
vt 0.250000 0.650000
vt 0.300000 0.650000
vt 0.350000 0.650000
vt 0.400000 0.650000
vt 0.450000 0.650000
vt 0.500000 0.650000
vt 0.550000 0.650000
vt 0.600000 0.650000
vt 0.650000 0.650000
vt 0.700000 0.650000
vt 0.750000 0.650000
vt 0.800000 0.650000
vt 0.850000 0.650000
vt 0.900000 0.650000
vt 0.950000 0.650000
vt 1.000000 0.650000
vt 0.000000 0.700000
vt 0.050000 0.700000
vt 0.100000 0.700000
vt 0.150000 0.700000
vt 0.200000 0.700000
vt 0.250000 0.700000
vt 0.300000 0.700000
vt 0.350000 0.700000
vt 0.400000 0.700000
vt 0.450000 0.700000
vt 0.500000 0.700000
vt 0.550000 0.700000
vt 0.600000 0.700000
vt 0.650000 0.700000
vt 0.700000 0.700000
vt 0.750000 0.700000
vt 0.800000 0.700000
vt 0.850000 0.700000
vt 0.900000 0.700000
vt 0.950000 0.700000
vt 1.000000 0.700000
vt 0.000000 0.750000
vt 0.050000 0.750000
vt 0.100000 0.750000
vt 0.150000 0.750000
vt 0.200000 0.750000
vt 0.250000 0.750000
vt 0.300000 0.750000
vt 0.350000 0.750000
vt 0.400000 0.750000
vt 0.450000 0.750000
vt 0.500000 0.750000
vt 0.550000 0.750000
vt 0.600000 0.750000
vt 0.650000 0.750000
vt 0.700000 0.750000
vt 0.750000 0.750000
vt 0.800000 0.750000
vt 0.850000 0.750000
vt 0.900000 0.750000
vt 0.950000 0.750000
vt 1.000000 0.750000
vt 0.000000 0.800000
vt 0.050000 0.800000
vt 0.100000 0.800000
vt 0.150000 0.800000
vt 0.200000 0.800000
vt 0.250000 0.800000
vt 0.300000 0.800000
vt 0.350000 0.800000
vt 0.400000 0.800000
vt 0.450000 0.800000
vt 0.500000 0.800000
vt 0.550000 0.800000
vt 0.600000 0.800000
vt 0.650000 0.800000
vt 0.700000 0.800000
vt 0.750000 0.800000
vt 0.800000 0.800000
vt 0.850000 0.800000
vt 0.900000 0.800000
vt 0.950000 0.800000
vt 1.000000 0.800000
vt 0.000000 0.850000
vt 0.050000 0.850000
vt 0.100000 0.850000
vt 0.150000 0.850000
vt 0.200000 0.850000
vt 0.250000 0.850000
vt 0.300000 0.850000
vt 0.350000 0.850000
vt 0.400000 0.850000
vt 0.450000 0.850000
vt 0.500000 0.850000
vt 0.550000 0.850000
vt 0.600000 0.850000
vt 0.650000 0.850000
vt 0.700000 0.850000
vt 0.750000 0.850000
vt 0.800000 0.850000
vt 0.850000 0.850000
vt 0.900000 0.850000
vt 0.950000 0.850000
vt 1.000000 0.850000
vt 0.000000 0.900000
vt 0.050000 0.900000
vt 0.100000 0.900000
vt 0.150000 0.900000
vt 0.200000 0.900000
vt 0.250000 0.900000
vt 0.300000 0.900000
vt 0.350000 0.900000
vt 0.400000 0.900000
vt 0.450000 0.900000
vt 0.500000 0.900000
vt 0.550000 0.900000
vt 0.600000 0.900000
vt 0.650000 0.900000
vt 0.700000 0.900000
vt 0.750000 0.900000
vt 0.800000 0.900000
vt 0.850000 0.900000
vt 0.900000 0.900000
vt 0.950000 0.900000
vt 1.000000 0.900000
vt 0.000000 0.950000
vt 0.050000 0.950000
vt 0.100000 0.950000
vt 0.150000 0.950000
vt 0.200000 0.950000
vt 0.250000 0.950000
vt 0.300000 0.950000
vt 0.350000 0.950000
vt 0.400000 0.950000
vt 0.450000 0.950000
vt 0.500000 0.950000
vt 0.550000 0.950000
vt 0.600000 0.950000
vt 0.650000 0.950000
vt 0.700000 0.950000
vt 0.750000 0.950000
vt 0.800000 0.950000
vt 0.850000 0.950000
vt 0.900000 0.950000
vt 0.950000 0.950000
vt 1.000000 0.950000
vt 0.025000 0.000000
vt 0.075000 0.000000
vt 0.125000 0.000000
vt 0.175000 0.000000
vt 0.225000 0.000000
vt 0.275000 0.000000
vt 0.325000 0.000000
vt 0.375000 0.000000
vt 0.425000 0.000000
vt 0.475000 0.000000
vt 0.525000 0.000000
vt 0.575000 0.000000
vt 0.625000 0.000000
vt 0.675000 0.000000
vt 0.725000 0.000000
vt 0.775000 0.000000
vt 0.825000 0.000000
vt 0.875000 0.000000
vt 0.925000 0.000000
vt 0.975000 0.000000
vt 0.025000 1.000000
vt 0.075000 1.000000
vt 0.125000 1.000000
vt 0.175000 1.000000
vt 0.225000 1.000000
vt 0.275000 1.000000
vt 0.325000 1.000000
vt 0.375000 1.000000
vt 0.425000 1.000000
vt 0.475000 1.000000
vt 0.525000 1.000000
vt 0.575000 1.000000
vt 0.625000 1.000000
vt 0.675000 1.000000
vt 0.725000 1.000000
vt 0.775000 1.000000
vt 0.825000 1.000000
vt 0.875000 1.000000
vt 0.925000 1.000000
vt 0.975000 1.000000
vn 0.280754 -0.959516 -0.022494
vn 0.189689 -0.981042 -0.039674
vn 0.292227 -0.956140 0.020005
vn 0.219981 -0.975168 0.025623
vn 0.312632 -0.949320 -0.032446
vn 0.212925 -0.973802 -0.079827
vn 0.318080 -0.946065 -0.061535
vn 0.223038 -0.964497 -0.141423
vn 0.357679 -0.928544 -0.099361
vn 0.287971 -0.937226 -0.196673
vn 0.403397 -0.906283 -0.126182
vn 0.356442 -0.902289 -0.242535
vn 0.430328 -0.894435 -0.121668
vn 0.414562 -0.879777 -0.232658
vn 0.447751 -0.881641 -0.149089
vn 0.454996 -0.857325 -0.240775
vn 0.480628 -0.868289 -0.122764
vn 0.503660 -0.842885 -0.189398
vn 0.519558 -0.851214 -0.074117
vn 0.561616 -0.820991 -0.102767
vn 0.551922 -0.833873 -0.006131
vn 0.620647 -0.784086 0.002410
vn 0.572566 -0.818093 0.053775
vn 0.655728 -0.749409 0.091685
vn 0.547888 -0.833652 0.069591
vn 0.641304 -0.752971 0.147528
vn 0.547497 -0.829969 0.106765
vn 0.635606 -0.738891 0.223707
vn 0.509861 -0.847134 0.149685
vn 0.573701 -0.768124 0.284347
vn 0.459013 -0.871234 0.173949
vn 0.499767 -0.802432 0.326090
vn 0.429203 -0.888523 0.162209
vn 0.441972 -0.845991 0.298263
vn 0.404788 -0.896326 0.180957
vn 0.391445 -0.872647 0.291989
vn 0.364725 -0.921163 0.135775
vn 0.338044 -0.915866 0.216602
vn 0.319985 -0.944277 0.077138
vn 0.275136 -0.954579 0.114368
vn 0.136668 -0.984923 -0.106063
vn 0.208871 -0.977653 -0.023818
vn 0.127629 -0.978605 -0.161379
vn 0.132336 -0.963051 -0.234564
vn 0.206695 -0.931211 -0.300205
vn 0.287430 -0.890729 -0.352115
vn 0.357987 -0.871189 -0.335969
vn 0.407016 -0.858858 -0.310969
vn 0.464420 -0.858489 -0.217509
vn 0.543201 -0.835388 -0.084023
vn 0.633156 -0.771907 0.057208
vn 0.687541 -0.710722 0.148866
vn 0.707374 -0.662477 0.246469
vn 0.692784 -0.636216 0.339529
vn 0.622536 -0.665354 0.412010
vn 0.537897 -0.708440 0.456924
vn 0.471143 -0.772635 0.425511
vn 0.415991 -0.837345 0.354690
vn 0.376612 -0.891536 0.251648
vn 0.300625 -0.948503 0.099834
vn 0.126867 -0.964447 -0.231834
vn 0.259132 -0.955026 -0.144138
vn 0.056223 -0.957395 -0.283256
vn 0.046803 -0.938731 -0.341458
vn 0.114657 -0.906466 -0.406414
vn 0.194284 -0.869963 -0.453232
vn 0.252137 -0.866039 -0.431744
vn 0.291105 -0.887862 -0.356312
vn 0.345034 -0.914970 -0.209240
vn 0.455253 -0.890256 -0.013736
vn 0.582775 -0.793580 0.174937
vn 0.680204 -0.673281 0.289852
vn 0.727995 -0.575371 0.372789
vn 0.719313 -0.527042 0.452566
vn 0.652798 -0.545392 0.525739
vn 0.573619 -0.594979 0.562993
vn 0.530275 -0.667571 0.522645
vn 0.516628 -0.749556 0.413837
vn 0.493342 -0.835283 0.242726
vn 0.398858 -0.916554 0.029015
vn 0.337464 -0.886910 -0.315450
vn 0.132485 -0.904326 -0.405761
vn 0.001530 -0.902620 -0.430436
vn -0.036055 -0.886616 -0.461098
vn 0.011649 -0.858443 -0.512776
vn 0.075564 -0.834564 -0.545705
vn 0.105474 -0.854152 -0.509215
vn 0.112029 -0.913866 -0.390255
vn 0.155558 -0.971734 -0.177578
vn 0.290654 -0.950923 0.106142
vn 0.479457 -0.809173 0.339646
vn 0.632407 -0.631242 0.448993
vn 0.712553 -0.489541 0.502611
vn 0.717969 -0.412499 0.560683
vn 0.664537 -0.414443 0.621794
vn 0.605620 -0.464889 0.645835
vn 0.597222 -0.543323 0.590022
vn 0.634925 -0.630064 0.447090
vn 0.652786 -0.728350 0.208271
vn 0.550955 -0.829542 -0.091150
vn 0.405119 -0.755659 -0.514643
vn 0.125522 -0.789652 -0.600578
vn -0.051163 -0.804747 -0.591409
vn -0.119068 -0.800808 -0.586966
vn -0.100909 -0.782427 -0.614512
vn -0.065935 -0.776023 -0.627248
vn -0.075509 -0.816113 -0.572938
vn -0.111655 -0.900249 -0.420814
vn -0.089127 -0.986125 -0.140048
vn 0.075479 -0.967245 0.242364
vn 0.336404 -0.779185 0.528869
vn 0.549859 -0.555076 0.624136
vn 0.666657 -0.388022 0.636402
vn 0.691577 -0.292971 0.660219
vn 0.659198 -0.278000 0.698695
vn 0.630680 -0.321372 0.706373
vn 0.662897 -0.389770 0.639255
vn 0.753028 -0.460341 0.470144
vn 0.813866 -0.556540 0.166989
vn 0.699674 -0.676179 -0.230734
vn 0.435849 -0.575108 -0.692305
vn 0.098330 -0.628728 -0.771383
vn -0.109281 -0.664456 -0.739294
vn -0.202012 -0.679469 -0.705346
vn -0.217606 -0.676658 -0.703407
vn -0.219592 -0.687666 -0.692023
vn -0.266891 -0.737953 -0.619834
vn -0.336744 -0.831608 -0.441623
vn -0.336951 -0.935471 -0.106575
vn -0.145605 -0.920587 0.362380
vn 0.177735 -0.693164 0.698523
vn 0.446204 -0.442446 0.777910
vn 0.595531 -0.267860 0.757360
vn 0.643425 -0.169440 0.746521
vn 0.638780 -0.140265 0.756496
vn 0.644987 -0.168710 0.745338
vn 0.710941 -0.214039 0.669888
vn 0.836532 -0.260436 0.482066
vn 0.931042 -0.341887 0.127571
vn 0.802596 -0.478436 -0.356284
vn 0.419872 -0.371913 -0.827882
vn 0.049680 -0.443983 -0.894657
vn -0.170202 -0.496947 -0.850926
vn -0.281717 -0.528596 -0.800763
vn -0.331346 -0.543269 -0.771407
vn -0.369581 -0.569563 -0.734172
vn -0.441445 -0.623416 -0.645352
vn -0.531538 -0.715002 -0.454137
vn -0.555140 -0.826841 -0.090291
vn -0.354828 -0.816355 0.455699
vn 0.027778 -0.555026 0.831369
vn 0.334869 -0.301644 0.892678
vn 0.506528 -0.136207 0.851397
vn 0.577567 -0.044428 0.815133
vn 0.605267 -0.004170 0.796012
vn 0.645614 -0.012704 0.763558
vn 0.732310 -0.030921 0.680269
vn 0.873268 -0.050570 0.484609
vn 0.988714 -0.107199 0.104654
vn 0.854027 -0.252655 -0.454757
vn 0.355260 -0.141448 -0.924004
vn -0.017576 -0.248482 -0.968477
vn -0.230310 -0.319056 -0.919326
vn -0.353784 -0.360733 -0.862965
vn -0.433815 -0.389922 -0.812259
vn -0.501194 -0.429473 -0.751237
vn -0.584905 -0.484405 -0.650567
vn -0.687921 -0.561067 -0.460401
vn -0.749754 -0.655701 -0.089026
vn -0.563834 -0.632745 0.530778
vn -0.113394 -0.361397 0.925491
vn 0.221113 -0.138490 0.965365
vn 0.405297 -0.001575 0.914184
vn 0.498112 0.078803 0.863525
vn 0.560354 0.128301 0.818256
vn 0.631641 0.141069 0.762318
vn 0.727109 0.148486 0.670272
vn 0.863055 0.160852 0.478815
vn 0.983835 0.151263 0.095852
vn 0.847134 0.025205 -0.530780
vn 0.247687 0.115507 -0.961930
vn -0.094891 -0.050267 -0.994218
vn -0.286647 -0.140039 -0.947746
vn -0.413254 -0.188697 -0.890850
vn -0.517300 -0.230337 -0.824224
vn -0.607416 -0.279236 -0.743689
vn -0.695573 -0.330727 -0.637807
vn -0.803876 -0.380881 -0.456852
vn -0.902887 -0.420336 -0.090072
vn -0.747039 -0.348349 0.566203
vn -0.246629 -0.117612 0.961947
vn 0.105351 0.035608 0.993797
vn 0.295087 0.130055 0.946578
vn 0.408672 0.197280 0.891105
vn 0.505370 0.255763 0.824128
vn 0.603693 0.288230 0.743289
vn 0.698803 0.318312 0.640587
vn 0.809941 0.364154 0.459768
vn 0.903351 0.419323 0.090142
vn 0.747039 0.348350 -0.566202
vn 0.120215 0.360112 -0.925131
vn -0.165942 0.134192 -0.976962
vn -0.325989 0.003266 -0.945368
vn -0.447080 -0.074219 -0.891410
vn -0.559770 -0.129818 -0.818416
vn -0.663541 -0.175160 -0.727346
vn -0.763579 -0.200784 -0.613704
vn -0.877034 -0.197395 -0.438004
vn -0.984330 -0.153920 -0.086046
vn -0.843811 -0.023653 0.536118
vn -0.358231 0.135762 0.923710
vn -0.012485 0.204617 0.978762
vn 0.178095 0.253102 0.950906
vn 0.312460 0.308868 0.898315
vn 0.441337 0.377066 0.814274
vn 0.562892 0.425646 0.708504
vn 0.652008 0.474093 0.591710
vn 0.722941 0.547554 0.421356
vn 0.751877 0.654453 0.079829
vn 0.560515 0.631192 -0.536116
vn 0.004673 0.556675 -0.830717
vn -0.212518 0.304398 -0.928535
vn -0.346713 0.143416 -0.926942
vn -0.469166 0.042112 -0.882106
vn -0.595969 -0.026435 -0.802573
vn -0.713649 -0.071900 -0.696804
vn -0.818526 -0.076601 -0.569340
vn -0.919244 -0.025154 -0.392883
vn -0.993159 0.091168 -0.072959
vn -0.851264 0.254481 0.458899
vn -0.440649 0.348189 0.827401
vn -0.131379 0.349960 0.927506
vn 0.057264 0.362629 0.930173
vn 0.212196 0.412554 0.885873
vn 0.369006 0.491167 0.789044
vn 0.510052 0.551435 0.660126
vn 0.591497 0.611745 0.525261
vn 0.617748 0.699276 0.359723
vn 0.570182 0.819326 0.059969
vn 0.352238 0.815686 -0.458895
vn -0.063134 0.687403 -0.723527
vn -0.227728 0.449434 -0.863800
vn -0.351556 0.276434 -0.894423
vn -0.483288 0.158594 -0.860976
vn -0.625502 0.079893 -0.776121
vn -0.754763 0.032005 -0.655216
vn -0.859686 0.039494 -0.509293
vn -0.938200 0.118134 -0.325308
vn -0.962504 0.268017 -0.041869
vn -0.818227 0.428768 0.382965
vn -0.504150 0.482942 0.715961
vn -0.247327 0.458068 0.853817
vn -0.062368 0.455338 0.888132
vn 0.110869 0.507948 0.854223
vn 0.288969 0.596882 0.748484
vn 0.445390 0.663935 0.600681
vn 0.521578 0.727631 0.445544
vn 0.512606 0.812428 0.277843
vn 0.412871 0.910549 0.020923
vn 0.195831 0.901636 -0.385620
vn -0.076634 0.765803 -0.638493
vn -0.218363 0.566655 -0.794493
vn -0.344996 0.399898 -0.849152
vn -0.491527 0.275644 -0.826089
vn -0.647949 0.191094 -0.737323
vn -0.785212 0.138695 -0.603495
vn -0.886410 0.147435 -0.438794
vn -0.941665 0.229378 -0.246278
vn -0.929806 0.367960 0.008146
vn -0.793560 0.503034 0.342373
vn -0.560201 0.544974 0.623841
vn -0.352322 0.528351 0.772472
vn -0.174388 0.531873 0.828674
vn 0.011214 0.595477 0.803294
vn 0.201693 0.692805 0.692345
vn 0.368319 0.762005 0.532625
vn 0.444454 0.820440 0.359637
vn 0.419404 0.888213 0.187558
vn 0.309158 0.950363 -0.035082
vn 0.119981 0.929024 -0.350028
vn -0.064758 0.816031 -0.574369
vn -0.197820 0.660219 -0.724553
vn -0.334215 0.513602 -0.790262
vn -0.495954 0.393968 -0.773834
vn -0.661784 0.308895 -0.683100
vn -0.802075 0.251225 -0.541813
vn -0.897022 0.251156 -0.363694
vn -0.933584 0.317121 -0.166900
vn -0.903082 0.425112 0.061019
vn -0.784372 0.527230 0.326786
vn -0.608329 0.568893 0.553441
vn -0.440620 0.573100 0.690949
vn -0.273329 0.597381 0.753941
vn -0.084424 0.675749 0.732281
vn 0.107560 0.777157 0.620046
vn 0.277578 0.844553 0.457909
vn 0.358625 0.892068 0.274960
vn 0.337401 0.935899 0.101258
vn 0.242740 0.965756 -0.091615
vn 0.093133 0.936416 -0.338307
vn -0.053479 0.854248 -0.517108
vn -0.182289 0.738786 -0.648819
vn -0.327430 0.620227 -0.712817
vn -0.497795 0.514467 -0.698230
vn -0.663910 0.434528 -0.608612
vn -0.800618 0.373261 -0.468708
vn -0.887787 0.358929 -0.288103
vn -0.912209 0.398419 -0.095585
vn -0.875838 0.470777 0.106189
vn -0.777407 0.543327 0.316913
vn -0.644691 0.584582 0.492582
vn -0.508338 0.610764 0.607092
vn -0.355318 0.659274 0.662651
vn -0.174491 0.749195 0.638952
vn 0.007067 0.847506 0.530739
vn 0.170858 0.910236 0.377199
vn 0.258706 0.945600 0.197260
vn 0.254726 0.966586 0.028741
vn 0.187319 0.972554 -0.138025
vn 0.075595 0.941087 -0.329606
vn -0.067409 0.890962 -0.449047
vn -0.188110 0.811108 -0.553822
vn -0.331763 0.722812 -0.606199
vn -0.496451 0.636565 -0.590188
vn -0.648876 0.567288 -0.507093
vn -0.772924 0.507644 -0.380638
vn -0.850479 0.480936 -0.213041
vn -0.868808 0.493696 -0.037895
vn -0.835752 0.532679 0.133310
vn -0.759997 0.579050 0.295138
vn -0.662100 0.618548 0.423110
vn -0.551780 0.661299 0.508155
vn -0.418420 0.724581 0.547637
vn -0.257304 0.814481 0.520015
vn -0.098998 0.900512 0.423412
vn 0.045892 0.955858 0.290224
vn 0.134753 0.982528 0.128373
vn 0.149774 0.988439 -0.023571
vn 0.112893 0.979933 -0.164275
vn 0.036560 0.950489 -0.308600
vn -0.128066 0.927977 -0.349940
vn -0.228141 0.878312 -0.420143
vn -0.350689 0.818860 -0.454406
vn -0.488300 0.754128 -0.439151
vn -0.608842 0.700487 -0.372328
vn -0.707292 0.652009 -0.273171
vn -0.769869 0.623392 -0.136694
vn -0.786058 0.618146 0.002702
vn -0.764138 0.631371 0.132153
vn -0.713215 0.656289 0.246190
vn -0.646265 0.689739 0.326499
vn -0.565257 0.734052 0.376368
vn -0.459572 0.794314 0.397316
vn -0.330469 0.867833 0.371021
vn -0.209520 0.931659 0.296838
vn -0.099062 0.975540 0.196237
vn -0.023924 0.997457 0.067132
vn 0.001989 0.998562 -0.053573
vn -0.007730 0.987493 -0.157470
vn -0.050492 0.965326 -0.256117
vn -0.246735 0.948421 -0.199046
vn -0.305919 0.923836 -0.230089
vn -0.380880 0.891262 -0.246134
vn -0.465544 0.851965 -0.239636
vn -0.533149 0.822701 -0.197270
vn -0.592071 0.792964 -0.143736
vn -0.627854 0.776095 -0.058957
vn -0.639945 0.768075 0.023061
vn -0.633360 0.768134 0.093950
vn -0.613652 0.774120 0.155464
vn -0.575720 0.796088 0.186520
vn -0.533229 0.821829 0.200660
vn -0.470556 0.858097 0.205541
vn -0.388099 0.900827 0.194653
vn -0.322853 0.934233 0.151573
vn -0.259346 0.960981 0.096207
vn -0.217736 0.975924 0.012751
vn -0.196065 0.979053 -0.054906
vn -0.189700 0.976093 -0.106095
vn -0.200121 0.966953 -0.157968
vn 0.428412 -0.903535 0.009306
vn -0.428322 0.903580 -0.009168
vn -0.290394 -0.956417 -0.030637
vn -0.305710 -0.951609 0.031332
vn -0.189102 -0.980820 -0.047260
vn -0.226617 -0.973588 0.027779
vn -0.313132 -0.949142 -0.032815
vn -0.215376 -0.974375 -0.064853
vn -0.320534 -0.944806 -0.067817
vn -0.228383 -0.962837 -0.144172
vn -0.353305 -0.928936 -0.110700
vn -0.284974 -0.936402 -0.204796
vn -0.397465 -0.908432 -0.129512
vn -0.352392 -0.904297 -0.240970
vn -0.429804 -0.894726 -0.121385
vn -0.426701 -0.876109 -0.224410
vn -0.438059 -0.886895 -0.146700
vn -0.450064 -0.857953 -0.247709
vn -0.482890 -0.869287 -0.105632
vn -0.502994 -0.844591 -0.183476
vn -0.522251 -0.849476 -0.075126
vn -0.561254 -0.821262 -0.102576
vn -0.539801 -0.841673 -0.014220
vn -0.616012 -0.787735 0.001518
vn -0.567764 -0.820793 0.062799
vn -0.658388 -0.746108 0.099240
vn -0.548016 -0.833562 0.069655
vn -0.641107 -0.755606 0.134320
vn -0.548768 -0.828136 0.114215
vn -0.634687 -0.738387 0.227941
vn -0.513570 -0.842760 0.161251
vn -0.575652 -0.763787 0.291982
vn -0.463339 -0.867104 0.182887
vn -0.502644 -0.798837 0.330465
vn -0.429197 -0.888496 0.162371
vn -0.432967 -0.853109 0.291109
vn -0.414158 -0.891407 0.184029
vn -0.393718 -0.868134 0.302207
vn -0.366619 -0.922638 0.119711
vn -0.340497 -0.915938 0.212412
vn -0.316552 -0.945458 0.076839
vn -0.275470 -0.954576 0.113580
vn -0.128772 -0.985600 -0.109591
vn -0.207356 -0.977851 -0.028464
vn -0.129475 -0.981319 -0.142300
vn -0.138169 -0.962931 -0.231674
vn -0.205504 -0.930145 -0.304300
vn -0.288672 -0.892257 -0.347197
vn -0.372626 -0.868483 -0.326935
vn -0.406001 -0.855888 -0.320342
vn -0.462353 -0.858492 -0.221857
vn -0.539429 -0.837921 -0.083096
vn -0.633718 -0.771351 0.058481
vn -0.689994 -0.709081 0.145298
vn -0.705370 -0.669644 0.232445
vn -0.691621 -0.637795 0.338935
vn -0.623150 -0.662424 0.415787
vn -0.538274 -0.708190 0.456868
vn -0.465941 -0.781476 0.414964
vn -0.411357 -0.839255 0.355578
vn -0.376209 -0.890872 0.254588
vn -0.304213 -0.947529 0.098203
vn -0.110191 -0.964736 -0.239045
vn -0.248449 -0.953618 -0.169957
vn -0.052162 -0.960772 -0.272389
vn -0.050335 -0.941278 -0.333859
vn -0.115908 -0.906682 -0.405577
vn -0.201087 -0.870823 -0.448588
vn -0.261226 -0.863021 -0.432383
vn -0.287855 -0.881766 -0.373670
vn -0.329569 -0.915720 -0.229873
vn -0.436830 -0.899507 -0.008159
vn -0.586205 -0.788079 0.187869
vn -0.689467 -0.662597 0.292577
vn -0.731833 -0.574224 0.366998
vn -0.719642 -0.529582 0.449064
vn -0.652824 -0.545030 0.526083
vn -0.572234 -0.597813 0.561398
vn -0.524160 -0.671816 0.523373
vn -0.510905 -0.746165 0.426866
vn -0.496937 -0.829403 0.255234
vn -0.413017 -0.910567 0.016896
vn -0.320062 -0.879990 -0.350968
vn -0.106223 -0.904319 -0.413429
vn 0.011024 -0.906788 -0.421444
vn 0.036060 -0.892054 -0.450488
vn -0.015241 -0.861348 -0.507786
vn -0.086858 -0.834853 -0.543577
vn -0.117194 -0.847490 -0.517713
vn -0.111210 -0.903040 -0.414910
vn -0.133324 -0.969418 -0.206044
vn -0.261874 -0.958940 0.108883
vn -0.479018 -0.801709 0.357497
vn -0.641924 -0.618516 0.453181
vn -0.718751 -0.485743 0.497444
vn -0.720243 -0.415143 0.555793
vn -0.664769 -0.417190 0.619705
vn -0.603210 -0.469803 0.644533
vn -0.590034 -0.547194 0.593666
vn -0.628626 -0.626567 0.460698
vn -0.658371 -0.719686 0.220454
vn -0.564309 -0.818086 -0.110860
vn -0.389170 -0.743373 -0.544006
vn -0.106884 -0.790430 -0.603155
vn 0.061630 -0.810950 -0.581861
vn 0.120895 -0.808895 -0.575389
vn 0.095013 -0.788748 -0.607330
vn 0.052255 -0.777168 -0.627120
vn 0.062448 -0.812105 -0.580160
vn 0.108419 -0.892901 -0.437004
vn 0.107806 -0.980964 -0.161515
vn -0.038732 -0.969693 0.241237
vn -0.324149 -0.775101 0.542352
vn -0.553855 -0.548494 0.626418
vn -0.672396 -0.385184 0.632074
vn -0.695297 -0.295401 0.655210
vn -0.660236 -0.283702 0.695415
vn -0.628038 -0.327201 0.706051
vn -0.657264 -0.393903 0.642529
vn -0.749755 -0.459876 0.475796
vn -0.819705 -0.548324 0.165605
vn -0.707543 -0.657740 -0.258380
vn -0.425669 -0.563226 -0.708225
vn -0.096745 -0.630992 -0.769733
vn 0.109648 -0.671830 -0.732545
vn 0.202174 -0.689061 -0.695931
vn 0.209676 -0.686188 -0.696550
vn 0.207012 -0.691547 -0.692033
vn 0.257030 -0.741159 -0.620177
vn 0.332437 -0.833110 -0.442057
vn 0.345969 -0.931212 -0.114670
vn 0.178331 -0.916305 0.358585
vn -0.157278 -0.691142 0.705398
vn -0.440823 -0.443471 0.780390
vn -0.597596 -0.268063 0.755659
vn -0.647601 -0.171689 0.742386
vn -0.640912 -0.148300 0.753153
vn -0.642852 -0.174458 0.745859
vn -0.709657 -0.217103 0.670264
vn -0.839499 -0.260303 0.476953
vn -0.935578 -0.334186 0.114078
vn -0.802042 -0.457888 -0.383493
vn -0.420229 -0.365903 -0.830375
vn -0.062818 -0.444600 -0.893524
vn 0.161585 -0.500921 -0.850275
vn 0.278866 -0.537414 -0.795877
vn 0.322794 -0.554837 -0.766785
vn 0.360926 -0.575641 -0.733737
vn 0.439540 -0.630232 -0.640010
vn 0.531971 -0.721747 -0.442819
vn 0.554687 -0.827913 -0.082960
vn 0.382338 -0.806240 0.451436
vn -0.004404 -0.552067 0.833788
vn -0.320997 -0.304440 0.896815
vn -0.502762 -0.137662 0.853393
vn -0.580936 -0.046538 0.812617
vn -0.608477 -0.013665 0.793454
vn -0.644578 -0.017395 0.764341
vn -0.735185 -0.029968 0.677204
vn -0.880045 -0.045637 0.472693
vn -0.991434 -0.098795 0.085433
vn -0.846279 -0.230674 -0.480209
vn -0.369267 -0.143326 -0.918205
vn -0.000376 -0.246542 -0.969132
vn 0.220304 -0.317350 -0.922364
vn 0.349674 -0.366741 -0.862107
vn 0.426491 -0.401453 -0.810519
vn 0.496935 -0.435365 -0.750675
vn 0.588940 -0.488648 -0.643718
vn 0.692102 -0.567738 -0.445722
vn 0.744650 -0.663665 -0.071026
vn 0.579807 -0.619961 0.528651
vn 0.141667 -0.356509 0.923489
vn -0.202145 -0.138455 0.969519
vn -0.396222 -0.001571 0.918153
vn -0.499618 0.076910 0.862825
vn -0.564359 0.118320 0.817006
vn -0.631850 0.138067 0.762695
vn -0.731107 0.154190 0.664611
vn -0.868852 0.171235 0.464516
vn -0.984318 0.161854 0.070146
vn -0.832288 0.045365 -0.552484
vn -0.275878 0.110723 -0.954794
vn 0.079698 -0.046791 -0.995720
vn 0.281125 -0.136253 -0.949949
vn 0.411304 -0.191586 -0.891136
vn 0.513340 -0.237172 -0.824762
vn 0.605261 -0.282081 -0.744372
vn 0.699564 -0.330931 -0.633321
vn 0.809180 -0.384996 -0.443853
vn 0.899664 -0.432167 -0.061940
vn 0.740594 -0.351449 0.572716
vn 0.274255 -0.111843 0.955131
vn -0.085683 0.039846 0.995525
vn -0.283356 0.132139 0.949868
vn -0.407744 0.195658 0.891887
vn -0.509668 0.246280 0.824369
vn -0.604938 0.287050 0.742733
vn -0.701372 0.326586 0.633576
vn -0.811458 0.377310 0.446288
vn -0.899679 0.432136 0.061947
vn -0.740595 0.351412 -0.572738
vn -0.147566 0.356507 -0.922565
vn 0.156349 0.139908 -0.977743
vn 0.321366 0.008247 -0.946919
vn 0.444278 -0.075448 -0.892706
vn 0.556984 -0.135784 -0.819349
vn 0.663742 -0.177886 -0.726501
vn 0.767996 -0.199765 -0.608503
vn 0.882447 -0.196591 -0.427364
vn 0.984788 -0.162714 -0.060959
vn 0.829086 -0.045036 0.557304
vn 0.369370 0.138841 0.918852
vn 0.027739 0.211403 0.977005
vn -0.166873 0.255846 0.952206
vn -0.309204 0.307370 0.899953
vn -0.445219 0.369039 0.815837
vn -0.564824 0.425936 0.706791
vn -0.652739 0.481854 0.584593
vn -0.719884 0.559346 0.410974
vn -0.745258 0.663727 0.063697
vn -0.576143 0.619545 -0.533126
vn -0.021643 0.552934 -0.832944
vn 0.209098 0.309733 -0.927547
vn 0.343457 0.148071 -0.927422
vn 0.466693 0.041080 -0.883465
vn 0.593697 -0.032205 -0.804044
vn 0.714083 -0.074382 -0.696098
vn 0.821858 -0.074933 -0.564743
vn 0.922240 -0.021209 -0.386035
vn 0.994507 0.086190 -0.059396
vn 0.844035 0.231111 0.483935
vn 0.435275 0.347883 0.830369
vn 0.140842 0.356104 0.923771
vn -0.048524 0.364298 0.930017
vn -0.207463 0.411054 0.887690
vn -0.371651 0.485384 0.791378
vn -0.512244 0.552558 0.657484
vn -0.591524 0.617073 0.518962
vn -0.612957 0.707276 0.352199
vn -0.566687 0.821608 0.061859
vn -0.378678 0.804606 -0.457398
vn 0.058183 0.683263 -0.727851
vn 0.228263 0.453649 -0.861451
vn 0.349244 0.280237 -0.894145
vn 0.481299 0.157635 -0.862266
vn 0.623946 0.074909 -0.777869
vn 0.755306 0.029855 -0.654692
vn 0.861890 0.041046 -0.505431
vn 0.938914 0.123092 -0.321385
vn 0.963052 0.266344 -0.039904
vn 0.818386 0.414328 0.398218
vn 0.493634 0.485574 0.721487
vn 0.252090 0.463262 0.849611
vn 0.067790 0.455273 0.887767
vn -0.106503 0.506612 0.855571
vn -0.289647 0.593774 0.750691
vn -0.447201 0.665101 0.598040
vn -0.522062 0.730118 0.440884
vn -0.507915 0.817089 0.272741
vn -0.409757 0.911693 0.030256
vn -0.215322 0.897261 -0.385433
vn 0.075470 0.761883 -0.643302
vn 0.221043 0.569217 -0.791916
vn 0.343660 0.402468 -0.848480
vn 0.490436 0.274511 -0.827113
vn 0.647218 0.187540 -0.738876
vn 0.785587 0.137077 -0.603376
vn 0.887553 0.148560 -0.436097
vn 0.940890 0.233963 -0.244923
vn 0.930360 0.366603 0.005636
vn 0.795979 0.494546 0.349058
vn 0.550023 0.548450 0.629823
vn 0.352540 0.533887 0.768557
vn 0.175301 0.530760 0.829195
vn -0.010386 0.594753 0.803841
vn -0.200223 0.692277 0.693299
vn -0.368933 0.762129 0.532022
vn -0.445673 0.820394 0.358230
vn -0.414899 0.890636 0.186080
vn -0.307017 0.951429 -0.022897
vn -0.131086 0.927193 -0.350899
vn 0.063100 0.813113 -0.578676
vn 0.200589 0.660848 -0.723218
vn 0.333927 0.514338 -0.789904
vn 0.496464 0.391991 -0.774511
vn 0.661800 0.307160 -0.683866
vn 0.801767 0.250215 -0.542736
vn 0.897253 0.251440 -0.362925
vn 0.932448 0.320011 -0.167730
vn 0.904220 0.423074 0.058256
vn 0.786669 0.521706 0.330114
vn 0.601166 0.570009 0.560080
vn 0.436743 0.577868 0.689438
vn 0.267800 0.596206 0.756849
vn 0.077591 0.676262 0.732563
vn -0.105022 0.778551 0.618732
vn -0.276380 0.842258 0.462833
vn -0.360827 0.889692 0.279734
vn -0.333950 0.936738 0.104876
vn -0.243726 0.966519 -0.080240
vn -0.100209 0.935205 -0.339632
vn 0.050188 0.852545 -0.520239
vn 0.183217 0.738447 -0.648943
vn 0.327404 0.618682 -0.714171
vn 0.500621 0.510405 -0.699189
vn 0.664419 0.434563 -0.608032
vn 0.799166 0.372279 -0.471955
vn 0.887878 0.357264 -0.289889
vn 0.911843 0.398907 -0.097035
vn 0.877270 0.468327 0.105204
vn 0.779091 0.539050 0.320066
vn 0.641207 0.583485 0.498396
vn 0.503377 0.611827 0.610147
vn 0.343833 0.657237 0.670685
vn 0.156953 0.751074 0.641291
vn -0.005816 0.849819 0.527043
vn -0.168802 0.904465 0.391725
vn -0.264141 0.941210 0.210601
vn -0.256029 0.966038 0.034934
vn -0.190934 0.972907 -0.130366
vn -0.081656 0.940397 -0.330130
vn 0.064088 0.889510 -0.452399
vn 0.187363 0.811673 -0.553247
vn 0.330402 0.720481 -0.609706
vn 0.501358 0.629570 -0.593533
vn 0.649574 0.567792 -0.505635
vn 0.771062 0.505036 -0.387818
vn 0.852188 0.476576 -0.215988
vn 0.869115 0.493167 -0.037747
vn 0.837166 0.530560 0.132885
vn 0.761833 0.574031 0.300164
vn 0.658860 0.618544 0.428144
vn 0.549776 0.659928 0.512096
vn 0.409820 0.719139 0.561147
vn 0.231165 0.816719 0.528708
vn 0.096801 0.902491 0.419689
vn -0.046588 0.947682 0.315796
vn -0.147690 0.978699 0.142607
vn -0.155336 0.987647 -0.020577
vn -0.115457 0.980595 -0.158442
vn -0.044866 0.950377 -0.307849
vn 0.128147 0.924974 -0.357772
vn 0.230225 0.879541 -0.416417
vn 0.347986 0.819048 -0.456143
vn 0.492809 0.747430 -0.445519
vn 0.609712 0.700012 -0.371799
vn 0.708008 0.647206 -0.282575
vn 0.773296 0.619104 -0.136831
vn 0.784485 0.620137 0.003530
vn 0.766412 0.629647 0.127111
vn 0.716755 0.649431 0.253971
vn 0.638458 0.693316 0.334192
vn 0.562854 0.736813 0.374569
vn 0.458982 0.788795 0.408826
vn 0.310930 0.868186 0.386750
vn 0.203952 0.932554 0.297905
vn 0.090078 0.970867 0.222043
vn 0.008341 0.997408 0.071469
vn -0.002230 0.998587 -0.053096
vn 0.007547 0.989377 -0.145175
vn 0.037977 0.966370 -0.254337
vn 0.254829 0.942273 -0.217216
vn 0.317788 0.921209 -0.224468
vn 0.380638 0.893412 -0.238599
vn 0.468753 0.848796 -0.244575
vn 0.530121 0.826287 -0.190321
vn 0.594981 0.789748 -0.149319
vn 0.627275 0.776821 -0.055454
vn 0.632886 0.774058 0.016996
vn 0.638974 0.765429 0.076357
vn 0.621433 0.766143 0.163849
vn 0.559926 0.803152 0.203545
vn 0.521671 0.830562 0.195001
vn 0.473103 0.857760 0.201052
vn 0.379815 0.901853 0.205918
vn 0.324833 0.934252 0.147164
vn 0.249979 0.962186 0.108204
vn 0.212200 0.977185 0.008914
vn 0.206962 0.977242 -0.046530
vn 0.187368 0.978955 -0.080876
vn 0.184512 0.970153 -0.157349
vn -0.431475 -0.902015 0.014092
vn 0.427811 0.903829 -0.008406
s 1
g cha_dog_head pSphere12
usemtl lambert13SG
f 3036/3488/3035 3056/3509/3036 3035/3487/3037
f 3035/3487/3037 3056/3509/3036 3055/3508/3038
f 3037/3489/3039 3057/3510/3040 3036/3488/3035
f 3036/3488/3035 3057/3510/3040 3056/3509/3036
f 3037/3489/3039 3038/3490/3041 3057/3510/3040
f 3057/3510/3040 3038/3490/3041 3058/3511/3042
f 3038/3490/3041 3039/3491/3043 3058/3511/3042
f 3058/3511/3042 3039/3491/3043 3059/3512/3044
f 3040/3492/3045 3060/3513/3046 3039/3491/3043
f 3039/3491/3043 3060/3513/3046 3059/3512/3044
f 3041/3493/3047 3061/3514/3048 3040/3492/3045
f 3040/3492/3045 3061/3514/3048 3060/3513/3046
f 3041/3493/3047 3042/3494/3049 3061/3514/3048
f 3061/3514/3048 3042/3494/3049 3062/3515/3050
f 3042/3494/3049 3043/3495/3051 3062/3515/3050
f 3062/3515/3050 3043/3495/3051 3063/3516/3052
f 3043/3495/3051 3044/3496/3053 3063/3516/3052
f 3063/3516/3052 3044/3496/3053 3064/3517/3054
f 3045/3497/3055 3065/3518/3056 3044/3496/3053
f 3044/3496/3053 3065/3518/3056 3064/3517/3054
f 3046/3498/3057 3066/3519/3058 3045/3497/3055
f 3045/3497/3055 3066/3519/3058 3065/3518/3056
f 3047/3499/3059 3067/3520/3060 3046/3498/3057
f 3046/3498/3057 3067/3520/3060 3066/3519/3058
f 3047/3499/3059 3048/3500/3061 3067/3520/3060
f 3067/3520/3060 3048/3500/3061 3068/3521/3062
f 3048/3500/3061 3049/3501/3063 3068/3521/3062
f 3068/3521/3062 3049/3501/3063 3069/3522/3064
f 3050/3502/3065 3070/3523/3066 3049/3501/3063
f 3049/3501/3063 3070/3523/3066 3069/3522/3064
f 3051/3503/3067 3071/3524/3068 3050/3502/3065
f 3050/3502/3065 3071/3524/3068 3070/3523/3066
f 3051/3503/3067 3052/3504/3069 3071/3524/3068
f 3071/3524/3068 3052/3504/3069 3072/3525/3070
f 3052/3504/3069 3053/3505/3071 3072/3525/3070
f 3072/3525/3070 3053/3505/3071 3073/3526/3072
f 3053/3505/3071 3054/3506/3073 3073/3526/3072
f 3073/3526/3072 3054/3506/3073 3074/3527/3074
f 3035/3507/3037 3055/3528/3038 3054/3506/3073
f 3054/3506/3073 3055/3528/3038 3074/3527/3074
f 3056/3509/3036 3076/3530/3075 3055/3508/3038
f 3055/3508/3038 3076/3530/3075 3075/3529/3076
f 3057/3510/3040 3077/3531/3077 3056/3509/3036
f 3056/3509/3036 3077/3531/3077 3076/3530/3075
f 3057/3510/3040 3058/3511/3042 3077/3531/3077
f 3077/3531/3077 3058/3511/3042 3078/3532/3078
f 3058/3511/3042 3059/3512/3044 3078/3532/3078
f 3078/3532/3078 3059/3512/3044 3079/3533/3079
f 3060/3513/3046 3080/3534/3080 3059/3512/3044
f 3059/3512/3044 3080/3534/3080 3079/3533/3079
f 3061/3514/3048 3081/3535/3081 3060/3513/3046
f 3060/3513/3046 3081/3535/3081 3080/3534/3080
f 3061/3514/3048 3062/3515/3050 3081/3535/3081
f 3081/3535/3081 3062/3515/3050 3082/3536/3082
f 3062/3515/3050 3063/3516/3052 3082/3536/3082
f 3082/3536/3082 3063/3516/3052 3083/3537/3083
f 3063/3516/3052 3064/3517/3054 3083/3537/3083
f 3083/3537/3083 3064/3517/3054 3084/3538/3084
f 3065/3518/3056 3085/3539/3085 3064/3517/3054
f 3064/3517/3054 3085/3539/3085 3084/3538/3084
f 3066/3519/3058 3086/3540/3086 3065/3518/3056
f 3065/3518/3056 3086/3540/3086 3085/3539/3085
f 3067/3520/3060 3087/3541/3087 3066/3519/3058
f 3066/3519/3058 3087/3541/3087 3086/3540/3086
f 3067/3520/3060 3068/3521/3062 3087/3541/3087
f 3087/3541/3087 3068/3521/3062 3088/3542/3088
f 3068/3521/3062 3069/3522/3064 3088/3542/3088
f 3088/3542/3088 3069/3522/3064 3089/3543/3089
f 3070/3523/3066 3090/3544/3090 3069/3522/3064
f 3069/3522/3064 3090/3544/3090 3089/3543/3089
f 3071/3524/3068 3091/3545/3091 3070/3523/3066
f 3070/3523/3066 3091/3545/3091 3090/3544/3090
f 3071/3524/3068 3072/3525/3070 3091/3545/3091
f 3091/3545/3091 3072/3525/3070 3092/3546/3092
f 3072/3525/3070 3073/3526/3072 3092/3546/3092
f 3092/3546/3092 3073/3526/3072 3093/3547/3093
f 3073/3526/3072 3074/3527/3074 3093/3547/3093
f 3093/3547/3093 3074/3527/3074 3094/3548/3094
f 3055/3528/3038 3075/3549/3076 3074/3527/3074
f 3074/3527/3074 3075/3549/3076 3094/3548/3094
f 3076/3530/3075 3096/3551/3095 3075/3529/3076
f 3075/3529/3076 3096/3551/3095 3095/3550/3096
f 3077/3531/3077 3097/3552/3097 3076/3530/3075
f 3076/3530/3075 3097/3552/3097 3096/3551/3095
f 3077/3531/3077 3078/3532/3078 3097/3552/3097
f 3097/3552/3097 3078/3532/3078 3098/3553/3098
f 3078/3532/3078 3079/3533/3079 3098/3553/3098
f 3098/3553/3098 3079/3533/3079 3099/3554/3099
f 3080/3534/3080 3100/3555/3100 3079/3533/3079
f 3079/3533/3079 3100/3555/3100 3099/3554/3099
f 3081/3535/3081 3101/3556/3101 3080/3534/3080
f 3080/3534/3080 3101/3556/3101 3100/3555/3100
f 3081/3535/3081 3082/3536/3082 3101/3556/3101
f 3101/3556/3101 3082/3536/3082 3102/3557/3102
f 3082/3536/3082 3083/3537/3083 3102/3557/3102
f 3102/3557/3102 3083/3537/3083 3103/3558/3103
f 3083/3537/3083 3084/3538/3084 3103/3558/3103
f 3103/3558/3103 3084/3538/3084 3104/3559/3104
f 3085/3539/3085 3105/3560/3105 3084/3538/3084
f 3084/3538/3084 3105/3560/3105 3104/3559/3104
f 3086/3540/3086 3106/3561/3106 3085/3539/3085
f 3085/3539/3085 3106/3561/3106 3105/3560/3105
f 3086/3540/3086 3087/3541/3087 3106/3561/3106
f 3106/3561/3106 3087/3541/3087 3107/3562/3107
f 3087/3541/3087 3088/3542/3088 3107/3562/3107
f 3107/3562/3107 3088/3542/3088 3108/3563/3108
f 3088/3542/3088 3089/3543/3089 3108/3563/3108
f 3108/3563/3108 3089/3543/3089 3109/3564/3109
f 3090/3544/3090 3110/3565/3110 3089/3543/3089
f 3089/3543/3089 3110/3565/3110 3109/3564/3109
f 3091/3545/3091 3111/3566/3111 3090/3544/3090
f 3090/3544/3090 3111/3566/3111 3110/3565/3110
f 3092/3546/3092 3112/3567/3112 3091/3545/3091
f 3091/3545/3091 3112/3567/3112 3111/3566/3111
f 3092/3546/3092 3093/3547/3093 3112/3567/3112
f 3112/3567/3112 3093/3547/3093 3113/3568/3113
f 3093/3547/3093 3094/3548/3094 3113/3568/3113
f 3113/3568/3113 3094/3548/3094 3114/3569/3114
f 3075/3549/3076 3095/3570/3096 3094/3548/3094
f 3094/3548/3094 3095/3570/3096 3114/3569/3114
f 3095/3550/3096 3096/3551/3095 3115/3571/3115
f 3115/3571/3115 3096/3551/3095 3116/3572/3116
f 3096/3551/3095 3097/3552/3097 3116/3572/3116
f 3116/3572/3116 3097/3552/3097 3117/3573/3117
f 3097/3552/3097 3098/3553/3098 3117/3573/3117
f 3117/3573/3117 3098/3553/3098 3118/3574/3118
f 3098/3553/3098 3099/3554/3099 3118/3574/3118
f 3118/3574/3118 3099/3554/3099 3119/3575/3119
f 3100/3555/3100 3120/3576/3120 3099/3554/3099
f 3099/3554/3099 3120/3576/3120 3119/3575/3119
f 3101/3556/3101 3121/3577/3121 3100/3555/3100
f 3100/3555/3100 3121/3577/3121 3120/3576/3120
f 3102/3557/3102 3122/3578/3122 3101/3556/3101
f 3101/3556/3101 3122/3578/3122 3121/3577/3121
f 3103/3558/3103 3123/3579/3123 3102/3557/3102
f 3102/3557/3102 3123/3579/3123 3122/3578/3122
f 3104/3559/3104 3124/3580/3124 3103/3558/3103
f 3103/3558/3103 3124/3580/3124 3123/3579/3123
f 3104/3559/3104 3105/3560/3105 3124/3580/3124
f 3124/3580/3124 3105/3560/3105 3125/3581/3125
f 3105/3560/3105 3106/3561/3106 3125/3581/3125
f 3125/3581/3125 3106/3561/3106 3126/3582/3126
f 3106/3561/3106 3107/3562/3107 3126/3582/3126
f 3126/3582/3126 3107/3562/3107 3127/3583/3127
f 3107/3562/3107 3108/3563/3108 3127/3583/3127
f 3127/3583/3127 3108/3563/3108 3128/3584/3128
f 3108/3563/3108 3109/3564/3109 3128/3584/3128
f 3128/3584/3128 3109/3564/3109 3129/3585/3129
f 3110/3565/3110 3130/3586/3130 3109/3564/3109
f 3109/3564/3109 3130/3586/3130 3129/3585/3129
f 3111/3566/3111 3131/3587/3131 3110/3565/3110
f 3110/3565/3110 3131/3587/3131 3130/3586/3130
f 3112/3567/3112 3132/3588/3132 3111/3566/3111
f 3111/3566/3111 3132/3588/3132 3131/3587/3131
f 3113/3568/3113 3133/3589/3133 3112/3567/3112
f 3112/3567/3112 3133/3589/3133 3132/3588/3132
f 3114/3569/3114 3134/3590/3134 3113/3568/3113
f 3113/3568/3113 3134/3590/3134 3133/3589/3133
f 3114/3569/3114 3095/3570/3096 3134/3590/3134
f 3134/3590/3134 3095/3570/3096 3115/3591/3115
f 3115/3571/3115 3116/3572/3116 3135/3592/3135
f 3135/3592/3135 3116/3572/3116 3136/3593/3136
f 3116/3572/3116 3117/3573/3117 3136/3593/3136
f 3136/3593/3136 3117/3573/3117 3137/3594/3137
f 3117/3573/3117 3118/3574/3118 3137/3594/3137
f 3137/3594/3137 3118/3574/3118 3138/3595/3138
f 3118/3574/3118 3119/3575/3119 3138/3595/3138
f 3138/3595/3138 3119/3575/3119 3139/3596/3139
f 3120/3576/3120 3140/3597/3140 3119/3575/3119
f 3119/3575/3119 3140/3597/3140 3139/3596/3139
f 3121/3577/3121 3141/3598/3141 3120/3576/3120
f 3120/3576/3120 3141/3598/3141 3140/3597/3140
f 3122/3578/3122 3142/3599/3142 3121/3577/3121
f 3121/3577/3121 3142/3599/3142 3141/3598/3141
f 3123/3579/3123 3143/3600/3143 3122/3578/3122
f 3122/3578/3122 3143/3600/3143 3142/3599/3142
f 3124/3580/3124 3144/3601/3144 3123/3579/3123
f 3123/3579/3123 3144/3601/3144 3143/3600/3143
f 3124/3580/3124 3125/3581/3125 3144/3601/3144
f 3144/3601/3144 3125/3581/3125 3145/3602/3145
f 3125/3581/3125 3126/3582/3126 3145/3602/3145
f 3145/3602/3145 3126/3582/3126 3146/3603/3146
f 3126/3582/3126 3127/3583/3127 3146/3603/3146
f 3146/3603/3146 3127/3583/3127 3147/3604/3147
f 3127/3583/3127 3128/3584/3128 3147/3604/3147
f 3147/3604/3147 3128/3584/3128 3148/3605/3148
f 3128/3584/3128 3129/3585/3129 3148/3605/3148
f 3148/3605/3148 3129/3585/3129 3149/3606/3149
f 3130/3586/3130 3150/3607/3150 3129/3585/3129
f 3129/3585/3129 3150/3607/3150 3149/3606/3149
f 3131/3587/3131 3151/3608/3151 3130/3586/3130
f 3130/3586/3130 3151/3608/3151 3150/3607/3150
f 3132/3588/3132 3152/3609/3152 3131/3587/3131
f 3131/3587/3131 3152/3609/3152 3151/3608/3151
f 3133/3589/3133 3153/3610/3153 3132/3588/3132
f 3132/3588/3132 3153/3610/3153 3152/3609/3152
f 3134/3590/3134 3154/3611/3154 3133/3589/3133
f 3133/3589/3133 3154/3611/3154 3153/3610/3153
f 3134/3590/3134 3115/3591/3115 3154/3611/3154
f 3154/3611/3154 3115/3591/3115 3135/3612/3135
f 3135/3592/3135 3136/3593/3136 3155/3613/3155
f 3155/3613/3155 3136/3593/3136 3156/3614/3156
f 3136/3593/3136 3137/3594/3137 3156/3614/3156
f 3156/3614/3156 3137/3594/3137 3157/3615/3157
f 3137/3594/3137 3138/3595/3138 3157/3615/3157
f 3157/3615/3157 3138/3595/3138 3158/3616/3158
f 3138/3595/3138 3139/3596/3139 3158/3616/3158
f 3158/3616/3158 3139/3596/3139 3159/3617/3159
f 3140/3597/3140 3160/3618/3160 3139/3596/3139
f 3139/3596/3139 3160/3618/3160 3159/3617/3159
f 3141/3598/3141 3161/3619/3161 3140/3597/3140
f 3140/3597/3140 3161/3619/3161 3160/3618/3160
f 3142/3599/3142 3162/3620/3162 3141/3598/3141
f 3141/3598/3141 3162/3620/3162 3161/3619/3161
f 3143/3600/3143 3163/3621/3163 3142/3599/3142
f 3142/3599/3142 3163/3621/3163 3162/3620/3162
f 3144/3601/3144 3164/3622/3164 3143/3600/3143
f 3143/3600/3143 3164/3622/3164 3163/3621/3163
f 3144/3601/3144 3145/3602/3145 3164/3622/3164
f 3164/3622/3164 3145/3602/3145 3165/3623/3165
f 3145/3602/3145 3146/3603/3146 3165/3623/3165
f 3165/3623/3165 3146/3603/3146 3166/3624/3166
f 3146/3603/3146 3147/3604/3147 3166/3624/3166
f 3166/3624/3166 3147/3604/3147 3167/3625/3167
f 3147/3604/3147 3148/3605/3148 3167/3625/3167
f 3167/3625/3167 3148/3605/3148 3168/3626/3168
f 3148/3605/3148 3149/3606/3149 3168/3626/3168
f 3168/3626/3168 3149/3606/3149 3169/3627/3169
f 3150/3607/3150 3170/3628/3170 3149/3606/3149
f 3149/3606/3149 3170/3628/3170 3169/3627/3169
f 3151/3608/3151 3171/3629/3171 3150/3607/3150
f 3150/3607/3150 3171/3629/3171 3170/3628/3170
f 3152/3609/3152 3172/3630/3172 3151/3608/3151
f 3151/3608/3151 3172/3630/3172 3171/3629/3171
f 3153/3610/3153 3173/3631/3173 3152/3609/3152
f 3152/3609/3152 3173/3631/3173 3172/3630/3172
f 3154/3611/3154 3174/3632/3174 3153/3610/3153
f 3153/3610/3153 3174/3632/3174 3173/3631/3173
f 3154/3611/3154 3135/3612/3135 3174/3632/3174
f 3174/3632/3174 3135/3612/3135 3155/3633/3155
f 3155/3613/3155 3156/3614/3156 3175/3634/3175
f 3175/3634/3175 3156/3614/3156 3176/3635/3176
f 3156/3614/3156 3157/3615/3157 3176/3635/3176
f 3176/3635/3176 3157/3615/3157 3177/3636/3177
f 3157/3615/3157 3158/3616/3158 3177/3636/3177
f 3177/3636/3177 3158/3616/3158 3178/3637/3178
f 3158/3616/3158 3159/3617/3159 3178/3637/3178
f 3178/3637/3178 3159/3617/3159 3179/3638/3179
f 3160/3618/3160 3180/3639/3180 3159/3617/3159
f 3159/3617/3159 3180/3639/3180 3179/3638/3179
f 3161/3619/3161 3181/3640/3181 3160/3618/3160
f 3160/3618/3160 3181/3640/3181 3180/3639/3180
f 3162/3620/3162 3182/3641/3182 3161/3619/3161
f 3161/3619/3161 3182/3641/3182 3181/3640/3181
f 3163/3621/3163 3183/3642/3183 3162/3620/3162
f 3162/3620/3162 3183/3642/3183 3182/3641/3182
f 3164/3622/3164 3184/3643/3184 3163/3621/3163
f 3163/3621/3163 3184/3643/3184 3183/3642/3183
f 3164/3622/3164 3165/3623/3165 3184/3643/3184
f 3184/3643/3184 3165/3623/3165 3185/3644/3185
f 3165/3623/3165 3166/3624/3166 3185/3644/3185
f 3185/3644/3185 3166/3624/3166 3186/3645/3186
f 3166/3624/3166 3167/3625/3167 3186/3645/3186
f 3186/3645/3186 3167/3625/3167 3187/3646/3187
f 3167/3625/3167 3168/3626/3168 3187/3646/3187
f 3187/3646/3187 3168/3626/3168 3188/3647/3188
f 3168/3626/3168 3169/3627/3169 3188/3647/3188
f 3188/3647/3188 3169/3627/3169 3189/3648/3189
f 3170/3628/3170 3190/3649/3190 3169/3627/3169
f 3169/3627/3169 3190/3649/3190 3189/3648/3189
f 3171/3629/3171 3191/3650/3191 3170/3628/3170
f 3170/3628/3170 3191/3650/3191 3190/3649/3190
f 3172/3630/3172 3192/3651/3192 3171/3629/3171
f 3171/3629/3171 3192/3651/3192 3191/3650/3191
f 3173/3631/3173 3193/3652/3193 3172/3630/3172
f 3172/3630/3172 3193/3652/3193 3192/3651/3192
f 3174/3632/3174 3194/3653/3194 3173/3631/3173
f 3173/3631/3173 3194/3653/3194 3193/3652/3193
f 3174/3632/3174 3155/3633/3155 3194/3653/3194
f 3194/3653/3194 3155/3633/3155 3175/3654/3175
f 3175/3634/3175 3176/3635/3176 3195/3655/3195
f 3195/3655/3195 3176/3635/3176 3196/3656/3196
f 3176/3635/3176 3177/3636/3177 3196/3656/3196
f 3196/3656/3196 3177/3636/3177 3197/3657/3197
f 3177/3636/3177 3178/3637/3178 3197/3657/3197
f 3197/3657/3197 3178/3637/3178 3198/3658/3198
f 3178/3637/3178 3179/3638/3179 3198/3658/3198
f 3198/3658/3198 3179/3638/3179 3199/3659/3199
f 3180/3639/3180 3200/3660/3200 3179/3638/3179
f 3179/3638/3179 3200/3660/3200 3199/3659/3199
f 3181/3640/3181 3201/3661/3201 3180/3639/3180
f 3180/3639/3180 3201/3661/3201 3200/3660/3200
f 3182/3641/3182 3202/3662/3202 3181/3640/3181
f 3181/3640/3181 3202/3662/3202 3201/3661/3201
f 3183/3642/3183 3203/3663/3203 3182/3641/3182
f 3182/3641/3182 3203/3663/3203 3202/3662/3202
f 3183/3642/3183 3184/3643/3184 3203/3663/3203
f 3203/3663/3203 3184/3643/3184 3204/3664/3204
f 3184/3643/3184 3185/3644/3185 3204/3664/3204
f 3204/3664/3204 3185/3644/3185 3205/3665/3205
f 3185/3644/3185 3186/3645/3186 3205/3665/3205
f 3205/3665/3205 3186/3645/3186 3206/3666/3206
f 3186/3645/3186 3187/3646/3187 3206/3666/3206
f 3206/3666/3206 3187/3646/3187 3207/3667/3207
f 3187/3646/3187 3188/3647/3188 3207/3667/3207
f 3207/3667/3207 3188/3647/3188 3208/3668/3208
f 3188/3647/3188 3189/3648/3189 3208/3668/3208
f 3208/3668/3208 3189/3648/3189 3209/3669/3209
f 3190/3649/3190 3210/3670/3210 3189/3648/3189
f 3189/3648/3189 3210/3670/3210 3209/3669/3209
f 3191/3650/3191 3211/3671/3211 3190/3649/3190
f 3190/3649/3190 3211/3671/3211 3210/3670/3210
f 3192/3651/3192 3212/3672/3212 3191/3650/3191
f 3191/3650/3191 3212/3672/3212 3211/3671/3211
f 3193/3652/3193 3213/3673/3213 3192/3651/3192
f 3192/3651/3192 3213/3673/3213 3212/3672/3212
f 3193/3652/3193 3194/3653/3194 3213/3673/3213
f 3213/3673/3213 3194/3653/3194 3214/3674/3214
f 3194/3653/3194 3175/3654/3175 3214/3674/3214
f 3214/3674/3214 3175/3654/3175 3195/3675/3195
f 3195/3655/3195 3196/3656/3196 3215/3676/3215
f 3215/3676/3215 3196/3656/3196 3216/3677/3216
f 3196/3656/3196 3197/3657/3197 3216/3677/3216
f 3216/3677/3216 3197/3657/3197 3217/3678/3217
f 3197/3657/3197 3198/3658/3198 3217/3678/3217
f 3217/3678/3217 3198/3658/3198 3218/3679/3218
f 3198/3658/3198 3199/3659/3199 3218/3679/3218
f 3218/3679/3218 3199/3659/3199 3219/3680/3219
f 3200/3660/3200 3220/3681/3220 3199/3659/3199
f 3199/3659/3199 3220/3681/3220 3219/3680/3219
f 3201/3661/3201 3221/3682/3221 3200/3660/3200
f 3200/3660/3200 3221/3682/3221 3220/3681/3220
f 3202/3662/3202 3222/3683/3222 3201/3661/3201
f 3201/3661/3201 3222/3683/3222 3221/3682/3221
f 3203/3663/3203 3223/3684/3223 3202/3662/3202
f 3202/3662/3202 3223/3684/3223 3222/3683/3222
f 3203/3663/3203 3204/3664/3204 3223/3684/3223
f 3223/3684/3223 3204/3664/3204 3224/3685/3224
f 3204/3664/3204 3205/3665/3205 3224/3685/3224
f 3224/3685/3224 3205/3665/3205 3225/3686/3225
f 3205/3665/3205 3206/3666/3206 3225/3686/3225
f 3225/3686/3225 3206/3666/3206 3226/3687/3226
f 3206/3666/3206 3207/3667/3207 3226/3687/3226
f 3226/3687/3226 3207/3667/3207 3227/3688/3227
f 3207/3667/3207 3208/3668/3208 3227/3688/3227
f 3227/3688/3227 3208/3668/3208 3228/3689/3228
f 3208/3668/3208 3209/3669/3209 3228/3689/3228
f 3228/3689/3228 3209/3669/3209 3229/3690/3229
f 3210/3670/3210 3230/3691/3230 3209/3669/3209
f 3209/3669/3209 3230/3691/3230 3229/3690/3229
f 3211/3671/3211 3231/3692/3231 3210/3670/3210
f 3210/3670/3210 3231/3692/3231 3230/3691/3230
f 3212/3672/3212 3232/3693/3232 3211/3671/3211
f 3211/3671/3211 3232/3693/3232 3231/3692/3231
f 3213/3673/3213 3233/3694/3233 3212/3672/3212
f 3212/3672/3212 3233/3694/3233 3232/3693/3232
f 3213/3673/3213 3214/3674/3214 3233/3694/3233
f 3233/3694/3233 3214/3674/3214 3234/3695/3234
f 3214/3674/3214 3195/3675/3195 3234/3695/3234
f 3234/3695/3234 3195/3675/3195 3215/3696/3215
f 3215/3676/3215 3216/3677/3216 3235/3697/3235
f 3235/3697/3235 3216/3677/3216 3236/3698/3236
f 3216/3677/3216 3217/3678/3217 3236/3698/3236
f 3236/3698/3236 3217/3678/3217 3237/3699/3237
f 3217/3678/3217 3218/3679/3218 3237/3699/3237
f 3237/3699/3237 3218/3679/3218 3238/3700/3238
f 3218/3679/3218 3219/3680/3219 3238/3700/3238
f 3238/3700/3238 3219/3680/3219 3239/3701/3239
f 3220/3681/3220 3240/3702/3240 3219/3680/3219
f 3219/3680/3219 3240/3702/3240 3239/3701/3239
f 3221/3682/3221 3241/3703/3241 3220/3681/3220
f 3220/3681/3220 3241/3703/3241 3240/3702/3240
f 3222/3683/3222 3242/3704/3242 3221/3682/3221
f 3221/3682/3221 3242/3704/3242 3241/3703/3241
f 3223/3684/3223 3243/3705/3243 3222/3683/3222
f 3222/3683/3222 3243/3705/3243 3242/3704/3242
f 3223/3684/3223 3224/3685/3224 3243/3705/3243
f 3243/3705/3243 3224/3685/3224 3244/3706/3244
f 3224/3685/3224 3225/3686/3225 3244/3706/3244
f 3244/3706/3244 3225/3686/3225 3245/3707/3245
f 3225/3686/3225 3226/3687/3226 3245/3707/3245
f 3245/3707/3245 3226/3687/3226 3246/3708/3246
f 3226/3687/3226 3227/3688/3227 3246/3708/3246
f 3246/3708/3246 3227/3688/3227 3247/3709/3247
f 3227/3688/3227 3228/3689/3228 3247/3709/3247
f 3247/3709/3247 3228/3689/3228 3248/3710/3248
f 3228/3689/3228 3229/3690/3229 3248/3710/3248
f 3248/3710/3248 3229/3690/3229 3249/3711/3249
f 3230/3691/3230 3250/3712/3250 3229/3690/3229
f 3229/3690/3229 3250/3712/3250 3249/3711/3249
f 3231/3692/3231 3251/3713/3251 3230/3691/3230
f 3230/3691/3230 3251/3713/3251 3250/3712/3250
f 3232/3693/3232 3252/3714/3252 3231/3692/3231
f 3231/3692/3231 3252/3714/3252 3251/3713/3251
f 3233/3694/3233 3253/3715/3253 3232/3693/3232
f 3232/3693/3232 3253/3715/3253 3252/3714/3252
f 3233/3694/3233 3234/3695/3234 3253/3715/3253
f 3253/3715/3253 3234/3695/3234 3254/3716/3254
f 3234/3695/3234 3215/3696/3215 3254/3716/3254
f 3254/3716/3254 3215/3696/3215 3235/3717/3235
f 3235/3697/3235 3236/3698/3236 3255/3718/3255
f 3255/3718/3255 3236/3698/3236 3256/3719/3256
f 3236/3698/3236 3237/3699/3237 3256/3719/3256
f 3256/3719/3256 3237/3699/3237 3257/3720/3257
f 3237/3699/3237 3238/3700/3238 3257/3720/3257
f 3257/3720/3257 3238/3700/3238 3258/3721/3258
f 3238/3700/3238 3239/3701/3239 3258/3721/3258
f 3258/3721/3258 3239/3701/3239 3259/3722/3259
f 3240/3702/3240 3260/3723/3260 3239/3701/3239
f 3239/3701/3239 3260/3723/3260 3259/3722/3259
f 3241/3703/3241 3261/3724/3261 3240/3702/3240
f 3240/3702/3240 3261/3724/3261 3260/3723/3260
f 3242/3704/3242 3262/3725/3262 3241/3703/3241
f 3241/3703/3241 3262/3725/3262 3261/3724/3261
f 3243/3705/3243 3263/3726/3263 3242/3704/3242
f 3242/3704/3242 3263/3726/3263 3262/3725/3262
f 3243/3705/3243 3244/3706/3244 3263/3726/3263
f 3263/3726/3263 3244/3706/3244 3264/3727/3264
f 3244/3706/3244 3245/3707/3245 3264/3727/3264
f 3264/3727/3264 3245/3707/3245 3265/3728/3265
f 3245/3707/3245 3246/3708/3246 3265/3728/3265
f 3265/3728/3265 3246/3708/3246 3266/3729/3266
f 3246/3708/3246 3247/3709/3247 3266/3729/3266
f 3266/3729/3266 3247/3709/3247 3267/3730/3267
f 3247/3709/3247 3248/3710/3248 3267/3730/3267
f 3267/3730/3267 3248/3710/3248 3268/3731/3268
f 3248/3710/3248 3249/3711/3249 3268/3731/3268
f 3268/3731/3268 3249/3711/3249 3269/3732/3269
f 3250/3712/3250 3270/3733/3270 3249/3711/3249
f 3249/3711/3249 3270/3733/3270 3269/3732/3269
f 3251/3713/3251 3271/3734/3271 3250/3712/3250
f 3250/3712/3250 3271/3734/3271 3270/3733/3270
f 3252/3714/3252 3272/3735/3272 3251/3713/3251
f 3251/3713/3251 3272/3735/3272 3271/3734/3271
f 3253/3715/3253 3273/3736/3273 3252/3714/3252
f 3252/3714/3252 3273/3736/3273 3272/3735/3272
f 3253/3715/3253 3254/3716/3254 3273/3736/3273
f 3273/3736/3273 3254/3716/3254 3274/3737/3274
f 3254/3716/3254 3235/3717/3235 3274/3737/3274
f 3274/3737/3274 3235/3717/3235 3255/3738/3255
f 3255/3718/3255 3256/3719/3256 3275/3739/3275
f 3275/3739/3275 3256/3719/3256 3276/3740/3276
f 3256/3719/3256 3257/3720/3257 3276/3740/3276
f 3276/3740/3276 3257/3720/3257 3277/3741/3277
f 3257/3720/3257 3258/3721/3258 3277/3741/3277
f 3277/3741/3277 3258/3721/3258 3278/3742/3278
f 3258/3721/3258 3259/3722/3259 3278/3742/3278
f 3278/3742/3278 3259/3722/3259 3279/3743/3279
f 3260/3723/3260 3280/3744/3280 3259/3722/3259
f 3259/3722/3259 3280/3744/3280 3279/3743/3279
f 3261/3724/3261 3281/3745/3281 3260/3723/3260
f 3260/3723/3260 3281/3745/3281 3280/3744/3280
f 3262/3725/3262 3282/3746/3282 3261/3724/3261
f 3261/3724/3261 3282/3746/3282 3281/3745/3281
f 3263/3726/3263 3283/3747/3283 3262/3725/3262
f 3262/3725/3262 3283/3747/3283 3282/3746/3282
f 3264/3727/3264 3284/3748/3284 3263/3726/3263
f 3263/3726/3263 3284/3748/3284 3283/3747/3283
f 3264/3727/3264 3265/3728/3265 3284/3748/3284
f 3284/3748/3284 3265/3728/3265 3285/3749/3285
f 3265/3728/3265 3266/3729/3266 3285/3749/3285
f 3285/3749/3285 3266/3729/3266 3286/3750/3286
f 3266/3729/3266 3267/3730/3267 3286/3750/3286
f 3286/3750/3286 3267/3730/3267 3287/3751/3287
f 3267/3730/3267 3268/3731/3268 3287/3751/3287
f 3287/3751/3287 3268/3731/3268 3288/3752/3288
f 3268/3731/3268 3269/3732/3269 3288/3752/3288
f 3288/3752/3288 3269/3732/3269 3289/3753/3289
f 3270/3733/3270 3290/3754/3290 3269/3732/3269
f 3269/3732/3269 3290/3754/3290 3289/3753/3289
f 3271/3734/3271 3291/3755/3291 3270/3733/3270
f 3270/3733/3270 3291/3755/3291 3290/3754/3290
f 3272/3735/3272 3292/3756/3292 3271/3734/3271
f 3271/3734/3271 3292/3756/3292 3291/3755/3291
f 3273/3736/3273 3293/3757/3293 3272/3735/3272
f 3272/3735/3272 3293/3757/3293 3292/3756/3292
f 3274/3737/3274 3294/3758/3294 3273/3736/3273
f 3273/3736/3273 3294/3758/3294 3293/3757/3293
f 3274/3737/3274 3255/3738/3255 3294/3758/3294
f 3294/3758/3294 3255/3738/3255 3275/3759/3275
f 3275/3739/3275 3276/3740/3276 3295/3760/3295
f 3295/3760/3295 3276/3740/3276 3296/3761/3296
f 3276/3740/3276 3277/3741/3277 3296/3761/3296
f 3296/3761/3296 3277/3741/3277 3297/3762/3297
f 3277/3741/3277 3278/3742/3278 3297/3762/3297
f 3297/3762/3297 3278/3742/3278 3298/3763/3298
f 3278/3742/3278 3279/3743/3279 3298/3763/3298
f 3298/3763/3298 3279/3743/3279 3299/3764/3299
f 3280/3744/3280 3300/3765/3300 3279/3743/3279
f 3279/3743/3279 3300/3765/3300 3299/3764/3299
f 3281/3745/3281 3301/3766/3301 3280/3744/3280
f 3280/3744/3280 3301/3766/3301 3300/3765/3300
f 3282/3746/3282 3302/3767/3302 3281/3745/3281
f 3281/3745/3281 3302/3767/3302 3301/3766/3301
f 3283/3747/3283 3303/3768/3303 3282/3746/3282
f 3282/3746/3282 3303/3768/3303 3302/3767/3302
f 3284/3748/3284 3304/3769/3304 3283/3747/3283
f 3283/3747/3283 3304/3769/3304 3303/3768/3303
f 3284/3748/3284 3285/3749/3285 3304/3769/3304
f 3304/3769/3304 3285/3749/3285 3305/3770/3305
f 3285/3749/3285 3286/3750/3286 3305/3770/3305
f 3305/3770/3305 3286/3750/3286 3306/3771/3306
f 3286/3750/3286 3287/3751/3287 3306/3771/3306
f 3306/3771/3306 3287/3751/3287 3307/3772/3307
f 3287/3751/3287 3288/3752/3288 3307/3772/3307
f 3307/3772/3307 3288/3752/3288 3308/3773/3308
f 3288/3752/3288 3289/3753/3289 3308/3773/3308
f 3308/3773/3308 3289/3753/3289 3309/3774/3309
f 3290/3754/3290 3310/3775/3310 3289/3753/3289
f 3289/3753/3289 3310/3775/3310 3309/3774/3309
f 3291/3755/3291 3311/3776/3311 3290/3754/3290
f 3290/3754/3290 3311/3776/3311 3310/3775/3310
f 3292/3756/3292 3312/3777/3312 3291/3755/3291
f 3291/3755/3291 3312/3777/3312 3311/3776/3311
f 3293/3757/3293 3313/3778/3313 3292/3756/3292
f 3292/3756/3292 3313/3778/3313 3312/3777/3312
f 3294/3758/3294 3314/3779/3314 3293/3757/3293
f 3293/3757/3293 3314/3779/3314 3313/3778/3313
f 3294/3758/3294 3275/3759/3275 3314/3779/3314
f 3314/3779/3314 3275/3759/3275 3295/3780/3295
f 3295/3760/3295 3296/3761/3296 3315/3781/3315
f 3315/3781/3315 3296/3761/3296 3316/3782/3316
f 3296/3761/3296 3297/3762/3297 3316/3782/3316
f 3316/3782/3316 3297/3762/3297 3317/3783/3317
f 3297/3762/3297 3298/3763/3298 3317/3783/3317
f 3317/3783/3317 3298/3763/3298 3318/3784/3318
f 3298/3763/3298 3299/3764/3299 3318/3784/3318
f 3318/3784/3318 3299/3764/3299 3319/3785/3319
f 3300/3765/3300 3320/3786/3320 3299/3764/3299
f 3299/3764/3299 3320/3786/3320 3319/3785/3319
f 3301/3766/3301 3321/3787/3321 3300/3765/3300
f 3300/3765/3300 3321/3787/3321 3320/3786/3320
f 3302/3767/3302 3322/3788/3322 3301/3766/3301
f 3301/3766/3301 3322/3788/3322 3321/3787/3321
f 3303/3768/3303 3323/3789/3323 3302/3767/3302
f 3302/3767/3302 3323/3789/3323 3322/3788/3322
f 3304/3769/3304 3324/3790/3324 3303/3768/3303
f 3303/3768/3303 3324/3790/3324 3323/3789/3323
f 3304/3769/3304 3305/3770/3305 3324/3790/3324
f 3324/3790/3324 3305/3770/3305 3325/3791/3325
f 3305/3770/3305 3306/3771/3306 3325/3791/3325
f 3325/3791/3325 3306/3771/3306 3326/3792/3326
f 3306/3771/3306 3307/3772/3307 3326/3792/3326
f 3326/3792/3326 3307/3772/3307 3327/3793/3327
f 3307/3772/3307 3308/3773/3308 3327/3793/3327
f 3327/3793/3327 3308/3773/3308 3328/3794/3328
f 3308/3773/3308 3309/3774/3309 3328/3794/3328
f 3328/3794/3328 3309/3774/3309 3329/3795/3329
f 3310/3775/3310 3330/3796/3330 3309/3774/3309
f 3309/3774/3309 3330/3796/3330 3329/3795/3329
f 3311/3776/3311 3331/3797/3331 3310/3775/3310
f 3310/3775/3310 3331/3797/3331 3330/3796/3330
f 3312/3777/3312 3332/3798/3332 3311/3776/3311
f 3311/3776/3311 3332/3798/3332 3331/3797/3331
f 3313/3778/3313 3333/3799/3333 3312/3777/3312
f 3312/3777/3312 3333/3799/3333 3332/3798/3332
f 3314/3779/3314 3334/3800/3334 3313/3778/3313
f 3313/3778/3313 3334/3800/3334 3333/3799/3333
f 3314/3779/3314 3295/3780/3295 3334/3800/3334
f 3334/3800/3334 3295/3780/3295 3315/3801/3315
f 3315/3781/3315 3316/3782/3316 3335/3802/3335
f 3335/3802/3335 3316/3782/3316 3336/3803/3336
f 3316/3782/3316 3317/3783/3317 3336/3803/3336
f 3336/3803/3336 3317/3783/3317 3337/3804/3337
f 3317/3783/3317 3318/3784/3318 3337/3804/3337
f 3337/3804/3337 3318/3784/3318 3338/3805/3338
f 3318/3784/3318 3319/3785/3319 3338/3805/3338
f 3338/3805/3338 3319/3785/3319 3339/3806/3339
f 3320/3786/3320 3340/3807/3340 3319/3785/3319
f 3319/3785/3319 3340/3807/3340 3339/3806/3339
f 3321/3787/3321 3341/3808/3341 3320/3786/3320
f 3320/3786/3320 3341/3808/3341 3340/3807/3340
f 3322/3788/3322 3342/3809/3342 3321/3787/3321
f 3321/3787/3321 3342/3809/3342 3341/3808/3341
f 3323/3789/3323 3343/3810/3343 3322/3788/3322
f 3322/3788/3322 3343/3810/3343 3342/3809/3342
f 3324/3790/3324 3344/3811/3344 3323/3789/3323
f 3323/3789/3323 3344/3811/3344 3343/3810/3343
f 3324/3790/3324 3325/3791/3325 3344/3811/3344
f 3344/3811/3344 3325/3791/3325 3345/3812/3345
f 3325/3791/3325 3326/3792/3326 3345/3812/3345
f 3345/3812/3345 3326/3792/3326 3346/3813/3346
f 3326/3792/3326 3327/3793/3327 3346/3813/3346
f 3346/3813/3346 3327/3793/3327 3347/3814/3347
f 3327/3793/3327 3328/3794/3328 3347/3814/3347
f 3347/3814/3347 3328/3794/3328 3348/3815/3348
f 3328/3794/3328 3329/3795/3329 3348/3815/3348
f 3348/3815/3348 3329/3795/3329 3349/3816/3349
f 3330/3796/3330 3350/3817/3350 3329/3795/3329
f 3329/3795/3329 3350/3817/3350 3349/3816/3349
f 3331/3797/3331 3351/3818/3351 3330/3796/3330
f 3330/3796/3330 3351/3818/3351 3350/3817/3350
f 3332/3798/3332 3352/3819/3352 3331/3797/3331
f 3331/3797/3331 3352/3819/3352 3351/3818/3351
f 3333/3799/3333 3353/3820/3353 3332/3798/3332
f 3332/3798/3332 3353/3820/3353 3352/3819/3352
f 3334/3800/3334 3354/3821/3354 3333/3799/3333
f 3333/3799/3333 3354/3821/3354 3353/3820/3353
f 3334/3800/3334 3315/3801/3315 3354/3821/3354
f 3354/3821/3354 3315/3801/3315 3335/3822/3335
f 3335/3802/3335 3336/3803/3336 3355/3823/3355
f 3355/3823/3355 3336/3803/3336 3356/3824/3356
f 3336/3803/3336 3337/3804/3337 3356/3824/3356
f 3356/3824/3356 3337/3804/3337 3357/3825/3357
f 3337/3804/3337 3338/3805/3338 3357/3825/3357
f 3357/3825/3357 3338/3805/3338 3358/3826/3358
f 3338/3805/3338 3339/3806/3339 3358/3826/3358
f 3358/3826/3358 3339/3806/3339 3359/3827/3359
f 3340/3807/3340 3360/3828/3360 3339/3806/3339
f 3339/3806/3339 3360/3828/3360 3359/3827/3359
f 3341/3808/3341 3361/3829/3361 3340/3807/3340
f 3340/3807/3340 3361/3829/3361 3360/3828/3360
f 3342/3809/3342 3362/3830/3362 3341/3808/3341
f 3341/3808/3341 3362/3830/3362 3361/3829/3361
f 3343/3810/3343 3363/3831/3363 3342/3809/3342
f 3342/3809/3342 3363/3831/3363 3362/3830/3362
f 3344/3811/3344 3364/3832/3364 3343/3810/3343
f 3343/3810/3343 3364/3832/3364 3363/3831/3363
f 3344/3811/3344 3345/3812/3345 3364/3832/3364
f 3364/3832/3364 3345/3812/3345 3365/3833/3365
f 3345/3812/3345 3346/3813/3346 3365/3833/3365
f 3365/3833/3365 3346/3813/3346 3366/3834/3366
f 3346/3813/3346 3347/3814/3347 3366/3834/3366
f 3366/3834/3366 3347/3814/3347 3367/3835/3367
f 3347/3814/3347 3348/3815/3348 3367/3835/3367
f 3367/3835/3367 3348/3815/3348 3368/3836/3368
f 3348/3815/3348 3349/3816/3349 3368/3836/3368
f 3368/3836/3368 3349/3816/3349 3369/3837/3369
f 3350/3817/3350 3370/3838/3370 3349/3816/3349
f 3349/3816/3349 3370/3838/3370 3369/3837/3369
f 3351/3818/3351 3371/3839/3371 3350/3817/3350
f 3350/3817/3350 3371/3839/3371 3370/3838/3370
f 3352/3819/3352 3372/3840/3372 3351/3818/3351
f 3351/3818/3351 3372/3840/3372 3371/3839/3371
f 3353/3820/3353 3373/3841/3373 3352/3819/3352
f 3352/3819/3352 3373/3841/3373 3372/3840/3372
f 3354/3821/3354 3374/3842/3374 3353/3820/3353
f 3353/3820/3353 3374/3842/3374 3373/3841/3373
f 3354/3821/3354 3335/3822/3335 3374/3842/3374
f 3374/3842/3374 3335/3822/3335 3355/3843/3355
f 3355/3823/3355 3356/3824/3356 3375/3844/3375
f 3375/3844/3375 3356/3824/3356 3376/3845/3376
f 3356/3824/3356 3357/3825/3357 3376/3845/3376
f 3376/3845/3376 3357/3825/3357 3377/3846/3377
f 3357/3825/3357 3358/3826/3358 3377/3846/3377
f 3377/3846/3377 3358/3826/3358 3378/3847/3378
f 3358/3826/3358 3359/3827/3359 3378/3847/3378
f 3378/3847/3378 3359/3827/3359 3379/3848/3379
f 3360/3828/3360 3380/3849/3380 3359/3827/3359
f 3359/3827/3359 3380/3849/3380 3379/3848/3379
f 3361/3829/3361 3381/3850/3381 3360/3828/3360
f 3360/3828/3360 3381/3850/3381 3380/3849/3380
f 3362/3830/3362 3382/3851/3382 3361/3829/3361
f 3361/3829/3361 3382/3851/3382 3381/3850/3381
f 3363/3831/3363 3383/3852/3383 3362/3830/3362
f 3362/3830/3362 3383/3852/3383 3382/3851/3382
f 3364/3832/3364 3384/3853/3384 3363/3831/3363
f 3363/3831/3363 3384/3853/3384 3383/3852/3383
f 3364/3832/3364 3365/3833/3365 3384/3853/3384
f 3384/3853/3384 3365/3833/3365 3385/3854/3385
f 3365/3833/3365 3366/3834/3366 3385/3854/3385
f 3385/3854/3385 3366/3834/3366 3386/3855/3386
f 3366/3834/3366 3367/3835/3367 3386/3855/3386
f 3386/3855/3386 3367/3835/3367 3387/3856/3387
f 3367/3835/3367 3368/3836/3368 3387/3856/3387
f 3387/3856/3387 3368/3836/3368 3388/3857/3388
f 3368/3836/3368 3369/3837/3369 3388/3857/3388
f 3388/3857/3388 3369/3837/3369 3389/3858/3389
f 3370/3838/3370 3390/3859/3390 3369/3837/3369
f 3369/3837/3369 3390/3859/3390 3389/3858/3389
f 3371/3839/3371 3391/3860/3391 3370/3838/3370
f 3370/3838/3370 3391/3860/3391 3390/3859/3390
f 3372/3840/3372 3392/3861/3392 3371/3839/3371
f 3371/3839/3371 3392/3861/3392 3391/3860/3391
f 3373/3841/3373 3393/3862/3393 3372/3840/3372
f 3372/3840/3372 3393/3862/3393 3392/3861/3392
f 3374/3842/3374 3394/3863/3394 3373/3841/3373
f 3373/3841/3373 3394/3863/3394 3393/3862/3393
f 3374/3842/3374 3355/3843/3355 3394/3863/3394
f 3394/3863/3394 3355/3843/3355 3375/3864/3375
f 3375/3844/3375 3376/3845/3376 3395/3865/3395
f 3395/3865/3395 3376/3845/3376 3396/3866/3396
f 3376/3845/3376 3377/3846/3377 3396/3866/3396
f 3396/3866/3396 3377/3846/3377 3397/3867/3397
f 3377/3846/3377 3378/3847/3378 3397/3867/3397
f 3397/3867/3397 3378/3847/3378 3398/3868/3398
f 3378/3847/3378 3379/3848/3379 3398/3868/3398
f 3398/3868/3398 3379/3848/3379 3399/3869/3399
f 3380/3849/3380 3400/3870/3400 3379/3848/3379
f 3379/3848/3379 3400/3870/3400 3399/3869/3399
f 3381/3850/3381 3401/3871/3401 3380/3849/3380
f 3380/3849/3380 3401/3871/3401 3400/3870/3400
f 3382/3851/3382 3402/3872/3402 3381/3850/3381
f 3381/3850/3381 3402/3872/3402 3401/3871/3401
f 3383/3852/3383 3403/3873/3403 3382/3851/3382
f 3382/3851/3382 3403/3873/3403 3402/3872/3402
f 3384/3853/3384 3404/3874/3404 3383/3852/3383
f 3383/3852/3383 3404/3874/3404 3403/3873/3403
f 3384/3853/3384 3385/3854/3385 3404/3874/3404
f 3404/3874/3404 3385/3854/3385 3405/3875/3405
f 3385/3854/3385 3386/3855/3386 3405/3875/3405
f 3405/3875/3405 3386/3855/3386 3406/3876/3406
f 3386/3855/3386 3387/3856/3387 3406/3876/3406
f 3406/3876/3406 3387/3856/3387 3407/3877/3407
f 3387/3856/3387 3388/3857/3388 3407/3877/3407
f 3407/3877/3407 3388/3857/3388 3408/3878/3408
f 3388/3857/3388 3389/3858/3389 3408/3878/3408
f 3408/3878/3408 3389/3858/3389 3409/3879/3409
f 3390/3859/3390 3410/3880/3410 3389/3858/3389
f 3389/3858/3389 3410/3880/3410 3409/3879/3409
f 3391/3860/3391 3411/3881/3411 3390/3859/3390
f 3390/3859/3390 3411/3881/3411 3410/3880/3410
f 3392/3861/3392 3412/3882/3412 3391/3860/3391
f 3391/3860/3391 3412/3882/3412 3411/3881/3411
f 3393/3862/3393 3413/3883/3413 3392/3861/3392
f 3392/3861/3392 3413/3883/3413 3412/3882/3412
f 3394/3863/3394 3414/3884/3414 3393/3862/3393
f 3393/3862/3393 3414/3884/3414 3413/3883/3413
f 3394/3863/3394 3375/3864/3375 3414/3884/3414
f 3414/3884/3414 3375/3864/3375 3395/3885/3395
f 3036/3488/3035 3035/3487/3037 3415/3886/3415
f 3037/3489/3039 3036/3488/3035 3415/3887/3415
f 3038/3490/3041 3037/3489/3039 3415/3888/3415
f 3039/3491/3043 3038/3490/3041 3415/3889/3415
f 3040/3492/3045 3039/3491/3043 3415/3890/3415
f 3041/3493/3047 3040/3492/3045 3415/3891/3415
f 3042/3494/3049 3041/3493/3047 3415/3892/3415
f 3043/3495/3051 3042/3494/3049 3415/3893/3415
f 3044/3496/3053 3043/3495/3051 3415/3894/3415
f 3045/3497/3055 3044/3496/3053 3415/3895/3415
f 3046/3498/3057 3045/3497/3055 3415/3896/3415
f 3047/3499/3059 3046/3498/3057 3415/3897/3415
f 3048/3500/3061 3047/3499/3059 3415/3898/3415
f 3049/3501/3063 3048/3500/3061 3415/3899/3415
f 3050/3502/3065 3049/3501/3063 3415/3900/3415
f 3051/3503/3067 3050/3502/3065 3415/3901/3415
f 3052/3504/3069 3051/3503/3067 3415/3902/3415
f 3053/3505/3071 3052/3504/3069 3415/3903/3415
f 3054/3506/3073 3053/3505/3071 3415/3904/3415
f 3035/3507/3037 3054/3506/3073 3415/3905/3415
f 3395/3865/3395 3396/3866/3396 3416/3906/3416
f 3396/3866/3396 3397/3867/3397 3416/3907/3416
f 3397/3867/3397 3398/3868/3398 3416/3908/3416
f 3398/3868/3398 3399/3869/3399 3416/3909/3416
f 3399/3869/3399 3400/3870/3400 3416/3910/3416
f 3400/3870/3400 3401/3871/3401 3416/3911/3416
f 3401/3871/3401 3402/3872/3402 3416/3912/3416
f 3402/3872/3402 3403/3873/3403 3416/3913/3416
f 3403/3873/3403 3404/3874/3404 3416/3914/3416
f 3404/3874/3404 3405/3875/3405 3416/3915/3416
f 3405/3875/3405 3406/3876/3406 3416/3916/3416
f 3406/3876/3406 3407/3877/3407 3416/3917/3416
f 3407/3877/3407 3408/3878/3408 3416/3918/3416
f 3408/3878/3408 3409/3879/3409 3416/3919/3416
f 3409/3879/3409 3410/3880/3410 3416/3920/3416
f 3410/3880/3410 3411/3881/3411 3416/3921/3416
f 3411/3881/3411 3412/3882/3412 3416/3922/3416
f 3412/3882/3412 3413/3883/3413 3416/3923/3416
f 3413/3883/3413 3414/3884/3414 3416/3924/3416
f 3414/3884/3414 3395/3885/3395 3416/3925/3416
s 10
f 3418/3926/3417 3417/3928/3418 3438/3927/3419
f 3417/3928/3418 3437/3929/3420 3438/3927/3419
f 3419/3930/3421 3418/3926/3417 3439/3931/3422
f 3418/3926/3417 3438/3927/3419 3439/3931/3422
f 3419/3930/3421 3439/3931/3422 3420/3932/3423
f 3439/3931/3422 3440/3933/3424 3420/3932/3423
f 3420/3932/3423 3440/3933/3424 3421/3934/3425
f 3440/3933/3424 3441/3935/3426 3421/3934/3425
f 3422/3936/3427 3421/3934/3425 3442/3937/3428
f 3421/3934/3425 3441/3935/3426 3442/3937/3428
f 3423/3938/3429 3422/3936/3427 3443/3939/3430
f 3422/3936/3427 3442/3937/3428 3443/3939/3430
f 3423/3938/3429 3443/3939/3430 3424/3940/3431
f 3443/3939/3430 3444/3941/3432 3424/3940/3431
f 3424/3940/3431 3444/3941/3432 3425/3942/3433
f 3444/3941/3432 3445/3943/3434 3425/3942/3433
f 3425/3942/3433 3445/3943/3434 3426/3944/3435
f 3445/3943/3434 3446/3945/3436 3426/3944/3435
f 3427/3946/3437 3426/3944/3435 3447/3947/3438
f 3426/3944/3435 3446/3945/3436 3447/3947/3438
f 3428/3948/3439 3427/3946/3437 3448/3949/3440
f 3427/3946/3437 3447/3947/3438 3448/3949/3440
f 3429/3950/3441 3428/3948/3439 3449/3951/3442
f 3428/3948/3439 3448/3949/3440 3449/3951/3442
f 3429/3950/3441 3449/3951/3442 3430/3952/3443
f 3449/3951/3442 3450/3953/3444 3430/3952/3443
f 3430/3952/3443 3450/3953/3444 3431/3954/3445
f 3450/3953/3444 3451/3955/3446 3431/3954/3445
f 3432/3956/3447 3431/3954/3445 3452/3957/3448
f 3431/3954/3445 3451/3955/3446 3452/3957/3448
f 3433/3958/3449 3432/3956/3447 3453/3959/3450
f 3432/3956/3447 3452/3957/3448 3453/3959/3450
f 3433/3958/3449 3453/3959/3450 3434/3960/3451
f 3453/3959/3450 3454/3961/3452 3434/3960/3451
f 3434/3960/3451 3454/3961/3452 3435/3962/3453
f 3454/3961/3452 3455/3963/3454 3435/3962/3453
f 3435/3962/3453 3455/3963/3454 3436/3964/3455
f 3455/3963/3454 3456/3965/3456 3436/3964/3455
f 3417/3966/3418 3436/3964/3455 3437/3967/3420
f 3436/3964/3455 3456/3965/3456 3437/3967/3420
f 3438/3927/3419 3437/3929/3420 3458/3968/3457
f 3437/3929/3420 3457/3969/3458 3458/3968/3457
f 3439/3931/3422 3438/3927/3419 3459/3970/3459
f 3438/3927/3419 3458/3968/3457 3459/3970/3459
f 3439/3931/3422 3459/3970/3459 3440/3933/3424
f 3459/3970/3459 3460/3971/3460 3440/3933/3424
f 3440/3933/3424 3460/3971/3460 3441/3935/3426
f 3460/3971/3460 3461/3972/3461 3441/3935/3426
f 3442/3937/3428 3441/3935/3426 3462/3973/3462
f 3441/3935/3426 3461/3972/3461 3462/3973/3462
f 3443/3939/3430 3442/3937/3428 3463/3974/3463
f 3442/3937/3428 3462/3973/3462 3463/3974/3463
f 3443/3939/3430 3463/3974/3463 3444/3941/3432
f 3463/3974/3463 3464/3975/3464 3444/3941/3432
f 3444/3941/3432 3464/3975/3464 3445/3943/3434
f 3464/3975/3464 3465/3976/3465 3445/3943/3434
f 3445/3943/3434 3465/3976/3465 3446/3945/3436
f 3465/3976/3465 3466/3977/3466 3446/3945/3436
f 3447/3947/3438 3446/3945/3436 3467/3978/3467
f 3446/3945/3436 3466/3977/3466 3467/3978/3467
f 3448/3949/3440 3447/3947/3438 3468/3979/3468
f 3447/3947/3438 3467/3978/3467 3468/3979/3468
f 3449/3951/3442 3448/3949/3440 3469/3980/3469
f 3448/3949/3440 3468/3979/3468 3469/3980/3469
f 3449/3951/3442 3469/3980/3469 3450/3953/3444
f 3469/3980/3469 3470/3981/3470 3450/3953/3444
f 3450/3953/3444 3470/3981/3470 3451/3955/3446
f 3470/3981/3470 3471/3982/3471 3451/3955/3446
f 3452/3957/3448 3451/3955/3446 3472/3983/3472
f 3451/3955/3446 3471/3982/3471 3472/3983/3472
f 3453/3959/3450 3452/3957/3448 3473/3984/3473
f 3452/3957/3448 3472/3983/3472 3473/3984/3473
f 3453/3959/3450 3473/3984/3473 3454/3961/3452
f 3473/3984/3473 3474/3985/3474 3454/3961/3452
f 3454/3961/3452 3474/3985/3474 3455/3963/3454
f 3474/3985/3474 3475/3986/3475 3455/3963/3454
f 3455/3963/3454 3475/3986/3475 3456/3965/3456
f 3475/3986/3475 3476/3987/3476 3456/3965/3456
f 3437/3967/3420 3456/3965/3456 3457/3988/3458
f 3456/3965/3456 3476/3987/3476 3457/3988/3458
f 3458/3968/3457 3457/3969/3458 3478/3989/3477
f 3457/3969/3458 3477/3990/3478 3478/3989/3477
f 3459/3970/3459 3458/3968/3457 3479/3991/3479
f 3458/3968/3457 3478/3989/3477 3479/3991/3479
f 3459/3970/3459 3479/3991/3479 3460/3971/3460
f 3479/3991/3479 3480/3992/3480 3460/3971/3460
f 3460/3971/3460 3480/3992/3480 3461/3972/3461
f 3480/3992/3480 3481/3993/3481 3461/3972/3461
f 3462/3973/3462 3461/3972/3461 3482/3994/3482
f 3461/3972/3461 3481/3993/3481 3482/3994/3482
f 3463/3974/3463 3462/3973/3462 3483/3995/3483
f 3462/3973/3462 3482/3994/3482 3483/3995/3483
f 3463/3974/3463 3483/3995/3483 3464/3975/3464
f 3483/3995/3483 3484/3996/3484 3464/3975/3464
f 3464/3975/3464 3484/3996/3484 3465/3976/3465
f 3484/3996/3484 3485/3997/3485 3465/3976/3465
f 3465/3976/3465 3485/3997/3485 3466/3977/3466
f 3485/3997/3485 3486/3998/3486 3466/3977/3466
f 3467/3978/3467 3466/3977/3466 3487/3999/3487
f 3466/3977/3466 3486/3998/3486 3487/3999/3487
f 3468/3979/3468 3467/3978/3467 3488/4000/3488
f 3467/3978/3467 3487/3999/3487 3488/4000/3488
f 3468/3979/3468 3488/4000/3488 3469/3980/3469
f 3488/4000/3488 3489/4001/3489 3469/3980/3469
f 3469/3980/3469 3489/4001/3489 3470/3981/3470
f 3489/4001/3489 3490/4002/3490 3470/3981/3470
f 3470/3981/3470 3490/4002/3490 3471/3982/3471
f 3490/4002/3490 3491/4003/3491 3471/3982/3471
f 3472/3983/3472 3471/3982/3471 3492/4004/3492
f 3471/3982/3471 3491/4003/3491 3492/4004/3492
f 3473/3984/3473 3472/3983/3472 3493/4005/3493
f 3472/3983/3472 3492/4004/3492 3493/4005/3493
f 3474/3985/3474 3473/3984/3473 3494/4006/3494
f 3473/3984/3473 3493/4005/3493 3494/4006/3494
f 3474/3985/3474 3494/4006/3494 3475/3986/3475
f 3494/4006/3494 3495/4007/3495 3475/3986/3475
f 3475/3986/3475 3495/4007/3495 3476/3987/3476
f 3495/4007/3495 3496/4008/3496 3476/3987/3476
f 3457/3988/3458 3476/3987/3476 3477/4009/3478
f 3476/3987/3476 3496/4008/3496 3477/4009/3478
f 3477/3990/3478 3497/4010/3497 3478/3989/3477
f 3497/4010/3497 3498/4011/3498 3478/3989/3477
f 3478/3989/3477 3498/4011/3498 3479/3991/3479
f 3498/4011/3498 3499/4012/3499 3479/3991/3479
f 3479/3991/3479 3499/4012/3499 3480/3992/3480
f 3499/4012/3499 3500/4013/3500 3480/3992/3480
f 3480/3992/3480 3500/4013/3500 3481/3993/3481
f 3500/4013/3500 3501/4014/3501 3481/3993/3481
f 3482/3994/3482 3481/3993/3481 3502/4015/3502
f 3481/3993/3481 3501/4014/3501 3502/4015/3502
f 3483/3995/3483 3482/3994/3482 3503/4016/3503
f 3482/3994/3482 3502/4015/3502 3503/4016/3503
f 3484/3996/3484 3483/3995/3483 3504/4017/3504
f 3483/3995/3483 3503/4016/3503 3504/4017/3504
f 3485/3997/3485 3484/3996/3484 3505/4018/3505
f 3484/3996/3484 3504/4017/3504 3505/4018/3505
f 3486/3998/3486 3485/3997/3485 3506/4019/3506
f 3485/3997/3485 3505/4018/3505 3506/4019/3506
f 3486/3998/3486 3506/4019/3506 3487/3999/3487
f 3506/4019/3506 3507/4020/3507 3487/3999/3487
f 3487/3999/3487 3507/4020/3507 3488/4000/3488
f 3507/4020/3507 3508/4021/3508 3488/4000/3488
f 3488/4000/3488 3508/4021/3508 3489/4001/3489
f 3508/4021/3508 3509/4022/3509 3489/4001/3489
f 3489/4001/3489 3509/4022/3509 3490/4002/3490
f 3509/4022/3509 3510/4023/3510 3490/4002/3490
f 3490/4002/3490 3510/4023/3510 3491/4003/3491
f 3510/4023/3510 3511/4024/3511 3491/4003/3491
f 3492/4004/3492 3491/4003/3491 3512/4025/3512
f 3491/4003/3491 3511/4024/3511 3512/4025/3512
f 3493/4005/3493 3492/4004/3492 3513/4026/3513
f 3492/4004/3492 3512/4025/3512 3513/4026/3513
f 3494/4006/3494 3493/4005/3493 3514/4027/3514
f 3493/4005/3493 3513/4026/3513 3514/4027/3514
f 3495/4007/3495 3494/4006/3494 3515/4028/3515
f 3494/4006/3494 3514/4027/3514 3515/4028/3515
f 3496/4008/3496 3495/4007/3495 3516/4029/3516
f 3495/4007/3495 3515/4028/3515 3516/4029/3516
f 3496/4008/3496 3516/4029/3516 3477/4009/3478
f 3516/4029/3516 3497/4030/3497 3477/4009/3478
f 3497/4010/3497 3517/4031/3517 3498/4011/3498
f 3517/4031/3517 3518/4032/3518 3498/4011/3498
f 3498/4011/3498 3518/4032/3518 3499/4012/3499
f 3518/4032/3518 3519/4033/3519 3499/4012/3499
f 3499/4012/3499 3519/4033/3519 3500/4013/3500
f 3519/4033/3519 3520/4034/3520 3500/4013/3500
f 3500/4013/3500 3520/4034/3520 3501/4014/3501
f 3520/4034/3520 3521/4035/3521 3501/4014/3501
f 3502/4015/3502 3501/4014/3501 3522/4036/3522
f 3501/4014/3501 3521/4035/3521 3522/4036/3522
f 3503/4016/3503 3502/4015/3502 3523/4037/3523
f 3502/4015/3502 3522/4036/3522 3523/4037/3523
f 3504/4017/3504 3503/4016/3503 3524/4038/3524
f 3503/4016/3503 3523/4037/3523 3524/4038/3524
f 3505/4018/3505 3504/4017/3504 3525/4039/3525
f 3504/4017/3504 3524/4038/3524 3525/4039/3525
f 3506/4019/3506 3505/4018/3505 3526/4040/3526
f 3505/4018/3505 3525/4039/3525 3526/4040/3526
f 3506/4019/3506 3526/4040/3526 3507/4020/3507
f 3526/4040/3526 3527/4041/3527 3507/4020/3507
f 3507/4020/3507 3527/4041/3527 3508/4021/3508
f 3527/4041/3527 3528/4042/3528 3508/4021/3508
f 3508/4021/3508 3528/4042/3528 3509/4022/3509
f 3528/4042/3528 3529/4043/3529 3509/4022/3509
f 3509/4022/3509 3529/4043/3529 3510/4023/3510
f 3529/4043/3529 3530/4044/3530 3510/4023/3510
f 3510/4023/3510 3530/4044/3530 3511/4024/3511
f 3530/4044/3530 3531/4045/3531 3511/4024/3511
f 3512/4025/3512 3511/4024/3511 3532/4046/3532
f 3511/4024/3511 3531/4045/3531 3532/4046/3532
f 3513/4026/3513 3512/4025/3512 3533/4047/3533
f 3512/4025/3512 3532/4046/3532 3533/4047/3533
f 3514/4027/3514 3513/4026/3513 3534/4048/3534
f 3513/4026/3513 3533/4047/3533 3534/4048/3534
f 3515/4028/3515 3514/4027/3514 3535/4049/3535
f 3514/4027/3514 3534/4048/3534 3535/4049/3535
f 3516/4029/3516 3515/4028/3515 3536/4050/3536
f 3515/4028/3515 3535/4049/3535 3536/4050/3536
f 3516/4029/3516 3536/4050/3536 3497/4030/3497
f 3536/4050/3536 3517/4051/3517 3497/4030/3497
f 3517/4031/3517 3537/4052/3537 3518/4032/3518
f 3537/4052/3537 3538/4053/3538 3518/4032/3518
f 3518/4032/3518 3538/4053/3538 3519/4033/3519
f 3538/4053/3538 3539/4054/3539 3519/4033/3519
f 3519/4033/3519 3539/4054/3539 3520/4034/3520
f 3539/4054/3539 3540/4055/3540 3520/4034/3520
f 3520/4034/3520 3540/4055/3540 3521/4035/3521
f 3540/4055/3540 3541/4056/3541 3521/4035/3521
f 3522/4036/3522 3521/4035/3521 3542/4057/3542
f 3521/4035/3521 3541/4056/3541 3542/4057/3542
f 3523/4037/3523 3522/4036/3522 3543/4058/3543
f 3522/4036/3522 3542/4057/3542 3543/4058/3543
f 3524/4038/3524 3523/4037/3523 3544/4059/3544
f 3523/4037/3523 3543/4058/3543 3544/4059/3544
f 3525/4039/3525 3524/4038/3524 3545/4060/3545
f 3524/4038/3524 3544/4059/3544 3545/4060/3545
f 3526/4040/3526 3525/4039/3525 3546/4061/3546
f 3525/4039/3525 3545/4060/3545 3546/4061/3546
f 3526/4040/3526 3546/4061/3546 3527/4041/3527
f 3546/4061/3546 3547/4062/3547 3527/4041/3527
f 3527/4041/3527 3547/4062/3547 3528/4042/3528
f 3547/4062/3547 3548/4063/3548 3528/4042/3528
f 3528/4042/3528 3548/4063/3548 3529/4043/3529
f 3548/4063/3548 3549/4064/3549 3529/4043/3529
f 3529/4043/3529 3549/4064/3549 3530/4044/3530
f 3549/4064/3549 3550/4065/3550 3530/4044/3530
f 3530/4044/3530 3550/4065/3550 3531/4045/3531
f 3550/4065/3550 3551/4066/3551 3531/4045/3531
f 3532/4046/3532 3531/4045/3531 3552/4067/3552
f 3531/4045/3531 3551/4066/3551 3552/4067/3552
f 3533/4047/3533 3532/4046/3532 3553/4068/3553
f 3532/4046/3532 3552/4067/3552 3553/4068/3553
f 3534/4048/3534 3533/4047/3533 3554/4069/3554
f 3533/4047/3533 3553/4068/3553 3554/4069/3554
f 3535/4049/3535 3534/4048/3534 3555/4070/3555
f 3534/4048/3534 3554/4069/3554 3555/4070/3555
f 3536/4050/3536 3535/4049/3535 3556/4071/3556
f 3535/4049/3535 3555/4070/3555 3556/4071/3556
f 3536/4050/3536 3556/4071/3556 3517/4051/3517
f 3556/4071/3556 3537/4072/3537 3517/4051/3517
f 3537/4052/3537 3557/4073/3557 3538/4053/3538
f 3557/4073/3557 3558/4074/3558 3538/4053/3538
f 3538/4053/3538 3558/4074/3558 3539/4054/3539
f 3558/4074/3558 3559/4075/3559 3539/4054/3539
f 3539/4054/3539 3559/4075/3559 3540/4055/3540
f 3559/4075/3559 3560/4076/3560 3540/4055/3540
f 3540/4055/3540 3560/4076/3560 3541/4056/3541
f 3560/4076/3560 3561/4077/3561 3541/4056/3541
f 3542/4057/3542 3541/4056/3541 3562/4078/3562
f 3541/4056/3541 3561/4077/3561 3562/4078/3562
f 3543/4058/3543 3542/4057/3542 3563/4079/3563
f 3542/4057/3542 3562/4078/3562 3563/4079/3563
f 3544/4059/3544 3543/4058/3543 3564/4080/3564
f 3543/4058/3543 3563/4079/3563 3564/4080/3564
f 3545/4060/3545 3544/4059/3544 3565/4081/3565
f 3544/4059/3544 3564/4080/3564 3565/4081/3565
f 3546/4061/3546 3545/4060/3545 3566/4082/3566
f 3545/4060/3545 3565/4081/3565 3566/4082/3566
f 3546/4061/3546 3566/4082/3566 3547/4062/3547
f 3566/4082/3566 3567/4083/3567 3547/4062/3547
f 3547/4062/3547 3567/4083/3567 3548/4063/3548
f 3567/4083/3567 3568/4084/3568 3548/4063/3548
f 3548/4063/3548 3568/4084/3568 3549/4064/3549
f 3568/4084/3568 3569/4085/3569 3549/4064/3549
f 3549/4064/3549 3569/4085/3569 3550/4065/3550
f 3569/4085/3569 3570/4086/3570 3550/4065/3550
f 3550/4065/3550 3570/4086/3570 3551/4066/3551
f 3570/4086/3570 3571/4087/3571 3551/4066/3551
f 3552/4067/3552 3551/4066/3551 3572/4088/3572
f 3551/4066/3551 3571/4087/3571 3572/4088/3572
f 3553/4068/3553 3552/4067/3552 3573/4089/3573
f 3552/4067/3552 3572/4088/3572 3573/4089/3573
f 3554/4069/3554 3553/4068/3553 3574/4090/3574
f 3553/4068/3553 3573/4089/3573 3574/4090/3574
f 3555/4070/3555 3554/4069/3554 3575/4091/3575
f 3554/4069/3554 3574/4090/3574 3575/4091/3575
f 3556/4071/3556 3555/4070/3555 3576/4092/3576
f 3555/4070/3555 3575/4091/3575 3576/4092/3576
f 3556/4071/3556 3576/4092/3576 3537/4072/3537
f 3576/4092/3576 3557/4093/3557 3537/4072/3537
f 3557/4073/3557 3577/4094/3577 3558/4074/3558
f 3577/4094/3577 3578/4095/3578 3558/4074/3558
f 3558/4074/3558 3578/4095/3578 3559/4075/3559
f 3578/4095/3578 3579/4096/3579 3559/4075/3559
f 3559/4075/3559 3579/4096/3579 3560/4076/3560
f 3579/4096/3579 3580/4097/3580 3560/4076/3560
f 3560/4076/3560 3580/4097/3580 3561/4077/3561
f 3580/4097/3580 3581/4098/3581 3561/4077/3561
f 3562/4078/3562 3561/4077/3561 3582/4099/3582
f 3561/4077/3561 3581/4098/3581 3582/4099/3582
f 3563/4079/3563 3562/4078/3562 3583/4100/3583
f 3562/4078/3562 3582/4099/3582 3583/4100/3583
f 3564/4080/3564 3563/4079/3563 3584/4101/3584
f 3563/4079/3563 3583/4100/3583 3584/4101/3584
f 3565/4081/3565 3564/4080/3564 3585/4102/3585
f 3564/4080/3564 3584/4101/3584 3585/4102/3585
f 3565/4081/3565 3585/4102/3585 3566/4082/3566
f 3585/4102/3585 3586/4103/3586 3566/4082/3566
f 3566/4082/3566 3586/4103/3586 3567/4083/3567
f 3586/4103/3586 3587/4104/3587 3567/4083/3567
f 3567/4083/3567 3587/4104/3587 3568/4084/3568
f 3587/4104/3587 3588/4105/3588 3568/4084/3568
f 3568/4084/3568 3588/4105/3588 3569/4085/3569
f 3588/4105/3588 3589/4106/3589 3569/4085/3569
f 3569/4085/3569 3589/4106/3589 3570/4086/3570
f 3589/4106/3589 3590/4107/3590 3570/4086/3570
f 3570/4086/3570 3590/4107/3590 3571/4087/3571
f 3590/4107/3590 3591/4108/3591 3571/4087/3571
f 3572/4088/3572 3571/4087/3571 3592/4109/3592
f 3571/4087/3571 3591/4108/3591 3592/4109/3592
f 3573/4089/3573 3572/4088/3572 3593/4110/3593
f 3572/4088/3572 3592/4109/3592 3593/4110/3593
f 3574/4090/3574 3573/4089/3573 3594/4111/3594
f 3573/4089/3573 3593/4110/3593 3594/4111/3594
f 3575/4091/3575 3574/4090/3574 3595/4112/3595
f 3574/4090/3574 3594/4111/3594 3595/4112/3595
f 3575/4091/3575 3595/4112/3595 3576/4092/3576
f 3595/4112/3595 3596/4113/3596 3576/4092/3576
f 3576/4092/3576 3596/4113/3596 3557/4093/3557
f 3596/4113/3596 3577/4114/3577 3557/4093/3557
f 3577/4094/3577 3597/4115/3597 3578/4095/3578
f 3597/4115/3597 3598/4116/3598 3578/4095/3578
f 3578/4095/3578 3598/4116/3598 3579/4096/3579
f 3598/4116/3598 3599/4117/3599 3579/4096/3579
f 3579/4096/3579 3599/4117/3599 3580/4097/3580
f 3599/4117/3599 3600/4118/3600 3580/4097/3580
f 3580/4097/3580 3600/4118/3600 3581/4098/3581
f 3600/4118/3600 3601/4119/3601 3581/4098/3581
f 3582/4099/3582 3581/4098/3581 3602/4120/3602
f 3581/4098/3581 3601/4119/3601 3602/4120/3602
f 3583/4100/3583 3582/4099/3582 3603/4121/3603
f 3582/4099/3582 3602/4120/3602 3603/4121/3603
f 3584/4101/3584 3583/4100/3583 3604/4122/3604
f 3583/4100/3583 3603/4121/3603 3604/4122/3604
f 3585/4102/3585 3584/4101/3584 3605/4123/3605
f 3584/4101/3584 3604/4122/3604 3605/4123/3605
f 3585/4102/3585 3605/4123/3605 3586/4103/3586
f 3605/4123/3605 3606/4124/3606 3586/4103/3586
f 3586/4103/3586 3606/4124/3606 3587/4104/3587
f 3606/4124/3606 3607/4125/3607 3587/4104/3587
f 3587/4104/3587 3607/4125/3607 3588/4105/3588
f 3607/4125/3607 3608/4126/3608 3588/4105/3588
f 3588/4105/3588 3608/4126/3608 3589/4106/3589
f 3608/4126/3608 3609/4127/3609 3589/4106/3589
f 3589/4106/3589 3609/4127/3609 3590/4107/3590
f 3609/4127/3609 3610/4128/3610 3590/4107/3590
f 3590/4107/3590 3610/4128/3610 3591/4108/3591
f 3610/4128/3610 3611/4129/3611 3591/4108/3591
f 3592/4109/3592 3591/4108/3591 3612/4130/3612
f 3591/4108/3591 3611/4129/3611 3612/4130/3612
f 3593/4110/3593 3592/4109/3592 3613/4131/3613
f 3592/4109/3592 3612/4130/3612 3613/4131/3613
f 3594/4111/3594 3593/4110/3593 3614/4132/3614
f 3593/4110/3593 3613/4131/3613 3614/4132/3614
f 3595/4112/3595 3594/4111/3594 3615/4133/3615
f 3594/4111/3594 3614/4132/3614 3615/4133/3615
f 3595/4112/3595 3615/4133/3615 3596/4113/3596
f 3615/4133/3615 3616/4134/3616 3596/4113/3596
f 3596/4113/3596 3616/4134/3616 3577/4114/3577
f 3616/4134/3616 3597/4135/3597 3577/4114/3577
f 3597/4115/3597 3617/4136/3617 3598/4116/3598
f 3617/4136/3617 3618/4137/3618 3598/4116/3598
f 3598/4116/3598 3618/4137/3618 3599/4117/3599
f 3618/4137/3618 3619/4138/3619 3599/4117/3599
f 3599/4117/3599 3619/4138/3619 3600/4118/3600
f 3619/4138/3619 3620/4139/3620 3600/4118/3600
f 3600/4118/3600 3620/4139/3620 3601/4119/3601
f 3620/4139/3620 3621/4140/3621 3601/4119/3601
f 3602/4120/3602 3601/4119/3601 3622/4141/3622
f 3601/4119/3601 3621/4140/3621 3622/4141/3622
f 3603/4121/3603 3602/4120/3602 3623/4142/3623
f 3602/4120/3602 3622/4141/3622 3623/4142/3623
f 3604/4122/3604 3603/4121/3603 3624/4143/3624
f 3603/4121/3603 3623/4142/3623 3624/4143/3624
f 3605/4123/3605 3604/4122/3604 3625/4144/3625
f 3604/4122/3604 3624/4143/3624 3625/4144/3625
f 3605/4123/3605 3625/4144/3625 3606/4124/3606
f 3625/4144/3625 3626/4145/3626 3606/4124/3606
f 3606/4124/3606 3626/4145/3626 3607/4125/3607
f 3626/4145/3626 3627/4146/3627 3607/4125/3607
f 3607/4125/3607 3627/4146/3627 3608/4126/3608
f 3627/4146/3627 3628/4147/3628 3608/4126/3608
f 3608/4126/3608 3628/4147/3628 3609/4127/3609
f 3628/4147/3628 3629/4148/3629 3609/4127/3609
f 3609/4127/3609 3629/4148/3629 3610/4128/3610
f 3629/4148/3629 3630/4149/3630 3610/4128/3610
f 3610/4128/3610 3630/4149/3630 3611/4129/3611
f 3630/4149/3630 3631/4150/3631 3611/4129/3611
f 3612/4130/3612 3611/4129/3611 3632/4151/3632
f 3611/4129/3611 3631/4150/3631 3632/4151/3632
f 3613/4131/3613 3612/4130/3612 3633/4152/3633
f 3612/4130/3612 3632/4151/3632 3633/4152/3633
f 3614/4132/3614 3613/4131/3613 3634/4153/3634
f 3613/4131/3613 3633/4152/3633 3634/4153/3634
f 3615/4133/3615 3614/4132/3614 3635/4154/3635
f 3614/4132/3614 3634/4153/3634 3635/4154/3635
f 3615/4133/3615 3635/4154/3635 3616/4134/3616
f 3635/4154/3635 3636/4155/3636 3616/4134/3616
f 3616/4134/3616 3636/4155/3636 3597/4135/3597
f 3636/4155/3636 3617/4156/3617 3597/4135/3597
f 3617/4136/3617 3637/4157/3637 3618/4137/3618
f 3637/4157/3637 3638/4158/3638 3618/4137/3618
f 3618/4137/3618 3638/4158/3638 3619/4138/3619
f 3638/4158/3638 3639/4159/3639 3619/4138/3619
f 3619/4138/3619 3639/4159/3639 3620/4139/3620
f 3639/4159/3639 3640/4160/3640 3620/4139/3620
f 3620/4139/3620 3640/4160/3640 3621/4140/3621
f 3640/4160/3640 3641/4161/3641 3621/4140/3621
f 3622/4141/3622 3621/4140/3621 3642/4162/3642
f 3621/4140/3621 3641/4161/3641 3642/4162/3642
f 3623/4142/3623 3622/4141/3622 3643/4163/3643
f 3622/4141/3622 3642/4162/3642 3643/4163/3643
f 3624/4143/3624 3623/4142/3623 3644/4164/3644
f 3623/4142/3623 3643/4163/3643 3644/4164/3644
f 3625/4144/3625 3624/4143/3624 3645/4165/3645
f 3624/4143/3624 3644/4164/3644 3645/4165/3645
f 3625/4144/3625 3645/4165/3645 3626/4145/3626
f 3645/4165/3645 3646/4166/3646 3626/4145/3626
f 3626/4145/3626 3646/4166/3646 3627/4146/3627
f 3646/4166/3646 3647/4167/3647 3627/4146/3627
f 3627/4146/3627 3647/4167/3647 3628/4147/3628
f 3647/4167/3647 3648/4168/3648 3628/4147/3628
f 3628/4147/3628 3648/4168/3648 3629/4148/3629
f 3648/4168/3648 3649/4169/3649 3629/4148/3629
f 3629/4148/3629 3649/4169/3649 3630/4149/3630
f 3649/4169/3649 3650/4170/3650 3630/4149/3630
f 3630/4149/3630 3650/4170/3650 3631/4150/3631
f 3650/4170/3650 3651/4171/3651 3631/4150/3631
f 3632/4151/3632 3631/4150/3631 3652/4172/3652
f 3631/4150/3631 3651/4171/3651 3652/4172/3652
f 3633/4152/3633 3632/4151/3632 3653/4173/3653
f 3632/4151/3632 3652/4172/3652 3653/4173/3653
f 3634/4153/3634 3633/4152/3633 3654/4174/3654
f 3633/4152/3633 3653/4173/3653 3654/4174/3654
f 3635/4154/3635 3634/4153/3634 3655/4175/3655
f 3634/4153/3634 3654/4174/3654 3655/4175/3655
f 3635/4154/3635 3655/4175/3655 3636/4155/3636
f 3655/4175/3655 3656/4176/3656 3636/4155/3636
f 3636/4155/3636 3656/4176/3656 3617/4156/3617
f 3656/4176/3656 3637/4177/3637 3617/4156/3617
f 3637/4157/3637 3657/4178/3657 3638/4158/3638
f 3657/4178/3657 3658/4179/3658 3638/4158/3638
f 3638/4158/3638 3658/4179/3658 3639/4159/3639
f 3658/4179/3658 3659/4180/3659 3639/4159/3639
f 3639/4159/3639 3659/4180/3659 3640/4160/3640
f 3659/4180/3659 3660/4181/3660 3640/4160/3640
f 3640/4160/3640 3660/4181/3660 3641/4161/3641
f 3660/4181/3660 3661/4182/3661 3641/4161/3641
f 3642/4162/3642 3641/4161/3641 3662/4183/3662
f 3641/4161/3641 3661/4182/3661 3662/4183/3662
f 3643/4163/3643 3642/4162/3642 3663/4184/3663
f 3642/4162/3642 3662/4183/3662 3663/4184/3663
f 3644/4164/3644 3643/4163/3643 3664/4185/3664
f 3643/4163/3643 3663/4184/3663 3664/4185/3664
f 3645/4165/3645 3644/4164/3644 3665/4186/3665
f 3644/4164/3644 3664/4185/3664 3665/4186/3665
f 3646/4166/3646 3645/4165/3645 3666/4187/3666
f 3645/4165/3645 3665/4186/3665 3666/4187/3666
f 3646/4166/3646 3666/4187/3666 3647/4167/3647
f 3666/4187/3666 3667/4188/3667 3647/4167/3647
f 3647/4167/3647 3667/4188/3667 3648/4168/3648
f 3667/4188/3667 3668/4189/3668 3648/4168/3648
f 3648/4168/3648 3668/4189/3668 3649/4169/3649
f 3668/4189/3668 3669/4190/3669 3649/4169/3649
f 3649/4169/3649 3669/4190/3669 3650/4170/3650
f 3669/4190/3669 3670/4191/3670 3650/4170/3650
f 3650/4170/3650 3670/4191/3670 3651/4171/3651
f 3670/4191/3670 3671/4192/3671 3651/4171/3651
f 3652/4172/3652 3651/4171/3651 3672/4193/3672
f 3651/4171/3651 3671/4192/3671 3672/4193/3672
f 3653/4173/3653 3652/4172/3652 3673/4194/3673
f 3652/4172/3652 3672/4193/3672 3673/4194/3673
f 3654/4174/3654 3653/4173/3653 3674/4195/3674
f 3653/4173/3653 3673/4194/3673 3674/4195/3674
f 3655/4175/3655 3654/4174/3654 3675/4196/3675
f 3654/4174/3654 3674/4195/3674 3675/4196/3675
f 3656/4176/3656 3655/4175/3655 3676/4197/3676
f 3655/4175/3655 3675/4196/3675 3676/4197/3676
f 3656/4176/3656 3676/4197/3676 3637/4177/3637
f 3676/4197/3676 3657/4198/3657 3637/4177/3637
f 3657/4178/3657 3677/4199/3677 3658/4179/3658
f 3677/4199/3677 3678/4200/3678 3658/4179/3658
f 3658/4179/3658 3678/4200/3678 3659/4180/3659
f 3678/4200/3678 3679/4201/3679 3659/4180/3659
f 3659/4180/3659 3679/4201/3679 3660/4181/3660
f 3679/4201/3679 3680/4202/3680 3660/4181/3660
f 3660/4181/3660 3680/4202/3680 3661/4182/3661
f 3680/4202/3680 3681/4203/3681 3661/4182/3661
f 3662/4183/3662 3661/4182/3661 3682/4204/3682
f 3661/4182/3661 3681/4203/3681 3682/4204/3682
f 3663/4184/3663 3662/4183/3662 3683/4205/3683
f 3662/4183/3662 3682/4204/3682 3683/4205/3683
f 3664/4185/3664 3663/4184/3663 3684/4206/3684
f 3663/4184/3663 3683/4205/3683 3684/4206/3684
f 3665/4186/3665 3664/4185/3664 3685/4207/3685
f 3664/4185/3664 3684/4206/3684 3685/4207/3685
f 3666/4187/3666 3665/4186/3665 3686/4208/3686
f 3665/4186/3665 3685/4207/3685 3686/4208/3686
f 3666/4187/3666 3686/4208/3686 3667/4188/3667
f 3686/4208/3686 3687/4209/3687 3667/4188/3667
f 3667/4188/3667 3687/4209/3687 3668/4189/3668
f 3687/4209/3687 3688/4210/3688 3668/4189/3668
f 3668/4189/3668 3688/4210/3688 3669/4190/3669
f 3688/4210/3688 3689/4211/3689 3669/4190/3669
f 3669/4190/3669 3689/4211/3689 3670/4191/3670
f 3689/4211/3689 3690/4212/3690 3670/4191/3670
f 3670/4191/3670 3690/4212/3690 3671/4192/3671
f 3690/4212/3690 3691/4213/3691 3671/4192/3671
f 3672/4193/3672 3671/4192/3671 3692/4214/3692
f 3671/4192/3671 3691/4213/3691 3692/4214/3692
f 3673/4194/3673 3672/4193/3672 3693/4215/3693
f 3672/4193/3672 3692/4214/3692 3693/4215/3693
f 3674/4195/3674 3673/4194/3673 3694/4216/3694
f 3673/4194/3673 3693/4215/3693 3694/4216/3694
f 3675/4196/3675 3674/4195/3674 3695/4217/3695
f 3674/4195/3674 3694/4216/3694 3695/4217/3695
f 3676/4197/3676 3675/4196/3675 3696/4218/3696
f 3675/4196/3675 3695/4217/3695 3696/4218/3696
f 3676/4197/3676 3696/4218/3696 3657/4198/3657
f 3696/4218/3696 3677/4219/3677 3657/4198/3657
f 3677/4199/3677 3697/4220/3697 3678/4200/3678
f 3697/4220/3697 3698/4221/3698 3678/4200/3678
f 3678/4200/3678 3698/4221/3698 3679/4201/3679
f 3698/4221/3698 3699/4222/3699 3679/4201/3679
f 3679/4201/3679 3699/4222/3699 3680/4202/3680
f 3699/4222/3699 3700/4223/3700 3680/4202/3680
f 3680/4202/3680 3700/4223/3700 3681/4203/3681
f 3700/4223/3700 3701/4224/3701 3681/4203/3681
f 3682/4204/3682 3681/4203/3681 3702/4225/3702
f 3681/4203/3681 3701/4224/3701 3702/4225/3702
f 3683/4205/3683 3682/4204/3682 3703/4226/3703
f 3682/4204/3682 3702/4225/3702 3703/4226/3703
f 3684/4206/3684 3683/4205/3683 3704/4227/3704
f 3683/4205/3683 3703/4226/3703 3704/4227/3704
f 3685/4207/3685 3684/4206/3684 3705/4228/3705
f 3684/4206/3684 3704/4227/3704 3705/4228/3705
f 3686/4208/3686 3685/4207/3685 3706/4229/3706
f 3685/4207/3685 3705/4228/3705 3706/4229/3706
f 3686/4208/3686 3706/4229/3706 3687/4209/3687
f 3706/4229/3706 3707/4230/3707 3687/4209/3687
f 3687/4209/3687 3707/4230/3707 3688/4210/3688
f 3707/4230/3707 3708/4231/3708 3688/4210/3688
f 3688/4210/3688 3708/4231/3708 3689/4211/3689
f 3708/4231/3708 3709/4232/3709 3689/4211/3689
f 3689/4211/3689 3709/4232/3709 3690/4212/3690
f 3709/4232/3709 3710/4233/3710 3690/4212/3690
f 3690/4212/3690 3710/4233/3710 3691/4213/3691
f 3710/4233/3710 3711/4234/3711 3691/4213/3691
f 3692/4214/3692 3691/4213/3691 3712/4235/3712
f 3691/4213/3691 3711/4234/3711 3712/4235/3712
f 3693/4215/3693 3692/4214/3692 3713/4236/3713
f 3692/4214/3692 3712/4235/3712 3713/4236/3713
f 3694/4216/3694 3693/4215/3693 3714/4237/3714
f 3693/4215/3693 3713/4236/3713 3714/4237/3714
f 3695/4217/3695 3694/4216/3694 3715/4238/3715
f 3694/4216/3694 3714/4237/3714 3715/4238/3715
f 3696/4218/3696 3695/4217/3695 3716/4239/3716
f 3695/4217/3695 3715/4238/3715 3716/4239/3716
f 3696/4218/3696 3716/4239/3716 3677/4219/3677
f 3716/4239/3716 3697/4240/3697 3677/4219/3677
f 3697/4220/3697 3717/4241/3717 3698/4221/3698
f 3717/4241/3717 3718/4242/3718 3698/4221/3698
f 3698/4221/3698 3718/4242/3718 3699/4222/3699
f 3718/4242/3718 3719/4243/3719 3699/4222/3699
f 3699/4222/3699 3719/4243/3719 3700/4223/3700
f 3719/4243/3719 3720/4244/3720 3700/4223/3700
f 3700/4223/3700 3720/4244/3720 3701/4224/3701
f 3720/4244/3720 3721/4245/3721 3701/4224/3701
f 3702/4225/3702 3701/4224/3701 3722/4246/3722
f 3701/4224/3701 3721/4245/3721 3722/4246/3722
f 3703/4226/3703 3702/4225/3702 3723/4247/3723
f 3702/4225/3702 3722/4246/3722 3723/4247/3723
f 3704/4227/3704 3703/4226/3703 3724/4248/3724
f 3703/4226/3703 3723/4247/3723 3724/4248/3724
f 3705/4228/3705 3704/4227/3704 3725/4249/3725
f 3704/4227/3704 3724/4248/3724 3725/4249/3725
f 3706/4229/3706 3705/4228/3705 3726/4250/3726
f 3705/4228/3705 3725/4249/3725 3726/4250/3726
f 3706/4229/3706 3726/4250/3726 3707/4230/3707
f 3726/4250/3726 3727/4251/3727 3707/4230/3707
f 3707/4230/3707 3727/4251/3727 3708/4231/3708
f 3727/4251/3727 3728/4252/3728 3708/4231/3708
f 3708/4231/3708 3728/4252/3728 3709/4232/3709
f 3728/4252/3728 3729/4253/3729 3709/4232/3709
f 3709/4232/3709 3729/4253/3729 3710/4233/3710
f 3729/4253/3729 3730/4254/3730 3710/4233/3710
f 3710/4233/3710 3730/4254/3730 3711/4234/3711
f 3730/4254/3730 3731/4255/3731 3711/4234/3711
f 3712/4235/3712 3711/4234/3711 3732/4256/3732
f 3711/4234/3711 3731/4255/3731 3732/4256/3732
f 3713/4236/3713 3712/4235/3712 3733/4257/3733
f 3712/4235/3712 3732/4256/3732 3733/4257/3733
f 3714/4237/3714 3713/4236/3713 3734/4258/3734
f 3713/4236/3713 3733/4257/3733 3734/4258/3734
f 3715/4238/3715 3714/4237/3714 3735/4259/3735
f 3714/4237/3714 3734/4258/3734 3735/4259/3735
f 3716/4239/3716 3715/4238/3715 3736/4260/3736
f 3715/4238/3715 3735/4259/3735 3736/4260/3736
f 3716/4239/3716 3736/4260/3736 3697/4240/3697
f 3736/4260/3736 3717/4261/3717 3697/4240/3697
f 3717/4241/3717 3737/4262/3737 3718/4242/3718
f 3737/4262/3737 3738/4263/3738 3718/4242/3718
f 3718/4242/3718 3738/4263/3738 3719/4243/3719
f 3738/4263/3738 3739/4264/3739 3719/4243/3719
f 3719/4243/3719 3739/4264/3739 3720/4244/3720
f 3739/4264/3739 3740/4265/3740 3720/4244/3720
f 3720/4244/3720 3740/4265/3740 3721/4245/3721
f 3740/4265/3740 3741/4266/3741 3721/4245/3721
f 3722/4246/3722 3721/4245/3721 3742/4267/3742
f 3721/4245/3721 3741/4266/3741 3742/4267/3742
f 3723/4247/3723 3722/4246/3722 3743/4268/3743
f 3722/4246/3722 3742/4267/3742 3743/4268/3743
f 3724/4248/3724 3723/4247/3723 3744/4269/3744
f 3723/4247/3723 3743/4268/3743 3744/4269/3744
f 3725/4249/3725 3724/4248/3724 3745/4270/3745
f 3724/4248/3724 3744/4269/3744 3745/4270/3745
f 3726/4250/3726 3725/4249/3725 3746/4271/3746
f 3725/4249/3725 3745/4270/3745 3746/4271/3746
f 3726/4250/3726 3746/4271/3746 3727/4251/3727
f 3746/4271/3746 3747/4272/3747 3727/4251/3727
f 3727/4251/3727 3747/4272/3747 3728/4252/3728
f 3747/4272/3747 3748/4273/3748 3728/4252/3728
f 3728/4252/3728 3748/4273/3748 3729/4253/3729
f 3748/4273/3748 3749/4274/3749 3729/4253/3729
f 3729/4253/3729 3749/4274/3749 3730/4254/3730
f 3749/4274/3749 3750/4275/3750 3730/4254/3730
f 3730/4254/3730 3750/4275/3750 3731/4255/3731
f 3750/4275/3750 3751/4276/3751 3731/4255/3731
f 3732/4256/3732 3731/4255/3731 3752/4277/3752
f 3731/4255/3731 3751/4276/3751 3752/4277/3752
f 3733/4257/3733 3732/4256/3732 3753/4278/3753
f 3732/4256/3732 3752/4277/3752 3753/4278/3753
f 3734/4258/3734 3733/4257/3733 3754/4279/3754
f 3733/4257/3733 3753/4278/3753 3754/4279/3754
f 3735/4259/3735 3734/4258/3734 3755/4280/3755
f 3734/4258/3734 3754/4279/3754 3755/4280/3755
f 3736/4260/3736 3735/4259/3735 3756/4281/3756
f 3735/4259/3735 3755/4280/3755 3756/4281/3756
f 3736/4260/3736 3756/4281/3756 3717/4261/3717
f 3756/4281/3756 3737/4282/3737 3717/4261/3717
f 3737/4262/3737 3757/4283/3757 3738/4263/3738
f 3757/4283/3757 3758/4284/3758 3738/4263/3738
f 3738/4263/3738 3758/4284/3758 3739/4264/3739
f 3758/4284/3758 3759/4285/3759 3739/4264/3739
f 3739/4264/3739 3759/4285/3759 3740/4265/3740
f 3759/4285/3759 3760/4286/3760 3740/4265/3740
f 3740/4265/3740 3760/4286/3760 3741/4266/3741
f 3760/4286/3760 3761/4287/3761 3741/4266/3741
f 3742/4267/3742 3741/4266/3741 3762/4288/3762
f 3741/4266/3741 3761/4287/3761 3762/4288/3762
f 3743/4268/3743 3742/4267/3742 3763/4289/3763
f 3742/4267/3742 3762/4288/3762 3763/4289/3763
f 3744/4269/3744 3743/4268/3743 3764/4290/3764
f 3743/4268/3743 3763/4289/3763 3764/4290/3764
f 3745/4270/3745 3744/4269/3744 3765/4291/3765
f 3744/4269/3744 3764/4290/3764 3765/4291/3765
f 3746/4271/3746 3745/4270/3745 3766/4292/3766
f 3745/4270/3745 3765/4291/3765 3766/4292/3766
f 3746/4271/3746 3766/4292/3766 3747/4272/3747
f 3766/4292/3766 3767/4293/3767 3747/4272/3747
f 3747/4272/3747 3767/4293/3767 3748/4273/3748
f 3767/4293/3767 3768/4294/3768 3748/4273/3748
f 3748/4273/3748 3768/4294/3768 3749/4274/3749
f 3768/4294/3768 3769/4295/3769 3749/4274/3749
f 3749/4274/3749 3769/4295/3769 3750/4275/3750
f 3769/4295/3769 3770/4296/3770 3750/4275/3750
f 3750/4275/3750 3770/4296/3770 3751/4276/3751
f 3770/4296/3770 3771/4297/3771 3751/4276/3751
f 3752/4277/3752 3751/4276/3751 3772/4298/3772
f 3751/4276/3751 3771/4297/3771 3772/4298/3772
f 3753/4278/3753 3752/4277/3752 3773/4299/3773
f 3752/4277/3752 3772/4298/3772 3773/4299/3773
f 3754/4279/3754 3753/4278/3753 3774/4300/3774
f 3753/4278/3753 3773/4299/3773 3774/4300/3774
f 3755/4280/3755 3754/4279/3754 3775/4301/3775
f 3754/4279/3754 3774/4300/3774 3775/4301/3775
f 3756/4281/3756 3755/4280/3755 3776/4302/3776
f 3755/4280/3755 3775/4301/3775 3776/4302/3776
f 3756/4281/3756 3776/4302/3776 3737/4282/3737
f 3776/4302/3776 3757/4303/3757 3737/4282/3737
f 3757/4283/3757 3777/4304/3777 3758/4284/3758
f 3777/4304/3777 3778/4305/3778 3758/4284/3758
f 3758/4284/3758 3778/4305/3778 3759/4285/3759
f 3778/4305/3778 3779/4306/3779 3759/4285/3759
f 3759/4285/3759 3779/4306/3779 3760/4286/3760
f 3779/4306/3779 3780/4307/3780 3760/4286/3760
f 3760/4286/3760 3780/4307/3780 3761/4287/3761
f 3780/4307/3780 3781/4308/3781 3761/4287/3761
f 3762/4288/3762 3761/4287/3761 3782/4309/3782
f 3761/4287/3761 3781/4308/3781 3782/4309/3782
f 3763/4289/3763 3762/4288/3762 3783/4310/3783
f 3762/4288/3762 3782/4309/3782 3783/4310/3783
f 3764/4290/3764 3763/4289/3763 3784/4311/3784
f 3763/4289/3763 3783/4310/3783 3784/4311/3784
f 3765/4291/3765 3764/4290/3764 3785/4312/3785
f 3764/4290/3764 3784/4311/3784 3785/4312/3785
f 3766/4292/3766 3765/4291/3765 3786/4313/3786
f 3765/4291/3765 3785/4312/3785 3786/4313/3786
f 3766/4292/3766 3786/4313/3786 3767/4293/3767
f 3786/4313/3786 3787/4314/3787 3767/4293/3767
f 3767/4293/3767 3787/4314/3787 3768/4294/3768
f 3787/4314/3787 3788/4315/3788 3768/4294/3768
f 3768/4294/3768 3788/4315/3788 3769/4295/3769
f 3788/4315/3788 3789/4316/3789 3769/4295/3769
f 3769/4295/3769 3789/4316/3789 3770/4296/3770
f 3789/4316/3789 3790/4317/3790 3770/4296/3770
f 3770/4296/3770 3790/4317/3790 3771/4297/3771
f 3790/4317/3790 3791/4318/3791 3771/4297/3771
f 3772/4298/3772 3771/4297/3771 3792/4319/3792
f 3771/4297/3771 3791/4318/3791 3792/4319/3792
f 3773/4299/3773 3772/4298/3772 3793/4320/3793
f 3772/4298/3772 3792/4319/3792 3793/4320/3793
f 3774/4300/3774 3773/4299/3773 3794/4321/3794
f 3773/4299/3773 3793/4320/3793 3794/4321/3794
f 3775/4301/3775 3774/4300/3774 3795/4322/3795
f 3774/4300/3774 3794/4321/3794 3795/4322/3795
f 3776/4302/3776 3775/4301/3775 3796/4323/3796
f 3775/4301/3775 3795/4322/3795 3796/4323/3796
f 3776/4302/3776 3796/4323/3796 3757/4303/3757
f 3796/4323/3796 3777/4324/3777 3757/4303/3757
f 3418/3926/3417 3797/4325/3797 3417/3928/3418
f 3419/3930/3421 3797/4326/3797 3418/3926/3417
f 3420/3932/3423 3797/4327/3797 3419/3930/3421
f 3421/3934/3425 3797/4328/3797 3420/3932/3423
f 3422/3936/3427 3797/4329/3797 3421/3934/3425
f 3423/3938/3429 3797/4330/3797 3422/3936/3427
f 3424/3940/3431 3797/4331/3797 3423/3938/3429
f 3425/3942/3433 3797/4332/3797 3424/3940/3431
f 3426/3944/3435 3797/4333/3797 3425/3942/3433
f 3427/3946/3437 3797/4334/3797 3426/3944/3435
f 3428/3948/3439 3797/4335/3797 3427/3946/3437
f 3429/3950/3441 3797/4336/3797 3428/3948/3439
f 3430/3952/3443 3797/4337/3797 3429/3950/3441
f 3431/3954/3445 3797/4338/3797 3430/3952/3443
f 3432/3956/3447 3797/4339/3797 3431/3954/3445
f 3433/3958/3449 3797/4340/3797 3432/3956/3447
f 3434/3960/3451 3797/4341/3797 3433/3958/3449
f 3435/3962/3453 3797/4342/3797 3434/3960/3451
f 3436/3964/3455 3797/4343/3797 3435/3962/3453
f 3417/3966/3418 3797/4344/3797 3436/3964/3455
f 3777/4304/3777 3798/4345/3798 3778/4305/3778
f 3778/4305/3778 3798/4346/3798 3779/4306/3779
f 3779/4306/3779 3798/4347/3798 3780/4307/3780
f 3780/4307/3780 3798/4348/3798 3781/4308/3781
f 3781/4308/3781 3798/4349/3798 3782/4309/3782
f 3782/4309/3782 3798/4350/3798 3783/4310/3783
f 3783/4310/3783 3798/4351/3798 3784/4311/3784
f 3784/4311/3784 3798/4352/3798 3785/4312/3785
f 3785/4312/3785 3798/4353/3798 3786/4313/3786
f 3786/4313/3786 3798/4354/3798 3787/4314/3787
f 3787/4314/3787 3798/4355/3798 3788/4315/3788
f 3788/4315/3788 3798/4356/3798 3789/4316/3789
f 3789/4316/3789 3798/4357/3798 3790/4317/3790
f 3790/4317/3790 3798/4358/3798 3791/4318/3791
f 3791/4318/3791 3798/4359/3798 3792/4319/3792
f 3792/4319/3792 3798/4360/3798 3793/4320/3793
f 3793/4320/3793 3798/4361/3798 3794/4321/3794
f 3794/4321/3794 3798/4362/3798 3795/4322/3795
f 3795/4322/3795 3798/4363/3798 3796/4323/3796
f 3796/4323/3796 3798/4364/3798 3777/4324/3777
