# This file uses centimeters as units for non-parametric coordinates.

mtllib car.mtl
g default
v -0.500000 0.028124 0.500000
v 0.500000 0.028124 0.500000
v -0.500000 0.228124 0.500000
v 0.500000 0.228124 0.500000
v -0.500000 0.228124 -0.500000
v 0.500000 0.228124 -0.500000
v -0.500000 0.028124 -0.500000
v 0.500000 0.028124 -0.500000
vt 0.375000 0.000000
vt 0.625000 0.000000
vt 0.375000 0.250000
vt 0.625000 0.250000
vt 0.375000 0.500000
vt 0.625000 0.500000
vt 0.375000 0.750000
vt 0.625000 0.750000
vt 0.375000 1.000000
vt 0.625000 1.000000
vt 0.875000 0.000000
vt 0.875000 0.250000
vt 0.125000 0.000000
vt 0.125000 0.250000
vn 0.000000 0.000000 1.000000
vn 0.000000 0.000000 1.000000
vn 0.000000 0.000000 1.000000
vn 0.000000 0.000000 1.000000
vn 0.000000 1.000000 0.000000
vn 0.000000 1.000000 0.000000
vn 0.000000 1.000000 0.000000
vn 0.000000 1.000000 0.000000
vn 0.000000 0.000000 -1.000000
vn 0.000000 0.000000 -1.000000
vn 0.000000 0.000000 -1.000000
vn 0.000000 0.000000 -1.000000
vn 0.000000 -1.000000 0.000000
vn 0.000000 -1.000000 0.000000
vn 0.000000 -1.000000 0.000000
vn 0.000000 -1.000000 0.000000
vn 1.000000 0.000000 0.000000
vn 1.000000 0.000000 0.000000
vn 1.000000 0.000000 0.000000
vn 1.000000 0.000000 0.000000
vn -1.000000 0.000000 0.000000
vn -1.000000 0.000000 0.000000
vn -1.000000 0.000000 0.000000
vn -1.000000 0.000000 0.000000
s 1
g pCube1
usemtl lambert14SG
f 1/1/1 2/2/2 3/3/3
f 3/3/3 2/2/2 4/4/4
s 2
f 3/3/5 4/4/6 5/5/7
f 5/5/7 4/4/6 6/6/8
s 3
f 5/5/9 6/6/10 7/7/11
f 7/7/11 6/6/10 8/8/12
s 4
f 7/7/13 8/8/14 1/9/15
f 1/9/15 8/8/14 2/10/16
s 5
f 2/2/17 8/11/18 4/4/19
f 4/4/19 8/11/18 6/12/20
s 6
f 7/13/21 1/1/22 5/14/23
f 5/14/23 1/1/22 3/3/24
g default
v -0.500000 -0.100000 1.500000
v 0.500000 -0.100000 1.500000
v -0.500000 0.100000 1.500000
v 0.500000 0.100000 1.500000
v -0.500000 0.100000 0.500000
v 0.500000 0.100000 0.500000
v -0.500000 -0.100000 0.500000
v 0.500000 -0.100000 0.500000
vt 0.375000 0.000000
vt 0.625000 0.000000
vt 0.375000 0.250000
vt 0.625000 0.250000
vt 0.375000 0.500000
vt 0.625000 0.500000
vt 0.375000 0.750000
vt 0.625000 0.750000
vt 0.375000 1.000000
vt 0.625000 1.000000
vt 0.875000 0.000000
vt 0.875000 0.250000
vt 0.125000 0.000000
vt 0.125000 0.250000
vn 0.000000 0.000000 1.000000
vn 0.000000 0.000000 1.000000
vn 0.000000 0.000000 1.000000
vn 0.000000 0.000000 1.000000
vn 0.000000 1.000000 0.000000
vn 0.000000 1.000000 0.000000
vn 0.000000 1.000000 0.000000
vn 0.000000 1.000000 0.000000
vn 0.000000 0.000000 -1.000000
vn 0.000000 0.000000 -1.000000
vn 0.000000 0.000000 -1.000000
vn 0.000000 0.000000 -1.000000
vn 0.000000 -1.000000 0.000000
vn 0.000000 -1.000000 0.000000
vn 0.000000 -1.000000 0.000000
vn 0.000000 -1.000000 0.000000
vn 1.000000 0.000000 0.000000
vn 1.000000 0.000000 0.000000
vn 1.000000 0.000000 0.000000
vn 1.000000 0.000000 0.000000
vn -1.000000 0.000000 0.000000
vn -1.000000 0.000000 0.000000
vn -1.000000 0.000000 0.000000
vn -1.000000 0.000000 0.000000
s 1
g pCube2
usemtl lambert14SG
f 9/15/25 10/16/26 11/17/27
f 11/17/27 10/16/26 12/18/28
s 2
f 11/17/29 12/18/30 13/19/31
f 13/19/31 12/18/30 14/20/32
s 3
f 13/19/33 14/20/34 15/21/35
f 15/21/35 14/20/34 16/22/36
s 4
f 15/21/37 16/22/38 9/23/39
f 9/23/39 16/22/38 10/24/40
s 5
f 10/16/41 16/25/42 12/18/43
f 12/18/43 16/25/42 14/26/44
s 6
f 15/27/45 9/15/46 13/28/47
f 13/28/47 9/15/46 11/17/48
g default
v -0.246180 0.384994 -2.005627
v 0.246180 0.384994 -2.005627
v -0.196577 0.595060 -2.005627
v 0.196577 0.595060 -2.005627
v -0.196577 0.595060 -2.068846
v 0.196577 0.595060 -2.068846
v -0.246180 0.384994 -2.068846
v 0.246180 0.384994 -2.068846
vt 0.375000 0.000000
vt 0.625000 0.000000
vt 0.375000 0.250000
vt 0.625000 0.250000
vt 0.375000 0.500000
vt 0.625000 0.500000
vt 0.375000 0.750000
vt 0.625000 0.750000
vt 0.375000 1.000000
vt 0.625000 1.000000
vt 0.875000 0.000000
vt 0.875000 0.250000
vt 0.125000 0.000000
vt 0.125000 0.250000
vn 0.000000 0.000000 1.000000
vn 0.000000 0.000000 1.000000
vn 0.000000 0.000000 1.000000
vn 0.000000 0.000000 1.000000
vn 0.000000 1.000000 0.000000
vn 0.000000 1.000000 0.000000
vn 0.000000 1.000000 0.000000
vn 0.000000 1.000000 0.000000
vn 0.000000 0.000000 -1.000000
vn 0.000000 0.000000 -1.000000
vn 0.000000 0.000000 -1.000000
vn 0.000000 0.000000 -1.000000
vn 0.000000 -1.000000 0.000000
vn 0.000000 -1.000000 0.000000
vn 0.000000 -1.000000 0.000000
vn 0.000000 -1.000000 0.000000
vn 0.973235 0.229812 0.000000
vn 0.973235 0.229812 0.000000
vn 0.973235 0.229812 0.000000
vn 0.973235 0.229812 0.000000
vn -0.973235 0.229812 0.000000
vn -0.973235 0.229812 0.000000
vn -0.973235 0.229812 0.000000
vn -0.973235 0.229812 0.000000
s 1
g pCube3
usemtl lambert11SG
f 17/29/49 18/30/50 19/31/51
f 19/31/51 18/30/50 20/32/52
s 2
f 19/31/53 20/32/54 21/33/55
f 21/33/55 20/32/54 22/34/56
s 3
f 21/33/57 22/34/58 23/35/59
f 23/35/59 22/34/58 24/36/60
s 4
f 23/35/61 24/36/62 17/37/63
f 17/37/63 24/36/62 18/38/64
s 5
f 18/30/65 24/39/66 20/32/67
f 20/32/67 24/39/66 22/40/68
s 6
f 23/41/69 17/29/70 21/42/71
f 21/42/71 17/29/70 19/31/72
g default
v -0.500000 0.100000 1.500000
v 0.500000 0.100000 1.500000
v -0.500000 0.300000 1.500000
v 0.500000 0.300000 1.500000
v -0.500000 0.300000 0.500000
v 0.500000 0.300000 0.500000
v -0.500000 0.100000 0.500000
v 0.500000 0.100000 0.500000
vt 0.375000 0.000000
vt 0.625000 0.000000
vt 0.375000 0.250000
vt 0.625000 0.250000
vt 0.375000 0.500000
vt 0.625000 0.500000
vt 0.375000 0.750000
vt 0.625000 0.750000
vt 0.375000 1.000000
vt 0.625000 1.000000
vt 0.875000 0.000000
vt 0.875000 0.250000
vt 0.125000 0.000000
vt 0.125000 0.250000
vn 0.000000 0.000000 1.000000
vn 0.000000 0.000000 1.000000
vn 0.000000 0.000000 1.000000
vn 0.000000 0.000000 1.000000
vn 0.000000 1.000000 0.000000
vn 0.000000 1.000000 0.000000
vn 0.000000 1.000000 0.000000
vn 0.000000 1.000000 0.000000
vn 0.000000 0.000000 -1.000000
vn 0.000000 0.000000 -1.000000
vn 0.000000 0.000000 -1.000000
vn 0.000000 0.000000 -1.000000
vn 0.000000 -1.000000 0.000000
vn 0.000000 -1.000000 0.000000
vn 0.000000 -1.000000 0.000000
vn 0.000000 -1.000000 0.000000
vn 1.000000 0.000000 0.000000
vn 1.000000 0.000000 0.000000
vn 1.000000 0.000000 0.000000
vn 1.000000 0.000000 0.000000
vn -1.000000 0.000000 0.000000
vn -1.000000 0.000000 0.000000
vn -1.000000 0.000000 0.000000
vn -1.000000 0.000000 0.000000
s 1
g pCube5
usemtl initialShadingGroup
f 25/43/73 26/44/74 27/45/75
f 27/45/75 26/44/74 28/46/76
s 2
f 27/45/77 28/46/78 29/47/79
f 29/47/79 28/46/78 30/48/80
s 3
f 29/47/81 30/48/82 31/49/83
f 31/49/83 30/48/82 32/50/84
s 4
f 31/49/85 32/50/86 25/51/87
f 25/51/87 32/50/86 26/52/88
s 5
f 26/44/89 32/53/90 28/46/91
f 28/46/91 32/53/90 30/54/92
s 6
f 31/55/93 25/43/94 29/56/95
f 29/56/95 25/43/94 27/45/96
g default
v 0.750000 0.085595 0.972188
v 0.750000 0.072812 0.947099
v 0.750000 0.052901 0.927188
v 0.750000 0.027812 0.914405
v 0.750000 0.000000 0.910000
v 0.750000 -0.027812 0.914405
v 0.750000 -0.052901 0.927188
v 0.750000 -0.072812 0.947099
v 0.750000 -0.085595 0.972188
v 0.750000 -0.090000 1.000000
v 0.750000 -0.085595 1.027812
v 0.750000 -0.072812 1.052901
v 0.750000 -0.052901 1.072812
v 0.750000 -0.027812 1.085595
v 0.750000 -0.000000 1.090000
v 0.750000 0.027812 1.085595
v 0.750000 0.052901 1.072812
v 0.750000 0.072812 1.052901
v 0.750000 0.085595 1.027812
v 0.750000 0.090000 1.000000
v -0.750000 0.085595 0.972188
v -0.750000 0.072812 0.947099
v -0.750000 0.052901 0.927188
v -0.750000 0.027812 0.914405
v -0.750000 0.000000 0.910000
v -0.750000 -0.027812 0.914405
v -0.750000 -0.052901 0.927188
v -0.750000 -0.072812 0.947099
v -0.750000 -0.085595 0.972188
v -0.750000 -0.090000 1.000000
v -0.750000 -0.085595 1.027812
v -0.750000 -0.072812 1.052901
v -0.750000 -0.052901 1.072812
v -0.750000 -0.027812 1.085595
v -0.750000 -0.000000 1.090000
v -0.750000 0.027812 1.085595
v -0.750000 0.052901 1.072812
v -0.750000 0.072812 1.052901
v -0.750000 0.085595 1.027812
v -0.750000 0.090000 1.000000
v 0.750000 0.000000 1.000000
v -0.750000 0.000000 1.000000
vt 0.648603 0.107966
vt 0.626409 0.064408
vt 0.591842 0.029841
vt 0.548284 0.007647
vt 0.500000 -0.000000
vt 0.451716 0.007647
vt 0.408159 0.029841
vt 0.373591 0.064409
vt 0.351397 0.107966
vt 0.343750 0.156250
vt 0.351397 0.204534
vt 0.373591 0.248091
vt 0.408159 0.282659
vt 0.451716 0.304853
vt 0.500000 0.312500
vt 0.548284 0.304853
vt 0.591841 0.282659
vt 0.626409 0.248091
vt 0.648603 0.204534
vt 0.656250 0.156250
vt 0.375000 0.312500
vt 0.387500 0.312500
vt 0.400000 0.312500
vt 0.412500 0.312500
vt 0.425000 0.312500
vt 0.437500 0.312500
vt 0.450000 0.312500
vt 0.462500 0.312500
vt 0.475000 0.312500
vt 0.487500 0.312500
vt 0.500000 0.312500
vt 0.512500 0.312500
vt 0.525000 0.312500
vt 0.537500 0.312500
vt 0.550000 0.312500
vt 0.562500 0.312500
vt 0.575000 0.312500
vt 0.587500 0.312500
vt 0.600000 0.312500
vt 0.612500 0.312500
vt 0.625000 0.312500
vt 0.375000 0.687500
vt 0.387500 0.687500
vt 0.400000 0.687500
vt 0.412500 0.687500
vt 0.425000 0.687500
vt 0.437500 0.687500
vt 0.450000 0.687500
vt 0.462500 0.687500
vt 0.475000 0.687500
vt 0.487500 0.687500
vt 0.500000 0.687500
vt 0.512500 0.687500
vt 0.525000 0.687500
vt 0.537500 0.687500
vt 0.550000 0.687500
vt 0.562500 0.687500
vt 0.575000 0.687500
vt 0.587500 0.687500
vt 0.600000 0.687500
vt 0.612500 0.687500
vt 0.625000 0.687500
vt 0.648603 0.795466
vt 0.626409 0.751908
vt 0.591842 0.717341
vt 0.548284 0.695147
vt 0.500000 0.687500
vt 0.451716 0.695147
vt 0.408159 0.717341
vt 0.373591 0.751909
vt 0.351397 0.795466
vt 0.343750 0.843750
vt 0.351397 0.892034
vt 0.373591 0.935591
vt 0.408159 0.970159
vt 0.451716 0.992353
vt 0.500000 1.000000
vt 0.548284 0.992353
vt 0.591841 0.970159
vt 0.626409 0.935591
vt 0.648603 0.892034
vt 0.656250 0.843750
vt 0.500000 0.156250
vt 0.500000 0.843750
vn 0.000000 0.951057 -0.309016
vn 0.000000 0.809017 -0.587785
vn 0.000000 0.951057 -0.309016
vn 0.000000 0.809017 -0.587785
vn 0.000000 0.587785 -0.809017
vn 0.000000 0.587785 -0.809017
vn 0.000000 0.309017 -0.951057
vn 0.000000 0.309017 -0.951057
vn -0.000000 -0.000000 -1.000000
vn 0.000000 0.000000 -1.000000
vn -0.000000 -0.309017 -0.951056
vn -0.000000 -0.309017 -0.951056
vn -0.000000 -0.587785 -0.809017
vn -0.000000 -0.587785 -0.809017
vn -0.000000 -0.809017 -0.587785
vn -0.000000 -0.809017 -0.587785
vn -0.000000 -0.951057 -0.309017
vn -0.000000 -0.951057 -0.309017
vn -0.000000 -1.000000 -0.000000
vn 0.000000 -1.000000 0.000000
vn 0.000000 -0.951056 0.309017
vn 0.000000 -0.951056 0.309017
vn 0.000000 -0.809017 0.587785
vn 0.000000 -0.809017 0.587785
vn 0.000000 -0.587785 0.809017
vn 0.000000 -0.587785 0.809017
vn 0.000000 -0.309017 0.951057
vn 0.000000 -0.309017 0.951056
vn 0.000000 0.000000 1.000000
vn 0.000000 0.000000 1.000000
vn 0.000000 0.309017 0.951056
vn 0.000000 0.309017 0.951056
vn 0.000000 0.587785 0.809017
vn 0.000000 0.587785 0.809017
vn 0.000000 0.809017 0.587785
vn 0.000000 0.809017 0.587785
vn 0.000000 0.951057 0.309017
vn 0.000000 0.951057 0.309017
vn 0.000000 1.000000 0.000001
vn 0.000000 1.000000 0.000001
vn 1.000000 0.000000 0.000000
vn 1.000000 0.000000 0.000000
vn 1.000000 0.000000 0.000000
vn 1.000000 0.000000 0.000000
vn 1.000000 0.000000 0.000000
vn 1.000000 0.000000 0.000000
vn 1.000000 0.000000 0.000000
vn 1.000000 0.000000 0.000000
vn 1.000000 0.000000 0.000000
vn 1.000000 0.000000 0.000000
vn 1.000000 0.000000 0.000000
vn 1.000000 0.000000 0.000000
vn 1.000000 0.000000 0.000000
vn 1.000000 0.000000 0.000000
vn 1.000000 0.000000 0.000000
vn 1.000000 0.000000 0.000000
vn 1.000000 0.000000 0.000000
vn 1.000000 0.000000 0.000000
vn 1.000000 0.000000 0.000000
vn 1.000000 0.000000 0.000000
vn 1.000000 0.000000 0.000000
vn -1.000000 0.000000 0.000000
vn -1.000000 0.000000 0.000000
vn -1.000000 0.000000 0.000000
vn -1.000000 0.000000 0.000000
vn -1.000000 0.000000 0.000000
vn -1.000000 0.000000 0.000000
vn -1.000000 0.000000 0.000000
vn -1.000000 0.000000 0.000000
vn -1.000000 0.000000 0.000000
vn -1.000000 0.000000 0.000000
vn -1.000000 0.000000 0.000000
vn -1.000000 0.000000 0.000000
vn -1.000000 0.000000 0.000000
vn -1.000000 0.000000 0.000000
vn -1.000000 0.000000 0.000000
vn -1.000000 0.000000 0.000000
vn -1.000000 0.000000 0.000000
vn -1.000000 0.000000 0.000000
vn -1.000000 0.000000 0.000000
vn -1.000000 0.000000 0.000000
vn -1.000000 0.000000 0.000000
s 1
g pCylinder1
usemtl lambert11SG
f 33/77/97 34/78/98 53/98/99
f 53/98/99 34/78/98 54/99/100
f 34/78/98 35/79/101 54/99/100
f 54/99/100 35/79/101 55/100/102
f 35/79/101 36/80/103 55/100/102
f 55/100/102 36/80/103 56/101/104
f 36/80/103 37/81/105 56/101/104
f 56/101/104 37/81/105 57/102/106
f 37/81/105 38/82/107 57/102/106
f 57/102/106 38/82/107 58/103/108
f 38/82/107 39/83/109 58/103/108
f 58/103/108 39/83/109 59/104/110
f 39/83/109 40/84/111 59/104/110
f 59/104/110 40/84/111 60/105/112
f 40/84/111 41/85/113 60/105/112
f 60/105/112 41/85/113 61/106/114
f 41/85/113 42/86/115 61/106/114
f 61/106/114 42/86/115 62/107/116
f 42/86/115 43/87/117 62/107/116
f 62/107/116 43/87/117 63/108/118
f 43/87/117 44/88/119 63/108/118
f 63/108/118 44/88/119 64/109/120
f 44/88/119 45/89/121 64/109/120
f 64/109/120 45/89/121 65/110/122
f 45/89/121 46/90/123 65/110/122
f 65/110/122 46/90/123 66/111/124
f 46/90/123 47/91/125 66/111/124
f 66/111/124 47/91/125 67/112/126
f 47/91/125 48/92/127 67/112/126
f 67/112/126 48/92/127 68/113/128
f 48/92/127 49/93/129 68/113/128
f 68/113/128 49/93/129 69/114/130
f 49/93/129 50/94/131 69/114/130
f 69/114/130 50/94/131 70/115/132
f 50/94/131 51/95/133 70/115/132
f 70/115/132 51/95/133 71/116/134
f 51/95/133 52/96/135 71/116/134
f 71/116/134 52/96/135 72/117/136
f 52/96/135 33/97/97 72/117/136
f 72/117/136 33/97/97 53/118/99
s 2
f 34/58/137 33/57/138 73/139/139
f 35/59/140 34/58/137 73/139/139
f 36/60/141 35/59/140 73/139/139
f 37/61/142 36/60/141 73/139/139
f 38/62/143 37/61/142 73/139/139
f 39/63/144 38/62/143 73/139/139
f 40/64/145 39/63/144 73/139/139
f 41/65/146 40/64/145 73/139/139
f 42/66/147 41/65/146 73/139/139
f 43/67/148 42/66/147 73/139/139
f 44/68/149 43/67/148 73/139/139
f 45/69/150 44/68/149 73/139/139
f 46/70/151 45/69/150 73/139/139
f 47/71/152 46/70/151 73/139/139
f 48/72/153 47/71/152 73/139/139
f 49/73/154 48/72/153 73/139/139
f 50/74/155 49/73/154 73/139/139
f 51/75/156 50/74/155 73/139/139
f 52/76/157 51/75/156 73/139/139
f 33/57/138 52/76/157 73/139/139
s 3
f 53/137/158 54/136/159 74/140/160
f 54/136/159 55/135/161 74/140/160
f 55/135/161 56/134/162 74/140/160
f 56/134/162 57/133/163 74/140/160
f 57/133/163 58/132/164 74/140/160
f 58/132/164 59/131/165 74/140/160
f 59/131/165 60/130/166 74/140/160
f 60/130/166 61/129/167 74/140/160
f 61/129/167 62/128/168 74/140/160
f 62/128/168 63/127/169 74/140/160
f 63/127/169 64/126/170 74/140/160
f 64/126/170 65/125/171 74/140/160
f 65/125/171 66/124/172 74/140/160
f 66/124/172 67/123/173 74/140/160
f 67/123/173 68/122/174 74/140/160
f 68/122/174 69/121/175 74/140/160
f 69/121/175 70/120/176 74/140/160
f 70/120/176 71/119/177 74/140/160
f 71/119/177 72/138/178 74/140/160
f 72/138/178 53/137/158 74/140/160
g default
v 0.750000 0.085595 -1.027812
v 0.750000 0.072812 -1.052901
v 0.750000 0.052901 -1.072812
v 0.750000 0.027812 -1.085595
v 0.750000 0.000000 -1.090000
v 0.750000 -0.027812 -1.085595
v 0.750000 -0.052901 -1.072812
v 0.750000 -0.072812 -1.052901
v 0.750000 -0.085595 -1.027812
v 0.750000 -0.090000 -1.000000
v 0.750000 -0.085595 -0.972188
v 0.750000 -0.072812 -0.947099
v 0.750000 -0.052901 -0.927188
v 0.750000 -0.027812 -0.914405
v 0.750000 -0.000000 -0.910000
v 0.750000 0.027812 -0.914405
v 0.750000 0.052901 -0.927188
v 0.750000 0.072812 -0.947099
v 0.750000 0.085595 -0.972188
v 0.750000 0.090000 -1.000000
v -0.750000 0.085595 -1.027812
v -0.750000 0.072812 -1.052901
v -0.750000 0.052901 -1.072812
v -0.750000 0.027812 -1.085595
v -0.750000 0.000000 -1.090000
v -0.750000 -0.027812 -1.085595
v -0.750000 -0.052901 -1.072812
v -0.750000 -0.072812 -1.052901
v -0.750000 -0.085595 -1.027812
v -0.750000 -0.090000 -1.000000
v -0.750000 -0.085595 -0.972188
v -0.750000 -0.072812 -0.947099
v -0.750000 -0.052901 -0.927188
v -0.750000 -0.027812 -0.914405
v -0.750000 -0.000000 -0.910000
v -0.750000 0.027812 -0.914405
v -0.750000 0.052901 -0.927188
v -0.750000 0.072812 -0.947099
v -0.750000 0.085595 -0.972188
v -0.750000 0.090000 -1.000000
v 0.750000 0.000000 -1.000000
v -0.750000 0.000000 -1.000000
vt 0.648603 0.107966
vt 0.626409 0.064408
vt 0.591842 0.029841
vt 0.548284 0.007647
vt 0.500000 -0.000000
vt 0.451716 0.007647
vt 0.408159 0.029841
vt 0.373591 0.064409
vt 0.351397 0.107966
vt 0.343750 0.156250
vt 0.351397 0.204534
vt 0.373591 0.248091
vt 0.408159 0.282659
vt 0.451716 0.304853
vt 0.500000 0.312500
vt 0.548284 0.304853
vt 0.591841 0.282659
vt 0.626409 0.248091
vt 0.648603 0.204534
vt 0.656250 0.156250
vt 0.375000 0.312500
vt 0.387500 0.312500
vt 0.400000 0.312500
vt 0.412500 0.312500
vt 0.425000 0.312500
vt 0.437500 0.312500
vt 0.450000 0.312500
vt 0.462500 0.312500
vt 0.475000 0.312500
vt 0.487500 0.312500
vt 0.500000 0.312500
vt 0.512500 0.312500
vt 0.525000 0.312500
vt 0.537500 0.312500
vt 0.550000 0.312500
vt 0.562500 0.312500
vt 0.575000 0.312500
vt 0.587500 0.312500
vt 0.600000 0.312500
vt 0.612500 0.312500
vt 0.625000 0.312500
vt 0.375000 0.687500
vt 0.387500 0.687500
vt 0.400000 0.687500
vt 0.412500 0.687500
vt 0.425000 0.687500
vt 0.437500 0.687500
vt 0.450000 0.687500
vt 0.462500 0.687500
vt 0.475000 0.687500
vt 0.487500 0.687500
vt 0.500000 0.687500
vt 0.512500 0.687500
vt 0.525000 0.687500
vt 0.537500 0.687500
vt 0.550000 0.687500
vt 0.562500 0.687500
vt 0.575000 0.687500
vt 0.587500 0.687500
vt 0.600000 0.687500
vt 0.612500 0.687500
vt 0.625000 0.687500
vt 0.648603 0.795466
vt 0.626409 0.751908
vt 0.591842 0.717341
vt 0.548284 0.695147
vt 0.500000 0.687500
vt 0.451716 0.695147
vt 0.408159 0.717341
vt 0.373591 0.751909
vt 0.351397 0.795466
vt 0.343750 0.843750
vt 0.351397 0.892034
vt 0.373591 0.935591
vt 0.408159 0.970159
vt 0.451716 0.992353
vt 0.500000 1.000000
vt 0.548284 0.992353
vt 0.591841 0.970159
vt 0.626409 0.935591
vt 0.648603 0.892034
vt 0.656250 0.843750
vt 0.500000 0.156250
vt 0.500000 0.843750
vn 0.000000 0.951057 -0.309016
vn 0.000000 0.809017 -0.587785
vn 0.000000 0.951057 -0.309016
vn 0.000000 0.809017 -0.587785
vn 0.000000 0.587785 -0.809017
vn 0.000000 0.587785 -0.809017
vn 0.000000 0.309017 -0.951057
vn 0.000000 0.309017 -0.951057
vn -0.000000 -0.000000 -1.000000
vn 0.000000 0.000000 -1.000000
vn -0.000000 -0.309017 -0.951056
vn -0.000000 -0.309017 -0.951056
vn -0.000000 -0.587785 -0.809017
vn -0.000000 -0.587785 -0.809017
vn -0.000000 -0.809017 -0.587785
vn -0.000000 -0.809017 -0.587785
vn -0.000000 -0.951057 -0.309017
vn -0.000000 -0.951057 -0.309017
vn -0.000000 -1.000000 -0.000000
vn 0.000000 -1.000000 0.000000
vn 0.000000 -0.951056 0.309017
vn 0.000000 -0.951056 0.309017
vn 0.000000 -0.809017 0.587785
vn 0.000000 -0.809017 0.587785
vn 0.000000 -0.587785 0.809017
vn 0.000000 -0.587785 0.809017
vn 0.000000 -0.309017 0.951057
vn 0.000000 -0.309017 0.951056
vn 0.000000 0.000000 1.000000
vn 0.000000 0.000000 1.000000
vn 0.000000 0.309017 0.951056
vn 0.000000 0.309017 0.951056
vn 0.000000 0.587785 0.809017
vn 0.000000 0.587785 0.809017
vn 0.000000 0.809017 0.587785
vn 0.000000 0.809017 0.587785
vn 0.000000 0.951057 0.309017
vn 0.000000 0.951057 0.309017
vn 0.000000 1.000000 0.000001
vn 0.000000 1.000000 0.000001
vn 1.000000 0.000000 0.000000
vn 1.000000 0.000000 0.000000
vn 1.000000 0.000000 0.000000
vn 1.000000 0.000000 0.000000
vn 1.000000 0.000000 0.000000
vn 1.000000 0.000000 0.000000
vn 1.000000 0.000000 0.000000
vn 1.000000 0.000000 0.000000
vn 1.000000 0.000000 0.000000
vn 1.000000 0.000000 0.000000
vn 1.000000 0.000000 0.000000
vn 1.000000 0.000000 0.000000
vn 1.000000 0.000000 0.000000
vn 1.000000 0.000000 0.000000
vn 1.000000 0.000000 0.000000
vn 1.000000 0.000000 0.000000
vn 1.000000 0.000000 0.000000
vn 1.000000 0.000000 0.000000
vn 1.000000 0.000000 0.000000
vn 1.000000 0.000000 0.000000
vn 1.000000 0.000000 0.000000
vn -1.000000 0.000000 0.000000
vn -1.000000 0.000000 0.000000
vn -1.000000 0.000000 0.000000
vn -1.000000 0.000000 0.000000
vn -1.000000 0.000000 0.000000
vn -1.000000 0.000000 0.000000
vn -1.000000 0.000000 0.000000
vn -1.000000 0.000000 0.000000
vn -1.000000 0.000000 0.000000
vn -1.000000 0.000000 0.000000
vn -1.000000 0.000000 0.000000
vn -1.000000 0.000000 0.000000
vn -1.000000 0.000000 0.000000
vn -1.000000 0.000000 0.000000
vn -1.000000 0.000000 0.000000
vn -1.000000 0.000000 0.000000
vn -1.000000 0.000000 0.000000
vn -1.000000 0.000000 0.000000
vn -1.000000 0.000000 0.000000
vn -1.000000 0.000000 0.000000
vn -1.000000 0.000000 0.000000
s 1
g pCylinder2
usemtl lambert11SG
f 75/161/179 76/162/180 95/182/181
f 95/182/181 76/162/180 96/183/182
f 76/162/180 77/163/183 96/183/182
f 96/183/182 77/163/183 97/184/184
f 77/163/183 78/164/185 97/184/184
f 97/184/184 78/164/185 98/185/186
f 78/164/185 79/165/187 98/185/186
f 98/185/186 79/165/187 99/186/188
f 79/165/187 80/166/189 99/186/188
f 99/186/188 80/166/189 100/187/190
f 80/166/189 81/167/191 100/187/190
f 100/187/190 81/167/191 101/188/192
f 81/167/191 82/168/193 101/188/192
f 101/188/192 82/168/193 102/189/194
f 82/168/193 83/169/195 102/189/194
f 102/189/194 83/169/195 103/190/196
f 83/169/195 84/170/197 103/190/196
f 103/190/196 84/170/197 104/191/198
f 84/170/197 85/171/199 104/191/198
f 104/191/198 85/171/199 105/192/200
f 85/171/199 86/172/201 105/192/200
f 105/192/200 86/172/201 106/193/202
f 86/172/201 87/173/203 106/193/202
f 106/193/202 87/173/203 107/194/204
f 87/173/203 88/174/205 107/194/204
f 107/194/204 88/174/205 108/195/206
f 88/174/205 89/175/207 108/195/206
f 108/195/206 89/175/207 109/196/208
f 89/175/207 90/176/209 109/196/208
f 109/196/208 90/176/209 110/197/210
f 90/176/209 91/177/211 110/197/210
f 110/197/210 91/177/211 111/198/212
f 91/177/211 92/178/213 111/198/212
f 111/198/212 92/178/213 112/199/214
f 92/178/213 93/179/215 112/199/214
f 112/199/214 93/179/215 113/200/216
f 93/179/215 94/180/217 113/200/216
f 113/200/216 94/180/217 114/201/218
f 94/180/217 75/181/179 114/201/218
f 114/201/218 75/181/179 95/202/181
s 2
f 76/142/219 75/141/220 115/223/221
f 77/143/222 76/142/219 115/223/221
f 78/144/223 77/143/222 115/223/221
f 79/145/224 78/144/223 115/223/221
f 80/146/225 79/145/224 115/223/221
f 81/147/226 80/146/225 115/223/221
f 82/148/227 81/147/226 115/223/221
f 83/149/228 82/148/227 115/223/221
f 84/150/229 83/149/228 115/223/221
f 85/151/230 84/150/229 115/223/221
f 86/152/231 85/151/230 115/223/221
f 87/153/232 86/152/231 115/223/221
f 88/154/233 87/153/232 115/223/221
f 89/155/234 88/154/233 115/223/221
f 90/156/235 89/155/234 115/223/221
f 91/157/236 90/156/235 115/223/221
f 92/158/237 91/157/236 115/223/221
f 93/159/238 92/158/237 115/223/221
f 94/160/239 93/159/238 115/223/221
f 75/141/220 94/160/239 115/223/221
s 3
f 95/221/240 96/220/241 116/224/242
f 96/220/241 97/219/243 116/224/242
f 97/219/243 98/218/244 116/224/242
f 98/218/244 99/217/245 116/224/242
f 99/217/245 100/216/246 116/224/242
f 100/216/246 101/215/247 116/224/242
f 101/215/247 102/214/248 116/224/242
f 102/214/248 103/213/249 116/224/242
f 103/213/249 104/212/250 116/224/242
f 104/212/250 105/211/251 116/224/242
f 105/211/251 106/210/252 116/224/242
f 106/210/252 107/209/253 116/224/242
f 107/209/253 108/208/254 116/224/242
f 108/208/254 109/207/255 116/224/242
f 109/207/255 110/206/256 116/224/242
f 110/206/256 111/205/257 116/224/242
f 111/205/257 112/204/258 116/224/242
f 112/204/258 113/203/259 116/224/242
f 113/203/259 114/222/260 116/224/242
f 114/222/260 95/221/240 116/224/242
g default
v 1.000000 0.250000 -1.000000
v 1.000000 0.237764 -1.077254
v 1.000000 0.202254 -1.146946
v 1.000000 0.146946 -1.202254
v 1.000000 0.077254 -1.237764
v 1.000000 -0.000000 -1.250000
v 1.000000 -0.077254 -1.237764
v 1.000000 -0.146946 -1.202254
v 1.000000 -0.202254 -1.146946
v 1.000000 -0.237764 -1.077254
v 1.000000 -0.250000 -1.000000
v 1.000000 -0.237764 -0.922746
v 1.000000 -0.202254 -0.853054
v 1.000000 -0.146946 -0.797746
v 1.000000 -0.077254 -0.762236
v 1.000000 0.000000 -0.750000
v 1.000000 0.077254 -0.762236
v 1.000000 0.146946 -0.797746
v 1.000000 0.202254 -0.853054
v 1.000000 0.237764 -0.922746
v 0.500000 0.250000 -1.000000
v 0.500000 0.237764 -1.077254
v 0.500000 0.202254 -1.146946
v 0.500000 0.146946 -1.202254
v 0.500000 0.077254 -1.237764
v 0.500000 -0.000000 -1.250000
v 0.500000 -0.077254 -1.237764
v 0.500000 -0.146946 -1.202254
v 0.500000 -0.202254 -1.146946
v 0.500000 -0.237764 -1.077254
v 0.500000 -0.250000 -1.000000
v 0.500000 -0.237764 -0.922746
v 0.500000 -0.202254 -0.853054
v 0.500000 -0.146946 -0.797746
v 0.500000 -0.077254 -0.762236
v 0.500000 0.000000 -0.750000
v 0.500000 0.077254 -0.762236
v 0.500000 0.146946 -0.797746
v 0.500000 0.202254 -0.853054
v 0.500000 0.237764 -0.922746
v 0.500000 0.500000 -1.000000
v 0.500000 0.475528 -1.154509
v 0.500000 0.404509 -1.293893
v 0.500000 0.293893 -1.404509
v 0.500000 0.154508 -1.475528
v 0.500000 -0.000000 -1.500000
v 0.500000 -0.154509 -1.475528
v 0.500000 -0.293893 -1.404509
v 0.500000 -0.404509 -1.293893
v 0.500000 -0.475528 -1.154509
v 0.500000 -0.500000 -1.000000
v 0.500000 -0.475528 -0.845491
v 0.500000 -0.404509 -0.706107
v 0.500000 -0.293893 -0.595491
v 0.500000 -0.154509 -0.524472
v 0.500000 0.000000 -0.500000
v 0.500000 0.154509 -0.524471
v 0.500000 0.293893 -0.595491
v 0.500000 0.404509 -0.706107
v 0.500000 0.475529 -0.845491
v 1.000000 0.441148 -1.000000
v 1.000000 0.419557 -1.136322
v 1.000000 0.356896 -1.259300
v 1.000000 0.259300 -1.356896
v 1.000000 0.136322 -1.419557
v 1.000000 -0.000000 -1.441148
v 1.000000 -0.136322 -1.419557
v 1.000000 -0.259300 -1.356896
v 1.000000 -0.356896 -1.259300
v 1.000000 -0.419557 -1.136322
v 1.000000 -0.441148 -1.000000
v 1.000000 -0.419557 -0.863678
v 1.000000 -0.356896 -0.740700
v 1.000000 -0.259300 -0.643104
v 1.000000 -0.136322 -0.580443
v 1.000000 -0.000000 -0.558852
v 1.000000 0.136322 -0.580443
v 1.000000 0.259300 -0.643104
v 1.000000 0.356896 -0.740700
v 1.000000 0.419557 -0.863678
v 0.952576 0.500000 -1.000000
v 0.952576 0.475528 -1.154509
v 0.952576 0.404509 -1.293893
v 0.952576 0.293893 -1.404509
v 0.952576 0.154508 -1.475528
v 0.952576 -0.000000 -1.500000
v 0.952576 -0.154509 -1.475528
v 0.952576 -0.293893 -1.404509
v 0.952576 -0.404509 -1.293893
v 0.952576 -0.475528 -1.154509
v 0.952576 -0.500000 -1.000000
v 0.952576 -0.475528 -0.845491
v 0.952576 -0.404509 -0.706107
v 0.952576 -0.293893 -0.595491
v 0.952576 -0.154509 -0.524472
v 0.952576 0.000000 -0.500000
v 0.952576 0.154509 -0.524471
v 0.952576 0.293893 -0.595491
v 0.952576 0.404509 -0.706107
v 0.952576 0.475529 -0.845491
v 0.545655 0.500000 -1.000000
v 0.545655 0.475528 -1.154509
v 0.545655 0.404509 -1.293893
v 0.545655 0.293893 -1.404509
v 0.545655 0.154508 -1.475528
v 0.545655 -0.000000 -1.500000
v 0.545655 -0.154509 -1.475528
v 0.545655 -0.293893 -1.404509
v 0.545655 -0.404509 -1.293893
v 0.545655 -0.475528 -1.154509
v 0.545655 -0.500000 -1.000000
v 0.545655 -0.475528 -0.845491
v 0.545655 -0.404509 -0.706107
v 0.545655 -0.293893 -0.595491
v 0.545655 -0.154509 -0.524472
v 0.545655 0.000000 -0.500000
v 0.545655 0.154509 -0.524472
v 0.545655 0.293893 -0.595491
v 0.545655 0.404509 -0.706107
v 0.545655 0.475529 -0.845491
v 0.548086 0.250000 -1.000000
v 0.548086 0.237764 -1.077254
v 0.548086 0.202254 -1.146946
v 0.548086 0.146946 -1.202254
v 0.548086 0.077254 -1.237764
v 0.548086 -0.000000 -1.250000
v 0.548086 -0.077254 -1.237764
v 0.548086 -0.146946 -1.202254
v 0.548086 -0.202254 -1.146946
v 0.548086 -0.237764 -1.077254
v 0.548086 -0.250000 -1.000000
v 0.548086 -0.237764 -0.922746
v 0.548086 -0.202254 -0.853054
v 0.548086 -0.146946 -0.797746
v 0.548086 -0.077254 -0.762236
v 0.548086 0.000000 -0.750000
v 0.548086 0.077254 -0.762236
v 0.548086 0.146946 -0.797746
v 0.548086 0.202254 -0.853054
v 0.548086 0.237764 -0.922746
v 0.959000 0.250000 -1.000000
v 0.959000 0.237764 -1.077254
v 0.959000 0.202254 -1.146946
v 0.959000 0.146946 -1.202254
v 0.959000 0.077254 -1.237764
v 0.959000 -0.000000 -1.250000
v 0.959000 -0.077254 -1.237764
v 0.959000 -0.146946 -1.202254
v 0.959000 -0.202254 -1.146946
v 0.959000 -0.237764 -1.077254
v 0.959000 -0.250000 -1.000000
v 0.959000 -0.237764 -0.922746
v 0.959000 -0.202254 -0.853054
v 0.959000 -0.146946 -0.797746
v 0.959000 -0.077254 -0.762236
v 0.959000 0.000000 -0.750000
v 0.959000 0.077254 -0.762236
v 0.959000 0.146946 -0.797746
v 0.959000 0.202254 -0.853054
v 0.959000 0.237764 -0.922746
vt 0.000000 1.000000
vt 0.050000 1.000000
vt 0.100000 1.000000
vt 0.150000 1.000000
vt 0.200000 1.000000
vt 0.250000 1.000000
vt 0.300000 1.000000
vt 0.350000 1.000000
vt 0.400000 1.000000
vt 0.450000 1.000000
vt 0.500000 1.000000
vt 0.550000 1.000000
vt 0.600000 1.000000
vt 0.650000 1.000000
vt 0.700000 1.000000
vt 0.750000 1.000000
vt 0.800000 1.000000
vt 0.850000 1.000000
vt 0.900000 1.000000
vt 0.950000 1.000000
vt 1.000000 1.000000
vt 0.000000 0.750000
vt 0.050000 0.750000
vt 0.100000 0.750000
vt 0.150000 0.750000
vt 0.200000 0.750000
vt 0.250000 0.750000
vt 0.300000 0.750000
vt 0.350000 0.750000
vt 0.400000 0.750000
vt 0.450000 0.750000
vt 0.500000 0.750000
vt 0.550000 0.750000
vt 0.600000 0.750000
vt 0.650000 0.750000
vt 0.700000 0.750000
vt 0.750000 0.750000
vt 0.800000 0.750000
vt 0.850000 0.750000
vt 0.900000 0.750000
vt 0.950000 0.750000
vt 1.000000 0.750000
vt 0.000000 0.500000
vt 0.050000 0.500000
vt 0.100000 0.500000
vt 0.150000 0.500000
vt 0.200000 0.500000
vt 0.250000 0.500000
vt 0.300000 0.500000
vt 0.350000 0.500000
vt 0.400000 0.500000
vt 0.450000 0.500000
vt 0.500000 0.500000
vt 0.550000 0.500000
vt 0.600000 0.500000
vt 0.650000 0.500000
vt 0.700000 0.500000
vt 0.750000 0.500000
vt 0.800000 0.500000
vt 0.850000 0.500000
vt 0.900000 0.500000
vt 0.950000 0.500000
vt 1.000000 0.500000
vt 0.000000 0.250000
vt 0.050000 0.250000
vt 0.100000 0.250000
vt 0.150000 0.250000
vt 0.200000 0.250000
vt 0.250000 0.250000
vt 0.300000 0.250000
vt 0.350000 0.250000
vt 0.400000 0.250000
vt 0.450000 0.250000
vt 0.500000 0.250000
vt 0.550000 0.250000
vt 0.600000 0.250000
vt 0.650000 0.250000
vt 0.700000 0.250000
vt 0.750000 0.250000
vt 0.800000 0.250000
vt 0.850000 0.250000
vt 0.900000 0.250000
vt 0.950000 0.250000
vt 1.000000 0.250000
vt 0.000000 0.000000
vt 0.050000 0.000000
vt 0.100000 0.000000
vt 0.150000 0.000000
vt 0.200000 0.000000
vt 0.250000 0.000000
vt 0.300000 0.000000
vt 0.350000 0.000000
vt 0.400000 0.000000
vt 0.450000 0.000000
vt 0.500000 0.000000
vt 0.550000 0.000000
vt 0.600000 0.000000
vt 0.650000 0.000000
vt 0.700000 0.000000
vt 0.750000 0.000000
vt 0.800000 0.000000
vt 0.850000 0.000000
vt 0.900000 0.000000
vt 0.950000 0.000000
vt 1.000000 0.000000
vt 0.000000 0.273712
vt 1.000000 0.273712
vt 0.050000 0.273712
vt 0.100000 0.273712
vt 0.150000 0.273712
vt 0.200000 0.273712
vt 0.250000 0.273712
vt 0.300000 0.273712
vt 0.350000 0.273712
vt 0.400000 0.273712
vt 0.450000 0.273712
vt 0.500000 0.273712
vt 0.550000 0.273712
vt 0.600000 0.273712
vt 0.650000 0.273712
vt 0.700000 0.273712
vt 0.750000 0.273712
vt 0.800000 0.273712
vt 0.850000 0.273712
vt 0.900000 0.273712
vt 0.950000 0.273712
vt 0.000000 0.477172
vt 1.000000 0.477172
vt 0.050000 0.477172
vt 0.100000 0.477172
vt 0.150000 0.477172
vt 0.200000 0.477172
vt 0.250000 0.477172
vt 0.300000 0.477172
vt 0.350000 0.477172
vt 0.400000 0.477172
vt 0.450000 0.477172
vt 0.500000 0.477172
vt 0.550000 0.477172
vt 0.600000 0.477172
vt 0.650000 0.477172
vt 0.700000 0.477172
vt 0.750000 0.477172
vt 0.800000 0.477172
vt 0.850000 0.477172
vt 0.900000 0.477172
vt 0.950000 0.477172
vt 0.000000 0.774043
vt 1.000000 0.774043
vt 0.050000 0.774043
vt 0.100000 0.774043
vt 0.150000 0.774043
vt 0.200000 0.774043
vt 0.250000 0.774043
vt 0.300000 0.774043
vt 0.350000 0.774043
vt 0.400000 0.774043
vt 0.450000 0.774043
vt 0.500000 0.774043
vt 0.550000 0.774043
vt 0.600000 0.774043
vt 0.650000 0.774043
vt 0.700000 0.774043
vt 0.750000 0.774043
vt 0.800000 0.774043
vt 0.850000 0.774043
vt 0.900000 0.774043
vt 0.950000 0.774043
vt 0.000000 0.979500
vt 1.000000 0.979500
vt 0.050000 0.979500
vt 0.100000 0.979500
vt 0.150000 0.979500
vt 0.200000 0.979500
vt 0.250000 0.979500
vt 0.300000 0.979500
vt 0.350000 0.979500
vt 0.400000 0.979500
vt 0.450000 0.979500
vt 0.500000 0.979500
vt 0.550000 0.979500
vt 0.600000 0.979500
vt 0.650000 0.979500
vt 0.700000 0.979500
vt 0.750000 0.979500
vt 0.800000 0.979500
vt 0.850000 0.979500
vt 0.900000 0.979500
vt 0.950000 0.979500
vn 0.000000 -0.951057 0.309017
vn 0.000000 -1.000000 0.000001
vn 0.000000 -0.951057 0.309017
vn 0.000000 -1.000000 0.000001
vn 0.000000 -0.809017 0.587785
vn 0.000000 -0.809017 0.587785
vn 0.000000 -0.587785 0.809017
vn 0.000000 -0.587785 0.809017
vn 0.000000 -0.309017 0.951057
vn 0.000000 -0.309017 0.951056
vn 0.000000 -0.000000 1.000000
vn 0.000000 -0.000000 1.000000
vn 0.000000 0.309017 0.951057
vn 0.000000 0.309017 0.951057
vn 0.000000 0.587785 0.809017
vn 0.000000 0.587785 0.809017
vn 0.000000 0.809017 0.587785
vn 0.000000 0.809017 0.587785
vn 0.000000 0.951057 0.309017
vn 0.000000 0.951057 0.309017
vn 0.000000 1.000000 -0.000000
vn 0.000000 1.000000 0.000000
vn 0.000000 0.951057 -0.309017
vn -0.000000 0.951057 -0.309017
vn 0.000000 0.809017 -0.587785
vn -0.000000 0.809017 -0.587785
vn 0.000000 0.587786 -0.809017
vn 0.000000 0.587786 -0.809017
vn 0.000000 0.309017 -0.951057
vn 0.000000 0.309017 -0.951056
vn 0.000000 0.000000 -1.000000
vn 0.000000 0.000000 -1.000000
vn -0.000000 -0.309017 -0.951057
vn -0.000000 -0.309017 -0.951057
vn -0.000000 -0.587785 -0.809017
vn -0.000000 -0.587785 -0.809017
vn -0.000000 -0.809017 -0.587785
vn -0.000000 -0.809017 -0.587785
vn -0.000000 -0.951057 -0.309016
vn -0.000000 -0.951057 -0.309016
vn -1.000000 0.000000 0.000000
vn -1.000000 0.000000 0.000000
vn -1.000000 0.000000 0.000000
vn -1.000000 0.000000 -0.000000
vn -1.000000 0.000000 0.000000
vn -1.000000 0.000000 0.000000
vn -1.000000 0.000000 0.000000
vn -1.000000 0.000000 0.000000
vn -1.000000 0.000000 0.000000
vn -1.000000 0.000000 0.000000
vn -1.000000 0.000000 -0.000000
vn -1.000000 0.000000 -0.000000
vn -1.000000 0.000000 0.000000
vn -1.000000 0.000000 -0.000000
vn -1.000000 0.000000 0.000000
vn -1.000000 0.000000 0.000000
vn -1.000000 0.000000 0.000000
vn -1.000000 0.000000 0.000000
vn -1.000000 0.000000 -0.000000
vn -1.000000 0.000000 -0.000000
vn -1.000000 0.000000 0.000000
vn -1.000000 0.000000 -0.000000
vn -1.000000 0.000000 0.000000
vn -1.000000 0.000000 0.000000
vn -1.000000 0.000000 0.000000
vn -1.000000 0.000000 0.000000
vn -1.000000 0.000000 0.000000
vn -1.000000 0.000000 0.000000
vn -1.000000 0.000000 0.000000
vn -1.000000 0.000000 0.000000
vn -1.000000 0.000000 0.000000
vn -1.000000 0.000000 0.000000
vn -1.000000 0.000000 -0.000000
vn -1.000000 0.000000 -0.000000
vn -1.000000 0.000000 0.000000
vn -1.000000 0.000000 -0.000000
vn -1.000000 0.000000 0.000000
vn -1.000000 0.000000 0.000000
vn -1.000000 0.000000 0.000000
vn -1.000000 0.000000 -0.000000
vn 0.000000 0.951057 -0.309017
vn 0.000000 1.000000 -0.000001
vn 0.000000 0.951057 -0.309017
vn 0.000000 1.000000 -0.000001
vn 0.000000 0.809017 -0.587785
vn 0.000000 0.809017 -0.587785
vn 0.000000 0.587785 -0.809017
vn 0.000000 0.587785 -0.809017
vn 0.000000 0.309017 -0.951057
vn 0.000000 0.309017 -0.951056
vn 0.000000 0.000000 -1.000000
vn -0.000000 0.000000 -1.000000
vn 0.000000 -0.309017 -0.951057
vn 0.000000 -0.309017 -0.951057
vn 0.000000 -0.587785 -0.809017
vn 0.000000 -0.587785 -0.809017
vn 0.000000 -0.809017 -0.587786
vn 0.000000 -0.809017 -0.587785
vn -0.000000 -0.951057 -0.309017
vn 0.000000 -0.951057 -0.309017
vn 0.000000 -1.000000 -0.000000
vn -0.000000 -1.000000 -0.000000
vn 0.000000 -0.951057 0.309017
vn -0.000000 -0.951057 0.309017
vn 0.000001 -0.809017 0.587785
vn -0.000000 -0.809017 0.587785
vn 0.000000 -0.587786 0.809017
vn 0.000000 -0.587786 0.809017
vn 0.000000 -0.309017 0.951057
vn 0.000000 -0.309017 0.951056
vn 0.000000 -0.000000 1.000000
vn -0.000000 -0.000000 1.000000
vn 0.000001 0.309016 0.951057
vn 0.000000 0.309017 0.951057
vn 0.000000 0.587785 0.809017
vn 0.000000 0.587785 0.809017
vn 0.000000 0.809017 0.587785
vn 0.000000 0.809017 0.587785
vn 0.000001 0.951057 0.309016
vn 0.000000 0.951057 0.309016
vn 1.000000 0.000000 0.000000
vn 1.000000 0.000000 0.000000
vn 1.000000 0.000000 0.000000
vn 1.000000 0.000000 0.000000
vn 1.000000 0.000000 0.000000
vn 1.000000 0.000000 0.000000
vn 1.000000 0.000000 -0.000000
vn 1.000000 0.000000 0.000000
vn 1.000000 0.000000 -0.000000
vn 1.000000 0.000000 -0.000000
vn 1.000000 0.000000 0.000000
vn 1.000000 0.000000 -0.000000
vn 1.000000 0.000000 0.000000
vn 1.000000 0.000000 0.000000
vn 1.000000 0.000000 0.000000
vn 1.000000 0.000000 0.000000
vn 1.000000 0.000000 0.000000
vn 1.000000 0.000000 0.000000
vn 1.000000 0.000000 0.000000
vn 1.000000 0.000000 0.000000
vn 1.000000 0.000000 0.000000
vn 1.000000 0.000000 0.000000
vn 1.000000 0.000000 0.000000
vn 1.000000 0.000000 0.000000
vn 1.000000 0.000000 0.000000
vn 1.000000 0.000000 0.000000
vn 1.000000 0.000000 -0.000000
vn 1.000000 0.000000 0.000000
vn 1.000000 0.000000 -0.000000
vn 1.000000 0.000000 0.000000
vn 1.000000 0.000000 -0.000000
vn 1.000000 0.000000 -0.000000
vn 1.000000 0.000000 0.000000
vn 1.000000 0.000000 0.000000
vn 1.000000 0.000000 0.000000
vn 1.000000 0.000000 0.000000
vn 1.000000 0.000000 0.000000
vn 1.000000 0.000000 0.000000
vn 1.000000 0.000000 0.000000
vn 1.000000 0.000000 0.000000
vn 0.115330 0.944898 -0.306376
vn 0.115330 0.993327 0.000608
vn 0.778647 0.598147 -0.189551
vn 0.778647 0.627446 0.004563
vn 0.115330 0.803976 -0.583371
vn 0.778647 0.510297 -0.365111
vn 0.115330 0.584355 -0.803261
vn 0.778647 0.372496 -0.504932
vn 0.115330 0.307534 -0.944522
vn 0.778647 0.198232 -0.595326
vn 0.115330 0.000609 -0.993327
vn 0.778647 0.004564 -0.627446
vn 0.115330 -0.306376 -0.944898
vn 0.778647 -0.189551 -0.598147
vn 0.115330 -0.583371 -0.803976
vn 0.778647 -0.365111 -0.510297
vn 0.115330 -0.803261 -0.584355
vn 0.778647 -0.504932 -0.372496
vn 0.115330 -0.944522 -0.307534
vn 0.778647 -0.595326 -0.198232
vn 0.115330 -0.993327 -0.000609
vn 0.778647 -0.627446 -0.004564
vn 0.115330 -0.944898 0.306376
vn 0.778647 -0.598147 0.189551
vn 0.115330 -0.803976 0.583371
vn 0.778647 -0.510297 0.365111
vn 0.115330 -0.584356 0.803261
vn 0.778647 -0.372496 0.504932
vn 0.115330 -0.307534 0.944522
vn 0.778647 -0.198232 0.595326
vn 0.115330 -0.000608 0.993327
vn 0.778647 -0.004564 0.627445
vn 0.115330 0.306376 0.944898
vn 0.778647 0.189551 0.598147
vn 0.115330 0.583371 0.803976
vn 0.778647 0.365111 0.510297
vn 0.115330 0.803261 0.584356
vn 0.778647 0.504931 0.372496
vn 0.115330 0.944522 0.307533
vn 0.778647 0.595327 0.198231
vn -0.000000 -0.951057 0.309017
vn 0.000000 -1.000000 0.000001
vn 0.000000 -0.951057 0.309017
vn 0.000000 -1.000000 0.000001
vn -0.000000 -0.809017 0.587785
vn 0.000000 -0.809017 0.587785
vn 0.000000 -0.587785 0.809017
vn 0.000000 -0.587785 0.809017
vn -0.000000 -0.309017 0.951057
vn 0.000000 -0.309017 0.951057
vn -0.000000 0.000000 1.000000
vn 0.000000 0.000000 1.000000
vn -0.000000 0.309017 0.951056
vn 0.000000 0.309017 0.951057
vn 0.000000 0.587785 0.809017
vn -0.000000 0.587785 0.809017
vn 0.000000 0.809017 0.587785
vn -0.000000 0.809017 0.587785
vn 0.000000 0.951057 0.309017
vn 0.000000 0.951057 0.309017
vn 0.000000 1.000000 0.000000
vn 0.000000 1.000000 0.000000
vn 0.000000 0.951057 -0.309017
vn 0.000000 0.951057 -0.309017
vn -0.000000 0.809017 -0.587785
vn 0.000000 0.809017 -0.587785
vn 0.000000 0.587786 -0.809017
vn 0.000000 0.587786 -0.809017
vn 0.000000 0.309017 -0.951057
vn 0.000000 0.309017 -0.951057
vn -0.000000 -0.000000 -1.000000
vn -0.000000 -0.000000 -1.000000
vn -0.000000 -0.309017 -0.951057
vn -0.000000 -0.309017 -0.951057
vn -0.000000 -0.587785 -0.809017
vn -0.000000 -0.587785 -0.809017
vn -0.000000 -0.809017 -0.587785
vn -0.000000 -0.809017 -0.587785
vn -0.000000 -0.951057 -0.309016
vn -0.000000 -0.951057 -0.309016
s 1
g pPipe3
usemtl lambert6SG
f 118/226/261 117/225/262 258/395/263
f 258/395/263 117/225/262 257/393/264
f 119/227/265 118/226/261 259/396/266
f 259/396/266 118/226/261 258/395/263
f 120/228/267 119/227/265 260/397/268
f 260/397/268 119/227/265 259/396/266
f 121/229/269 120/228/267 261/398/270
f 261/398/270 120/228/267 260/397/268
f 122/230/271 121/229/269 262/399/272
f 262/399/272 121/229/269 261/398/270
f 123/231/273 122/230/271 263/400/274
f 263/400/274 122/230/271 262/399/272
f 124/232/275 123/231/273 264/401/276
f 264/401/276 123/231/273 263/400/274
f 125/233/277 124/232/275 265/402/278
f 265/402/278 124/232/275 264/401/276
f 126/234/279 125/233/277 266/403/280
f 266/403/280 125/233/277 265/402/278
f 127/235/281 126/234/279 267/404/282
f 267/404/282 126/234/279 266/403/280
f 128/236/283 127/235/281 268/405/284
f 268/405/284 127/235/281 267/404/282
f 129/237/285 128/236/283 269/406/286
f 269/406/286 128/236/283 268/405/284
f 130/238/287 129/237/285 270/407/288
f 270/407/288 129/237/285 269/406/286
f 131/239/289 130/238/287 271/408/290
f 271/408/290 130/238/287 270/407/288
f 132/240/291 131/239/289 272/409/292
f 272/409/292 131/239/289 271/408/290
f 133/241/293 132/240/291 273/410/294
f 273/410/294 132/240/291 272/409/292
f 134/242/295 133/241/293 274/411/296
f 274/411/296 133/241/293 273/410/294
f 135/243/297 134/242/295 275/412/298
f 275/412/298 134/242/295 274/411/296
f 136/244/299 135/243/297 276/413/300
f 276/413/300 135/243/297 275/412/298
f 117/245/262 136/244/299 257/394/264
f 257/394/264 136/244/299 276/413/300
s 2
f 138/247/301 137/246/302 158/268/303
f 158/268/303 137/246/302 157/267/304
f 139/248/305 138/247/301 159/269/306
f 159/269/306 138/247/301 158/268/303
f 140/249/307 139/248/305 160/270/308
f 160/270/308 139/248/305 159/269/306
f 141/250/309 140/249/307 161/271/310
f 161/271/310 140/249/307 160/270/308
f 142/251/311 141/250/309 162/272/312
f 162/272/312 141/250/309 161/271/310
f 143/252/313 142/251/311 163/273/314
f 163/273/314 142/251/311 162/272/312
f 144/253/315 143/252/313 164/274/316
f 164/274/316 143/252/313 163/273/314
f 145/254/317 144/253/315 165/275/318
f 165/275/318 144/253/315 164/274/316
f 146/255/319 145/254/317 166/276/320
f 166/276/320 145/254/317 165/275/318
f 147/256/321 146/255/319 167/277/322
f 167/277/322 146/255/319 166/276/320
f 148/257/323 147/256/321 168/278/324
f 168/278/324 147/256/321 167/277/322
f 149/258/325 148/257/323 169/279/326
f 169/279/326 148/257/323 168/278/324
f 150/259/327 149/258/325 170/280/328
f 170/280/328 149/258/325 169/279/326
f 151/260/329 150/259/327 171/281/330
f 171/281/330 150/259/327 170/280/328
f 152/261/331 151/260/329 172/282/332
f 172/282/332 151/260/329 171/281/330
f 153/262/333 152/261/331 173/283/334
f 173/283/334 152/261/331 172/282/332
f 154/263/335 153/262/333 174/284/336
f 174/284/336 153/262/333 173/283/334
f 155/264/337 154/263/335 175/285/338
f 175/285/338 154/263/335 174/284/336
f 156/265/339 155/264/337 176/286/340
f 176/286/340 155/264/337 175/285/338
f 137/266/302 156/265/339 157/287/304
f 157/287/304 156/265/339 176/286/340
s 3
f 158/268/341 157/267/342 218/353/343
f 218/353/343 157/267/342 217/351/344
f 159/269/345 158/268/341 219/354/346
f 219/354/346 158/268/341 218/353/343
f 160/270/347 159/269/345 220/355/348
f 220/355/348 159/269/345 219/354/346
f 161/271/349 160/270/347 221/356/350
f 221/356/350 160/270/347 220/355/348
f 162/272/351 161/271/349 222/357/352
f 222/357/352 161/271/349 221/356/350
f 163/273/353 162/272/351 223/358/354
f 223/358/354 162/272/351 222/357/352
f 164/274/355 163/273/353 224/359/356
f 224/359/356 163/273/353 223/358/354
f 165/275/357 164/274/355 225/360/358
f 225/360/358 164/274/355 224/359/356
f 166/276/359 165/275/357 226/361/360
f 226/361/360 165/275/357 225/360/358
f 167/277/361 166/276/359 227/362/362
f 227/362/362 166/276/359 226/361/360
f 168/278/363 167/277/361 228/363/364
f 228/363/364 167/277/361 227/362/362
f 169/279/365 168/278/363 229/364/366
f 229/364/366 168/278/363 228/363/364
f 170/280/367 169/279/365 230/365/368
f 230/365/368 169/279/365 229/364/366
f 171/281/369 170/280/367 231/366/370
f 231/366/370 170/280/367 230/365/368
f 172/282/371 171/281/369 232/367/372
f 232/367/372 171/281/369 231/366/370
f 173/283/373 172/282/371 233/368/374
f 233/368/374 172/282/371 232/367/372
f 174/284/375 173/283/373 234/369/376
f 234/369/376 173/283/373 233/368/374
f 175/285/377 174/284/375 235/370/378
f 235/370/378 174/284/375 234/369/376
f 176/286/379 175/285/377 236/371/380
f 236/371/380 175/285/377 235/370/378
f 157/287/342 176/286/379 217/352/344
f 217/352/344 176/286/379 236/371/380
s 4
f 178/289/381 177/288/382 118/310/383
f 118/310/383 177/288/382 117/309/384
f 179/290/385 178/289/381 119/311/386
f 119/311/386 178/289/381 118/310/383
f 180/291/387 179/290/385 120/312/388
f 120/312/388 179/290/385 119/311/386
f 181/292/389 180/291/387 121/313/390
f 121/313/390 180/291/387 120/312/388
f 182/293/391 181/292/389 122/314/392
f 122/314/392 181/292/389 121/313/390
f 183/294/393 182/293/391 123/315/394
f 123/315/394 182/293/391 122/314/392
f 184/295/395 183/294/393 124/316/396
f 124/316/396 183/294/393 123/315/394
f 185/296/397 184/295/395 125/317/398
f 125/317/398 184/295/395 124/316/396
f 186/297/399 185/296/397 126/318/400
f 126/318/400 185/296/397 125/317/398
f 187/298/401 186/297/399 127/319/402
f 127/319/402 186/297/399 126/318/400
f 188/299/403 187/298/401 128/320/404
f 128/320/404 187/298/401 127/319/402
f 189/300/405 188/299/403 129/321/406
f 129/321/406 188/299/403 128/320/404
f 190/301/407 189/300/405 130/322/408
f 130/322/408 189/300/405 129/321/406
f 191/302/409 190/301/407 131/323/410
f 131/323/410 190/301/407 130/322/408
f 192/303/411 191/302/409 132/324/412
f 132/324/412 191/302/409 131/323/410
f 193/304/413 192/303/411 133/325/414
f 133/325/414 192/303/411 132/324/412
f 194/305/415 193/304/413 134/326/416
f 134/326/416 193/304/413 133/325/414
f 195/306/417 194/305/415 135/327/418
f 135/327/418 194/305/415 134/326/416
f 196/307/419 195/306/417 136/328/420
f 136/328/420 195/306/417 135/327/418
f 177/308/382 196/307/419 117/329/384
f 117/329/384 196/307/419 136/328/420
s 3
f 198/332/421 197/330/422 178/289/423
f 178/289/423 197/330/422 177/288/424
f 199/333/425 198/332/421 179/290/426
f 179/290/426 198/332/421 178/289/423
f 200/334/427 199/333/425 180/291/428
f 180/291/428 199/333/425 179/290/426
f 201/335/429 200/334/427 181/292/430
f 181/292/430 200/334/427 180/291/428
f 202/336/431 201/335/429 182/293/432
f 182/293/432 201/335/429 181/292/430
f 203/337/433 202/336/431 183/294/434
f 183/294/434 202/336/431 182/293/432
f 204/338/435 203/337/433 184/295/436
f 184/295/436 203/337/433 183/294/434
f 205/339/437 204/338/435 185/296/438
f 185/296/438 204/338/435 184/295/436
f 206/340/439 205/339/437 186/297/440
f 186/297/440 205/339/437 185/296/438
f 207/341/441 206/340/439 187/298/442
f 187/298/442 206/340/439 186/297/440
f 208/342/443 207/341/441 188/299/444
f 188/299/444 207/341/441 187/298/442
f 209/343/445 208/342/443 189/300/446
f 189/300/446 208/342/443 188/299/444
f 210/344/447 209/343/445 190/301/448
f 190/301/448 209/343/445 189/300/446
f 211/345/449 210/344/447 191/302/450
f 191/302/450 210/344/447 190/301/448
f 212/346/451 211/345/449 192/303/452
f 192/303/452 211/345/449 191/302/450
f 213/347/453 212/346/451 193/304/454
f 193/304/454 212/346/451 192/303/452
f 214/348/455 213/347/453 194/305/456
f 194/305/456 213/347/453 193/304/454
f 215/349/457 214/348/455 195/306/458
f 195/306/458 214/348/455 194/305/456
f 216/350/459 215/349/457 196/307/460
f 196/307/460 215/349/457 195/306/458
f 197/331/422 216/350/459 177/308/424
f 177/308/424 216/350/459 196/307/460
f 218/353/343 217/351/344 198/332/421
f 198/332/421 217/351/344 197/330/422
f 219/354/346 218/353/343 199/333/425
f 199/333/425 218/353/343 198/332/421
f 220/355/348 219/354/346 200/334/427
f 200/334/427 219/354/346 199/333/425
f 221/356/350 220/355/348 201/335/429
f 201/335/429 220/355/348 200/334/427
f 222/357/352 221/356/350 202/336/431
f 202/336/431 221/356/350 201/335/429
f 223/358/354 222/357/352 203/337/433
f 203/337/433 222/357/352 202/336/431
f 224/359/356 223/358/354 204/338/435
f 204/338/435 223/358/354 203/337/433
f 225/360/358 224/359/356 205/339/437
f 205/339/437 224/359/356 204/338/435
f 226/361/360 225/360/358 206/340/439
f 206/340/439 225/360/358 205/339/437
f 227/362/362 226/361/360 207/341/441
f 207/341/441 226/361/360 206/340/439
f 228/363/364 227/362/362 208/342/443
f 208/342/443 227/362/362 207/341/441
f 229/364/366 228/363/364 209/343/445
f 209/343/445 228/363/364 208/342/443
f 230/365/368 229/364/366 210/344/447
f 210/344/447 229/364/366 209/343/445
f 231/366/370 230/365/368 211/345/449
f 211/345/449 230/365/368 210/344/447
f 232/367/372 231/366/370 212/346/451
f 212/346/451 231/366/370 211/345/449
f 233/368/374 232/367/372 213/347/453
f 213/347/453 232/367/372 212/346/451
f 234/369/376 233/368/374 214/348/455
f 214/348/455 233/368/374 213/347/453
f 235/370/378 234/369/376 215/349/457
f 215/349/457 234/369/376 214/348/455
f 236/371/380 235/370/378 216/350/459
f 216/350/459 235/370/378 215/349/457
f 217/352/344 236/371/380 197/331/422
f 197/331/422 236/371/380 216/350/459
s 1
f 238/374/461 237/372/462 138/247/463
f 138/247/463 237/372/462 137/246/464
f 239/375/465 238/374/461 139/248/466
f 139/248/466 238/374/461 138/247/463
f 240/376/467 239/375/465 140/249/468
f 140/249/468 239/375/465 139/248/466
f 241/377/469 240/376/467 141/250/470
f 141/250/470 240/376/467 140/249/468
f 242/378/471 241/377/469 142/251/472
f 142/251/472 241/377/469 141/250/470
f 243/379/473 242/378/471 143/252/474
f 143/252/474 242/378/471 142/251/472
f 244/380/475 243/379/473 144/253/476
f 144/253/476 243/379/473 143/252/474
f 245/381/477 244/380/475 145/254/478
f 145/254/478 244/380/475 144/253/476
f 246/382/479 245/381/477 146/255/480
f 146/255/480 245/381/477 145/254/478
f 247/383/481 246/382/479 147/256/482
f 147/256/482 246/382/479 146/255/480
f 248/384/483 247/383/481 148/257/484
f 148/257/484 247/383/481 147/256/482
f 249/385/485 248/384/483 149/258/486
f 149/258/486 248/384/483 148/257/484
f 250/386/487 249/385/485 150/259/488
f 150/259/488 249/385/485 149/258/486
f 251/387/489 250/386/487 151/260/490
f 151/260/490 250/386/487 150/259/488
f 252/388/491 251/387/489 152/261/492
f 152/261/492 251/387/489 151/260/490
f 253/389/493 252/388/491 153/262/494
f 153/262/494 252/388/491 152/261/492
f 254/390/495 253/389/493 154/263/496
f 154/263/496 253/389/493 153/262/494
f 255/391/497 254/390/495 155/264/498
f 155/264/498 254/390/495 154/263/496
f 256/392/499 255/391/497 156/265/500
f 156/265/500 255/391/497 155/264/498
f 237/373/462 256/392/499 137/266/464
f 137/266/464 256/392/499 156/265/500
f 258/395/263 257/393/264 238/374/461
f 238/374/461 257/393/264 237/372/462
f 259/396/266 258/395/263 239/375/465
f 239/375/465 258/395/263 238/374/461
f 260/397/268 259/396/266 240/376/467
f 240/376/467 259/396/266 239/375/465
f 261/398/270 260/397/268 241/377/469
f 241/377/469 260/397/268 240/376/467
f 262/399/272 261/398/270 242/378/471
f 242/378/471 261/398/270 241/377/469
f 263/400/274 262/399/272 243/379/473
f 243/379/473 262/399/272 242/378/471
f 264/401/276 263/400/274 244/380/475
f 244/380/475 263/400/274 243/379/473
f 265/402/278 264/401/276 245/381/477
f 245/381/477 264/401/276 244/380/475
f 266/403/280 265/402/278 246/382/479
f 246/382/479 265/402/278 245/381/477
f 267/404/282 266/403/280 247/383/481
f 247/383/481 266/403/280 246/382/479
f 268/405/284 267/404/282 248/384/483
f 248/384/483 267/404/282 247/383/481
f 269/406/286 268/405/284 249/385/485
f 249/385/485 268/405/284 248/384/483
f 270/407/288 269/406/286 250/386/487
f 250/386/487 269/406/286 249/385/485
f 271/408/290 270/407/288 251/387/489
f 251/387/489 270/407/288 250/386/487
f 272/409/292 271/408/290 252/388/491
f 252/388/491 271/408/290 251/387/489
f 273/410/294 272/409/292 253/389/493
f 253/389/493 272/409/292 252/388/491
f 274/411/296 273/410/294 254/390/495
f 254/390/495 273/410/294 253/389/493
f 275/412/298 274/411/296 255/391/497
f 255/391/497 274/411/296 254/390/495
f 276/413/300 275/412/298 256/392/499
f 256/392/499 275/412/298 255/391/497
f 257/394/264 276/413/300 237/373/462
f 237/373/462 276/413/300 256/392/499
g default
v 1.000000 0.250000 1.000000
v 1.000000 0.237764 0.922746
v 1.000000 0.202254 0.853054
v 1.000000 0.146946 0.797746
v 1.000000 0.077254 0.762236
v 1.000000 -0.000000 0.750000
v 1.000000 -0.077254 0.762236
v 1.000000 -0.146946 0.797746
v 1.000000 -0.202254 0.853054
v 1.000000 -0.237764 0.922746
v 1.000000 -0.250000 1.000000
v 1.000000 -0.237764 1.077254
v 1.000000 -0.202254 1.146946
v 1.000000 -0.146946 1.202254
v 1.000000 -0.077254 1.237764
v 1.000000 0.000000 1.250000
v 1.000000 0.077254 1.237764
v 1.000000 0.146946 1.202254
v 1.000000 0.202254 1.146946
v 1.000000 0.237764 1.077254
v 0.500000 0.250000 1.000000
v 0.500000 0.237764 0.922746
v 0.500000 0.202254 0.853054
v 0.500000 0.146946 0.797746
v 0.500000 0.077254 0.762236
v 0.500000 -0.000000 0.750000
v 0.500000 -0.077254 0.762236
v 0.500000 -0.146946 0.797746
v 0.500000 -0.202254 0.853054
v 0.500000 -0.237764 0.922746
v 0.500000 -0.250000 1.000000
v 0.500000 -0.237764 1.077254
v 0.500000 -0.202254 1.146946
v 0.500000 -0.146946 1.202254
v 0.500000 -0.077254 1.237764
v 0.500000 0.000000 1.250000
v 0.500000 0.077254 1.237764
v 0.500000 0.146946 1.202254
v 0.500000 0.202254 1.146946
v 0.500000 0.237764 1.077254
v 0.500000 0.500000 1.000000
v 0.500000 0.475528 0.845491
v 0.500000 0.404509 0.706107
v 0.500000 0.293893 0.595491
v 0.500000 0.154508 0.524472
v 0.500000 -0.000000 0.500000
v 0.500000 -0.154509 0.524472
v 0.500000 -0.293893 0.595491
v 0.500000 -0.404509 0.706107
v 0.500000 -0.475528 0.845491
v 0.500000 -0.500000 1.000000
v 0.500000 -0.475528 1.154509
v 0.500000 -0.404509 1.293893
v 0.500000 -0.293893 1.404509
v 0.500000 -0.154509 1.475528
v 0.500000 0.000000 1.500000
v 0.500000 0.154509 1.475529
v 0.500000 0.293893 1.404509
v 0.500000 0.404509 1.293893
v 0.500000 0.475529 1.154509
v 1.000000 0.442186 1.000000
v 1.000000 0.420544 0.863357
v 1.000000 0.357736 0.740090
v 1.000000 0.259910 0.642264
v 1.000000 0.136643 0.579456
v 1.000000 -0.000000 0.557814
v 1.000000 -0.136643 0.579456
v 1.000000 -0.259910 0.642264
v 1.000000 -0.357736 0.740090
v 1.000000 -0.420544 0.863357
v 1.000000 -0.442186 1.000000
v 1.000000 -0.420544 1.136643
v 1.000000 -0.357736 1.259910
v 1.000000 -0.259911 1.357736
v 1.000000 -0.136643 1.420544
v 1.000000 -0.000000 1.442186
v 1.000000 0.136643 1.420544
v 1.000000 0.259911 1.357736
v 1.000000 0.357736 1.259911
v 1.000000 0.420544 1.136643
v 0.952576 0.500000 1.000000
v 0.952576 0.475528 0.845491
v 0.952576 0.404509 0.706107
v 0.952576 0.293893 0.595491
v 0.952576 0.154508 0.524472
v 0.952576 -0.000000 0.500000
v 0.952576 -0.154509 0.524472
v 0.952576 -0.293893 0.595491
v 0.952576 -0.404509 0.706107
v 0.952576 -0.475528 0.845491
v 0.952576 -0.500000 1.000000
v 0.952576 -0.475528 1.154509
v 0.952576 -0.404509 1.293893
v 0.952576 -0.293893 1.404509
v 0.952576 -0.154509 1.475528
v 0.952576 0.000000 1.500000
v 0.952576 0.154509 1.475529
v 0.952576 0.293893 1.404509
v 0.952576 0.404509 1.293893
v 0.952576 0.475529 1.154509
v 0.545655 0.500000 1.000000
v 0.545655 0.475528 0.845491
v 0.545655 0.404509 0.706107
v 0.545655 0.293893 0.595491
v 0.545655 0.154508 0.524472
v 0.545655 -0.000000 0.500000
v 0.545655 -0.154509 0.524472
v 0.545655 -0.293893 0.595491
v 0.545655 -0.404509 0.706107
v 0.545655 -0.475528 0.845491
v 0.545655 -0.500000 1.000000
v 0.545655 -0.475528 1.154509
v 0.545655 -0.404509 1.293893
v 0.545655 -0.293893 1.404509
v 0.545655 -0.154509 1.475528
v 0.545655 0.000000 1.500000
v 0.545655 0.154509 1.475528
v 0.545655 0.293893 1.404509
v 0.545655 0.404509 1.293893
v 0.545655 0.475529 1.154509
v 0.548086 0.250000 1.000000
v 0.548086 0.237764 0.922746
v 0.548086 0.202254 0.853054
v 0.548086 0.146946 0.797746
v 0.548086 0.077254 0.762236
v 0.548086 -0.000000 0.750000
v 0.548086 -0.077254 0.762236
v 0.548086 -0.146946 0.797746
v 0.548086 -0.202254 0.853054
v 0.548086 -0.237764 0.922746
v 0.548086 -0.250000 1.000000
v 0.548086 -0.237764 1.077254
v 0.548086 -0.202254 1.146946
v 0.548086 -0.146946 1.202254
v 0.548086 -0.077254 1.237764
v 0.548086 0.000000 1.250000
v 0.548086 0.077254 1.237764
v 0.548086 0.146946 1.202254
v 0.548086 0.202254 1.146946
v 0.548086 0.237764 1.077254
v 0.959000 0.250000 1.000000
v 0.959000 0.237764 0.922746
v 0.959000 0.202254 0.853054
v 0.959000 0.146946 0.797746
v 0.959000 0.077254 0.762236
v 0.959000 -0.000000 0.750000
v 0.959000 -0.077254 0.762236
v 0.959000 -0.146946 0.797746
v 0.959000 -0.202254 0.853054
v 0.959000 -0.237764 0.922746
v 0.959000 -0.250000 1.000000
v 0.959000 -0.237764 1.077254
v 0.959000 -0.202254 1.146946
v 0.959000 -0.146946 1.202254
v 0.959000 -0.077254 1.237764
v 0.959000 0.000000 1.250000
v 0.959000 0.077254 1.237764
v 0.959000 0.146946 1.202254
v 0.959000 0.202254 1.146946
v 0.959000 0.237764 1.077254
vt 0.000000 1.000000
vt 0.050000 1.000000
vt 0.100000 1.000000
vt 0.150000 1.000000
vt 0.200000 1.000000
vt 0.250000 1.000000
vt 0.300000 1.000000
vt 0.350000 1.000000
vt 0.400000 1.000000
vt 0.450000 1.000000
vt 0.500000 1.000000
vt 0.550000 1.000000
vt 0.600000 1.000000
vt 0.650000 1.000000
vt 0.700000 1.000000
vt 0.750000 1.000000
vt 0.800000 1.000000
vt 0.850000 1.000000
vt 0.900000 1.000000
vt 0.950000 1.000000
vt 1.000000 1.000000
vt 0.000000 0.750000
vt 0.050000 0.750000
vt 0.100000 0.750000
vt 0.150000 0.750000
vt 0.200000 0.750000
vt 0.250000 0.750000
vt 0.300000 0.750000
vt 0.350000 0.750000
vt 0.400000 0.750000
vt 0.450000 0.750000
vt 0.500000 0.750000
vt 0.550000 0.750000
vt 0.600000 0.750000
vt 0.650000 0.750000
vt 0.700000 0.750000
vt 0.750000 0.750000
vt 0.800000 0.750000
vt 0.850000 0.750000
vt 0.900000 0.750000
vt 0.950000 0.750000
vt 1.000000 0.750000
vt 0.000000 0.500000
vt 0.050000 0.500000
vt 0.100000 0.500000
vt 0.150000 0.500000
vt 0.200000 0.500000
vt 0.250000 0.500000
vt 0.300000 0.500000
vt 0.350000 0.500000
vt 0.400000 0.500000
vt 0.450000 0.500000
vt 0.500000 0.500000
vt 0.550000 0.500000
vt 0.600000 0.500000
vt 0.650000 0.500000
vt 0.700000 0.500000
vt 0.750000 0.500000
vt 0.800000 0.500000
vt 0.850000 0.500000
vt 0.900000 0.500000
vt 0.950000 0.500000
vt 1.000000 0.500000
vt 0.000000 0.250000
vt 0.050000 0.250000
vt 0.100000 0.250000
vt 0.150000 0.250000
vt 0.200000 0.250000
vt 0.250000 0.250000
vt 0.300000 0.250000
vt 0.350000 0.250000
vt 0.400000 0.250000
vt 0.450000 0.250000
vt 0.500000 0.250000
vt 0.550000 0.250000
vt 0.600000 0.250000
vt 0.650000 0.250000
vt 0.700000 0.250000
vt 0.750000 0.250000
vt 0.800000 0.250000
vt 0.850000 0.250000
vt 0.900000 0.250000
vt 0.950000 0.250000
vt 1.000000 0.250000
vt 0.000000 0.000000
vt 0.050000 0.000000
vt 0.100000 0.000000
vt 0.150000 0.000000
vt 0.200000 0.000000
vt 0.250000 0.000000
vt 0.300000 0.000000
vt 0.350000 0.000000
vt 0.400000 0.000000
vt 0.450000 0.000000
vt 0.500000 0.000000
vt 0.550000 0.000000
vt 0.600000 0.000000
vt 0.650000 0.000000
vt 0.700000 0.000000
vt 0.750000 0.000000
vt 0.800000 0.000000
vt 0.850000 0.000000
vt 0.900000 0.000000
vt 0.950000 0.000000
vt 1.000000 0.000000
vt 0.000000 0.273712
vt 1.000000 0.273712
vt 0.050000 0.273712
vt 0.100000 0.273712
vt 0.150000 0.273712
vt 0.200000 0.273712
vt 0.250000 0.273712
vt 0.300000 0.273712
vt 0.350000 0.273712
vt 0.400000 0.273712
vt 0.450000 0.273712
vt 0.500000 0.273712
vt 0.550000 0.273712
vt 0.600000 0.273712
vt 0.650000 0.273712
vt 0.700000 0.273712
vt 0.750000 0.273712
vt 0.800000 0.273712
vt 0.850000 0.273712
vt 0.900000 0.273712
vt 0.950000 0.273712
vt 0.000000 0.477172
vt 1.000000 0.477172
vt 0.050000 0.477172
vt 0.100000 0.477172
vt 0.150000 0.477172
vt 0.200000 0.477172
vt 0.250000 0.477172
vt 0.300000 0.477172
vt 0.350000 0.477172
vt 0.400000 0.477172
vt 0.450000 0.477172
vt 0.500000 0.477172
vt 0.550000 0.477172
vt 0.600000 0.477172
vt 0.650000 0.477172
vt 0.700000 0.477172
vt 0.750000 0.477172
vt 0.800000 0.477172
vt 0.850000 0.477172
vt 0.900000 0.477172
vt 0.950000 0.477172
vt 0.000000 0.774043
vt 1.000000 0.774043
vt 0.050000 0.774043
vt 0.100000 0.774043
vt 0.150000 0.774043
vt 0.200000 0.774043
vt 0.250000 0.774043
vt 0.300000 0.774043
vt 0.350000 0.774043
vt 0.400000 0.774043
vt 0.450000 0.774043
vt 0.500000 0.774043
vt 0.550000 0.774043
vt 0.600000 0.774043
vt 0.650000 0.774043
vt 0.700000 0.774043
vt 0.750000 0.774043
vt 0.800000 0.774043
vt 0.850000 0.774043
vt 0.900000 0.774043
vt 0.950000 0.774043
vt 0.000000 0.979500
vt 1.000000 0.979500
vt 0.050000 0.979500
vt 0.100000 0.979500
vt 0.150000 0.979500
vt 0.200000 0.979500
vt 0.250000 0.979500
vt 0.300000 0.979500
vt 0.350000 0.979500
vt 0.400000 0.979500
vt 0.450000 0.979500
vt 0.500000 0.979500
vt 0.550000 0.979500
vt 0.600000 0.979500
vt 0.650000 0.979500
vt 0.700000 0.979500
vt 0.750000 0.979500
vt 0.800000 0.979500
vt 0.850000 0.979500
vt 0.900000 0.979500
vt 0.950000 0.979500
vn 0.000000 -0.951057 0.309017
vn 0.000000 -1.000000 0.000001
vn 0.000000 -0.951057 0.309017
vn 0.000000 -1.000000 0.000001
vn 0.000000 -0.809017 0.587785
vn 0.000000 -0.809017 0.587785
vn 0.000000 -0.587785 0.809017
vn 0.000000 -0.587785 0.809017
vn 0.000000 -0.309017 0.951057
vn 0.000000 -0.309017 0.951056
vn 0.000000 -0.000000 1.000000
vn 0.000000 -0.000000 1.000000
vn 0.000000 0.309017 0.951057
vn 0.000000 0.309017 0.951057
vn 0.000000 0.587785 0.809017
vn 0.000000 0.587785 0.809017
vn 0.000000 0.809017 0.587785
vn 0.000000 0.809017 0.587785
vn 0.000000 0.951057 0.309017
vn 0.000000 0.951057 0.309017
vn 0.000000 1.000000 -0.000000
vn 0.000000 1.000000 0.000000
vn 0.000000 0.951057 -0.309017
vn -0.000000 0.951057 -0.309017
vn 0.000000 0.809017 -0.587785
vn -0.000000 0.809017 -0.587785
vn 0.000000 0.587786 -0.809017
vn 0.000000 0.587786 -0.809017
vn 0.000000 0.309017 -0.951057
vn 0.000000 0.309017 -0.951056
vn 0.000000 0.000000 -1.000000
vn 0.000000 0.000000 -1.000000
vn -0.000000 -0.309017 -0.951057
vn -0.000000 -0.309017 -0.951057
vn -0.000000 -0.587785 -0.809017
vn -0.000000 -0.587785 -0.809017
vn -0.000000 -0.809017 -0.587785
vn -0.000000 -0.809017 -0.587785
vn -0.000000 -0.951057 -0.309016
vn -0.000000 -0.951057 -0.309016
vn -1.000000 0.000000 0.000000
vn -1.000000 0.000000 0.000000
vn -1.000000 0.000000 0.000000
vn -1.000000 0.000000 -0.000000
vn -1.000000 0.000000 0.000000
vn -1.000000 0.000000 0.000000
vn -1.000000 0.000000 0.000000
vn -1.000000 0.000000 0.000000
vn -1.000000 0.000000 0.000000
vn -1.000000 0.000000 0.000000
vn -1.000000 0.000000 -0.000000
vn -1.000000 0.000000 -0.000000
vn -1.000000 0.000000 0.000000
vn -1.000000 0.000000 -0.000000
vn -1.000000 0.000000 0.000000
vn -1.000000 0.000000 0.000000
vn -1.000000 0.000000 0.000000
vn -1.000000 0.000000 0.000000
vn -1.000000 0.000000 -0.000000
vn -1.000000 0.000000 -0.000000
vn -1.000000 0.000000 0.000000
vn -1.000000 0.000000 -0.000000
vn -1.000000 0.000000 0.000000
vn -1.000000 0.000000 0.000000
vn -1.000000 0.000000 0.000000
vn -1.000000 0.000000 0.000000
vn -1.000000 0.000000 0.000000
vn -1.000000 0.000000 0.000000
vn -1.000000 0.000000 0.000000
vn -1.000000 0.000000 0.000000
vn -1.000000 0.000000 0.000000
vn -1.000000 0.000000 0.000000
vn -1.000000 0.000000 -0.000000
vn -1.000000 0.000000 -0.000000
vn -1.000000 0.000000 0.000000
vn -1.000000 0.000000 -0.000000
vn -1.000000 0.000000 0.000000
vn -1.000000 0.000000 0.000000
vn -1.000000 0.000000 0.000000
vn -1.000000 0.000000 -0.000000
vn 0.000000 0.951057 -0.309017
vn 0.000000 1.000000 -0.000001
vn 0.000000 0.951057 -0.309017
vn 0.000000 1.000000 -0.000001
vn 0.000000 0.809017 -0.587785
vn 0.000000 0.809017 -0.587785
vn 0.000000 0.587785 -0.809017
vn 0.000000 0.587785 -0.809017
vn 0.000000 0.309017 -0.951057
vn 0.000000 0.309017 -0.951056
vn 0.000000 0.000000 -1.000000
vn -0.000000 0.000000 -1.000000
vn 0.000000 -0.309017 -0.951057
vn 0.000000 -0.309017 -0.951057
vn 0.000000 -0.587785 -0.809017
vn 0.000000 -0.587785 -0.809017
vn 0.000000 -0.809017 -0.587786
vn 0.000000 -0.809017 -0.587785
vn -0.000000 -0.951057 -0.309017
vn 0.000000 -0.951057 -0.309017
vn 0.000000 -1.000000 -0.000000
vn -0.000000 -1.000000 -0.000000
vn 0.000000 -0.951057 0.309017
vn -0.000000 -0.951057 0.309017
vn 0.000001 -0.809017 0.587785
vn -0.000000 -0.809017 0.587785
vn 0.000000 -0.587786 0.809017
vn 0.000000 -0.587786 0.809017
vn 0.000000 -0.309017 0.951057
vn 0.000000 -0.309017 0.951056
vn 0.000000 -0.000000 1.000000
vn -0.000000 -0.000000 1.000000
vn 0.000001 0.309016 0.951057
vn 0.000000 0.309017 0.951057
vn 0.000000 0.587785 0.809017
vn 0.000000 0.587785 0.809017
vn 0.000000 0.809017 0.587785
vn 0.000000 0.809017 0.587785
vn 0.000001 0.951057 0.309016
vn 0.000000 0.951057 0.309016
vn 1.000000 0.000000 0.000000
vn 1.000000 0.000000 0.000000
vn 1.000000 0.000000 0.000000
vn 1.000000 0.000000 0.000000
vn 1.000000 0.000000 0.000000
vn 1.000000 0.000000 0.000000
vn 1.000000 0.000000 -0.000000
vn 1.000000 0.000000 0.000000
vn 1.000000 0.000000 -0.000000
vn 1.000000 0.000000 -0.000000
vn 1.000000 0.000000 0.000000
vn 1.000000 0.000000 -0.000000
vn 1.000000 0.000000 0.000000
vn 1.000000 0.000000 0.000000
vn 1.000000 0.000000 0.000000
vn 1.000000 0.000000 0.000000
vn 1.000000 0.000000 0.000000
vn 1.000000 0.000000 0.000000
vn 1.000000 0.000000 0.000000
vn 1.000000 0.000000 0.000000
vn 1.000000 0.000000 0.000000
vn 1.000000 0.000000 0.000000
vn 1.000000 0.000000 0.000000
vn 1.000000 0.000000 0.000000
vn 1.000000 0.000000 0.000000
vn 1.000000 0.000000 0.000000
vn 1.000000 0.000000 -0.000000
vn 1.000000 0.000000 0.000000
vn 1.000000 0.000000 -0.000000
vn 1.000000 0.000000 0.000000
vn 1.000000 0.000000 -0.000000
vn 1.000000 0.000000 -0.000000
vn 1.000000 0.000000 0.000000
vn 1.000000 0.000000 0.000000
vn 1.000000 0.000000 0.000000
vn 1.000000 0.000000 0.000000
vn 1.000000 0.000000 0.000000
vn 1.000000 0.000000 0.000000
vn 1.000000 0.000000 0.000000
vn 1.000000 0.000000 0.000000
vn 0.113435 0.945104 -0.306450
vn 0.113436 0.993545 0.000600
vn 0.773152 0.604568 -0.191661
vn 0.773152 0.634205 0.004540
vn 0.113435 0.804148 -0.583505
vn 0.773152 0.515752 -0.369102
vn 0.113435 0.584478 -0.803441
vn 0.773152 0.376450 -0.510413
vn 0.113435 0.307594 -0.944732
vn 0.773152 0.200299 -0.601761
vn 0.113435 0.000601 -0.993545
vn 0.773152 0.004541 -0.634205
vn 0.113435 -0.306450 -0.945103
vn 0.773152 -0.191661 -0.604568
vn 0.113435 -0.583505 -0.804148
vn 0.773152 -0.369103 -0.515751
vn 0.113435 -0.803441 -0.584478
vn 0.773152 -0.510413 -0.376450
vn 0.113435 -0.944732 -0.307594
vn 0.773152 -0.601762 -0.200299
vn 0.113435 -0.993545 -0.000601
vn 0.773151 -0.634206 -0.004541
vn 0.113435 -0.945104 0.306450
vn 0.773151 -0.604568 0.191662
vn 0.113435 -0.804149 0.583504
vn 0.773152 -0.515752 0.369102
vn 0.113435 -0.584478 0.803441
vn 0.773152 -0.376450 0.510413
vn 0.113435 -0.307594 0.944732
vn 0.773152 -0.200299 0.601761
vn 0.113435 -0.000601 0.993545
vn 0.773152 -0.004541 0.634205
vn 0.113435 0.306450 0.945103
vn 0.773152 0.191661 0.604568
vn 0.113436 0.583504 0.804149
vn 0.773152 0.369102 0.515751
vn 0.113436 0.803441 0.584478
vn 0.773152 0.510413 0.376450
vn 0.113435 0.944732 0.307593
vn 0.773152 0.601762 0.200298
vn -0.000000 -0.951057 0.309017
vn 0.000000 -1.000000 0.000001
vn 0.000000 -0.951057 0.309017
vn 0.000000 -1.000000 0.000001
vn -0.000000 -0.809017 0.587785
vn 0.000000 -0.809017 0.587785
vn 0.000000 -0.587785 0.809017
vn 0.000000 -0.587785 0.809017
vn -0.000000 -0.309017 0.951057
vn 0.000000 -0.309017 0.951057
vn -0.000000 0.000000 1.000000
vn 0.000000 0.000000 1.000000
vn -0.000000 0.309017 0.951056
vn 0.000000 0.309017 0.951057
vn 0.000000 0.587785 0.809017
vn -0.000000 0.587785 0.809017
vn 0.000000 0.809017 0.587785
vn -0.000000 0.809017 0.587785
vn 0.000000 0.951057 0.309017
vn 0.000000 0.951057 0.309017
vn 0.000000 1.000000 0.000000
vn 0.000000 1.000000 0.000000
vn 0.000000 0.951057 -0.309017
vn 0.000000 0.951057 -0.309017
vn -0.000000 0.809017 -0.587785
vn 0.000000 0.809017 -0.587785
vn 0.000000 0.587786 -0.809017
vn 0.000000 0.587786 -0.809017
vn 0.000000 0.309017 -0.951057
vn 0.000000 0.309017 -0.951057
vn -0.000000 -0.000000 -1.000000
vn -0.000000 -0.000000 -1.000000
vn -0.000000 -0.309017 -0.951057
vn -0.000000 -0.309017 -0.951057
vn -0.000000 -0.587785 -0.809017
vn -0.000000 -0.587785 -0.809017
vn -0.000000 -0.809017 -0.587785
vn -0.000000 -0.809017 -0.587785
vn -0.000000 -0.951057 -0.309016
vn -0.000000 -0.951057 -0.309016
s 1
g pPipe1
usemtl lambert6SG
f 278/415/501 277/414/502 418/584/503
f 418/584/503 277/414/502 417/582/504
f 279/416/505 278/415/501 419/585/506
f 419/585/506 278/415/501 418/584/503
f 280/417/507 279/416/505 420/586/508
f 420/586/508 279/416/505 419/585/506
f 281/418/509 280/417/507 421/587/510
f 421/587/510 280/417/507 420/586/508
f 282/419/511 281/418/509 422/588/512
f 422/588/512 281/418/509 421/587/510
f 283/420/513 282/419/511 423/589/514
f 423/589/514 282/419/511 422/588/512
f 284/421/515 283/420/513 424/590/516
f 424/590/516 283/420/513 423/589/514
f 285/422/517 284/421/515 425/591/518
f 425/591/518 284/421/515 424/590/516
f 286/423/519 285/422/517 426/592/520
f 426/592/520 285/422/517 425/591/518
f 287/424/521 286/423/519 427/593/522
f 427/593/522 286/423/519 426/592/520
f 288/425/523 287/424/521 428/594/524
f 428/594/524 287/424/521 427/593/522
f 289/426/525 288/425/523 429/595/526
f 429/595/526 288/425/523 428/594/524
f 290/427/527 289/426/525 430/596/528
f 430/596/528 289/426/525 429/595/526
f 291/428/529 290/427/527 431/597/530
f 431/597/530 290/427/527 430/596/528
f 292/429/531 291/428/529 432/598/532
f 432/598/532 291/428/529 431/597/530
f 293/430/533 292/429/531 433/599/534
f 433/599/534 292/429/531 432/598/532
f 294/431/535 293/430/533 434/600/536
f 434/600/536 293/430/533 433/599/534
f 295/432/537 294/431/535 435/601/538
f 435/601/538 294/431/535 434/600/536
f 296/433/539 295/432/537 436/602/540
f 436/602/540 295/432/537 435/601/538
f 277/434/502 296/433/539 417/583/504
f 417/583/504 296/433/539 436/602/540
s 2
f 298/436/541 297/435/542 318/457/543
f 318/457/543 297/435/542 317/456/544
f 299/437/545 298/436/541 319/458/546
f 319/458/546 298/436/541 318/457/543
f 300/438/547 299/437/545 320/459/548
f 320/459/548 299/437/545 319/458/546
f 301/439/549 300/438/547 321/460/550
f 321/460/550 300/438/547 320/459/548
f 302/440/551 301/439/549 322/461/552
f 322/461/552 301/439/549 321/460/550
f 303/441/553 302/440/551 323/462/554
f 323/462/554 302/440/551 322/461/552
f 304/442/555 303/441/553 324/463/556
f 324/463/556 303/441/553 323/462/554
f 305/443/557 304/442/555 325/464/558
f 325/464/558 304/442/555 324/463/556
f 306/444/559 305/443/557 326/465/560
f 326/465/560 305/443/557 325/464/558
f 307/445/561 306/444/559 327/466/562
f 327/466/562 306/444/559 326/465/560
f 308/446/563 307/445/561 328/467/564
f 328/467/564 307/445/561 327/466/562
f 309/447/565 308/446/563 329/468/566
f 329/468/566 308/446/563 328/467/564
f 310/448/567 309/447/565 330/469/568
f 330/469/568 309/447/565 329/468/566
f 311/449/569 310/448/567 331/470/570
f 331/470/570 310/448/567 330/469/568
f 312/450/571 311/449/569 332/471/572
f 332/471/572 311/449/569 331/470/570
f 313/451/573 312/450/571 333/472/574
f 333/472/574 312/450/571 332/471/572
f 314/452/575 313/451/573 334/473/576
f 334/473/576 313/451/573 333/472/574
f 315/453/577 314/452/575 335/474/578
f 335/474/578 314/452/575 334/473/576
f 316/454/579 315/453/577 336/475/580
f 336/475/580 315/453/577 335/474/578
f 297/455/542 316/454/579 317/476/544
f 317/476/544 316/454/579 336/475/580
s 3
f 318/457/581 317/456/582 378/542/583
f 378/542/583 317/456/582 377/540/584
f 319/458/585 318/457/581 379/543/586
f 379/543/586 318/457/581 378/542/583
f 320/459/587 319/458/585 380/544/588
f 380/544/588 319/458/585 379/543/586
f 321/460/589 320/459/587 381/545/590
f 381/545/590 320/459/587 380/544/588
f 322/461/591 321/460/589 382/546/592
f 382/546/592 321/460/589 381/545/590
f 323/462/593 322/461/591 383/547/594
f 383/547/594 322/461/591 382/546/592
f 324/463/595 323/462/593 384/548/596
f 384/548/596 323/462/593 383/547/594
f 325/464/597 324/463/595 385/549/598
f 385/549/598 324/463/595 384/548/596
f 326/465/599 325/464/597 386/550/600
f 386/550/600 325/464/597 385/549/598
f 327/466/601 326/465/599 387/551/602
f 387/551/602 326/465/599 386/550/600
f 328/467/603 327/466/601 388/552/604
f 388/552/604 327/466/601 387/551/602
f 329/468/605 328/467/603 389/553/606
f 389/553/606 328/467/603 388/552/604
f 330/469/607 329/468/605 390/554/608
f 390/554/608 329/468/605 389/553/606
f 331/470/609 330/469/607 391/555/610
f 391/555/610 330/469/607 390/554/608
f 332/471/611 331/470/609 392/556/612
f 392/556/612 331/470/609 391/555/610
f 333/472/613 332/471/611 393/557/614
f 393/557/614 332/471/611 392/556/612
f 334/473/615 333/472/613 394/558/616
f 394/558/616 333/472/613 393/557/614
f 335/474/617 334/473/615 395/559/618
f 395/559/618 334/473/615 394/558/616
f 336/475/619 335/474/617 396/560/620
f 396/560/620 335/474/617 395/559/618
f 317/476/582 336/475/619 377/541/584
f 377/541/584 336/475/619 396/560/620
s 4
f 338/478/621 337/477/622 278/499/623
f 278/499/623 337/477/622 277/498/624
f 339/479/625 338/478/621 279/500/626
f 279/500/626 338/478/621 278/499/623
f 340/480/627 339/479/625 280/501/628
f 280/501/628 339/479/625 279/500/626
f 341/481/629 340/480/627 281/502/630
f 281/502/630 340/480/627 280/501/628
f 342/482/631 341/481/629 282/503/632
f 282/503/632 341/481/629 281/502/630
f 343/483/633 342/482/631 283/504/634
f 283/504/634 342/482/631 282/503/632
f 344/484/635 343/483/633 284/505/636
f 284/505/636 343/483/633 283/504/634
f 345/485/637 344/484/635 285/506/638
f 285/506/638 344/484/635 284/505/636
f 346/486/639 345/485/637 286/507/640
f 286/507/640 345/485/637 285/506/638
f 347/487/641 346/486/639 287/508/642
f 287/508/642 346/486/639 286/507/640
f 348/488/643 347/487/641 288/509/644
f 288/509/644 347/487/641 287/508/642
f 349/489/645 348/488/643 289/510/646
f 289/510/646 348/488/643 288/509/644
f 350/490/647 349/489/645 290/511/648
f 290/511/648 349/489/645 289/510/646
f 351/491/649 350/490/647 291/512/650
f 291/512/650 350/490/647 290/511/648
f 352/492/651 351/491/649 292/513/652
f 292/513/652 351/491/649 291/512/650
f 353/493/653 352/492/651 293/514/654
f 293/514/654 352/492/651 292/513/652
f 354/494/655 353/493/653 294/515/656
f 294/515/656 353/493/653 293/514/654
f 355/495/657 354/494/655 295/516/658
f 295/516/658 354/494/655 294/515/656
f 356/496/659 355/495/657 296/517/660
f 296/517/660 355/495/657 295/516/658
f 337/497/622 356/496/659 277/518/624
f 277/518/624 356/496/659 296/517/660
s 3
f 358/521/661 357/519/662 338/478/663
f 338/478/663 357/519/662 337/477/664
f 359/522/665 358/521/661 339/479/666
f 339/479/666 358/521/661 338/478/663
f 360/523/667 359/522/665 340/480/668
f 340/480/668 359/522/665 339/479/666
f 361/524/669 360/523/667 341/481/670
f 341/481/670 360/523/667 340/480/668
f 362/525/671 361/524/669 342/482/672
f 342/482/672 361/524/669 341/481/670
f 363/526/673 362/525/671 343/483/674
f 343/483/674 362/525/671 342/482/672
f 364/527/675 363/526/673 344/484/676
f 344/484/676 363/526/673 343/483/674
f 365/528/677 364/527/675 345/485/678
f 345/485/678 364/527/675 344/484/676
f 366/529/679 365/528/677 346/486/680
f 346/486/680 365/528/677 345/485/678
f 367/530/681 366/529/679 347/487/682
f 347/487/682 366/529/679 346/486/680
f 368/531/683 367/530/681 348/488/684
f 348/488/684 367/530/681 347/487/682
f 369/532/685 368/531/683 349/489/686
f 349/489/686 368/531/683 348/488/684
f 370/533/687 369/532/685 350/490/688
f 350/490/688 369/532/685 349/489/686
f 371/534/689 370/533/687 351/491/690
f 351/491/690 370/533/687 350/490/688
f 372/535/691 371/534/689 352/492/692
f 352/492/692 371/534/689 351/491/690
f 373/536/693 372/535/691 353/493/694
f 353/493/694 372/535/691 352/492/692
f 374/537/695 373/536/693 354/494/696
f 354/494/696 373/536/693 353/493/694
f 375/538/697 374/537/695 355/495/698
f 355/495/698 374/537/695 354/494/696
f 376/539/699 375/538/697 356/496/700
f 356/496/700 375/538/697 355/495/698
f 357/520/662 376/539/699 337/497/664
f 337/497/664 376/539/699 356/496/700
f 378/542/583 377/540/584 358/521/661
f 358/521/661 377/540/584 357/519/662
f 379/543/586 378/542/583 359/522/665
f 359/522/665 378/542/583 358/521/661
f 380/544/588 379/543/586 360/523/667
f 360/523/667 379/543/586 359/522/665
f 381/545/590 380/544/588 361/524/669
f 361/524/669 380/544/588 360/523/667
f 382/546/592 381/545/590 362/525/671
f 362/525/671 381/545/590 361/524/669
f 383/547/594 382/546/592 363/526/673
f 363/526/673 382/546/592 362/525/671
f 384/548/596 383/547/594 364/527/675
f 364/527/675 383/547/594 363/526/673
f 385/549/598 384/548/596 365/528/677
f 365/528/677 384/548/596 364/527/675
f 386/550/600 385/549/598 366/529/679
f 366/529/679 385/549/598 365/528/677
f 387/551/602 386/550/600 367/530/681
f 367/530/681 386/550/600 366/529/679
f 388/552/604 387/551/602 368/531/683
f 368/531/683 387/551/602 367/530/681
f 389/553/606 388/552/604 369/532/685
f 369/532/685 388/552/604 368/531/683
f 390/554/608 389/553/606 370/533/687
f 370/533/687 389/553/606 369/532/685
f 391/555/610 390/554/608 371/534/689
f 371/534/689 390/554/608 370/533/687
f 392/556/612 391/555/610 372/535/691
f 372/535/691 391/555/610 371/534/689
f 393/557/614 392/556/612 373/536/693
f 373/536/693 392/556/612 372/535/691
f 394/558/616 393/557/614 374/537/695
f 374/537/695 393/557/614 373/536/693
f 395/559/618 394/558/616 375/538/697
f 375/538/697 394/558/616 374/537/695
f 396/560/620 395/559/618 376/539/699
f 376/539/699 395/559/618 375/538/697
f 377/541/584 396/560/620 357/520/662
f 357/520/662 396/560/620 376/539/699
s 1
f 398/563/701 397/561/702 298/436/703
f 298/436/703 397/561/702 297/435/704
f 399/564/705 398/563/701 299/437/706
f 299/437/706 398/563/701 298/436/703
f 400/565/707 399/564/705 300/438/708
f 300/438/708 399/564/705 299/437/706
f 401/566/709 400/565/707 301/439/710
f 301/439/710 400/565/707 300/438/708
f 402/567/711 401/566/709 302/440/712
f 302/440/712 401/566/709 301/439/710
f 403/568/713 402/567/711 303/441/714
f 303/441/714 402/567/711 302/440/712
f 404/569/715 403/568/713 304/442/716
f 304/442/716 403/568/713 303/441/714
f 405/570/717 404/569/715 305/443/718
f 305/443/718 404/569/715 304/442/716
f 406/571/719 405/570/717 306/444/720
f 306/444/720 405/570/717 305/443/718
f 407/572/721 406/571/719 307/445/722
f 307/445/722 406/571/719 306/444/720
f 408/573/723 407/572/721 308/446/724
f 308/446/724 407/572/721 307/445/722
f 409/574/725 408/573/723 309/447/726
f 309/447/726 408/573/723 308/446/724
f 410/575/727 409/574/725 310/448/728
f 310/448/728 409/574/725 309/447/726
f 411/576/729 410/575/727 311/449/730
f 311/449/730 410/575/727 310/448/728
f 412/577/731 411/576/729 312/450/732
f 312/450/732 411/576/729 311/449/730
f 413/578/733 412/577/731 313/451/734
f 313/451/734 412/577/731 312/450/732
f 414/579/735 413/578/733 314/452/736
f 314/452/736 413/578/733 313/451/734
f 415/580/737 414/579/735 315/453/738
f 315/453/738 414/579/735 314/452/736
f 416/581/739 415/580/737 316/454/740
f 316/454/740 415/580/737 315/453/738
f 397/562/702 416/581/739 297/455/704
f 297/455/704 416/581/739 316/454/740
f 418/584/503 417/582/504 398/563/701
f 398/563/701 417/582/504 397/561/702
f 419/585/506 418/584/503 399/564/705
f 399/564/705 418/584/503 398/563/701
f 420/586/508 419/585/506 400/565/707
f 400/565/707 419/585/506 399/564/705
f 421/587/510 420/586/508 401/566/709
f 401/566/709 420/586/508 400/565/707
f 422/588/512 421/587/510 402/567/711
f 402/567/711 421/587/510 401/566/709
f 423/589/514 422/588/512 403/568/713
f 403/568/713 422/588/512 402/567/711
f 424/590/516 423/589/514 404/569/715
f 404/569/715 423/589/514 403/568/713
f 425/591/518 424/590/516 405/570/717
f 405/570/717 424/590/516 404/569/715
f 426/592/520 425/591/518 406/571/719
f 406/571/719 425/591/518 405/570/717
f 427/593/522 426/592/520 407/572/721
f 407/572/721 426/592/520 406/571/719
f 428/594/524 427/593/522 408/573/723
f 408/573/723 427/593/522 407/572/721
f 429/595/526 428/594/524 409/574/725
f 409/574/725 428/594/524 408/573/723
f 430/596/528 429/595/526 410/575/727
f 410/575/727 429/595/526 409/574/725
f 431/597/530 430/596/528 411/576/729
f 411/576/729 430/596/528 410/575/727
f 432/598/532 431/597/530 412/577/731
f 412/577/731 431/597/530 411/576/729
f 433/599/534 432/598/532 413/578/733
f 413/578/733 432/598/532 412/577/731
f 434/600/536 433/599/534 414/579/735
f 414/579/735 433/599/534 413/578/733
f 435/601/538 434/600/536 415/580/737
f 415/580/737 434/600/536 414/579/735
f 436/602/540 435/601/538 416/581/739
f 416/581/739 435/601/538 415/580/737
f 417/583/504 436/602/540 397/562/702
f 397/562/702 436/602/540 416/581/739
g default
v 1.000000 0.208335 1.000000
v 1.000000 0.198139 0.935621
v 1.000000 0.168547 0.877544
v 1.000000 0.122456 0.831453
v 1.000000 0.064379 0.801861
v 1.000000 0.000000 0.791665
v 1.000000 -0.064379 0.801861
v 1.000000 -0.122456 0.831453
v 1.000000 -0.168547 0.877544
v 1.000000 -0.198139 0.935621
v 1.000000 -0.208335 1.000000
v 1.000000 -0.198139 1.064379
v 1.000000 -0.168547 1.122456
v 1.000000 -0.122456 1.168547
v 1.000000 -0.064379 1.198139
v 1.000000 0.000000 1.208335
v 1.000000 0.064379 1.198139
v 1.000000 0.122456 1.168547
v 1.000000 0.168547 1.122456
v 1.000000 0.198139 1.064379
v 0.500000 0.208335 1.000000
v 0.500000 0.198139 0.935621
v 0.500000 0.168547 0.877544
v 0.500000 0.122456 0.831453
v 0.500000 0.064379 0.801861
v 0.500000 0.000000 0.791665
v 0.500000 -0.064379 0.801861
v 0.500000 -0.122456 0.831453
v 0.500000 -0.168547 0.877544
v 0.500000 -0.198139 0.935621
v 0.500000 -0.208335 1.000000
v 0.500000 -0.198139 1.064379
v 0.500000 -0.168547 1.122456
v 0.500000 -0.122456 1.168547
v 0.500000 -0.064379 1.198139
v 0.500000 0.000000 1.208335
v 0.500000 0.064379 1.198139
v 0.500000 0.122456 1.168547
v 0.500000 0.168547 1.122456
v 0.500000 0.198139 1.064379
v 0.500000 0.260419 1.000000
v 0.500000 0.247673 0.919526
v 0.500000 0.210683 0.846929
v 0.500000 0.153071 0.789317
v 0.500000 0.080474 0.752327
v 0.500000 -0.000000 0.739581
v 0.500000 -0.080474 0.752327
v 0.500000 -0.153071 0.789316
v 0.500000 -0.210684 0.846929
v 0.500000 -0.247673 0.919526
v 0.500000 -0.260419 1.000000
v 0.500000 -0.247673 1.080474
v 0.500000 -0.210684 1.153071
v 0.500000 -0.153071 1.210684
v 0.500000 -0.080474 1.247673
v 0.500000 0.000000 1.260419
v 0.500000 0.080474 1.247673
v 0.500000 0.153071 1.210684
v 0.500000 0.210684 1.153071
v 0.500000 0.247673 1.080474
v 1.000000 0.260419 1.000000
v 1.000000 0.247673 0.919526
v 1.000000 0.210683 0.846929
v 1.000000 0.153071 0.789317
v 1.000000 0.080474 0.752327
v 1.000000 -0.000000 0.739581
v 1.000000 -0.080474 0.752327
v 1.000000 -0.153071 0.789316
v 1.000000 -0.210684 0.846929
v 1.000000 -0.247673 0.919526
v 1.000000 -0.260419 1.000000
v 1.000000 -0.247673 1.080474
v 1.000000 -0.210684 1.153071
v 1.000000 -0.153071 1.210684
v 1.000000 -0.080474 1.247673
v 1.000000 0.000000 1.260419
v 1.000000 0.080474 1.247673
v 1.000000 0.153071 1.210684
v 1.000000 0.210684 1.153071
v 1.000000 0.247673 1.080474
v 0.961098 0.260419 1.000000
v 0.961098 0.247673 0.919526
v 0.961098 0.210683 0.846929
v 0.961098 0.153071 0.789317
v 0.961098 0.080474 0.752327
v 0.961098 -0.000000 0.739581
v 0.961098 -0.080474 0.752327
v 0.961098 -0.153071 0.789316
v 0.961098 -0.210684 0.846929
v 0.961098 -0.247673 0.919526
v 0.961098 -0.260419 1.000000
v 0.961098 -0.247673 1.080474
v 0.961098 -0.210684 1.153071
v 0.961098 -0.153071 1.210684
v 0.961098 -0.080474 1.247673
v 0.961098 0.000000 1.260419
v 0.961098 0.080474 1.247673
v 0.961098 0.153071 1.210684
v 0.961098 0.210684 1.153071
v 0.961098 0.247673 1.080474
v 0.536089 0.260419 1.000000
v 0.536089 0.247673 0.919526
v 0.536089 0.210683 0.846929
v 0.536089 0.153071 0.789317
v 0.536089 0.080474 0.752327
v 0.536089 -0.000000 0.739581
v 0.536089 -0.080474 0.752327
v 0.536089 -0.153071 0.789317
v 0.536089 -0.210684 0.846929
v 0.536089 -0.247673 0.919526
v 0.536089 -0.260419 1.000000
v 0.536089 -0.247673 1.080474
v 0.536089 -0.210684 1.153071
v 0.536089 -0.153071 1.210684
v 0.536089 -0.080474 1.247673
v 0.536089 0.000000 1.260419
v 0.536089 0.080474 1.247673
v 0.536089 0.153071 1.210684
v 0.536089 0.210684 1.153071
v 0.536089 0.247673 1.080474
v 0.966201 0.208335 1.000000
v 0.966201 0.198139 0.935621
v 0.966201 0.168547 0.877544
v 0.966201 0.122456 0.831453
v 0.966201 0.064379 0.801861
v 0.966201 0.000000 0.791665
v 0.966201 -0.064379 0.801861
v 0.966201 -0.122456 0.831453
v 0.966201 -0.168547 0.877544
v 0.966201 -0.198139 0.935621
v 0.966201 -0.208335 1.000000
v 0.966201 -0.198139 1.064379
v 0.966201 -0.168547 1.122456
v 0.966201 -0.122456 1.168547
v 0.966201 -0.064379 1.198139
v 0.966201 0.000000 1.208335
v 0.966201 0.064379 1.198139
v 0.966201 0.122456 1.168547
v 0.966201 0.168547 1.122456
v 0.966201 0.198139 1.064379
v 0.546131 0.208335 1.000000
v 0.546131 0.198139 0.935621
v 0.546131 0.168547 0.877544
v 0.546131 0.122456 0.831453
v 0.546131 0.064379 0.801861
v 0.546131 0.000000 0.791665
v 0.546131 -0.064379 0.801861
v 0.546131 -0.122456 0.831453
v 0.546131 -0.168547 0.877544
v 0.546131 -0.198139 0.935621
v 0.546131 -0.208335 1.000000
v 0.546131 -0.198139 1.064379
v 0.546131 -0.168547 1.122456
v 0.546131 -0.122456 1.168547
v 0.546131 -0.064379 1.198139
v 0.546131 0.000000 1.208335
v 0.546131 0.064379 1.198139
v 0.546131 0.122456 1.168547
v 0.546131 0.168547 1.122456
v 0.546131 0.198139 1.064379
vt 0.000000 1.000000
vt 0.050000 1.000000
vt 0.100000 1.000000
vt 0.150000 1.000000
vt 0.200000 1.000000
vt 0.250000 1.000000
vt 0.300000 1.000000
vt 0.350000 1.000000
vt 0.400000 1.000000
vt 0.450000 1.000000
vt 0.500000 1.000000
vt 0.550000 1.000000
vt 0.600000 1.000000
vt 0.650000 1.000000
vt 0.700000 1.000000
vt 0.750000 1.000000
vt 0.800000 1.000000
vt 0.850000 1.000000
vt 0.900000 1.000000
vt 0.950000 1.000000
vt 1.000000 1.000000
vt 0.000000 0.750000
vt 0.050000 0.750000
vt 0.100000 0.750000
vt 0.150000 0.750000
vt 0.200000 0.750000
vt 0.250000 0.750000
vt 0.300000 0.750000
vt 0.350000 0.750000
vt 0.400000 0.750000
vt 0.450000 0.750000
vt 0.500000 0.750000
vt 0.550000 0.750000
vt 0.600000 0.750000
vt 0.650000 0.750000
vt 0.700000 0.750000
vt 0.750000 0.750000
vt 0.800000 0.750000
vt 0.850000 0.750000
vt 0.900000 0.750000
vt 0.950000 0.750000
vt 1.000000 0.750000
vt 0.000000 0.500000
vt 0.050000 0.500000
vt 0.100000 0.500000
vt 0.150000 0.500000
vt 0.200000 0.500000
vt 0.250000 0.500000
vt 0.300000 0.500000
vt 0.350000 0.500000
vt 0.400000 0.500000
vt 0.450000 0.500000
vt 0.500000 0.500000
vt 0.550000 0.500000
vt 0.600000 0.500000
vt 0.650000 0.500000
vt 0.700000 0.500000
vt 0.750000 0.500000
vt 0.800000 0.500000
vt 0.850000 0.500000
vt 0.900000 0.500000
vt 0.950000 0.500000
vt 1.000000 0.500000
vt 0.000000 0.250000
vt 0.050000 0.250000
vt 0.100000 0.250000
vt 0.150000 0.250000
vt 0.200000 0.250000
vt 0.250000 0.250000
vt 0.300000 0.250000
vt 0.350000 0.250000
vt 0.400000 0.250000
vt 0.450000 0.250000
vt 0.500000 0.250000
vt 0.550000 0.250000
vt 0.600000 0.250000
vt 0.650000 0.250000
vt 0.700000 0.250000
vt 0.750000 0.250000
vt 0.800000 0.250000
vt 0.850000 0.250000
vt 0.900000 0.250000
vt 0.950000 0.250000
vt 1.000000 0.250000
vt 0.000000 0.000000
vt 0.050000 0.000000
vt 0.100000 0.000000
vt 0.150000 0.000000
vt 0.200000 0.000000
vt 0.250000 0.000000
vt 0.300000 0.000000
vt 0.350000 0.000000
vt 0.400000 0.000000
vt 0.450000 0.000000
vt 0.500000 0.000000
vt 0.550000 0.000000
vt 0.600000 0.000000
vt 0.650000 0.000000
vt 0.700000 0.000000
vt 0.750000 0.000000
vt 0.800000 0.000000
vt 0.850000 0.000000
vt 0.900000 0.000000
vt 0.950000 0.000000
vt 1.000000 0.000000
vt 0.000000 0.269451
vt 1.000000 0.269451
vt 0.050000 0.269451
vt 0.100000 0.269451
vt 0.150000 0.269451
vt 0.200000 0.269451
vt 0.250000 0.269451
vt 0.300000 0.269451
vt 0.350000 0.269451
vt 0.400000 0.269451
vt 0.450000 0.269451
vt 0.500000 0.269451
vt 0.550000 0.269451
vt 0.600000 0.269451
vt 0.650000 0.269451
vt 0.700000 0.269451
vt 0.750000 0.269451
vt 0.800000 0.269451
vt 0.850000 0.269451
vt 0.900000 0.269451
vt 0.950000 0.269451
vt 0.000000 0.481955
vt 1.000000 0.481955
vt 0.050000 0.481955
vt 0.100000 0.481955
vt 0.150000 0.481955
vt 0.200000 0.481955
vt 0.250000 0.481955
vt 0.300000 0.481955
vt 0.350000 0.481955
vt 0.400000 0.481955
vt 0.450000 0.481955
vt 0.500000 0.481955
vt 0.550000 0.481955
vt 0.600000 0.481955
vt 0.650000 0.481955
vt 0.700000 0.481955
vt 0.750000 0.481955
vt 0.800000 0.481955
vt 0.850000 0.481955
vt 0.900000 0.481955
vt 0.950000 0.481955
vt 0.000000 0.983100
vt 1.000000 0.983100
vt 0.050000 0.983100
vt 0.100000 0.983100
vt 0.150000 0.983100
vt 0.200000 0.983100
vt 0.250000 0.983100
vt 0.300000 0.983100
vt 0.350000 0.983100
vt 0.400000 0.983100
vt 0.450000 0.983100
vt 0.500000 0.983100
vt 0.550000 0.983100
vt 0.600000 0.983100
vt 0.650000 0.983100
vt 0.700000 0.983100
vt 0.750000 0.983100
vt 0.800000 0.983100
vt 0.850000 0.983100
vt 0.900000 0.983100
vt 0.950000 0.983100
vt 0.000000 0.773066
vt 1.000000 0.773066
vt 0.050000 0.773066
vt 0.100000 0.773066
vt 0.150000 0.773066
vt 0.200000 0.773066
vt 0.250000 0.773066
vt 0.300000 0.773066
vt 0.350000 0.773066
vt 0.400000 0.773066
vt 0.450000 0.773066
vt 0.500000 0.773066
vt 0.550000 0.773066
vt 0.600000 0.773066
vt 0.650000 0.773066
vt 0.700000 0.773066
vt 0.750000 0.773066
vt 0.800000 0.773066
vt 0.850000 0.773066
vt 0.900000 0.773066
vt 0.950000 0.773066
vn 0.000000 -0.951057 0.309017
vn 0.000000 -1.000000 0.000001
vn 0.000000 -0.951057 0.309017
vn 0.000000 -1.000000 0.000001
vn 0.000000 -0.809017 0.587785
vn 0.000000 -0.809017 0.587785
vn 0.000000 -0.587785 0.809017
vn 0.000000 -0.587785 0.809017
vn 0.000000 -0.309017 0.951056
vn 0.000000 -0.309017 0.951056
vn 0.000000 0.000000 1.000000
vn 0.000000 0.000000 1.000000
vn 0.000000 0.309017 0.951056
vn 0.000000 0.309017 0.951056
vn 0.000000 0.587785 0.809017
vn 0.000000 0.587785 0.809017
vn 0.000000 0.809017 0.587785
vn 0.000000 0.809017 0.587785
vn 0.000000 0.951056 0.309017
vn 0.000000 0.951056 0.309017
vn 0.000000 1.000000 0.000000
vn 0.000000 1.000000 0.000000
vn 0.000000 0.951057 -0.309017
vn 0.000000 0.951056 -0.309017
vn 0.000000 0.809017 -0.587785
vn 0.000000 0.809017 -0.587785
vn 0.000000 0.587785 -0.809017
vn 0.000000 0.587785 -0.809017
vn 0.000000 0.309017 -0.951056
vn 0.000000 0.309017 -0.951056
vn 0.000000 0.000000 -1.000000
vn 0.000000 0.000000 -1.000000
vn -0.000000 -0.309017 -0.951056
vn -0.000000 -0.309017 -0.951057
vn -0.000000 -0.587785 -0.809017
vn -0.000000 -0.587785 -0.809017
vn -0.000000 -0.809017 -0.587785
vn -0.000000 -0.809017 -0.587785
vn -0.000000 -0.951057 -0.309016
vn -0.000000 -0.951057 -0.309016
vn -1.000000 0.000000 0.000000
vn -1.000000 0.000000 0.000000
vn -1.000000 0.000000 0.000000
vn -1.000000 0.000000 0.000000
vn -1.000000 0.000000 0.000000
vn -1.000000 0.000000 0.000000
vn -1.000000 0.000000 0.000000
vn -1.000000 0.000000 0.000000
vn -1.000000 0.000000 0.000000
vn -1.000000 0.000000 0.000000
vn -1.000000 0.000000 0.000000
vn -1.000000 0.000000 0.000000
vn -1.000000 0.000000 0.000000
vn -1.000000 0.000000 0.000000
vn -1.000000 0.000000 0.000000
vn -1.000000 0.000000 0.000000
vn -1.000000 0.000000 0.000000
vn -1.000000 0.000000 0.000000
vn -1.000000 0.000000 0.000000
vn -1.000000 0.000000 0.000000
vn -1.000000 0.000000 0.000000
vn -1.000000 0.000000 0.000000
vn -1.000000 0.000000 0.000000
vn -1.000000 0.000000 0.000000
vn -1.000000 0.000000 0.000000
vn -1.000000 0.000000 0.000000
vn -1.000000 0.000000 0.000000
vn -1.000000 0.000000 0.000000
vn -1.000000 0.000000 0.000000
vn -1.000000 0.000000 0.000000
vn -1.000000 0.000000 0.000000
vn -1.000000 0.000000 0.000000
vn -1.000000 0.000000 -0.000000
vn -1.000000 0.000000 0.000001
vn -1.000000 0.000000 -0.000000
vn -1.000000 0.000000 0.000000
vn -1.000000 0.000000 0.000000
vn -1.000000 0.000000 0.000000
vn -1.000000 0.000000 0.000000
vn -1.000000 0.000000 0.000000
vn 0.000000 0.951057 -0.309017
vn 0.000000 1.000000 -0.000001
vn -0.000000 0.951057 -0.309017
vn -0.000000 1.000000 -0.000001
vn 0.000000 0.809017 -0.587785
vn -0.000000 0.809017 -0.587785
vn 0.000000 0.587785 -0.809017
vn -0.000000 0.587785 -0.809017
vn 0.000000 0.309017 -0.951056
vn 0.000000 0.309017 -0.951056
vn 0.000000 0.000000 -1.000000
vn 0.000000 0.000000 -1.000000
vn 0.000001 -0.309017 -0.951057
vn 0.000000 -0.309017 -0.951056
vn 0.000001 -0.587785 -0.809017
vn 0.000000 -0.587785 -0.809017
vn 0.000000 -0.809017 -0.587785
vn 0.000000 -0.809017 -0.587785
vn -0.000000 -0.951056 -0.309017
vn 0.000000 -0.951056 -0.309017
vn 0.000000 -1.000000 0.000000
vn -0.000000 -1.000000 -0.000000
vn 0.000000 -0.951057 0.309017
vn 0.000000 -0.951056 0.309017
vn 0.000000 -0.809017 0.587785
vn 0.000000 -0.809017 0.587785
vn 0.000000 -0.587786 0.809017
vn 0.000000 -0.587785 0.809017
vn 0.000000 -0.309017 0.951056
vn 0.000000 -0.309017 0.951056
vn 0.000000 -0.000000 1.000000
vn 0.000000 -0.000000 1.000000
vn 0.000000 0.309017 0.951057
vn 0.000000 0.309017 0.951057
vn 0.000000 0.587785 0.809017
vn 0.000000 0.587785 0.809017
vn 0.000000 0.809017 0.587785
vn 0.000000 0.809017 0.587785
vn 0.000000 0.951057 0.309016
vn 0.000000 0.951057 0.309016
vn 1.000000 0.000000 0.000000
vn 1.000000 0.000000 0.000000
vn 1.000000 0.000000 0.000000
vn 1.000000 0.000000 0.000000
vn 1.000000 0.000000 0.000000
vn 1.000000 0.000000 0.000000
vn 1.000000 0.000000 0.000000
vn 1.000000 0.000000 0.000000
vn 1.000000 0.000000 0.000000
vn 1.000000 0.000000 0.000000
vn 1.000000 0.000000 0.000000
vn 1.000000 0.000000 0.000000
vn 1.000000 0.000000 0.000000
vn 1.000000 0.000000 0.000000
vn 1.000000 0.000000 0.000000
vn 1.000000 0.000000 0.000000
vn 1.000000 0.000000 0.000000
vn 1.000000 0.000000 0.000000
vn 1.000000 0.000000 0.000000
vn 1.000000 0.000000 0.000000
vn 1.000000 0.000000 0.000000
vn 1.000000 0.000000 0.000000
vn 1.000000 0.000000 0.000000
vn 1.000000 0.000000 0.000000
vn 1.000000 0.000000 0.000000
vn 1.000000 0.000000 0.000000
vn 1.000000 0.000000 0.000000
vn 1.000000 0.000000 0.000000
vn 1.000000 0.000000 0.000000
vn 1.000000 0.000000 0.000000
vn 1.000000 0.000000 -0.000000
vn 1.000000 0.000000 -0.000000
vn 1.000000 0.000000 0.000000
vn 1.000000 0.000000 0.000000
vn 1.000000 0.000000 0.000000
vn 1.000000 0.000000 0.000000
vn 1.000000 0.000000 0.000000
vn 1.000000 0.000000 0.000000
vn 1.000000 0.000000 0.000000
vn 1.000000 0.000000 0.000000
vn -0.000000 0.951056 -0.309017
vn 0.000000 1.000000 -0.000001
vn 0.000000 0.951056 -0.309017
vn 0.000000 1.000000 -0.000001
vn -0.000000 0.809017 -0.587785
vn 0.000000 0.809017 -0.587785
vn 0.000000 0.587785 -0.809017
vn 0.000000 0.587785 -0.809017
vn -0.000000 0.309017 -0.951056
vn 0.000000 0.309017 -0.951056
vn -0.000000 0.000000 -1.000000
vn -0.000000 -0.000000 -1.000000
vn -0.000000 -0.309017 -0.951056
vn -0.000000 -0.309017 -0.951057
vn -0.000000 -0.587785 -0.809017
vn -0.000000 -0.587785 -0.809017
vn -0.000000 -0.809017 -0.587785
vn -0.000000 -0.809017 -0.587785
vn 0.000000 -0.951056 -0.309017
vn -0.000000 -0.951056 -0.309017
vn -0.000000 -1.000000 -0.000000
vn 0.000000 -1.000000 0.000000
vn -0.000000 -0.951056 0.309017
vn 0.000000 -0.951056 0.309017
vn -0.000000 -0.809017 0.587785
vn -0.000000 -0.809017 0.587785
vn -0.000000 -0.587786 0.809017
vn 0.000000 -0.587786 0.809017
vn -0.000000 -0.309017 0.951056
vn 0.000000 -0.309017 0.951056
vn 0.000000 0.000000 1.000000
vn 0.000000 -0.000000 1.000000
vn 0.000000 0.309017 0.951057
vn 0.000000 0.309017 0.951057
vn 0.000000 0.587785 0.809017
vn 0.000000 0.587785 0.809017
vn 0.000000 0.809017 0.587785
vn 0.000000 0.809017 0.587785
vn 0.000000 0.951057 0.309016
vn 0.000000 0.951057 0.309016
vn 0.000000 -0.951057 0.309017
vn 0.000000 -1.000000 0.000001
vn 0.000000 -0.809017 0.587785
vn 0.000000 -0.587785 0.809017
vn 0.000000 -0.309017 0.951057
vn 0.000000 0.000000 1.000000
vn 0.000000 0.309017 0.951057
vn 0.000000 0.587785 0.809017
vn 0.000000 0.809017 0.587785
vn 0.000000 0.951056 0.309017
vn 0.000000 1.000000 0.000000
vn 0.000000 0.951056 -0.309017
vn 0.000000 0.809017 -0.587785
vn 0.000000 0.587785 -0.809017
vn 0.000000 0.309017 -0.951056
vn 0.000000 0.000000 -1.000000
vn -0.000000 -0.309017 -0.951056
vn -0.000000 -0.587785 -0.809017
vn -0.000000 -0.809017 -0.587785
vn -0.000000 -0.951057 -0.309016
vn 0.000000 -0.951057 0.309017
vn 0.000000 -1.000000 0.000001
vn 0.000000 -0.809017 0.587785
vn 0.000000 -0.587785 0.809017
vn 0.000000 -0.309017 0.951056
vn 0.000000 0.000000 1.000000
vn 0.000000 0.309017 0.951057
vn 0.000000 0.587785 0.809017
vn 0.000000 0.809017 0.587785
vn 0.000000 0.951056 0.309017
vn 0.000000 1.000000 0.000000
vn 0.000000 0.951057 -0.309017
vn 0.000000 0.809017 -0.587785
vn 0.000000 0.587785 -0.809017
vn 0.000000 0.309017 -0.951056
vn 0.000000 0.000000 -1.000000
vn -0.000000 -0.309017 -0.951056
vn -0.000000 -0.587785 -0.809017
vn -0.000000 -0.809017 -0.587785
vn -0.000000 -0.951057 -0.309016
s 1
g pPipe2
usemtl lambert14SG
f 438/604/741 437/603/742 558/752/743
f 558/752/743 437/603/742 557/750/744
f 439/605/745 438/604/741 559/753/746
f 559/753/746 438/604/741 558/752/743
f 440/606/747 439/605/745 560/754/748
f 560/754/748 439/605/745 559/753/746
f 441/607/749 440/606/747 561/755/750
f 561/755/750 440/606/747 560/754/748
f 442/608/751 441/607/749 562/756/752
f 562/756/752 441/607/749 561/755/750
f 443/609/753 442/608/751 563/757/754
f 563/757/754 442/608/751 562/756/752
f 444/610/755 443/609/753 564/758/756
f 564/758/756 443/609/753 563/757/754
f 445/611/757 444/610/755 565/759/758
f 565/759/758 444/610/755 564/758/756
f 446/612/759 445/611/757 566/760/760
f 566/760/760 445/611/757 565/759/758
f 447/613/761 446/612/759 567/761/762
f 567/761/762 446/612/759 566/760/760
f 448/614/763 447/613/761 568/762/764
f 568/762/764 447/613/761 567/761/762
f 449/615/765 448/614/763 569/763/766
f 569/763/766 448/614/763 568/762/764
f 450/616/767 449/615/765 570/764/768
f 570/764/768 449/615/765 569/763/766
f 451/617/769 450/616/767 571/765/770
f 571/765/770 450/616/767 570/764/768
f 452/618/771 451/617/769 572/766/772
f 572/766/772 451/617/769 571/765/770
f 453/619/773 452/618/771 573/767/774
f 573/767/774 452/618/771 572/766/772
f 454/620/775 453/619/773 574/768/776
f 574/768/776 453/619/773 573/767/774
f 455/621/777 454/620/775 575/769/778
f 575/769/778 454/620/775 574/768/776
f 456/622/779 455/621/777 576/770/780
f 576/770/780 455/621/777 575/769/778
f 437/623/742 456/622/779 557/751/744
f 557/751/744 456/622/779 576/770/780
s 2
f 458/625/781 457/624/782 478/646/783
f 478/646/783 457/624/782 477/645/784
f 459/626/785 458/625/781 479/647/786
f 479/647/786 458/625/781 478/646/783
f 460/627/787 459/626/785 480/648/788
f 480/648/788 459/626/785 479/647/786
f 461/628/789 460/627/787 481/649/790
f 481/649/790 460/627/787 480/648/788
f 462/629/791 461/628/789 482/650/792
f 482/650/792 461/628/789 481/649/790
f 463/630/793 462/629/791 483/651/794
f 483/651/794 462/629/791 482/650/792
f 464/631/795 463/630/793 484/652/796
f 484/652/796 463/630/793 483/651/794
f 465/632/797 464/631/795 485/653/798
f 485/653/798 464/631/795 484/652/796
f 466/633/799 465/632/797 486/654/800
f 486/654/800 465/632/797 485/653/798
f 467/634/801 466/633/799 487/655/802
f 487/655/802 466/633/799 486/654/800
f 468/635/803 467/634/801 488/656/804
f 488/656/804 467/634/801 487/655/802
f 469/636/805 468/635/803 489/657/806
f 489/657/806 468/635/803 488/656/804
f 470/637/807 469/636/805 490/658/808
f 490/658/808 469/636/805 489/657/806
f 471/638/809 470/637/807 491/659/810
f 491/659/810 470/637/807 490/658/808
f 472/639/811 471/638/809 492/660/812
f 492/660/812 471/638/809 491/659/810
f 473/640/813 472/639/811 493/661/814
f 493/661/814 472/639/811 492/660/812
f 474/641/815 473/640/813 494/662/816
f 494/662/816 473/640/813 493/661/814
f 475/642/817 474/641/815 495/663/818
f 495/663/818 474/641/815 494/662/816
f 476/643/819 475/642/817 496/664/820
f 496/664/820 475/642/817 495/663/818
f 457/644/782 476/643/819 477/665/784
f 477/665/784 476/643/819 496/664/820
s 3
f 478/646/821 477/645/822 538/731/823
f 538/731/823 477/645/822 537/729/824
f 479/647/825 478/646/821 539/732/826
f 539/732/826 478/646/821 538/731/823
f 480/648/827 479/647/825 540/733/828
f 540/733/828 479/647/825 539/732/826
f 481/649/829 480/648/827 541/734/830
f 541/734/830 480/648/827 540/733/828
f 482/650/831 481/649/829 542/735/832
f 542/735/832 481/649/829 541/734/830
f 483/651/833 482/650/831 543/736/834
f 543/736/834 482/650/831 542/735/832
f 484/652/835 483/651/833 544/737/836
f 544/737/836 483/651/833 543/736/834
f 485/653/837 484/652/835 545/738/838
f 545/738/838 484/652/835 544/737/836
f 486/654/839 485/653/837 546/739/840
f 546/739/840 485/653/837 545/738/838
f 487/655/841 486/654/839 547/740/842
f 547/740/842 486/654/839 546/739/840
f 488/656/843 487/655/841 548/741/844
f 548/741/844 487/655/841 547/740/842
f 489/657/845 488/656/843 549/742/846
f 549/742/846 488/656/843 548/741/844
f 490/658/847 489/657/845 550/743/848
f 550/743/848 489/657/845 549/742/846
f 491/659/849 490/658/847 551/744/850
f 551/744/850 490/658/847 550/743/848
f 492/660/851 491/659/849 552/745/852
f 552/745/852 491/659/849 551/744/850
f 493/661/853 492/660/851 553/746/854
f 553/746/854 492/660/851 552/745/852
f 494/662/855 493/661/853 554/747/856
f 554/747/856 493/661/853 553/746/854
f 495/663/857 494/662/855 555/748/858
f 555/748/858 494/662/855 554/747/856
f 496/664/859 495/663/857 556/749/860
f 556/749/860 495/663/857 555/748/858
f 477/665/822 496/664/859 537/730/824
f 537/730/824 496/664/859 556/749/860
s 4
f 498/667/861 497/666/862 438/688/863
f 438/688/863 497/666/862 437/687/864
f 499/668/865 498/667/861 439/689/866
f 439/689/866 498/667/861 438/688/863
f 500/669/867 499/668/865 440/690/868
f 440/690/868 499/668/865 439/689/866
f 501/670/869 500/669/867 441/691/870
f 441/691/870 500/669/867 440/690/868
f 502/671/871 501/670/869 442/692/872
f 442/692/872 501/670/869 441/691/870
f 503/672/873 502/671/871 443/693/874
f 443/693/874 502/671/871 442/692/872
f 504/673/875 503/672/873 444/694/876
f 444/694/876 503/672/873 443/693/874
f 505/674/877 504/673/875 445/695/878
f 445/695/878 504/673/875 444/694/876
f 506/675/879 505/674/877 446/696/880
f 446/696/880 505/674/877 445/695/878
f 507/676/881 506/675/879 447/697/882
f 447/697/882 506/675/879 446/696/880
f 508/677/883 507/676/881 448/698/884
f 448/698/884 507/676/881 447/697/882
f 509/678/885 508/677/883 449/699/886
f 449/699/886 508/677/883 448/698/884
f 510/679/887 509/678/885 450/700/888
f 450/700/888 509/678/885 449/699/886
f 511/680/889 510/679/887 451/701/890
f 451/701/890 510/679/887 450/700/888
f 512/681/891 511/680/889 452/702/892
f 452/702/892 511/680/889 451/701/890
f 513/682/893 512/681/891 453/703/894
f 453/703/894 512/681/891 452/702/892
f 514/683/895 513/682/893 454/704/896
f 454/704/896 513/682/893 453/703/894
f 515/684/897 514/683/895 455/705/898
f 455/705/898 514/683/895 454/704/896
f 516/685/899 515/684/897 456/706/900
f 456/706/900 515/684/897 455/705/898
f 497/686/862 516/685/899 437/707/864
f 437/707/864 516/685/899 456/706/900
s 3
f 518/710/901 517/708/902 498/667/903
f 498/667/903 517/708/902 497/666/904
f 519/711/905 518/710/901 499/668/906
f 499/668/906 518/710/901 498/667/903
f 520/712/907 519/711/905 500/669/908
f 500/669/908 519/711/905 499/668/906
f 521/713/909 520/712/907 501/670/910
f 501/670/910 520/712/907 500/669/908
f 522/714/911 521/713/909 502/671/912
f 502/671/912 521/713/909 501/670/910
f 523/715/913 522/714/911 503/672/914
f 503/672/914 522/714/911 502/671/912
f 524/716/915 523/715/913 504/673/916
f 504/673/916 523/715/913 503/672/914
f 525/717/917 524/716/915 505/674/918
f 505/674/918 524/716/915 504/673/916
f 526/718/919 525/717/917 506/675/920
f 506/675/920 525/717/917 505/674/918
f 527/719/921 526/718/919 507/676/922
f 507/676/922 526/718/919 506/675/920
f 528/720/923 527/719/921 508/677/924
f 508/677/924 527/719/921 507/676/922
f 529/721/925 528/720/923 509/678/926
f 509/678/926 528/720/923 508/677/924
f 530/722/927 529/721/925 510/679/928
f 510/679/928 529/721/925 509/678/926
f 531/723/929 530/722/927 511/680/930
f 511/680/930 530/722/927 510/679/928
f 532/724/931 531/723/929 512/681/932
f 512/681/932 531/723/929 511/680/930
f 533/725/933 532/724/931 513/682/934
f 513/682/934 532/724/931 512/681/932
f 534/726/935 533/725/933 514/683/936
f 514/683/936 533/725/933 513/682/934
f 535/727/937 534/726/935 515/684/938
f 515/684/938 534/726/935 514/683/936
f 536/728/939 535/727/937 516/685/940
f 516/685/940 535/727/937 515/684/938
f 517/709/902 536/728/939 497/686/904
f 497/686/904 536/728/939 516/685/940
f 538/731/823 537/729/824 518/710/901
f 518/710/901 537/729/824 517/708/902
f 539/732/826 538/731/823 519/711/905
f 519/711/905 538/731/823 518/710/901
f 540/733/828 539/732/826 520/712/907
f 520/712/907 539/732/826 519/711/905
f 541/734/830 540/733/828 521/713/909
f 521/713/909 540/733/828 520/712/907
f 542/735/832 541/734/830 522/714/911
f 522/714/911 541/734/830 521/713/909
f 543/736/834 542/735/832 523/715/913
f 523/715/913 542/735/832 522/714/911
f 544/737/836 543/736/834 524/716/915
f 524/716/915 543/736/834 523/715/913
f 545/738/838 544/737/836 525/717/917
f 525/717/917 544/737/836 524/716/915
f 546/739/840 545/738/838 526/718/919
f 526/718/919 545/738/838 525/717/917
f 547/740/842 546/739/840 527/719/921
f 527/719/921 546/739/840 526/718/919
f 548/741/844 547/740/842 528/720/923
f 528/720/923 547/740/842 527/719/921
f 549/742/846 548/741/844 529/721/925
f 529/721/925 548/741/844 528/720/923
f 550/743/848 549/742/846 530/722/927
f 530/722/927 549/742/846 529/721/925
f 551/744/850 550/743/848 531/723/929
f 531/723/929 550/743/848 530/722/927
f 552/745/852 551/744/850 532/724/931
f 532/724/931 551/744/850 531/723/929
f 553/746/854 552/745/852 533/725/933
f 533/725/933 552/745/852 532/724/931
f 554/747/856 553/746/854 534/726/935
f 534/726/935 553/746/854 533/725/933
f 555/748/858 554/747/856 535/727/937
f 535/727/937 554/747/856 534/726/935
f 556/749/860 555/748/858 536/728/939
f 536/728/939 555/748/858 535/727/937
f 537/730/824 556/749/860 517/709/902
f 517/709/902 556/749/860 536/728/939
s 1
f 558/752/743 557/750/744 578/773/941
f 578/773/941 557/750/744 577/771/942
f 559/753/746 558/752/743 579/774/943
f 579/774/943 558/752/743 578/773/941
f 560/754/748 559/753/746 580/775/944
f 580/775/944 559/753/746 579/774/943
f 561/755/750 560/754/748 581/776/945
f 581/776/945 560/754/748 580/775/944
f 562/756/752 561/755/750 582/777/946
f 582/777/946 561/755/750 581/776/945
f 563/757/754 562/756/752 583/778/947
f 583/778/947 562/756/752 582/777/946
f 564/758/756 563/757/754 584/779/948
f 584/779/948 563/757/754 583/778/947
f 565/759/758 564/758/756 585/780/949
f 585/780/949 564/758/756 584/779/948
f 566/760/760 565/759/758 586/781/950
f 586/781/950 565/759/758 585/780/949
f 567/761/762 566/760/760 587/782/951
f 587/782/951 566/760/760 586/781/950
f 568/762/764 567/761/762 588/783/952
f 588/783/952 567/761/762 587/782/951
f 569/763/766 568/762/764 589/784/953
f 589/784/953 568/762/764 588/783/952
f 570/764/768 569/763/766 590/785/954
f 590/785/954 569/763/766 589/784/953
f 571/765/770 570/764/768 591/786/955
f 591/786/955 570/764/768 590/785/954
f 572/766/772 571/765/770 592/787/956
f 592/787/956 571/765/770 591/786/955
f 573/767/774 572/766/772 593/788/957
f 593/788/957 572/766/772 592/787/956
f 574/768/776 573/767/774 594/789/958
f 594/789/958 573/767/774 593/788/957
f 575/769/778 574/768/776 595/790/959
f 595/790/959 574/768/776 594/789/958
f 576/770/780 575/769/778 596/791/960
f 596/791/960 575/769/778 595/790/959
f 557/751/744 576/770/780 577/772/942
f 577/772/942 576/770/780 596/791/960
f 578/773/941 577/771/942 458/625/961
f 458/625/961 577/771/942 457/624/962
f 579/774/943 578/773/941 459/626/963
f 459/626/963 578/773/941 458/625/961
f 580/775/944 579/774/943 460/627/964
f 460/627/964 579/774/943 459/626/963
f 581/776/945 580/775/944 461/628/965
f 461/628/965 580/775/944 460/627/964
f 582/777/946 581/776/945 462/629/966
f 462/629/966 581/776/945 461/628/965
f 583/778/947 582/777/946 463/630/967
f 463/630/967 582/777/946 462/629/966
f 584/779/948 583/778/947 464/631/968
f 464/631/968 583/778/947 463/630/967
f 585/780/949 584/779/948 465/632/969
f 465/632/969 584/779/948 464/631/968
f 586/781/950 585/780/949 466/633/970
f 466/633/970 585/780/949 465/632/969
f 587/782/951 586/781/950 467/634/971
f 467/634/971 586/781/950 466/633/970
f 588/783/952 587/782/951 468/635/972
f 468/635/972 587/782/951 467/634/971
f 589/784/953 588/783/952 469/636/973
f 469/636/973 588/783/952 468/635/972
f 590/785/954 589/784/953 470/637/974
f 470/637/974 589/784/953 469/636/973
f 591/786/955 590/785/954 471/638/975
f 471/638/975 590/785/954 470/637/974
f 592/787/956 591/786/955 472/639/976
f 472/639/976 591/786/955 471/638/975
f 593/788/957 592/787/956 473/640/977
f 473/640/977 592/787/956 472/639/976
f 594/789/958 593/788/957 474/641/978
f 474/641/978 593/788/957 473/640/977
f 595/790/959 594/789/958 475/642/979
f 475/642/979 594/789/958 474/641/978
f 596/791/960 595/790/959 476/643/980
f 476/643/980 595/790/959 475/642/979
f 577/772/942 596/791/960 457/644/962
f 457/644/962 596/791/960 476/643/980
g default
v 1.000000 0.208000 -1.000000
v 1.000000 0.197820 -1.064276
v 1.000000 0.168276 -1.122259
v 1.000000 0.122259 -1.168276
v 1.000000 0.064276 -1.197820
v 1.000000 0.000000 -1.208000
v 1.000000 -0.064276 -1.197820
v 1.000000 -0.122259 -1.168276
v 1.000000 -0.168276 -1.122259
v 1.000000 -0.197820 -1.064276
v 1.000000 -0.208000 -1.000000
v 1.000000 -0.197820 -0.935724
v 1.000000 -0.168276 -0.877741
v 1.000000 -0.122259 -0.831724
v 1.000000 -0.064276 -0.802180
v 1.000000 0.000000 -0.792000
v 1.000000 0.064276 -0.802180
v 1.000000 0.122259 -0.831724
v 1.000000 0.168276 -0.877741
v 1.000000 0.197820 -0.935724
v 0.500000 0.208000 -1.000000
v 0.500000 0.197820 -1.064276
v 0.500000 0.168276 -1.122259
v 0.500000 0.122259 -1.168276
v 0.500000 0.064276 -1.197820
v 0.500000 0.000000 -1.208000
v 0.500000 -0.064276 -1.197820
v 0.500000 -0.122259 -1.168276
v 0.500000 -0.168276 -1.122259
v 0.500000 -0.197820 -1.064276
v 0.500000 -0.208000 -1.000000
v 0.500000 -0.197820 -0.935724
v 0.500000 -0.168276 -0.877741
v 0.500000 -0.122259 -0.831724
v 0.500000 -0.064276 -0.802180
v 0.500000 0.000000 -0.792000
v 0.500000 0.064276 -0.802180
v 0.500000 0.122259 -0.831724
v 0.500000 0.168276 -0.877741
v 0.500000 0.197820 -0.935724
v 0.500000 0.260000 -1.000000
v 0.500000 0.247275 -1.080344
v 0.500000 0.210344 -1.152824
v 0.500000 0.152824 -1.210344
v 0.500000 0.080344 -1.247275
v 0.500000 -0.000000 -1.260000
v 0.500000 -0.080344 -1.247275
v 0.500000 -0.152824 -1.210344
v 0.500000 -0.210344 -1.152824
v 0.500000 -0.247275 -1.080344
v 0.500000 -0.260000 -1.000000
v 0.500000 -0.247275 -0.919656
v 0.500000 -0.210344 -0.847176
v 0.500000 -0.152824 -0.789656
v 0.500000 -0.080344 -0.752725
v 0.500000 0.000000 -0.740000
v 0.500000 0.080344 -0.752725
v 0.500000 0.152824 -0.789655
v 0.500000 0.210345 -0.847176
v 0.500000 0.247275 -0.919656
v 1.000000 0.260000 -1.000000
v 1.000000 0.247275 -1.080344
v 1.000000 0.210344 -1.152824
v 1.000000 0.152824 -1.210344
v 1.000000 0.080344 -1.247275
v 1.000000 -0.000000 -1.260000
v 1.000000 -0.080344 -1.247275
v 1.000000 -0.152824 -1.210344
v 1.000000 -0.210344 -1.152824
v 1.000000 -0.247275 -1.080344
v 1.000000 -0.260000 -1.000000
v 1.000000 -0.247275 -0.919656
v 1.000000 -0.210344 -0.847176
v 1.000000 -0.152824 -0.789656
v 1.000000 -0.080344 -0.752725
v 1.000000 0.000000 -0.740000
v 1.000000 0.080344 -0.752725
v 1.000000 0.152824 -0.789655
v 1.000000 0.210345 -0.847176
v 1.000000 0.247275 -0.919656
v 0.961098 0.260000 -1.000000
v 0.961098 0.247275 -1.080344
v 0.961098 0.210344 -1.152824
v 0.961098 0.152824 -1.210344
v 0.961098 0.080344 -1.247275
v 0.961098 -0.000000 -1.260000
v 0.961098 -0.080344 -1.247275
v 0.961098 -0.152824 -1.210344
v 0.961098 -0.210344 -1.152824
v 0.961098 -0.247275 -1.080344
v 0.961098 -0.260000 -1.000000
v 0.961098 -0.247275 -0.919656
v 0.961098 -0.210344 -0.847176
v 0.961098 -0.152824 -0.789656
v 0.961098 -0.080344 -0.752725
v 0.961098 0.000000 -0.740000
v 0.961098 0.080344 -0.752725
v 0.961098 0.152824 -0.789655
v 0.961098 0.210345 -0.847176
v 0.961098 0.247275 -0.919656
v 0.536089 0.260000 -1.000000
v 0.536089 0.247275 -1.080344
v 0.536089 0.210344 -1.152824
v 0.536089 0.152824 -1.210344
v 0.536089 0.080344 -1.247275
v 0.536089 -0.000000 -1.260000
v 0.536089 -0.080344 -1.247275
v 0.536089 -0.152824 -1.210344
v 0.536089 -0.210344 -1.152824
v 0.536089 -0.247275 -1.080344
v 0.536089 -0.260000 -1.000000
v 0.536089 -0.247275 -0.919656
v 0.536089 -0.210344 -0.847176
v 0.536089 -0.152824 -0.789656
v 0.536089 -0.080344 -0.752725
v 0.536089 0.000000 -0.740000
v 0.536089 0.080344 -0.752725
v 0.536089 0.152824 -0.789655
v 0.536089 0.210345 -0.847176
v 0.536089 0.247275 -0.919656
v 0.966201 0.208000 -1.000000
v 0.966201 0.197820 -1.064276
v 0.966201 0.168276 -1.122259
v 0.966201 0.122259 -1.168276
v 0.966201 0.064276 -1.197820
v 0.966201 0.000000 -1.208000
v 0.966201 -0.064276 -1.197820
v 0.966201 -0.122259 -1.168276
v 0.966201 -0.168276 -1.122259
v 0.966201 -0.197820 -1.064276
v 0.966201 -0.208000 -1.000000
v 0.966201 -0.197820 -0.935724
v 0.966201 -0.168276 -0.877741
v 0.966201 -0.122259 -0.831724
v 0.966201 -0.064276 -0.802180
v 0.966201 0.000000 -0.792000
v 0.966201 0.064276 -0.802180
v 0.966201 0.122259 -0.831724
v 0.966201 0.168276 -0.877741
v 0.966201 0.197820 -0.935724
v 0.546131 0.208000 -1.000000
v 0.546131 0.197820 -1.064276
v 0.546131 0.168276 -1.122259
v 0.546131 0.122259 -1.168276
v 0.546131 0.064276 -1.197820
v 0.546131 0.000000 -1.208000
v 0.546131 -0.064276 -1.197820
v 0.546131 -0.122259 -1.168276
v 0.546131 -0.168276 -1.122259
v 0.546131 -0.197820 -1.064276
v 0.546131 -0.208000 -1.000000
v 0.546131 -0.197820 -0.935724
v 0.546131 -0.168276 -0.877741
v 0.546131 -0.122259 -0.831724
v 0.546131 -0.064276 -0.802180
v 0.546131 0.000000 -0.792000
v 0.546131 0.064276 -0.802180
v 0.546131 0.122259 -0.831724
v 0.546131 0.168276 -0.877741
v 0.546131 0.197820 -0.935724
vt 0.000000 1.000000
vt 0.050000 1.000000
vt 0.100000 1.000000
vt 0.150000 1.000000
vt 0.200000 1.000000
vt 0.250000 1.000000
vt 0.300000 1.000000
vt 0.350000 1.000000
vt 0.400000 1.000000
vt 0.450000 1.000000
vt 0.500000 1.000000
vt 0.550000 1.000000
vt 0.600000 1.000000
vt 0.650000 1.000000
vt 0.700000 1.000000
vt 0.750000 1.000000
vt 0.800000 1.000000
vt 0.850000 1.000000
vt 0.900000 1.000000
vt 0.950000 1.000000
vt 1.000000 1.000000
vt 0.000000 0.750000
vt 0.050000 0.750000
vt 0.100000 0.750000
vt 0.150000 0.750000
vt 0.200000 0.750000
vt 0.250000 0.750000
vt 0.300000 0.750000
vt 0.350000 0.750000
vt 0.400000 0.750000
vt 0.450000 0.750000
vt 0.500000 0.750000
vt 0.550000 0.750000
vt 0.600000 0.750000
vt 0.650000 0.750000
vt 0.700000 0.750000
vt 0.750000 0.750000
vt 0.800000 0.750000
vt 0.850000 0.750000
vt 0.900000 0.750000
vt 0.950000 0.750000
vt 1.000000 0.750000
vt 0.000000 0.500000
vt 0.050000 0.500000
vt 0.100000 0.500000
vt 0.150000 0.500000
vt 0.200000 0.500000
vt 0.250000 0.500000
vt 0.300000 0.500000
vt 0.350000 0.500000
vt 0.400000 0.500000
vt 0.450000 0.500000
vt 0.500000 0.500000
vt 0.550000 0.500000
vt 0.600000 0.500000
vt 0.650000 0.500000
vt 0.700000 0.500000
vt 0.750000 0.500000
vt 0.800000 0.500000
vt 0.850000 0.500000
vt 0.900000 0.500000
vt 0.950000 0.500000
vt 1.000000 0.500000
vt 0.000000 0.250000
vt 0.050000 0.250000
vt 0.100000 0.250000
vt 0.150000 0.250000
vt 0.200000 0.250000
vt 0.250000 0.250000
vt 0.300000 0.250000
vt 0.350000 0.250000
vt 0.400000 0.250000
vt 0.450000 0.250000
vt 0.500000 0.250000
vt 0.550000 0.250000
vt 0.600000 0.250000
vt 0.650000 0.250000
vt 0.700000 0.250000
vt 0.750000 0.250000
vt 0.800000 0.250000
vt 0.850000 0.250000
vt 0.900000 0.250000
vt 0.950000 0.250000
vt 1.000000 0.250000
vt 0.000000 0.000000
vt 0.050000 0.000000
vt 0.100000 0.000000
vt 0.150000 0.000000
vt 0.200000 0.000000
vt 0.250000 0.000000
vt 0.300000 0.000000
vt 0.350000 0.000000
vt 0.400000 0.000000
vt 0.450000 0.000000
vt 0.500000 0.000000
vt 0.550000 0.000000
vt 0.600000 0.000000
vt 0.650000 0.000000
vt 0.700000 0.000000
vt 0.750000 0.000000
vt 0.800000 0.000000
vt 0.850000 0.000000
vt 0.900000 0.000000
vt 0.950000 0.000000
vt 1.000000 0.000000
vt 0.000000 0.269451
vt 1.000000 0.269451
vt 0.050000 0.269451
vt 0.100000 0.269451
vt 0.150000 0.269451
vt 0.200000 0.269451
vt 0.250000 0.269451
vt 0.300000 0.269451
vt 0.350000 0.269451
vt 0.400000 0.269451
vt 0.450000 0.269451
vt 0.500000 0.269451
vt 0.550000 0.269451
vt 0.600000 0.269451
vt 0.650000 0.269451
vt 0.700000 0.269451
vt 0.750000 0.269451
vt 0.800000 0.269451
vt 0.850000 0.269451
vt 0.900000 0.269451
vt 0.950000 0.269451
vt 0.000000 0.481955
vt 1.000000 0.481955
vt 0.050000 0.481955
vt 0.100000 0.481955
vt 0.150000 0.481955
vt 0.200000 0.481955
vt 0.250000 0.481955
vt 0.300000 0.481955
vt 0.350000 0.481955
vt 0.400000 0.481955
vt 0.450000 0.481955
vt 0.500000 0.481955
vt 0.550000 0.481955
vt 0.600000 0.481955
vt 0.650000 0.481955
vt 0.700000 0.481955
vt 0.750000 0.481955
vt 0.800000 0.481955
vt 0.850000 0.481955
vt 0.900000 0.481955
vt 0.950000 0.481955
vt 0.000000 0.983100
vt 1.000000 0.983100
vt 0.050000 0.983100
vt 0.100000 0.983100
vt 0.150000 0.983100
vt 0.200000 0.983100
vt 0.250000 0.983100
vt 0.300000 0.983100
vt 0.350000 0.983100
vt 0.400000 0.983100
vt 0.450000 0.983100
vt 0.500000 0.983100
vt 0.550000 0.983100
vt 0.600000 0.983100
vt 0.650000 0.983100
vt 0.700000 0.983100
vt 0.750000 0.983100
vt 0.800000 0.983100
vt 0.850000 0.983100
vt 0.900000 0.983100
vt 0.950000 0.983100
vt 0.000000 0.773066
vt 1.000000 0.773066
vt 0.050000 0.773066
vt 0.100000 0.773066
vt 0.150000 0.773066
vt 0.200000 0.773066
vt 0.250000 0.773066
vt 0.300000 0.773066
vt 0.350000 0.773066
vt 0.400000 0.773066
vt 0.450000 0.773066
vt 0.500000 0.773066
vt 0.550000 0.773066
vt 0.600000 0.773066
vt 0.650000 0.773066
vt 0.700000 0.773066
vt 0.750000 0.773066
vt 0.800000 0.773066
vt 0.850000 0.773066
vt 0.900000 0.773066
vt 0.950000 0.773066
vn 0.000000 -0.951057 0.309017
vn 0.000000 -1.000000 0.000001
vn 0.000000 -0.951057 0.309017
vn 0.000000 -1.000000 0.000001
vn 0.000000 -0.809017 0.587785
vn 0.000000 -0.809017 0.587785
vn 0.000000 -0.587785 0.809017
vn 0.000000 -0.587785 0.809017
vn 0.000000 -0.309017 0.951056
vn 0.000000 -0.309017 0.951056
vn 0.000000 0.000000 1.000000
vn 0.000000 0.000000 1.000000
vn 0.000000 0.309017 0.951057
vn 0.000000 0.309017 0.951057
vn 0.000000 0.587785 0.809017
vn 0.000000 0.587785 0.809017
vn 0.000000 0.809017 0.587785
vn 0.000000 0.809017 0.587785
vn 0.000000 0.951056 0.309017
vn 0.000000 0.951057 0.309017
vn 0.000000 1.000000 0.000000
vn 0.000000 1.000000 0.000000
vn 0.000000 0.951057 -0.309017
vn 0.000000 0.951057 -0.309017
vn 0.000000 0.809017 -0.587785
vn 0.000000 0.809017 -0.587785
vn 0.000000 0.587785 -0.809017
vn 0.000000 0.587786 -0.809017
vn 0.000000 0.309017 -0.951057
vn 0.000000 0.309017 -0.951057
vn 0.000000 0.000000 -1.000000
vn 0.000000 0.000000 -1.000000
vn -0.000000 -0.309017 -0.951057
vn -0.000000 -0.309017 -0.951057
vn -0.000000 -0.587785 -0.809017
vn -0.000000 -0.587785 -0.809017
vn -0.000000 -0.809017 -0.587785
vn -0.000000 -0.809017 -0.587785
vn -0.000000 -0.951057 -0.309016
vn -0.000000 -0.951057 -0.309016
vn -1.000000 0.000000 0.000000
vn -1.000000 0.000000 0.000000
vn -1.000000 0.000000 0.000000
vn -1.000000 0.000000 0.000000
vn -1.000000 0.000000 0.000000
vn -1.000000 0.000000 0.000000
vn -1.000000 0.000000 0.000000
vn -1.000000 0.000000 0.000000
vn -1.000000 0.000000 0.000000
vn -1.000000 0.000000 0.000000
vn -1.000000 0.000000 0.000000
vn -1.000000 0.000000 0.000000
vn -1.000000 0.000000 0.000000
vn -1.000000 0.000000 0.000000
vn -1.000000 0.000000 0.000000
vn -1.000000 0.000000 0.000000
vn -1.000000 0.000000 0.000000
vn -1.000000 0.000000 0.000000
vn -1.000000 0.000000 0.000000
vn -1.000000 0.000000 0.000000
vn -1.000000 0.000000 0.000000
vn -1.000000 0.000000 0.000000
vn -1.000000 0.000000 0.000000
vn -1.000000 0.000000 0.000000
vn -1.000000 0.000000 0.000000
vn -1.000000 0.000000 0.000000
vn -1.000000 0.000000 0.000000
vn -1.000000 0.000000 0.000000
vn -1.000000 0.000000 0.000000
vn -1.000000 0.000000 0.000000
vn -1.000000 0.000000 0.000000
vn -1.000000 0.000000 0.000000
vn -1.000000 0.000000 -0.000000
vn -1.000000 0.000000 0.000001
vn -1.000000 0.000000 -0.000000
vn -1.000000 0.000000 0.000000
vn -1.000000 0.000000 0.000000
vn -1.000000 0.000000 0.000000
vn -1.000000 0.000000 0.000000
vn -1.000000 0.000000 0.000000
vn 0.000000 0.951057 -0.309017
vn 0.000000 1.000000 -0.000001
vn -0.000000 0.951057 -0.309017
vn -0.000000 1.000000 -0.000001
vn 0.000000 0.809017 -0.587785
vn -0.000000 0.809017 -0.587785
vn 0.000000 0.587785 -0.809017
vn -0.000000 0.587785 -0.809017
vn 0.000000 0.309017 -0.951057
vn 0.000000 0.309017 -0.951057
vn 0.000000 0.000000 -1.000000
vn 0.000000 0.000000 -1.000000
vn 0.000001 -0.309017 -0.951057
vn 0.000000 -0.309017 -0.951057
vn 0.000001 -0.587785 -0.809017
vn 0.000000 -0.587785 -0.809017
vn 0.000000 -0.809017 -0.587785
vn 0.000000 -0.809017 -0.587786
vn -0.000000 -0.951057 -0.309017
vn 0.000000 -0.951057 -0.309017
vn 0.000000 -1.000000 0.000000
vn -0.000000 -1.000000 -0.000000
vn 0.000000 -0.951057 0.309017
vn 0.000000 -0.951057 0.309017
vn 0.000000 -0.809017 0.587785
vn 0.000000 -0.809017 0.587785
vn 0.000000 -0.587786 0.809017
vn 0.000000 -0.587786 0.809017
vn 0.000000 -0.309017 0.951056
vn 0.000000 -0.309017 0.951056
vn 0.000000 -0.000000 1.000000
vn 0.000000 -0.000000 1.000000
vn 0.000000 0.309017 0.951057
vn 0.000000 0.309017 0.951057
vn 0.000000 0.587785 0.809017
vn 0.000000 0.587785 0.809017
vn 0.000000 0.809017 0.587785
vn 0.000000 0.809017 0.587785
vn 0.000000 0.951057 0.309016
vn 0.000000 0.951057 0.309016
vn 1.000000 0.000000 0.000000
vn 1.000000 0.000000 0.000000
vn 1.000000 0.000000 0.000000
vn 1.000000 0.000000 0.000000
vn 1.000000 0.000000 0.000000
vn 1.000000 0.000000 0.000000
vn 1.000000 0.000000 0.000000
vn 1.000000 0.000000 0.000000
vn 1.000000 0.000000 0.000000
vn 1.000000 0.000000 0.000000
vn 1.000000 0.000000 0.000000
vn 1.000000 0.000000 0.000000
vn 1.000000 0.000000 0.000000
vn 1.000000 0.000000 0.000000
vn 1.000000 0.000000 0.000000
vn 1.000000 0.000000 0.000000
vn 1.000000 0.000000 0.000000
vn 1.000000 0.000000 0.000000
vn 1.000000 0.000000 0.000000
vn 1.000000 0.000000 0.000000
vn 1.000000 0.000000 0.000000
vn 1.000000 0.000000 0.000000
vn 1.000000 0.000000 0.000000
vn 1.000000 0.000000 0.000000
vn 1.000000 0.000000 0.000000
vn 1.000000 0.000000 0.000000
vn 1.000000 0.000000 0.000000
vn 1.000000 0.000000 0.000000
vn 1.000000 0.000000 0.000000
vn 1.000000 0.000000 0.000000
vn 1.000000 0.000000 -0.000000
vn 1.000000 0.000000 -0.000000
vn 1.000000 0.000000 0.000000
vn 1.000000 0.000000 0.000000
vn 1.000000 0.000000 0.000000
vn 1.000000 0.000000 0.000000
vn 1.000000 0.000000 0.000000
vn 1.000000 0.000000 0.000000
vn 1.000000 0.000000 0.000000
vn 1.000000 0.000000 0.000000
vn -0.000000 0.951057 -0.309017
vn 0.000000 1.000000 -0.000001
vn 0.000000 0.951057 -0.309017
vn 0.000000 1.000000 -0.000001
vn -0.000000 0.809017 -0.587785
vn 0.000000 0.809017 -0.587785
vn 0.000000 0.587785 -0.809017
vn 0.000000 0.587785 -0.809017
vn -0.000000 0.309017 -0.951057
vn 0.000000 0.309017 -0.951057
vn -0.000000 0.000000 -1.000000
vn -0.000000 -0.000000 -1.000000
vn -0.000000 -0.309017 -0.951057
vn -0.000000 -0.309017 -0.951057
vn -0.000000 -0.587785 -0.809017
vn -0.000000 -0.587785 -0.809017
vn -0.000000 -0.809017 -0.587785
vn -0.000000 -0.809017 -0.587785
vn 0.000000 -0.951057 -0.309017
vn -0.000000 -0.951057 -0.309017
vn -0.000000 -1.000000 -0.000000
vn 0.000000 -1.000000 0.000000
vn -0.000000 -0.951057 0.309017
vn 0.000000 -0.951057 0.309017
vn -0.000000 -0.809017 0.587785
vn -0.000000 -0.809017 0.587785
vn -0.000000 -0.587786 0.809017
vn 0.000000 -0.587785 0.809017
vn -0.000000 -0.309017 0.951057
vn 0.000000 -0.309017 0.951056
vn 0.000000 0.000000 1.000000
vn 0.000000 -0.000000 1.000000
vn 0.000000 0.309017 0.951057
vn 0.000000 0.309017 0.951057
vn 0.000000 0.587785 0.809017
vn 0.000000 0.587785 0.809017
vn 0.000000 0.809017 0.587785
vn 0.000000 0.809017 0.587785
vn 0.000000 0.951057 0.309016
vn 0.000000 0.951057 0.309016
vn 0.000000 -0.951057 0.309017
vn 0.000000 -1.000000 0.000001
vn 0.000000 -0.809017 0.587785
vn 0.000000 -0.587785 0.809017
vn 0.000000 -0.309017 0.951057
vn 0.000000 0.000000 1.000000
vn 0.000000 0.309017 0.951057
vn 0.000000 0.587785 0.809017
vn 0.000000 0.809017 0.587785
vn 0.000000 0.951057 0.309017
vn 0.000000 1.000000 0.000000
vn 0.000000 0.951057 -0.309017
vn 0.000000 0.809017 -0.587785
vn 0.000000 0.587785 -0.809017
vn 0.000000 0.309017 -0.951057
vn 0.000000 0.000000 -1.000000
vn -0.000000 -0.309017 -0.951057
vn -0.000000 -0.587785 -0.809017
vn -0.000000 -0.809017 -0.587785
vn -0.000000 -0.951057 -0.309016
vn 0.000000 -0.951057 0.309017
vn 0.000000 -1.000000 0.000001
vn 0.000000 -0.809017 0.587785
vn 0.000000 -0.587785 0.809017
vn 0.000000 -0.309017 0.951057
vn 0.000000 0.000000 1.000000
vn 0.000000 0.309017 0.951057
vn 0.000000 0.587785 0.809017
vn 0.000000 0.809017 0.587785
vn 0.000000 0.951057 0.309017
vn 0.000000 1.000000 0.000000
vn 0.000000 0.951057 -0.309017
vn 0.000000 0.809017 -0.587785
vn 0.000000 0.587785 -0.809017
vn 0.000000 0.309017 -0.951057
vn 0.000000 0.000000 -1.000000
vn -0.000000 -0.309017 -0.951056
vn -0.000000 -0.587785 -0.809017
vn -0.000000 -0.809017 -0.587785
vn -0.000000 -0.951057 -0.309016
s 1
g pPipe4
usemtl lambert14SG
f 598/793/981 597/792/982 718/941/983
f 718/941/983 597/792/982 717/939/984
f 599/794/985 598/793/981 719/942/986
f 719/942/986 598/793/981 718/941/983
f 600/795/987 599/794/985 720/943/988
f 720/943/988 599/794/985 719/942/986
f 601/796/989 600/795/987 721/944/990
f 721/944/990 600/795/987 720/943/988
f 602/797/991 601/796/989 722/945/992
f 722/945/992 601/796/989 721/944/990
f 603/798/993 602/797/991 723/946/994
f 723/946/994 602/797/991 722/945/992
f 604/799/995 603/798/993 724/947/996
f 724/947/996 603/798/993 723/946/994
f 605/800/997 604/799/995 725/948/998
f 725/948/998 604/799/995 724/947/996
f 606/801/999 605/800/997 726/949/1000
f 726/949/1000 605/800/997 725/948/998
f 607/802/1001 606/801/999 727/950/1002
f 727/950/1002 606/801/999 726/949/1000
f 608/803/1003 607/802/1001 728/951/1004
f 728/951/1004 607/802/1001 727/950/1002
f 609/804/1005 608/803/1003 729/952/1006
f 729/952/1006 608/803/1003 728/951/1004
f 610/805/1007 609/804/1005 730/953/1008
f 730/953/1008 609/804/1005 729/952/1006
f 611/806/1009 610/805/1007 731/954/1010
f 731/954/1010 610/805/1007 730/953/1008
f 612/807/1011 611/806/1009 732/955/1012
f 732/955/1012 611/806/1009 731/954/1010
f 613/808/1013 612/807/1011 733/956/1014
f 733/956/1014 612/807/1011 732/955/1012
f 614/809/1015 613/808/1013 734/957/1016
f 734/957/1016 613/808/1013 733/956/1014
f 615/810/1017 614/809/1015 735/958/1018
f 735/958/1018 614/809/1015 734/957/1016
f 616/811/1019 615/810/1017 736/959/1020
f 736/959/1020 615/810/1017 735/958/1018
f 597/812/982 616/811/1019 717/940/984
f 717/940/984 616/811/1019 736/959/1020
s 2
f 618/814/1021 617/813/1022 638/835/1023
f 638/835/1023 617/813/1022 637/834/1024
f 619/815/1025 618/814/1021 639/836/1026
f 639/836/1026 618/814/1021 638/835/1023
f 620/816/1027 619/815/1025 640/837/1028
f 640/837/1028 619/815/1025 639/836/1026
f 621/817/1029 620/816/1027 641/838/1030
f 641/838/1030 620/816/1027 640/837/1028
f 622/818/1031 621/817/1029 642/839/1032
f 642/839/1032 621/817/1029 641/838/1030
f 623/819/1033 622/818/1031 643/840/1034
f 643/840/1034 622/818/1031 642/839/1032
f 624/820/1035 623/819/1033 644/841/1036
f 644/841/1036 623/819/1033 643/840/1034
f 625/821/1037 624/820/1035 645/842/1038
f 645/842/1038 624/820/1035 644/841/1036
f 626/822/1039 625/821/1037 646/843/1040
f 646/843/1040 625/821/1037 645/842/1038
f 627/823/1041 626/822/1039 647/844/1042
f 647/844/1042 626/822/1039 646/843/1040
f 628/824/1043 627/823/1041 648/845/1044
f 648/845/1044 627/823/1041 647/844/1042
f 629/825/1045 628/824/1043 649/846/1046
f 649/846/1046 628/824/1043 648/845/1044
f 630/826/1047 629/825/1045 650/847/1048
f 650/847/1048 629/825/1045 649/846/1046
f 631/827/1049 630/826/1047 651/848/1050
f 651/848/1050 630/826/1047 650/847/1048
f 632/828/1051 631/827/1049 652/849/1052
f 652/849/1052 631/827/1049 651/848/1050
f 633/829/1053 632/828/1051 653/850/1054
f 653/850/1054 632/828/1051 652/849/1052
f 634/830/1055 633/829/1053 654/851/1056
f 654/851/1056 633/829/1053 653/850/1054
f 635/831/1057 634/830/1055 655/852/1058
f 655/852/1058 634/830/1055 654/851/1056
f 636/832/1059 635/831/1057 656/853/1060
f 656/853/1060 635/831/1057 655/852/1058
f 617/833/1022 636/832/1059 637/854/1024
f 637/854/1024 636/832/1059 656/853/1060
s 3
f 638/835/1061 637/834/1062 698/920/1063
f 698/920/1063 637/834/1062 697/918/1064
f 639/836/1065 638/835/1061 699/921/1066
f 699/921/1066 638/835/1061 698/920/1063
f 640/837/1067 639/836/1065 700/922/1068
f 700/922/1068 639/836/1065 699/921/1066
f 641/838/1069 640/837/1067 701/923/1070
f 701/923/1070 640/837/1067 700/922/1068
f 642/839/1071 641/838/1069 702/924/1072
f 702/924/1072 641/838/1069 701/923/1070
f 643/840/1073 642/839/1071 703/925/1074
f 703/925/1074 642/839/1071 702/924/1072
f 644/841/1075 643/840/1073 704/926/1076
f 704/926/1076 643/840/1073 703/925/1074
f 645/842/1077 644/841/1075 705/927/1078
f 705/927/1078 644/841/1075 704/926/1076
f 646/843/1079 645/842/1077 706/928/1080
f 706/928/1080 645/842/1077 705/927/1078
f 647/844/1081 646/843/1079 707/929/1082
f 707/929/1082 646/843/1079 706/928/1080
f 648/845/1083 647/844/1081 708/930/1084
f 708/930/1084 647/844/1081 707/929/1082
f 649/846/1085 648/845/1083 709/931/1086
f 709/931/1086 648/845/1083 708/930/1084
f 650/847/1087 649/846/1085 710/932/1088
f 710/932/1088 649/846/1085 709/931/1086
f 651/848/1089 650/847/1087 711/933/1090
f 711/933/1090 650/847/1087 710/932/1088
f 652/849/1091 651/848/1089 712/934/1092
f 712/934/1092 651/848/1089 711/933/1090
f 653/850/1093 652/849/1091 713/935/1094
f 713/935/1094 652/849/1091 712/934/1092
f 654/851/1095 653/850/1093 714/936/1096
f 714/936/1096 653/850/1093 713/935/1094
f 655/852/1097 654/851/1095 715/937/1098
f 715/937/1098 654/851/1095 714/936/1096
f 656/853/1099 655/852/1097 716/938/1100
f 716/938/1100 655/852/1097 715/937/1098
f 637/854/1062 656/853/1099 697/919/1064
f 697/919/1064 656/853/1099 716/938/1100
s 4
f 658/856/1101 657/855/1102 598/877/1103
f 598/877/1103 657/855/1102 597/876/1104
f 659/857/1105 658/856/1101 599/878/1106
f 599/878/1106 658/856/1101 598/877/1103
f 660/858/1107 659/857/1105 600/879/1108
f 600/879/1108 659/857/1105 599/878/1106
f 661/859/1109 660/858/1107 601/880/1110
f 601/880/1110 660/858/1107 600/879/1108
f 662/860/1111 661/859/1109 602/881/1112
f 602/881/1112 661/859/1109 601/880/1110
f 663/861/1113 662/860/1111 603/882/1114
f 603/882/1114 662/860/1111 602/881/1112
f 664/862/1115 663/861/1113 604/883/1116
f 604/883/1116 663/861/1113 603/882/1114
f 665/863/1117 664/862/1115 605/884/1118
f 605/884/1118 664/862/1115 604/883/1116
f 666/864/1119 665/863/1117 606/885/1120
f 606/885/1120 665/863/1117 605/884/1118
f 667/865/1121 666/864/1119 607/886/1122
f 607/886/1122 666/864/1119 606/885/1120
f 668/866/1123 667/865/1121 608/887/1124
f 608/887/1124 667/865/1121 607/886/1122
f 669/867/1125 668/866/1123 609/888/1126
f 609/888/1126 668/866/1123 608/887/1124
f 670/868/1127 669/867/1125 610/889/1128
f 610/889/1128 669/867/1125 609/888/1126
f 671/869/1129 670/868/1127 611/890/1130
f 611/890/1130 670/868/1127 610/889/1128
f 672/870/1131 671/869/1129 612/891/1132
f 612/891/1132 671/869/1129 611/890/1130
f 673/871/1133 672/870/1131 613/892/1134
f 613/892/1134 672/870/1131 612/891/1132
f 674/872/1135 673/871/1133 614/893/1136
f 614/893/1136 673/871/1133 613/892/1134
f 675/873/1137 674/872/1135 615/894/1138
f 615/894/1138 674/872/1135 614/893/1136
f 676/874/1139 675/873/1137 616/895/1140
f 616/895/1140 675/873/1137 615/894/1138
f 657/875/1102 676/874/1139 597/896/1104
f 597/896/1104 676/874/1139 616/895/1140
s 3
f 678/899/1141 677/897/1142 658/856/1143
f 658/856/1143 677/897/1142 657/855/1144
f 679/900/1145 678/899/1141 659/857/1146
f 659/857/1146 678/899/1141 658/856/1143
f 680/901/1147 679/900/1145 660/858/1148
f 660/858/1148 679/900/1145 659/857/1146
f 681/902/1149 680/901/1147 661/859/1150
f 661/859/1150 680/901/1147 660/858/1148
f 682/903/1151 681/902/1149 662/860/1152
f 662/860/1152 681/902/1149 661/859/1150
f 683/904/1153 682/903/1151 663/861/1154
f 663/861/1154 682/903/1151 662/860/1152
f 684/905/1155 683/904/1153 664/862/1156
f 664/862/1156 683/904/1153 663/861/1154
f 685/906/1157 684/905/1155 665/863/1158
f 665/863/1158 684/905/1155 664/862/1156
f 686/907/1159 685/906/1157 666/864/1160
f 666/864/1160 685/906/1157 665/863/1158
f 687/908/1161 686/907/1159 667/865/1162
f 667/865/1162 686/907/1159 666/864/1160
f 688/909/1163 687/908/1161 668/866/1164
f 668/866/1164 687/908/1161 667/865/1162
f 689/910/1165 688/909/1163 669/867/1166
f 669/867/1166 688/909/1163 668/866/1164
f 690/911/1167 689/910/1165 670/868/1168
f 670/868/1168 689/910/1165 669/867/1166
f 691/912/1169 690/911/1167 671/869/1170
f 671/869/1170 690/911/1167 670/868/1168
f 692/913/1171 691/912/1169 672/870/1172
f 672/870/1172 691/912/1169 671/869/1170
f 693/914/1173 692/913/1171 673/871/1174
f 673/871/1174 692/913/1171 672/870/1172
f 694/915/1175 693/914/1173 674/872/1176
f 674/872/1176 693/914/1173 673/871/1174
f 695/916/1177 694/915/1175 675/873/1178
f 675/873/1178 694/915/1175 674/872/1176
f 696/917/1179 695/916/1177 676/874/1180
f 676/874/1180 695/916/1177 675/873/1178
f 677/898/1142 696/917/1179 657/875/1144
f 657/875/1144 696/917/1179 676/874/1180
f 698/920/1063 697/918/1064 678/899/1141
f 678/899/1141 697/918/1064 677/897/1142
f 699/921/1066 698/920/1063 679/900/1145
f 679/900/1145 698/920/1063 678/899/1141
f 700/922/1068 699/921/1066 680/901/1147
f 680/901/1147 699/921/1066 679/900/1145
f 701/923/1070 700/922/1068 681/902/1149
f 681/902/1149 700/922/1068 680/901/1147
f 702/924/1072 701/923/1070 682/903/1151
f 682/903/1151 701/923/1070 681/902/1149
f 703/925/1074 702/924/1072 683/904/1153
f 683/904/1153 702/924/1072 682/903/1151
f 704/926/1076 703/925/1074 684/905/1155
f 684/905/1155 703/925/1074 683/904/1153
f 705/927/1078 704/926/1076 685/906/1157
f 685/906/1157 704/926/1076 684/905/1155
f 706/928/1080 705/927/1078 686/907/1159
f 686/907/1159 705/927/1078 685/906/1157
f 707/929/1082 706/928/1080 687/908/1161
f 687/908/1161 706/928/1080 686/907/1159
f 708/930/1084 707/929/1082 688/909/1163
f 688/909/1163 707/929/1082 687/908/1161
f 709/931/1086 708/930/1084 689/910/1165
f 689/910/1165 708/930/1084 688/909/1163
f 710/932/1088 709/931/1086 690/911/1167
f 690/911/1167 709/931/1086 689/910/1165
f 711/933/1090 710/932/1088 691/912/1169
f 691/912/1169 710/932/1088 690/911/1167
f 712/934/1092 711/933/1090 692/913/1171
f 692/913/1171 711/933/1090 691/912/1169
f 713/935/1094 712/934/1092 693/914/1173
f 693/914/1173 712/934/1092 692/913/1171
f 714/936/1096 713/935/1094 694/915/1175
f 694/915/1175 713/935/1094 693/914/1173
f 715/937/1098 714/936/1096 695/916/1177
f 695/916/1177 714/936/1096 694/915/1175
f 716/938/1100 715/937/1098 696/917/1179
f 696/917/1179 715/937/1098 695/916/1177
f 697/919/1064 716/938/1100 677/898/1142
f 677/898/1142 716/938/1100 696/917/1179
s 1
f 718/941/983 717/939/984 738/962/1181
f 738/962/1181 717/939/984 737/960/1182
f 719/942/986 718/941/983 739/963/1183
f 739/963/1183 718/941/983 738/962/1181
f 720/943/988 719/942/986 740/964/1184
f 740/964/1184 719/942/986 739/963/1183
f 721/944/990 720/943/988 741/965/1185
f 741/965/1185 720/943/988 740/964/1184
f 722/945/992 721/944/990 742/966/1186
f 742/966/1186 721/944/990 741/965/1185
f 723/946/994 722/945/992 743/967/1187
f 743/967/1187 722/945/992 742/966/1186
f 724/947/996 723/946/994 744/968/1188
f 744/968/1188 723/946/994 743/967/1187
f 725/948/998 724/947/996 745/969/1189
f 745/969/1189 724/947/996 744/968/1188
f 726/949/1000 725/948/998 746/970/1190
f 746/970/1190 725/948/998 745/969/1189
f 727/950/1002 726/949/1000 747/971/1191
f 747/971/1191 726/949/1000 746/970/1190
f 728/951/1004 727/950/1002 748/972/1192
f 748/972/1192 727/950/1002 747/971/1191
f 729/952/1006 728/951/1004 749/973/1193
f 749/973/1193 728/951/1004 748/972/1192
f 730/953/1008 729/952/1006 750/974/1194
f 750/974/1194 729/952/1006 749/973/1193
f 731/954/1010 730/953/1008 751/975/1195
f 751/975/1195 730/953/1008 750/974/1194
f 732/955/1012 731/954/1010 752/976/1196
f 752/976/1196 731/954/1010 751/975/1195
f 733/956/1014 732/955/1012 753/977/1197
f 753/977/1197 732/955/1012 752/976/1196
f 734/957/1016 733/956/1014 754/978/1198
f 754/978/1198 733/956/1014 753/977/1197
f 735/958/1018 734/957/1016 755/979/1199
f 755/979/1199 734/957/1016 754/978/1198
f 736/959/1020 735/958/1018 756/980/1200
f 756/980/1200 735/958/1018 755/979/1199
f 717/940/984 736/959/1020 737/961/1182
f 737/961/1182 736/959/1020 756/980/1200
f 738/962/1181 737/960/1182 618/814/1201
f 618/814/1201 737/960/1182 617/813/1202
f 739/963/1183 738/962/1181 619/815/1203
f 619/815/1203 738/962/1181 618/814/1201
f 740/964/1184 739/963/1183 620/816/1204
f 620/816/1204 739/963/1183 619/815/1203
f 741/965/1185 740/964/1184 621/817/1205
f 621/817/1205 740/964/1184 620/816/1204
f 742/966/1186 741/965/1185 622/818/1206
f 622/818/1206 741/965/1185 621/817/1205
f 743/967/1187 742/966/1186 623/819/1207
f 623/819/1207 742/966/1186 622/818/1206
f 744/968/1188 743/967/1187 624/820/1208
f 624/820/1208 743/967/1187 623/819/1207
f 745/969/1189 744/968/1188 625/821/1209
f 625/821/1209 744/968/1188 624/820/1208
f 746/970/1190 745/969/1189 626/822/1210
f 626/822/1210 745/969/1189 625/821/1209
f 747/971/1191 746/970/1190 627/823/1211
f 627/823/1211 746/970/1190 626/822/1210
f 748/972/1192 747/971/1191 628/824/1212
f 628/824/1212 747/971/1191 627/823/1211
f 749/973/1193 748/972/1192 629/825/1213
f 629/825/1213 748/972/1192 628/824/1212
f 750/974/1194 749/973/1193 630/826/1214
f 630/826/1214 749/973/1193 629/825/1213
f 751/975/1195 750/974/1194 631/827/1215
f 631/827/1215 750/974/1194 630/826/1214
f 752/976/1196 751/975/1195 632/828/1216
f 632/828/1216 751/975/1195 631/827/1215
f 753/977/1197 752/976/1196 633/829/1217
f 633/829/1217 752/976/1196 632/828/1216
f 754/978/1198 753/977/1197 634/830/1218
f 634/830/1218 753/977/1197 633/829/1217
f 755/979/1199 754/978/1198 635/831/1219
f 635/831/1219 754/978/1198 634/830/1218
f 756/980/1200 755/979/1199 636/832/1220
f 636/832/1220 755/979/1199 635/831/1219
f 737/961/1182 756/980/1200 617/833/1202
f 617/833/1202 756/980/1200 636/832/1220
g default
v -0.500000 0.250000 -1.000000
v -0.500000 0.237764 -1.077254
v -0.500000 0.202254 -1.146946
v -0.500000 0.146946 -1.202254
v -0.500000 0.077254 -1.237764
v -0.500000 -0.000000 -1.250000
v -0.500000 -0.077254 -1.237764
v -0.500000 -0.146946 -1.202254
v -0.500000 -0.202254 -1.146946
v -0.500000 -0.237764 -1.077254
v -0.500000 -0.250000 -1.000000
v -0.500000 -0.237764 -0.922746
v -0.500000 -0.202254 -0.853054
v -0.500000 -0.146946 -0.797746
v -0.500000 -0.077254 -0.762236
v -0.500000 0.000000 -0.750000
v -0.500000 0.077254 -0.762236
v -0.500000 0.146946 -0.797746
v -0.500000 0.202254 -0.853054
v -0.500000 0.237764 -0.922746
v -1.000000 0.250000 -1.000000
v -1.000000 0.237764 -1.077254
v -1.000000 0.202254 -1.146946
v -1.000000 0.146946 -1.202254
v -1.000000 0.077254 -1.237764
v -1.000000 -0.000000 -1.250000
v -1.000000 -0.077254 -1.237764
v -1.000000 -0.146946 -1.202254
v -1.000000 -0.202254 -1.146946
v -1.000000 -0.237764 -1.077254
v -1.000000 -0.250000 -1.000000
v -1.000000 -0.237764 -0.922746
v -1.000000 -0.202254 -0.853054
v -1.000000 -0.146946 -0.797746
v -1.000000 -0.077254 -0.762236
v -1.000000 0.000000 -0.750000
v -1.000000 0.077254 -0.762236
v -1.000000 0.146946 -0.797746
v -1.000000 0.202254 -0.853054
v -1.000000 0.237764 -0.922746
v -1.000000 0.464398 -1.000000
v -1.000000 0.441669 -1.143507
v -1.000000 0.375706 -1.272966
v -1.000000 0.272966 -1.375706
v -1.000000 0.143507 -1.441669
v -1.000000 -0.000000 -1.464398
v -1.000000 -0.143507 -1.441669
v -1.000000 -0.272966 -1.375706
v -1.000000 -0.375706 -1.272966
v -1.000000 -0.441669 -1.143507
v -1.000000 -0.464398 -1.000000
v -1.000000 -0.441669 -0.856493
v -1.000000 -0.375706 -0.727034
v -1.000000 -0.272966 -0.624294
v -1.000000 -0.143507 -0.558331
v -1.000000 -0.000000 -0.535602
v -1.000000 0.143507 -0.558331
v -1.000000 0.272966 -0.624294
v -1.000000 0.375706 -0.727034
v -1.000000 0.441669 -0.856493
v -0.500000 0.500000 -1.000000
v -0.500000 0.475528 -1.154509
v -0.500000 0.404509 -1.293893
v -0.500000 0.293893 -1.404509
v -0.500000 0.154508 -1.475528
v -0.500000 -0.000000 -1.500000
v -0.500000 -0.154509 -1.475528
v -0.500000 -0.293893 -1.404509
v -0.500000 -0.404509 -1.293893
v -0.500000 -0.475528 -1.154509
v -0.500000 -0.500000 -1.000000
v -0.500000 -0.475528 -0.845491
v -0.500000 -0.404509 -0.706107
v -0.500000 -0.293893 -0.595491
v -0.500000 -0.154509 -0.524472
v -0.500000 0.000000 -0.500000
v -0.500000 0.154509 -0.524471
v -0.500000 0.293893 -0.595491
v -0.500000 0.404509 -0.706107
v -0.500000 0.475529 -0.845491
v -0.547424 0.500000 -1.000000
v -0.547424 0.475528 -1.154509
v -0.547424 0.404509 -1.293893
v -0.547424 0.293893 -1.404509
v -0.547424 0.154508 -1.475528
v -0.547424 -0.000000 -1.500000
v -0.547424 -0.154509 -1.475528
v -0.547424 -0.293893 -1.404509
v -0.547424 -0.404509 -1.293893
v -0.547424 -0.475528 -1.154509
v -0.547424 -0.500000 -1.000000
v -0.547424 -0.475528 -0.845491
v -0.547424 -0.404509 -0.706107
v -0.547424 -0.293893 -0.595491
v -0.547424 -0.154509 -0.524472
v -0.547424 0.000000 -0.500000
v -0.547424 0.154509 -0.524471
v -0.547424 0.293893 -0.595491
v -0.547424 0.404509 -0.706107
v -0.547424 0.475529 -0.845491
v -0.954345 0.500000 -1.000000
v -0.954345 0.475528 -1.154509
v -0.954345 0.404509 -1.293893
v -0.954345 0.293893 -1.404509
v -0.954345 0.154508 -1.475528
v -0.954345 -0.000000 -1.500000
v -0.954345 -0.154509 -1.475528
v -0.954345 -0.293893 -1.404509
v -0.954345 -0.404509 -1.293893
v -0.954345 -0.475528 -1.154509
v -0.954345 -0.500000 -1.000000
v -0.954345 -0.475528 -0.845491
v -0.954345 -0.404509 -0.706107
v -0.954345 -0.293893 -0.595491
v -0.954345 -0.154509 -0.524472
v -0.954345 0.000000 -0.500000
v -0.954345 0.154509 -0.524472
v -0.954345 0.293893 -0.595491
v -0.954345 0.404509 -0.706107
v -0.954345 0.475529 -0.845491
v -0.951914 0.250000 -1.000000
v -0.951914 0.237764 -1.077254
v -0.951914 0.202254 -1.146946
v -0.951914 0.146946 -1.202254
v -0.951914 0.077254 -1.237764
v -0.951914 -0.000000 -1.250000
v -0.951914 -0.077254 -1.237764
v -0.951914 -0.146946 -1.202254
v -0.951914 -0.202254 -1.146946
v -0.951914 -0.237764 -1.077254
v -0.951914 -0.250000 -1.000000
v -0.951914 -0.237764 -0.922746
v -0.951914 -0.202254 -0.853054
v -0.951914 -0.146946 -0.797746
v -0.951914 -0.077254 -0.762236
v -0.951914 0.000000 -0.750000
v -0.951914 0.077254 -0.762236
v -0.951914 0.146946 -0.797746
v -0.951914 0.202254 -0.853054
v -0.951914 0.237764 -0.922746
v -0.541000 0.250000 -1.000000
v -0.541000 0.237764 -1.077254
v -0.541000 0.202254 -1.146946
v -0.541000 0.146946 -1.202254
v -0.541000 0.077254 -1.237764
v -0.541000 -0.000000 -1.250000
v -0.541000 -0.077254 -1.237764
v -0.541000 -0.146946 -1.202254
v -0.541000 -0.202254 -1.146946
v -0.541000 -0.237764 -1.077254
v -0.541000 -0.250000 -1.000000
v -0.541000 -0.237764 -0.922746
v -0.541000 -0.202254 -0.853054
v -0.541000 -0.146946 -0.797746
v -0.541000 -0.077254 -0.762236
v -0.541000 0.000000 -0.750000
v -0.541000 0.077254 -0.762236
v -0.541000 0.146946 -0.797746
v -0.541000 0.202254 -0.853054
v -0.541000 0.237764 -0.922746
vt 0.000000 1.000000
vt 0.050000 1.000000
vt 0.100000 1.000000
vt 0.150000 1.000000
vt 0.200000 1.000000
vt 0.250000 1.000000
vt 0.300000 1.000000
vt 0.350000 1.000000
vt 0.400000 1.000000
vt 0.450000 1.000000
vt 0.500000 1.000000
vt 0.550000 1.000000
vt 0.600000 1.000000
vt 0.650000 1.000000
vt 0.700000 1.000000
vt 0.750000 1.000000
vt 0.800000 1.000000
vt 0.850000 1.000000
vt 0.900000 1.000000
vt 0.950000 1.000000
vt 1.000000 1.000000
vt 0.000000 0.750000
vt 0.050000 0.750000
vt 0.100000 0.750000
vt 0.150000 0.750000
vt 0.200000 0.750000
vt 0.250000 0.750000
vt 0.300000 0.750000
vt 0.350000 0.750000
vt 0.400000 0.750000
vt 0.450000 0.750000
vt 0.500000 0.750000
vt 0.550000 0.750000
vt 0.600000 0.750000
vt 0.650000 0.750000
vt 0.700000 0.750000
vt 0.750000 0.750000
vt 0.800000 0.750000
vt 0.850000 0.750000
vt 0.900000 0.750000
vt 0.950000 0.750000
vt 1.000000 0.750000
vt 0.000000 0.500000
vt 0.050000 0.500000
vt 0.100000 0.500000
vt 0.150000 0.500000
vt 0.200000 0.500000
vt 0.250000 0.500000
vt 0.300000 0.500000
vt 0.350000 0.500000
vt 0.400000 0.500000
vt 0.450000 0.500000
vt 0.500000 0.500000
vt 0.550000 0.500000
vt 0.600000 0.500000
vt 0.650000 0.500000
vt 0.700000 0.500000
vt 0.750000 0.500000
vt 0.800000 0.500000
vt 0.850000 0.500000
vt 0.900000 0.500000
vt 0.950000 0.500000
vt 1.000000 0.500000
vt 0.000000 0.250000
vt 0.050000 0.250000
vt 0.100000 0.250000
vt 0.150000 0.250000
vt 0.200000 0.250000
vt 0.250000 0.250000
vt 0.300000 0.250000
vt 0.350000 0.250000
vt 0.400000 0.250000
vt 0.450000 0.250000
vt 0.500000 0.250000
vt 0.550000 0.250000
vt 0.600000 0.250000
vt 0.650000 0.250000
vt 0.700000 0.250000
vt 0.750000 0.250000
vt 0.800000 0.250000
vt 0.850000 0.250000
vt 0.900000 0.250000
vt 0.950000 0.250000
vt 1.000000 0.250000
vt 0.000000 0.000000
vt 0.050000 0.000000
vt 0.100000 0.000000
vt 0.150000 0.000000
vt 0.200000 0.000000
vt 0.250000 0.000000
vt 0.300000 0.000000
vt 0.350000 0.000000
vt 0.400000 0.000000
vt 0.450000 0.000000
vt 0.500000 0.000000
vt 0.550000 0.000000
vt 0.600000 0.000000
vt 0.650000 0.000000
vt 0.700000 0.000000
vt 0.750000 0.000000
vt 0.800000 0.000000
vt 0.850000 0.000000
vt 0.900000 0.000000
vt 0.950000 0.000000
vt 1.000000 0.000000
vt 0.000000 0.273712
vt 1.000000 0.273712
vt 0.050000 0.273712
vt 0.100000 0.273712
vt 0.150000 0.273712
vt 0.200000 0.273712
vt 0.250000 0.273712
vt 0.300000 0.273712
vt 0.350000 0.273712
vt 0.400000 0.273712
vt 0.450000 0.273712
vt 0.500000 0.273712
vt 0.550000 0.273712
vt 0.600000 0.273712
vt 0.650000 0.273712
vt 0.700000 0.273712
vt 0.750000 0.273712
vt 0.800000 0.273712
vt 0.850000 0.273712
vt 0.900000 0.273712
vt 0.950000 0.273712
vt 0.000000 0.477172
vt 1.000000 0.477172
vt 0.050000 0.477172
vt 0.100000 0.477172
vt 0.150000 0.477172
vt 0.200000 0.477172
vt 0.250000 0.477172
vt 0.300000 0.477172
vt 0.350000 0.477172
vt 0.400000 0.477172
vt 0.450000 0.477172
vt 0.500000 0.477172
vt 0.550000 0.477172
vt 0.600000 0.477172
vt 0.650000 0.477172
vt 0.700000 0.477172
vt 0.750000 0.477172
vt 0.800000 0.477172
vt 0.850000 0.477172
vt 0.900000 0.477172
vt 0.950000 0.477172
vt 0.000000 0.774043
vt 1.000000 0.774043
vt 0.050000 0.774043
vt 0.100000 0.774043
vt 0.150000 0.774043
vt 0.200000 0.774043
vt 0.250000 0.774043
vt 0.300000 0.774043
vt 0.350000 0.774043
vt 0.400000 0.774043
vt 0.450000 0.774043
vt 0.500000 0.774043
vt 0.550000 0.774043
vt 0.600000 0.774043
vt 0.650000 0.774043
vt 0.700000 0.774043
vt 0.750000 0.774043
vt 0.800000 0.774043
vt 0.850000 0.774043
vt 0.900000 0.774043
vt 0.950000 0.774043
vt 0.000000 0.979500
vt 1.000000 0.979500
vt 0.050000 0.979500
vt 0.100000 0.979500
vt 0.150000 0.979500
vt 0.200000 0.979500
vt 0.250000 0.979500
vt 0.300000 0.979500
vt 0.350000 0.979500
vt 0.400000 0.979500
vt 0.450000 0.979500
vt 0.500000 0.979500
vt 0.550000 0.979500
vt 0.600000 0.979500
vt 0.650000 0.979500
vt 0.700000 0.979500
vt 0.750000 0.979500
vt 0.800000 0.979500
vt 0.850000 0.979500
vt 0.900000 0.979500
vt 0.950000 0.979500
vn 0.000000 -0.951057 0.309017
vn 0.000000 -1.000000 0.000001
vn 0.000000 -0.951057 0.309017
vn 0.000000 -1.000000 0.000001
vn 0.000000 -0.809017 0.587785
vn 0.000000 -0.809017 0.587785
vn 0.000000 -0.587785 0.809017
vn 0.000000 -0.587785 0.809017
vn 0.000000 -0.309017 0.951057
vn 0.000000 -0.309017 0.951056
vn 0.000000 -0.000000 1.000000
vn 0.000000 -0.000000 1.000000
vn 0.000000 0.309017 0.951057
vn 0.000000 0.309017 0.951057
vn 0.000000 0.587785 0.809017
vn 0.000000 0.587785 0.809017
vn 0.000000 0.809017 0.587785
vn 0.000000 0.809017 0.587785
vn 0.000000 0.951057 0.309017
vn 0.000000 0.951057 0.309017
vn 0.000000 1.000000 -0.000000
vn 0.000000 1.000000 0.000000
vn 0.000000 0.951057 -0.309017
vn -0.000000 0.951057 -0.309017
vn 0.000000 0.809017 -0.587785
vn -0.000000 0.809017 -0.587785
vn 0.000000 0.587786 -0.809017
vn 0.000000 0.587786 -0.809017
vn 0.000000 0.309017 -0.951057
vn 0.000000 0.309017 -0.951056
vn 0.000000 0.000000 -1.000000
vn 0.000000 0.000000 -1.000000
vn -0.000000 -0.309017 -0.951057
vn -0.000000 -0.309017 -0.951057
vn -0.000000 -0.587785 -0.809017
vn -0.000000 -0.587785 -0.809017
vn -0.000000 -0.809017 -0.587785
vn -0.000000 -0.809017 -0.587785
vn -0.000000 -0.951057 -0.309016
vn -0.000000 -0.951057 -0.309016
vn -1.000000 0.000000 0.000000
vn -1.000000 0.000000 0.000000
vn -1.000000 0.000000 0.000000
vn -1.000000 0.000000 0.000000
vn -1.000000 0.000000 0.000000
vn -1.000000 0.000000 0.000000
vn -1.000000 0.000000 0.000000
vn -1.000000 0.000000 0.000000
vn -1.000000 0.000000 -0.000000
vn -1.000000 0.000000 0.000000
vn -1.000000 0.000000 0.000000
vn -1.000000 0.000000 -0.000000
vn -1.000000 0.000000 0.000000
vn -1.000000 0.000000 0.000000
vn -1.000000 0.000000 0.000000
vn -1.000000 0.000000 0.000000
vn -1.000000 0.000000 0.000000
vn -1.000000 0.000000 0.000000
vn -1.000000 0.000000 0.000000
vn -1.000000 0.000000 0.000000
vn -1.000000 0.000000 0.000000
vn -1.000000 0.000000 0.000000
vn -1.000000 0.000000 0.000000
vn -1.000000 0.000000 0.000000
vn -1.000000 0.000000 0.000000
vn -1.000000 0.000000 0.000000
vn -1.000000 0.000000 0.000000
vn -1.000000 0.000000 0.000000
vn -1.000000 0.000000 -0.000000
vn -1.000000 0.000000 -0.000000
vn -1.000000 0.000000 0.000000
vn -1.000000 0.000000 -0.000000
vn -1.000000 0.000000 0.000000
vn -1.000000 0.000000 0.000000
vn -1.000000 0.000000 0.000000
vn -1.000000 0.000000 0.000000
vn -1.000000 0.000000 0.000000
vn -1.000000 0.000000 0.000000
vn -1.000000 0.000000 0.000000
vn -1.000000 0.000000 0.000000
vn -0.614929 0.748856 -0.247136
vn -0.614929 0.788574 -0.003632
vn -0.072305 0.948442 -0.308593
vn -0.072305 0.997383 -0.000405
vn -0.614930 0.635835 -0.466450
vn -0.072305 0.806662 -0.586574
vn -0.614930 0.460574 -0.640103
vn -0.072305 0.585920 -0.807137
vn -0.614930 0.240230 -0.751100
vn -0.072305 0.307824 -0.948692
vn -0.614928 -0.003631 -0.788575
vn -0.072305 -0.000404 -0.997383
vn -0.614930 -0.247136 -0.748856
vn -0.072305 -0.308592 -0.948442
vn -0.614929 -0.466450 -0.635835
vn -0.072305 -0.586574 -0.806662
vn -0.614929 -0.640104 -0.460575
vn -0.072305 -0.807137 -0.585920
vn -0.614929 -0.751100 -0.240230
vn -0.072305 -0.948692 -0.307824
vn -0.614929 -0.788574 0.003631
vn -0.072305 -0.997383 0.000404
vn -0.614929 -0.748856 0.247136
vn -0.072305 -0.948442 0.308593
vn -0.614930 -0.635835 0.466449
vn -0.072305 -0.806662 0.586574
vn -0.614930 -0.460575 0.640103
vn -0.072305 -0.585920 0.807137
vn -0.614930 -0.240230 0.751100
vn -0.072305 -0.307824 0.948692
vn -0.614928 0.003631 0.788575
vn -0.072305 0.000404 0.997383
vn -0.614929 0.247136 0.748856
vn -0.072305 0.308592 0.948442
vn -0.614930 0.466449 0.635835
vn -0.072305 0.586574 0.806662
vn -0.614930 0.640104 0.460574
vn -0.072305 0.807137 0.585920
vn -0.614929 0.751100 0.240229
vn -0.072305 0.948692 0.307823
vn 1.000000 0.000000 -0.000000
vn 1.000000 0.000000 -0.000000
vn 1.000000 0.000000 -0.000000
vn 1.000000 0.000000 0.000000
vn 1.000000 0.000000 0.000000
vn 1.000000 0.000000 -0.000000
vn 1.000000 0.000000 -0.000000
vn 1.000000 0.000000 0.000000
vn 1.000000 0.000000 -0.000000
vn 1.000000 0.000000 0.000000
vn 1.000000 0.000000 -0.000000
vn 1.000000 0.000000 0.000000
vn 1.000000 0.000000 0.000000
vn 1.000000 0.000000 0.000000
vn 1.000000 0.000000 0.000000
vn 1.000000 0.000000 0.000000
vn 1.000000 0.000000 0.000000
vn 1.000000 0.000000 0.000000
vn 1.000000 0.000000 0.000000
vn 1.000000 0.000000 0.000000
vn 1.000000 0.000000 0.000000
vn 1.000000 0.000000 -0.000000
vn 1.000000 0.000000 0.000000
vn 1.000000 0.000000 0.000000
vn 1.000000 0.000000 -0.000000
vn 1.000000 0.000000 0.000000
vn 1.000000 0.000000 -0.000000
vn 1.000000 0.000000 0.000000
vn 1.000000 0.000000 -0.000000
vn 1.000000 0.000000 0.000000
vn 1.000000 0.000000 0.000000
vn 1.000000 0.000000 0.000000
vn 1.000000 0.000000 0.000000
vn 1.000000 0.000000 0.000000
vn 1.000000 0.000000 0.000000
vn 1.000000 0.000000 0.000000
vn 1.000000 0.000000 0.000000
vn 1.000000 0.000000 0.000000
vn 1.000000 0.000000 0.000000
vn 1.000000 0.000000 0.000000
vn -0.000000 0.951057 -0.309017
vn -0.000000 1.000000 -0.000001
vn 0.000000 0.951057 -0.309017
vn 0.000000 1.000000 -0.000001
vn -0.000000 0.809017 -0.587785
vn 0.000000 0.809017 -0.587785
vn 0.000000 0.587785 -0.809017
vn 0.000000 0.587785 -0.809017
vn 0.000000 0.309017 -0.951057
vn 0.000000 0.309017 -0.951057
vn -0.000000 -0.000000 -1.000000
vn -0.000000 -0.000000 -1.000000
vn -0.000000 -0.309017 -0.951057
vn -0.000000 -0.309017 -0.951057
vn -0.000000 -0.587785 -0.809017
vn -0.000000 -0.587785 -0.809017
vn -0.000000 -0.809017 -0.587785
vn -0.000000 -0.809017 -0.587785
vn 0.000000 -0.951057 -0.309017
vn -0.000000 -0.951057 -0.309017
vn 0.000000 -1.000000 0.000000
vn 0.000000 -1.000000 0.000000
vn -0.000000 -0.951057 0.309017
vn 0.000000 -0.951057 0.309017
vn -0.000000 -0.809017 0.587785
vn 0.000000 -0.809017 0.587785
vn 0.000000 -0.587786 0.809017
vn 0.000000 -0.587785 0.809017
vn 0.000000 -0.309017 0.951056
vn 0.000000 -0.309017 0.951057
vn 0.000000 0.000000 1.000000
vn 0.000000 -0.000000 1.000000
vn -0.000000 0.309017 0.951057
vn 0.000000 0.309017 0.951057
vn -0.000000 0.587785 0.809017
vn 0.000000 0.587785 0.809017
vn 0.000000 0.809017 0.587785
vn 0.000000 0.809017 0.587785
vn -0.000000 0.951057 0.309016
vn 0.000000 0.951057 0.309016
vn -0.000000 -0.951057 0.309017
vn 0.000000 -1.000000 0.000001
vn 0.000000 -0.951057 0.309017
vn 0.000000 -1.000000 0.000001
vn -0.000000 -0.809017 0.587785
vn 0.000000 -0.809017 0.587785
vn 0.000000 -0.587785 0.809017
vn 0.000000 -0.587785 0.809017
vn -0.000000 -0.309017 0.951057
vn 0.000000 -0.309017 0.951057
vn -0.000000 0.000000 1.000000
vn 0.000000 0.000000 1.000000
vn -0.000000 0.309017 0.951056
vn 0.000000 0.309017 0.951057
vn 0.000000 0.587785 0.809017
vn -0.000000 0.587785 0.809017
vn 0.000000 0.809017 0.587785
vn -0.000000 0.809017 0.587785
vn 0.000000 0.951057 0.309017
vn 0.000000 0.951057 0.309017
vn 0.000000 1.000000 0.000000
vn 0.000000 1.000000 0.000000
vn 0.000000 0.951057 -0.309017
vn 0.000000 0.951057 -0.309017
vn -0.000000 0.809017 -0.587785
vn 0.000000 0.809017 -0.587785
vn 0.000000 0.587786 -0.809017
vn 0.000000 0.587786 -0.809017
vn 0.000000 0.309017 -0.951057
vn 0.000000 0.309017 -0.951057
vn -0.000000 -0.000000 -1.000000
vn -0.000000 -0.000000 -1.000000
vn -0.000000 -0.309017 -0.951057
vn -0.000000 -0.309017 -0.951057
vn -0.000000 -0.587785 -0.809017
vn -0.000000 -0.587785 -0.809017
vn -0.000000 -0.809017 -0.587785
vn -0.000000 -0.809017 -0.587785
vn -0.000000 -0.951057 -0.309016
vn -0.000000 -0.951057 -0.309016
s 1
g pPipe7
usemtl lambert6SG
f 758/982/1221 757/981/1222 898/1151/1223
f 898/1151/1223 757/981/1222 897/1149/1224
f 759/983/1225 758/982/1221 899/1152/1226
f 899/1152/1226 758/982/1221 898/1151/1223
f 760/984/1227 759/983/1225 900/1153/1228
f 900/1153/1228 759/983/1225 899/1152/1226
f 761/985/1229 760/984/1227 901/1154/1230
f 901/1154/1230 760/984/1227 900/1153/1228
f 762/986/1231 761/985/1229 902/1155/1232
f 902/1155/1232 761/985/1229 901/1154/1230
f 763/987/1233 762/986/1231 903/1156/1234
f 903/1156/1234 762/986/1231 902/1155/1232
f 764/988/1235 763/987/1233 904/1157/1236
f 904/1157/1236 763/987/1233 903/1156/1234
f 765/989/1237 764/988/1235 905/1158/1238
f 905/1158/1238 764/988/1235 904/1157/1236
f 766/990/1239 765/989/1237 906/1159/1240
f 906/1159/1240 765/989/1237 905/1158/1238
f 767/991/1241 766/990/1239 907/1160/1242
f 907/1160/1242 766/990/1239 906/1159/1240
f 768/992/1243 767/991/1241 908/1161/1244
f 908/1161/1244 767/991/1241 907/1160/1242
f 769/993/1245 768/992/1243 909/1162/1246
f 909/1162/1246 768/992/1243 908/1161/1244
f 770/994/1247 769/993/1245 910/1163/1248
f 910/1163/1248 769/993/1245 909/1162/1246
f 771/995/1249 770/994/1247 911/1164/1250
f 911/1164/1250 770/994/1247 910/1163/1248
f 772/996/1251 771/995/1249 912/1165/1252
f 912/1165/1252 771/995/1249 911/1164/1250
f 773/997/1253 772/996/1251 913/1166/1254
f 913/1166/1254 772/996/1251 912/1165/1252
f 774/998/1255 773/997/1253 914/1167/1256
f 914/1167/1256 773/997/1253 913/1166/1254
f 775/999/1257 774/998/1255 915/1168/1258
f 915/1168/1258 774/998/1255 914/1167/1256
f 776/1000/1259 775/999/1257 916/1169/1260
f 916/1169/1260 775/999/1257 915/1168/1258
f 757/1001/1222 776/1000/1259 897/1150/1224
f 897/1150/1224 776/1000/1259 916/1169/1260
s 2
f 778/1003/1261 777/1002/1262 798/1024/1263
f 798/1024/1263 777/1002/1262 797/1023/1264
f 779/1004/1265 778/1003/1261 799/1025/1266
f 799/1025/1266 778/1003/1261 798/1024/1263
f 780/1005/1267 779/1004/1265 800/1026/1268
f 800/1026/1268 779/1004/1265 799/1025/1266
f 781/1006/1269 780/1005/1267 801/1027/1270
f 801/1027/1270 780/1005/1267 800/1026/1268
f 782/1007/1271 781/1006/1269 802/1028/1272
f 802/1028/1272 781/1006/1269 801/1027/1270
f 783/1008/1273 782/1007/1271 803/1029/1274
f 803/1029/1274 782/1007/1271 802/1028/1272
f 784/1009/1275 783/1008/1273 804/1030/1276
f 804/1030/1276 783/1008/1273 803/1029/1274
f 785/1010/1277 784/1009/1275 805/1031/1278
f 805/1031/1278 784/1009/1275 804/1030/1276
f 786/1011/1279 785/1010/1277 806/1032/1280
f 806/1032/1280 785/1010/1277 805/1031/1278
f 787/1012/1281 786/1011/1279 807/1033/1282
f 807/1033/1282 786/1011/1279 806/1032/1280
f 788/1013/1283 787/1012/1281 808/1034/1284
f 808/1034/1284 787/1012/1281 807/1033/1282
f 789/1014/1285 788/1013/1283 809/1035/1286
f 809/1035/1286 788/1013/1283 808/1034/1284
f 790/1015/1287 789/1014/1285 810/1036/1288
f 810/1036/1288 789/1014/1285 809/1035/1286
f 791/1016/1289 790/1015/1287 811/1037/1290
f 811/1037/1290 790/1015/1287 810/1036/1288
f 792/1017/1291 791/1016/1289 812/1038/1292
f 812/1038/1292 791/1016/1289 811/1037/1290
f 793/1018/1293 792/1017/1291 813/1039/1294
f 813/1039/1294 792/1017/1291 812/1038/1292
f 794/1019/1295 793/1018/1293 814/1040/1296
f 814/1040/1296 793/1018/1293 813/1039/1294
f 795/1020/1297 794/1019/1295 815/1041/1298
f 815/1041/1298 794/1019/1295 814/1040/1296
f 796/1021/1299 795/1020/1297 816/1042/1300
f 816/1042/1300 795/1020/1297 815/1041/1298
f 777/1022/1262 796/1021/1299 797/1043/1264
f 797/1043/1264 796/1021/1299 816/1042/1300
s 3
f 798/1024/1301 797/1023/1302 858/1109/1303
f 858/1109/1303 797/1023/1302 857/1107/1304
f 799/1025/1305 798/1024/1301 859/1110/1306
f 859/1110/1306 798/1024/1301 858/1109/1303
f 800/1026/1307 799/1025/1305 860/1111/1308
f 860/1111/1308 799/1025/1305 859/1110/1306
f 801/1027/1309 800/1026/1307 861/1112/1310
f 861/1112/1310 800/1026/1307 860/1111/1308
f 802/1028/1311 801/1027/1309 862/1113/1312
f 862/1113/1312 801/1027/1309 861/1112/1310
f 803/1029/1313 802/1028/1311 863/1114/1314
f 863/1114/1314 802/1028/1311 862/1113/1312
f 804/1030/1315 803/1029/1313 864/1115/1316
f 864/1115/1316 803/1029/1313 863/1114/1314
f 805/1031/1317 804/1030/1315 865/1116/1318
f 865/1116/1318 804/1030/1315 864/1115/1316
f 806/1032/1319 805/1031/1317 866/1117/1320
f 866/1117/1320 805/1031/1317 865/1116/1318
f 807/1033/1321 806/1032/1319 867/1118/1322
f 867/1118/1322 806/1032/1319 866/1117/1320
f 808/1034/1323 807/1033/1321 868/1119/1324
f 868/1119/1324 807/1033/1321 867/1118/1322
f 809/1035/1325 808/1034/1323 869/1120/1326
f 869/1120/1326 808/1034/1323 868/1119/1324
f 810/1036/1327 809/1035/1325 870/1121/1328
f 870/1121/1328 809/1035/1325 869/1120/1326
f 811/1037/1329 810/1036/1327 871/1122/1330
f 871/1122/1330 810/1036/1327 870/1121/1328
f 812/1038/1331 811/1037/1329 872/1123/1332
f 872/1123/1332 811/1037/1329 871/1122/1330
f 813/1039/1333 812/1038/1331 873/1124/1334
f 873/1124/1334 812/1038/1331 872/1123/1332
f 814/1040/1335 813/1039/1333 874/1125/1336
f 874/1125/1336 813/1039/1333 873/1124/1334
f 815/1041/1337 814/1040/1335 875/1126/1338
f 875/1126/1338 814/1040/1335 874/1125/1336
f 816/1042/1339 815/1041/1337 876/1127/1340
f 876/1127/1340 815/1041/1337 875/1126/1338
f 797/1043/1302 816/1042/1339 857/1108/1304
f 857/1108/1304 816/1042/1339 876/1127/1340
s 4
f 818/1045/1341 817/1044/1342 758/1066/1343
f 758/1066/1343 817/1044/1342 757/1065/1344
f 819/1046/1345 818/1045/1341 759/1067/1346
f 759/1067/1346 818/1045/1341 758/1066/1343
f 820/1047/1347 819/1046/1345 760/1068/1348
f 760/1068/1348 819/1046/1345 759/1067/1346
f 821/1048/1349 820/1047/1347 761/1069/1350
f 761/1069/1350 820/1047/1347 760/1068/1348
f 822/1049/1351 821/1048/1349 762/1070/1352
f 762/1070/1352 821/1048/1349 761/1069/1350
f 823/1050/1353 822/1049/1351 763/1071/1354
f 763/1071/1354 822/1049/1351 762/1070/1352
f 824/1051/1355 823/1050/1353 764/1072/1356
f 764/1072/1356 823/1050/1353 763/1071/1354
f 825/1052/1357 824/1051/1355 765/1073/1358
f 765/1073/1358 824/1051/1355 764/1072/1356
f 826/1053/1359 825/1052/1357 766/1074/1360
f 766/1074/1360 825/1052/1357 765/1073/1358
f 827/1054/1361 826/1053/1359 767/1075/1362
f 767/1075/1362 826/1053/1359 766/1074/1360
f 828/1055/1363 827/1054/1361 768/1076/1364
f 768/1076/1364 827/1054/1361 767/1075/1362
f 829/1056/1365 828/1055/1363 769/1077/1366
f 769/1077/1366 828/1055/1363 768/1076/1364
f 830/1057/1367 829/1056/1365 770/1078/1368
f 770/1078/1368 829/1056/1365 769/1077/1366
f 831/1058/1369 830/1057/1367 771/1079/1370
f 771/1079/1370 830/1057/1367 770/1078/1368
f 832/1059/1371 831/1058/1369 772/1080/1372
f 772/1080/1372 831/1058/1369 771/1079/1370
f 833/1060/1373 832/1059/1371 773/1081/1374
f 773/1081/1374 832/1059/1371 772/1080/1372
f 834/1061/1375 833/1060/1373 774/1082/1376
f 774/1082/1376 833/1060/1373 773/1081/1374
f 835/1062/1377 834/1061/1375 775/1083/1378
f 775/1083/1378 834/1061/1375 774/1082/1376
f 836/1063/1379 835/1062/1377 776/1084/1380
f 776/1084/1380 835/1062/1377 775/1083/1378
f 817/1064/1342 836/1063/1379 757/1085/1344
f 757/1085/1344 836/1063/1379 776/1084/1380
s 3
f 838/1088/1381 837/1086/1382 818/1045/1383
f 818/1045/1383 837/1086/1382 817/1044/1384
f 839/1089/1385 838/1088/1381 819/1046/1386
f 819/1046/1386 838/1088/1381 818/1045/1383
f 840/1090/1387 839/1089/1385 820/1047/1388
f 820/1047/1388 839/1089/1385 819/1046/1386
f 841/1091/1389 840/1090/1387 821/1048/1390
f 821/1048/1390 840/1090/1387 820/1047/1388
f 842/1092/1391 841/1091/1389 822/1049/1392
f 822/1049/1392 841/1091/1389 821/1048/1390
f 843/1093/1393 842/1092/1391 823/1050/1394
f 823/1050/1394 842/1092/1391 822/1049/1392
f 844/1094/1395 843/1093/1393 824/1051/1396
f 824/1051/1396 843/1093/1393 823/1050/1394
f 845/1095/1397 844/1094/1395 825/1052/1398
f 825/1052/1398 844/1094/1395 824/1051/1396
f 846/1096/1399 845/1095/1397 826/1053/1400
f 826/1053/1400 845/1095/1397 825/1052/1398
f 847/1097/1401 846/1096/1399 827/1054/1402
f 827/1054/1402 846/1096/1399 826/1053/1400
f 848/1098/1403 847/1097/1401 828/1055/1404
f 828/1055/1404 847/1097/1401 827/1054/1402
f 849/1099/1405 848/1098/1403 829/1056/1406
f 829/1056/1406 848/1098/1403 828/1055/1404
f 850/1100/1407 849/1099/1405 830/1057/1408
f 830/1057/1408 849/1099/1405 829/1056/1406
f 851/1101/1409 850/1100/1407 831/1058/1410
f 831/1058/1410 850/1100/1407 830/1057/1408
f 852/1102/1411 851/1101/1409 832/1059/1412
f 832/1059/1412 851/1101/1409 831/1058/1410
f 853/1103/1413 852/1102/1411 833/1060/1414
f 833/1060/1414 852/1102/1411 832/1059/1412
f 854/1104/1415 853/1103/1413 834/1061/1416
f 834/1061/1416 853/1103/1413 833/1060/1414
f 855/1105/1417 854/1104/1415 835/1062/1418
f 835/1062/1418 854/1104/1415 834/1061/1416
f 856/1106/1419 855/1105/1417 836/1063/1420
f 836/1063/1420 855/1105/1417 835/1062/1418
f 837/1087/1382 856/1106/1419 817/1064/1384
f 817/1064/1384 856/1106/1419 836/1063/1420
f 858/1109/1303 857/1107/1304 838/1088/1381
f 838/1088/1381 857/1107/1304 837/1086/1382
f 859/1110/1306 858/1109/1303 839/1089/1385
f 839/1089/1385 858/1109/1303 838/1088/1381
f 860/1111/1308 859/1110/1306 840/1090/1387
f 840/1090/1387 859/1110/1306 839/1089/1385
f 861/1112/1310 860/1111/1308 841/1091/1389
f 841/1091/1389 860/1111/1308 840/1090/1387
f 862/1113/1312 861/1112/1310 842/1092/1391
f 842/1092/1391 861/1112/1310 841/1091/1389
f 863/1114/1314 862/1113/1312 843/1093/1393
f 843/1093/1393 862/1113/1312 842/1092/1391
f 864/1115/1316 863/1114/1314 844/1094/1395
f 844/1094/1395 863/1114/1314 843/1093/1393
f 865/1116/1318 864/1115/1316 845/1095/1397
f 845/1095/1397 864/1115/1316 844/1094/1395
f 866/1117/1320 865/1116/1318 846/1096/1399
f 846/1096/1399 865/1116/1318 845/1095/1397
f 867/1118/1322 866/1117/1320 847/1097/1401
f 847/1097/1401 866/1117/1320 846/1096/1399
f 868/1119/1324 867/1118/1322 848/1098/1403
f 848/1098/1403 867/1118/1322 847/1097/1401
f 869/1120/1326 868/1119/1324 849/1099/1405
f 849/1099/1405 868/1119/1324 848/1098/1403
f 870/1121/1328 869/1120/1326 850/1100/1407
f 850/1100/1407 869/1120/1326 849/1099/1405
f 871/1122/1330 870/1121/1328 851/1101/1409
f 851/1101/1409 870/1121/1328 850/1100/1407
f 872/1123/1332 871/1122/1330 852/1102/1411
f 852/1102/1411 871/1122/1330 851/1101/1409
f 873/1124/1334 872/1123/1332 853/1103/1413
f 853/1103/1413 872/1123/1332 852/1102/1411
f 874/1125/1336 873/1124/1334 854/1104/1415
f 854/1104/1415 873/1124/1334 853/1103/1413
f 875/1126/1338 874/1125/1336 855/1105/1417
f 855/1105/1417 874/1125/1336 854/1104/1415
f 876/1127/1340 875/1126/1338 856/1106/1419
f 856/1106/1419 875/1126/1338 855/1105/1417
f 857/1108/1304 876/1127/1340 837/1087/1382
f 837/1087/1382 876/1127/1340 856/1106/1419
s 1
f 878/1130/1421 877/1128/1422 778/1003/1423
f 778/1003/1423 877/1128/1422 777/1002/1424
f 879/1131/1425 878/1130/1421 779/1004/1426
f 779/1004/1426 878/1130/1421 778/1003/1423
f 880/1132/1427 879/1131/1425 780/1005/1428
f 780/1005/1428 879/1131/1425 779/1004/1426
f 881/1133/1429 880/1132/1427 781/1006/1430
f 781/1006/1430 880/1132/1427 780/1005/1428
f 882/1134/1431 881/1133/1429 782/1007/1432
f 782/1007/1432 881/1133/1429 781/1006/1430
f 883/1135/1433 882/1134/1431 783/1008/1434
f 783/1008/1434 882/1134/1431 782/1007/1432
f 884/1136/1435 883/1135/1433 784/1009/1436
f 784/1009/1436 883/1135/1433 783/1008/1434
f 885/1137/1437 884/1136/1435 785/1010/1438
f 785/1010/1438 884/1136/1435 784/1009/1436
f 886/1138/1439 885/1137/1437 786/1011/1440
f 786/1011/1440 885/1137/1437 785/1010/1438
f 887/1139/1441 886/1138/1439 787/1012/1442
f 787/1012/1442 886/1138/1439 786/1011/1440
f 888/1140/1443 887/1139/1441 788/1013/1444
f 788/1013/1444 887/1139/1441 787/1012/1442
f 889/1141/1445 888/1140/1443 789/1014/1446
f 789/1014/1446 888/1140/1443 788/1013/1444
f 890/1142/1447 889/1141/1445 790/1015/1448
f 790/1015/1448 889/1141/1445 789/1014/1446
f 891/1143/1449 890/1142/1447 791/1016/1450
f 791/1016/1450 890/1142/1447 790/1015/1448
f 892/1144/1451 891/1143/1449 792/1017/1452
f 792/1017/1452 891/1143/1449 791/1016/1450
f 893/1145/1453 892/1144/1451 793/1018/1454
f 793/1018/1454 892/1144/1451 792/1017/1452
f 894/1146/1455 893/1145/1453 794/1019/1456
f 794/1019/1456 893/1145/1453 793/1018/1454
f 895/1147/1457 894/1146/1455 795/1020/1458
f 795/1020/1458 894/1146/1455 794/1019/1456
f 896/1148/1459 895/1147/1457 796/1021/1460
f 796/1021/1460 895/1147/1457 795/1020/1458
f 877/1129/1422 896/1148/1459 777/1022/1424
f 777/1022/1424 896/1148/1459 796/1021/1460
f 898/1151/1223 897/1149/1224 878/1130/1421
f 878/1130/1421 897/1149/1224 877/1128/1422
f 899/1152/1226 898/1151/1223 879/1131/1425
f 879/1131/1425 898/1151/1223 878/1130/1421
f 900/1153/1228 899/1152/1226 880/1132/1427
f 880/1132/1427 899/1152/1226 879/1131/1425
f 901/1154/1230 900/1153/1228 881/1133/1429
f 881/1133/1429 900/1153/1228 880/1132/1427
f 902/1155/1232 901/1154/1230 882/1134/1431
f 882/1134/1431 901/1154/1230 881/1133/1429
f 903/1156/1234 902/1155/1232 883/1135/1433
f 883/1135/1433 902/1155/1232 882/1134/1431
f 904/1157/1236 903/1156/1234 884/1136/1435
f 884/1136/1435 903/1156/1234 883/1135/1433
f 905/1158/1238 904/1157/1236 885/1137/1437
f 885/1137/1437 904/1157/1236 884/1136/1435
f 906/1159/1240 905/1158/1238 886/1138/1439
f 886/1138/1439 905/1158/1238 885/1137/1437
f 907/1160/1242 906/1159/1240 887/1139/1441
f 887/1139/1441 906/1159/1240 886/1138/1439
f 908/1161/1244 907/1160/1242 888/1140/1443
f 888/1140/1443 907/1160/1242 887/1139/1441
f 909/1162/1246 908/1161/1244 889/1141/1445
f 889/1141/1445 908/1161/1244 888/1140/1443
f 910/1163/1248 909/1162/1246 890/1142/1447
f 890/1142/1447 909/1162/1246 889/1141/1445
f 911/1164/1250 910/1163/1248 891/1143/1449
f 891/1143/1449 910/1163/1248 890/1142/1447
f 912/1165/1252 911/1164/1250 892/1144/1451
f 892/1144/1451 911/1164/1250 891/1143/1449
f 913/1166/1254 912/1165/1252 893/1145/1453
f 893/1145/1453 912/1165/1252 892/1144/1451
f 914/1167/1256 913/1166/1254 894/1146/1455
f 894/1146/1455 913/1166/1254 893/1145/1453
f 915/1168/1258 914/1167/1256 895/1147/1457
f 895/1147/1457 914/1167/1256 894/1146/1455
f 916/1169/1260 915/1168/1258 896/1148/1459
f 896/1148/1459 915/1168/1258 895/1147/1457
f 897/1150/1224 916/1169/1260 877/1129/1422
f 877/1129/1422 916/1169/1260 896/1148/1459
g default
v -0.500000 0.250000 1.000000
v -0.500000 0.237764 0.922746
v -0.500000 0.202254 0.853054
v -0.500000 0.146946 0.797746
v -0.500000 0.077254 0.762236
v -0.500000 -0.000000 0.750000
v -0.500000 -0.077254 0.762236
v -0.500000 -0.146946 0.797746
v -0.500000 -0.202254 0.853054
v -0.500000 -0.237764 0.922746
v -0.500000 -0.250000 1.000000
v -0.500000 -0.237764 1.077254
v -0.500000 -0.202254 1.146946
v -0.500000 -0.146946 1.202254
v -0.500000 -0.077254 1.237764
v -0.500000 0.000000 1.250000
v -0.500000 0.077254 1.237764
v -0.500000 0.146946 1.202254
v -0.500000 0.202254 1.146946
v -0.500000 0.237764 1.077254
v -1.000000 0.250000 1.000000
v -1.000000 0.237764 0.922746
v -1.000000 0.202254 0.853054
v -1.000000 0.146946 0.797746
v -1.000000 0.077254 0.762236
v -1.000000 -0.000000 0.750000
v -1.000000 -0.077254 0.762236
v -1.000000 -0.146946 0.797746
v -1.000000 -0.202254 0.853054
v -1.000000 -0.237764 0.922746
v -1.000000 -0.250000 1.000000
v -1.000000 -0.237764 1.077254
v -1.000000 -0.202254 1.146946
v -1.000000 -0.146946 1.202254
v -1.000000 -0.077254 1.237764
v -1.000000 0.000000 1.250000
v -1.000000 0.077254 1.237764
v -1.000000 0.146946 1.202254
v -1.000000 0.202254 1.146946
v -1.000000 0.237764 1.077254
v -1.000000 0.464005 1.000000
v -1.000000 0.441295 0.856615
v -1.000000 0.375388 0.727265
v -1.000000 0.272735 0.624612
v -1.000000 0.143385 0.558705
v -1.000000 -0.000000 0.535995
v -1.000000 -0.143385 0.558705
v -1.000000 -0.272735 0.624612
v -1.000000 -0.375388 0.727265
v -1.000000 -0.441295 0.856615
v -1.000000 -0.464005 1.000000
v -1.000000 -0.441295 1.143385
v -1.000000 -0.375388 1.272735
v -1.000000 -0.272735 1.375388
v -1.000000 -0.143385 1.441295
v -1.000000 -0.000000 1.464005
v -1.000000 0.143385 1.441295
v -1.000000 0.272735 1.375388
v -1.000000 0.375388 1.272735
v -1.000000 0.441295 1.143385
v -0.500000 0.500000 1.000000
v -0.500000 0.475528 0.845491
v -0.500000 0.404509 0.706107
v -0.500000 0.293893 0.595491
v -0.500000 0.154508 0.524472
v -0.500000 -0.000000 0.500000
v -0.500000 -0.154509 0.524472
v -0.500000 -0.293893 0.595491
v -0.500000 -0.404509 0.706107
v -0.500000 -0.475528 0.845491
v -0.500000 -0.500000 1.000000
v -0.500000 -0.475528 1.154509
v -0.500000 -0.404509 1.293893
v -0.500000 -0.293893 1.404509
v -0.500000 -0.154509 1.475528
v -0.500000 0.000000 1.500000
v -0.500000 0.154509 1.475529
v -0.500000 0.293893 1.404509
v -0.500000 0.404509 1.293893
v -0.500000 0.475529 1.154509
v -0.547424 0.500000 1.000000
v -0.547424 0.475528 0.845491
v -0.547424 0.404509 0.706107
v -0.547424 0.293893 0.595491
v -0.547424 0.154508 0.524472
v -0.547424 -0.000000 0.500000
v -0.547424 -0.154509 0.524472
v -0.547424 -0.293893 0.595491
v -0.547424 -0.404509 0.706107
v -0.547424 -0.475528 0.845491
v -0.547424 -0.500000 1.000000
v -0.547424 -0.475528 1.154509
v -0.547424 -0.404509 1.293893
v -0.547424 -0.293893 1.404509
v -0.547424 -0.154509 1.475528
v -0.547424 0.000000 1.500000
v -0.547424 0.154509 1.475529
v -0.547424 0.293893 1.404509
v -0.547424 0.404509 1.293893
v -0.547424 0.475529 1.154509
v -0.954345 0.500000 1.000000
v -0.954345 0.475528 0.845491
v -0.954345 0.404509 0.706107
v -0.954345 0.293893 0.595491
v -0.954345 0.154508 0.524472
v -0.954345 -0.000000 0.500000
v -0.954345 -0.154509 0.524472
v -0.954345 -0.293893 0.595491
v -0.954345 -0.404509 0.706107
v -0.954345 -0.475528 0.845491
v -0.954345 -0.500000 1.000000
v -0.954345 -0.475528 1.154509
v -0.954345 -0.404509 1.293893
v -0.954345 -0.293893 1.404509
v -0.954345 -0.154509 1.475528
v -0.954345 0.000000 1.500000
v -0.954345 0.154509 1.475528
v -0.954345 0.293893 1.404509
v -0.954345 0.404509 1.293893
v -0.954345 0.475529 1.154509
v -0.951914 0.250000 1.000000
v -0.951914 0.237764 0.922746
v -0.951914 0.202254 0.853054
v -0.951914 0.146946 0.797746
v -0.951914 0.077254 0.762236
v -0.951914 -0.000000 0.750000
v -0.951914 -0.077254 0.762236
v -0.951914 -0.146946 0.797746
v -0.951914 -0.202254 0.853054
v -0.951914 -0.237764 0.922746
v -0.951914 -0.250000 1.000000
v -0.951914 -0.237764 1.077254
v -0.951914 -0.202254 1.146946
v -0.951914 -0.146946 1.202254
v -0.951914 -0.077254 1.237764
v -0.951914 0.000000 1.250000
v -0.951914 0.077254 1.237764
v -0.951914 0.146946 1.202254
v -0.951914 0.202254 1.146946
v -0.951914 0.237764 1.077254
v -0.541000 0.250000 1.000000
v -0.541000 0.237764 0.922746
v -0.541000 0.202254 0.853054
v -0.541000 0.146946 0.797746
v -0.541000 0.077254 0.762236
v -0.541000 -0.000000 0.750000
v -0.541000 -0.077254 0.762236
v -0.541000 -0.146946 0.797746
v -0.541000 -0.202254 0.853054
v -0.541000 -0.237764 0.922746
v -0.541000 -0.250000 1.000000
v -0.541000 -0.237764 1.077254
v -0.541000 -0.202254 1.146946
v -0.541000 -0.146946 1.202254
v -0.541000 -0.077254 1.237764
v -0.541000 0.000000 1.250000
v -0.541000 0.077254 1.237764
v -0.541000 0.146946 1.202254
v -0.541000 0.202254 1.146946
v -0.541000 0.237764 1.077254
vt 0.000000 1.000000
vt 0.050000 1.000000
vt 0.100000 1.000000
vt 0.150000 1.000000
vt 0.200000 1.000000
vt 0.250000 1.000000
vt 0.300000 1.000000
vt 0.350000 1.000000
vt 0.400000 1.000000
vt 0.450000 1.000000
vt 0.500000 1.000000
vt 0.550000 1.000000
vt 0.600000 1.000000
vt 0.650000 1.000000
vt 0.700000 1.000000
vt 0.750000 1.000000
vt 0.800000 1.000000
vt 0.850000 1.000000
vt 0.900000 1.000000
vt 0.950000 1.000000
vt 1.000000 1.000000
vt 0.000000 0.750000
vt 0.050000 0.750000
vt 0.100000 0.750000
vt 0.150000 0.750000
vt 0.200000 0.750000
vt 0.250000 0.750000
vt 0.300000 0.750000
vt 0.350000 0.750000
vt 0.400000 0.750000
vt 0.450000 0.750000
vt 0.500000 0.750000
vt 0.550000 0.750000
vt 0.600000 0.750000
vt 0.650000 0.750000
vt 0.700000 0.750000
vt 0.750000 0.750000
vt 0.800000 0.750000
vt 0.850000 0.750000
vt 0.900000 0.750000
vt 0.950000 0.750000
vt 1.000000 0.750000
vt 0.000000 0.500000
vt 0.050000 0.500000
vt 0.100000 0.500000
vt 0.150000 0.500000
vt 0.200000 0.500000
vt 0.250000 0.500000
vt 0.300000 0.500000
vt 0.350000 0.500000
vt 0.400000 0.500000
vt 0.450000 0.500000
vt 0.500000 0.500000
vt 0.550000 0.500000
vt 0.600000 0.500000
vt 0.650000 0.500000
vt 0.700000 0.500000
vt 0.750000 0.500000
vt 0.800000 0.500000
vt 0.850000 0.500000
vt 0.900000 0.500000
vt 0.950000 0.500000
vt 1.000000 0.500000
vt 0.000000 0.250000
vt 0.050000 0.250000
vt 0.100000 0.250000
vt 0.150000 0.250000
vt 0.200000 0.250000
vt 0.250000 0.250000
vt 0.300000 0.250000
vt 0.350000 0.250000
vt 0.400000 0.250000
vt 0.450000 0.250000
vt 0.500000 0.250000
vt 0.550000 0.250000
vt 0.600000 0.250000
vt 0.650000 0.250000
vt 0.700000 0.250000
vt 0.750000 0.250000
vt 0.800000 0.250000
vt 0.850000 0.250000
vt 0.900000 0.250000
vt 0.950000 0.250000
vt 1.000000 0.250000
vt 0.000000 0.000000
vt 0.050000 0.000000
vt 0.100000 0.000000
vt 0.150000 0.000000
vt 0.200000 0.000000
vt 0.250000 0.000000
vt 0.300000 0.000000
vt 0.350000 0.000000
vt 0.400000 0.000000
vt 0.450000 0.000000
vt 0.500000 0.000000
vt 0.550000 0.000000
vt 0.600000 0.000000
vt 0.650000 0.000000
vt 0.700000 0.000000
vt 0.750000 0.000000
vt 0.800000 0.000000
vt 0.850000 0.000000
vt 0.900000 0.000000
vt 0.950000 0.000000
vt 1.000000 0.000000
vt 0.000000 0.273712
vt 1.000000 0.273712
vt 0.050000 0.273712
vt 0.100000 0.273712
vt 0.150000 0.273712
vt 0.200000 0.273712
vt 0.250000 0.273712
vt 0.300000 0.273712
vt 0.350000 0.273712
vt 0.400000 0.273712
vt 0.450000 0.273712
vt 0.500000 0.273712
vt 0.550000 0.273712
vt 0.600000 0.273712
vt 0.650000 0.273712
vt 0.700000 0.273712
vt 0.750000 0.273712
vt 0.800000 0.273712
vt 0.850000 0.273712
vt 0.900000 0.273712
vt 0.950000 0.273712
vt 0.000000 0.477172
vt 1.000000 0.477172
vt 0.050000 0.477172
vt 0.100000 0.477172
vt 0.150000 0.477172
vt 0.200000 0.477172
vt 0.250000 0.477172
vt 0.300000 0.477172
vt 0.350000 0.477172
vt 0.400000 0.477172
vt 0.450000 0.477172
vt 0.500000 0.477172
vt 0.550000 0.477172
vt 0.600000 0.477172
vt 0.650000 0.477172
vt 0.700000 0.477172
vt 0.750000 0.477172
vt 0.800000 0.477172
vt 0.850000 0.477172
vt 0.900000 0.477172
vt 0.950000 0.477172
vt 0.000000 0.774043
vt 1.000000 0.774043
vt 0.050000 0.774043
vt 0.100000 0.774043
vt 0.150000 0.774043
vt 0.200000 0.774043
vt 0.250000 0.774043
vt 0.300000 0.774043
vt 0.350000 0.774043
vt 0.400000 0.774043
vt 0.450000 0.774043
vt 0.500000 0.774043
vt 0.550000 0.774043
vt 0.600000 0.774043
vt 0.650000 0.774043
vt 0.700000 0.774043
vt 0.750000 0.774043
vt 0.800000 0.774043
vt 0.850000 0.774043
vt 0.900000 0.774043
vt 0.950000 0.774043
vt 0.000000 0.979500
vt 1.000000 0.979500
vt 0.050000 0.979500
vt 0.100000 0.979500
vt 0.150000 0.979500
vt 0.200000 0.979500
vt 0.250000 0.979500
vt 0.300000 0.979500
vt 0.350000 0.979500
vt 0.400000 0.979500
vt 0.450000 0.979500
vt 0.500000 0.979500
vt 0.550000 0.979500
vt 0.600000 0.979500
vt 0.650000 0.979500
vt 0.700000 0.979500
vt 0.750000 0.979500
vt 0.800000 0.979500
vt 0.850000 0.979500
vt 0.900000 0.979500
vt 0.950000 0.979500
vn 0.000000 -0.951057 0.309017
vn 0.000000 -1.000000 0.000001
vn 0.000000 -0.951057 0.309017
vn 0.000000 -1.000000 0.000001
vn 0.000000 -0.809017 0.587785
vn 0.000000 -0.809017 0.587785
vn 0.000000 -0.587785 0.809017
vn 0.000000 -0.587785 0.809017
vn 0.000000 -0.309017 0.951057
vn 0.000000 -0.309017 0.951056
vn 0.000000 -0.000000 1.000000
vn 0.000000 -0.000000 1.000000
vn 0.000000 0.309017 0.951057
vn 0.000000 0.309017 0.951057
vn 0.000000 0.587785 0.809017
vn 0.000000 0.587785 0.809017
vn 0.000000 0.809017 0.587785
vn 0.000000 0.809017 0.587785
vn 0.000000 0.951057 0.309017
vn 0.000000 0.951057 0.309017
vn 0.000000 1.000000 -0.000000
vn 0.000000 1.000000 0.000000
vn 0.000000 0.951057 -0.309017
vn -0.000000 0.951057 -0.309017
vn 0.000000 0.809017 -0.587785
vn -0.000000 0.809017 -0.587785
vn 0.000000 0.587786 -0.809017
vn 0.000000 0.587786 -0.809017
vn 0.000000 0.309017 -0.951057
vn 0.000000 0.309017 -0.951056
vn 0.000000 0.000000 -1.000000
vn 0.000000 0.000000 -1.000000
vn -0.000000 -0.309017 -0.951057
vn -0.000000 -0.309017 -0.951057
vn -0.000000 -0.587785 -0.809017
vn -0.000000 -0.587785 -0.809017
vn -0.000000 -0.809017 -0.587785
vn -0.000000 -0.809017 -0.587785
vn -0.000000 -0.951057 -0.309016
vn -0.000000 -0.951057 -0.309016
vn -1.000000 0.000000 0.000000
vn -1.000000 0.000000 0.000000
vn -1.000000 0.000000 0.000000
vn -1.000000 0.000000 0.000000
vn -1.000000 0.000000 0.000000
vn -1.000000 0.000000 0.000000
vn -1.000000 0.000000 0.000000
vn -1.000000 0.000000 0.000000
vn -1.000000 0.000000 -0.000000
vn -1.000000 0.000000 0.000000
vn -1.000000 0.000000 0.000000
vn -1.000000 0.000000 -0.000000
vn -1.000000 0.000000 0.000000
vn -1.000000 0.000000 0.000000
vn -1.000000 0.000000 0.000000
vn -1.000000 0.000000 0.000000
vn -1.000000 0.000000 0.000000
vn -1.000000 0.000000 0.000000
vn -1.000000 0.000000 0.000000
vn -1.000000 0.000000 0.000000
vn -1.000000 0.000000 0.000000
vn -1.000000 0.000000 0.000000
vn -1.000000 0.000000 0.000000
vn -1.000000 0.000000 0.000000
vn -1.000000 0.000000 0.000000
vn -1.000000 0.000000 0.000000
vn -1.000000 0.000000 0.000000
vn -1.000000 0.000000 0.000000
vn -1.000000 0.000000 -0.000000
vn -1.000000 0.000000 -0.000000
vn -1.000000 0.000000 0.000000
vn -1.000000 0.000000 -0.000000
vn -1.000000 0.000000 0.000000
vn -1.000000 0.000000 0.000000
vn -1.000000 0.000000 0.000000
vn -1.000000 0.000000 0.000000
vn -1.000000 0.000000 0.000000
vn -1.000000 0.000000 0.000000
vn -1.000000 0.000000 0.000000
vn -1.000000 0.000000 0.000000
vn -0.619128 0.745718 -0.246140
vn -0.619128 0.785281 -0.003655
vn -0.073053 0.948389 -0.308579
vn -0.073053 0.997328 -0.000409
vn -0.619129 0.633158 -0.464533
vn -0.073053 0.806616 -0.586545
vn -0.619129 0.458621 -0.637454
vn -0.073053 0.585885 -0.807095
vn -0.619129 0.239190 -0.747976
vn -0.073053 0.307803 -0.948641
vn -0.619129 -0.003654 -0.785281
vn -0.073053 -0.000408 -0.997328
vn -0.619129 -0.246140 -0.745717
vn -0.073053 -0.308579 -0.948389
vn -0.619129 -0.464533 -0.633158
vn -0.073053 -0.586545 -0.806616
vn -0.619129 -0.637453 -0.458621
vn -0.073053 -0.807095 -0.585885
vn -0.619128 -0.747976 -0.239190
vn -0.073053 -0.948641 -0.307803
vn -0.619129 -0.785281 0.003654
vn -0.073053 -0.997328 0.000408
vn -0.619128 -0.745718 0.246140
vn -0.073053 -0.948389 0.308579
vn -0.619129 -0.633158 0.464533
vn -0.073053 -0.806616 0.586545
vn -0.619129 -0.458621 0.637453
vn -0.073053 -0.585885 0.807095
vn -0.619129 -0.239190 0.747976
vn -0.073053 -0.307804 0.948641
vn -0.619129 0.003654 0.785281
vn -0.073053 0.000408 0.997328
vn -0.619128 0.246140 0.745718
vn -0.073053 0.308579 0.948389
vn -0.619129 0.464533 0.633158
vn -0.073053 0.586545 0.806616
vn -0.619129 0.637453 0.458620
vn -0.073053 0.807095 0.585885
vn -0.619129 0.747976 0.239189
vn -0.073053 0.948642 0.307802
vn 1.000000 0.000000 -0.000000
vn 1.000000 0.000000 -0.000000
vn 1.000000 0.000000 -0.000000
vn 1.000000 0.000000 0.000000
vn 1.000000 0.000000 0.000000
vn 1.000000 0.000000 -0.000000
vn 1.000000 0.000000 -0.000000
vn 1.000000 0.000000 0.000000
vn 1.000000 0.000000 -0.000000
vn 1.000000 0.000000 0.000000
vn 1.000000 0.000000 -0.000000
vn 1.000000 0.000000 0.000000
vn 1.000000 0.000000 0.000000
vn 1.000000 0.000000 0.000000
vn 1.000000 0.000000 0.000000
vn 1.000000 0.000000 0.000000
vn 1.000000 0.000000 0.000000
vn 1.000000 0.000000 0.000000
vn 1.000000 0.000000 0.000000
vn 1.000000 0.000000 0.000000
vn 1.000000 0.000000 0.000000
vn 1.000000 0.000000 -0.000000
vn 1.000000 0.000000 0.000000
vn 1.000000 0.000000 0.000000
vn 1.000000 0.000000 -0.000000
vn 1.000000 0.000000 0.000000
vn 1.000000 0.000000 -0.000000
vn 1.000000 0.000000 0.000000
vn 1.000000 0.000000 -0.000000
vn 1.000000 0.000000 0.000000
vn 1.000000 0.000000 0.000000
vn 1.000000 0.000000 0.000000
vn 1.000000 0.000000 0.000000
vn 1.000000 0.000000 0.000000
vn 1.000000 0.000000 0.000000
vn 1.000000 0.000000 0.000000
vn 1.000000 0.000000 0.000000
vn 1.000000 0.000000 0.000000
vn 1.000000 0.000000 0.000000
vn 1.000000 0.000000 0.000000
vn -0.000000 0.951057 -0.309017
vn -0.000000 1.000000 -0.000001
vn 0.000000 0.951057 -0.309017
vn 0.000000 1.000000 -0.000001
vn -0.000000 0.809017 -0.587785
vn 0.000000 0.809017 -0.587785
vn 0.000000 0.587785 -0.809017
vn 0.000000 0.587785 -0.809017
vn 0.000000 0.309017 -0.951057
vn 0.000000 0.309017 -0.951057
vn -0.000000 -0.000000 -1.000000
vn -0.000000 -0.000000 -1.000000
vn -0.000000 -0.309017 -0.951057
vn -0.000000 -0.309017 -0.951057
vn -0.000000 -0.587785 -0.809017
vn -0.000000 -0.587785 -0.809017
vn -0.000000 -0.809017 -0.587785
vn -0.000000 -0.809017 -0.587785
vn 0.000000 -0.951057 -0.309017
vn -0.000000 -0.951057 -0.309017
vn 0.000000 -1.000000 0.000000
vn 0.000000 -1.000000 0.000000
vn -0.000000 -0.951057 0.309017
vn 0.000000 -0.951057 0.309017
vn -0.000000 -0.809017 0.587785
vn 0.000000 -0.809017 0.587785
vn 0.000000 -0.587786 0.809017
vn 0.000000 -0.587785 0.809017
vn 0.000000 -0.309017 0.951056
vn 0.000000 -0.309017 0.951057
vn 0.000000 0.000000 1.000000
vn 0.000000 -0.000000 1.000000
vn -0.000000 0.309017 0.951057
vn 0.000000 0.309017 0.951057
vn -0.000000 0.587785 0.809017
vn 0.000000 0.587785 0.809017
vn 0.000000 0.809017 0.587785
vn 0.000000 0.809017 0.587785
vn -0.000000 0.951057 0.309016
vn 0.000000 0.951057 0.309016
vn -0.000000 -0.951057 0.309017
vn 0.000000 -1.000000 0.000001
vn 0.000000 -0.951057 0.309017
vn 0.000000 -1.000000 0.000001
vn -0.000000 -0.809017 0.587785
vn 0.000000 -0.809017 0.587785
vn 0.000000 -0.587785 0.809017
vn 0.000000 -0.587785 0.809017
vn -0.000000 -0.309017 0.951057
vn 0.000000 -0.309017 0.951057
vn -0.000000 0.000000 1.000000
vn 0.000000 0.000000 1.000000
vn -0.000000 0.309017 0.951056
vn 0.000000 0.309017 0.951057
vn 0.000000 0.587785 0.809017
vn -0.000000 0.587785 0.809017
vn 0.000000 0.809017 0.587785
vn -0.000000 0.809017 0.587785
vn 0.000000 0.951057 0.309017
vn 0.000000 0.951057 0.309017
vn 0.000000 1.000000 0.000000
vn 0.000000 1.000000 0.000000
vn 0.000000 0.951057 -0.309017
vn 0.000000 0.951057 -0.309017
vn -0.000000 0.809017 -0.587785
vn 0.000000 0.809017 -0.587785
vn 0.000000 0.587786 -0.809017
vn 0.000000 0.587786 -0.809017
vn 0.000000 0.309017 -0.951057
vn 0.000000 0.309017 -0.951057
vn -0.000000 -0.000000 -1.000000
vn -0.000000 -0.000000 -1.000000
vn -0.000000 -0.309017 -0.951057
vn -0.000000 -0.309017 -0.951057
vn -0.000000 -0.587785 -0.809017
vn -0.000000 -0.587785 -0.809017
vn -0.000000 -0.809017 -0.587785
vn -0.000000 -0.809017 -0.587785
vn -0.000000 -0.951057 -0.309016
vn -0.000000 -0.951057 -0.309016
s 1
g pPipe5
usemtl lambert6SG
f 918/1171/1461 917/1170/1462 1058/1340/1463
f 1058/1340/1463 917/1170/1462 1057/1338/1464
f 919/1172/1465 918/1171/1461 1059/1341/1466
f 1059/1341/1466 918/1171/1461 1058/1340/1463
f 920/1173/1467 919/1172/1465 1060/1342/1468
f 1060/1342/1468 919/1172/1465 1059/1341/1466
f 921/1174/1469 920/1173/1467 1061/1343/1470
f 1061/1343/1470 920/1173/1467 1060/1342/1468
f 922/1175/1471 921/1174/1469 1062/1344/1472
f 1062/1344/1472 921/1174/1469 1061/1343/1470
f 923/1176/1473 922/1175/1471 1063/1345/1474
f 1063/1345/1474 922/1175/1471 1062/1344/1472
f 924/1177/1475 923/1176/1473 1064/1346/1476
f 1064/1346/1476 923/1176/1473 1063/1345/1474
f 925/1178/1477 924/1177/1475 1065/1347/1478
f 1065/1347/1478 924/1177/1475 1064/1346/1476
f 926/1179/1479 925/1178/1477 1066/1348/1480
f 1066/1348/1480 925/1178/1477 1065/1347/1478
f 927/1180/1481 926/1179/1479 1067/1349/1482
f 1067/1349/1482 926/1179/1479 1066/1348/1480
f 928/1181/1483 927/1180/1481 1068/1350/1484
f 1068/1350/1484 927/1180/1481 1067/1349/1482
f 929/1182/1485 928/1181/1483 1069/1351/1486
f 1069/1351/1486 928/1181/1483 1068/1350/1484
f 930/1183/1487 929/1182/1485 1070/1352/1488
f 1070/1352/1488 929/1182/1485 1069/1351/1486
f 931/1184/1489 930/1183/1487 1071/1353/1490
f 1071/1353/1490 930/1183/1487 1070/1352/1488
f 932/1185/1491 931/1184/1489 1072/1354/1492
f 1072/1354/1492 931/1184/1489 1071/1353/1490
f 933/1186/1493 932/1185/1491 1073/1355/1494
f 1073/1355/1494 932/1185/1491 1072/1354/1492
f 934/1187/1495 933/1186/1493 1074/1356/1496
f 1074/1356/1496 933/1186/1493 1073/1355/1494
f 935/1188/1497 934/1187/1495 1075/1357/1498
f 1075/1357/1498 934/1187/1495 1074/1356/1496
f 936/1189/1499 935/1188/1497 1076/1358/1500
f 1076/1358/1500 935/1188/1497 1075/1357/1498
f 917/1190/1462 936/1189/1499 1057/1339/1464
f 1057/1339/1464 936/1189/1499 1076/1358/1500
s 2
f 938/1192/1501 937/1191/1502 958/1213/1503
f 958/1213/1503 937/1191/1502 957/1212/1504
f 939/1193/1505 938/1192/1501 959/1214/1506
f 959/1214/1506 938/1192/1501 958/1213/1503
f 940/1194/1507 939/1193/1505 960/1215/1508
f 960/1215/1508 939/1193/1505 959/1214/1506
f 941/1195/1509 940/1194/1507 961/1216/1510
f 961/1216/1510 940/1194/1507 960/1215/1508
f 942/1196/1511 941/1195/1509 962/1217/1512
f 962/1217/1512 941/1195/1509 961/1216/1510
f 943/1197/1513 942/1196/1511 963/1218/1514
f 963/1218/1514 942/1196/1511 962/1217/1512
f 944/1198/1515 943/1197/1513 964/1219/1516
f 964/1219/1516 943/1197/1513 963/1218/1514
f 945/1199/1517 944/1198/1515 965/1220/1518
f 965/1220/1518 944/1198/1515 964/1219/1516
f 946/1200/1519 945/1199/1517 966/1221/1520
f 966/1221/1520 945/1199/1517 965/1220/1518
f 947/1201/1521 946/1200/1519 967/1222/1522
f 967/1222/1522 946/1200/1519 966/1221/1520
f 948/1202/1523 947/1201/1521 968/1223/1524
f 968/1223/1524 947/1201/1521 967/1222/1522
f 949/1203/1525 948/1202/1523 969/1224/1526
f 969/1224/1526 948/1202/1523 968/1223/1524
f 950/1204/1527 949/1203/1525 970/1225/1528
f 970/1225/1528 949/1203/1525 969/1224/1526
f 951/1205/1529 950/1204/1527 971/1226/1530
f 971/1226/1530 950/1204/1527 970/1225/1528
f 952/1206/1531 951/1205/1529 972/1227/1532
f 972/1227/1532 951/1205/1529 971/1226/1530
f 953/1207/1533 952/1206/1531 973/1228/1534
f 973/1228/1534 952/1206/1531 972/1227/1532
f 954/1208/1535 953/1207/1533 974/1229/1536
f 974/1229/1536 953/1207/1533 973/1228/1534
f 955/1209/1537 954/1208/1535 975/1230/1538
f 975/1230/1538 954/1208/1535 974/1229/1536
f 956/1210/1539 955/1209/1537 976/1231/1540
f 976/1231/1540 955/1209/1537 975/1230/1538
f 937/1211/1502 956/1210/1539 957/1232/1504
f 957/1232/1504 956/1210/1539 976/1231/1540
s 3
f 958/1213/1541 957/1212/1542 1018/1298/1543
f 1018/1298/1543 957/1212/1542 1017/1296/1544
f 959/1214/1545 958/1213/1541 1019/1299/1546
f 1019/1299/1546 958/1213/1541 1018/1298/1543
f 960/1215/1547 959/1214/1545 1020/1300/1548
f 1020/1300/1548 959/1214/1545 1019/1299/1546
f 961/1216/1549 960/1215/1547 1021/1301/1550
f 1021/1301/1550 960/1215/1547 1020/1300/1548
f 962/1217/1551 961/1216/1549 1022/1302/1552
f 1022/1302/1552 961/1216/1549 1021/1301/1550
f 963/1218/1553 962/1217/1551 1023/1303/1554
f 1023/1303/1554 962/1217/1551 1022/1302/1552
f 964/1219/1555 963/1218/1553 1024/1304/1556
f 1024/1304/1556 963/1218/1553 1023/1303/1554
f 965/1220/1557 964/1219/1555 1025/1305/1558
f 1025/1305/1558 964/1219/1555 1024/1304/1556
f 966/1221/1559 965/1220/1557 1026/1306/1560
f 1026/1306/1560 965/1220/1557 1025/1305/1558
f 967/1222/1561 966/1221/1559 1027/1307/1562
f 1027/1307/1562 966/1221/1559 1026/1306/1560
f 968/1223/1563 967/1222/1561 1028/1308/1564
f 1028/1308/1564 967/1222/1561 1027/1307/1562
f 969/1224/1565 968/1223/1563 1029/1309/1566
f 1029/1309/1566 968/1223/1563 1028/1308/1564
f 970/1225/1567 969/1224/1565 1030/1310/1568
f 1030/1310/1568 969/1224/1565 1029/1309/1566
f 971/1226/1569 970/1225/1567 1031/1311/1570
f 1031/1311/1570 970/1225/1567 1030/1310/1568
f 972/1227/1571 971/1226/1569 1032/1312/1572
f 1032/1312/1572 971/1226/1569 1031/1311/1570
f 973/1228/1573 972/1227/1571 1033/1313/1574
f 1033/1313/1574 972/1227/1571 1032/1312/1572
f 974/1229/1575 973/1228/1573 1034/1314/1576
f 1034/1314/1576 973/1228/1573 1033/1313/1574
f 975/1230/1577 974/1229/1575 1035/1315/1578
f 1035/1315/1578 974/1229/1575 1034/1314/1576
f 976/1231/1579 975/1230/1577 1036/1316/1580
f 1036/1316/1580 975/1230/1577 1035/1315/1578
f 957/1232/1542 976/1231/1579 1017/1297/1544
f 1017/1297/1544 976/1231/1579 1036/1316/1580
s 4
f 978/1234/1581 977/1233/1582 918/1255/1583
f 918/1255/1583 977/1233/1582 917/1254/1584
f 979/1235/1585 978/1234/1581 919/1256/1586
f 919/1256/1586 978/1234/1581 918/1255/1583
f 980/1236/1587 979/1235/1585 920/1257/1588
f 920/1257/1588 979/1235/1585 919/1256/1586
f 981/1237/1589 980/1236/1587 921/1258/1590
f 921/1258/1590 980/1236/1587 920/1257/1588
f 982/1238/1591 981/1237/1589 922/1259/1592
f 922/1259/1592 981/1237/1589 921/1258/1590
f 983/1239/1593 982/1238/1591 923/1260/1594
f 923/1260/1594 982/1238/1591 922/1259/1592
f 984/1240/1595 983/1239/1593 924/1261/1596
f 924/1261/1596 983/1239/1593 923/1260/1594
f 985/1241/1597 984/1240/1595 925/1262/1598
f 925/1262/1598 984/1240/1595 924/1261/1596
f 986/1242/1599 985/1241/1597 926/1263/1600
f 926/1263/1600 985/1241/1597 925/1262/1598
f 987/1243/1601 986/1242/1599 927/1264/1602
f 927/1264/1602 986/1242/1599 926/1263/1600
f 988/1244/1603 987/1243/1601 928/1265/1604
f 928/1265/1604 987/1243/1601 927/1264/1602
f 989/1245/1605 988/1244/1603 929/1266/1606
f 929/1266/1606 988/1244/1603 928/1265/1604
f 990/1246/1607 989/1245/1605 930/1267/1608
f 930/1267/1608 989/1245/1605 929/1266/1606
f 991/1247/1609 990/1246/1607 931/1268/1610
f 931/1268/1610 990/1246/1607 930/1267/1608
f 992/1248/1611 991/1247/1609 932/1269/1612
f 932/1269/1612 991/1247/1609 931/1268/1610
f 993/1249/1613 992/1248/1611 933/1270/1614
f 933/1270/1614 992/1248/1611 932/1269/1612
f 994/1250/1615 993/1249/1613 934/1271/1616
f 934/1271/1616 993/1249/1613 933/1270/1614
f 995/1251/1617 994/1250/1615 935/1272/1618
f 935/1272/1618 994/1250/1615 934/1271/1616
f 996/1252/1619 995/1251/1617 936/1273/1620
f 936/1273/1620 995/1251/1617 935/1272/1618
f 977/1253/1582 996/1252/1619 917/1274/1584
f 917/1274/1584 996/1252/1619 936/1273/1620
s 3
f 998/1277/1621 997/1275/1622 978/1234/1623
f 978/1234/1623 997/1275/1622 977/1233/1624
f 999/1278/1625 998/1277/1621 979/1235/1626
f 979/1235/1626 998/1277/1621 978/1234/1623
f 1000/1279/1627 999/1278/1625 980/1236/1628
f 980/1236/1628 999/1278/1625 979/1235/1626
f 1001/1280/1629 1000/1279/1627 981/1237/1630
f 981/1237/1630 1000/1279/1627 980/1236/1628
f 1002/1281/1631 1001/1280/1629 982/1238/1632
f 982/1238/1632 1001/1280/1629 981/1237/1630
f 1003/1282/1633 1002/1281/1631 983/1239/1634
f 983/1239/1634 1002/1281/1631 982/1238/1632
f 1004/1283/1635 1003/1282/1633 984/1240/1636
f 984/1240/1636 1003/1282/1633 983/1239/1634
f 1005/1284/1637 1004/1283/1635 985/1241/1638
f 985/1241/1638 1004/1283/1635 984/1240/1636
f 1006/1285/1639 1005/1284/1637 986/1242/1640
f 986/1242/1640 1005/1284/1637 985/1241/1638
f 1007/1286/1641 1006/1285/1639 987/1243/1642
f 987/1243/1642 1006/1285/1639 986/1242/1640
f 1008/1287/1643 1007/1286/1641 988/1244/1644
f 988/1244/1644 1007/1286/1641 987/1243/1642
f 1009/1288/1645 1008/1287/1643 989/1245/1646
f 989/1245/1646 1008/1287/1643 988/1244/1644
f 1010/1289/1647 1009/1288/1645 990/1246/1648
f 990/1246/1648 1009/1288/1645 989/1245/1646
f 1011/1290/1649 1010/1289/1647 991/1247/1650
f 991/1247/1650 1010/1289/1647 990/1246/1648
f 1012/1291/1651 1011/1290/1649 992/1248/1652
f 992/1248/1652 1011/1290/1649 991/1247/1650
f 1013/1292/1653 1012/1291/1651 993/1249/1654
f 993/1249/1654 1012/1291/1651 992/1248/1652
f 1014/1293/1655 1013/1292/1653 994/1250/1656
f 994/1250/1656 1013/1292/1653 993/1249/1654
f 1015/1294/1657 1014/1293/1655 995/1251/1658
f 995/1251/1658 1014/1293/1655 994/1250/1656
f 1016/1295/1659 1015/1294/1657 996/1252/1660
f 996/1252/1660 1015/1294/1657 995/1251/1658
f 997/1276/1622 1016/1295/1659 977/1253/1624
f 977/1253/1624 1016/1295/1659 996/1252/1660
f 1018/1298/1543 1017/1296/1544 998/1277/1621
f 998/1277/1621 1017/1296/1544 997/1275/1622
f 1019/1299/1546 1018/1298/1543 999/1278/1625
f 999/1278/1625 1018/1298/1543 998/1277/1621
f 1020/1300/1548 1019/1299/1546 1000/1279/1627
f 1000/1279/1627 1019/1299/1546 999/1278/1625
f 1021/1301/1550 1020/1300/1548 1001/1280/1629
f 1001/1280/1629 1020/1300/1548 1000/1279/1627
f 1022/1302/1552 1021/1301/1550 1002/1281/1631
f 1002/1281/1631 1021/1301/1550 1001/1280/1629
f 1023/1303/1554 1022/1302/1552 1003/1282/1633
f 1003/1282/1633 1022/1302/1552 1002/1281/1631
f 1024/1304/1556 1023/1303/1554 1004/1283/1635
f 1004/1283/1635 1023/1303/1554 1003/1282/1633
f 1025/1305/1558 1024/1304/1556 1005/1284/1637
f 1005/1284/1637 1024/1304/1556 1004/1283/1635
f 1026/1306/1560 1025/1305/1558 1006/1285/1639
f 1006/1285/1639 1025/1305/1558 1005/1284/1637
f 1027/1307/1562 1026/1306/1560 1007/1286/1641
f 1007/1286/1641 1026/1306/1560 1006/1285/1639
f 1028/1308/1564 1027/1307/1562 1008/1287/1643
f 1008/1287/1643 1027/1307/1562 1007/1286/1641
f 1029/1309/1566 1028/1308/1564 1009/1288/1645
f 1009/1288/1645 1028/1308/1564 1008/1287/1643
f 1030/1310/1568 1029/1309/1566 1010/1289/1647
f 1010/1289/1647 1029/1309/1566 1009/1288/1645
f 1031/1311/1570 1030/1310/1568 1011/1290/1649
f 1011/1290/1649 1030/1310/1568 1010/1289/1647
f 1032/1312/1572 1031/1311/1570 1012/1291/1651
f 1012/1291/1651 1031/1311/1570 1011/1290/1649
f 1033/1313/1574 1032/1312/1572 1013/1292/1653
f 1013/1292/1653 1032/1312/1572 1012/1291/1651
f 1034/1314/1576 1033/1313/1574 1014/1293/1655
f 1014/1293/1655 1033/1313/1574 1013/1292/1653
f 1035/1315/1578 1034/1314/1576 1015/1294/1657
f 1015/1294/1657 1034/1314/1576 1014/1293/1655
f 1036/1316/1580 1035/1315/1578 1016/1295/1659
f 1016/1295/1659 1035/1315/1578 1015/1294/1657
f 1017/1297/1544 1036/1316/1580 997/1276/1622
f 997/1276/1622 1036/1316/1580 1016/1295/1659
s 1
f 1038/1319/1661 1037/1317/1662 938/1192/1663
f 938/1192/1663 1037/1317/1662 937/1191/1664
f 1039/1320/1665 1038/1319/1661 939/1193/1666
f 939/1193/1666 1038/1319/1661 938/1192/1663
f 1040/1321/1667 1039/1320/1665 940/1194/1668
f 940/1194/1668 1039/1320/1665 939/1193/1666
f 1041/1322/1669 1040/1321/1667 941/1195/1670
f 941/1195/1670 1040/1321/1667 940/1194/1668
f 1042/1323/1671 1041/1322/1669 942/1196/1672
f 942/1196/1672 1041/1322/1669 941/1195/1670
f 1043/1324/1673 1042/1323/1671 943/1197/1674
f 943/1197/1674 1042/1323/1671 942/1196/1672
f 1044/1325/1675 1043/1324/1673 944/1198/1676
f 944/1198/1676 1043/1324/1673 943/1197/1674
f 1045/1326/1677 1044/1325/1675 945/1199/1678
f 945/1199/1678 1044/1325/1675 944/1198/1676
f 1046/1327/1679 1045/1326/1677 946/1200/1680
f 946/1200/1680 1045/1326/1677 945/1199/1678
f 1047/1328/1681 1046/1327/1679 947/1201/1682
f 947/1201/1682 1046/1327/1679 946/1200/1680
f 1048/1329/1683 1047/1328/1681 948/1202/1684
f 948/1202/1684 1047/1328/1681 947/1201/1682
f 1049/1330/1685 1048/1329/1683 949/1203/1686
f 949/1203/1686 1048/1329/1683 948/1202/1684
f 1050/1331/1687 1049/1330/1685 950/1204/1688
f 950/1204/1688 1049/1330/1685 949/1203/1686
f 1051/1332/1689 1050/1331/1687 951/1205/1690
f 951/1205/1690 1050/1331/1687 950/1204/1688
f 1052/1333/1691 1051/1332/1689 952/1206/1692
f 952/1206/1692 1051/1332/1689 951/1205/1690
f 1053/1334/1693 1052/1333/1691 953/1207/1694
f 953/1207/1694 1052/1333/1691 952/1206/1692
f 1054/1335/1695 1053/1334/1693 954/1208/1696
f 954/1208/1696 1053/1334/1693 953/1207/1694
f 1055/1336/1697 1054/1335/1695 955/1209/1698
f 955/1209/1698 1054/1335/1695 954/1208/1696
f 1056/1337/1699 1055/1336/1697 956/1210/1700
f 956/1210/1700 1055/1336/1697 955/1209/1698
f 1037/1318/1662 1056/1337/1699 937/1211/1664
f 937/1211/1664 1056/1337/1699 956/1210/1700
f 1058/1340/1463 1057/1338/1464 1038/1319/1661
f 1038/1319/1661 1057/1338/1464 1037/1317/1662
f 1059/1341/1466 1058/1340/1463 1039/1320/1665
f 1039/1320/1665 1058/1340/1463 1038/1319/1661
f 1060/1342/1468 1059/1341/1466 1040/1321/1667
f 1040/1321/1667 1059/1341/1466 1039/1320/1665
f 1061/1343/1470 1060/1342/1468 1041/1322/1669
f 1041/1322/1669 1060/1342/1468 1040/1321/1667
f 1062/1344/1472 1061/1343/1470 1042/1323/1671
f 1042/1323/1671 1061/1343/1470 1041/1322/1669
f 1063/1345/1474 1062/1344/1472 1043/1324/1673
f 1043/1324/1673 1062/1344/1472 1042/1323/1671
f 1064/1346/1476 1063/1345/1474 1044/1325/1675
f 1044/1325/1675 1063/1345/1474 1043/1324/1673
f 1065/1347/1478 1064/1346/1476 1045/1326/1677
f 1045/1326/1677 1064/1346/1476 1044/1325/1675
f 1066/1348/1480 1065/1347/1478 1046/1327/1679
f 1046/1327/1679 1065/1347/1478 1045/1326/1677
f 1067/1349/1482 1066/1348/1480 1047/1328/1681
f 1047/1328/1681 1066/1348/1480 1046/1327/1679
f 1068/1350/1484 1067/1349/1482 1048/1329/1683
f 1048/1329/1683 1067/1349/1482 1047/1328/1681
f 1069/1351/1486 1068/1350/1484 1049/1330/1685
f 1049/1330/1685 1068/1350/1484 1048/1329/1683
f 1070/1352/1488 1069/1351/1486 1050/1331/1687
f 1050/1331/1687 1069/1351/1486 1049/1330/1685
f 1071/1353/1490 1070/1352/1488 1051/1332/1689
f 1051/1332/1689 1070/1352/1488 1050/1331/1687
f 1072/1354/1492 1071/1353/1490 1052/1333/1691
f 1052/1333/1691 1071/1353/1490 1051/1332/1689
f 1073/1355/1494 1072/1354/1492 1053/1334/1693
f 1053/1334/1693 1072/1354/1492 1052/1333/1691
f 1074/1356/1496 1073/1355/1494 1054/1335/1695
f 1054/1335/1695 1073/1355/1494 1053/1334/1693
f 1075/1357/1498 1074/1356/1496 1055/1336/1697
f 1055/1336/1697 1074/1356/1496 1054/1335/1695
f 1076/1358/1500 1075/1357/1498 1056/1337/1699
f 1056/1337/1699 1075/1357/1498 1055/1336/1697
f 1057/1339/1464 1076/1358/1500 1037/1318/1662
f 1037/1318/1662 1076/1358/1500 1056/1337/1699
g default
v -0.500000 0.208000 1.000000
v -0.500000 0.197820 0.935724
v -0.500000 0.168276 0.877741
v -0.500000 0.122259 0.831724
v -0.500000 0.064276 0.802180
v -0.500000 0.000000 0.792000
v -0.500000 -0.064276 0.802180
v -0.500000 -0.122259 0.831724
v -0.500000 -0.168276 0.877741
v -0.500000 -0.197820 0.935724
v -0.500000 -0.208000 1.000000
v -0.500000 -0.197820 1.064276
v -0.500000 -0.168276 1.122259
v -0.500000 -0.122259 1.168276
v -0.500000 -0.064276 1.197820
v -0.500000 0.000000 1.208000
v -0.500000 0.064276 1.197820
v -0.500000 0.122259 1.168276
v -0.500000 0.168276 1.122259
v -0.500000 0.197820 1.064276
v -1.000000 0.208000 1.000000
v -1.000000 0.197820 0.935724
v -1.000000 0.168276 0.877741
v -1.000000 0.122259 0.831724
v -1.000000 0.064276 0.802180
v -1.000000 0.000000 0.792000
v -1.000000 -0.064276 0.802180
v -1.000000 -0.122259 0.831724
v -1.000000 -0.168276 0.877741
v -1.000000 -0.197820 0.935724
v -1.000000 -0.208000 1.000000
v -1.000000 -0.197820 1.064276
v -1.000000 -0.168276 1.122259
v -1.000000 -0.122259 1.168276
v -1.000000 -0.064276 1.197820
v -1.000000 0.000000 1.208000
v -1.000000 0.064276 1.197820
v -1.000000 0.122259 1.168276
v -1.000000 0.168276 1.122259
v -1.000000 0.197820 1.064276
v -1.000000 0.260000 1.000000
v -1.000000 0.247275 0.919656
v -1.000000 0.210344 0.847176
v -1.000000 0.152824 0.789656
v -1.000000 0.080344 0.752725
v -1.000000 -0.000000 0.740000
v -1.000000 -0.080344 0.752725
v -1.000000 -0.152824 0.789656
v -1.000000 -0.210344 0.847176
v -1.000000 -0.247275 0.919656
v -1.000000 -0.260000 1.000000
v -1.000000 -0.247275 1.080344
v -1.000000 -0.210344 1.152824
v -1.000000 -0.152824 1.210344
v -1.000000 -0.080344 1.247275
v -1.000000 0.000000 1.260000
v -1.000000 0.080344 1.247275
v -1.000000 0.152824 1.210345
v -1.000000 0.210345 1.152824
v -1.000000 0.247275 1.080344
v -0.500000 0.260000 1.000000
v -0.500000 0.247275 0.919656
v -0.500000 0.210344 0.847176
v -0.500000 0.152824 0.789656
v -0.500000 0.080344 0.752725
v -0.500000 -0.000000 0.740000
v -0.500000 -0.080344 0.752725
v -0.500000 -0.152824 0.789656
v -0.500000 -0.210344 0.847176
v -0.500000 -0.247275 0.919656
v -0.500000 -0.260000 1.000000
v -0.500000 -0.247275 1.080344
v -0.500000 -0.210344 1.152824
v -0.500000 -0.152824 1.210344
v -0.500000 -0.080344 1.247275
v -0.500000 0.000000 1.260000
v -0.500000 0.080344 1.247275
v -0.500000 0.152824 1.210345
v -0.500000 0.210345 1.152824
v -0.500000 0.247275 1.080344
v -0.538902 0.260000 1.000000
v -0.538902 0.247275 0.919656
v -0.538902 0.210344 0.847176
v -0.538902 0.152824 0.789656
v -0.538902 0.080344 0.752725
v -0.538902 -0.000000 0.740000
v -0.538902 -0.080344 0.752725
v -0.538902 -0.152824 0.789656
v -0.538902 -0.210344 0.847176
v -0.538902 -0.247275 0.919656
v -0.538902 -0.260000 1.000000
v -0.538902 -0.247275 1.080344
v -0.538902 -0.210344 1.152824
v -0.538902 -0.152824 1.210344
v -0.538902 -0.080344 1.247275
v -0.538902 0.000000 1.260000
v -0.538902 0.080344 1.247275
v -0.538902 0.152824 1.210345
v -0.538902 0.210345 1.152824
v -0.538902 0.247275 1.080344
v -0.963911 0.260000 1.000000
v -0.963911 0.247275 0.919656
v -0.963911 0.210344 0.847176
v -0.963911 0.152824 0.789656
v -0.963911 0.080344 0.752725
v -0.963911 -0.000000 0.740000
v -0.963911 -0.080344 0.752725
v -0.963911 -0.152824 0.789656
v -0.963911 -0.210344 0.847176
v -0.963911 -0.247275 0.919656
v -0.963911 -0.260000 1.000000
v -0.963911 -0.247275 1.080344
v -0.963911 -0.210344 1.152824
v -0.963911 -0.152824 1.210344
v -0.963911 -0.080344 1.247275
v -0.963911 0.000000 1.260000
v -0.963911 0.080344 1.247275
v -0.963911 0.152824 1.210345
v -0.963911 0.210345 1.152824
v -0.963911 0.247275 1.080344
v -0.533799 0.208000 1.000000
v -0.533799 0.197820 0.935724
v -0.533799 0.168276 0.877741
v -0.533799 0.122259 0.831724
v -0.533799 0.064276 0.802180
v -0.533799 0.000000 0.792000
v -0.533799 -0.064276 0.802180
v -0.533799 -0.122259 0.831724
v -0.533799 -0.168276 0.877741
v -0.533799 -0.197820 0.935724
v -0.533799 -0.208000 1.000000
v -0.533799 -0.197820 1.064276
v -0.533799 -0.168276 1.122259
v -0.533799 -0.122259 1.168276
v -0.533799 -0.064276 1.197820
v -0.533799 0.000000 1.208000
v -0.533799 0.064276 1.197820
v -0.533799 0.122259 1.168276
v -0.533799 0.168276 1.122259
v -0.533799 0.197820 1.064276
v -0.953869 0.208000 1.000000
v -0.953869 0.197820 0.935724
v -0.953869 0.168276 0.877741
v -0.953869 0.122259 0.831724
v -0.953869 0.064276 0.802180
v -0.953869 0.000000 0.792000
v -0.953869 -0.064276 0.802180
v -0.953869 -0.122259 0.831724
v -0.953869 -0.168276 0.877741
v -0.953869 -0.197820 0.935724
v -0.953869 -0.208000 1.000000
v -0.953869 -0.197820 1.064276
v -0.953869 -0.168276 1.122259
v -0.953869 -0.122259 1.168276
v -0.953869 -0.064276 1.197820
v -0.953869 0.000000 1.208000
v -0.953869 0.064276 1.197820
v -0.953869 0.122259 1.168276
v -0.953869 0.168276 1.122259
v -0.953869 0.197820 1.064276
vt 0.000000 1.000000
vt 0.050000 1.000000
vt 0.100000 1.000000
vt 0.150000 1.000000
vt 0.200000 1.000000
vt 0.250000 1.000000
vt 0.300000 1.000000
vt 0.350000 1.000000
vt 0.400000 1.000000
vt 0.450000 1.000000
vt 0.500000 1.000000
vt 0.550000 1.000000
vt 0.600000 1.000000
vt 0.650000 1.000000
vt 0.700000 1.000000
vt 0.750000 1.000000
vt 0.800000 1.000000
vt 0.850000 1.000000
vt 0.900000 1.000000
vt 0.950000 1.000000
vt 1.000000 1.000000
vt 0.000000 0.750000
vt 0.050000 0.750000
vt 0.100000 0.750000
vt 0.150000 0.750000
vt 0.200000 0.750000
vt 0.250000 0.750000
vt 0.300000 0.750000
vt 0.350000 0.750000
vt 0.400000 0.750000
vt 0.450000 0.750000
vt 0.500000 0.750000
vt 0.550000 0.750000
vt 0.600000 0.750000
vt 0.650000 0.750000
vt 0.700000 0.750000
vt 0.750000 0.750000
vt 0.800000 0.750000
vt 0.850000 0.750000
vt 0.900000 0.750000
vt 0.950000 0.750000
vt 1.000000 0.750000
vt 0.000000 0.500000
vt 0.050000 0.500000
vt 0.100000 0.500000
vt 0.150000 0.500000
vt 0.200000 0.500000
vt 0.250000 0.500000
vt 0.300000 0.500000
vt 0.350000 0.500000
vt 0.400000 0.500000
vt 0.450000 0.500000
vt 0.500000 0.500000
vt 0.550000 0.500000
vt 0.600000 0.500000
vt 0.650000 0.500000
vt 0.700000 0.500000
vt 0.750000 0.500000
vt 0.800000 0.500000
vt 0.850000 0.500000
vt 0.900000 0.500000
vt 0.950000 0.500000
vt 1.000000 0.500000
vt 0.000000 0.250000
vt 0.050000 0.250000
vt 0.100000 0.250000
vt 0.150000 0.250000
vt 0.200000 0.250000
vt 0.250000 0.250000
vt 0.300000 0.250000
vt 0.350000 0.250000
vt 0.400000 0.250000
vt 0.450000 0.250000
vt 0.500000 0.250000
vt 0.550000 0.250000
vt 0.600000 0.250000
vt 0.650000 0.250000
vt 0.700000 0.250000
vt 0.750000 0.250000
vt 0.800000 0.250000
vt 0.850000 0.250000
vt 0.900000 0.250000
vt 0.950000 0.250000
vt 1.000000 0.250000
vt 0.000000 0.000000
vt 0.050000 0.000000
vt 0.100000 0.000000
vt 0.150000 0.000000
vt 0.200000 0.000000
vt 0.250000 0.000000
vt 0.300000 0.000000
vt 0.350000 0.000000
vt 0.400000 0.000000
vt 0.450000 0.000000
vt 0.500000 0.000000
vt 0.550000 0.000000
vt 0.600000 0.000000
vt 0.650000 0.000000
vt 0.700000 0.000000
vt 0.750000 0.000000
vt 0.800000 0.000000
vt 0.850000 0.000000
vt 0.900000 0.000000
vt 0.950000 0.000000
vt 1.000000 0.000000
vt 0.000000 0.269451
vt 1.000000 0.269451
vt 0.050000 0.269451
vt 0.100000 0.269451
vt 0.150000 0.269451
vt 0.200000 0.269451
vt 0.250000 0.269451
vt 0.300000 0.269451
vt 0.350000 0.269451
vt 0.400000 0.269451
vt 0.450000 0.269451
vt 0.500000 0.269451
vt 0.550000 0.269451
vt 0.600000 0.269451
vt 0.650000 0.269451
vt 0.700000 0.269451
vt 0.750000 0.269451
vt 0.800000 0.269451
vt 0.850000 0.269451
vt 0.900000 0.269451
vt 0.950000 0.269451
vt 0.000000 0.481955
vt 1.000000 0.481955
vt 0.050000 0.481955
vt 0.100000 0.481955
vt 0.150000 0.481955
vt 0.200000 0.481955
vt 0.250000 0.481955
vt 0.300000 0.481955
vt 0.350000 0.481955
vt 0.400000 0.481955
vt 0.450000 0.481955
vt 0.500000 0.481955
vt 0.550000 0.481955
vt 0.600000 0.481955
vt 0.650000 0.481955
vt 0.700000 0.481955
vt 0.750000 0.481955
vt 0.800000 0.481955
vt 0.850000 0.481955
vt 0.900000 0.481955
vt 0.950000 0.481955
vt 0.000000 0.983100
vt 1.000000 0.983100
vt 0.050000 0.983100
vt 0.100000 0.983100
vt 0.150000 0.983100
vt 0.200000 0.983100
vt 0.250000 0.983100
vt 0.300000 0.983100
vt 0.350000 0.983100
vt 0.400000 0.983100
vt 0.450000 0.983100
vt 0.500000 0.983100
vt 0.550000 0.983100
vt 0.600000 0.983100
vt 0.650000 0.983100
vt 0.700000 0.983100
vt 0.750000 0.983100
vt 0.800000 0.983100
vt 0.850000 0.983100
vt 0.900000 0.983100
vt 0.950000 0.983100
vt 0.000000 0.773066
vt 1.000000 0.773066
vt 0.050000 0.773066
vt 0.100000 0.773066
vt 0.150000 0.773066
vt 0.200000 0.773066
vt 0.250000 0.773066
vt 0.300000 0.773066
vt 0.350000 0.773066
vt 0.400000 0.773066
vt 0.450000 0.773066
vt 0.500000 0.773066
vt 0.550000 0.773066
vt 0.600000 0.773066
vt 0.650000 0.773066
vt 0.700000 0.773066
vt 0.750000 0.773066
vt 0.800000 0.773066
vt 0.850000 0.773066
vt 0.900000 0.773066
vt 0.950000 0.773066
vn 0.000000 -0.951057 0.309017
vn 0.000000 -1.000000 0.000001
vn 0.000000 -0.951057 0.309017
vn 0.000000 -1.000000 0.000001
vn 0.000000 -0.809017 0.587785
vn 0.000000 -0.809017 0.587785
vn 0.000000 -0.587785 0.809017
vn 0.000000 -0.587785 0.809017
vn 0.000000 -0.309017 0.951056
vn 0.000000 -0.309017 0.951056
vn 0.000000 0.000000 1.000000
vn 0.000000 0.000000 1.000000
vn 0.000000 0.309017 0.951057
vn 0.000000 0.309017 0.951057
vn 0.000000 0.587785 0.809017
vn 0.000000 0.587785 0.809017
vn 0.000000 0.809017 0.587785
vn 0.000000 0.809017 0.587785
vn 0.000000 0.951056 0.309017
vn 0.000000 0.951057 0.309017
vn 0.000000 1.000000 0.000000
vn 0.000000 1.000000 0.000000
vn 0.000000 0.951057 -0.309017
vn 0.000000 0.951057 -0.309017
vn 0.000000 0.809017 -0.587785
vn 0.000000 0.809017 -0.587785
vn 0.000000 0.587785 -0.809017
vn 0.000000 0.587786 -0.809017
vn 0.000000 0.309017 -0.951057
vn 0.000000 0.309017 -0.951057
vn 0.000000 0.000000 -1.000000
vn 0.000000 0.000000 -1.000000
vn -0.000000 -0.309017 -0.951057
vn -0.000000 -0.309017 -0.951057
vn -0.000000 -0.587785 -0.809017
vn -0.000000 -0.587785 -0.809017
vn -0.000000 -0.809017 -0.587785
vn -0.000000 -0.809017 -0.587785
vn -0.000000 -0.951057 -0.309016
vn -0.000000 -0.951057 -0.309016
vn -1.000000 0.000000 0.000000
vn -1.000000 0.000000 0.000000
vn -1.000000 0.000000 0.000000
vn -1.000000 0.000000 0.000000
vn -1.000000 0.000000 0.000000
vn -1.000000 0.000000 0.000000
vn -1.000000 0.000000 0.000000
vn -1.000000 0.000000 0.000000
vn -1.000000 0.000000 0.000000
vn -1.000000 0.000000 0.000000
vn -1.000000 0.000000 0.000000
vn -1.000000 0.000000 0.000000
vn -1.000000 0.000000 0.000000
vn -1.000000 0.000000 0.000000
vn -1.000000 0.000000 0.000000
vn -1.000000 0.000000 0.000000
vn -1.000000 0.000000 0.000000
vn -1.000000 0.000000 0.000000
vn -1.000000 0.000000 0.000000
vn -1.000000 0.000000 0.000000
vn -1.000000 0.000000 0.000000
vn -1.000000 0.000000 0.000000
vn -1.000000 0.000000 0.000000
vn -1.000000 0.000000 0.000000
vn -1.000000 0.000000 0.000000
vn -1.000000 0.000000 0.000000
vn -1.000000 0.000000 0.000000
vn -1.000000 0.000000 0.000000
vn -1.000000 0.000000 0.000000
vn -1.000000 0.000000 0.000000
vn -1.000000 0.000000 0.000000
vn -1.000000 0.000000 0.000000
vn -1.000000 0.000000 -0.000000
vn -1.000000 0.000000 0.000001
vn -1.000000 0.000000 -0.000000
vn -1.000000 0.000000 0.000000
vn -1.000000 0.000000 0.000000
vn -1.000000 0.000000 0.000000
vn -1.000000 0.000000 0.000000
vn -1.000000 0.000000 0.000000
vn 0.000000 0.951057 -0.309017
vn 0.000000 1.000000 -0.000001
vn -0.000000 0.951057 -0.309017
vn -0.000000 1.000000 -0.000001
vn 0.000000 0.809017 -0.587785
vn -0.000000 0.809017 -0.587785
vn 0.000000 0.587785 -0.809017
vn -0.000000 0.587785 -0.809017
vn 0.000000 0.309017 -0.951057
vn 0.000000 0.309017 -0.951057
vn 0.000000 0.000000 -1.000000
vn 0.000000 0.000000 -1.000000
vn 0.000001 -0.309017 -0.951057
vn 0.000000 -0.309017 -0.951057
vn 0.000001 -0.587785 -0.809017
vn 0.000000 -0.587785 -0.809017
vn 0.000000 -0.809017 -0.587785
vn 0.000000 -0.809017 -0.587786
vn -0.000000 -0.951057 -0.309017
vn 0.000000 -0.951057 -0.309017
vn 0.000000 -1.000000 0.000000
vn -0.000000 -1.000000 -0.000000
vn 0.000000 -0.951057 0.309017
vn 0.000000 -0.951057 0.309017
vn 0.000000 -0.809017 0.587785
vn 0.000000 -0.809017 0.587785
vn 0.000000 -0.587786 0.809017
vn 0.000000 -0.587786 0.809017
vn 0.000000 -0.309017 0.951056
vn 0.000000 -0.309017 0.951056
vn 0.000000 -0.000000 1.000000
vn 0.000000 -0.000000 1.000000
vn 0.000000 0.309017 0.951057
vn 0.000000 0.309017 0.951057
vn 0.000000 0.587785 0.809017
vn 0.000000 0.587785 0.809017
vn 0.000000 0.809017 0.587785
vn 0.000000 0.809017 0.587785
vn 0.000000 0.951057 0.309016
vn 0.000000 0.951057 0.309016
vn 1.000000 0.000000 0.000000
vn 1.000000 0.000000 0.000000
vn 1.000000 0.000000 0.000000
vn 1.000000 0.000000 0.000000
vn 1.000000 0.000000 0.000000
vn 1.000000 0.000000 0.000000
vn 1.000000 0.000000 0.000000
vn 1.000000 0.000000 0.000000
vn 1.000000 0.000000 0.000000
vn 1.000000 0.000000 0.000000
vn 1.000000 0.000000 0.000000
vn 1.000000 0.000000 0.000000
vn 1.000000 0.000000 0.000000
vn 1.000000 0.000000 0.000000
vn 1.000000 0.000000 0.000000
vn 1.000000 0.000000 0.000000
vn 1.000000 0.000000 0.000000
vn 1.000000 0.000000 0.000000
vn 1.000000 0.000000 0.000000
vn 1.000000 0.000000 0.000000
vn 1.000000 0.000000 0.000000
vn 1.000000 0.000000 0.000000
vn 1.000000 0.000000 0.000000
vn 1.000000 0.000000 0.000000
vn 1.000000 0.000000 0.000000
vn 1.000000 0.000000 0.000000
vn 1.000000 0.000000 0.000000
vn 1.000000 0.000000 0.000000
vn 1.000000 0.000000 0.000000
vn 1.000000 0.000000 0.000000
vn 1.000000 0.000000 -0.000000
vn 1.000000 0.000000 -0.000000
vn 1.000000 0.000000 0.000000
vn 1.000000 0.000000 0.000000
vn 1.000000 0.000000 0.000000
vn 1.000000 0.000000 0.000000
vn 1.000000 0.000000 0.000000
vn 1.000000 0.000000 0.000000
vn 1.000000 0.000000 0.000000
vn 1.000000 0.000000 0.000000
vn -0.000000 0.951057 -0.309017
vn 0.000000 1.000000 -0.000001
vn 0.000000 0.951057 -0.309017
vn 0.000000 1.000000 -0.000001
vn -0.000000 0.809017 -0.587785
vn 0.000000 0.809017 -0.587785
vn 0.000000 0.587785 -0.809017
vn 0.000000 0.587785 -0.809017
vn -0.000000 0.309017 -0.951057
vn 0.000000 0.309017 -0.951057
vn -0.000000 0.000000 -1.000000
vn -0.000000 -0.000000 -1.000000
vn -0.000000 -0.309017 -0.951057
vn -0.000000 -0.309017 -0.951057
vn -0.000000 -0.587785 -0.809017
vn -0.000000 -0.587785 -0.809017
vn -0.000000 -0.809017 -0.587785
vn -0.000000 -0.809017 -0.587785
vn 0.000000 -0.951057 -0.309017
vn -0.000000 -0.951057 -0.309017
vn -0.000000 -1.000000 -0.000000
vn 0.000000 -1.000000 0.000000
vn -0.000000 -0.951057 0.309017
vn 0.000000 -0.951057 0.309017
vn -0.000000 -0.809017 0.587785
vn -0.000000 -0.809017 0.587785
vn -0.000000 -0.587786 0.809017
vn 0.000000 -0.587785 0.809017
vn -0.000000 -0.309017 0.951057
vn 0.000000 -0.309017 0.951056
vn 0.000000 0.000000 1.000000
vn 0.000000 -0.000000 1.000000
vn 0.000000 0.309017 0.951057
vn 0.000000 0.309017 0.951057
vn 0.000000 0.587785 0.809017
vn 0.000000 0.587785 0.809017
vn 0.000000 0.809017 0.587785
vn 0.000000 0.809017 0.587785
vn 0.000000 0.951057 0.309016
vn 0.000000 0.951057 0.309016
vn 0.000000 -0.951057 0.309017
vn 0.000000 -1.000000 0.000001
vn 0.000000 -0.809017 0.587785
vn 0.000000 -0.587785 0.809017
vn 0.000000 -0.309017 0.951057
vn 0.000000 0.000000 1.000000
vn 0.000000 0.309017 0.951057
vn 0.000000 0.587785 0.809017
vn 0.000000 0.809017 0.587785
vn 0.000000 0.951057 0.309017
vn 0.000000 1.000000 0.000000
vn 0.000000 0.951057 -0.309017
vn 0.000000 0.809017 -0.587785
vn 0.000000 0.587785 -0.809017
vn 0.000000 0.309017 -0.951057
vn 0.000000 0.000000 -1.000000
vn -0.000000 -0.309017 -0.951057
vn -0.000000 -0.587785 -0.809017
vn -0.000000 -0.809017 -0.587785
vn -0.000000 -0.951057 -0.309016
vn 0.000000 -0.951057 0.309017
vn 0.000000 -1.000000 0.000001
vn 0.000000 -0.809017 0.587785
vn 0.000000 -0.587785 0.809017
vn 0.000000 -0.309017 0.951057
vn 0.000000 0.000000 1.000000
vn 0.000000 0.309017 0.951057
vn 0.000000 0.587785 0.809017
vn 0.000000 0.809017 0.587785
vn 0.000000 0.951057 0.309017
vn 0.000000 1.000000 0.000000
vn 0.000000 0.951057 -0.309017
vn 0.000000 0.809017 -0.587785
vn 0.000000 0.587785 -0.809017
vn 0.000000 0.309017 -0.951057
vn 0.000000 0.000000 -1.000000
vn -0.000000 -0.309017 -0.951056
vn -0.000000 -0.587785 -0.809017
vn -0.000000 -0.809017 -0.587785
vn -0.000000 -0.951057 -0.309016
s 1
g pPipe6
usemtl lambert14SG
f 1078/1360/1701 1077/1359/1702 1198/1508/1703
f 1198/1508/1703 1077/1359/1702 1197/1506/1704
f 1079/1361/1705 1078/1360/1701 1199/1509/1706
f 1199/1509/1706 1078/1360/1701 1198/1508/1703
f 1080/1362/1707 1079/1361/1705 1200/1510/1708
f 1200/1510/1708 1079/1361/1705 1199/1509/1706
f 1081/1363/1709 1080/1362/1707 1201/1511/1710
f 1201/1511/1710 1080/1362/1707 1200/1510/1708
f 1082/1364/1711 1081/1363/1709 1202/1512/1712
f 1202/1512/1712 1081/1363/1709 1201/1511/1710
f 1083/1365/1713 1082/1364/1711 1203/1513/1714
f 1203/1513/1714 1082/1364/1711 1202/1512/1712
f 1084/1366/1715 1083/1365/1713 1204/1514/1716
f 1204/1514/1716 1083/1365/1713 1203/1513/1714
f 1085/1367/1717 1084/1366/1715 1205/1515/1718
f 1205/1515/1718 1084/1366/1715 1204/1514/1716
f 1086/1368/1719 1085/1367/1717 1206/1516/1720
f 1206/1516/1720 1085/1367/1717 1205/1515/1718
f 1087/1369/1721 1086/1368/1719 1207/1517/1722
f 1207/1517/1722 1086/1368/1719 1206/1516/1720
f 1088/1370/1723 1087/1369/1721 1208/1518/1724
f 1208/1518/1724 1087/1369/1721 1207/1517/1722
f 1089/1371/1725 1088/1370/1723 1209/1519/1726
f 1209/1519/1726 1088/1370/1723 1208/1518/1724
f 1090/1372/1727 1089/1371/1725 1210/1520/1728
f 1210/1520/1728 1089/1371/1725 1209/1519/1726
f 1091/1373/1729 1090/1372/1727 1211/1521/1730
f 1211/1521/1730 1090/1372/1727 1210/1520/1728
f 1092/1374/1731 1091/1373/1729 1212/1522/1732
f 1212/1522/1732 1091/1373/1729 1211/1521/1730
f 1093/1375/1733 1092/1374/1731 1213/1523/1734
f 1213/1523/1734 1092/1374/1731 1212/1522/1732
f 1094/1376/1735 1093/1375/1733 1214/1524/1736
f 1214/1524/1736 1093/1375/1733 1213/1523/1734
f 1095/1377/1737 1094/1376/1735 1215/1525/1738
f 1215/1525/1738 1094/1376/1735 1214/1524/1736
f 1096/1378/1739 1095/1377/1737 1216/1526/1740
f 1216/1526/1740 1095/1377/1737 1215/1525/1738
f 1077/1379/1702 1096/1378/1739 1197/1507/1704
f 1197/1507/1704 1096/1378/1739 1216/1526/1740
s 2
f 1098/1381/1741 1097/1380/1742 1118/1402/1743
f 1118/1402/1743 1097/1380/1742 1117/1401/1744
f 1099/1382/1745 1098/1381/1741 1119/1403/1746
f 1119/1403/1746 1098/1381/1741 1118/1402/1743
f 1100/1383/1747 1099/1382/1745 1120/1404/1748
f 1120/1404/1748 1099/1382/1745 1119/1403/1746
f 1101/1384/1749 1100/1383/1747 1121/1405/1750
f 1121/1405/1750 1100/1383/1747 1120/1404/1748
f 1102/1385/1751 1101/1384/1749 1122/1406/1752
f 1122/1406/1752 1101/1384/1749 1121/1405/1750
f 1103/1386/1753 1102/1385/1751 1123/1407/1754
f 1123/1407/1754 1102/1385/1751 1122/1406/1752
f 1104/1387/1755 1103/1386/1753 1124/1408/1756
f 1124/1408/1756 1103/1386/1753 1123/1407/1754
f 1105/1388/1757 1104/1387/1755 1125/1409/1758
f 1125/1409/1758 1104/1387/1755 1124/1408/1756
f 1106/1389/1759 1105/1388/1757 1126/1410/1760
f 1126/1410/1760 1105/1388/1757 1125/1409/1758
f 1107/1390/1761 1106/1389/1759 1127/1411/1762
f 1127/1411/1762 1106/1389/1759 1126/1410/1760
f 1108/1391/1763 1107/1390/1761 1128/1412/1764
f 1128/1412/1764 1107/1390/1761 1127/1411/1762
f 1109/1392/1765 1108/1391/1763 1129/1413/1766
f 1129/1413/1766 1108/1391/1763 1128/1412/1764
f 1110/1393/1767 1109/1392/1765 1130/1414/1768
f 1130/1414/1768 1109/1392/1765 1129/1413/1766
f 1111/1394/1769 1110/1393/1767 1131/1415/1770
f 1131/1415/1770 1110/1393/1767 1130/1414/1768
f 1112/1395/1771 1111/1394/1769 1132/1416/1772
f 1132/1416/1772 1111/1394/1769 1131/1415/1770
f 1113/1396/1773 1112/1395/1771 1133/1417/1774
f 1133/1417/1774 1112/1395/1771 1132/1416/1772
f 1114/1397/1775 1113/1396/1773 1134/1418/1776
f 1134/1418/1776 1113/1396/1773 1133/1417/1774
f 1115/1398/1777 1114/1397/1775 1135/1419/1778
f 1135/1419/1778 1114/1397/1775 1134/1418/1776
f 1116/1399/1779 1115/1398/1777 1136/1420/1780
f 1136/1420/1780 1115/1398/1777 1135/1419/1778
f 1097/1400/1742 1116/1399/1779 1117/1421/1744
f 1117/1421/1744 1116/1399/1779 1136/1420/1780
s 3
f 1118/1402/1781 1117/1401/1782 1178/1487/1783
f 1178/1487/1783 1117/1401/1782 1177/1485/1784
f 1119/1403/1785 1118/1402/1781 1179/1488/1786
f 1179/1488/1786 1118/1402/1781 1178/1487/1783
f 1120/1404/1787 1119/1403/1785 1180/1489/1788
f 1180/1489/1788 1119/1403/1785 1179/1488/1786
f 1121/1405/1789 1120/1404/1787 1181/1490/1790
f 1181/1490/1790 1120/1404/1787 1180/1489/1788
f 1122/1406/1791 1121/1405/1789 1182/1491/1792
f 1182/1491/1792 1121/1405/1789 1181/1490/1790
f 1123/1407/1793 1122/1406/1791 1183/1492/1794
f 1183/1492/1794 1122/1406/1791 1182/1491/1792
f 1124/1408/1795 1123/1407/1793 1184/1493/1796
f 1184/1493/1796 1123/1407/1793 1183/1492/1794
f 1125/1409/1797 1124/1408/1795 1185/1494/1798
f 1185/1494/1798 1124/1408/1795 1184/1493/1796
f 1126/1410/1799 1125/1409/1797 1186/1495/1800
f 1186/1495/1800 1125/1409/1797 1185/1494/1798
f 1127/1411/1801 1126/1410/1799 1187/1496/1802
f 1187/1496/1802 1126/1410/1799 1186/1495/1800
f 1128/1412/1803 1127/1411/1801 1188/1497/1804
f 1188/1497/1804 1127/1411/1801 1187/1496/1802
f 1129/1413/1805 1128/1412/1803 1189/1498/1806
f 1189/1498/1806 1128/1412/1803 1188/1497/1804
f 1130/1414/1807 1129/1413/1805 1190/1499/1808
f 1190/1499/1808 1129/1413/1805 1189/1498/1806
f 1131/1415/1809 1130/1414/1807 1191/1500/1810
f 1191/1500/1810 1130/1414/1807 1190/1499/1808
f 1132/1416/1811 1131/1415/1809 1192/1501/1812
f 1192/1501/1812 1131/1415/1809 1191/1500/1810
f 1133/1417/1813 1132/1416/1811 1193/1502/1814
f 1193/1502/1814 1132/1416/1811 1192/1501/1812
f 1134/1418/1815 1133/1417/1813 1194/1503/1816
f 1194/1503/1816 1133/1417/1813 1193/1502/1814
f 1135/1419/1817 1134/1418/1815 1195/1504/1818
f 1195/1504/1818 1134/1418/1815 1194/1503/1816
f 1136/1420/1819 1135/1419/1817 1196/1505/1820
f 1196/1505/1820 1135/1419/1817 1195/1504/1818
f 1117/1421/1782 1136/1420/1819 1177/1486/1784
f 1177/1486/1784 1136/1420/1819 1196/1505/1820
s 4
f 1138/1423/1821 1137/1422/1822 1078/1444/1823
f 1078/1444/1823 1137/1422/1822 1077/1443/1824
f 1139/1424/1825 1138/1423/1821 1079/1445/1826
f 1079/1445/1826 1138/1423/1821 1078/1444/1823
f 1140/1425/1827 1139/1424/1825 1080/1446/1828
f 1080/1446/1828 1139/1424/1825 1079/1445/1826
f 1141/1426/1829 1140/1425/1827 1081/1447/1830
f 1081/1447/1830 1140/1425/1827 1080/1446/1828
f 1142/1427/1831 1141/1426/1829 1082/1448/1832
f 1082/1448/1832 1141/1426/1829 1081/1447/1830
f 1143/1428/1833 1142/1427/1831 1083/1449/1834
f 1083/1449/1834 1142/1427/1831 1082/1448/1832
f 1144/1429/1835 1143/1428/1833 1084/1450/1836
f 1084/1450/1836 1143/1428/1833 1083/1449/1834
f 1145/1430/1837 1144/1429/1835 1085/1451/1838
f 1085/1451/1838 1144/1429/1835 1084/1450/1836
f 1146/1431/1839 1145/1430/1837 1086/1452/1840
f 1086/1452/1840 1145/1430/1837 1085/1451/1838
f 1147/1432/1841 1146/1431/1839 1087/1453/1842
f 1087/1453/1842 1146/1431/1839 1086/1452/1840
f 1148/1433/1843 1147/1432/1841 1088/1454/1844
f 1088/1454/1844 1147/1432/1841 1087/1453/1842
f 1149/1434/1845 1148/1433/1843 1089/1455/1846
f 1089/1455/1846 1148/1433/1843 1088/1454/1844
f 1150/1435/1847 1149/1434/1845 1090/1456/1848
f 1090/1456/1848 1149/1434/1845 1089/1455/1846
f 1151/1436/1849 1150/1435/1847 1091/1457/1850
f 1091/1457/1850 1150/1435/1847 1090/1456/1848
f 1152/1437/1851 1151/1436/1849 1092/1458/1852
f 1092/1458/1852 1151/1436/1849 1091/1457/1850
f 1153/1438/1853 1152/1437/1851 1093/1459/1854
f 1093/1459/1854 1152/1437/1851 1092/1458/1852
f 1154/1439/1855 1153/1438/1853 1094/1460/1856
f 1094/1460/1856 1153/1438/1853 1093/1459/1854
f 1155/1440/1857 1154/1439/1855 1095/1461/1858
f 1095/1461/1858 1154/1439/1855 1094/1460/1856
f 1156/1441/1859 1155/1440/1857 1096/1462/1860
f 1096/1462/1860 1155/1440/1857 1095/1461/1858
f 1137/1442/1822 1156/1441/1859 1077/1463/1824
f 1077/1463/1824 1156/1441/1859 1096/1462/1860
s 3
f 1158/1466/1861 1157/1464/1862 1138/1423/1863
f 1138/1423/1863 1157/1464/1862 1137/1422/1864
f 1159/1467/1865 1158/1466/1861 1139/1424/1866
f 1139/1424/1866 1158/1466/1861 1138/1423/1863
f 1160/1468/1867 1159/1467/1865 1140/1425/1868
f 1140/1425/1868 1159/1467/1865 1139/1424/1866
f 1161/1469/1869 1160/1468/1867 1141/1426/1870
f 1141/1426/1870 1160/1468/1867 1140/1425/1868
f 1162/1470/1871 1161/1469/1869 1142/1427/1872
f 1142/1427/1872 1161/1469/1869 1141/1426/1870
f 1163/1471/1873 1162/1470/1871 1143/1428/1874
f 1143/1428/1874 1162/1470/1871 1142/1427/1872
f 1164/1472/1875 1163/1471/1873 1144/1429/1876
f 1144/1429/1876 1163/1471/1873 1143/1428/1874
f 1165/1473/1877 1164/1472/1875 1145/1430/1878
f 1145/1430/1878 1164/1472/1875 1144/1429/1876
f 1166/1474/1879 1165/1473/1877 1146/1431/1880
f 1146/1431/1880 1165/1473/1877 1145/1430/1878
f 1167/1475/1881 1166/1474/1879 1147/1432/1882
f 1147/1432/1882 1166/1474/1879 1146/1431/1880
f 1168/1476/1883 1167/1475/1881 1148/1433/1884
f 1148/1433/1884 1167/1475/1881 1147/1432/1882
f 1169/1477/1885 1168/1476/1883 1149/1434/1886
f 1149/1434/1886 1168/1476/1883 1148/1433/1884
f 1170/1478/1887 1169/1477/1885 1150/1435/1888
f 1150/1435/1888 1169/1477/1885 1149/1434/1886
f 1171/1479/1889 1170/1478/1887 1151/1436/1890
f 1151/1436/1890 1170/1478/1887 1150/1435/1888
f 1172/1480/1891 1171/1479/1889 1152/1437/1892
f 1152/1437/1892 1171/1479/1889 1151/1436/1890
f 1173/1481/1893 1172/1480/1891 1153/1438/1894
f 1153/1438/1894 1172/1480/1891 1152/1437/1892
f 1174/1482/1895 1173/1481/1893 1154/1439/1896
f 1154/1439/1896 1173/1481/1893 1153/1438/1894
f 1175/1483/1897 1174/1482/1895 1155/1440/1898
f 1155/1440/1898 1174/1482/1895 1154/1439/1896
f 1176/1484/1899 1175/1483/1897 1156/1441/1900
f 1156/1441/1900 1175/1483/1897 1155/1440/1898
f 1157/1465/1862 1176/1484/1899 1137/1442/1864
f 1137/1442/1864 1176/1484/1899 1156/1441/1900
f 1178/1487/1783 1177/1485/1784 1158/1466/1861
f 1158/1466/1861 1177/1485/1784 1157/1464/1862
f 1179/1488/1786 1178/1487/1783 1159/1467/1865
f 1159/1467/1865 1178/1487/1783 1158/1466/1861
f 1180/1489/1788 1179/1488/1786 1160/1468/1867
f 1160/1468/1867 1179/1488/1786 1159/1467/1865
f 1181/1490/1790 1180/1489/1788 1161/1469/1869
f 1161/1469/1869 1180/1489/1788 1160/1468/1867
f 1182/1491/1792 1181/1490/1790 1162/1470/1871
f 1162/1470/1871 1181/1490/1790 1161/1469/1869
f 1183/1492/1794 1182/1491/1792 1163/1471/1873
f 1163/1471/1873 1182/1491/1792 1162/1470/1871
f 1184/1493/1796 1183/1492/1794 1164/1472/1875
f 1164/1472/1875 1183/1492/1794 1163/1471/1873
f 1185/1494/1798 1184/1493/1796 1165/1473/1877
f 1165/1473/1877 1184/1493/1796 1164/1472/1875
f 1186/1495/1800 1185/1494/1798 1166/1474/1879
f 1166/1474/1879 1185/1494/1798 1165/1473/1877
f 1187/1496/1802 1186/1495/1800 1167/1475/1881
f 1167/1475/1881 1186/1495/1800 1166/1474/1879
f 1188/1497/1804 1187/1496/1802 1168/1476/1883
f 1168/1476/1883 1187/1496/1802 1167/1475/1881
f 1189/1498/1806 1188/1497/1804 1169/1477/1885
f 1169/1477/1885 1188/1497/1804 1168/1476/1883
f 1190/1499/1808 1189/1498/1806 1170/1478/1887
f 1170/1478/1887 1189/1498/1806 1169/1477/1885
f 1191/1500/1810 1190/1499/1808 1171/1479/1889
f 1171/1479/1889 1190/1499/1808 1170/1478/1887
f 1192/1501/1812 1191/1500/1810 1172/1480/1891
f 1172/1480/1891 1191/1500/1810 1171/1479/1889
f 1193/1502/1814 1192/1501/1812 1173/1481/1893
f 1173/1481/1893 1192/1501/1812 1172/1480/1891
f 1194/1503/1816 1193/1502/1814 1174/1482/1895
f 1174/1482/1895 1193/1502/1814 1173/1481/1893
f 1195/1504/1818 1194/1503/1816 1175/1483/1897
f 1175/1483/1897 1194/1503/1816 1174/1482/1895
f 1196/1505/1820 1195/1504/1818 1176/1484/1899
f 1176/1484/1899 1195/1504/1818 1175/1483/1897
f 1177/1486/1784 1196/1505/1820 1157/1465/1862
f 1157/1465/1862 1196/1505/1820 1176/1484/1899
s 1
f 1198/1508/1703 1197/1506/1704 1218/1529/1901
f 1218/1529/1901 1197/1506/1704 1217/1527/1902
f 1199/1509/1706 1198/1508/1703 1219/1530/1903
f 1219/1530/1903 1198/1508/1703 1218/1529/1901
f 1200/1510/1708 1199/1509/1706 1220/1531/1904
f 1220/1531/1904 1199/1509/1706 1219/1530/1903
f 1201/1511/1710 1200/1510/1708 1221/1532/1905
f 1221/1532/1905 1200/1510/1708 1220/1531/1904
f 1202/1512/1712 1201/1511/1710 1222/1533/1906
f 1222/1533/1906 1201/1511/1710 1221/1532/1905
f 1203/1513/1714 1202/1512/1712 1223/1534/1907
f 1223/1534/1907 1202/1512/1712 1222/1533/1906
f 1204/1514/1716 1203/1513/1714 1224/1535/1908
f 1224/1535/1908 1203/1513/1714 1223/1534/1907
f 1205/1515/1718 1204/1514/1716 1225/1536/1909
f 1225/1536/1909 1204/1514/1716 1224/1535/1908
f 1206/1516/1720 1205/1515/1718 1226/1537/1910
f 1226/1537/1910 1205/1515/1718 1225/1536/1909
f 1207/1517/1722 1206/1516/1720 1227/1538/1911
f 1227/1538/1911 1206/1516/1720 1226/1537/1910
f 1208/1518/1724 1207/1517/1722 1228/1539/1912
f 1228/1539/1912 1207/1517/1722 1227/1538/1911
f 1209/1519/1726 1208/1518/1724 1229/1540/1913
f 1229/1540/1913 1208/1518/1724 1228/1539/1912
f 1210/1520/1728 1209/1519/1726 1230/1541/1914
f 1230/1541/1914 1209/1519/1726 1229/1540/1913
f 1211/1521/1730 1210/1520/1728 1231/1542/1915
f 1231/1542/1915 1210/1520/1728 1230/1541/1914
f 1212/1522/1732 1211/1521/1730 1232/1543/1916
f 1232/1543/1916 1211/1521/1730 1231/1542/1915
f 1213/1523/1734 1212/1522/1732 1233/1544/1917
f 1233/1544/1917 1212/1522/1732 1232/1543/1916
f 1214/1524/1736 1213/1523/1734 1234/1545/1918
f 1234/1545/1918 1213/1523/1734 1233/1544/1917
f 1215/1525/1738 1214/1524/1736 1235/1546/1919
f 1235/1546/1919 1214/1524/1736 1234/1545/1918
f 1216/1526/1740 1215/1525/1738 1236/1547/1920
f 1236/1547/1920 1215/1525/1738 1235/1546/1919
f 1197/1507/1704 1216/1526/1740 1217/1528/1902
f 1217/1528/1902 1216/1526/1740 1236/1547/1920
f 1218/1529/1901 1217/1527/1902 1098/1381/1921
f 1098/1381/1921 1217/1527/1902 1097/1380/1922
f 1219/1530/1903 1218/1529/1901 1099/1382/1923
f 1099/1382/1923 1218/1529/1901 1098/1381/1921
f 1220/1531/1904 1219/1530/1903 1100/1383/1924
f 1100/1383/1924 1219/1530/1903 1099/1382/1923
f 1221/1532/1905 1220/1531/1904 1101/1384/1925
f 1101/1384/1925 1220/1531/1904 1100/1383/1924
f 1222/1533/1906 1221/1532/1905 1102/1385/1926
f 1102/1385/1926 1221/1532/1905 1101/1384/1925
f 1223/1534/1907 1222/1533/1906 1103/1386/1927
f 1103/1386/1927 1222/1533/1906 1102/1385/1926
f 1224/1535/1908 1223/1534/1907 1104/1387/1928
f 1104/1387/1928 1223/1534/1907 1103/1386/1927
f 1225/1536/1909 1224/1535/1908 1105/1388/1929
f 1105/1388/1929 1224/1535/1908 1104/1387/1928
f 1226/1537/1910 1225/1536/1909 1106/1389/1930
f 1106/1389/1930 1225/1536/1909 1105/1388/1929
f 1227/1538/1911 1226/1537/1910 1107/1390/1931
f 1107/1390/1931 1226/1537/1910 1106/1389/1930
f 1228/1539/1912 1227/1538/1911 1108/1391/1932
f 1108/1391/1932 1227/1538/1911 1107/1390/1931
f 1229/1540/1913 1228/1539/1912 1109/1392/1933
f 1109/1392/1933 1228/1539/1912 1108/1391/1932
f 1230/1541/1914 1229/1540/1913 1110/1393/1934
f 1110/1393/1934 1229/1540/1913 1109/1392/1933
f 1231/1542/1915 1230/1541/1914 1111/1394/1935
f 1111/1394/1935 1230/1541/1914 1110/1393/1934
f 1232/1543/1916 1231/1542/1915 1112/1395/1936
f 1112/1395/1936 1231/1542/1915 1111/1394/1935
f 1233/1544/1917 1232/1543/1916 1113/1396/1937
f 1113/1396/1937 1232/1543/1916 1112/1395/1936
f 1234/1545/1918 1233/1544/1917 1114/1397/1938
f 1114/1397/1938 1233/1544/1917 1113/1396/1937
f 1235/1546/1919 1234/1545/1918 1115/1398/1939
f 1115/1398/1939 1234/1545/1918 1114/1397/1938
f 1236/1547/1920 1235/1546/1919 1116/1399/1940
f 1116/1399/1940 1235/1546/1919 1115/1398/1939
f 1217/1528/1902 1236/1547/1920 1097/1400/1922
f 1097/1400/1922 1236/1547/1920 1116/1399/1940
g default
v -0.500000 0.208000 -1.000000
v -0.500000 0.197820 -1.064276
v -0.500000 0.168276 -1.122259
v -0.500000 0.122259 -1.168276
v -0.500000 0.064276 -1.197820
v -0.500000 0.000000 -1.208000
v -0.500000 -0.064276 -1.197820
v -0.500000 -0.122259 -1.168276
v -0.500000 -0.168276 -1.122259
v -0.500000 -0.197820 -1.064276
v -0.500000 -0.208000 -1.000000
v -0.500000 -0.197820 -0.935724
v -0.500000 -0.168276 -0.877741
v -0.500000 -0.122259 -0.831724
v -0.500000 -0.064276 -0.802180
v -0.500000 0.000000 -0.792000
v -0.500000 0.064276 -0.802180
v -0.500000 0.122259 -0.831724
v -0.500000 0.168276 -0.877741
v -0.500000 0.197820 -0.935724
v -1.000000 0.208000 -1.000000
v -1.000000 0.197820 -1.064276
v -1.000000 0.168276 -1.122259
v -1.000000 0.122259 -1.168276
v -1.000000 0.064276 -1.197820
v -1.000000 0.000000 -1.208000
v -1.000000 -0.064276 -1.197820
v -1.000000 -0.122259 -1.168276
v -1.000000 -0.168276 -1.122259
v -1.000000 -0.197820 -1.064276
v -1.000000 -0.208000 -1.000000
v -1.000000 -0.197820 -0.935724
v -1.000000 -0.168276 -0.877741
v -1.000000 -0.122259 -0.831724
v -1.000000 -0.064276 -0.802180
v -1.000000 0.000000 -0.792000
v -1.000000 0.064276 -0.802180
v -1.000000 0.122259 -0.831724
v -1.000000 0.168276 -0.877741
v -1.000000 0.197820 -0.935724
v -1.000000 0.260000 -1.000000
v -1.000000 0.247275 -1.080344
v -1.000000 0.210344 -1.152824
v -1.000000 0.152824 -1.210344
v -1.000000 0.080344 -1.247275
v -1.000000 -0.000000 -1.260000
v -1.000000 -0.080344 -1.247275
v -1.000000 -0.152824 -1.210344
v -1.000000 -0.210344 -1.152824
v -1.000000 -0.247275 -1.080344
v -1.000000 -0.260000 -1.000000
v -1.000000 -0.247275 -0.919656
v -1.000000 -0.210344 -0.847176
v -1.000000 -0.152824 -0.789656
v -1.000000 -0.080344 -0.752725
v -1.000000 0.000000 -0.740000
v -1.000000 0.080344 -0.752725
v -1.000000 0.152824 -0.789655
v -1.000000 0.210345 -0.847176
v -1.000000 0.247275 -0.919656
v -0.500000 0.260000 -1.000000
v -0.500000 0.247275 -1.080344
v -0.500000 0.210344 -1.152824
v -0.500000 0.152824 -1.210344
v -0.500000 0.080344 -1.247275
v -0.500000 -0.000000 -1.260000
v -0.500000 -0.080344 -1.247275
v -0.500000 -0.152824 -1.210344
v -0.500000 -0.210344 -1.152824
v -0.500000 -0.247275 -1.080344
v -0.500000 -0.260000 -1.000000
v -0.500000 -0.247275 -0.919656
v -0.500000 -0.210344 -0.847176
v -0.500000 -0.152824 -0.789656
v -0.500000 -0.080344 -0.752725
v -0.500000 0.000000 -0.740000
v -0.500000 0.080344 -0.752725
v -0.500000 0.152824 -0.789655
v -0.500000 0.210345 -0.847176
v -0.500000 0.247275 -0.919656
v -0.538902 0.260000 -1.000000
v -0.538902 0.247275 -1.080344
v -0.538902 0.210344 -1.152824
v -0.538902 0.152824 -1.210344
v -0.538902 0.080344 -1.247275
v -0.538902 -0.000000 -1.260000
v -0.538902 -0.080344 -1.247275
v -0.538902 -0.152824 -1.210344
v -0.538902 -0.210344 -1.152824
v -0.538902 -0.247275 -1.080344
v -0.538902 -0.260000 -1.000000
v -0.538902 -0.247275 -0.919656
v -0.538902 -0.210344 -0.847176
v -0.538902 -0.152824 -0.789656
v -0.538902 -0.080344 -0.752725
v -0.538902 0.000000 -0.740000
v -0.538902 0.080344 -0.752725
v -0.538902 0.152824 -0.789655
v -0.538902 0.210345 -0.847176
v -0.538902 0.247275 -0.919656
v -0.963911 0.260000 -1.000000
v -0.963911 0.247275 -1.080344
v -0.963911 0.210344 -1.152824
v -0.963911 0.152824 -1.210344
v -0.963911 0.080344 -1.247275
v -0.963911 -0.000000 -1.260000
v -0.963911 -0.080344 -1.247275
v -0.963911 -0.152824 -1.210344
v -0.963911 -0.210344 -1.152824
v -0.963911 -0.247275 -1.080344
v -0.963911 -0.260000 -1.000000
v -0.963911 -0.247275 -0.919656
v -0.963911 -0.210344 -0.847176
v -0.963911 -0.152824 -0.789656
v -0.963911 -0.080344 -0.752725
v -0.963911 0.000000 -0.740000
v -0.963911 0.080344 -0.752725
v -0.963911 0.152824 -0.789655
v -0.963911 0.210345 -0.847176
v -0.963911 0.247275 -0.919656
v -0.533799 0.208000 -1.000000
v -0.533799 0.197820 -1.064276
v -0.533799 0.168276 -1.122259
v -0.533799 0.122259 -1.168276
v -0.533799 0.064276 -1.197820
v -0.533799 0.000000 -1.208000
v -0.533799 -0.064276 -1.197820
v -0.533799 -0.122259 -1.168276
v -0.533799 -0.168276 -1.122259
v -0.533799 -0.197820 -1.064276
v -0.533799 -0.208000 -1.000000
v -0.533799 -0.197820 -0.935724
v -0.533799 -0.168276 -0.877741
v -0.533799 -0.122259 -0.831724
v -0.533799 -0.064276 -0.802180
v -0.533799 0.000000 -0.792000
v -0.533799 0.064276 -0.802180
v -0.533799 0.122259 -0.831724
v -0.533799 0.168276 -0.877741
v -0.533799 0.197820 -0.935724
v -0.953869 0.208000 -1.000000
v -0.953869 0.197820 -1.064276
v -0.953869 0.168276 -1.122259
v -0.953869 0.122259 -1.168276
v -0.953869 0.064276 -1.197820
v -0.953869 0.000000 -1.208000
v -0.953869 -0.064276 -1.197820
v -0.953869 -0.122259 -1.168276
v -0.953869 -0.168276 -1.122259
v -0.953869 -0.197820 -1.064276
v -0.953869 -0.208000 -1.000000
v -0.953869 -0.197820 -0.935724
v -0.953869 -0.168276 -0.877741
v -0.953869 -0.122259 -0.831724
v -0.953869 -0.064276 -0.802180
v -0.953869 0.000000 -0.792000
v -0.953869 0.064276 -0.802180
v -0.953869 0.122259 -0.831724
v -0.953869 0.168276 -0.877741
v -0.953869 0.197820 -0.935724
vt 0.000000 1.000000
vt 0.050000 1.000000
vt 0.100000 1.000000
vt 0.150000 1.000000
vt 0.200000 1.000000
vt 0.250000 1.000000
vt 0.300000 1.000000
vt 0.350000 1.000000
vt 0.400000 1.000000
vt 0.450000 1.000000
vt 0.500000 1.000000
vt 0.550000 1.000000
vt 0.600000 1.000000
vt 0.650000 1.000000
vt 0.700000 1.000000
vt 0.750000 1.000000
vt 0.800000 1.000000
vt 0.850000 1.000000
vt 0.900000 1.000000
vt 0.950000 1.000000
vt 1.000000 1.000000
vt 0.000000 0.750000
vt 0.050000 0.750000
vt 0.100000 0.750000
vt 0.150000 0.750000
vt 0.200000 0.750000
vt 0.250000 0.750000
vt 0.300000 0.750000
vt 0.350000 0.750000
vt 0.400000 0.750000
vt 0.450000 0.750000
vt 0.500000 0.750000
vt 0.550000 0.750000
vt 0.600000 0.750000
vt 0.650000 0.750000
vt 0.700000 0.750000
vt 0.750000 0.750000
vt 0.800000 0.750000
vt 0.850000 0.750000
vt 0.900000 0.750000
vt 0.950000 0.750000
vt 1.000000 0.750000
vt 0.000000 0.500000
vt 0.050000 0.500000
vt 0.100000 0.500000
vt 0.150000 0.500000
vt 0.200000 0.500000
vt 0.250000 0.500000
vt 0.300000 0.500000
vt 0.350000 0.500000
vt 0.400000 0.500000
vt 0.450000 0.500000
vt 0.500000 0.500000
vt 0.550000 0.500000
vt 0.600000 0.500000
vt 0.650000 0.500000
vt 0.700000 0.500000
vt 0.750000 0.500000
vt 0.800000 0.500000
vt 0.850000 0.500000
vt 0.900000 0.500000
vt 0.950000 0.500000
vt 1.000000 0.500000
vt 0.000000 0.250000
vt 0.050000 0.250000
vt 0.100000 0.250000
vt 0.150000 0.250000
vt 0.200000 0.250000
vt 0.250000 0.250000
vt 0.300000 0.250000
vt 0.350000 0.250000
vt 0.400000 0.250000
vt 0.450000 0.250000
vt 0.500000 0.250000
vt 0.550000 0.250000
vt 0.600000 0.250000
vt 0.650000 0.250000
vt 0.700000 0.250000
vt 0.750000 0.250000
vt 0.800000 0.250000
vt 0.850000 0.250000
vt 0.900000 0.250000
vt 0.950000 0.250000
vt 1.000000 0.250000
vt 0.000000 0.000000
vt 0.050000 0.000000
vt 0.100000 0.000000
vt 0.150000 0.000000
vt 0.200000 0.000000
vt 0.250000 0.000000
vt 0.300000 0.000000
vt 0.350000 0.000000
vt 0.400000 0.000000
vt 0.450000 0.000000
vt 0.500000 0.000000
vt 0.550000 0.000000
vt 0.600000 0.000000
vt 0.650000 0.000000
vt 0.700000 0.000000
vt 0.750000 0.000000
vt 0.800000 0.000000
vt 0.850000 0.000000
vt 0.900000 0.000000
vt 0.950000 0.000000
vt 1.000000 0.000000
vt 0.000000 0.269451
vt 1.000000 0.269451
vt 0.050000 0.269451
vt 0.100000 0.269451
vt 0.150000 0.269451
vt 0.200000 0.269451
vt 0.250000 0.269451
vt 0.300000 0.269451
vt 0.350000 0.269451
vt 0.400000 0.269451
vt 0.450000 0.269451
vt 0.500000 0.269451
vt 0.550000 0.269451
vt 0.600000 0.269451
vt 0.650000 0.269451
vt 0.700000 0.269451
vt 0.750000 0.269451
vt 0.800000 0.269451
vt 0.850000 0.269451
vt 0.900000 0.269451
vt 0.950000 0.269451
vt 0.000000 0.481955
vt 1.000000 0.481955
vt 0.050000 0.481955
vt 0.100000 0.481955
vt 0.150000 0.481955
vt 0.200000 0.481955
vt 0.250000 0.481955
vt 0.300000 0.481955
vt 0.350000 0.481955
vt 0.400000 0.481955
vt 0.450000 0.481955
vt 0.500000 0.481955
vt 0.550000 0.481955
vt 0.600000 0.481955
vt 0.650000 0.481955
vt 0.700000 0.481955
vt 0.750000 0.481955
vt 0.800000 0.481955
vt 0.850000 0.481955
vt 0.900000 0.481955
vt 0.950000 0.481955
vt 0.000000 0.983100
vt 1.000000 0.983100
vt 0.050000 0.983100
vt 0.100000 0.983100
vt 0.150000 0.983100
vt 0.200000 0.983100
vt 0.250000 0.983100
vt 0.300000 0.983100
vt 0.350000 0.983100
vt 0.400000 0.983100
vt 0.450000 0.983100
vt 0.500000 0.983100
vt 0.550000 0.983100
vt 0.600000 0.983100
vt 0.650000 0.983100
vt 0.700000 0.983100
vt 0.750000 0.983100
vt 0.800000 0.983100
vt 0.850000 0.983100
vt 0.900000 0.983100
vt 0.950000 0.983100
vt 0.000000 0.773066
vt 1.000000 0.773066
vt 0.050000 0.773066
vt 0.100000 0.773066
vt 0.150000 0.773066
vt 0.200000 0.773066
vt 0.250000 0.773066
vt 0.300000 0.773066
vt 0.350000 0.773066
vt 0.400000 0.773066
vt 0.450000 0.773066
vt 0.500000 0.773066
vt 0.550000 0.773066
vt 0.600000 0.773066
vt 0.650000 0.773066
vt 0.700000 0.773066
vt 0.750000 0.773066
vt 0.800000 0.773066
vt 0.850000 0.773066
vt 0.900000 0.773066
vt 0.950000 0.773066
vn 0.000000 -0.951057 0.309017
vn 0.000000 -1.000000 0.000001
vn 0.000000 -0.951057 0.309017
vn 0.000000 -1.000000 0.000001
vn 0.000000 -0.809017 0.587785
vn 0.000000 -0.809017 0.587785
vn 0.000000 -0.587785 0.809017
vn 0.000000 -0.587785 0.809017
vn 0.000000 -0.309017 0.951056
vn 0.000000 -0.309017 0.951056
vn 0.000000 0.000000 1.000000
vn 0.000000 0.000000 1.000000
vn 0.000000 0.309017 0.951057
vn 0.000000 0.309017 0.951057
vn 0.000000 0.587785 0.809017
vn 0.000000 0.587785 0.809017
vn 0.000000 0.809017 0.587785
vn 0.000000 0.809017 0.587785
vn 0.000000 0.951056 0.309017
vn 0.000000 0.951057 0.309017
vn 0.000000 1.000000 0.000000
vn 0.000000 1.000000 0.000000
vn 0.000000 0.951057 -0.309017
vn 0.000000 0.951057 -0.309017
vn 0.000000 0.809017 -0.587785
vn 0.000000 0.809017 -0.587785
vn 0.000000 0.587785 -0.809017
vn 0.000000 0.587786 -0.809017
vn 0.000000 0.309017 -0.951057
vn 0.000000 0.309017 -0.951057
vn 0.000000 0.000000 -1.000000
vn 0.000000 0.000000 -1.000000
vn -0.000000 -0.309017 -0.951057
vn -0.000000 -0.309017 -0.951057
vn -0.000000 -0.587785 -0.809017
vn -0.000000 -0.587785 -0.809017
vn -0.000000 -0.809017 -0.587785
vn -0.000000 -0.809017 -0.587785
vn -0.000000 -0.951057 -0.309016
vn -0.000000 -0.951057 -0.309016
vn -1.000000 0.000000 0.000000
vn -1.000000 0.000000 0.000000
vn -1.000000 0.000000 0.000000
vn -1.000000 0.000000 0.000000
vn -1.000000 0.000000 0.000000
vn -1.000000 0.000000 0.000000
vn -1.000000 0.000000 0.000000
vn -1.000000 0.000000 0.000000
vn -1.000000 0.000000 0.000000
vn -1.000000 0.000000 0.000000
vn -1.000000 0.000000 0.000000
vn -1.000000 0.000000 0.000000
vn -1.000000 0.000000 0.000000
vn -1.000000 0.000000 0.000000
vn -1.000000 0.000000 0.000000
vn -1.000000 0.000000 0.000000
vn -1.000000 0.000000 0.000000
vn -1.000000 0.000000 0.000000
vn -1.000000 0.000000 0.000000
vn -1.000000 0.000000 0.000000
vn -1.000000 0.000000 0.000000
vn -1.000000 0.000000 0.000000
vn -1.000000 0.000000 0.000000
vn -1.000000 0.000000 0.000000
vn -1.000000 0.000000 0.000000
vn -1.000000 0.000000 0.000000
vn -1.000000 0.000000 0.000000
vn -1.000000 0.000000 0.000000
vn -1.000000 0.000000 0.000000
vn -1.000000 0.000000 0.000000
vn -1.000000 0.000000 0.000000
vn -1.000000 0.000000 0.000000
vn -1.000000 0.000000 -0.000000
vn -1.000000 0.000000 0.000001
vn -1.000000 0.000000 -0.000000
vn -1.000000 0.000000 0.000000
vn -1.000000 0.000000 0.000000
vn -1.000000 0.000000 0.000000
vn -1.000000 0.000000 0.000000
vn -1.000000 0.000000 0.000000
vn 0.000000 0.951057 -0.309017
vn 0.000000 1.000000 -0.000001
vn -0.000000 0.951057 -0.309017
vn -0.000000 1.000000 -0.000001
vn 0.000000 0.809017 -0.587785
vn -0.000000 0.809017 -0.587785
vn 0.000000 0.587785 -0.809017
vn -0.000000 0.587785 -0.809017
vn 0.000000 0.309017 -0.951057
vn 0.000000 0.309017 -0.951057
vn 0.000000 0.000000 -1.000000
vn 0.000000 0.000000 -1.000000
vn 0.000001 -0.309017 -0.951057
vn 0.000000 -0.309017 -0.951057
vn 0.000001 -0.587785 -0.809017
vn 0.000000 -0.587785 -0.809017
vn 0.000000 -0.809017 -0.587785
vn 0.000000 -0.809017 -0.587786
vn -0.000000 -0.951057 -0.309017
vn 0.000000 -0.951057 -0.309017
vn 0.000000 -1.000000 0.000000
vn -0.000000 -1.000000 -0.000000
vn 0.000000 -0.951057 0.309017
vn 0.000000 -0.951057 0.309017
vn 0.000000 -0.809017 0.587785
vn 0.000000 -0.809017 0.587785
vn 0.000000 -0.587786 0.809017
vn 0.000000 -0.587786 0.809017
vn 0.000000 -0.309017 0.951056
vn 0.000000 -0.309017 0.951056
vn 0.000000 -0.000000 1.000000
vn 0.000000 -0.000000 1.000000
vn 0.000000 0.309017 0.951057
vn 0.000000 0.309017 0.951057
vn 0.000000 0.587785 0.809017
vn 0.000000 0.587785 0.809017
vn 0.000000 0.809017 0.587785
vn 0.000000 0.809017 0.587785
vn 0.000000 0.951057 0.309016
vn 0.000000 0.951057 0.309016
vn 1.000000 0.000000 0.000000
vn 1.000000 0.000000 0.000000
vn 1.000000 0.000000 0.000000
vn 1.000000 0.000000 0.000000
vn 1.000000 0.000000 0.000000
vn 1.000000 0.000000 0.000000
vn 1.000000 0.000000 0.000000
vn 1.000000 0.000000 0.000000
vn 1.000000 0.000000 0.000000
vn 1.000000 0.000000 0.000000
vn 1.000000 0.000000 0.000000
vn 1.000000 0.000000 0.000000
vn 1.000000 0.000000 0.000000
vn 1.000000 0.000000 0.000000
vn 1.000000 0.000000 0.000000
vn 1.000000 0.000000 0.000000
vn 1.000000 0.000000 0.000000
vn 1.000000 0.000000 0.000000
vn 1.000000 0.000000 0.000000
vn 1.000000 0.000000 0.000000
vn 1.000000 0.000000 0.000000
vn 1.000000 0.000000 0.000000
vn 1.000000 0.000000 0.000000
vn 1.000000 0.000000 0.000000
vn 1.000000 0.000000 0.000000
vn 1.000000 0.000000 0.000000
vn 1.000000 0.000000 0.000000
vn 1.000000 0.000000 0.000000
vn 1.000000 0.000000 0.000000
vn 1.000000 0.000000 0.000000
vn 1.000000 0.000000 -0.000000
vn 1.000000 0.000000 -0.000000
vn 1.000000 0.000000 0.000000
vn 1.000000 0.000000 0.000000
vn 1.000000 0.000000 0.000000
vn 1.000000 0.000000 0.000000
vn 1.000000 0.000000 0.000000
vn 1.000000 0.000000 0.000000
vn 1.000000 0.000000 0.000000
vn 1.000000 0.000000 0.000000
vn -0.000000 0.951057 -0.309017
vn 0.000000 1.000000 -0.000001
vn 0.000000 0.951057 -0.309017
vn 0.000000 1.000000 -0.000001
vn -0.000000 0.809017 -0.587785
vn 0.000000 0.809017 -0.587785
vn 0.000000 0.587785 -0.809017
vn 0.000000 0.587785 -0.809017
vn -0.000000 0.309017 -0.951057
vn 0.000000 0.309017 -0.951057
vn -0.000000 0.000000 -1.000000
vn -0.000000 -0.000000 -1.000000
vn -0.000000 -0.309017 -0.951057
vn -0.000000 -0.309017 -0.951057
vn -0.000000 -0.587785 -0.809017
vn -0.000000 -0.587785 -0.809017
vn -0.000000 -0.809017 -0.587785
vn -0.000000 -0.809017 -0.587785
vn 0.000000 -0.951057 -0.309017
vn -0.000000 -0.951057 -0.309017
vn -0.000000 -1.000000 -0.000000
vn 0.000000 -1.000000 0.000000
vn -0.000000 -0.951057 0.309017
vn 0.000000 -0.951057 0.309017
vn -0.000000 -0.809017 0.587785
vn -0.000000 -0.809017 0.587785
vn -0.000000 -0.587786 0.809017
vn 0.000000 -0.587785 0.809017
vn -0.000000 -0.309017 0.951057
vn 0.000000 -0.309017 0.951056
vn 0.000000 0.000000 1.000000
vn 0.000000 -0.000000 1.000000
vn 0.000000 0.309017 0.951057
vn 0.000000 0.309017 0.951057
vn 0.000000 0.587785 0.809017
vn 0.000000 0.587785 0.809017
vn 0.000000 0.809017 0.587785
vn 0.000000 0.809017 0.587785
vn 0.000000 0.951057 0.309016
vn 0.000000 0.951057 0.309016
vn 0.000000 -0.951057 0.309017
vn 0.000000 -1.000000 0.000001
vn 0.000000 -0.809017 0.587785
vn 0.000000 -0.587785 0.809017
vn 0.000000 -0.309017 0.951057
vn 0.000000 0.000000 1.000000
vn 0.000000 0.309017 0.951057
vn 0.000000 0.587785 0.809017
vn 0.000000 0.809017 0.587785
vn 0.000000 0.951057 0.309017
vn 0.000000 1.000000 0.000000
vn 0.000000 0.951057 -0.309017
vn 0.000000 0.809017 -0.587785
vn 0.000000 0.587785 -0.809017
vn 0.000000 0.309017 -0.951057
vn 0.000000 0.000000 -1.000000
vn -0.000000 -0.309017 -0.951057
vn -0.000000 -0.587785 -0.809017
vn -0.000000 -0.809017 -0.587785
vn -0.000000 -0.951057 -0.309016
vn 0.000000 -0.951057 0.309017
vn 0.000000 -1.000000 0.000001
vn 0.000000 -0.809017 0.587785
vn 0.000000 -0.587785 0.809017
vn 0.000000 -0.309017 0.951057
vn 0.000000 0.000000 1.000000
vn 0.000000 0.309017 0.951057
vn 0.000000 0.587785 0.809017
vn 0.000000 0.809017 0.587785
vn 0.000000 0.951057 0.309017
vn 0.000000 1.000000 0.000000
vn 0.000000 0.951057 -0.309017
vn 0.000000 0.809017 -0.587785
vn 0.000000 0.587785 -0.809017
vn 0.000000 0.309017 -0.951057
vn 0.000000 0.000000 -1.000000
vn -0.000000 -0.309017 -0.951056
vn -0.000000 -0.587785 -0.809017
vn -0.000000 -0.809017 -0.587785
vn -0.000000 -0.951057 -0.309016
s 1
g pPipe8
usemtl lambert14SG
f 1238/1549/1941 1237/1548/1942 1358/1697/1943
f 1358/1697/1943 1237/1548/1942 1357/1695/1944
f 1239/1550/1945 1238/1549/1941 1359/1698/1946
f 1359/1698/1946 1238/1549/1941 1358/1697/1943
f 1240/1551/1947 1239/1550/1945 1360/1699/1948
f 1360/1699/1948 1239/1550/1945 1359/1698/1946
f 1241/1552/1949 1240/1551/1947 1361/1700/1950
f 1361/1700/1950 1240/1551/1947 1360/1699/1948
f 1242/1553/1951 1241/1552/1949 1362/1701/1952
f 1362/1701/1952 1241/1552/1949 1361/1700/1950
f 1243/1554/1953 1242/1553/1951 1363/1702/1954
f 1363/1702/1954 1242/1553/1951 1362/1701/1952
f 1244/1555/1955 1243/1554/1953 1364/1703/1956
f 1364/1703/1956 1243/1554/1953 1363/1702/1954
f 1245/1556/1957 1244/1555/1955 1365/1704/1958
f 1365/1704/1958 1244/1555/1955 1364/1703/1956
f 1246/1557/1959 1245/1556/1957 1366/1705/1960
f 1366/1705/1960 1245/1556/1957 1365/1704/1958
f 1247/1558/1961 1246/1557/1959 1367/1706/1962
f 1367/1706/1962 1246/1557/1959 1366/1705/1960
f 1248/1559/1963 1247/1558/1961 1368/1707/1964
f 1368/1707/1964 1247/1558/1961 1367/1706/1962
f 1249/1560/1965 1248/1559/1963 1369/1708/1966
f 1369/1708/1966 1248/1559/1963 1368/1707/1964
f 1250/1561/1967 1249/1560/1965 1370/1709/1968
f 1370/1709/1968 1249/1560/1965 1369/1708/1966
f 1251/1562/1969 1250/1561/1967 1371/1710/1970
f 1371/1710/1970 1250/1561/1967 1370/1709/1968
f 1252/1563/1971 1251/1562/1969 1372/1711/1972
f 1372/1711/1972 1251/1562/1969 1371/1710/1970
f 1253/1564/1973 1252/1563/1971 1373/1712/1974
f 1373/1712/1974 1252/1563/1971 1372/1711/1972
f 1254/1565/1975 1253/1564/1973 1374/1713/1976
f 1374/1713/1976 1253/1564/1973 1373/1712/1974
f 1255/1566/1977 1254/1565/1975 1375/1714/1978
f 1375/1714/1978 1254/1565/1975 1374/1713/1976
f 1256/1567/1979 1255/1566/1977 1376/1715/1980
f 1376/1715/1980 1255/1566/1977 1375/1714/1978
f 1237/1568/1942 1256/1567/1979 1357/1696/1944
f 1357/1696/1944 1256/1567/1979 1376/1715/1980
s 2
f 1258/1570/1981 1257/1569/1982 1278/1591/1983
f 1278/1591/1983 1257/1569/1982 1277/1590/1984
f 1259/1571/1985 1258/1570/1981 1279/1592/1986
f 1279/1592/1986 1258/1570/1981 1278/1591/1983
f 1260/1572/1987 1259/1571/1985 1280/1593/1988
f 1280/1593/1988 1259/1571/1985 1279/1592/1986
f 1261/1573/1989 1260/1572/1987 1281/1594/1990
f 1281/1594/1990 1260/1572/1987 1280/1593/1988
f 1262/1574/1991 1261/1573/1989 1282/1595/1992
f 1282/1595/1992 1261/1573/1989 1281/1594/1990
f 1263/1575/1993 1262/1574/1991 1283/1596/1994
f 1283/1596/1994 1262/1574/1991 1282/1595/1992
f 1264/1576/1995 1263/1575/1993 1284/1597/1996
f 1284/1597/1996 1263/1575/1993 1283/1596/1994
f 1265/1577/1997 1264/1576/1995 1285/1598/1998
f 1285/1598/1998 1264/1576/1995 1284/1597/1996
f 1266/1578/1999 1265/1577/1997 1286/1599/2000
f 1286/1599/2000 1265/1577/1997 1285/1598/1998
f 1267/1579/2001 1266/1578/1999 1287/1600/2002
f 1287/1600/2002 1266/1578/1999 1286/1599/2000
f 1268/1580/2003 1267/1579/2001 1288/1601/2004
f 1288/1601/2004 1267/1579/2001 1287/1600/2002
f 1269/1581/2005 1268/1580/2003 1289/1602/2006
f 1289/1602/2006 1268/1580/2003 1288/1601/2004
f 1270/1582/2007 1269/1581/2005 1290/1603/2008
f 1290/1603/2008 1269/1581/2005 1289/1602/2006
f 1271/1583/2009 1270/1582/2007 1291/1604/2010
f 1291/1604/2010 1270/1582/2007 1290/1603/2008
f 1272/1584/2011 1271/1583/2009 1292/1605/2012
f 1292/1605/2012 1271/1583/2009 1291/1604/2010
f 1273/1585/2013 1272/1584/2011 1293/1606/2014
f 1293/1606/2014 1272/1584/2011 1292/1605/2012
f 1274/1586/2015 1273/1585/2013 1294/1607/2016
f 1294/1607/2016 1273/1585/2013 1293/1606/2014
f 1275/1587/2017 1274/1586/2015 1295/1608/2018
f 1295/1608/2018 1274/1586/2015 1294/1607/2016
f 1276/1588/2019 1275/1587/2017 1296/1609/2020
f 1296/1609/2020 1275/1587/2017 1295/1608/2018
f 1257/1589/1982 1276/1588/2019 1277/1610/1984
f 1277/1610/1984 1276/1588/2019 1296/1609/2020
s 3
f 1278/1591/2021 1277/1590/2022 1338/1676/2023
f 1338/1676/2023 1277/1590/2022 1337/1674/2024
f 1279/1592/2025 1278/1591/2021 1339/1677/2026
f 1339/1677/2026 1278/1591/2021 1338/1676/2023
f 1280/1593/2027 1279/1592/2025 1340/1678/2028
f 1340/1678/2028 1279/1592/2025 1339/1677/2026
f 1281/1594/2029 1280/1593/2027 1341/1679/2030
f 1341/1679/2030 1280/1593/2027 1340/1678/2028
f 1282/1595/2031 1281/1594/2029 1342/1680/2032
f 1342/1680/2032 1281/1594/2029 1341/1679/2030
f 1283/1596/2033 1282/1595/2031 1343/1681/2034
f 1343/1681/2034 1282/1595/2031 1342/1680/2032
f 1284/1597/2035 1283/1596/2033 1344/1682/2036
f 1344/1682/2036 1283/1596/2033 1343/1681/2034
f 1285/1598/2037 1284/1597/2035 1345/1683/2038
f 1345/1683/2038 1284/1597/2035 1344/1682/2036
f 1286/1599/2039 1285/1598/2037 1346/1684/2040
f 1346/1684/2040 1285/1598/2037 1345/1683/2038
f 1287/1600/2041 1286/1599/2039 1347/1685/2042
f 1347/1685/2042 1286/1599/2039 1346/1684/2040
f 1288/1601/2043 1287/1600/2041 1348/1686/2044
f 1348/1686/2044 1287/1600/2041 1347/1685/2042
f 1289/1602/2045 1288/1601/2043 1349/1687/2046
f 1349/1687/2046 1288/1601/2043 1348/1686/2044
f 1290/1603/2047 1289/1602/2045 1350/1688/2048
f 1350/1688/2048 1289/1602/2045 1349/1687/2046
f 1291/1604/2049 1290/1603/2047 1351/1689/2050
f 1351/1689/2050 1290/1603/2047 1350/1688/2048
f 1292/1605/2051 1291/1604/2049 1352/1690/2052
f 1352/1690/2052 1291/1604/2049 1351/1689/2050
f 1293/1606/2053 1292/1605/2051 1353/1691/2054
f 1353/1691/2054 1292/1605/2051 1352/1690/2052
f 1294/1607/2055 1293/1606/2053 1354/1692/2056
f 1354/1692/2056 1293/1606/2053 1353/1691/2054
f 1295/1608/2057 1294/1607/2055 1355/1693/2058
f 1355/1693/2058 1294/1607/2055 1354/1692/2056
f 1296/1609/2059 1295/1608/2057 1356/1694/2060
f 1356/1694/2060 1295/1608/2057 1355/1693/2058
f 1277/1610/2022 1296/1609/2059 1337/1675/2024
f 1337/1675/2024 1296/1609/2059 1356/1694/2060
s 4
f 1298/1612/2061 1297/1611/2062 1238/1633/2063
f 1238/1633/2063 1297/1611/2062 1237/1632/2064
f 1299/1613/2065 1298/1612/2061 1239/1634/2066
f 1239/1634/2066 1298/1612/2061 1238/1633/2063
f 1300/1614/2067 1299/1613/2065 1240/1635/2068
f 1240/1635/2068 1299/1613/2065 1239/1634/2066
f 1301/1615/2069 1300/1614/2067 1241/1636/2070
f 1241/1636/2070 1300/1614/2067 1240/1635/2068
f 1302/1616/2071 1301/1615/2069 1242/1637/2072
f 1242/1637/2072 1301/1615/2069 1241/1636/2070
f 1303/1617/2073 1302/1616/2071 1243/1638/2074
f 1243/1638/2074 1302/1616/2071 1242/1637/2072
f 1304/1618/2075 1303/1617/2073 1244/1639/2076
f 1244/1639/2076 1303/1617/2073 1243/1638/2074
f 1305/1619/2077 1304/1618/2075 1245/1640/2078
f 1245/1640/2078 1304/1618/2075 1244/1639/2076
f 1306/1620/2079 1305/1619/2077 1246/1641/2080
f 1246/1641/2080 1305/1619/2077 1245/1640/2078
f 1307/1621/2081 1306/1620/2079 1247/1642/2082
f 1247/1642/2082 1306/1620/2079 1246/1641/2080
f 1308/1622/2083 1307/1621/2081 1248/1643/2084
f 1248/1643/2084 1307/1621/2081 1247/1642/2082
f 1309/1623/2085 1308/1622/2083 1249/1644/2086
f 1249/1644/2086 1308/1622/2083 1248/1643/2084
f 1310/1624/2087 1309/1623/2085 1250/1645/2088
f 1250/1645/2088 1309/1623/2085 1249/1644/2086
f 1311/1625/2089 1310/1624/2087 1251/1646/2090
f 1251/1646/2090 1310/1624/2087 1250/1645/2088
f 1312/1626/2091 1311/1625/2089 1252/1647/2092
f 1252/1647/2092 1311/1625/2089 1251/1646/2090
f 1313/1627/2093 1312/1626/2091 1253/1648/2094
f 1253/1648/2094 1312/1626/2091 1252/1647/2092
f 1314/1628/2095 1313/1627/2093 1254/1649/2096
f 1254/1649/2096 1313/1627/2093 1253/1648/2094
f 1315/1629/2097 1314/1628/2095 1255/1650/2098
f 1255/1650/2098 1314/1628/2095 1254/1649/2096
f 1316/1630/2099 1315/1629/2097 1256/1651/2100
f 1256/1651/2100 1315/1629/2097 1255/1650/2098
f 1297/1631/2062 1316/1630/2099 1237/1652/2064
f 1237/1652/2064 1316/1630/2099 1256/1651/2100
s 3
f 1318/1655/2101 1317/1653/2102 1298/1612/2103
f 1298/1612/2103 1317/1653/2102 1297/1611/2104
f 1319/1656/2105 1318/1655/2101 1299/1613/2106
f 1299/1613/2106 1318/1655/2101 1298/1612/2103
f 1320/1657/2107 1319/1656/2105 1300/1614/2108
f 1300/1614/2108 1319/1656/2105 1299/1613/2106
f 1321/1658/2109 1320/1657/2107 1301/1615/2110
f 1301/1615/2110 1320/1657/2107 1300/1614/2108
f 1322/1659/2111 1321/1658/2109 1302/1616/2112
f 1302/1616/2112 1321/1658/2109 1301/1615/2110
f 1323/1660/2113 1322/1659/2111 1303/1617/2114
f 1303/1617/2114 1322/1659/2111 1302/1616/2112
f 1324/1661/2115 1323/1660/2113 1304/1618/2116
f 1304/1618/2116 1323/1660/2113 1303/1617/2114
f 1325/1662/2117 1324/1661/2115 1305/1619/2118
f 1305/1619/2118 1324/1661/2115 1304/1618/2116
f 1326/1663/2119 1325/1662/2117 1306/1620/2120
f 1306/1620/2120 1325/1662/2117 1305/1619/2118
f 1327/1664/2121 1326/1663/2119 1307/1621/2122
f 1307/1621/2122 1326/1663/2119 1306/1620/2120
f 1328/1665/2123 1327/1664/2121 1308/1622/2124
f 1308/1622/2124 1327/1664/2121 1307/1621/2122
f 1329/1666/2125 1328/1665/2123 1309/1623/2126
f 1309/1623/2126 1328/1665/2123 1308/1622/2124
f 1330/1667/2127 1329/1666/2125 1310/1624/2128
f 1310/1624/2128 1329/1666/2125 1309/1623/2126
f 1331/1668/2129 1330/1667/2127 1311/1625/2130
f 1311/1625/2130 1330/1667/2127 1310/1624/2128
f 1332/1669/2131 1331/1668/2129 1312/1626/2132
f 1312/1626/2132 1331/1668/2129 1311/1625/2130
f 1333/1670/2133 1332/1669/2131 1313/1627/2134
f 1313/1627/2134 1332/1669/2131 1312/1626/2132
f 1334/1671/2135 1333/1670/2133 1314/1628/2136
f 1314/1628/2136 1333/1670/2133 1313/1627/2134
f 1335/1672/2137 1334/1671/2135 1315/1629/2138
f 1315/1629/2138 1334/1671/2135 1314/1628/2136
f 1336/1673/2139 1335/1672/2137 1316/1630/2140
f 1316/1630/2140 1335/1672/2137 1315/1629/2138
f 1317/1654/2102 1336/1673/2139 1297/1631/2104
f 1297/1631/2104 1336/1673/2139 1316/1630/2140
f 1338/1676/2023 1337/1674/2024 1318/1655/2101
f 1318/1655/2101 1337/1674/2024 1317/1653/2102
f 1339/1677/2026 1338/1676/2023 1319/1656/2105
f 1319/1656/2105 1338/1676/2023 1318/1655/2101
f 1340/1678/2028 1339/1677/2026 1320/1657/2107
f 1320/1657/2107 1339/1677/2026 1319/1656/2105
f 1341/1679/2030 1340/1678/2028 1321/1658/2109
f 1321/1658/2109 1340/1678/2028 1320/1657/2107
f 1342/1680/2032 1341/1679/2030 1322/1659/2111
f 1322/1659/2111 1341/1679/2030 1321/1658/2109
f 1343/1681/2034 1342/1680/2032 1323/1660/2113
f 1323/1660/2113 1342/1680/2032 1322/1659/2111
f 1344/1682/2036 1343/1681/2034 1324/1661/2115
f 1324/1661/2115 1343/1681/2034 1323/1660/2113
f 1345/1683/2038 1344/1682/2036 1325/1662/2117
f 1325/1662/2117 1344/1682/2036 1324/1661/2115
f 1346/1684/2040 1345/1683/2038 1326/1663/2119
f 1326/1663/2119 1345/1683/2038 1325/1662/2117
f 1347/1685/2042 1346/1684/2040 1327/1664/2121
f 1327/1664/2121 1346/1684/2040 1326/1663/2119
f 1348/1686/2044 1347/1685/2042 1328/1665/2123
f 1328/1665/2123 1347/1685/2042 1327/1664/2121
f 1349/1687/2046 1348/1686/2044 1329/1666/2125
f 1329/1666/2125 1348/1686/2044 1328/1665/2123
f 1350/1688/2048 1349/1687/2046 1330/1667/2127
f 1330/1667/2127 1349/1687/2046 1329/1666/2125
f 1351/1689/2050 1350/1688/2048 1331/1668/2129
f 1331/1668/2129 1350/1688/2048 1330/1667/2127
f 1352/1690/2052 1351/1689/2050 1332/1669/2131
f 1332/1669/2131 1351/1689/2050 1331/1668/2129
f 1353/1691/2054 1352/1690/2052 1333/1670/2133
f 1333/1670/2133 1352/1690/2052 1332/1669/2131
f 1354/1692/2056 1353/1691/2054 1334/1671/2135
f 1334/1671/2135 1353/1691/2054 1333/1670/2133
f 1355/1693/2058 1354/1692/2056 1335/1672/2137
f 1335/1672/2137 1354/1692/2056 1334/1671/2135
f 1356/1694/2060 1355/1693/2058 1336/1673/2139
f 1336/1673/2139 1355/1693/2058 1335/1672/2137
f 1337/1675/2024 1356/1694/2060 1317/1654/2102
f 1317/1654/2102 1356/1694/2060 1336/1673/2139
s 1
f 1358/1697/1943 1357/1695/1944 1378/1718/2141
f 1378/1718/2141 1357/1695/1944 1377/1716/2142
f 1359/1698/1946 1358/1697/1943 1379/1719/2143
f 1379/1719/2143 1358/1697/1943 1378/1718/2141
f 1360/1699/1948 1359/1698/1946 1380/1720/2144
f 1380/1720/2144 1359/1698/1946 1379/1719/2143
f 1361/1700/1950 1360/1699/1948 1381/1721/2145
f 1381/1721/2145 1360/1699/1948 1380/1720/2144
f 1362/1701/1952 1361/1700/1950 1382/1722/2146
f 1382/1722/2146 1361/1700/1950 1381/1721/2145
f 1363/1702/1954 1362/1701/1952 1383/1723/2147
f 1383/1723/2147 1362/1701/1952 1382/1722/2146
f 1364/1703/1956 1363/1702/1954 1384/1724/2148
f 1384/1724/2148 1363/1702/1954 1383/1723/2147
f 1365/1704/1958 1364/1703/1956 1385/1725/2149
f 1385/1725/2149 1364/1703/1956 1384/1724/2148
f 1366/1705/1960 1365/1704/1958 1386/1726/2150
f 1386/1726/2150 1365/1704/1958 1385/1725/2149
f 1367/1706/1962 1366/1705/1960 1387/1727/2151
f 1387/1727/2151 1366/1705/1960 1386/1726/2150
f 1368/1707/1964 1367/1706/1962 1388/1728/2152
f 1388/1728/2152 1367/1706/1962 1387/1727/2151
f 1369/1708/1966 1368/1707/1964 1389/1729/2153
f 1389/1729/2153 1368/1707/1964 1388/1728/2152
f 1370/1709/1968 1369/1708/1966 1390/1730/2154
f 1390/1730/2154 1369/1708/1966 1389/1729/2153
f 1371/1710/1970 1370/1709/1968 1391/1731/2155
f 1391/1731/2155 1370/1709/1968 1390/1730/2154
f 1372/1711/1972 1371/1710/1970 1392/1732/2156
f 1392/1732/2156 1371/1710/1970 1391/1731/2155
f 1373/1712/1974 1372/1711/1972 1393/1733/2157
f 1393/1733/2157 1372/1711/1972 1392/1732/2156
f 1374/1713/1976 1373/1712/1974 1394/1734/2158
f 1394/1734/2158 1373/1712/1974 1393/1733/2157
f 1375/1714/1978 1374/1713/1976 1395/1735/2159
f 1395/1735/2159 1374/1713/1976 1394/1734/2158
f 1376/1715/1980 1375/1714/1978 1396/1736/2160
f 1396/1736/2160 1375/1714/1978 1395/1735/2159
f 1357/1696/1944 1376/1715/1980 1377/1717/2142
f 1377/1717/2142 1376/1715/1980 1396/1736/2160
f 1378/1718/2141 1377/1716/2142 1258/1570/2161
f 1258/1570/2161 1377/1716/2142 1257/1569/2162
f 1379/1719/2143 1378/1718/2141 1259/1571/2163
f 1259/1571/2163 1378/1718/2141 1258/1570/2161
f 1380/1720/2144 1379/1719/2143 1260/1572/2164
f 1260/1572/2164 1379/1719/2143 1259/1571/2163
f 1381/1721/2145 1380/1720/2144 1261/1573/2165
f 1261/1573/2165 1380/1720/2144 1260/1572/2164
f 1382/1722/2146 1381/1721/2145 1262/1574/2166
f 1262/1574/2166 1381/1721/2145 1261/1573/2165
f 1383/1723/2147 1382/1722/2146 1263/1575/2167
f 1263/1575/2167 1382/1722/2146 1262/1574/2166
f 1384/1724/2148 1383/1723/2147 1264/1576/2168
f 1264/1576/2168 1383/1723/2147 1263/1575/2167
f 1385/1725/2149 1384/1724/2148 1265/1577/2169
f 1265/1577/2169 1384/1724/2148 1264/1576/2168
f 1386/1726/2150 1385/1725/2149 1266/1578/2170
f 1266/1578/2170 1385/1725/2149 1265/1577/2169
f 1387/1727/2151 1386/1726/2150 1267/1579/2171
f 1267/1579/2171 1386/1726/2150 1266/1578/2170
f 1388/1728/2152 1387/1727/2151 1268/1580/2172
f 1268/1580/2172 1387/1727/2151 1267/1579/2171
f 1389/1729/2153 1388/1728/2152 1269/1581/2173
f 1269/1581/2173 1388/1728/2152 1268/1580/2172
f 1390/1730/2154 1389/1729/2153 1270/1582/2174
f 1270/1582/2174 1389/1729/2153 1269/1581/2173
f 1391/1731/2155 1390/1730/2154 1271/1583/2175
f 1271/1583/2175 1390/1730/2154 1270/1582/2174
f 1392/1732/2156 1391/1731/2155 1272/1584/2176
f 1272/1584/2176 1391/1731/2155 1271/1583/2175
f 1393/1733/2157 1392/1732/2156 1273/1585/2177
f 1273/1585/2177 1392/1732/2156 1272/1584/2176
f 1394/1734/2158 1393/1733/2157 1274/1586/2178
f 1274/1586/2178 1393/1733/2157 1273/1585/2177
f 1395/1735/2159 1394/1734/2158 1275/1587/2179
f 1275/1587/2179 1394/1734/2158 1274/1586/2178
f 1396/1736/2160 1395/1735/2159 1276/1588/2180
f 1276/1588/2180 1395/1735/2159 1275/1587/2179
f 1377/1717/2142 1396/1736/2160 1257/1589/2162
f 1257/1589/2162 1396/1736/2160 1276/1588/2180
g default
v 0.208000 1.114025 0.583490
v 0.197820 1.068575 0.538040
v 0.168276 1.027574 0.497039
v 0.122259 0.995036 0.464501
v 0.064276 0.974145 0.443610
v 0.000000 0.966946 0.436411
v -0.064276 0.974145 0.443610
v -0.122259 0.995036 0.464501
v -0.168276 1.027574 0.497039
v -0.197820 1.068575 0.538040
v -0.208000 1.114025 0.583490
v -0.197820 1.159474 0.628939
v -0.168276 1.200475 0.669940
v -0.122259 1.233013 0.702479
v -0.064276 1.253904 0.723369
v 0.000000 1.261103 0.730568
v 0.064276 1.253904 0.723369
v 0.122259 1.233013 0.702479
v 0.168276 1.200475 0.669940
v 0.197820 1.159474 0.628939
v 0.208000 1.180655 0.516860
v 0.197820 1.135205 0.471410
v 0.168276 1.094204 0.430409
v 0.122259 1.061666 0.397871
v 0.064276 1.040775 0.376980
v 0.000000 1.033576 0.369781
v -0.064276 1.040775 0.376980
v -0.122259 1.061666 0.397871
v -0.168276 1.094204 0.430409
v -0.197820 1.135205 0.471410
v -0.208000 1.180655 0.516860
v -0.197820 1.226104 0.562309
v -0.168276 1.267105 0.603310
v -0.122259 1.299643 0.635848
v -0.064276 1.320534 0.656739
v 0.000000 1.327733 0.663938
v 0.064276 1.320534 0.656739
v 0.122259 1.299643 0.635848
v 0.168276 1.267105 0.603310
v 0.197820 1.226104 0.562309
v 0.260000 1.180655 0.516860
v 0.247275 1.123843 0.460048
v 0.210344 1.072592 0.408797
v 0.152824 1.031919 0.368124
v 0.080344 1.005805 0.342010
v -0.000000 0.996807 0.333012
v -0.080344 1.005805 0.342010
v -0.152824 1.031919 0.368124
v -0.210344 1.072592 0.408797
v -0.247275 1.123843 0.460048
v -0.260000 1.180655 0.516860
v -0.247275 1.237467 0.573672
v -0.210344 1.288718 0.624923
v -0.152824 1.329391 0.665596
v -0.080344 1.355504 0.691709
v 0.000000 1.364502 0.700707
v 0.080344 1.355504 0.691709
v 0.152824 1.329391 0.665596
v 0.210345 1.288718 0.624923
v 0.247275 1.237467 0.573672
v 0.260000 1.114025 0.583490
v 0.247275 1.057213 0.526678
v 0.210344 1.005962 0.475427
v 0.152824 0.965289 0.434754
v 0.080344 0.939175 0.408640
v -0.000000 0.930177 0.399642
v -0.080344 0.939175 0.408640
v -0.152824 0.965289 0.434754
v -0.210344 1.005962 0.475427
v -0.247275 1.057212 0.526678
v -0.260000 1.114025 0.583490
v -0.247275 1.170837 0.640302
v -0.210344 1.222088 0.691553
v -0.152824 1.262761 0.732226
v -0.080344 1.288874 0.758339
v 0.000000 1.297872 0.767338
v 0.080344 1.288874 0.758339
v 0.152824 1.262761 0.732226
v 0.210345 1.222088 0.691553
v 0.247275 1.170837 0.640302
vt 0.000000 1.000000
vt 0.050000 1.000000
vt 0.100000 1.000000
vt 0.150000 1.000000
vt 0.200000 1.000000
vt 0.250000 1.000000
vt 0.300000 1.000000
vt 0.350000 1.000000
vt 0.400000 1.000000
vt 0.450000 1.000000
vt 0.500000 1.000000
vt 0.550000 1.000000
vt 0.600000 1.000000
vt 0.650000 1.000000
vt 0.700000 1.000000
vt 0.750000 1.000000
vt 0.800000 1.000000
vt 0.850000 1.000000
vt 0.900000 1.000000
vt 0.950000 1.000000
vt 1.000000 1.000000
vt 0.000000 0.750000
vt 0.050000 0.750000
vt 0.100000 0.750000
vt 0.150000 0.750000
vt 0.200000 0.750000
vt 0.250000 0.750000
vt 0.300000 0.750000
vt 0.350000 0.750000
vt 0.400000 0.750000
vt 0.450000 0.750000
vt 0.500000 0.750000
vt 0.550000 0.750000
vt 0.600000 0.750000
vt 0.650000 0.750000
vt 0.700000 0.750000
vt 0.750000 0.750000
vt 0.800000 0.750000
vt 0.850000 0.750000
vt 0.900000 0.750000
vt 0.950000 0.750000
vt 1.000000 0.750000
vt 0.000000 0.500000
vt 0.050000 0.500000
vt 0.100000 0.500000
vt 0.150000 0.500000
vt 0.200000 0.500000
vt 0.250000 0.500000
vt 0.300000 0.500000
vt 0.350000 0.500000
vt 0.400000 0.500000
vt 0.450000 0.500000
vt 0.500000 0.500000
vt 0.550000 0.500000
vt 0.600000 0.500000
vt 0.650000 0.500000
vt 0.700000 0.500000
vt 0.750000 0.500000
vt 0.800000 0.500000
vt 0.850000 0.500000
vt 0.900000 0.500000
vt 0.950000 0.500000
vt 1.000000 0.500000
vt 0.000000 0.250000
vt 0.050000 0.250000
vt 0.100000 0.250000
vt 0.150000 0.250000
vt 0.200000 0.250000
vt 0.250000 0.250000
vt 0.300000 0.250000
vt 0.350000 0.250000
vt 0.400000 0.250000
vt 0.450000 0.250000
vt 0.500000 0.250000
vt 0.550000 0.250000
vt 0.600000 0.250000
vt 0.650000 0.250000
vt 0.700000 0.250000
vt 0.750000 0.250000
vt 0.800000 0.250000
vt 0.850000 0.250000
vt 0.900000 0.250000
vt 0.950000 0.250000
vt 1.000000 0.250000
vt 0.000000 0.000000
vt 0.050000 0.000000
vt 0.100000 0.000000
vt 0.150000 0.000000
vt 0.200000 0.000000
vt 0.250000 0.000000
vt 0.300000 0.000000
vt 0.350000 0.000000
vt 0.400000 0.000000
vt 0.450000 0.000000
vt 0.500000 0.000000
vt 0.550000 0.000000
vt 0.600000 0.000000
vt 0.650000 0.000000
vt 0.700000 0.000000
vt 0.750000 0.000000
vt 0.800000 0.000000
vt 0.850000 0.000000
vt 0.900000 0.000000
vt 0.950000 0.000000
vt 1.000000 0.000000
vn -0.951057 0.218508 0.218508
vn -1.000000 0.000001 0.000001
vn -0.951057 0.218508 0.218508
vn -1.000000 0.000001 0.000001
vn -0.809017 0.415627 0.415627
vn -0.809017 0.415627 0.415627
vn -0.587785 0.572061 0.572061
vn -0.587785 0.572061 0.572061
vn -0.309017 0.672499 0.672499
vn -0.309017 0.672499 0.672499
vn 0.000000 0.707107 0.707107
vn -0.000000 0.707107 0.707107
vn 0.309017 0.672499 0.672499
vn 0.309017 0.672499 0.672499
vn 0.587785 0.572061 0.572061
vn 0.587785 0.572061 0.572061
vn 0.809017 0.415627 0.415627
vn 0.809017 0.415627 0.415627
vn 0.951057 0.218508 0.218508
vn 0.951057 0.218508 0.218508
vn 1.000000 0.000000 0.000000
vn 1.000000 0.000000 0.000000
vn 0.951057 -0.218508 -0.218508
vn 0.951057 -0.218508 -0.218508
vn 0.809017 -0.415627 -0.415627
vn 0.809017 -0.415627 -0.415627
vn 0.587785 -0.572061 -0.572061
vn 0.587785 -0.572061 -0.572061
vn 0.309017 -0.672499 -0.672499
vn 0.309017 -0.672498 -0.672498
vn 0.000000 -0.707107 -0.707107
vn 0.000000 -0.707107 -0.707107
vn -0.309017 -0.672499 -0.672499
vn -0.309017 -0.672498 -0.672498
vn -0.587785 -0.572061 -0.572061
vn -0.587785 -0.572061 -0.572061
vn -0.809017 -0.415627 -0.415627
vn -0.809017 -0.415627 -0.415627
vn -0.951057 -0.218507 -0.218507
vn -0.951057 -0.218508 -0.218508
vn 0.000000 0.707107 -0.707107
vn 0.000000 0.707107 -0.707107
vn 0.000000 0.707107 -0.707107
vn 0.000000 0.707107 -0.707107
vn 0.000000 0.707107 -0.707107
vn 0.000000 0.707107 -0.707107
vn 0.000000 0.707107 -0.707107
vn 0.000000 0.707107 -0.707107
vn 0.000000 0.707107 -0.707107
vn 0.000000 0.707107 -0.707107
vn 0.000000 0.707107 -0.707107
vn 0.000000 0.707107 -0.707107
vn 0.000000 0.707107 -0.707107
vn 0.000000 0.707107 -0.707107
vn 0.000000 0.707107 -0.707107
vn 0.000000 0.707107 -0.707107
vn 0.000000 0.707107 -0.707107
vn 0.000000 0.707107 -0.707107
vn 0.000000 0.707107 -0.707107
vn 0.000000 0.707107 -0.707107
vn 0.000000 0.707107 -0.707107
vn 0.000000 0.707107 -0.707107
vn 0.000000 0.707107 -0.707107
vn 0.000000 0.707107 -0.707107
vn 0.000000 0.707107 -0.707107
vn 0.000000 0.707107 -0.707107
vn 0.000000 0.707107 -0.707107
vn 0.000000 0.707107 -0.707107
vn 0.000000 0.707107 -0.707107
vn 0.000000 0.707107 -0.707107
vn 0.000000 0.707107 -0.707107
vn 0.000000 0.707107 -0.707107
vn 0.000000 0.707107 -0.707107
vn 0.000000 0.707107 -0.707107
vn 0.000000 0.707107 -0.707107
vn 0.000000 0.707107 -0.707107
vn 0.000000 0.707107 -0.707107
vn 0.000000 0.707107 -0.707107
vn 0.000000 0.707107 -0.707107
vn 0.000000 0.707107 -0.707107
vn 0.951057 -0.218508 -0.218508
vn 1.000000 -0.000001 -0.000001
vn 0.951057 -0.218508 -0.218508
vn 1.000000 -0.000001 -0.000001
vn 0.809017 -0.415627 -0.415627
vn 0.809017 -0.415627 -0.415627
vn 0.587785 -0.572061 -0.572061
vn 0.587785 -0.572061 -0.572061
vn 0.309017 -0.672499 -0.672499
vn 0.309017 -0.672499 -0.672499
vn 0.000000 -0.707107 -0.707107
vn 0.000000 -0.707107 -0.707107
vn -0.309017 -0.672499 -0.672499
vn -0.309017 -0.672499 -0.672499
vn -0.587785 -0.572061 -0.572061
vn -0.587785 -0.572061 -0.572061
vn -0.809017 -0.415627 -0.415627
vn -0.809017 -0.415627 -0.415627
vn -0.951057 -0.218508 -0.218508
vn -0.951057 -0.218508 -0.218508
vn -1.000000 0.000000 0.000000
vn -1.000000 0.000000 0.000000
vn -0.951057 0.218508 0.218508
vn -0.951057 0.218508 0.218508
vn -0.809017 0.415627 0.415627
vn -0.809017 0.415627 0.415627
vn -0.587786 0.572061 0.572061
vn -0.587785 0.572061 0.572061
vn -0.309017 0.672498 0.672498
vn -0.309017 0.672499 0.672499
vn -0.000000 0.707107 0.707107
vn -0.000000 0.707107 0.707107
vn 0.309017 0.672499 0.672499
vn 0.309017 0.672499 0.672499
vn 0.587785 0.572061 0.572061
vn 0.587785 0.572061 0.572061
vn 0.809017 0.415627 0.415627
vn 0.809017 0.415627 0.415627
vn 0.951057 0.218507 0.218507
vn 0.951057 0.218507 0.218507
vn 0.000000 -0.707107 0.707107
vn 0.000000 -0.707107 0.707107
vn 0.000000 -0.707107 0.707107
vn 0.000000 -0.707107 0.707107
vn 0.000000 -0.707107 0.707107
vn 0.000000 -0.707107 0.707107
vn 0.000000 -0.707107 0.707107
vn 0.000000 -0.707107 0.707107
vn 0.000000 -0.707107 0.707107
vn 0.000000 -0.707107 0.707107
vn 0.000000 -0.707107 0.707107
vn 0.000000 -0.707107 0.707107
vn 0.000000 -0.707107 0.707107
vn 0.000000 -0.707107 0.707107
vn 0.000000 -0.707107 0.707107
vn 0.000000 -0.707107 0.707107
vn 0.000000 -0.707107 0.707107
vn 0.000000 -0.707107 0.707107
vn 0.000000 -0.707107 0.707107
vn 0.000000 -0.707107 0.707107
vn 0.000000 -0.707107 0.707107
vn 0.000000 -0.707107 0.707107
vn 0.000000 -0.707107 0.707107
vn 0.000000 -0.707107 0.707107
vn 0.000000 -0.707107 0.707107
vn 0.000000 -0.707107 0.707107
vn 0.000000 -0.707107 0.707107
vn 0.000000 -0.707107 0.707107
vn 0.000000 -0.707107 0.707107
vn 0.000000 -0.707107 0.707107
vn 0.000000 -0.707107 0.707107
vn 0.000000 -0.707107 0.707107
vn 0.000000 -0.707107 0.707107
vn 0.000000 -0.707107 0.707107
vn 0.000000 -0.707107 0.707107
vn 0.000000 -0.707107 0.707107
vn 0.000000 -0.707107 0.707107
vn 0.000000 -0.707107 0.707107
vn 0.000000 -0.707107 0.707107
vn 0.000000 -0.707107 0.707107
s 1
g pPipe9
usemtl initialShadingGroup
f 1398/1738/2181 1397/1737/2182 1418/1759/2183
f 1418/1759/2183 1397/1737/2182 1417/1758/2184
f 1399/1739/2185 1398/1738/2181 1419/1760/2186
f 1419/1760/2186 1398/1738/2181 1418/1759/2183
f 1400/1740/2187 1399/1739/2185 1420/1761/2188
f 1420/1761/2188 1399/1739/2185 1419/1760/2186
f 1401/1741/2189 1400/1740/2187 1421/1762/2190
f 1421/1762/2190 1400/1740/2187 1420/1761/2188
f 1402/1742/2191 1401/1741/2189 1422/1763/2192
f 1422/1763/2192 1401/1741/2189 1421/1762/2190
f 1403/1743/2193 1402/1742/2191 1423/1764/2194
f 1423/1764/2194 1402/1742/2191 1422/1763/2192
f 1404/1744/2195 1403/1743/2193 1424/1765/2196
f 1424/1765/2196 1403/1743/2193 1423/1764/2194
f 1405/1745/2197 1404/1744/2195 1425/1766/2198
f 1425/1766/2198 1404/1744/2195 1424/1765/2196
f 1406/1746/2199 1405/1745/2197 1426/1767/2200
f 1426/1767/2200 1405/1745/2197 1425/1766/2198
f 1407/1747/2201 1406/1746/2199 1427/1768/2202
f 1427/1768/2202 1406/1746/2199 1426/1767/2200
f 1408/1748/2203 1407/1747/2201 1428/1769/2204
f 1428/1769/2204 1407/1747/2201 1427/1768/2202
f 1409/1749/2205 1408/1748/2203 1429/1770/2206
f 1429/1770/2206 1408/1748/2203 1428/1769/2204
f 1410/1750/2207 1409/1749/2205 1430/1771/2208
f 1430/1771/2208 1409/1749/2205 1429/1770/2206
f 1411/1751/2209 1410/1750/2207 1431/1772/2210
f 1431/1772/2210 1410/1750/2207 1430/1771/2208
f 1412/1752/2211 1411/1751/2209 1432/1773/2212
f 1432/1773/2212 1411/1751/2209 1431/1772/2210
f 1413/1753/2213 1412/1752/2211 1433/1774/2214
f 1433/1774/2214 1412/1752/2211 1432/1773/2212
f 1414/1754/2215 1413/1753/2213 1434/1775/2216
f 1434/1775/2216 1413/1753/2213 1433/1774/2214
f 1415/1755/2217 1414/1754/2215 1435/1776/2218
f 1435/1776/2218 1414/1754/2215 1434/1775/2216
f 1416/1756/2219 1415/1755/2217 1436/1777/2220
f 1436/1777/2220 1415/1755/2217 1435/1776/2218
f 1397/1757/2182 1416/1756/2219 1417/1778/2184
f 1417/1778/2184 1416/1756/2219 1436/1777/2220
s 2
f 1418/1759/2221 1417/1758/2222 1438/1780/2223
f 1438/1780/2223 1417/1758/2222 1437/1779/2224
f 1419/1760/2225 1418/1759/2221 1439/1781/2226
f 1439/1781/2226 1418/1759/2221 1438/1780/2223
f 1420/1761/2227 1419/1760/2225 1440/1782/2228
f 1440/1782/2228 1419/1760/2225 1439/1781/2226
f 1421/1762/2229 1420/1761/2227 1441/1783/2230
f 1441/1783/2230 1420/1761/2227 1440/1782/2228
f 1422/1763/2231 1421/1762/2229 1442/1784/2232
f 1442/1784/2232 1421/1762/2229 1441/1783/2230
f 1423/1764/2233 1422/1763/2231 1443/1785/2234
f 1443/1785/2234 1422/1763/2231 1442/1784/2232
f 1424/1765/2235 1423/1764/2233 1444/1786/2236
f 1444/1786/2236 1423/1764/2233 1443/1785/2234
f 1425/1766/2237 1424/1765/2235 1445/1787/2238
f 1445/1787/2238 1424/1765/2235 1444/1786/2236
f 1426/1767/2239 1425/1766/2237 1446/1788/2240
f 1446/1788/2240 1425/1766/2237 1445/1787/2238
f 1427/1768/2241 1426/1767/2239 1447/1789/2242
f 1447/1789/2242 1426/1767/2239 1446/1788/2240
f 1428/1769/2243 1427/1768/2241 1448/1790/2244
f 1448/1790/2244 1427/1768/2241 1447/1789/2242
f 1429/1770/2245 1428/1769/2243 1449/1791/2246
f 1449/1791/2246 1428/1769/2243 1448/1790/2244
f 1430/1771/2247 1429/1770/2245 1450/1792/2248
f 1450/1792/2248 1429/1770/2245 1449/1791/2246
f 1431/1772/2249 1430/1771/2247 1451/1793/2250
f 1451/1793/2250 1430/1771/2247 1450/1792/2248
f 1432/1773/2251 1431/1772/2249 1452/1794/2252
f 1452/1794/2252 1431/1772/2249 1451/1793/2250
f 1433/1774/2253 1432/1773/2251 1453/1795/2254
f 1453/1795/2254 1432/1773/2251 1452/1794/2252
f 1434/1775/2255 1433/1774/2253 1454/1796/2256
f 1454/1796/2256 1433/1774/2253 1453/1795/2254
f 1435/1776/2257 1434/1775/2255 1455/1797/2258
f 1455/1797/2258 1434/1775/2255 1454/1796/2256
f 1436/1777/2259 1435/1776/2257 1456/1798/2260
f 1456/1798/2260 1435/1776/2257 1455/1797/2258
f 1417/1778/2222 1436/1777/2259 1437/1799/2224
f 1437/1799/2224 1436/1777/2259 1456/1798/2260
s 3
f 1438/1780/2261 1437/1779/2262 1458/1801/2263
f 1458/1801/2263 1437/1779/2262 1457/1800/2264
f 1439/1781/2265 1438/1780/2261 1459/1802/2266
f 1459/1802/2266 1438/1780/2261 1458/1801/2263
f 1440/1782/2267 1439/1781/2265 1460/1803/2268
f 1460/1803/2268 1439/1781/2265 1459/1802/2266
f 1441/1783/2269 1440/1782/2267 1461/1804/2270
f 1461/1804/2270 1440/1782/2267 1460/1803/2268
f 1442/1784/2271 1441/1783/2269 1462/1805/2272
f 1462/1805/2272 1441/1783/2269 1461/1804/2270
f 1443/1785/2273 1442/1784/2271 1463/1806/2274
f 1463/1806/2274 1442/1784/2271 1462/1805/2272
f 1444/1786/2275 1443/1785/2273 1464/1807/2276
f 1464/1807/2276 1443/1785/2273 1463/1806/2274
f 1445/1787/2277 1444/1786/2275 1465/1808/2278
f 1465/1808/2278 1444/1786/2275 1464/1807/2276
f 1446/1788/2279 1445/1787/2277 1466/1809/2280
f 1466/1809/2280 1445/1787/2277 1465/1808/2278
f 1447/1789/2281 1446/1788/2279 1467/1810/2282
f 1467/1810/2282 1446/1788/2279 1466/1809/2280
f 1448/1790/2283 1447/1789/2281 1468/1811/2284
f 1468/1811/2284 1447/1789/2281 1467/1810/2282
f 1449/1791/2285 1448/1790/2283 1469/1812/2286
f 1469/1812/2286 1448/1790/2283 1468/1811/2284
f 1450/1792/2287 1449/1791/2285 1470/1813/2288
f 1470/1813/2288 1449/1791/2285 1469/1812/2286
f 1451/1793/2289 1450/1792/2287 1471/1814/2290
f 1471/1814/2290 1450/1792/2287 1470/1813/2288
f 1452/1794/2291 1451/1793/2289 1472/1815/2292
f 1472/1815/2292 1451/1793/2289 1471/1814/2290
f 1453/1795/2293 1452/1794/2291 1473/1816/2294
f 1473/1816/2294 1452/1794/2291 1472/1815/2292
f 1454/1796/2295 1453/1795/2293 1474/1817/2296
f 1474/1817/2296 1453/1795/2293 1473/1816/2294
f 1455/1797/2297 1454/1796/2295 1475/1818/2298
f 1475/1818/2298 1454/1796/2295 1474/1817/2296
f 1456/1798/2299 1455/1797/2297 1476/1819/2300
f 1476/1819/2300 1455/1797/2297 1475/1818/2298
f 1437/1799/2262 1456/1798/2299 1457/1820/2264
f 1457/1820/2264 1456/1798/2299 1476/1819/2300
s 4
f 1458/1801/2301 1457/1800/2302 1398/1822/2303
f 1398/1822/2303 1457/1800/2302 1397/1821/2304
f 1459/1802/2305 1458/1801/2301 1399/1823/2306
f 1399/1823/2306 1458/1801/2301 1398/1822/2303
f 1460/1803/2307 1459/1802/2305 1400/1824/2308
f 1400/1824/2308 1459/1802/2305 1399/1823/2306
f 1461/1804/2309 1460/1803/2307 1401/1825/2310
f 1401/1825/2310 1460/1803/2307 1400/1824/2308
f 1462/1805/2311 1461/1804/2309 1402/1826/2312
f 1402/1826/2312 1461/1804/2309 1401/1825/2310
f 1463/1806/2313 1462/1805/2311 1403/1827/2314
f 1403/1827/2314 1462/1805/2311 1402/1826/2312
f 1464/1807/2315 1463/1806/2313 1404/1828/2316
f 1404/1828/2316 1463/1806/2313 1403/1827/2314
f 1465/1808/2317 1464/1807/2315 1405/1829/2318
f 1405/1829/2318 1464/1807/2315 1404/1828/2316
f 1466/1809/2319 1465/1808/2317 1406/1830/2320
f 1406/1830/2320 1465/1808/2317 1405/1829/2318
f 1467/1810/2321 1466/1809/2319 1407/1831/2322
f 1407/1831/2322 1466/1809/2319 1406/1830/2320
f 1468/1811/2323 1467/1810/2321 1408/1832/2324
f 1408/1832/2324 1467/1810/2321 1407/1831/2322
f 1469/1812/2325 1468/1811/2323 1409/1833/2326
f 1409/1833/2326 1468/1811/2323 1408/1832/2324
f 1470/1813/2327 1469/1812/2325 1410/1834/2328
f 1410/1834/2328 1469/1812/2325 1409/1833/2326
f 1471/1814/2329 1470/1813/2327 1411/1835/2330
f 1411/1835/2330 1470/1813/2327 1410/1834/2328
f 1472/1815/2331 1471/1814/2329 1412/1836/2332
f 1412/1836/2332 1471/1814/2329 1411/1835/2330
f 1473/1816/2333 1472/1815/2331 1413/1837/2334
f 1413/1837/2334 1472/1815/2331 1412/1836/2332
f 1474/1817/2335 1473/1816/2333 1414/1838/2336
f 1414/1838/2336 1473/1816/2333 1413/1837/2334
f 1475/1818/2337 1474/1817/2335 1415/1839/2338
f 1415/1839/2338 1474/1817/2335 1414/1838/2336
f 1476/1819/2339 1475/1818/2337 1416/1840/2340
f 1416/1840/2340 1475/1818/2337 1415/1839/2338
f 1457/1820/2302 1476/1819/2339 1397/1841/2304
f 1397/1841/2304 1476/1819/2339 1416/1840/2340
g default
v -0.318222 0.142623 3.084149
v 0.318222 0.142623 3.084149
v -0.318222 0.460846 3.084149
v 0.318222 0.460846 3.084149
v -0.318222 0.460846 2.956860
v 0.318222 0.460846 2.956860
v -0.318222 0.142623 2.956860
v 0.318222 0.142623 2.956860
vt 0.375000 0.000000
vt 0.625000 0.000000
vt 0.375000 0.250000
vt 0.625000 0.250000
vt 0.375000 0.500000
vt 0.625000 0.500000
vt 0.375000 0.750000
vt 0.625000 0.750000
vt 0.375000 1.000000
vt 0.625000 1.000000
vt 0.875000 0.000000
vt 0.875000 0.250000
vt 0.125000 0.000000
vt 0.125000 0.250000
vn 0.000000 0.000000 1.000000
vn 0.000000 0.000000 1.000000
vn 0.000000 0.000000 1.000000
vn 0.000000 0.000000 1.000000
vn 0.000000 1.000000 0.000000
vn 0.000000 1.000000 0.000000
vn 0.000000 1.000000 0.000000
vn 0.000000 1.000000 0.000000
vn 0.000000 0.000000 -1.000000
vn 0.000000 0.000000 -1.000000
vn 0.000000 0.000000 -1.000000
vn 0.000000 0.000000 -1.000000
vn 0.000000 -1.000000 0.000000
vn 0.000000 -1.000000 0.000000
vn 0.000000 -1.000000 0.000000
vn 0.000000 -1.000000 0.000000
vn 1.000000 0.000000 0.000000
vn 1.000000 0.000000 0.000000
vn 1.000000 0.000000 0.000000
vn 1.000000 0.000000 0.000000
vn -1.000000 0.000000 0.000000
vn -1.000000 0.000000 0.000000
vn -1.000000 0.000000 0.000000
vn -1.000000 0.000000 0.000000
s 1
g pCube8
usemtl lambert12SG
f 1477/1842/2341 1478/1843/2342 1479/1844/2343
f 1479/1844/2343 1478/1843/2342 1480/1845/2344
s 2
f 1479/1844/2345 1480/1845/2346 1481/1846/2347
f 1481/1846/2347 1480/1845/2346 1482/1847/2348
s 3
f 1481/1846/2349 1482/1847/2350 1483/1848/2351
f 1483/1848/2351 1482/1847/2350 1484/1849/2352
s 4
f 1483/1848/2353 1484/1849/2354 1477/1850/2355
f 1477/1850/2355 1484/1849/2354 1478/1851/2356
s 5
f 1478/1843/2357 1484/1852/2358 1480/1845/2359
f 1480/1845/2359 1484/1852/2358 1482/1853/2360
s 6
f 1483/1854/2361 1477/1842/2362 1481/1855/2363
f 1481/1855/2363 1477/1842/2362 1479/1844/2364
g default
v 0.603562 0.301407 3.140333
v 0.842567 0.301407 3.041107
v 0.603562 0.540411 3.140333
v 0.836081 0.518028 3.041107
v 0.603562 0.540411 2.963194
v 0.842567 0.520261 2.963194
v 0.603562 0.301407 2.963194
v 0.842567 0.301407 2.963194
vt 0.375000 0.000000
vt 0.625000 0.000000
vt 0.375000 0.250000
vt 0.625000 0.250000
vt 0.375000 0.500000
vt 0.625000 0.500000
vt 0.375000 0.750000
vt 0.625000 0.750000
vt 0.375000 1.000000
vt 0.625000 1.000000
vt 0.875000 0.000000
vt 0.875000 0.250000
vt 0.125000 0.000000
vt 0.125000 0.250000
vn 0.383407 0.011479 0.923508
vn 0.387883 0.005842 0.921690
vn 0.388577 0.004966 0.921403
vn 0.392499 0.000000 0.919753
vn 0.095823 0.995398 0.000000
vn 0.090457 0.995770 0.016122
vn 0.094590 0.995509 0.003711
vn 0.083956 0.995835 0.035541
vn 0.000000 0.000000 -1.000000
vn 0.000000 0.000000 -1.000000
vn 0.000000 0.000000 -1.000000
vn 0.000000 0.000000 -1.000000
vn 0.000000 -1.000000 0.000000
vn 0.000000 -1.000000 0.000000
vn 0.000000 -1.000000 0.000000
vn 0.000000 -1.000000 0.000000
vn 0.999552 0.029927 0.000000
vn 0.999558 0.023280 0.018480
vn 0.997847 0.006400 0.065269
vn 0.996553 0.000000 0.082956
vn -1.000000 0.000000 0.000000
vn -1.000000 0.000000 0.000000
vn -1.000000 0.000000 0.000000
vn -1.000000 0.000000 0.000000
s 1
g pCube10
usemtl lambert9SG
f 1486/1857/2365 1488/1859/2366 1485/1856/2367
f 1485/1856/2367 1488/1859/2366 1487/1858/2368
s 2
f 1487/1858/2369 1488/1859/2370 1489/1860/2371
f 1489/1860/2371 1488/1859/2370 1490/1861/2372
s 3
f 1489/1860/2373 1490/1861/2374 1491/1862/2375
f 1491/1862/2375 1490/1861/2374 1492/1863/2376
s 4
f 1492/1863/2377 1486/1865/2378 1491/1862/2379
f 1491/1862/2379 1486/1865/2378 1485/1864/2380
s 5
f 1486/1857/2381 1492/1866/2382 1488/1859/2383
f 1488/1859/2383 1492/1866/2382 1490/1867/2384
s 6
f 1491/1868/2385 1485/1856/2386 1489/1869/2387
f 1489/1869/2387 1485/1856/2386 1487/1858/2388
g default
v -0.500000 0.300000 1.000000
v 0.500000 0.300000 1.000000
v -0.500000 0.500000 1.000000
v 0.500000 0.500000 1.000000
v -0.500000 0.500000 0.500000
v 0.500000 0.500000 0.500000
v -0.500000 0.300000 0.500000
v 0.500000 0.300000 0.500000
vt 0.375000 0.000000
vt 0.625000 0.000000
vt 0.375000 0.250000
vt 0.625000 0.250000
vt 0.375000 0.500000
vt 0.625000 0.500000
vt 0.375000 0.750000
vt 0.625000 0.750000
vt 0.375000 1.000000
vt 0.625000 1.000000
vt 0.875000 0.000000
vt 0.875000 0.250000
vt 0.125000 0.000000
vt 0.125000 0.250000
vn 0.000000 0.000000 1.000000
vn 0.000000 0.000000 1.000000
vn 0.000000 0.000000 1.000000
vn 0.000000 0.000000 1.000000
vn 0.000000 1.000000 0.000000
vn 0.000000 1.000000 0.000000
vn 0.000000 1.000000 0.000000
vn 0.000000 1.000000 0.000000
vn 0.000000 0.000000 -1.000000
vn 0.000000 0.000000 -1.000000
vn 0.000000 0.000000 -1.000000
vn 0.000000 0.000000 -1.000000
vn 0.000000 -1.000000 0.000000
vn 0.000000 -1.000000 0.000000
vn 0.000000 -1.000000 0.000000
vn 0.000000 -1.000000 0.000000
vn 1.000000 0.000000 0.000000
vn 1.000000 0.000000 0.000000
vn 1.000000 0.000000 0.000000
vn 1.000000 0.000000 0.000000
vn -1.000000 0.000000 0.000000
vn -1.000000 0.000000 0.000000
vn -1.000000 0.000000 0.000000
vn -1.000000 0.000000 0.000000
s 1
g pCube12
usemtl initialShadingGroup
f 1493/1870/2389 1494/1871/2390 1495/1872/2391
f 1495/1872/2391 1494/1871/2390 1496/1873/2392
s 2
f 1495/1872/2393 1496/1873/2394 1497/1874/2395
f 1497/1874/2395 1496/1873/2394 1498/1875/2396
s 3
f 1497/1874/2397 1498/1875/2398 1499/1876/2399
f 1499/1876/2399 1498/1875/2398 1500/1877/2400
s 4
f 1499/1876/2401 1500/1877/2402 1493/1878/2403
f 1493/1878/2403 1500/1877/2402 1494/1879/2404
s 5
f 1494/1871/2405 1500/1880/2406 1496/1873/2407
f 1496/1873/2407 1500/1880/2406 1498/1881/2408
s 6
f 1499/1882/2409 1493/1870/2410 1497/1883/2411
f 1497/1883/2411 1493/1870/2410 1495/1872/2412
g default
v -1.000000 0.300000 0.500000
v 1.000000 0.300000 0.500000
v -1.000000 0.500000 0.500000
v 1.000000 0.500000 0.500000
v -1.000000 0.500000 -0.500000
v 1.000000 0.500000 -0.500000
v -1.000000 0.300000 -0.500000
v 1.000000 0.300000 -0.500000
vt 0.375000 0.000000
vt 0.625000 0.000000
vt 0.375000 0.250000
vt 0.625000 0.250000
vt 0.375000 0.500000
vt 0.625000 0.500000
vt 0.375000 0.750000
vt 0.625000 0.750000
vt 0.375000 1.000000
vt 0.625000 1.000000
vt 0.875000 0.000000
vt 0.875000 0.250000
vt 0.125000 0.000000
vt 0.125000 0.250000
vn 0.000000 0.000000 1.000000
vn 0.000000 0.000000 1.000000
vn 0.000000 0.000000 1.000000
vn 0.000000 0.000000 1.000000
vn 0.000000 1.000000 0.000000
vn 0.000000 1.000000 0.000000
vn 0.000000 1.000000 0.000000
vn 0.000000 1.000000 0.000000
vn 0.000000 0.000000 -1.000000
vn 0.000000 0.000000 -1.000000
vn 0.000000 0.000000 -1.000000
vn 0.000000 0.000000 -1.000000
vn 0.000000 -1.000000 0.000000
vn 0.000000 -1.000000 0.000000
vn 0.000000 -1.000000 0.000000
vn 0.000000 -1.000000 0.000000
vn 1.000000 0.000000 0.000000
vn 1.000000 0.000000 0.000000
vn 1.000000 0.000000 0.000000
vn 1.000000 0.000000 0.000000
vn -1.000000 0.000000 0.000000
vn -1.000000 0.000000 0.000000
vn -1.000000 0.000000 0.000000
vn -1.000000 0.000000 0.000000
s 1
g pCube13
usemtl lambert13SG
f 1501/1884/2413 1502/1885/2414 1503/1886/2415
f 1503/1886/2415 1502/1885/2414 1504/1887/2416
s 2
f 1503/1886/2417 1504/1887/2418 1505/1888/2419
f 1505/1888/2419 1504/1887/2418 1506/1889/2420
s 3
f 1505/1888/2421 1506/1889/2422 1507/1890/2423
f 1507/1890/2423 1506/1889/2422 1508/1891/2424
s 4
f 1507/1890/2425 1508/1891/2426 1501/1892/2427
f 1501/1892/2427 1508/1891/2426 1502/1893/2428
s 5
f 1502/1885/2429 1508/1894/2430 1504/1887/2431
f 1504/1887/2431 1508/1894/2430 1506/1895/2432
s 6
f 1507/1896/2433 1501/1884/2434 1505/1897/2435
f 1505/1897/2435 1501/1884/2434 1503/1886/2436
g default
v -0.500000 -0.055261 1.995249
v 0.500000 -0.055261 1.995249
v -0.500000 0.144739 1.995249
v 0.500000 0.144739 1.995249
v -0.500000 0.144739 1.495249
v 0.500000 0.144739 1.495249
v -0.500000 -0.055261 1.495249
v 0.500000 -0.055261 1.495249
vt 0.375000 0.000000
vt 0.625000 0.000000
vt 0.375000 0.250000
vt 0.625000 0.250000
vt 0.375000 0.500000
vt 0.625000 0.500000
vt 0.375000 0.750000
vt 0.625000 0.750000
vt 0.375000 1.000000
vt 0.625000 1.000000
vt 0.875000 0.000000
vt 0.875000 0.250000
vt 0.125000 0.000000
vt 0.125000 0.250000
vn 0.000000 0.000000 1.000000
vn 0.000000 0.000000 1.000000
vn 0.000000 0.000000 1.000000
vn 0.000000 0.000000 1.000000
vn 0.000000 1.000000 0.000000
vn 0.000000 1.000000 0.000000
vn 0.000000 1.000000 0.000000
vn 0.000000 1.000000 0.000000
vn 0.000000 0.000000 -1.000000
vn 0.000000 0.000000 -1.000000
vn 0.000000 0.000000 -1.000000
vn 0.000000 0.000000 -1.000000
vn 0.000000 -1.000000 0.000000
vn 0.000000 -1.000000 0.000000
vn 0.000000 -1.000000 0.000000
vn 0.000000 -1.000000 0.000000
vn 1.000000 0.000000 0.000000
vn 1.000000 0.000000 0.000000
vn 1.000000 0.000000 0.000000
vn 1.000000 0.000000 0.000000
vn -1.000000 0.000000 0.000000
vn -1.000000 0.000000 0.000000
vn -1.000000 0.000000 0.000000
vn -1.000000 0.000000 0.000000
s 1
g pCube15
usemtl lambert14SG
f 1509/1898/2437 1510/1899/2438 1511/1900/2439
f 1511/1900/2439 1510/1899/2438 1512/1901/2440
s 2
f 1511/1900/2441 1512/1901/2442 1513/1902/2443
f 1513/1902/2443 1512/1901/2442 1514/1903/2444
s 3
f 1513/1902/2445 1514/1903/2446 1515/1904/2447
f 1515/1904/2447 1514/1903/2446 1516/1905/2448
s 4
f 1515/1904/2449 1516/1905/2450 1509/1906/2451
f 1509/1906/2451 1516/1905/2450 1510/1907/2452
s 5
f 1510/1899/2453 1516/1908/2454 1512/1901/2455
f 1512/1901/2455 1516/1908/2454 1514/1909/2456
s 6
f 1515/1910/2457 1509/1898/2458 1513/1911/2459
f 1513/1911/2459 1509/1898/2458 1511/1900/2460
g default
v -0.500000 0.700000 -1.489119
v 0.500000 0.700000 -1.489119
v -0.500000 0.900000 -1.489119
v 0.500000 0.900000 -1.489119
v -0.500000 0.900000 -1.989119
v 0.500000 0.900000 -1.989119
v -0.500000 0.700000 -1.989119
v 0.500000 0.700000 -1.989119
vt 0.375000 0.000000
vt 0.625000 0.000000
vt 0.375000 0.250000
vt 0.625000 0.250000
vt 0.375000 0.500000
vt 0.625000 0.500000
vt 0.375000 0.750000
vt 0.625000 0.750000
vt 0.375000 1.000000
vt 0.625000 1.000000
vt 0.875000 0.000000
vt 0.875000 0.250000
vt 0.125000 0.000000
vt 0.125000 0.250000
vn 0.000000 0.000000 1.000000
vn 0.000000 0.000000 1.000000
vn 0.000000 0.000000 1.000000
vn 0.000000 0.000000 1.000000
vn 0.000000 1.000000 0.000000
vn 0.000000 1.000000 0.000000
vn 0.000000 1.000000 0.000000
vn 0.000000 1.000000 0.000000
vn 0.000000 0.000000 -1.000000
vn 0.000000 0.000000 -1.000000
vn 0.000000 0.000000 -1.000000
vn 0.000000 0.000000 -1.000000
vn 0.000000 -1.000000 0.000000
vn 0.000000 -1.000000 0.000000
vn 0.000000 -1.000000 0.000000
vn 0.000000 -1.000000 0.000000
vn 1.000000 0.000000 0.000000
vn 1.000000 0.000000 0.000000
vn 1.000000 0.000000 0.000000
vn 1.000000 0.000000 0.000000
vn -1.000000 0.000000 0.000000
vn -1.000000 0.000000 0.000000
vn -1.000000 0.000000 0.000000
vn -1.000000 0.000000 0.000000
s 1
g pCube18
usemtl lambert11SG
f 1517/1912/2461 1518/1913/2462 1519/1914/2463
f 1519/1914/2463 1518/1913/2462 1520/1915/2464
s 2
f 1519/1914/2465 1520/1915/2466 1521/1916/2467
f 1521/1916/2467 1520/1915/2466 1522/1917/2468
s 3
f 1521/1916/2469 1522/1917/2470 1523/1918/2471
f 1523/1918/2471 1522/1917/2470 1524/1919/2472
s 4
f 1523/1918/2473 1524/1919/2474 1517/1920/2475
f 1517/1920/2475 1524/1919/2474 1518/1921/2476
s 5
f 1518/1913/2477 1524/1922/2478 1520/1915/2479
f 1520/1915/2479 1524/1922/2478 1522/1923/2480
s 6
f 1523/1924/2481 1517/1912/2482 1521/1925/2483
f 1521/1925/2483 1517/1912/2482 1519/1914/2484
g default
v -0.500000 0.300000 -0.502595
v 0.500000 0.300000 -0.502595
v -0.500000 0.499056 -0.502595
v 0.500000 0.499056 -0.502595
v -0.500000 1.100000 -1.002595
v 0.500000 1.100000 -1.002595
v -0.500000 0.300000 -1.002595
v 0.500000 0.300000 -1.002595
v -0.500000 0.499035 -0.502595
v -0.500000 0.499035 -1.002595
v 0.500000 0.499035 -1.002595
v 0.500000 0.499035 -0.502595
v -0.500000 1.100000 -0.821448
v -0.500000 0.499035 -0.752595
v -0.500000 0.300000 -0.752595
v 0.500000 0.300000 -0.752595
v 0.500000 0.499035 -0.752595
v 0.500000 1.100000 -0.821448
vt 0.375000 0.000000
vt 0.625000 0.000000
vt 0.375000 0.250000
vt 0.625000 0.250000
vt 0.375000 0.500000
vt 0.625000 0.500000
vt 0.375000 0.750000
vt 0.625000 0.750000
vt 0.375000 1.000000
vt 0.625000 1.000000
vt 0.875000 0.000000
vt 0.875000 0.250000
vt 0.125000 0.000000
vt 0.125000 0.250000
vt 0.375000 0.125000
vt 0.125000 0.125000
vt 0.375000 0.625000
vt 0.625000 0.625000
vt 0.875000 0.125000
vt 0.625000 0.125000
vt 0.250000 0.250000
vt 0.375000 0.375000
vt 0.250000 0.125000
vt 0.250000 0.000000
vt 0.375000 0.875000
vt 0.625000 0.875000
vt 0.750000 0.000000
vt 0.750000 0.125000
vt 0.625000 0.375000
vt 0.750000 0.250000
vn 0.000000 0.000000 1.000000
vn 0.000000 0.000000 1.000000
vn 0.000000 0.000000 1.000000
vn 0.000000 0.000000 1.000000
vn 0.000000 0.468698 0.883358
vn 0.000000 0.468698 0.883358
vn 0.000000 0.639590 0.768716
vn 0.000000 0.639590 0.768716
vn 0.000000 0.000000 -1.000000
vn 0.000000 0.000000 -1.000000
vn 0.000000 0.000000 -1.000000
vn 0.000000 0.000000 -1.000000
vn 0.000000 -1.000000 0.000000
vn 0.000000 -1.000000 0.000000
vn 0.000000 -1.000000 0.000000
vn 0.000000 -1.000000 0.000000
vn 1.000000 0.000000 0.000000
vn 1.000000 0.000000 0.000000
vn 1.000000 0.000000 0.000000
vn 1.000000 0.000000 0.000000
vn 1.000000 0.000000 0.000000
vn 1.000000 0.000000 0.000000
vn -1.000000 0.000000 0.000000
vn -1.000000 0.000000 0.000000
vn -1.000000 0.000000 0.000000
vn -1.000000 0.000000 0.000000
vn -1.000000 0.000000 0.000000
vn -1.000000 0.000000 0.000000
vn -1.000000 0.000000 0.000000
vn -1.000000 0.000000 0.000000
vn -1.000000 0.000000 0.000000
vn 0.000000 0.000000 -1.000000
vn 0.000000 0.000000 -1.000000
vn 1.000000 0.000000 0.000000
vn 1.000000 0.000000 0.000000
vn 1.000000 0.000000 0.000000
vn 0.000000 0.000000 1.000000
vn 0.000000 0.000000 1.000000
vn 0.000000 -1.000000 0.000000
vn 0.000000 -1.000000 0.000000
vn 0.000000 1.000000 0.000000
vn 0.000000 1.000000 0.000000
s 1
g pCube19
usemtl initialShadingGroup
f 1525/1926/2485 1526/1927/2486 1533/1940/2487
f 1533/1940/2487 1526/1927/2486 1536/1945/2488
s 2
f 1527/1928/2489 1528/1929/2490 1537/1947/2491
f 1537/1947/2491 1528/1929/2490 1542/1954/2492
s 3
f 1534/1942/2493 1535/1943/2494 1531/1932/2495
f 1531/1932/2495 1535/1943/2494 1532/1933/2496
s 4
f 1539/1950/2497 1540/1951/2498 1525/1934/2499
f 1525/1934/2499 1540/1951/2498 1526/1935/2500
s 5
f 1536/1945/2501 1526/1927/2502 1541/1953/2503
f 1526/1927/2502 1540/1952/2504 1541/1953/2503
f 1541/1953/2503 1540/1952/2504 1535/1944/2505
f 1540/1952/2504 1532/1936/2506 1535/1944/2505
s 6
f 1525/1926/2507 1533/1940/2508 1539/1949/2509
f 1533/1940/2508 1538/1948/2510 1539/1949/2509
f 1539/1949/2509 1538/1948/2510 1531/1938/2511
f 1538/1948/2510 1534/1941/2512 1531/1938/2511
f 1533/1940/2508 1527/1928/2513 1538/1948/2510
f 1527/1928/2513 1537/1946/2514 1538/1948/2510
f 1538/1948/2510 1537/1946/2514 1534/1941/2512
f 1537/1946/2514 1529/1939/2515 1534/1941/2512
s 3
f 1529/1930/2516 1530/1931/2517 1534/1942/2493
f 1534/1942/2493 1530/1931/2517 1535/1943/2494
s 5
f 1536/1945/2501 1541/1953/2503 1528/1929/2518
f 1528/1929/2518 1541/1953/2503 1542/1955/2519
f 1541/1953/2503 1535/1944/2505 1542/1955/2519
f 1542/1955/2519 1535/1944/2505 1530/1937/2520
s 1
f 1533/1940/2487 1536/1945/2488 1527/1928/2521
f 1527/1928/2521 1536/1945/2488 1528/1929/2522
s 4
f 1531/1932/2523 1532/1933/2524 1539/1950/2497
f 1539/1950/2497 1532/1933/2524 1540/1951/2498
s 2
f 1537/1947/2491 1542/1954/2492 1529/1930/2525
f 1529/1930/2525 1542/1954/2492 1530/1931/2526
g default
v -0.500000 0.300000 1.500000
v 0.500000 0.300000 1.500000
v -0.500000 0.900000 1.500000
v 0.500000 0.900000 1.500000
v -0.500000 0.900000 1.000000
v 0.500000 0.900000 1.000000
v -0.500000 0.300000 1.000000
v 0.500000 0.300000 1.000000
vt 0.375000 0.000000
vt 0.625000 0.000000
vt 0.375000 0.250000
vt 0.625000 0.250000
vt 0.375000 0.500000
vt 0.625000 0.500000
vt 0.375000 0.750000
vt 0.625000 0.750000
vt 0.375000 1.000000
vt 0.625000 1.000000
vt 0.875000 0.000000
vt 0.875000 0.250000
vt 0.125000 0.000000
vt 0.125000 0.250000
vn 0.000000 0.000000 1.000000
vn 0.000000 0.000000 1.000000
vn 0.000000 0.000000 1.000000
vn 0.000000 0.000000 1.000000
vn 0.000000 1.000000 0.000000
vn 0.000000 1.000000 0.000000
vn 0.000000 1.000000 0.000000
vn 0.000000 1.000000 0.000000
vn 0.000000 0.000000 -1.000000
vn 0.000000 0.000000 -1.000000
vn 0.000000 0.000000 -1.000000
vn 0.000000 0.000000 -1.000000
vn 0.000000 -1.000000 0.000000
vn 0.000000 -1.000000 0.000000
vn 0.000000 -1.000000 0.000000
vn 0.000000 -1.000000 0.000000
vn 1.000000 0.000000 0.000000
vn 1.000000 0.000000 0.000000
vn 1.000000 0.000000 0.000000
vn 1.000000 0.000000 0.000000
vn -1.000000 0.000000 0.000000
vn -1.000000 0.000000 0.000000
vn -1.000000 0.000000 0.000000
vn -1.000000 0.000000 0.000000
s 1
g pCube20
usemtl initialShadingGroup
f 1543/1956/2527 1544/1957/2528 1545/1958/2529
f 1545/1958/2529 1544/1957/2528 1546/1959/2530
s 2
f 1545/1958/2531 1546/1959/2532 1547/1960/2533
f 1547/1960/2533 1546/1959/2532 1548/1961/2534
s 3
f 1547/1960/2535 1548/1961/2536 1549/1962/2537
f 1549/1962/2537 1548/1961/2536 1550/1963/2538
s 4
f 1549/1962/2539 1550/1963/2540 1543/1964/2541
f 1543/1964/2541 1550/1963/2540 1544/1965/2542
s 5
f 1544/1957/2543 1550/1966/2544 1546/1959/2545
f 1546/1959/2545 1550/1966/2544 1548/1967/2546
s 6
f 1549/1968/2547 1543/1956/2548 1547/1969/2549
f 1547/1969/2549 1543/1956/2548 1545/1958/2550
g default
v -0.714457 0.794303 1.436827
v 0.714457 0.794303 1.436827
v -0.558908 1.651651 1.195103
v 0.535016 1.639758 1.195103
v -0.573871 1.651651 -1.106630
v 0.558908 1.651651 -1.106630
v -0.714457 0.794303 -1.267312
v 0.714458 0.794303 -1.267312
v -0.714457 0.922483 1.436843
v -0.760553 0.963717 -1.205469
v 0.740484 0.997058 -1.205469
v 0.714457 0.922483 1.436843
v -0.566981 1.702443 -0.005794
v 0.547215 1.696754 -0.005755
v -0.859849 0.845095 0.000132
v 0.714191 0.845095 0.000132
vt 0.375000 0.000000
vt 0.625000 0.000000
vt 0.375000 0.250000
vt 0.625000 0.250000
vt 0.375000 0.500000
vt 0.625000 0.500000
vt 0.375000 0.750000
vt 0.625000 0.750000
vt 0.375000 1.000000
vt 0.625000 1.000000
vt 0.875000 0.000000
vt 0.875000 0.250000
vt 0.125000 0.000000
vt 0.125000 0.250000
vt 0.375000 0.125000
vt 0.125000 0.125000
vt 0.375000 0.625000
vt 0.625000 0.625000
vt 0.875000 0.125000
vt 0.625000 0.125000
vt 0.244566 0.250000
vt 0.375000 0.380434
vt 0.625000 0.380430
vt 0.755430 0.250000
vt 0.242176 0.000000
vt 0.375000 0.867176
vt 0.625000 0.867176
vt 0.757824 0.000000
vn 0.000000 -0.000123 1.000000
vn 0.000000 -0.000123 1.000000
vn 0.001054 0.266136 0.963935
vn 0.000000 0.271481 0.962444
vn 0.010862 0.999051 0.042182
vn 0.009694 0.999017 0.043251
vn 0.005687 0.999982 0.002020
vn 0.004560 0.999985 0.003073
vn 0.000000 0.291743 -0.956497
vn -0.006334 0.333043 -0.942890
vn -0.001682 0.184650 -0.982803
vn -0.004152 0.186912 -0.982368
vn -0.002114 0.145150 -0.989407
vn 0.000000 0.149302 -0.988792
vn 0.000000 -0.999198 0.040042
vn 0.000000 -1.000000 -0.000046
vn 0.000000 -0.999198 0.040042
vn 0.000000 -1.000000 -0.000058
vn 0.981242 0.192459 0.011109
vn 0.973131 0.230143 -0.007135
vn 0.979495 0.201101 0.012195
vn 1.000000 0.000000 -0.000185
vn 0.981164 0.192890 -0.010571
vn -0.968693 -0.226316 -0.102052
vn -0.952645 0.303920 0.009955
vn -0.988111 0.137984 -0.067807
vn -0.958212 0.283059 -0.041314
vn -0.946281 0.323289 0.006057
vn 0.001481 0.317057 0.948405
vn 0.003414 0.314027 0.949408
vn 0.001092 0.999115 -0.042046
vn 0.000000 0.999162 -0.040936
vn 0.000000 -0.999376 -0.035331
vn 0.000000 -0.999376 -0.035331
vn 0.991639 -0.128932 0.005375
vn 0.988809 0.143810 0.039692
vn 0.969350 0.242311 0.040581
vn -0.964976 0.251999 0.072930
vn -0.994918 -0.000012 0.100684
vn -0.977629 0.190736 0.088660
s 1
g pCube21
usemtl lambert2SG
f 1551/1970/2551 1552/1971/2552 1559/1984/2553
f 1559/1984/2553 1552/1971/2552 1562/1989/2554
s 2
f 1553/1972/2555 1554/1973/2556 1563/1991/2557
f 1563/1991/2557 1554/1973/2556 1564/1992/2558
s 3
f 1558/1977/2559 1557/1976/2560 1561/1987/2561
f 1557/1976/2560 1560/1986/2562 1561/1987/2561
f 1560/1986/2562 1555/1974/2563 1561/1987/2561
f 1561/1987/2561 1555/1974/2563 1556/1975/2564
s 4
f 1558/1977/2565 1566/1996/2566 1557/1976/2567
f 1557/1976/2567 1566/1996/2566 1565/1995/2568
s 5
f 1564/1993/2569 1554/1973/2570 1566/1997/2571
f 1552/1971/2572 1566/1997/2571 1562/1989/2573
f 1562/1989/2573 1566/1997/2571 1554/1973/2570
s 6
f 1557/1982/2574 1565/1994/2575 1560/1985/2576
f 1560/1985/2576 1565/1994/2575 1555/1983/2577
f 1565/1994/2575 1563/1990/2578 1555/1983/2577
s 1
f 1562/1989/2554 1554/1973/2579 1559/1984/2553
f 1559/1984/2553 1554/1973/2579 1553/1972/2580
s 2
f 1563/1991/2557 1564/1992/2558 1555/1974/2581
f 1555/1974/2581 1564/1992/2558 1556/1975/2582
s 4
f 1565/1995/2568 1566/1996/2566 1551/1978/2583
f 1551/1978/2583 1566/1996/2566 1552/1979/2584
s 5
f 1558/1980/2585 1561/1988/2586 1566/1997/2571
f 1561/1988/2586 1556/1981/2587 1566/1997/2571
f 1564/1993/2569 1566/1997/2571 1556/1981/2587
s 6
f 1563/1990/2578 1565/1994/2575 1553/1972/2588
f 1551/1970/2589 1559/1984/2590 1565/1994/2575
f 1565/1994/2575 1559/1984/2590 1553/1972/2588
g default
v -1.000000 0.903239 -1.659455
v 1.000000 0.903239 -1.659455
v -1.000000 1.103239 -1.659455
v 1.000000 1.103239 -1.659455
v -1.000000 1.103239 -2.159455
v 1.000000 1.103239 -2.159455
v -1.000000 0.903239 -2.159455
v 1.000000 0.903239 -2.159455
vt 0.375000 0.000000
vt 0.625000 0.000000
vt 0.375000 0.250000
vt 0.625000 0.250000
vt 0.375000 0.500000
vt 0.625000 0.500000
vt 0.375000 0.750000
vt 0.625000 0.750000
vt 0.375000 1.000000
vt 0.625000 1.000000
vt 0.875000 0.000000
vt 0.875000 0.250000
vt 0.125000 0.000000
vt 0.125000 0.250000
vn 0.000000 0.000000 1.000000
vn 0.000000 0.000000 1.000000
vn 0.000000 0.000000 1.000000
vn 0.000000 0.000000 1.000000
vn 0.000000 1.000000 0.000000
vn 0.000000 1.000000 0.000000
vn 0.000000 1.000000 0.000000
vn 0.000000 1.000000 0.000000
vn 0.000000 0.000000 -1.000000
vn 0.000000 0.000000 -1.000000
vn 0.000000 0.000000 -1.000000
vn 0.000000 0.000000 -1.000000
vn 0.000000 -1.000000 0.000000
vn 0.000000 -1.000000 0.000000
vn 0.000000 -1.000000 0.000000
vn 0.000000 -1.000000 0.000000
vn 1.000000 0.000000 0.000000
vn 1.000000 0.000000 0.000000
vn 1.000000 0.000000 0.000000
vn 1.000000 0.000000 0.000000
vn -1.000000 0.000000 0.000000
vn -1.000000 0.000000 0.000000
vn -1.000000 0.000000 0.000000
vn -1.000000 0.000000 0.000000
s 1
g pCube22
usemtl lambert8SG
f 1567/1998/2591 1568/1999/2592 1569/2000/2593
f 1569/2000/2593 1568/1999/2592 1570/2001/2594
s 2
f 1569/2000/2595 1570/2001/2596 1571/2002/2597
f 1571/2002/2597 1570/2001/2596 1572/2003/2598
s 3
f 1571/2002/2599 1572/2003/2600 1573/2004/2601
f 1573/2004/2601 1572/2003/2600 1574/2005/2602
s 4
f 1573/2004/2603 1574/2005/2604 1567/2006/2605
f 1567/2006/2605 1574/2005/2604 1568/2007/2606
s 5
f 1568/1999/2607 1574/2008/2608 1570/2001/2609
f 1570/2001/2609 1574/2008/2608 1572/2009/2610
s 6
f 1573/2010/2611 1567/1998/2612 1571/2011/2613
f 1571/2011/2613 1567/1998/2612 1569/2000/2614
g default
v -0.200000 -0.089112 1.000000
v 0.200000 -0.089112 1.000000
v -0.200000 1.310888 1.000000
v 0.200000 1.310888 1.000000
v -0.200000 1.310888 0.800000
v 0.200000 1.310888 0.800000
v -0.200000 -0.089112 0.800000
v 0.200000 -0.089112 0.800000
vt 0.375000 0.000000
vt 0.625000 0.000000
vt 0.375000 0.250000
vt 0.625000 0.250000
vt 0.375000 0.500000
vt 0.625000 0.500000
vt 0.375000 0.750000
vt 0.625000 0.750000
vt 0.375000 1.000000
vt 0.625000 1.000000
vt 0.875000 0.000000
vt 0.875000 0.250000
vt 0.125000 0.000000
vt 0.125000 0.250000
vn 0.000000 0.000000 1.000000
vn 0.000000 0.000000 1.000000
vn 0.000000 0.000000 1.000000
vn 0.000000 0.000000 1.000000
vn 0.000000 1.000000 0.000000
vn 0.000000 1.000000 0.000000
vn 0.000000 1.000000 0.000000
vn 0.000000 1.000000 0.000000
vn 0.000000 0.000000 -1.000000
vn 0.000000 0.000000 -1.000000
vn 0.000000 0.000000 -1.000000
vn 0.000000 0.000000 -1.000000
vn 0.000000 -1.000000 0.000000
vn 0.000000 -1.000000 0.000000
vn 0.000000 -1.000000 0.000000
vn 0.000000 -1.000000 0.000000
vn 1.000000 0.000000 0.000000
vn 1.000000 0.000000 0.000000
vn 1.000000 0.000000 0.000000
vn 1.000000 0.000000 0.000000
vn -1.000000 0.000000 0.000000
vn -1.000000 0.000000 0.000000
vn -1.000000 0.000000 0.000000
vn -1.000000 0.000000 0.000000
s 1
g pCube23
usemtl initialShadingGroup
f 1575/2012/2615 1576/2013/2616 1577/2014/2617
f 1577/2014/2617 1576/2013/2616 1578/2015/2618
s 2
f 1577/2014/2619 1578/2015/2620 1579/2016/2621
f 1579/2016/2621 1578/2015/2620 1580/2017/2622
s 3
f 1579/2016/2623 1580/2017/2624 1581/2018/2625
f 1581/2018/2625 1580/2017/2624 1582/2019/2626
s 4
f 1581/2018/2627 1582/2019/2628 1575/2020/2629
f 1575/2020/2629 1582/2019/2628 1576/2021/2630
s 5
f 1576/2013/2631 1582/2022/2632 1578/2015/2633
f 1578/2015/2633 1582/2022/2632 1580/2023/2634
s 6
f 1581/2024/2635 1575/2012/2636 1579/2025/2637
f 1579/2025/2637 1575/2012/2636 1577/2014/2638
g default
v 0.887246 0.135131 -0.469252
v 0.887246 0.135131 0.469252
v -0.887246 0.135131 0.469252
v -0.887246 0.135131 -0.469252
v -0.887246 0.170624 0.474874
v 0.887246 0.170624 0.474874
v 0.887246 0.324546 0.553301
v -0.887246 0.324546 0.553301
v 0.887246 0.446699 0.675454
v -0.887246 0.446699 0.675454
v 0.887246 0.525126 0.829376
v -0.887246 0.525126 0.829376
v -0.887246 0.743255 2.963517
v 0.887246 0.743255 2.963517
v 0.887246 0.743255 -1.949561
v -0.887246 0.743255 -1.949561
v 0.887246 0.552150 1.000000
v -0.887246 0.552150 1.000000
v 0.887246 0.525126 1.170624
v -0.887246 0.525126 1.170624
v 0.887246 0.170624 1.525126
v 0.887246 0.135131 1.530748
v -0.887246 0.135131 1.530748
v -0.887246 0.170624 1.525126
v 0.887246 0.446699 1.324546
v -0.887246 0.446699 1.324546
v 0.887246 0.324546 1.446699
v -0.887246 0.324546 1.446699
v 0.887246 0.135131 2.963517
v -0.887246 0.135131 2.963517
v 0.887246 0.170624 -0.474874
v 0.887246 0.324546 -0.553301
v 0.887246 0.446699 -0.675454
v 0.887246 0.525126 -0.829376
v 0.887246 0.552150 -1.000000
v 0.887246 0.525126 -1.170624
v 0.887246 0.446699 -1.324546
v 0.887246 0.324546 -1.446699
v 0.887246 0.170624 -1.525126
v 0.887246 0.135131 -1.530748
v 0.887246 0.135131 -1.949561
v -0.887246 0.324546 -0.553301
v -0.887246 0.446699 -0.675454
v -0.887246 0.170624 -0.474874
v -0.887246 0.525126 -0.829376
v -0.887246 0.552150 -1.000000
v -0.887246 0.525126 -1.170624
v -0.887246 0.446699 -1.324546
v -0.887246 0.324546 -1.446699
v -0.887246 0.170624 -1.525126
v -0.887246 0.135131 -1.530748
v -0.887246 0.135131 -1.949561
vt 0.625000 0.825325
vt 0.625000 0.873080
vt 0.375000 0.873080
vt 0.375000 0.825325
vt 0.412500 0.598293
vt 0.415100 0.598293
vt 0.415100 0.455229
vt 0.412500 0.455229
vt 0.400000 0.455229
vt 0.400000 0.598293
vt 0.387500 0.455229
vt 0.387500 0.598293
vt 0.375000 0.455229
vt 0.375000 0.598293
vt 0.375000 0.250000
vt 0.625000 0.250000
vt 0.625000 0.500000
vt 0.375000 0.500000
vt 0.625000 0.455229
vt 0.612500 0.455229
vt 0.612500 0.598293
vt 0.625000 0.598293
vt 0.600000 0.455229
vt 0.600000 0.598293
vt 0.562500 0.455229
vt 0.559900 0.455229
vt 0.559900 0.598293
vt 0.562500 0.598293
vt 0.587500 0.455229
vt 0.587500 0.598293
vt 0.575000 0.455229
vt 0.575000 0.598293
vt 0.625000 0.927094
vt 0.625000 1.000000
vt 0.375000 1.000000
vt 0.375000 0.927094
vt 0.375000 0.000000
vt 0.625000 0.000000
vt 0.697906 0.000000
vt 0.698192 0.014591
vt 0.702183 0.077869
vt 0.708399 0.128086
vt 0.716231 0.160327
vt 0.724913 0.171437
vt 0.733595 0.160327
vt 0.741427 0.128086
vt 0.747643 0.077869
vt 0.751634 0.014591
vt 0.751920 0.000000
vt 0.799675 0.000000
vt 0.799961 0.014591
vt 0.803952 0.077869
vt 0.810168 0.128086
vt 0.818000 0.160327
vt 0.826682 0.171437
vt 0.835364 0.160327
vt 0.843196 0.128086
vt 0.849412 0.077869
vt 0.853403 0.014591
vt 0.853689 0.000000
vt 0.875000 0.000000
vt 0.875000 0.250000
vt 0.587500 0.455229
vt 0.575000 0.455229
vt 0.575000 0.598293
vt 0.587500 0.598293
vt 0.562500 0.455229
vt 0.562500 0.598293
vt 0.600000 0.455229
vt 0.600000 0.598293
vt 0.559900 0.455229
vt 0.559900 0.598293
vt 0.612500 0.455229
vt 0.612500 0.598293
vt 0.625000 0.455229
vt 0.625000 0.598293
vt 0.387500 0.455229
vt 0.375000 0.455229
vt 0.375000 0.598293
vt 0.387500 0.598293
vt 0.400000 0.455229
vt 0.400000 0.598293
vt 0.412500 0.455229
vt 0.412500 0.598293
vt 0.415100 0.598293
vt 0.415100 0.455229
vt 0.625000 0.750000
vt 0.375000 0.750000
vt 0.625000 0.771311
vt 0.375000 0.771311
vt 0.125000 0.000000
vt 0.146311 0.000000
vt 0.146597 0.014591
vt 0.150588 0.077869
vt 0.156804 0.128086
vt 0.164636 0.160327
vt 0.173318 0.171437
vt 0.182000 0.160327
vt 0.189832 0.128086
vt 0.196048 0.077869
vt 0.200039 0.014591
vt 0.200325 0.000000
vt 0.248080 0.000000
vt 0.248366 0.014591
vt 0.252357 0.077869
vt 0.258573 0.128086
vt 0.266405 0.160327
vt 0.275087 0.171437
vt 0.283769 0.160327
vt 0.291601 0.128086
vt 0.297817 0.077869
vt 0.301808 0.014591
vt 0.302094 0.000000
vt 0.125000 0.250000
vn 0.000000 -1.000000 0.000000
vn 0.000000 -1.000000 0.000000
vn 0.000000 -1.000000 0.000000
vn 0.000000 -1.000000 0.000000
vn 0.000000 -0.405591 0.914055
vn 0.000000 -0.156434 0.987688
vn 0.000000 -0.405591 0.914055
vn 0.000000 -0.156434 0.987688
vn 0.000000 -0.587785 0.809017
vn 0.000000 -0.587785 0.809017
vn 0.000000 -0.809017 0.587785
vn 0.000000 -0.809017 0.587786
vn 0.000000 -0.951057 0.309016
vn 0.000000 -0.951057 0.309016
vn 0.000000 1.000000 0.000000
vn 0.000000 1.000000 0.000000
vn 0.000000 1.000000 0.000000
vn 0.000000 1.000000 0.000000
vn 0.000000 -1.000000 -0.000001
vn 0.000000 -1.000000 -0.000001
vn 0.000000 -0.951057 -0.309017
vn 0.000000 -0.951057 -0.309017
vn 0.000000 -0.405591 -0.914055
vn 0.000000 -0.156434 -0.987688
vn 0.000000 -0.405591 -0.914055
vn 0.000000 -0.156434 -0.987688
vn 0.000000 -0.809017 -0.587785
vn 0.000000 -0.809017 -0.587785
vn 0.000000 -0.587785 -0.809017
vn 0.000000 -0.587785 -0.809017
vn 0.000000 -1.000000 0.000000
vn 0.000000 -1.000000 0.000000
vn 0.000000 -1.000000 0.000000
vn 0.000000 -1.000000 0.000000
vn 0.000000 0.000000 1.000000
vn 0.000000 0.000000 1.000000
vn 0.000000 0.000000 1.000000
vn 0.000000 0.000000 1.000000
vn 1.000000 0.000000 0.000000
vn 1.000000 0.000000 0.000000
vn 1.000000 0.000000 0.000000
vn 1.000000 0.000001 0.000000
vn 1.000000 0.000000 0.000000
vn 1.000000 0.000000 0.000000
vn 1.000000 0.000000 0.000000
vn 1.000000 0.000000 0.000000
vn 1.000000 -0.000000 0.000000
vn 1.000000 0.000000 0.000000
vn 1.000000 0.000000 0.000000
vn 1.000000 -0.000003 0.000000
vn 1.000000 -0.000000 0.000000
vn 1.000000 -0.000000 0.000000
vn 1.000000 0.000000 0.000000
vn 1.000000 -0.000000 0.000000
vn 1.000000 0.000001 0.000000
vn 1.000000 0.000000 0.000000
vn 1.000000 0.000000 0.000000
vn 1.000000 -0.000002 0.000000
vn 1.000000 0.000000 0.000000
vn 1.000000 -0.000000 0.000000
vn 1.000000 0.000000 0.000000
vn 1.000000 -0.000001 0.000000
vn 1.000000 0.000000 0.000000
vn 1.000000 -0.000001 0.000000
vn 0.000000 -0.809017 -0.587785
vn 0.000000 -0.587785 -0.809017
vn 0.000000 -0.809017 -0.587785
vn 0.000000 -0.587785 -0.809017
vn 0.000000 -0.405591 -0.914055
vn 0.000000 -0.405591 -0.914055
vn 0.000000 -0.951057 -0.309017
vn 0.000000 -0.951057 -0.309017
vn 0.000000 -0.156435 -0.987688
vn 0.000000 -0.156435 -0.987688
vn 0.000000 -1.000000 -0.000001
vn 0.000000 -1.000000 -0.000001
vn 0.000000 -0.951057 0.309016
vn 0.000000 -0.951057 0.309016
vn 0.000000 -0.809017 0.587785
vn 0.000000 -0.809017 0.587785
vn 0.000000 -0.587785 0.809017
vn 0.000000 -0.587785 0.809017
vn 0.000000 -0.405591 0.914055
vn 0.000000 -0.405591 0.914055
vn 0.000000 -0.156433 0.987689
vn 0.000000 -0.156433 0.987689
vn 0.000000 0.000000 -1.000000
vn 0.000000 0.000000 -1.000000
vn 0.000000 0.000000 -1.000000
vn 0.000000 0.000000 -1.000000
vn 0.000000 -1.000000 0.000000
vn 0.000000 -1.000000 0.000000
vn 0.000000 -1.000000 0.000000
vn 0.000000 -1.000000 0.000000
vn -1.000000 0.000000 0.000000
vn -1.000000 0.000000 0.000000
vn -1.000000 0.000000 0.000000
vn -1.000000 0.000000 0.000000
vn -1.000000 -0.000000 0.000000
vn -1.000000 0.000000 0.000000
vn -1.000000 0.000000 0.000000
vn -1.000000 -0.000000 0.000000
vn -1.000000 0.000000 0.000000
vn -1.000000 -0.000000 0.000000
vn -1.000000 0.000000 0.000000
vn -1.000000 -0.000003 0.000000
vn -1.000000 -0.000000 0.000000
vn -1.000000 -0.000000 0.000000
vn -1.000000 0.000000 0.000000
vn -1.000000 0.000000 0.000000
vn -1.000000 0.000001 0.000000
vn -1.000000 -0.000000 0.000000
vn -1.000000 0.000000 0.000000
vn -1.000000 0.000000 0.000000
vn -1.000000 0.000000 0.000000
vn -1.000000 -0.000001 0.000000
vn -1.000000 0.000001 0.000000
vn -1.000000 0.000000 0.000000
vn -1.000000 0.000000 0.000000
vn -1.000000 -0.000000 0.000000
s 1
g polySurface1
usemtl lambert8SG
f 1583/2026/2639 1584/2027/2640 1586/2029/2641
f 1586/2029/2641 1584/2027/2640 1585/2028/2642
s 2
f 1587/2030/2643 1585/2031/2644 1588/2033/2645
f 1588/2033/2645 1585/2031/2644 1584/2032/2646
f 1588/2033/2645 1589/2034/2647 1587/2030/2643
f 1587/2030/2643 1589/2034/2647 1590/2035/2648
f 1589/2034/2647 1591/2036/2649 1590/2035/2648
f 1590/2035/2648 1591/2036/2649 1592/2037/2650
f 1591/2036/2649 1593/2038/2651 1592/2037/2650
f 1592/2037/2650 1593/2038/2651 1594/2039/2652
s 3
f 1595/2040/2653 1596/2041/2654 1598/2043/2655
f 1598/2043/2655 1596/2041/2654 1597/2042/2656
s 2
f 1593/2044/2651 1599/2045/2657 1594/2047/2652
f 1594/2047/2652 1599/2045/2657 1600/2046/2658
f 1599/2045/2657 1601/2048/2659 1600/2046/2658
f 1600/2046/2658 1601/2048/2659 1602/2049/2660
f 1603/2050/2661 1604/2051/2662 1606/2053/2663
f 1606/2053/2663 1604/2051/2662 1605/2052/2664
f 1601/2048/2659 1607/2054/2665 1602/2049/2660
f 1602/2049/2660 1607/2054/2665 1608/2055/2666
f 1609/2056/2667 1603/2050/2661 1610/2057/2668
f 1610/2057/2668 1603/2050/2661 1606/2053/2663
f 1607/2054/2665 1609/2056/2667 1608/2055/2666
f 1608/2055/2666 1609/2056/2667 1610/2057/2668
s 5
f 1604/2058/2669 1611/2059/2670 1605/2061/2671
f 1605/2061/2671 1611/2059/2670 1612/2060/2672
s 6
f 1612/2062/2673 1611/2063/2674 1595/2040/2675
f 1595/2040/2675 1611/2063/2674 1596/2041/2676
s 7
f 1611/2063/2677 1604/2064/2678 1596/2041/2679
f 1604/2064/2678 1603/2065/2680 1596/2041/2679
f 1623/2086/2681 1597/2087/2682 1622/2085/2683
f 1622/2085/2683 1597/2087/2682 1621/2084/2684
f 1621/2084/2684 1597/2087/2682 1620/2083/2685
f 1603/2065/2680 1609/2066/2686 1596/2041/2679
f 1620/2083/2685 1597/2087/2682 1619/2082/2687
f 1584/2074/2688 1583/2075/2689 1588/2073/2690
f 1583/2075/2689 1613/2076/2691 1588/2073/2690
f 1588/2073/2690 1613/2076/2691 1589/2072/2692
f 1613/2076/2691 1614/2077/2693 1589/2072/2692
f 1609/2066/2686 1607/2067/2694 1596/2041/2679
f 1619/2082/2687 1597/2087/2682 1618/2081/2695
f 1589/2072/2692 1614/2077/2693 1591/2071/2696
f 1607/2067/2694 1601/2068/2697 1596/2041/2679
f 1614/2077/2693 1615/2078/2698 1591/2071/2696
f 1618/2081/2695 1597/2087/2682 1617/2080/2699
f 1597/2087/2682 1596/2041/2679 1617/2080/2699
f 1617/2080/2699 1596/2041/2679 1616/2079/2700
f 1616/2079/2700 1596/2041/2679 1615/2078/2698
f 1601/2068/2697 1599/2069/2701 1596/2041/2679
f 1596/2041/2679 1599/2069/2701 1615/2078/2698
f 1599/2069/2701 1593/2070/2702 1615/2078/2698
f 1593/2070/2702 1591/2071/2696 1615/2078/2698
s 10
f 1615/2088/2703 1614/2089/2704 1625/2091/2705
f 1625/2091/2705 1614/2089/2704 1624/2090/2706
f 1614/2089/2704 1613/2092/2707 1624/2090/2706
f 1624/2090/2706 1613/2092/2707 1626/2093/2708
f 1616/2094/2709 1615/2088/2703 1627/2095/2710
f 1627/2095/2710 1615/2088/2703 1625/2091/2705
f 1613/2092/2707 1583/2096/2711 1626/2093/2708
f 1626/2093/2708 1583/2096/2711 1586/2097/2712
f 1617/2098/2713 1616/2094/2709 1628/2099/2714
f 1628/2099/2714 1616/2094/2709 1627/2095/2710
f 1618/2100/2715 1617/2098/2713 1629/2101/2716
f 1629/2101/2716 1617/2098/2713 1628/2099/2714
f 1619/2102/2717 1618/2103/2715 1630/2105/2718
f 1630/2105/2718 1618/2103/2715 1629/2104/2716
f 1620/2106/2719 1619/2102/2717 1631/2107/2720
f 1631/2107/2720 1619/2102/2717 1630/2105/2718
f 1621/2108/2721 1620/2106/2719 1632/2109/2722
f 1632/2109/2722 1620/2106/2719 1631/2107/2720
f 1632/2109/2722 1633/2110/2723 1621/2108/2721
f 1621/2108/2721 1633/2110/2723 1622/2111/2724
s 11
f 1598/2043/2725 1597/2042/2726 1634/2113/2727
f 1634/2113/2727 1597/2042/2726 1623/2112/2728
s 12
f 1634/2113/2729 1623/2112/2730 1633/2115/2731
f 1633/2115/2731 1623/2112/2730 1622/2114/2732
s 13
f 1634/2116/2733 1633/2117/2734 1598/2139/2735
f 1633/2117/2734 1632/2118/2736 1598/2139/2735
f 1632/2118/2736 1631/2119/2737 1598/2139/2735
f 1612/2062/2738 1595/2040/2739 1605/2138/2740
f 1605/2138/2740 1595/2040/2739 1606/2137/2741
f 1631/2119/2737 1630/2120/2742 1598/2139/2735
f 1606/2137/2741 1595/2040/2739 1610/2136/2743
f 1586/2127/2744 1585/2128/2745 1626/2126/2746
f 1585/2128/2745 1587/2129/2747 1626/2126/2746
f 1626/2126/2746 1587/2129/2747 1624/2125/2748
f 1587/2129/2747 1590/2130/2749 1624/2125/2748
f 1610/2136/2743 1595/2040/2739 1608/2135/2750
f 1630/2120/2742 1629/2121/2751 1598/2139/2735
f 1624/2125/2748 1590/2130/2749 1625/2124/2752
f 1608/2135/2750 1595/2040/2739 1602/2134/2753
f 1590/2130/2749 1592/2131/2754 1625/2124/2752
f 1629/2121/2751 1628/2122/2755 1598/2139/2735
f 1598/2139/2735 1628/2122/2755 1595/2040/2739
f 1628/2122/2755 1627/2123/2756 1595/2040/2739
f 1627/2123/2756 1625/2124/2752 1595/2040/2739
f 1602/2134/2753 1595/2040/2739 1600/2133/2757
f 1595/2040/2739 1625/2124/2752 1600/2133/2757
f 1600/2133/2757 1625/2124/2752 1594/2132/2758
f 1625/2124/2752 1592/2131/2754 1594/2132/2758
g default
v 1.000000 0.103750 -0.430419
v 1.000000 0.103750 0.430669
v -1.000000 0.103750 0.430669
v -1.000000 0.103750 -0.430419
v 1.000000 0.303750 0.503622
v 1.000000 0.303750 -0.503372
v -1.000000 0.303750 -0.503372
v -1.000000 0.303750 0.503622
v -1.000000 0.186200 0.443727
v 1.000000 0.186200 0.443727
v 1.000000 0.186200 1.566773
v 1.000000 0.103750 1.579832
v -1.000000 0.103750 1.579832
v -1.000000 0.186200 1.566773
v -1.000000 0.303750 1.506878
v 1.000000 0.303750 1.506878
v -1.000000 0.103750 2.987522
v -1.000000 0.303750 2.987522
v 1.000000 0.103750 2.987522
v 1.000000 0.303750 2.987522
v 1.000000 0.186200 -0.443477
v -1.000000 0.186200 -0.443477
v 1.000000 0.103750 -1.579582
v 1.000000 0.103750 -2.012474
v 1.000000 0.303750 -2.012474
v 1.000000 0.303750 -1.506628
v 1.000000 0.186200 -1.566523
v -1.000000 0.303750 -1.506628
v -1.000000 0.186200 -1.566523
v -1.000000 0.103750 -1.579582
v -1.000000 0.303750 -2.012474
v -1.000000 0.103750 -2.012474
vt 0.625000 0.829103
vt 0.625000 0.872157
vt 0.375000 0.872157
vt 0.375000 0.829103
vt 0.625000 0.374195
vt 0.625000 0.424545
vt 0.375000 0.424545
vt 0.375000 0.374195
vt 0.412500 0.638305
vt 0.418149 0.638305
vt 0.418149 0.368294
vt 0.412500 0.368294
vt 0.403572 0.368294
vt 0.403572 0.638305
vt 0.562500 0.368294
vt 0.556851 0.368294
vt 0.556851 0.638305
vt 0.562500 0.638305
vt 0.571427 0.638305
vt 0.571427 0.368294
vt 0.304615 0.000000
vt 0.375000 0.000000
vt 0.375000 0.250000
vt 0.300968 0.250000
vt 0.303962 0.103062
vt 0.625000 0.929615
vt 0.625000 1.000000
vt 0.375000 1.000000
vt 0.375000 0.929615
vt 0.625000 0.250000
vt 0.625000 0.324032
vt 0.375000 0.324032
vt 0.752843 0.000000
vt 0.795897 0.000000
vt 0.796550 0.103062
vt 0.799545 0.250000
vt 0.749195 0.250000
vt 0.752190 0.103062
vt 0.625000 0.000000
vt 0.695385 0.000000
vt 0.696038 0.103062
vt 0.699032 0.250000
vt 0.562500 0.634625
vt 0.571427 0.634625
vt 0.571427 0.401417
vt 0.562500 0.401417
vt 0.556851 0.401417
vt 0.556851 0.634625
vt 0.853355 0.000000
vt 0.875000 0.000000
vt 0.875000 0.250000
vt 0.849708 0.250000
vt 0.852702 0.103062
vt 0.412500 0.401417
vt 0.403572 0.401417
vt 0.403572 0.634625
vt 0.412500 0.634625
vt 0.418149 0.634625
vt 0.418149 0.401417
vt 0.625000 0.474708
vt 0.625000 0.500000
vt 0.375000 0.500000
vt 0.375000 0.474708
vt 0.375000 0.750000
vt 0.625000 0.750000
vt 0.625000 0.771645
vt 0.375000 0.771645
vt 0.204103 0.000000
vt 0.247157 0.000000
vt 0.247810 0.103062
vt 0.250805 0.250000
vt 0.200455 0.250000
vt 0.203450 0.103062
vt 0.125000 0.000000
vt 0.146645 0.000000
vt 0.147298 0.103062
vt 0.150292 0.250000
vt 0.125000 0.250000
vn 0.000000 -1.000000 0.000000
vn 0.000000 -1.000000 0.000000
vn 0.000000 -1.000000 0.000000
vn 0.000000 -1.000000 0.000000
vn 0.000000 1.000000 0.000000
vn 0.000000 1.000000 0.000000
vn 0.000000 1.000000 0.000000
vn 0.000000 1.000000 0.000000
vn 0.000000 -0.342681 0.939452
vn 0.000000 -0.156435 0.987688
vn 0.000000 -0.342682 0.939452
vn 0.000000 -0.156435 0.987688
vn 0.000000 -0.453990 0.891007
vn 0.000000 -0.453990 0.891007
vn 0.000000 -0.342682 -0.939451
vn 0.000000 -0.156435 -0.987688
vn 0.000000 -0.342682 -0.939451
vn 0.000000 -0.156435 -0.987688
vn 0.000000 -0.453991 -0.891006
vn 0.000000 -0.453991 -0.891006
vn -1.000000 0.000000 0.000000
vn -1.000000 0.000000 0.000000
vn -1.000000 0.000000 0.000000
vn -1.000000 0.000000 0.000000
vn -1.000000 0.000000 0.000000
vn 0.000000 -1.000000 0.000000
vn 0.000000 -1.000000 0.000000
vn 0.000000 -1.000000 0.000000
vn 0.000000 -1.000000 0.000000
vn 0.000000 1.000000 0.000000
vn 0.000000 1.000000 0.000000
vn 0.000000 1.000000 0.000000
vn 0.000000 1.000000 0.000000
vn 1.000000 0.000000 0.000000
vn 1.000000 0.000000 0.000000
vn 1.000000 -0.000000 0.000000
vn 1.000000 -0.000000 0.000000
vn 1.000000 -0.000001 0.000000
vn 1.000000 0.000000 0.000000
vn 0.000000 0.000000 1.000000
vn 0.000000 0.000000 1.000000
vn 0.000000 0.000000 1.000000
vn 0.000000 0.000000 1.000000
vn 1.000000 0.000000 0.000000
vn 1.000000 0.000000 0.000000
vn 1.000000 0.000000 0.000000
vn 1.000000 0.000000 0.000000
vn 1.000000 0.000000 0.000000
vn 0.000000 -0.342682 -0.939452
vn 0.000000 -0.453991 -0.891007
vn 0.000000 -0.342682 -0.939452
vn 0.000000 -0.453991 -0.891007
vn 0.000000 -0.156434 -0.987688
vn 0.000000 -0.156434 -0.987688
vn 1.000000 0.000000 0.000000
vn 1.000000 0.000000 0.000000
vn 1.000000 0.000000 0.000000
vn 1.000000 0.000000 0.000000
vn 1.000000 0.000000 0.000000
vn 0.000000 -0.342681 0.939452
vn 0.000000 -0.453990 0.891007
vn 0.000000 -0.342681 0.939452
vn 0.000000 -0.453990 0.891007
vn 0.000000 -0.156435 0.987688
vn 0.000000 -0.156435 0.987688
vn 0.000000 1.000000 0.000000
vn 0.000000 1.000000 0.000000
vn 0.000000 1.000000 0.000000
vn 0.000000 1.000000 0.000000
vn 0.000000 -1.000000 0.000000
vn 0.000000 -1.000000 0.000000
vn 0.000000 -1.000000 0.000000
vn 0.000000 -1.000000 0.000000
vn 0.000000 0.000000 -1.000000
vn 0.000000 0.000000 -1.000000
vn 0.000000 0.000000 -1.000000
vn 0.000000 0.000000 -1.000000
vn -1.000000 0.000000 0.000000
vn -1.000000 0.000000 0.000000
vn -1.000000 0.000000 0.000000
vn -1.000000 -0.000000 0.000000
vn -1.000000 -0.000000 0.000000
vn -1.000000 -0.000001 0.000000
vn -1.000000 0.000000 0.000000
vn -1.000000 0.000000 0.000000
vn -1.000000 0.000000 0.000000
vn -1.000000 0.000000 0.000000
vn -1.000000 0.000000 0.000000
s 1
g polySurface3
usemtl lambert7SG
f 1635/2140/2759 1636/2141/2760 1638/2143/2761
f 1638/2143/2761 1636/2141/2760 1637/2142/2762
s 2
f 1639/2144/2763 1640/2145/2764 1642/2147/2765
f 1642/2147/2765 1640/2145/2764 1641/2146/2766
s 3
f 1643/2148/2767 1637/2149/2768 1644/2151/2769
f 1644/2151/2769 1637/2149/2768 1636/2150/2770
f 1644/2151/2769 1639/2152/2771 1643/2148/2767
f 1643/2148/2767 1639/2152/2771 1642/2153/2772
s 4
f 1645/2154/2773 1646/2155/2774 1648/2157/2775
f 1648/2157/2775 1646/2155/2774 1647/2156/2776
f 1648/2157/2775 1649/2158/2777 1645/2154/2773
f 1645/2154/2773 1649/2158/2777 1650/2159/2778
s 5
f 1649/2163/2779 1648/2164/2780 1652/2162/2781
f 1652/2162/2781 1648/2164/2780 1651/2161/2782
f 1647/2160/2783 1651/2161/2782 1648/2164/2780
s 6
f 1646/2165/2784 1653/2166/2785 1647/2168/2786
f 1647/2168/2786 1653/2166/2785 1651/2167/2787
s 7
f 1652/2162/2788 1654/2169/2789 1649/2171/2790
f 1649/2171/2790 1654/2169/2789 1650/2170/2791
s 8
f 1640/2175/2792 1639/2176/2793 1655/2174/2794
f 1639/2176/2793 1644/2177/2795 1655/2174/2794
f 1655/2174/2794 1644/2177/2795 1635/2173/2796
f 1636/2172/2797 1635/2173/2796 1644/2177/2795
s 9
f 1651/2161/2798 1653/2178/2799 1652/2162/2800
f 1652/2162/2800 1653/2178/2799 1654/2169/2801
s 10
f 1650/2181/2802 1654/2169/2803 1645/2180/2804
f 1645/2180/2804 1654/2169/2803 1646/2179/2805
f 1653/2178/2806 1646/2179/2805 1654/2169/2803
s 11
f 1656/2182/2807 1641/2183/2808 1655/2185/2809
f 1655/2185/2809 1641/2183/2808 1640/2184/2810
f 1655/2185/2809 1635/2186/2811 1656/2182/2807
f 1656/2182/2807 1635/2186/2811 1638/2187/2812
s 12
f 1660/2191/2813 1661/2192/2814 1659/2190/2815
f 1659/2190/2815 1661/2192/2814 1658/2189/2816
f 1657/2188/2817 1658/2189/2816 1661/2192/2814
s 13
f 1661/2193/2818 1660/2194/2819 1663/2196/2820
f 1663/2196/2820 1660/2194/2819 1662/2195/2821
f 1663/2196/2820 1664/2197/2822 1661/2193/2818
f 1661/2193/2818 1664/2197/2822 1657/2198/2823
s 14
f 1660/2199/2824 1659/2200/2825 1662/2202/2826
f 1662/2202/2826 1659/2200/2825 1665/2201/2827
s 15
f 1666/2203/2828 1658/2204/2829 1664/2206/2830
f 1664/2206/2830 1658/2204/2829 1657/2205/2831
s 16
f 1665/2201/2832 1659/2200/2833 1666/2203/2834
f 1666/2203/2834 1659/2200/2833 1658/2204/2835
s 17
f 1642/2210/2836 1641/2211/2837 1643/2209/2838
f 1641/2211/2837 1656/2212/2839 1643/2209/2838
f 1643/2209/2838 1656/2212/2839 1637/2208/2840
f 1638/2207/2841 1637/2208/2840 1656/2212/2839
s 18
f 1662/2216/2842 1665/2217/2843 1663/2215/2844
f 1665/2217/2843 1666/2213/2845 1663/2215/2844
f 1666/2213/2845 1664/2214/2846 1663/2215/2844
g default
v -0.580963 0.262559 3.021074
v 0.580963 0.262559 3.021074
v -0.580963 0.663321 3.021074
v 0.580963 0.663321 3.021074
v -0.580963 0.663321 2.955787
v 0.580963 0.663321 2.955787
v -0.580963 0.262559 2.955787
v 0.580963 0.262559 2.955787
vt 0.375000 0.000000
vt 0.625000 0.000000
vt 0.375000 0.250000
vt 0.625000 0.250000
vt 0.375000 0.500000
vt 0.625000 0.500000
vt 0.375000 0.750000
vt 0.625000 0.750000
vt 0.375000 1.000000
vt 0.625000 1.000000
vt 0.875000 0.000000
vt 0.875000 0.250000
vt 0.125000 0.000000
vt 0.125000 0.250000
vn 0.000000 0.000000 1.000000
vn 0.000000 0.000000 1.000000
vn 0.000000 0.000000 1.000000
vn 0.000000 0.000000 1.000000
vn 0.000000 1.000000 0.000000
vn 0.000000 1.000000 0.000000
vn 0.000000 1.000000 0.000000
vn 0.000000 1.000000 0.000000
vn 0.000000 0.000000 -1.000000
vn 0.000000 0.000000 -1.000000
vn 0.000000 0.000000 -1.000000
vn 0.000000 0.000000 -1.000000
vn 0.000000 -1.000000 0.000000
vn 0.000000 -1.000000 0.000000
vn 0.000000 -1.000000 0.000000
vn 0.000000 -1.000000 0.000000
vn 1.000000 0.000000 0.000000
vn 1.000000 0.000000 0.000000
vn 1.000000 0.000000 0.000000
vn 1.000000 0.000000 0.000000
vn -1.000000 0.000000 0.000000
vn -1.000000 0.000000 0.000000
vn -1.000000 0.000000 0.000000
vn -1.000000 0.000000 0.000000
s 1
g pCube25
usemtl lambert6SG
f 1667/2218/2847 1668/2219/2848 1669/2220/2849
f 1669/2220/2849 1668/2219/2848 1670/2221/2850
s 2
f 1669/2220/2851 1670/2221/2852 1671/2222/2853
f 1671/2222/2853 1670/2221/2852 1672/2223/2854
s 3
f 1671/2222/2855 1672/2223/2856 1673/2224/2857
f 1673/2224/2857 1672/2223/2856 1674/2225/2858
s 4
f 1673/2224/2859 1674/2225/2860 1667/2226/2861
f 1667/2226/2861 1674/2225/2860 1668/2227/2862
s 5
f 1668/2219/2863 1674/2228/2864 1670/2221/2865
f 1670/2221/2865 1674/2228/2864 1672/2229/2866
s 6
f 1673/2230/2867 1667/2218/2868 1671/2231/2869
f 1671/2231/2869 1667/2218/2868 1669/2220/2870
g default
v -0.500000 -0.100000 -0.500000
v 0.500000 -0.100000 -0.500000
v -0.500000 0.100000 -0.500000
v 0.500000 0.100000 -0.500000
v -0.500000 0.100000 -1.500000
v 0.500000 0.100000 -1.500000
v -0.500000 -0.100000 -1.500000
v 0.500000 -0.100000 -1.500000
vt 0.375000 0.000000
vt 0.625000 0.000000
vt 0.375000 0.250000
vt 0.625000 0.250000
vt 0.375000 0.500000
vt 0.625000 0.500000
vt 0.375000 0.750000
vt 0.625000 0.750000
vt 0.375000 1.000000
vt 0.625000 1.000000
vt 0.875000 0.000000
vt 0.875000 0.250000
vt 0.125000 0.000000
vt 0.125000 0.250000
vn 0.000000 0.000000 1.000000
vn 0.000000 0.000000 1.000000
vn 0.000000 0.000000 1.000000
vn 0.000000 0.000000 1.000000
vn 0.000000 1.000000 0.000000
vn 0.000000 1.000000 0.000000
vn 0.000000 1.000000 0.000000
vn 0.000000 1.000000 0.000000
vn 0.000000 0.000000 -1.000000
vn 0.000000 0.000000 -1.000000
vn 0.000000 0.000000 -1.000000
vn 0.000000 0.000000 -1.000000
vn 0.000000 -1.000000 0.000000
vn 0.000000 -1.000000 0.000000
vn 0.000000 -1.000000 0.000000
vn 0.000000 -1.000000 0.000000
vn 1.000000 0.000000 0.000000
vn 1.000000 0.000000 0.000000
vn 1.000000 0.000000 0.000000
vn 1.000000 0.000000 0.000000
vn -1.000000 0.000000 0.000000
vn -1.000000 0.000000 0.000000
vn -1.000000 0.000000 0.000000
vn -1.000000 0.000000 0.000000
s 1
g pCube26
usemtl lambert14SG
f 1675/2232/2871 1676/2233/2872 1677/2234/2873
f 1677/2234/2873 1676/2233/2872 1678/2235/2874
s 2
f 1677/2234/2875 1678/2235/2876 1679/2236/2877
f 1679/2236/2877 1678/2235/2876 1680/2237/2878
s 3
f 1679/2236/2879 1680/2237/2880 1681/2238/2881
f 1681/2238/2881 1680/2237/2880 1682/2239/2882
s 4
f 1681/2238/2883 1682/2239/2884 1675/2240/2885
f 1675/2240/2885 1682/2239/2884 1676/2241/2886
s 5
f 1676/2233/2887 1682/2242/2888 1678/2235/2889
f 1678/2235/2889 1682/2242/2888 1680/2243/2890
s 6
f 1681/2244/2891 1675/2232/2892 1679/2245/2893
f 1679/2245/2893 1675/2232/2892 1677/2234/2894
g default
v 0.520423 0.743476 -1.500000
v 0.693897 0.743476 -1.500000
v 0.693897 0.743476 -1.200000
v 0.520423 0.743476 -1.200000
v -0.118956 1.128166 -1.112234
v 0.118956 1.128166 -1.112234
v 0.118956 1.101274 -1.112234
v -0.118956 1.101274 -1.112234
v 0.520423 0.950186 -1.500000
v 0.693897 0.950186 -1.500000
v 0.693897 0.846831 -1.500000
v 0.520423 0.846831 -1.500000
v -0.603651 1.640725 -1.224435
v -0.598207 1.656291 -0.974998
v -0.564087 1.753853 -0.933918
v -0.572355 1.730209 -1.183009
v -0.346949 0.743476 -0.600000
v -0.173474 0.743476 -0.600000
v -0.173474 0.743476 -0.300000
v -0.346949 0.743476 -0.300000
v -0.837047 0.973364 -0.300000
v -0.837047 0.973364 -0.000000
v -0.802927 1.070925 -0.000000
v -0.802927 1.070925 -0.300000
v -0.471304 1.751982 -1.183009
v -0.118956 1.423529 -1.112234
v -0.397621 1.423529 -1.112234
v -0.394300 1.434270 -1.112234
v -0.118956 1.434270 -1.112234
v -0.632327 1.558730 -1.109164
v -0.632327 1.558730 -1.040691
v -0.622093 1.587992 -1.025208
v -0.611712 1.617674 -0.839632
v -0.598207 1.656291 -0.814084
v -0.322234 1.751982 -1.183009
v -0.425472 1.657184 -1.224435
v -0.534791 1.657184 -1.224435
v 0.867372 0.846831 -1.500000
v 0.867372 0.743476 -1.500000
v -0.867372 0.743476 0.000000
v -0.867372 0.743476 0.300000
v -0.867372 0.846831 0.300000
v -0.867372 0.846831 0.000000
v -0.000000 0.743476 -0.900000
v 0.173474 0.743476 -0.900000
v 0.173474 0.743476 -0.600000
v -0.000000 0.743476 -0.600000
v -0.782908 1.128166 -0.900000
v -0.782908 1.128166 -0.600000
v 0.782908 1.128166 -0.600000
v -0.693897 0.743476 0.000000
v -0.693897 0.743476 0.300000
v 0.346949 0.743476 -1.200000
v 0.520423 0.743476 -0.900000
v 0.346949 0.743476 -0.900000
v 0.496889 1.101274 -1.112234
v 0.403870 1.101274 -1.438830
v 0.401378 1.078589 -1.447578
v -0.463606 1.777030 -0.933918
v 0.520423 1.078589 -1.447578
v 0.675934 1.078589 -1.447578
v -0.356869 1.545269 -1.112234
v -0.118956 1.612753 -1.112234
v -0.520423 0.743476 -0.300000
v -0.346949 0.743476 -0.000000
v -0.520423 0.743476 0.000000
v 0.794658 1.094568 -1.447578
v 0.837047 0.973364 -1.500000
v -0.302287 1.560751 -1.261626
v -0.321286 1.560751 -1.261626
v -0.300757 1.657184 -1.224435
v -0.173474 1.657184 -1.224435
v -0.173474 1.597289 -1.247534
v 0.867372 0.743476 -1.200000
v -0.254026 1.751982 -1.183009
v 0.394875 0.990275 -1.483633
v 0.512287 0.990275 -1.112234
v -0.000000 0.743476 -0.300000
v -0.837047 0.973364 0.300000
v 0.668235 1.175022 -1.410388
v 0.762823 1.185594 -1.410388
v 0.622093 1.587992 -1.025208
v 0.118956 0.990275 -1.112234
v -0.564087 1.753853 -0.782334
v 0.346949 0.743476 -0.600000
v -0.782908 1.128166 -0.077352
v 0.782908 1.128166 -0.300000
v -0.173474 1.751982 -1.183009
v -0.520423 0.743476 0.300000
v 0.520423 1.175022 -1.410388
v 0.730989 1.276620 -1.373197
v 0.693897 0.743476 -0.900000
v 0.657970 1.271454 -1.373197
v -0.353029 1.777030 -0.933918
v 0.379212 1.434270 -1.310405
v 0.394300 1.434270 -1.112234
v 0.487873 1.128166 -1.112234
v 0.397325 1.175022 -1.410388
v 0.867372 0.846831 -1.200000
v 0.118956 1.423529 -1.112234
v 0.118956 1.434270 -1.112234
v -0.611530 1.618196 -0.836371
v 0.611530 1.618196 -0.836371
v -0.768807 1.168486 0.000000
v -0.768807 1.168486 -0.060697
v 0.782908 1.128166 -0.900000
v -0.173474 0.743476 0.000000
v 0.302287 1.560751 -1.261626
v 0.321286 1.560751 -1.261626
v 0.322032 1.555151 -1.263786
v -0.356869 1.545269 -1.267597
v -0.322032 1.555151 -1.263786
v -0.118956 1.612753 -1.241570
v -0.802927 1.070925 0.300000
v 0.699154 1.367647 -1.336007
v 0.645139 1.367887 -1.336007
v 0.356869 1.545269 -1.267597
v 0.356869 1.545269 -1.112234
v -0.867372 0.743476 0.600000
v -0.867372 0.846831 0.600000
v 0.173474 0.743476 -0.300000
v -0.463606 1.777030 -0.782334
v -0.254026 1.777030 -0.933918
v 0.118956 1.612753 -1.112234
v 0.837047 0.973364 -1.200000
v -0.693897 0.743476 0.600000
v -0.000000 1.751982 -1.183009
v -0.000000 1.657184 -1.224435
v 0.667320 1.458673 -1.298816
v 0.520423 1.271454 -1.373197
v 0.520423 0.743476 -0.600000
v 0.627175 1.464319 -1.298816
v -0.734687 1.266047 0.000000
v -0.734687 1.266047 -0.060697
v 0.447019 1.212272 -1.172745
v 0.400329 1.212272 -1.396021
v -0.346949 0.743476 0.300000
v -0.598207 1.656291 -0.548125
v -0.564087 1.753853 -0.486210
v -0.000000 1.612753 -1.241570
v 0.618904 1.597111 -0.060697
v 0.635485 1.549699 -1.261626
v 0.867372 0.743476 -0.900000
v -0.614041 1.611015 -0.572199
v -0.768807 1.168486 0.300000
v 0.611778 1.560751 -1.261626
v -0.173474 1.777030 -0.933918
v -0.000000 0.743476 0.000000
v -0.837047 0.973364 0.600000
v 0.802927 1.070925 -1.200000
v -0.353029 1.777030 -0.782334
v 0.611712 1.617674 -0.839632
v 0.603651 1.640725 -1.224435
v 0.534791 1.657184 -1.224435
v 0.520423 1.367887 -1.336007
v 0.346949 0.743476 -0.300000
v -0.700567 1.363608 0.000000
v -0.700567 1.363608 -0.060697
v 0.397621 1.423528 -1.112234
v 0.572355 1.730209 -1.183009
v 0.471304 1.751982 -1.183009
v -0.520423 0.743476 0.600000
v 0.173474 1.751982 -1.183009
v 0.173474 1.657184 -1.224435
v -0.616629 1.603616 -0.300000
v -0.598207 1.656291 -0.300000
v 0.768807 1.168486 -1.200000
v 0.693897 0.743476 -0.600000
v 0.867372 0.846831 -0.900000
v -0.254026 1.777030 -0.782334
v -0.734687 1.266047 0.300000
v -0.463606 1.777030 -0.486210
v -0.000000 1.777030 -0.933918
v 0.390532 1.271454 -1.373197
v -0.173474 0.743476 0.300000
v 0.382166 1.367887 -1.336007
v 0.393449 1.323271 -1.353213
v -0.666447 1.461169 -0.060697
v -0.802927 1.070925 0.600000
v 0.768807 1.168486 -0.060697
v 0.564087 1.753852 -0.933918
v 0.118956 1.612753 -1.241570
v 0.423503 1.323271 -1.147291
v 0.429854 1.282029 -1.161508
v 0.494761 1.464319 -1.298816
v 0.734687 1.266047 -1.200000
v -0.867372 0.743476 0.900000
v -0.867372 0.846831 0.900000
v 0.173474 0.743476 0.000000
v 0.463605 1.777030 -0.933918
v -0.666447 1.461169 0.000000
v -0.632327 1.558730 -0.060697
v -0.173474 1.777030 -0.782334
v 0.837047 0.973364 -0.900000
v -0.693897 0.743476 0.900000
v -0.564087 1.753853 -0.300000
v 0.734687 1.266047 -0.060697
v 0.254026 1.751982 -1.183009
v 0.300756 1.657184 -1.224435
v -0.734687 1.266047 0.319875
v -0.768807 1.168486 0.319875
v 0.734687 1.266047 0.319875
v 0.520423 0.743476 -0.300000
v -0.353029 1.777030 -0.486210
v -0.618904 1.597111 -0.060697
v 0.425472 1.657184 -1.224435
v 0.456267 1.560751 -1.261626
v 0.700567 1.363608 -0.060697
v -0.700567 1.363608 0.300000
v -0.776009 1.147892 0.600000
v -0.776009 1.147892 0.900000
v -0.385530 1.147892 1.027530
v 0.700567 1.363608 -1.200000
v -0.346949 0.743476 0.600000
v 0.173474 1.597289 -1.247534
v 0.666447 1.461169 -0.060697
v 0.867372 0.743476 -0.600000
v 0.466779 1.128166 -1.186294
v 0.768807 1.168486 -1.179798
v 0.734687 1.266047 -1.164083
v -0.700567 1.363608 0.319875
v 0.700567 1.363608 0.319875
v 0.598207 1.656291 -0.814084
v 0.802927 1.070925 -0.900000
v 0.632327 1.558730 -0.060697
v 0.173474 1.777030 -0.933918
v -0.000000 0.743476 0.300000
v -0.837047 0.973364 0.900000
v 0.322234 1.751982 -1.183009
v -0.632327 1.558730 0.000000
v -0.000000 1.777030 -0.782334
v 0.666447 1.461169 -1.200000
v 0.614041 1.611015 -0.572199
v -0.254026 1.777030 -0.486210
v -0.666447 1.461169 0.319875
v 0.666447 1.461169 0.319875
v 0.346949 0.743476 -0.000000
v -0.463606 1.777030 -0.300000
v -0.776009 1.147892 1.200000
v -0.666447 1.461169 0.300000
v -0.520423 0.743476 0.900000
v 0.598207 1.656291 -0.548125
v 0.693897 0.743476 -0.300000
v -0.632327 1.558730 0.319875
v 0.632327 1.558730 0.319875
v 0.867372 0.846831 -0.600000
v 0.254026 1.777030 -0.933918
v -0.173474 1.777030 -0.486210
v -0.173474 0.743476 0.600000
v 0.632327 1.558730 -1.109164
v -0.612005 1.616837 0.319875
v -0.802927 1.070925 0.900000
v -0.776009 1.147892 1.315450
v -0.537902 1.147892 1.315450
v -0.598207 1.656291 0.000000
v -0.564087 1.753853 0.000000
v -0.837047 0.973364 1.500000
v -0.693897 0.950186 1.500000
v -0.789499 1.109320 1.498911
v -0.353029 1.777030 -0.300000
v -0.867372 0.743476 1.200000
v -0.867372 0.846831 1.200000
v 0.173474 0.743476 0.300000
v 0.369961 1.464319 -1.298816
v 0.353029 1.777030 -0.933918
v 0.173474 1.777030 -0.782334
v -0.385530 1.002988 1.027530
v -0.385530 1.123513 1.027530
v -0.636804 1.123513 1.483705
v -0.632327 1.558730 0.300000
v 0.837047 0.973364 -0.600000
v -0.693897 0.743476 1.200000
v -0.664571 1.002988 1.499601
v -0.648524 1.094218 1.498911
v -0.675934 1.094218 1.498911
v 0.520423 0.743476 -0.000000
v 0.782908 1.128166 -1.186294
v 0.666447 1.461169 -1.092316
v 0.632327 1.558730 -1.040691
v -0.759215 1.195911 1.451295
v -0.000000 1.777030 -0.486210
v -0.346949 0.743476 0.900000
v 0.867372 0.743476 -0.300000
v 0.598207 1.656291 -0.974998
v -0.668235 1.185952 1.451295
v -0.254026 1.777030 -0.300000
v -0.728932 1.282502 1.403679
v 0.802927 1.070925 -0.600000
v -0.463606 1.777030 0.000000
v -0.000000 0.743476 0.600000
v -0.837047 0.973364 1.200000
v -0.603016 1.185952 1.451295
v -0.657970 1.277685 1.403679
v -0.698648 1.369093 1.356063
v -0.519259 1.244038 1.299962
v -0.578744 1.244038 1.421145
v -0.867372 0.846831 1.500000
v -0.867372 0.950186 2.846317
v 0.254026 1.777030 -0.782334
v -0.598207 1.656291 0.300000
v -0.645139 1.369419 1.356063
v -0.128510 1.147892 1.027530
v 0.346949 0.743476 0.300000
v -0.668365 1.455684 1.308448
v -0.560587 1.277685 1.403679
v -0.173474 1.777030 -0.300000
v -0.502834 1.301755 1.290664
v -0.525883 1.364563 1.358584
v -0.627175 1.461153 1.308448
v -0.520423 0.743476 1.200000
v 0.612005 1.616837 0.319875
v -0.638082 1.542275 1.260832
v 0.693897 0.743476 -0.000000
v -0.487909 1.364563 1.269014
v 0.867372 0.846831 -0.300000
v -0.693897 0.950186 2.846317
v -0.353029 1.777030 0.000000
v -0.588682 1.552886 1.260832
v 0.353029 1.777030 -0.782334
v -0.523472 1.369419 1.356063
v -0.516486 1.383494 1.348758
v 0.173474 1.777030 -0.486210
v -0.173474 0.743476 0.900000
v -0.607798 1.628866 1.213216
v -0.486391 1.461153 1.308448
v -0.462827 1.440557 1.242817
v 0.128510 1.147892 1.027530
v -0.802927 1.070925 1.200000
v -0.454367 1.485088 1.219254
v -0.481931 1.485088 1.296024
v -0.494761 1.461153 1.308448
v -0.534791 1.644620 1.213216
v -0.564087 1.753853 0.300000
v -0.867372 0.743476 1.500000
v 0.173474 0.743476 0.600000
v -0.577515 1.715457 1.165600
v -0.484135 1.736354 1.165600
v -0.564087 1.753853 1.007275
v -0.439252 1.552886 1.260832
v -0.000000 1.777030 -0.300000
v -0.463606 1.777030 1.007275
v -0.414993 1.605613 1.155478
v -0.432950 1.605613 1.233464
v 0.837047 0.973364 -0.300000
v -0.693897 0.743476 1.500000
v -0.254026 1.777030 0.000000
v 0.520423 0.743476 0.300000
v 0.463605 1.777030 -0.782334
v 0.385530 1.147892 1.027530
v 0.768807 1.168486 0.319875
v 0.700567 1.363608 -1.133386
v 0.729097 1.282029 -1.161508
v 0.254026 1.777030 -0.486210
v -0.346949 0.743476 1.200000
v -0.309611 1.605057 1.233752
v -0.867372 0.846831 2.949996
v 0.776009 1.147892 0.600000
v 0.867372 0.743476 0.000000
v 0.802927 1.070925 -0.300000
v -0.463606 1.777030 0.300000
v -0.128510 1.600077 1.158407
v -0.000000 0.743476 0.900000
v 0.564087 1.753852 -0.782334
v -0.173474 1.777030 0.000000
v 0.353029 1.777030 -0.486210
v 0.346949 0.743476 0.600000
v -0.173474 1.602050 1.235313
v 0.173474 1.777030 -0.300000
v 0.776009 1.147892 0.900000
v -0.520423 0.743476 1.500000
v 0.680554 1.420831 -1.113661
v -0.128510 1.600857 1.235932
v 0.693897 0.743476 0.300000
v 0.867372 0.846831 0.000000
v -0.598207 1.656291 0.520128
v -0.564087 1.753853 0.445187
v 0.385530 1.123513 1.027530
v 0.537902 1.147892 1.315450
v -0.353029 1.777030 0.300000
v -0.173474 0.743476 1.200000
v 0.385530 1.002988 1.027530
v 0.636804 1.123513 1.483705
v -0.000000 1.777030 0.000000
v 0.463605 1.777030 -0.486210
v 0.173474 0.743476 0.900000
v 0.776009 1.147892 1.200000
v 0.254026 1.777030 -0.300000
v 0.837047 0.973364 0.000000
v -0.254026 1.777030 0.300000
v -0.463606 1.777030 0.445187
v 0.520423 0.743476 0.600000
v 0.564087 1.753852 -0.486210
v 0.664571 1.002988 1.499601
v 0.648524 1.094218 1.498911
v 0.128510 1.600857 1.235932
v 0.128510 1.600077 1.158407
v 0.173474 1.602050 1.235313
v -0.346949 0.743476 1.500000
v 0.867372 0.743476 0.300000
v 0.353029 1.777030 -0.300000
v 0.802927 1.070925 -0.000000
v 0.309611 1.605057 1.233752
v -0.000000 0.743476 1.200000
v -0.173474 1.777030 0.300000
v 0.173474 1.777030 0.000000
v -0.606194 1.633452 0.828648
v -0.598207 1.656291 0.815043
v -0.609501 1.623997 0.539109
v 0.414993 1.605613 1.155478
v 0.398247 1.420831 -1.113661
v -0.353029 1.777030 0.445187
v 0.519259 1.244038 1.299962
v 0.578744 1.244038 1.421145
v -0.564087 1.753853 0.715950
v 0.776009 1.147892 1.315450
v 0.346949 0.743476 0.900000
v 0.525883 1.364563 1.358584
v 0.502834 1.301755 1.290664
v 0.487909 1.364563 1.269014
v 0.603016 1.185951 1.451295
v 0.486391 1.461153 1.308448
v 0.462827 1.440557 1.242817
v 0.560587 1.277685 1.403679
v 0.454367 1.485088 1.219254
v 0.481931 1.485088 1.296024
v 0.463605 1.777030 -0.300000
v 0.439252 1.552886 1.260832
v 0.432950 1.605613 1.233464
v 0.693897 0.743476 0.600000
v 0.523472 1.369419 1.356063
v 0.516486 1.383494 1.348758
v 0.598207 1.656291 -0.300000
v 0.616629 1.603616 -0.300000
v 0.867372 0.846831 0.300000
v 0.494761 1.461153 1.308448
v -0.463606 1.777030 0.715950
v -0.173474 0.743476 1.500000
v -0.128510 1.002988 1.027530
v -0.128510 1.123513 1.027530
v -0.520423 0.743476 2.949996
v -0.346949 0.743476 2.949996
v -0.520423 0.846831 2.949996
v 0.675934 1.094218 1.498911
v 0.693897 0.950186 1.500000
v 0.789499 1.109320 1.498911
v -0.000000 1.777030 0.300000
v 0.254026 1.777030 0.000000
v 0.837047 0.973364 1.500000
v -0.254026 1.777030 0.445187
v -0.764601 1.180512 1.310195
v -0.731997 1.273736 1.295178
v 0.463605 1.777030 1.007275
v 0.484135 1.736354 1.165600
v 0.564087 1.753852 1.007275
v 0.668235 1.185951 1.451295
v 0.759215 1.195911 1.451295
v -0.346949 0.846831 2.876768
v 0.564087 1.753852 -0.300000
v 0.173474 0.743476 1.200000
v 0.657970 1.277685 1.403679
v 0.728932 1.282502 1.403679
v 0.645139 1.369419 1.356063
v 0.698648 1.369093 1.356063
v 0.577515 1.715457 1.165600
v 0.627175 1.461153 1.308448
v 0.668365 1.455684 1.308448
v 0.837047 0.973364 0.300000
v 0.534791 1.644620 1.213216
v 0.588682 1.552886 1.260832
v 0.638082 1.542275 1.260832
v 0.607798 1.628866 1.213216
v 0.520423 0.743476 0.900000
v 0.353029 1.777030 0.000000
v -0.173474 1.777030 0.445187
v 0.734687 1.266047 0.000000
v 0.768807 1.168486 -0.000000
v -0.353029 1.777030 0.715950
v -0.520423 0.846831 1.500000
v -0.346949 0.846831 1.500000
v -0.346949 0.950186 1.500000
v -0.520423 0.950186 1.500000
v 0.867372 0.743476 0.600000
v 0.802927 1.070925 0.300000
v 0.700567 1.363608 0.000000
v -0.000000 0.743476 1.500000
v 0.173474 1.777030 0.300000
v -0.598207 1.656291 1.081205
v 0.463605 1.777030 0.000000
v -0.520423 1.002988 1.499601
v -0.346949 1.002988 1.499601
v 0.693897 0.950186 2.846317
v 0.346949 0.743476 1.200000
v -0.254026 1.777030 0.715950
v 0.768807 1.168486 0.300000
v -0.000000 1.777030 0.445187
v 0.666447 1.461169 0.000000
v 0.128510 1.002988 1.027530
v 0.128510 1.123513 1.027530
v 0.867372 0.950186 2.846317
v 0.867372 0.846831 1.500000
v -0.667276 1.458798 1.233165
v -0.634816 1.551611 1.184053
v 0.693897 0.743476 0.900000
v 0.867372 0.846831 0.600000
v 0.734687 1.266047 0.300000
v 0.632327 1.558730 0.000000
v 0.564087 1.753852 0.000000
v 0.598207 1.656291 0.000000
v -0.173474 0.846831 1.500000
v -0.173474 0.950186 1.500000
v 0.254026 1.777030 0.300000
v -0.173474 1.777030 0.715950
v -0.867372 0.743476 2.949996
v 0.173474 0.743476 1.500000
v 0.700567 1.363608 0.300000
v -0.693897 0.743476 2.949996
v 0.837047 0.973364 0.600000
v -0.173474 1.002988 1.499601
v 0.520423 0.743476 1.200000
v -0.353029 1.777030 1.007275
v 0.353029 1.777030 0.300000
v 0.173474 1.777030 0.445187
v 0.666447 1.461169 0.300000
v -0.456267 1.552886 1.260832
v -0.000000 1.777030 0.715950
v 0.867372 0.743476 0.900000
v 0.802927 1.070925 0.600000
v 0.632327 1.558730 0.300000
v -0.000000 0.846831 1.500000
v -0.000000 0.950186 1.500000
v 0.346949 0.846831 2.876768
v 0.346949 0.743476 2.949996
v 0.520423 0.846831 2.949996
v -0.425472 1.644620 1.213216
v -0.254026 1.777030 1.007275
v 0.463605 1.777030 0.300000
v 0.867372 0.846831 2.949996
v 0.346949 0.743476 1.500000
v 0.520423 0.743476 2.949996
v 0.254026 1.777030 0.445187
v 0.598207 1.656291 0.300000
v 0.693897 0.743476 1.200000
v 0.867372 0.846831 0.900000
v -0.383824 1.736354 1.165600
v -0.173474 1.777030 1.007275
v 0.564087 1.753852 0.300000
v 0.173474 1.777030 0.715950
v 0.353029 1.777030 0.445187
v 0.173474 0.846831 1.500000
v 0.173474 0.950186 1.500000
v 0.837047 0.973364 0.900000
v -0.520423 0.950186 2.846317
v -0.274556 1.736354 1.165600
v 0.520423 0.743476 1.500000
v -0.300757 1.644620 1.213216
v -0.000000 1.777030 1.007275
v 0.463605 1.777030 0.445187
v 0.254026 1.777030 0.715950
v 0.867372 0.743476 1.200000
v 0.802927 1.070925 0.900000
v -0.173474 1.644620 1.213216
v -0.173474 1.736354 1.165600
v 0.564087 1.753852 0.445187
v 0.346949 0.846831 1.500000
v 0.346949 0.950186 1.500000
v 0.353029 1.777030 0.715950
v 0.598207 1.656291 0.520128
v 0.693897 0.743476 1.500000
v -0.173474 0.743476 2.949996
v 0.867372 0.846831 1.200000
v 0.173474 1.777030 1.007275
v 0.173474 1.002988 1.499601
v 0.346949 1.002988 1.499601
v -0.000000 1.736354 1.165600
v 0.463605 1.777030 0.715950
v -0.173474 0.846831 2.876768
v -0.000000 1.644620 1.213216
v 0.837047 0.973364 1.200000
v 0.520423 0.846831 1.500000
v 0.520423 0.950186 1.500000
v 0.254026 1.777030 1.007275
v 0.564087 1.753852 0.715950
v 0.867372 0.743476 1.500000
v -0.000000 0.743476 2.949996
v 0.802927 1.070925 1.200000
v 0.520423 1.002988 1.499601
v 0.598207 1.656291 0.815043
v 0.609501 1.623997 0.539109
v 0.606194 1.633452 0.828648
v 0.173474 1.736354 1.165600
v 0.353029 1.777030 1.007275
v -0.000000 0.846831 2.876768
v -0.693897 0.846831 2.949996
v 0.173474 1.644620 1.213216
v -0.699725 1.366016 1.268513
v -0.722198 1.301755 1.290664
v 0.173474 0.743476 2.949996
v 0.274556 1.736354 1.165600
v 0.300756 1.644620 1.213216
v -0.612112 1.616532 1.099258
v -0.604631 1.637922 0.965527
v 0.173474 0.846831 2.876768
v -0.673656 1.440557 1.242817
v 0.383824 1.736354 1.165600
v 0.598207 1.656291 1.081205
v 0.425472 1.644620 1.213216
v 0.456267 1.552886 1.260832
v 0.731997 1.273736 1.295178
v 0.764601 1.180512 1.310195
v 0.634816 1.551611 1.184053
v 0.667276 1.458798 1.233165
v 0.693897 0.743476 2.949996
v 0.520423 0.950186 2.846317
v -0.128510 1.002988 1.499601
v -0.000000 1.002988 1.499601
v 0.128510 1.002988 1.499601
v 0.867372 0.743476 2.949996
v -0.000000 1.600857 1.235932
v 0.693897 0.846831 2.949996
v -0.666447 1.461169 -1.092316
v -0.680554 1.420831 -1.113661
v -0.398247 1.420831 -1.113661
v -0.615194 1.607718 1.154364
v 0.612112 1.616532 1.099258
v 0.604631 1.637922 0.965527
v 0.722199 1.301755 1.290664
v 0.699724 1.366016 1.268513
v 0.673656 1.440557 1.242817
v 0.615194 1.607718 1.154364
v -0.456267 1.560751 -1.261626
v -0.693897 0.743476 -0.300000
v 0.173474 0.743476 -1.200000
v -0.118956 0.990275 -1.112234
v -0.867372 0.846831 -0.300000
v -0.173474 0.743476 -0.900000
v -0.611778 1.560751 -1.261626
v -0.379212 1.434270 -1.310405
v 0.346949 0.950186 -1.500000
v 0.346949 0.990275 -1.483633
v -0.520423 0.743476 -0.600000
v -0.802927 1.070925 -0.600000
v -0.635485 1.549699 -1.261626
v 0.346949 0.846831 -1.500000
v 0.346949 0.743476 -1.500000
v -0.369961 1.464319 -1.298816
v -0.867372 0.743476 -0.300000
v 0.173474 0.990275 -1.483633
v 0.118956 0.990275 -1.483633
v -0.627175 1.464319 -1.298816
v -0.000000 0.743476 -1.200000
v -0.837047 0.973364 -0.600000
v -0.667320 1.458673 -1.298816
v -0.666447 1.461169 -1.200000
v 0.173474 0.950186 -1.500000
v -0.346949 0.743476 -0.900000
v -0.645139 1.367886 -1.336007
v -0.693897 0.743476 -0.600000
v -0.494761 1.464319 -1.298816
v -0.699154 1.367647 -1.336007
v 0.173474 0.846831 -1.500000
v 0.173474 0.743476 -1.500000
v -0.466779 1.128166 -1.186294
v -0.782908 1.128166 -1.186294
v -0.512287 0.990275 -1.112234
v -0.496889 1.101274 -1.112234
v -0.657970 1.271454 -1.373197
v -0.867372 0.846831 -0.600000
v -0.173474 0.743476 -1.200000
v -0.730989 1.276620 -1.373197
v -0.520423 0.743476 -0.900000
v -0.802927 1.070925 -0.900000
v -0.668235 1.175022 -1.410388
v -0.520423 1.367886 -1.336007
v -0.867372 0.743476 -0.600000
v -0.487873 1.128166 -1.112234
v -0.762823 1.185594 -1.410388
v -0.000000 0.950186 -1.500000
v -0.000000 0.846831 -1.500000
v -0.000000 0.743476 -1.500000
v -0.700567 1.363608 -1.200000
v -0.000000 0.990275 -1.483633
v -0.118956 0.990275 -1.483633
v -0.837047 0.973364 -0.900000
v -0.675934 1.078589 -1.447578
v -0.346949 0.743476 -1.200000
v -0.390532 1.271454 -1.373197
v -0.393449 1.323271 -1.353213
v -0.423503 1.323271 -1.147291
v -0.794658 1.094568 -1.447578
v -0.693897 0.743476 -0.900000
v -0.520423 1.271454 -1.373197
v -0.429854 1.282029 -1.161508
v -0.447019 1.212272 -1.172745
v -0.400329 1.212272 -1.396021
v -0.693897 0.950186 -1.500000
v -0.700567 1.363608 -1.133386
v -0.734687 1.266047 -1.200000
v -0.382166 1.367886 -1.336007
v -0.173474 0.950186 -1.500000
v -0.173474 0.846831 -1.500000
v -0.867372 0.846831 -0.900000
v -0.173474 0.743476 -1.500000
v -0.837047 0.973364 -1.500000
v -0.401378 1.078589 -1.447578
v -0.403870 1.101274 -1.438830
v -0.394875 0.990275 -1.483633
v -0.734687 1.266047 -1.164083
v -0.768807 1.168486 -1.200000
v -0.768807 1.168486 -1.179798
v -0.520423 0.743476 -1.200000
v -0.520423 1.175022 -1.410388
v -0.173474 0.990275 -1.483633
v -0.346949 0.950186 -1.500000
v -0.346949 0.990275 -1.483633
v -0.867372 0.743476 -0.900000
v -0.397325 1.175022 -1.410388
v -0.837047 0.973364 -1.200000
v -0.802927 1.070925 -1.200000
v -0.346949 0.846831 -1.500000
v -0.346949 0.743476 -1.500000
v -0.520423 1.078589 -1.447578
v -0.729097 1.282029 -1.161508
v -0.693897 0.743476 -1.200000
v -0.867372 0.846831 -1.200000
v -0.520423 0.950186 -1.500000
v -0.520423 0.846831 -1.500000
v -0.520423 0.743476 -1.500000
v -0.867372 0.743476 -1.200000
v -0.693897 0.846831 -1.500000
v -0.693897 0.743476 -1.500000
v -0.867372 0.846831 -1.500000
v -0.867372 0.743476 -1.500000
vt 0.575000 0.750000
vt 0.600000 0.750000
vt 0.600000 0.775000
vt 0.575000 0.775000
vt 0.458333 0.062114
vt 0.541667 0.062114
vt 0.541667 0.050000
vt 0.458333 0.050000
vt 0.575000 0.700000
vt 0.600000 0.700000
vt 0.600000 0.725000
vt 0.575000 0.725000
vt 0.125000 0.225000
vt 0.150000 0.225000
vt 0.150000 0.250000
vt 0.125000 0.250000
vt 0.450000 0.825000
vt 0.475000 0.825000
vt 0.475000 0.850000
vt 0.450000 0.850000
vt 0.225000 0.050000
vt 0.250000 0.050000
vt 0.250000 0.075000
vt 0.225000 0.075000
vt 0.375000 0.500000
vt 0.375000 0.475000
vt 0.400000 0.500000
vt 0.458333 0.195161
vt 0.375000 0.195161
vt 0.375000 0.200000
vt 0.458333 0.200000
vt 0.150000 0.200000
vt 0.157425 0.200000
vt 0.154875 0.207498
vt 0.175000 0.215104
vt 0.175000 0.225000
vt 0.425000 0.500000
vt 0.425000 0.525000
vt 0.400000 0.525000
vt 0.625000 0.725000
vt 0.625000 0.750000
vt 0.250000 0.000000
vt 0.275000 0.000000
vt 0.275000 0.025000
vt 0.250000 0.025000
vt 0.500000 0.800000
vt 0.525000 0.800000
vt 0.525000 0.825000
vt 0.500000 0.825000
vt 0.537282 0.376270
vt 0.523956 0.334625
vt 0.507528 0.712425
vt 0.375000 0.875000
vt 0.400000 0.875000
vt 0.400000 0.900000
vt 0.375000 0.900000
vt 0.550000 0.775000
vt 0.575000 0.800000
vt 0.550000 0.800000
vt 0.625000 0.050000
vt 0.791082 0.050000
vt 0.795531 0.039782
vt 0.400000 0.475000
vt 0.575000 0.675000
vt 0.600000 0.675000
vt 0.375000 0.250000
vt 0.458333 0.250000
vt 0.425000 0.850000
vt 0.450000 0.875000
vt 0.425000 0.875000
vt 0.625000 0.675000
vt 0.625000 0.700000
vt 0.453214 0.550000
vt 0.450000 0.550000
vt 0.450000 0.525000
vt 0.475000 0.525000
vt 0.475000 0.540528
vt 0.625000 0.775000
vt 0.450000 0.500000
vt 0.813865 0.000000
vt 0.625000 0.000000
vt 0.500000 0.850000
vt 0.275000 0.050000
vt 0.600000 0.650000
vt 0.625000 0.650000
vt 0.587500 0.395877
vt 0.587500 0.604123
vt 0.599784 0.397615
vt 0.541667 0.000000
vt 0.175000 0.250000
vt 0.550000 0.825000
vt 0.510630 0.292981
vt 0.507528 0.754070
vt 0.475000 0.500000
vt 0.425000 0.900000
vt 0.575000 0.650000
vt 0.625000 0.625000
vt 0.600000 0.800000
vt 0.600000 0.625000
vt 0.425000 0.475000
vt 0.725775 0.200000
vt 0.625000 0.200000
vt 0.625000 0.062114
vt 0.557260 0.650000
vt 0.557844 0.675000
vt 0.558203 0.669119
vt 0.850000 0.000000
vt 0.875000 0.000000
vt 0.875000 0.025000
vt 0.850000 0.025000
vt 0.541667 0.195161
vt 0.541667 0.200000
vt 0.600000 0.397645
vt 0.600000 0.602355
vt 0.250000 0.100000
vt 0.244942 0.100000
vt 0.225000 0.089668
vt 0.507528 0.670781
vt 0.475000 0.875000
vt 0.546786 0.550000
vt 0.550000 0.550000
vt 0.550000 0.551452
vt 0.375000 0.329006
vt 0.387202 0.327068
vt 0.394118 0.325969
vt 0.439237 0.318804
vt 0.458333 0.315771
vt 0.275000 0.075000
vt 0.625000 0.600000
vt 0.600000 0.600000
vt 0.704006 0.250000
vt 0.625000 0.250000
vt 0.300000 0.000000
vt 0.300000 0.025000
vt 0.525000 0.850000
vt 0.375000 0.450000
vt 0.400000 0.450000
vt 0.450000 0.475000
vt 0.541667 0.250000
vt 0.875000 0.050000
vt 0.850000 0.050000
vt 0.400000 0.925000
vt 0.375000 0.925000
vt 0.500000 0.500000
vt 0.500000 0.525000
vt 0.625000 0.575000
vt 0.575000 0.625000
vt 0.575000 0.825000
vt 0.600000 0.575000
vt 0.250000 0.125000
vt 0.244942 0.125000
vt 0.655771 0.100000
vt 0.769313 0.100000
vt 0.776618 0.083220
vt 0.450000 0.900000
vt 0.200000 0.225000
vt 0.200000 0.250000
vt 0.500000 0.536519
vt 0.482857 0.536519
vt 0.509673 0.250654
vt 0.622289 0.568626
vt 0.625000 0.550000
vt 0.625000 0.800000
vt 0.200000 0.213398
vt 0.175265 0.215238
vt 0.275000 0.100000
vt 0.600000 0.550000
vt 0.475000 0.475000
vt 0.500000 0.875000
vt 0.300000 0.050000
vt 0.875000 0.075000
vt 0.850000 0.075000
vt 0.425000 0.450000
vt 0.599784 0.602385
vt 0.625000 0.525000
vt 0.600000 0.525000
vt 0.575000 0.600000
vt 0.538412 0.247670
vt 0.550000 0.850000
vt 0.250000 0.150000
vt 0.244942 0.150000
vt 0.625000 0.195161
vt 0.625000 0.500000
vt 0.600000 0.500000
vt 0.425000 0.925000
vt 0.525000 0.500000
vt 0.525000 0.525000
vt 0.225000 0.211502
vt 0.225000 0.225000
vt 0.875000 0.100000
vt 0.850000 0.100000
vt 0.600000 0.825000
vt 0.570253 0.255761
vt 0.825000 0.000000
vt 0.825000 0.025000
vt 0.450000 0.450000
vt 0.275000 0.125000
vt 0.375000 0.425000
vt 0.400000 0.425000
vt 0.500000 0.475000
vt 0.556281 0.625000
vt 0.557693 0.640343
vt 0.475000 0.900000
vt 0.555075 0.600000
vt 0.556701 0.611566
vt 0.602094 0.263851
vt 0.300000 0.075000
vt 0.509673 0.722477
vt 0.625000 0.475000
vt 0.500000 0.315771
vt 0.541667 0.315771
vt 0.642828 0.150000
vt 0.747544 0.150000
vt 0.757706 0.126659
vt 0.650057 0.131422
vt 0.575000 0.575000
vt 0.875000 0.125000
vt 0.850000 0.125000
vt 0.325000 0.000000
vt 0.325000 0.025000
vt 0.525000 0.875000
vt 0.600000 0.475000
vt 0.250000 0.175000
vt 0.244942 0.175000
vt 0.633934 0.271941
vt 0.475000 0.450000
vt 0.825000 0.050000
vt 0.400000 0.950000
vt 0.375000 0.950000
vt 0.225000 0.250000
vt 0.533078 0.679500
vt 0.550000 0.500000
vt 0.550000 0.525000
vt 0.528345 0.686073
vt 0.504941 0.729049
vt 0.531840 0.247670
vt 0.575000 0.850000
vt 0.425000 0.425000
vt 0.646460 0.275124
vt 0.575000 0.525000
vt 0.575000 0.550000
vt 0.556483 0.636523
vt 0.275000 0.150000
vt 0.507682 0.742170
vt 0.507682 0.695087
vt 0.516396 0.609715
vt 0.875000 0.150000
vt 0.850000 0.150000
vt 0.450000 0.925000
vt 0.525000 0.540528
vt 0.517143 0.536519
vt 0.579887 0.593547
vt 0.625000 0.825000
vt 0.276656 0.125000
vt 0.276656 0.100000
vt 0.662661 0.062114
vt 0.848317 0.100000
vt 0.847007 0.125000
vt 0.551750 0.643096
vt 0.563680 0.255761
vt 0.825000 0.215104
vt 0.825000 0.225000
vt 0.824735 0.215238
vt 0.825000 0.075000
vt 0.609239 0.571809
vt 0.525000 0.475000
vt 0.500000 0.900000
vt 0.325000 0.050000
vt 0.575000 0.500000
vt 0.250000 0.200000
vt 0.244942 0.200000
vt 0.500000 0.450000
vt 0.875000 0.175000
vt 0.850000 0.175000
vt 0.800000 0.213398
vt 0.450000 0.425000
vt 0.575155 0.600119
vt 0.595521 0.263851
vt 0.550000 0.875000
vt 0.375000 0.400000
vt 0.400000 0.400000
vt 0.507682 0.648003
vt 0.275000 0.175000
vt 0.425000 0.950000
vt 0.800000 0.225000
vt 0.600000 0.850000
vt 0.276656 0.150000
vt 0.602667 0.571809
vt 0.627362 0.271941
vt 0.800000 0.000000
vt 0.800000 0.025000
vt 0.550000 0.475000
vt 0.475000 0.425000
vt 0.475000 0.925000
vt 0.875000 0.200000
vt 0.850000 0.200000
vt 0.622424 0.566990
vt 0.325000 0.075000
vt 0.507682 0.629884
vt 0.512996 0.590031
vt 0.250000 0.225000
vt 0.250000 0.250000
vt 0.375000 0.050000
vt 0.400000 0.050000
vt 0.375000 0.075000
vt 0.425000 0.400000
vt 0.350000 0.000000
vt 0.350000 0.025000
vt 0.525000 0.900000
vt 0.719882 0.213536
vt 0.575000 0.475000
vt 0.525000 0.450000
vt 0.125000 0.000000
vt 0.125000 0.050000
vt 0.347288 0.050000
vt 0.275000 0.200000
vt 0.800000 0.050000
vt 0.400000 0.975000
vt 0.375000 0.975000
vt 0.355034 0.000000
vt 0.354698 0.037847
vt 0.125000 0.060114
vt 0.265300 0.060114
vt 0.400000 0.075000
vt 0.575000 0.875000
vt 0.507528 0.631039
vt 0.514583 0.578127
vt 0.514112 0.591938
vt 0.522345 0.530191
vt 0.527655 0.490370
vt 0.276656 0.175000
vt 0.841026 0.175000
vt 0.842575 0.200000
vt 0.375000 0.100000
vt 0.500000 0.425000
vt 0.450000 0.950000
vt 0.300000 0.094723
vt 0.325000 0.094723
vt 0.625000 0.850000
vt 0.875000 0.225000
vt 0.850000 0.225000
vt 0.400000 0.100000
vt 0.450000 0.400000
vt 0.375000 0.125000
vt 0.800000 0.075000
vt 0.375000 0.375000
vt 0.400000 0.375000
vt 0.500000 0.925000
vt 0.350000 0.050000
vt 0.331496 0.075903
vt 0.400000 0.125000
vt 0.375000 0.150000
vt 0.257753 0.100000
vt 0.316804 0.100000
vt 0.375000 0.025000
vt 0.375000 0.050000
vt 0.550000 0.450000
vt 0.275000 0.225000
vt 0.800000 0.089668
vt 0.825000 0.089668
vt 0.400000 0.150000
vt 0.522132 0.566697
vt 0.550000 0.900000
vt 0.375000 0.175000
vt 0.308293 0.113959
vt 0.555578 0.575000
vt 0.556251 0.582790
vt 0.475000 0.400000
vt 0.276791 0.200000
vt 0.253222 0.123944
vt 0.286319 0.150000
vt 0.400000 0.175000
vt 0.425000 0.975000
vt 0.646326 0.276760
vt 0.375000 0.200000
vt 0.600000 0.875000
vt 0.875000 0.250000
vt 0.850000 0.250000
vt 0.242672 0.150000
vt 0.775000 0.000000
vt 0.775000 0.025000
vt 0.400000 0.050000
vt 0.425000 0.375000
vt 0.400000 0.200000
vt 0.575000 0.450000
vt 0.285090 0.152015
vt 0.281530 0.157854
vt 0.525000 0.425000
vt 0.475000 0.950000
vt 0.375000 0.225000
vt 0.261888 0.190070
vt 0.229907 0.181526
vt 0.527868 0.523678
vt 0.350000 0.075000
vt 0.218425 0.200000
vt 0.255834 0.200000
vt 0.426302 0.175000
vt 0.425000 0.175000
vt 0.425000 0.153836
vt 0.400000 0.225000
vt 0.275000 0.250000
vt 0.375000 0.000000
vt 0.525000 0.925000
vt 0.375000 0.250000
vt 0.400000 0.250000
vt 0.375000 0.275000
vt 0.238685 0.228126
vt 0.500000 0.400000
vt 0.400000 0.275000
vt 0.187347 0.250000
vt 0.225349 0.250000
vt 0.775000 0.050000
vt 0.400000 1.000000
vt 0.375000 1.000000
vt 0.450000 0.375000
vt 0.575000 0.900000
vt 0.600000 0.450000
vt 0.533604 0.480659
vt 0.504941 0.257227
vt 0.844449 0.150000
vt 0.846792 0.129095
vt 0.550000 0.425000
vt 0.450000 0.975000
vt 0.375000 0.399651
vt 0.375000 0.437653
vt 0.402412 0.399510
vt 0.350000 0.094723
vt 0.375000 0.025000
vt 0.514068 0.305843
vt 0.625000 0.875000
vt 0.775000 0.075000
vt 0.375000 0.350000
vt 0.400000 0.350000
vt 0.458333 0.436225
vt 0.500000 0.950000
vt 0.825000 0.250000
vt 0.475000 0.375000
vt 0.625000 0.450000
vt 0.775000 0.089668
vt 0.575000 0.425000
vt 0.550000 0.925000
vt 0.443755 0.398750
vt 0.525000 0.400000
vt 0.529135 0.352926
vt 0.425000 1.000000
vt 0.842805 0.164663
vt 0.458333 0.398448
vt 0.600000 0.900000
vt 0.750000 0.000000
vt 0.750000 0.025000
vt 0.300000 0.225000
vt 0.300000 0.250000
vt 0.875000 0.060114
vt 0.875000 0.050000
vt 0.734700 0.060114
vt 0.425000 0.350000
vt 0.475000 0.975000
vt 0.875000 0.000000
vt 0.652712 0.050000
vt 0.500000 0.375000
vt 0.600000 0.425000
vt 0.525000 0.950000
vt 0.542318 0.388235
vt 0.550000 0.400000
vt 0.750000 0.050000
vt 0.450000 0.350000
vt 0.375000 0.325000
vt 0.400000 0.325000
vt 0.537004 0.409969
vt 0.575000 0.925000
vt 0.800000 0.250000
vt 0.625000 0.425000
vt 0.644966 0.000000
vt 0.645302 0.037847
vt 0.541667 0.398448
vt 0.541667 0.436225
vt 0.556245 0.398750
vt 0.450000 1.000000
vt 0.625000 0.900000
vt 0.575000 0.400000
vt 0.750000 0.075000
vt 0.597588 0.399510
vt 0.500000 0.975000
vt 0.475000 0.350000
vt 0.525000 0.375000
vt 0.325000 0.219147
vt 0.325000 0.225000
vt 0.300000 0.216725
vt 0.625000 0.437653
vt 0.625726 0.193946
vt 0.738794 0.170097
vt 0.425000 0.325000
vt 0.742247 0.100000
vt 0.683196 0.100000
vt 0.325000 0.250000
vt 0.542318 0.370116
vt 0.550000 0.950000
vt 0.713681 0.150000
vt 0.746778 0.123944
vt 0.757328 0.150000
vt 0.668504 0.075903
vt 0.738112 0.190070
vt 0.770093 0.181526
vt 0.691707 0.113959
vt 0.781575 0.200000
vt 0.744166 0.200000
vt 0.600000 0.400000
vt 0.761315 0.228126
vt 0.812653 0.250000
vt 0.625000 0.399651
vt 0.600000 0.925000
vt 0.714910 0.152015
vt 0.718470 0.157853
vt 0.775000 0.225000
vt 0.775000 0.211502
vt 0.725000 0.000000
vt 0.725000 0.025000
vt 0.774651 0.250000
vt 0.575000 0.153836
vt 0.575000 0.175000
vt 0.573698 0.175000
vt 0.375000 0.300000
vt 0.400000 0.300000
vt 0.475000 1.000000
vt 0.375000 0.700000
vt 0.375000 0.750000
vt 0.458333 0.750000
vt 0.458333 0.700000
vt 0.425000 0.000000
vt 0.450000 0.000000
vt 0.425000 0.025000
vt 0.600000 0.075000
vt 0.600000 0.050000
vt 0.625000 0.075000
vt 0.848858 0.089668
vt 0.500000 0.350000
vt 0.550000 0.375000
vt 0.625000 0.050000
vt 0.450000 0.325000
vt 0.360963 0.100000
vt 0.361682 0.125000
vt 0.600000 0.275000
vt 0.600000 0.250000
vt 0.625000 0.275000
vt 0.600000 0.100000
vt 0.625000 0.100000
vt 0.450000 0.025000
vt 0.775000 0.250000
vt 0.525000 0.975000
vt 0.560763 0.318804
vt 0.605882 0.325969
vt 0.612797 0.327068
vt 0.625000 0.329006
vt 0.600000 0.125000
vt 0.625000 0.125000
vt 0.625000 0.400000
vt 0.600000 0.150000
vt 0.625000 0.150000
vt 0.625000 0.250000
vt 0.375000 0.689886
vt 0.458333 0.689886
vt 0.600000 0.175000
vt 0.625000 0.175000
vt 0.725000 0.050000
vt 0.600000 0.225000
vt 0.600000 0.200000
vt 0.625000 0.200000
vt 0.625000 0.225000
vt 0.575000 0.950000
vt 0.575000 0.375000
vt 0.475000 0.325000
vt 0.556028 0.554014
vt 0.755058 0.125000
vt 0.750000 0.125000
vt 0.750000 0.100000
vt 0.755058 0.100000
vt 0.425000 0.300000
vt 0.244942 0.209835
vt 0.425000 0.025000
vt 0.450000 0.025000
vt 0.450000 0.050000
vt 0.425000 0.050000
vt 0.625000 0.925000
vt 0.725000 0.075000
vt 0.755058 0.150000
vt 0.750000 0.150000
vt 0.500000 1.000000
vt 0.525000 0.350000
vt 0.350000 0.225000
vt 0.350000 0.250000
vt 0.600000 0.375000
vt 0.425000 0.059165
vt 0.450000 0.059165
vt 0.600000 0.050000
vt 0.550000 0.975000
vt 0.450000 0.300000
vt 0.725000 0.100000
vt 0.500000 0.325000
vt 0.755058 0.175000
vt 0.750000 0.175000
vt 0.541667 0.750000
vt 0.541667 0.700000
vt 0.625000 0.050000
vt 0.625000 0.025000
vt 0.360809 0.175000
vt 0.360816 0.200000
vt 0.600000 0.950000
vt 0.700000 0.000000
vt 0.700000 0.025000
vt 0.725000 0.125000
vt 0.755058 0.200000
vt 0.750000 0.200000
vt 0.625000 0.375000
vt 0.750000 0.225000
vt 0.750000 0.250000
vt 0.475000 0.025000
vt 0.475000 0.050000
vt 0.550000 0.350000
vt 0.475000 0.300000
vt 0.375000 0.000000
vt 0.541667 0.689886
vt 0.525000 1.000000
vt 0.725000 0.150000
vt 0.400000 0.000000
vt 0.400000 0.000000
vt 0.700000 0.050000
vt 0.475000 0.059165
vt 0.575000 0.975000
vt 0.425000 0.275000
vt 0.575000 0.350000
vt 0.525000 0.325000
vt 0.725000 0.175000
vt 0.425000 0.200000
vt 0.500000 0.300000
vt 0.625000 0.950000
vt 0.723344 0.100000
vt 0.723344 0.125000
vt 0.700000 0.075000
vt 0.562500 0.571947
vt 0.562500 0.622032
vt 0.569847 0.617257
vt 0.575000 0.613908
vt 0.575000 0.566657
vt 0.566214 0.570884
vt 0.725000 0.200000
vt 0.500000 0.025000
vt 0.500000 0.050000
vt 0.550000 0.025000
vt 0.550000 0.000000
vt 0.575000 0.025000
vt 0.425000 0.225000
vt 0.450000 0.275000
vt 0.600000 0.350000
vt 0.723344 0.150000
vt 0.625000 0.750000
vt 0.625000 0.700000
vt 0.625000 0.025000
vt 0.550000 1.000000
vt 0.575000 0.000000
vt 0.425000 0.000000
vt 0.550000 0.325000
vt 0.725000 0.225000
vt 0.600000 0.975000
vt 0.723344 0.175000
vt 0.675000 0.000000
vt 0.675000 0.025000
vt 0.625000 0.689886
vt 0.425000 0.250000
vt 0.475000 0.275000
vt 0.625000 0.350000
vt 0.725000 0.250000
vt 0.525000 0.300000
vt 0.575000 0.325000
vt 0.723209 0.200000
vt 0.525000 0.025000
vt 0.525000 0.050000
vt 0.675000 0.050000
vt 0.425000 0.050000
vt 0.450000 0.250000
vt 0.575000 1.000000
vt 0.450000 0.225000
vt 0.450000 0.000000
vt 0.500000 0.275000
vt 0.600000 0.325000
vt 0.550000 0.578127
vt 0.550000 0.631039
vt 0.553275 0.628679
vt 0.561201 0.622968
vt 0.556833 0.574820
vt 0.550000 0.300000
vt 0.625000 0.975000
vt 0.675000 0.075000
vt 0.475000 0.213398
vt 0.475000 0.225000
vt 0.450000 0.214218
vt 0.475000 0.250000
vt 0.675000 0.094723
vt 0.700000 0.094723
vt 0.625000 0.325000
vt 0.550000 0.025000
vt 0.550000 0.050000
vt 0.575000 0.300000
vt 0.700000 0.225000
vt 0.700000 0.250000
vt 0.600000 1.000000
vt 0.475000 0.000000
vt 0.475000 0.000000
vt 0.650000 0.000000
vt 0.650000 0.025000
vt 0.525000 0.275000
vt 0.525000 0.059165
vt 0.550000 0.059165
vt 0.500000 0.250000
vt 0.600000 0.300000
vt 0.475000 0.025000
vt 0.500000 0.225000
vt 0.650000 0.050000
vt 0.845125 0.207498
vt 0.575000 0.025000
vt 0.575000 0.050000
vt 0.550000 0.275000
vt 0.625000 0.300000
vt 0.625000 1.000000
vt 0.500000 0.000000
vt 0.500000 0.000000
vt 0.650000 0.075000
vt 0.575000 0.059165
vt 0.675000 0.225000
vt 0.675000 0.250000
vt 0.700000 0.216725
vt 0.675000 0.219147
vt 0.525000 0.250000
vt 0.575000 0.275000
vt 0.500000 0.025000
vt 0.650000 0.094723
vt 0.400000 0.025000
vt 0.525000 0.225000
vt 0.360975 0.150000
vt 0.362082 0.132571
vt 0.625000 0.000000
vt 0.525000 0.000000
vt 0.525000 0.000000
vt 0.550000 0.250000
vt 0.404406 0.075000
vt 0.405994 0.082984
vt 0.411031 0.100000
vt 0.550000 0.214218
vt 0.550000 0.225000
vt 0.525000 0.213398
vt 0.277044 0.214890
vt 0.350000 0.214812
vt 0.338202 0.220293
vt 0.525000 0.025000
vt 0.361462 0.170179
vt 0.575000 0.250000
vt 0.650000 0.225000
vt 0.650000 0.250000
vt 0.414677 0.115830
vt 0.417700 0.125000
vt 0.575000 0.225000
vt 0.550000 0.000000
vt 0.423927 0.148677
vt 0.424389 0.150000
vt 0.575000 0.200000
vt 0.638318 0.125000
vt 0.639037 0.100000
vt 0.639184 0.200000
vt 0.639191 0.175000
vt 0.575000 0.000000
vt 0.600000 0.000000
vt 0.600000 0.000000
vt 0.575000 0.050000
vt 0.458333 0.980034
vt 0.500000 0.980034
vt 0.541667 0.980034
vt 0.425453 0.181523
vt 0.428151 0.200000
vt 0.500000 0.059165
vt 0.481480 0.059165
vt 0.625000 0.000000
vt 0.360801 0.091280
vt 0.518520 0.059165
vt 0.403411 0.059165
vt 0.500000 0.213073
vt 0.481480 0.213073
vt 0.600000 0.025000
vt 0.500000 0.398448
vt 0.518520 0.213073
vt 0.575000 0.577466
vt 0.568156 0.581664
vt 0.562500 0.584162
vt 0.562500 0.620878
vt 0.568287 0.617116
vt 0.575000 0.612753
vt 0.612500 0.396411
vt 0.608643 0.396792
vt 0.604257 0.397225
vt 0.604257 0.602775
vt 0.608643 0.603208
vt 0.612500 0.603589
vt 0.755058 0.209835
vt 0.585312 0.394165
vt 0.578016 0.388454
vt 0.575000 0.386092
vt 0.575000 0.433343
vt 0.575201 0.433448
vt 0.575202 0.480090
vt 0.575202 0.519910
vt 0.575202 0.566552
vt 0.578016 0.611546
vt 0.585312 0.605835
vt 0.360519 0.215240
vt 0.650000 0.214812
vt 0.661798 0.220293
vt 0.595594 0.075000
vt 0.588969 0.100000
vt 0.594006 0.082984
vt 0.571849 0.200000
vt 0.574547 0.181523
vt 0.582300 0.125000
vt 0.585323 0.115830
vt 0.575611 0.150000
vt 0.576073 0.148677
vt 0.637919 0.132571
vt 0.639025 0.150000
vt 0.638538 0.170179
vt 0.426073 0.214369
vt 0.557811 0.586911
vt 0.550000 0.590031
vt 0.550000 0.629884
vt 0.552650 0.627975
vt 0.560224 0.622518
vt 0.722957 0.214890
vt 0.600000 0.398800
vt 0.591147 0.397548
vt 0.587500 0.397032
vt 0.587500 0.602968
vt 0.591147 0.602452
vt 0.600000 0.601200
vt 0.375000 0.980034
vt 0.397290 0.980034
vt 0.423760 0.980034
vt 0.450631 0.980034
vt 0.596589 0.059165
vt 0.575000 0.387247
vt 0.568287 0.382884
vt 0.562500 0.379122
vt 0.562500 0.415838
vt 0.568156 0.418336
vt 0.575000 0.422534
vt 0.573927 0.214369
vt 0.639199 0.091280
vt 0.639481 0.215240
vt 0.549369 0.980034
vt 0.576240 0.980034
vt 0.602710 0.980034
vt 0.625000 0.980034
vt 0.612500 0.397566
vt 0.608255 0.397985
vt 0.602650 0.398538
vt 0.602650 0.601462
vt 0.608255 0.602015
vt 0.612500 0.602434
vt 0.560224 0.377482
vt 0.552650 0.372025
vt 0.550000 0.370116
vt 0.550000 0.409969
vt 0.557811 0.413089
vt 0.583304 0.393748
vt 0.576364 0.388315
vt 0.578330 0.423950
vt 0.587342 0.430541
vt 0.586928 0.478491
vt 0.586928 0.521509
vt 0.587342 0.569459
vt 0.578330 0.576050
vt 0.576364 0.611685
vt 0.583304 0.606252
vt 0.425000 0.550000
vt 0.450000 0.551452
vt 0.400000 0.850000
vt 0.295994 0.250000
vt 0.525000 0.775000
vt 0.375000 0.525000
vt 0.458333 0.000000
vt 0.225000 0.025000
vt 0.475000 0.800000
vt 0.400000 0.550000
vt 0.274225 0.200000
vt 0.550000 0.700000
vt 0.550000 0.692195
vt 0.556907 0.692195
vt 0.425000 0.825000
vt 0.200000 0.089668
vt 0.200000 0.075000
vt 0.125000 0.200000
vt 0.375000 0.550000
vt 0.550000 0.725000
vt 0.550000 0.750000
vt 0.280118 0.213536
vt 0.375000 0.850000
vt 0.625000 0.811135
vt 0.611347 0.811135
vt 0.558055 0.811135
vt 0.541667 0.811135
vt 0.541667 1.000000
vt 0.625000 1.000000
vt 0.400000 0.575000
vt 0.500000 0.775000
vt 0.225000 0.000000
vt 0.200000 0.050000
vt 0.375000 0.575000
vt 0.150000 0.175000
vt 0.158974 0.175000
vt 0.525000 0.700000
vt 0.525000 0.692195
vt 0.450000 0.800000
vt 0.400000 0.600000
vt 0.400000 0.825000
vt 0.425000 0.575000
vt 0.375000 0.600000
vt 0.525000 0.725000
vt 0.525000 0.750000
vt 0.535417 0.421873
vt 0.542472 0.368961
vt 0.125000 0.175000
vt 0.375000 0.000000
vt 0.375000 0.050000
vt 0.400000 0.625000
vt 0.200000 0.025000
vt 0.475000 0.775000
vt 0.443972 0.554014
vt 0.444422 0.575000
vt 0.375000 0.625000
vt 0.425000 0.800000
vt 0.175000 0.089668
vt 0.175000 0.075000
vt 0.400000 0.650000
vt 0.425000 0.600000
vt 0.375000 0.825000
vt 0.375000 0.062114
vt 0.375000 0.650000
vt 0.500000 0.700000
vt 0.500000 0.725000
vt 0.500000 0.750000
vt 0.200000 0.000000
vt 0.125000 0.150000
vt 0.150000 0.150000
vt 0.500000 0.811135
vt 0.458333 0.811135
vt 0.458333 1.000000
vt 0.175000 0.050000
vt 0.400000 0.675000
vt 0.450000 0.775000
vt 0.242294 0.126659
vt 0.252456 0.150000
vt 0.357172 0.150000
vt 0.375000 0.675000
vt 0.400000 0.800000
vt 0.425000 0.625000
vt 0.535523 0.426344
vt 0.349943 0.131422
vt 0.344229 0.100000
vt 0.230687 0.100000
vt 0.400000 0.700000
vt 0.155551 0.150000
vt 0.157195 0.164663
vt 0.500000 0.692195
vt 0.517143 0.692195
vt 0.125000 0.125000
vt 0.150000 0.125000
vt 0.374274 0.193946
vt 0.261206 0.170097
vt 0.475000 0.700000
vt 0.475000 0.725000
vt 0.175000 0.025000
vt 0.475000 0.750000
vt 0.375000 0.700000
vt 0.204470 0.039782
vt 0.208918 0.050000
vt 0.186135 0.000000
vt 0.152993 0.125000
vt 0.150000 0.100000
vt 0.151683 0.100000
vt 0.443749 0.582790
vt 0.444925 0.600000
vt 0.443299 0.611566
vt 0.443719 0.625000
vt 0.425000 0.775000
vt 0.425000 0.650000
vt 0.475000 0.692195
vt 0.450000 0.700000
vt 0.450000 0.692195
vt 0.375000 0.800000
vt 0.125000 0.100000
vt 0.175000 0.000000
vt 0.223382 0.083220
vt 0.150000 0.050000
vt 0.150000 0.075000
vt 0.450000 0.725000
vt 0.450000 0.750000
vt 0.425000 0.675000
vt 0.153208 0.129095
vt 0.400000 0.775000
vt 0.482857 0.692195
vt 0.125000 0.075000
vt 0.150000 0.025000
vt 0.569847 0.382743
vt 0.562500 0.377968
vt 0.562500 0.428053
vt 0.566214 0.429116
vt 0.425000 0.700000
vt 0.425000 0.725000
vt 0.425000 0.750000
vt 0.375000 0.775000
vt 0.150000 0.000000
vt 0.125000 0.050000
vt 0.400000 0.725000
vt 0.400000 0.750000
vt 0.125000 0.025000
vt 0.442307 0.640343
vt 0.442740 0.650000
vt 0.375000 0.725000
vt 0.375000 0.750000
vt 0.125000 0.000000
vt 0.441945 0.811135
vt 0.388653 0.811135
vt 0.375000 0.811135
vt 0.375000 1.000000
vt 0.337339 0.062114
vt 0.441797 0.669119
vt 0.442156 0.675000
vt 0.151142 0.089668
vt 0.561201 0.377032
vt 0.553276 0.371321
vt 0.550000 0.368961
vt 0.550000 0.421873
vt 0.556833 0.425180
vt 0.443093 0.692195
vn 0.000000 -1.000000 0.000000
vn 0.000000 -1.000000 0.000000
vn 0.000000 -1.000000 0.000000
vn 0.000000 -1.000000 0.000000
vn 0.000000 0.000000 -1.000000
vn 0.000000 0.000000 -1.000000
vn 0.000000 0.000000 -1.000000
vn 0.000000 0.000000 -1.000000
vn -0.000000 0.191880 -0.981418
vn -0.014072 0.207583 -0.978116
vn 0.000000 0.000000 -1.000000
vn 0.000000 0.000000 -1.000000
vn -0.943938 0.330123 -0.000000
vn -0.943938 0.330123 -0.000000
vn -0.943938 0.330122 -0.000000
vn -0.943938 0.330122 -0.000000
vn 0.000000 -1.000000 0.000000
vn 0.000000 -1.000000 0.000000
vn 0.000000 -1.000000 0.000000
vn 0.000000 -1.000000 0.000000
vn -0.961049 0.276379 0.000000
vn -0.961049 0.276379 0.000000
vn -0.943938 0.330123 0.000000
vn -0.943938 0.330123 -0.000000
vn -0.209861 0.973987 -0.085483
vn -0.222221 0.973363 -0.056421
vn -0.094192 0.991035 -0.094752
vn -0.107098 0.992444 -0.059877
vn 0.000000 0.000000 -1.000000
vn 0.000000 0.000000 -1.000000
vn 0.000000 0.000000 -1.000000
vn 0.000000 0.000000 -1.000000
vn -0.943938 0.330123 -0.000000
vn -0.943938 0.330123 0.000000
vn -0.943938 0.330122 -0.000000
vn -0.943938 0.330123 0.000000
vn -0.943938 0.330123 0.000000
vn 0.000000 0.400430 -0.916327
vn 0.000000 0.380752 -0.924677
vn -0.020559 0.411874 -0.911009
vn -0.034788 0.397228 -0.917060
vn 0.000000 0.000000 -1.000000
vn 0.000000 0.000000 -1.000000
vn 0.000000 0.000000 -1.000000
vn -1.000000 0.000000 0.000000
vn -1.000000 0.000000 0.000000
vn -0.991412 0.130779 0.000000
vn -0.991412 0.130779 0.000000
vn 0.000000 -1.000000 0.000000
vn 0.000000 -1.000000 0.000000
vn 0.000000 -1.000000 0.000000
vn 0.000000 -1.000000 0.000000
vn 0.000000 -1.000000 0.000000
vn 0.000000 -1.000000 0.000000
vn 0.000000 -1.000000 0.000000
vn 0.000000 -1.000000 0.000000
vn 0.000000 -1.000000 0.000000
vn 0.000000 -1.000000 0.000000
vn 0.000000 -1.000000 0.000000
vn -0.952160 -0.052769 0.301010
vn -0.953605 -0.118925 0.276578
vn -0.951971 -0.046164 0.302687
vn -0.950472 -0.133689 0.280590
vn -0.951666 -0.145258 0.270613
vn 0.000000 0.370557 -0.928810
vn -0.019489 0.369595 -0.928989
vn 0.000000 0.000000 -1.000000
vn 0.000000 0.000000 -1.000000
vn 0.000000 -1.000000 0.000000
vn 0.000000 -1.000000 0.000000
vn 0.000000 -1.000000 0.000000
vn -0.053669 0.371016 -0.927074
vn -0.029054 0.179444 -0.983339
vn 0.000000 0.359832 -0.933017
vn 0.000000 0.380345 -0.924845
vn 0.000001 0.359832 -0.933017
vn 0.000001 0.359832 -0.933017
vn -0.000000 0.387415 -0.921905
vn 0.000000 -1.000000 0.000000
vn 0.000000 -1.000000 0.000000
vn 0.000000 0.400430 -0.916327
vn 0.000000 -1.000000 0.000000
vn -0.961049 0.276379 0.000000
vn -0.014349 0.359799 -0.932920
vn -0.043494 0.362561 -0.930945
vn 0.000000 -0.987448 0.157942
vn 0.000000 -0.987449 0.157939
vn 0.000000 -0.987449 0.157940
vn 0.000000 -0.999692 -0.024826
vn 0.000000 -0.999692 -0.024836
vn 0.000000 -0.987449 0.157940
vn 0.000000 0.000000 -1.000000
vn 0.000000 0.000000 -1.000000
vn 0.000000 0.000000 -1.000000
vn -0.943938 0.330123 0.000000
vn 0.000000 -1.000000 0.000000
vn 0.000000 0.400430 -0.916327
vn 0.000000 -1.000000 0.000000
vn 0.000000 0.359831 -0.933018
vn -0.030626 0.364974 -0.930514
vn -0.007442 0.360703 -0.932651
vn 0.000000 -1.000000 0.000000
vn 0.000000 0.997952 -0.063974
vn 0.000000 0.994982 -0.100051
vn -0.977677 -0.129007 0.165845
vn -0.965202 -0.238506 0.107239
vn -0.966799 -0.194451 0.165799
vn -0.969938 -0.205553 0.130260
vn -0.945935 -0.316261 0.072022
vn -0.954444 -0.289327 0.072982
vn -0.959054 -0.273353 0.074118
vn 0.000000 0.000000 -1.000000
vn -0.000001 0.375229 -0.926932
vn 0.000000 0.359832 -0.933017
vn 0.000000 0.359831 -0.933018
vn 1.000000 0.000000 0.000000
vn 1.000000 0.000000 -0.000000
vn 0.991412 0.130779 -0.000000
vn 0.991412 0.130779 -0.000000
vn -0.000000 0.000000 -1.000000
vn 0.000000 0.000000 -1.000000
vn -0.943938 0.330124 -0.000000
vn -0.943938 0.330124 0.000000
vn -0.943938 0.330124 -0.000000
vn 0.000000 -1.000000 0.000000
vn -0.000001 0.359832 -0.933017
vn 0.000000 0.359831 -0.933017
vn 0.000000 0.359824 -0.933020
vn 0.272884 -0.962047 0.000000
vn 0.272885 -0.962047 0.000000
vn 0.272885 -0.962047 0.000000
vn 0.134471 -0.990918 -0.000001
vn 0.272888 -0.962046 -0.000002
vn 0.272885 -0.962047 -0.000003
vn 0.092738 -0.995691 -0.000001
vn -0.943938 0.330124 0.000000
vn -0.006051 0.369639 -0.929156
vn 0.001859 0.362432 -0.932008
vn -0.960784 -0.272595 0.050852
vn -0.954520 -0.292099 0.059753
vn -0.987173 -0.159656 0.000000
vn -1.000000 0.000000 0.000000
vn -0.991412 0.130779 0.000000
vn 0.000000 -1.000000 0.000000
vn -0.224761 0.974414 0.000000
vn -0.109159 0.994024 0.000000
vn 0.000000 0.998095 -0.061696
vn 0.000000 0.994982 -0.100050
vn 0.000000 0.000000 -1.000000
vn 0.961215 0.275800 -0.000000
vn 0.961504 0.274790 -0.000000
vn 0.000000 -1.000000 0.000000
vn 0.000000 -1.000000 0.000000
vn 0.000000 0.400430 -0.916328
vn 0.000000 0.389961 -0.920831
vn 0.042108 0.378849 -0.924500
vn 0.012944 0.364791 -0.930999
vn 0.000000 0.359831 -0.933018
vn 0.000000 -1.000000 0.000000
vn -0.943938 0.330122 0.000000
vn -0.943938 0.330122 0.000000
vn -0.949493 -0.152535 0.274219
vn -0.946814 -0.256376 0.194459
vn -0.958274 -0.164121 0.234043
vn -0.929002 -0.315636 0.193207
vn -0.915340 -0.306900 0.260701
vn 0.000000 -1.000000 0.000000
vn -0.943938 0.330122 0.000000
vn -0.943938 0.330122 0.000000
vn -0.000000 0.359831 -0.933017
vn 0.000000 0.359832 -0.933017
vn 0.158196 0.394134 -0.905336
vn 0.032051 0.372104 -0.927638
vn 0.000000 -1.000000 0.000000
vn -0.943938 0.330123 0.000000
vn -0.943938 0.330123 0.000000
vn -0.943938 0.330124 0.000000
vn 0.000000 0.998052 -0.062391
vn 0.000000 0.994982 -0.100051
vn 0.000000 -1.000000 0.000000
vn -0.961049 0.276379 0.000000
vn 0.943938 0.330123 -0.000000
vn 0.943938 0.330124 -0.000000
vn 0.000000 1.000000 0.000000
vn 0.106559 0.435516 -0.893852
vn 0.034788 0.397227 -0.917061
vn -0.000000 0.359832 -0.933017
vn 0.000000 -1.000000 0.000000
vn -0.943938 0.330122 0.000000
vn -0.943938 0.330122 0.000000
vn -0.000001 0.000000 -1.000000
vn -0.000000 0.000000 -1.000000
vn 0.100166 0.451461 -0.886651
vn 0.020559 0.411874 -0.911009
vn 0.000000 -1.000000 0.000000
vn 0.000000 0.400430 -0.916328
vn 0.000000 0.387415 -0.921905
vn -0.943938 0.330123 0.000000
vn -0.943938 0.330124 0.000000
vn 0.943938 0.330124 -0.000000
vn 0.943938 0.330123 -0.000000
vn 0.000000 -1.000000 0.000000
vn 1.000000 0.000000 0.000000
vn 0.991412 0.130779 0.000000
vn 0.000000 1.000000 0.000000
vn -0.943938 0.330123 0.000000
vn -0.224761 0.974414 0.000000
vn -0.109159 0.994024 0.000000
vn 0.000000 0.998052 -0.062391
vn 0.000000 0.994982 -0.100051
vn 0.000000 0.359830 -0.933018
vn 0.000001 0.359831 -0.933018
vn 0.000000 -1.000000 0.000000
vn 0.000000 0.359832 -0.933017
vn -0.000000 0.359830 -0.933018
vn 0.000000 0.000000 -1.000000
vn -0.943938 0.330124 0.000000
vn 0.209861 0.973987 -0.085483
vn 0.094192 0.991035 -0.094751
vn 0.222222 0.973362 -0.056420
vn 0.107099 0.992444 -0.059876
vn 0.000000 -1.000000 -0.000000
vn -0.134471 -0.990918 0.000000
vn -0.092738 -0.995691 0.000000
vn -0.966123 -0.170374 0.193856
vn -0.959896 -0.221882 0.171370
vn 0.000000 0.359832 -0.933017
vn 0.943938 0.330123 -0.000000
vn 0.943938 0.330123 -0.000000
vn -1.000000 0.000000 0.000000
vn -0.991412 0.130779 0.000000
vn 0.000000 -1.000000 0.000000
vn -0.943938 0.330123 0.000000
vn -0.943938 0.330123 0.000000
vn 0.000000 1.000000 0.000000
vn 0.961049 0.276379 0.000000
vn 0.000000 -1.000000 0.000000
vn 0.000000 -1.000000 0.000000
vn -0.943938 0.330122 0.000000
vn 0.000000 0.400429 -0.916328
vn -0.000000 0.380345 -0.924845
vn 0.000000 -1.000000 0.000000
vn 0.000000 1.000000 0.000000
vn 0.000000 0.380752 -0.924677
vn -0.000000 0.359831 -0.933018
vn -0.943938 0.330123 0.000000
vn 0.943938 0.330122 0.000000
vn 0.943938 0.330123 0.000000
vn 0.000000 -1.000000 0.000000
vn -0.000000 0.359832 -0.933017
vn 0.000000 0.359832 -0.933017
vn 0.000000 -1.000000 0.000000
vn -0.943938 0.330123 0.000000
vn -0.943938 0.330122 0.000000
vn 0.943938 0.330124 0.000000
vn 0.943938 0.330123 0.000000
vn 0.943938 0.330122 0.000000
vn 0.943938 0.330123 -0.000000
vn 0.943938 0.330123 0.000000
vn 0.943938 0.330123 0.000000
vn 0.943938 0.330124 0.000000
vn 0.943938 0.330123 0.000000
vn 0.000000 0.998052 -0.062391
vn 0.000000 0.994982 -0.100050
vn 0.000000 -1.000000 0.000000
vn -0.961049 0.276379 0.000000
vn 0.000000 0.400430 -0.916327
vn -0.943938 0.330124 0.000000
vn -0.943938 0.330123 0.000000
vn 0.000000 1.000000 0.000000
vn 0.943938 0.330123 -0.000001
vn 0.943938 0.330123 -0.000000
vn 0.000000 1.000000 0.000000
vn 0.000000 -1.000000 0.000000
vn -0.224761 0.974414 0.000000
vn -0.109159 0.994024 0.000000
vn -0.943938 0.330123 0.000000
vn 0.000000 -1.000000 0.000000
vn 0.000000 -1.000000 0.000000
vn -0.943938 0.330123 0.000000
vn 1.000000 0.000000 0.000000
vn 0.991412 0.130779 0.000000
vn 0.000000 0.998095 -0.061696
vn 0.000000 0.994982 -0.100050
vn 0.000000 1.000000 0.000000
vn 0.000000 -1.000000 0.000000
vn 0.943938 0.330124 -0.000001
vn 0.943938 0.330123 -0.000000
vn -0.943938 0.330123 0.000000
vn -0.943938 0.330122 0.000000
vn -0.943938 0.330122 0.000000
vn 0.001227 0.007581 0.999970
vn 0.000823 0.007536 0.999971
vn 0.021629 0.162017 0.986551
vn 0.019076 0.194315 0.980754
vn 0.000000 1.000000 0.000000
vn -1.000000 0.000000 0.000000
vn -0.991412 0.130779 0.000000
vn 0.000000 -1.000000 0.000000
vn 0.000000 0.997952 -0.063974
vn 0.000000 0.994982 -0.100050
vn 0.000000 1.000000 0.000000
vn -0.943938 0.330123 -0.000000
vn 0.961049 0.276379 0.000000
vn 0.000000 -1.000000 0.000000
vn 0.000000 -1.000000 0.000000
vn 0.851632 -0.145993 0.503398
vn 0.874385 -0.014294 0.485022
vn 0.854271 -0.133370 0.502428
vn 0.866709 -0.090704 0.490498
vn 0.876767 -0.001950 0.480911
vn 0.000000 -1.000000 0.000000
vn -0.943938 0.330123 0.000000
vn 0.943938 0.330124 0.000000
vn 0.943938 0.330124 0.000000
vn 0.054541 0.463673 0.884326
vn 0.030116 0.460557 0.887119
vn 0.000000 1.000000 0.000000
vn 0.000000 -1.000000 0.000000
vn -0.943937 0.330124 0.000000
vn -0.943938 0.330124 0.000000
vn 0.000000 -1.000000 0.000000
vn 0.943938 0.330123 -0.000000
vn 0.943938 0.330124 -0.000000
vn 0.000000 1.000000 0.000000
vn 0.037674 0.466690 0.883618
vn 0.012356 0.462128 0.886727
vn 0.943938 0.330123 0.000000
vn -0.224761 0.974414 0.000000
vn -0.109159 0.994024 0.000000
vn 0.000000 -1.000000 0.000000
vn -0.961049 0.276379 0.000000
vn 0.006407 0.472239 0.881447
vn -0.002831 0.464037 0.885811
vn 0.892894 -0.130895 0.430821
vn 0.883412 -0.139994 0.447198
vn 0.867128 -0.183204 0.463168
vn 0.864771 -0.185758 0.466547
vn 0.883861 0.000000 0.467750
vn -0.968492 0.248743 -0.012266
vn -0.992425 0.122612 -0.007628
vn -0.999939 0.010995 -0.000844
vn -1.000000 0.000000 0.000000
vn 0.000000 1.000000 0.000000
vn -0.943938 0.330123 -0.000000
vn 0.943938 0.330123 0.000000
vn 0.943938 0.330124 0.000000
vn 0.000000 -1.000000 0.000000
vn -0.051305 0.482211 0.874552
vn -0.019465 0.467987 0.883521
vn -0.000000 0.359831 -0.933017
vn 0.000001 0.359833 -0.933017
vn 0.000000 1.000000 0.000000
vn -0.943938 0.330124 0.000000
vn 0.890830 -0.184981 0.414974
vn 0.915344 -0.137166 0.378591
vn 0.902228 -0.138884 0.408285
vn 0.892651 -0.136844 0.429475
vn 0.000000 -1.000000 0.000000
vn -0.102542 0.498756 0.860656
vn -0.031369 0.473791 0.880078
vn 0.000000 -1.000000 0.000000
vn 0.943938 0.330123 -0.000000
vn 0.943938 0.330124 0.000000
vn 1.000000 0.000000 0.000000
vn 0.991412 0.130779 0.000000
vn 0.073006 0.997332 0.000000
vn 0.144804 0.989459 0.001637
vn 0.004588 0.999957 0.008072
vn 0.000000 0.999852 0.017213
vn 0.000000 1.000000 0.000000
vn 0.000000 1.000000 0.000000
vn 0.000000 1.000000 0.000000
vn 0.000000 -1.000000 0.000000
vn -0.109560 0.507981 0.854373
vn -0.041715 0.479111 0.876762
vn -0.943938 0.330124 0.000000
vn 0.892257 -0.246549 0.378273
vn 0.910943 -0.182774 0.369833
vn 0.940345 -0.226256 0.254087
vn 0.920061 -0.210629 0.330339
vn 0.925679 -0.101890 0.364332
vn 0.919730 -0.137949 0.367514
vn 0.000000 0.460700 0.887556
vn 0.000000 0.460700 0.887556
vn 0.000000 0.460699 0.887556
vn -0.943938 0.330122 0.000000
vn -1.000000 0.000000 0.000000
vn 0.000000 -1.000000 0.000000
vn -0.112148 0.506876 0.854693
vn -0.030638 0.473759 0.880121
vn -0.213366 0.953443 0.213124
vn -0.117109 0.965762 0.231494
vn -0.223311 0.971443 0.080196
vn -0.105599 0.990904 0.083415
vn 0.000000 1.000000 0.000000
vn 0.955644 -0.195759 0.220054
vn 0.965231 -0.192383 0.176968
vn 0.962195 -0.261406 0.076472
vn 0.961049 0.276379 0.000000
vn 0.000000 -1.000000 0.000000
vn 0.000000 -1.000000 0.000000
vn 0.000000 1.000000 0.000000
vn 0.000000 -1.000000 0.000000
vn 0.109159 0.994024 0.000000
vn 0.000000 1.000000 -0.000001
vn 0.000000 1.000000 -0.000000
vn 0.000000 1.000000 -0.000000
vn 0.000000 1.000000 0.000000
vn 0.000000 1.000000 -0.000000
vn 0.000000 1.000000 -0.000000
vn -0.018218 0.993462 0.112703
vn 0.000000 1.000000 0.000000
vn 0.054075 0.996733 0.059990
vn 0.000000 1.000000 0.000000
vn 0.061781 0.996196 0.061453
vn -0.058903 0.996813 0.053798
vn 0.000000 0.000000 1.000000
vn 0.000000 0.000000 1.000000
vn 0.000000 0.000000 1.000000
vn 0.000000 0.000000 1.000000
vn 0.000000 0.000000 1.000000
vn 0.000000 0.000000 1.000000
vn 0.000000 0.000000 1.000000
vn 0.000000 0.000000 1.000000
vn 0.000000 0.000000 1.000000
vn -0.145108 0.859370 0.490334
vn 0.061676 0.950479 0.304608
vn 0.000000 0.986346 0.164687
vn 0.000000 0.986346 0.164687
vn -0.684445 0.616832 0.388656
vn 0.943938 0.330123 0.000000
vn 0.943938 0.330124 0.000000
vn 0.000000 1.000000 0.000000
vn 0.000000 -1.000000 0.000000
vn -0.004504 -0.999989 -0.001037
vn -0.012837 -0.999866 0.010178
vn -0.018104 -0.999700 0.016507
vn -0.010376 -0.999864 0.012801
vn -0.006866 -0.999926 0.010062
vn -0.022861 -0.999663 0.012276
vn -0.943938 0.330124 0.000000
vn 0.000000 -1.000000 0.000000
vn 0.943938 0.330123 0.000000
vn -0.224761 0.974414 0.000000
vn -0.109159 0.994024 0.000000
vn 0.000000 -1.000000 0.000000
vn 0.943938 0.330124 0.000000
vn 0.000000 1.000000 0.000000
vn 0.224762 0.974414 0.000000
vn 0.943938 0.330123 0.000000
vn 0.000000 1.000000 0.000000
vn 0.000000 -1.000000 0.000000
vn 0.000000 1.000000 0.000000
vn 0.000000 -1.000000 0.000000
vn 0.943938 0.330123 0.000000
vn 0.000000 -1.000000 0.000000
vn 1.000000 0.000000 0.000000
vn 0.991412 0.130779 0.000000
vn -0.943938 0.330122 -0.000000
vn -0.943938 0.330122 0.000000
vn 0.000000 1.000000 0.000000
vn 0.000000 -1.000000 0.000000
vn 0.000000 1.000000 0.000000
vn 0.109159 0.994024 0.000000
vn -0.943938 0.330124 0.000000
vn 0.000000 -1.000000 0.000000
vn 0.000000 1.000000 0.000000
vn 0.961049 0.276379 0.000000
vn 0.000000 1.000000 0.000000
vn -0.224761 0.974414 0.000000
vn -0.109159 0.994024 0.000000
vn 0.000000 -1.000000 0.000000
vn 0.943938 0.330124 0.000000
vn 0.224762 0.974414 0.000000
vn -0.851632 -0.145993 0.503398
vn -0.854271 -0.133370 0.502427
vn -0.874385 -0.014294 0.485022
vn -0.866709 -0.090706 0.490497
vn -0.876767 -0.001949 0.480911
vn 0.004504 -0.999989 -0.001038
vn 0.018104 -0.999700 0.016511
vn 0.012837 -0.999866 0.010181
vn 0.007676 -0.999897 0.012089
vn 0.004281 -0.999940 0.010062
vn 0.022861 -0.999663 0.012276
vn 0.000000 -1.000000 0.000000
vn 0.000000 -1.000000 0.000000
vn 0.000000 1.000000 0.000000
vn 0.943938 0.330124 0.000000
vn 0.000000 -1.000000 0.000000
vn 0.000000 1.000000 0.000000
vn 0.000000 1.000000 0.000000
vn -0.943938 0.330123 0.000000
vn -0.943938 0.330122 0.000000
vn -0.943938 0.330123 -0.000000
vn 0.000000 1.000000 0.000000
vn -0.892894 -0.130895 0.430821
vn -0.867129 -0.183202 0.463168
vn -0.883411 -0.139994 0.447198
vn -0.864771 -0.185758 0.466546
vn -0.883861 0.000000 0.467750
vn -0.943938 0.330123 0.000000
vn 0.000000 -1.000000 0.000000
vn -0.890830 -0.184982 0.414974
vn -0.915344 -0.137166 0.378591
vn -0.892651 -0.136843 0.429474
vn -0.902227 -0.138885 0.408286
vn 0.109159 0.994024 0.000000
vn -0.955644 -0.195759 0.220054
vn -0.940345 -0.226256 0.254087
vn -0.965231 -0.192383 0.176968
vn -0.962195 -0.261406 0.076471
vn -0.920061 -0.210628 0.330339
vn 0.000000 -1.000000 0.000000
vn -0.892254 -0.246554 0.378278
vn -0.910943 -0.182772 0.369833
vn -0.925679 -0.101889 0.364331
vn -0.919731 -0.137948 0.367513
vn 0.943938 0.330124 0.000000
vn 0.943938 0.330124 0.000000
vn 1.000000 0.000000 0.000000
vn 0.991412 0.130779 0.000000
vn 0.000000 0.460698 0.887557
vn -0.000000 0.460700 0.887556
vn 0.000000 0.460695 0.887558
vn -0.224761 0.974414 0.000000
vn -0.109159 0.994024 0.000000
vn 0.000000 -1.000000 0.000000
vn 0.000000 0.000000 1.000000
vn 0.000000 0.000000 1.000000
vn 0.000000 0.000000 1.000000
vn 0.000000 0.000000 1.000000
vn 0.000000 0.000000 1.000000
vn 0.126501 0.504890 0.853864
vn 0.052839 0.388620 0.919882
vn 0.156855 0.570956 0.805857
vn -0.019076 0.194315 0.980754
vn -0.000823 0.007536 0.999971
vn -0.021629 0.162017 0.986551
vn -0.001227 0.007581 0.999971
vn 0.943938 0.330124 0.000000
vn 0.000000 1.000000 0.000000
vn 0.000000 1.000000 0.000000
vn 0.000000 1.000000 0.000000
vn -0.943938 0.330124 0.000000
vn -0.943938 0.330124 0.000000
vn -0.943938 0.330124 0.000000
vn -0.943938 0.330123 -0.000000
vn 0.105600 0.990904 0.083415
vn 0.117110 0.965762 0.231495
vn 0.223312 0.971443 0.080196
vn 0.213368 0.953442 0.213125
vn -0.030115 0.460557 0.887119
vn -0.054540 0.463673 0.884326
vn 0.943938 0.330124 0.000000
vn 0.000000 -1.000000 0.000000
vn -0.272884 -0.962047 0.000000
vn -0.272885 -0.962047 0.000001
vn -0.272885 -0.962047 0.000001
vn -0.272887 -0.962046 0.000008
vn -0.272885 -0.962047 -0.000001
vn -0.012356 0.462128 0.886727
vn -0.037675 0.466690 0.883618
vn 0.224762 0.974414 0.000000
vn 0.002831 0.464037 0.885811
vn -0.006407 0.472239 0.881447
vn 0.000000 0.000000 1.000000
vn 0.000000 0.000000 1.000000
vn 0.019465 0.467987 0.883521
vn 0.051307 0.482211 0.874552
vn 0.961049 0.276379 0.000000
vn 0.030639 0.473760 0.880121
vn 0.041715 0.479112 0.876762
vn 0.112150 0.506879 0.854691
vn 0.109560 0.507981 0.854372
vn 0.031369 0.473792 0.880078
vn 0.102543 0.498757 0.860655
vn 0.000000 -1.000000 0.000000
vn 0.000000 1.000000 0.000000
vn 0.000000 1.000000 0.000000
vn -0.000001 0.359831 -0.933018
vn 0.943938 0.330123 0.000000
vn 0.943938 0.330123 0.000000
vn 0.943938 0.330123 0.000000
vn 0.943938 0.330123 0.000000
vn 0.000000 1.000000 0.000000
vn -0.943938 0.330123 0.000000
vn 0.000000 0.000000 1.000000
vn 0.000000 0.000000 1.000000
vn 0.000000 0.003693 0.999993
vn 0.000000 0.002557 0.999997
vn 0.000000 -1.000000 0.000000
vn 0.943938 0.330123 0.000000
vn 0.943938 0.330123 0.000000
vn 0.943938 0.330123 0.000000
vn 0.000000 -1.000000 0.000000
vn 0.000000 1.000000 0.000000
vn -0.943938 0.330123 -0.000000
vn -0.943938 0.330123 0.000000
vn 0.109159 0.994024 0.000000
vn 0.000000 0.007561 0.999971
vn 0.000000 0.007561 0.999971
vn -0.073006 0.997332 0.000000
vn -0.004588 0.999957 0.008072
vn -0.144804 0.989459 0.001637
vn 0.000000 0.999852 0.017213
vn 0.000000 -1.000000 0.000000
vn 0.000000 1.000000 0.000000
vn 0.943938 0.330123 0.000000
vn 0.000000 1.000000 0.000000
vn 0.943938 0.330123 0.000000
vn 0.943938 0.330123 0.000000
vn 0.000000 0.000000 1.000000
vn 0.000000 0.000000 1.000000
vn 0.968492 0.248744 -0.012266
vn 0.999939 0.010994 -0.000844
vn 0.992425 0.122613 -0.007628
vn 1.000000 0.000000 0.000000
vn -0.943938 0.330123 -0.000000
vn -0.943938 0.330124 -0.000000
vn -0.943938 0.330124 -0.000000
vn -0.943938 0.330124 -0.000000
vn 0.000000 -1.000000 0.000000
vn 1.000000 0.000000 0.000000
vn 0.991412 0.130779 0.000000
vn 0.943938 0.330123 0.000000
vn 0.943938 0.330123 0.000000
vn 0.943938 0.330123 0.000000
vn 0.224762 0.974414 0.000000
vn 0.943938 0.330123 0.000000
vn 0.943938 0.330124 0.000000
vn 0.000000 0.000000 1.000000
vn 0.000000 0.002557 0.999997
vn 0.000000 1.000000 0.000000
vn 0.000000 1.000000 0.000000
vn -1.000000 0.000000 0.000000
vn 0.000000 0.000000 1.000000
vn 0.000000 -1.000000 0.000000
vn 0.943938 0.330122 0.000000
vn 0.000000 -1.000000 0.000000
vn 0.000000 -1.000000 0.000000
vn 0.961049 0.276379 0.000000
vn 0.000000 0.007561 0.999971
vn -0.943938 0.330124 -0.000000
vn -0.943938 0.330123 -0.000000
vn 0.000000 -1.000000 0.000000
vn 0.000000 0.995864 0.090855
vn 0.000000 1.000000 0.000000
vn 0.000000 1.000000 0.000000
vn 0.943938 0.330123 0.000000
vn -0.000000 0.460699 0.887557
vn 0.000000 1.000000 0.000000
vn 0.000000 -1.000000 0.000000
vn 0.943938 0.330123 0.000000
vn 0.943938 0.330123 0.000000
vn 0.943938 0.330124 0.000000
vn 0.000000 -0.263867 0.964559
vn 0.000000 -0.325895 0.945406
vn 0.000000 -0.238954 0.971031
vn 0.000000 -0.368607 0.929585
vn 0.000000 -0.325895 0.945406
vn 0.000000 -0.369770 0.929123
vn 0.943938 0.330123 0.000000
vn 0.000000 0.000000 1.000000
vn 0.000000 0.002346 0.999997
vn -0.156855 0.570956 0.805857
vn -0.126501 0.504890 0.853864
vn -0.052839 0.388620 0.919882
vn 0.000000 0.000000 1.000000
vn -0.000000 0.460699 0.887557
vn 0.000000 0.995754 0.092052
vn 0.109159 0.994024 0.000000
vn 0.943938 0.330122 0.000000
vn 0.000000 0.000000 1.000000
vn 0.000000 0.000000 1.000000
vn 0.000000 -1.000000 0.000000
vn 0.000000 -1.000000 0.000000
vn 0.000000 1.000000 0.000000
vn 0.943938 0.330123 0.000000
vn 0.000000 -1.000000 0.000000
vn 0.943938 0.330123 0.000000
vn 1.000000 0.000000 0.000000
vn 0.991412 0.130779 0.000000
vn 0.000000 0.000000 1.000000
vn 0.000000 0.968547 0.248832
vn 0.000000 0.460700 0.887556
vn 0.000000 0.995933 0.090093
vn 0.224762 0.974414 0.000000
vn 0.943938 0.330124 0.000000
vn 0.000000 1.000000 0.000000
vn 0.000000 1.000000 0.000000
vn 0.943938 0.330124 0.000000
vn 0.000000 0.000000 1.000000
vn 0.000000 0.002168 0.999998
vn 0.961049 0.276379 0.000000
vn 0.000000 1.000000 0.000000
vn 0.000000 1.000000 0.000000
vn 0.000000 0.968547 0.248833
vn 0.000000 -1.000000 0.000000
vn 0.000000 0.460699 0.887556
vn 0.000000 0.460700 0.887556
vn 0.000000 -1.000000 0.000000
vn 0.000000 0.995933 0.090093
vn 0.109159 0.994024 0.000000
vn 0.000000 -0.159038 0.987273
vn 0.000000 -0.159038 0.987272
vn 0.000000 -0.159038 0.987272
vn 0.000000 -0.159038 0.987273
vn 0.000000 -0.159038 0.987273
vn 0.000000 1.000000 0.000000
vn 0.000000 -1.000000 0.000000
vn 1.000000 0.000000 0.000000
vn 1.000000 0.000000 0.000000
vn 1.000000 0.000000 0.000000
vn 1.000000 0.000000 0.000000
vn 0.943938 0.330124 0.000000
vn 0.000000 0.460698 0.887557
vn 0.000000 0.460696 0.887558
vn 0.000001 0.460699 0.887557
vn 0.000000 1.000000 0.000000
vn 0.000000 1.000000 0.000000
vn 0.000000 1.000000 0.000000
vn 0.000000 1.000000 0.000000
vn 0.000000 0.968547 0.248832
vn 0.943938 0.330123 0.000000
vn 0.943937 0.330124 0.000000
vn 0.000000 0.460701 0.887556
vn 0.224762 0.974414 0.000000
vn 0.000000 0.000000 1.000000
vn 0.000000 0.002557 0.999997
vn 0.000000 1.000000 0.000000
vn 0.943938 0.330123 -0.000000
vn 0.943938 0.330124 0.000000
vn 0.000000 -1.000000 0.000000
vn 0.000000 -1.000000 0.000000
vn 1.000000 0.000000 0.000000
vn 0.991412 0.130779 0.000000
vn 0.000000 0.995933 0.090093
vn 0.000000 0.007561 0.999971
vn 0.000000 0.007561 0.999972
vn 0.000000 0.968547 0.248832
vn 0.109159 0.994024 0.000000
vn 0.000000 1.000000 0.000000
vn 0.000000 1.000000 0.000000
vn -0.000000 0.460700 0.887556
vn 0.000000 0.460701 0.887556
vn 0.961049 0.276379 0.000000
vn 0.943938 0.330122 -0.000000
vn 0.000000 0.000000 1.000000
vn 0.000000 0.003693 0.999993
vn 0.000000 0.995754 0.092052
vn 0.224762 0.974414 0.000000
vn 0.000000 -1.000000 0.000000
vn 0.000000 -1.000000 0.000000
vn 0.943938 0.330124 0.000000
vn 0.000000 0.007561 0.999972
vn 0.943938 0.330124 0.000000
vn 0.943938 0.330124 0.000000
vn 0.943938 0.330122 -0.000000
vn 0.943938 0.330123 0.000000
vn 0.000000 0.968547 0.248832
vn 0.000000 0.995864 0.090855
vn 0.000000 1.000000 0.000000
vn 0.000000 1.000000 0.000000
vn 0.943938 0.330124 0.000000
vn 0.000000 0.000000 1.000000
vn 0.000000 0.000000 1.000000
vn 0.000000 0.448335 0.893866
vn 0.000000 0.448335 0.893866
vn 0.000000 0.460699 0.887556
vn 0.000000 0.460701 0.887555
vn -0.943938 0.330122 -0.000000
vn -0.943938 0.330122 0.000000
vn -0.943938 0.330123 -0.000000
vn 1.000000 0.000000 0.000000
vn 0.000000 0.708213 0.705998
vn 0.000000 0.708214 0.705998
vn 0.000000 -1.000000 0.000000
vn 0.000000 0.968547 0.248832
vn 0.000000 0.460700 0.887556
vn 0.000008 0.460698 0.887557
vn 0.000002 0.279681 0.960093
vn -0.000001 0.460698 0.887557
vn -0.000000 0.460699 0.887556
vn -0.000000 0.460698 0.887557
vn 0.000000 0.460700 0.887556
vn -0.943938 0.330124 -0.000000
vn -0.943938 0.330123 0.000001
vn -0.943938 0.330121 -0.000000
vn 0.000000 1.000000 0.000000
vn 0.000000 1.000000 0.000000
vn -0.943938 0.330122 0.000000
vn 0.000000 0.968547 0.248833
vn 0.000000 0.708213 0.705999
vn 0.943938 0.330124 0.000000
vn 0.943938 0.330124 0.000000
vn 0.943938 0.330123 0.000000
vn 0.000001 0.460700 0.887556
vn 0.000001 0.460702 0.887555
vn 0.000000 0.460699 0.887557
vn 0.000000 0.460700 0.887556
vn 0.000000 -1.000000 0.000000
vn 0.000000 1.000000 0.000000
vn 0.000000 1.000000 0.000000
vn 0.000000 0.460698 0.887557
vn 0.000001 0.460699 0.887557
vn 0.000000 0.460699 0.887556
vn 0.943938 0.330123 0.000000
vn 0.943938 0.330123 0.000000
vn 0.943938 0.330123 -0.000000
vn 0.943938 0.330124 0.000000
vn 0.943938 0.330123 0.000000
vn 0.943938 0.330124 0.000001
vn 0.943938 0.330124 0.000000
vn 0.943938 0.330124 0.000001
vn 0.943938 0.330124 0.000001
vn 0.943938 0.330123 0.000002
vn 0.000000 -1.000000 0.000000
vn 0.000000 0.578112 0.815957
vn 0.000000 0.578112 0.815957
vn 0.000000 1.000000 0.000000
vn 0.000000 1.000000 0.000000
vn 0.000000 -1.000000 0.000000
vn -1.000000 0.000000 0.000000
vn -1.000000 -0.000000 0.000000
vn -1.000000 -0.000000 0.000000
vn -1.000000 -0.000000 0.000000
vn 0.000000 1.000000 0.000000
vn 0.000000 1.000000 0.000000
vn 0.000000 1.000000 0.000000
vn 0.000000 1.000000 0.000000
vn 0.000000 1.000000 0.000000
vn 0.000000 0.578112 0.815957
vn 0.000000 0.578112 0.815957
vn 0.000000 0.460697 0.887557
vn 0.000038 0.460714 0.887549
vn 0.000000 1.000000 0.000000
vn 0.000000 1.000000 0.000000
vn 0.000000 0.007561 0.999972
vn 0.000000 0.007561 0.999971
vn 0.000000 -1.000000 0.000000
vn 0.000000 0.578112 0.815957
vn 0.000000 0.578112 0.815957
vn -0.943937 0.330124 0.000000
vn 1.000000 0.000000 0.000000
vn 0.000000 0.007561 0.999972
vn 0.000000 0.007561 0.999971
vn 0.000000 0.460699 0.887556
vn -0.000002 0.460703 0.887555
vn 0.000000 0.000000 1.000000
vn 0.000000 0.448335 0.893866
vn 0.000000 -0.999949 0.010058
vn 0.000000 0.708214 0.705998
vn 0.000000 0.708213 0.705999
vn 0.000000 0.000000 1.000000
vn 0.000000 0.448335 0.893866
vn 0.000000 0.708214 0.705998
vn 0.000001 0.460702 0.887555
vn 0.000000 -0.255672 -0.966764
vn 0.000000 -0.325895 -0.945406
vn 0.000001 -0.260991 -0.965341
vn -0.000001 -0.400305 -0.916382
vn 0.000000 -0.325895 -0.945406
vn 0.000000 -0.347469 -0.937692
vn 0.000000 -0.999631 -0.027174
vn 0.000000 -0.999631 -0.027173
vn 0.000000 -0.999631 -0.027171
vn 0.000000 -0.999631 -0.027172
vn 0.000000 -0.999631 -0.027173
vn 0.000000 -0.999631 -0.027172
vn 0.943938 0.330123 0.000000
vn -0.000000 -0.369771 0.929123
vn 0.000001 -0.368608 0.929585
vn 0.000000 -0.467708 0.883883
vn 0.000000 -0.467708 0.883883
vn 0.000000 -0.467707 0.883883
vn 0.000000 -0.467708 0.883883
vn -0.000000 -0.467707 0.883884
vn -0.000001 -0.467707 0.883883
vn 0.000000 -0.467708 0.883883
vn -0.000000 -0.467707 0.883884
vn 0.000000 -0.467709 0.883882
vn -0.000000 -0.467709 0.883883
vn -0.943938 0.330123 0.000001
vn 0.943938 0.330123 0.000002
vn 0.943938 0.330124 0.000000
vn 0.000000 0.460699 0.887556
vn 0.000004 0.460699 0.887556
vn 0.000001 0.279681 0.960093
vn 0.000000 0.460698 0.887557
vn -0.000038 0.460714 0.887549
vn -0.000001 0.460700 0.887556
vn 0.000002 0.460700 0.887556
vn 0.000000 0.460698 0.887557
vn -0.000001 0.460701 0.887556
vn 0.943938 0.330123 -0.000000
vn 0.943939 0.330121 0.000000
vn 0.943938 0.330123 0.000000
vn 0.943938 0.330122 0.000003
vn -0.000005 0.460698 0.887557
vn 0.000000 -0.159037 -0.987273
vn -0.000001 -0.159038 -0.987272
vn -0.000000 -0.159039 -0.987272
vn 0.000000 -0.159039 -0.987272
vn -0.000000 -0.159039 -0.987272
vn 0.943937 0.330125 -0.000000
vn 0.000000 -0.987448 -0.157943
vn 0.000000 -0.987448 -0.157944
vn 0.000000 -0.987449 -0.157941
vn 0.000000 -0.987448 -0.157943
vn 0.000000 -0.997941 -0.064143
vn 0.000000 -0.997968 -0.063711
vn 0.000000 1.000000 0.000000
vn 0.000000 1.000000 0.000000
vn 0.000000 1.000000 0.000000
vn 0.000000 1.000000 -0.000000
vn 0.000000 1.000000 -0.000000
vn 0.000000 0.007561 0.999971
vn -0.000001 -0.255671 -0.966764
vn -0.000001 -0.260992 -0.965341
vn -0.000000 -0.325895 -0.945406
vn 0.000000 -0.400305 -0.916382
vn 0.000000 -0.347469 -0.937692
vn -0.000000 -0.325895 -0.945406
vn 0.000005 0.460696 0.887558
vn 0.943937 0.330126 -0.000000
vn 0.943938 0.330122 0.000001
vn 0.000000 1.000000 0.000000
vn 0.000000 1.000000 -0.000000
vn 0.000000 1.000000 0.000000
vn 0.000000 1.000000 -0.000000
vn 0.000000 1.000000 0.000000
vn 0.000000 -0.999467 0.032640
vn 0.000000 -0.999467 0.032639
vn 0.000000 -0.999467 0.032639
vn 0.000000 -0.999467 0.032640
vn 0.000000 -0.999467 0.032639
vn 0.000000 -0.999467 0.032640
vn 0.000000 -0.159039 -0.987272
vn 0.000000 -0.159039 -0.987272
vn 0.000000 -0.159039 -0.987272
vn -0.000000 -0.159039 -0.987272
vn -0.000000 -0.159039 -0.987272
vn 0.000001 -0.467707 -0.883884
vn -0.000000 -0.467706 -0.883884
vn 0.000000 -0.467708 -0.883883
vn -0.000000 -0.467709 -0.883882
vn -0.000000 -0.467708 -0.883883
vn -0.000001 -0.467709 -0.883883
vn -0.000000 -0.467718 -0.883878
vn 0.000000 -0.467707 -0.883884
vn 0.000000 -0.467710 -0.883882
vn 0.000000 -0.467689 -0.883893
vn -0.000000 -0.467721 -0.883876
vn 0.000000 -0.467682 -0.883897
vn -0.100166 0.451461 -0.886651
vn -0.106559 0.435517 -0.893851
vn 0.000000 0.359831 -0.933018
vn 0.000000 0.359834 -0.933016
vn 0.000000 -1.000000 0.000000
vn 0.969938 -0.205553 0.130259
vn 0.960784 -0.272595 0.050852
vn 0.945935 -0.316260 0.072022
vn 0.954520 -0.292099 0.059753
vn 0.987173 -0.159655 0.000000
vn 0.000000 -1.000000 0.000000
vn 0.000000 0.000000 -1.000000
vn -0.991412 0.130779 0.000000
vn 0.000000 -1.000000 0.000000
vn 0.000000 0.000000 -1.000000
vn -0.032051 0.372104 -0.927637
vn -0.158196 0.394133 -0.905336
vn 0.977677 -0.129008 0.165845
vn 0.966799 -0.194452 0.165799
vn 0.965202 -0.238505 0.107239
vn 0.954445 -0.289325 0.072983
vn 0.959054 -0.273353 0.074118
vn -0.000002 0.377974 -0.925816
vn 0.000000 0.113362 -0.993554
vn 0.000000 0.377975 -0.925816
vn 0.000000 -1.000000 0.000000
vn -0.943938 0.330124 0.000000
vn -0.943938 0.330124 0.000000
vn -0.943938 0.330124 0.000000
vn 0.000000 0.000000 -1.000000
vn 0.000000 -1.000000 0.000000
vn 0.000000 -1.000000 0.000000
vn 0.000000 1.000000 0.000000
vn 0.000000 1.000000 0.000000
vn 0.000000 1.000000 -0.000000
vn 0.000000 1.000000 0.000001
vn 0.000000 1.000000 0.000000
vn 0.000000 1.000000 -0.000000
vn -0.012945 0.364791 -0.931000
vn -0.042110 0.378848 -0.924501
vn 0.000000 -1.000000 0.000000
vn -1.000000 0.000000 0.000000
vn -0.961049 0.276378 0.000000
vn -0.943938 0.330123 0.000000
vn -0.943938 0.330123 0.000000
vn 0.000000 0.377974 -0.925816
vn 0.000000 0.096565 -0.995327
vn 0.000000 -1.000000 0.000000
vn 0.000000 0.000000 -1.000000
vn -0.001859 0.362432 -0.932008
vn 0.006051 0.369639 -0.929156
vn 0.000000 -1.000000 0.000000
vn -0.000000 0.359831 -0.933017
vn 0.000000 0.000000 -1.000000
vn 0.000000 -1.000000 0.000000
vn 0.000000 1.000000 -0.000001
vn 0.000000 1.000000 -0.000000
vn 0.000000 1.000000 -0.000000
vn 0.000000 1.000000 0.000000
vn 0.000000 1.000000 -0.000000
vn 0.000000 1.000000 0.000000
vn 0.000000 1.000000 0.000000
vn 0.000000 1.000000 0.000000
vn 0.000000 1.000000 0.000000
vn -0.053632 0.932137 -0.358112
vn 0.000000 1.000000 -0.000000
vn 0.083917 0.942004 -0.324942
vn 0.000000 0.000000 -1.000000
vn 0.000000 0.000000 -1.000000
vn -0.080460 0.894855 -0.439046
vn -0.943938 0.330123 -0.000002
vn -0.943938 0.330122 0.000008
vn -0.703133 0.550116 -0.450530
vn 0.943938 0.330122 0.000000
vn 0.384805 0.871621 -0.303648
vn 0.693468 0.569237 -0.441668
vn 0.000000 0.000000 -1.000000
vn -0.803864 0.300214 -0.513493
vn 0.000000 0.000000 -1.000000
vn 0.810843 0.283576 -0.511975
vn 0.168767 0.865107 -0.472343
vn -0.943938 0.330123 -0.000000
vn 0.000000 0.000000 -1.000000
vn 0.000000 0.000000 -1.000000
vn 0.007442 0.360704 -0.932651
vn 0.030626 0.364974 -0.930514
vn -0.991412 0.130779 0.000000
vn 0.000000 -1.000000 0.000000
vn 0.000001 0.359830 -0.933018
vn 0.000001 0.359831 -0.933017
vn 0.000000 -1.000000 0.000000
vn -0.943938 0.330124 0.000000
vn -0.943938 0.330124 0.000000
vn 0.000000 0.000000 -1.000000
vn 0.014349 0.359798 -0.932920
vn 0.043493 0.362560 -0.930945
vn 0.000000 0.359831 -0.933017
vn 0.000000 -1.000000 0.000000
vn 0.000000 0.000000 -1.000000
vn 0.000000 0.089988 -0.995943
vn 0.000000 0.000000 -1.000000
vn 0.000000 -1.000000 0.000000
vn -1.000000 0.000000 0.000000
vn -0.943938 0.330123 -0.000000
vn -0.943938 0.330122 0.000000
vn 0.000000 1.000000 0.000000
vn 0.000000 1.000000 -0.000000
vn 0.000000 1.000000 0.000000
vn -0.961049 0.276378 0.000000
vn 0.019489 0.369595 -0.928989
vn 0.053670 0.371016 -0.927074
vn 0.000000 -1.000000 0.000000
vn 0.958274 -0.164121 0.234043
vn 0.966122 -0.170375 0.193856
vn 0.946814 -0.256376 0.194459
vn 0.959896 -0.221882 0.171371
vn 0.000000 -1.000000 0.000000
vn 0.000000 0.000000 -1.000000
vn 0.000000 0.359831 -0.933017
vn 0.014073 0.207583 -0.978116
vn 0.029054 0.179444 -0.983339
vn -0.943938 0.330123 0.000000
vn -0.943938 0.330123 0.000000
vn 0.000000 0.377974 -0.925816
vn 0.000000 0.377975 -0.925816
vn -0.943938 0.330123 -0.000000
vn -0.943938 0.330123 0.000000
vn 0.000000 0.113362 -0.993554
vn 0.000000 0.000000 -1.000000
vn -0.991412 0.130779 0.000000
vn 0.000000 -1.000000 0.000000
vn 0.952160 -0.052770 0.301009
vn 0.951971 -0.046165 0.302687
vn 0.953605 -0.118924 0.276578
vn 0.950472 -0.133689 0.280590
vn 0.951667 -0.145257 0.270613
vn -0.943938 0.330123 0.000000
vn -0.943938 0.330123 0.000000
vn -0.943938 0.330123 0.000000
vn -0.000003 0.359832 -0.933017
vn -0.000001 0.359832 -0.933017
vn 0.000001 0.359832 -0.933017
vn 0.000000 0.359831 -0.933017
vn 0.000000 -1.000000 0.000000
vn -0.000001 0.359831 -0.933018
vn 0.000000 0.377975 -0.925816
vn 0.000000 0.377974 -0.925816
vn 0.000000 0.096905 -0.995294
vn 0.000000 -1.000000 0.000000
vn 0.000000 0.000000 -1.000000
vn -0.943938 0.330124 -0.000000
vn -1.000000 0.000000 0.000000
vn 0.949493 -0.152536 0.274219
vn 0.929002 -0.315636 0.193207
vn 0.915340 -0.306900 0.260701
vn -0.961215 0.275799 -0.000000
vn -0.943938 0.330124 -0.000000
vn 0.000000 0.000000 -1.000000
vn 0.000000 -1.000000 0.000000
vn -0.000000 0.370557 -0.928810
vn -0.943938 0.330123 0.000000
vn 0.000000 -1.000000 0.000000
vn 0.000000 0.377976 -0.925815
vn 0.000000 0.000000 -1.000000
vn -0.943938 0.330124 -0.000000
vn -0.991412 0.130778 0.000000
vn 0.000000 -0.263867 0.964559
vn 0.000000 -0.238954 0.971031
vn -0.000000 -0.325895 0.945406
vn -0.000000 -0.325895 0.945406
vn -0.000000 0.192697 -0.981258
vn 0.000000 0.000000 -1.000000
vn 0.000000 -1.000000 0.000000
vn 0.000000 -1.000000 0.000000
vn -1.000000 0.000000 0.000000
vn -0.961504 0.274791 0.000000
vn 0.000000 0.000000 -1.000000
vn 0.000000 0.000000 -1.000000
vn 0.000000 -1.000000 0.000000
vn -0.991412 0.130778 0.000000
vn 0.000000 0.000000 -1.000000
vn -0.000001 0.359830 -0.933018
vn 0.000000 0.359830 -0.933018
vn 0.000000 0.000000 -1.000000
vn 0.000000 -1.000000 0.000000
vn -1.000000 0.000000 0.000000
vn 0.000000 1.000000 0.000000
vn 0.000000 1.000000 0.000000
vn 0.000000 1.000000 -0.000000
vn 0.000000 1.000000 -0.000000
vn 0.000000 0.000000 -1.000000
vn -0.000001 0.375230 -0.926932
vn -0.000000 0.359830 -0.933018
vn -0.943937 0.330125 0.000000
vn 0.000000 -0.159038 0.987273
vn 0.000000 -0.159038 0.987272
vn 0.000000 -0.159038 0.987273
vn 0.000000 -0.159038 0.987273
vn 0.000000 -0.159038 0.987273
vn -0.000001 0.377974 -0.925816
s 1
g polySurface9
usemtl lambert3SG
f 1683/2246/2895 1684/2247/2896 1686/2249/2897
f 1686/2249/2897 1684/2247/2896 1685/2248/2898
s 2
f 1687/2250/2899 1688/2251/2900 1690/2253/2901
f 1690/2253/2901 1688/2251/2900 1689/2252/2902
s 3
f 1691/2254/2903 1692/2255/2904 1694/2257/2905
f 1694/2257/2905 1692/2255/2904 1693/2256/2906
s 4
f 1695/2258/2907 1696/2259/2908 1698/2261/2909
f 1698/2261/2909 1696/2259/2908 1697/2260/2910
s 1
f 1699/2262/2911 1700/2263/2912 1702/2265/2913
f 1702/2265/2913 1700/2263/2912 1701/2264/2914
s 4
f 1703/2266/2915 1704/2267/2916 1706/2269/2917
f 1706/2269/2917 1704/2267/2916 1705/2268/2918
s 7
f 1698/2270/2919 1697/2271/2920 1707/2272/2921
f 1707/2272/2921 1697/2271/2920 1741/2308/2922
s 8
f 1709/2274/2923 1710/2275/2924 1708/2273/2925
f 1708/2273/2925 1710/2275/2924 1711/2276/2926
s 4
f 1716/2281/2927 1696/2259/2908 1715/2280/2928
f 1715/2280/2928 1696/2259/2908 1714/2279/2929
f 1696/2259/2908 1712/2277/2930 1714/2279/2929
f 1712/2277/2930 1713/2278/2931 1714/2279/2929
s 3
f 1717/2282/2932 1718/2283/2933 1707/2272/2934
f 1707/2272/2934 1718/2283/2933 1719/2284/2935
f 1693/2256/2906 1720/2285/2936 1684/2247/2937
f 1684/2247/2937 1720/2285/2936 1721/2286/2938
s 4
f 1722/2287/2939 1723/2288/2940 1725/2290/2941
f 1725/2290/2941 1723/2288/2940 1724/2289/2942
s 1
f 1726/2291/2943 1727/2292/2944 1729/2294/2945
f 1729/2294/2945 1727/2292/2944 1728/2293/2946
f 1722/2298/2947 1733/2299/2948 1723/2301/2949
f 1723/2301/2949 1733/2299/2948 1734/2300/2950
f 1735/2302/2951 1686/2249/2897 1737/2304/2952
f 1737/2304/2952 1686/2249/2897 1736/2303/2953
s 14
f 1758/2325/2954 1759/2326/2955 1740/2307/2956
f 1740/2307/2956 1759/2326/2955 1739/2306/2957
f 1738/2305/2958 1739/2306/2957 1759/2326/2955
s 3
f 1742/2309/2959 1743/2310/2960 1691/2254/2903
f 1691/2254/2903 1743/2310/2960 1692/2255/2904
s 8
f 1710/2275/2924 1744/2311/2961 1711/2276/2926
f 1711/2276/2926 1744/2311/2961 1745/2312/2962
s 1
f 1746/2313/2963 1702/2265/2913 1748/2315/2964
f 1748/2315/2964 1702/2265/2913 1747/2314/2965
s 3
f 1743/2310/2960 1749/2316/2966 1692/2255/2904
f 1692/2255/2904 1749/2316/2966 1750/2317/2967
f 1752/2319/2968 1753/2320/2969 1751/2318/2970
f 1751/2318/2970 1753/2320/2969 1755/2322/2971
f 1753/2320/2969 1754/2321/2972 1755/2322/2971
s 1
f 1684/2247/2896 1721/2286/2973 1685/2248/2898
f 1685/2248/2898 1721/2286/2973 1756/2323/2974
s 3
f 1757/2324/2975 1753/2320/2969 1717/2282/2932
f 1717/2282/2932 1753/2320/2969 1718/2283/2933
f 1692/2255/2904 1750/2317/2967 1693/2256/2906
f 1693/2256/2906 1750/2317/2967 1720/2285/2936
s 1
f 1700/2263/2912 1729/2294/2945 1701/2264/2914
f 1701/2264/2914 1729/2294/2945 1760/2327/2976
s 4
f 1725/2290/2941 1724/2289/2942 1704/2267/2916
f 1704/2267/2916 1724/2289/2942 1761/2328/2977
s 3
f 1762/2329/2978 1763/2330/2979 1743/2310/2960
f 1743/2310/2960 1763/2330/2979 1749/2316/2966
s 18
f 1714/2331/2980 1764/2332/2981 1715/2333/2982
f 1785/2359/2983 1784/2358/2984 1834/2419/2985
f 1784/2358/2984 1715/2333/2982 1834/2419/2985
f 1715/2333/2982 1764/2332/2981 1834/2419/2985
s 2
f 1689/2252/2902 1738/2305/2986 1765/2334/2987
f 1765/2334/2987 1738/2305/2986 1759/2326/2988
s 4
f 1696/2259/2908 1716/2281/2927 1697/2260/2910
f 1697/2260/2910 1716/2281/2927 1766/2335/2989
s 1
f 1727/2292/2944 1737/2304/2952 1728/2293/2946
f 1728/2293/2946 1737/2304/2952 1767/2336/2990
s 3
f 1770/2339/2991 1754/2321/2972 1757/2324/2975
f 1757/2324/2975 1754/2321/2972 1753/2320/2969
s 1
f 1733/2299/2948 1748/2315/2964 1734/2300/2950
f 1734/2300/2950 1748/2315/2964 1771/2340/2992
s 3
f 1772/2341/2993 1762/2329/2978 1742/2309/2959
f 1742/2309/2959 1762/2329/2978 1743/2310/2960
f 1763/2330/2979 1762/2329/2978 1773/2342/2994
f 1773/2342/2994 1762/2329/2978 1775/2344/2995
s 1
f 1686/2249/2897 1685/2248/2898 1736/2303/2953
f 1736/2303/2953 1685/2248/2898 1774/2343/2996
s 7
f 1741/2308/2922 1776/2345/2997 1707/2272/2921
f 1707/2272/2921 1776/2345/2997 1717/2282/2998
s 14
f 1859/2458/2999 1865/2457/3000 1858/2736/3001
f 1858/2736/3001 1865/2457/3000 1777/2346/3002
f 1778/2347/3003 1777/2346/3002 1841/2427/3004
f 1841/2427/3004 1777/2346/3002 2092/2735/3005
f 1777/2346/3002 1865/2457/3000 2092/2735/3005
s 2
f 1688/2251/2900 1779/2348/3006 1689/2252/2902
f 1689/2252/2902 1779/2348/3006 1738/2305/2986
s 3
f 1740/2350/3007 1739/2351/3008 1742/2309/2959
f 1742/2309/2959 1739/2351/3008 1772/2341/2993
f 1780/2349/3009 1772/2341/2993 1739/2351/3008
s 25
f 1756/2352/3010 1721/2353/3011 1781/2355/3012
f 1781/2355/3012 1721/2353/3011 1720/2354/3013
s 8
f 1782/2356/3014 1708/2273/2925 1783/2357/3015
f 1783/2357/3015 1708/2273/2925 1711/2276/2926
s 4
f 1706/2269/2917 1705/2268/2918 1768/2362/3016
f 1786/2360/3017 1787/2361/3018 1705/2268/2918
f 1705/2268/2918 1787/2361/3018 1768/2362/3016
s 1
f 1702/2265/2913 1701/2264/2914 1747/2314/2965
f 1747/2314/2965 1701/2264/2914 1789/2364/3019
s 3
f 1790/2365/3020 1791/2366/3021 1792/2367/3022
s 28
f 1793/2368/3023 1794/2369/3024 1744/2311/3025
f 1744/2311/3025 1794/2369/3024 1745/2312/3026
f 1794/2369/3024 1751/2370/3027 1745/2312/3026
f 1751/2370/3027 1755/2371/3028 1745/2312/3026
f 1755/2371/3028 1795/2372/3029 1745/2312/3026
s 4
f 1704/2267/2916 1761/2328/2977 1705/2268/2918
f 1705/2268/2918 1761/2328/2977 1796/2373/3030
s 3
f 1773/2342/2994 1775/2344/2995 1797/2374/3031
f 1797/2374/3031 1775/2344/2995 1798/2375/3032
s 14
f 1777/2346/3002 1778/2347/3003 1946/2555/3033
f 1778/2347/3003 1800/2377/3034 1946/2555/3033
f 1800/2377/3034 1799/2376/3035 1946/2555/3033
s 4
f 1723/2288/2940 1801/2378/3036 1724/2289/2942
f 1724/2289/2942 1801/2378/3036 1802/2379/3037
s 1
f 1729/2294/2945 1728/2293/2946 1760/2327/2976
f 1760/2327/2976 1728/2293/2946 1803/2380/3038
s 7
f 1766/2381/3039 1804/2382/3040 1697/2271/2920
f 1697/2271/2920 1804/2382/3040 1741/2308/2922
f 1776/2345/2997 1805/2383/3041 1717/2282/2998
f 1717/2282/2998 1805/2383/3041 1757/2324/3042
s 8
f 1711/2276/2926 1745/2312/2962 1783/2357/3015
f 1783/2357/3015 1745/2312/2962 1806/2384/3043
s 25
f 1781/2355/3012 1720/2354/3013 1807/2386/3044
f 1807/2386/3044 1720/2354/3013 1750/2385/3045
s 1
f 1723/2301/2949 1734/2300/2950 1801/2388/3046
f 1801/2388/3046 1734/2300/2950 1808/2387/3047
s 3
f 1770/2339/2991 1809/2389/3048 1754/2321/2972
f 1754/2321/2972 1809/2389/3048 1810/2390/3049
f 1797/2374/3031 1798/2375/3032 1811/2391/3050
f 1811/2391/3050 1798/2375/3032 1814/2394/3051
f 1812/2392/3052 1775/2344/2995 1772/2341/2993
f 1772/2341/2993 1775/2344/2995 1762/2329/2978
s 1
f 1737/2304/2952 1736/2303/2953 1767/2336/2990
f 1767/2336/2990 1736/2303/2953 1813/2393/3053
s 4
f 1787/2361/3018 1786/2360/3017 1816/2396/3054
f 1816/2396/3054 1786/2360/3017 1815/2395/3055
s 14
f 1739/2306/2957 1738/2305/2958 1780/2399/3056
f 1817/2397/3057 1818/2398/3058 1900/2501/3059
f 1818/2398/3058 1780/2399/3056 1900/2501/3059
f 1780/2399/3056 1738/2305/2958 1900/2501/3059
f 1738/2305/2958 1779/2348/3060 1900/2501/3059
s 1
f 1748/2315/2964 1747/2314/2965 1771/2340/2992
f 1771/2340/2992 1747/2314/2965 1819/2400/3061
s 4
f 1716/2281/2927 1820/2401/3062 1766/2335/2989
f 1766/2335/2989 1820/2401/3062 1821/2402/3063
s 3
f 1755/2322/2971 1754/2321/2972 1795/2404/3064
f 1754/2321/2972 1810/2390/3049 1795/2404/3064
f 1810/2390/3049 1822/2403/3065 1795/2404/3064
f 1811/2391/3050 1814/2394/3051 1824/2407/3066
f 1824/2407/3066 1814/2394/3051 1828/2412/3067
s 1
f 1685/2248/2898 1756/2323/2974 1774/2343/2996
f 1774/2343/2996 1756/2323/2974 1825/2408/3068
s 4
f 1715/2280/2928 1784/2410/3069 1716/2281/2927
f 1820/2401/3062 1716/2281/2927 1826/2409/3070
f 1826/2409/3070 1716/2281/2927 1784/2410/3069
f 1705/2268/2918 1796/2373/3030 1786/2360/3017
f 1786/2360/3017 1796/2373/3030 1827/2411/3071
s 7
f 1805/2383/3041 1829/2413/3072 1757/2324/3042
f 1757/2324/3042 1829/2413/3072 1770/2339/3073
s 1
f 1701/2264/2914 1760/2327/2976 1789/2364/3019
f 1789/2364/3019 1760/2327/2976 1830/2414/3074
s 4
f 1724/2289/2942 1802/2379/3037 1761/2328/2977
f 1761/2328/2977 1802/2379/3037 1831/2415/3075
s 25
f 1750/2385/3045 1749/2416/3076 1807/2386/3044
f 1807/2386/3044 1749/2416/3076 1832/2417/3077
s 7
f 1804/2382/3040 1833/2418/3078 1741/2308/2922
f 1741/2308/2922 1833/2418/3078 1776/2345/2997
s 3
f 1824/2407/3066 1828/2412/3067 1835/2420/3079
f 1835/2420/3079 1828/2412/3067 1836/2421/3080
f 1837/2422/3081 1798/2375/3032 1812/2392/3052
f 1812/2392/3052 1798/2375/3032 1775/2344/2995
s 1
f 1728/2293/2946 1767/2336/2990 1803/2380/3038
f 1803/2380/3038 1767/2336/2990 1838/2424/3082
s 4
f 1816/2396/3054 1815/2395/3055 1840/2426/3083
f 1840/2426/3083 1815/2395/3055 1839/2425/3084
s 8
f 1841/2427/3085 1782/2356/3014 1778/2347/3086
f 1778/2347/3086 1782/2356/3014 1783/2357/3015
s 3
f 1835/2420/3079 1836/2421/3080 1842/2428/3087
f 1842/2428/3087 1836/2421/3080 1843/2429/3088
s 1
f 1734/2300/2950 1771/2340/2992 1808/2387/3047
f 1808/2387/3047 1771/2340/2992 1844/2430/3089
s 3
f 1809/2389/3048 1845/2431/3090 1810/2390/3049
f 1810/2390/3049 1845/2431/3090 1846/2432/3091
s 4
f 1848/2434/3092 1820/2401/3062 1847/2433/3093
f 1847/2433/3093 1820/2401/3062 1826/2409/3070
s 25
f 1749/2416/3076 1763/2435/3094 1832/2417/3077
f 1832/2417/3077 1763/2435/3094 1849/2436/3095
s 1
f 1736/2303/2953 1774/2343/2996 1813/2393/3053
f 1813/2393/3053 1774/2343/2996 1850/2437/3096
s 25
f 1825/2439/3097 1756/2352/3010 1851/2440/3098
f 1851/2440/3098 1756/2352/3010 1781/2355/3012
s 7
f 1833/2418/3078 1852/2441/3099 1776/2345/2997
f 1776/2345/2997 1852/2441/3099 1805/2383/3041
s 4
f 1786/2360/3017 1827/2411/3071 1815/2395/3055
f 1815/2395/3055 1827/2411/3071 1853/2442/3100
s 7
f 1821/2443/3101 1854/2444/3102 1766/2381/3039
f 1766/2381/3039 1854/2444/3102 1804/2382/3040
f 1829/2413/3072 1855/2445/3103 1770/2339/3073
f 1770/2339/3073 1855/2445/3103 1809/2389/3104
s 3
f 1856/2446/3105 1812/2392/3052 1818/2447/3106
f 1812/2392/3052 1772/2341/2993 1818/2447/3106
f 1772/2341/2993 1780/2349/3009 1818/2447/3106
s 1
f 1747/2314/2965 1789/2364/3019 1819/2400/3061
f 1819/2400/3061 1789/2364/3019 1857/2448/3107
s 3
f 1858/2449/3108 1837/2422/3081 1859/2450/3109
f 1837/2422/3081 1812/2392/3052 1859/2450/3109
f 1812/2392/3052 1856/2446/3105 1859/2450/3109
s 8
f 1806/2384/3043 1800/2377/3110 1783/2357/3015
f 1783/2357/3015 1800/2377/3110 1778/2347/3086
s 4
f 1761/2328/2977 1831/2415/3075 1796/2373/3030
f 1796/2373/3030 1831/2415/3075 1861/2452/3111
s 7
f 1842/2428/3112 1843/2429/3113 1863/2454/3114
f 1863/2454/3114 1843/2429/3113 1872/2467/3115
s 28
f 1795/2372/3029 1822/2455/3116 1745/2312/3026
f 1745/2312/3026 1822/2455/3116 1806/2384/3117
f 1822/2455/3116 1864/2456/3118 1806/2384/3117
s 14
f 1818/2398/3058 1817/2397/3057 1856/2459/3119
f 1865/2457/3000 1859/2458/2999 1866/2460/3120
f 1817/2397/3057 1866/2460/3120 1856/2459/3119
f 1859/2458/2999 1856/2459/3119 1866/2460/3120
s 3
f 1867/2461/3121 1814/2394/3051 1837/2422/3081
f 1837/2422/3081 1814/2394/3051 1798/2375/3032
s 25
f 1763/2435/3094 1773/2462/3122 1849/2436/3095
f 1849/2436/3095 1773/2462/3122 1868/2463/3123
s 4
f 1801/2378/3036 1869/2464/3124 1802/2379/3037
f 1802/2379/3037 1869/2464/3124 1870/2465/3125
s 1
f 1760/2327/2976 1803/2380/3038 1830/2414/3074
f 1830/2414/3074 1803/2380/3038 1871/2466/3126
s 4
f 1840/2426/3083 1839/2425/3084 1860/2469/3127
f 1860/2469/3127 1839/2425/3084 1873/2468/3128
s 7
f 1852/2441/3099 1875/2471/3129 1805/2383/3041
f 1805/2383/3041 1875/2471/3129 1829/2413/3072
s 25
f 1851/2440/3098 1781/2355/3012 1876/2472/3130
f 1876/2472/3130 1781/2355/3012 1807/2386/3044
s 1
f 1801/2388/3046 1808/2387/3047 1869/2474/3131
f 1869/2474/3131 1808/2387/3047 1877/2473/3132
s 4
f 1820/2401/3062 1848/2434/3092 1821/2402/3063
f 1821/2402/3063 1848/2434/3092 1878/2475/3133
s 3
f 1845/2431/3090 1880/2477/3134 1846/2432/3091
f 1846/2432/3091 1880/2477/3134 1881/2478/3135
s 1
f 1767/2336/2990 1813/2393/3053 1838/2424/3082
f 1838/2424/3082 1813/2393/3053 1885/2482/3136
s 7
f 1854/2444/3102 1886/2483/3137 1804/2382/3040
f 1804/2382/3040 1886/2483/3137 1833/2418/3078
s 3
f 1881/2478/3135 1888/2485/3138 1791/2366/3021
f 1791/2366/3021 1888/2485/3138 1889/2486/3139
s 4
f 1815/2395/3055 1853/2442/3100 1839/2425/3084
f 1839/2425/3084 1853/2442/3100 1891/2488/3140
s 25
f 1773/2462/3122 1797/2492/3141 1868/2463/3123
f 1868/2463/3123 1797/2492/3141 1895/2493/3142
s 1
f 1771/2340/2992 1819/2400/3061 1844/2430/3089
f 1844/2430/3089 1819/2400/3061 1896/2494/3143
s 3
f 1897/2495/3144 1864/2496/3145 1846/2432/3091
f 1846/2432/3091 1864/2496/3145 1810/2390/3049
f 1810/2390/3049 1864/2496/3145 1822/2403/3065
s 1
f 1774/2343/2996 1825/2408/3068 1850/2437/3096
f 1850/2437/3096 1825/2408/3068 1899/2498/3146
s 4
f 1882/2499/3147 1853/2442/3100 1883/2500/3148
f 1883/2500/3148 1853/2442/3100 1827/2411/3071
s 3
f 1889/2486/3139 1828/2412/3067 1867/2461/3121
f 1867/2461/3121 1828/2412/3067 1814/2394/3051
s 25
f 1849/2436/3095 1868/2463/3123 1901/2502/3149
f 1901/2502/3149 1868/2463/3123 1902/2503/3150
f 1834/2506/3151 1905/2507/3152 1785/2508/3153
f 1785/2508/3153 1905/2507/3152 1915/2520/3154
f 1915/2520/3154 1905/2507/3152 1924/2530/3155
f 1876/2472/3130 1807/2386/3044 1906/2509/3156
f 1906/2509/3156 1807/2386/3044 1832/2417/3077
s 7
f 1855/2445/3103 1908/2511/3157 1809/2389/3104
f 1809/2389/3104 1908/2511/3157 1845/2431/3158
s 1
f 1789/2364/3019 1830/2414/3074 1857/2448/3107
f 1857/2448/3107 1830/2414/3074 1909/2512/3159
s 4
f 1802/2379/3037 1870/2465/3125 1831/2415/3075
f 1831/2415/3075 1870/2465/3125 1910/2513/3160
s 3
f 1880/2477/3134 1911/2514/3161 1881/2478/3135
f 1881/2478/3135 1911/2514/3161 1888/2485/3138
s 4
f 1860/2469/3127 1873/2468/3128 1874/2516/3162
f 1874/2516/3162 1873/2468/3128 1912/2515/3163
s 7
f 1875/2471/3129 1913/2517/3164 1829/2413/3072
f 1829/2413/3072 1913/2517/3164 1855/2445/3103
s 25
f 1797/2492/3141 1811/2518/3165 1895/2493/3142
f 1895/2493/3142 1811/2518/3165 1914/2519/3166
s 7
f 1886/2483/3137 1916/2521/3167 1833/2418/3078
f 1833/2418/3078 1916/2521/3167 1852/2441/3099
s 1
f 1803/2380/3038 1838/2424/3082 1871/2466/3126
f 1871/2466/3126 1838/2424/3082 1919/2524/3168
s 7
f 1878/2525/3169 1920/2526/3170 1821/2443/3101
f 1821/2443/3101 1920/2526/3170 1854/2444/3102
s 3
f 1888/2485/3138 1836/2421/3080 1889/2486/3139
f 1889/2486/3139 1836/2421/3080 1828/2412/3067
s 4
f 1839/2425/3084 1891/2488/3140 1873/2468/3128
f 1873/2468/3128 1891/2488/3140 1922/2528/3171
s 1
f 1808/2387/3047 1844/2430/3089 1877/2473/3132
f 1877/2473/3132 1844/2430/3089 1923/2529/3172
f 1813/2393/3053 1850/2437/3096 1885/2482/3136
f 1885/2482/3136 1850/2437/3096 1925/2531/3173
s 4
f 1903/2532/3174 1891/2488/3140 1882/2499/3147
f 1882/2499/3147 1891/2488/3140 1853/2442/3100
s 25
f 1899/2535/3175 1825/2439/3097 1928/2536/3176
f 1928/2536/3176 1825/2439/3097 1851/2440/3098
s 7
f 1908/2511/3157 1929/2537/3177 1845/2431/3158
f 1845/2431/3158 1929/2537/3177 1880/2477/3178
f 1916/2521/3167 1930/2538/3179 1852/2441/3099
f 1852/2441/3099 1930/2538/3179 1875/2471/3129
s 1
f 1819/2400/3061 1857/2448/3107 1896/2494/3143
f 1896/2494/3143 1857/2448/3107 1931/2539/3180
s 3
f 1911/2514/3161 1843/2429/3088 1888/2485/3138
f 1888/2485/3138 1843/2429/3088 1836/2421/3080
s 25
f 1811/2518/3165 1824/2540/3181 1914/2519/3166
f 1914/2519/3166 1824/2540/3181 1932/2541/3182
s 4
f 1831/2415/3075 1910/2513/3160 1861/2452/3111
f 1861/2452/3111 1910/2513/3160 1934/2543/3183
s 3
f 1791/2366/3021 1790/2365/3020 1881/2478/3135
f 1790/2365/3020 1897/2495/3144 1881/2478/3135
f 1897/2495/3144 1846/2432/3091 1881/2478/3135
s 4
f 1848/2434/3092 1937/2546/3184 1878/2475/3133
f 1878/2475/3133 1937/2546/3184 1938/2547/3185
s 38
f 1939/2548/3186 1940/2549/3187 1941/2550/3188
f 1941/2550/3188 1940/2549/3187 1957/2569/3189
s 7
f 1920/2526/3170 1942/2551/3190 1854/2444/3102
f 1854/2444/3102 1942/2551/3190 1886/2483/3137
s 4
f 1869/2464/3124 1943/2552/3191 1870/2465/3125
f 1870/2465/3125 1943/2552/3191 1944/2553/3192
s 1
f 1830/2414/3074 1871/2466/3126 1909/2512/3159
f 1909/2512/3159 1871/2466/3126 1945/2554/3193
s 7
f 1947/2556/3194 1911/2514/3195 1929/2537/3177
f 1929/2537/3177 1911/2514/3195 1880/2477/3178
f 1913/2517/3164 1948/2557/3196 1855/2445/3103
f 1855/2445/3103 1948/2557/3196 1908/2511/3157
s 4
f 1873/2468/3128 1922/2528/3171 1912/2515/3163
f 1912/2515/3163 1922/2528/3171 1952/2561/3197
s 25
f 1928/2536/3176 1851/2440/3098 1953/2562/3198
f 1953/2562/3198 1851/2440/3098 1876/2472/3130
s 1
f 1869/2474/3131 1877/2473/3132 1943/2564/3199
f 1943/2564/3199 1877/2473/3132 1954/2563/3200
s 40
f 1955/2565/3201 1949/2558/3202 1956/2566/3203
f 1956/2566/3203 1949/2558/3202 1951/2560/3204
f 1949/2558/3202 1950/2559/3205 1951/2560/3204
s 1
f 1838/2424/3082 1885/2482/3136 1919/2524/3168
f 1919/2524/3168 1885/2482/3136 1958/2570/3206
s 4
f 1917/2576/3207 1922/2528/3171 1903/2532/3174
f 1903/2532/3174 1922/2528/3171 1891/2488/3140
s 25
f 1914/2519/3166 1932/2541/3182 1960/2577/3208
f 1960/2577/3208 1932/2541/3182 1961/2578/3209
s 38
f 1941/2550/3188 1957/2569/3189 1962/2579/3210
f 1962/2579/3210 1957/2569/3189 1967/2587/3211
s 7
f 1930/2538/3179 1963/2580/3212 1875/2471/3129
f 1875/2471/3129 1963/2580/3212 1913/2517/3164
s 1
f 1844/2430/3089 1896/2494/3143 1923/2529/3172
f 1923/2529/3172 1896/2494/3143 1964/2581/3213
s 4
f 1892/2582/3214 1861/2452/3111 1893/2583/3215
f 1893/2583/3215 1861/2452/3111 1934/2543/3183
s 1
f 1850/2437/3096 1899/2498/3146 1925/2531/3173
f 1925/2531/3173 1899/2498/3146 1965/2584/3216
s 25
f 1824/2540/3181 1835/2585/3217 1932/2541/3182
f 1932/2541/3182 1835/2585/3217 1966/2586/3218
s 7
f 1942/2551/3190 1968/2588/3219 1886/2483/3137
f 1886/2483/3137 1968/2588/3219 1916/2521/3167
s 38
f 1962/2579/3210 1967/2587/3211 1969/2589/3220
f 1969/2589/3220 1967/2587/3211 1975/2596/3221
s 25
f 1953/2562/3198 1876/2472/3130 1970/2590/3222
f 1970/2590/3222 1876/2472/3130 1906/2509/3156
s 7
f 1938/2591/3223 1971/2592/3224 1878/2525/3169
f 1878/2525/3169 1971/2592/3224 1920/2526/3170
s 1
f 1857/2448/3107 1909/2512/3159 1931/2539/3180
f 1931/2539/3180 1909/2512/3159 1972/2593/3225
s 4
f 1870/2465/3125 1944/2553/3192 1910/2513/3160
f 1910/2513/3160 1944/2553/3192 1973/2594/3226
s 7
f 1872/2467/3115 1843/2429/3113 1947/2556/3194
f 1947/2556/3194 1843/2429/3113 1911/2514/3195
s 38
f 1969/2589/3220 1975/2596/3221 1976/2597/3227
f 1976/2597/3227 1975/2596/3221 1983/2606/3228
s 40
f 1977/2598/3229 1978/2599/3230 1936/2568/3231
f 1978/2599/3230 1974/2595/3232 1936/2568/3231
f 1894/2567/3233 1936/2568/3231 1950/2559/3205
f 1950/2559/3205 1936/2568/3231 1951/2560/3204
f 1936/2568/3231 1974/2595/3232 1951/2560/3204
s 4
f 1939/2548/3234 1979/2600/3235 1980/2601/3236
f 1980/2601/3236 1979/2600/3235 2038/2673/3237
s 7
f 1948/2557/3196 1981/2602/3238 1908/2511/3157
f 1908/2511/3157 1981/2602/3238 1929/2537/3177
s 4
f 1912/2515/3163 1952/2561/3197 1937/2546/3184
f 1937/2546/3184 1952/2561/3197 1982/2603/3239
s 25
f 1732/2604/3240 1970/2590/3222 1788/2605/3241
f 1788/2605/3241 1970/2590/3222 1906/2509/3156
s 1
f 1871/2466/3126 1919/2524/3168 1945/2554/3193
f 1945/2554/3193 1919/2524/3168 1985/2608/3242
s 38
f 1976/2597/3227 1983/2606/3228 1986/2609/3243
f 1986/2609/3243 1983/2606/3228 1991/2617/3244
s 3
f 1946/2611/3245 1867/2461/3121 1777/2612/3246
f 1837/2422/3081 1858/2449/3108 1867/2461/3121
f 1867/2461/3121 1858/2449/3108 1777/2612/3246
s 7
f 1968/2588/3219 1988/2613/3247 1916/2521/3167
f 1916/2521/3167 1988/2613/3247 1930/2538/3179
s 4
f 1922/2528/3171 1917/2576/3207 1952/2561/3197
f 1952/2561/3197 1917/2576/3207 1926/2614/3248
s 40
f 1978/2599/3230 1977/2598/3229 1987/2610/3249
f 1996/2624/3250 1990/2616/3251 1989/2615/3252
f 1987/2610/3249 1977/2598/3229 1990/2616/3251
f 1977/2598/3229 1989/2615/3252 1990/2616/3251
s 1
f 1877/2473/3132 1923/2529/3172 1954/2563/3200
f 1954/2563/3200 1923/2529/3172 1992/2618/3253
s 38
f 1986/2609/3243 1991/2617/3244 1994/2620/3254
f 1994/2620/3254 1991/2617/3244 2000/2629/3255
s 4
f 1796/2373/3030 1861/2452/3111 1827/2411/3071
f 1827/2411/3071 1861/2452/3111 1883/2500/3148
f 1861/2452/3111 1892/2582/3214 1883/2500/3148
s 1
f 1885/2482/3136 1925/2531/3173 1958/2570/3206
f 1958/2570/3206 1925/2531/3173 1995/2621/3256
s 25
f 1835/2585/3217 1842/2622/3257 1966/2586/3218
f 1966/2586/3218 1842/2622/3257 1863/2623/3258
f 1965/2625/3259 1899/2535/3175 1997/2626/3260
f 1997/2626/3260 1899/2535/3175 1928/2536/3176
s 47
f 1940/2549/3261 1939/2548/3262 1998/2627/3263
f 1998/2627/3263 1939/2548/3262 1980/2601/3264
s 7
f 1971/2592/3224 1999/2628/3265 1920/2526/3170
f 1920/2526/3170 1999/2628/3265 1942/2551/3190
f 1981/2602/3238 2001/2630/3266 1929/2537/3177
f 1929/2537/3177 2001/2630/3266 1947/2556/3194
f 1963/2580/3212 2004/2633/3267 1913/2517/3164
f 1913/2517/3164 2004/2633/3267 1948/2557/3196
s 1
f 1896/2494/3143 1931/2539/3180 1964/2581/3213
f 1964/2581/3213 1931/2539/3180 2005/2634/3268
s 38
f 1994/2620/3254 2000/2629/3255 2006/2635/3269
f 2006/2635/3269 2000/2629/3255 2014/2645/3270
s 4
f 1910/2513/3160 1973/2594/3226 1934/2543/3183
f 1934/2543/3183 1973/2594/3226 2010/2639/3271
s 40
f 1990/2616/3251 1996/2624/3250 2002/2631/3272
f 2002/2631/3272 1996/2624/3250 2003/2632/3273
f 2011/2640/3274 2012/2641/3275 2008/2637/3276
f 2003/2632/3273 1996/2624/3250 2007/2636/3277
f 2012/2641/3275 2007/2636/3277 2008/2637/3276
f 2008/2637/3276 2007/2636/3277 1996/2624/3250
s 38
f 2007/2642/3278 2013/2643/3279 2003/2644/3280
s 4
f 1937/2546/3184 1982/2603/3239 1938/2547/3185
f 1938/2547/3185 1982/2603/3239 2015/2646/3281
f 1943/2552/3191 2016/2647/3282 1944/2553/3192
f 1944/2553/3192 2016/2647/3282 1979/2600/3235
s 1
f 1909/2512/3159 1945/2554/3193 1972/2593/3225
f 1972/2593/3225 1945/2554/3193 2017/2648/3283
s 38
f 2006/2635/3269 2014/2645/3270 2018/2649/3284
f 2018/2649/3284 2014/2645/3270 2019/2650/3285
s 7
f 2018/2649/3286 2019/2650/3287 2020/2651/3288
f 2020/2651/3288 2019/2650/3287 2023/2654/3289
f 1988/2613/3247 2022/2653/3290 1930/2538/3179
f 1930/2538/3179 2022/2653/3290 1963/2580/3212
s 40
f 2024/2655/3291 2025/2656/3292 2011/2640/3274
f 2025/2656/3292 2021/2652/3293 2011/2640/3274
f 2011/2640/3274 2021/2652/3293 2012/2641/3275
s 25
f 1997/2626/3260 1928/2536/3176 2026/2657/3294
f 2026/2657/3294 1928/2536/3176 1953/2562/3198
s 1
f 1943/2564/3199 1954/2563/3200 2016/2659/3295
f 2016/2659/3295 1954/2563/3200 2027/2658/3296
s 7
f 1999/2628/3265 2028/2660/3297 1942/2551/3190
f 1942/2551/3190 2028/2660/3297 1968/2588/3219
s 1
f 1919/2524/3168 1958/2570/3206 1985/2608/3242
f 1985/2608/3242 1958/2570/3206 2029/2661/3298
s 7
f 2001/2630/3266 2030/2662/3299 1947/2556/3194
f 1947/2556/3194 2030/2662/3299 1872/2467/3115
s 52
f 1935/2544/3300 1936/2545/3301 1921/2527/3302
f 2097/2741/3303 2068/2708/3304 2060/2714/3305
f 1936/2545/3301 1894/2491/3306 1921/2527/3302
f 1921/2527/3302 1894/2491/3306 1893/2490/3307
f 2060/2714/3305 2068/2708/3304 2031/2663/3308
f 2068/2708/3304 2051/2689/3309 2031/2663/3308
f 2051/2689/3309 2039/2674/3310 2031/2663/3308
f 1893/2490/3307 1894/2491/3306 1892/2489/3311
f 1993/2619/3312 1933/2542/3313 1927/2534/3314
f 1933/2542/3313 1926/2533/3315 1927/2534/3314
f 1927/2534/3314 1926/2533/3315 1918/2523/3316
f 1926/2533/3315 1917/2522/3317 1918/2523/3316
f 1918/2523/3316 1917/2522/3317 1904/2505/3318
f 1917/2522/3317 1903/2504/3319 1904/2505/3318
f 1904/2505/3318 1903/2504/3319 1884/2481/3320
f 1903/2504/3319 1882/2479/3321 1884/2481/3320
f 1884/2481/3320 1882/2479/3321 2032/2664/3322
f 2032/2664/3322 1882/2479/3321 2039/2674/3310
f 2039/2674/3310 1882/2479/3321 2031/2663/3308
f 2031/2663/3308 1882/2479/3321 2009/2638/3323
f 2009/2638/3323 1882/2479/3321 1984/2607/3324
f 1984/2607/3324 1882/2479/3321 1894/2491/3306
f 1882/2479/3321 1883/2480/3325 1894/2491/3306
f 1883/2480/3325 1892/2489/3311 1894/2491/3306
s 25
f 2033/2665/3326 2034/2666/3327 1895/2493/3142
f 1868/2463/3123 1895/2493/3142 1902/2503/3150
f 1902/2503/3150 1895/2493/3142 2034/2666/3327
s 7
f 2004/2633/3267 2035/2667/3328 1948/2557/3196
f 1948/2557/3196 2035/2667/3328 1981/2602/3238
s 1
f 1923/2529/3172 1964/2581/3213 1992/2618/3253
f 1992/2618/3253 1964/2581/3213 2036/2668/3329
s 56
f 2025/2669/3330 2024/2670/3331 2037/2671/3332
f 2024/2670/3331 2043/2679/3333 2037/2671/3332
f 2054/2692/3334 2049/2687/3335 2043/2679/3333
f 2049/2687/3335 2037/2671/3332 2043/2679/3333
s 4
f 1893/2583/3215 1934/2543/3183 1921/2672/3336
f 1921/2672/3336 1934/2543/3183 2010/2639/3271
s 1
f 1925/2531/3173 1965/2584/3216 1995/2621/3256
f 1995/2621/3256 1965/2584/3216 2040/2675/3337
s 25
f 2026/2657/3294 1953/2562/3198 2041/2676/3338
f 2041/2676/3338 1953/2562/3198 1970/2590/3222
s 7
f 2015/2677/3339 2042/2678/3340 1938/2591/3223
f 1938/2591/3223 2042/2678/3340 1971/2592/3224
s 1
f 1931/2539/3180 1972/2593/3225 2005/2634/3268
f 2005/2634/3268 1972/2593/3225 2044/2680/3341
s 4
f 1944/2553/3192 1979/2600/3235 1973/2594/3226
f 1973/2594/3226 1979/2600/3235 1939/2548/3234
s 25
f 1966/2586/3218 1863/2623/3258 1905/2507/3152
f 1905/2507/3152 1863/2623/3258 2045/2681/3342
s 7
f 2028/2660/3297 2046/2682/3343 1968/2588/3219
f 1968/2588/3219 2046/2682/3343 1988/2613/3247
f 2030/2662/3299 2045/2683/3344 1872/2467/3115
f 1872/2467/3115 2045/2683/3344 1863/2454/3114
s 25
f 1769/2684/3345 2041/2676/3338 1732/2604/3240
f 1732/2604/3240 2041/2676/3338 1970/2590/3222
s 7
f 2035/2667/3328 2047/2685/3346 1981/2602/3238
f 1981/2602/3238 2047/2685/3346 2001/2630/3266
s 1
f 1945/2554/3193 1985/2608/3242 2017/2648/3283
f 2017/2648/3283 1985/2608/3242 2048/2686/3347
s 7
f 2022/2653/3290 2050/2688/3348 1963/2580/3212
f 1963/2580/3212 2050/2688/3348 2004/2633/3267
s 1
f 1954/2563/3200 1992/2618/3253 2027/2658/3296
f 2027/2658/3296 1992/2618/3253 2052/2690/3349
s 25
f 1960/2577/3208 2053/2691/3350 1914/2519/3166
f 1914/2519/3166 2053/2691/3350 1895/2493/3142
f 2033/2665/3326 1895/2493/3142 2053/2691/3350
s 1
f 1958/2570/3206 1995/2621/3256 2029/2661/3298
f 2029/2661/3298 1995/2621/3256 2055/2693/3351
s 25
f 2040/2694/3352 1965/2625/3259 2056/2695/3353
f 2056/2695/3353 1965/2625/3259 1997/2626/3260
s 4
f 2057/2696/3354 2058/2697/3355 1982/2603/3239
f 1982/2603/3239 2058/2697/3355 2015/2646/3281
s 7
f 2042/2678/3340 2061/2701/3356 1971/2592/3224
f 1971/2592/3224 2061/2701/3356 1999/2628/3265
s 1
f 1964/2581/3213 2005/2634/3268 2036/2668/3329
f 2036/2668/3329 2005/2634/3268 2062/2702/3357
s 7
f 2046/2682/3343 2065/2705/3358 1988/2613/3247
f 1988/2613/3247 2065/2705/3358 2022/2653/3290
f 2047/2685/3346 2066/2706/3359 2001/2630/3266
f 2001/2630/3266 2066/2706/3359 2030/2662/3299
s 4
f 1973/2594/3226 1939/2548/3234 2010/2639/3271
f 2010/2639/3271 1939/2548/3234 1941/2550/3360
s 1
f 1972/2593/3225 2017/2648/3283 2044/2680/3341
f 2044/2680/3341 2017/2648/3283 2067/2707/3361
s 7
f 2050/2688/3348 2069/2709/3362 2004/2633/3267
f 2004/2633/3267 2069/2709/3362 2035/2667/3328
s 25
f 2056/2695/3353 1997/2626/3260 2070/2710/3363
f 2070/2710/3363 1997/2626/3260 2026/2657/3294
s 7
f 2061/2701/3356 2071/2711/3364 1999/2628/3265
f 1999/2628/3265 2071/2711/3364 2028/2660/3297
f 2058/2712/3365 2072/2713/3366 2015/2677/3339
f 2015/2677/3339 2072/2713/3366 2042/2678/3340
s 1
f 1985/2608/3242 2029/2661/3298 2048/2686/3347
f 2048/2686/3347 2029/2661/3298 2073/2715/3367
s 25
f 1905/2507/3152 2045/2681/3342 1924/2530/3155
f 1924/2530/3155 2045/2681/3342 2074/2716/3368
s 7
f 2066/2706/3359 2074/2717/3369 2030/2662/3299
f 2030/2662/3299 2074/2717/3369 2045/2683/3344
s 61
f 2075/2718/3370 2076/2719/3371 2063/2703/3372
f 2076/2719/3371 2064/2704/3373 2063/2703/3372
f 2063/2703/3372 2064/2704/3373 2059/2699/3374
s 56
f 2110/2755/3375 2084/2727/3376 2091/2734/3377
f 2091/2734/3377 2084/2727/3376 2078/2721/3378
f 2077/2720/3379 2078/2721/3378 2079/2722/3380
f 2084/2727/3376 2079/2722/3380 2078/2721/3378
s 1
f 1992/2618/3253 2036/2668/3329 2052/2690/3349
f 2052/2690/3349 2036/2668/3329 2080/2723/3381
f 1995/2621/3256 2040/2675/3337 2055/2693/3351
f 2055/2693/3351 2040/2675/3337 2081/2724/3382
s 7
f 2069/2709/3362 2082/2725/3383 2035/2667/3328
f 2035/2667/3328 2082/2725/3383 2047/2685/3346
s 25
f 2070/2710/3363 2026/2657/3294 2083/2726/3384
f 2083/2726/3384 2026/2657/3294 2041/2676/3338
s 1
f 2005/2634/3268 2044/2680/3341 2062/2702/3357
f 2062/2702/3357 2044/2680/3341 2085/2728/3385
s 7
f 2071/2711/3364 2086/2729/3386 2028/2660/3297
f 2028/2660/3297 2086/2729/3386 2046/2682/3343
f 2065/2705/3358 2087/2730/3387 2022/2653/3290
f 2022/2653/3290 2087/2730/3387 2050/2688/3348
s 4
f 2088/2731/3388 2089/2732/3389 2090/2733/3390
f 2090/2733/3390 2089/2732/3389 2057/2696/3354
s 7
f 2072/2713/3366 2093/2737/3391 2042/2678/3340
f 2042/2678/3340 2093/2737/3391 2061/2701/3356
s 61
f 2094/2738/3392 2060/2700/3393 2095/2739/3394
f 2095/2739/3394 2060/2700/3393 2102/2746/3395
f 2031/2698/3396 2059/2699/3374 2060/2700/3393
f 2059/2699/3374 2064/2704/3373 2060/2700/3393
f 2102/2746/3395 2060/2700/3393 2064/2704/3373
s 4
f 2089/2732/3389 2096/2740/3397 2057/2696/3354
f 2057/2696/3354 2096/2740/3397 2058/2697/3355
s 1
f 2017/2648/3283 2048/2686/3347 2067/2707/3361
f 2067/2707/3361 2048/2686/3347 2098/2742/3398
s 61
f 2095/2739/3394 2105/2749/3399 2094/2738/3392
f 2101/2745/3400 2100/2744/3401 2099/2743/3402
f 2105/2749/3399 2099/2743/3402 2094/2738/3392
f 2094/2738/3392 2099/2743/3402 2100/2744/3401
s 7
f 2082/2725/3383 2108/2752/3403 2047/2685/3346
f 2047/2685/3346 2108/2752/3403 2066/2706/3359
s 61
f 2091/2754/3404 2106/2750/3405 2110/2763/3406
f 2110/2763/3406 2106/2750/3405 2109/2753/3407
f 2106/2750/3405 2107/2751/3408 2109/2753/3407
s 1
f 2029/2661/3298 2055/2693/3351 2073/2715/3367
f 2073/2715/3367 2055/2693/3351 2111/2756/3409
s 61
f 2099/2743/3402 2112/2757/3410 2101/2745/3400
f 2112/2757/3410 2113/2758/3411 2101/2745/3400
f 2106/2750/3405 2104/2748/3412 2107/2751/3408
f 2113/2758/3411 2103/2747/3413 2101/2745/3400
f 2107/2751/3408 2104/2748/3412 2103/2747/3413
f 2103/2747/3413 2104/2748/3412 2101/2745/3400
s 25
f 1915/2520/3154 1924/2530/3155 2115/2760/3414
f 2115/2760/3414 1924/2530/3155 2114/2759/3415
f 2081/2761/3416 2040/2694/3352 2116/2762/3417
f 2116/2762/3417 2040/2694/3352 2056/2695/3353
s 38
f 2113/2764/3418 2117/2765/3419 2103/2766/3420
s 7
f 2096/2767/3421 2118/2768/3422 2058/2712/3365
f 2058/2712/3365 2118/2768/3422 2072/2713/3366
s 1
f 2036/2668/3329 2062/2702/3357 2080/2723/3381
f 2080/2723/3381 2062/2702/3357 2119/2769/3423
s 70
f 1950/2770/3424 1949/2771/3425 2121/2773/3426
f 2121/2773/3426 1949/2771/3425 2120/2772/3427
s 71
f 2122/2774/3428 2123/2775/3429 2124/2776/3430
f 2124/2776/3430 2123/2775/3429 2139/2792/3431
s 38
f 2125/2777/3432 2126/2778/3433 2127/2779/3434
f 2127/2779/3434 2126/2778/3433 2130/2783/3435
s 25
f 1901/2502/3149 1959/2780/3436 1849/2436/3095
f 1849/2436/3095 1959/2780/3436 1832/2417/3077
f 1832/2417/3077 1959/2780/3436 1906/2509/3156
f 1906/2509/3156 1959/2780/3436 1788/2605/3241
s 7
f 2086/2729/3386 2128/2781/3437 2046/2682/3343
f 2046/2682/3343 2128/2781/3437 2065/2705/3358
f 2087/2730/3387 2129/2782/3438 2050/2688/3348
f 2050/2688/3348 2129/2782/3438 2069/2709/3362
f 2093/2737/3391 2131/2784/3439 2061/2701/3356
f 2061/2701/3356 2131/2784/3439 2071/2711/3364
s 4
f 1962/2579/3440 1969/2589/3441 2132/2785/3442
f 2132/2785/3442 1969/2589/3441 2133/2786/3443
s 7
f 2134/2787/3444 2135/2788/3445 2136/2789/3446
f 2136/2789/3446 2135/2788/3445 2146/2804/3447
s 38
f 2137/2790/3448 2125/2777/3432 2138/2791/3449
f 2138/2791/3449 2125/2777/3432 2127/2779/3434
s 25
f 1924/2530/3155 2074/2716/3368 2114/2759/3415
f 2114/2759/3415 2074/2716/3368 2140/2793/3450
s 1
f 2044/2680/3341 2067/2707/3361 2085/2728/3385
f 2085/2728/3385 2067/2707/3361 2141/2794/3451
s 28
f 1799/2798/3452 1800/2377/3453 1792/2797/3454
f 1800/2377/3453 1806/2384/3117 1792/2797/3454
f 1792/2797/3454 1806/2384/3117 1790/2796/3455
f 1790/2796/3455 1806/2384/3117 1897/2795/3456
f 1806/2384/3117 1864/2456/3118 1897/2795/3456
s 38
f 2142/2799/3457 2137/2790/3448 2143/2800/3458
f 2143/2800/3458 2137/2790/3448 2138/2791/3449
s 7
f 2108/2752/3403 2140/2801/3459 2066/2706/3359
f 2066/2706/3359 2140/2801/3459 2074/2717/3369
s 38
f 2144/2802/3460 2142/2799/3457 2145/2803/3461
f 2145/2803/3461 2142/2799/3457 2143/2800/3458
s 70
f 1894/2805/3462 1950/2770/3424 1984/2806/3463
f 1984/2806/3463 1950/2770/3424 2121/2773/3426
s 38
f 2147/2807/3464 2144/2802/3460 2148/2808/3465
f 2148/2808/3465 2144/2802/3460 2145/2803/3461
s 25
f 2116/2762/3417 2056/2695/3353 2149/2809/3466
f 2149/2809/3466 2056/2695/3353 2070/2710/3363
s 38
f 2135/2788/3467 2150/2810/3468 2146/2804/3469
f 2146/2804/3469 2150/2810/3468 2153/2813/3470
f 2151/2811/3471 2147/2807/3464 2152/2812/3472
f 2152/2812/3472 2147/2807/3464 2148/2808/3465
f 2150/2810/3468 2151/2811/3471 2153/2813/3470
f 2153/2813/3470 2151/2811/3471 2152/2812/3472
s 1
f 2048/2686/3347 2073/2715/3367 2098/2742/3398
f 2098/2742/3398 2073/2715/3367 2154/2814/3473
s 7
f 2129/2782/3438 2155/2815/3474 2069/2709/3362
f 2069/2709/3362 2155/2815/3474 2082/2725/3383
f 2131/2784/3439 2156/2816/3475 2071/2711/3364
f 2071/2711/3364 2156/2816/3475 2086/2729/3386
s 3
f 1867/2461/3121 1946/2611/3245 1889/2486/3139
f 1791/2366/3021 1889/2486/3139 1792/2367/3022
f 1792/2367/3022 1889/2486/3139 1799/2817/3476
f 1889/2486/3139 1946/2611/3245 1799/2817/3476
s 25
f 1879/2818/3477 2157/2819/3478 1862/2821/3479
f 1862/2821/3479 2157/2819/3478 2158/2820/3480
s 7
f 2118/2768/3422 2159/2822/3481 2072/2713/3366
f 2072/2713/3366 2159/2822/3481 2093/2737/3391
s 4
f 1874/2516/3162 1912/2515/3163 1887/2823/3482
f 1912/2515/3163 1937/2546/3184 1887/2823/3482
f 1937/2546/3184 1848/2434/3092 1887/2823/3482
f 1848/2434/3092 1847/2433/3093 1887/2823/3482
s 38
f 2160/2824/3483 2161/2825/3484 2163/2827/3485
f 2163/2827/3485 2161/2825/3484 2162/2826/3486
s 1
f 2055/2693/3351 2081/2724/3382 2111/2756/3409
f 2111/2756/3409 2081/2724/3382 2164/2828/3487
s 25
f 2149/2809/3466 2070/2710/3363 2165/2829/3488
f 2165/2829/3488 2070/2710/3363 2083/2726/3384
f 1890/2830/3489 2166/2831/3490 1879/2818/3477
f 1879/2818/3477 2166/2831/3490 2157/2819/3478
s 1
f 2062/2702/3357 2085/2728/3385 2119/2769/3423
f 2119/2769/3423 2085/2728/3385 2167/2832/3491
s 7
f 2128/2781/3437 2168/2833/3492 2065/2705/3358
f 2065/2705/3358 2168/2833/3492 2087/2730/3387
s 4
f 2169/2834/3493 2020/2835/3494 2089/2732/3389
f 2089/2732/3389 2020/2835/3494 2096/2740/3397
s 7
f 2155/2815/3474 2170/2836/3495 2082/2725/3383
f 2082/2725/3383 2170/2836/3495 2108/2752/3403
s 38
f 2171/2837/3496 2163/2827/3485 2172/2838/3497
f 2172/2838/3497 2163/2827/3485 2162/2826/3486
s 87
f 2126/2778/3498 2173/2839/3499 2130/2783/3500
f 2130/2783/3500 2173/2839/3499 2181/2848/3501
s 1
f 2067/2707/3361 2098/2742/3398 2141/2794/3451
f 2141/2794/3451 2098/2742/3398 2174/2840/3502
s 7
f 2159/2822/3481 2175/2841/3503 2093/2737/3391
f 2093/2737/3391 2175/2841/3503 2131/2784/3439
s 25
f 2165/2829/3488 2083/2726/3384 2176/2842/3504
f 2176/2842/3504 2083/2726/3384 2158/2820/3480
s 7
f 2156/2816/3475 2177/2843/3505 2086/2729/3386
f 2086/2729/3386 2177/2843/3505 2128/2781/3437
s 25
f 1898/2844/3506 2178/2845/3507 1890/2830/3489
f 1890/2830/3489 2178/2845/3507 2166/2831/3490
s 70
f 2121/2773/3426 2120/2772/3427 2180/2847/3508
f 2180/2847/3508 2120/2772/3427 2179/2846/3509
s 25
f 2130/2783/3510 2181/2848/3511 2182/2849/3512
f 2182/2849/3512 2181/2848/3511 2219/2902/3513
s 4
f 1986/2609/3514 1994/2620/3515 2183/2850/3516
f 2183/2850/3516 1994/2620/3515 2184/2851/3517
s 1
f 2073/2715/3367 2111/2756/3409 2154/2814/3473
f 2154/2814/3473 2111/2756/3409 2185/2852/3518
s 25
f 2164/2853/3519 2081/2761/3416 2186/2854/3520
f 2186/2854/3520 2081/2761/3416 2116/2762/3417
s 7
f 2020/2651/3288 2023/2654/3289 2096/2767/3421
f 2096/2767/3421 2023/2654/3289 2118/2768/3422
s 25
f 2176/2842/3504 2158/2820/3480 2187/2855/3521
f 2187/2855/3521 2158/2820/3480 2157/2819/3478
f 2178/2845/3507 1898/2844/3506 2188/2857/3522
f 2188/2857/3522 1898/2844/3506 1907/2856/3523
s 7
f 2170/2836/3495 2189/2858/3524 2108/2752/3403
f 2108/2752/3403 2189/2858/3524 2140/2801/3459
s 25
f 2190/2859/3525 2114/2759/3415 2189/2860/3526
f 2189/2860/3526 2114/2759/3415 2140/2793/3450
s 38
f 2161/2825/3484 2191/2861/3527 2162/2826/3486
f 2162/2826/3486 2191/2861/3527 2192/2862/3528
s 7
f 2168/2833/3492 2193/2863/3529 2087/2730/3387
f 2087/2730/3387 2193/2863/3529 2129/2782/3438
f 2175/2841/3503 2194/2864/3530 2131/2784/3439
f 2131/2784/3439 2194/2864/3530 2156/2816/3475
s 4
f 1979/2600/3235 2016/2647/3282 2038/2673/3237
f 2038/2673/3237 2016/2647/3282 2195/2865/3531
s 70
f 1984/2806/3463 2121/2773/3426 2009/2866/3532
f 2009/2866/3532 2121/2773/3426 2180/2847/3508
s 1
f 2085/2728/3385 2141/2794/3451 2167/2832/3491
f 2167/2832/3491 2141/2794/3451 2196/2867/3533
s 25
f 2187/2855/3521 2157/2819/3478 2197/2868/3534
f 2197/2868/3534 2157/2819/3478 2166/2831/3490
s 1
f 2016/2647/3295 2027/2869/3296 2195/2865/3535
f 2195/2865/3535 2027/2869/3296 2198/2870/3536
s 25
f 2186/2854/3520 2116/2762/3417 2199/2871/3537
f 2199/2871/3537 2116/2762/3417 2149/2809/3466
s 38
f 2172/2838/3497 2162/2826/3486 2200/2872/3538
f 2200/2872/3538 2162/2826/3486 2192/2862/3528
s 4
f 2006/2635/3539 2018/2649/3540 2169/2834/3493
f 2169/2834/3493 2018/2649/3540 2020/2835/3494
s 1
f 2098/2742/3398 2154/2814/3473 2174/2840/3502
f 2174/2840/3502 2154/2814/3473 2201/2873/3541
s 7
f 2023/2654/3289 2202/2874/3542 2118/2768/3422
f 2118/2768/3422 2202/2874/3542 2159/2822/3481
f 2193/2863/3529 2203/2875/3543 2129/2782/3438
f 2129/2782/3438 2203/2875/3543 2155/2815/3474
f 2177/2843/3505 2204/2876/3544 2128/2781/3437
f 2128/2781/3437 2204/2876/3544 2168/2833/3492
s 25
f 2197/2868/3534 2166/2831/3490 2205/2877/3545
f 2205/2877/3545 2166/2831/3490 2178/2845/3507
s 38
f 1991/2617/3244 2013/2643/3279 2000/2629/3255
f 2000/2629/3255 2013/2643/3279 2206/2878/3546
s 7
f 2194/2864/3530 2207/2879/3547 2156/2816/3475
f 2156/2816/3475 2207/2879/3547 2177/2843/3505
s 1
f 2111/2756/3409 2164/2828/3487 2185/2852/3518
f 2185/2852/3518 2164/2828/3487 2208/2880/3548
s 25
f 2032/2881/3549 2176/2842/3504 1884/2882/3550
f 1884/2882/3550 2176/2842/3504 2187/2855/3521
f 2199/2871/3537 2149/2809/3466 2209/2883/3551
f 2209/2883/3551 2149/2809/3466 2165/2829/3488
s 92
f 2034/2885/3552 2033/2886/3553 1866/2884/3554
f 2092/2888/3555 1865/2889/3556 2053/2887/3557
f 1866/2884/3554 2033/2886/3553 1865/2889/3556
f 2033/2886/3553 2053/2887/3557 1865/2889/3556
s 25
f 2205/2877/3545 2178/2845/3507 2210/2890/3558
f 2210/2890/3558 2178/2845/3507 2188/2857/3522
s 38
f 2191/2861/3527 2211/2891/3559 2192/2862/3528
f 2192/2862/3528 2211/2891/3559 2212/2892/3560
s 71
f 2213/2893/3561 2214/2894/3562 2215/2895/3563
f 2215/2895/3563 2214/2894/3562 2221/2904/3564
s 38
f 2000/2629/3255 2206/2878/3546 2014/2645/3270
f 2014/2645/3270 2206/2878/3546 2216/2896/3565
s 7
f 2202/2874/3542 2217/2897/3566 2159/2822/3481
f 2159/2822/3481 2217/2897/3566 2175/2841/3503
f 2203/2875/3543 2218/2898/3567 2155/2815/3474
f 2155/2815/3474 2218/2898/3567 2170/2836/3495
s 25
f 1884/2882/3550 2187/2855/3521 1904/2899/3568
f 1904/2899/3568 2187/2855/3521 2197/2868/3534
s 70
f 2180/2847/3508 2179/2846/3509 2059/2901/3569
f 2059/2901/3569 2179/2846/3509 2063/2900/3570
s 1
f 2141/2794/3451 2174/2840/3502 2196/2867/3533
f 2196/2867/3533 2174/2840/3502 2220/2903/3571
f 2027/2869/3296 2052/2905/3349 2198/2870/3536
f 2198/2870/3536 2052/2905/3349 2122/2774/3572
s 7
f 2204/2876/3544 2222/2906/3573 2168/2833/3492
f 2168/2833/3492 2222/2906/3573 2193/2863/3529
s 25
f 2210/2890/3558 2188/2857/3522 2223/2907/3574
f 2223/2907/3574 2188/2857/3522 2190/2859/3525
s 1
f 2154/2814/3473 2185/2852/3518 2201/2873/3541
f 2201/2873/3541 2185/2852/3518 2224/2908/3575
s 25
f 1904/2899/3568 2197/2868/3534 1918/2909/3576
f 1918/2909/3576 2197/2868/3534 2205/2877/3545
f 2208/2910/3577 2164/2853/3519 2225/2911/3578
f 2225/2911/3578 2164/2853/3519 2186/2854/3520
s 70
f 2009/2866/3532 2180/2847/3508 2031/2912/3579
f 2031/2912/3579 2180/2847/3508 2059/2901/3569
s 7
f 2019/2650/3287 2226/2913/3580 2023/2654/3289
f 2023/2654/3289 2226/2913/3580 2202/2874/3542
s 38
f 2014/2645/3270 2216/2896/3565 2019/2650/3285
f 2019/2650/3285 2216/2896/3565 2226/2913/3581
s 7
f 2217/2897/3566 2227/2914/3582 2175/2841/3503
f 2175/2841/3503 2227/2914/3582 2194/2864/3530
f 2218/2898/3567 2228/2915/3583 2170/2836/3495
f 2170/2836/3495 2228/2915/3583 2189/2858/3524
s 25
f 2223/2907/3574 2190/2859/3525 2228/2916/3584
f 2228/2916/3584 2190/2859/3525 2189/2860/3526
s 7
f 2207/2879/3547 2229/2917/3585 2177/2843/3505
f 2177/2843/3505 2229/2917/3585 2204/2876/3544
f 2222/2906/3573 2230/2918/3586 2193/2863/3529
f 2193/2863/3529 2230/2918/3586 2203/2875/3543
s 25
f 1918/2909/3576 2205/2877/3545 1927/2919/3587
f 1927/2919/3587 2205/2877/3545 2210/2890/3558
s 38
f 2211/2891/3559 2231/2920/3588 2212/2892/3560
f 2212/2892/3560 2231/2920/3588 2232/2921/3589
s 25
f 2225/2911/3578 2186/2854/3520 2233/2922/3590
f 2233/2922/3590 2186/2854/3520 2199/2871/3537
s 47
f 2163/2827/3591 1940/2549/3261 2234/2923/3592
f 2234/2923/3592 1940/2549/3261 1998/2627/3263
s 7
f 2226/2913/3580 2235/2924/3593 2202/2874/3542
f 2202/2874/3542 2235/2924/3593 2217/2897/3566
s 1
f 2174/2840/3502 2201/2873/3541 2220/2903/3571
f 2220/2903/3571 2201/2873/3541 2236/2925/3594
s 38
f 2216/2896/3565 2237/2926/3595 2226/2913/3581
f 2226/2913/3581 2237/2926/3595 2235/2924/3596
s 1
f 2052/2905/3349 2080/2927/3381 2122/2774/3572
f 2122/2774/3572 2080/2927/3381 2123/2775/3597
s 7
f 2227/2914/3582 2238/2928/3598 2194/2864/3530
f 2194/2864/3530 2238/2928/3598 2207/2879/3547
f 2230/2918/3586 2239/2929/3599 2203/2875/3543
f 2203/2875/3543 2239/2929/3599 2218/2898/3567
s 92
f 1959/2931/3600 1901/2932/3601 1900/2930/3602
f 1866/2884/3554 1817/2934/3603 2034/2885/3552
f 1901/2932/3601 1902/2933/3604 1900/2930/3602
f 1817/2934/3603 1900/2930/3602 2034/2885/3552
f 1900/2930/3602 1902/2933/3604 2034/2885/3552
s 7
f 2229/2917/3585 2240/2935/3605 2204/2876/3544
f 2204/2876/3544 2240/2935/3605 2222/2906/3573
s 1
f 2185/2852/3518 2208/2880/3548 2224/2908/3575
f 2224/2908/3575 2208/2880/3548 2241/2936/3606
s 96
f 2163/2827/3607 2234/2923/3608 2160/2824/3609
f 2160/2824/3609 2234/2923/3608 2124/2776/3610
s 25
f 2233/2922/3590 2199/2871/3537 2242/2937/3611
f 2242/2937/3611 2199/2871/3537 2209/2883/3551
s 38
f 2243/2939/3612 2237/2926/3595 2049/2938/3613
f 2049/2938/3613 2237/2926/3595 2037/2940/3614
s 97
f 2161/2825/3615 2160/2824/3616 2139/2792/3617
f 2139/2792/3617 2160/2824/3616 2124/2776/3618
s 7
f 2235/2924/3593 2244/2941/3619 2217/2897/3566
f 2217/2897/3566 2244/2941/3619 2227/2914/3582
s 25
f 2051/2942/3620 2242/2937/3611 2039/2943/3621
f 2039/2943/3621 2242/2937/3611 2209/2883/3551
s 38
f 2237/2926/3595 2243/2939/3612 2235/2924/3596
f 2235/2924/3596 2243/2939/3612 2244/2941/3622
s 7
f 2239/2929/3599 2245/2944/3623 2218/2898/3567
f 2218/2898/3567 2245/2944/3623 2228/2915/3583
s 38
f 2231/2920/3588 2246/2945/3624 2232/2921/3589
f 2232/2921/3589 2246/2945/3624 2247/2946/3625
s 7
f 2240/2935/3605 2248/2947/3626 2222/2906/3573
f 2222/2906/3573 2248/2947/3626 2230/2918/3586
s 25
f 2249/2948/3627 2223/2907/3574 2245/2949/3628
f 2245/2949/3628 2223/2907/3574 2228/2916/3584
s 1
f 2201/2873/3541 2224/2908/3575 2236/2925/3594
f 2236/2925/3594 2224/2908/3575 2250/2950/3629
f 2080/2927/3381 2119/2951/3423 2123/2775/3597
f 2123/2775/3597 2119/2951/3423 2251/2952/3630
s 25
f 2241/2953/3631 2208/2910/3577 2252/2954/3632
f 2252/2954/3632 2208/2910/3577 2225/2911/3578
s 7
f 2238/2928/3598 2253/2955/3633 2207/2879/3547
f 2207/2879/3547 2253/2955/3633 2229/2917/3585
s 38
f 2254/2956/3634 2232/2921/3589 2255/2957/3635
f 2255/2957/3635 2232/2921/3589 2247/2946/3625
s 7
f 2244/2941/3619 2256/2958/3636 2227/2914/3582
f 2227/2914/3582 2256/2958/3636 2238/2928/3598
f 2248/2947/3626 2257/2959/3637 2230/2918/3586
f 2230/2918/3586 2257/2959/3637 2239/2929/3599
s 97
f 2191/2861/3638 2161/2825/3615 2258/2960/3639
f 2258/2960/3639 2161/2825/3615 2139/2792/3617
s 25
f 2083/2726/3384 2041/2676/3338 2158/2820/3480
f 2158/2820/3480 2041/2676/3338 1862/2821/3479
f 2041/2676/3338 1769/2684/3345 1862/2821/3479
s 38
f 2243/2939/3612 2259/2961/3640 2244/2941/3622
f 2244/2941/3622 2259/2961/3640 2256/2958/3641
s 25
f 2252/2954/3632 2225/2911/3578 2260/2962/3642
f 2260/2962/3642 2225/2911/3578 2233/2922/3590
f 1905/2507/3152 1834/2506/3151 1966/2586/3218
f 1834/2506/3151 1764/2963/3643 1966/2586/3218
f 1966/2586/3218 1764/2963/3643 1932/2541/3182
f 1961/2578/3209 1932/2541/3182 1764/2963/3643
s 38
f 2246/2945/3624 2261/2964/3644 2247/2946/3625
f 2247/2946/3625 2261/2964/3644 2262/2965/3645
s 7
f 2253/2955/3633 2263/2966/3646 2229/2917/3585
f 2229/2917/3585 2263/2966/3646 2240/2935/3605
f 2257/2959/3637 2264/2967/3647 2239/2929/3599
f 2239/2929/3599 2264/2967/3647 2245/2944/3623
s 1
f 2224/2908/3575 2241/2936/3606 2250/2950/3629
f 2250/2950/3629 2241/2936/3606 2265/2968/3648
f 2119/2951/3423 2167/2969/3491 2251/2952/3630
f 2251/2952/3630 2167/2969/3491 2266/2970/3649
s 25
f 2260/2962/3642 2233/2922/3590 2267/2971/3650
f 2267/2971/3650 2233/2922/3590 2242/2937/3611
s 38
f 2255/2957/3635 2247/2946/3625 2268/2972/3651
f 2268/2972/3651 2247/2946/3625 2262/2965/3645
s 25
f 2269/2973/3652 2249/2948/3627 2264/2974/3653
f 2264/2974/3653 2249/2948/3627 2245/2949/3628
f 2249/2948/3627 2269/2973/3652 2270/2975/3654
f 2270/2975/3654 2269/2973/3652 2271/2976/3655
s 7
f 2256/2958/3636 2272/2977/3656 2238/2928/3598
f 2238/2928/3598 2272/2977/3656 2253/2955/3633
f 2263/2966/3646 2273/2978/3657 2240/2935/3605
f 2240/2935/3605 2273/2978/3657 2248/2947/3626
s 97
f 2211/2891/3658 2191/2861/3638 2274/2979/3659
f 2274/2979/3659 2191/2861/3638 2258/2960/3639
s 25
f 2267/2971/3650 2242/2937/3611 2068/2980/3660
f 2068/2980/3660 2242/2937/3611 2051/2942/3620
s 71
f 2195/2865/3661 2198/2870/3662 2038/2673/3663
f 2038/2673/3663 2198/2870/3662 2275/2981/3664
s 38
f 2259/2961/3640 2276/2982/3665 2256/2958/3641
f 2256/2958/3641 2276/2982/3665 2272/2977/3666
s 4
f 1969/2589/3441 1976/2597/3667 2133/2786/3443
f 2133/2786/3443 1976/2597/3667 2278/2984/3668
f 1976/2597/3667 2277/2983/3669 2278/2984/3668
s 25
f 2265/2985/3670 2241/2953/3631 2182/2849/3512
f 2182/2849/3512 2241/2953/3631 2252/2954/3632
s 71
f 2038/2673/3663 2275/2981/3664 1980/2601/3671
f 1980/2601/3671 2275/2981/3664 1998/2627/3672
s 7
f 2273/2978/3657 2134/2787/3444 2248/2947/3626
f 2248/2947/3626 2134/2787/3444 2257/2959/3637
s 1
f 2167/2969/3491 2196/2986/3533 2266/2970/3649
f 2266/2970/3649 2196/2986/3533 2279/2987/3673
s 7
f 2280/2988/3674 2263/2966/3646 2272/2977/3656
f 2272/2977/3656 2263/2966/3646 2253/2955/3633
s 38
f 1974/2991/3675 1967/2587/3211 1951/2990/3676
f 1957/2569/3189 1956/2989/3677 1967/2587/3211
f 1956/2989/3677 1951/2990/3676 1967/2587/3211
f 2084/2992/3678 2281/2993/3679 2079/2994/3680
f 2079/2994/3680 2281/2993/3679 2276/2982/3665
f 2281/2993/3679 2280/2988/3681 2276/2982/3665
f 2276/2982/3665 2280/2988/3681 2272/2977/3666
s 25
f 2182/2849/3512 2252/2954/3632 2130/2783/3510
f 2130/2783/3510 2252/2954/3632 2260/2962/3642
s 4
f 2090/2733/3390 2057/2696/3354 1933/2995/3682
f 2057/2696/3354 1982/2603/3239 1933/2995/3682
f 1982/2603/3239 1952/2561/3197 1933/2995/3682
f 1952/2561/3197 1926/2614/3248 1933/2995/3682
f 2282/2996/3683 2169/2834/3493 2283/2997/3684
f 2169/2834/3493 2089/2732/3389 2283/2997/3684
f 2089/2732/3389 2088/2731/3388 2283/2997/3684
s 97
f 2231/2920/3685 2211/2891/3658 2284/2998/3686
f 2284/2998/3686 2211/2891/3658 2274/2979/3659
s 71
f 2198/2870/3662 2122/2774/3428 2275/2981/3664
f 2275/2981/3664 2122/2774/3428 2124/2776/3430
s 7
f 2134/2787/3444 2136/2789/3446 2257/2959/3637
f 2257/2959/3637 2136/2789/3446 2264/2967/3647
s 4
f 2183/2850/3516 2285/2999/3687 1986/2609/3514
f 1976/2597/3667 1986/2609/3514 2277/2983/3669
f 2277/2983/3669 1986/2609/3514 2285/2999/3687
s 7
f 2286/3000/3688 2273/2978/3657 2280/2988/3674
f 2280/2988/3674 2273/2978/3657 2263/2966/3646
s 71
f 2275/2981/3664 2124/2776/3430 1998/2627/3672
f 1998/2627/3672 2124/2776/3430 2234/2923/3689
s 25
f 2287/3001/3690 2269/2973/3652 2136/3002/3691
f 2136/3002/3691 2269/2973/3652 2264/2974/3653
f 2260/2962/3642 2267/2971/3650 2130/2783/3510
f 2130/2783/3510 2267/2971/3650 2127/2779/3692
s 38
f 1987/3004/3693 1975/2596/3221 1978/3003/3694
f 1975/2596/3221 1967/2587/3211 1978/3003/3694
f 1967/2587/3211 1974/2991/3675 1978/3003/3694
f 2288/3005/3695 2286/3000/3696 2281/2993/3679
f 2281/2993/3679 2286/3000/3696 2280/2988/3681
s 1
f 2196/2986/3533 2220/3006/3571 2279/2987/3673
f 2279/2987/3673 2220/3006/3571 2214/2894/3697
s 7
f 2135/2788/3445 2134/2787/3444 2286/3000/3688
f 2286/3000/3688 2134/2787/3444 2273/2978/3657
s 97
f 2246/2945/3698 2231/2920/3685 2213/2893/3699
f 2213/2893/3699 2231/2920/3685 2284/2998/3686
s 38
f 2002/3008/3700 1983/2606/3228 1990/3007/3701
f 1990/3007/3701 1983/2606/3228 1987/3004/3693
f 1975/2596/3221 1987/3004/3693 1983/2606/3228
f 2147/2807/3464 2151/2811/3471 2117/2765/3419
f 2117/2765/3419 2151/2811/3471 2289/3009/3702
f 2150/2810/3468 2135/2788/3467 2288/3005/3695
f 2288/3005/3695 2135/2788/3467 2286/3000/3696
f 2151/2811/3471 2150/2810/3468 2289/3009/3702
f 2289/3009/3702 2150/2810/3468 2288/3005/3695
s 25
f 2290/3010/3703 2143/2800/3704 2291/3011/3705
f 2291/3011/3705 2143/2800/3704 2138/2791/3706
f 2153/2813/3707 2287/3001/3690 2146/2804/3708
f 2146/2804/3708 2287/3001/3690 2136/3002/3691
f 2292/3012/3709 2152/2812/3710 2293/3013/3711
f 2293/3013/3711 2152/2812/3710 2148/2808/3712
s 1
f 2220/3006/3571 2236/3014/3594 2214/2894/3697
f 2214/2894/3697 2236/3014/3594 2221/2904/3713
s 38
f 2013/2643/3279 1991/2617/3244 2003/2644/3280
f 1983/2606/3228 2002/3008/3700 1991/2617/3244
f 1991/2617/3244 2002/3008/3700 2003/2644/3280
s 71
f 2123/2775/3429 2251/2952/3714 2139/2792/3431
f 2139/2792/3431 2251/2952/3714 2258/2960/3715
s 97
f 2246/2945/3698 2213/2893/3699 2261/2964/3716
f 2261/2964/3716 2213/2893/3699 2215/2895/3717
s 1
f 2236/3014/3594 2250/3015/3629 2221/2904/3713
f 2221/2904/3713 2250/3015/3629 2294/3016/3718
s 111
f 2262/2965/3719 2261/2964/3720 2295/3017/3721
f 2295/3017/3721 2261/2964/3720 2215/2895/3722
s 112
f 2120/2772/3723 2296/3018/3724 2179/2846/3725
f 2296/3018/3724 2297/3019/3726 2179/2846/3725
f 2297/3019/3726 2298/3020/3727 2179/2846/3725
s 71
f 2251/2952/3714 2266/2970/3728 2258/2960/3715
f 2258/2960/3715 2266/2970/3728 2274/2979/3729
s 38
f 2021/3022/3730 2206/2878/3546 2012/3021/3731
f 2206/2878/3546 2013/2643/3279 2012/3021/3731
f 2013/2643/3279 2007/2642/3278 2012/3021/3731
s 25
f 2209/2883/3551 2165/2829/3488 2039/2943/3621
f 2176/2842/3504 2032/2881/3549 2165/2829/3488
f 2165/2829/3488 2032/2881/3549 2039/2943/3621
s 87
f 2126/2778/3498 2262/2965/3732 2173/2839/3499
f 2173/2839/3499 2262/2965/3732 2295/3017/3733
s 38
f 2192/2862/3528 2212/2892/3560 2200/2872/3538
f 2200/2872/3538 2212/2892/3560 2296/3024/3734
f 2212/2892/3560 2297/3023/3735 2296/3024/3734
s 1
f 2250/3015/3629 2265/2985/3648 2294/3016/3718
f 2294/3016/3718 2265/2985/3648 2299/3025/3736
s 71
f 2266/2970/3728 2279/2987/3737 2274/2979/3729
f 2274/2979/3729 2279/2987/3737 2284/2998/3738
s 4
f 1941/2550/3360 1962/2579/3440 2010/2639/3271
f 2132/2785/3442 1935/3026/3739 1962/2579/3440
f 1962/2579/3440 1935/3026/3739 2010/2639/3271
f 2010/2639/3271 1935/3026/3739 1921/2672/3336
s 25
f 2265/2985/3670 2182/2849/3512 2299/3025/3740
f 2299/3025/3740 2182/2849/3512 2219/2902/3513
s 71
f 2279/2987/3737 2214/2894/3562 2284/2998/3738
f 2284/2998/3738 2214/2894/3562 2213/2893/3561
s 38
f 2212/2892/3560 2232/2921/3589 2297/3023/3735
f 2297/3023/3735 2232/2921/3589 2298/3027/3741
f 2232/2921/3589 2254/2956/3634 2298/3027/3741
f 1956/2989/3677 1957/2569/3189 1955/3028/3742
f 1957/2569/3189 1940/2549/3187 1955/3028/3742
f 1940/2549/3187 2163/2827/3485 1955/3028/3742
f 2163/2827/3485 2171/2837/3496 1955/3028/3742
f 2300/3029/3743 2259/2961/3640 2054/3030/3744
f 2243/2939/3612 2049/2938/3613 2259/2961/3640
f 2259/2961/3640 2049/2938/3613 2054/3030/3744
s 71
f 2221/2904/3564 2294/3016/3745 2215/2895/3563
f 2215/2895/3563 2294/3016/3745 2301/3031/3746
s 56
f 2078/2721/3378 2077/2720/3379 2043/2679/3333
f 2077/2720/3379 2300/3032/3747 2043/2679/3333
f 2300/3032/3747 2054/2692/3334 2043/2679/3333
s 71
f 2215/2895/3563 2301/3031/3746 2295/3017/3748
f 2295/3017/3748 2301/3031/3746 2173/2839/3749
f 2294/3016/3745 2299/3025/3750 2301/3031/3746
f 2301/3031/3746 2299/3025/3750 2219/2902/3751
f 2301/3031/3746 2219/2902/3751 2173/2839/3749
f 2173/2839/3749 2219/2902/3751 2181/2848/3752
s 38
f 2276/2982/3665 2259/2961/3640 2079/2994/3680
f 2079/2994/3680 2259/2961/3640 2077/3033/3753
f 2259/2961/3640 2300/3029/3743 2077/3033/3753
s 115
f 2278/3037/3754 2277/3038/3755 1989/3036/3756
f 2008/3034/3757 1996/3035/3758 2285/3039/3759
f 1989/3036/3756 2277/3038/3755 1996/3035/3758
f 1996/3035/3758 2277/3038/3755 2285/3039/3759
s 18
f 1887/3040/3760 1847/3041/3761 1823/3045/3762
f 1823/3045/3762 1847/3041/3761 2115/3044/3763
f 1847/3041/3761 1826/3042/3764 2115/3044/3763
f 2115/3044/3763 1826/3042/3764 1915/3043/3765
f 1826/3042/3764 1784/2358/2984 1915/3043/3765
f 1784/2358/2984 1785/2359/2983 1915/3043/3765
s 25
f 2188/2857/3522 1907/2856/3523 2190/2859/3525
f 1907/2856/3523 1823/3046/3766 2190/2859/3525
f 2190/2859/3525 1823/3046/3766 2114/2759/3415
f 1823/3046/3766 2115/2760/3414 2114/2759/3415
s 92
f 2303/3049/3767 2304/3050/3768 2302/3048/3769
f 2053/2887/3557 1960/3055/3770 2092/2888/3555
f 2302/3048/3769 2304/3050/3768 1713/3047/3771
f 2304/3050/3768 1709/3051/3772 1713/3047/3771
f 1960/3055/3770 1961/3056/3773 2092/2888/3555
f 2092/2888/3555 1961/3056/3773 1841/3054/3774
f 1713/3047/3771 1709/3051/3772 1714/2331/3775
f 1714/2331/3775 1709/3051/3772 1764/2332/3776
f 1709/3051/3772 1708/3052/3777 1764/2332/3776
f 1708/3052/3777 1782/3053/3778 1764/2332/3776
f 1764/2332/3776 1782/3053/3778 1961/3056/3773
f 1782/3053/3778 1841/3054/3774 1961/3056/3773
s 4
f 1994/2620/3515 2006/2635/3539 2184/2851/3517
f 2184/2851/3517 2006/2635/3539 2305/3057/3779
f 2006/2635/3539 2169/2834/3493 2305/3057/3779
f 2169/2834/3493 2282/2996/3683 2305/3057/3779
s 25
f 2306/3058/3780 2307/3059/3781 2287/3001/3690
f 2287/3001/3690 2307/3059/3781 2269/2973/3652
f 2271/2976/3655 2269/2973/3652 2307/3059/3781
s 38
f 2102/3061/3782 2064/3062/3783 2137/2790/3448
f 2125/2777/3432 2137/2790/3448 2076/3060/3784
f 2076/3060/3784 2137/2790/3448 2064/3062/3783
f 2109/3063/3785 2107/3064/3786 2289/3009/3702
f 2289/3009/3702 2107/3064/3786 2117/2765/3419
f 2103/2766/3420 2117/2765/3419 2107/3064/3786
f 2105/3065/3787 2095/3066/3788 2142/2799/3457
f 2142/2799/3457 2095/3066/3788 2137/2790/3448
f 2102/3061/3782 2137/2790/3448 2095/3066/3788
f 2112/3067/3789 2099/3068/3790 2144/2802/3460
f 2099/3068/3790 2105/3065/3787 2144/2802/3460
f 2105/3065/3787 2142/2799/3457 2144/2802/3460
f 2117/2765/3419 2113/2764/3418 2147/2807/3464
f 2144/2802/3460 2147/2807/3464 2112/3067/3789
f 2112/3067/3789 2147/2807/3464 2113/2764/3418
s 25
f 2143/2800/3704 2290/3010/3703 2145/2803/3791
f 2290/3010/3703 2308/3069/3792 2145/2803/3791
f 2308/3069/3792 2309/3070/3793 2145/2803/3791
f 2293/3013/3711 2148/2808/3712 2310/3071/3794
f 2145/2803/3791 2309/3070/3793 2148/2808/3712
f 2309/3070/3793 2310/3071/3794 2148/2808/3712
s 38
f 2237/2926/3595 2216/2896/3565 2037/2940/3614
f 2021/3022/3730 2025/3072/3795 2206/2878/3546
f 2206/2878/3546 2025/3072/3795 2216/2896/3565
f 2025/3072/3795 2037/2940/3614 2216/2896/3565
s 115
f 1935/3075/3796 2132/3076/3797 1936/3074/3798
f 1989/3036/3756 1977/3073/3799 2278/3037/3754
f 2132/3076/3797 2133/3077/3800 1936/3074/3798
f 2278/3037/3754 1977/3073/3799 2133/3077/3800
f 1977/3073/3799 1936/3074/3798 2133/3077/3800
s 25
f 2270/2975/3654 1993/3078/3801 2249/2948/3627
f 2249/2948/3627 1993/3078/3801 2223/2907/3574
f 2223/2907/3574 1993/3078/3801 2210/2890/3558
f 1927/2919/3587 2210/2890/3558 1993/3078/3801
s 122
f 2311/3081/3802 2305/3082/3803 2306/3080/3804
f 2305/3082/3803 2282/3083/3805 2306/3080/3804
f 2306/3080/3804 2282/3083/3805 2307/3079/3806
f 2307/3079/3806 2282/3083/3805 2283/3084/3807
s 112
f 1955/3085/3808 2171/3086/3809 1949/2771/3810
f 2171/3086/3809 2172/3087/3811 1949/2771/3810
f 1949/2771/3810 2172/3087/3811 2120/2772/3723
f 2296/3018/3724 2120/2772/3723 2200/3088/3812
f 2172/3087/3811 2200/3088/3812 2120/2772/3723
s 38
f 2076/3060/3784 2075/3089/3813 2125/2777/3432
f 2125/2777/3432 2075/3089/3813 2126/2778/3433
f 2126/2778/3433 2075/3089/3813 2262/2965/3645
f 2262/2965/3645 2075/3089/3813 2268/2972/3651
s 115
f 2308/3092/3814 2100/3093/3815 2309/3091/3816
f 2104/3095/3817 2310/3090/3818 2101/3094/3819
f 2100/3093/3815 2101/3094/3819 2309/3091/3816
f 2310/3090/3818 2309/3091/3816 2101/3094/3819
s 38
f 2281/2993/3679 2084/2992/3678 2288/3005/3695
f 2109/3063/3785 2289/3009/3702 2110/3096/3820
f 2289/3009/3702 2288/3005/3695 2110/3096/3820
f 2288/3005/3695 2084/2992/3678 2110/3096/3820
s 25
f 2127/2779/3692 2267/2971/3650 2138/2791/3706
f 2291/3011/3705 2138/2791/3706 2097/3097/3821
f 2138/2791/3706 2267/2971/3650 2097/3097/3821
f 2267/2971/3650 2068/2980/3660 2097/3097/3821
f 2152/2812/3710 2292/3012/3709 2153/2813/3707
f 2292/3012/3709 2311/3098/3822 2153/2813/3707
f 2153/2813/3707 2311/3098/3822 2287/3001/3690
f 2311/3098/3822 2306/3058/3780 2287/3001/3690
s 112
f 2075/3102/3823 2063/2900/3824 2268/3101/3825
f 2268/3101/3825 2063/2900/3824 2255/3100/3826
f 2063/2900/3824 2179/2846/3725 2255/3100/3826
f 2298/3020/3727 2254/3099/3827 2179/2846/3725
f 2179/2846/3725 2254/3099/3827 2255/3100/3826
s 122
f 1993/3103/3828 2270/3104/3829 1933/3108/3830
f 1933/3108/3830 2270/3104/3829 2090/3107/3831
f 2270/3104/3829 2271/3105/3832 2090/3107/3831
f 2090/3107/3831 2271/3105/3832 2088/3106/3833
f 2271/3105/3832 2307/3079/3806 2088/3106/3833
f 2307/3079/3806 2283/3084/3807 2088/3106/3833
s 115
f 2097/3111/3834 2060/3112/3835 2291/3110/3836
f 2100/3093/3815 2308/3092/3814 2094/3113/3837
f 2291/3110/3836 2060/3112/3835 2290/3109/3838
f 2308/3092/3814 2290/3109/3838 2094/3113/3837
f 2290/3109/3838 2060/3112/3835 2094/3113/3837
f 2310/3090/3818 2104/3095/3817 2293/3115/3839
f 2285/3039/3759 2183/3122/3840 2008/3034/3757
f 2293/3115/3839 2104/3095/3817 2292/3114/3841
f 2104/3095/3817 2106/3116/3842 2292/3114/3841
f 2183/3122/3840 2184/3123/3843 2008/3034/3757
f 2008/3034/3757 2184/3123/3843 2011/3121/3844
f 2106/3116/3842 2091/3117/3845 2292/3114/3841
f 2292/3114/3841 2091/3117/3845 2311/3081/3846
f 2311/3081/3846 2091/3117/3845 2305/3082/3847
f 2091/3117/3845 2078/3118/3848 2305/3082/3847
f 2011/3121/3844 2184/3123/3843 2024/3120/3849
f 2184/3123/3843 2305/3082/3847 2024/3120/3849
f 2305/3082/3847 2078/3118/3848 2024/3120/3849
f 2078/3118/3848 2043/3119/3850 2024/3120/3849
s 3
f 1707/2272/2934 1719/2284/2935 1698/2270/3851
f 1698/2270/3851 1719/2284/2935 1695/3129/3852
f 1753/2320/2969 1752/2319/2968 1718/2283/2933
f 1718/2283/2933 1752/2319/2968 2312/3124/3853
f 1794/3125/3854 1752/2319/2968 1751/2318/2970
s 1
f 2313/3126/3855 1746/2313/2963 1733/2299/2948
f 1733/2299/2948 1746/2313/2963 1748/2315/2964
s 130
f 2319/3134/3856 2327/3145/3857 1710/2275/3858
f 1710/2275/3858 2327/3145/3857 1744/2311/3859
f 1793/3127/3860 1744/2311/3859 2327/3145/3857
s 1
f 2314/3128/3861 1735/2302/2951 1727/2292/2944
f 1727/2292/2944 1735/2302/2951 1737/2304/2952
s 2
f 2315/3130/3862 1690/2253/2901 1765/2334/2987
f 1765/2334/2987 1690/2253/2901 1689/2252/2902
s 4
f 2316/3131/3863 1725/2290/2941 1703/2266/2915
f 1703/2266/2915 1725/2290/2941 1704/2267/2916
s 1
f 2317/3132/3864 1726/2291/2943 1700/2263/2912
f 1700/2263/2912 1726/2291/2943 1729/2294/2945
s 3
f 1694/2257/2905 1693/2256/2906 1683/2246/3865
f 1683/2246/3865 1693/2256/2906 1684/2247/2937
f 1719/2284/2935 2318/3133/3866 1695/3129/3852
f 1695/3129/3852 2318/3133/3866 2324/3142/3867
s 130
f 2369/3201/3868 2380/3218/3869 2370/3202/3870
f 2380/3218/3869 2319/3134/3856 2370/3202/3870
f 1710/2275/3858 1709/2274/3871 2319/3134/3856
f 1709/2274/3871 2304/3217/3872 2319/3134/3856
f 2319/3134/3856 2304/3217/3872 2370/3202/3870
s 3
f 1742/2309/2959 1691/2254/2903 1740/2350/3007
f 1740/2350/3007 1691/2254/2903 1758/3137/3873
f 2320/3135/3874 2321/3136/3875 1691/2254/2903
f 1691/2254/2903 2321/3136/3875 1758/3137/3873
s 1
f 2322/3138/3876 1699/2262/2911 1746/2313/2963
f 1746/2313/2963 1699/2262/2911 1702/2265/2913
s 3
f 1718/2283/2933 2312/3124/3853 1719/2284/2935
f 1719/2284/2935 2312/3124/3853 2318/3133/3866
s 4
f 1731/3139/3877 2323/3140/3878 1768/2362/3016
f 1768/2362/3016 2323/3140/3878 1706/2269/2917
f 2324/3141/3879 1712/2277/2930 1695/2258/2907
f 1695/2258/2907 1712/2277/2930 1696/2259/2908
s 3
f 2320/3135/3874 1691/2254/2903 2325/3143/3880
f 2325/3143/3880 1691/2254/2903 1694/2257/2905
s 1
f 2326/3144/3881 1683/2246/2895 1735/2302/2951
f 1735/2302/2951 1683/2246/2895 1686/2249/2897
f 2328/3146/3882 2313/3126/3855 1722/2298/2947
f 1722/2298/2947 2313/3126/3855 1733/2299/2948
s 140
f 1759/3152/3883 1758/3147/3884 1765/3151/3885
f 1758/3147/3884 2321/3148/3886 1765/3151/3885
f 2330/3150/3887 1765/3151/3885 2329/3149/3888
f 2321/3148/3886 2329/3149/3888 1765/3151/3885
s 3
f 2318/3133/3866 2331/3153/3889 2324/3142/3867
f 2324/3142/3867 2331/3153/3889 2334/3157/3890
s 1
f 2332/3154/3891 2314/3128/3861 1726/2291/2943
f 1726/2291/2943 2314/3128/3861 1727/2292/2944
s 4
f 2328/3155/3892 1722/2287/2939 2316/3131/3863
f 2316/3131/3863 1722/2287/2939 1725/2290/2941
f 2333/3156/3893 1703/2266/2915 2323/3140/3878
f 2323/3140/3878 1703/2266/2915 1706/2269/2917
f 1713/2278/2931 1712/2277/2930 2302/3159/3894
f 2302/3159/3894 1712/2277/2930 2335/3158/3895
s 3
f 2321/3136/3875 2320/3135/3874 2329/3161/3896
f 2329/3161/3896 2320/3135/3874 2336/3160/3897
s 1
f 2337/3162/3898 2317/3132/3864 1699/2262/2911
f 1699/2262/2911 2317/3132/3864 1700/2263/2912
s 3
f 2325/3143/3880 1694/2257/2905 2326/3144/3899
f 2326/3144/3899 1694/2257/2905 1683/2246/3865
f 2331/3153/3889 2338/3163/3900 2334/3157/3890
f 2334/3157/3890 2338/3163/3900 2341/3166/3901
s 1
f 2339/3164/3902 2322/3138/3876 2313/3126/3855
f 2313/3126/3855 2322/3138/3876 1746/2313/2963
s 3
f 2312/3124/3853 2340/3165/3903 2318/3133/3866
f 2318/3133/3866 2340/3165/3903 2331/3153/3889
f 2336/3160/3897 2320/3135/3874 2342/3167/3904
f 2342/3167/3904 2320/3135/3874 2325/3143/3880
s 1
f 2343/3168/3905 2326/3144/3881 2314/3128/3861
f 2314/3128/3861 2326/3144/3881 1735/2302/2951
s 145
f 2344/3169/3906 2345/3170/3907 2357/3206/3908
f 1900/2572/3909 1779/2573/3910 1959/2571/3911
f 2345/3170/3907 1730/2295/3912 2357/3206/3908
f 1959/2571/3911 1779/2573/3910 1788/2363/3913
f 1730/2295/3912 1731/2296/3914 2357/3206/3908
f 2357/3206/3908 1731/2296/3914 1687/2575/3915
f 1788/2363/3913 1779/2573/3910 1732/2297/3916
f 1779/2573/3910 1688/2574/3917 1732/2297/3916
f 1887/2484/3918 1823/2406/3919 1874/2470/3920
f 1787/2405/3921 1816/2423/3922 1768/2337/3923
f 1862/2453/3924 1769/2338/3925 1879/2476/3926
f 1840/2438/3927 1860/2451/3928 1816/2423/3922
f 1898/2497/3929 1890/2487/3930 1907/2510/3931
f 1731/2296/3914 1768/2337/3923 1687/2575/3915
f 1732/2297/3916 1688/2574/3917 1769/2338/3925
f 1823/2406/3919 1907/2510/3931 1874/2470/3920
f 1816/2423/3922 1860/2451/3928 1768/2337/3923
f 1768/2337/3923 1860/2451/3928 1687/2575/3915
f 1860/2451/3928 1874/2470/3920 1687/2575/3915
f 1874/2470/3920 1907/2510/3931 1687/2575/3915
f 1687/2575/3915 1907/2510/3931 1688/2574/3917
f 1907/2510/3931 1890/2487/3930 1688/2574/3917
f 1890/2487/3930 1879/2476/3926 1688/2574/3917
f 1879/2476/3926 1769/2338/3925 1688/2574/3917
s 4
f 2334/3171/3932 2335/3158/3895 2324/3141/3879
f 2324/3141/3879 2335/3158/3895 1712/2277/2930
s 2
f 2346/3172/3933 2347/3173/3934 2315/3130/3862
f 2315/3130/3862 2347/3173/3934 1690/2253/2901
s 3
f 2338/3163/3900 2348/3174/3935 2341/3166/3901
f 2341/3166/3901 2348/3174/3935 2351/3179/3936
s 4
f 2349/3175/3937 2316/3131/3863 2333/3156/3893
f 2333/3156/3893 2316/3131/3863 1703/2266/2915
s 1
f 2350/3176/3938 2332/3154/3891 2317/3132/3864
f 2317/3132/3864 2332/3154/3891 1726/2291/2943
s 3
f 2340/3165/3903 2312/3124/3853 2327/3178/3939
f 1752/2319/2968 1794/3125/3854 2312/3124/3853
f 1794/3125/3854 1793/3177/3940 2312/3124/3853
f 2312/3124/3853 1793/3177/3940 2327/3178/3939
s 1
f 2352/3180/3941 2337/3162/3898 2322/3138/3876
f 2322/3138/3876 2337/3162/3898 1699/2262/2911
s 4
f 1730/3181/3942 2353/3182/3943 1731/3139/3877
f 1731/3139/3877 2353/3182/3943 2323/3140/3878
s 3
f 2342/3167/3904 2325/3143/3880 2343/3168/3944
f 2343/3168/3944 2325/3143/3880 2326/3144/3899
f 2348/3174/3935 2354/3183/3945 2351/3179/3936
f 2351/3179/3936 2354/3183/3945 2358/3187/3946
f 2340/3165/3903 2355/3184/3947 2331/3153/3889
f 2331/3153/3889 2355/3184/3947 2338/3163/3900
s 1
f 2356/3185/3948 2339/3164/3902 2328/3146/3882
f 2328/3146/3882 2339/3164/3902 2313/3126/3855
s 2
f 2347/3173/3934 2357/3186/3949 1690/2253/2901
f 1690/2253/2901 2357/3186/3949 1687/2250/2899
s 3
f 2359/3188/3950 2336/3160/3897 2360/3189/3951
f 2360/3189/3951 2336/3160/3897 2342/3167/3904
s 1
f 2361/3190/3952 2343/3168/3905 2332/3154/3891
f 2332/3154/3891 2343/3168/3905 2314/3128/3861
s 4
f 2356/3191/3953 2328/3155/3892 2349/3175/3937
f 2349/3175/3937 2328/3155/3892 2316/3131/3863
f 2341/3192/3954 2362/3193/3955 2334/3171/3932
f 2334/3171/3932 2362/3193/3955 2335/3158/3895
s 140
f 2330/3150/3887 2363/3194/3956 1765/3151/3885
f 1765/3151/3885 2363/3194/3956 2315/3196/3957
f 2363/3194/3956 2364/3195/3958 2315/3196/3957
s 4
f 2365/3197/3959 2333/3156/3893 2353/3182/3943
f 2353/3182/3943 2333/3156/3893 2323/3140/3878
s 3
f 2354/3183/3945 2366/3198/3960 2358/3187/3946
f 2358/3187/3946 2366/3198/3960 2371/3203/3961
s 1
f 2367/3199/3962 2350/3176/3938 2337/3162/3898
f 2337/3162/3898 2350/3176/3938 2317/3132/3864
s 130
f 2376/3209/3963 2368/3200/3964 2375/3208/3965
f 2370/3202/3870 2374/3207/3966 2369/3201/3868
f 2375/3208/3965 2368/3200/3964 2374/3207/3966
f 2368/3200/3964 2369/3201/3868 2374/3207/3966
s 1
f 2372/3204/3967 2352/3180/3941 2339/3164/3902
f 2339/3164/3902 2352/3180/3941 2322/3138/3876
s 3
f 2360/3189/3951 2342/3167/3904 2361/3190/3968
f 2361/3190/3968 2342/3167/3904 2343/3168/3944
f 2355/3184/3947 2373/3205/3969 2338/3163/3900
f 2338/3163/3900 2373/3205/3969 2348/3174/3935
f 2366/3198/3960 2377/3210/3970 2371/3203/3961
f 2371/3203/3961 2377/3210/3970 2385/3223/3971
s 4
f 2302/3159/3894 2335/3158/3895 2303/3212/3972
f 2335/3158/3895 2362/3193/3955 2303/3212/3972
f 2362/3193/3955 2378/3211/3973 2303/3212/3972
s 3
f 2329/3161/3896 2336/3160/3897 2330/3214/3974
f 2336/3160/3897 2359/3188/3950 2330/3214/3974
f 2359/3188/3950 2363/3213/3975 2330/3214/3974
s 4
f 2351/3215/3976 2379/3216/3977 2341/3192/3954
f 2341/3192/3954 2379/3216/3977 2362/3193/3955
s 3
f 2381/3219/3978 2359/3188/3950 2382/3220/3979
f 2382/3220/3979 2359/3188/3950 2360/3189/3951
s 4
f 2383/3221/3980 2349/3175/3937 2365/3197/3959
f 2365/3197/3959 2349/3175/3937 2333/3156/3893
s 1
f 2384/3222/3981 2361/3190/3952 2350/3176/3938
f 2350/3176/3938 2361/3190/3952 2332/3154/3891
s 130
f 2388/3226/3982 2386/3224/3983 2346/3172/3984
f 2386/3224/3983 2387/3225/3985 2346/3172/3984
f 2387/3225/3985 2347/3173/3986 2346/3172/3984
s 4
f 2389/3227/3987 2379/3216/3977 2391/3229/3988
f 2391/3229/3988 2379/3216/3977 2390/3228/3989
s 3
f 2327/3178/3939 2319/3230/3990 2340/3165/3903
f 2355/3184/3947 2340/3165/3903 2380/3231/3991
f 2340/3165/3903 2319/3230/3990 2380/3231/3991
f 2380/3231/3991 2369/3232/3992 2355/3184/3947
f 2355/3184/3947 2369/3232/3992 2373/3205/3969
f 2369/3232/3992 2368/3233/3993 2373/3205/3969
s 1
f 2392/3234/3994 2367/3199/3962 2352/3180/3941
f 2352/3180/3941 2367/3199/3962 2337/3162/3898
s 3
f 2373/3205/3969 2393/3235/3995 2348/3174/3935
f 2348/3174/3935 2393/3235/3995 2354/3183/3945
f 2394/3236/3996 2381/3219/3978 2396/3238/3997
f 2396/3238/3997 2381/3219/3978 2395/3237/3998
s 1
f 2397/3239/3999 2372/3204/3967 2356/3185/3948
f 2356/3185/3948 2372/3204/3967 2339/3164/3902
s 3
f 2382/3220/3979 2360/3189/3951 2384/3222/4000
f 2384/3222/4000 2360/3189/3951 2361/3190/3968
s 4
f 2358/3240/4001 2390/3228/3989 2351/3215/3976
f 2351/3215/3976 2390/3228/3989 2379/3216/3977
f 2397/3241/4002 2356/3191/3953 2383/3221/3980
f 2383/3221/3980 2356/3191/3953 2349/3175/3937
s 130
f 2387/3225/3985 2398/3242/4003 2347/3173/3986
f 2375/3208/3965 2344/3275/4004 2376/3209/3963
f 2376/3209/3963 2344/3275/4004 2398/3242/4003
f 2398/3242/4003 2344/3275/4004 2347/3173/3986
f 2344/3275/4004 2357/3186/4005 2347/3173/3986
s 4
f 2399/3243/4006 2365/3197/3959 2400/3244/4007
f 2400/3244/4007 2365/3197/3959 2353/3182/3943
s 3
f 2395/3237/3998 2381/3219/3978 2401/3245/4008
f 2401/3245/4008 2381/3219/3978 2382/3220/3979
s 1
f 2402/3246/4009 2384/3222/3981 2367/3199/3962
f 2367/3199/3962 2384/3222/3981 2350/3176/3938
s 3
f 2393/3235/3995 2403/3247/4010 2354/3183/3945
f 2354/3183/3945 2403/3247/4010 2366/3198/3960
s 4
f 2378/3211/3973 2362/3193/3955 2404/3248/4011
f 2379/3216/3977 2389/3227/3987 2362/3193/3955
f 2389/3227/3987 2404/3248/4011 2362/3193/3955
s 1
f 2405/3249/4012 2392/3234/3994 2372/3204/3967
f 2372/3204/3967 2392/3234/3994 2352/3180/3941
s 3
f 2363/3213/3975 2359/3188/3950 2364/3250/4013
f 2381/3219/3978 2394/3236/3996 2359/3188/3950
f 2359/3188/3950 2394/3236/3996 2364/3250/4013
f 2401/3245/4008 2382/3220/3979 2402/3246/4014
f 2402/3246/4014 2382/3220/3979 2384/3222/4000
s 4
f 2371/3251/4015 2400/3244/4007 2358/3240/4001
f 2358/3240/4001 2400/3244/4007 2390/3228/3989
f 2406/3252/4016 2383/3221/3980 2399/3243/4006
f 2399/3243/4006 2383/3221/3980 2365/3197/3959
s 92
f 2404/3254/4017 2374/3255/4018 2378/3253/4019
f 2304/3050/3768 2303/3049/3767 2370/3256/4020
f 2374/3255/4018 2370/3256/4020 2378/3253/4019
f 2303/3049/3767 2378/3253/4019 2370/3256/4020
s 3
f 2407/3257/4021 2395/3237/3998 2408/3258/4022
f 2408/3258/4022 2395/3237/3998 2401/3245/4008
s 1
f 2409/3259/4023 2402/3246/4009 2392/3234/3994
f 2392/3234/3994 2402/3246/4009 2367/3199/3962
s 3
f 2403/3247/4010 2407/3257/4021 2366/3198/3960
f 2366/3198/3960 2407/3257/4021 2377/3210/3970
s 1
f 2410/3260/4024 2405/3249/4012 2397/3239/3999
f 2397/3239/3999 2405/3249/4012 2372/3204/3967
s 4
f 2410/3261/4025 2397/3241/4002 2406/3252/4016
f 2406/3252/4016 2397/3241/4002 2383/3221/3980
f 2385/3262/4026 2399/3243/4006 2371/3251/4015
f 2371/3251/4015 2399/3243/4006 2400/3244/4007
s 3
f 2408/3258/4022 2401/3245/4008 2409/3259/4027
f 2409/3259/4027 2401/3245/4008 2402/3246/4014
f 2377/3210/3970 2407/3257/4021 2411/3263/4028
f 2411/3263/4028 2407/3257/4021 2408/3258/4022
s 1
f 2412/3264/4029 2409/3259/4023 2405/3249/4012
f 2405/3249/4012 2409/3259/4023 2392/3234/3994
s 4
f 2413/3265/4030 2406/3252/4016 2385/3262/4026
f 2385/3262/4026 2406/3252/4016 2399/3243/4006
s 3
f 2411/3263/4028 2408/3258/4022 2412/3264/4031
f 2412/3264/4031 2408/3258/4022 2409/3259/4027
f 2368/3233/3993 2376/3266/4032 2373/3205/3969
f 2373/3205/3969 2376/3266/4032 2393/3235/3995
f 2376/3266/4032 2398/3267/4033 2393/3235/3995
f 2377/3210/3970 2411/3263/4028 2385/3223/3971
f 2385/3223/3971 2411/3263/4028 2413/3268/4034
s 1
f 2414/3269/4035 2412/3264/4029 2410/3260/4024
f 2410/3260/4024 2412/3264/4029 2405/3249/4012
s 4
f 2414/3270/4036 2410/3261/4025 2413/3265/4030
f 2413/3265/4030 2410/3261/4025 2406/3252/4016
s 140
f 2346/3274/4037 2315/3196/3957 2388/3273/4038
f 2388/3273/4038 2315/3196/3957 2396/3272/4039
f 2364/3195/3958 2394/3271/4040 2315/3196/3957
f 2394/3271/4040 2396/3272/4039 2315/3196/3957
s 3
f 2413/3268/4034 2411/3263/4028 2414/3269/4041
f 2414/3269/4041 2411/3263/4028 2412/3264/4031
f 2386/3277/4042 2403/3247/4010 2387/3276/4043
f 2403/3247/4010 2393/3235/3995 2387/3276/4043
f 2393/3235/3995 2398/3267/4033 2387/3276/4043
s 4
f 2391/3229/3988 2390/3228/3989 2345/3278/4044
f 2390/3228/3989 2400/3244/4007 2345/3278/4044
f 2400/3244/4007 2353/3182/3943 2345/3278/4044
f 2353/3182/3943 1730/3181/3942 2345/3278/4044
s 92
f 2345/3281/4045 2344/3282/4046 2391/3280/4047
f 2374/3255/4018 2404/3254/4017 2375/3283/4048
f 2391/3280/4047 2344/3282/4046 2389/3279/4049
f 2375/3283/4048 2404/3254/4017 2344/3282/4046
f 2404/3254/4017 2389/3279/4049 2344/3282/4046
s 3
f 2403/3247/4010 2386/3277/4042 2407/3257/4021
f 2386/3277/4042 2388/3284/4050 2407/3257/4021
f 2396/3238/3997 2395/3237/3998 2388/3284/4050
f 2388/3284/4050 2395/3237/3998 2407/3257/4021
g default
v -0.891727 0.748917 0.151848
v 0.891727 0.748917 0.151848
v -0.871552 0.998917 0.151848
v 0.871552 0.998917 0.151848
v -0.783315 1.248917 0.151848
v 0.783315 1.248917 0.151848
v -0.707110 1.498917 0.151848
v 0.707110 1.498917 0.151848
v -0.576120 1.758048 0.151848
v 0.576120 1.758048 0.151848
v -0.576120 1.758048 0.051848
v 0.576120 1.758048 0.051848
v -0.707110 1.498917 0.051848
v 0.707110 1.498917 0.051848
v -0.783315 1.248917 0.051848
v 0.783315 1.248917 0.051848
v -0.871552 0.998917 0.051848
v 0.871552 0.998917 0.051848
v -0.891727 0.748917 0.051848
v 0.891727 0.748917 0.051848
vt 0.375000 0.000000
vt 0.625000 0.000000
vt 0.375000 0.062500
vt 0.625000 0.062500
vt 0.375000 0.125000
vt 0.625000 0.125000
vt 0.375000 0.187500
vt 0.625000 0.187500
vt 0.375000 0.250000
vt 0.625000 0.250000
vt 0.375000 0.500000
vt 0.625000 0.500000
vt 0.375000 0.562500
vt 0.625000 0.562500
vt 0.375000 0.625000
vt 0.625000 0.625000
vt 0.375000 0.687500
vt 0.625000 0.687500
vt 0.375000 0.750000
vt 0.625000 0.750000
vt 0.375000 1.000000
vt 0.625000 1.000000
vt 0.875000 0.000000
vt 0.875000 0.062500
vt 0.875000 0.125000
vt 0.875000 0.187500
vt 0.875000 0.250000
vt 0.125000 0.000000
vt 0.125000 0.062500
vt 0.125000 0.125000
vt 0.125000 0.187500
vt 0.125000 0.250000
vn 0.000000 0.000000 1.000000
vn 0.000000 0.000000 1.000000
vn 0.000000 0.000000 1.000000
vn 0.000000 0.000000 1.000000
vn 0.000000 0.000000 1.000000
vn 0.000000 0.000000 1.000000
vn 0.000000 0.000000 1.000000
vn 0.000000 0.000000 1.000000
vn 0.000000 0.000000 1.000000
vn 0.000000 0.000000 1.000000
vn 0.000000 1.000000 0.000000
vn 0.000000 1.000000 0.000000
vn 0.000000 1.000000 0.000000
vn 0.000000 1.000000 0.000000
vn 0.000000 0.000000 -1.000000
vn 0.000000 0.000000 -1.000000
vn 0.000000 0.000000 -1.000000
vn 0.000000 0.000000 -1.000000
vn 0.000000 0.000000 -1.000000
vn 0.000000 0.000000 -1.000000
vn 0.000000 0.000000 -1.000000
vn 0.000000 0.000000 -1.000000
vn 0.000000 0.000000 -1.000000
vn 0.000000 0.000000 -1.000000
vn 0.000000 -1.000000 0.000000
vn 0.000000 -1.000000 0.000000
vn 0.000000 -1.000000 0.000000
vn 0.000000 -1.000000 0.000000
vn 0.996760 0.080437 0.000001
vn 0.996760 0.080438 0.000000
vn 0.977292 0.211899 0.000000
vn 0.977291 0.211899 0.000000
vn 0.949944 0.312422 0.000000
vn 0.949944 0.312422 0.000000
vn 0.926237 0.376941 0.000000
vn 0.926237 0.376941 0.000000
vn 0.892456 0.451134 0.000000
vn 0.892456 0.451134 0.000000
vn -0.996760 0.080438 0.000001
vn -0.996760 0.080438 0.000000
vn -0.977292 0.211899 0.000000
vn -0.977292 0.211899 0.000000
vn -0.949944 0.312421 0.000000
vn -0.949943 0.312422 0.000000
vn -0.926237 0.376941 0.000000
vn -0.926237 0.376941 0.000000
vn -0.892456 0.451134 0.000000
vn -0.892456 0.451134 0.000000
s 1
g pCube29
usemtl lambert4SG
f 2415/3285/4051 2416/3286/4052 2417/3287/4053
f 2417/3287/4053 2416/3286/4052 2418/3288/4054
f 2417/3287/4053 2418/3288/4054 2419/3289/4055
f 2419/3289/4055 2418/3288/4054 2420/3290/4056
f 2419/3289/4055 2420/3290/4056 2421/3291/4057
f 2421/3291/4057 2420/3290/4056 2422/3292/4058
f 2421/3291/4057 2422/3292/4058 2423/3293/4059
f 2423/3293/4059 2422/3292/4058 2424/3294/4060
s 2
f 2423/3293/4061 2424/3294/4062 2425/3295/4063
f 2425/3295/4063 2424/3294/4062 2426/3296/4064
s 3
f 2425/3295/4065 2426/3296/4066 2427/3297/4067
f 2427/3297/4067 2426/3296/4066 2428/3298/4068
f 2427/3297/4067 2428/3298/4068 2429/3299/4069
f 2429/3299/4069 2428/3298/4068 2430/3300/4070
f 2429/3299/4069 2430/3300/4070 2431/3301/4071
f 2431/3301/4071 2430/3300/4070 2432/3302/4072
f 2431/3301/4071 2432/3302/4072 2433/3303/4073
f 2433/3303/4073 2432/3302/4072 2434/3304/4074
s 4
f 2433/3303/4075 2434/3304/4076 2415/3305/4077
f 2415/3305/4077 2434/3304/4076 2416/3306/4078
s 5
f 2416/3286/4079 2434/3307/4080 2418/3288/4081
f 2418/3288/4081 2434/3307/4080 2432/3308/4082
f 2418/3288/4081 2432/3308/4082 2420/3290/4083
f 2420/3290/4083 2432/3308/4082 2430/3309/4084
f 2420/3290/4083 2430/3309/4084 2422/3292/4085
f 2422/3292/4085 2430/3309/4084 2428/3310/4086
f 2422/3292/4085 2428/3310/4086 2424/3294/4087
f 2424/3294/4087 2428/3310/4086 2426/3311/4088
s 6
f 2433/3312/4089 2415/3285/4090 2431/3313/4091
f 2431/3313/4091 2415/3285/4090 2417/3287/4092
f 2431/3313/4091 2417/3287/4092 2429/3314/4093
f 2429/3314/4093 2417/3287/4092 2419/3289/4094
f 2429/3314/4093 2419/3289/4094 2427/3315/4095
f 2427/3315/4095 2419/3289/4094 2421/3291/4096
f 2427/3315/4095 2421/3291/4096 2425/3316/4097
f 2425/3316/4097 2421/3291/4096 2423/3293/4098
g default
v -0.921902 0.570155 0.480873
v -0.845673 0.570155 0.480873
v -0.921902 0.750448 0.480873
v -0.845673 0.750448 0.480873
v -0.921902 0.750448 0.096234
v -0.845673 0.750448 0.096234
v -0.921902 0.570155 0.096234
v -0.845673 0.570155 0.096234
vt 0.375000 0.000000
vt 0.625000 0.000000
vt 0.375000 0.250000
vt 0.625000 0.250000
vt 0.375000 0.500000
vt 0.625000 0.500000
vt 0.375000 0.750000
vt 0.625000 0.750000
vt 0.375000 1.000000
vt 0.625000 1.000000
vt 0.875000 0.000000
vt 0.875000 0.250000
vt 0.125000 0.000000
vt 0.125000 0.250000
vn 0.000000 0.000000 1.000000
vn 0.000000 0.000000 1.000000
vn 0.000000 0.000000 1.000000
vn 0.000000 0.000000 1.000000
vn 0.000000 1.000000 0.000000
vn 0.000000 1.000000 0.000000
vn 0.000000 1.000000 0.000000
vn 0.000000 1.000000 0.000000
vn 0.000000 0.000000 -1.000000
vn 0.000000 0.000000 -1.000000
vn 0.000000 0.000000 -1.000000
vn 0.000000 0.000000 -1.000000
vn 0.000000 -1.000000 0.000000
vn 0.000000 -1.000000 0.000000
vn 0.000000 -1.000000 0.000000
vn 0.000000 -1.000000 0.000000
vn 1.000000 0.000000 0.000000
vn 1.000000 0.000000 0.000000
vn 1.000000 0.000000 0.000000
vn 1.000000 0.000000 0.000000
vn -1.000000 0.000000 0.000000
vn -1.000000 0.000000 0.000000
vn -1.000000 0.000000 0.000000
vn -1.000000 0.000000 0.000000
s 1
g pCube30
usemtl lambert7SG
f 2435/3317/4099 2436/3318/4100 2437/3319/4101
f 2437/3319/4101 2436/3318/4100 2438/3320/4102
s 2
f 2437/3319/4103 2438/3320/4104 2439/3321/4105
f 2439/3321/4105 2438/3320/4104 2440/3322/4106
s 3
f 2439/3321/4107 2440/3322/4108 2441/3323/4109
f 2441/3323/4109 2440/3322/4108 2442/3324/4110
s 4
f 2441/3323/4111 2442/3324/4112 2435/3325/4113
f 2435/3325/4113 2442/3324/4112 2436/3326/4114
s 5
f 2436/3318/4115 2442/3327/4116 2438/3320/4117
f 2438/3320/4117 2442/3327/4116 2440/3328/4118
s 6
f 2441/3329/4119 2435/3317/4120 2439/3330/4121
f 2439/3330/4121 2435/3317/4120 2437/3319/4122
g default
v 0.310672 1.749300 0.605169
v 0.372066 1.749300 0.605169
v 0.310672 1.815565 0.605169
v 0.372066 1.815565 0.605169
v 0.310672 1.815565 -0.605169
v 0.372066 1.815565 -0.605169
v 0.310672 1.749300 -0.605169
v 0.372066 1.749300 -0.605169
vt 0.375000 0.000000
vt 0.625000 0.000000
vt 0.375000 0.250000
vt 0.625000 0.250000
vt 0.375000 0.500000
vt 0.625000 0.500000
vt 0.375000 0.750000
vt 0.625000 0.750000
vt 0.375000 1.000000
vt 0.625000 1.000000
vt 0.875000 0.000000
vt 0.875000 0.250000
vt 0.125000 0.000000
vt 0.125000 0.250000
vn 0.000000 0.000000 1.000000
vn 0.000000 0.000000 1.000000
vn 0.000000 0.000000 1.000000
vn 0.000000 0.000000 1.000000
vn 0.000000 1.000000 0.000000
vn 0.000000 1.000000 0.000000
vn 0.000000 1.000000 0.000000
vn 0.000000 1.000000 0.000000
vn 0.000000 0.000000 -1.000000
vn 0.000000 0.000000 -1.000000
vn 0.000000 0.000000 -1.000000
vn 0.000000 0.000000 -1.000000
vn 0.000000 -1.000000 0.000000
vn 0.000000 -1.000000 0.000000
vn 0.000000 -1.000000 0.000000
vn 0.000000 -1.000000 0.000000
vn 1.000000 0.000000 0.000000
vn 1.000000 0.000000 0.000000
vn 1.000000 0.000000 0.000000
vn 1.000000 0.000000 0.000000
vn -1.000000 0.000000 0.000000
vn -1.000000 0.000000 0.000000
vn -1.000000 0.000000 0.000000
vn -1.000000 0.000000 0.000000
s 1
g pCube31
usemtl initialShadingGroup
f 2443/3331/4123 2444/3332/4124 2445/3333/4125
f 2445/3333/4125 2444/3332/4124 2446/3334/4126
s 2
f 2445/3333/4127 2446/3334/4128 2447/3335/4129
f 2447/3335/4129 2446/3334/4128 2448/3336/4130
s 3
f 2447/3335/4131 2448/3336/4132 2449/3337/4133
f 2449/3337/4133 2448/3336/4132 2450/3338/4134
s 4
f 2449/3337/4135 2450/3338/4136 2443/3339/4137
f 2443/3339/4137 2450/3338/4136 2444/3340/4138
s 5
f 2444/3332/4139 2450/3341/4140 2446/3334/4141
f 2446/3334/4141 2450/3341/4140 2448/3342/4142
s 6
f 2449/3343/4143 2443/3331/4144 2447/3344/4145
f 2447/3344/4145 2443/3331/4144 2445/3333/4146
g default
v -0.371697 1.749300 0.605169
v -0.310303 1.749300 0.605169
v -0.371697 1.815565 0.605169
v -0.310303 1.815565 0.605169
v -0.371697 1.815565 -0.605169
v -0.310303 1.815565 -0.605169
v -0.371697 1.749300 -0.605169
v -0.310303 1.749300 -0.605169
vt 0.375000 0.000000
vt 0.625000 0.000000
vt 0.375000 0.250000
vt 0.625000 0.250000
vt 0.375000 0.500000
vt 0.625000 0.500000
vt 0.375000 0.750000
vt 0.625000 0.750000
vt 0.375000 1.000000
vt 0.625000 1.000000
vt 0.875000 0.000000
vt 0.875000 0.250000
vt 0.125000 0.000000
vt 0.125000 0.250000
vn 0.000000 0.000000 1.000000
vn 0.000000 0.000000 1.000000
vn 0.000000 0.000000 1.000000
vn 0.000000 0.000000 1.000000
vn 0.000000 1.000000 0.000000
vn 0.000000 1.000000 0.000000
vn 0.000000 1.000000 0.000000
vn 0.000000 1.000000 0.000000
vn 0.000000 0.000000 -1.000000
vn 0.000000 0.000000 -1.000000
vn 0.000000 0.000000 -1.000000
vn 0.000000 0.000000 -1.000000
vn 0.000000 -1.000000 0.000000
vn 0.000000 -1.000000 0.000000
vn 0.000000 -1.000000 0.000000
vn 0.000000 -1.000000 0.000000
vn 1.000000 0.000000 0.000000
vn 1.000000 0.000000 0.000000
vn 1.000000 0.000000 0.000000
vn 1.000000 0.000000 0.000000
vn -1.000000 0.000000 0.000000
vn -1.000000 0.000000 0.000000
vn -1.000000 0.000000 0.000000
vn -1.000000 0.000000 0.000000
s 1
g pCube32
usemtl initialShadingGroup
f 2451/3345/4147 2452/3346/4148 2453/3347/4149
f 2453/3347/4149 2452/3346/4148 2454/3348/4150
s 2
f 2453/3347/4151 2454/3348/4152 2455/3349/4153
f 2455/3349/4153 2454/3348/4152 2456/3350/4154
s 3
f 2455/3349/4155 2456/3350/4156 2457/3351/4157
f 2457/3351/4157 2456/3350/4156 2458/3352/4158
s 4
f 2457/3351/4159 2458/3352/4160 2451/3353/4161
f 2451/3353/4161 2458/3352/4160 2452/3354/4162
s 5
f 2452/3346/4163 2458/3355/4164 2454/3348/4165
f 2454/3348/4165 2458/3355/4164 2456/3356/4166
s 6
f 2457/3357/4167 2451/3345/4168 2455/3358/4169
f 2455/3358/4169 2451/3345/4168 2453/3347/4170
g default
v -0.318222 0.142623 -1.955696
v 0.318222 0.142623 -1.955696
v -0.318222 0.460846 -1.955696
v 0.318222 0.460846 -1.955696
v -0.318222 0.460846 -2.082985
v 0.318222 0.460846 -2.082985
v -0.318222 0.142623 -2.082985
v 0.318222 0.142623 -2.082985
vt 0.375000 0.000000
vt 0.625000 0.000000
vt 0.375000 0.250000
vt 0.625000 0.250000
vt 0.375000 0.500000
vt 0.625000 0.500000
vt 0.375000 0.750000
vt 0.625000 0.750000
vt 0.375000 1.000000
vt 0.625000 1.000000
vt 0.875000 0.000000
vt 0.875000 0.250000
vt 0.125000 0.000000
vt 0.125000 0.250000
vn 0.000000 0.000000 1.000000
vn 0.000000 0.000000 1.000000
vn 0.000000 0.000000 1.000000
vn 0.000000 0.000000 1.000000
vn 0.000000 1.000000 0.000000
vn 0.000000 1.000000 0.000000
vn 0.000000 1.000000 0.000000
vn 0.000000 1.000000 0.000000
vn 0.000000 0.000000 -1.000000
vn 0.000000 0.000000 -1.000000
vn 0.000000 0.000000 -1.000000
vn 0.000000 0.000000 -1.000000
vn 0.000000 -1.000000 0.000000
vn 0.000000 -1.000000 0.000000
vn 0.000000 -1.000000 0.000000
vn 0.000000 -1.000000 0.000000
vn 1.000000 0.000000 0.000000
vn 1.000000 0.000000 0.000000
vn 1.000000 0.000000 0.000000
vn 1.000000 0.000000 0.000000
vn -1.000000 0.000000 0.000000
vn -1.000000 0.000000 0.000000
vn -1.000000 0.000000 0.000000
vn -1.000000 0.000000 0.000000
s 1
g pCube33
usemtl lambert12SG
f 2459/3359/4171 2460/3360/4172 2461/3361/4173
f 2461/3361/4173 2460/3360/4172 2462/3362/4174
s 2
f 2461/3361/4175 2462/3362/4176 2463/3363/4177
f 2463/3363/4177 2462/3362/4176 2464/3364/4178
s 3
f 2463/3363/4179 2464/3364/4180 2465/3365/4181
f 2465/3365/4181 2464/3364/4180 2466/3366/4182
s 4
f 2465/3365/4183 2466/3366/4184 2459/3367/4185
f 2459/3367/4185 2466/3366/4184 2460/3368/4186
s 5
f 2460/3360/4187 2466/3369/4188 2462/3362/4189
f 2462/3362/4189 2466/3369/4188 2464/3370/4190
s 6
f 2465/3371/4191 2459/3359/4192 2463/3372/4193
f 2463/3372/4193 2459/3359/4192 2461/3361/4194
g default
v 0.602747 -0.250000 1.245122
v 0.707585 -0.250000 1.245122
v 0.602747 0.250000 1.245122
v 0.707585 0.250000 1.245122
v 0.602747 0.250000 0.745122
v 0.707585 0.250000 0.745122
v 0.602747 -0.250000 0.745122
v 0.707585 -0.250000 0.745122
vt 0.375000 0.000000
vt 0.625000 0.000000
vt 0.375000 0.250000
vt 0.625000 0.250000
vt 0.375000 0.500000
vt 0.625000 0.500000
vt 0.375000 0.750000
vt 0.625000 0.750000
vt 0.375000 1.000000
vt 0.625000 1.000000
vt 0.875000 0.000000
vt 0.875000 0.250000
vt 0.125000 0.000000
vt 0.125000 0.250000
vn 0.000000 0.000000 1.000000
vn 0.000000 0.000000 1.000000
vn 0.000000 0.000000 1.000000
vn 0.000000 0.000000 1.000000
vn 0.000000 1.000000 0.000000
vn 0.000000 1.000000 0.000000
vn 0.000000 1.000000 0.000000
vn 0.000000 1.000000 0.000000
vn 0.000000 0.000000 -1.000000
vn 0.000000 0.000000 -1.000000
vn 0.000000 0.000000 -1.000000
vn 0.000000 0.000000 -1.000000
vn 0.000000 -1.000000 0.000000
vn 0.000000 -1.000000 0.000000
vn 0.000000 -1.000000 0.000000
vn 0.000000 -1.000000 0.000000
vn 1.000000 0.000000 0.000000
vn 1.000000 0.000000 0.000000
vn 1.000000 0.000000 0.000000
vn 1.000000 0.000000 0.000000
vn -1.000000 0.000000 0.000000
vn -1.000000 0.000000 0.000000
vn -1.000000 0.000000 0.000000
vn -1.000000 0.000000 0.000000
s 1
g pCube34
usemtl lambert14SG
f 2467/3373/4195 2468/3374/4196 2469/3375/4197
f 2469/3375/4197 2468/3374/4196 2470/3376/4198
s 2
f 2469/3375/4199 2470/3376/4200 2471/3377/4201
f 2471/3377/4201 2470/3376/4200 2472/3378/4202
s 3
f 2471/3377/4203 2472/3378/4204 2473/3379/4205
f 2473/3379/4205 2472/3378/4204 2474/3380/4206
s 4
f 2473/3379/4207 2474/3380/4208 2467/3381/4209
f 2467/3381/4209 2474/3380/4208 2468/3382/4210
s 5
f 2468/3374/4211 2474/3383/4212 2470/3376/4213
f 2470/3376/4213 2474/3383/4212 2472/3384/4214
s 6
f 2473/3385/4215 2467/3373/4216 2471/3386/4217
f 2471/3386/4217 2467/3373/4216 2469/3375/4218
g default
v 0.602747 -0.250000 -0.750000
v 0.707585 -0.250000 -0.750000
v 0.602747 0.250000 -0.750000
v 0.707585 0.250000 -0.750000
v 0.602747 0.250000 -1.250000
v 0.707585 0.250000 -1.250000
v 0.602747 -0.250000 -1.250000
v 0.707585 -0.250000 -1.250000
vt 0.375000 0.000000
vt 0.625000 0.000000
vt 0.375000 0.250000
vt 0.625000 0.250000
vt 0.375000 0.500000
vt 0.625000 0.500000
vt 0.375000 0.750000
vt 0.625000 0.750000
vt 0.375000 1.000000
vt 0.625000 1.000000
vt 0.875000 0.000000
vt 0.875000 0.250000
vt 0.125000 0.000000
vt 0.125000 0.250000
vn 0.000000 0.000000 1.000000
vn 0.000000 0.000000 1.000000
vn 0.000000 0.000000 1.000000
vn 0.000000 0.000000 1.000000
vn 0.000000 1.000000 0.000000
vn 0.000000 1.000000 0.000000
vn 0.000000 1.000000 0.000000
vn 0.000000 1.000000 0.000000
vn 0.000000 0.000000 -1.000000
vn 0.000000 0.000000 -1.000000
vn 0.000000 0.000000 -1.000000
vn 0.000000 0.000000 -1.000000
vn 0.000000 -1.000000 0.000000
vn 0.000000 -1.000000 0.000000
vn 0.000000 -1.000000 0.000000
vn 0.000000 -1.000000 0.000000
vn 1.000000 0.000000 0.000000
vn 1.000000 0.000000 0.000000
vn 1.000000 0.000000 0.000000
vn 1.000000 0.000000 0.000000
vn -1.000000 0.000000 0.000000
vn -1.000000 0.000000 0.000000
vn -1.000000 0.000000 0.000000
vn -1.000000 0.000000 0.000000
s 1
g pCube35
usemtl lambert14SG
f 2475/3387/4219 2476/3388/4220 2477/3389/4221
f 2477/3389/4221 2476/3388/4220 2478/3390/4222
s 2
f 2477/3389/4223 2478/3390/4224 2479/3391/4225
f 2479/3391/4225 2478/3390/4224 2480/3392/4226
s 3
f 2479/3391/4227 2480/3392/4228 2481/3393/4229
f 2481/3393/4229 2480/3392/4228 2482/3394/4230
s 4
f 2481/3393/4231 2482/3394/4232 2475/3395/4233
f 2475/3395/4233 2482/3394/4232 2476/3396/4234
s 5
f 2476/3388/4235 2482/3397/4236 2478/3390/4237
f 2478/3390/4237 2482/3397/4236 2480/3398/4238
s 6
f 2481/3399/4239 2475/3387/4240 2479/3400/4241
f 2479/3400/4241 2475/3387/4240 2477/3389/4242
g default
v -0.707419 -0.250000 1.245122
v -0.602581 -0.250000 1.245122
v -0.707419 0.250000 1.245122
v -0.602581 0.250000 1.245122
v -0.707419 0.250000 0.745122
v -0.602581 0.250000 0.745122
v -0.707419 -0.250000 0.745122
v -0.602581 -0.250000 0.745122
vt 0.375000 0.000000
vt 0.625000 0.000000
vt 0.375000 0.250000
vt 0.625000 0.250000
vt 0.375000 0.500000
vt 0.625000 0.500000
vt 0.375000 0.750000
vt 0.625000 0.750000
vt 0.375000 1.000000
vt 0.625000 1.000000
vt 0.875000 0.000000
vt 0.875000 0.250000
vt 0.125000 0.000000
vt 0.125000 0.250000
vn 0.000000 0.000000 1.000000
vn 0.000000 0.000000 1.000000
vn 0.000000 0.000000 1.000000
vn 0.000000 0.000000 1.000000
vn 0.000000 1.000000 0.000000
vn 0.000000 1.000000 0.000000
vn 0.000000 1.000000 0.000000
vn 0.000000 1.000000 0.000000
vn 0.000000 0.000000 -1.000000
vn 0.000000 0.000000 -1.000000
vn 0.000000 0.000000 -1.000000
vn 0.000000 0.000000 -1.000000
vn 0.000000 -1.000000 0.000000
vn 0.000000 -1.000000 0.000000
vn 0.000000 -1.000000 0.000000
vn 0.000000 -1.000000 0.000000
vn 1.000000 0.000000 0.000000
vn 1.000000 0.000000 0.000000
vn 1.000000 0.000000 0.000000
vn 1.000000 0.000000 0.000000
vn -1.000000 0.000000 0.000000
vn -1.000000 0.000000 0.000000
vn -1.000000 0.000000 0.000000
vn -1.000000 0.000000 0.000000
s 1
g pCube36
usemtl lambert14SG
f 2483/3401/4243 2484/3402/4244 2485/3403/4245
f 2485/3403/4245 2484/3402/4244 2486/3404/4246
s 2
f 2485/3403/4247 2486/3404/4248 2487/3405/4249
f 2487/3405/4249 2486/3404/4248 2488/3406/4250
s 3
f 2487/3405/4251 2488/3406/4252 2489/3407/4253
f 2489/3407/4253 2488/3406/4252 2490/3408/4254
s 4
f 2489/3407/4255 2490/3408/4256 2483/3409/4257
f 2483/3409/4257 2490/3408/4256 2484/3410/4258
s 5
f 2484/3402/4259 2490/3411/4260 2486/3404/4261
f 2486/3404/4261 2490/3411/4260 2488/3412/4262
s 6
f 2489/3413/4263 2483/3401/4264 2487/3414/4265
f 2487/3414/4265 2483/3401/4264 2485/3403/4266
g default
v -0.707419 -0.250000 -0.750000
v -0.602581 -0.250000 -0.750000
v -0.707419 0.250000 -0.750000
v -0.602581 0.250000 -0.750000
v -0.707419 0.250000 -1.250000
v -0.602581 0.250000 -1.250000
v -0.707419 -0.250000 -1.250000
v -0.602581 -0.250000 -1.250000
vt 0.375000 0.000000
vt 0.625000 0.000000
vt 0.375000 0.250000
vt 0.625000 0.250000
vt 0.375000 0.500000
vt 0.625000 0.500000
vt 0.375000 0.750000
vt 0.625000 0.750000
vt 0.375000 1.000000
vt 0.625000 1.000000
vt 0.875000 0.000000
vt 0.875000 0.250000
vt 0.125000 0.000000
vt 0.125000 0.250000
vn 0.000000 0.000000 1.000000
vn 0.000000 0.000000 1.000000
vn 0.000000 0.000000 1.000000
vn 0.000000 0.000000 1.000000
vn 0.000000 1.000000 0.000000
vn 0.000000 1.000000 0.000000
vn 0.000000 1.000000 0.000000
vn 0.000000 1.000000 0.000000
vn 0.000000 0.000000 -1.000000
vn 0.000000 0.000000 -1.000000
vn 0.000000 0.000000 -1.000000
vn 0.000000 0.000000 -1.000000
vn 0.000000 -1.000000 0.000000
vn 0.000000 -1.000000 0.000000
vn 0.000000 -1.000000 0.000000
vn 0.000000 -1.000000 0.000000
vn 1.000000 0.000000 0.000000
vn 1.000000 0.000000 0.000000
vn 1.000000 0.000000 0.000000
vn 1.000000 0.000000 0.000000
vn -1.000000 0.000000 0.000000
vn -1.000000 0.000000 0.000000
vn -1.000000 0.000000 0.000000
vn -1.000000 0.000000 0.000000
s 1
g pCube37
usemtl lambert14SG
f 2491/3415/4267 2492/3416/4268 2493/3417/4269
f 2493/3417/4269 2492/3416/4268 2494/3418/4270
s 2
f 2493/3417/4271 2494/3418/4272 2495/3419/4273
f 2495/3419/4273 2494/3418/4272 2496/3420/4274
s 3
f 2495/3419/4275 2496/3420/4276 2497/3421/4277
f 2497/3421/4277 2496/3420/4276 2498/3422/4278
s 4
f 2497/3421/4279 2498/3422/4280 2491/3423/4281
f 2491/3423/4281 2498/3422/4280 2492/3424/4282
s 5
f 2492/3416/4283 2498/3425/4284 2494/3418/4285
f 2494/3418/4285 2498/3425/4284 2496/3426/4286
s 6
f 2497/3427/4287 2491/3415/4288 2495/3428/4289
f 2495/3428/4289 2491/3415/4288 2493/3417/4290
g default
v -0.802155 0.079074 -1.921314
v 0.802155 0.079074 -1.921314
v -0.802155 0.524396 -1.921314
v 0.802155 0.524396 -1.921314
v -0.802155 0.524396 -2.048603
v 0.802155 0.524396 -2.048603
v -0.802155 0.079074 -2.048603
v 0.802155 0.079074 -2.048603
vt 0.375000 0.000000
vt 0.625000 0.000000
vt 0.375000 0.250000
vt 0.625000 0.250000
vt 0.375000 0.500000
vt 0.625000 0.500000
vt 0.375000 0.750000
vt 0.625000 0.750000
vt 0.375000 1.000000
vt 0.625000 1.000000
vt 0.875000 0.000000
vt 0.875000 0.250000
vt 0.125000 0.000000
vt 0.125000 0.250000
vn 0.000000 0.000000 1.000000
vn 0.000000 0.000000 1.000000
vn 0.000000 0.000000 1.000000
vn 0.000000 0.000000 1.000000
vn 0.000000 1.000000 0.000000
vn 0.000000 1.000000 0.000000
vn 0.000000 1.000000 0.000000
vn 0.000000 1.000000 0.000000
vn 0.000000 0.000000 -1.000000
vn 0.000000 0.000000 -1.000000
vn 0.000000 0.000000 -1.000000
vn 0.000000 0.000000 -1.000000
vn 0.000000 -1.000000 0.000000
vn 0.000000 -1.000000 0.000000
vn 0.000000 -1.000000 0.000000
vn 0.000000 -1.000000 0.000000
vn 1.000000 0.000000 0.000000
vn 1.000000 0.000000 0.000000
vn 1.000000 0.000000 0.000000
vn 1.000000 0.000000 0.000000
vn -1.000000 0.000000 0.000000
vn -1.000000 0.000000 0.000000
vn -1.000000 0.000000 0.000000
vn -1.000000 0.000000 0.000000
s 1
g pCube38
usemtl lambert13SG
f 2499/3429/4291 2500/3430/4292 2501/3431/4293
f 2501/3431/4293 2500/3430/4292 2502/3432/4294
s 2
f 2501/3431/4295 2502/3432/4296 2503/3433/4297
f 2503/3433/4297 2502/3432/4296 2504/3434/4298
s 3
f 2503/3433/4299 2504/3434/4300 2505/3435/4301
f 2505/3435/4301 2504/3434/4300 2506/3436/4302
s 4
f 2505/3435/4303 2506/3436/4304 2499/3437/4305
f 2499/3437/4305 2506/3436/4304 2500/3438/4306
s 5
f 2500/3430/4307 2506/3439/4308 2502/3432/4309
f 2502/3432/4309 2506/3439/4308 2504/3440/4310
s 6
f 2505/3441/4311 2499/3429/4312 2503/3442/4313
f 2503/3442/4313 2499/3429/4312 2501/3431/4314
g default
v 0.364429 0.326954 -1.914539
v 0.505533 0.326954 -1.914539
v 0.646638 0.326954 -1.914539
v 0.787742 0.326954 -1.914539
v 0.364429 0.423842 -1.914539
v 0.505533 0.423842 -1.914539
v 0.646638 0.423842 -1.914539
v 0.787742 0.423842 -1.914539
v 0.364429 0.520730 -1.914539
v 0.505533 0.520730 -1.914539
v 0.646638 0.520730 -1.914539
v 0.787742 0.520730 -1.914539
v 0.364429 0.617617 -1.914539
v 0.505533 0.617617 -1.914539
v 0.646638 0.617617 -1.914539
v 0.731156 0.617617 -1.914539
v 0.364429 0.617617 -2.064239
v 0.505533 0.617617 -2.070083
v 0.646638 0.617617 -2.060689
v 0.731156 0.617617 -2.065166
v 0.364429 0.520730 -2.106117
v 0.505533 0.520730 -2.106117
v 0.646638 0.520730 -2.106117
v 0.787742 0.520730 -2.056166
v 0.364429 0.423842 -2.106117
v 0.505533 0.423842 -2.106117
v 0.646638 0.423842 -2.106117
v 0.787742 0.423842 -2.056166
v 0.364429 0.326954 -2.106117
v 0.505533 0.326954 -2.106117
v 0.646638 0.326954 -2.106117
v 0.787742 0.326954 -2.056166
vt 0.375000 0.000000
vt 0.458333 0.000000
vt 0.541667 0.000000
vt 0.625000 0.000000
vt 0.375000 0.083333
vt 0.458333 0.083333
vt 0.541667 0.083333
vt 0.625000 0.083333
vt 0.375000 0.166667
vt 0.458333 0.166667
vt 0.541667 0.166667
vt 0.625000 0.166667
vt 0.375000 0.250000
vt 0.458333 0.250000
vt 0.541667 0.250000
vt 0.625000 0.250000
vt 0.375000 0.500000
vt 0.458333 0.500000
vt 0.541667 0.500000
vt 0.625000 0.500000
vt 0.375000 0.583333
vt 0.458333 0.583333
vt 0.541667 0.583333
vt 0.625000 0.583333
vt 0.375000 0.666667
vt 0.458333 0.666667
vt 0.541667 0.666667
vt 0.625000 0.666667
vt 0.375000 0.750000
vt 0.458333 0.750000
vt 0.541667 0.750000
vt 0.625000 0.750000
vt 0.375000 1.000000
vt 0.458333 1.000000
vt 0.541667 1.000000
vt 0.625000 1.000000
vt 0.875000 0.000000
vt 0.875000 0.083333
vt 0.875000 0.166667
vt 0.875000 0.250000
vt 0.125000 0.000000
vt 0.125000 0.083333
vt 0.125000 0.166667
vt 0.125000 0.250000
vn 0.000000 0.000000 1.000000
vn 0.000000 0.000000 1.000000
vn 0.000000 0.000000 1.000000
vn 0.000000 0.000000 1.000000
vn 0.000000 0.000000 1.000000
vn 0.000000 0.000000 1.000000
vn 0.000000 0.000000 1.000000
vn 0.000000 0.000000 1.000000
vn 0.000000 0.000000 1.000000
vn 0.000000 0.000000 1.000000
vn 0.000000 0.000000 1.000000
vn 0.000000 0.000000 1.000000
vn 0.000000 0.000000 1.000000
vn 0.000000 0.000000 1.000000
vn 0.000000 0.000000 1.000000
vn 0.000000 0.000000 1.000000
vn 0.000000 1.000000 0.000000
vn 0.000000 1.000000 0.000000
vn 0.000000 1.000000 0.000000
vn 0.000000 1.000000 0.000000
vn 0.000000 1.000000 0.000000
vn 0.000000 1.000000 0.000000
vn 0.000000 1.000000 0.000000
vn 0.000000 1.000000 0.000000
vn -0.037985 0.396468 -0.917262
vn 0.006990 0.384267 -0.923195
vn -0.009287 0.196017 -0.980557
vn 0.000000 0.182825 -0.983145
vn 0.019438 0.424446 -0.905245
vn 0.149156 0.147877 -0.977694
vn 0.185552 0.240800 -0.952673
vn 0.333352 0.046240 -0.941668
vn 0.000000 0.000000 -1.000000
vn 0.000000 0.000000 -1.000000
vn 0.174292 0.000000 -0.984694
vn 0.333709 -0.000000 -0.942676
vn 0.000000 0.000000 -1.000000
vn 0.000000 0.000000 -1.000000
vn 0.174292 -0.000000 -0.984694
vn 0.333709 -0.000000 -0.942676
vn 0.000000 -1.000000 0.000000
vn 0.000000 -1.000000 0.000000
vn 0.000000 -1.000000 0.000000
vn 0.000000 -1.000000 0.000000
vn 0.000000 -1.000000 0.000000
vn 0.000000 -1.000000 0.000000
vn 0.000000 -1.000000 0.000000
vn 0.000000 -1.000000 0.000000
vn 1.000000 0.000000 0.000000
vn 1.000000 0.000000 0.000000
vn 1.000000 0.000000 0.000000
vn 1.000000 0.000000 0.000000
vn 0.959909 0.280310 -0.000000
vn 0.955085 0.296331 -0.000000
vn 0.863515 0.504323 -0.000000
vn 0.863515 0.504323 0.000000
vn -1.000000 0.000000 0.000000
vn -1.000000 0.000000 0.000000
vn -1.000000 0.000000 0.000000
vn -1.000000 0.000000 0.000000
vn -1.000000 0.000000 0.000000
vn -1.000000 0.000000 0.000000
vn -1.000000 0.000000 0.000000
vn -1.000000 0.000000 0.000000
s 1
g pCube39
usemtl lambert10SG
f 2507/3443/4315 2508/3444/4316 2511/3447/4317
f 2511/3447/4317 2508/3444/4316 2512/3448/4318
f 2508/3444/4316 2509/3445/4319 2512/3448/4318
f 2512/3448/4318 2509/3445/4319 2513/3449/4320
f 2509/3445/4319 2510/3446/4321 2513/3449/4320
f 2513/3449/4320 2510/3446/4321 2514/3450/4322
f 2511/3447/4317 2512/3448/4318 2515/3451/4323
f 2515/3451/4323 2512/3448/4318 2516/3452/4324
f 2512/3448/4318 2513/3449/4320 2516/3452/4324
f 2516/3452/4324 2513/3449/4320 2517/3453/4325
f 2513/3449/4320 2514/3450/4322 2517/3453/4325
f 2517/3453/4325 2514/3450/4322 2518/3454/4326
f 2515/3451/4323 2516/3452/4324 2519/3455/4327
f 2519/3455/4327 2516/3452/4324 2520/3456/4328
f 2516/3452/4324 2517/3453/4325 2520/3456/4328
f 2520/3456/4328 2517/3453/4325 2521/3457/4329
f 2518/3454/4326 2522/3458/4330 2517/3453/4325
f 2517/3453/4325 2522/3458/4330 2521/3457/4329
s 2
f 2519/3455/4331 2520/3456/4332 2523/3459/4333
f 2523/3459/4333 2520/3456/4332 2524/3460/4334
f 2521/3457/4335 2525/3461/4336 2520/3456/4332
f 2520/3456/4332 2525/3461/4336 2524/3460/4334
f 2521/3457/4335 2522/3458/4337 2525/3461/4336
f 2525/3461/4336 2522/3458/4337 2526/3462/4338
s 4
f 2523/3459/4339 2524/3460/4340 2527/3463/4341
f 2527/3463/4341 2524/3460/4340 2528/3464/4342
f 2525/3461/4343 2529/3465/4344 2524/3460/4340
f 2524/3460/4340 2529/3465/4344 2528/3464/4342
f 2525/3461/4343 2526/3462/4345 2529/3465/4344
f 2529/3465/4344 2526/3462/4345 2530/3466/4346
f 2527/3463/4341 2528/3464/4342 2531/3467/4347
f 2531/3467/4347 2528/3464/4342 2532/3468/4348
f 2528/3464/4342 2529/3465/4344 2532/3468/4348
f 2532/3468/4348 2529/3465/4344 2533/3469/4349
f 2529/3465/4344 2530/3466/4346 2533/3469/4349
f 2533/3469/4349 2530/3466/4346 2534/3470/4350
f 2531/3467/4347 2532/3468/4348 2535/3471/4351
f 2535/3471/4351 2532/3468/4348 2536/3472/4352
f 2532/3468/4348 2533/3469/4349 2536/3472/4352
f 2536/3472/4352 2533/3469/4349 2537/3473/4353
f 2533/3469/4349 2534/3470/4350 2537/3473/4353
f 2537/3473/4353 2534/3470/4350 2538/3474/4354
s 6
f 2535/3471/4355 2536/3472/4356 2507/3475/4357
f 2507/3475/4357 2536/3472/4356 2508/3476/4358
f 2536/3472/4356 2537/3473/4359 2508/3476/4358
f 2508/3476/4358 2537/3473/4359 2509/3477/4360
f 2537/3473/4359 2538/3474/4361 2509/3477/4360
f 2509/3477/4360 2538/3474/4361 2510/3478/4362
s 7
f 2510/3446/4363 2538/3479/4364 2514/3450/4365
f 2514/3450/4365 2538/3479/4364 2534/3480/4366
f 2514/3450/4365 2534/3480/4366 2518/3454/4367
f 2518/3454/4367 2534/3480/4366 2530/3481/4368
f 2518/3454/4367 2530/3481/4368 2522/3458/4369
f 2522/3458/4369 2530/3481/4368 2526/3482/4370
s 8
f 2535/3483/4371 2507/3443/4372 2531/3484/4373
f 2531/3484/4373 2507/3443/4372 2511/3447/4374
f 2531/3484/4373 2511/3447/4374 2527/3485/4375
f 2527/3485/4375 2511/3447/4374 2515/3451/4376
f 2527/3485/4375 2515/3451/4376 2523/3486/4377
f 2523/3486/4377 2515/3451/4376 2519/3455/4378
g default
v 0.867674 0.570155 0.480873
v 0.943903 0.570155 0.480873
v 0.867674 0.750448 0.480873
v 0.943903 0.750448 0.480873
v 0.867674 0.750448 0.096234
v 0.943903 0.750448 0.096234
v 0.867674 0.570155 0.096234
v 0.943903 0.570155 0.096234
vt 0.375000 0.000000
vt 0.625000 0.000000
vt 0.375000 0.250000
vt 0.625000 0.250000
vt 0.375000 0.500000
vt 0.625000 0.500000
vt 0.375000 0.750000
vt 0.625000 0.750000
vt 0.375000 1.000000
vt 0.625000 1.000000
vt 0.875000 0.000000
vt 0.875000 0.250000
vt 0.125000 0.000000
vt 0.125000 0.250000
vn 0.000000 0.000000 1.000000
vn 0.000000 0.000000 1.000000
vn 0.000000 0.000000 1.000000
vn 0.000000 0.000000 1.000000
vn 0.000000 1.000000 0.000000
vn 0.000000 1.000000 0.000000
vn 0.000000 1.000000 0.000000
vn 0.000000 1.000000 0.000000
vn 0.000000 0.000000 -1.000000
vn 0.000000 0.000000 -1.000000
vn 0.000000 0.000000 -1.000000
vn 0.000000 0.000000 -1.000000
vn 0.000000 -1.000000 0.000000
vn 0.000000 -1.000000 0.000000
vn 0.000000 -1.000000 0.000000
vn 0.000000 -1.000000 0.000000
vn 1.000000 0.000000 0.000000
vn 1.000000 0.000000 0.000000
vn 1.000000 0.000000 0.000000
vn 1.000000 0.000000 0.000000
vn -1.000000 0.000000 0.000000
vn -1.000000 0.000000 0.000000
vn -1.000000 0.000000 0.000000
vn -1.000000 0.000000 0.000000
s 1
g pCube40
usemtl lambert5SG
f 2539/3487/4379 2540/3488/4380 2541/3489/4381
f 2541/3489/4381 2540/3488/4380 2542/3490/4382
s 2
f 2541/3489/4383 2542/3490/4384 2543/3491/4385
f 2543/3491/4385 2542/3490/4384 2544/3492/4386
s 3
f 2543/3491/4387 2544/3492/4388 2545/3493/4389
f 2545/3493/4389 2544/3492/4388 2546/3494/4390
s 4
f 2545/3493/4391 2546/3494/4392 2539/3495/4393
f 2539/3495/4393 2546/3494/4392 2540/3496/4394
s 5
f 2540/3488/4395 2546/3497/4396 2542/3490/4397
f 2542/3490/4397 2546/3497/4396 2544/3498/4398
s 6
f 2545/3499/4399 2539/3487/4400 2543/3500/4401
f 2543/3500/4401 2539/3487/4400 2541/3489/4402
g default
v -0.603498 0.540411 3.140333
v -0.842502 0.540411 3.041107
v -0.603498 0.301407 3.140333
v -0.836017 0.323790 3.041107
v -0.603498 0.301407 2.963194
v -0.842502 0.321557 2.963194
v -0.603498 0.540411 2.963194
v -0.842502 0.540411 2.963194
vt 0.375000 0.000000
vt 0.625000 0.000000
vt 0.375000 0.250000
vt 0.625000 0.250000
vt 0.375000 0.500000
vt 0.625000 0.500000
vt 0.375000 0.750000
vt 0.625000 0.750000
vt 0.375000 1.000000
vt 0.625000 1.000000
vt 0.875000 0.000000
vt 0.875000 0.250000
vt 0.125000 0.000000
vt 0.125000 0.250000
vn -0.383407 -0.011479 0.923508
vn -0.387883 -0.005842 0.921690
vn -0.388577 -0.004966 0.921403
vn -0.392499 0.000000 0.919753
vn -0.095823 -0.995398 0.000000
vn -0.090457 -0.995770 0.016122
vn -0.094590 -0.995509 0.003711
vn -0.083956 -0.995835 0.035541
vn -0.000000 0.000000 -1.000000
vn -0.000000 0.000000 -1.000000
vn -0.000000 0.000000 -1.000000
vn -0.000000 0.000000 -1.000000
vn 0.000000 1.000000 0.000000
vn 0.000000 1.000000 0.000000
vn 0.000000 1.000000 0.000000
vn 0.000000 1.000000 0.000000
vn -0.999552 -0.029927 0.000000
vn -0.999558 -0.023280 0.018480
vn -0.997847 -0.006400 0.065269
vn -0.996553 0.000000 0.082956
vn 1.000000 -0.000000 0.000000
vn 1.000000 -0.000000 0.000000
vn 1.000000 -0.000000 0.000000
vn 1.000000 -0.000000 0.000000
s 1
g pCube41
usemtl lambert9SG
f 2548/3502/4403 2550/3504/4404 2547/3501/4405
f 2547/3501/4405 2550/3504/4404 2549/3503/4406
s 2
f 2549/3503/4407 2550/3504/4408 2551/3505/4409
f 2551/3505/4409 2550/3504/4408 2552/3506/4410
s 3
f 2551/3505/4411 2552/3506/4412 2553/3507/4413
f 2553/3507/4413 2552/3506/4412 2554/3508/4414
s 4
f 2554/3508/4415 2548/3510/4416 2553/3507/4417
f 2553/3507/4417 2548/3510/4416 2547/3509/4418
s 5
f 2548/3502/4419 2554/3511/4420 2550/3504/4421
f 2550/3504/4421 2554/3511/4420 2552/3512/4422
s 6
f 2553/3513/4423 2547/3501/4424 2551/3514/4425
f 2551/3514/4425 2547/3501/4424 2549/3503/4426
g default
v -0.364343 0.326954 -2.106117
v -0.505448 0.326954 -2.106117
v -0.646552 0.326954 -2.106117
v -0.787657 0.326954 -2.106117
v -0.364343 0.423842 -2.106117
v -0.505448 0.423842 -2.106117
v -0.646552 0.423842 -2.106117
v -0.787657 0.423842 -2.106117
v -0.364343 0.520730 -2.106117
v -0.505448 0.520730 -2.106117
v -0.646552 0.520730 -2.106117
v -0.787657 0.520730 -2.106117
v -0.364343 0.617617 -2.106117
v -0.505448 0.617617 -2.106117
v -0.646552 0.617617 -2.106117
v -0.731071 0.617617 -2.106117
v -0.364343 0.617617 -1.956417
v -0.505448 0.617617 -1.950574
v -0.646552 0.617617 -1.959968
v -0.731071 0.617617 -1.955491
v -0.364343 0.520730 -1.914539
v -0.505448 0.520730 -1.914539
v -0.646552 0.520730 -1.914539
v -0.787657 0.520730 -1.964491
v -0.364343 0.423842 -1.914539
v -0.505448 0.423842 -1.914539
v -0.646552 0.423842 -1.914539
v -0.787657 0.423842 -1.964491
v -0.364343 0.326954 -1.914539
v -0.505448 0.326954 -1.914539
v -0.646552 0.326954 -1.914539
v -0.787657 0.326954 -1.964491
vt 0.375000 0.000000
vt 0.458333 0.000000
vt 0.541667 0.000000
vt 0.625000 0.000000
vt 0.375000 0.083333
vt 0.458333 0.083333
vt 0.541667 0.083333
vt 0.625000 0.083333
vt 0.375000 0.166667
vt 0.458333 0.166667
vt 0.541667 0.166667
vt 0.625000 0.166667
vt 0.375000 0.250000
vt 0.458333 0.250000
vt 0.541667 0.250000
vt 0.625000 0.250000
vt 0.375000 0.500000
vt 0.458333 0.500000
vt 0.541667 0.500000
vt 0.625000 0.500000
vt 0.375000 0.583333
vt 0.458333 0.583333
vt 0.541667 0.583333
vt 0.625000 0.583333
vt 0.375000 0.666667
vt 0.458333 0.666667
vt 0.541667 0.666667
vt 0.625000 0.666667
vt 0.375000 0.750000
vt 0.458333 0.750000
vt 0.541667 0.750000
vt 0.625000 0.750000
vt 0.375000 1.000000
vt 0.458333 1.000000
vt 0.541667 1.000000
vt 0.625000 1.000000
vt 0.875000 0.000000
vt 0.875000 0.083333
vt 0.875000 0.166667
vt 0.875000 0.250000
vt 0.125000 0.000000
vt 0.125000 0.083333
vt 0.125000 0.166667
vt 0.125000 0.250000
vn 0.000000 0.000000 -1.000000
vn 0.000000 0.000000 -1.000000
vn 0.000000 0.000000 -1.000000
vn 0.000000 0.000000 -1.000000
vn 0.000000 0.000000 -1.000000
vn 0.000000 0.000000 -1.000000
vn 0.000000 0.000000 -1.000000
vn 0.000000 0.000000 -1.000000
vn 0.000000 0.000000 -1.000000
vn 0.000000 0.000000 -1.000000
vn 0.000000 0.000000 -1.000000
vn 0.000000 0.000000 -1.000000
vn 0.000000 0.000000 -1.000000
vn 0.000000 0.000000 -1.000000
vn 0.000000 0.000000 -1.000000
vn 0.000000 0.000000 -1.000000
vn 0.000000 1.000000 0.000000
vn 0.000000 1.000000 0.000000
vn 0.000000 1.000000 0.000000
vn 0.000000 1.000000 0.000000
vn 0.000000 1.000000 0.000000
vn 0.000000 1.000000 0.000000
vn 0.000000 1.000000 0.000000
vn 0.000000 1.000000 0.000000
vn 0.037985 0.396468 0.917262
vn -0.006990 0.384267 0.923195
vn 0.009287 0.196017 0.980557
vn 0.000000 0.182825 0.983145
vn -0.019438 0.424446 0.905245
vn -0.149156 0.147877 0.977694
vn -0.185552 0.240800 0.952673
vn -0.333352 0.046240 0.941668
vn -0.000000 -0.000000 1.000000
vn -0.000000 -0.000000 1.000000
vn -0.174292 -0.000000 0.984694
vn -0.333709 -0.000000 0.942676
vn -0.000000 -0.000000 1.000000
vn -0.000000 -0.000000 1.000000
vn -0.174292 -0.000000 0.984694
vn -0.333709 -0.000000 0.942676
vn -0.000000 -1.000000 -0.000000
vn -0.000000 -1.000000 -0.000000
vn -0.000000 -1.000000 -0.000000
vn -0.000000 -1.000000 -0.000000
vn -0.000000 -1.000000 -0.000000
vn -0.000000 -1.000000 -0.000000
vn -0.000000 -1.000000 -0.000000
vn -0.000000 -1.000000 -0.000000
vn -1.000000 0.000000 0.000000
vn -1.000000 0.000000 0.000000
vn -1.000000 0.000000 0.000000
vn -1.000000 0.000000 0.000000
vn -0.959909 0.280310 0.000000
vn -0.955085 0.296331 0.000000
vn -0.863515 0.504323 0.000000
vn -0.863515 0.504323 0.000000
vn 1.000000 -0.000000 0.000000
vn 1.000000 -0.000000 0.000000
vn 1.000000 -0.000000 0.000000
vn 1.000000 -0.000000 0.000000
vn 1.000000 -0.000000 0.000000
vn 1.000000 -0.000000 0.000000
vn 1.000000 -0.000000 0.000000
vn 1.000000 -0.000000 0.000000
s 1
g pCube42
usemtl lambert10SG
f 2555/3515/4427 2556/3516/4428 2559/3519/4429
f 2559/3519/4429 2556/3516/4428 2560/3520/4430
f 2556/3516/4428 2557/3517/4431 2560/3520/4430
f 2560/3520/4430 2557/3517/4431 2561/3521/4432
f 2557/3517/4431 2558/3518/4433 2561/3521/4432
f 2561/3521/4432 2558/3518/4433 2562/3522/4434
f 2559/3519/4429 2560/3520/4430 2563/3523/4435
f 2563/3523/4435 2560/3520/4430 2564/3524/4436
f 2560/3520/4430 2561/3521/4432 2564/3524/4436
f 2564/3524/4436 2561/3521/4432 2565/3525/4437
f 2561/3521/4432 2562/3522/4434 2565/3525/4437
f 2565/3525/4437 2562/3522/4434 2566/3526/4438
f 2563/3523/4435 2564/3524/4436 2567/3527/4439
f 2567/3527/4439 2564/3524/4436 2568/3528/4440
f 2564/3524/4436 2565/3525/4437 2568/3528/4440
f 2568/3528/4440 2565/3525/4437 2569/3529/4441
f 2566/3526/4438 2570/3530/4442 2565/3525/4437
f 2565/3525/4437 2570/3530/4442 2569/3529/4441
s 2
f 2567/3527/4443 2568/3528/4444 2571/3531/4445
f 2571/3531/4445 2568/3528/4444 2572/3532/4446
f 2569/3529/4447 2573/3533/4448 2568/3528/4444
f 2568/3528/4444 2573/3533/4448 2572/3532/4446
f 2569/3529/4447 2570/3530/4449 2573/3533/4448
f 2573/3533/4448 2570/3530/4449 2574/3534/4450
s 4
f 2571/3531/4451 2572/3532/4452 2575/3535/4453
f 2575/3535/4453 2572/3532/4452 2576/3536/4454
f 2573/3533/4455 2577/3537/4456 2572/3532/4452
f 2572/3532/4452 2577/3537/4456 2576/3536/4454
f 2573/3533/4455 2574/3534/4457 2577/3537/4456
f 2577/3537/4456 2574/3534/4457 2578/3538/4458
f 2575/3535/4453 2576/3536/4454 2579/3539/4459
f 2579/3539/4459 2576/3536/4454 2580/3540/4460
f 2576/3536/4454 2577/3537/4456 2580/3540/4460
f 2580/3540/4460 2577/3537/4456 2581/3541/4461
f 2577/3537/4456 2578/3538/4458 2581/3541/4461
f 2581/3541/4461 2578/3538/4458 2582/3542/4462
f 2579/3539/4459 2580/3540/4460 2583/3543/4463
f 2583/3543/4463 2580/3540/4460 2584/3544/4464
f 2580/3540/4460 2581/3541/4461 2584/3544/4464
f 2584/3544/4464 2581/3541/4461 2585/3545/4465
f 2581/3541/4461 2582/3542/4462 2585/3545/4465
f 2585/3545/4465 2582/3542/4462 2586/3546/4466
s 6
f 2583/3543/4467 2584/3544/4468 2555/3547/4469
f 2555/3547/4469 2584/3544/4468 2556/3548/4470
f 2584/3544/4468 2585/3545/4471 2556/3548/4470
f 2556/3548/4470 2585/3545/4471 2557/3549/4472
f 2585/3545/4471 2586/3546/4473 2557/3549/4472
f 2557/3549/4472 2586/3546/4473 2558/3550/4474
s 7
f 2558/3518/4475 2586/3551/4476 2562/3522/4477
f 2562/3522/4477 2586/3551/4476 2582/3552/4478
f 2562/3522/4477 2582/3552/4478 2566/3526/4479
f 2566/3526/4479 2582/3552/4478 2578/3553/4480
f 2566/3526/4479 2578/3553/4480 2570/3530/4481
f 2570/3530/4481 2578/3553/4480 2574/3554/4482
s 8
f 2583/3555/4483 2555/3515/4484 2579/3556/4485
f 2579/3556/4485 2555/3515/4484 2559/3519/4486
f 2579/3556/4485 2559/3519/4486 2575/3557/4487
f 2575/3557/4487 2559/3519/4486 2563/3523/4488
f 2575/3557/4487 2563/3523/4488 2571/3558/4489
f 2571/3558/4489 2563/3523/4488 2567/3527/4490
g default
v 0.503563 1.758333 -1.158311
v 0.563445 1.771299 -1.154406
v 0.502340 1.782550 -1.219980
v 0.562222 1.795516 -1.216075
v 0.716406 0.899628 -1.570942
v 0.776288 0.912594 -1.567037
v 0.717629 0.875411 -1.509273
v 0.777511 0.888377 -1.505368
vt 0.375000 0.000000
vt 0.625000 0.000000
vt 0.375000 0.250000
vt 0.625000 0.250000
vt 0.375000 0.500000
vt 0.625000 0.500000
vt 0.375000 0.750000
vt 0.625000 0.750000
vt 0.375000 1.000000
vt 0.625000 1.000000
vt 0.875000 0.000000
vt 0.875000 0.250000
vt 0.125000 0.000000
vt 0.125000 0.250000
vn -0.219794 0.906551 0.360355
vn -0.219794 0.906551 0.360355
vn -0.219794 0.906551 0.360355
vn -0.219794 0.906551 0.360355
vn -0.018452 0.365458 -0.930645
vn -0.018452 0.365458 -0.930645
vn -0.018452 0.365458 -0.930645
vn -0.018452 0.365458 -0.930645
vn 0.219794 -0.906551 -0.360355
vn 0.219794 -0.906551 -0.360355
vn 0.219794 -0.906551 -0.360355
vn 0.219794 -0.906551 -0.360355
vn 0.018452 -0.365458 0.930645
vn 0.018452 -0.365458 0.930645
vn 0.018452 -0.365458 0.930645
vn 0.018452 -0.365458 0.930645
vn 0.975372 0.211200 0.063598
vn 0.975372 0.211200 0.063598
vn 0.975372 0.211200 0.063598
vn 0.975372 0.211200 0.063598
vn -0.975372 -0.211200 -0.063598
vn -0.975372 -0.211200 -0.063598
vn -0.975372 -0.211200 -0.063598
vn -0.975372 -0.211200 -0.063598
s 1
g pCube43
usemtl initialShadingGroup
f 2587/3559/4491 2588/3560/4492 2589/3561/4493
f 2589/3561/4493 2588/3560/4492 2590/3562/4494
s 2
f 2589/3561/4495 2590/3562/4496 2591/3563/4497
f 2591/3563/4497 2590/3562/4496 2592/3564/4498
s 3
f 2591/3563/4499 2592/3564/4500 2593/3565/4501
f 2593/3565/4501 2592/3564/4500 2594/3566/4502
s 4
f 2593/3565/4503 2594/3566/4504 2587/3567/4505
f 2587/3567/4505 2594/3566/4504 2588/3568/4506
s 5
f 2588/3560/4507 2594/3569/4508 2590/3562/4509
f 2590/3562/4509 2594/3569/4508 2592/3570/4510
s 6
f 2593/3571/4511 2587/3559/4512 2591/3572/4513
f 2591/3572/4513 2587/3559/4512 2589/3561/4514
g default
v -0.563519 1.771299 -1.154405
v -0.503637 1.758332 -1.158310
v -0.562296 1.795516 -1.216075
v -0.502414 1.782549 -1.219979
v -0.776363 0.912595 -1.567039
v -0.716481 0.899628 -1.570943
v -0.777586 0.888378 -1.505369
v -0.717704 0.875411 -1.509274
vt 0.375000 0.000000
vt 0.625000 0.000000
vt 0.375000 0.250000
vt 0.625000 0.250000
vt 0.375000 0.500000
vt 0.625000 0.500000
vt 0.375000 0.750000
vt 0.625000 0.750000
vt 0.375000 1.000000
vt 0.625000 1.000000
vt 0.875000 0.000000
vt 0.875000 0.250000
vt 0.125000 0.000000
vt 0.125000 0.250000
vn 0.219796 0.906550 0.360357
vn 0.219796 0.906550 0.360357
vn 0.219796 0.906550 0.360357
vn 0.219796 0.906550 0.360357
vn 0.018459 0.365459 -0.930644
vn 0.018459 0.365459 -0.930644
vn 0.018459 0.365459 -0.930644
vn 0.018459 0.365459 -0.930644
vn -0.219796 -0.906550 -0.360357
vn -0.219796 -0.906550 -0.360357
vn -0.219796 -0.906550 -0.360357
vn -0.219796 -0.906550 -0.360357
vn -0.018459 -0.365459 0.930644
vn -0.018459 -0.365459 0.930644
vn -0.018459 -0.365459 0.930644
vn -0.018459 -0.365459 0.930644
vn 0.975371 -0.211204 -0.063592
vn 0.975371 -0.211204 -0.063592
vn 0.975371 -0.211204 -0.063592
vn 0.975371 -0.211204 -0.063592
vn -0.975371 0.211204 0.063592
vn -0.975371 0.211204 0.063592
vn -0.975371 0.211204 0.063592
vn -0.975371 0.211204 0.063592
s 1
g pCube44
usemtl initialShadingGroup
f 2595/3573/4515 2596/3574/4516 2597/3575/4517
f 2597/3575/4517 2596/3574/4516 2598/3576/4518
s 2
f 2597/3575/4519 2598/3576/4520 2599/3577/4521
f 2599/3577/4521 2598/3576/4520 2600/3578/4522
s 3
f 2599/3577/4523 2600/3578/4524 2601/3579/4525
f 2601/3579/4525 2600/3578/4524 2602/3580/4526
s 4
f 2601/3579/4527 2602/3580/4528 2595/3581/4529
f 2595/3581/4529 2602/3580/4528 2596/3582/4530
s 5
f 2596/3574/4531 2602/3583/4532 2598/3576/4533
f 2598/3576/4533 2602/3583/4532 2600/3584/4534
s 6
f 2601/3585/4535 2595/3573/4536 2599/3586/4537
f 2599/3586/4537 2595/3573/4536 2597/3575/4538
